<?xml version="1.0" encoding="utf-8"?>
<gpx xmlns="http://www.topografix.com/GPX/1/1" version="1.1" creator="https://mapy.com/">
	<trk>
		<name>11_Beskydy, Javorníky</name>
		<trkseg>
			<trkpt lat="49.550574" lon="18.859231">
				<ele>494.000000</ele>
			</trkpt>
			<trkpt lat="49.550574" lon="18.859231">
				<ele>490.000000</ele>
			</trkpt>
			<trkpt lat="49.550615" lon="18.859151">
				<ele>490.000000</ele>
			</trkpt>
			<trkpt lat="49.549572" lon="18.859078">
				<ele>499.000000</ele>
			</trkpt>
			<trkpt lat="49.548039" lon="18.859015">
				<ele>510.000000</ele>
			</trkpt>
			<trkpt lat="49.548103" lon="18.858413">
				<ele>512.000000</ele>
			</trkpt>
			<trkpt lat="49.548173" lon="18.857902">
				<ele>514.000000</ele>
			</trkpt>
			<trkpt lat="49.548249" lon="18.857453">
				<ele>515.000000</ele>
			</trkpt>
			<trkpt lat="49.548348" lon="18.857048">
				<ele>514.000000</ele>
			</trkpt>
			<trkpt lat="49.548424" lon="18.856788">
				<ele>514.000000</ele>
			</trkpt>
			<trkpt lat="49.548523" lon="18.856564">
				<ele>514.000000</ele>
			</trkpt>
			<trkpt lat="49.548640" lon="18.856348">
				<ele>514.000000</ele>
			</trkpt>
			<trkpt lat="49.548774" lon="18.856141">
				<ele>513.000000</ele>
			</trkpt>
			<trkpt lat="49.548668" lon="18.856033">
				<ele>521.000000</ele>
			</trkpt>
			<trkpt lat="49.548570" lon="18.855962">
				<ele>523.000000</ele>
			</trkpt>
			<trkpt lat="49.548476" lon="18.855899">
				<ele>524.000000</ele>
			</trkpt>
			<trkpt lat="49.548348" lon="18.855826">
				<ele>526.000000</ele>
			</trkpt>
			<trkpt lat="49.548109" lon="18.855728">
				<ele>529.000000</ele>
			</trkpt>
			<trkpt lat="49.547736" lon="18.855629">
				<ele>533.000000</ele>
			</trkpt>
			<trkpt lat="49.547695" lon="18.855602">
				<ele>533.000000</ele>
			</trkpt>
			<trkpt lat="49.547649" lon="18.855566">
				<ele>534.000000</ele>
			</trkpt>
			<trkpt lat="49.547614" lon="18.855522">
				<ele>534.000000</ele>
			</trkpt>
			<trkpt lat="49.547590" lon="18.855449">
				<ele>535.000000</ele>
			</trkpt>
			<trkpt lat="49.547573" lon="18.855396">
				<ele>535.000000</ele>
			</trkpt>
			<trkpt lat="49.547555" lon="18.855323">
				<ele>536.000000</ele>
			</trkpt>
			<trkpt lat="49.547532" lon="18.855017">
				<ele>538.000000</ele>
			</trkpt>
			<trkpt lat="49.547532" lon="18.854740">
				<ele>540.000000</ele>
			</trkpt>
			<trkpt lat="49.547538" lon="18.854533">
				<ele>541.000000</ele>
			</trkpt>
			<trkpt lat="49.547555" lon="18.854300">
				<ele>543.000000</ele>
			</trkpt>
			<trkpt lat="49.547649" lon="18.853635">
				<ele>548.000000</ele>
			</trkpt>
			<trkpt lat="49.547655" lon="18.853536">
				<ele>549.000000</ele>
			</trkpt>
			<trkpt lat="49.547655" lon="18.853464">
				<ele>549.000000</ele>
			</trkpt>
			<trkpt lat="49.547649" lon="18.853383">
				<ele>550.000000</ele>
			</trkpt>
			<trkpt lat="49.547631" lon="18.853312">
				<ele>550.000000</ele>
			</trkpt>
			<trkpt lat="49.547579" lon="18.853159">
				<ele>552.000000</ele>
			</trkpt>
			<trkpt lat="49.547456" lon="18.852907">
				<ele>554.000000</ele>
			</trkpt>
			<trkpt lat="49.547206" lon="18.852449">
				<ele>556.000000</ele>
			</trkpt>
			<trkpt lat="49.546973" lon="18.852054">
				<ele>557.000000</ele>
			</trkpt>
			<trkpt lat="49.546698" lon="18.851677">
				<ele>559.000000</ele>
			</trkpt>
			<trkpt lat="49.546343" lon="18.851236">
				<ele>561.000000</ele>
			</trkpt>
			<trkpt lat="49.546157" lon="18.850885">
				<ele>561.000000</ele>
			</trkpt>
			<trkpt lat="49.546040" lon="18.850688">
				<ele>562.000000</ele>
			</trkpt>
			<trkpt lat="49.545918" lon="18.850526">
				<ele>563.000000</ele>
			</trkpt>
			<trkpt lat="49.545486" lon="18.850042">
				<ele>564.000000</ele>
			</trkpt>
			<trkpt lat="49.545346" lon="18.849897">
				<ele>565.000000</ele>
			</trkpt>
			<trkpt lat="49.545294" lon="18.849862">
				<ele>565.000000</ele>
			</trkpt>
			<trkpt lat="49.545241" lon="18.849834">
				<ele>565.000000</ele>
			</trkpt>
			<trkpt lat="49.545113" lon="18.849807">
				<ele>566.000000</ele>
			</trkpt>
			<trkpt lat="49.544834" lon="18.849790">
				<ele>568.000000</ele>
			</trkpt>
			<trkpt lat="49.544711" lon="18.849763">
				<ele>568.000000</ele>
			</trkpt>
			<trkpt lat="49.544583" lon="18.849736">
				<ele>569.000000</ele>
			</trkpt>
			<trkpt lat="49.544309" lon="18.849637">
				<ele>571.000000</ele>
			</trkpt>
			<trkpt lat="49.544204" lon="18.849601">
				<ele>572.000000</ele>
			</trkpt>
			<trkpt lat="49.544093" lon="18.849601">
				<ele>573.000000</ele>
			</trkpt>
			<trkpt lat="49.543994" lon="18.849628">
				<ele>574.000000</ele>
			</trkpt>
			<trkpt lat="49.543738" lon="18.849727">
				<ele>576.000000</ele>
			</trkpt>
			<trkpt lat="49.543667" lon="18.850050">
				<ele>577.000000</ele>
			</trkpt>
			<trkpt lat="49.543615" lon="18.850257">
				<ele>578.000000</ele>
			</trkpt>
			<trkpt lat="49.543574" lon="18.850419">
				<ele>578.000000</ele>
			</trkpt>
			<trkpt lat="49.543516" lon="18.850572">
				<ele>579.000000</ele>
			</trkpt>
			<trkpt lat="49.543440" lon="18.850688">
				<ele>579.000000</ele>
			</trkpt>
			<trkpt lat="49.543370" lon="18.850796">
				<ele>579.000000</ele>
			</trkpt>
			<trkpt lat="49.543271" lon="18.850895">
				<ele>580.000000</ele>
			</trkpt>
			<trkpt lat="49.543167" lon="18.850958">
				<ele>580.000000</ele>
			</trkpt>
			<trkpt lat="49.542927" lon="18.851101">
				<ele>581.000000</ele>
			</trkpt>
			<trkpt lat="49.542846" lon="18.851182">
				<ele>582.000000</ele>
			</trkpt>
			<trkpt lat="49.542770" lon="18.851254">
				<ele>582.000000</ele>
			</trkpt>
			<trkpt lat="49.542660" lon="18.851388">
				<ele>583.000000</ele>
			</trkpt>
			<trkpt lat="49.542566" lon="18.851532">
				<ele>583.000000</ele>
			</trkpt>
			<trkpt lat="49.542479" lon="18.851658">
				<ele>584.000000</ele>
			</trkpt>
			<trkpt lat="49.542327" lon="18.851964">
				<ele>585.000000</ele>
			</trkpt>
			<trkpt lat="49.541977" lon="18.852593">
				<ele>588.000000</ele>
			</trkpt>
			<trkpt lat="49.541825" lon="18.852872">
				<ele>589.000000</ele>
			</trkpt>
			<trkpt lat="49.541791" lon="18.852925">
				<ele>589.000000</ele>
			</trkpt>
			<trkpt lat="49.541744" lon="18.852943">
				<ele>589.000000</ele>
			</trkpt>
			<trkpt lat="49.541715" lon="18.852943">
				<ele>589.000000</ele>
			</trkpt>
			<trkpt lat="49.541680" lon="18.852925">
				<ele>590.000000</ele>
			</trkpt>
			<trkpt lat="49.541645" lon="18.852898">
				<ele>590.000000</ele>
			</trkpt>
			<trkpt lat="49.541622" lon="18.852862">
				<ele>590.000000</ele>
			</trkpt>
			<trkpt lat="49.541255" lon="18.852161">
				<ele>596.000000</ele>
			</trkpt>
			<trkpt lat="49.541190" lon="18.852017">
				<ele>598.000000</ele>
			</trkpt>
			<trkpt lat="49.541150" lon="18.851864">
				<ele>599.000000</ele>
			</trkpt>
			<trkpt lat="49.541109" lon="18.851704">
				<ele>600.000000</ele>
			</trkpt>
			<trkpt lat="49.541039" lon="18.851398">
				<ele>602.000000</ele>
			</trkpt>
			<trkpt lat="49.540916" lon="18.850975">
				<ele>604.000000</ele>
			</trkpt>
			<trkpt lat="49.540806" lon="18.850608">
				<ele>606.000000</ele>
			</trkpt>
			<trkpt lat="49.540736" lon="18.850310">
				<ele>608.000000</ele>
			</trkpt>
			<trkpt lat="49.540671" lon="18.849996">
				<ele>610.000000</ele>
			</trkpt>
			<trkpt lat="49.540608" lon="18.849574">
				<ele>611.000000</ele>
			</trkpt>
			<trkpt lat="49.540549" lon="18.849143">
				<ele>612.000000</ele>
			</trkpt>
			<trkpt lat="49.540526" lon="18.848784">
				<ele>613.000000</ele>
			</trkpt>
			<trkpt lat="49.540520" lon="18.848675">
				<ele>613.000000</ele>
			</trkpt>
			<trkpt lat="49.540496" lon="18.848585">
				<ele>613.000000</ele>
			</trkpt>
			<trkpt lat="49.540468" lon="18.848514">
				<ele>614.000000</ele>
			</trkpt>
			<trkpt lat="49.540415" lon="18.848461">
				<ele>614.000000</ele>
			</trkpt>
			<trkpt lat="49.540106" lon="18.848048">
				<ele>615.000000</ele>
			</trkpt>
			<trkpt lat="49.539961" lon="18.847885">
				<ele>615.000000</ele>
			</trkpt>
			<trkpt lat="49.539896" lon="18.847822">
				<ele>615.000000</ele>
			</trkpt>
			<trkpt lat="49.539827" lon="18.847805">
				<ele>615.000000</ele>
			</trkpt>
			<trkpt lat="49.539745" lon="18.847796">
				<ele>615.000000</ele>
			</trkpt>
			<trkpt lat="49.539658" lon="18.847832">
				<ele>615.000000</ele>
			</trkpt>
			<trkpt lat="49.539453" lon="18.847885">
				<ele>615.000000</ele>
			</trkpt>
			<trkpt lat="49.539301" lon="18.847966">
				<ele>615.000000</ele>
			</trkpt>
			<trkpt lat="49.539162" lon="18.848065">
				<ele>616.000000</ele>
			</trkpt>
			<trkpt lat="49.539010" lon="18.848209">
				<ele>617.000000</ele>
			</trkpt>
			<trkpt lat="49.538964" lon="18.848262">
				<ele>617.000000</ele>
			</trkpt>
			<trkpt lat="49.538929" lon="18.848325">
				<ele>618.000000</ele>
			</trkpt>
			<trkpt lat="49.538859" lon="18.848442">
				<ele>618.000000</ele>
			</trkpt>
			<trkpt lat="49.538812" lon="18.848514">
				<ele>619.000000</ele>
			</trkpt>
			<trkpt lat="49.538777" lon="18.848551">
				<ele>619.000000</ele>
			</trkpt>
			<trkpt lat="49.538748" lon="18.848559">
				<ele>619.000000</ele>
			</trkpt>
			<trkpt lat="49.538713" lon="18.848559">
				<ele>620.000000</ele>
			</trkpt>
			<trkpt lat="49.538561" lon="18.848551">
				<ele>621.000000</ele>
			</trkpt>
			<trkpt lat="49.538526" lon="18.848532">
				<ele>621.000000</ele>
			</trkpt>
			<trkpt lat="49.538491" lon="18.848496">
				<ele>622.000000</ele>
			</trkpt>
			<trkpt lat="49.538375" lon="18.848398">
				<ele>623.000000</ele>
			</trkpt>
			<trkpt lat="49.538194" lon="18.848281">
				<ele>626.000000</ele>
			</trkpt>
			<trkpt lat="49.538095" lon="18.848218">
				<ele>627.000000</ele>
			</trkpt>
			<trkpt lat="49.538042" lon="18.848164">
				<ele>628.000000</ele>
			</trkpt>
			<trkpt lat="49.537990" lon="18.848083">
				<ele>630.000000</ele>
			</trkpt>
			<trkpt lat="49.537844" lon="18.847822">
				<ele>634.000000</ele>
			</trkpt>
			<trkpt lat="49.537506" lon="18.847247">
				<ele>642.000000</ele>
			</trkpt>
			<trkpt lat="49.537343" lon="18.846943">
				<ele>646.000000</ele>
			</trkpt>
			<trkpt lat="49.537226" lon="18.846673">
				<ele>650.000000</ele>
			</trkpt>
			<trkpt lat="49.537185" lon="18.846574">
				<ele>651.000000</ele>
			</trkpt>
			<trkpt lat="49.537115" lon="18.846484">
				<ele>652.000000</ele>
			</trkpt>
			<trkpt lat="49.537040" lon="18.846394">
				<ele>653.000000</ele>
			</trkpt>
			<trkpt lat="49.536953" lon="18.846331">
				<ele>655.000000</ele>
			</trkpt>
			<trkpt lat="49.536766" lon="18.846232">
				<ele>657.000000</ele>
			</trkpt>
			<trkpt lat="49.536672" lon="18.846142">
				<ele>659.000000</ele>
			</trkpt>
			<trkpt lat="49.536416" lon="18.845864">
				<ele>663.000000</ele>
			</trkpt>
			<trkpt lat="49.536305" lon="18.845756">
				<ele>665.000000</ele>
			</trkpt>
			<trkpt lat="49.536252" lon="18.845694">
				<ele>666.000000</ele>
			</trkpt>
			<trkpt lat="49.536212" lon="18.845622">
				<ele>666.000000</ele>
			</trkpt>
			<trkpt lat="49.536159" lon="18.845522">
				<ele>667.000000</ele>
			</trkpt>
			<trkpt lat="49.536037" lon="18.845235">
				<ele>669.000000</ele>
			</trkpt>
			<trkpt lat="49.535792" lon="18.844750">
				<ele>672.000000</ele>
			</trkpt>
			<trkpt lat="49.535681" lon="18.844507">
				<ele>674.000000</ele>
			</trkpt>
			<trkpt lat="49.535658" lon="18.844444">
				<ele>674.000000</ele>
			</trkpt>
			<trkpt lat="49.535489" lon="18.844086">
				<ele>675.000000</ele>
			</trkpt>
			<trkpt lat="49.535448" lon="18.843960">
				<ele>675.000000</ele>
			</trkpt>
			<trkpt lat="49.535408" lon="18.843807">
				<ele>675.000000</ele>
			</trkpt>
			<trkpt lat="49.535297" lon="18.843385">
				<ele>674.000000</ele>
			</trkpt>
			<trkpt lat="49.535070" lon="18.842622">
				<ele>671.000000</ele>
			</trkpt>
			<trkpt lat="49.534999" lon="18.842352">
				<ele>670.000000</ele>
			</trkpt>
			<trkpt lat="49.534958" lon="18.842226">
				<ele>670.000000</ele>
			</trkpt>
			<trkpt lat="49.534900" lon="18.842092">
				<ele>670.000000</ele>
			</trkpt>
			<trkpt lat="49.534830" lon="18.841974">
				<ele>670.000000</ele>
			</trkpt>
			<trkpt lat="49.534726" lon="18.841813">
				<ele>670.000000</ele>
			</trkpt>
			<trkpt lat="49.534673" lon="18.841732">
				<ele>670.000000</ele>
			</trkpt>
			<trkpt lat="49.534632" lon="18.841616">
				<ele>670.000000</ele>
			</trkpt>
			<trkpt lat="49.534592" lon="18.841498">
				<ele>670.000000</ele>
			</trkpt>
			<trkpt lat="49.534504" lon="18.841022">
				<ele>670.000000</ele>
			</trkpt>
			<trkpt lat="49.534480" lon="18.840897">
				<ele>670.000000</ele>
			</trkpt>
			<trkpt lat="49.534480" lon="18.840761">
				<ele>670.000000</ele>
			</trkpt>
			<trkpt lat="49.534504" lon="18.840601">
				<ele>670.000000</ele>
			</trkpt>
			<trkpt lat="49.534609" lon="18.840511">
				<ele>669.000000</ele>
			</trkpt>
			<trkpt lat="49.534673" lon="18.840429">
				<ele>668.000000</ele>
			</trkpt>
			<trkpt lat="49.534714" lon="18.840366">
				<ele>668.000000</ele>
			</trkpt>
			<trkpt lat="49.534731" lon="18.840312">
				<ele>668.000000</ele>
			</trkpt>
			<trkpt lat="49.534807" lon="18.839926">
				<ele>666.000000</ele>
			</trkpt>
			<trkpt lat="49.534929" lon="18.839423">
				<ele>665.000000</ele>
			</trkpt>
			<trkpt lat="49.534976" lon="18.839253">
				<ele>665.000000</ele>
			</trkpt>
			<trkpt lat="49.534988" lon="18.839109">
				<ele>665.000000</ele>
			</trkpt>
			<trkpt lat="49.534999" lon="18.838974">
				<ele>665.000000</ele>
			</trkpt>
			<trkpt lat="49.534999" lon="18.838840">
				<ele>665.000000</ele>
			</trkpt>
			<trkpt lat="49.534970" lon="18.838282">
				<ele>665.000000</ele>
			</trkpt>
			<trkpt lat="49.534976" lon="18.838075">
				<ele>665.000000</ele>
			</trkpt>
			<trkpt lat="49.534982" lon="18.837869">
				<ele>665.000000</ele>
			</trkpt>
			<trkpt lat="49.534994" lon="18.837662">
				<ele>665.000000</ele>
			</trkpt>
			<trkpt lat="49.534976" lon="18.837482">
				<ele>665.000000</ele>
			</trkpt>
			<trkpt lat="49.534953" lon="18.837205">
				<ele>665.000000</ele>
			</trkpt>
			<trkpt lat="49.534953" lon="18.837123">
				<ele>665.000000</ele>
			</trkpt>
			<trkpt lat="49.534976" lon="18.837043">
				<ele>665.000000</ele>
			</trkpt>
			<trkpt lat="49.535023" lon="18.836683">
				<ele>665.000000</ele>
			</trkpt>
			<trkpt lat="49.535046" lon="18.836467">
				<ele>665.000000</ele>
			</trkpt>
			<trkpt lat="49.535098" lon="18.836270">
				<ele>665.000000</ele>
			</trkpt>
			<trkpt lat="49.535133" lon="18.836108">
				<ele>665.000000</ele>
			</trkpt>
			<trkpt lat="49.535145" lon="18.835920">
				<ele>665.000000</ele>
			</trkpt>
			<trkpt lat="49.535157" lon="18.835588">
				<ele>665.000000</ele>
			</trkpt>
			<trkpt lat="49.535163" lon="18.835398">
				<ele>665.000000</ele>
			</trkpt>
			<trkpt lat="49.535151" lon="18.835022">
				<ele>665.000000</ele>
			</trkpt>
			<trkpt lat="49.535145" lon="18.834842">
				<ele>665.000000</ele>
			</trkpt>
			<trkpt lat="49.535186" lon="18.833719">
				<ele>665.000000</ele>
			</trkpt>
			<trkpt lat="49.535180" lon="18.833540">
				<ele>665.000000</ele>
			</trkpt>
			<trkpt lat="49.535180" lon="18.833377">
				<ele>665.000000</ele>
			</trkpt>
			<trkpt lat="49.535116" lon="18.832857">
				<ele>665.000000</ele>
			</trkpt>
			<trkpt lat="49.535110" lon="18.832722">
				<ele>665.000000</ele>
			</trkpt>
			<trkpt lat="49.535116" lon="18.832587">
				<ele>665.000000</ele>
			</trkpt>
			<trkpt lat="49.535128" lon="18.832444">
				<ele>665.000000</ele>
			</trkpt>
			<trkpt lat="49.535174" lon="18.832219">
				<ele>664.000000</ele>
			</trkpt>
			<trkpt lat="49.535186" lon="18.832048">
				<ele>663.000000</ele>
			</trkpt>
			<trkpt lat="49.535180" lon="18.831869">
				<ele>661.000000</ele>
			</trkpt>
			<trkpt lat="49.535145" lon="18.831643">
				<ele>659.000000</ele>
			</trkpt>
			<trkpt lat="49.535133" lon="18.831509">
				<ele>657.000000</ele>
			</trkpt>
			<trkpt lat="49.535128" lon="18.831383">
				<ele>656.000000</ele>
			</trkpt>
			<trkpt lat="49.535133" lon="18.831257">
				<ele>655.000000</ele>
			</trkpt>
			<trkpt lat="49.535163" lon="18.831069">
				<ele>653.000000</ele>
			</trkpt>
			<trkpt lat="49.535180" lon="18.830890">
				<ele>652.000000</ele>
			</trkpt>
			<trkpt lat="49.535192" lon="18.830737">
				<ele>651.000000</ele>
			</trkpt>
			<trkpt lat="49.535180" lon="18.830574">
				<ele>650.000000</ele>
			</trkpt>
			<trkpt lat="49.535168" lon="18.830360">
				<ele>650.000000</ele>
			</trkpt>
			<trkpt lat="49.535157" lon="18.830234">
				<ele>650.000000</ele>
			</trkpt>
			<trkpt lat="49.535092" lon="18.829928">
				<ele>650.000000</ele>
			</trkpt>
			<trkpt lat="49.535046" lon="18.829748">
				<ele>650.000000</ele>
			</trkpt>
			<trkpt lat="49.534754" lon="18.828544">
				<ele>652.000000</ele>
			</trkpt>
			<trkpt lat="49.534720" lon="18.828392">
				<ele>652.000000</ele>
			</trkpt>
			<trkpt lat="49.534690" lon="18.828221">
				<ele>652.000000</ele>
			</trkpt>
			<trkpt lat="49.534661" lon="18.827763">
				<ele>653.000000</ele>
			</trkpt>
			<trkpt lat="49.534655" lon="18.827682">
				<ele>653.000000</ele>
			</trkpt>
			<trkpt lat="49.534661" lon="18.827601">
				<ele>653.000000</ele>
			</trkpt>
			<trkpt lat="49.534714" lon="18.827341">
				<ele>654.000000</ele>
			</trkpt>
			<trkpt lat="49.534754" lon="18.827098">
				<ele>654.000000</ele>
			</trkpt>
			<trkpt lat="49.534784" lon="18.826811">
				<ele>654.000000</ele>
			</trkpt>
			<trkpt lat="49.534801" lon="18.826605">
				<ele>654.000000</ele>
			</trkpt>
			<trkpt lat="49.534807" lon="18.826398">
				<ele>655.000000</ele>
			</trkpt>
			<trkpt lat="49.534789" lon="18.825877">
				<ele>656.000000</ele>
			</trkpt>
			<trkpt lat="49.534760" lon="18.825661">
				<ele>657.000000</ele>
			</trkpt>
			<trkpt lat="49.534737" lon="18.825464">
				<ele>657.000000</ele>
			</trkpt>
			<trkpt lat="49.534702" lon="18.825266">
				<ele>658.000000</ele>
			</trkpt>
			<trkpt lat="49.534650" lon="18.825087">
				<ele>658.000000</ele>
			</trkpt>
			<trkpt lat="49.534597" lon="18.824871">
				<ele>659.000000</ele>
			</trkpt>
			<trkpt lat="49.534521" lon="18.824672">
				<ele>660.000000</ele>
			</trkpt>
			<trkpt lat="49.534096" lon="18.823460">
				<ele>666.000000</ele>
			</trkpt>
			<trkpt lat="49.533967" lon="18.823137">
				<ele>669.000000</ele>
			</trkpt>
			<trkpt lat="49.533851" lon="18.822724">
				<ele>672.000000</ele>
			</trkpt>
			<trkpt lat="49.533816" lon="18.822607">
				<ele>673.000000</ele>
			</trkpt>
			<trkpt lat="49.533793" lon="18.822481">
				<ele>674.000000</ele>
			</trkpt>
			<trkpt lat="49.533787" lon="18.822347">
				<ele>675.000000</ele>
			</trkpt>
			<trkpt lat="49.533793" lon="18.822265">
				<ele>676.000000</ele>
			</trkpt>
			<trkpt lat="49.533822" lon="18.822158">
				<ele>678.000000</ele>
			</trkpt>
			<trkpt lat="49.533979" lon="18.821682">
				<ele>683.000000</ele>
			</trkpt>
			<trkpt lat="49.534020" lon="18.821546">
				<ele>685.000000</ele>
			</trkpt>
			<trkpt lat="49.534026" lon="18.821421">
				<ele>686.000000</ele>
			</trkpt>
			<trkpt lat="49.534014" lon="18.821286">
				<ele>688.000000</ele>
			</trkpt>
			<trkpt lat="49.533979" lon="18.821133">
				<ele>691.000000</ele>
			</trkpt>
			<trkpt lat="49.533944" lon="18.820972">
				<ele>693.000000</ele>
			</trkpt>
			<trkpt lat="49.533944" lon="18.820919">
				<ele>694.000000</ele>
			</trkpt>
			<trkpt lat="49.533944" lon="18.820855">
				<ele>695.000000</ele>
			</trkpt>
			<trkpt lat="49.533956" lon="18.820649">
				<ele>698.000000</ele>
			</trkpt>
			<trkpt lat="49.533956" lon="18.820370">
				<ele>703.000000</ele>
			</trkpt>
			<trkpt lat="49.533944" lon="18.819840">
				<ele>711.000000</ele>
			</trkpt>
			<trkpt lat="49.533932" lon="18.819705">
				<ele>712.000000</ele>
			</trkpt>
			<trkpt lat="49.533915" lon="18.819588">
				<ele>714.000000</ele>
			</trkpt>
			<trkpt lat="49.533886" lon="18.819462">
				<ele>715.000000</ele>
			</trkpt>
			<trkpt lat="49.533845" lon="18.819345">
				<ele>717.000000</ele>
			</trkpt>
			<trkpt lat="49.533793" lon="18.819238">
				<ele>718.000000</ele>
			</trkpt>
			<trkpt lat="49.533722" lon="18.819121">
				<ele>720.000000</ele>
			</trkpt>
			<trkpt lat="49.533659" lon="18.818986">
				<ele>721.000000</ele>
			</trkpt>
			<trkpt lat="49.533618" lon="18.818879">
				<ele>722.000000</ele>
			</trkpt>
			<trkpt lat="49.533594" lon="18.818753">
				<ele>723.000000</ele>
			</trkpt>
			<trkpt lat="49.533588" lon="18.818628">
				<ele>724.000000</ele>
			</trkpt>
			<trkpt lat="49.533612" lon="18.818448">
				<ele>725.000000</ele>
			</trkpt>
			<trkpt lat="49.533670" lon="18.818240">
				<ele>726.000000</ele>
			</trkpt>
			<trkpt lat="49.533769" lon="18.817963">
				<ele>728.000000</ele>
			</trkpt>
			<trkpt lat="49.533810" lon="18.817827">
				<ele>728.000000</ele>
			</trkpt>
			<trkpt lat="49.533833" lon="18.817703">
				<ele>729.000000</ele>
			</trkpt>
			<trkpt lat="49.533909" lon="18.817064">
				<ele>732.000000</ele>
			</trkpt>
			<trkpt lat="49.533944" lon="18.816867">
				<ele>733.000000</ele>
			</trkpt>
			<trkpt lat="49.533991" lon="18.816695">
				<ele>734.000000</ele>
			</trkpt>
			<trkpt lat="49.534131" lon="18.816372">
				<ele>735.000000</ele>
			</trkpt>
			<trkpt lat="49.534172" lon="18.816255">
				<ele>736.000000</ele>
			</trkpt>
			<trkpt lat="49.534195" lon="18.816103">
				<ele>736.000000</ele>
			</trkpt>
			<trkpt lat="49.534201" lon="18.815932">
				<ele>736.000000</ele>
			</trkpt>
			<trkpt lat="49.534189" lon="18.815690">
				<ele>736.000000</ele>
			</trkpt>
			<trkpt lat="49.534195" lon="18.815483">
				<ele>737.000000</ele>
			</trkpt>
			<trkpt lat="49.534213" lon="18.815276">
				<ele>737.000000</ele>
			</trkpt>
			<trkpt lat="49.534248" lon="18.815024">
				<ele>737.000000</ele>
			</trkpt>
			<trkpt lat="49.534270" lon="18.814783">
				<ele>738.000000</ele>
			</trkpt>
			<trkpt lat="49.534282" lon="18.814477">
				<ele>738.000000</ele>
			</trkpt>
			<trkpt lat="49.534259" lon="18.814181">
				<ele>739.000000</ele>
			</trkpt>
			<trkpt lat="49.534230" lon="18.813848">
				<ele>739.000000</ele>
			</trkpt>
			<trkpt lat="49.534218" lon="18.812824">
				<ele>741.000000</ele>
			</trkpt>
			<trkpt lat="49.534213" lon="18.812537">
				<ele>741.000000</ele>
			</trkpt>
			<trkpt lat="49.534195" lon="18.812240">
				<ele>742.000000</ele>
			</trkpt>
			<trkpt lat="49.534079" lon="18.811171">
				<ele>743.000000</ele>
			</trkpt>
			<trkpt lat="49.534060" lon="18.810919">
				<ele>744.000000</ele>
			</trkpt>
			<trkpt lat="49.534020" lon="18.810766">
				<ele>744.000000</ele>
			</trkpt>
			<trkpt lat="49.533932" lon="18.810596">
				<ele>744.000000</ele>
			</trkpt>
			<trkpt lat="49.533874" lon="18.810462">
				<ele>744.000000</ele>
			</trkpt>
			<trkpt lat="49.533833" lon="18.810336">
				<ele>745.000000</ele>
			</trkpt>
			<trkpt lat="49.533810" lon="18.810219">
				<ele>745.000000</ele>
			</trkpt>
			<trkpt lat="49.533781" lon="18.810057">
				<ele>745.000000</ele>
			</trkpt>
			<trkpt lat="49.533716" lon="18.809743">
				<ele>747.000000</ele>
			</trkpt>
			<trkpt lat="49.533629" lon="18.809410">
				<ele>748.000000</ele>
			</trkpt>
			<trkpt lat="49.533542" lon="18.809097">
				<ele>750.000000</ele>
			</trkpt>
			<trkpt lat="49.533443" lon="18.808827">
				<ele>750.000000</ele>
			</trkpt>
			<trkpt lat="49.533338" lon="18.808558">
				<ele>751.000000</ele>
			</trkpt>
			<trkpt lat="49.533192" lon="18.808252">
				<ele>751.000000</ele>
			</trkpt>
			<trkpt lat="49.533023" lon="18.807937">
				<ele>751.000000</ele>
			</trkpt>
			<trkpt lat="49.532801" lon="18.807560">
				<ele>752.000000</ele>
			</trkpt>
			<trkpt lat="49.532656" lon="18.807317">
				<ele>752.000000</ele>
			</trkpt>
			<trkpt lat="49.532329" lon="18.806814">
				<ele>753.000000</ele>
			</trkpt>
			<trkpt lat="49.532160" lon="18.806545">
				<ele>753.000000</ele>
			</trkpt>
			<trkpt lat="49.532043" lon="18.806284">
				<ele>754.000000</ele>
			</trkpt>
			<trkpt lat="49.531944" lon="18.806051">
				<ele>754.000000</ele>
			</trkpt>
			<trkpt lat="49.531659" lon="18.805315">
				<ele>755.000000</ele>
			</trkpt>
			<trkpt lat="49.531571" lon="18.805089">
				<ele>755.000000</ele>
			</trkpt>
			<trkpt lat="49.531484" lon="18.804937">
				<ele>755.000000</ele>
			</trkpt>
			<trkpt lat="49.531361" lon="18.804749">
				<ele>756.000000</ele>
			</trkpt>
			<trkpt lat="49.531169" lon="18.804443">
				<ele>759.000000</ele>
			</trkpt>
			<trkpt lat="49.531058" lon="18.804281">
				<ele>760.000000</ele>
			</trkpt>
			<trkpt lat="49.530971" lon="18.804183">
				<ele>760.000000</ele>
			</trkpt>
			<trkpt lat="49.530866" lon="18.804066">
				<ele>761.000000</ele>
			</trkpt>
			<trkpt lat="49.530732" lon="18.803958">
				<ele>762.000000</ele>
			</trkpt>
			<trkpt lat="49.530470" lon="18.803760">
				<ele>764.000000</ele>
			</trkpt>
			<trkpt lat="49.529752" lon="18.803203">
				<ele>777.000000</ele>
			</trkpt>
			<trkpt lat="49.529700" lon="18.803158">
				<ele>777.000000</ele>
			</trkpt>
			<trkpt lat="49.529648" lon="18.803095">
				<ele>778.000000</ele>
			</trkpt>
			<trkpt lat="49.529601" lon="18.803024">
				<ele>778.000000</ele>
			</trkpt>
			<trkpt lat="49.529577" lon="18.802952">
				<ele>779.000000</ele>
			</trkpt>
			<trkpt lat="49.529554" lon="18.802871">
				<ele>779.000000</ele>
			</trkpt>
			<trkpt lat="49.529536" lon="18.802799">
				<ele>779.000000</ele>
			</trkpt>
			<trkpt lat="49.529542" lon="18.802718">
				<ele>780.000000</ele>
			</trkpt>
			<trkpt lat="49.529542" lon="18.802619">
				<ele>780.000000</ele>
			</trkpt>
			<trkpt lat="49.529589" lon="18.802296">
				<ele>780.000000</ele>
			</trkpt>
			<trkpt lat="49.529648" lon="18.801919">
				<ele>780.000000</ele>
			</trkpt>
			<trkpt lat="49.529688" lon="18.801631">
				<ele>780.000000</ele>
			</trkpt>
			<trkpt lat="49.529723" lon="18.801227">
				<ele>779.000000</ele>
			</trkpt>
			<trkpt lat="49.529735" lon="18.800715">
				<ele>777.000000</ele>
			</trkpt>
			<trkpt lat="49.529741" lon="18.800518">
				<ele>776.000000</ele>
			</trkpt>
			<trkpt lat="49.529735" lon="18.800409">
				<ele>776.000000</ele>
			</trkpt>
			<trkpt lat="49.529723" lon="18.800302">
				<ele>776.000000</ele>
			</trkpt>
			<trkpt lat="49.529688" lon="18.800185">
				<ele>775.000000</ele>
			</trkpt>
			<trkpt lat="49.529648" lon="18.800068">
				<ele>775.000000</ele>
			</trkpt>
			<trkpt lat="49.529641" lon="18.800042">
				<ele>775.000000</ele>
			</trkpt>
			<trkpt lat="49.529589" lon="18.799925">
				<ele>774.000000</ele>
			</trkpt>
			<trkpt lat="49.529566" lon="18.799826">
				<ele>773.000000</ele>
			</trkpt>
			<trkpt lat="49.529519" lon="18.799600">
				<ele>772.000000</ele>
			</trkpt>
			<trkpt lat="49.529478" lon="18.799403">
				<ele>770.000000</ele>
			</trkpt>
			<trkpt lat="49.529373" lon="18.799026">
				<ele>767.000000</ele>
			</trkpt>
			<trkpt lat="49.529350" lon="18.798918">
				<ele>766.000000</ele>
			</trkpt>
			<trkpt lat="49.529338" lon="18.798774">
				<ele>764.000000</ele>
			</trkpt>
			<trkpt lat="49.529326" lon="18.798604">
				<ele>763.000000</ele>
			</trkpt>
			<trkpt lat="49.529332" lon="18.798487">
				<ele>762.000000</ele>
			</trkpt>
			<trkpt lat="49.529332" lon="18.798344">
				<ele>760.000000</ele>
			</trkpt>
			<trkpt lat="49.529356" lon="18.798200">
				<ele>759.000000</ele>
			</trkpt>
			<trkpt lat="49.529391" lon="18.797965">
				<ele>756.000000</ele>
			</trkpt>
			<trkpt lat="49.529408" lon="18.797552">
				<ele>752.000000</ele>
			</trkpt>
			<trkpt lat="49.529408" lon="18.797455">
				<ele>750.000000</ele>
			</trkpt>
			<trkpt lat="49.529432" lon="18.797373">
				<ele>750.000000</ele>
			</trkpt>
			<trkpt lat="49.529473" lon="18.797220">
				<ele>749.000000</ele>
			</trkpt>
			<trkpt lat="49.529531" lon="18.797113">
				<ele>748.000000</ele>
			</trkpt>
			<trkpt lat="49.529688" lon="18.796826">
				<ele>746.000000</ele>
			</trkpt>
			<trkpt lat="49.529758" lon="18.796663">
				<ele>745.000000</ele>
			</trkpt>
			<trkpt lat="49.529886" lon="18.796277">
				<ele>745.000000</ele>
			</trkpt>
			<trkpt lat="49.529921" lon="18.796143">
				<ele>745.000000</ele>
			</trkpt>
			<trkpt lat="49.529951" lon="18.795963">
				<ele>744.000000</ele>
			</trkpt>
			<trkpt lat="49.530026" lon="18.795594">
				<ele>742.000000</ele>
			</trkpt>
			<trkpt lat="49.530067" lon="18.795442">
				<ele>741.000000</ele>
			</trkpt>
			<trkpt lat="49.530108" lon="18.795334">
				<ele>740.000000</ele>
			</trkpt>
			<trkpt lat="49.530219" lon="18.795065">
				<ele>740.000000</ele>
			</trkpt>
			<trkpt lat="49.530254" lon="18.794965">
				<ele>740.000000</ele>
			</trkpt>
			<trkpt lat="49.530277" lon="18.794839">
				<ele>740.000000</ele>
			</trkpt>
			<trkpt lat="49.530341" lon="18.794570">
				<ele>740.000000</ele>
			</trkpt>
			<trkpt lat="49.530423" lon="18.794256">
				<ele>740.000000</ele>
			</trkpt>
			<trkpt lat="49.530539" lon="18.793906">
				<ele>738.000000</ele>
			</trkpt>
			<trkpt lat="49.530680" lon="18.793528">
				<ele>736.000000</ele>
			</trkpt>
			<trkpt lat="49.530866" lon="18.793070">
				<ele>737.000000</ele>
			</trkpt>
			<trkpt lat="49.531011" lon="18.792755">
				<ele>740.000000</ele>
			</trkpt>
			<trkpt lat="49.531158" lon="18.792478">
				<ele>739.000000</ele>
			</trkpt>
			<trkpt lat="49.531297" lon="18.792252">
				<ele>738.000000</ele>
			</trkpt>
			<trkpt lat="49.531373" lon="18.792126">
				<ele>738.000000</ele>
			</trkpt>
			<trkpt lat="49.531507" lon="18.791876">
				<ele>737.000000</ele>
			</trkpt>
			<trkpt lat="49.531565" lon="18.791776">
				<ele>737.000000</ele>
			</trkpt>
			<trkpt lat="49.531630" lon="18.791696">
				<ele>736.000000</ele>
			</trkpt>
			<trkpt lat="49.531699" lon="18.791615">
				<ele>736.000000</ele>
			</trkpt>
			<trkpt lat="49.531699" lon="18.791516">
				<ele>736.000000</ele>
			</trkpt>
			<trkpt lat="49.531682" lon="18.791436">
				<ele>735.000000</ele>
			</trkpt>
			<trkpt lat="49.531659" lon="18.791354">
				<ele>735.000000</ele>
			</trkpt>
			<trkpt lat="49.531600" lon="18.791220">
				<ele>734.000000</ele>
			</trkpt>
			<trkpt lat="49.531559" lon="18.791094">
				<ele>732.000000</ele>
			</trkpt>
			<trkpt lat="49.531530" lon="18.790986">
				<ele>730.000000</ele>
			</trkpt>
			<trkpt lat="49.531496" lon="18.790851">
				<ele>728.000000</ele>
			</trkpt>
			<trkpt lat="49.531455" lon="18.790770">
				<ele>726.000000</ele>
			</trkpt>
			<trkpt lat="49.531414" lon="18.790671">
				<ele>725.000000</ele>
			</trkpt>
			<trkpt lat="49.531327" lon="18.790528">
				<ele>724.000000</ele>
			</trkpt>
			<trkpt lat="49.531251" lon="18.790420">
				<ele>723.000000</ele>
			</trkpt>
			<trkpt lat="49.531152" lon="18.790348">
				<ele>722.000000</ele>
			</trkpt>
			<trkpt lat="49.531082" lon="18.790294">
				<ele>721.000000</ele>
			</trkpt>
			<trkpt lat="49.531029" lon="18.790249">
				<ele>720.000000</ele>
			</trkpt>
			<trkpt lat="49.530994" lon="18.790195">
				<ele>720.000000</ele>
			</trkpt>
			<trkpt lat="49.530819" lon="18.789918">
				<ele>716.000000</ele>
			</trkpt>
			<trkpt lat="49.530773" lon="18.789863">
				<ele>716.000000</ele>
			</trkpt>
			<trkpt lat="49.530755" lon="18.789818">
				<ele>715.000000</ele>
			</trkpt>
			<trkpt lat="49.530708" lon="18.789702">
				<ele>715.000000</ele>
			</trkpt>
			<trkpt lat="49.530656" lon="18.789629">
				<ele>714.000000</ele>
			</trkpt>
			<trkpt lat="49.530598" lon="18.789539">
				<ele>714.000000</ele>
			</trkpt>
			<trkpt lat="49.530504" lon="18.789369">
				<ele>713.000000</ele>
			</trkpt>
			<trkpt lat="49.530411" lon="18.789172">
				<ele>711.000000</ele>
			</trkpt>
			<trkpt lat="49.530317" lon="18.788884">
				<ele>710.000000</ele>
			</trkpt>
			<trkpt lat="49.530248" lon="18.788534">
				<ele>709.000000</ele>
			</trkpt>
			<trkpt lat="49.530195" lon="18.788344">
				<ele>708.000000</ele>
			</trkpt>
			<trkpt lat="49.530143" lon="18.788193">
				<ele>707.000000</ele>
			</trkpt>
			<trkpt lat="49.530096" lon="18.788048">
				<ele>707.000000</ele>
			</trkpt>
			<trkpt lat="49.530026" lon="18.787923">
				<ele>706.000000</ele>
			</trkpt>
			<trkpt lat="49.529880" lon="18.787662">
				<ele>704.000000</ele>
			</trkpt>
			<trkpt lat="49.529641" lon="18.787294">
				<ele>699.000000</ele>
			</trkpt>
			<trkpt lat="49.529501" lon="18.787186">
				<ele>697.000000</ele>
			</trkpt>
			<trkpt lat="49.528965" lon="18.786765">
				<ele>692.000000</ele>
			</trkpt>
			<trkpt lat="49.528610" lon="18.786432">
				<ele>690.000000</ele>
			</trkpt>
			<trkpt lat="49.528522" lon="18.786342">
				<ele>690.000000</ele>
			</trkpt>
			<trkpt lat="49.528428" lon="18.786207">
				<ele>690.000000</ele>
			</trkpt>
			<trkpt lat="49.528266" lon="18.785964">
				<ele>690.000000</ele>
			</trkpt>
			<trkpt lat="49.528213" lon="18.785857">
				<ele>690.000000</ele>
			</trkpt>
			<trkpt lat="49.528172" lon="18.785757">
				<ele>690.000000</ele>
			</trkpt>
			<trkpt lat="49.528044" lon="18.785344">
				<ele>690.000000</ele>
			</trkpt>
			<trkpt lat="49.527927" lon="18.785048">
				<ele>690.000000</ele>
			</trkpt>
			<trkpt lat="49.527892" lon="18.784949">
				<ele>690.000000</ele>
			</trkpt>
			<trkpt lat="49.527869" lon="18.784868">
				<ele>690.000000</ele>
			</trkpt>
			<trkpt lat="49.527851" lon="18.784599">
				<ele>691.000000</ele>
			</trkpt>
			<trkpt lat="49.527840" lon="18.784465">
				<ele>691.000000</ele>
			</trkpt>
			<trkpt lat="49.527805" lon="18.784348">
				<ele>691.000000</ele>
			</trkpt>
			<trkpt lat="49.527747" lon="18.784231">
				<ele>691.000000</ele>
			</trkpt>
			<trkpt lat="49.527671" lon="18.784132">
				<ele>692.000000</ele>
			</trkpt>
			<trkpt lat="49.527600" lon="18.784060">
				<ele>692.000000</ele>
			</trkpt>
			<trkpt lat="49.527409" lon="18.783907">
				<ele>692.000000</ele>
			</trkpt>
			<trkpt lat="49.527303" lon="18.783773">
				<ele>693.000000</ele>
			</trkpt>
			<trkpt lat="49.527210" lon="18.783638">
				<ele>693.000000</ele>
			</trkpt>
			<trkpt lat="49.526918" lon="18.783170">
				<ele>694.000000</ele>
			</trkpt>
			<trkpt lat="49.526831" lon="18.783044">
				<ele>694.000000</ele>
			</trkpt>
			<trkpt lat="49.526720" lon="18.782910">
				<ele>694.000000</ele>
			</trkpt>
			<trkpt lat="49.526668" lon="18.782847">
				<ele>695.000000</ele>
			</trkpt>
			<trkpt lat="49.526615" lon="18.782820">
				<ele>695.000000</ele>
			</trkpt>
			<trkpt lat="49.526563" lon="18.782784">
				<ele>695.000000</ele>
			</trkpt>
			<trkpt lat="49.526516" lon="18.782784">
				<ele>695.000000</ele>
			</trkpt>
			<trkpt lat="49.526464" lon="18.782775">
				<ele>695.000000</ele>
			</trkpt>
			<trkpt lat="49.526399" lon="18.782784">
				<ele>694.000000</ele>
			</trkpt>
			<trkpt lat="49.526259" lon="18.782857">
				<ele>692.000000</ele>
			</trkpt>
			<trkpt lat="49.526079" lon="18.782955">
				<ele>690.000000</ele>
			</trkpt>
			<trkpt lat="49.525962" lon="18.783000">
				<ele>689.000000</ele>
			</trkpt>
			<trkpt lat="49.525910" lon="18.782901">
				<ele>688.000000</ele>
			</trkpt>
			<trkpt lat="49.525845" lon="18.782704">
				<ele>687.000000</ele>
			</trkpt>
			<trkpt lat="49.525811" lon="18.782604">
				<ele>686.000000</ele>
			</trkpt>
			<trkpt lat="49.525752" lon="18.782478">
				<ele>684.000000</ele>
			</trkpt>
			<trkpt lat="49.525677" lon="18.782362">
				<ele>682.000000</ele>
			</trkpt>
			<trkpt lat="49.525683" lon="18.782182">
				<ele>680.000000</ele>
			</trkpt>
			<trkpt lat="49.525694" lon="18.781851">
				<ele>680.000000</ele>
			</trkpt>
			<trkpt lat="49.525688" lon="18.781742">
				<ele>680.000000</ele>
			</trkpt>
			<trkpt lat="49.525700" lon="18.781599">
				<ele>680.000000</ele>
			</trkpt>
			<trkpt lat="49.525711" lon="18.781482">
				<ele>680.000000</ele>
			</trkpt>
			<trkpt lat="49.525746" lon="18.781302">
				<ele>680.000000</ele>
			</trkpt>
			<trkpt lat="49.525787" lon="18.781123">
				<ele>680.000000</ele>
			</trkpt>
			<trkpt lat="49.525845" lon="18.780907">
				<ele>680.000000</ele>
			</trkpt>
			<trkpt lat="49.525880" lon="18.780773">
				<ele>680.000000</ele>
			</trkpt>
			<trkpt lat="49.525956" lon="18.780304">
				<ele>680.000000</ele>
			</trkpt>
			<trkpt lat="49.525980" lon="18.780117">
				<ele>680.000000</ele>
			</trkpt>
			<trkpt lat="49.525986" lon="18.779954">
				<ele>680.000000</ele>
			</trkpt>
			<trkpt lat="49.525986" lon="18.779704">
				<ele>680.000000</ele>
			</trkpt>
			<trkpt lat="49.525968" lon="18.779398">
				<ele>680.000000</ele>
			</trkpt>
			<trkpt lat="49.525951" lon="18.778589">
				<ele>680.000000</ele>
			</trkpt>
			<trkpt lat="49.525927" lon="18.778249">
				<ele>678.000000</ele>
			</trkpt>
			<trkpt lat="49.525863" lon="18.777924">
				<ele>677.000000</ele>
			</trkpt>
			<trkpt lat="49.525677" lon="18.777080">
				<ele>674.000000</ele>
			</trkpt>
			<trkpt lat="49.525583" lon="18.776604">
				<ele>673.000000</ele>
			</trkpt>
			<trkpt lat="49.525554" lon="18.776451">
				<ele>672.000000</ele>
			</trkpt>
			<trkpt lat="49.525519" lon="18.776173">
				<ele>671.000000</ele>
			</trkpt>
			<trkpt lat="49.525490" lon="18.775975">
				<ele>671.000000</ele>
			</trkpt>
			<trkpt lat="49.525478" lon="18.775769">
				<ele>670.000000</ele>
			</trkpt>
			<trkpt lat="49.525478" lon="18.775499">
				<ele>669.000000</ele>
			</trkpt>
			<trkpt lat="49.525495" lon="18.775257">
				<ele>668.000000</ele>
			</trkpt>
			<trkpt lat="49.525513" lon="18.775149">
				<ele>668.000000</ele>
			</trkpt>
			<trkpt lat="49.525548" lon="18.775041">
				<ele>667.000000</ele>
			</trkpt>
			<trkpt lat="49.525583" lon="18.774933">
				<ele>667.000000</ele>
			</trkpt>
			<trkpt lat="49.525642" lon="18.774825">
				<ele>667.000000</ele>
			</trkpt>
			<trkpt lat="49.525688" lon="18.774727">
				<ele>666.000000</ele>
			</trkpt>
			<trkpt lat="49.525822" lon="18.774591">
				<ele>665.000000</ele>
			</trkpt>
			<trkpt lat="49.525880" lon="18.774493">
				<ele>665.000000</ele>
			</trkpt>
			<trkpt lat="49.525939" lon="18.774377">
				<ele>664.000000</ele>
			</trkpt>
			<trkpt lat="49.525997" lon="18.774241">
				<ele>664.000000</ele>
			</trkpt>
			<trkpt lat="49.526032" lon="18.774125">
				<ele>664.000000</ele>
			</trkpt>
			<trkpt lat="49.526067" lon="18.773981">
				<ele>663.000000</ele>
			</trkpt>
			<trkpt lat="49.526090" lon="18.773846">
				<ele>663.000000</ele>
			</trkpt>
			<trkpt lat="49.526114" lon="18.773702">
				<ele>662.000000</ele>
			</trkpt>
			<trkpt lat="49.526131" lon="18.773272">
				<ele>661.000000</ele>
			</trkpt>
			<trkpt lat="49.526143" lon="18.772957">
				<ele>660.000000</ele>
			</trkpt>
			<trkpt lat="49.526125" lon="18.772660">
				<ele>659.000000</ele>
			</trkpt>
			<trkpt lat="49.526032" lon="18.771699">
				<ele>655.000000</ele>
			</trkpt>
			<trkpt lat="49.526027" lon="18.771574">
				<ele>655.000000</ele>
			</trkpt>
			<trkpt lat="49.526032" lon="18.771484">
				<ele>655.000000</ele>
			</trkpt>
			<trkpt lat="49.526049" lon="18.771385">
				<ele>654.000000</ele>
			</trkpt>
			<trkpt lat="49.526079" lon="18.771304">
				<ele>654.000000</ele>
			</trkpt>
			<trkpt lat="49.526271" lon="18.770505">
				<ele>650.000000</ele>
			</trkpt>
			<trkpt lat="49.526312" lon="18.770316">
				<ele>649.000000</ele>
			</trkpt>
			<trkpt lat="49.526318" lon="18.770163">
				<ele>648.000000</ele>
			</trkpt>
			<trkpt lat="49.526300" lon="18.770020">
				<ele>647.000000</ele>
			</trkpt>
			<trkpt lat="49.526254" lon="18.769893">
				<ele>647.000000</ele>
			</trkpt>
			<trkpt lat="49.526178" lon="18.769741">
				<ele>645.000000</ele>
			</trkpt>
			<trkpt lat="49.525956" lon="18.769345">
				<ele>643.000000</ele>
			</trkpt>
			<trkpt lat="49.525904" lon="18.769220">
				<ele>642.000000</ele>
			</trkpt>
			<trkpt lat="49.525875" lon="18.769094">
				<ele>641.000000</ele>
			</trkpt>
			<trkpt lat="49.525863" lon="18.768941">
				<ele>640.000000</ele>
			</trkpt>
			<trkpt lat="49.525857" lon="18.768717">
				<ele>638.000000</ele>
			</trkpt>
			<trkpt lat="49.525880" lon="18.768438">
				<ele>635.000000</ele>
			</trkpt>
			<trkpt lat="49.525915" lon="18.768178">
				<ele>633.000000</ele>
			</trkpt>
			<trkpt lat="49.525951" lon="18.767882">
				<ele>630.000000</ele>
			</trkpt>
			<trkpt lat="49.526009" lon="18.767675">
				<ele>628.000000</ele>
			</trkpt>
			<trkpt lat="49.526079" lon="18.767486">
				<ele>626.000000</ele>
			</trkpt>
			<trkpt lat="49.526207" lon="18.767253">
				<ele>623.000000</ele>
			</trkpt>
			<trkpt lat="49.526330" lon="18.767054">
				<ele>621.000000</ele>
			</trkpt>
			<trkpt lat="49.526347" lon="18.767001">
				<ele>621.000000</ele>
			</trkpt>
			<trkpt lat="49.526371" lon="18.766930">
				<ele>620.000000</ele>
			</trkpt>
			<trkpt lat="49.526405" lon="18.766633">
				<ele>616.000000</ele>
			</trkpt>
			<trkpt lat="49.526440" lon="18.766454">
				<ele>614.000000</ele>
			</trkpt>
			<trkpt lat="49.526487" lon="18.766274">
				<ele>611.000000</ele>
			</trkpt>
			<trkpt lat="49.526568" lon="18.766049">
				<ele>608.000000</ele>
			</trkpt>
			<trkpt lat="49.526715" lon="18.765599">
				<ele>600.000000</ele>
			</trkpt>
			<trkpt lat="49.526778" lon="18.765385">
				<ele>597.000000</ele>
			</trkpt>
			<trkpt lat="49.526819" lon="18.765213">
				<ele>595.000000</ele>
			</trkpt>
			<trkpt lat="49.526854" lon="18.765033">
				<ele>593.000000</ele>
			</trkpt>
			<trkpt lat="49.526877" lon="18.764846">
				<ele>591.000000</ele>
			</trkpt>
			<trkpt lat="49.526890" lon="18.764647">
				<ele>588.000000</ele>
			</trkpt>
			<trkpt lat="49.526907" lon="18.764414">
				<ele>586.000000</ele>
			</trkpt>
			<trkpt lat="49.526907" lon="18.764180">
				<ele>583.000000</ele>
			</trkpt>
			<trkpt lat="49.526884" lon="18.764028">
				<ele>581.000000</ele>
			</trkpt>
			<trkpt lat="49.526790" lon="18.763687">
				<ele>576.000000</ele>
			</trkpt>
			<trkpt lat="49.526767" lon="18.763578">
				<ele>575.000000</ele>
			</trkpt>
			<trkpt lat="49.526761" lon="18.763462">
				<ele>573.000000</ele>
			</trkpt>
			<trkpt lat="49.526761" lon="18.763335">
				<ele>571.000000</ele>
			</trkpt>
			<trkpt lat="49.526778" lon="18.763219">
				<ele>570.000000</ele>
			</trkpt>
			<trkpt lat="49.526819" lon="18.763085">
				<ele>568.000000</ele>
			</trkpt>
			<trkpt lat="49.526877" lon="18.762878">
				<ele>565.000000</ele>
			</trkpt>
			<trkpt lat="49.526942" lon="18.762645">
				<ele>562.000000</ele>
			</trkpt>
			<trkpt lat="49.526983" lon="18.762420">
				<ele>559.000000</ele>
			</trkpt>
			<trkpt lat="49.527006" lon="18.762186">
				<ele>556.000000</ele>
			</trkpt>
			<trkpt lat="49.527029" lon="18.761809">
				<ele>551.000000</ele>
			</trkpt>
			<trkpt lat="49.527029" lon="18.761567">
				<ele>547.000000</ele>
			</trkpt>
			<trkpt lat="49.527029" lon="18.761360">
				<ele>544.000000</ele>
			</trkpt>
			<trkpt lat="49.527041" lon="18.761207">
				<ele>542.000000</ele>
			</trkpt>
			<trkpt lat="49.527064" lon="18.761081">
				<ele>540.000000</ele>
			</trkpt>
			<trkpt lat="49.527111" lon="18.760947">
				<ele>537.000000</ele>
			</trkpt>
			<trkpt lat="49.527210" lon="18.760695">
				<ele>531.000000</ele>
			</trkpt>
			<trkpt lat="49.527309" lon="18.760452">
				<ele>525.000000</ele>
			</trkpt>
			<trkpt lat="49.527385" lon="18.760236">
				<ele>521.000000</ele>
			</trkpt>
			<trkpt lat="49.527455" lon="18.760003">
				<ele>518.000000</ele>
			</trkpt>
			<trkpt lat="49.527519" lon="18.759752">
				<ele>515.000000</ele>
			</trkpt>
			<trkpt lat="49.527543" lon="18.759580">
				<ele>514.000000</ele>
			</trkpt>
			<trkpt lat="49.527560" lon="18.759410">
				<ele>513.000000</ele>
			</trkpt>
			<trkpt lat="49.527571" lon="18.759320">
				<ele>513.000000</ele>
			</trkpt>
			<trkpt lat="49.527606" lon="18.759257">
				<ele>513.000000</ele>
			</trkpt>
			<trkpt lat="49.527373" lon="18.758980">
				<ele>510.000000</ele>
			</trkpt>
			<trkpt lat="49.527350" lon="18.758934">
				<ele>510.000000</ele>
			</trkpt>
			<trkpt lat="49.527321" lon="18.758890">
				<ele>510.000000</ele>
			</trkpt>
			<trkpt lat="49.527309" lon="18.758764">
				<ele>509.000000</ele>
			</trkpt>
			<trkpt lat="49.527280" lon="18.758485">
				<ele>507.000000</ele>
			</trkpt>
			<trkpt lat="49.527251" lon="18.758261">
				<ele>506.000000</ele>
			</trkpt>
			<trkpt lat="49.527216" lon="18.758027">
				<ele>504.000000</ele>
			</trkpt>
			<trkpt lat="49.527169" lon="18.757829">
				<ele>503.000000</ele>
			</trkpt>
			<trkpt lat="49.527122" lon="18.757632">
				<ele>502.000000</ele>
			</trkpt>
			<trkpt lat="49.527052" lon="18.757443">
				<ele>501.000000</ele>
			</trkpt>
			<trkpt lat="49.526983" lon="18.757246">
				<ele>500.000000</ele>
			</trkpt>
			<trkpt lat="49.526872" lon="18.757003">
				<ele>499.000000</ele>
			</trkpt>
			<trkpt lat="49.526778" lon="18.756841">
				<ele>499.000000</ele>
			</trkpt>
			<trkpt lat="49.526674" lon="18.756716">
				<ele>499.000000</ele>
			</trkpt>
			<trkpt lat="49.526580" lon="18.756580">
				<ele>498.000000</ele>
			</trkpt>
			<trkpt lat="49.526481" lon="18.756517">
				<ele>498.000000</ele>
			</trkpt>
			<trkpt lat="49.526341" lon="18.756427">
				<ele>497.000000</ele>
			</trkpt>
			<trkpt lat="49.526248" lon="18.756303">
				<ele>497.000000</ele>
			</trkpt>
			<trkpt lat="49.526114" lon="18.756131">
				<ele>496.000000</ele>
			</trkpt>
			<trkpt lat="49.525910" lon="18.755827">
				<ele>496.000000</ele>
			</trkpt>
			<trkpt lat="49.525700" lon="18.755467">
				<ele>495.000000</ele>
			</trkpt>
			<trkpt lat="49.525612" lon="18.755332">
				<ele>495.000000</ele>
			</trkpt>
			<trkpt lat="49.525508" lon="18.755224">
				<ele>495.000000</ele>
			</trkpt>
			<trkpt lat="49.525432" lon="18.755152">
				<ele>495.000000</ele>
			</trkpt>
			<trkpt lat="49.525367" lon="18.755062">
				<ele>495.000000</ele>
			</trkpt>
			<trkpt lat="49.525315" lon="18.754963">
				<ele>495.000000</ele>
			</trkpt>
			<trkpt lat="49.525257" lon="18.754838">
				<ele>495.000000</ele>
			</trkpt>
			<trkpt lat="49.525268" lon="18.754460">
				<ele>495.000000</ele>
			</trkpt>
			<trkpt lat="49.525286" lon="18.754335">
				<ele>495.000000</ele>
			</trkpt>
			<trkpt lat="49.525315" lon="18.754219">
				<ele>495.000000</ele>
			</trkpt>
			<trkpt lat="49.525367" lon="18.754011">
				<ele>495.000000</ele>
			</trkpt>
			<trkpt lat="49.525402" lon="18.753743">
				<ele>495.000000</ele>
			</trkpt>
			<trkpt lat="49.525298" lon="18.753634">
				<ele>496.000000</ele>
			</trkpt>
			<trkpt lat="49.524959" lon="18.753301">
				<ele>497.000000</ele>
			</trkpt>
			<trkpt lat="49.524405" lon="18.752808">
				<ele>498.000000</ele>
			</trkpt>
			<trkpt lat="49.524545" lon="18.752475">
				<ele>500.000000</ele>
			</trkpt>
			<trkpt lat="49.524703" lon="18.752080">
				<ele>502.000000</ele>
			</trkpt>
			<trkpt lat="49.524510" lon="18.751919">
				<ele>503.000000</ele>
			</trkpt>
			<trkpt lat="49.524452" lon="18.751720">
				<ele>504.000000</ele>
			</trkpt>
			<trkpt lat="49.524679" lon="18.751649">
				<ele>504.000000</ele>
			</trkpt>
			<trkpt lat="49.524814" lon="18.751630">
				<ele>505.000000</ele>
			</trkpt>
			<trkpt lat="49.524942" lon="18.751586">
				<ele>505.000000</ele>
			</trkpt>
			<trkpt lat="49.525023" lon="18.751586">
				<ele>505.000000</ele>
			</trkpt>
			<trkpt lat="49.525123" lon="18.751586">
				<ele>505.000000</ele>
			</trkpt>
			<trkpt lat="49.525227" lon="18.751613">
				<ele>505.000000</ele>
			</trkpt>
			<trkpt lat="49.525490" lon="18.751685">
				<ele>505.000000</ele>
			</trkpt>
			<trkpt lat="49.525595" lon="18.751739">
				<ele>505.000000</ele>
			</trkpt>
			<trkpt lat="49.525618" lon="18.751766">
				<ele>505.000000</ele>
			</trkpt>
			<trkpt lat="49.525647" lon="18.751810">
				<ele>505.000000</ele>
			</trkpt>
			<trkpt lat="49.525770" lon="18.752106">
				<ele>505.000000</ele>
			</trkpt>
			<trkpt lat="49.525863" lon="18.752278">
				<ele>505.000000</ele>
			</trkpt>
			<trkpt lat="49.525875" lon="18.752188">
				<ele>505.000000</ele>
			</trkpt>
			<trkpt lat="49.525886" lon="18.752089">
				<ele>505.000000</ele>
			</trkpt>
			<trkpt lat="49.525892" lon="18.751720">
				<ele>505.000000</ele>
			</trkpt>
			<trkpt lat="49.525910" lon="18.751370">
				<ele>505.000000</ele>
			</trkpt>
			<trkpt lat="49.525834" lon="18.751343">
				<ele>505.000000</ele>
			</trkpt>
			<trkpt lat="49.525799" lon="18.751244">
				<ele>505.000000</ele>
			</trkpt>
			<trkpt lat="49.525612" lon="18.751154">
				<ele>505.000000</ele>
			</trkpt>
			<trkpt lat="49.525560" lon="18.751137">
				<ele>505.000000</ele>
			</trkpt>
			<trkpt lat="49.525525" lon="18.751091">
				<ele>505.000000</ele>
			</trkpt>
			<trkpt lat="49.525490" lon="18.751047">
				<ele>506.000000</ele>
			</trkpt>
			<trkpt lat="49.525467" lon="18.750984">
				<ele>506.000000</ele>
			</trkpt>
			<trkpt lat="49.525361" lon="18.750571">
				<ele>508.000000</ele>
			</trkpt>
			<trkpt lat="49.525280" lon="18.750347">
				<ele>509.000000</ele>
			</trkpt>
			<trkpt lat="49.525286" lon="18.750202">
				<ele>510.000000</ele>
			</trkpt>
			<trkpt lat="49.525280" lon="18.750077">
				<ele>511.000000</ele>
			</trkpt>
			<trkpt lat="49.525262" lon="18.749969">
				<ele>511.000000</ele>
			</trkpt>
			<trkpt lat="49.525216" lon="18.749772">
				<ele>512.000000</ele>
			</trkpt>
			<trkpt lat="49.525070" lon="18.749043">
				<ele>517.000000</ele>
			</trkpt>
			<trkpt lat="49.524942" lon="18.748271">
				<ele>523.000000</ele>
			</trkpt>
			<trkpt lat="49.524913" lon="18.748064">
				<ele>525.000000</ele>
			</trkpt>
			<trkpt lat="49.524878" lon="18.747938">
				<ele>526.000000</ele>
			</trkpt>
			<trkpt lat="49.524837" lon="18.747822">
				<ele>527.000000</ele>
			</trkpt>
			<trkpt lat="49.524779" lon="18.747705">
				<ele>528.000000</ele>
			</trkpt>
			<trkpt lat="49.524539" lon="18.747282">
				<ele>531.000000</ele>
			</trkpt>
			<trkpt lat="49.524446" lon="18.747085">
				<ele>533.000000</ele>
			</trkpt>
			<trkpt lat="49.524376" lon="18.746915">
				<ele>534.000000</ele>
			</trkpt>
			<trkpt lat="49.524318" lon="18.746745">
				<ele>536.000000</ele>
			</trkpt>
			<trkpt lat="49.524248" lon="18.746546">
				<ele>537.000000</ele>
			</trkpt>
			<trkpt lat="49.524195" lon="18.746330">
				<ele>539.000000</ele>
			</trkpt>
			<trkpt lat="49.524137" lon="18.746097">
				<ele>541.000000</ele>
			</trkpt>
			<trkpt lat="49.524091" lon="18.745854">
				<ele>543.000000</ele>
			</trkpt>
			<trkpt lat="49.524015" lon="18.745837">
				<ele>544.000000</ele>
			</trkpt>
			<trkpt lat="49.523869" lon="18.745774">
				<ele>546.000000</ele>
			</trkpt>
			<trkpt lat="49.523793" lon="18.745738">
				<ele>548.000000</ele>
			</trkpt>
			<trkpt lat="49.523711" lon="18.745729">
				<ele>549.000000</ele>
			</trkpt>
			<trkpt lat="49.523630" lon="18.745729">
				<ele>551.000000</ele>
			</trkpt>
			<trkpt lat="49.523496" lon="18.745756">
				<ele>554.000000</ele>
			</trkpt>
			<trkpt lat="49.523385" lon="18.745747">
				<ele>556.000000</ele>
			</trkpt>
			<trkpt lat="49.523280" lon="18.745738">
				<ele>558.000000</ele>
			</trkpt>
			<trkpt lat="49.522982" lon="18.745630">
				<ele>563.000000</ele>
			</trkpt>
			<trkpt lat="49.523023" lon="18.745334">
				<ele>565.000000</ele>
			</trkpt>
			<trkpt lat="49.523029" lon="18.745028">
				<ele>567.000000</ele>
			</trkpt>
			<trkpt lat="49.523035" lon="18.744948">
				<ele>568.000000</ele>
			</trkpt>
			<trkpt lat="49.523029" lon="18.744777">
				<ele>569.000000</ele>
			</trkpt>
			<trkpt lat="49.523006" lon="18.744642">
				<ele>570.000000</ele>
			</trkpt>
			<trkpt lat="49.522965" lon="18.744489">
				<ele>571.000000</ele>
			</trkpt>
			<trkpt lat="49.522883" lon="18.744246">
				<ele>573.000000</ele>
			</trkpt>
			<trkpt lat="49.522837" lon="18.744049">
				<ele>574.000000</ele>
			</trkpt>
			<trkpt lat="49.522784" lon="18.743797">
				<ele>577.000000</ele>
			</trkpt>
			<trkpt lat="49.522720" lon="18.743529">
				<ele>580.000000</ele>
			</trkpt>
			<trkpt lat="49.522697" lon="18.743439">
				<ele>581.000000</ele>
			</trkpt>
			<trkpt lat="49.522650" lon="18.743366">
				<ele>582.000000</ele>
			</trkpt>
			<trkpt lat="49.522545" lon="18.743169">
				<ele>584.000000</ele>
			</trkpt>
			<trkpt lat="49.522440" lon="18.742908">
				<ele>587.000000</ele>
			</trkpt>
			<trkpt lat="49.522387" lon="18.742755">
				<ele>589.000000</ele>
			</trkpt>
			<trkpt lat="49.522353" lon="18.742665">
				<ele>590.000000</ele>
			</trkpt>
			<trkpt lat="49.522271" lon="18.742567">
				<ele>591.000000</ele>
			</trkpt>
			<trkpt lat="49.522230" lon="18.742477">
				<ele>592.000000</ele>
			</trkpt>
			<trkpt lat="49.522184" lon="18.742369">
				<ele>594.000000</ele>
			</trkpt>
			<trkpt lat="49.522131" lon="18.742279">
				<ele>595.000000</ele>
			</trkpt>
			<trkpt lat="49.522078" lon="18.742217">
				<ele>596.000000</ele>
			</trkpt>
			<trkpt lat="49.521997" lon="18.742172">
				<ele>598.000000</ele>
			</trkpt>
			<trkpt lat="49.521834" lon="18.742045">
				<ele>601.000000</ele>
			</trkpt>
			<trkpt lat="49.521717" lon="18.742001">
				<ele>603.000000</ele>
			</trkpt>
			<trkpt lat="49.521635" lon="18.741911">
				<ele>606.000000</ele>
			</trkpt>
			<trkpt lat="49.521559" lon="18.741776">
				<ele>609.000000</ele>
			</trkpt>
			<trkpt lat="49.521501" lon="18.741651">
				<ele>612.000000</ele>
			</trkpt>
			<trkpt lat="49.521425" lon="18.741462">
				<ele>616.000000</ele>
			</trkpt>
			<trkpt lat="49.521402" lon="18.741426">
				<ele>617.000000</ele>
			</trkpt>
			<trkpt lat="49.521367" lon="18.741390">
				<ele>618.000000</ele>
			</trkpt>
			<trkpt lat="49.521321" lon="18.741372">
				<ele>619.000000</ele>
			</trkpt>
			<trkpt lat="49.521268" lon="18.741372">
				<ele>621.000000</ele>
			</trkpt>
			<trkpt lat="49.521215" lon="18.741382">
				<ele>622.000000</ele>
			</trkpt>
			<trkpt lat="49.521152" lon="18.741399">
				<ele>623.000000</ele>
			</trkpt>
			<trkpt lat="49.521087" lon="18.741435">
				<ele>625.000000</ele>
			</trkpt>
			<trkpt lat="49.521005" lon="18.741498">
				<ele>627.000000</ele>
			</trkpt>
			<trkpt lat="49.520965" lon="18.741543">
				<ele>628.000000</ele>
			</trkpt>
			<trkpt lat="49.520912" lon="18.741561">
				<ele>629.000000</ele>
			</trkpt>
			<trkpt lat="49.520802" lon="18.741569">
				<ele>631.000000</ele>
			</trkpt>
			<trkpt lat="49.520749" lon="18.741569">
				<ele>632.000000</ele>
			</trkpt>
			<trkpt lat="49.520708" lon="18.741533">
				<ele>633.000000</ele>
			</trkpt>
			<trkpt lat="49.520673" lon="18.741506">
				<ele>634.000000</ele>
			</trkpt>
			<trkpt lat="49.520644" lon="18.741471">
				<ele>635.000000</ele>
			</trkpt>
			<trkpt lat="49.520580" lon="18.741506">
				<ele>635.000000</ele>
			</trkpt>
			<trkpt lat="49.520527" lon="18.741533">
				<ele>635.000000</ele>
			</trkpt>
			<trkpt lat="49.520236" lon="18.741552">
				<ele>636.000000</ele>
			</trkpt>
			<trkpt lat="49.520177" lon="18.741498">
				<ele>638.000000</ele>
			</trkpt>
			<trkpt lat="49.520142" lon="18.741426">
				<ele>640.000000</ele>
			</trkpt>
			<trkpt lat="49.520125" lon="18.741336">
				<ele>642.000000</ele>
			</trkpt>
			<trkpt lat="49.520114" lon="18.741210">
				<ele>645.000000</ele>
			</trkpt>
			<trkpt lat="49.520102" lon="18.740699">
				<ele>655.000000</ele>
			</trkpt>
			<trkpt lat="49.520096" lon="18.740061">
				<ele>668.000000</ele>
			</trkpt>
			<trkpt lat="49.520108" lon="18.739774">
				<ele>672.000000</ele>
			</trkpt>
			<trkpt lat="49.520136" lon="18.739458">
				<ele>677.000000</ele>
			</trkpt>
			<trkpt lat="49.520148" lon="18.739332">
				<ele>678.000000</ele>
			</trkpt>
			<trkpt lat="49.520142" lon="18.739243">
				<ele>679.000000</ele>
			</trkpt>
			<trkpt lat="49.520125" lon="18.739181">
				<ele>680.000000</ele>
			</trkpt>
			<trkpt lat="49.520090" lon="18.739126">
				<ele>681.000000</ele>
			</trkpt>
			<trkpt lat="49.519967" lon="18.739001">
				<ele>683.000000</ele>
			</trkpt>
			<trkpt lat="49.519909" lon="18.738902">
				<ele>685.000000</ele>
			</trkpt>
			<trkpt lat="49.519833" lon="18.738749">
				<ele>688.000000</ele>
			</trkpt>
			<trkpt lat="49.519798" lon="18.738705">
				<ele>689.000000</ele>
			</trkpt>
			<trkpt lat="49.519764" lon="18.738659">
				<ele>690.000000</ele>
			</trkpt>
			<trkpt lat="49.519711" lon="18.738623">
				<ele>691.000000</ele>
			</trkpt>
			<trkpt lat="49.519658" lon="18.738606">
				<ele>692.000000</ele>
			</trkpt>
			<trkpt lat="49.519530" lon="18.738615">
				<ele>694.000000</ele>
			</trkpt>
			<trkpt lat="49.519431" lon="18.738606">
				<ele>696.000000</ele>
			</trkpt>
			<trkpt lat="49.519279" lon="18.738596">
				<ele>699.000000</ele>
			</trkpt>
			<trkpt lat="49.519157" lon="18.738587">
				<ele>701.000000</ele>
			</trkpt>
			<trkpt lat="49.519040" lon="18.738587">
				<ele>704.000000</ele>
			</trkpt>
			<trkpt lat="49.518918" lon="18.738623">
				<ele>706.000000</ele>
			</trkpt>
			<trkpt lat="49.518714" lon="18.738677">
				<ele>710.000000</ele>
			</trkpt>
			<trkpt lat="49.518667" lon="18.738686">
				<ele>711.000000</ele>
			</trkpt>
			<trkpt lat="49.518521" lon="18.738758">
				<ele>712.000000</ele>
			</trkpt>
			<trkpt lat="49.518445" lon="18.738776">
				<ele>713.000000</ele>
			</trkpt>
			<trkpt lat="49.518363" lon="18.738785">
				<ele>714.000000</ele>
			</trkpt>
			<trkpt lat="49.518270" lon="18.738740">
				<ele>715.000000</ele>
			</trkpt>
			<trkpt lat="49.518235" lon="18.738705">
				<ele>715.000000</ele>
			</trkpt>
			<trkpt lat="49.518218" lon="18.738650">
				<ele>716.000000</ele>
			</trkpt>
			<trkpt lat="49.518171" lon="18.738579">
				<ele>717.000000</ele>
			</trkpt>
			<trkpt lat="49.518148" lon="18.738533">
				<ele>718.000000</ele>
			</trkpt>
			<trkpt lat="49.518125" lon="18.738489">
				<ele>718.000000</ele>
			</trkpt>
			<trkpt lat="49.518101" lon="18.738407">
				<ele>719.000000</ele>
			</trkpt>
			<trkpt lat="49.517880" lon="18.737078">
				<ele>732.000000</ele>
			</trkpt>
			<trkpt lat="49.517857" lon="18.736988">
				<ele>733.000000</ele>
			</trkpt>
			<trkpt lat="49.517833" lon="18.736908">
				<ele>734.000000</ele>
			</trkpt>
			<trkpt lat="49.517710" lon="18.736692">
				<ele>739.000000</ele>
			</trkpt>
			<trkpt lat="49.517669" lon="18.736602">
				<ele>741.000000</ele>
			</trkpt>
			<trkpt lat="49.517647" lon="18.736531">
				<ele>742.000000</ele>
			</trkpt>
			<trkpt lat="49.517600" lon="18.736296">
				<ele>746.000000</ele>
			</trkpt>
			<trkpt lat="49.517559" lon="18.736153">
				<ele>748.000000</ele>
			</trkpt>
			<trkpt lat="49.517553" lon="18.736072">
				<ele>749.000000</ele>
			</trkpt>
			<trkpt lat="49.517553" lon="18.735812">
				<ele>751.000000</ele>
			</trkpt>
			<trkpt lat="49.517530" lon="18.735623">
				<ele>752.000000</ele>
			</trkpt>
			<trkpt lat="49.517466" lon="18.735183">
				<ele>755.000000</ele>
			</trkpt>
			<trkpt lat="49.517419" lon="18.734958">
				<ele>755.000000</ele>
			</trkpt>
			<trkpt lat="49.517384" lon="18.734841">
				<ele>755.000000</ele>
			</trkpt>
			<trkpt lat="49.517361" lon="18.734787">
				<ele>755.000000</ele>
			</trkpt>
			<trkpt lat="49.517325" lon="18.734743">
				<ele>755.000000</ele>
			</trkpt>
			<trkpt lat="49.517285" lon="18.734707">
				<ele>755.000000</ele>
			</trkpt>
			<trkpt lat="49.517226" lon="18.734707">
				<ele>755.000000</ele>
			</trkpt>
			<trkpt lat="49.517005" lon="18.734617">
				<ele>755.000000</ele>
			</trkpt>
			<trkpt lat="49.516597" lon="18.734500">
				<ele>757.000000</ele>
			</trkpt>
			<trkpt lat="49.516422" lon="18.734338">
				<ele>758.000000</ele>
			</trkpt>
			<trkpt lat="49.516311" lon="18.734095">
				<ele>759.000000</ele>
			</trkpt>
			<trkpt lat="49.516224" lon="18.733871">
				<ele>760.000000</ele>
			</trkpt>
			<trkpt lat="49.516188" lon="18.733755">
				<ele>761.000000</ele>
			</trkpt>
			<trkpt lat="49.516165" lon="18.733611">
				<ele>762.000000</ele>
			</trkpt>
			<trkpt lat="49.516159" lon="18.733476">
				<ele>763.000000</ele>
			</trkpt>
			<trkpt lat="49.516165" lon="18.733432">
				<ele>763.000000</ele>
			</trkpt>
			<trkpt lat="49.516224" lon="18.733153">
				<ele>765.000000</ele>
			</trkpt>
			<trkpt lat="49.516358" lon="18.732677">
				<ele>772.000000</ele>
			</trkpt>
			<trkpt lat="49.516387" lon="18.732550">
				<ele>774.000000</ele>
			</trkpt>
			<trkpt lat="49.516439" lon="18.732461">
				<ele>776.000000</ele>
			</trkpt>
			<trkpt lat="49.516492" lon="18.732371">
				<ele>777.000000</ele>
			</trkpt>
			<trkpt lat="49.516579" lon="18.732281">
				<ele>780.000000</ele>
			</trkpt>
			<trkpt lat="49.516644" lon="18.732210">
				<ele>781.000000</ele>
			</trkpt>
			<trkpt lat="49.516702" lon="18.732147">
				<ele>783.000000</ele>
			</trkpt>
			<trkpt lat="49.516748" lon="18.732084">
				<ele>784.000000</ele>
			</trkpt>
			<trkpt lat="49.516812" lon="18.731940">
				<ele>786.000000</ele>
			</trkpt>
			<trkpt lat="49.516865" lon="18.731761">
				<ele>788.000000</ele>
			</trkpt>
			<trkpt lat="49.516929" lon="18.731464">
				<ele>791.000000</ele>
			</trkpt>
			<trkpt lat="49.517057" lon="18.730826">
				<ele>799.000000</ele>
			</trkpt>
			<trkpt lat="49.517092" lon="18.730629">
				<ele>801.000000</ele>
			</trkpt>
			<trkpt lat="49.517110" lon="18.730493">
				<ele>803.000000</ele>
			</trkpt>
			<trkpt lat="49.517128" lon="18.730340">
				<ele>805.000000</ele>
			</trkpt>
			<trkpt lat="49.517133" lon="18.730161">
				<ele>808.000000</ele>
			</trkpt>
			<trkpt lat="49.517128" lon="18.730080">
				<ele>809.000000</ele>
			</trkpt>
			<trkpt lat="49.517122" lon="18.729954">
				<ele>811.000000</ele>
			</trkpt>
			<trkpt lat="49.517087" lon="18.729847">
				<ele>813.000000</ele>
			</trkpt>
			<trkpt lat="49.517040" lon="18.729730">
				<ele>815.000000</ele>
			</trkpt>
			<trkpt lat="49.516947" lon="18.729568">
				<ele>818.000000</ele>
			</trkpt>
			<trkpt lat="49.516806" lon="18.729325">
				<ele>823.000000</ele>
			</trkpt>
			<trkpt lat="49.516743" lon="18.729182">
				<ele>825.000000</ele>
			</trkpt>
			<trkpt lat="49.516702" lon="18.729029">
				<ele>828.000000</ele>
			</trkpt>
			<trkpt lat="49.516690" lon="18.728877">
				<ele>830.000000</ele>
			</trkpt>
			<trkpt lat="49.516684" lon="18.728679">
				<ele>833.000000</ele>
			</trkpt>
			<trkpt lat="49.516667" lon="18.728508">
				<ele>836.000000</ele>
			</trkpt>
			<trkpt lat="49.516644" lon="18.728355">
				<ele>838.000000</ele>
			</trkpt>
			<trkpt lat="49.516591" lon="18.728176">
				<ele>841.000000</ele>
			</trkpt>
			<trkpt lat="49.516568" lon="18.728086">
				<ele>842.000000</ele>
			</trkpt>
			<trkpt lat="49.516538" lon="18.728015">
				<ele>843.000000</ele>
			</trkpt>
			<trkpt lat="49.516492" lon="18.727627">
				<ele>849.000000</ele>
			</trkpt>
			<trkpt lat="49.516497" lon="18.727503">
				<ele>851.000000</ele>
			</trkpt>
			<trkpt lat="49.516527" lon="18.727386">
				<ele>852.000000</ele>
			</trkpt>
			<trkpt lat="49.516573" lon="18.727206">
				<ele>854.000000</ele>
			</trkpt>
			<trkpt lat="49.516585" lon="18.726954">
				<ele>857.000000</ele>
			</trkpt>
			<trkpt lat="49.516603" lon="18.726694">
				<ele>860.000000</ele>
			</trkpt>
			<trkpt lat="49.516649" lon="18.726478">
				<ele>860.000000</ele>
			</trkpt>
			<trkpt lat="49.516707" lon="18.726245">
				<ele>860.000000</ele>
			</trkpt>
			<trkpt lat="49.516830" lon="18.725895">
				<ele>860.000000</ele>
			</trkpt>
			<trkpt lat="49.516847" lon="18.725813">
				<ele>860.000000</ele>
			</trkpt>
			<trkpt lat="49.516859" lon="18.725732">
				<ele>860.000000</ele>
			</trkpt>
			<trkpt lat="49.516871" lon="18.725652">
				<ele>860.000000</ele>
			</trkpt>
			<trkpt lat="49.516865" lon="18.725571">
				<ele>860.000000</ele>
			</trkpt>
			<trkpt lat="49.516836" lon="18.725400">
				<ele>860.000000</ele>
			</trkpt>
			<trkpt lat="49.516754" lon="18.725095">
				<ele>860.000000</ele>
			</trkpt>
			<trkpt lat="49.516731" lon="18.724969">
				<ele>860.000000</ele>
			</trkpt>
			<trkpt lat="49.516731" lon="18.724843">
				<ele>860.000000</ele>
			</trkpt>
			<trkpt lat="49.516731" lon="18.724726">
				<ele>860.000000</ele>
			</trkpt>
			<trkpt lat="49.516748" lon="18.724493">
				<ele>860.000000</ele>
			</trkpt>
			<trkpt lat="49.516778" lon="18.724197">
				<ele>860.000000</ele>
			</trkpt>
			<trkpt lat="49.516824" lon="18.723864">
				<ele>860.000000</ele>
			</trkpt>
			<trkpt lat="49.516847" lon="18.723675">
				<ele>860.000000</ele>
			</trkpt>
			<trkpt lat="49.516888" lon="18.723522">
				<ele>860.000000</ele>
			</trkpt>
			<trkpt lat="49.517040" lon="18.723055">
				<ele>860.000000</ele>
			</trkpt>
			<trkpt lat="49.517057" lon="18.722975">
				<ele>860.000000</ele>
			</trkpt>
			<trkpt lat="49.517081" lon="18.722876">
				<ele>860.000000</ele>
			</trkpt>
			<trkpt lat="49.517081" lon="18.722795">
				<ele>860.000000</ele>
			</trkpt>
			<trkpt lat="49.517075" lon="18.722696">
				<ele>860.000000</ele>
			</trkpt>
			<trkpt lat="49.517063" lon="18.722616">
				<ele>860.000000</ele>
			</trkpt>
			<trkpt lat="49.517040" lon="18.722499">
				<ele>860.000000</ele>
			</trkpt>
			<trkpt lat="49.516947" lon="18.722247">
				<ele>860.000000</ele>
			</trkpt>
			<trkpt lat="49.516830" lon="18.721914">
				<ele>860.000000</ele>
			</trkpt>
			<trkpt lat="49.516748" lon="18.721618">
				<ele>860.000000</ele>
			</trkpt>
			<trkpt lat="49.516690" lon="18.721285">
				<ele>860.000000</ele>
			</trkpt>
			<trkpt lat="49.516631" lon="18.720855">
				<ele>860.000000</ele>
			</trkpt>
			<trkpt lat="49.516603" lon="18.720585">
				<ele>862.000000</ele>
			</trkpt>
			<trkpt lat="49.516585" lon="18.720369">
				<ele>864.000000</ele>
			</trkpt>
			<trkpt lat="49.516585" lon="18.720145">
				<ele>866.000000</ele>
			</trkpt>
			<trkpt lat="49.516585" lon="18.719857">
				<ele>868.000000</ele>
			</trkpt>
			<trkpt lat="49.516579" lon="18.719687">
				<ele>870.000000</ele>
			</trkpt>
			<trkpt lat="49.516573" lon="18.719587">
				<ele>871.000000</ele>
			</trkpt>
			<trkpt lat="49.516550" lon="18.719507">
				<ele>872.000000</ele>
			</trkpt>
			<trkpt lat="49.516527" lon="18.719409">
				<ele>873.000000</ele>
			</trkpt>
			<trkpt lat="49.516521" lon="18.719283">
				<ele>874.000000</ele>
			</trkpt>
			<trkpt lat="49.516544" lon="18.719147">
				<ele>875.000000</ele>
			</trkpt>
			<trkpt lat="49.516562" lon="18.718914">
				<ele>879.000000</ele>
			</trkpt>
			<trkpt lat="49.516568" lon="18.718690">
				<ele>881.000000</ele>
			</trkpt>
			<trkpt lat="49.516556" lon="18.718528">
				<ele>882.000000</ele>
			</trkpt>
			<trkpt lat="49.516509" lon="18.717953">
				<ele>887.000000</ele>
			</trkpt>
			<trkpt lat="49.516492" lon="18.717621">
				<ele>889.000000</ele>
			</trkpt>
			<trkpt lat="49.516503" lon="18.717342">
				<ele>891.000000</ele>
			</trkpt>
			<trkpt lat="49.516538" lon="18.717090">
				<ele>894.000000</ele>
			</trkpt>
			<trkpt lat="49.516609" lon="18.716786">
				<ele>897.000000</ele>
			</trkpt>
			<trkpt lat="49.516644" lon="18.716614">
				<ele>899.000000</ele>
			</trkpt>
			<trkpt lat="49.516678" lon="18.716381">
				<ele>902.000000</ele>
			</trkpt>
			<trkpt lat="49.516789" lon="18.716210">
				<ele>904.000000</ele>
			</trkpt>
			<trkpt lat="49.516900" lon="18.716067">
				<ele>905.000000</ele>
			</trkpt>
			<trkpt lat="49.516941" lon="18.715985">
				<ele>905.000000</ele>
			</trkpt>
			<trkpt lat="49.516970" lon="18.715905">
				<ele>905.000000</ele>
			</trkpt>
			<trkpt lat="49.516994" lon="18.715805">
				<ele>905.000000</ele>
			</trkpt>
			<trkpt lat="49.516994" lon="18.715681">
				<ele>905.000000</ele>
			</trkpt>
			<trkpt lat="49.516964" lon="18.715518">
				<ele>905.000000</ele>
			</trkpt>
			<trkpt lat="49.516958" lon="18.715429">
				<ele>905.000000</ele>
			</trkpt>
			<trkpt lat="49.516981" lon="18.715339">
				<ele>905.000000</ele>
			</trkpt>
			<trkpt lat="49.516958" lon="18.715142">
				<ele>905.000000</ele>
			</trkpt>
			<trkpt lat="49.516964" lon="18.715042">
				<ele>905.000000</ele>
			</trkpt>
			<trkpt lat="49.516964" lon="18.714962">
				<ele>905.000000</ele>
			</trkpt>
			<trkpt lat="49.516994" lon="18.714881">
				<ele>905.000000</ele>
			</trkpt>
			<trkpt lat="49.516981" lon="18.714729">
				<ele>905.000000</ele>
			</trkpt>
			<trkpt lat="49.516958" lon="18.714593">
				<ele>905.000000</ele>
			</trkpt>
			<trkpt lat="49.516929" lon="18.714459">
				<ele>905.000000</ele>
			</trkpt>
			<trkpt lat="49.516894" lon="18.714350">
				<ele>905.000000</ele>
			</trkpt>
			<trkpt lat="49.516853" lon="18.714234">
				<ele>906.000000</ele>
			</trkpt>
			<trkpt lat="49.516801" lon="18.714136">
				<ele>906.000000</ele>
			</trkpt>
			<trkpt lat="49.516754" lon="18.714046">
				<ele>907.000000</ele>
			</trkpt>
			<trkpt lat="49.516702" lon="18.713991">
				<ele>907.000000</ele>
			</trkpt>
			<trkpt lat="49.516544" lon="18.713839">
				<ele>908.000000</ele>
			</trkpt>
			<trkpt lat="49.516422" lon="18.713731">
				<ele>909.000000</ele>
			</trkpt>
			<trkpt lat="49.516317" lon="18.713668">
				<ele>910.000000</ele>
			</trkpt>
			<trkpt lat="49.516218" lon="18.713605">
				<ele>910.000000</ele>
			</trkpt>
			<trkpt lat="49.516112" lon="18.713570">
				<ele>911.000000</ele>
			</trkpt>
			<trkpt lat="49.516002" lon="18.713560">
				<ele>912.000000</ele>
			</trkpt>
			<trkpt lat="49.515874" lon="18.713570">
				<ele>913.000000</ele>
			</trkpt>
			<trkpt lat="49.515740" lon="18.713597">
				<ele>914.000000</ele>
			</trkpt>
			<trkpt lat="49.515675" lon="18.713605">
				<ele>914.000000</ele>
			</trkpt>
			<trkpt lat="49.515617" lon="18.713587">
				<ele>915.000000</ele>
			</trkpt>
			<trkpt lat="49.515553" lon="18.713543">
				<ele>915.000000</ele>
			</trkpt>
			<trkpt lat="49.515500" lon="18.713471">
				<ele>916.000000</ele>
			</trkpt>
			<trkpt lat="49.515459" lon="18.713354">
				<ele>917.000000</ele>
			</trkpt>
			<trkpt lat="49.515418" lon="18.713192">
				<ele>917.000000</ele>
			</trkpt>
			<trkpt lat="49.515390" lon="18.713031">
				<ele>918.000000</ele>
			</trkpt>
			<trkpt lat="49.515378" lon="18.712868">
				<ele>919.000000</ele>
			</trkpt>
			<trkpt lat="49.515372" lon="18.712689">
				<ele>920.000000</ele>
			</trkpt>
			<trkpt lat="49.515390" lon="18.712258">
				<ele>923.000000</ele>
			</trkpt>
			<trkpt lat="49.515413" lon="18.711665">
				<ele>925.000000</ele>
			</trkpt>
			<trkpt lat="49.515413" lon="18.711513">
				<ele>925.000000</ele>
			</trkpt>
			<trkpt lat="49.515390" lon="18.711350">
				<ele>926.000000</ele>
			</trkpt>
			<trkpt lat="49.515226" lon="18.710228">
				<ele>929.000000</ele>
			</trkpt>
			<trkpt lat="49.515209" lon="18.710075">
				<ele>930.000000</ele>
			</trkpt>
			<trkpt lat="49.515191" lon="18.709895">
				<ele>930.000000</ele>
			</trkpt>
			<trkpt lat="49.515185" lon="18.709329">
				<ele>933.000000</ele>
			</trkpt>
			<trkpt lat="49.515156" lon="18.709023">
				<ele>934.000000</ele>
			</trkpt>
			<trkpt lat="49.515086" lon="18.708404">
				<ele>937.000000</ele>
			</trkpt>
			<trkpt lat="49.515028" lon="18.707685">
				<ele>940.000000</ele>
			</trkpt>
			<trkpt lat="49.515010" lon="18.707434">
				<ele>940.000000</ele>
			</trkpt>
			<trkpt lat="49.514981" lon="18.707299">
				<ele>940.000000</ele>
			</trkpt>
			<trkpt lat="49.514946" lon="18.707228">
				<ele>940.000000</ele>
			</trkpt>
			<trkpt lat="49.514905" lon="18.707182">
				<ele>940.000000</ele>
			</trkpt>
			<trkpt lat="49.514818" lon="18.707065">
				<ele>940.000000</ele>
			</trkpt>
			<trkpt lat="49.514637" lon="18.706796">
				<ele>940.000000</ele>
			</trkpt>
			<trkpt lat="49.514305" lon="18.706221">
				<ele>933.000000</ele>
			</trkpt>
			<trkpt lat="49.514211" lon="18.706086">
				<ele>931.000000</ele>
			</trkpt>
			<trkpt lat="49.514106" lon="18.705943">
				<ele>929.000000</ele>
			</trkpt>
			<trkpt lat="49.513827" lon="18.705592">
				<ele>924.000000</ele>
			</trkpt>
			<trkpt lat="49.513675" lon="18.705413">
				<ele>923.000000</ele>
			</trkpt>
			<trkpt lat="49.513488" lon="18.705224">
				<ele>921.000000</ele>
			</trkpt>
			<trkpt lat="49.513383" lon="18.705098">
				<ele>920.000000</ele>
			</trkpt>
			<trkpt lat="49.513202" lon="18.704918">
				<ele>920.000000</ele>
			</trkpt>
			<trkpt lat="49.513021" lon="18.704702">
				<ele>920.000000</ele>
			</trkpt>
			<trkpt lat="49.512969" lon="18.704631">
				<ele>920.000000</ele>
			</trkpt>
			<trkpt lat="49.512928" lon="18.704541">
				<ele>920.000000</ele>
			</trkpt>
			<trkpt lat="49.512887" lon="18.704442">
				<ele>920.000000</ele>
			</trkpt>
			<trkpt lat="49.512788" lon="18.704182">
				<ele>920.000000</ele>
			</trkpt>
			<trkpt lat="49.512712" lon="18.703886">
				<ele>921.000000</ele>
			</trkpt>
			<trkpt lat="49.512672" lon="18.703750">
				<ele>921.000000</ele>
			</trkpt>
			<trkpt lat="49.512642" lon="18.703652">
				<ele>922.000000</ele>
			</trkpt>
			<trkpt lat="49.512497" lon="18.703337">
				<ele>923.000000</ele>
			</trkpt>
			<trkpt lat="49.512415" lon="18.703131">
				<ele>924.000000</ele>
			</trkpt>
			<trkpt lat="49.512357" lon="18.703023">
				<ele>925.000000</ele>
			</trkpt>
			<trkpt lat="49.512199" lon="18.702763">
				<ele>925.000000</ele>
			</trkpt>
			<trkpt lat="49.512106" lon="18.702574">
				<ele>925.000000</ele>
			</trkpt>
			<trkpt lat="49.512001" lon="18.702341">
				<ele>925.000000</ele>
			</trkpt>
			<trkpt lat="49.511855" lon="18.702071">
				<ele>925.000000</ele>
			</trkpt>
			<trkpt lat="49.511663" lon="18.701666">
				<ele>925.000000</ele>
			</trkpt>
			<trkpt lat="49.511557" lon="18.701423">
				<ele>925.000000</ele>
			</trkpt>
			<trkpt lat="49.511482" lon="18.701155">
				<ele>925.000000</ele>
			</trkpt>
			<trkpt lat="49.511289" lon="18.700400">
				<ele>925.000000</ele>
			</trkpt>
			<trkpt lat="49.511184" lon="18.700041">
				<ele>925.000000</ele>
			</trkpt>
			<trkpt lat="49.511097" lon="18.699825">
				<ele>925.000000</ele>
			</trkpt>
			<trkpt lat="49.511003" lon="18.699645">
				<ele>925.000000</ele>
			</trkpt>
			<trkpt lat="49.510893" lon="18.699465">
				<ele>924.000000</ele>
			</trkpt>
			<trkpt lat="49.510758" lon="18.699278">
				<ele>923.000000</ele>
			</trkpt>
			<trkpt lat="49.510828" lon="18.699259">
				<ele>924.000000</ele>
			</trkpt>
			<trkpt lat="49.510887" lon="18.699205">
				<ele>925.000000</ele>
			</trkpt>
			<trkpt lat="49.510939" lon="18.699115">
				<ele>927.000000</ele>
			</trkpt>
			<trkpt lat="49.510991" lon="18.699008">
				<ele>928.000000</ele>
			</trkpt>
			<trkpt lat="49.511010" lon="18.698909">
				<ele>929.000000</ele>
			</trkpt>
			<trkpt lat="49.511021" lon="18.698846">
				<ele>929.000000</ele>
			</trkpt>
			<trkpt lat="49.511027" lon="18.698756">
				<ele>930.000000</ele>
			</trkpt>
			<trkpt lat="49.511010" lon="18.698675">
				<ele>930.000000</ele>
			</trkpt>
			<trkpt lat="49.510991" lon="18.698603">
				<ele>931.000000</ele>
			</trkpt>
			<trkpt lat="49.510758" lon="18.697714">
				<ele>934.000000</ele>
			</trkpt>
			<trkpt lat="49.510630" lon="18.697255">
				<ele>935.000000</ele>
			</trkpt>
			<trkpt lat="49.510584" lon="18.697112">
				<ele>936.000000</ele>
			</trkpt>
			<trkpt lat="49.510338" lon="18.696375">
				<ele>937.000000</ele>
			</trkpt>
			<trkpt lat="49.510292" lon="18.696123">
				<ele>938.000000</ele>
			</trkpt>
			<trkpt lat="49.510234" lon="18.695909">
				<ele>938.000000</ele>
			</trkpt>
			<trkpt lat="49.510152" lon="18.695683">
				<ele>939.000000</ele>
			</trkpt>
			<trkpt lat="49.510053" lon="18.695423">
				<ele>939.000000</ele>
			</trkpt>
			<trkpt lat="49.509919" lon="18.695100">
				<ele>940.000000</ele>
			</trkpt>
			<trkpt lat="49.509813" lon="18.694758">
				<ele>942.000000</ele>
			</trkpt>
			<trkpt lat="49.509744" lon="18.694444">
				<ele>944.000000</ele>
			</trkpt>
			<trkpt lat="49.509575" lon="18.693708">
				<ele>948.000000</ele>
			</trkpt>
			<trkpt lat="49.509499" lon="18.693375">
				<ele>949.000000</ele>
			</trkpt>
			<trkpt lat="49.509422" lon="18.693087">
				<ele>950.000000</ele>
			</trkpt>
			<trkpt lat="49.509359" lon="18.692818">
				<ele>950.000000</ele>
			</trkpt>
			<trkpt lat="49.509172" lon="18.691794">
				<ele>950.000000</ele>
			</trkpt>
			<trkpt lat="49.509131" lon="18.691641">
				<ele>950.000000</ele>
			</trkpt>
			<trkpt lat="49.509078" lon="18.691498">
				<ele>950.000000</ele>
			</trkpt>
			<trkpt lat="49.509003" lon="18.691362">
				<ele>950.000000</ele>
			</trkpt>
			<trkpt lat="49.508892" lon="18.691219">
				<ele>950.000000</ele>
			</trkpt>
			<trkpt lat="49.508764" lon="18.691031">
				<ele>950.000000</ele>
			</trkpt>
			<trkpt lat="49.508653" lon="18.690842">
				<ele>950.000000</ele>
			</trkpt>
			<trkpt lat="49.508565" lon="18.690653">
				<ele>950.000000</ele>
			</trkpt>
			<trkpt lat="49.508349" lon="18.690114">
				<ele>950.000000</ele>
			</trkpt>
			<trkpt lat="49.508274" lon="18.689917">
				<ele>950.000000</ele>
			</trkpt>
			<trkpt lat="49.508221" lon="18.689720">
				<ele>950.000000</ele>
			</trkpt>
			<trkpt lat="49.508192" lon="18.689512">
				<ele>950.000000</ele>
			</trkpt>
			<trkpt lat="49.508134" lon="18.689064">
				<ele>950.000000</ele>
			</trkpt>
			<trkpt lat="49.508075" lon="18.688659">
				<ele>950.000000</ele>
			</trkpt>
			<trkpt lat="49.508052" lon="18.688533">
				<ele>950.000000</ele>
			</trkpt>
			<trkpt lat="49.507999" lon="18.688408">
				<ele>950.000000</ele>
			</trkpt>
			<trkpt lat="49.507848" lon="18.688049">
				<ele>951.000000</ele>
			</trkpt>
			<trkpt lat="49.507807" lon="18.687923">
				<ele>952.000000</ele>
			</trkpt>
			<trkpt lat="49.507777" lon="18.687806">
				<ele>953.000000</ele>
			</trkpt>
			<trkpt lat="49.507766" lon="18.687607">
				<ele>954.000000</ele>
			</trkpt>
			<trkpt lat="49.507755" lon="18.687320">
				<ele>956.000000</ele>
			</trkpt>
			<trkpt lat="49.507743" lon="18.687141">
				<ele>957.000000</ele>
			</trkpt>
			<trkpt lat="49.507719" lon="18.686970">
				<ele>958.000000</ele>
			</trkpt>
			<trkpt lat="49.507690" lon="18.686835">
				<ele>959.000000</ele>
			</trkpt>
			<trkpt lat="49.507608" lon="18.686485">
				<ele>961.000000</ele>
			</trkpt>
			<trkpt lat="49.507591" lon="18.686341">
				<ele>962.000000</ele>
			</trkpt>
			<trkpt lat="49.507574" lon="18.686234">
				<ele>963.000000</ele>
			</trkpt>
			<trkpt lat="49.507580" lon="18.685838">
				<ele>966.000000</ele>
			</trkpt>
			<trkpt lat="49.507580" lon="18.685695">
				<ele>967.000000</ele>
			</trkpt>
			<trkpt lat="49.507568" lon="18.685578">
				<ele>968.000000</ele>
			</trkpt>
			<trkpt lat="49.507544" lon="18.685479">
				<ele>969.000000</ele>
			</trkpt>
			<trkpt lat="49.507509" lon="18.685372">
				<ele>970.000000</ele>
			</trkpt>
			<trkpt lat="49.507387" lon="18.685110">
				<ele>973.000000</ele>
			</trkpt>
			<trkpt lat="49.507276" lon="18.684922">
				<ele>975.000000</ele>
			</trkpt>
			<trkpt lat="49.506990" lon="18.684500">
				<ele>981.000000</ele>
			</trkpt>
			<trkpt lat="49.506763" lon="18.684221">
				<ele>985.000000</ele>
			</trkpt>
			<trkpt lat="49.506670" lon="18.684104">
				<ele>987.000000</ele>
			</trkpt>
			<trkpt lat="49.506611" lon="18.684015">
				<ele>988.000000</ele>
			</trkpt>
			<trkpt lat="49.506558" lon="18.683925">
				<ele>989.000000</ele>
			</trkpt>
			<trkpt lat="49.506517" lon="18.683817">
				<ele>990.000000</ele>
			</trkpt>
			<trkpt lat="49.506418" lon="18.683521">
				<ele>992.000000</ele>
			</trkpt>
			<trkpt lat="49.506372" lon="18.683305">
				<ele>994.000000</ele>
			</trkpt>
			<trkpt lat="49.506355" lon="18.683198">
				<ele>994.000000</ele>
			</trkpt>
			<trkpt lat="49.506355" lon="18.683080">
				<ele>995.000000</ele>
			</trkpt>
			<trkpt lat="49.506355" lon="18.682963">
				<ele>996.000000</ele>
			</trkpt>
			<trkpt lat="49.506366" lon="18.682846">
				<ele>997.000000</ele>
			</trkpt>
			<trkpt lat="49.506366" lon="18.682838">
				<ele>997.000000</ele>
			</trkpt>
			<trkpt lat="49.506383" lon="18.682739">
				<ele>998.000000</ele>
			</trkpt>
			<trkpt lat="49.506483" lon="18.682307">
				<ele>1002.000000</ele>
			</trkpt>
			<trkpt lat="49.506839" lon="18.681005">
				<ele>1020.000000</ele>
			</trkpt>
			<trkpt lat="49.506897" lon="18.680745">
				<ele>1025.000000</ele>
			</trkpt>
			<trkpt lat="49.506938" lon="18.680556">
				<ele>1026.000000</ele>
			</trkpt>
			<trkpt lat="49.506979" lon="18.680412">
				<ele>1027.000000</ele>
			</trkpt>
			<trkpt lat="49.507025" lon="18.680259">
				<ele>1028.000000</ele>
			</trkpt>
			<trkpt lat="49.507078" lon="18.680152">
				<ele>1029.000000</ele>
			</trkpt>
			<trkpt lat="49.507346" lon="18.679567">
				<ele>1034.000000</ele>
			</trkpt>
			<trkpt lat="49.507387" lon="18.679460">
				<ele>1035.000000</ele>
			</trkpt>
			<trkpt lat="49.507416" lon="18.679326">
				<ele>1036.000000</ele>
			</trkpt>
			<trkpt lat="49.507527" lon="18.678464">
				<ele>1041.000000</ele>
			</trkpt>
			<trkpt lat="49.507615" lon="18.677925">
				<ele>1043.000000</ele>
			</trkpt>
			<trkpt lat="49.507626" lon="18.677753">
				<ele>1043.000000</ele>
			</trkpt>
			<trkpt lat="49.507626" lon="18.677529">
				<ele>1044.000000</ele>
			</trkpt>
			<trkpt lat="49.507626" lon="18.676946">
				<ele>1046.000000</ele>
			</trkpt>
			<trkpt lat="49.507626" lon="18.676738">
				<ele>1047.000000</ele>
			</trkpt>
			<trkpt lat="49.507632" lon="18.676577">
				<ele>1047.000000</ele>
			</trkpt>
			<trkpt lat="49.507632" lon="18.676424">
				<ele>1048.000000</ele>
			</trkpt>
			<trkpt lat="49.507621" lon="18.676271">
				<ele>1048.000000</ele>
			</trkpt>
			<trkpt lat="49.507591" lon="18.676074">
				<ele>1049.000000</ele>
			</trkpt>
			<trkpt lat="49.507544" lon="18.675849">
				<ele>1050.000000</ele>
			</trkpt>
			<trkpt lat="49.507451" lon="18.675399">
				<ele>1051.000000</ele>
			</trkpt>
			<trkpt lat="49.507212" lon="18.674376">
				<ele>1055.000000</ele>
			</trkpt>
			<trkpt lat="49.507014" lon="18.673577">
				<ele>1058.000000</ele>
			</trkpt>
			<trkpt lat="49.506984" lon="18.673460">
				<ele>1058.000000</ele>
			</trkpt>
			<trkpt lat="49.506897" lon="18.673298">
				<ele>1059.000000</ele>
			</trkpt>
			<trkpt lat="49.506599" lon="18.672749">
				<ele>1061.000000</ele>
			</trkpt>
			<trkpt lat="49.506558" lon="18.672669">
				<ele>1062.000000</ele>
			</trkpt>
			<trkpt lat="49.506524" lon="18.672516">
				<ele>1062.000000</ele>
			</trkpt>
			<trkpt lat="49.506395" lon="18.671869">
				<ele>1064.000000</ele>
			</trkpt>
			<trkpt lat="49.506238" lon="18.671204">
				<ele>1062.000000</ele>
			</trkpt>
			<trkpt lat="49.506238" lon="18.671196">
				<ele>1062.000000</ele>
			</trkpt>
			<trkpt lat="49.506180" lon="18.670998">
				<ele>1061.000000</ele>
			</trkpt>
			<trkpt lat="49.506162" lon="18.670954">
				<ele>1061.000000</ele>
			</trkpt>
			<trkpt lat="49.506145" lon="18.670927">
				<ele>1060.000000</ele>
			</trkpt>
			<trkpt lat="49.506074" lon="18.670864">
				<ele>1060.000000</ele>
			</trkpt>
			<trkpt lat="49.505888" lon="18.670728">
				<ele>1058.000000</ele>
			</trkpt>
			<trkpt lat="49.505661" lon="18.670585">
				<ele>1056.000000</ele>
			</trkpt>
			<trkpt lat="49.505579" lon="18.670548">
				<ele>1055.000000</ele>
			</trkpt>
			<trkpt lat="49.505508" lon="18.670531">
				<ele>1054.000000</ele>
			</trkpt>
			<trkpt lat="49.505439" lon="18.670514">
				<ele>1054.000000</ele>
			</trkpt>
			<trkpt lat="49.505345" lon="18.670522">
				<ele>1053.000000</ele>
			</trkpt>
			<trkpt lat="49.505240" lon="18.670522">
				<ele>1052.000000</ele>
			</trkpt>
			<trkpt lat="49.505141" lon="18.670504">
				<ele>1051.000000</ele>
			</trkpt>
			<trkpt lat="49.504517" lon="18.670334">
				<ele>1046.000000</ele>
			</trkpt>
			<trkpt lat="49.504395" lon="18.670298">
				<ele>1045.000000</ele>
			</trkpt>
			<trkpt lat="49.504348" lon="18.670252">
				<ele>1044.000000</ele>
			</trkpt>
			<trkpt lat="49.504307" lon="18.670208">
				<ele>1044.000000</ele>
			</trkpt>
			<trkpt lat="49.504149" lon="18.669956">
				<ele>1042.000000</ele>
			</trkpt>
			<trkpt lat="49.503963" lon="18.669623">
				<ele>1039.000000</ele>
			</trkpt>
			<trkpt lat="49.503846" lon="18.669382">
				<ele>1036.000000</ele>
			</trkpt>
			<trkpt lat="49.503805" lon="18.669282">
				<ele>1035.000000</ele>
			</trkpt>
			<trkpt lat="49.503764" lon="18.669156">
				<ele>1034.000000</ele>
			</trkpt>
			<trkpt lat="49.503624" lon="18.668707">
				<ele>1032.000000</ele>
			</trkpt>
			<trkpt lat="49.503432" lon="18.668195">
				<ele>1030.000000</ele>
			</trkpt>
			<trkpt lat="49.503385" lon="18.668061">
				<ele>1029.000000</ele>
			</trkpt>
			<trkpt lat="49.503327" lon="18.667953">
				<ele>1028.000000</ele>
			</trkpt>
			<trkpt lat="49.503169" lon="18.667701">
				<ele>1026.000000</ele>
			</trkpt>
			<trkpt lat="49.503129" lon="18.667629">
				<ele>1025.000000</ele>
			</trkpt>
			<trkpt lat="49.503094" lon="18.667575">
				<ele>1025.000000</ele>
			</trkpt>
			<trkpt lat="49.503053" lon="18.667388">
				<ele>1024.000000</ele>
			</trkpt>
			<trkpt lat="49.502872" lon="18.666399">
				<ele>1020.000000</ele>
			</trkpt>
			<trkpt lat="49.502790" lon="18.666040">
				<ele>1020.000000</ele>
			</trkpt>
			<trkpt lat="49.502697" lon="18.665653">
				<ele>1020.000000</ele>
			</trkpt>
			<trkpt lat="49.502405" lon="18.664602">
				<ele>1016.000000</ele>
			</trkpt>
			<trkpt lat="49.502370" lon="18.664495">
				<ele>1015.000000</ele>
			</trkpt>
			<trkpt lat="49.502329" lon="18.664405">
				<ele>1014.000000</ele>
			</trkpt>
			<trkpt lat="49.502312" lon="18.664378">
				<ele>1013.000000</ele>
			</trkpt>
			<trkpt lat="49.502312" lon="18.664332">
				<ele>1012.000000</ele>
			</trkpt>
			<trkpt lat="49.502323" lon="18.664296">
				<ele>1012.000000</ele>
			</trkpt>
			<trkpt lat="49.502341" lon="18.664269">
				<ele>1011.000000</ele>
			</trkpt>
			<trkpt lat="49.502411" lon="18.664206">
				<ele>1009.000000</ele>
			</trkpt>
			<trkpt lat="49.502457" lon="18.664153">
				<ele>1007.000000</ele>
			</trkpt>
			<trkpt lat="49.502504" lon="18.664072">
				<ele>1005.000000</ele>
			</trkpt>
			<trkpt lat="49.502551" lon="18.663964">
				<ele>1002.000000</ele>
			</trkpt>
			<trkpt lat="49.502627" lon="18.663803">
				<ele>998.000000</ele>
			</trkpt>
			<trkpt lat="49.502679" lon="18.663659">
				<ele>994.000000</ele>
			</trkpt>
			<trkpt lat="49.502738" lon="18.663480">
				<ele>990.000000</ele>
			</trkpt>
			<trkpt lat="49.502825" lon="18.663254">
				<ele>983.000000</ele>
			</trkpt>
			<trkpt lat="49.502895" lon="18.663066">
				<ele>976.000000</ele>
			</trkpt>
			<trkpt lat="49.502924" lon="18.662931">
				<ele>973.000000</ele>
			</trkpt>
			<trkpt lat="49.503023" lon="18.662411">
				<ele>960.000000</ele>
			</trkpt>
			<trkpt lat="49.503076" lon="18.662141">
				<ele>957.000000</ele>
			</trkpt>
			<trkpt lat="49.503094" lon="18.661952">
				<ele>954.000000</ele>
			</trkpt>
			<trkpt lat="49.503099" lon="18.661745">
				<ele>952.000000</ele>
			</trkpt>
			<trkpt lat="49.503082" lon="18.661449">
				<ele>949.000000</ele>
			</trkpt>
			<trkpt lat="49.503059" lon="18.661197">
				<ele>947.000000</ele>
			</trkpt>
			<trkpt lat="49.503059" lon="18.660937">
				<ele>945.000000</ele>
			</trkpt>
			<trkpt lat="49.503070" lon="18.660361">
				<ele>942.000000</ele>
			</trkpt>
			<trkpt lat="49.503076" lon="18.660237">
				<ele>941.000000</ele>
			</trkpt>
			<trkpt lat="49.503088" lon="18.659832">
				<ele>941.000000</ele>
			</trkpt>
			<trkpt lat="49.503088" lon="18.659472">
				<ele>942.000000</ele>
			</trkpt>
			<trkpt lat="49.503082" lon="18.659436">
				<ele>942.000000</ele>
			</trkpt>
			<trkpt lat="49.503047" lon="18.659015">
				<ele>943.000000</ele>
			</trkpt>
			<trkpt lat="49.503029" lon="18.658790">
				<ele>944.000000</ele>
			</trkpt>
			<trkpt lat="49.502971" lon="18.658583">
				<ele>945.000000</ele>
			</trkpt>
			<trkpt lat="49.502889" lon="18.658386">
				<ele>945.000000</ele>
			</trkpt>
			<trkpt lat="49.502837" lon="18.658332">
				<ele>937.000000</ele>
			</trkpt>
			<trkpt lat="49.502848" lon="18.658206">
				<ele>937.000000</ele>
			</trkpt>
			<trkpt lat="49.502848" lon="18.658071">
				<ele>938.000000</ele>
			</trkpt>
			<trkpt lat="49.502843" lon="18.657990">
				<ele>938.000000</ele>
			</trkpt>
			<trkpt lat="49.502831" lon="18.657918">
				<ele>939.000000</ele>
			</trkpt>
			<trkpt lat="49.502802" lon="18.657811">
				<ele>939.000000</ele>
			</trkpt>
			<trkpt lat="49.502785" lon="18.657703">
				<ele>940.000000</ele>
			</trkpt>
			<trkpt lat="49.502772" lon="18.657614">
				<ele>940.000000</ele>
			</trkpt>
			<trkpt lat="49.502767" lon="18.657434">
				<ele>941.000000</ele>
			</trkpt>
			<trkpt lat="49.502749" lon="18.657380">
				<ele>941.000000</ele>
			</trkpt>
			<trkpt lat="49.502714" lon="18.657325">
				<ele>941.000000</ele>
			</trkpt>
			<trkpt lat="49.502668" lon="18.657290">
				<ele>942.000000</ele>
			</trkpt>
			<trkpt lat="49.502603" lon="18.657264">
				<ele>942.000000</ele>
			</trkpt>
			<trkpt lat="49.502522" lon="18.657235">
				<ele>943.000000</ele>
			</trkpt>
			<trkpt lat="49.502463" lon="18.657182">
				<ele>943.000000</ele>
			</trkpt>
			<trkpt lat="49.502394" lon="18.657065">
				<ele>944.000000</ele>
			</trkpt>
			<trkpt lat="49.502143" lon="18.656400">
				<ele>947.000000</ele>
			</trkpt>
			<trkpt lat="49.502044" lon="18.655933">
				<ele>949.000000</ele>
			</trkpt>
			<trkpt lat="49.501950" lon="18.655637">
				<ele>951.000000</ele>
			</trkpt>
			<trkpt lat="49.501798" lon="18.655143">
				<ele>956.000000</ele>
			</trkpt>
			<trkpt lat="49.501763" lon="18.654910">
				<ele>959.000000</ele>
			</trkpt>
			<trkpt lat="49.501734" lon="18.654658">
				<ele>960.000000</ele>
			</trkpt>
			<trkpt lat="49.501717" lon="18.654308">
				<ele>960.000000</ele>
			</trkpt>
			<trkpt lat="49.501688" lon="18.653930">
				<ele>960.000000</ele>
			</trkpt>
			<trkpt lat="49.501681" lon="18.653912">
				<ele>961.000000</ele>
			</trkpt>
			<trkpt lat="49.501606" lon="18.653516">
				<ele>963.000000</ele>
			</trkpt>
			<trkpt lat="49.501588" lon="18.653382">
				<ele>963.000000</ele>
			</trkpt>
			<trkpt lat="49.501588" lon="18.653212">
				<ele>964.000000</ele>
			</trkpt>
			<trkpt lat="49.501582" lon="18.653077">
				<ele>964.000000</ele>
			</trkpt>
			<trkpt lat="49.501565" lon="18.652951">
				<ele>964.000000</ele>
			</trkpt>
			<trkpt lat="49.501536" lon="18.652843">
				<ele>965.000000</ele>
			</trkpt>
			<trkpt lat="49.501478" lon="18.652646">
				<ele>964.000000</ele>
			</trkpt>
			<trkpt lat="49.501372" lon="18.652304">
				<ele>963.000000</ele>
			</trkpt>
			<trkpt lat="49.501291" lon="18.652008">
				<ele>962.000000</ele>
			</trkpt>
			<trkpt lat="49.501227" lon="18.651721">
				<ele>960.000000</ele>
			</trkpt>
			<trkpt lat="49.501169" lon="18.651361">
				<ele>959.000000</ele>
			</trkpt>
			<trkpt lat="49.501139" lon="18.651109">
				<ele>958.000000</ele>
			</trkpt>
			<trkpt lat="49.501134" lon="18.651002">
				<ele>957.000000</ele>
			</trkpt>
			<trkpt lat="49.501139" lon="18.650903">
				<ele>957.000000</ele>
			</trkpt>
			<trkpt lat="49.501151" lon="18.650803">
				<ele>956.000000</ele>
			</trkpt>
			<trkpt lat="49.501169" lon="18.650714">
				<ele>956.000000</ele>
			</trkpt>
			<trkpt lat="49.501203" lon="18.650616">
				<ele>956.000000</ele>
			</trkpt>
			<trkpt lat="49.501250" lon="18.650526">
				<ele>955.000000</ele>
			</trkpt>
			<trkpt lat="49.501344" lon="18.650310">
				<ele>955.000000</ele>
			</trkpt>
			<trkpt lat="49.501425" lon="18.650094">
				<ele>956.000000</ele>
			</trkpt>
			<trkpt lat="49.501466" lon="18.649933">
				<ele>956.000000</ele>
			</trkpt>
			<trkpt lat="49.501466" lon="18.649834">
				<ele>956.000000</ele>
			</trkpt>
			<trkpt lat="49.501472" lon="18.649780">
				<ele>958.000000</ele>
			</trkpt>
			<trkpt lat="49.501437" lon="18.649511">
				<ele>958.000000</ele>
			</trkpt>
			<trkpt lat="49.501396" lon="18.649304">
				<ele>957.000000</ele>
			</trkpt>
			<trkpt lat="49.501361" lon="18.649079">
				<ele>957.000000</ele>
			</trkpt>
			<trkpt lat="49.501250" lon="18.648253">
				<ele>955.000000</ele>
			</trkpt>
			<trkpt lat="49.501197" lon="18.647947">
				<ele>955.000000</ele>
			</trkpt>
			<trkpt lat="49.501162" lon="18.647650">
				<ele>954.000000</ele>
			</trkpt>
			<trkpt lat="49.501128" lon="18.647444">
				<ele>954.000000</ele>
			</trkpt>
			<trkpt lat="49.500941" lon="18.646878">
				<ele>953.000000</ele>
			</trkpt>
			<trkpt lat="49.500859" lon="18.646555">
				<ele>952.000000</ele>
			</trkpt>
			<trkpt lat="49.500812" lon="18.646348">
				<ele>952.000000</ele>
			</trkpt>
			<trkpt lat="49.500778" lon="18.646142">
				<ele>952.000000</ele>
			</trkpt>
			<trkpt lat="49.500789" lon="18.645962">
				<ele>951.000000</ele>
			</trkpt>
			<trkpt lat="49.500801" lon="18.645773">
				<ele>951.000000</ele>
			</trkpt>
			<trkpt lat="49.500795" lon="18.645612">
				<ele>951.000000</ele>
			</trkpt>
			<trkpt lat="49.500754" lon="18.645387">
				<ele>950.000000</ele>
			</trkpt>
			<trkpt lat="49.500666" lon="18.645153">
				<ele>950.000000</ele>
			</trkpt>
			<trkpt lat="49.500603" lon="18.644937">
				<ele>951.000000</ele>
			</trkpt>
			<trkpt lat="49.500608" lon="18.644758">
				<ele>951.000000</ele>
			</trkpt>
			<trkpt lat="49.500579" lon="18.644543">
				<ele>952.000000</ele>
			</trkpt>
			<trkpt lat="49.500527" lon="18.644371">
				<ele>953.000000</ele>
			</trkpt>
			<trkpt lat="49.500334" lon="18.644004">
				<ele>954.000000</ele>
			</trkpt>
			<trkpt lat="49.500118" lon="18.643509">
				<ele>956.000000</ele>
			</trkpt>
			<trkpt lat="49.499949" lon="18.643213">
				<ele>957.000000</ele>
			</trkpt>
			<trkpt lat="49.499733" lon="18.642926">
				<ele>958.000000</ele>
			</trkpt>
			<trkpt lat="49.499646" lon="18.642755">
				<ele>958.000000</ele>
			</trkpt>
			<trkpt lat="49.499494" lon="18.642467">
				<ele>960.000000</ele>
			</trkpt>
			<trkpt lat="49.499319" lon="18.641974">
				<ele>960.000000</ele>
			</trkpt>
			<trkpt lat="49.499243" lon="18.641838">
				<ele>960.000000</ele>
			</trkpt>
			<trkpt lat="49.499127" lon="18.641687">
				<ele>960.000000</ele>
			</trkpt>
			<trkpt lat="49.499086" lon="18.641570">
				<ele>960.000000</ele>
			</trkpt>
			<trkpt lat="49.498969" lon="18.641524">
				<ele>970.000000</ele>
			</trkpt>
			<trkpt lat="49.498934" lon="18.641507">
				<ele>971.000000</ele>
			</trkpt>
			<trkpt lat="49.498677" lon="18.641425">
				<ele>971.000000</ele>
			</trkpt>
			<trkpt lat="49.498514" lon="18.641354">
				<ele>972.000000</ele>
			</trkpt>
			<trkpt lat="49.498374" lon="18.641264">
				<ele>972.000000</ele>
			</trkpt>
			<trkpt lat="49.498216" lon="18.641111">
				<ele>972.000000</ele>
			</trkpt>
			<trkpt lat="49.498123" lon="18.641021">
				<ele>973.000000</ele>
			</trkpt>
			<trkpt lat="49.497965" lon="18.640886">
				<ele>973.000000</ele>
			</trkpt>
			<trkpt lat="49.497872" lon="18.640824">
				<ele>973.000000</ele>
			</trkpt>
			<trkpt lat="49.497808" lon="18.640752">
				<ele>973.000000</ele>
			</trkpt>
			<trkpt lat="49.497744" lon="18.640662">
				<ele>974.000000</ele>
			</trkpt>
			<trkpt lat="49.497691" lon="18.640572">
				<ele>974.000000</ele>
			</trkpt>
			<trkpt lat="49.497662" lon="18.640446">
				<ele>974.000000</ele>
			</trkpt>
			<trkpt lat="49.497650" lon="18.640320">
				<ele>974.000000</ele>
			</trkpt>
			<trkpt lat="49.497650" lon="18.640186">
				<ele>974.000000</ele>
			</trkpt>
			<trkpt lat="49.497674" lon="18.639872">
				<ele>975.000000</ele>
			</trkpt>
			<trkpt lat="49.497668" lon="18.639647">
				<ele>975.000000</ele>
			</trkpt>
			<trkpt lat="49.497656" lon="18.639467">
				<ele>975.000000</ele>
			</trkpt>
			<trkpt lat="49.497627" lon="18.639314">
				<ele>975.000000</ele>
			</trkpt>
			<trkpt lat="49.497568" lon="18.639144">
				<ele>975.000000</ele>
			</trkpt>
			<trkpt lat="49.497493" lon="18.638947">
				<ele>975.000000</ele>
			</trkpt>
			<trkpt lat="49.497452" lon="18.638802">
				<ele>976.000000</ele>
			</trkpt>
			<trkpt lat="49.497423" lon="18.638632">
				<ele>977.000000</ele>
			</trkpt>
			<trkpt lat="49.497393" lon="18.638425">
				<ele>978.000000</ele>
			</trkpt>
			<trkpt lat="49.497318" lon="18.637563">
				<ele>983.000000</ele>
			</trkpt>
			<trkpt lat="49.497306" lon="18.637383">
				<ele>984.000000</ele>
			</trkpt>
			<trkpt lat="49.497306" lon="18.637203">
				<ele>985.000000</ele>
			</trkpt>
			<trkpt lat="49.497318" lon="18.637024">
				<ele>985.000000</ele>
			</trkpt>
			<trkpt lat="49.497341" lon="18.636863">
				<ele>985.000000</ele>
			</trkpt>
			<trkpt lat="49.497335" lon="18.636871">
				<ele>982.000000</ele>
			</trkpt>
			<trkpt lat="49.497405" lon="18.636566">
				<ele>981.000000</ele>
			</trkpt>
			<trkpt lat="49.497481" lon="18.636314">
				<ele>980.000000</ele>
			</trkpt>
			<trkpt lat="49.497528" lon="18.636134">
				<ele>980.000000</ele>
			</trkpt>
			<trkpt lat="49.497539" lon="18.635882">
				<ele>980.000000</ele>
			</trkpt>
			<trkpt lat="49.497539" lon="18.635532">
				<ele>980.000000</ele>
			</trkpt>
			<trkpt lat="49.497580" lon="18.635102">
				<ele>980.000000</ele>
			</trkpt>
			<trkpt lat="49.497598" lon="18.635003">
				<ele>980.000000</ele>
			</trkpt>
			<trkpt lat="49.497633" lon="18.634779">
				<ele>980.000000</ele>
			</trkpt>
			<trkpt lat="49.497691" lon="18.634490">
				<ele>980.000000</ele>
			</trkpt>
			<trkpt lat="49.497779" lon="18.633951">
				<ele>982.000000</ele>
			</trkpt>
			<trkpt lat="49.497808" lon="18.633763">
				<ele>983.000000</ele>
			</trkpt>
			<trkpt lat="49.497837" lon="18.633565">
				<ele>984.000000</ele>
			</trkpt>
			<trkpt lat="49.497872" lon="18.633458">
				<ele>984.000000</ele>
			</trkpt>
			<trkpt lat="49.497954" lon="18.633305">
				<ele>985.000000</ele>
			</trkpt>
			<trkpt lat="49.498175" lon="18.633134">
				<ele>986.000000</ele>
			</trkpt>
			<trkpt lat="49.498286" lon="18.633026">
				<ele>986.000000</ele>
			</trkpt>
			<trkpt lat="49.498350" lon="18.632874">
				<ele>988.000000</ele>
			</trkpt>
			<trkpt lat="49.498438" lon="18.632712">
				<ele>988.000000</ele>
			</trkpt>
			<trkpt lat="49.498549" lon="18.632479">
				<ele>988.000000</ele>
			</trkpt>
			<trkpt lat="49.498607" lon="18.632326">
				<ele>988.000000</ele>
			</trkpt>
			<trkpt lat="49.498660" lon="18.632163">
				<ele>988.000000</ele>
			</trkpt>
			<trkpt lat="49.498700" lon="18.631976">
				<ele>988.000000</ele>
			</trkpt>
			<trkpt lat="49.498724" lon="18.631796">
				<ele>988.000000</ele>
			</trkpt>
			<trkpt lat="49.498730" lon="18.631643">
				<ele>988.000000</ele>
			</trkpt>
			<trkpt lat="49.498724" lon="18.631481">
				<ele>988.000000</ele>
			</trkpt>
			<trkpt lat="49.498695" lon="18.631301">
				<ele>989.000000</ele>
			</trkpt>
			<trkpt lat="49.498584" lon="18.630601">
				<ele>989.000000</ele>
			</trkpt>
			<trkpt lat="49.498263" lon="18.628750">
				<ele>990.000000</ele>
			</trkpt>
			<trkpt lat="49.498211" lon="18.628391">
				<ele>990.000000</ele>
			</trkpt>
			<trkpt lat="49.498193" lon="18.628148">
				<ele>990.000000</ele>
			</trkpt>
			<trkpt lat="49.498211" lon="18.627932">
				<ele>990.000000</ele>
			</trkpt>
			<trkpt lat="49.498216" lon="18.627699">
				<ele>990.000000</ele>
			</trkpt>
			<trkpt lat="49.498211" lon="18.627492">
				<ele>990.000000</ele>
			</trkpt>
			<trkpt lat="49.498205" lon="18.627188">
				<ele>988.000000</ele>
			</trkpt>
			<trkpt lat="49.498211" lon="18.626926">
				<ele>986.000000</ele>
			</trkpt>
			<trkpt lat="49.498228" lon="18.626676">
				<ele>985.000000</ele>
			</trkpt>
			<trkpt lat="49.498274" lon="18.626083">
				<ele>985.000000</ele>
			</trkpt>
			<trkpt lat="49.498292" lon="18.625903">
				<ele>985.000000</ele>
			</trkpt>
			<trkpt lat="49.498269" lon="18.625723">
				<ele>985.000000</ele>
			</trkpt>
			<trkpt lat="49.498240" lon="18.625561">
				<ele>985.000000</ele>
			</trkpt>
			<trkpt lat="49.498175" lon="18.625318">
				<ele>985.000000</ele>
			</trkpt>
			<trkpt lat="49.497977" lon="18.624726">
				<ele>985.000000</ele>
			</trkpt>
			<trkpt lat="49.497872" lon="18.624303">
				<ele>985.000000</ele>
			</trkpt>
			<trkpt lat="49.497796" lon="18.623953">
				<ele>985.000000</ele>
			</trkpt>
			<trkpt lat="49.497703" lon="18.623630">
				<ele>985.000000</ele>
			</trkpt>
			<trkpt lat="49.497633" lon="18.623334">
				<ele>985.000000</ele>
			</trkpt>
			<trkpt lat="49.497568" lon="18.623047">
				<ele>984.000000</ele>
			</trkpt>
			<trkpt lat="49.497452" lon="18.622722">
				<ele>983.000000</ele>
			</trkpt>
			<trkpt lat="49.497189" lon="18.621959">
				<ele>980.000000</ele>
			</trkpt>
			<trkpt lat="49.497108" lon="18.621699">
				<ele>979.000000</ele>
			</trkpt>
			<trkpt lat="49.497032" lon="18.621519">
				<ele>978.000000</ele>
			</trkpt>
			<trkpt lat="49.496950" lon="18.621349">
				<ele>976.000000</ele>
			</trkpt>
			<trkpt lat="49.496839" lon="18.621142">
				<ele>975.000000</ele>
			</trkpt>
			<trkpt lat="49.496746" lon="18.620971">
				<ele>974.000000</ele>
			</trkpt>
			<trkpt lat="49.496688" lon="18.620827">
				<ele>974.000000</ele>
			</trkpt>
			<trkpt lat="49.496630" lon="18.620657">
				<ele>973.000000</ele>
			</trkpt>
			<trkpt lat="49.496583" lon="18.620458">
				<ele>972.000000</ele>
			</trkpt>
			<trkpt lat="49.496507" lon="18.620162">
				<ele>971.000000</ele>
			</trkpt>
			<trkpt lat="49.496419" lon="18.619884">
				<ele>970.000000</ele>
			</trkpt>
			<trkpt lat="49.496355" lon="18.619686">
				<ele>970.000000</ele>
			</trkpt>
			<trkpt lat="49.496320" lon="18.619506">
				<ele>969.000000</ele>
			</trkpt>
			<trkpt lat="49.496308" lon="18.619300">
				<ele>968.000000</ele>
			</trkpt>
			<trkpt lat="49.496320" lon="18.619049">
				<ele>967.000000</ele>
			</trkpt>
			<trkpt lat="49.496332" lon="18.618823">
				<ele>967.000000</ele>
			</trkpt>
			<trkpt lat="49.496367" lon="18.618609">
				<ele>966.000000</ele>
			</trkpt>
			<trkpt lat="49.496495" lon="18.618043">
				<ele>965.000000</ele>
			</trkpt>
			<trkpt lat="49.496536" lon="18.617791">
				<ele>965.000000</ele>
			</trkpt>
			<trkpt lat="49.496565" lon="18.617557">
				<ele>965.000000</ele>
			</trkpt>
			<trkpt lat="49.496559" lon="18.617324">
				<ele>965.000000</ele>
			</trkpt>
			<trkpt lat="49.496548" lon="18.616865">
				<ele>965.000000</ele>
			</trkpt>
			<trkpt lat="49.496617" lon="18.615563">
				<ele>965.000000</ele>
			</trkpt>
			<trkpt lat="49.496682" lon="18.614898">
				<ele>965.000000</ele>
			</trkpt>
			<trkpt lat="49.496711" lon="18.614628">
				<ele>965.000000</ele>
			</trkpt>
			<trkpt lat="49.496752" lon="18.614413">
				<ele>965.000000</ele>
			</trkpt>
			<trkpt lat="49.496822" lon="18.614179">
				<ele>965.000000</ele>
			</trkpt>
			<trkpt lat="49.496939" lon="18.613820">
				<ele>965.000000</ele>
			</trkpt>
			<trkpt lat="49.497020" lon="18.613605">
				<ele>965.000000</ele>
			</trkpt>
			<trkpt lat="49.497049" lon="18.613470">
				<ele>965.000000</ele>
			</trkpt>
			<trkpt lat="49.497061" lon="18.613407">
				<ele>965.000000</ele>
			</trkpt>
			<trkpt lat="49.497067" lon="18.613317">
				<ele>965.000000</ele>
			</trkpt>
			<trkpt lat="49.497061" lon="18.613227">
				<ele>965.000000</ele>
			</trkpt>
			<trkpt lat="49.497055" lon="18.613120">
				<ele>965.000000</ele>
			</trkpt>
			<trkpt lat="49.497002" lon="18.612923">
				<ele>963.000000</ele>
			</trkpt>
			<trkpt lat="49.496956" lon="18.612778">
				<ele>963.000000</ele>
			</trkpt>
			<trkpt lat="49.496799" lon="18.612383">
				<ele>960.000000</ele>
			</trkpt>
			<trkpt lat="49.496740" lon="18.612204">
				<ele>959.000000</ele>
			</trkpt>
			<trkpt lat="49.496699" lon="18.612060">
				<ele>958.000000</ele>
			</trkpt>
			<trkpt lat="49.496688" lon="18.611934">
				<ele>957.000000</ele>
			</trkpt>
			<trkpt lat="49.496699" lon="18.611781">
				<ele>956.000000</ele>
			</trkpt>
			<trkpt lat="49.496729" lon="18.611619">
				<ele>954.000000</ele>
			</trkpt>
			<trkpt lat="49.496740" lon="18.611565">
				<ele>954.000000</ele>
			</trkpt>
			<trkpt lat="49.496764" lon="18.611431">
				<ele>953.000000</ele>
			</trkpt>
			<trkpt lat="49.496769" lon="18.611286">
				<ele>952.000000</ele>
			</trkpt>
			<trkpt lat="49.496764" lon="18.611162">
				<ele>951.000000</ele>
			</trkpt>
			<trkpt lat="49.496729" lon="18.610900">
				<ele>948.000000</ele>
			</trkpt>
			<trkpt lat="49.496723" lon="18.610749">
				<ele>947.000000</ele>
			</trkpt>
			<trkpt lat="49.496729" lon="18.610334">
				<ele>943.000000</ele>
			</trkpt>
			<trkpt lat="49.496740" lon="18.609904">
				<ele>939.000000</ele>
			</trkpt>
			<trkpt lat="49.496764" lon="18.609741">
				<ele>938.000000</ele>
			</trkpt>
			<trkpt lat="49.496805" lon="18.609562">
				<ele>937.000000</ele>
			</trkpt>
			<trkpt lat="49.496863" lon="18.609374">
				<ele>935.000000</ele>
			</trkpt>
			<trkpt lat="49.496909" lon="18.609292">
				<ele>935.000000</ele>
			</trkpt>
			<trkpt lat="49.496950" lon="18.609231">
				<ele>935.000000</ele>
			</trkpt>
			<trkpt lat="49.497014" lon="18.609149">
				<ele>934.000000</ele>
			</trkpt>
			<trkpt lat="49.497096" lon="18.609078">
				<ele>934.000000</ele>
			</trkpt>
			<trkpt lat="49.497183" lon="18.609024">
				<ele>934.000000</ele>
			</trkpt>
			<trkpt lat="49.497271" lon="18.608996">
				<ele>934.000000</ele>
			</trkpt>
			<trkpt lat="49.497528" lon="18.608898">
				<ele>933.000000</ele>
			</trkpt>
			<trkpt lat="49.497580" lon="18.608852">
				<ele>933.000000</ele>
			</trkpt>
			<trkpt lat="49.497639" lon="18.608799">
				<ele>933.000000</ele>
			</trkpt>
			<trkpt lat="49.497680" lon="18.608699">
				<ele>932.000000</ele>
			</trkpt>
			<trkpt lat="49.497708" lon="18.608610">
				<ele>932.000000</ele>
			</trkpt>
			<trkpt lat="49.497721" lon="18.608502">
				<ele>932.000000</ele>
			</trkpt>
			<trkpt lat="49.497714" lon="18.608332">
				<ele>932.000000</ele>
			</trkpt>
			<trkpt lat="49.497703" lon="18.608099">
				<ele>931.000000</ele>
			</trkpt>
			<trkpt lat="49.497686" lon="18.607864">
				<ele>931.000000</ele>
			</trkpt>
			<trkpt lat="49.497674" lon="18.607657">
				<ele>930.000000</ele>
			</trkpt>
			<trkpt lat="49.497680" lon="18.607487">
				<ele>930.000000</ele>
			</trkpt>
			<trkpt lat="49.497708" lon="18.607326">
				<ele>930.000000</ele>
			</trkpt>
			<trkpt lat="49.497773" lon="18.607137">
				<ele>929.000000</ele>
			</trkpt>
			<trkpt lat="49.497849" lon="18.606948">
				<ele>929.000000</ele>
			</trkpt>
			<trkpt lat="49.497959" lon="18.606625">
				<ele>928.000000</ele>
			</trkpt>
			<trkpt lat="49.498065" lon="18.606328">
				<ele>928.000000</ele>
			</trkpt>
			<trkpt lat="49.498117" lon="18.606221">
				<ele>927.000000</ele>
			</trkpt>
			<trkpt lat="49.498152" lon="18.606166">
				<ele>927.000000</ele>
			</trkpt>
			<trkpt lat="49.498187" lon="18.606149">
				<ele>927.000000</ele>
			</trkpt>
			<trkpt lat="49.498246" lon="18.606104">
				<ele>927.000000</ele>
			</trkpt>
			<trkpt lat="49.498298" lon="18.606095">
				<ele>927.000000</ele>
			</trkpt>
			<trkpt lat="49.498409" lon="18.606049">
				<ele>926.000000</ele>
			</trkpt>
			<trkpt lat="49.498479" lon="18.606005">
				<ele>926.000000</ele>
			</trkpt>
			<trkpt lat="49.498555" lon="18.605925">
				<ele>926.000000</ele>
			</trkpt>
			<trkpt lat="49.498648" lon="18.605780">
				<ele>926.000000</ele>
			</trkpt>
			<trkpt lat="49.498747" lon="18.605636">
				<ele>925.000000</ele>
			</trkpt>
			<trkpt lat="49.498846" lon="18.605520">
				<ele>925.000000</ele>
			</trkpt>
			<trkpt lat="49.498940" lon="18.605457">
				<ele>925.000000</ele>
			</trkpt>
			<trkpt lat="49.499027" lon="18.605420">
				<ele>924.000000</ele>
			</trkpt>
			<trkpt lat="49.499156" lon="18.605386">
				<ele>924.000000</ele>
			</trkpt>
			<trkpt lat="49.499255" lon="18.605376">
				<ele>924.000000</ele>
			</trkpt>
			<trkpt lat="49.499383" lon="18.605394">
				<ele>923.000000</ele>
			</trkpt>
			<trkpt lat="49.499499" lon="18.605412">
				<ele>923.000000</ele>
			</trkpt>
			<trkpt lat="49.499873" lon="18.605547">
				<ele>922.000000</ele>
			</trkpt>
			<trkpt lat="49.500060" lon="18.605592">
				<ele>921.000000</ele>
			</trkpt>
			<trkpt lat="49.500124" lon="18.605610">
				<ele>921.000000</ele>
			</trkpt>
			<trkpt lat="49.500194" lon="18.605646">
				<ele>921.000000</ele>
			</trkpt>
			<trkpt lat="49.500253" lon="18.605673">
				<ele>921.000000</ele>
			</trkpt>
			<trkpt lat="49.500316" lon="18.605736">
				<ele>920.000000</ele>
			</trkpt>
			<trkpt lat="49.500369" lon="18.605799">
				<ele>920.000000</ele>
			</trkpt>
			<trkpt lat="49.500422" lon="18.605870">
				<ele>920.000000</ele>
			</trkpt>
			<trkpt lat="49.500521" lon="18.606068">
				<ele>920.000000</ele>
			</trkpt>
			<trkpt lat="49.500579" lon="18.606166">
				<ele>919.000000</ele>
			</trkpt>
			<trkpt lat="49.500631" lon="18.606256">
				<ele>919.000000</ele>
			</trkpt>
			<trkpt lat="49.500696" lon="18.606319">
				<ele>919.000000</ele>
			</trkpt>
			<trkpt lat="49.500754" lon="18.606346">
				<ele>919.000000</ele>
			</trkpt>
			<trkpt lat="49.500953" lon="18.606373">
				<ele>918.000000</ele>
			</trkpt>
			<trkpt lat="49.501156" lon="18.606373">
				<ele>918.000000</ele>
			</trkpt>
			<trkpt lat="49.501413" lon="18.606355">
				<ele>917.000000</ele>
			</trkpt>
			<trkpt lat="49.501798" lon="18.606284">
				<ele>916.000000</ele>
			</trkpt>
			<trkpt lat="49.501973" lon="18.606248">
				<ele>915.000000</ele>
			</trkpt>
			<trkpt lat="49.502119" lon="18.606185">
				<ele>915.000000</ele>
			</trkpt>
			<trkpt lat="49.502259" lon="18.606086">
				<ele>913.000000</ele>
			</trkpt>
			<trkpt lat="49.502469" lon="18.605906">
				<ele>911.000000</ele>
			</trkpt>
			<trkpt lat="49.502656" lon="18.605745">
				<ele>910.000000</ele>
			</trkpt>
			<trkpt lat="49.502755" lon="18.605663">
				<ele>910.000000</ele>
			</trkpt>
			<trkpt lat="49.502866" lon="18.605636">
				<ele>910.000000</ele>
			</trkpt>
			<trkpt lat="49.502988" lon="18.605646">
				<ele>910.000000</ele>
			</trkpt>
			<trkpt lat="49.503280" lon="18.605673">
				<ele>910.000000</ele>
			</trkpt>
			<trkpt lat="49.503449" lon="18.605690">
				<ele>910.000000</ele>
			</trkpt>
			<trkpt lat="49.503601" lon="18.605673">
				<ele>910.000000</ele>
			</trkpt>
			<trkpt lat="49.503782" lon="18.605628">
				<ele>910.000000</ele>
			</trkpt>
			<trkpt lat="49.503928" lon="18.605600">
				<ele>910.000000</ele>
			</trkpt>
			<trkpt lat="49.504155" lon="18.605573">
				<ele>910.000000</ele>
			</trkpt>
			<trkpt lat="49.504207" lon="18.605583">
				<ele>910.000000</ele>
			</trkpt>
			<trkpt lat="49.504278" lon="18.605610">
				<ele>910.000000</ele>
			</trkpt>
			<trkpt lat="49.504499" lon="18.605762">
				<ele>910.000000</ele>
			</trkpt>
			<trkpt lat="49.504598" lon="18.605816">
				<ele>910.000000</ele>
			</trkpt>
			<trkpt lat="49.504686" lon="18.605825">
				<ele>910.000000</ele>
			</trkpt>
			<trkpt lat="49.504797" lon="18.605799">
				<ele>910.000000</ele>
			</trkpt>
			<trkpt lat="49.504931" lon="18.605745">
				<ele>910.000000</ele>
			</trkpt>
			<trkpt lat="49.505089" lon="18.605655">
				<ele>910.000000</ele>
			</trkpt>
			<trkpt lat="49.505240" lon="18.605600">
				<ele>910.000000</ele>
			</trkpt>
			<trkpt lat="49.505386" lon="18.605565">
				<ele>911.000000</ele>
			</trkpt>
			<trkpt lat="49.505555" lon="18.605556">
				<ele>912.000000</ele>
			</trkpt>
			<trkpt lat="49.505876" lon="18.605520">
				<ele>915.000000</ele>
			</trkpt>
			<trkpt lat="49.506576" lon="18.605475">
				<ele>922.000000</ele>
			</trkpt>
			<trkpt lat="49.506955" lon="18.605439">
				<ele>924.000000</ele>
			</trkpt>
			<trkpt lat="49.507252" lon="18.605376">
				<ele>927.000000</ele>
			</trkpt>
			<trkpt lat="49.507521" lon="18.605296">
				<ele>930.000000</ele>
			</trkpt>
			<trkpt lat="49.507749" lon="18.605214">
				<ele>933.000000</ele>
			</trkpt>
			<trkpt lat="49.507982" lon="18.605107">
				<ele>936.000000</ele>
			</trkpt>
			<trkpt lat="49.508064" lon="18.605062">
				<ele>937.000000</ele>
			</trkpt>
			<trkpt lat="49.508140" lon="18.604999">
				<ele>938.000000</ele>
			</trkpt>
			<trkpt lat="49.508215" lon="18.604936">
				<ele>939.000000</ele>
			</trkpt>
			<trkpt lat="49.508291" lon="18.604828">
				<ele>940.000000</ele>
			</trkpt>
			<trkpt lat="49.508355" lon="18.604738">
				<ele>941.000000</ele>
			</trkpt>
			<trkpt lat="49.508414" lon="18.604621">
				<ele>941.000000</ele>
			</trkpt>
			<trkpt lat="49.508460" lon="18.604496">
				<ele>942.000000</ele>
			</trkpt>
			<trkpt lat="49.508512" lon="18.604352">
				<ele>943.000000</ele>
			</trkpt>
			<trkpt lat="49.508559" lon="18.604200">
				<ele>943.000000</ele>
			</trkpt>
			<trkpt lat="49.508600" lon="18.604011">
				<ele>944.000000</ele>
			</trkpt>
			<trkpt lat="49.508635" lon="18.603831">
				<ele>945.000000</ele>
			</trkpt>
			<trkpt lat="49.508717" lon="18.603175">
				<ele>950.000000</ele>
			</trkpt>
			<trkpt lat="49.508781" lon="18.602673">
				<ele>953.000000</ele>
			</trkpt>
			<trkpt lat="49.508822" lon="18.602412">
				<ele>955.000000</ele>
			</trkpt>
			<trkpt lat="49.508857" lon="18.602187">
				<ele>956.000000</ele>
			</trkpt>
			<trkpt lat="49.508915" lon="18.601998">
				<ele>957.000000</ele>
			</trkpt>
			<trkpt lat="49.509015" lon="18.601757">
				<ele>959.000000</ele>
			</trkpt>
			<trkpt lat="49.509137" lon="18.601531">
				<ele>960.000000</ele>
			</trkpt>
			<trkpt lat="49.509306" lon="18.601298">
				<ele>961.000000</ele>
			</trkpt>
			<trkpt lat="49.509539" lon="18.601011">
				<ele>961.000000</ele>
			</trkpt>
			<trkpt lat="49.509784" lon="18.600749">
				<ele>962.000000</ele>
			</trkpt>
			<trkpt lat="49.510105" lon="18.600462">
				<ele>963.000000</ele>
			</trkpt>
			<trkpt lat="49.510210" lon="18.600373">
				<ele>963.000000</ele>
			</trkpt>
			<trkpt lat="49.510309" lon="18.600309">
				<ele>964.000000</ele>
			</trkpt>
			<trkpt lat="49.510409" lon="18.600256">
				<ele>964.000000</ele>
			</trkpt>
			<trkpt lat="49.510507" lon="18.600238">
				<ele>964.000000</ele>
			</trkpt>
			<trkpt lat="49.510601" lon="18.600220">
				<ele>964.000000</ele>
			</trkpt>
			<trkpt lat="49.510712" lon="18.600229">
				<ele>965.000000</ele>
			</trkpt>
			<trkpt lat="49.510828" lon="18.600238">
				<ele>965.000000</ele>
			</trkpt>
			<trkpt lat="49.510933" lon="18.600273">
				<ele>966.000000</ele>
			</trkpt>
			<trkpt lat="49.511073" lon="18.600319">
				<ele>967.000000</ele>
			</trkpt>
			<trkpt lat="49.511242" lon="18.600399">
				<ele>968.000000</ele>
			</trkpt>
			<trkpt lat="49.511341" lon="18.600462">
				<ele>969.000000</ele>
			</trkpt>
			<trkpt lat="49.511441" lon="18.600499">
				<ele>970.000000</ele>
			</trkpt>
			<trkpt lat="49.511592" lon="18.600525">
				<ele>970.000000</ele>
			</trkpt>
			<trkpt lat="49.511744" lon="18.600535">
				<ele>970.000000</ele>
			</trkpt>
			<trkpt lat="49.511896" lon="18.600489">
				<ele>970.000000</ele>
			</trkpt>
			<trkpt lat="49.512117" lon="18.600426">
				<ele>968.000000</ele>
			</trkpt>
			<trkpt lat="49.512269" lon="18.600373">
				<ele>967.000000</ele>
			</trkpt>
			<trkpt lat="49.512363" lon="18.600346">
				<ele>966.000000</ele>
			</trkpt>
			<trkpt lat="49.512450" lon="18.600355">
				<ele>966.000000</ele>
			</trkpt>
			<trkpt lat="49.512537" lon="18.600399">
				<ele>965.000000</ele>
			</trkpt>
			<trkpt lat="49.512642" lon="18.600489">
				<ele>963.000000</ele>
			</trkpt>
			<trkpt lat="49.512759" lon="18.600625">
				<ele>961.000000</ele>
			</trkpt>
			<trkpt lat="49.512981" lon="18.600902">
				<ele>957.000000</ele>
			</trkpt>
			<trkpt lat="49.513062" lon="18.601011">
				<ele>956.000000</ele>
			</trkpt>
			<trkpt lat="49.513330" lon="18.601361">
				<ele>952.000000</ele>
			</trkpt>
			<trkpt lat="49.513342" lon="18.601101">
				<ele>951.000000</ele>
			</trkpt>
			<trkpt lat="49.513360" lon="18.600956">
				<ele>950.000000</ele>
			</trkpt>
			<trkpt lat="49.513406" lon="18.600507">
				<ele>948.000000</ele>
			</trkpt>
			<trkpt lat="49.513442" lon="18.599959">
				<ele>947.000000</ele>
			</trkpt>
			<trkpt lat="49.513459" lon="18.599833">
				<ele>946.000000</ele>
			</trkpt>
			<trkpt lat="49.513476" lon="18.599734">
				<ele>946.000000</ele>
			</trkpt>
			<trkpt lat="49.513500" lon="18.599644">
				<ele>946.000000</ele>
			</trkpt>
			<trkpt lat="49.513535" lon="18.599537">
				<ele>945.000000</ele>
			</trkpt>
			<trkpt lat="49.513686" lon="18.599107">
				<ele>940.000000</ele>
			</trkpt>
			<trkpt lat="49.513727" lon="18.599007">
				<ele>940.000000</ele>
			</trkpt>
			<trkpt lat="49.513751" lon="18.598989">
				<ele>939.000000</ele>
			</trkpt>
			<trkpt lat="49.513780" lon="18.598962">
				<ele>939.000000</ele>
			</trkpt>
			<trkpt lat="49.513879" lon="18.598638">
				<ele>937.000000</ele>
			</trkpt>
			<trkpt lat="49.514048" lon="18.598082">
				<ele>935.000000</ele>
			</trkpt>
			<trkpt lat="49.514299" lon="18.597336">
				<ele>937.000000</ele>
			</trkpt>
			<trkpt lat="49.514614" lon="18.596510">
				<ele>940.000000</ele>
			</trkpt>
			<trkpt lat="49.514672" lon="18.596375">
				<ele>940.000000</ele>
			</trkpt>
			<trkpt lat="49.514824" lon="18.596151">
				<ele>941.000000</ele>
			</trkpt>
			<trkpt lat="49.514871" lon="18.596042">
				<ele>942.000000</ele>
			</trkpt>
			<trkpt lat="49.514899" lon="18.595962">
				<ele>942.000000</ele>
			</trkpt>
			<trkpt lat="49.514899" lon="18.595891">
				<ele>943.000000</ele>
			</trkpt>
			<trkpt lat="49.514911" lon="18.595809">
				<ele>943.000000</ele>
			</trkpt>
			<trkpt lat="49.514905" lon="18.595701">
				<ele>943.000000</ele>
			</trkpt>
			<trkpt lat="49.514882" lon="18.595629">
				<ele>944.000000</ele>
			</trkpt>
			<trkpt lat="49.514847" lon="18.595558">
				<ele>944.000000</ele>
			</trkpt>
			<trkpt lat="49.514806" lon="18.595495">
				<ele>945.000000</ele>
			</trkpt>
			<trkpt lat="49.514724" lon="18.595432">
				<ele>945.000000</ele>
			</trkpt>
			<trkpt lat="49.514561" lon="18.595351">
				<ele>946.000000</ele>
			</trkpt>
			<trkpt lat="49.514194" lon="18.595235">
				<ele>948.000000</ele>
			</trkpt>
			<trkpt lat="49.514071" lon="18.595180">
				<ele>949.000000</ele>
			</trkpt>
			<trkpt lat="49.513955" lon="18.595099">
				<ele>950.000000</ele>
			</trkpt>
			<trkpt lat="49.513855" lon="18.595009">
				<ele>950.000000</ele>
			</trkpt>
			<trkpt lat="49.513745" lon="18.594883">
				<ele>951.000000</ele>
			</trkpt>
			<trkpt lat="49.513669" lon="18.594767">
				<ele>952.000000</ele>
			</trkpt>
			<trkpt lat="49.513564" lon="18.594606">
				<ele>953.000000</ele>
			</trkpt>
			<trkpt lat="49.513267" lon="18.594030">
				<ele>956.000000</ele>
			</trkpt>
			<trkpt lat="49.513021" lon="18.593572">
				<ele>958.000000</ele>
			</trkpt>
			<trkpt lat="49.512724" lon="18.593006">
				<ele>962.000000</ele>
			</trkpt>
			<trkpt lat="49.512514" lon="18.592620">
				<ele>964.000000</ele>
			</trkpt>
			<trkpt lat="49.512269" lon="18.592216">
				<ele>966.000000</ele>
			</trkpt>
			<trkpt lat="49.512013" lon="18.591793">
				<ele>967.000000</ele>
			</trkpt>
			<trkpt lat="49.511901" lon="18.591596">
				<ele>968.000000</ele>
			</trkpt>
			<trkpt lat="49.511820" lon="18.591380">
				<ele>968.000000</ele>
			</trkpt>
			<trkpt lat="49.511767" lon="18.591156">
				<ele>969.000000</ele>
			</trkpt>
			<trkpt lat="49.511738" lon="18.590922">
				<ele>970.000000</ele>
			</trkpt>
			<trkpt lat="49.511726" lon="18.590644">
				<ele>971.000000</ele>
			</trkpt>
			<trkpt lat="49.511732" lon="18.590392">
				<ele>973.000000</ele>
			</trkpt>
			<trkpt lat="49.511726" lon="18.590383">
				<ele>973.000000</ele>
			</trkpt>
			<trkpt lat="49.511447" lon="18.590195">
				<ele>978.000000</ele>
			</trkpt>
			<trkpt lat="49.511347" lon="18.590114">
				<ele>980.000000</ele>
			</trkpt>
			<trkpt lat="49.511242" lon="18.590015">
				<ele>982.000000</ele>
			</trkpt>
			<trkpt lat="49.511149" lon="18.589925">
				<ele>983.000000</ele>
			</trkpt>
			<trkpt lat="49.511103" lon="18.589907">
				<ele>984.000000</ele>
			</trkpt>
			<trkpt lat="49.511056" lon="18.589898">
				<ele>985.000000</ele>
			</trkpt>
			<trkpt lat="49.511021" lon="18.589898">
				<ele>985.000000</ele>
			</trkpt>
			<trkpt lat="49.510974" lon="18.589907">
				<ele>985.000000</ele>
			</trkpt>
			<trkpt lat="49.510893" lon="18.589943">
				<ele>985.000000</ele>
			</trkpt>
			<trkpt lat="49.510822" lon="18.589952">
				<ele>985.000000</ele>
			</trkpt>
			<trkpt lat="49.510758" lon="18.589952">
				<ele>985.000000</ele>
			</trkpt>
			<trkpt lat="49.510688" lon="18.589916">
				<ele>985.000000</ele>
			</trkpt>
			<trkpt lat="49.510560" lon="18.589880">
				<ele>984.000000</ele>
			</trkpt>
			<trkpt lat="49.510426" lon="18.589872">
				<ele>982.000000</ele>
			</trkpt>
			<trkpt lat="49.510117" lon="18.589845">
				<ele>977.000000</ele>
			</trkpt>
			<trkpt lat="49.509988" lon="18.589853">
				<ele>974.000000</ele>
			</trkpt>
			<trkpt lat="49.509854" lon="18.589880">
				<ele>972.000000</ele>
			</trkpt>
			<trkpt lat="49.509714" lon="18.589925">
				<ele>970.000000</ele>
			</trkpt>
			<trkpt lat="49.509644" lon="18.589962">
				<ele>970.000000</ele>
			</trkpt>
			<trkpt lat="49.509580" lon="18.589970">
				<ele>970.000000</ele>
			</trkpt>
			<trkpt lat="49.509516" lon="18.589970">
				<ele>970.000000</ele>
			</trkpt>
			<trkpt lat="49.509452" lon="18.589935">
				<ele>970.000000</ele>
			</trkpt>
			<trkpt lat="49.509230" lon="18.589835">
				<ele>970.000000</ele>
			</trkpt>
			<trkpt lat="49.509119" lon="18.589772">
				<ele>970.000000</ele>
			</trkpt>
			<trkpt lat="49.508997" lon="18.589665">
				<ele>969.000000</ele>
			</trkpt>
			<trkpt lat="49.508915" lon="18.589566">
				<ele>969.000000</ele>
			</trkpt>
			<trkpt lat="49.508857" lon="18.589422">
				<ele>969.000000</ele>
			</trkpt>
			<trkpt lat="49.508717" lon="18.588983">
				<ele>968.000000</ele>
			</trkpt>
			<trkpt lat="49.508647" lon="18.588721">
				<ele>968.000000</ele>
			</trkpt>
			<trkpt lat="49.508594" lon="18.588578">
				<ele>968.000000</ele>
			</trkpt>
			<trkpt lat="49.508536" lon="18.588461">
				<ele>967.000000</ele>
			</trkpt>
			<trkpt lat="49.508303" lon="18.588155">
				<ele>967.000000</ele>
			</trkpt>
			<trkpt lat="49.508233" lon="18.588048">
				<ele>967.000000</ele>
			</trkpt>
			<trkpt lat="49.508186" lon="18.587922">
				<ele>966.000000</ele>
			</trkpt>
			<trkpt lat="49.508075" lon="18.587671">
				<ele>966.000000</ele>
			</trkpt>
			<trkpt lat="49.508011" lon="18.587455">
				<ele>966.000000</ele>
			</trkpt>
			<trkpt lat="49.507993" lon="18.587356">
				<ele>966.000000</ele>
			</trkpt>
			<trkpt lat="49.507982" lon="18.587248">
				<ele>965.000000</ele>
			</trkpt>
			<trkpt lat="49.507988" lon="18.587015">
				<ele>965.000000</ele>
			</trkpt>
			<trkpt lat="49.508040" lon="18.586314">
				<ele>965.000000</ele>
			</trkpt>
			<trkpt lat="49.508075" lon="18.585757">
				<ele>965.000000</ele>
			</trkpt>
			<trkpt lat="49.508087" lon="18.585262">
				<ele>964.000000</ele>
			</trkpt>
			<trkpt lat="49.508075" lon="18.585056">
				<ele>963.000000</ele>
			</trkpt>
			<trkpt lat="49.508064" lon="18.584912">
				<ele>963.000000</ele>
			</trkpt>
			<trkpt lat="49.508034" lon="18.584759">
				<ele>963.000000</ele>
			</trkpt>
			<trkpt lat="49.507970" lon="18.584616">
				<ele>962.000000</ele>
			</trkpt>
			<trkpt lat="49.507941" lon="18.584535">
				<ele>962.000000</ele>
			</trkpt>
			<trkpt lat="49.507877" lon="18.584436">
				<ele>961.000000</ele>
			</trkpt>
			<trkpt lat="49.507480" lon="18.583754">
				<ele>958.000000</ele>
			</trkpt>
			<trkpt lat="49.507323" lon="18.583467">
				<ele>957.000000</ele>
			</trkpt>
			<trkpt lat="49.507165" lon="18.583151">
				<ele>955.000000</ele>
			</trkpt>
			<trkpt lat="49.506670" lon="18.582172">
				<ele>947.000000</ele>
			</trkpt>
			<trkpt lat="49.506547" lon="18.581903">
				<ele>946.000000</ele>
			</trkpt>
			<trkpt lat="49.506430" lon="18.581633">
				<ele>946.000000</ele>
			</trkpt>
			<trkpt lat="49.506361" lon="18.581446">
				<ele>946.000000</ele>
			</trkpt>
			<trkpt lat="49.506320" lon="18.581283">
				<ele>947.000000</ele>
			</trkpt>
			<trkpt lat="49.506302" lon="18.581086">
				<ele>947.000000</ele>
			</trkpt>
			<trkpt lat="49.506296" lon="18.580880">
				<ele>948.000000</ele>
			</trkpt>
			<trkpt lat="49.506284" lon="18.580673">
				<ele>949.000000</ele>
			</trkpt>
			<trkpt lat="49.506290" lon="18.580475">
				<ele>949.000000</ele>
			</trkpt>
			<trkpt lat="49.506337" lon="18.580134">
				<ele>950.000000</ele>
			</trkpt>
			<trkpt lat="49.506361" lon="18.579774">
				<ele>951.000000</ele>
			</trkpt>
			<trkpt lat="49.506372" lon="18.579379">
				<ele>953.000000</ele>
			</trkpt>
			<trkpt lat="49.506366" lon="18.578975">
				<ele>954.000000</ele>
			</trkpt>
			<trkpt lat="49.506349" lon="18.578616">
				<ele>955.000000</ele>
			</trkpt>
			<trkpt lat="49.506361" lon="18.578354">
				<ele>956.000000</ele>
			</trkpt>
			<trkpt lat="49.506378" lon="18.578077">
				<ele>957.000000</ele>
			</trkpt>
			<trkpt lat="49.506413" lon="18.577762">
				<ele>958.000000</ele>
			</trkpt>
			<trkpt lat="49.506471" lon="18.577312">
				<ele>959.000000</ele>
			</trkpt>
			<trkpt lat="49.506558" lon="18.576836">
				<ele>961.000000</ele>
			</trkpt>
			<trkpt lat="49.506582" lon="18.576738">
				<ele>961.000000</ele>
			</trkpt>
			<trkpt lat="49.506611" lon="18.576675">
				<ele>961.000000</ele>
			</trkpt>
			<trkpt lat="49.506640" lon="18.576603">
				<ele>962.000000</ele>
			</trkpt>
			<trkpt lat="49.506693" lon="18.576549">
				<ele>962.000000</ele>
			</trkpt>
			<trkpt lat="49.506733" lon="18.576486">
				<ele>962.000000</ele>
			</trkpt>
			<trkpt lat="49.506768" lon="18.576396">
				<ele>963.000000</ele>
			</trkpt>
			<trkpt lat="49.506833" lon="18.576180">
				<ele>963.000000</ele>
			</trkpt>
			<trkpt lat="49.506891" lon="18.576046">
				<ele>964.000000</ele>
			</trkpt>
			<trkpt lat="49.506943" lon="18.575939">
				<ele>964.000000</ele>
			</trkpt>
			<trkpt lat="49.506996" lon="18.575830">
				<ele>965.000000</ele>
			</trkpt>
			<trkpt lat="49.507096" lon="18.575543">
				<ele>966.000000</ele>
			</trkpt>
			<trkpt lat="49.507183" lon="18.575247">
				<ele>967.000000</ele>
			</trkpt>
			<trkpt lat="49.507241" lon="18.575077">
				<ele>967.000000</ele>
			</trkpt>
			<trkpt lat="49.507299" lon="18.574924">
				<ele>968.000000</ele>
			</trkpt>
			<trkpt lat="49.507369" lon="18.574788">
				<ele>968.000000</ele>
			</trkpt>
			<trkpt lat="49.507486" lon="18.574582">
				<ele>969.000000</ele>
			</trkpt>
			<trkpt lat="49.507643" lon="18.574312">
				<ele>970.000000</ele>
			</trkpt>
			<trkpt lat="49.507988" lon="18.573773">
				<ele>973.000000</ele>
			</trkpt>
			<trkpt lat="49.508163" lon="18.573469">
				<ele>974.000000</ele>
			</trkpt>
			<trkpt lat="49.508233" lon="18.573333">
				<ele>975.000000</ele>
			</trkpt>
			<trkpt lat="49.508280" lon="18.573216">
				<ele>975.000000</ele>
			</trkpt>
			<trkpt lat="49.508303" lon="18.573082">
				<ele>975.000000</ele>
			</trkpt>
			<trkpt lat="49.508326" lon="18.572911">
				<ele>976.000000</ele>
			</trkpt>
			<trkpt lat="49.508332" lon="18.572777">
				<ele>976.000000</ele>
			</trkpt>
			<trkpt lat="49.508326" lon="18.572651">
				<ele>977.000000</ele>
			</trkpt>
			<trkpt lat="49.508315" lon="18.572524">
				<ele>977.000000</ele>
			</trkpt>
			<trkpt lat="49.508280" lon="18.572327">
				<ele>978.000000</ele>
			</trkpt>
			<trkpt lat="49.508250" lon="18.572219">
				<ele>978.000000</ele>
			</trkpt>
			<trkpt lat="49.508198" lon="18.572094">
				<ele>979.000000</ele>
			</trkpt>
			<trkpt lat="49.508105" lon="18.571878">
				<ele>980.000000</ele>
			</trkpt>
			<trkpt lat="49.508034" lon="18.571635">
				<ele>979.000000</ele>
			</trkpt>
			<trkpt lat="49.507959" lon="18.571339">
				<ele>978.000000</ele>
			</trkpt>
			<trkpt lat="49.507924" lon="18.571033">
				<ele>976.000000</ele>
			</trkpt>
			<trkpt lat="49.507924" lon="18.571006">
				<ele>976.000000</ele>
			</trkpt>
			<trkpt lat="49.507924" lon="18.571006">
				<ele>976.000000</ele>
			</trkpt>
			<trkpt lat="49.507883" lon="18.570584">
				<ele>974.000000</ele>
			</trkpt>
			<trkpt lat="49.507842" lon="18.570306">
				<ele>973.000000</ele>
			</trkpt>
			<trkpt lat="49.507818" lon="18.570171">
				<ele>972.000000</ele>
			</trkpt>
			<trkpt lat="49.507795" lon="18.569991">
				<ele>971.000000</ele>
			</trkpt>
			<trkpt lat="49.507702" lon="18.569211">
				<ele>968.000000</ele>
			</trkpt>
			<trkpt lat="49.507667" lon="18.568913">
				<ele>966.000000</ele>
			</trkpt>
			<trkpt lat="49.507638" lon="18.568716">
				<ele>965.000000</ele>
			</trkpt>
			<trkpt lat="49.507580" lon="18.568482">
				<ele>964.000000</ele>
			</trkpt>
			<trkpt lat="49.507544" lon="18.568285">
				<ele>963.000000</ele>
			</trkpt>
			<trkpt lat="49.507498" lon="18.568033">
				<ele>962.000000</ele>
			</trkpt>
			<trkpt lat="49.507433" lon="18.567692">
				<ele>961.000000</ele>
			</trkpt>
			<trkpt lat="49.507352" lon="18.567458">
				<ele>958.000000</ele>
			</trkpt>
			<trkpt lat="49.507271" lon="18.567215">
				<ele>955.000000</ele>
			</trkpt>
			<trkpt lat="49.507194" lon="18.566974">
				<ele>953.000000</ele>
			</trkpt>
			<trkpt lat="49.507130" lon="18.566731">
				<ele>951.000000</ele>
			</trkpt>
			<trkpt lat="49.507078" lon="18.566498">
				<ele>949.000000</ele>
			</trkpt>
			<trkpt lat="49.507014" lon="18.566146">
				<ele>946.000000</ele>
			</trkpt>
			<trkpt lat="49.506885" lon="18.565347">
				<ele>941.000000</ele>
			</trkpt>
			<trkpt lat="49.506833" lon="18.564997">
				<ele>939.000000</ele>
			</trkpt>
			<trkpt lat="49.506792" lon="18.564827">
				<ele>938.000000</ele>
			</trkpt>
			<trkpt lat="49.506745" lon="18.564664">
				<ele>937.000000</ele>
			</trkpt>
			<trkpt lat="49.506681" lon="18.564503">
				<ele>936.000000</ele>
			</trkpt>
			<trkpt lat="49.506086" lon="18.563345">
				<ele>930.000000</ele>
			</trkpt>
			<trkpt lat="49.505992" lon="18.563156">
				<ele>929.000000</ele>
			</trkpt>
			<trkpt lat="49.505923" lon="18.563003">
				<ele>928.000000</ele>
			</trkpt>
			<trkpt lat="49.505864" lon="18.562814">
				<ele>927.000000</ele>
			</trkpt>
			<trkpt lat="49.505812" lon="18.562634">
				<ele>927.000000</ele>
			</trkpt>
			<trkpt lat="49.505707" lon="18.562194">
				<ele>925.000000</ele>
			</trkpt>
			<trkpt lat="49.505661" lon="18.562014">
				<ele>924.000000</ele>
			</trkpt>
			<trkpt lat="49.505567" lon="18.561835">
				<ele>922.000000</ele>
			</trkpt>
			<trkpt lat="49.505467" lon="18.561664">
				<ele>921.000000</ele>
			</trkpt>
			<trkpt lat="49.505404" lon="18.561511">
				<ele>920.000000</ele>
			</trkpt>
			<trkpt lat="49.505246" lon="18.561081">
				<ele>916.000000</ele>
			</trkpt>
			<trkpt lat="49.504762" lon="18.559831">
				<ele>910.000000</ele>
			</trkpt>
			<trkpt lat="49.504243" lon="18.558521">
				<ele>910.000000</ele>
			</trkpt>
			<trkpt lat="49.504155" lon="18.558295">
				<ele>910.000000</ele>
			</trkpt>
			<trkpt lat="49.504051" lon="18.558079">
				<ele>910.000000</ele>
			</trkpt>
			<trkpt lat="49.503753" lon="18.557496">
				<ele>910.000000</ele>
			</trkpt>
			<trkpt lat="49.503584" lon="18.557163">
				<ele>910.000000</ele>
			</trkpt>
			<trkpt lat="49.503502" lon="18.556993">
				<ele>910.000000</ele>
			</trkpt>
			<trkpt lat="49.503432" lon="18.556823">
				<ele>910.000000</ele>
			</trkpt>
			<trkpt lat="49.503385" lon="18.556651">
				<ele>910.000000</ele>
			</trkpt>
			<trkpt lat="49.503344" lon="18.556454">
				<ele>910.000000</ele>
			</trkpt>
			<trkpt lat="49.503315" lon="18.556194">
				<ele>911.000000</ele>
			</trkpt>
			<trkpt lat="49.503257" lon="18.555619">
				<ele>912.000000</ele>
			</trkpt>
			<trkpt lat="49.503175" lon="18.554703">
				<ele>913.000000</ele>
			</trkpt>
			<trkpt lat="49.503163" lon="18.554477">
				<ele>914.000000</ele>
			</trkpt>
			<trkpt lat="49.503193" lon="18.554154">
				<ele>914.000000</ele>
			</trkpt>
			<trkpt lat="49.503198" lon="18.553921">
				<ele>915.000000</ele>
			</trkpt>
			<trkpt lat="49.503198" lon="18.553705">
				<ele>915.000000</ele>
			</trkpt>
			<trkpt lat="49.503187" lon="18.553489">
				<ele>915.000000</ele>
			</trkpt>
			<trkpt lat="49.503152" lon="18.553139">
				<ele>916.000000</ele>
			</trkpt>
			<trkpt lat="49.503135" lon="18.553032">
				<ele>916.000000</ele>
			</trkpt>
			<trkpt lat="49.503111" lon="18.552942">
				<ele>916.000000</ele>
			</trkpt>
			<trkpt lat="49.503070" lon="18.552861">
				<ele>916.000000</ele>
			</trkpt>
			<trkpt lat="49.503000" lon="18.552771">
				<ele>917.000000</ele>
			</trkpt>
			<trkpt lat="49.502930" lon="18.552682">
				<ele>917.000000</ele>
			</trkpt>
			<trkpt lat="49.502878" lon="18.552582">
				<ele>917.000000</ele>
			</trkpt>
			<trkpt lat="49.502848" lon="18.552456">
				<ele>917.000000</ele>
			</trkpt>
			<trkpt lat="49.502819" lon="18.552303">
				<ele>918.000000</ele>
			</trkpt>
			<trkpt lat="49.502779" lon="18.552160">
				<ele>918.000000</ele>
			</trkpt>
			<trkpt lat="49.502732" lon="18.552061">
				<ele>918.000000</ele>
			</trkpt>
			<trkpt lat="49.502685" lon="18.551971">
				<ele>918.000000</ele>
			</trkpt>
			<trkpt lat="49.502621" lon="18.551917">
				<ele>918.000000</ele>
			</trkpt>
			<trkpt lat="49.502428" lon="18.551764">
				<ele>919.000000</ele>
			</trkpt>
			<trkpt lat="49.502271" lon="18.551666">
				<ele>919.000000</ele>
			</trkpt>
			<trkpt lat="49.502259" lon="18.551666">
				<ele>919.000000</ele>
			</trkpt>
			<trkpt lat="49.502143" lon="18.551613">
				<ele>920.000000</ele>
			</trkpt>
			<trkpt lat="49.502003" lon="18.551603">
				<ele>920.000000</ele>
			</trkpt>
			<trkpt lat="49.501874" lon="18.551594">
				<ele>920.000000</ele>
			</trkpt>
			<trkpt lat="49.501757" lon="18.551576">
				<ele>921.000000</ele>
			</trkpt>
			<trkpt lat="49.501653" lon="18.551523">
				<ele>922.000000</ele>
			</trkpt>
			<trkpt lat="49.501484" lon="18.551460">
				<ele>923.000000</ele>
			</trkpt>
			<trkpt lat="49.501128" lon="18.551307">
				<ele>925.000000</ele>
			</trkpt>
			<trkpt lat="49.501040" lon="18.551244">
				<ele>924.000000</ele>
			</trkpt>
			<trkpt lat="49.500970" lon="18.551171">
				<ele>924.000000</ele>
			</trkpt>
			<trkpt lat="49.500923" lon="18.551055">
				<ele>923.000000</ele>
			</trkpt>
			<trkpt lat="49.500888" lon="18.550921">
				<ele>922.000000</ele>
			</trkpt>
			<trkpt lat="49.500748" lon="18.550192">
				<ele>919.000000</ele>
			</trkpt>
			<trkpt lat="49.500393" lon="18.548531">
				<ele>913.000000</ele>
			</trkpt>
			<trkpt lat="49.500182" lon="18.548099">
				<ele>911.000000</ele>
			</trkpt>
			<trkpt lat="49.500136" lon="18.547974">
				<ele>910.000000</ele>
			</trkpt>
			<trkpt lat="49.500095" lon="18.547831">
				<ele>909.000000</ele>
			</trkpt>
			<trkpt lat="49.500060" lon="18.547722">
				<ele>909.000000</ele>
			</trkpt>
			<trkpt lat="49.500025" lon="18.547632">
				<ele>908.000000</ele>
			</trkpt>
			<trkpt lat="49.499972" lon="18.547579">
				<ele>908.000000</ele>
			</trkpt>
			<trkpt lat="49.499920" lon="18.547516">
				<ele>908.000000</ele>
			</trkpt>
			<trkpt lat="49.499739" lon="18.547355">
				<ele>906.000000</ele>
			</trkpt>
			<trkpt lat="49.499669" lon="18.547282">
				<ele>906.000000</ele>
			</trkpt>
			<trkpt lat="49.499611" lon="18.547175">
				<ele>905.000000</ele>
			</trkpt>
			<trkpt lat="49.499482" lon="18.546959">
				<ele>904.000000</ele>
			</trkpt>
			<trkpt lat="49.499395" lon="18.546779">
				<ele>903.000000</ele>
			</trkpt>
			<trkpt lat="49.499342" lon="18.546581">
				<ele>903.000000</ele>
			</trkpt>
			<trkpt lat="49.499296" lon="18.546311">
				<ele>901.000000</ele>
			</trkpt>
			<trkpt lat="49.499261" lon="18.546007">
				<ele>900.000000</ele>
			</trkpt>
			<trkpt lat="49.499196" lon="18.545701">
				<ele>899.000000</ele>
			</trkpt>
			<trkpt lat="49.499132" lon="18.545431">
				<ele>898.000000</ele>
			</trkpt>
			<trkpt lat="49.498987" lon="18.544892">
				<ele>896.000000</ele>
			</trkpt>
			<trkpt lat="49.499039" lon="18.544623">
				<ele>903.000000</ele>
			</trkpt>
			<trkpt lat="49.499167" lon="18.543967">
				<ele>914.000000</ele>
			</trkpt>
			<trkpt lat="49.499202" lon="18.543751">
				<ele>912.000000</ele>
			</trkpt>
			<trkpt lat="49.499225" lon="18.543491">
				<ele>911.000000</ele>
			</trkpt>
			<trkpt lat="49.499243" lon="18.543347">
				<ele>910.000000</ele>
			</trkpt>
			<trkpt lat="49.499261" lon="18.543213">
				<ele>909.000000</ele>
			</trkpt>
			<trkpt lat="49.499296" lon="18.543095">
				<ele>909.000000</ele>
			</trkpt>
			<trkpt lat="49.499342" lon="18.542934">
				<ele>908.000000</ele>
			</trkpt>
			<trkpt lat="49.499231" lon="18.542755">
				<ele>907.000000</ele>
			</trkpt>
			<trkpt lat="49.499214" lon="18.542718">
				<ele>907.000000</ele>
			</trkpt>
			<trkpt lat="49.499220" lon="18.542655">
				<ele>907.000000</ele>
			</trkpt>
			<trkpt lat="49.499237" lon="18.542619">
				<ele>906.000000</ele>
			</trkpt>
			<trkpt lat="49.499266" lon="18.542548">
				<ele>906.000000</ele>
			</trkpt>
			<trkpt lat="49.499477" lon="18.542152">
				<ele>904.000000</ele>
			</trkpt>
			<trkpt lat="49.499587" lon="18.541965">
				<ele>902.000000</ele>
			</trkpt>
			<trkpt lat="49.499657" lon="18.541875">
				<ele>902.000000</ele>
			</trkpt>
			<trkpt lat="49.499721" lon="18.541812">
				<ele>901.000000</ele>
			</trkpt>
			<trkpt lat="49.499774" lon="18.541757">
				<ele>901.000000</ele>
			</trkpt>
			<trkpt lat="49.499879" lon="18.541640">
				<ele>899.000000</ele>
			</trkpt>
			<trkpt lat="49.499972" lon="18.541497">
				<ele>896.000000</ele>
			</trkpt>
			<trkpt lat="49.499972" lon="18.541460">
				<ele>896.000000</ele>
			</trkpt>
			<trkpt lat="49.499966" lon="18.541399">
				<ele>895.000000</ele>
			</trkpt>
			<trkpt lat="49.499838" lon="18.541443">
				<ele>895.000000</ele>
			</trkpt>
			<trkpt lat="49.499546" lon="18.541560">
				<ele>895.000000</ele>
			</trkpt>
			<trkpt lat="49.499371" lon="18.541632">
				<ele>895.000000</ele>
			</trkpt>
			<trkpt lat="49.499255" lon="18.541713">
				<ele>895.000000</ele>
			</trkpt>
			<trkpt lat="49.499156" lon="18.541802">
				<ele>894.000000</ele>
			</trkpt>
			<trkpt lat="49.499050" lon="18.541946">
				<ele>893.000000</ele>
			</trkpt>
			<trkpt lat="49.498736" lon="18.542485">
				<ele>890.000000</ele>
			</trkpt>
			<trkpt lat="49.498630" lon="18.542629">
				<ele>889.000000</ele>
			</trkpt>
			<trkpt lat="49.498514" lon="18.542791">
				<ele>888.000000</ele>
			</trkpt>
			<trkpt lat="49.498485" lon="18.542827">
				<ele>887.000000</ele>
			</trkpt>
			<trkpt lat="49.498356" lon="18.542944">
				<ele>886.000000</ele>
			</trkpt>
			<trkpt lat="49.498216" lon="18.543034">
				<ele>885.000000</ele>
			</trkpt>
			<trkpt lat="49.498071" lon="18.543060">
				<ele>884.000000</ele>
			</trkpt>
			<trkpt lat="49.497919" lon="18.543060">
				<ele>884.000000</ele>
			</trkpt>
			<trkpt lat="49.497732" lon="18.543034">
				<ele>883.000000</ele>
			</trkpt>
			<trkpt lat="49.496967" lon="18.542854">
				<ele>881.000000</ele>
			</trkpt>
			<trkpt lat="49.496746" lon="18.542808">
				<ele>880.000000</ele>
			</trkpt>
			<trkpt lat="49.496664" lon="18.542781">
				<ele>880.000000</ele>
			</trkpt>
			<trkpt lat="49.496577" lon="18.542728">
				<ele>880.000000</ele>
			</trkpt>
			<trkpt lat="49.496198" lon="18.542512">
				<ele>876.000000</ele>
			</trkpt>
			<trkpt lat="49.496116" lon="18.542468">
				<ele>876.000000</ele>
			</trkpt>
			<trkpt lat="49.496028" lon="18.542431">
				<ele>875.000000</ele>
			</trkpt>
			<trkpt lat="49.495911" lon="18.542422">
				<ele>874.000000</ele>
			</trkpt>
			<trkpt lat="49.495725" lon="18.542431">
				<ele>872.000000</ele>
			</trkpt>
			<trkpt lat="49.495509" lon="18.542431">
				<ele>869.000000</ele>
			</trkpt>
			<trkpt lat="49.495229" lon="18.542422">
				<ele>865.000000</ele>
			</trkpt>
			<trkpt lat="49.495031" lon="18.542441">
				<ele>863.000000</ele>
			</trkpt>
			<trkpt lat="49.494914" lon="18.542431">
				<ele>861.000000</ele>
			</trkpt>
			<trkpt lat="49.494792" lon="18.542395">
				<ele>860.000000</ele>
			</trkpt>
			<trkpt lat="49.494663" lon="18.542332">
				<ele>858.000000</ele>
			</trkpt>
			<trkpt lat="49.494488" lon="18.542279">
				<ele>859.000000</ele>
			</trkpt>
			<trkpt lat="49.494395" lon="18.542252">
				<ele>859.000000</ele>
			</trkpt>
			<trkpt lat="49.494272" lon="18.542233">
				<ele>859.000000</ele>
			</trkpt>
			<trkpt lat="49.494237" lon="18.542206">
				<ele>859.000000</ele>
			</trkpt>
			<trkpt lat="49.494185" lon="18.542171">
				<ele>859.000000</ele>
			</trkpt>
			<trkpt lat="49.493975" lon="18.541973">
				<ele>860.000000</ele>
			</trkpt>
			<trkpt lat="49.493887" lon="18.541919">
				<ele>860.000000</ele>
			</trkpt>
			<trkpt lat="49.493800" lon="18.541883">
				<ele>860.000000</ele>
			</trkpt>
			<trkpt lat="49.493776" lon="18.541875">
				<ele>863.000000</ele>
			</trkpt>
			<trkpt lat="49.493706" lon="18.541929">
				<ele>864.000000</ele>
			</trkpt>
			<trkpt lat="49.493543" lon="18.542126">
				<ele>866.000000</ele>
			</trkpt>
			<trkpt lat="49.493432" lon="18.542216">
				<ele>867.000000</ele>
			</trkpt>
			<trkpt lat="49.493280" lon="18.542323">
				<ele>868.000000</ele>
			</trkpt>
			<trkpt lat="49.493140" lon="18.542441">
				<ele>870.000000</ele>
			</trkpt>
			<trkpt lat="49.492872" lon="18.542592">
				<ele>873.000000</ele>
			</trkpt>
			<trkpt lat="49.492685" lon="18.542692">
				<ele>875.000000</ele>
			</trkpt>
			<trkpt lat="49.492481" lon="18.542791">
				<ele>878.000000</ele>
			</trkpt>
			<trkpt lat="49.492282" lon="18.542944">
				<ele>880.000000</ele>
			</trkpt>
			<trkpt lat="49.492142" lon="18.543105">
				<ele>880.000000</ele>
			</trkpt>
			<trkpt lat="49.491932" lon="18.543231">
				<ele>880.000000</ele>
			</trkpt>
			<trkpt lat="49.491868" lon="18.543275">
				<ele>880.000000</ele>
			</trkpt>
			<trkpt lat="49.491822" lon="18.543231">
				<ele>880.000000</ele>
			</trkpt>
			<trkpt lat="49.491804" lon="18.543141">
				<ele>880.000000</ele>
			</trkpt>
			<trkpt lat="49.491798" lon="18.542988">
				<ele>880.000000</ele>
			</trkpt>
			<trkpt lat="49.491827" lon="18.542764">
				<ele>880.000000</ele>
			</trkpt>
			<trkpt lat="49.491880" lon="18.542332">
				<ele>880.000000</ele>
			</trkpt>
			<trkpt lat="49.491956" lon="18.541757">
				<ele>880.000000</ele>
			</trkpt>
			<trkpt lat="49.491973" lon="18.541344">
				<ele>880.000000</ele>
			</trkpt>
			<trkpt lat="49.492026" lon="18.540895">
				<ele>880.000000</ele>
			</trkpt>
			<trkpt lat="49.492125" lon="18.540491">
				<ele>880.000000</ele>
			</trkpt>
			<trkpt lat="49.492172" lon="18.540365">
				<ele>880.000000</ele>
			</trkpt>
			<trkpt lat="49.492148" lon="18.540275">
				<ele>880.000000</ele>
			</trkpt>
			<trkpt lat="49.492101" lon="18.540168">
				<ele>880.000000</ele>
			</trkpt>
			<trkpt lat="49.491973" lon="18.539942">
				<ele>880.000000</ele>
			</trkpt>
			<trkpt lat="49.491961" lon="18.539808">
				<ele>879.000000</ele>
			</trkpt>
			<trkpt lat="49.491950" lon="18.539682">
				<ele>877.000000</ele>
			</trkpt>
			<trkpt lat="49.491903" lon="18.539512">
				<ele>875.000000</ele>
			</trkpt>
			<trkpt lat="49.491822" lon="18.539287">
				<ele>873.000000</ele>
			</trkpt>
			<trkpt lat="49.491751" lon="18.539126">
				<ele>871.000000</ele>
			</trkpt>
			<trkpt lat="49.491682" lon="18.538847">
				<ele>867.000000</ele>
			</trkpt>
			<trkpt lat="49.491629" lon="18.538623">
				<ele>864.000000</ele>
			</trkpt>
			<trkpt lat="49.491594" lon="18.538416">
				<ele>861.000000</ele>
			</trkpt>
			<trkpt lat="49.491559" lon="18.538254">
				<ele>859.000000</ele>
			</trkpt>
			<trkpt lat="49.491535" lon="18.538065">
				<ele>858.000000</ele>
			</trkpt>
			<trkpt lat="49.491472" lon="18.537671">
				<ele>854.000000</ele>
			</trkpt>
			<trkpt lat="49.491407" lon="18.537374">
				<ele>852.000000</ele>
			</trkpt>
			<trkpt lat="49.491337" lon="18.537185">
				<ele>850.000000</ele>
			</trkpt>
			<trkpt lat="49.491226" lon="18.536925">
				<ele>847.000000</ele>
			</trkpt>
			<trkpt lat="49.491174" lon="18.536709">
				<ele>845.000000</ele>
			</trkpt>
			<trkpt lat="49.491086" lon="18.536439">
				<ele>842.000000</ele>
			</trkpt>
			<trkpt lat="49.491034" lon="18.536233">
				<ele>840.000000</ele>
			</trkpt>
			<trkpt lat="49.491040" lon="18.536215">
				<ele>841.000000</ele>
			</trkpt>
			<trkpt lat="49.491034" lon="18.536116">
				<ele>841.000000</ele>
			</trkpt>
			<trkpt lat="49.491034" lon="18.535990">
				<ele>840.000000</ele>
			</trkpt>
			<trkpt lat="49.491040" lon="18.535883">
				<ele>839.000000</ele>
			</trkpt>
			<trkpt lat="49.491022" lon="18.535784">
				<ele>838.000000</ele>
			</trkpt>
			<trkpt lat="49.490993" lon="18.535684">
				<ele>837.000000</ele>
			</trkpt>
			<trkpt lat="49.490929" lon="18.535568">
				<ele>836.000000</ele>
			</trkpt>
			<trkpt lat="49.490829" lon="18.535407">
				<ele>834.000000</ele>
			</trkpt>
			<trkpt lat="49.490713" lon="18.535290">
				<ele>832.000000</ele>
			</trkpt>
			<trkpt lat="49.490555" lon="18.535128">
				<ele>829.000000</ele>
			</trkpt>
			<trkpt lat="49.490298" lon="18.534822">
				<ele>825.000000</ele>
			</trkpt>
			<trkpt lat="49.490176" lon="18.534661">
				<ele>823.000000</ele>
			</trkpt>
			<trkpt lat="49.490123" lon="18.534615">
				<ele>822.000000</ele>
			</trkpt>
			<trkpt lat="49.490071" lon="18.534571">
				<ele>821.000000</ele>
			</trkpt>
			<trkpt lat="49.489989" lon="18.534544">
				<ele>820.000000</ele>
			</trkpt>
			<trkpt lat="49.489866" lon="18.534552">
				<ele>818.000000</ele>
			</trkpt>
			<trkpt lat="49.489785" lon="18.534571">
				<ele>817.000000</ele>
			</trkpt>
			<trkpt lat="49.489703" lon="18.534607">
				<ele>816.000000</ele>
			</trkpt>
			<trkpt lat="49.489616" lon="18.534669">
				<ele>815.000000</ele>
			</trkpt>
			<trkpt lat="49.489487" lon="18.534787">
				<ele>813.000000</ele>
			</trkpt>
			<trkpt lat="49.489371" lon="18.534849">
				<ele>812.000000</ele>
			</trkpt>
			<trkpt lat="49.489254" lon="18.534849">
				<ele>810.000000</ele>
			</trkpt>
			<trkpt lat="49.489108" lon="18.534841">
				<ele>808.000000</ele>
			</trkpt>
			<trkpt lat="49.488991" lon="18.534822">
				<ele>807.000000</ele>
			</trkpt>
			<trkpt lat="49.488886" lon="18.534831">
				<ele>806.000000</ele>
			</trkpt>
			<trkpt lat="49.488787" lon="18.534831">
				<ele>804.000000</ele>
			</trkpt>
			<trkpt lat="49.488665" lon="18.534868">
				<ele>803.000000</ele>
			</trkpt>
			<trkpt lat="49.488501" lon="18.534921">
				<ele>801.000000</ele>
			</trkpt>
			<trkpt lat="49.488402" lon="18.534931">
				<ele>799.000000</ele>
			</trkpt>
			<trkpt lat="49.488315" lon="18.534894">
				<ele>798.000000</ele>
			</trkpt>
			<trkpt lat="49.488221" lon="18.534831">
				<ele>797.000000</ele>
			</trkpt>
			<trkpt lat="49.488052" lon="18.534669">
				<ele>794.000000</ele>
			</trkpt>
			<trkpt lat="49.487748" lon="18.534409">
				<ele>790.000000</ele>
			</trkpt>
			<trkpt lat="49.487650" lon="18.534355">
				<ele>789.000000</ele>
			</trkpt>
			<trkpt lat="49.487568" lon="18.534319">
				<ele>788.000000</ele>
			</trkpt>
			<trkpt lat="49.487486" lon="18.534311">
				<ele>787.000000</ele>
			</trkpt>
			<trkpt lat="49.487387" lon="18.534319">
				<ele>785.000000</ele>
			</trkpt>
			<trkpt lat="49.487253" lon="18.534346">
				<ele>784.000000</ele>
			</trkpt>
			<trkpt lat="49.487165" lon="18.534355">
				<ele>783.000000</ele>
			</trkpt>
			<trkpt lat="49.486920" lon="18.534365">
				<ele>780.000000</ele>
			</trkpt>
			<trkpt lat="49.486756" lon="18.534346">
				<ele>778.000000</ele>
			</trkpt>
			<trkpt lat="49.486546" lon="18.534283">
				<ele>775.000000</ele>
			</trkpt>
			<trkpt lat="49.486418" lon="18.534265">
				<ele>775.000000</ele>
			</trkpt>
			<trkpt lat="49.486237" lon="18.534265">
				<ele>774.000000</ele>
			</trkpt>
			<trkpt lat="49.486085" lon="18.534283">
				<ele>774.000000</ele>
			</trkpt>
			<trkpt lat="49.485706" lon="18.534265">
				<ele>774.000000</ele>
			</trkpt>
			<trkpt lat="49.485385" lon="18.534283">
				<ele>773.000000</ele>
			</trkpt>
			<trkpt lat="49.485012" lon="18.534338">
				<ele>772.000000</ele>
			</trkpt>
			<trkpt lat="49.484597" lon="18.534445">
				<ele>772.000000</ele>
			</trkpt>
			<trkpt lat="49.484440" lon="18.534508">
				<ele>772.000000</ele>
			</trkpt>
			<trkpt lat="49.484288" lon="18.534562">
				<ele>771.000000</ele>
			</trkpt>
			<trkpt lat="49.483716" lon="18.534894">
				<ele>770.000000</ele>
			</trkpt>
			<trkpt lat="49.483325" lon="18.535074">
				<ele>767.000000</ele>
			</trkpt>
			<trkpt lat="49.483127" lon="18.535200">
				<ele>764.000000</ele>
			</trkpt>
			<trkpt lat="49.483015" lon="18.535290">
				<ele>762.000000</ele>
			</trkpt>
			<trkpt lat="49.482893" lon="18.535388">
				<ele>759.000000</ele>
			</trkpt>
			<trkpt lat="49.482706" lon="18.535568">
				<ele>757.000000</ele>
			</trkpt>
			<trkpt lat="49.482590" lon="18.535703">
				<ele>755.000000</ele>
			</trkpt>
			<trkpt lat="49.482426" lon="18.535864">
				<ele>753.000000</ele>
			</trkpt>
			<trkpt lat="49.482205" lon="18.536071">
				<ele>750.000000</ele>
			</trkpt>
			<trkpt lat="49.481977" lon="18.536287">
				<ele>748.000000</ele>
			</trkpt>
			<trkpt lat="49.481732" lon="18.536565">
				<ele>747.000000</ele>
			</trkpt>
			<trkpt lat="49.481562" lon="18.536753">
				<ele>746.000000</ele>
			</trkpt>
			<trkpt lat="49.481515" lon="18.536835">
				<ele>745.000000</ele>
			</trkpt>
			<trkpt lat="49.481457" lon="18.536942">
				<ele>745.000000</ele>
			</trkpt>
			<trkpt lat="49.481405" lon="18.537059">
				<ele>744.000000</ele>
			</trkpt>
			<trkpt lat="49.481352" lon="18.537141">
				<ele>743.000000</ele>
			</trkpt>
			<trkpt lat="49.481305" lon="18.537239">
				<ele>742.000000</ele>
			</trkpt>
			<trkpt lat="49.481265" lon="18.537382">
				<ele>741.000000</ele>
			</trkpt>
			<trkpt lat="49.481224" lon="18.537535">
				<ele>740.000000</ele>
			</trkpt>
			<trkpt lat="49.481224" lon="18.537688">
				<ele>740.000000</ele>
			</trkpt>
			<trkpt lat="49.481218" lon="18.537768">
				<ele>739.000000</ele>
			</trkpt>
			<trkpt lat="49.481206" lon="18.537841">
				<ele>739.000000</ele>
			</trkpt>
			<trkpt lat="49.481189" lon="18.537904">
				<ele>738.000000</ele>
			</trkpt>
			<trkpt lat="49.481148" lon="18.537967">
				<ele>738.000000</ele>
			</trkpt>
			<trkpt lat="49.481037" lon="18.538183">
				<ele>736.000000</ele>
			</trkpt>
			<trkpt lat="49.480874" lon="18.538451">
				<ele>734.000000</ele>
			</trkpt>
			<trkpt lat="49.480792" lon="18.538694">
				<ele>732.000000</ele>
			</trkpt>
			<trkpt lat="49.480757" lon="18.538776">
				<ele>732.000000</ele>
			</trkpt>
			<trkpt lat="49.480699" lon="18.538837">
				<ele>731.000000</ele>
			</trkpt>
			<trkpt lat="49.480412" lon="18.539189">
				<ele>728.000000</ele>
			</trkpt>
			<trkpt lat="49.480010" lon="18.539682">
				<ele>721.000000</ele>
			</trkpt>
			<trkpt lat="49.479636" lon="18.540168">
				<ele>714.000000</ele>
			</trkpt>
			<trkpt lat="49.479607" lon="18.540204">
				<ele>713.000000</ele>
			</trkpt>
			<trkpt lat="49.479561" lon="18.540258">
				<ele>712.000000</ele>
			</trkpt>
			<trkpt lat="49.479455" lon="18.540321">
				<ele>711.000000</ele>
			</trkpt>
			<trkpt lat="49.479374" lon="18.540384">
				<ele>709.000000</ele>
			</trkpt>
			<trkpt lat="49.479298" lon="18.540473">
				<ele>708.000000</ele>
			</trkpt>
			<trkpt lat="49.478971" lon="18.540904">
				<ele>704.000000</ele>
			</trkpt>
			<trkpt lat="49.478849" lon="18.541066">
				<ele>702.000000</ele>
			</trkpt>
			<trkpt lat="49.478679" lon="18.541300">
				<ele>701.000000</ele>
			</trkpt>
			<trkpt lat="49.478667" lon="18.541290">
				<ele>700.000000</ele>
			</trkpt>
			<trkpt lat="49.478562" lon="18.541416">
				<ele>699.000000</ele>
			</trkpt>
			<trkpt lat="49.478370" lon="18.541605">
				<ele>697.000000</ele>
			</trkpt>
			<trkpt lat="49.478084" lon="18.541865">
				<ele>695.000000</ele>
			</trkpt>
			<trkpt lat="49.477979" lon="18.541973">
				<ele>695.000000</ele>
			</trkpt>
			<trkpt lat="49.477710" lon="18.542206">
				<ele>693.000000</ele>
			</trkpt>
			<trkpt lat="49.477552" lon="18.542332">
				<ele>691.000000</ele>
			</trkpt>
			<trkpt lat="49.477336" lon="18.542449">
				<ele>690.000000</ele>
			</trkpt>
			<trkpt lat="49.477208" lon="18.542503">
				<ele>690.000000</ele>
			</trkpt>
			<trkpt lat="49.477208" lon="18.542503">
				<ele>690.000000</ele>
			</trkpt>
			<trkpt lat="49.477103" lon="18.542548">
				<ele>690.000000</ele>
			</trkpt>
			<trkpt lat="49.476934" lon="18.542611">
				<ele>690.000000</ele>
			</trkpt>
			<trkpt lat="49.476619" lon="18.542745">
				<ele>690.000000</ele>
			</trkpt>
			<trkpt lat="49.475592" lon="18.543231">
				<ele>692.000000</ele>
			</trkpt>
			<trkpt lat="49.475469" lon="18.543284">
				<ele>693.000000</ele>
			</trkpt>
			<trkpt lat="49.475358" lon="18.543321">
				<ele>695.000000</ele>
			</trkpt>
			<trkpt lat="49.475195" lon="18.543321">
				<ele>697.000000</ele>
			</trkpt>
			<trkpt lat="49.474990" lon="18.543240">
				<ele>700.000000</ele>
			</trkpt>
			<trkpt lat="49.475031" lon="18.543258">
				<ele>698.000000</ele>
			</trkpt>
			<trkpt lat="49.474914" lon="18.543221">
				<ele>700.000000</ele>
			</trkpt>
			<trkpt lat="49.474798" lon="18.543185">
				<ele>702.000000</ele>
			</trkpt>
			<trkpt lat="49.474710" lon="18.543177">
				<ele>704.000000</ele>
			</trkpt>
			<trkpt lat="49.474658" lon="18.543195">
				<ele>705.000000</ele>
			</trkpt>
			<trkpt lat="49.474617" lon="18.543231">
				<ele>705.000000</ele>
			</trkpt>
			<trkpt lat="49.474558" lon="18.543338">
				<ele>706.000000</ele>
			</trkpt>
			<trkpt lat="49.474272" lon="18.543850">
				<ele>712.000000</ele>
			</trkpt>
			<trkpt lat="49.473911" lon="18.544605">
				<ele>720.000000</ele>
			</trkpt>
			<trkpt lat="49.473805" lon="18.544812">
				<ele>722.000000</ele>
			</trkpt>
			<trkpt lat="49.473700" lon="18.544982">
				<ele>724.000000</ele>
			</trkpt>
			<trkpt lat="49.473577" lon="18.545144">
				<ele>726.000000</ele>
			</trkpt>
			<trkpt lat="49.473408" lon="18.545342">
				<ele>729.000000</ele>
			</trkpt>
			<trkpt lat="49.473245" lon="18.545504">
				<ele>732.000000</ele>
			</trkpt>
			<trkpt lat="49.473087" lon="18.545629">
				<ele>734.000000</ele>
			</trkpt>
			<trkpt lat="49.472912" lon="18.545718">
				<ele>736.000000</ele>
			</trkpt>
			<trkpt lat="49.472649" lon="18.545818">
				<ele>740.000000</ele>
			</trkpt>
			<trkpt lat="49.472521" lon="18.545881">
				<ele>742.000000</ele>
			</trkpt>
			<trkpt lat="49.472439" lon="18.545934">
				<ele>743.000000</ele>
			</trkpt>
			<trkpt lat="49.472375" lon="18.545980">
				<ele>744.000000</ele>
			</trkpt>
			<trkpt lat="49.472299" lon="18.546070">
				<ele>745.000000</ele>
			</trkpt>
			<trkpt lat="49.472217" lon="18.546177">
				<ele>746.000000</ele>
			</trkpt>
			<trkpt lat="49.472130" lon="18.546250">
				<ele>748.000000</ele>
			</trkpt>
			<trkpt lat="49.471867" lon="18.546456">
				<ele>751.000000</ele>
			</trkpt>
			<trkpt lat="49.471558" lon="18.546734">
				<ele>756.000000</ele>
			</trkpt>
			<trkpt lat="49.471458" lon="18.546816">
				<ele>758.000000</ele>
			</trkpt>
			<trkpt lat="49.471359" lon="18.546877">
				<ele>759.000000</ele>
			</trkpt>
			<trkpt lat="49.471266" lon="18.546923">
				<ele>760.000000</ele>
			</trkpt>
			<trkpt lat="49.471120" lon="18.546976">
				<ele>761.000000</ele>
			</trkpt>
			<trkpt lat="49.470957" lon="18.547093">
				<ele>762.000000</ele>
			</trkpt>
			<trkpt lat="49.470828" lon="18.547156">
				<ele>763.000000</ele>
			</trkpt>
			<trkpt lat="49.470729" lon="18.547202">
				<ele>763.000000</ele>
			</trkpt>
			<trkpt lat="49.470606" lon="18.547318">
				<ele>764.000000</ele>
			</trkpt>
			<trkpt lat="49.470525" lon="18.547381">
				<ele>765.000000</ele>
			</trkpt>
			<trkpt lat="49.470367" lon="18.547453">
				<ele>766.000000</ele>
			</trkpt>
			<trkpt lat="49.470169" lon="18.547489">
				<ele>768.000000</ele>
			</trkpt>
			<trkpt lat="49.470116" lon="18.547489">
				<ele>768.000000</ele>
			</trkpt>
			<trkpt lat="49.470070" lon="18.547426">
				<ele>769.000000</ele>
			</trkpt>
			<trkpt lat="49.469923" lon="18.547183">
				<ele>770.000000</ele>
			</trkpt>
			<trkpt lat="49.469830" lon="18.547022">
				<ele>771.000000</ele>
			</trkpt>
			<trkpt lat="49.469731" lon="18.546850">
				<ele>773.000000</ele>
			</trkpt>
			<trkpt lat="49.469684" lon="18.546806">
				<ele>773.000000</ele>
			</trkpt>
			<trkpt lat="49.469626" lon="18.546752">
				<ele>773.000000</ele>
			</trkpt>
			<trkpt lat="49.469421" lon="18.546600">
				<ele>775.000000</ele>
			</trkpt>
			<trkpt lat="49.469246" lon="18.546500">
				<ele>778.000000</ele>
			</trkpt>
			<trkpt lat="49.469042" lon="18.546447">
				<ele>780.000000</ele>
			</trkpt>
			<trkpt lat="49.468797" lon="18.546411">
				<ele>781.000000</ele>
			</trkpt>
			<trkpt lat="49.468627" lon="18.546384">
				<ele>782.000000</ele>
			</trkpt>
			<trkpt lat="49.468540" lon="18.546357">
				<ele>782.000000</ele>
			</trkpt>
			<trkpt lat="49.468470" lon="18.546303">
				<ele>782.000000</ele>
			</trkpt>
			<trkpt lat="49.468312" lon="18.546187">
				<ele>783.000000</ele>
			</trkpt>
			<trkpt lat="49.468108" lon="18.545988">
				<ele>784.000000</ele>
			</trkpt>
			<trkpt lat="49.467986" lon="18.545881">
				<ele>785.000000</ele>
			</trkpt>
			<trkpt lat="49.467851" lon="18.545808">
				<ele>786.000000</ele>
			</trkpt>
			<trkpt lat="49.467728" lon="18.545773">
				<ele>787.000000</ele>
			</trkpt>
			<trkpt lat="49.467389" lon="18.545692">
				<ele>789.000000</ele>
			</trkpt>
			<trkpt lat="49.467238" lon="18.545647">
				<ele>790.000000</ele>
			</trkpt>
			<trkpt lat="49.467086" lon="18.545638">
				<ele>790.000000</ele>
			</trkpt>
			<trkpt lat="49.466940" lon="18.545657">
				<ele>790.000000</ele>
			</trkpt>
			<trkpt lat="49.466660" lon="18.545710">
				<ele>787.000000</ele>
			</trkpt>
			<trkpt lat="49.466526" lon="18.545710">
				<ele>785.000000</ele>
			</trkpt>
			<trkpt lat="49.466327" lon="18.545737">
				<ele>780.000000</ele>
			</trkpt>
			<trkpt lat="49.466245" lon="18.545747">
				<ele>779.000000</ele>
			</trkpt>
			<trkpt lat="49.466176" lon="18.545710">
				<ele>777.000000</ele>
			</trkpt>
			<trkpt lat="49.466070" lon="18.545621">
				<ele>775.000000</ele>
			</trkpt>
			<trkpt lat="49.465918" lon="18.545504">
				<ele>772.000000</ele>
			</trkpt>
			<trkpt lat="49.465883" lon="18.545468">
				<ele>772.000000</ele>
			</trkpt>
			<trkpt lat="49.465860" lon="18.545431">
				<ele>771.000000</ele>
			</trkpt>
			<trkpt lat="49.465784" lon="18.545242">
				<ele>769.000000</ele>
			</trkpt>
			<trkpt lat="49.465639" lon="18.544938">
				<ele>764.000000</ele>
			</trkpt>
			<trkpt lat="49.465539" lon="18.544785">
				<ele>762.000000</ele>
			</trkpt>
			<trkpt lat="49.465434" lon="18.544642">
				<ele>760.000000</ele>
			</trkpt>
			<trkpt lat="49.465294" lon="18.544506">
				<ele>758.000000</ele>
			</trkpt>
			<trkpt lat="49.465224" lon="18.544426">
				<ele>758.000000</ele>
			</trkpt>
			<trkpt lat="49.465171" lon="18.544345">
				<ele>757.000000</ele>
			</trkpt>
			<trkpt lat="49.465119" lon="18.544255">
				<ele>756.000000</ele>
			</trkpt>
			<trkpt lat="49.465072" lon="18.544111">
				<ele>756.000000</ele>
			</trkpt>
			<trkpt lat="49.465008" lon="18.543913">
				<ele>754.000000</ele>
			</trkpt>
			<trkpt lat="49.464955" lon="18.543734">
				<ele>753.000000</ele>
			</trkpt>
			<trkpt lat="49.464926" lon="18.543527">
				<ele>752.000000</ele>
			</trkpt>
			<trkpt lat="49.464874" lon="18.543185">
				<ele>750.000000</ele>
			</trkpt>
			<trkpt lat="49.464804" lon="18.542827">
				<ele>748.000000</ele>
			</trkpt>
			<trkpt lat="49.464768" lon="18.542647">
				<ele>747.000000</ele>
			</trkpt>
			<trkpt lat="49.464751" lon="18.542521">
				<ele>747.000000</ele>
			</trkpt>
			<trkpt lat="49.464751" lon="18.542225">
				<ele>745.000000</ele>
			</trkpt>
			<trkpt lat="49.464710" lon="18.541820">
				<ele>743.000000</ele>
			</trkpt>
			<trkpt lat="49.464704" lon="18.541667">
				<ele>742.000000</ele>
			</trkpt>
			<trkpt lat="49.464710" lon="18.541533">
				<ele>741.000000</ele>
			</trkpt>
			<trkpt lat="49.464727" lon="18.541290">
				<ele>740.000000</ele>
			</trkpt>
			<trkpt lat="49.464722" lon="18.541093">
				<ele>739.000000</ele>
			</trkpt>
			<trkpt lat="49.464727" lon="18.540913">
				<ele>738.000000</ele>
			</trkpt>
			<trkpt lat="49.464716" lon="18.540734">
				<ele>737.000000</ele>
			</trkpt>
			<trkpt lat="49.464658" lon="18.540231">
				<ele>734.000000</ele>
			</trkpt>
			<trkpt lat="49.464541" lon="18.539449">
				<ele>730.000000</ele>
			</trkpt>
			<trkpt lat="49.464389" lon="18.538713">
				<ele>726.000000</ele>
			</trkpt>
			<trkpt lat="49.464336" lon="18.538084">
				<ele>723.000000</ele>
			</trkpt>
			<trkpt lat="49.464296" lon="18.537805">
				<ele>721.000000</ele>
			</trkpt>
			<trkpt lat="49.464289" lon="18.537625">
				<ele>720.000000</ele>
			</trkpt>
			<trkpt lat="49.464278" lon="18.537445">
				<ele>719.000000</ele>
			</trkpt>
			<trkpt lat="49.464190" lon="18.536979">
				<ele>717.000000</ele>
			</trkpt>
			<trkpt lat="49.464161" lon="18.536816">
				<ele>716.000000</ele>
			</trkpt>
			<trkpt lat="49.464149" lon="18.536700">
				<ele>715.000000</ele>
			</trkpt>
			<trkpt lat="49.464120" lon="18.536619">
				<ele>715.000000</ele>
			</trkpt>
			<trkpt lat="49.464033" lon="18.536395">
				<ele>713.000000</ele>
			</trkpt>
			<trkpt lat="49.463752" lon="18.535774">
				<ele>709.000000</ele>
			</trkpt>
			<trkpt lat="49.463648" lon="18.535604">
				<ele>708.000000</ele>
			</trkpt>
			<trkpt lat="49.463530" lon="18.535407">
				<ele>706.000000</ele>
			</trkpt>
			<trkpt lat="49.463496" lon="18.535307">
				<ele>706.000000</ele>
			</trkpt>
			<trkpt lat="49.463461" lon="18.535235">
				<ele>705.000000</ele>
			</trkpt>
			<trkpt lat="49.463414" lon="18.535173">
				<ele>705.000000</ele>
			</trkpt>
			<trkpt lat="49.463350" lon="18.535110">
				<ele>704.000000</ele>
			</trkpt>
			<trkpt lat="49.463157" lon="18.534975">
				<ele>703.000000</ele>
			</trkpt>
			<trkpt lat="49.463034" lon="18.534921">
				<ele>702.000000</ele>
			</trkpt>
			<trkpt lat="49.462842" lon="18.534868">
				<ele>700.000000</ele>
			</trkpt>
			<trkpt lat="49.462772" lon="18.534822">
				<ele>699.000000</ele>
			</trkpt>
			<trkpt lat="49.462702" lon="18.534759">
				<ele>699.000000</ele>
			</trkpt>
			<trkpt lat="49.462632" lon="18.534688">
				<ele>698.000000</ele>
			</trkpt>
			<trkpt lat="49.462555" lon="18.534652">
				<ele>698.000000</ele>
			</trkpt>
			<trkpt lat="49.462205" lon="18.534508">
				<ele>695.000000</ele>
			</trkpt>
			<trkpt lat="49.462095" lon="18.534445">
				<ele>694.000000</ele>
			</trkpt>
			<trkpt lat="49.461995" lon="18.534392">
				<ele>692.000000</ele>
			</trkpt>
			<trkpt lat="49.461908" lon="18.534319">
				<ele>690.000000</ele>
			</trkpt>
			<trkpt lat="49.461785" lon="18.534202">
				<ele>690.000000</ele>
			</trkpt>
			<trkpt lat="49.461651" lon="18.534095">
				<ele>690.000000</ele>
			</trkpt>
			<trkpt lat="49.461470" lon="18.533987">
				<ele>690.000000</ele>
			</trkpt>
			<trkpt lat="49.461230" lon="18.533870">
				<ele>690.000000</ele>
			</trkpt>
			<trkpt lat="49.461026" lon="18.533763">
				<ele>690.000000</ele>
			</trkpt>
			<trkpt lat="49.460821" lon="18.533663">
				<ele>690.000000</ele>
			</trkpt>
			<trkpt lat="49.460279" lon="18.533403">
				<ele>690.000000</ele>
			</trkpt>
			<trkpt lat="49.460139" lon="18.533304">
				<ele>690.000000</ele>
			</trkpt>
			<trkpt lat="49.460016" lon="18.533241">
				<ele>690.000000</ele>
			</trkpt>
			<trkpt lat="49.459660" lon="18.533097">
				<ele>690.000000</ele>
			</trkpt>
			<trkpt lat="49.459572" lon="18.533061">
				<ele>690.000000</ele>
			</trkpt>
			<trkpt lat="49.459496" lon="18.533053">
				<ele>691.000000</ele>
			</trkpt>
			<trkpt lat="49.459426" lon="18.533061">
				<ele>691.000000</ele>
			</trkpt>
			<trkpt lat="49.459321" lon="18.533071">
				<ele>692.000000</ele>
			</trkpt>
			<trkpt lat="49.459210" lon="18.533053">
				<ele>694.000000</ele>
			</trkpt>
			<trkpt lat="49.458784" lon="18.532918">
				<ele>697.000000</ele>
			</trkpt>
			<trkpt lat="49.458702" lon="18.532918">
				<ele>697.000000</ele>
			</trkpt>
			<trkpt lat="49.458638" lon="18.532927">
				<ele>698.000000</ele>
			</trkpt>
			<trkpt lat="49.458591" lon="18.532963">
				<ele>698.000000</ele>
			</trkpt>
			<trkpt lat="49.458544" lon="18.533026">
				<ele>698.000000</ele>
			</trkpt>
			<trkpt lat="49.458421" lon="18.533313">
				<ele>700.000000</ele>
			</trkpt>
			<trkpt lat="49.458363" lon="18.533403">
				<ele>700.000000</ele>
			</trkpt>
			<trkpt lat="49.458287" lon="18.533447">
				<ele>701.000000</ele>
			</trkpt>
			<trkpt lat="49.458252" lon="18.533466">
				<ele>701.000000</ele>
			</trkpt>
			<trkpt lat="49.458218" lon="18.533476">
				<ele>701.000000</ele>
			</trkpt>
			<trkpt lat="49.458136" lon="18.533439">
				<ele>702.000000</ele>
			</trkpt>
			<trkpt lat="49.458095" lon="18.533386">
				<ele>702.000000</ele>
			</trkpt>
			<trkpt lat="49.458060" lon="18.533323">
				<ele>703.000000</ele>
			</trkpt>
			<trkpt lat="49.458037" lon="18.533241">
				<ele>703.000000</ele>
			</trkpt>
			<trkpt lat="49.458019" lon="18.533124">
				<ele>703.000000</ele>
			</trkpt>
			<trkpt lat="49.457966" lon="18.532271">
				<ele>707.000000</ele>
			</trkpt>
			<trkpt lat="49.457931" lon="18.531606">
				<ele>710.000000</ele>
			</trkpt>
			<trkpt lat="49.457914" lon="18.531409">
				<ele>710.000000</ele>
			</trkpt>
			<trkpt lat="49.457856" lon="18.531202">
				<ele>711.000000</ele>
			</trkpt>
			<trkpt lat="49.457821" lon="18.531067">
				<ele>712.000000</ele>
			</trkpt>
			<trkpt lat="49.457803" lon="18.530933">
				<ele>713.000000</ele>
			</trkpt>
			<trkpt lat="49.457762" lon="18.530510">
				<ele>714.000000</ele>
			</trkpt>
			<trkpt lat="49.457727" lon="18.530321">
				<ele>715.000000</ele>
			</trkpt>
			<trkpt lat="49.457692" lon="18.530134">
				<ele>716.000000</ele>
			</trkpt>
			<trkpt lat="49.457640" lon="18.530007">
				<ele>717.000000</ele>
			</trkpt>
			<trkpt lat="49.457581" lon="18.529864">
				<ele>717.000000</ele>
			</trkpt>
			<trkpt lat="49.457493" lon="18.529720">
				<ele>718.000000</ele>
			</trkpt>
			<trkpt lat="49.457435" lon="18.529639">
				<ele>719.000000</ele>
			</trkpt>
			<trkpt lat="49.457400" lon="18.529549">
				<ele>719.000000</ele>
			</trkpt>
			<trkpt lat="49.457377" lon="18.529468">
				<ele>719.000000</ele>
			</trkpt>
			<trkpt lat="49.457365" lon="18.529369">
				<ele>720.000000</ele>
			</trkpt>
			<trkpt lat="49.457330" lon="18.529199">
				<ele>721.000000</ele>
			</trkpt>
			<trkpt lat="49.457301" lon="18.529065">
				<ele>721.000000</ele>
			</trkpt>
			<trkpt lat="49.457242" lon="18.528948">
				<ele>722.000000</ele>
			</trkpt>
			<trkpt lat="49.457161" lon="18.528831">
				<ele>722.000000</ele>
			</trkpt>
			<trkpt lat="49.457114" lon="18.528759">
				<ele>723.000000</ele>
			</trkpt>
			<trkpt lat="49.457067" lon="18.528669">
				<ele>723.000000</ele>
			</trkpt>
			<trkpt lat="49.456974" lon="18.528445">
				<ele>724.000000</ele>
			</trkpt>
			<trkpt lat="49.456921" lon="18.528176">
				<ele>726.000000</ele>
			</trkpt>
			<trkpt lat="49.456881" lon="18.527789">
				<ele>727.000000</ele>
			</trkpt>
			<trkpt lat="49.456851" lon="18.527581">
				<ele>728.000000</ele>
			</trkpt>
			<trkpt lat="49.456828" lon="18.527430">
				<ele>729.000000</ele>
			</trkpt>
			<trkpt lat="49.456787" lon="18.527285">
				<ele>729.000000</ele>
			</trkpt>
			<trkpt lat="49.456740" lon="18.527097">
				<ele>730.000000</ele>
			</trkpt>
			<trkpt lat="49.456705" lon="18.526989">
				<ele>731.000000</ele>
			</trkpt>
			<trkpt lat="49.456682" lon="18.526899">
				<ele>731.000000</ele>
			</trkpt>
			<trkpt lat="49.456676" lon="18.526818">
				<ele>731.000000</ele>
			</trkpt>
			<trkpt lat="49.456676" lon="18.526738">
				<ele>732.000000</ele>
			</trkpt>
			<trkpt lat="49.456693" lon="18.526216">
				<ele>734.000000</ele>
			</trkpt>
			<trkpt lat="49.456711" lon="18.525956">
				<ele>735.000000</ele>
			</trkpt>
			<trkpt lat="49.456752" lon="18.525696">
				<ele>735.000000</ele>
			</trkpt>
			<trkpt lat="49.456769" lon="18.525560">
				<ele>735.000000</ele>
			</trkpt>
			<trkpt lat="49.456763" lon="18.525444">
				<ele>735.000000</ele>
			</trkpt>
			<trkpt lat="49.456746" lon="18.525319">
				<ele>735.000000</ele>
			</trkpt>
			<trkpt lat="49.456705" lon="18.525193">
				<ele>735.000000</ele>
			</trkpt>
			<trkpt lat="49.456659" lon="18.525076">
				<ele>735.000000</ele>
			</trkpt>
			<trkpt lat="49.456594" lon="18.524977">
				<ele>735.000000</ele>
			</trkpt>
			<trkpt lat="49.456524" lon="18.524923">
				<ele>734.000000</ele>
			</trkpt>
			<trkpt lat="49.456413" lon="18.524843">
				<ele>733.000000</ele>
			</trkpt>
			<trkpt lat="49.456273" lon="18.524761">
				<ele>732.000000</ele>
			</trkpt>
			<trkpt lat="49.456004" lon="18.524581">
				<ele>729.000000</ele>
			</trkpt>
			<trkpt lat="49.455876" lon="18.524501">
				<ele>728.000000</ele>
			</trkpt>
			<trkpt lat="49.455555" lon="18.524348">
				<ele>725.000000</ele>
			</trkpt>
			<trkpt lat="49.455012" lon="18.524151">
				<ele>720.000000</ele>
			</trkpt>
			<trkpt lat="49.454953" lon="18.524285">
				<ele>712.000000</ele>
			</trkpt>
			<trkpt lat="49.454878" lon="18.524420">
				<ele>712.000000</ele>
			</trkpt>
			<trkpt lat="49.454860" lon="18.524375">
				<ele>712.000000</ele>
			</trkpt>
			<trkpt lat="49.454825" lon="18.524312">
				<ele>713.000000</ele>
			</trkpt>
			<trkpt lat="49.454766" lon="18.524204">
				<ele>714.000000</ele>
			</trkpt>
			<trkpt lat="49.454697" lon="18.524088">
				<ele>715.000000</ele>
			</trkpt>
			<trkpt lat="49.454527" lon="18.523854">
				<ele>716.000000</ele>
			</trkpt>
			<trkpt lat="49.454428" lon="18.523719">
				<ele>717.000000</ele>
			</trkpt>
			<trkpt lat="49.454334" lon="18.523629">
				<ele>718.000000</ele>
			</trkpt>
			<trkpt lat="49.454235" lon="18.523558">
				<ele>718.000000</ele>
			</trkpt>
			<trkpt lat="49.454130" lon="18.523503">
				<ele>719.000000</ele>
			</trkpt>
			<trkpt lat="49.453733" lon="18.523369">
				<ele>720.000000</ele>
			</trkpt>
			<trkpt lat="49.453563" lon="18.523289">
				<ele>720.000000</ele>
			</trkpt>
			<trkpt lat="49.453511" lon="18.523252">
				<ele>720.000000</ele>
			</trkpt>
			<trkpt lat="49.453458" lon="18.523199">
				<ele>720.000000</ele>
			</trkpt>
			<trkpt lat="49.453313" lon="18.523252">
				<ele>724.000000</ele>
			</trkpt>
			<trkpt lat="49.453248" lon="18.523252">
				<ele>725.000000</ele>
			</trkpt>
			<trkpt lat="49.453137" lon="18.523235">
				<ele>726.000000</ele>
			</trkpt>
			<trkpt lat="49.452839" lon="18.523235">
				<ele>728.000000</ele>
			</trkpt>
			<trkpt lat="49.452349" lon="18.523262">
				<ele>734.000000</ele>
			</trkpt>
			<trkpt lat="49.452185" lon="18.523235">
				<ele>736.000000</ele>
			</trkpt>
			<trkpt lat="49.452104" lon="18.523199">
				<ele>737.000000</ele>
			</trkpt>
			<trkpt lat="49.452028" lon="18.523199">
				<ele>738.000000</ele>
			</trkpt>
			<trkpt lat="49.451934" lon="18.523252">
				<ele>740.000000</ele>
			</trkpt>
			<trkpt lat="49.451876" lon="18.523342">
				<ele>741.000000</ele>
			</trkpt>
			<trkpt lat="49.451788" lon="18.523459">
				<ele>744.000000</ele>
			</trkpt>
			<trkpt lat="49.451701" lon="18.523522">
				<ele>746.000000</ele>
			</trkpt>
			<trkpt lat="49.451590" lon="18.523639">
				<ele>749.000000</ele>
			</trkpt>
			<trkpt lat="49.451513" lon="18.523809">
				<ele>751.000000</ele>
			</trkpt>
			<trkpt lat="49.451409" lon="18.524168">
				<ele>754.000000</ele>
			</trkpt>
			<trkpt lat="49.451473" lon="18.523989">
				<ele>758.000000</ele>
			</trkpt>
			<trkpt lat="49.451426" lon="18.523935">
				<ele>759.000000</ele>
			</trkpt>
			<trkpt lat="49.451403" lon="18.523872">
				<ele>760.000000</ele>
			</trkpt>
			<trkpt lat="49.451368" lon="18.523765">
				<ele>761.000000</ele>
			</trkpt>
			<trkpt lat="49.451338" lon="18.523665">
				<ele>762.000000</ele>
			</trkpt>
			<trkpt lat="49.451210" lon="18.523432">
				<ele>765.000000</ele>
			</trkpt>
			<trkpt lat="49.451088" lon="18.523235">
				<ele>768.000000</ele>
			</trkpt>
			<trkpt lat="49.451047" lon="18.523145">
				<ele>770.000000</ele>
			</trkpt>
			<trkpt lat="49.450830" lon="18.522579">
				<ele>779.000000</ele>
			</trkpt>
			<trkpt lat="49.450562" lon="18.521923">
				<ele>792.000000</ele>
			</trkpt>
			<trkpt lat="49.450369" lon="18.521465">
				<ele>801.000000</ele>
			</trkpt>
			<trkpt lat="49.450293" lon="18.521339">
				<ele>803.000000</ele>
			</trkpt>
			<trkpt lat="49.450223" lon="18.521239">
				<ele>806.000000</ele>
			</trkpt>
			<trkpt lat="49.450124" lon="18.521178">
				<ele>807.000000</ele>
			</trkpt>
			<trkpt lat="49.449995" lon="18.521115">
				<ele>809.000000</ele>
			</trkpt>
			<trkpt lat="49.449885" lon="18.521061">
				<ele>810.000000</ele>
			</trkpt>
			<trkpt lat="49.449779" lon="18.520998">
				<ele>813.000000</ele>
			</trkpt>
			<trkpt lat="49.449493" lon="18.520782">
				<ele>820.000000</ele>
			</trkpt>
			<trkpt lat="49.449441" lon="18.520736">
				<ele>822.000000</ele>
			</trkpt>
			<trkpt lat="49.449376" lon="18.520719">
				<ele>824.000000</ele>
			</trkpt>
			<trkpt lat="49.449318" lon="18.520746">
				<ele>826.000000</ele>
			</trkpt>
			<trkpt lat="49.449265" lon="18.520763">
				<ele>827.000000</ele>
			</trkpt>
			<trkpt lat="49.449195" lon="18.520818">
				<ele>829.000000</ele>
			</trkpt>
			<trkpt lat="49.449131" lon="18.520818">
				<ele>831.000000</ele>
			</trkpt>
			<trkpt lat="49.449079" lon="18.520799">
				<ele>833.000000</ele>
			</trkpt>
			<trkpt lat="49.449032" lon="18.520728">
				<ele>834.000000</ele>
			</trkpt>
			<trkpt lat="49.448967" lon="18.520584">
				<ele>837.000000</ele>
			</trkpt>
			<trkpt lat="49.448915" lon="18.520495">
				<ele>838.000000</ele>
			</trkpt>
			<trkpt lat="49.448862" lon="18.520423">
				<ele>840.000000</ele>
			</trkpt>
			<trkpt lat="49.448804" lon="18.520360">
				<ele>841.000000</ele>
			</trkpt>
			<trkpt lat="49.448722" lon="18.520297">
				<ele>842.000000</ele>
			</trkpt>
			<trkpt lat="49.448652" lon="18.520216">
				<ele>843.000000</ele>
			</trkpt>
			<trkpt lat="49.448611" lon="18.520099">
				<ele>844.000000</ele>
			</trkpt>
			<trkpt lat="49.448553" lon="18.519901">
				<ele>846.000000</ele>
			</trkpt>
			<trkpt lat="49.448454" lon="18.519605">
				<ele>850.000000</ele>
			</trkpt>
			<trkpt lat="49.448413" lon="18.519488">
				<ele>851.000000</ele>
			</trkpt>
			<trkpt lat="49.448389" lon="18.519381">
				<ele>852.000000</ele>
			</trkpt>
			<trkpt lat="49.448348" lon="18.519031">
				<ele>854.000000</ele>
			</trkpt>
			<trkpt lat="49.448273" lon="18.518545">
				<ele>855.000000</ele>
			</trkpt>
			<trkpt lat="49.448255" lon="18.518428">
				<ele>855.000000</ele>
			</trkpt>
			<trkpt lat="49.448249" lon="18.518321">
				<ele>855.000000</ele>
			</trkpt>
			<trkpt lat="49.448267" lon="18.518212">
				<ele>855.000000</ele>
			</trkpt>
			<trkpt lat="49.448278" lon="18.518105">
				<ele>854.000000</ele>
			</trkpt>
			<trkpt lat="49.448360" lon="18.517763">
				<ele>854.000000</ele>
			</trkpt>
			<trkpt lat="49.448372" lon="18.517683">
				<ele>854.000000</ele>
			</trkpt>
			<trkpt lat="49.448372" lon="18.517583">
				<ele>854.000000</ele>
			</trkpt>
			<trkpt lat="49.448354" lon="18.517333">
				<ele>854.000000</ele>
			</trkpt>
			<trkpt lat="49.448348" lon="18.517197">
				<ele>854.000000</ele>
			</trkpt>
			<trkpt lat="49.448337" lon="18.517099">
				<ele>854.000000</ele>
			</trkpt>
			<trkpt lat="49.448308" lon="18.517018">
				<ele>854.000000</ele>
			</trkpt>
			<trkpt lat="49.448278" lon="18.516928">
				<ele>854.000000</ele>
			</trkpt>
			<trkpt lat="49.448202" lon="18.516784">
				<ele>854.000000</ele>
			</trkpt>
			<trkpt lat="49.448138" lon="18.516685">
				<ele>853.000000</ele>
			</trkpt>
			<trkpt lat="49.448062" lon="18.516614">
				<ele>853.000000</ele>
			</trkpt>
			<trkpt lat="49.447963" lon="18.516551">
				<ele>853.000000</ele>
			</trkpt>
			<trkpt lat="49.447613" lon="18.516354">
				<ele>853.000000</ele>
			</trkpt>
			<trkpt lat="49.447519" lon="18.516299">
				<ele>853.000000</ele>
			</trkpt>
			<trkpt lat="49.447426" lon="18.516209">
				<ele>853.000000</ele>
			</trkpt>
			<trkpt lat="49.447292" lon="18.516102">
				<ele>853.000000</ele>
			</trkpt>
			<trkpt lat="49.447186" lon="18.515994">
				<ele>852.000000</ele>
			</trkpt>
			<trkpt lat="49.447092" lon="18.515868">
				<ele>852.000000</ele>
			</trkpt>
			<trkpt lat="49.446982" lon="18.515688">
				<ele>852.000000</ele>
			</trkpt>
			<trkpt lat="49.446906" lon="18.515562">
				<ele>852.000000</ele>
			</trkpt>
			<trkpt lat="49.446836" lon="18.515419">
				<ele>852.000000</ele>
			</trkpt>
			<trkpt lat="49.446643" lon="18.514933">
				<ele>852.000000</ele>
			</trkpt>
			<trkpt lat="49.446549" lon="18.514583">
				<ele>851.000000</ele>
			</trkpt>
			<trkpt lat="49.446421" lon="18.514000">
				<ele>851.000000</ele>
			</trkpt>
			<trkpt lat="49.446299" lon="18.513559">
				<ele>851.000000</ele>
			</trkpt>
			<trkpt lat="49.446211" lon="18.513262">
				<ele>850.000000</ele>
			</trkpt>
			<trkpt lat="49.446152" lon="18.513092">
				<ele>850.000000</ele>
			</trkpt>
			<trkpt lat="49.446077" lon="18.512912">
				<ele>850.000000</ele>
			</trkpt>
			<trkpt lat="49.445995" lon="18.512723">
				<ele>850.000000</ele>
			</trkpt>
			<trkpt lat="49.445924" lon="18.512607">
				<ele>850.000000</ele>
			</trkpt>
			<trkpt lat="49.445820" lon="18.512490">
				<ele>850.000000</ele>
			</trkpt>
			<trkpt lat="49.445656" lon="18.512337">
				<ele>849.000000</ele>
			</trkpt>
			<trkpt lat="49.445487" lon="18.512220">
				<ele>849.000000</ele>
			</trkpt>
			<trkpt lat="49.445329" lon="18.512067">
				<ele>848.000000</ele>
			</trkpt>
			<trkpt lat="49.445218" lon="18.511951">
				<ele>848.000000</ele>
			</trkpt>
			<trkpt lat="49.445130" lon="18.511834">
				<ele>847.000000</ele>
			</trkpt>
			<trkpt lat="49.445060" lon="18.511691">
				<ele>847.000000</ele>
			</trkpt>
			<trkpt lat="49.444996" lon="18.511502">
				<ele>847.000000</ele>
			</trkpt>
			<trkpt lat="49.444902" lon="18.511224">
				<ele>846.000000</ele>
			</trkpt>
			<trkpt lat="49.444856" lon="18.511080">
				<ele>846.000000</ele>
			</trkpt>
			<trkpt lat="49.444803" lon="18.510981">
				<ele>846.000000</ele>
			</trkpt>
			<trkpt lat="49.444745" lon="18.510882">
				<ele>846.000000</ele>
			</trkpt>
			<trkpt lat="49.444674" lon="18.510748">
				<ele>845.000000</ele>
			</trkpt>
			<trkpt lat="49.444628" lon="18.510639">
				<ele>845.000000</ele>
			</trkpt>
			<trkpt lat="49.444581" lon="18.510523">
				<ele>845.000000</ele>
			</trkpt>
			<trkpt lat="49.444546" lon="18.510371">
				<ele>846.000000</ele>
			</trkpt>
			<trkpt lat="49.444505" lon="18.510191">
				<ele>847.000000</ele>
			</trkpt>
			<trkpt lat="49.444465" lon="18.510046">
				<ele>848.000000</ele>
			</trkpt>
			<trkpt lat="49.444348" lon="18.509733">
				<ele>850.000000</ele>
			</trkpt>
			<trkpt lat="49.444254" lon="18.509535">
				<ele>853.000000</ele>
			</trkpt>
			<trkpt lat="49.444178" lon="18.509391">
				<ele>855.000000</ele>
			</trkpt>
			<trkpt lat="49.444085" lon="18.509257">
				<ele>856.000000</ele>
			</trkpt>
			<trkpt lat="49.443962" lon="18.509113">
				<ele>858.000000</ele>
			</trkpt>
			<trkpt lat="49.443787" lon="18.508897">
				<ele>860.000000</ele>
			</trkpt>
			<trkpt lat="49.443641" lon="18.508664">
				<ele>862.000000</ele>
			</trkpt>
			<trkpt lat="49.443524" lon="18.508430">
				<ele>864.000000</ele>
			</trkpt>
			<trkpt lat="49.443290" lon="18.507882">
				<ele>868.000000</ele>
			</trkpt>
			<trkpt lat="49.443232" lon="18.507738">
				<ele>869.000000</ele>
			</trkpt>
			<trkpt lat="49.443174" lon="18.507576">
				<ele>870.000000</ele>
			</trkpt>
			<trkpt lat="49.443133" lon="18.507442">
				<ele>869.000000</ele>
			</trkpt>
			<trkpt lat="49.443098" lon="18.507289">
				<ele>868.000000</ele>
			</trkpt>
			<trkpt lat="49.443075" lon="18.507119">
				<ele>867.000000</ele>
			</trkpt>
			<trkpt lat="49.443057" lon="18.506947">
				<ele>866.000000</ele>
			</trkpt>
			<trkpt lat="49.443028" lon="18.506409">
				<ele>865.000000</ele>
			</trkpt>
			<trkpt lat="49.443016" lon="18.506230">
				<ele>866.000000</ele>
			</trkpt>
			<trkpt lat="49.442993" lon="18.506067">
				<ele>866.000000</ele>
			</trkpt>
			<trkpt lat="49.442969" lon="18.505915">
				<ele>866.000000</ele>
			</trkpt>
			<trkpt lat="49.442940" lon="18.505798">
				<ele>866.000000</ele>
			</trkpt>
			<trkpt lat="49.442893" lon="18.505681">
				<ele>866.000000</ele>
			</trkpt>
			<trkpt lat="49.442847" lon="18.505574">
				<ele>866.000000</ele>
			</trkpt>
			<trkpt lat="49.442777" lon="18.505465">
				<ele>866.000000</ele>
			</trkpt>
			<trkpt lat="49.442706" lon="18.505358">
				<ele>866.000000</ele>
			</trkpt>
			<trkpt lat="49.442315" lon="18.504882">
				<ele>867.000000</ele>
			</trkpt>
			<trkpt lat="49.442157" lon="18.504720">
				<ele>867.000000</ele>
			</trkpt>
			<trkpt lat="49.442011" lon="18.504576">
				<ele>867.000000</ele>
			</trkpt>
			<trkpt lat="49.441853" lon="18.504423">
				<ele>868.000000</ele>
			</trkpt>
			<trkpt lat="49.441690" lon="18.504289">
				<ele>868.000000</ele>
			</trkpt>
			<trkpt lat="49.441503" lon="18.504163">
				<ele>868.000000</ele>
			</trkpt>
			<trkpt lat="49.441263" lon="18.504010">
				<ele>868.000000</ele>
			</trkpt>
			<trkpt lat="49.441258" lon="18.503993">
				<ele>868.000000</ele>
			</trkpt>
			<trkpt lat="49.441001" lon="18.503849">
				<ele>869.000000</ele>
			</trkpt>
			<trkpt lat="49.440802" lon="18.503767">
				<ele>869.000000</ele>
			</trkpt>
			<trkpt lat="49.440610" lon="18.503696">
				<ele>869.000000</ele>
			</trkpt>
			<trkpt lat="49.440394" lon="18.503670">
				<ele>870.000000</ele>
			</trkpt>
			<trkpt lat="49.440095" lon="18.503624">
				<ele>870.000000</ele>
			</trkpt>
			<trkpt lat="49.439979" lon="18.503615">
				<ele>870.000000</ele>
			</trkpt>
			<trkpt lat="49.439873" lon="18.503633">
				<ele>870.000000</ele>
			</trkpt>
			<trkpt lat="49.439500" lon="18.503704">
				<ele>869.000000</ele>
			</trkpt>
			<trkpt lat="49.439435" lon="18.503714">
				<ele>869.000000</ele>
			</trkpt>
			<trkpt lat="49.439365" lon="18.503696">
				<ele>869.000000</ele>
			</trkpt>
			<trkpt lat="49.439295" lon="18.503678">
				<ele>869.000000</ele>
			</trkpt>
			<trkpt lat="49.439231" lon="18.503641">
				<ele>869.000000</ele>
			</trkpt>
			<trkpt lat="49.439173" lon="18.503615">
				<ele>869.000000</ele>
			</trkpt>
			<trkpt lat="49.439108" lon="18.503534">
				<ele>869.000000</ele>
			</trkpt>
			<trkpt lat="49.438951" lon="18.503364">
				<ele>869.000000</ele>
			</trkpt>
			<trkpt lat="49.438822" lon="18.503184">
				<ele>869.000000</ele>
			</trkpt>
			<trkpt lat="49.438576" lon="18.502807">
				<ele>868.000000</ele>
			</trkpt>
			<trkpt lat="49.438425" lon="18.502609">
				<ele>868.000000</ele>
			</trkpt>
			<trkpt lat="49.438331" lon="18.502492">
				<ele>868.000000</ele>
			</trkpt>
			<trkpt lat="49.438226" lon="18.502385">
				<ele>868.000000</ele>
			</trkpt>
			<trkpt lat="49.438045" lon="18.502222">
				<ele>868.000000</ele>
			</trkpt>
			<trkpt lat="49.437841" lon="18.502096">
				<ele>868.000000</ele>
			</trkpt>
			<trkpt lat="49.437496" lon="18.501917">
				<ele>867.000000</ele>
			</trkpt>
			<trkpt lat="49.437192" lon="18.501756">
				<ele>867.000000</ele>
			</trkpt>
			<trkpt lat="49.436789" lon="18.501496">
				<ele>867.000000</ele>
			</trkpt>
			<trkpt lat="49.436538" lon="18.501343">
				<ele>866.000000</ele>
			</trkpt>
			<trkpt lat="49.436462" lon="18.501306">
				<ele>866.000000</ele>
			</trkpt>
			<trkpt lat="49.436363" lon="18.501288">
				<ele>866.000000</ele>
			</trkpt>
			<trkpt lat="49.436293" lon="18.501270">
				<ele>866.000000</ele>
			</trkpt>
			<trkpt lat="49.436199" lon="18.501217">
				<ele>866.000000</ele>
			</trkpt>
			<trkpt lat="49.435989" lon="18.501117">
				<ele>866.000000</ele>
			</trkpt>
			<trkpt lat="49.435679" lon="18.500920">
				<ele>865.000000</ele>
			</trkpt>
			<trkpt lat="49.435644" lon="18.500893">
				<ele>865.000000</ele>
			</trkpt>
			<trkpt lat="49.435609" lon="18.500830">
				<ele>865.000000</ele>
			</trkpt>
			<trkpt lat="49.435597" lon="18.500758">
				<ele>865.000000</ele>
			</trkpt>
			<trkpt lat="49.435592" lon="18.500668">
				<ele>865.000000</ele>
			</trkpt>
			<trkpt lat="49.435603" lon="18.500543">
				<ele>865.000000</ele>
			</trkpt>
			<trkpt lat="49.435627" lon="18.500381">
				<ele>865.000000</ele>
			</trkpt>
			<trkpt lat="49.435644" lon="18.500246">
				<ele>865.000000</ele>
			</trkpt>
			<trkpt lat="49.435650" lon="18.500129">
				<ele>864.000000</ele>
			</trkpt>
			<trkpt lat="49.435656" lon="18.500022">
				<ele>863.000000</ele>
			</trkpt>
			<trkpt lat="49.435633" lon="18.499878">
				<ele>862.000000</ele>
			</trkpt>
			<trkpt lat="49.435603" lon="18.499662">
				<ele>859.000000</ele>
			</trkpt>
			<trkpt lat="49.435592" lon="18.499483">
				<ele>857.000000</ele>
			</trkpt>
			<trkpt lat="49.435586" lon="18.499303">
				<ele>855.000000</ele>
			</trkpt>
			<trkpt lat="49.435592" lon="18.499079">
				<ele>853.000000</ele>
			</trkpt>
			<trkpt lat="49.435592" lon="18.498997">
				<ele>852.000000</ele>
			</trkpt>
			<trkpt lat="49.435597" lon="18.498817">
				<ele>850.000000</ele>
			</trkpt>
			<trkpt lat="49.435621" lon="18.498154">
				<ele>849.000000</ele>
			</trkpt>
			<trkpt lat="49.435627" lon="18.497964">
				<ele>849.000000</ele>
			</trkpt>
			<trkpt lat="49.435615" lon="18.497785">
				<ele>849.000000</ele>
			</trkpt>
			<trkpt lat="49.435597" lon="18.497614">
				<ele>849.000000</ele>
			</trkpt>
			<trkpt lat="49.435580" lon="18.497462">
				<ele>849.000000</ele>
			</trkpt>
			<trkpt lat="49.435562" lon="18.497362">
				<ele>849.000000</ele>
			</trkpt>
			<trkpt lat="49.435568" lon="18.497272">
				<ele>849.000000</ele>
			</trkpt>
			<trkpt lat="49.435586" lon="18.497175">
				<ele>849.000000</ele>
			</trkpt>
			<trkpt lat="49.435621" lon="18.497022">
				<ele>848.000000</ele>
			</trkpt>
			<trkpt lat="49.435697" lon="18.496680">
				<ele>848.000000</ele>
			</trkpt>
			<trkpt lat="49.435697" lon="18.496680">
				<ele>848.000000</ele>
			</trkpt>
			<trkpt lat="49.435837" lon="18.496051">
				<ele>847.000000</ele>
			</trkpt>
			<trkpt lat="49.435849" lon="18.495880">
				<ele>847.000000</ele>
			</trkpt>
			<trkpt lat="49.435837" lon="18.495701">
				<ele>847.000000</ele>
			</trkpt>
			<trkpt lat="49.435819" lon="18.495512">
				<ele>847.000000</ele>
			</trkpt>
			<trkpt lat="49.435755" lon="18.495188">
				<ele>847.000000</ele>
			</trkpt>
			<trkpt lat="49.435691" lon="18.494919">
				<ele>846.000000</ele>
			</trkpt>
			<trkpt lat="49.435609" lon="18.494677">
				<ele>846.000000</ele>
			</trkpt>
			<trkpt lat="49.435493" lon="18.494398">
				<ele>846.000000</ele>
			</trkpt>
			<trkpt lat="49.435428" lon="18.494183">
				<ele>846.000000</ele>
			</trkpt>
			<trkpt lat="49.435370" lon="18.493959">
				<ele>845.000000</ele>
			</trkpt>
			<trkpt lat="49.435312" lon="18.493706">
				<ele>845.000000</ele>
			</trkpt>
			<trkpt lat="49.435306" lon="18.493725">
				<ele>849.000000</ele>
			</trkpt>
			<trkpt lat="49.435230" lon="18.493374">
				<ele>849.000000</ele>
			</trkpt>
			<trkpt lat="49.435171" lon="18.493150">
				<ele>850.000000</ele>
			</trkpt>
			<trkpt lat="49.435095" lon="18.492907">
				<ele>850.000000</ele>
			</trkpt>
			<trkpt lat="49.435025" lon="18.492710">
				<ele>851.000000</ele>
			</trkpt>
			<trkpt lat="49.434955" lon="18.492620">
				<ele>851.000000</ele>
			</trkpt>
			<trkpt lat="49.434791" lon="18.492512">
				<ele>852.000000</ele>
			</trkpt>
			<trkpt lat="49.434651" lon="18.492414">
				<ele>853.000000</ele>
			</trkpt>
			<trkpt lat="49.434365" lon="18.492161">
				<ele>855.000000</ele>
			</trkpt>
			<trkpt lat="49.434300" lon="18.492062">
				<ele>855.000000</ele>
			</trkpt>
			<trkpt lat="49.434219" lon="18.491892">
				<ele>856.000000</ele>
			</trkpt>
			<trkpt lat="49.434184" lon="18.491802">
				<ele>856.000000</ele>
			</trkpt>
			<trkpt lat="49.434125" lon="18.491676">
				<ele>857.000000</ele>
			</trkpt>
			<trkpt lat="49.434061" lon="18.491622">
				<ele>857.000000</ele>
			</trkpt>
			<trkpt lat="49.433956" lon="18.491569">
				<ele>857.000000</ele>
			</trkpt>
			<trkpt lat="49.433845" lon="18.491533">
				<ele>858.000000</ele>
			</trkpt>
			<trkpt lat="49.433746" lon="18.491605">
				<ele>859.000000</ele>
			</trkpt>
			<trkpt lat="49.433681" lon="18.491668">
				<ele>859.000000</ele>
			</trkpt>
			<trkpt lat="49.433611" lon="18.491766">
				<ele>859.000000</ele>
			</trkpt>
			<trkpt lat="49.433582" lon="18.491848">
				<ele>860.000000</ele>
			</trkpt>
			<trkpt lat="49.433559" lon="18.491955">
				<ele>860.000000</ele>
			</trkpt>
			<trkpt lat="49.433547" lon="18.492108">
				<ele>857.000000</ele>
			</trkpt>
			<trkpt lat="49.433518" lon="18.492179">
				<ele>856.000000</ele>
			</trkpt>
			<trkpt lat="49.433407" lon="18.492206">
				<ele>853.000000</ele>
			</trkpt>
			<trkpt lat="49.433284" lon="18.492215">
				<ele>850.000000</ele>
			</trkpt>
			<trkpt lat="49.433185" lon="18.492206">
				<ele>848.000000</ele>
			</trkpt>
			<trkpt lat="49.433085" lon="18.492251">
				<ele>846.000000</ele>
			</trkpt>
			<trkpt lat="49.432980" lon="18.492351">
				<ele>843.000000</ele>
			</trkpt>
			<trkpt lat="49.432928" lon="18.492414">
				<ele>842.000000</ele>
			</trkpt>
			<trkpt lat="49.432887" lon="18.492485">
				<ele>840.000000</ele>
			</trkpt>
			<trkpt lat="49.432829" lon="18.492674">
				<ele>838.000000</ele>
			</trkpt>
			<trkpt lat="49.432788" lon="18.492727">
				<ele>837.000000</ele>
			</trkpt>
			<trkpt lat="49.432764" lon="18.492737">
				<ele>837.000000</ele>
			</trkpt>
			<trkpt lat="49.432741" lon="18.492737">
				<ele>836.000000</ele>
			</trkpt>
			<trkpt lat="49.432700" lon="18.492710">
				<ele>836.000000</ele>
			</trkpt>
			<trkpt lat="49.432601" lon="18.492521">
				<ele>833.000000</ele>
			</trkpt>
			<trkpt lat="49.432396" lon="18.492198">
				<ele>829.000000</ele>
			</trkpt>
			<trkpt lat="49.432238" lon="18.492027">
				<ele>827.000000</ele>
			</trkpt>
			<trkpt lat="49.432116" lon="18.491955">
				<ele>825.000000</ele>
			</trkpt>
			<trkpt lat="49.432022" lon="18.491928">
				<ele>824.000000</ele>
			</trkpt>
			<trkpt lat="49.431929" lon="18.491955">
				<ele>823.000000</ele>
			</trkpt>
			<trkpt lat="49.431812" lon="18.492009">
				<ele>821.000000</ele>
			</trkpt>
			<trkpt lat="49.431730" lon="18.492108">
				<ele>820.000000</ele>
			</trkpt>
			<trkpt lat="49.431631" lon="18.492261">
				<ele>819.000000</ele>
			</trkpt>
			<trkpt lat="49.431304" lon="18.492781">
				<ele>816.000000</ele>
			</trkpt>
			<trkpt lat="49.431146" lon="18.492951">
				<ele>815.000000</ele>
			</trkpt>
			<trkpt lat="49.431000" lon="18.493051">
				<ele>814.000000</ele>
			</trkpt>
			<trkpt lat="49.430871" lon="18.493104">
				<ele>813.000000</ele>
			</trkpt>
			<trkpt lat="49.430783" lon="18.493150">
				<ele>812.000000</ele>
			</trkpt>
			<trkpt lat="49.430748" lon="18.493186">
				<ele>810.000000</ele>
			</trkpt>
			<trkpt lat="49.430579" lon="18.493383">
				<ele>810.000000</ele>
			</trkpt>
			<trkpt lat="49.430515" lon="18.493464">
				<ele>810.000000</ele>
			</trkpt>
			<trkpt lat="49.430503" lon="18.493554">
				<ele>811.000000</ele>
			</trkpt>
			<trkpt lat="49.430468" lon="18.493662">
				<ele>812.000000</ele>
			</trkpt>
			<trkpt lat="49.430416" lon="18.493796">
				<ele>814.000000</ele>
			</trkpt>
			<trkpt lat="49.430351" lon="18.493932">
				<ele>816.000000</ele>
			</trkpt>
			<trkpt lat="49.430252" lon="18.494075">
				<ele>818.000000</ele>
			</trkpt>
			<trkpt lat="49.430153" lon="18.494236">
				<ele>820.000000</ele>
			</trkpt>
			<trkpt lat="49.430042" lon="18.494380">
				<ele>822.000000</ele>
			</trkpt>
			<trkpt lat="49.429925" lon="18.494506">
				<ele>824.000000</ele>
			</trkpt>
			<trkpt lat="49.429749" lon="18.494677">
				<ele>827.000000</ele>
			</trkpt>
			<trkpt lat="49.429574" lon="18.494569">
				<ele>829.000000</ele>
			</trkpt>
			<trkpt lat="49.429469" lon="18.494515">
				<ele>831.000000</ele>
			</trkpt>
			<trkpt lat="49.428879" lon="18.494282">
				<ele>843.000000</ele>
			</trkpt>
			<trkpt lat="49.428821" lon="18.494255">
				<ele>845.000000</ele>
			</trkpt>
			<trkpt lat="49.428768" lon="18.494209">
				<ele>846.000000</ele>
			</trkpt>
			<trkpt lat="49.428721" lon="18.494146">
				<ele>848.000000</ele>
			</trkpt>
			<trkpt lat="49.428674" lon="18.494066">
				<ele>849.000000</ele>
			</trkpt>
			<trkpt lat="49.428452" lon="18.493617">
				<ele>856.000000</ele>
			</trkpt>
			<trkpt lat="49.428306" lon="18.493330">
				<ele>859.000000</ele>
			</trkpt>
			<trkpt lat="49.428190" lon="18.493131">
				<ele>861.000000</ele>
			</trkpt>
			<trkpt lat="49.428049" lon="18.492943">
				<ele>863.000000</ele>
			</trkpt>
			<trkpt lat="49.427909" lon="18.492764">
				<ele>864.000000</ele>
			</trkpt>
			<trkpt lat="49.427769" lon="18.492628">
				<ele>865.000000</ele>
			</trkpt>
			<trkpt lat="49.427593" lon="18.492485">
				<ele>864.000000</ele>
			</trkpt>
			<trkpt lat="49.427418" lon="18.492368">
				<ele>863.000000</ele>
			</trkpt>
			<trkpt lat="49.427331" lon="18.492314">
				<ele>863.000000</ele>
			</trkpt>
			<trkpt lat="49.427272" lon="18.492234">
				<ele>863.000000</ele>
			</trkpt>
			<trkpt lat="49.427220" lon="18.492152">
				<ele>863.000000</ele>
			</trkpt>
			<trkpt lat="49.427184" lon="18.492035">
				<ele>862.000000</ele>
			</trkpt>
			<trkpt lat="49.427050" lon="18.491406">
				<ele>861.000000</ele>
			</trkpt>
			<trkpt lat="49.426951" lon="18.490877">
				<ele>860.000000</ele>
			</trkpt>
			<trkpt lat="49.426922" lon="18.490724">
				<ele>859.000000</ele>
			</trkpt>
			<trkpt lat="49.426822" lon="18.490437">
				<ele>859.000000</ele>
			</trkpt>
			<trkpt lat="49.426764" lon="18.490257">
				<ele>858.000000</ele>
			</trkpt>
			<trkpt lat="49.426682" lon="18.489961">
				<ele>857.000000</ele>
			</trkpt>
			<trkpt lat="49.426635" lon="18.489709">
				<ele>857.000000</ele>
			</trkpt>
			<trkpt lat="49.426600" lon="18.489458">
				<ele>856.000000</ele>
			</trkpt>
			<trkpt lat="49.426571" lon="18.489125">
				<ele>855.000000</ele>
			</trkpt>
			<trkpt lat="49.426530" lon="18.488353">
				<ele>855.000000</ele>
			</trkpt>
			<trkpt lat="49.426501" lon="18.487903">
				<ele>855.000000</ele>
			</trkpt>
			<trkpt lat="49.426472" lon="18.487355">
				<ele>855.000000</ele>
			</trkpt>
			<trkpt lat="49.426437" lon="18.486996">
				<ele>855.000000</ele>
			</trkpt>
			<trkpt lat="49.426384" lon="18.486619">
				<ele>855.000000</ele>
			</trkpt>
			<trkpt lat="49.426308" lon="18.486242">
				<ele>855.000000</ele>
			</trkpt>
			<trkpt lat="49.426185" lon="18.485747">
				<ele>855.000000</ele>
			</trkpt>
			<trkpt lat="49.426092" lon="18.485406">
				<ele>856.000000</ele>
			</trkpt>
			<trkpt lat="49.425975" lon="18.485083">
				<ele>857.000000</ele>
			</trkpt>
			<trkpt lat="49.425812" lon="18.484724">
				<ele>858.000000</ele>
			</trkpt>
			<trkpt lat="49.425636" lon="18.484355">
				<ele>859.000000</ele>
			</trkpt>
			<trkpt lat="49.425526" lon="18.484139">
				<ele>860.000000</ele>
			</trkpt>
			<trkpt lat="49.425379" lon="18.483898">
				<ele>861.000000</ele>
			</trkpt>
			<trkpt lat="49.425262" lon="18.483690">
				<ele>861.000000</ele>
			</trkpt>
			<trkpt lat="49.425099" lon="18.483466">
				<ele>862.000000</ele>
			</trkpt>
			<trkpt lat="49.424760" lon="18.483007">
				<ele>863.000000</ele>
			</trkpt>
			<trkpt lat="49.423954" lon="18.482020">
				<ele>869.000000</ele>
			</trkpt>
			<trkpt lat="49.423819" lon="18.481938">
				<ele>870.000000</ele>
			</trkpt>
			<trkpt lat="49.423685" lon="18.481875">
				<ele>871.000000</ele>
			</trkpt>
			<trkpt lat="49.423562" lon="18.481840">
				<ele>872.000000</ele>
			</trkpt>
			<trkpt lat="49.423445" lon="18.481804">
				<ele>874.000000</ele>
			</trkpt>
			<trkpt lat="49.423258" lon="18.481777">
				<ele>875.000000</ele>
			</trkpt>
			<trkpt lat="49.422837" lon="18.481651">
				<ele>879.000000</ele>
			</trkpt>
			<trkpt lat="49.422721" lon="18.481642">
				<ele>880.000000</ele>
			</trkpt>
			<trkpt lat="49.422621" lon="18.481634">
				<ele>881.000000</ele>
			</trkpt>
			<trkpt lat="49.421862" lon="18.481732">
				<ele>887.000000</ele>
			</trkpt>
			<trkpt lat="49.421663" lon="18.481741">
				<ele>889.000000</ele>
			</trkpt>
			<trkpt lat="49.421459" lon="18.481732">
				<ele>891.000000</ele>
			</trkpt>
			<trkpt lat="49.421160" lon="18.481705">
				<ele>894.000000</ele>
			</trkpt>
			<trkpt lat="49.421084" lon="18.481687">
				<ele>894.000000</ele>
			</trkpt>
			<trkpt lat="49.421020" lon="18.481661">
				<ele>895.000000</ele>
			</trkpt>
			<trkpt lat="49.420968" lon="18.481615">
				<ele>895.000000</ele>
			</trkpt>
			<trkpt lat="49.420915" lon="18.481552">
				<ele>895.000000</ele>
			</trkpt>
			<trkpt lat="49.420880" lon="18.481472">
				<ele>895.000000</ele>
			</trkpt>
			<trkpt lat="49.420850" lon="18.481372">
				<ele>895.000000</ele>
			</trkpt>
			<trkpt lat="49.420564" lon="18.480061">
				<ele>888.000000</ele>
			</trkpt>
			<trkpt lat="49.420523" lon="18.479927">
				<ele>887.000000</ele>
			</trkpt>
			<trkpt lat="49.420477" lon="18.479774">
				<ele>886.000000</ele>
			</trkpt>
			<trkpt lat="49.420418" lon="18.479640">
				<ele>885.000000</ele>
			</trkpt>
			<trkpt lat="49.420348" lon="18.479522">
				<ele>884.000000</ele>
			</trkpt>
			<trkpt lat="49.420266" lon="18.479424">
				<ele>884.000000</ele>
			</trkpt>
			<trkpt lat="49.420185" lon="18.479334">
				<ele>883.000000</ele>
			</trkpt>
			<trkpt lat="49.420068" lon="18.479235">
				<ele>882.000000</ele>
			</trkpt>
			<trkpt lat="49.419898" lon="18.479109">
				<ele>880.000000</ele>
			</trkpt>
			<trkpt lat="49.419600" lon="18.478894">
				<ele>877.000000</ele>
			</trkpt>
			<trkpt lat="49.418945" lon="18.478508">
				<ele>871.000000</ele>
			</trkpt>
			<trkpt lat="49.418770" lon="18.478382">
				<ele>869.000000</ele>
			</trkpt>
			<trkpt lat="49.418607" lon="18.478246">
				<ele>868.000000</ele>
			</trkpt>
			<trkpt lat="49.417976" lon="18.477690">
				<ele>860.000000</ele>
			</trkpt>
			<trkpt lat="49.417187" lon="18.476944">
				<ele>849.000000</ele>
			</trkpt>
			<trkpt lat="49.416842" lon="18.476621">
				<ele>844.000000</ele>
			</trkpt>
			<trkpt lat="49.416737" lon="18.476522">
				<ele>843.000000</ele>
			</trkpt>
			<trkpt lat="49.416631" lon="18.476468">
				<ele>842.000000</ele>
			</trkpt>
			<trkpt lat="49.416526" lon="18.476432">
				<ele>840.000000</ele>
			</trkpt>
			<trkpt lat="49.416427" lon="18.476424">
				<ele>838.000000</ele>
			</trkpt>
			<trkpt lat="49.416328" lon="18.476432">
				<ele>836.000000</ele>
			</trkpt>
			<trkpt lat="49.416216" lon="18.476477">
				<ele>834.000000</ele>
			</trkpt>
			<trkpt lat="49.415971" lon="18.476594">
				<ele>829.000000</ele>
			</trkpt>
			<trkpt lat="49.415755" lon="18.476720">
				<ele>824.000000</ele>
			</trkpt>
			<trkpt lat="49.415083" lon="18.477177">
				<ele>810.000000</ele>
			</trkpt>
			<trkpt lat="49.414843" lon="18.477340">
				<ele>805.000000</ele>
			</trkpt>
			<trkpt lat="49.414621" lon="18.477466">
				<ele>801.000000</ele>
			</trkpt>
			<trkpt lat="49.414416" lon="18.477564">
				<ele>796.000000</ele>
			</trkpt>
			<trkpt lat="49.414195" lon="18.477645">
				<ele>794.000000</ele>
			</trkpt>
			<trkpt lat="49.413949" lon="18.477734">
				<ele>790.000000</ele>
			</trkpt>
			<trkpt lat="49.413721" lon="18.477789">
				<ele>788.000000</ele>
			</trkpt>
			<trkpt lat="49.413505" lon="18.477824">
				<ele>785.000000</ele>
			</trkpt>
			<trkpt lat="49.413289" lon="18.477843">
				<ele>783.000000</ele>
			</trkpt>
			<trkpt lat="49.413067" lon="18.477852">
				<ele>781.000000</ele>
			</trkpt>
			<trkpt lat="49.412389" lon="18.477816">
				<ele>773.000000</ele>
			</trkpt>
			<trkpt lat="49.412084" lon="18.477797">
				<ele>769.000000</ele>
			</trkpt>
			<trkpt lat="49.411494" lon="18.477797">
				<ele>763.000000</ele>
			</trkpt>
			<trkpt lat="49.411424" lon="18.477636">
				<ele>763.000000</ele>
			</trkpt>
			<trkpt lat="49.411337" lon="18.477492">
				<ele>762.000000</ele>
			</trkpt>
			<trkpt lat="49.411278" lon="18.477393">
				<ele>762.000000</ele>
			</trkpt>
			<trkpt lat="49.411126" lon="18.477313">
				<ele>761.000000</ele>
			</trkpt>
			<trkpt lat="49.411003" lon="18.477250">
				<ele>760.000000</ele>
			</trkpt>
			<trkpt lat="49.410577" lon="18.477097">
				<ele>764.000000</ele>
			</trkpt>
			<trkpt lat="49.410366" lon="18.476998">
				<ele>766.000000</ele>
			</trkpt>
			<trkpt lat="49.410226" lon="18.476890">
				<ele>768.000000</ele>
			</trkpt>
			<trkpt lat="49.410173" lon="18.476837">
				<ele>769.000000</ele>
			</trkpt>
			<trkpt lat="49.410127" lon="18.476774">
				<ele>769.000000</ele>
			</trkpt>
			<trkpt lat="49.410091" lon="18.476701">
				<ele>770.000000</ele>
			</trkpt>
			<trkpt lat="49.410063" lon="18.476621">
				<ele>770.000000</ele>
			</trkpt>
			<trkpt lat="49.410039" lon="18.476522">
				<ele>770.000000</ele>
			</trkpt>
			<trkpt lat="49.410016" lon="18.476395">
				<ele>770.000000</ele>
			</trkpt>
			<trkpt lat="49.409945" lon="18.475965">
				<ele>770.000000</ele>
			</trkpt>
			<trkpt lat="49.409899" lon="18.475506">
				<ele>770.000000</ele>
			</trkpt>
			<trkpt lat="49.409875" lon="18.475076">
				<ele>770.000000</ele>
			</trkpt>
			<trkpt lat="49.409863" lon="18.474734">
				<ele>770.000000</ele>
			</trkpt>
			<trkpt lat="49.409875" lon="18.474483">
				<ele>770.000000</ele>
			</trkpt>
			<trkpt lat="49.409899" lon="18.474195">
				<ele>770.000000</ele>
			</trkpt>
			<trkpt lat="49.409945" lon="18.473908">
				<ele>770.000000</ele>
			</trkpt>
			<trkpt lat="49.410010" lon="18.473468">
				<ele>772.000000</ele>
			</trkpt>
			<trkpt lat="49.410044" lon="18.473269">
				<ele>773.000000</ele>
			</trkpt>
			<trkpt lat="49.410068" lon="18.473090">
				<ele>774.000000</ele>
			</trkpt>
			<trkpt lat="49.410074" lon="18.472910">
				<ele>774.000000</ele>
			</trkpt>
			<trkpt lat="49.410068" lon="18.472776">
				<ele>775.000000</ele>
			</trkpt>
			<trkpt lat="49.410044" lon="18.472632">
				<ele>776.000000</ele>
			</trkpt>
			<trkpt lat="49.410016" lon="18.472497">
				<ele>777.000000</ele>
			</trkpt>
			<trkpt lat="49.409963" lon="18.472353">
				<ele>777.000000</ele>
			</trkpt>
			<trkpt lat="49.409916" lon="18.472227">
				<ele>778.000000</ele>
			</trkpt>
			<trkpt lat="49.409753" lon="18.471896">
				<ele>780.000000</ele>
			</trkpt>
			<trkpt lat="49.409612" lon="18.471572">
				<ele>782.000000</ele>
			</trkpt>
			<trkpt lat="49.409501" lon="18.471267">
				<ele>783.000000</ele>
			</trkpt>
			<trkpt lat="49.409426" lon="18.471042">
				<ele>784.000000</ele>
			</trkpt>
			<trkpt lat="49.409297" lon="18.470619">
				<ele>786.000000</ele>
			</trkpt>
			<trkpt lat="49.409179" lon="18.470279">
				<ele>788.000000</ele>
			</trkpt>
			<trkpt lat="49.408788" lon="18.469273">
				<ele>796.000000</ele>
			</trkpt>
			<trkpt lat="49.408630" lon="18.468841">
				<ele>798.000000</ele>
			</trkpt>
			<trkpt lat="49.408519" lon="18.468554">
				<ele>799.000000</ele>
			</trkpt>
			<trkpt lat="49.408455" lon="18.468311">
				<ele>801.000000</ele>
			</trkpt>
			<trkpt lat="49.408391" lon="18.468086">
				<ele>802.000000</ele>
			</trkpt>
			<trkpt lat="49.408344" lon="18.467853">
				<ele>804.000000</ele>
			</trkpt>
			<trkpt lat="49.408327" lon="18.467772">
				<ele>804.000000</ele>
			</trkpt>
			<trkpt lat="49.408297" lon="18.467682">
				<ele>805.000000</ele>
			</trkpt>
			<trkpt lat="49.408250" lon="18.467610">
				<ele>806.000000</ele>
			</trkpt>
			<trkpt lat="49.408209" lon="18.467556">
				<ele>806.000000</ele>
			</trkpt>
			<trkpt lat="49.408157" lon="18.467512">
				<ele>806.000000</ele>
			</trkpt>
			<trkpt lat="49.408110" lon="18.467476">
				<ele>807.000000</ele>
			</trkpt>
			<trkpt lat="49.408052" lon="18.467476">
				<ele>807.000000</ele>
			</trkpt>
			<trkpt lat="49.407999" lon="18.467466">
				<ele>807.000000</ele>
			</trkpt>
			<trkpt lat="49.407689" lon="18.467503">
				<ele>810.000000</ele>
			</trkpt>
			<trkpt lat="49.407526" lon="18.467493">
				<ele>811.000000</ele>
			</trkpt>
			<trkpt lat="49.407449" lon="18.467476">
				<ele>812.000000</ele>
			</trkpt>
			<trkpt lat="49.407374" lon="18.467440">
				<ele>813.000000</ele>
			</trkpt>
			<trkpt lat="49.407303" lon="18.467377">
				<ele>814.000000</ele>
			</trkpt>
			<trkpt lat="49.407234" lon="18.467323">
				<ele>814.000000</ele>
			</trkpt>
			<trkpt lat="49.407029" lon="18.467080">
				<ele>815.000000</ele>
			</trkpt>
			<trkpt lat="49.406871" lon="18.466892">
				<ele>817.000000</ele>
			</trkpt>
			<trkpt lat="49.406795" lon="18.466776">
				<ele>818.000000</ele>
			</trkpt>
			<trkpt lat="49.406743" lon="18.466676">
				<ele>820.000000</ele>
			</trkpt>
			<trkpt lat="49.406702" lon="18.466568">
				<ele>821.000000</ele>
			</trkpt>
			<trkpt lat="49.406661" lon="18.466424">
				<ele>823.000000</ele>
			</trkpt>
			<trkpt lat="49.406637" lon="18.466334">
				<ele>824.000000</ele>
			</trkpt>
			<trkpt lat="49.406608" lon="18.466281">
				<ele>824.000000</ele>
			</trkpt>
			<trkpt lat="49.406491" lon="18.466084">
				<ele>825.000000</ele>
			</trkpt>
			<trkpt lat="49.406433" lon="18.465975">
				<ele>825.000000</ele>
			</trkpt>
			<trkpt lat="49.406362" lon="18.465921">
				<ele>825.000000</ele>
			</trkpt>
			<trkpt lat="49.406281" lon="18.465877">
				<ele>825.000000</ele>
			</trkpt>
			<trkpt lat="49.406146" lon="18.465805">
				<ele>825.000000</ele>
			</trkpt>
			<trkpt lat="49.406117" lon="18.465625">
				<ele>825.000000</ele>
			</trkpt>
			<trkpt lat="49.406076" lon="18.465455">
				<ele>825.000000</ele>
			</trkpt>
			<trkpt lat="49.406029" lon="18.465302">
				<ele>825.000000</ele>
			</trkpt>
			<trkpt lat="49.405930" lon="18.465059">
				<ele>825.000000</ele>
			</trkpt>
			<trkpt lat="49.405795" lon="18.464692">
				<ele>825.000000</ele>
			</trkpt>
			<trkpt lat="49.405719" lon="18.464539">
				<ele>827.000000</ele>
			</trkpt>
			<trkpt lat="49.405603" lon="18.464250">
				<ele>829.000000</ele>
			</trkpt>
			<trkpt lat="49.405497" lon="18.464000">
				<ele>831.000000</ele>
			</trkpt>
			<trkpt lat="49.405439" lon="18.463667">
				<ele>834.000000</ele>
			</trkpt>
			<trkpt lat="49.405363" lon="18.463397">
				<ele>835.000000</ele>
			</trkpt>
			<trkpt lat="49.405263" lon="18.463137">
				<ele>836.000000</ele>
			</trkpt>
			<trkpt lat="49.405106" lon="18.462795">
				<ele>838.000000</ele>
			</trkpt>
			<trkpt lat="49.405018" lon="18.462589">
				<ele>839.000000</ele>
			</trkpt>
			<trkpt lat="49.404895" lon="18.462229">
				<ele>840.000000</ele>
			</trkpt>
			<trkpt lat="49.404679" lon="18.461654">
				<ele>849.000000</ele>
			</trkpt>
			<trkpt lat="49.404504" lon="18.461241">
				<ele>855.000000</ele>
			</trkpt>
			<trkpt lat="49.404410" lon="18.461044">
				<ele>859.000000</ele>
			</trkpt>
			<trkpt lat="49.404323" lon="18.460882">
				<ele>860.000000</ele>
			</trkpt>
			<trkpt lat="49.404229" lon="18.460747">
				<ele>860.000000</ele>
			</trkpt>
			<trkpt lat="49.404106" lon="18.460648">
				<ele>860.000000</ele>
			</trkpt>
			<trkpt lat="49.403925" lon="18.460469">
				<ele>859.000000</ele>
			</trkpt>
			<trkpt lat="49.403773" lon="18.460316">
				<ele>859.000000</ele>
			</trkpt>
			<trkpt lat="49.403662" lon="18.460191">
				<ele>859.000000</ele>
			</trkpt>
			<trkpt lat="49.403568" lon="18.460046">
				<ele>859.000000</ele>
			</trkpt>
			<trkpt lat="49.403480" lon="18.459885">
				<ele>859.000000</ele>
			</trkpt>
			<trkpt lat="49.403405" lon="18.459696">
				<ele>858.000000</ele>
			</trkpt>
			<trkpt lat="49.403340" lon="18.459489">
				<ele>858.000000</ele>
			</trkpt>
			<trkpt lat="49.403288" lon="18.459247">
				<ele>858.000000</ele>
			</trkpt>
			<trkpt lat="49.403218" lon="18.458861">
				<ele>858.000000</ele>
			</trkpt>
			<trkpt lat="49.403171" lon="18.458510">
				<ele>858.000000</ele>
			</trkpt>
			<trkpt lat="49.403147" lon="18.458142">
				<ele>857.000000</ele>
			</trkpt>
			<trkpt lat="49.403130" lon="18.457505">
				<ele>857.000000</ele>
			</trkpt>
			<trkpt lat="49.403130" lon="18.457279">
				<ele>857.000000</ele>
			</trkpt>
			<trkpt lat="49.403142" lon="18.457128">
				<ele>857.000000</ele>
			</trkpt>
			<trkpt lat="49.403147" lon="18.457019">
				<ele>856.000000</ele>
			</trkpt>
			<trkpt lat="49.403147" lon="18.456912">
				<ele>856.000000</ele>
			</trkpt>
			<trkpt lat="49.403130" lon="18.456830">
				<ele>856.000000</ele>
			</trkpt>
			<trkpt lat="49.403106" lon="18.456713">
				<ele>856.000000</ele>
			</trkpt>
			<trkpt lat="49.403083" lon="18.456642">
				<ele>856.000000</ele>
			</trkpt>
			<trkpt lat="49.403042" lon="18.456562">
				<ele>856.000000</ele>
			</trkpt>
			<trkpt lat="49.402990" lon="18.456489">
				<ele>856.000000</ele>
			</trkpt>
			<trkpt lat="49.402931" lon="18.456409">
				<ele>856.000000</ele>
			</trkpt>
			<trkpt lat="49.402814" lon="18.456310">
				<ele>856.000000</ele>
			</trkpt>
			<trkpt lat="49.402727" lon="18.456202">
				<ele>856.000000</ele>
			</trkpt>
			<trkpt lat="49.402662" lon="18.456103">
				<ele>856.000000</ele>
			</trkpt>
			<trkpt lat="49.402598" lon="18.455987">
				<ele>855.000000</ele>
			</trkpt>
			<trkpt lat="49.402516" lon="18.455834">
				<ele>855.000000</ele>
			</trkpt>
			<trkpt lat="49.402446" lon="18.455717">
				<ele>855.000000</ele>
			</trkpt>
			<trkpt lat="49.402376" lon="18.455627">
				<ele>855.000000</ele>
			</trkpt>
			<trkpt lat="49.402271" lon="18.455528">
				<ele>855.000000</ele>
			</trkpt>
			<trkpt lat="49.401990" lon="18.455268">
				<ele>855.000000</ele>
			</trkpt>
			<trkpt lat="49.401832" lon="18.455124">
				<ele>855.000000</ele>
			</trkpt>
			<trkpt lat="49.401692" lon="18.454971">
				<ele>855.000000</ele>
			</trkpt>
			<trkpt lat="49.401575" lon="18.454818">
				<ele>855.000000</ele>
			</trkpt>
			<trkpt lat="49.401452" lon="18.454629">
				<ele>855.000000</ele>
			</trkpt>
			<trkpt lat="49.401370" lon="18.454459">
				<ele>855.000000</ele>
			</trkpt>
			<trkpt lat="49.401282" lon="18.454252">
				<ele>855.000000</ele>
			</trkpt>
			<trkpt lat="49.401213" lon="18.454029">
				<ele>855.000000</ele>
			</trkpt>
			<trkpt lat="49.401060" lon="18.453606">
				<ele>855.000000</ele>
			</trkpt>
			<trkpt lat="49.400926" lon="18.453256">
				<ele>855.000000</ele>
			</trkpt>
			<trkpt lat="49.400804" lon="18.452960">
				<ele>855.000000</ele>
			</trkpt>
			<trkpt lat="49.400348" lon="18.451971">
				<ele>855.000000</ele>
			</trkpt>
			<trkpt lat="49.400260" lon="18.451800">
				<ele>855.000000</ele>
			</trkpt>
			<trkpt lat="49.400166" lon="18.451639">
				<ele>855.000000</ele>
			</trkpt>
			<trkpt lat="49.400061" lon="18.451495">
				<ele>855.000000</ele>
			</trkpt>
			<trkpt lat="49.399938" lon="18.451360">
				<ele>855.000000</ele>
			</trkpt>
			<trkpt lat="49.399827" lon="18.451262">
				<ele>855.000000</ele>
			</trkpt>
			<trkpt lat="49.399710" lon="18.451199">
				<ele>855.000000</ele>
			</trkpt>
			<trkpt lat="49.399593" lon="18.451163">
				<ele>855.000000</ele>
			</trkpt>
			<trkpt lat="49.399441" lon="18.451126">
				<ele>855.000000</ele>
			</trkpt>
			<trkpt lat="49.399254" lon="18.451100">
				<ele>855.000000</ele>
			</trkpt>
			<trkpt lat="49.399102" lon="18.451073">
				<ele>855.000000</ele>
			</trkpt>
			<trkpt lat="49.398862" lon="18.451054">
				<ele>855.000000</ele>
			</trkpt>
			<trkpt lat="49.398746" lon="18.451019">
				<ele>856.000000</ele>
			</trkpt>
			<trkpt lat="49.398640" lon="18.450956">
				<ele>856.000000</ele>
			</trkpt>
			<trkpt lat="49.398518" lon="18.450866">
				<ele>856.000000</ele>
			</trkpt>
			<trkpt lat="49.398342" lon="18.450668">
				<ele>856.000000</ele>
			</trkpt>
			<trkpt lat="49.398126" lon="18.450345">
				<ele>857.000000</ele>
			</trkpt>
			<trkpt lat="49.397980" lon="18.450121">
				<ele>857.000000</ele>
			</trkpt>
			<trkpt lat="49.397699" lon="18.449788">
				<ele>857.000000</ele>
			</trkpt>
			<trkpt lat="49.397570" lon="18.449654">
				<ele>858.000000</ele>
			</trkpt>
			<trkpt lat="49.397512" lon="18.449608">
				<ele>858.000000</ele>
			</trkpt>
			<trkpt lat="49.397454" lon="18.449591">
				<ele>858.000000</ele>
			</trkpt>
			<trkpt lat="49.397395" lon="18.449572">
				<ele>858.000000</ele>
			</trkpt>
			<trkpt lat="49.397331" lon="18.449581">
				<ele>858.000000</ele>
			</trkpt>
			<trkpt lat="49.397278" lon="18.449591">
				<ele>858.000000</ele>
			</trkpt>
			<trkpt lat="49.397202" lon="18.449626">
				<ele>858.000000</ele>
			</trkpt>
			<trkpt lat="49.397056" lon="18.449716">
				<ele>858.000000</ele>
			</trkpt>
			<trkpt lat="49.396910" lon="18.449771">
				<ele>859.000000</ele>
			</trkpt>
			<trkpt lat="49.396776" lon="18.449832">
				<ele>859.000000</ele>
			</trkpt>
			<trkpt lat="49.396600" lon="18.449878">
				<ele>859.000000</ele>
			</trkpt>
			<trkpt lat="49.396284" lon="18.449922">
				<ele>860.000000</ele>
			</trkpt>
			<trkpt lat="49.395787" lon="18.449958">
				<ele>860.000000</ele>
			</trkpt>
			<trkpt lat="49.395402" lon="18.449968">
				<ele>861.000000</ele>
			</trkpt>
			<trkpt lat="49.394793" lon="18.450067">
				<ele>862.000000</ele>
			</trkpt>
			<trkpt lat="49.394805" lon="18.450058">
				<ele>850.000000</ele>
			</trkpt>
			<trkpt lat="49.394501" lon="18.450121">
				<ele>854.000000</ele>
			</trkpt>
			<trkpt lat="49.394407" lon="18.450157">
				<ele>855.000000</ele>
			</trkpt>
			<trkpt lat="49.394349" lon="18.450192">
				<ele>856.000000</ele>
			</trkpt>
			<trkpt lat="49.394232" lon="18.450318">
				<ele>858.000000</ele>
			</trkpt>
			<trkpt lat="49.394097" lon="18.450543">
				<ele>861.000000</ele>
			</trkpt>
			<trkpt lat="49.394028" lon="18.450696">
				<ele>863.000000</ele>
			</trkpt>
			<trkpt lat="49.393770" lon="18.451360">
				<ele>870.000000</ele>
			</trkpt>
			<trkpt lat="49.393723" lon="18.451459">
				<ele>871.000000</ele>
			</trkpt>
			<trkpt lat="49.393653" lon="18.451566">
				<ele>872.000000</ele>
			</trkpt>
			<trkpt lat="49.393542" lon="18.451665">
				<ele>873.000000</ele>
			</trkpt>
			<trkpt lat="49.393525" lon="18.451675">
				<ele>865.000000</ele>
			</trkpt>
			<trkpt lat="49.393501" lon="18.451476">
				<ele>865.000000</ele>
			</trkpt>
			<trkpt lat="49.393513" lon="18.451144">
				<ele>866.000000</ele>
			</trkpt>
			<trkpt lat="49.393501" lon="18.450633">
				<ele>866.000000</ele>
			</trkpt>
			<trkpt lat="49.393501" lon="18.450318">
				<ele>867.000000</ele>
			</trkpt>
			<trkpt lat="49.393489" lon="18.450067">
				<ele>867.000000</ele>
			</trkpt>
			<trkpt lat="49.393484" lon="18.449958">
				<ele>867.000000</ele>
			</trkpt>
			<trkpt lat="49.393484" lon="18.449805">
				<ele>867.000000</ele>
			</trkpt>
			<trkpt lat="49.393513" lon="18.449599">
				<ele>868.000000</ele>
			</trkpt>
			<trkpt lat="49.393530" lon="18.449438">
				<ele>868.000000</ele>
			</trkpt>
			<trkpt lat="49.393525" lon="18.449258">
				<ele>868.000000</ele>
			</trkpt>
			<trkpt lat="49.393513" lon="18.449042">
				<ele>868.000000</ele>
			</trkpt>
			<trkpt lat="49.393489" lon="18.448889">
				<ele>868.000000</ele>
			</trkpt>
			<trkpt lat="49.393343" lon="18.448171">
				<ele>869.000000</ele>
			</trkpt>
			<trkpt lat="49.393279" lon="18.447893">
				<ele>870.000000</ele>
			</trkpt>
			<trkpt lat="49.393256" lon="18.447748">
				<ele>870.000000</ele>
			</trkpt>
			<trkpt lat="49.393191" lon="18.447182">
				<ele>871.000000</ele>
			</trkpt>
			<trkpt lat="49.393162" lon="18.446679">
				<ele>871.000000</ele>
			</trkpt>
			<trkpt lat="49.393121" lon="18.445234">
				<ele>873.000000</ele>
			</trkpt>
			<trkpt lat="49.393127" lon="18.445018">
				<ele>874.000000</ele>
			</trkpt>
			<trkpt lat="49.393156" lon="18.444694">
				<ele>874.000000</ele>
			</trkpt>
			<trkpt lat="49.393320" lon="18.443526">
				<ele>876.000000</ele>
			</trkpt>
			<trkpt lat="49.393355" lon="18.443222">
				<ele>876.000000</ele>
			</trkpt>
			<trkpt lat="49.393367" lon="18.443014">
				<ele>877.000000</ele>
			</trkpt>
			<trkpt lat="49.393384" lon="18.442547">
				<ele>877.000000</ele>
			</trkpt>
			<trkpt lat="49.393379" lon="18.442180">
				<ele>878.000000</ele>
			</trkpt>
			<trkpt lat="49.393373" lon="18.441918">
				<ele>878.000000</ele>
			</trkpt>
			<trkpt lat="49.393343" lon="18.441415">
				<ele>879.000000</ele>
			</trkpt>
			<trkpt lat="49.393332" lon="18.441281">
				<ele>879.000000</ele>
			</trkpt>
			<trkpt lat="49.393297" lon="18.441128">
				<ele>880.000000</ele>
			</trkpt>
			<trkpt lat="49.393185" lon="18.440706">
				<ele>880.000000</ele>
			</trkpt>
			<trkpt lat="49.393139" lon="18.440490">
				<ele>880.000000</ele>
			</trkpt>
			<trkpt lat="49.393098" lon="18.440266">
				<ele>880.000000</ele>
			</trkpt>
			<trkpt lat="49.393074" lon="18.439718">
				<ele>880.000000</ele>
			</trkpt>
			<trkpt lat="49.393045" lon="18.439484">
				<ele>880.000000</ele>
			</trkpt>
			<trkpt lat="49.392923" lon="18.438729">
				<ele>880.000000</ele>
			</trkpt>
			<trkpt lat="49.392741" lon="18.437517">
				<ele>878.000000</ele>
			</trkpt>
			<trkpt lat="49.392642" lon="18.436915">
				<ele>874.000000</ele>
			</trkpt>
			<trkpt lat="49.392601" lon="18.436691">
				<ele>872.000000</ele>
			</trkpt>
			<trkpt lat="49.392595" lon="18.436457">
				<ele>870.000000</ele>
			</trkpt>
			<trkpt lat="49.392583" lon="18.435945">
				<ele>867.000000</ele>
			</trkpt>
			<trkpt lat="49.392595" lon="18.434804">
				<ele>858.000000</ele>
			</trkpt>
			<trkpt lat="49.392659" lon="18.434616">
				<ele>857.000000</ele>
			</trkpt>
			<trkpt lat="49.392712" lon="18.434328">
				<ele>855.000000</ele>
			</trkpt>
			<trkpt lat="49.392729" lon="18.434220">
				<ele>854.000000</ele>
			</trkpt>
			<trkpt lat="49.392741" lon="18.434112">
				<ele>853.000000</ele>
			</trkpt>
			<trkpt lat="49.392736" lon="18.434004">
				<ele>852.000000</ele>
			</trkpt>
			<trkpt lat="49.392723" lon="18.433834">
				<ele>851.000000</ele>
			</trkpt>
			<trkpt lat="49.392759" lon="18.433546">
				<ele>849.000000</ele>
			</trkpt>
			<trkpt lat="49.392805" lon="18.433223">
				<ele>846.000000</ele>
			</trkpt>
			<trkpt lat="49.392788" lon="18.433160">
				<ele>848.000000</ele>
			</trkpt>
			<trkpt lat="49.392858" lon="18.432773">
				<ele>849.000000</ele>
			</trkpt>
			<trkpt lat="49.392893" lon="18.432567">
				<ele>850.000000</ele>
			</trkpt>
			<trkpt lat="49.392951" lon="18.432379">
				<ele>853.000000</ele>
			</trkpt>
			<trkpt lat="49.393004" lon="18.432253">
				<ele>855.000000</ele>
			</trkpt>
			<trkpt lat="49.393074" lon="18.432118">
				<ele>858.000000</ele>
			</trkpt>
			<trkpt lat="49.393297" lon="18.431804">
				<ele>865.000000</ele>
			</trkpt>
			<trkpt lat="49.393613" lon="18.431381">
				<ele>875.000000</ele>
			</trkpt>
			<trkpt lat="49.393624" lon="18.431364">
				<ele>875.000000</ele>
			</trkpt>
			<trkpt lat="49.393682" lon="18.431282">
				<ele>859.000000</ele>
			</trkpt>
			<trkpt lat="49.393794" lon="18.431094">
				<ele>861.000000</ele>
			</trkpt>
			<trkpt lat="49.393846" lon="18.431004">
				<ele>862.000000</ele>
			</trkpt>
			<trkpt lat="49.393863" lon="18.430924">
				<ele>862.000000</ele>
			</trkpt>
			<trkpt lat="49.393887" lon="18.430825">
				<ele>863.000000</ele>
			</trkpt>
			<trkpt lat="49.393887" lon="18.430735">
				<ele>864.000000</ele>
			</trkpt>
			<trkpt lat="49.393881" lon="18.430618">
				<ele>864.000000</ele>
			</trkpt>
			<trkpt lat="49.393869" lon="18.430483">
				<ele>865.000000</ele>
			</trkpt>
			<trkpt lat="49.393794" lon="18.429962">
				<ele>869.000000</ele>
			</trkpt>
			<trkpt lat="49.393694" lon="18.429351">
				<ele>873.000000</ele>
			</trkpt>
			<trkpt lat="49.393659" lon="18.429118">
				<ele>874.000000</ele>
			</trkpt>
			<trkpt lat="49.393653" lon="18.428974">
				<ele>875.000000</ele>
			</trkpt>
			<trkpt lat="49.393665" lon="18.428920">
				<ele>876.000000</ele>
			</trkpt>
			<trkpt lat="49.393682" lon="18.428857">
				<ele>876.000000</ele>
			</trkpt>
			<trkpt lat="49.393747" lon="18.428722">
				<ele>877.000000</ele>
			</trkpt>
			<trkpt lat="49.394168" lon="18.427976">
				<ele>884.000000</ele>
			</trkpt>
			<trkpt lat="49.394291" lon="18.427770">
				<ele>886.000000</ele>
			</trkpt>
			<trkpt lat="49.394325" lon="18.427716">
				<ele>886.000000</ele>
			</trkpt>
			<trkpt lat="49.394378" lon="18.427626">
				<ele>887.000000</ele>
			</trkpt>
			<trkpt lat="49.394688" lon="18.427007">
				<ele>890.000000</ele>
			</trkpt>
			<trkpt lat="49.394951" lon="18.426458">
				<ele>890.000000</ele>
			</trkpt>
			<trkpt lat="49.395127" lon="18.426037">
				<ele>890.000000</ele>
			</trkpt>
			<trkpt lat="49.395156" lon="18.425928">
				<ele>890.000000</ele>
			</trkpt>
			<trkpt lat="49.395174" lon="18.425821">
				<ele>890.000000</ele>
			</trkpt>
			<trkpt lat="49.395202" lon="18.425515">
				<ele>890.000000</ele>
			</trkpt>
			<trkpt lat="49.395220" lon="18.425156">
				<ele>890.000000</ele>
			</trkpt>
			<trkpt lat="49.395249" lon="18.424949">
				<ele>890.000000</ele>
			</trkpt>
			<trkpt lat="49.395443" lon="18.423827">
				<ele>886.000000</ele>
			</trkpt>
			<trkpt lat="49.395483" lon="18.423628">
				<ele>885.000000</ele>
			</trkpt>
			<trkpt lat="49.395524" lon="18.423467">
				<ele>884.000000</ele>
			</trkpt>
			<trkpt lat="49.395583" lon="18.423324">
				<ele>884.000000</ele>
			</trkpt>
			<trkpt lat="49.395671" lon="18.423125">
				<ele>883.000000</ele>
			</trkpt>
			<trkpt lat="49.395951" lon="18.422479">
				<ele>879.000000</ele>
			</trkpt>
			<trkpt lat="49.396144" lon="18.421986">
				<ele>875.000000</ele>
			</trkpt>
			<trkpt lat="49.396243" lon="18.421779">
				<ele>874.000000</ele>
			</trkpt>
			<trkpt lat="49.396430" lon="18.421483">
				<ele>872.000000</ele>
			</trkpt>
			<trkpt lat="49.396518" lon="18.421320">
				<ele>872.000000</ele>
			</trkpt>
			<trkpt lat="49.396629" lon="18.421024">
				<ele>870.000000</ele>
			</trkpt>
			<trkpt lat="49.396904" lon="18.420378">
				<ele>867.000000</ele>
			</trkpt>
			<trkpt lat="49.397067" lon="18.419982">
				<ele>865.000000</ele>
			</trkpt>
			<trkpt lat="49.397038" lon="18.419928">
				<ele>863.000000</ele>
			</trkpt>
			<trkpt lat="49.397073" lon="18.419479">
				<ele>864.000000</ele>
			</trkpt>
			<trkpt lat="49.397219" lon="18.418850">
				<ele>864.000000</ele>
			</trkpt>
			<trkpt lat="49.397430" lon="18.417655">
				<ele>865.000000</ele>
			</trkpt>
			<trkpt lat="49.397529" lon="18.417179">
				<ele>865.000000</ele>
			</trkpt>
			<trkpt lat="49.397629" lon="18.416676">
				<ele>866.000000</ele>
			</trkpt>
			<trkpt lat="49.397834" lon="18.415588">
				<ele>867.000000</ele>
			</trkpt>
			<trkpt lat="49.398114" lon="18.414726">
				<ele>867.000000</ele>
			</trkpt>
			<trkpt lat="49.398365" lon="18.413883">
				<ele>868.000000</ele>
			</trkpt>
			<trkpt lat="49.398436" lon="18.413649">
				<ele>868.000000</ele>
			</trkpt>
			<trkpt lat="49.398482" lon="18.413523">
				<ele>868.000000</ele>
			</trkpt>
			<trkpt lat="49.398535" lon="18.413370">
				<ele>869.000000</ele>
			</trkpt>
			<trkpt lat="49.398617" lon="18.413217">
				<ele>869.000000</ele>
			</trkpt>
			<trkpt lat="49.398681" lon="18.413083">
				<ele>869.000000</ele>
			</trkpt>
			<trkpt lat="49.398722" lon="18.412948">
				<ele>869.000000</ele>
			</trkpt>
			<trkpt lat="49.398746" lon="18.412912">
				<ele>868.000000</ele>
			</trkpt>
			<trkpt lat="49.398775" lon="18.412849">
				<ele>868.000000</ele>
			</trkpt>
			<trkpt lat="49.398810" lon="18.412760">
				<ele>867.000000</ele>
			</trkpt>
			<trkpt lat="49.398856" lon="18.412634">
				<ele>865.000000</ele>
			</trkpt>
			<trkpt lat="49.398892" lon="18.412508">
				<ele>864.000000</ele>
			</trkpt>
			<trkpt lat="49.398897" lon="18.412436">
				<ele>863.000000</ele>
			</trkpt>
			<trkpt lat="49.398927" lon="18.412401">
				<ele>863.000000</ele>
			</trkpt>
			<trkpt lat="49.398962" lon="18.412338">
				<ele>863.000000</ele>
			</trkpt>
			<trkpt lat="49.398997" lon="18.412265">
				<ele>863.000000</ele>
			</trkpt>
			<trkpt lat="49.399026" lon="18.412185">
				<ele>862.000000</ele>
			</trkpt>
			<trkpt lat="49.399055" lon="18.412095">
				<ele>862.000000</ele>
			</trkpt>
			<trkpt lat="49.399084" lon="18.412112">
				<ele>865.000000</ele>
			</trkpt>
			<trkpt lat="49.399114" lon="18.411646">
				<ele>865.000000</ele>
			</trkpt>
			<trkpt lat="49.399149" lon="18.411026">
				<ele>865.000000</ele>
			</trkpt>
			<trkpt lat="49.399172" lon="18.410325">
				<ele>865.000000</ele>
			</trkpt>
			<trkpt lat="49.399178" lon="18.410172">
				<ele>865.000000</ele>
			</trkpt>
			<trkpt lat="49.399172" lon="18.409965">
				<ele>865.000000</ele>
			</trkpt>
			<trkpt lat="49.399161" lon="18.409741">
				<ele>865.000000</ele>
			</trkpt>
			<trkpt lat="49.399026" lon="18.409139">
				<ele>871.000000</ele>
			</trkpt>
			<trkpt lat="49.398897" lon="18.408680">
				<ele>877.000000</ele>
			</trkpt>
			<trkpt lat="49.398862" lon="18.408537">
				<ele>879.000000</ele>
			</trkpt>
			<trkpt lat="49.398839" lon="18.408357">
				<ele>882.000000</ele>
			</trkpt>
			<trkpt lat="49.398821" lon="18.408070">
				<ele>886.000000</ele>
			</trkpt>
			<trkpt lat="49.398815" lon="18.407980">
				<ele>887.000000</ele>
			</trkpt>
			<trkpt lat="49.398804" lon="18.407917">
				<ele>888.000000</ele>
			</trkpt>
			<trkpt lat="49.398769" lon="18.407846">
				<ele>889.000000</ele>
			</trkpt>
			<trkpt lat="49.398716" lon="18.407783">
				<ele>890.000000</ele>
			</trkpt>
			<trkpt lat="49.398073" lon="18.406929">
				<ele>903.000000</ele>
			</trkpt>
			<trkpt lat="49.397857" lon="18.406651">
				<ele>907.000000</ele>
			</trkpt>
			<trkpt lat="49.397722" lon="18.406435">
				<ele>910.000000</ele>
			</trkpt>
			<trkpt lat="49.397594" lon="18.406175">
				<ele>913.000000</ele>
			</trkpt>
			<trkpt lat="49.397483" lon="18.405923">
				<ele>916.000000</ele>
			</trkpt>
			<trkpt lat="49.397185" lon="18.405061">
				<ele>926.000000</ele>
			</trkpt>
			<trkpt lat="49.396711" lon="18.403632">
				<ele>935.000000</ele>
			</trkpt>
			<trkpt lat="49.396688" lon="18.403650">
				<ele>934.000000</ele>
			</trkpt>
			<trkpt lat="49.396676" lon="18.403696">
				<ele>930.000000</ele>
			</trkpt>
			<trkpt lat="49.396097" lon="18.403795">
				<ele>930.000000</ele>
			</trkpt>
			<trkpt lat="49.395430" lon="18.403919">
				<ele>929.000000</ele>
			</trkpt>
			<trkpt lat="49.394787" lon="18.404361">
				<ele>928.000000</ele>
			</trkpt>
			<trkpt lat="49.394437" lon="18.405160">
				<ele>926.000000</ele>
			</trkpt>
			<trkpt lat="49.394150" lon="18.406166">
				<ele>925.000000</ele>
			</trkpt>
			<trkpt lat="49.393975" lon="18.406535">
				<ele>924.000000</ele>
			</trkpt>
			<trkpt lat="49.393542" lon="18.407217">
				<ele>923.000000</ele>
			</trkpt>
			<trkpt lat="49.392992" lon="18.407963">
				<ele>921.000000</ele>
			</trkpt>
			<trkpt lat="49.392648" lon="18.408259">
				<ele>920.000000</ele>
			</trkpt>
			<trkpt lat="49.392046" lon="18.408672">
				<ele>916.000000</ele>
			</trkpt>
			<trkpt lat="49.391303" lon="18.408870">
				<ele>911.000000</ele>
			</trkpt>
			<trkpt lat="49.390993" lon="18.408798">
				<ele>907.000000</ele>
			</trkpt>
			<trkpt lat="49.390151" lon="18.409022">
				<ele>897.000000</ele>
			</trkpt>
			<trkpt lat="49.389941" lon="18.408933">
				<ele>895.000000</ele>
			</trkpt>
			<trkpt lat="49.389782" lon="18.408870">
				<ele>872.000000</ele>
			</trkpt>
			<trkpt lat="49.389479" lon="18.408806">
				<ele>870.000000</ele>
			</trkpt>
			<trkpt lat="49.388870" lon="18.408646">
				<ele>866.000000</ele>
			</trkpt>
			<trkpt lat="49.388712" lon="18.408609">
				<ele>865.000000</ele>
			</trkpt>
			<trkpt lat="49.388578" lon="18.408609">
				<ele>865.000000</ele>
			</trkpt>
			<trkpt lat="49.388467" lon="18.408627">
				<ele>864.000000</ele>
			</trkpt>
			<trkpt lat="49.388361" lon="18.408680">
				<ele>863.000000</ele>
			</trkpt>
			<trkpt lat="49.388204" lon="18.408726">
				<ele>878.000000</ele>
			</trkpt>
			<trkpt lat="49.388046" lon="18.408933">
				<ele>877.000000</ele>
			</trkpt>
			<trkpt lat="49.387789" lon="18.409139">
				<ele>875.000000</ele>
			</trkpt>
			<trkpt lat="49.387222" lon="18.409220">
				<ele>873.000000</ele>
			</trkpt>
			<trkpt lat="49.386619" lon="18.409256">
				<ele>869.000000</ele>
			</trkpt>
			<trkpt lat="49.386216" lon="18.409391">
				<ele>864.000000</ele>
			</trkpt>
			<trkpt lat="49.386029" lon="18.409633">
				<ele>861.000000</ele>
			</trkpt>
			<trkpt lat="49.385707" lon="18.410334">
				<ele>850.000000</ele>
			</trkpt>
			<trkpt lat="49.385677" lon="18.410810">
				<ele>843.000000</ele>
			</trkpt>
			<trkpt lat="49.385590" lon="18.411097">
				<ele>839.000000</ele>
			</trkpt>
			<trkpt lat="49.385362" lon="18.411340">
				<ele>835.000000</ele>
			</trkpt>
			<trkpt lat="49.385198" lon="18.411456">
				<ele>832.000000</ele>
			</trkpt>
			<trkpt lat="49.384918" lon="18.411304">
				<ele>827.000000</ele>
			</trkpt>
			<trkpt lat="49.384385" lon="18.410990">
				<ele>818.000000</ele>
			</trkpt>
			<trkpt lat="49.384105" lon="18.410999">
				<ele>814.000000</ele>
			</trkpt>
			<trkpt lat="49.383689" lon="18.411034">
				<ele>809.000000</ele>
			</trkpt>
			<trkpt lat="49.383485" lon="18.411043">
				<ele>808.000000</ele>
			</trkpt>
			<trkpt lat="49.383379" lon="18.410963">
				<ele>807.000000</ele>
			</trkpt>
			<trkpt lat="49.383309" lon="18.410909">
				<ele>807.000000</ele>
			</trkpt>
			<trkpt lat="49.383263" lon="18.410837">
				<ele>806.000000</ele>
			</trkpt>
			<trkpt lat="49.383222" lon="18.410764">
				<ele>806.000000</ele>
			</trkpt>
			<trkpt lat="49.383204" lon="18.410711">
				<ele>806.000000</ele>
			</trkpt>
			<trkpt lat="49.383192" lon="18.410657">
				<ele>806.000000</ele>
			</trkpt>
			<trkpt lat="49.383175" lon="18.410550">
				<ele>806.000000</ele>
			</trkpt>
			<trkpt lat="49.383175" lon="18.410567">
				<ele>825.000000</ele>
			</trkpt>
			<trkpt lat="49.383151" lon="18.410468">
				<ele>825.000000</ele>
			</trkpt>
			<trkpt lat="49.383081" lon="18.410460">
				<ele>824.000000</ele>
			</trkpt>
			<trkpt lat="49.383035" lon="18.410487">
				<ele>824.000000</ele>
			</trkpt>
			<trkpt lat="49.382994" lon="18.410541">
				<ele>824.000000</ele>
			</trkpt>
			<trkpt lat="49.382958" lon="18.410630">
				<ele>823.000000</ele>
			</trkpt>
			<trkpt lat="49.382900" lon="18.410676">
				<ele>823.000000</ele>
			</trkpt>
			<trkpt lat="49.382835" lon="18.410711">
				<ele>822.000000</ele>
			</trkpt>
			<trkpt lat="49.382765" lon="18.410730">
				<ele>822.000000</ele>
			</trkpt>
			<trkpt lat="49.382701" lon="18.410738">
				<ele>822.000000</ele>
			</trkpt>
			<trkpt lat="49.382532" lon="18.410730">
				<ele>821.000000</ele>
			</trkpt>
			<trkpt lat="49.382344" lon="18.410684">
				<ele>819.000000</ele>
			</trkpt>
			<trkpt lat="49.382145" lon="18.410137">
				<ele>817.000000</ele>
			</trkpt>
			<trkpt lat="49.381946" lon="18.409598">
				<ele>814.000000</ele>
			</trkpt>
			<trkpt lat="49.381724" lon="18.409085">
				<ele>812.000000</ele>
			</trkpt>
			<trkpt lat="49.381549" lon="18.408672">
				<ele>810.000000</ele>
			</trkpt>
			<trkpt lat="49.381362" lon="18.408277">
				<ele>808.000000</ele>
			</trkpt>
			<trkpt lat="49.381175" lon="18.407917">
				<ele>806.000000</ele>
			</trkpt>
			<trkpt lat="49.380993" lon="18.407604">
				<ele>805.000000</ele>
			</trkpt>
			<trkpt lat="49.380812" lon="18.407325">
				<ele>804.000000</ele>
			</trkpt>
			<trkpt lat="49.380695" lon="18.407154">
				<ele>803.000000</ele>
			</trkpt>
			<trkpt lat="49.380578" lon="18.407038">
				<ele>803.000000</ele>
			</trkpt>
			<trkpt lat="49.380455" lon="18.406948">
				<ele>802.000000</ele>
			</trkpt>
			<trkpt lat="49.380297" lon="18.406848">
				<ele>802.000000</ele>
			</trkpt>
			<trkpt lat="49.380087" lon="18.406714">
				<ele>801.000000</ele>
			</trkpt>
			<trkpt lat="49.379724" lon="18.406417">
				<ele>797.000000</ele>
			</trkpt>
			<trkpt lat="49.379707" lon="18.406382">
				<ele>796.000000</ele>
			</trkpt>
			<trkpt lat="49.379701" lon="18.406346">
				<ele>796.000000</ele>
			</trkpt>
			<trkpt lat="49.379713" lon="18.406273">
				<ele>795.000000</ele>
			</trkpt>
			<trkpt lat="49.379754" lon="18.406183">
				<ele>795.000000</ele>
			</trkpt>
			<trkpt lat="49.379801" lon="18.406085">
				<ele>795.000000</ele>
			</trkpt>
			<trkpt lat="49.379801" lon="18.406059">
				<ele>795.000000</ele>
			</trkpt>
			<trkpt lat="49.379782" lon="18.406030">
				<ele>795.000000</ele>
			</trkpt>
			<trkpt lat="49.379713" lon="18.405996">
				<ele>795.000000</ele>
			</trkpt>
			<trkpt lat="49.379636" lon="18.406004">
				<ele>795.000000</ele>
			</trkpt>
			<trkpt lat="49.379584" lon="18.406030">
				<ele>795.000000</ele>
			</trkpt>
			<trkpt lat="49.379537" lon="18.406067">
				<ele>796.000000</ele>
			</trkpt>
			<trkpt lat="49.379502" lon="18.406139">
				<ele>797.000000</ele>
			</trkpt>
			<trkpt lat="49.379473" lon="18.406193">
				<ele>798.000000</ele>
			</trkpt>
			<trkpt lat="49.379432" lon="18.406229">
				<ele>799.000000</ele>
			</trkpt>
			<trkpt lat="49.379408" lon="18.406265">
				<ele>799.000000</ele>
			</trkpt>
			<trkpt lat="49.379361" lon="18.406273">
				<ele>800.000000</ele>
			</trkpt>
			<trkpt lat="49.379326" lon="18.406292">
				<ele>801.000000</ele>
			</trkpt>
			<trkpt lat="49.379292" lon="18.406283">
				<ele>802.000000</ele>
			</trkpt>
			<trkpt lat="49.379210" lon="18.406256">
				<ele>803.000000</ele>
			</trkpt>
			<trkpt lat="49.378812" lon="18.405932">
				<ele>811.000000</ele>
			</trkpt>
			<trkpt lat="49.378689" lon="18.405869">
				<ele>814.000000</ele>
			</trkpt>
			<trkpt lat="49.378537" lon="18.405806">
				<ele>816.000000</ele>
			</trkpt>
			<trkpt lat="49.378402" lon="18.405770">
				<ele>818.000000</ele>
			</trkpt>
			<trkpt lat="49.378262" lon="18.405762">
				<ele>821.000000</ele>
			</trkpt>
			<trkpt lat="49.378151" lon="18.405753">
				<ele>822.000000</ele>
			</trkpt>
			<trkpt lat="49.377853" lon="18.405762">
				<ele>826.000000</ele>
			</trkpt>
			<trkpt lat="49.377666" lon="18.405734">
				<ele>829.000000</ele>
			</trkpt>
			<trkpt lat="49.377397" lon="18.405717">
				<ele>834.000000</ele>
			</trkpt>
			<trkpt lat="49.376817" lon="18.405644">
				<ele>840.000000</ele>
			</trkpt>
			<trkpt lat="49.376583" lon="18.405627">
				<ele>845.000000</ele>
			</trkpt>
			<trkpt lat="49.376350" lon="18.405644">
				<ele>850.000000</ele>
			</trkpt>
			<trkpt lat="49.376221" lon="18.405663">
				<ele>850.000000</ele>
			</trkpt>
			<trkpt lat="49.376104" lon="18.405690">
				<ele>850.000000</ele>
			</trkpt>
			<trkpt lat="49.375911" lon="18.406013">
				<ele>855.000000</ele>
			</trkpt>
			<trkpt lat="49.375788" lon="18.406238">
				<ele>856.000000</ele>
			</trkpt>
			<trkpt lat="49.375683" lon="18.406462">
				<ele>857.000000</ele>
			</trkpt>
			<trkpt lat="49.375577" lon="18.406686">
				<ele>858.000000</ele>
			</trkpt>
			<trkpt lat="49.375472" lon="18.406956">
				<ele>858.000000</ele>
			</trkpt>
			<trkpt lat="49.375373" lon="18.407244">
				<ele>859.000000</ele>
			</trkpt>
			<trkpt lat="49.375315" lon="18.407495">
				<ele>860.000000</ele>
			</trkpt>
			<trkpt lat="49.375268" lon="18.407756">
				<ele>862.000000</ele>
			</trkpt>
			<trkpt lat="49.375186" lon="18.408357">
				<ele>866.000000</ele>
			</trkpt>
			<trkpt lat="49.375133" lon="18.408699">
				<ele>866.000000</ele>
			</trkpt>
			<trkpt lat="49.375022" lon="18.409103">
				<ele>868.000000</ele>
			</trkpt>
			<trkpt lat="49.374969" lon="18.409283">
				<ele>868.000000</ele>
			</trkpt>
			<trkpt lat="49.374893" lon="18.409481">
				<ele>869.000000</ele>
			</trkpt>
			<trkpt lat="49.374747" lon="18.409831">
				<ele>870.000000</ele>
			</trkpt>
			<trkpt lat="49.374443" lon="18.410487">
				<ele>870.000000</ele>
			</trkpt>
			<trkpt lat="49.374332" lon="18.410738">
				<ele>870.000000</ele>
			</trkpt>
			<trkpt lat="49.374226" lon="18.411007">
				<ele>870.000000</ele>
			</trkpt>
			<trkpt lat="49.374138" lon="18.411277">
				<ele>870.000000</ele>
			</trkpt>
			<trkpt lat="49.373957" lon="18.411870">
				<ele>870.000000</ele>
			</trkpt>
			<trkpt lat="49.373823" lon="18.412256">
				<ele>871.000000</ele>
			</trkpt>
			<trkpt lat="49.373747" lon="18.412445">
				<ele>871.000000</ele>
			</trkpt>
			<trkpt lat="49.373671" lon="18.412571">
				<ele>872.000000</ele>
			</trkpt>
			<trkpt lat="49.373583" lon="18.412661">
				<ele>872.000000</ele>
			</trkpt>
			<trkpt lat="49.373495" lon="18.412705">
				<ele>872.000000</ele>
			</trkpt>
			<trkpt lat="49.373437" lon="18.412714">
				<ele>873.000000</ele>
			</trkpt>
			<trkpt lat="49.373244" lon="18.412732">
				<ele>873.000000</ele>
			</trkpt>
			<trkpt lat="49.373162" lon="18.412724">
				<ele>874.000000</ele>
			</trkpt>
			<trkpt lat="49.373068" lon="18.412705">
				<ele>874.000000</ele>
			</trkpt>
			<trkpt lat="49.372911" lon="18.412625">
				<ele>874.000000</ele>
			</trkpt>
			<trkpt lat="49.372688" lon="18.412481">
				<ele>875.000000</ele>
			</trkpt>
			<trkpt lat="49.372524" lon="18.412346">
				<ele>876.000000</ele>
			</trkpt>
			<trkpt lat="49.372384" lon="18.412212">
				<ele>876.000000</ele>
			</trkpt>
			<trkpt lat="49.371887" lon="18.411646">
				<ele>879.000000</ele>
			</trkpt>
			<trkpt lat="49.371729" lon="18.411483">
				<ele>879.000000</ele>
			</trkpt>
			<trkpt lat="49.371618" lon="18.411393">
				<ele>880.000000</ele>
			</trkpt>
			<trkpt lat="49.371553" lon="18.411359">
				<ele>880.000000</ele>
			</trkpt>
			<trkpt lat="49.371489" lon="18.411340">
				<ele>880.000000</ele>
			</trkpt>
			<trkpt lat="49.371366" lon="18.411349">
				<ele>881.000000</ele>
			</trkpt>
			<trkpt lat="49.371285" lon="18.411359">
				<ele>881.000000</ele>
			</trkpt>
			<trkpt lat="49.371220" lon="18.411393">
				<ele>881.000000</ele>
			</trkpt>
			<trkpt lat="49.371161" lon="18.411456">
				<ele>881.000000</ele>
			</trkpt>
			<trkpt lat="49.371109" lon="18.411538">
				<ele>882.000000</ele>
			</trkpt>
			<trkpt lat="49.371038" lon="18.411682">
				<ele>882.000000</ele>
			</trkpt>
			<trkpt lat="49.370963" lon="18.411896">
				<ele>882.000000</ele>
			</trkpt>
			<trkpt lat="49.370904" lon="18.412068">
				<ele>883.000000</ele>
			</trkpt>
			<trkpt lat="49.370804" lon="18.412427">
				<ele>884.000000</ele>
			</trkpt>
			<trkpt lat="49.370723" lon="18.412607">
				<ele>884.000000</ele>
			</trkpt>
			<trkpt lat="49.370589" lon="18.412921">
				<ele>885.000000</ele>
			</trkpt>
			<trkpt lat="49.370512" lon="18.413110">
				<ele>885.000000</ele>
			</trkpt>
			<trkpt lat="49.370454" lon="18.413298">
				<ele>886.000000</ele>
			</trkpt>
			<trkpt lat="49.370401" lon="18.413514">
				<ele>886.000000</ele>
			</trkpt>
			<trkpt lat="49.370319" lon="18.413783">
				<ele>887.000000</ele>
			</trkpt>
			<trkpt lat="49.370243" lon="18.413999">
				<ele>887.000000</ele>
			</trkpt>
			<trkpt lat="49.370120" lon="18.414196">
				<ele>887.000000</ele>
			</trkpt>
			<trkpt lat="49.369962" lon="18.414422">
				<ele>888.000000</ele>
			</trkpt>
			<trkpt lat="49.369874" lon="18.414512">
				<ele>888.000000</ele>
			</trkpt>
			<trkpt lat="49.369793" lon="18.414583">
				<ele>889.000000</ele>
			</trkpt>
			<trkpt lat="49.369705" lon="18.414646">
				<ele>889.000000</ele>
			</trkpt>
			<trkpt lat="49.369612" lon="18.414682">
				<ele>889.000000</ele>
			</trkpt>
			<trkpt lat="49.369512" lon="18.414691">
				<ele>889.000000</ele>
			</trkpt>
			<trkpt lat="49.369406" lon="18.414699">
				<ele>890.000000</ele>
			</trkpt>
			<trkpt lat="49.369278" lon="18.414691">
				<ele>890.000000</ele>
			</trkpt>
			<trkpt lat="49.369137" lon="18.414646">
				<ele>890.000000</ele>
			</trkpt>
			<trkpt lat="49.368851" lon="18.414565">
				<ele>890.000000</ele>
			</trkpt>
			<trkpt lat="49.368377" lon="18.414368">
				<ele>890.000000</ele>
			</trkpt>
			<trkpt lat="49.368283" lon="18.414340">
				<ele>890.000000</ele>
			</trkpt>
			<trkpt lat="49.368283" lon="18.414340">
				<ele>890.000000</ele>
			</trkpt>
			<trkpt lat="49.368201" lon="18.414313">
				<ele>889.000000</ele>
			</trkpt>
			<trkpt lat="49.367862" lon="18.414233">
				<ele>886.000000</ele>
			</trkpt>
			<trkpt lat="49.367593" lon="18.414170">
				<ele>885.000000</ele>
			</trkpt>
			<trkpt lat="49.367412" lon="18.414116">
				<ele>885.000000</ele>
			</trkpt>
			<trkpt lat="49.367265" lon="18.414053">
				<ele>885.000000</ele>
			</trkpt>
			<trkpt lat="49.367119" lon="18.413990">
				<ele>885.000000</ele>
			</trkpt>
			<trkpt lat="49.366979" lon="18.413892">
				<ele>885.000000</ele>
			</trkpt>
			<trkpt lat="49.366839" lon="18.413783">
				<ele>885.000000</ele>
			</trkpt>
			<trkpt lat="49.366698" lon="18.413640">
				<ele>885.000000</ele>
			</trkpt>
			<trkpt lat="49.366569" lon="18.413504">
				<ele>885.000000</ele>
			</trkpt>
			<trkpt lat="49.366447" lon="18.413343">
				<ele>885.000000</ele>
			</trkpt>
			<trkpt lat="49.366371" lon="18.413244">
				<ele>886.000000</ele>
			</trkpt>
			<trkpt lat="49.366318" lon="18.413128">
				<ele>886.000000</ele>
			</trkpt>
			<trkpt lat="49.366271" lon="18.412975">
				<ele>887.000000</ele>
			</trkpt>
			<trkpt lat="49.366206" lon="18.412768">
				<ele>888.000000</ele>
			</trkpt>
			<trkpt lat="49.366131" lon="18.412598">
				<ele>888.000000</ele>
			</trkpt>
			<trkpt lat="49.365984" lon="18.412311">
				<ele>889.000000</ele>
			</trkpt>
			<trkpt lat="49.365710" lon="18.411825">
				<ele>890.000000</ele>
			</trkpt>
			<trkpt lat="49.365651" lon="18.411718">
				<ele>890.000000</ele>
			</trkpt>
			<trkpt lat="49.365569" lon="18.411636">
				<ele>890.000000</ele>
			</trkpt>
			<trkpt lat="49.365499" lon="18.411573">
				<ele>890.000000</ele>
			</trkpt>
			<trkpt lat="49.365423" lon="18.411529">
				<ele>890.000000</ele>
			</trkpt>
			<trkpt lat="49.365323" lon="18.411502">
				<ele>890.000000</ele>
			</trkpt>
			<trkpt lat="49.365235" lon="18.411483">
				<ele>890.000000</ele>
			</trkpt>
			<trkpt lat="49.364937" lon="18.411493">
				<ele>890.000000</ele>
			</trkpt>
			<trkpt lat="49.364709" lon="18.411502">
				<ele>890.000000</ele>
			</trkpt>
			<trkpt lat="49.364557" lon="18.411510">
				<ele>890.000000</ele>
			</trkpt>
			<trkpt lat="49.364405" lon="18.411502">
				<ele>890.000000</ele>
			</trkpt>
			<trkpt lat="49.364235" lon="18.411456">
				<ele>890.000000</ele>
			</trkpt>
			<trkpt lat="49.364130" lon="18.411439">
				<ele>892.000000</ele>
			</trkpt>
			<trkpt lat="49.364013" lon="18.411376">
				<ele>894.000000</ele>
			</trkpt>
			<trkpt lat="49.363919" lon="18.411296">
				<ele>895.000000</ele>
			</trkpt>
			<trkpt lat="49.363820" lon="18.411196">
				<ele>897.000000</ele>
			</trkpt>
			<trkpt lat="49.363732" lon="18.411089">
				<ele>899.000000</ele>
			</trkpt>
			<trkpt lat="49.363638" lon="18.410936">
				<ele>902.000000</ele>
			</trkpt>
			<trkpt lat="49.363556" lon="18.410774">
				<ele>904.000000</ele>
			</trkpt>
			<trkpt lat="49.363451" lon="18.410567">
				<ele>906.000000</ele>
			</trkpt>
			<trkpt lat="49.363282" lon="18.410181">
				<ele>908.000000</ele>
			</trkpt>
			<trkpt lat="49.362989" lon="18.409426">
				<ele>910.000000</ele>
			</trkpt>
			<trkpt lat="49.362890" lon="18.409229">
				<ele>910.000000</ele>
			</trkpt>
			<trkpt lat="49.362790" lon="18.409032">
				<ele>910.000000</ele>
			</trkpt>
			<trkpt lat="49.362650" lon="18.408770">
				<ele>910.000000</ele>
			</trkpt>
			<trkpt lat="49.362579" lon="18.408672">
				<ele>909.000000</ele>
			</trkpt>
			<trkpt lat="49.362468" lon="18.408556">
				<ele>909.000000</ele>
			</trkpt>
			<trkpt lat="49.362351" lon="18.408466">
				<ele>908.000000</ele>
			</trkpt>
			<trkpt lat="49.362012" lon="18.408223">
				<ele>907.000000</ele>
			</trkpt>
			<trkpt lat="49.361854" lon="18.408114">
				<ele>906.000000</ele>
			</trkpt>
			<trkpt lat="49.361749" lon="18.408007">
				<ele>905.000000</ele>
			</trkpt>
			<trkpt lat="49.361649" lon="18.407873">
				<ele>905.000000</ele>
			</trkpt>
			<trkpt lat="49.361556" lon="18.407720">
				<ele>904.000000</ele>
			</trkpt>
			<trkpt lat="49.361445" lon="18.407504">
				<ele>902.000000</ele>
			</trkpt>
			<trkpt lat="49.361386" lon="18.407388">
				<ele>901.000000</ele>
			</trkpt>
			<trkpt lat="49.361252" lon="18.407162">
				<ele>900.000000</ele>
			</trkpt>
			<trkpt lat="49.361140" lon="18.406921">
				<ele>900.000000</ele>
			</trkpt>
			<trkpt lat="49.361070" lon="18.406776">
				<ele>900.000000</ele>
			</trkpt>
			<trkpt lat="49.361041" lon="18.406678">
				<ele>900.000000</ele>
			</trkpt>
			<trkpt lat="49.361018" lon="18.406579">
				<ele>900.000000</ele>
			</trkpt>
			<trkpt lat="49.361012" lon="18.406472">
				<ele>900.000000</ele>
			</trkpt>
			<trkpt lat="49.361006" lon="18.406265">
				<ele>900.000000</ele>
			</trkpt>
			<trkpt lat="49.360982" lon="18.406120">
				<ele>900.000000</ele>
			</trkpt>
			<trkpt lat="49.360795" lon="18.405204">
				<ele>901.000000</ele>
			</trkpt>
			<trkpt lat="49.360731" lon="18.404935">
				<ele>902.000000</ele>
			</trkpt>
			<trkpt lat="49.360649" lon="18.404657">
				<ele>903.000000</ele>
			</trkpt>
			<trkpt lat="49.360602" lon="18.404495">
				<ele>904.000000</ele>
			</trkpt>
			<trkpt lat="49.360538" lon="18.404369">
				<ele>904.000000</ele>
			</trkpt>
			<trkpt lat="49.360479" lon="18.404252">
				<ele>904.000000</ele>
			</trkpt>
			<trkpt lat="49.360421" lon="18.404154">
				<ele>905.000000</ele>
			</trkpt>
			<trkpt lat="49.360351" lon="18.404055">
				<ele>906.000000</ele>
			</trkpt>
			<trkpt lat="49.360263" lon="18.403946">
				<ele>907.000000</ele>
			</trkpt>
			<trkpt lat="49.360052" lon="18.403759">
				<ele>910.000000</ele>
			</trkpt>
			<trkpt lat="49.359801" lon="18.403552">
				<ele>910.000000</ele>
			</trkpt>
			<trkpt lat="49.359713" lon="18.403443">
				<ele>911.000000</ele>
			</trkpt>
			<trkpt lat="49.359619" lon="18.403319">
				<ele>911.000000</ele>
			</trkpt>
			<trkpt lat="49.359438" lon="18.403084">
				<ele>911.000000</ele>
			</trkpt>
			<trkpt lat="49.359367" lon="18.402977">
				<ele>912.000000</ele>
			</trkpt>
			<trkpt lat="49.359274" lon="18.402833">
				<ele>912.000000</ele>
			</trkpt>
			<trkpt lat="49.359174" lon="18.402717">
				<ele>912.000000</ele>
			</trkpt>
			<trkpt lat="49.358905" lon="18.402428">
				<ele>913.000000</ele>
			</trkpt>
			<trkpt lat="49.358659" lon="18.402177">
				<ele>913.000000</ele>
			</trkpt>
			<trkpt lat="49.358478" lon="18.401944">
				<ele>914.000000</ele>
			</trkpt>
			<trkpt lat="49.358397" lon="18.401801">
				<ele>914.000000</ele>
			</trkpt>
			<trkpt lat="49.358326" lon="18.401638">
				<ele>914.000000</ele>
			</trkpt>
			<trkpt lat="49.358174" lon="18.401342">
				<ele>915.000000</ele>
			</trkpt>
			<trkpt lat="49.358010" lon="18.401000">
				<ele>916.000000</ele>
			</trkpt>
			<trkpt lat="49.357507" lon="18.400057">
				<ele>924.000000</ele>
			</trkpt>
			<trkpt lat="49.357337" lon="18.399716">
				<ele>928.000000</ele>
			</trkpt>
			<trkpt lat="49.357179" lon="18.399357">
				<ele>931.000000</ele>
			</trkpt>
			<trkpt lat="49.357027" lon="18.398988">
				<ele>934.000000</ele>
			</trkpt>
			<trkpt lat="49.356951" lon="18.398764">
				<ele>936.000000</ele>
			</trkpt>
			<trkpt lat="49.356811" lon="18.398162">
				<ele>940.000000</ele>
			</trkpt>
			<trkpt lat="49.356202" lon="18.398530">
				<ele>930.000000</ele>
			</trkpt>
			<trkpt lat="49.355465" lon="18.398988">
				<ele>917.000000</ele>
			</trkpt>
			<trkpt lat="49.354482" lon="18.399608">
				<ele>900.000000</ele>
			</trkpt>
			<trkpt lat="49.354072" lon="18.399841">
				<ele>893.000000</ele>
			</trkpt>
			<trkpt lat="49.353604" lon="18.400103">
				<ele>885.000000</ele>
			</trkpt>
			<trkpt lat="49.353505" lon="18.400164">
				<ele>882.000000</ele>
			</trkpt>
			<trkpt lat="49.353411" lon="18.400227">
				<ele>879.000000</ele>
			</trkpt>
			<trkpt lat="49.353329" lon="18.400300">
				<ele>876.000000</ele>
			</trkpt>
			<trkpt lat="49.353253" lon="18.400380">
				<ele>873.000000</ele>
			</trkpt>
			<trkpt lat="49.353124" lon="18.400569">
				<ele>867.000000</ele>
			</trkpt>
			<trkpt lat="49.352838" lon="18.401046">
				<ele>854.000000</ele>
			</trkpt>
			<trkpt lat="49.352387" lon="18.401711">
				<ele>833.000000</ele>
			</trkpt>
			<trkpt lat="49.352112" lon="18.402097">
				<ele>822.000000</ele>
			</trkpt>
			<trkpt lat="49.351889" lon="18.402411">
				<ele>813.000000</ele>
			</trkpt>
			<trkpt lat="49.351626" lon="18.402734">
				<ele>807.000000</ele>
			</trkpt>
			<trkpt lat="49.351392" lon="18.403022">
				<ele>803.000000</ele>
			</trkpt>
			<trkpt lat="49.351153" lon="18.403291">
				<ele>800.000000</ele>
			</trkpt>
			<trkpt lat="49.350883" lon="18.403560">
				<ele>800.000000</ele>
			</trkpt>
			<trkpt lat="49.350597" lon="18.403848">
				<ele>798.000000</ele>
			</trkpt>
			<trkpt lat="49.350228" lon="18.404198">
				<ele>794.000000</ele>
			</trkpt>
			<trkpt lat="49.350222" lon="18.404216">
				<ele>795.000000</ele>
			</trkpt>
			<trkpt lat="49.350345" lon="18.404611">
				<ele>785.000000</ele>
			</trkpt>
			<trkpt lat="49.350351" lon="18.404684">
				<ele>784.000000</ele>
			</trkpt>
			<trkpt lat="49.350450" lon="18.404845">
				<ele>783.000000</ele>
			</trkpt>
			<trkpt lat="49.350233" lon="18.405088">
				<ele>800.000000</ele>
			</trkpt>
			<trkpt lat="49.350058" lon="18.405106">
				<ele>802.000000</ele>
			</trkpt>
			<trkpt lat="49.349479" lon="18.405294">
				<ele>808.000000</ele>
			</trkpt>
			<trkpt lat="49.348847" lon="18.405267">
				<ele>818.000000</ele>
			</trkpt>
			<trkpt lat="49.348086" lon="18.405501">
				<ele>830.000000</ele>
			</trkpt>
			<trkpt lat="49.347372" lon="18.405537">
				<ele>834.000000</ele>
			</trkpt>
			<trkpt lat="49.346857" lon="18.405690">
				<ele>837.000000</ele>
			</trkpt>
			<trkpt lat="49.346553" lon="18.405743">
				<ele>839.000000</ele>
			</trkpt>
			<trkpt lat="49.345909" lon="18.406022">
				<ele>846.000000</ele>
			</trkpt>
			<trkpt lat="49.345564" lon="18.405969">
				<ele>853.000000</ele>
			</trkpt>
			<trkpt lat="49.345042" lon="18.406085">
				<ele>867.000000</ele>
			</trkpt>
			<trkpt lat="49.344510" lon="18.406148">
				<ele>885.000000</ele>
			</trkpt>
			<trkpt lat="49.344264" lon="18.406156">
				<ele>892.000000</ele>
			</trkpt>
			<trkpt lat="49.344089" lon="18.406139">
				<ele>895.000000</ele>
			</trkpt>
			<trkpt lat="49.343615" lon="18.405501">
				<ele>907.000000</ele>
			</trkpt>
			<trkpt lat="49.343334" lon="18.405177">
				<ele>911.000000</ele>
			</trkpt>
			<trkpt lat="49.342824" lon="18.404396">
				<ele>918.000000</ele>
			</trkpt>
			<trkpt lat="49.342620" lon="18.404145">
				<ele>920.000000</ele>
			</trkpt>
			<trkpt lat="49.341806" lon="18.403722">
				<ele>924.000000</ele>
			</trkpt>
			<trkpt lat="49.341238" lon="18.403409">
				<ele>927.000000</ele>
			</trkpt>
			<trkpt lat="49.340840" lon="18.403399">
				<ele>929.000000</ele>
			</trkpt>
			<trkpt lat="49.340454" lon="18.403588">
				<ele>935.000000</ele>
			</trkpt>
			<trkpt lat="49.339928" lon="18.403911">
				<ele>944.000000</ele>
			</trkpt>
			<trkpt lat="49.339711" lon="18.404135">
				<ele>947.000000</ele>
			</trkpt>
			<trkpt lat="49.339412" lon="18.404558">
				<ele>951.000000</ele>
			</trkpt>
			<trkpt lat="49.338985" lon="18.405286">
				<ele>956.000000</ele>
			</trkpt>
			<trkpt lat="49.338733" lon="18.405627">
				<ele>958.000000</ele>
			</trkpt>
			<trkpt lat="49.338452" lon="18.405860">
				<ele>960.000000</ele>
			</trkpt>
			<trkpt lat="49.337814" lon="18.406030">
				<ele>965.000000</ele>
			</trkpt>
			<trkpt lat="49.337428" lon="18.406229">
				<ele>970.000000</ele>
			</trkpt>
			<trkpt lat="49.337241" lon="18.406229">
				<ele>973.000000</ele>
			</trkpt>
			<trkpt lat="49.337001" lon="18.406210">
				<ele>977.000000</ele>
			</trkpt>
			<trkpt lat="49.336726" lon="18.406103">
				<ele>981.000000</ele>
			</trkpt>
			<trkpt lat="49.336509" lon="18.405959">
				<ele>985.000000</ele>
			</trkpt>
			<trkpt lat="49.336316" lon="18.405726">
				<ele>988.000000</ele>
			</trkpt>
			<trkpt lat="49.336263" lon="18.405654">
				<ele>989.000000</ele>
			</trkpt>
			<trkpt lat="49.335731" lon="18.405133">
				<ele>994.000000</ele>
			</trkpt>
			<trkpt lat="49.335561" lon="18.404898">
				<ele>996.000000</ele>
			</trkpt>
			<trkpt lat="49.335403" lon="18.404684">
				<ele>998.000000</ele>
			</trkpt>
			<trkpt lat="49.335233" lon="18.404522">
				<ele>999.000000</ele>
			</trkpt>
			<trkpt lat="49.335150" lon="18.404388">
				<ele>1000.000000</ele>
			</trkpt>
			<trkpt lat="49.335104" lon="18.404298">
				<ele>1001.000000</ele>
			</trkpt>
			<trkpt lat="49.335045" lon="18.404154">
				<ele>1002.000000</ele>
			</trkpt>
			<trkpt lat="49.334852" lon="18.403480">
				<ele>1008.000000</ele>
			</trkpt>
			<trkpt lat="49.334507" lon="18.402537">
				<ele>1019.000000</ele>
			</trkpt>
			<trkpt lat="49.334296" lon="18.401835">
				<ele>1027.000000</ele>
			</trkpt>
			<trkpt lat="49.334056" lon="18.401162">
				<ele>1030.000000</ele>
			</trkpt>
			<trkpt lat="49.333939" lon="18.401028">
				<ele>1030.000000</ele>
			</trkpt>
			<trkpt lat="49.333524" lon="18.400722">
				<ele>1023.000000</ele>
			</trkpt>
			<trkpt lat="49.333131" lon="18.400290">
				<ele>1016.000000</ele>
			</trkpt>
			<trkpt lat="49.332768" lon="18.400111">
				<ele>1012.000000</ele>
			</trkpt>
			<trkpt lat="49.332423" lon="18.400040">
				<ele>1010.000000</ele>
			</trkpt>
			<trkpt lat="49.332159" lon="18.400120">
				<ele>1010.000000</ele>
			</trkpt>
			<trkpt lat="49.331996" lon="18.400084">
				<ele>1010.000000</ele>
			</trkpt>
			<trkpt lat="49.331878" lon="18.399967">
				<ele>1010.000000</ele>
			</trkpt>
			<trkpt lat="49.331762" lon="18.399788">
				<ele>1010.000000</ele>
			</trkpt>
			<trkpt lat="49.331539" lon="18.399608">
				<ele>1011.000000</ele>
			</trkpt>
			<trkpt lat="49.331346" lon="18.399554">
				<ele>1011.000000</ele>
			</trkpt>
			<trkpt lat="49.331112" lon="18.399357">
				<ele>1012.000000</ele>
			</trkpt>
			<trkpt lat="49.330883" lon="18.399105">
				<ele>1012.000000</ele>
			</trkpt>
			<trkpt lat="49.330702" lon="18.398818">
				<ele>1013.000000</ele>
			</trkpt>
			<trkpt lat="49.330514" lon="18.398530">
				<ele>1014.000000</ele>
			</trkpt>
			<trkpt lat="49.330263" lon="18.398036">
				<ele>1015.000000</ele>
			</trkpt>
			<trkpt lat="49.330099" lon="18.397686">
				<ele>1015.000000</ele>
			</trkpt>
			<trkpt lat="49.329877" lon="18.397335">
				<ele>1016.000000</ele>
			</trkpt>
			<trkpt lat="49.329783" lon="18.397147">
				<ele>1016.000000</ele>
			</trkpt>
			<trkpt lat="49.329712" lon="18.396948">
				<ele>1017.000000</ele>
			</trkpt>
			<trkpt lat="49.329648" lon="18.396778">
				<ele>1017.000000</ele>
			</trkpt>
			<trkpt lat="49.329496" lon="18.396500">
				<ele>1018.000000</ele>
			</trkpt>
			<trkpt lat="49.329320" lon="18.396141">
				<ele>1018.000000</ele>
			</trkpt>
			<trkpt lat="49.329191" lon="18.395835">
				<ele>1019.000000</ele>
			</trkpt>
			<trkpt lat="49.329127" lon="18.395430">
				<ele>1020.000000</ele>
			</trkpt>
			<trkpt lat="49.329057" lon="18.395090">
				<ele>1021.000000</ele>
			</trkpt>
			<trkpt lat="49.329028" lon="18.394829">
				<ele>1023.000000</ele>
			</trkpt>
			<trkpt lat="49.328987" lon="18.394533">
				<ele>1025.000000</ele>
			</trkpt>
			<trkpt lat="49.328945" lon="18.394254">
				<ele>1027.000000</ele>
			</trkpt>
			<trkpt lat="49.328887" lon="18.394021">
				<ele>1029.000000</ele>
			</trkpt>
			<trkpt lat="49.328816" lon="18.393769">
				<ele>1030.000000</ele>
			</trkpt>
			<trkpt lat="49.328717" lon="18.393545">
				<ele>1030.000000</ele>
			</trkpt>
			<trkpt lat="49.328612" lon="18.393311">
				<ele>1029.000000</ele>
			</trkpt>
			<trkpt lat="49.328454" lon="18.393122">
				<ele>1027.000000</ele>
			</trkpt>
			<trkpt lat="49.328061" lon="18.392799">
				<ele>1025.000000</ele>
			</trkpt>
			<trkpt lat="49.327593" lon="18.392476">
				<ele>1022.000000</ele>
			</trkpt>
			<trkpt lat="49.327359" lon="18.392350">
				<ele>1020.000000</ele>
			</trkpt>
			<trkpt lat="49.327236" lon="18.392153">
				<ele>1020.000000</ele>
			</trkpt>
			<trkpt lat="49.327043" lon="18.391901">
				<ele>1020.000000</ele>
			</trkpt>
			<trkpt lat="49.326773" lon="18.391703">
				<ele>1018.000000</ele>
			</trkpt>
			<trkpt lat="49.326463" lon="18.391398">
				<ele>1016.000000</ele>
			</trkpt>
			<trkpt lat="49.326352" lon="18.391352">
				<ele>1015.000000</ele>
			</trkpt>
			<trkpt lat="49.326158" lon="18.391308">
				<ele>1014.000000</ele>
			</trkpt>
			<trkpt lat="49.325896" lon="18.391361">
				<ele>1012.000000</ele>
			</trkpt>
			<trkpt lat="49.325720" lon="18.391262">
				<ele>1011.000000</ele>
			</trkpt>
			<trkpt lat="49.325521" lon="18.391172">
				<ele>1010.000000</ele>
			</trkpt>
			<trkpt lat="49.325245" lon="18.391065">
				<ele>1007.000000</ele>
			</trkpt>
			<trkpt lat="49.324824" lon="18.390759">
				<ele>1002.000000</ele>
			</trkpt>
			<trkpt lat="49.324619" lon="18.390463">
				<ele>999.000000</ele>
			</trkpt>
			<trkpt lat="49.324314" lon="18.389979">
				<ele>995.000000</ele>
			</trkpt>
			<trkpt lat="49.324068" lon="18.389413">
				<ele>991.000000</ele>
			</trkpt>
			<trkpt lat="49.323993" lon="18.389088">
				<ele>990.000000</ele>
			</trkpt>
			<trkpt lat="49.323952" lon="18.388784">
				<ele>990.000000</ele>
			</trkpt>
			<trkpt lat="49.323846" lon="18.388289">
				<ele>990.000000</ele>
			</trkpt>
			<trkpt lat="49.323758" lon="18.387984">
				<ele>990.000000</ele>
			</trkpt>
			<trkpt lat="49.323547" lon="18.387598">
				<ele>990.000000</ele>
			</trkpt>
			<trkpt lat="49.323425" lon="18.387266">
				<ele>990.000000</ele>
			</trkpt>
			<trkpt lat="49.323348" lon="18.387004">
				<ele>990.000000</ele>
			</trkpt>
			<trkpt lat="49.323313" lon="18.386735">
				<ele>990.000000</ele>
			</trkpt>
			<trkpt lat="49.323284" lon="18.386142">
				<ele>990.000000</ele>
			</trkpt>
			<trkpt lat="49.323266" lon="18.385316">
				<ele>991.000000</ele>
			</trkpt>
			<trkpt lat="49.323237" lon="18.384939">
				<ele>994.000000</ele>
			</trkpt>
			<trkpt lat="49.323219" lon="18.384364">
				<ele>999.000000</ele>
			</trkpt>
			<trkpt lat="49.323255" lon="18.383933">
				<ele>1003.000000</ele>
			</trkpt>
			<trkpt lat="49.323325" lon="18.383169">
				<ele>1010.000000</ele>
			</trkpt>
			<trkpt lat="49.323290" lon="18.382774">
				<ele>1014.000000</ele>
			</trkpt>
			<trkpt lat="49.323325" lon="18.382342">
				<ele>1018.000000</ele>
			</trkpt>
			<trkpt lat="49.323629" lon="18.381444">
				<ele>1033.000000</ele>
			</trkpt>
			<trkpt lat="49.323899" lon="18.380887">
				<ele>1044.000000</ele>
			</trkpt>
			<trkpt lat="49.324080" lon="18.380671">
				<ele>1049.000000</ele>
			</trkpt>
			<trkpt lat="49.324098" lon="18.380511">
				<ele>1051.000000</ele>
			</trkpt>
			<trkpt lat="49.324063" lon="18.380285">
				<ele>1052.000000</ele>
			</trkpt>
			<trkpt lat="49.323957" lon="18.379890">
				<ele>1055.000000</ele>
			</trkpt>
			<trkpt lat="49.323940" lon="18.379468">
				<ele>1058.000000</ele>
			</trkpt>
			<trkpt lat="49.323852" lon="18.379126">
				<ele>1061.000000</ele>
			</trkpt>
			<trkpt lat="49.323793" lon="18.378974">
				<ele>1061.000000</ele>
			</trkpt>
			<trkpt lat="49.323729" lon="18.378830">
				<ele>1062.000000</ele>
			</trkpt>
			<trkpt lat="49.323600" lon="18.378687">
				<ele>1063.000000</ele>
			</trkpt>
			<trkpt lat="49.323477" lon="18.378516">
				<ele>1064.000000</ele>
			</trkpt>
			<trkpt lat="49.323225" lon="18.378147">
				<ele>1066.000000</ele>
			</trkpt>
			<trkpt lat="49.323161" lon="18.378031">
				<ele>1067.000000</ele>
			</trkpt>
			<trkpt lat="49.322962" lon="18.377832">
				<ele>1068.000000</ele>
			</trkpt>
			<trkpt lat="49.322429" lon="18.377465">
				<ele>1070.000000</ele>
			</trkpt>
			<trkpt lat="49.322271" lon="18.377312">
				<ele>1070.000000</ele>
			</trkpt>
			<trkpt lat="49.322072" lon="18.376899">
				<ele>1070.000000</ele>
			</trkpt>
			<trkpt lat="49.321399" lon="18.376207">
				<ele>1069.000000</ele>
			</trkpt>
			<trkpt lat="49.321088" lon="18.375605">
				<ele>1067.000000</ele>
			</trkpt>
			<trkpt lat="49.320831" lon="18.375264">
				<ele>1066.000000</ele>
			</trkpt>
			<trkpt lat="49.320608" lon="18.375048">
				<ele>1065.000000</ele>
			</trkpt>
			<trkpt lat="49.320075" lon="18.374635">
				<ele>1063.000000</ele>
			</trkpt>
			<trkpt lat="49.319578" lon="18.374123">
				<ele>1061.000000</ele>
			</trkpt>
			<trkpt lat="49.319408" lon="18.373943">
				<ele>1061.000000</ele>
			</trkpt>
			<trkpt lat="49.319291" lon="18.373683">
				<ele>1062.000000</ele>
			</trkpt>
			<trkpt lat="49.319173" lon="18.373126">
				<ele>1062.000000</ele>
			</trkpt>
			<trkpt lat="49.319103" lon="18.372857">
				<ele>1063.000000</ele>
			</trkpt>
			<trkpt lat="49.318857" lon="18.372192">
				<ele>1064.000000</ele>
			</trkpt>
			<trkpt lat="49.318705" lon="18.371419">
				<ele>1065.000000</ele>
			</trkpt>
			<trkpt lat="49.318711" lon="18.370773">
				<ele>1066.000000</ele>
			</trkpt>
			<trkpt lat="49.318746" lon="18.370494">
				<ele>1066.000000</ele>
			</trkpt>
			<trkpt lat="49.318734" lon="18.369901">
				<ele>1067.000000</ele>
			</trkpt>
			<trkpt lat="49.318898" lon="18.368383">
				<ele>1070.000000</ele>
			</trkpt>
			<trkpt lat="49.319021" lon="18.367781">
				<ele>1070.000000</ele>
			</trkpt>
			<trkpt lat="49.319091" lon="18.367395">
				<ele>1070.000000</ele>
			</trkpt>
			<trkpt lat="49.319121" lon="18.367278">
				<ele>1070.000000</ele>
			</trkpt>
			<trkpt lat="49.319010" lon="18.367108">
				<ele>1070.000000</ele>
			</trkpt>
			<trkpt lat="49.318875" lon="18.366775">
				<ele>1067.000000</ele>
			</trkpt>
			<trkpt lat="49.318775" lon="18.366487">
				<ele>1064.000000</ele>
			</trkpt>
			<trkpt lat="49.318635" lon="18.366056">
				<ele>1061.000000</ele>
			</trkpt>
			<trkpt lat="49.318324" lon="18.365221">
				<ele>1055.000000</ele>
			</trkpt>
			<trkpt lat="49.318143" lon="18.364555">
				<ele>1051.000000</ele>
			</trkpt>
			<trkpt lat="49.318119" lon="18.364457">
				<ele>1051.000000</ele>
			</trkpt>
			<trkpt lat="49.317979" lon="18.363775">
				<ele>1046.000000</ele>
			</trkpt>
			<trkpt lat="49.317949" lon="18.363226">
				<ele>1042.000000</ele>
			</trkpt>
			<trkpt lat="49.317990" lon="18.362624">
				<ele>1039.000000</ele>
			</trkpt>
			<trkpt lat="49.318020" lon="18.361708">
				<ele>1034.000000</ele>
			</trkpt>
			<trkpt lat="49.318166" lon="18.361152">
				<ele>1032.000000</ele>
			</trkpt>
			<trkpt lat="49.318207" lon="18.360765">
				<ele>1030.000000</ele>
			</trkpt>
			<trkpt lat="49.318348" lon="18.359965">
				<ele>1030.000000</ele>
			</trkpt>
			<trkpt lat="49.318570" lon="18.359184">
				<ele>1030.000000</ele>
			</trkpt>
			<trkpt lat="49.318705" lon="18.359022">
				<ele>1030.000000</ele>
			</trkpt>
			<trkpt lat="49.319045" lon="18.358519">
				<ele>1033.000000</ele>
			</trkpt>
			<trkpt lat="49.319203" lon="18.358286">
				<ele>1035.000000</ele>
			</trkpt>
			<trkpt lat="49.319454" lon="18.357674">
				<ele>1040.000000</ele>
			</trkpt>
			<trkpt lat="49.319612" lon="18.357198">
				<ele>1045.000000</ele>
			</trkpt>
			<trkpt lat="49.319724" lon="18.356678">
				<ele>1050.000000</ele>
			</trkpt>
			<trkpt lat="49.319712" lon="18.356372">
				<ele>1050.000000</ele>
			</trkpt>
			<trkpt lat="49.319612" lon="18.355519">
				<ele>1050.000000</ele>
			</trkpt>
			<trkpt lat="49.319560" lon="18.355286">
				<ele>1050.000000</ele>
			</trkpt>
			<trkpt lat="49.319384" lon="18.354917">
				<ele>1050.000000</ele>
			</trkpt>
			<trkpt lat="49.319256" lon="18.354485">
				<ele>1048.000000</ele>
			</trkpt>
			<trkpt lat="49.319038" lon="18.353452">
				<ele>1042.000000</ele>
			</trkpt>
			<trkpt lat="49.318969" lon="18.352905">
				<ele>1040.000000</ele>
			</trkpt>
			<trkpt lat="49.318840" lon="18.352384">
				<ele>1040.000000</ele>
			</trkpt>
			<trkpt lat="49.318787" lon="18.351980">
				<ele>1040.000000</ele>
			</trkpt>
			<trkpt lat="49.318699" lon="18.351602">
				<ele>1040.000000</ele>
			</trkpt>
			<trkpt lat="49.318682" lon="18.350345">
				<ele>1040.000000</ele>
			</trkpt>
			<trkpt lat="49.318693" lon="18.349617">
				<ele>1040.000000</ele>
			</trkpt>
			<trkpt lat="49.318682" lon="18.349393">
				<ele>1040.000000</ele>
			</trkpt>
			<trkpt lat="49.318605" lon="18.349015">
				<ele>1040.000000</ele>
			</trkpt>
			<trkpt lat="49.318483" lon="18.348602">
				<ele>1040.000000</ele>
			</trkpt>
			<trkpt lat="49.318254" lon="18.348036">
				<ele>1040.000000</ele>
			</trkpt>
			<trkpt lat="49.318061" lon="18.347667">
				<ele>1040.000000</ele>
			</trkpt>
			<trkpt lat="49.317821" lon="18.347020">
				<ele>1040.000000</ele>
			</trkpt>
			<trkpt lat="49.317768" lon="18.346697">
				<ele>1040.000000</ele>
			</trkpt>
			<trkpt lat="49.317475" lon="18.345449">
				<ele>1040.000000</ele>
			</trkpt>
			<trkpt lat="49.317235" lon="18.344631">
				<ele>1040.000000</ele>
			</trkpt>
			<trkpt lat="49.317200" lon="18.344433">
				<ele>1040.000000</ele>
			</trkpt>
			<trkpt lat="49.317218" lon="18.344254">
				<ele>1040.000000</ele>
			</trkpt>
			<trkpt lat="49.317188" lon="18.344093">
				<ele>1040.000000</ele>
			</trkpt>
			<trkpt lat="49.316931" lon="18.343032">
				<ele>1040.000000</ele>
			</trkpt>
			<trkpt lat="49.316655" lon="18.341684">
				<ele>1040.000000</ele>
			</trkpt>
			<trkpt lat="49.316497" lon="18.341164">
				<ele>1044.000000</ele>
			</trkpt>
			<trkpt lat="49.316293" lon="18.340571">
				<ele>1047.000000</ele>
			</trkpt>
			<trkpt lat="49.316240" lon="18.340373">
				<ele>1048.000000</ele>
			</trkpt>
			<trkpt lat="49.316029" lon="18.339556">
				<ele>1050.000000</ele>
			</trkpt>
			<trkpt lat="49.315906" lon="18.338694">
				<ele>1050.000000</ele>
			</trkpt>
			<trkpt lat="49.315906" lon="18.338244">
				<ele>1050.000000</ele>
			</trkpt>
			<trkpt lat="49.315888" lon="18.338101">
				<ele>1050.000000</ele>
			</trkpt>
			<trkpt lat="49.315554" lon="18.336959">
				<ele>1049.000000</ele>
			</trkpt>
			<trkpt lat="49.315391" lon="18.336133">
				<ele>1047.000000</ele>
			</trkpt>
			<trkpt lat="49.315198" lon="18.335208">
				<ele>1045.000000</ele>
			</trkpt>
			<trkpt lat="49.315192" lon="18.335019">
				<ele>1044.000000</ele>
			</trkpt>
			<trkpt lat="49.315133" lon="18.334786">
				<ele>1044.000000</ele>
			</trkpt>
			<trkpt lat="49.315115" lon="18.334183">
				<ele>1042.000000</ele>
			</trkpt>
			<trkpt lat="49.315098" lon="18.333591">
				<ele>1041.000000</ele>
			</trkpt>
			<trkpt lat="49.315133" lon="18.333223">
				<ele>1040.000000</ele>
			</trkpt>
			<trkpt lat="49.315185" lon="18.332854">
				<ele>1038.000000</ele>
			</trkpt>
			<trkpt lat="49.315250" lon="18.332594">
				<ele>1037.000000</ele>
			</trkpt>
			<trkpt lat="49.315291" lon="18.332333">
				<ele>1036.000000</ele>
			</trkpt>
			<trkpt lat="49.315297" lon="18.331920">
				<ele>1034.000000</ele>
			</trkpt>
			<trkpt lat="49.315285" lon="18.331659">
				<ele>1033.000000</ele>
			</trkpt>
			<trkpt lat="49.315303" lon="18.331283">
				<ele>1032.000000</ele>
			</trkpt>
			<trkpt lat="49.315145" lon="18.330600">
				<ele>1028.000000</ele>
			</trkpt>
			<trkpt lat="49.315092" lon="18.330304">
				<ele>1025.000000</ele>
			</trkpt>
			<trkpt lat="49.315057" lon="18.330114">
				<ele>1023.000000</ele>
			</trkpt>
			<trkpt lat="49.314881" lon="18.329549">
				<ele>1016.000000</ele>
			</trkpt>
			<trkpt lat="49.314805" lon="18.329351">
				<ele>1013.000000</ele>
			</trkpt>
			<trkpt lat="49.314764" lon="18.329243">
				<ele>1012.000000</ele>
			</trkpt>
			<trkpt lat="49.314565" lon="18.328543">
				<ele>1010.000000</ele>
			</trkpt>
			<trkpt lat="49.314401" lon="18.328246">
				<ele>1010.000000</ele>
			</trkpt>
			<trkpt lat="49.314255" lon="18.328093">
				<ele>1010.000000</ele>
			</trkpt>
			<trkpt lat="49.314190" lon="18.327985">
				<ele>1010.000000</ele>
			</trkpt>
			<trkpt lat="49.314131" lon="18.327833">
				<ele>1010.000000</ele>
			</trkpt>
			<trkpt lat="49.314067" lon="18.327554">
				<ele>1010.000000</ele>
			</trkpt>
			<trkpt lat="49.313797" lon="18.326809">
				<ele>1010.000000</ele>
			</trkpt>
			<trkpt lat="49.313640" lon="18.326512">
				<ele>1010.000000</ele>
			</trkpt>
			<trkpt lat="49.313435" lon="18.326233">
				<ele>1010.000000</ele>
			</trkpt>
			<trkpt lat="49.312978" lon="18.325506">
				<ele>1010.000000</ele>
			</trkpt>
			<trkpt lat="49.312767" lon="18.325048">
				<ele>1009.000000</ele>
			</trkpt>
			<trkpt lat="49.312720" lon="18.324769">
				<ele>1005.000000</ele>
			</trkpt>
			<trkpt lat="49.312702" lon="18.324312">
				<ele>999.000000</ele>
			</trkpt>
			<trkpt lat="49.312655" lon="18.324042">
				<ele>996.000000</ele>
			</trkpt>
			<trkpt lat="49.312609" lon="18.323907">
				<ele>994.000000</ele>
			</trkpt>
			<trkpt lat="49.312509" lon="18.323700">
				<ele>991.000000</ele>
			</trkpt>
			<trkpt lat="49.312368" lon="18.323493">
				<ele>990.000000</ele>
			</trkpt>
			<trkpt lat="49.312088" lon="18.323153">
				<ele>990.000000</ele>
			</trkpt>
			<trkpt lat="49.312053" lon="18.323080">
				<ele>990.000000</ele>
			</trkpt>
			<trkpt lat="49.311619" lon="18.321814">
				<ele>984.000000</ele>
			</trkpt>
			<trkpt lat="49.311479" lon="18.321293">
				<ele>982.000000</ele>
			</trkpt>
			<trkpt lat="49.311361" lon="18.320933">
				<ele>980.000000</ele>
			</trkpt>
			<trkpt lat="49.311286" lon="18.320610">
				<ele>982.000000</ele>
			</trkpt>
			<trkpt lat="49.311262" lon="18.320377">
				<ele>982.000000</ele>
			</trkpt>
			<trkpt lat="49.311192" lon="18.319478">
				<ele>986.000000</ele>
			</trkpt>
			<trkpt lat="49.311192" lon="18.318912">
				<ele>988.000000</ele>
			</trkpt>
			<trkpt lat="49.311127" lon="18.318346">
				<ele>990.000000</ele>
			</trkpt>
			<trkpt lat="49.311010" lon="18.317853">
				<ele>990.000000</ele>
			</trkpt>
			<trkpt lat="49.310858" lon="18.317430">
				<ele>990.000000</ele>
			</trkpt>
			<trkpt lat="49.310448" lon="18.316406">
				<ele>988.000000</ele>
			</trkpt>
			<trkpt lat="49.309786" lon="18.314924">
				<ele>984.000000</ele>
			</trkpt>
			<trkpt lat="49.309669" lon="18.314735">
				<ele>984.000000</ele>
			</trkpt>
			<trkpt lat="49.309382" lon="18.314394">
				<ele>983.000000</ele>
			</trkpt>
			<trkpt lat="49.309271" lon="18.314214">
				<ele>982.000000</ele>
			</trkpt>
			<trkpt lat="49.309024" lon="18.313765">
				<ele>981.000000</ele>
			</trkpt>
			<trkpt lat="49.308808" lon="18.313280">
				<ele>980.000000</ele>
			</trkpt>
			<trkpt lat="49.308463" lon="18.312677">
				<ele>980.000000</ele>
			</trkpt>
			<trkpt lat="49.308263" lon="18.312274">
				<ele>980.000000</ele>
			</trkpt>
			<trkpt lat="49.308017" lon="18.311834">
				<ele>980.000000</ele>
			</trkpt>
			<trkpt lat="49.307929" lon="18.311698">
				<ele>980.000000</ele>
			</trkpt>
			<trkpt lat="49.307760" lon="18.311484">
				<ele>980.000000</ele>
			</trkpt>
			<trkpt lat="49.307437" lon="18.311142">
				<ele>980.000000</ele>
			</trkpt>
			<trkpt lat="49.307215" lon="18.310801">
				<ele>980.000000</ele>
			</trkpt>
			<trkpt lat="49.306981" lon="18.310360">
				<ele>980.000000</ele>
			</trkpt>
			<trkpt lat="49.306764" lon="18.309813">
				<ele>980.000000</ele>
			</trkpt>
			<trkpt lat="49.306582" lon="18.309247">
				<ele>980.000000</ele>
			</trkpt>
			<trkpt lat="49.306395" lon="18.308482">
				<ele>980.000000</ele>
			</trkpt>
			<trkpt lat="49.306348" lon="18.308043">
				<ele>980.000000</ele>
			</trkpt>
			<trkpt lat="49.306266" lon="18.307495">
				<ele>980.000000</ele>
			</trkpt>
			<trkpt lat="49.306213" lon="18.307027">
				<ele>980.000000</ele>
			</trkpt>
			<trkpt lat="49.306090" lon="18.305312">
				<ele>992.000000</ele>
			</trkpt>
			<trkpt lat="49.305973" lon="18.304666">
				<ele>1000.000000</ele>
			</trkpt>
			<trkpt lat="49.305867" lon="18.303874">
				<ele>1010.000000</ele>
			</trkpt>
			<trkpt lat="49.305786" lon="18.303318">
				<ele>1010.000000</ele>
			</trkpt>
			<trkpt lat="49.305751" lon="18.303318">
				<ele>1014.000000</ele>
			</trkpt>
			<trkpt lat="49.305621" lon="18.302077">
				<ele>1001.000000</ele>
			</trkpt>
			<trkpt lat="49.305569" lon="18.301727">
				<ele>997.000000</ele>
			</trkpt>
			<trkpt lat="49.305505" lon="18.301377">
				<ele>993.000000</ele>
			</trkpt>
			<trkpt lat="49.305452" lon="18.301117">
				<ele>989.000000</ele>
			</trkpt>
			<trkpt lat="49.305329" lon="18.300649">
				<ele>983.000000</ele>
			</trkpt>
			<trkpt lat="49.305141" lon="18.300003">
				<ele>974.000000</ele>
			</trkpt>
			<trkpt lat="49.304772" lon="18.298700">
				<ele>957.000000</ele>
			</trkpt>
			<trkpt lat="49.304755" lon="18.298647">
				<ele>956.000000</ele>
			</trkpt>
			<trkpt lat="49.304661" lon="18.298251">
				<ele>951.000000</ele>
			</trkpt>
			<trkpt lat="49.304597" lon="18.297945">
				<ele>947.000000</ele>
			</trkpt>
			<trkpt lat="49.304544" lon="18.297640">
				<ele>944.000000</ele>
			</trkpt>
			<trkpt lat="49.304503" lon="18.297236">
				<ele>940.000000</ele>
			</trkpt>
			<trkpt lat="49.304462" lon="18.296949">
				<ele>938.000000</ele>
			</trkpt>
			<trkpt lat="49.304404" lon="18.296598">
				<ele>936.000000</ele>
			</trkpt>
			<trkpt lat="49.304351" lon="18.296293">
				<ele>935.000000</ele>
			</trkpt>
			<trkpt lat="49.304321" lon="18.295987">
				<ele>936.000000</ele>
			</trkpt>
			<trkpt lat="49.304315" lon="18.295880">
				<ele>936.000000</ele>
			</trkpt>
			<trkpt lat="49.304310" lon="18.295735">
				<ele>936.000000</ele>
			</trkpt>
			<trkpt lat="49.304321" lon="18.295601">
				<ele>936.000000</ele>
			</trkpt>
			<trkpt lat="49.304380" lon="18.295071">
				<ele>937.000000</ele>
			</trkpt>
			<trkpt lat="49.304398" lon="18.294838">
				<ele>938.000000</ele>
			</trkpt>
			<trkpt lat="49.304415" lon="18.294622">
				<ele>938.000000</ele>
			</trkpt>
			<trkpt lat="49.304409" lon="18.294173">
				<ele>939.000000</ele>
			</trkpt>
			<trkpt lat="49.304404" lon="18.293984">
				<ele>939.000000</ele>
			</trkpt>
			<trkpt lat="49.304368" lon="18.293607">
				<ele>940.000000</ele>
			</trkpt>
			<trkpt lat="49.304357" lon="18.293374">
				<ele>941.000000</ele>
			</trkpt>
			<trkpt lat="49.304351" lon="18.293005">
				<ele>944.000000</ele>
			</trkpt>
			<trkpt lat="49.304315" lon="18.292645">
				<ele>948.000000</ele>
			</trkpt>
			<trkpt lat="49.304269" lon="18.292376">
				<ele>951.000000</ele>
			</trkpt>
			<trkpt lat="49.304152" lon="18.291783">
				<ele>954.000000</ele>
			</trkpt>
			<trkpt lat="49.304105" lon="18.291487">
				<ele>956.000000</ele>
			</trkpt>
			<trkpt lat="49.304087" lon="18.291307">
				<ele>957.000000</ele>
			</trkpt>
			<trkpt lat="49.304070" lon="18.291127">
				<ele>958.000000</ele>
			</trkpt>
			<trkpt lat="49.304064" lon="18.290813">
				<ele>960.000000</ele>
			</trkpt>
			<trkpt lat="49.304093" lon="18.290498">
				<ele>962.000000</ele>
			</trkpt>
			<trkpt lat="49.304158" lon="18.289771">
				<ele>964.000000</ele>
			</trkpt>
			<trkpt lat="49.304169" lon="18.289618">
				<ele>964.000000</ele>
			</trkpt>
			<trkpt lat="49.304163" lon="18.289466">
				<ele>963.000000</ele>
			</trkpt>
			<trkpt lat="49.304152" lon="18.289331">
				<ele>963.000000</ele>
			</trkpt>
			<trkpt lat="49.304128" lon="18.289179">
				<ele>962.000000</ele>
			</trkpt>
			<trkpt lat="49.304064" lon="18.288900">
				<ele>961.000000</ele>
			</trkpt>
			<trkpt lat="49.303888" lon="18.288387">
				<ele>959.000000</ele>
			</trkpt>
			<trkpt lat="49.303747" lon="18.287930">
				<ele>957.000000</ele>
			</trkpt>
			<trkpt lat="49.303624" lon="18.287508">
				<ele>955.000000</ele>
			</trkpt>
			<trkpt lat="49.303519" lon="18.287103">
				<ele>953.000000</ele>
			</trkpt>
			<trkpt lat="49.303384" lon="18.286502">
				<ele>948.000000</ele>
			</trkpt>
			<trkpt lat="49.303331" lon="18.286205">
				<ele>945.000000</ele>
			</trkpt>
			<trkpt lat="49.303278" lon="18.285873">
				<ele>942.000000</ele>
			</trkpt>
			<trkpt lat="49.303250" lon="18.285621">
				<ele>940.000000</ele>
			</trkpt>
			<trkpt lat="49.303232" lon="18.285334">
				<ele>938.000000</ele>
			</trkpt>
			<trkpt lat="49.303220" lon="18.285055">
				<ele>936.000000</ele>
			</trkpt>
			<trkpt lat="49.303220" lon="18.284768">
				<ele>934.000000</ele>
			</trkpt>
			<trkpt lat="49.303244" lon="18.283824">
				<ele>930.000000</ele>
			</trkpt>
			<trkpt lat="49.303261" lon="18.283590">
				<ele>931.000000</ele>
			</trkpt>
			<trkpt lat="49.303302" lon="18.283376">
				<ele>931.000000</ele>
			</trkpt>
			<trkpt lat="49.303361" lon="18.283168">
				<ele>931.000000</ele>
			</trkpt>
			<trkpt lat="49.303519" lon="18.282737">
				<ele>932.000000</ele>
			</trkpt>
			<trkpt lat="49.303572" lon="18.282548">
				<ele>932.000000</ele>
			</trkpt>
			<trkpt lat="49.303618" lon="18.282315">
				<ele>932.000000</ele>
			</trkpt>
			<trkpt lat="49.303665" lon="18.282099">
				<ele>933.000000</ele>
			</trkpt>
			<trkpt lat="49.303695" lon="18.281866">
				<ele>933.000000</ele>
			</trkpt>
			<trkpt lat="49.303730" lon="18.281623">
				<ele>933.000000</ele>
			</trkpt>
			<trkpt lat="49.303759" lon="18.281353">
				<ele>934.000000</ele>
			</trkpt>
			<trkpt lat="49.303783" lon="18.280760">
				<ele>934.000000</ele>
			</trkpt>
			<trkpt lat="49.303783" lon="18.280474">
				<ele>935.000000</ele>
			</trkpt>
			<trkpt lat="49.303759" lon="18.280221">
				<ele>935.000000</ele>
			</trkpt>
			<trkpt lat="49.303724" lon="18.279988">
				<ele>935.000000</ele>
			</trkpt>
			<trkpt lat="49.303607" lon="18.279431">
				<ele>935.000000</ele>
			</trkpt>
			<trkpt lat="49.303478" lon="18.278722">
				<ele>935.000000</ele>
			</trkpt>
			<trkpt lat="49.303419" lon="18.278426">
				<ele>935.000000</ele>
			</trkpt>
			<trkpt lat="49.303361" lon="18.278255">
				<ele>935.000000</ele>
			</trkpt>
			<trkpt lat="49.303291" lon="18.278102">
				<ele>936.000000</ele>
			</trkpt>
			<trkpt lat="49.303214" lon="18.277931">
				<ele>936.000000</ele>
			</trkpt>
			<trkpt lat="49.303115" lon="18.277743">
				<ele>937.000000</ele>
			</trkpt>
			<trkpt lat="49.302968" lon="18.277473">
				<ele>937.000000</ele>
			</trkpt>
			<trkpt lat="49.302839" lon="18.277231">
				<ele>938.000000</ele>
			</trkpt>
			<trkpt lat="49.302687" lon="18.276916">
				<ele>938.000000</ele>
			</trkpt>
			<trkpt lat="49.302558" lon="18.276611">
				<ele>939.000000</ele>
			</trkpt>
			<trkpt lat="49.302318" lon="18.276000">
				<ele>942.000000</ele>
			</trkpt>
			<trkpt lat="49.302124" lon="18.275479">
				<ele>947.000000</ele>
			</trkpt>
			<trkpt lat="49.302031" lon="18.275210">
				<ele>949.000000</ele>
			</trkpt>
			<trkpt lat="49.301972" lon="18.275011">
				<ele>950.000000</ele>
			</trkpt>
			<trkpt lat="49.301925" lon="18.274860">
				<ele>951.000000</ele>
			</trkpt>
			<trkpt lat="49.301903" lon="18.274697">
				<ele>951.000000</ele>
			</trkpt>
			<trkpt lat="49.301879" lon="18.274535">
				<ele>951.000000</ele>
			</trkpt>
			<trkpt lat="49.301879" lon="18.274392">
				<ele>952.000000</ele>
			</trkpt>
			<trkpt lat="49.301890" lon="18.274221">
				<ele>952.000000</ele>
			</trkpt>
			<trkpt lat="49.301920" lon="18.274105">
				<ele>952.000000</ele>
			</trkpt>
			<trkpt lat="49.302002" lon="18.273718">
				<ele>953.000000</ele>
			</trkpt>
			<trkpt lat="49.302066" lon="18.273332">
				<ele>954.000000</ele>
			</trkpt>
			<trkpt lat="49.302113" lon="18.272927">
				<ele>955.000000</ele>
			</trkpt>
			<trkpt lat="49.302137" lon="18.272560">
				<ele>955.000000</ele>
			</trkpt>
			<trkpt lat="49.302130" lon="18.272326">
				<ele>955.000000</ele>
			</trkpt>
			<trkpt lat="49.302119" lon="18.272120">
				<ele>955.000000</ele>
			</trkpt>
			<trkpt lat="49.302078" lon="18.271940">
				<ele>955.000000</ele>
			</trkpt>
			<trkpt lat="49.302025" lon="18.271734">
				<ele>955.000000</ele>
			</trkpt>
			<trkpt lat="49.301967" lon="18.271571">
				<ele>954.000000</ele>
			</trkpt>
			<trkpt lat="49.301879" lon="18.271392">
				<ele>953.000000</ele>
			</trkpt>
			<trkpt lat="49.301539" lon="18.270745">
				<ele>950.000000</ele>
			</trkpt>
			<trkpt lat="49.301240" lon="18.270187">
				<ele>947.000000</ele>
			</trkpt>
			<trkpt lat="49.300637" lon="18.269164">
				<ele>942.000000</ele>
			</trkpt>
			<trkpt lat="49.300338" lon="18.268615">
				<ele>940.000000</ele>
			</trkpt>
			<trkpt lat="49.300151" lon="18.268239">
				<ele>940.000000</ele>
			</trkpt>
			<trkpt lat="49.299993" lon="18.267852">
				<ele>940.000000</ele>
			</trkpt>
			<trkpt lat="49.299858" lon="18.267457">
				<ele>940.000000</ele>
			</trkpt>
			<trkpt lat="49.299676" lon="18.266855">
				<ele>940.000000</ele>
			</trkpt>
			<trkpt lat="49.299535" lon="18.266388">
				<ele>940.000000</ele>
			</trkpt>
			<trkpt lat="49.299424" lon="18.265975">
				<ele>940.000000</ele>
			</trkpt>
			<trkpt lat="49.299178" lon="18.264879">
				<ele>940.000000</ele>
			</trkpt>
			<trkpt lat="49.299079" lon="18.264466">
				<ele>940.000000</ele>
			</trkpt>
			<trkpt lat="49.299026" lon="18.264088">
				<ele>940.000000</ele>
			</trkpt>
			<trkpt lat="49.298997" lon="18.263675">
				<ele>940.000000</ele>
			</trkpt>
			<trkpt lat="49.298974" lon="18.263163">
				<ele>940.000000</ele>
			</trkpt>
			<trkpt lat="49.298944" lon="18.262876">
				<ele>940.000000</ele>
			</trkpt>
			<trkpt lat="49.298908" lon="18.262606">
				<ele>941.000000</ele>
			</trkpt>
			<trkpt lat="49.298850" lon="18.262373">
				<ele>942.000000</ele>
			</trkpt>
			<trkpt lat="49.298704" lon="18.261824">
				<ele>945.000000</ele>
			</trkpt>
			<trkpt lat="49.298593" lon="18.261331">
				<ele>945.000000</ele>
			</trkpt>
			<trkpt lat="49.298499" lon="18.260818">
				<ele>945.000000</ele>
			</trkpt>
			<trkpt lat="49.298452" lon="18.260567">
				<ele>944.000000</ele>
			</trkpt>
			<trkpt lat="49.298387" lon="18.260073">
				<ele>940.000000</ele>
			</trkpt>
			<trkpt lat="49.298300" lon="18.259552">
				<ele>935.000000</ele>
			</trkpt>
			<trkpt lat="49.298259" lon="18.259373">
				<ele>933.000000</ele>
			</trkpt>
			<trkpt lat="49.298206" lon="18.259193">
				<ele>931.000000</ele>
			</trkpt>
			<trkpt lat="49.298118" lon="18.258994">
				<ele>928.000000</ele>
			</trkpt>
			<trkpt lat="49.297820" lon="18.258411">
				<ele>920.000000</ele>
			</trkpt>
			<trkpt lat="49.297702" lon="18.258195">
				<ele>918.000000</ele>
			</trkpt>
			<trkpt lat="49.297351" lon="18.257593">
				<ele>915.000000</ele>
			</trkpt>
			<trkpt lat="49.297274" lon="18.257440">
				<ele>915.000000</ele>
			</trkpt>
			<trkpt lat="49.297216" lon="18.257279">
				<ele>915.000000</ele>
			</trkpt>
			<trkpt lat="49.297157" lon="18.257126">
				<ele>915.000000</ele>
			</trkpt>
			<trkpt lat="49.297116" lon="18.256973">
				<ele>916.000000</ele>
			</trkpt>
			<trkpt lat="49.297022" lon="18.256723">
				<ele>917.000000</ele>
			</trkpt>
			<trkpt lat="49.296917" lon="18.256354">
				<ele>919.000000</ele>
			</trkpt>
			<trkpt lat="49.296841" lon="18.256057">
				<ele>921.000000</ele>
			</trkpt>
			<trkpt lat="49.296788" lon="18.255770">
				<ele>924.000000</ele>
			</trkpt>
			<trkpt lat="49.296765" lon="18.255419">
				<ele>926.000000</ele>
			</trkpt>
			<trkpt lat="49.296741" lon="18.255231">
				<ele>927.000000</ele>
			</trkpt>
			<trkpt lat="49.296718" lon="18.255060">
				<ele>929.000000</ele>
			</trkpt>
			<trkpt lat="49.296677" lon="18.254862">
				<ele>930.000000</ele>
			</trkpt>
			<trkpt lat="49.296548" lon="18.254360">
				<ele>936.000000</ele>
			</trkpt>
			<trkpt lat="49.296519" lon="18.254197">
				<ele>937.000000</ele>
			</trkpt>
			<trkpt lat="49.296495" lon="18.254000">
				<ele>939.000000</ele>
			</trkpt>
			<trkpt lat="49.296442" lon="18.253407">
				<ele>945.000000</ele>
			</trkpt>
			<trkpt lat="49.296384" lon="18.252329">
				<ele>956.000000</ele>
			</trkpt>
			<trkpt lat="49.296372" lon="18.252249">
				<ele>957.000000</ele>
			</trkpt>
			<trkpt lat="49.296354" lon="18.252023">
				<ele>959.000000</ele>
			</trkpt>
			<trkpt lat="49.296326" lon="18.251799">
				<ele>960.000000</ele>
			</trkpt>
			<trkpt lat="49.296197" lon="18.251144">
				<ele>960.000000</ele>
			</trkpt>
			<trkpt lat="49.296155" lon="18.250838">
				<ele>960.000000</ele>
			</trkpt>
			<trkpt lat="49.296120" lon="18.250650">
				<ele>959.000000</ele>
			</trkpt>
			<trkpt lat="49.296091" lon="18.250497">
				<ele>958.000000</ele>
			</trkpt>
			<trkpt lat="49.296050" lon="18.250354">
				<ele>957.000000</ele>
			</trkpt>
			<trkpt lat="49.295992" lon="18.250174">
				<ele>956.000000</ele>
			</trkpt>
			<trkpt lat="49.295880" lon="18.249912">
				<ele>953.000000</ele>
			</trkpt>
			<trkpt lat="49.295775" lon="18.249688">
				<ele>951.000000</ele>
			</trkpt>
			<trkpt lat="49.295652" lon="18.249499">
				<ele>948.000000</ele>
			</trkpt>
			<trkpt lat="49.295324" lon="18.249023">
				<ele>943.000000</ele>
			</trkpt>
			<trkpt lat="49.295212" lon="18.248844">
				<ele>941.000000</ele>
			</trkpt>
			<trkpt lat="49.295119" lon="18.248656">
				<ele>939.000000</ele>
			</trkpt>
			<trkpt lat="49.294949" lon="18.248314">
				<ele>936.000000</ele>
			</trkpt>
			<trkpt lat="49.294878" lon="18.248143">
				<ele>934.000000</ele>
			</trkpt>
			<trkpt lat="49.294832" lon="18.247972">
				<ele>933.000000</ele>
			</trkpt>
			<trkpt lat="49.294791" lon="18.247730">
				<ele>931.000000</ele>
			</trkpt>
			<trkpt lat="49.294750" lon="18.247299">
				<ele>927.000000</ele>
			</trkpt>
			<trkpt lat="49.294703" lon="18.246688">
				<ele>921.000000</ele>
			</trkpt>
			<trkpt lat="49.294673" lon="18.246400">
				<ele>920.000000</ele>
			</trkpt>
			<trkpt lat="49.294662" lon="18.246293">
				<ele>920.000000</ele>
			</trkpt>
			<trkpt lat="49.294650" lon="18.246033">
				<ele>916.000000</ele>
			</trkpt>
			<trkpt lat="49.294638" lon="18.245780">
				<ele>913.000000</ele>
			</trkpt>
			<trkpt lat="49.294662" lon="18.245412">
				<ele>914.000000</ele>
			</trkpt>
			<trkpt lat="49.294667" lon="18.245350">
				<ele>914.000000</ele>
			</trkpt>
			<trkpt lat="49.294667" lon="18.245304">
				<ele>915.000000</ele>
			</trkpt>
			<trkpt lat="49.294673" lon="18.245170">
				<ele>915.000000</ele>
			</trkpt>
			<trkpt lat="49.294673" lon="18.245161">
				<ele>920.000000</ele>
			</trkpt>
			<trkpt lat="49.294691" lon="18.244909">
				<ele>920.000000</ele>
			</trkpt>
			<trkpt lat="49.294714" lon="18.244488">
				<ele>920.000000</ele>
			</trkpt>
			<trkpt lat="49.294744" lon="18.243633">
				<ele>923.000000</ele>
			</trkpt>
			<trkpt lat="49.294750" lon="18.243472">
				<ele>923.000000</ele>
			</trkpt>
			<trkpt lat="49.294744" lon="18.243320">
				<ele>924.000000</ele>
			</trkpt>
			<trkpt lat="49.294732" lon="18.243184">
				<ele>925.000000</ele>
			</trkpt>
			<trkpt lat="49.294703" lon="18.243014">
				<ele>925.000000</ele>
			</trkpt>
			<trkpt lat="49.294673" lon="18.242790">
				<ele>925.000000</ele>
			</trkpt>
			<trkpt lat="49.294667" lon="18.242601">
				<ele>925.000000</ele>
			</trkpt>
			<trkpt lat="49.294679" lon="18.242394">
				<ele>925.000000</ele>
			</trkpt>
			<trkpt lat="49.294726" lon="18.242161">
				<ele>925.000000</ele>
			</trkpt>
			<trkpt lat="49.294755" lon="18.241999">
				<ele>925.000000</ele>
			</trkpt>
			<trkpt lat="49.294779" lon="18.241828">
				<ele>925.000000</ele>
			</trkpt>
			<trkpt lat="49.294802" lon="18.241649">
				<ele>923.000000</ele>
			</trkpt>
			<trkpt lat="49.294808" lon="18.241442">
				<ele>921.000000</ele>
			</trkpt>
			<trkpt lat="49.294832" lon="18.241163">
				<ele>920.000000</ele>
			</trkpt>
			<trkpt lat="49.294885" lon="18.240867">
				<ele>920.000000</ele>
			</trkpt>
			<trkpt lat="49.294937" lon="18.240651">
				<ele>920.000000</ele>
			</trkpt>
			<trkpt lat="49.294990" lon="18.240463">
				<ele>920.000000</ele>
			</trkpt>
			<trkpt lat="49.295119" lon="18.240067">
				<ele>920.000000</ele>
			</trkpt>
			<trkpt lat="49.295253" lon="18.239681">
				<ele>920.000000</ele>
			</trkpt>
			<trkpt lat="49.295294" lon="18.239519">
				<ele>920.000000</ele>
			</trkpt>
			<trkpt lat="49.295341" lon="18.239331">
				<ele>920.000000</ele>
			</trkpt>
			<trkpt lat="49.295365" lon="18.239232">
				<ele>920.000000</ele>
			</trkpt>
			<trkpt lat="49.295412" lon="18.239125">
				<ele>919.000000</ele>
			</trkpt>
			<trkpt lat="49.295470" lon="18.239025">
				<ele>919.000000</ele>
			</trkpt>
			<trkpt lat="49.295552" lon="18.238918">
				<ele>918.000000</ele>
			</trkpt>
			<trkpt lat="49.295617" lon="18.238809">
				<ele>918.000000</ele>
			</trkpt>
			<trkpt lat="49.295669" lon="18.238702">
				<ele>917.000000</ele>
			</trkpt>
			<trkpt lat="49.295699" lon="18.238593">
				<ele>917.000000</ele>
			</trkpt>
			<trkpt lat="49.295710" lon="18.238459">
				<ele>916.000000</ele>
			</trkpt>
			<trkpt lat="49.295705" lon="18.238280">
				<ele>916.000000</ele>
			</trkpt>
			<trkpt lat="49.295693" lon="18.238127">
				<ele>915.000000</ele>
			</trkpt>
			<trkpt lat="49.295669" lon="18.237993">
				<ele>914.000000</ele>
			</trkpt>
			<trkpt lat="49.295617" lon="18.237848">
				<ele>912.000000</ele>
			</trkpt>
			<trkpt lat="49.295552" lon="18.237678">
				<ele>910.000000</ele>
			</trkpt>
			<trkpt lat="49.295476" lon="18.237507">
				<ele>907.000000</ele>
			</trkpt>
			<trkpt lat="49.295423" lon="18.237364">
				<ele>906.000000</ele>
			</trkpt>
			<trkpt lat="49.295382" lon="18.237211">
				<ele>904.000000</ele>
			</trkpt>
			<trkpt lat="49.295347" lon="18.236995">
				<ele>901.000000</ele>
			</trkpt>
			<trkpt lat="49.295283" lon="18.236626">
				<ele>897.000000</ele>
			</trkpt>
			<trkpt lat="49.295136" lon="18.235729">
				<ele>886.000000</ele>
			</trkpt>
			<trkpt lat="49.295112" lon="18.235603">
				<ele>885.000000</ele>
			</trkpt>
			<trkpt lat="49.295072" lon="18.235477">
				<ele>885.000000</ele>
			</trkpt>
			<trkpt lat="49.294990" lon="18.235280">
				<ele>885.000000</ele>
			</trkpt>
			<trkpt lat="49.294949" lon="18.235190">
				<ele>885.000000</ele>
			</trkpt>
			<trkpt lat="49.294849" lon="18.234920">
				<ele>885.000000</ele>
			</trkpt>
			<trkpt lat="49.294796" lon="18.234767">
				<ele>885.000000</ele>
			</trkpt>
			<trkpt lat="49.294755" lon="18.234614">
				<ele>885.000000</ele>
			</trkpt>
			<trkpt lat="49.294732" lon="18.234417">
				<ele>885.000000</ele>
			</trkpt>
			<trkpt lat="49.294632" lon="18.233905">
				<ele>885.000000</ele>
			</trkpt>
			<trkpt lat="49.294504" lon="18.233402">
				<ele>886.000000</ele>
			</trkpt>
			<trkpt lat="49.294451" lon="18.233259">
				<ele>887.000000</ele>
			</trkpt>
			<trkpt lat="49.294339" lon="18.233033">
				<ele>890.000000</ele>
			</trkpt>
			<trkpt lat="49.294281" lon="18.232890">
				<ele>891.000000</ele>
			</trkpt>
			<trkpt lat="49.294239" lon="18.232746">
				<ele>892.000000</ele>
			</trkpt>
			<trkpt lat="49.294217" lon="18.232611">
				<ele>893.000000</ele>
			</trkpt>
			<trkpt lat="49.294217" lon="18.232450">
				<ele>894.000000</ele>
			</trkpt>
			<trkpt lat="49.294222" lon="18.232171">
				<ele>896.000000</ele>
			</trkpt>
			<trkpt lat="49.294245" lon="18.231982">
				<ele>897.000000</ele>
			</trkpt>
			<trkpt lat="49.294275" lon="18.231802">
				<ele>898.000000</ele>
			</trkpt>
			<trkpt lat="49.294345" lon="18.231632">
				<ele>899.000000</ele>
			</trkpt>
			<trkpt lat="49.294545" lon="18.231165">
				<ele>902.000000</ele>
			</trkpt>
			<trkpt lat="49.294603" lon="18.230985">
				<ele>904.000000</ele>
			</trkpt>
			<trkpt lat="49.294644" lon="18.230850">
				<ele>905.000000</ele>
			</trkpt>
			<trkpt lat="49.294679" lon="18.230716">
				<ele>906.000000</ele>
			</trkpt>
			<trkpt lat="49.294714" lon="18.230374">
				<ele>909.000000</ele>
			</trkpt>
			<trkpt lat="49.294744" lon="18.229988">
				<ele>910.000000</ele>
			</trkpt>
			<trkpt lat="49.294738" lon="18.229827">
				<ele>910.000000</ele>
			</trkpt>
			<trkpt lat="49.294732" lon="18.229754">
				<ele>910.000000</ele>
			</trkpt>
			<trkpt lat="49.294703" lon="18.229701">
				<ele>910.000000</ele>
			</trkpt>
			<trkpt lat="49.294620" lon="18.229450">
				<ele>909.000000</ele>
			</trkpt>
			<trkpt lat="49.294591" lon="18.229351">
				<ele>907.000000</ele>
			</trkpt>
			<trkpt lat="49.294498" lon="18.229135">
				<ele>904.000000</ele>
			</trkpt>
			<trkpt lat="49.294468" lon="18.229081">
				<ele>903.000000</ele>
			</trkpt>
			<trkpt lat="49.294457" lon="18.229009">
				<ele>903.000000</ele>
			</trkpt>
			<trkpt lat="49.294416" lon="18.228722">
				<ele>900.000000</ele>
			</trkpt>
			<trkpt lat="49.294345" lon="18.228398">
				<ele>896.000000</ele>
			</trkpt>
			<trkpt lat="49.294316" lon="18.228246">
				<ele>895.000000</ele>
			</trkpt>
			<trkpt lat="49.294298" lon="18.228093">
				<ele>893.000000</ele>
			</trkpt>
			<trkpt lat="49.294292" lon="18.227949">
				<ele>892.000000</ele>
			</trkpt>
			<trkpt lat="49.294310" lon="18.227787">
				<ele>890.000000</ele>
			</trkpt>
			<trkpt lat="49.294345" lon="18.227446">
				<ele>887.000000</ele>
			</trkpt>
			<trkpt lat="49.294386" lon="18.227158">
				<ele>884.000000</ele>
			</trkpt>
			<trkpt lat="49.294445" lon="18.226844">
				<ele>882.000000</ele>
			</trkpt>
			<trkpt lat="49.294545" lon="18.226412">
				<ele>879.000000</ele>
			</trkpt>
			<trkpt lat="49.294603" lon="18.226224">
				<ele>878.000000</ele>
			</trkpt>
			<trkpt lat="49.294662" lon="18.226062">
				<ele>877.000000</ele>
			</trkpt>
			<trkpt lat="49.294708" lon="18.225955">
				<ele>876.000000</ele>
			</trkpt>
			<trkpt lat="49.294885" lon="18.225506">
				<ele>875.000000</ele>
			</trkpt>
			<trkpt lat="49.294996" lon="18.225192">
				<ele>875.000000</ele>
			</trkpt>
			<trkpt lat="49.295089" lon="18.224859">
				<ele>875.000000</ele>
			</trkpt>
			<trkpt lat="49.295177" lon="18.224490">
				<ele>875.000000</ele>
			</trkpt>
			<trkpt lat="49.295253" lon="18.223915">
				<ele>875.000000</ele>
			</trkpt>
			<trkpt lat="49.295312" lon="18.223672">
				<ele>875.000000</ele>
			</trkpt>
			<trkpt lat="49.295324" lon="18.223548">
				<ele>875.000000</ele>
			</trkpt>
			<trkpt lat="49.295365" lon="18.223116">
				<ele>875.000000</ele>
			</trkpt>
			<trkpt lat="49.295406" lon="18.222739">
				<ele>875.000000</ele>
			</trkpt>
			<trkpt lat="49.295435" lon="18.222496">
				<ele>875.000000</ele>
			</trkpt>
			<trkpt lat="49.295452" lon="18.222334">
				<ele>875.000000</ele>
			</trkpt>
			<trkpt lat="49.295446" lon="18.222164">
				<ele>874.000000</ele>
			</trkpt>
			<trkpt lat="49.295435" lon="18.222003">
				<ele>874.000000</ele>
			</trkpt>
			<trkpt lat="49.295418" lon="18.221930">
				<ele>874.000000</ele>
			</trkpt>
			<trkpt lat="49.295382" lon="18.221796">
				<ele>873.000000</ele>
			</trkpt>
			<trkpt lat="49.295318" lon="18.221661">
				<ele>873.000000</ele>
			</trkpt>
			<trkpt lat="49.295007" lon="18.221167">
				<ele>872.000000</ele>
			</trkpt>
			<trkpt lat="49.294755" lon="18.220798">
				<ele>871.000000</ele>
			</trkpt>
			<trkpt lat="49.294573" lon="18.220485">
				<ele>869.000000</ele>
			</trkpt>
			<trkpt lat="49.294521" lon="18.220412">
				<ele>868.000000</ele>
			</trkpt>
			<trkpt lat="49.294462" lon="18.220358">
				<ele>868.000000</ele>
			</trkpt>
			<trkpt lat="49.294380" lon="18.220286">
				<ele>867.000000</ele>
			</trkpt>
			<trkpt lat="49.294316" lon="18.220196">
				<ele>866.000000</ele>
			</trkpt>
			<trkpt lat="49.294252" lon="18.220106">
				<ele>865.000000</ele>
			</trkpt>
			<trkpt lat="49.294211" lon="18.220026">
				<ele>865.000000</ele>
			</trkpt>
			<trkpt lat="49.294029" lon="18.219666">
				<ele>862.000000</ele>
			</trkpt>
			<trkpt lat="49.293941" lon="18.219460">
				<ele>861.000000</ele>
			</trkpt>
			<trkpt lat="49.293724" lon="18.218957">
				<ele>859.000000</ele>
			</trkpt>
			<trkpt lat="49.293584" lon="18.218598">
				<ele>857.000000</ele>
			</trkpt>
			<trkpt lat="49.293466" lon="18.218282">
				<ele>856.000000</ele>
			</trkpt>
			<trkpt lat="49.293384" lon="18.217986">
				<ele>855.000000</ele>
			</trkpt>
			<trkpt lat="49.293338" lon="18.217708">
				<ele>854.000000</ele>
			</trkpt>
			<trkpt lat="49.293325" lon="18.217546">
				<ele>853.000000</ele>
			</trkpt>
			<trkpt lat="49.293320" lon="18.217403">
				<ele>853.000000</ele>
			</trkpt>
			<trkpt lat="49.293285" lon="18.216666">
				<ele>850.000000</ele>
			</trkpt>
			<trkpt lat="49.293297" lon="18.216343">
				<ele>850.000000</ele>
			</trkpt>
			<trkpt lat="49.293308" lon="18.216181">
				<ele>850.000000</ele>
			</trkpt>
			<trkpt lat="49.293332" lon="18.216001">
				<ele>850.000000</ele>
			</trkpt>
			<trkpt lat="49.293372" lon="18.215831">
				<ele>850.000000</ele>
			</trkpt>
			<trkpt lat="49.293425" lon="18.215642">
				<ele>850.000000</ele>
			</trkpt>
			<trkpt lat="49.293678" lon="18.214843">
				<ele>851.000000</ele>
			</trkpt>
			<trkpt lat="49.293800" lon="18.214456">
				<ele>853.000000</ele>
			</trkpt>
			<trkpt lat="49.293830" lon="18.214322">
				<ele>854.000000</ele>
			</trkpt>
			<trkpt lat="49.293853" lon="18.214204">
				<ele>854.000000</ele>
			</trkpt>
			<trkpt lat="49.293865" lon="18.214097">
				<ele>854.000000</ele>
			</trkpt>
			<trkpt lat="49.293847" lon="18.213990">
				<ele>855.000000</ele>
			</trkpt>
			<trkpt lat="49.293806" lon="18.213630">
				<ele>855.000000</ele>
			</trkpt>
			<trkpt lat="49.293736" lon="18.213235">
				<ele>853.000000</ele>
			</trkpt>
			<trkpt lat="49.293637" lon="18.212821">
				<ele>850.000000</ele>
			</trkpt>
			<trkpt lat="49.293490" lon="18.212246">
				<ele>847.000000</ele>
			</trkpt>
			<trkpt lat="49.293408" lon="18.212003">
				<ele>846.000000</ele>
			</trkpt>
			<trkpt lat="49.293325" lon="18.211824">
				<ele>845.000000</ele>
			</trkpt>
			<trkpt lat="49.293209" lon="18.211653">
				<ele>845.000000</ele>
			</trkpt>
			<trkpt lat="49.293115" lon="18.211492">
				<ele>845.000000</ele>
			</trkpt>
			<trkpt lat="49.293051" lon="18.211321">
				<ele>845.000000</ele>
			</trkpt>
			<trkpt lat="49.292992" lon="18.211114">
				<ele>846.000000</ele>
			</trkpt>
			<trkpt lat="49.292910" lon="18.210774">
				<ele>846.000000</ele>
			</trkpt>
			<trkpt lat="49.292828" lon="18.210495">
				<ele>847.000000</ele>
			</trkpt>
			<trkpt lat="49.292564" lon="18.209740">
				<ele>848.000000</ele>
			</trkpt>
			<trkpt lat="49.292511" lon="18.209579">
				<ele>848.000000</ele>
			</trkpt>
			<trkpt lat="49.292471" lon="18.209416">
				<ele>849.000000</ele>
			</trkpt>
			<trkpt lat="49.292464" lon="18.209336">
				<ele>849.000000</ele>
			</trkpt>
			<trkpt lat="49.292464" lon="18.209336">
				<ele>849.000000</ele>
			</trkpt>
			<trkpt lat="49.292453" lon="18.209237">
				<ele>849.000000</ele>
			</trkpt>
			<trkpt lat="49.292412" lon="18.208914">
				<ele>850.000000</ele>
			</trkpt>
			<trkpt lat="49.292377" lon="18.208546">
				<ele>851.000000</ele>
			</trkpt>
			<trkpt lat="49.292383" lon="18.208187">
				<ele>852.000000</ele>
			</trkpt>
			<trkpt lat="49.292400" lon="18.207818">
				<ele>854.000000</ele>
			</trkpt>
			<trkpt lat="49.292458" lon="18.207324">
				<ele>856.000000</ele>
			</trkpt>
			<trkpt lat="49.292494" lon="18.207063">
				<ele>858.000000</ele>
			</trkpt>
			<trkpt lat="49.292511" lon="18.206955">
				<ele>858.000000</ele>
			</trkpt>
			<trkpt lat="49.292541" lon="18.206848">
				<ele>859.000000</ele>
			</trkpt>
			<trkpt lat="49.292593" lon="18.206740">
				<ele>860.000000</ele>
			</trkpt>
			<trkpt lat="49.293015" lon="18.206040">
				<ele>863.000000</ele>
			</trkpt>
			<trkpt lat="49.293080" lon="18.205923">
				<ele>864.000000</ele>
			</trkpt>
			<trkpt lat="49.293121" lon="18.205814">
				<ele>864.000000</ele>
			</trkpt>
			<trkpt lat="49.293150" lon="18.205716">
				<ele>864.000000</ele>
			</trkpt>
			<trkpt lat="49.293179" lon="18.205608">
				<ele>865.000000</ele>
			</trkpt>
			<trkpt lat="49.293203" lon="18.205474">
				<ele>865.000000</ele>
			</trkpt>
			<trkpt lat="49.293244" lon="18.205338">
				<ele>865.000000</ele>
			</trkpt>
			<trkpt lat="49.293391" lon="18.204925">
				<ele>863.000000</ele>
			</trkpt>
			<trkpt lat="49.293449" lon="18.204674">
				<ele>862.000000</ele>
			</trkpt>
			<trkpt lat="49.293472" lon="18.204556">
				<ele>862.000000</ele>
			</trkpt>
			<trkpt lat="49.293484" lon="18.204458">
				<ele>862.000000</ele>
			</trkpt>
			<trkpt lat="49.293484" lon="18.204332">
				<ele>862.000000</ele>
			</trkpt>
			<trkpt lat="49.293478" lon="18.204225">
				<ele>861.000000</ele>
			</trkpt>
			<trkpt lat="49.293449" lon="18.204000">
				<ele>861.000000</ele>
			</trkpt>
			<trkpt lat="49.293361" lon="18.203569">
				<ele>857.000000</ele>
			</trkpt>
			<trkpt lat="49.293232" lon="18.202751">
				<ele>849.000000</ele>
			</trkpt>
			<trkpt lat="49.293179" lon="18.202455">
				<ele>848.000000</ele>
			</trkpt>
			<trkpt lat="49.293103" lon="18.202221">
				<ele>847.000000</ele>
			</trkpt>
			<trkpt lat="49.293021" lon="18.201969">
				<ele>846.000000</ele>
			</trkpt>
			<trkpt lat="49.292863" lon="18.201583">
				<ele>844.000000</ele>
			</trkpt>
			<trkpt lat="49.292734" lon="18.201287">
				<ele>842.000000</ele>
			</trkpt>
			<trkpt lat="49.292699" lon="18.201179">
				<ele>842.000000</ele>
			</trkpt>
			<trkpt lat="49.292676" lon="18.201053">
				<ele>842.000000</ele>
			</trkpt>
			<trkpt lat="49.292646" lon="18.200910">
				<ele>841.000000</ele>
			</trkpt>
			<trkpt lat="49.292593" lon="18.200811">
				<ele>840.000000</ele>
			</trkpt>
			<trkpt lat="49.292535" lon="18.200739">
				<ele>840.000000</ele>
			</trkpt>
			<trkpt lat="49.292453" lon="18.200676">
				<ele>839.000000</ele>
			</trkpt>
			<trkpt lat="49.292125" lon="18.200506">
				<ele>836.000000</ele>
			</trkpt>
			<trkpt lat="49.291720" lon="18.200245">
				<ele>836.000000</ele>
			</trkpt>
			<trkpt lat="49.291469" lon="18.200137">
				<ele>836.000000</ele>
			</trkpt>
			<trkpt lat="49.291322" lon="18.200057">
				<ele>837.000000</ele>
			</trkpt>
			<trkpt lat="49.291187" lon="18.199940">
				<ele>837.000000</ele>
			</trkpt>
			<trkpt lat="49.291047" lon="18.199787">
				<ele>837.000000</ele>
			</trkpt>
			<trkpt lat="49.290760" lon="18.199409">
				<ele>838.000000</ele>
			</trkpt>
			<trkpt lat="49.290613" lon="18.199221">
				<ele>839.000000</ele>
			</trkpt>
			<trkpt lat="49.290519" lon="18.199077">
				<ele>839.000000</ele>
			</trkpt>
			<trkpt lat="49.290431" lon="18.198925">
				<ele>839.000000</ele>
			</trkpt>
			<trkpt lat="49.290337" lon="18.198700">
				<ele>840.000000</ele>
			</trkpt>
			<trkpt lat="49.290232" lon="18.198439">
				<ele>841.000000</ele>
			</trkpt>
			<trkpt lat="49.290121" lon="18.198233">
				<ele>842.000000</ele>
			</trkpt>
			<trkpt lat="49.289992" lon="18.198026">
				<ele>844.000000</ele>
			</trkpt>
			<trkpt lat="49.289840" lon="18.197837">
				<ele>846.000000</ele>
			</trkpt>
			<trkpt lat="49.289711" lon="18.197667">
				<ele>849.000000</ele>
			</trkpt>
			<trkpt lat="49.289635" lon="18.197524">
				<ele>850.000000</ele>
			</trkpt>
			<trkpt lat="49.289582" lon="18.197397">
				<ele>850.000000</ele>
			</trkpt>
			<trkpt lat="49.289570" lon="18.197271">
				<ele>850.000000</ele>
			</trkpt>
			<trkpt lat="49.289588" lon="18.197055">
				<ele>850.000000</ele>
			</trkpt>
			<trkpt lat="49.289734" lon="18.195197">
				<ele>852.000000</ele>
			</trkpt>
			<trkpt lat="49.289816" lon="18.194208">
				<ele>856.000000</ele>
			</trkpt>
			<trkpt lat="49.289945" lon="18.192744">
				<ele>866.000000</ele>
			</trkpt>
			<trkpt lat="49.290010" lon="18.192223">
				<ele>870.000000</ele>
			</trkpt>
			<trkpt lat="49.290010" lon="18.192115">
				<ele>870.000000</ele>
			</trkpt>
			<trkpt lat="49.290004" lon="18.192017">
				<ele>870.000000</ele>
			</trkpt>
			<trkpt lat="49.289980" lon="18.191891">
				<ele>870.000000</ele>
			</trkpt>
			<trkpt lat="49.289945" lon="18.191782">
				<ele>869.000000</ele>
			</trkpt>
			<trkpt lat="49.289869" lon="18.191621">
				<ele>869.000000</ele>
			</trkpt>
			<trkpt lat="49.289776" lon="18.191442">
				<ele>869.000000</ele>
			</trkpt>
			<trkpt lat="49.288644" lon="18.189402">
				<ele>866.000000</ele>
			</trkpt>
			<trkpt lat="49.288463" lon="18.189071">
				<ele>866.000000</ele>
			</trkpt>
			<trkpt lat="49.288117" lon="18.188379">
				<ele>865.000000</ele>
			</trkpt>
			<trkpt lat="49.287842" lon="18.187893">
				<ele>864.000000</ele>
			</trkpt>
			<trkpt lat="49.287672" lon="18.187560">
				<ele>863.000000</ele>
			</trkpt>
			<trkpt lat="49.287525" lon="18.187255">
				<ele>863.000000</ele>
			</trkpt>
			<trkpt lat="49.287437" lon="18.186941">
				<ele>863.000000</ele>
			</trkpt>
			<trkpt lat="49.287396" lon="18.186788">
				<ele>862.000000</ele>
			</trkpt>
			<trkpt lat="49.287373" lon="18.186654">
				<ele>862.000000</ele>
			</trkpt>
			<trkpt lat="49.287115" lon="18.184821">
				<ele>860.000000</ele>
			</trkpt>
			<trkpt lat="49.286998" lon="18.183985">
				<ele>865.000000</ele>
			</trkpt>
			<trkpt lat="49.286863" lon="18.184111">
				<ele>863.000000</ele>
			</trkpt>
			<trkpt lat="49.286758" lon="18.184201">
				<ele>861.000000</ele>
			</trkpt>
			<trkpt lat="49.286635" lon="18.184291">
				<ele>859.000000</ele>
			</trkpt>
			<trkpt lat="49.286535" lon="18.184336">
				<ele>858.000000</ele>
			</trkpt>
			<trkpt lat="49.286423" lon="18.184390">
				<ele>856.000000</ele>
			</trkpt>
			<trkpt lat="49.286307" lon="18.184408">
				<ele>854.000000</ele>
			</trkpt>
			<trkpt lat="49.286189" lon="18.184417">
				<ele>852.000000</ele>
			</trkpt>
			<trkpt lat="49.286031" lon="18.184408">
				<ele>850.000000</ele>
			</trkpt>
			<trkpt lat="49.285592" lon="18.184371">
				<ele>843.000000</ele>
			</trkpt>
			<trkpt lat="49.285445" lon="18.184381">
				<ele>841.000000</ele>
			</trkpt>
			<trkpt lat="49.285299" lon="18.184398">
				<ele>838.000000</ele>
			</trkpt>
			<trkpt lat="49.285164" lon="18.184434">
				<ele>836.000000</ele>
			</trkpt>
			<trkpt lat="49.285011" lon="18.184480">
				<ele>834.000000</ele>
			</trkpt>
			<trkpt lat="49.284859" lon="18.184551">
				<ele>831.000000</ele>
			</trkpt>
			<trkpt lat="49.284719" lon="18.184623">
				<ele>829.000000</ele>
			</trkpt>
			<trkpt lat="49.284191" lon="18.184902">
				<ele>820.000000</ele>
			</trkpt>
			<trkpt lat="49.283769" lon="18.185109">
				<ele>814.000000</ele>
			</trkpt>
			<trkpt lat="49.283342" lon="18.185279">
				<ele>807.000000</ele>
			</trkpt>
			<trkpt lat="49.282762" lon="18.185486">
				<ele>798.000000</ele>
			</trkpt>
			<trkpt lat="49.282498" lon="18.185576">
				<ele>793.000000</ele>
			</trkpt>
			<trkpt lat="49.282088" lon="18.185782">
				<ele>787.000000</ele>
			</trkpt>
			<trkpt lat="49.281912" lon="18.185845">
				<ele>784.000000</ele>
			</trkpt>
			<trkpt lat="49.281759" lon="18.185889">
				<ele>782.000000</ele>
			</trkpt>
			<trkpt lat="49.281624" lon="18.185908">
				<ele>779.000000</ele>
			</trkpt>
			<trkpt lat="49.281256" lon="18.185926">
				<ele>774.000000</ele>
			</trkpt>
			<trkpt lat="49.281243" lon="18.185926">
				<ele>774.000000</ele>
			</trkpt>
			<trkpt lat="49.281127" lon="18.185944">
				<ele>772.000000</ele>
			</trkpt>
			<trkpt lat="49.280839" lon="18.186006">
				<ele>767.000000</ele>
			</trkpt>
			<trkpt lat="49.280751" lon="18.186015">
				<ele>766.000000</ele>
			</trkpt>
			<trkpt lat="49.280640" lon="18.186006">
				<ele>764.000000</ele>
			</trkpt>
			<trkpt lat="49.280505" lon="18.185971">
				<ele>762.000000</ele>
			</trkpt>
			<trkpt lat="49.280429" lon="18.185944">
				<ele>761.000000</ele>
			</trkpt>
			<trkpt lat="49.280364" lon="18.185899">
				<ele>760.000000</ele>
			</trkpt>
			<trkpt lat="49.280295" lon="18.185818">
				<ele>758.000000</ele>
			</trkpt>
			<trkpt lat="49.279949" lon="18.185289">
				<ele>751.000000</ele>
			</trkpt>
			<trkpt lat="49.279761" lon="18.185027">
				<ele>747.000000</ele>
			</trkpt>
			<trkpt lat="49.279562" lon="18.184794">
				<ele>743.000000</ele>
			</trkpt>
			<trkpt lat="49.279456" lon="18.184713">
				<ele>741.000000</ele>
			</trkpt>
			<trkpt lat="49.279380" lon="18.184660">
				<ele>740.000000</ele>
			</trkpt>
			<trkpt lat="49.279328" lon="18.184650">
				<ele>739.000000</ele>
			</trkpt>
			<trkpt lat="49.279269" lon="18.184633">
				<ele>738.000000</ele>
			</trkpt>
			<trkpt lat="49.279193" lon="18.184623">
				<ele>737.000000</ele>
			</trkpt>
			<trkpt lat="49.278390" lon="18.184694">
				<ele>725.000000</ele>
			</trkpt>
			<trkpt lat="49.278103" lon="18.184686">
				<ele>722.000000</ele>
			</trkpt>
			<trkpt lat="49.277775" lon="18.184668">
				<ele>719.000000</ele>
			</trkpt>
			<trkpt lat="49.277440" lon="18.184597">
				<ele>716.000000</ele>
			</trkpt>
			<trkpt lat="49.276965" lon="18.184534">
				<ele>711.000000</ele>
			</trkpt>
			<trkpt lat="49.276849" lon="18.184488">
				<ele>710.000000</ele>
			</trkpt>
			<trkpt lat="49.276719" lon="18.184408">
				<ele>708.000000</ele>
			</trkpt>
			<trkpt lat="49.276550" lon="18.184300">
				<ele>706.000000</ele>
			</trkpt>
			<trkpt lat="49.276415" lon="18.184237">
				<ele>705.000000</ele>
			</trkpt>
			<trkpt lat="49.276274" lon="18.184184">
				<ele>708.000000</ele>
			</trkpt>
			<trkpt lat="49.276151" lon="18.184157">
				<ele>711.000000</ele>
			</trkpt>
			<trkpt lat="49.276017" lon="18.184147">
				<ele>713.000000</ele>
			</trkpt>
			<trkpt lat="49.275887" lon="18.184138">
				<ele>715.000000</ele>
			</trkpt>
			<trkpt lat="49.275746" lon="18.184165">
				<ele>717.000000</ele>
			</trkpt>
			<trkpt lat="49.275571" lon="18.184210">
				<ele>719.000000</ele>
			</trkpt>
			<trkpt lat="49.275143" lon="18.184336">
				<ele>724.000000</ele>
			</trkpt>
			<trkpt lat="49.274809" lon="18.184434">
				<ele>727.000000</ele>
			</trkpt>
			<trkpt lat="49.274639" lon="18.184497">
				<ele>729.000000</ele>
			</trkpt>
			<trkpt lat="49.274211" lon="18.184551">
				<ele>740.000000</ele>
			</trkpt>
			<trkpt lat="49.273472" lon="18.184641">
				<ele>758.000000</ele>
			</trkpt>
			<trkpt lat="49.273244" lon="18.184677">
				<ele>764.000000</ele>
			</trkpt>
			<trkpt lat="49.272939" lon="18.184740">
				<ele>772.000000</ele>
			</trkpt>
			<trkpt lat="49.272670" lon="18.184776">
				<ele>779.000000</ele>
			</trkpt>
			<trkpt lat="49.272418" lon="18.184803">
				<ele>785.000000</ele>
			</trkpt>
			<trkpt lat="49.272107" lon="18.184830">
				<ele>793.000000</ele>
			</trkpt>
			<trkpt lat="49.271638" lon="18.184821">
				<ele>810.000000</ele>
			</trkpt>
			<trkpt lat="49.271040" lon="18.184803">
				<ele>820.000000</ele>
			</trkpt>
			<trkpt lat="49.270876" lon="18.184784">
				<ele>820.000000</ele>
			</trkpt>
			<trkpt lat="49.270776" lon="18.184784">
				<ele>820.000000</ele>
			</trkpt>
			<trkpt lat="49.270688" lon="18.184749">
				<ele>820.000000</ele>
			</trkpt>
			<trkpt lat="49.270583" lon="18.184704">
				<ele>820.000000</ele>
			</trkpt>
			<trkpt lat="49.270096" lon="18.184426">
				<ele>822.000000</ele>
			</trkpt>
			<trkpt lat="49.269903" lon="18.184308">
				<ele>823.000000</ele>
			</trkpt>
			<trkpt lat="49.269745" lon="18.184192">
				<ele>824.000000</ele>
			</trkpt>
			<trkpt lat="49.269593" lon="18.184057">
				<ele>824.000000</ele>
			</trkpt>
			<trkpt lat="49.269416" lon="18.183868">
				<ele>825.000000</ele>
			</trkpt>
			<trkpt lat="49.269253" lon="18.183662">
				<ele>826.000000</ele>
			</trkpt>
			<trkpt lat="49.269123" lon="18.183465">
				<ele>827.000000</ele>
			</trkpt>
			<trkpt lat="49.268954" lon="18.183195">
				<ele>828.000000</ele>
			</trkpt>
			<trkpt lat="49.268889" lon="18.183069">
				<ele>828.000000</ele>
			</trkpt>
			<trkpt lat="49.268842" lon="18.182935">
				<ele>829.000000</ele>
			</trkpt>
			<trkpt lat="49.268748" lon="18.182673">
				<ele>830.000000</ele>
			</trkpt>
			<trkpt lat="49.268678" lon="18.182404">
				<ele>830.000000</ele>
			</trkpt>
			<trkpt lat="49.268620" lon="18.182117">
				<ele>831.000000</ele>
			</trkpt>
			<trkpt lat="49.268555" lon="18.181658">
				<ele>833.000000</ele>
			</trkpt>
			<trkpt lat="49.268443" lon="18.180976">
				<ele>835.000000</ele>
			</trkpt>
			<trkpt lat="49.268385" lon="18.180616">
				<ele>836.000000</ele>
			</trkpt>
			<trkpt lat="49.268321" lon="18.180266">
				<ele>837.000000</ele>
			</trkpt>
			<trkpt lat="49.268238" lon="18.179907">
				<ele>838.000000</ele>
			</trkpt>
			<trkpt lat="49.268150" lon="18.179539">
				<ele>839.000000</ele>
			</trkpt>
			<trkpt lat="49.268103" lon="18.179333">
				<ele>839.000000</ele>
			</trkpt>
			<trkpt lat="49.268056" lon="18.179180">
				<ele>840.000000</ele>
			</trkpt>
			<trkpt lat="49.268009" lon="18.179054">
				<ele>840.000000</ele>
			</trkpt>
			<trkpt lat="49.267963" lon="18.178947">
				<ele>841.000000</ele>
			</trkpt>
			<trkpt lat="49.267893" lon="18.178838">
				<ele>841.000000</ele>
			</trkpt>
			<trkpt lat="49.267834" lon="18.178767">
				<ele>841.000000</ele>
			</trkpt>
			<trkpt lat="49.267752" lon="18.178685">
				<ele>842.000000</ele>
			</trkpt>
			<trkpt lat="49.267435" lon="18.178407">
				<ele>843.000000</ele>
			</trkpt>
			<trkpt lat="49.267113" lon="18.178138">
				<ele>845.000000</ele>
			</trkpt>
			<trkpt lat="49.266972" lon="18.178029">
				<ele>846.000000</ele>
			</trkpt>
			<trkpt lat="49.266843" lon="18.177958">
				<ele>846.000000</ele>
			</trkpt>
			<trkpt lat="49.266720" lon="18.177904">
				<ele>847.000000</ele>
			</trkpt>
			<trkpt lat="49.266597" lon="18.177859">
				<ele>847.000000</ele>
			</trkpt>
			<trkpt lat="49.266456" lon="18.177823">
				<ele>848.000000</ele>
			</trkpt>
			<trkpt lat="49.266339" lon="18.177815">
				<ele>848.000000</ele>
			</trkpt>
			<trkpt lat="49.266123" lon="18.177796">
				<ele>849.000000</ele>
			</trkpt>
			<trkpt lat="49.266034" lon="18.177778">
				<ele>850.000000</ele>
			</trkpt>
			<trkpt lat="49.265982" lon="18.177733">
				<ele>850.000000</ele>
			</trkpt>
			<trkpt lat="49.265935" lon="18.177689">
				<ele>850.000000</ele>
			</trkpt>
			<trkpt lat="49.265829" lon="18.177545">
				<ele>851.000000</ele>
			</trkpt>
			<trkpt lat="49.265764" lon="18.177436">
				<ele>852.000000</ele>
			</trkpt>
			<trkpt lat="49.265677" lon="18.177329">
				<ele>852.000000</ele>
			</trkpt>
			<trkpt lat="49.265343" lon="18.176997">
				<ele>854.000000</ele>
			</trkpt>
			<trkpt lat="49.265255" lon="18.176880">
				<ele>855.000000</ele>
			</trkpt>
			<trkpt lat="49.265196" lon="18.176727">
				<ele>856.000000</ele>
			</trkpt>
			<trkpt lat="49.265131" lon="18.176530">
				<ele>856.000000</ele>
			</trkpt>
			<trkpt lat="49.265084" lon="18.176260">
				<ele>858.000000</ele>
			</trkpt>
			<trkpt lat="49.264967" lon="18.175523">
				<ele>860.000000</ele>
			</trkpt>
			<trkpt lat="49.264809" lon="18.174220">
				<ele>865.000000</ele>
			</trkpt>
			<trkpt lat="49.264774" lon="18.174014">
				<ele>866.000000</ele>
			</trkpt>
			<trkpt lat="49.264738" lon="18.173853">
				<ele>867.000000</ele>
			</trkpt>
			<trkpt lat="49.264680" lon="18.173691">
				<ele>867.000000</ele>
			</trkpt>
			<trkpt lat="49.264622" lon="18.173538">
				<ele>868.000000</ele>
			</trkpt>
			<trkpt lat="49.264135" lon="18.172586">
				<ele>872.000000</ele>
			</trkpt>
			<trkpt lat="49.263895" lon="18.172352">
				<ele>874.000000</ele>
			</trkpt>
			<trkpt lat="49.263701" lon="18.172146">
				<ele>875.000000</ele>
			</trkpt>
			<trkpt lat="49.263684" lon="18.172146">
				<ele>826.000000</ele>
			</trkpt>
			<trkpt lat="49.263461" lon="18.172541">
				<ele>823.000000</ele>
			</trkpt>
			<trkpt lat="49.263297" lon="18.172559">
				<ele>822.000000</ele>
			</trkpt>
			<trkpt lat="49.262833" lon="18.172460">
				<ele>827.000000</ele>
			</trkpt>
			<trkpt lat="49.262500" lon="18.171633">
				<ele>830.000000</ele>
			</trkpt>
			<trkpt lat="49.261907" lon="18.169792">
				<ele>830.000000</ele>
			</trkpt>
			<trkpt lat="49.261685" lon="18.168857">
				<ele>831.000000</ele>
			</trkpt>
			<trkpt lat="49.260893" lon="18.165247">
				<ele>876.000000</ele>
			</trkpt>
			<trkpt lat="49.260582" lon="18.164330">
				<ele>889.000000</ele>
			</trkpt>
			<trkpt lat="49.260594" lon="18.164303">
				<ele>889.000000</ele>
			</trkpt>
			<trkpt lat="49.260635" lon="18.164177">
				<ele>892.000000</ele>
			</trkpt>
			<trkpt lat="49.260770" lon="18.164070">
				<ele>899.000000</ele>
			</trkpt>
			<trkpt lat="49.260764" lon="18.163683">
				<ele>910.000000</ele>
			</trkpt>
			<trkpt lat="49.260694" lon="18.163486">
				<ele>914.000000</ele>
			</trkpt>
			<trkpt lat="49.260764" lon="18.163207">
				<ele>919.000000</ele>
			</trkpt>
			<trkpt lat="49.260828" lon="18.163001">
				<ele>920.000000</ele>
			</trkpt>
			<trkpt lat="49.260822" lon="18.162928">
				<ele>920.000000</ele>
			</trkpt>
			<trkpt lat="49.260858" lon="18.162957">
				<ele>919.000000</ele>
			</trkpt>
			<trkpt lat="49.260922" lon="18.162417">
				<ele>914.000000</ele>
			</trkpt>
			<trkpt lat="49.260993" lon="18.161995">
				<ele>904.000000</ele>
			</trkpt>
			<trkpt lat="49.261098" lon="18.161573">
				<ele>895.000000</ele>
			</trkpt>
			<trkpt lat="49.261245" lon="18.161033">
				<ele>890.000000</ele>
			</trkpt>
			<trkpt lat="49.261602" lon="18.159821">
				<ele>881.000000</ele>
			</trkpt>
			<trkpt lat="49.261790" lon="18.159236">
				<ele>877.000000</ele>
			</trkpt>
			<trkpt lat="49.261984" lon="18.158699">
				<ele>871.000000</ele>
			</trkpt>
			<trkpt lat="49.262235" lon="18.158114">
				<ele>863.000000</ele>
			</trkpt>
			<trkpt lat="49.262294" lon="18.157953">
				<ele>862.000000</ele>
			</trkpt>
			<trkpt lat="49.262335" lon="18.157791">
				<ele>861.000000</ele>
			</trkpt>
			<trkpt lat="49.262365" lon="18.157638">
				<ele>860.000000</ele>
			</trkpt>
			<trkpt lat="49.262371" lon="18.157477">
				<ele>859.000000</ele>
			</trkpt>
			<trkpt lat="49.262365" lon="18.157324">
				<ele>857.000000</ele>
			</trkpt>
			<trkpt lat="49.262341" lon="18.157125">
				<ele>856.000000</ele>
			</trkpt>
			<trkpt lat="49.262294" lon="18.156946">
				<ele>854.000000</ele>
			</trkpt>
			<trkpt lat="49.262247" lon="18.156739">
				<ele>851.000000</ele>
			</trkpt>
			<trkpt lat="49.261954" lon="18.155814">
				<ele>841.000000</ele>
			</trkpt>
			<trkpt lat="49.261632" lon="18.154871">
				<ele>832.000000</ele>
			</trkpt>
			<trkpt lat="49.261221" lon="18.153676">
				<ele>823.000000</ele>
			</trkpt>
			<trkpt lat="49.260922" lon="18.152760">
				<ele>817.000000</ele>
			</trkpt>
			<trkpt lat="49.260881" lon="18.152607">
				<ele>816.000000</ele>
			</trkpt>
			<trkpt lat="49.260841" lon="18.152445">
				<ele>815.000000</ele>
			</trkpt>
			<trkpt lat="49.260822" lon="18.152275">
				<ele>814.000000</ele>
			</trkpt>
			<trkpt lat="49.260805" lon="18.152122">
				<ele>813.000000</ele>
			</trkpt>
			<trkpt lat="49.260805" lon="18.151907">
				<ele>810.000000</ele>
			</trkpt>
			<trkpt lat="49.260817" lon="18.151672">
				<ele>807.000000</ele>
			</trkpt>
			<trkpt lat="49.260911" lon="18.150856">
				<ele>797.000000</ele>
			</trkpt>
			<trkpt lat="49.261010" lon="18.150209">
				<ele>794.000000</ele>
			</trkpt>
			<trkpt lat="49.261034" lon="18.149948">
				<ele>793.000000</ele>
			</trkpt>
			<trkpt lat="49.261075" lon="18.149544">
				<ele>792.000000</ele>
			</trkpt>
			<trkpt lat="49.261093" lon="18.149158">
				<ele>790.000000</ele>
			</trkpt>
			<trkpt lat="49.261093" lon="18.148816">
				<ele>791.000000</ele>
			</trkpt>
			<trkpt lat="49.261069" lon="18.148403">
				<ele>792.000000</ele>
			</trkpt>
			<trkpt lat="49.261040" lon="18.148080">
				<ele>793.000000</ele>
			</trkpt>
			<trkpt lat="49.260981" lon="18.147693">
				<ele>795.000000</ele>
			</trkpt>
			<trkpt lat="49.260741" lon="18.146275">
				<ele>811.000000</ele>
			</trkpt>
			<trkpt lat="49.260653" lon="18.145627">
				<ele>819.000000</ele>
			</trkpt>
			<trkpt lat="49.260471" lon="18.144351">
				<ele>841.000000</ele>
			</trkpt>
			<trkpt lat="49.260395" lon="18.143822">
				<ele>848.000000</ele>
			</trkpt>
			<trkpt lat="49.260283" lon="18.143246">
				<ele>852.000000</ele>
			</trkpt>
			<trkpt lat="49.260242" lon="18.143085">
				<ele>853.000000</ele>
			</trkpt>
			<trkpt lat="49.260219" lon="18.142996">
				<ele>854.000000</ele>
			</trkpt>
			<trkpt lat="49.260178" lon="18.142896">
				<ele>855.000000</ele>
			</trkpt>
			<trkpt lat="49.260078" lon="18.142770">
				<ele>856.000000</ele>
			</trkpt>
			<trkpt lat="49.259973" lon="18.142672">
				<ele>856.000000</ele>
			</trkpt>
			<trkpt lat="49.259862" lon="18.142582">
				<ele>857.000000</ele>
			</trkpt>
			<trkpt lat="49.259727" lon="18.142529">
				<ele>858.000000</ele>
			</trkpt>
			<trkpt lat="49.259275" lon="18.142376">
				<ele>860.000000</ele>
			</trkpt>
			<trkpt lat="49.259088" lon="18.142294">
				<ele>860.000000</ele>
			</trkpt>
			<trkpt lat="49.258988" lon="18.142231">
				<ele>860.000000</ele>
			</trkpt>
			<trkpt lat="49.258900" lon="18.142141">
				<ele>860.000000</ele>
			</trkpt>
			<trkpt lat="49.258824" lon="18.142017">
				<ele>860.000000</ele>
			</trkpt>
			<trkpt lat="49.258747" lon="18.141837">
				<ele>860.000000</ele>
			</trkpt>
			<trkpt lat="49.258460" lon="18.141127">
				<ele>855.000000</ele>
			</trkpt>
			<trkpt lat="49.258225" lon="18.140561">
				<ele>849.000000</ele>
			</trkpt>
			<trkpt lat="49.258003" lon="18.140057">
				<ele>844.000000</ele>
			</trkpt>
			<trkpt lat="49.257733" lon="18.139456">
				<ele>841.000000</ele>
			</trkpt>
			<trkpt lat="49.257469" lon="18.138890">
				<ele>837.000000</ele>
			</trkpt>
			<trkpt lat="49.257340" lon="18.138594">
				<ele>835.000000</ele>
			</trkpt>
			<trkpt lat="49.257223" lon="18.138271">
				<ele>832.000000</ele>
			</trkpt>
			<trkpt lat="49.257129" lon="18.137919">
				<ele>828.000000</ele>
			</trkpt>
			<trkpt lat="49.257088" lon="18.137767">
				<ele>827.000000</ele>
			</trkpt>
			<trkpt lat="49.256654" lon="18.136034">
				<ele>819.000000</ele>
			</trkpt>
			<trkpt lat="49.256502" lon="18.135441">
				<ele>819.000000</ele>
			</trkpt>
			<trkpt lat="49.256373" lon="18.134946">
				<ele>818.000000</ele>
			</trkpt>
			<trkpt lat="49.256009" lon="18.133374">
				<ele>816.000000</ele>
			</trkpt>
			<trkpt lat="49.255810" lon="18.132467">
				<ele>816.000000</ele>
			</trkpt>
			<trkpt lat="49.255751" lon="18.132197">
				<ele>815.000000</ele>
			</trkpt>
			<trkpt lat="49.255663" lon="18.131901">
				<ele>814.000000</ele>
			</trkpt>
			<trkpt lat="49.255534" lon="18.131577">
				<ele>811.000000</ele>
			</trkpt>
			<trkpt lat="49.255470" lon="18.131390">
				<ele>810.000000</ele>
			</trkpt>
			<trkpt lat="49.255411" lon="18.131111">
				<ele>809.000000</ele>
			</trkpt>
			<trkpt lat="49.255347" lon="18.130814">
				<ele>809.000000</ele>
			</trkpt>
			<trkpt lat="49.255306" lon="18.130688">
				<ele>809.000000</ele>
			</trkpt>
			<trkpt lat="49.255259" lon="18.130562">
				<ele>808.000000</ele>
			</trkpt>
			<trkpt lat="49.255124" lon="18.130248">
				<ele>808.000000</ele>
			</trkpt>
			<trkpt lat="49.255036" lon="18.130023">
				<ele>807.000000</ele>
			</trkpt>
			<trkpt lat="49.254983" lon="18.129790">
				<ele>807.000000</ele>
			</trkpt>
			<trkpt lat="49.254925" lon="18.129547">
				<ele>807.000000</ele>
			</trkpt>
			<trkpt lat="49.254825" lon="18.129224">
				<ele>806.000000</ele>
			</trkpt>
			<trkpt lat="49.254485" lon="18.128164">
				<ele>808.000000</ele>
			</trkpt>
			<trkpt lat="49.254374" lon="18.127822">
				<ele>809.000000</ele>
			</trkpt>
			<trkpt lat="49.254374" lon="18.127822">
				<ele>809.000000</ele>
			</trkpt>
			<trkpt lat="49.254268" lon="18.127518">
				<ele>811.000000</ele>
			</trkpt>
			<trkpt lat="49.254016" lon="18.126879">
				<ele>813.000000</ele>
			</trkpt>
			<trkpt lat="49.253934" lon="18.126627">
				<ele>815.000000</ele>
			</trkpt>
			<trkpt lat="49.253857" lon="18.126386">
				<ele>815.000000</ele>
			</trkpt>
			<trkpt lat="49.253670" lon="18.125648">
				<ele>812.000000</ele>
			</trkpt>
			<trkpt lat="49.253394" lon="18.124535">
				<ele>808.000000</ele>
			</trkpt>
			<trkpt lat="49.253353" lon="18.124356">
				<ele>808.000000</ele>
			</trkpt>
			<trkpt lat="49.253330" lon="18.124212">
				<ele>807.000000</ele>
			</trkpt>
			<trkpt lat="49.253330" lon="18.124059">
				<ele>807.000000</ele>
			</trkpt>
			<trkpt lat="49.253324" lon="18.123879">
				<ele>806.000000</ele>
			</trkpt>
			<trkpt lat="49.253324" lon="18.123493">
				<ele>805.000000</ele>
			</trkpt>
			<trkpt lat="49.253289" lon="18.123071">
				<ele>805.000000</ele>
			</trkpt>
			<trkpt lat="49.253289" lon="18.122891">
				<ele>805.000000</ele>
			</trkpt>
			<trkpt lat="49.253259" lon="18.122667">
				<ele>806.000000</ele>
			</trkpt>
			<trkpt lat="49.253177" lon="18.122029">
				<ele>808.000000</ele>
			</trkpt>
			<trkpt lat="49.253095" lon="18.121445">
				<ele>810.000000</ele>
			</trkpt>
			<trkpt lat="49.252984" lon="18.120753">
				<ele>810.000000</ele>
			</trkpt>
			<trkpt lat="49.252937" lon="18.120555">
				<ele>810.000000</ele>
			</trkpt>
			<trkpt lat="49.252878" lon="18.120394">
				<ele>810.000000</ele>
			</trkpt>
			<trkpt lat="49.252802" lon="18.120224">
				<ele>809.000000</ele>
			</trkpt>
			<trkpt lat="49.252673" lon="18.120034">
				<ele>806.000000</ele>
			</trkpt>
			<trkpt lat="49.252579" lon="18.119891">
				<ele>804.000000</ele>
			</trkpt>
			<trkpt lat="49.252509" lon="18.119747">
				<ele>802.000000</ele>
			</trkpt>
			<trkpt lat="49.252439" lon="18.119595">
				<ele>801.000000</ele>
			</trkpt>
			<trkpt lat="49.252333" lon="18.119342">
				<ele>799.000000</ele>
			</trkpt>
			<trkpt lat="49.252204" lon="18.119029">
				<ele>797.000000</ele>
			</trkpt>
			<trkpt lat="49.252146" lon="18.118929">
				<ele>796.000000</ele>
			</trkpt>
			<trkpt lat="49.252081" lon="18.118830">
				<ele>796.000000</ele>
			</trkpt>
			<trkpt lat="49.252016" lon="18.118696">
				<ele>795.000000</ele>
			</trkpt>
			<trkpt lat="49.251987" lon="18.118633">
				<ele>795.000000</ele>
			</trkpt>
			<trkpt lat="49.251964" lon="18.118543">
				<ele>794.000000</ele>
			</trkpt>
			<trkpt lat="49.251958" lon="18.118480">
				<ele>794.000000</ele>
			</trkpt>
			<trkpt lat="49.251952" lon="18.118390">
				<ele>793.000000</ele>
			</trkpt>
			<trkpt lat="49.251964" lon="18.118201">
				<ele>792.000000</ele>
			</trkpt>
			<trkpt lat="49.251975" lon="18.118067">
				<ele>792.000000</ele>
			</trkpt>
			<trkpt lat="49.251970" lon="18.117960">
				<ele>791.000000</ele>
			</trkpt>
			<trkpt lat="49.251946" lon="18.117861">
				<ele>790.000000</ele>
			</trkpt>
			<trkpt lat="49.251905" lon="18.117771">
				<ele>790.000000</ele>
			</trkpt>
			<trkpt lat="49.251776" lon="18.117528">
				<ele>789.000000</ele>
			</trkpt>
			<trkpt lat="49.251600" lon="18.117132">
				<ele>787.000000</ele>
			</trkpt>
			<trkpt lat="49.251488" lon="18.116918">
				<ele>786.000000</ele>
			</trkpt>
			<trkpt lat="49.251424" lon="18.116836">
				<ele>786.000000</ele>
			</trkpt>
			<trkpt lat="49.251354" lon="18.116792">
				<ele>785.000000</ele>
			</trkpt>
			<trkpt lat="49.251143" lon="18.116666">
				<ele>782.000000</ele>
			</trkpt>
			<trkpt lat="49.250938" lon="18.116540">
				<ele>779.000000</ele>
			</trkpt>
			<trkpt lat="49.250761" lon="18.116423">
				<ele>778.000000</ele>
			</trkpt>
			<trkpt lat="49.250603" lon="18.116289">
				<ele>776.000000</ele>
			</trkpt>
			<trkpt lat="49.250163" lon="18.115876">
				<ele>775.000000</ele>
			</trkpt>
			<trkpt lat="49.250035" lon="18.115759">
				<ele>775.000000</ele>
			</trkpt>
			<trkpt lat="49.249911" lon="18.115677">
				<ele>775.000000</ele>
			</trkpt>
			<trkpt lat="49.249776" lon="18.115606">
				<ele>775.000000</ele>
			</trkpt>
			<trkpt lat="49.249495" lon="18.115461">
				<ele>775.000000</ele>
			</trkpt>
			<trkpt lat="49.249396" lon="18.115390">
				<ele>775.000000</ele>
			</trkpt>
			<trkpt lat="49.249354" lon="18.115345">
				<ele>775.000000</ele>
			</trkpt>
			<trkpt lat="49.249307" lon="18.115283">
				<ele>775.000000</ele>
			</trkpt>
			<trkpt lat="49.249243" lon="18.115130">
				<ele>773.000000</ele>
			</trkpt>
			<trkpt lat="49.249184" lon="18.114924">
				<ele>771.000000</ele>
			</trkpt>
			<trkpt lat="49.248885" lon="18.113737">
				<ele>762.000000</ele>
			</trkpt>
			<trkpt lat="49.248774" lon="18.113360">
				<ele>760.000000</ele>
			</trkpt>
			<trkpt lat="49.248727" lon="18.113243">
				<ele>760.000000</ele>
			</trkpt>
			<trkpt lat="49.248668" lon="18.113126">
				<ele>760.000000</ele>
			</trkpt>
			<trkpt lat="49.248475" lon="18.112911">
				<ele>760.000000</ele>
			</trkpt>
			<trkpt lat="49.248317" lon="18.112776">
				<ele>760.000000</ele>
			</trkpt>
			<trkpt lat="49.248264" lon="18.112731">
				<ele>760.000000</ele>
			</trkpt>
			<trkpt lat="49.248217" lon="18.112660">
				<ele>760.000000</ele>
			</trkpt>
			<trkpt lat="49.248205" lon="18.112578">
				<ele>760.000000</ele>
			</trkpt>
			<trkpt lat="49.248187" lon="18.112480">
				<ele>760.000000</ele>
			</trkpt>
			<trkpt lat="49.248181" lon="18.112165">
				<ele>760.000000</ele>
			</trkpt>
			<trkpt lat="49.248181" lon="18.111725">
				<ele>760.000000</ele>
			</trkpt>
			<trkpt lat="49.248176" lon="18.111572">
				<ele>760.000000</ele>
			</trkpt>
			<trkpt lat="49.248170" lon="18.111473">
				<ele>760.000000</ele>
			</trkpt>
			<trkpt lat="49.248146" lon="18.111402">
				<ele>760.000000</ele>
			</trkpt>
			<trkpt lat="49.248099" lon="18.111348">
				<ele>760.000000</ele>
			</trkpt>
			<trkpt lat="49.247935" lon="18.111142">
				<ele>760.000000</ele>
			</trkpt>
			<trkpt lat="49.247865" lon="18.111033">
				<ele>760.000000</ele>
			</trkpt>
			<trkpt lat="49.247818" lon="18.110889">
				<ele>760.000000</ele>
			</trkpt>
			<trkpt lat="49.247794" lon="18.110755">
				<ele>760.000000</ele>
			</trkpt>
			<trkpt lat="49.247783" lon="18.110521">
				<ele>760.000000</ele>
			</trkpt>
			<trkpt lat="49.247771" lon="18.110324">
				<ele>760.000000</ele>
			</trkpt>
			<trkpt lat="49.247730" lon="18.110144">
				<ele>760.000000</ele>
			</trkpt>
			<trkpt lat="49.247672" lon="18.109974">
				<ele>760.000000</ele>
			</trkpt>
			<trkpt lat="49.247536" lon="18.109677">
				<ele>759.000000</ele>
			</trkpt>
			<trkpt lat="49.247448" lon="18.109479">
				<ele>757.000000</ele>
			</trkpt>
			<trkpt lat="49.247407" lon="18.109327">
				<ele>756.000000</ele>
			</trkpt>
			<trkpt lat="49.247360" lon="18.109129">
				<ele>755.000000</ele>
			</trkpt>
			<trkpt lat="49.247302" lon="18.108958">
				<ele>754.000000</ele>
			</trkpt>
			<trkpt lat="49.247232" lon="18.108823">
				<ele>754.000000</ele>
			</trkpt>
			<trkpt lat="49.247038" lon="18.108419">
				<ele>753.000000</ele>
			</trkpt>
			<trkpt lat="49.246968" lon="18.108266">
				<ele>752.000000</ele>
			</trkpt>
			<trkpt lat="49.246886" lon="18.107970">
				<ele>751.000000</ele>
			</trkpt>
			<trkpt lat="49.246815" lon="18.107746">
				<ele>751.000000</ele>
			</trkpt>
			<trkpt lat="49.246721" lon="18.107547">
				<ele>750.000000</ele>
			</trkpt>
			<trkpt lat="49.246622" lon="18.107404">
				<ele>750.000000</ele>
			</trkpt>
			<trkpt lat="49.246346" lon="18.107008">
				<ele>750.000000</ele>
			</trkpt>
			<trkpt lat="49.246141" lon="18.106649">
				<ele>750.000000</ele>
			</trkpt>
			<trkpt lat="49.246088" lon="18.106551">
				<ele>750.000000</ele>
			</trkpt>
			<trkpt lat="49.246041" lon="18.106425">
				<ele>750.000000</ele>
			</trkpt>
			<trkpt lat="49.246006" lon="18.106326">
				<ele>750.000000</ele>
			</trkpt>
			<trkpt lat="49.245982" lon="18.106228">
				<ele>750.000000</ele>
			</trkpt>
			<trkpt lat="49.245976" lon="18.106146">
				<ele>750.000000</ele>
			</trkpt>
			<trkpt lat="49.245976" lon="18.106056">
				<ele>750.000000</ele>
			</trkpt>
			<trkpt lat="49.245989" lon="18.105993">
				<ele>750.000000</ele>
			</trkpt>
			<trkpt lat="49.246006" lon="18.105913">
				<ele>750.000000</ele>
			</trkpt>
			<trkpt lat="49.246047" lon="18.105842">
				<ele>750.000000</ele>
			</trkpt>
			<trkpt lat="49.246100" lon="18.105779">
				<ele>750.000000</ele>
			</trkpt>
			<trkpt lat="49.246158" lon="18.105716">
				<ele>750.000000</ele>
			</trkpt>
			<trkpt lat="49.245970" lon="18.105733">
				<ele>750.000000</ele>
			</trkpt>
			<trkpt lat="49.245736" lon="18.105716">
				<ele>753.000000</ele>
			</trkpt>
			<trkpt lat="49.245525" lon="18.105383">
				<ele>756.000000</ele>
			</trkpt>
			<trkpt lat="49.245449" lon="18.105257">
				<ele>757.000000</ele>
			</trkpt>
			<trkpt lat="49.245384" lon="18.105104">
				<ele>758.000000</ele>
			</trkpt>
			<trkpt lat="49.245296" lon="18.104889">
				<ele>761.000000</ele>
			</trkpt>
			<trkpt lat="49.245273" lon="18.104808">
				<ele>762.000000</ele>
			</trkpt>
			<trkpt lat="49.245255" lon="18.104710">
				<ele>763.000000</ele>
			</trkpt>
			<trkpt lat="49.245237" lon="18.104421">
				<ele>766.000000</ele>
			</trkpt>
			<trkpt lat="49.245237" lon="18.104368">
				<ele>766.000000</ele>
			</trkpt>
			<trkpt lat="49.245244" lon="18.104314">
				<ele>767.000000</ele>
			</trkpt>
			<trkpt lat="49.245302" lon="18.104152">
				<ele>769.000000</ele>
			</trkpt>
			<trkpt lat="49.245308" lon="18.104081">
				<ele>769.000000</ele>
			</trkpt>
			<trkpt lat="49.245314" lon="18.104008">
				<ele>770.000000</ele>
			</trkpt>
			<trkpt lat="49.245290" lon="18.103901">
				<ele>772.000000</ele>
			</trkpt>
			<trkpt lat="49.245278" lon="18.103847">
				<ele>772.000000</ele>
			</trkpt>
			<trkpt lat="49.245284" lon="18.103622">
				<ele>775.000000</ele>
			</trkpt>
			<trkpt lat="49.245255" lon="18.103433">
				<ele>777.000000</ele>
			</trkpt>
			<trkpt lat="49.245250" lon="18.103289">
				<ele>779.000000</ele>
			</trkpt>
			<trkpt lat="49.245273" lon="18.103092">
				<ele>782.000000</ele>
			</trkpt>
			<trkpt lat="49.245290" lon="18.102886">
				<ele>784.000000</ele>
			</trkpt>
			<trkpt lat="49.245308" lon="18.102750">
				<ele>785.000000</ele>
			</trkpt>
			<trkpt lat="49.245349" lon="18.102626">
				<ele>786.000000</ele>
			</trkpt>
			<trkpt lat="49.245390" lon="18.102517">
				<ele>786.000000</ele>
			</trkpt>
			<trkpt lat="49.245437" lon="18.102410">
				<ele>786.000000</ele>
			</trkpt>
			<trkpt lat="49.245531" lon="18.102284">
				<ele>787.000000</ele>
			</trkpt>
			<trkpt lat="49.245596" lon="18.102184">
				<ele>787.000000</ele>
			</trkpt>
			<trkpt lat="49.245642" lon="18.102086">
				<ele>788.000000</ele>
			</trkpt>
			<trkpt lat="49.245683" lon="18.101960">
				<ele>788.000000</ele>
			</trkpt>
			<trkpt lat="49.245707" lon="18.101808">
				<ele>789.000000</ele>
			</trkpt>
			<trkpt lat="49.245707" lon="18.101745">
				<ele>789.000000</ele>
			</trkpt>
			<trkpt lat="49.245730" lon="18.101538">
				<ele>789.000000</ele>
			</trkpt>
			<trkpt lat="49.245736" lon="18.101349">
				<ele>790.000000</ele>
			</trkpt>
			<trkpt lat="49.245730" lon="18.101152">
				<ele>789.000000</ele>
			</trkpt>
			<trkpt lat="49.245713" lon="18.100865">
				<ele>787.000000</ele>
			</trkpt>
			<trkpt lat="49.245701" lon="18.100639">
				<ele>785.000000</ele>
			</trkpt>
			<trkpt lat="49.245695" lon="18.100433">
				<ele>783.000000</ele>
			</trkpt>
			<trkpt lat="49.245713" lon="18.099913">
				<ele>778.000000</ele>
			</trkpt>
			<trkpt lat="49.245718" lon="18.099499">
				<ele>774.000000</ele>
			</trkpt>
			<trkpt lat="49.245707" lon="18.099148">
				<ele>772.000000</ele>
			</trkpt>
			<trkpt lat="49.245660" lon="18.098771">
				<ele>770.000000</ele>
			</trkpt>
			<trkpt lat="49.245583" lon="18.098313">
				<ele>767.000000</ele>
			</trkpt>
			<trkpt lat="49.245519" lon="18.098062">
				<ele>766.000000</ele>
			</trkpt>
			<trkpt lat="49.245425" lon="18.097765">
				<ele>764.000000</ele>
			</trkpt>
			<trkpt lat="49.245308" lon="18.097433">
				<ele>759.000000</ele>
			</trkpt>
			<trkpt lat="49.245032" lon="18.096697">
				<ele>750.000000</ele>
			</trkpt>
			<trkpt lat="49.244956" lon="18.096444">
				<ele>748.000000</ele>
			</trkpt>
			<trkpt lat="49.244885" lon="18.096211">
				<ele>747.000000</ele>
			</trkpt>
			<trkpt lat="49.244833" lon="18.096022">
				<ele>745.000000</ele>
			</trkpt>
			<trkpt lat="49.244763" lon="18.095681">
				<ele>745.000000</ele>
			</trkpt>
			<trkpt lat="49.244622" lon="18.094944">
				<ele>745.000000</ele>
			</trkpt>
			<trkpt lat="49.244563" lon="18.094702">
				<ele>745.000000</ele>
			</trkpt>
			<trkpt lat="49.244522" lon="18.094523">
				<ele>745.000000</ele>
			</trkpt>
			<trkpt lat="49.244499" lon="18.094387">
				<ele>745.000000</ele>
			</trkpt>
			<trkpt lat="49.244493" lon="18.094261">
				<ele>745.000000</ele>
			</trkpt>
			<trkpt lat="49.244499" lon="18.094154">
				<ele>745.000000</ele>
			</trkpt>
			<trkpt lat="49.244522" lon="18.093957">
				<ele>745.000000</ele>
			</trkpt>
			<trkpt lat="49.244505" lon="18.093848">
				<ele>745.000000</ele>
			</trkpt>
			<trkpt lat="49.244470" lon="18.093750">
				<ele>745.000000</ele>
			</trkpt>
			<trkpt lat="49.244364" lon="18.093534">
				<ele>747.000000</ele>
			</trkpt>
			<trkpt lat="49.243795" lon="18.092536">
				<ele>753.000000</ele>
			</trkpt>
			<trkpt lat="49.243684" lon="18.092294">
				<ele>754.000000</ele>
			</trkpt>
			<trkpt lat="49.243590" lon="18.092060">
				<ele>755.000000</ele>
			</trkpt>
			<trkpt lat="49.243525" lon="18.091810">
				<ele>753.000000</ele>
			</trkpt>
			<trkpt lat="49.243501" lon="18.091657">
				<ele>753.000000</ele>
			</trkpt>
			<trkpt lat="49.243496" lon="18.091557">
				<ele>752.000000</ele>
			</trkpt>
			<trkpt lat="49.243490" lon="18.091397">
				<ele>751.000000</ele>
			</trkpt>
			<trkpt lat="49.243496" lon="18.091270">
				<ele>751.000000</ele>
			</trkpt>
			<trkpt lat="49.243520" lon="18.091091">
				<ele>750.000000</ele>
			</trkpt>
			<trkpt lat="49.243537" lon="18.090974">
				<ele>750.000000</ele>
			</trkpt>
			<trkpt lat="49.243584" lon="18.090741">
				<ele>750.000000</ele>
			</trkpt>
			<trkpt lat="49.243613" lon="18.090525">
				<ele>751.000000</ele>
			</trkpt>
			<trkpt lat="49.243631" lon="18.090300">
				<ele>752.000000</ele>
			</trkpt>
			<trkpt lat="49.243625" lon="18.090066">
				<ele>752.000000</ele>
			</trkpt>
			<trkpt lat="49.243613" lon="18.089860">
				<ele>753.000000</ele>
			</trkpt>
			<trkpt lat="49.243584" lon="18.089636">
				<ele>754.000000</ele>
			</trkpt>
			<trkpt lat="49.243543" lon="18.089429">
				<ele>754.000000</ele>
			</trkpt>
			<trkpt lat="49.243478" lon="18.089196">
				<ele>755.000000</ele>
			</trkpt>
			<trkpt lat="49.243355" lon="18.088773">
				<ele>755.000000</ele>
			</trkpt>
			<trkpt lat="49.243255" lon="18.088504">
				<ele>755.000000</ele>
			</trkpt>
			<trkpt lat="49.243127" lon="18.088234">
				<ele>755.000000</ele>
			</trkpt>
			<trkpt lat="49.242980" lon="18.087982">
				<ele>755.000000</ele>
			</trkpt>
			<trkpt lat="49.242798" lon="18.087722">
				<ele>755.000000</ele>
			</trkpt>
			<trkpt lat="49.242657" lon="18.087525">
				<ele>755.000000</ele>
			</trkpt>
			<trkpt lat="49.242575" lon="18.087381">
				<ele>755.000000</ele>
			</trkpt>
			<trkpt lat="49.242516" lon="18.087255">
				<ele>754.000000</ele>
			</trkpt>
			<trkpt lat="49.242482" lon="18.087093">
				<ele>753.000000</ele>
			</trkpt>
			<trkpt lat="49.242475" lon="18.086959">
				<ele>752.000000</ele>
			</trkpt>
			<trkpt lat="49.242469" lon="18.086797">
				<ele>751.000000</ele>
			</trkpt>
			<trkpt lat="49.242487" lon="18.086599">
				<ele>750.000000</ele>
			</trkpt>
			<trkpt lat="49.242510" lon="18.086383">
				<ele>747.000000</ele>
			</trkpt>
			<trkpt lat="49.242534" lon="18.086141">
				<ele>745.000000</ele>
			</trkpt>
			<trkpt lat="49.242569" lon="18.085512">
				<ele>738.000000</ele>
			</trkpt>
			<trkpt lat="49.242628" lon="18.085099">
				<ele>734.000000</ele>
			</trkpt>
			<trkpt lat="49.242722" lon="18.084533">
				<ele>730.000000</ele>
			</trkpt>
			<trkpt lat="49.242856" lon="18.083923">
				<ele>724.000000</ele>
			</trkpt>
			<trkpt lat="49.242898" lon="18.083644">
				<ele>722.000000</ele>
			</trkpt>
			<trkpt lat="49.242921" lon="18.083500">
				<ele>721.000000</ele>
			</trkpt>
			<trkpt lat="49.242933" lon="18.083347">
				<ele>719.000000</ele>
			</trkpt>
			<trkpt lat="49.242921" lon="18.082808">
				<ele>714.000000</ele>
			</trkpt>
			<trkpt lat="49.242933" lon="18.082449">
				<ele>712.000000</ele>
			</trkpt>
			<trkpt lat="49.242950" lon="18.082125">
				<ele>710.000000</ele>
			</trkpt>
			<trkpt lat="49.242945" lon="18.081873">
				<ele>707.000000</ele>
			</trkpt>
			<trkpt lat="49.242945" lon="18.081873">
				<ele>707.000000</ele>
			</trkpt>
			<trkpt lat="49.242757" lon="18.082099">
				<ele>708.000000</ele>
			</trkpt>
			<trkpt lat="49.242687" lon="18.082215">
				<ele>708.000000</ele>
			</trkpt>
			<trkpt lat="49.242599" lon="18.082368">
				<ele>709.000000</ele>
			</trkpt>
			<trkpt lat="49.242458" lon="18.082628">
				<ele>709.000000</ele>
			</trkpt>
			<trkpt lat="49.242200" lon="18.083177">
				<ele>711.000000</ele>
			</trkpt>
			<trkpt lat="49.242065" lon="18.083500">
				<ele>712.000000</ele>
			</trkpt>
			<trkpt lat="49.241971" lon="18.083688">
				<ele>712.000000</ele>
			</trkpt>
			<trkpt lat="49.241860" lon="18.083860">
				<ele>713.000000</ele>
			</trkpt>
			<trkpt lat="49.241719" lon="18.084030">
				<ele>713.000000</ele>
			</trkpt>
			<trkpt lat="49.241378" lon="18.084362">
				<ele>715.000000</ele>
			</trkpt>
			<trkpt lat="49.241285" lon="18.084470">
				<ele>715.000000</ele>
			</trkpt>
			<trkpt lat="49.241220" lon="18.084560">
				<ele>715.000000</ele>
			</trkpt>
			<trkpt lat="49.241162" lon="18.084668">
				<ele>715.000000</ele>
			</trkpt>
			<trkpt lat="49.241115" lon="18.084785">
				<ele>715.000000</ele>
			</trkpt>
			<trkpt lat="49.241074" lon="18.084919">
				<ele>715.000000</ele>
			</trkpt>
			<trkpt lat="49.241032" lon="18.085081">
				<ele>715.000000</ele>
			</trkpt>
			<trkpt lat="49.240839" lon="18.086294">
				<ele>715.000000</ele>
			</trkpt>
			<trkpt lat="49.240757" lon="18.086725">
				<ele>715.000000</ele>
			</trkpt>
			<trkpt lat="49.240658" lon="18.087120">
				<ele>714.000000</ele>
			</trkpt>
			<trkpt lat="49.240546" lon="18.087443">
				<ele>713.000000</ele>
			</trkpt>
			<trkpt lat="49.240411" lon="18.087768">
				<ele>712.000000</ele>
			</trkpt>
			<trkpt lat="49.240259" lon="18.088045">
				<ele>711.000000</ele>
			</trkpt>
			<trkpt lat="49.240112" lon="18.088278">
				<ele>710.000000</ele>
			</trkpt>
			<trkpt lat="49.239678" lon="18.088944">
				<ele>707.000000</ele>
			</trkpt>
			<trkpt lat="49.239567" lon="18.089133">
				<ele>707.000000</ele>
			</trkpt>
			<trkpt lat="49.239461" lon="18.089330">
				<ele>706.000000</ele>
			</trkpt>
			<trkpt lat="49.239414" lon="18.089420">
				<ele>706.000000</ele>
			</trkpt>
			<trkpt lat="49.239367" lon="18.089573">
				<ele>705.000000</ele>
			</trkpt>
			<trkpt lat="49.239215" lon="18.089563">
				<ele>705.000000</ele>
			</trkpt>
			<trkpt lat="49.239168" lon="18.089573">
				<ele>705.000000</ele>
			</trkpt>
			<trkpt lat="49.239121" lon="18.089590">
				<ele>705.000000</ele>
			</trkpt>
			<trkpt lat="49.239039" lon="18.089662">
				<ele>705.000000</ele>
			</trkpt>
			<trkpt lat="49.238939" lon="18.089779">
				<ele>706.000000</ele>
			</trkpt>
			<trkpt lat="49.238651" lon="18.090031">
				<ele>707.000000</ele>
			</trkpt>
			<trkpt lat="49.238476" lon="18.090210">
				<ele>709.000000</ele>
			</trkpt>
			<trkpt lat="49.238317" lon="18.090399">
				<ele>710.000000</ele>
			</trkpt>
			<trkpt lat="49.238158" lon="18.090605">
				<ele>711.000000</ele>
			</trkpt>
			<trkpt lat="49.238000" lon="18.090804">
				<ele>712.000000</ele>
			</trkpt>
			<trkpt lat="49.237742" lon="18.091091">
				<ele>715.000000</ele>
			</trkpt>
			<trkpt lat="49.237602" lon="18.091217">
				<ele>716.000000</ele>
			</trkpt>
			<trkpt lat="49.237490" lon="18.091324">
				<ele>717.000000</ele>
			</trkpt>
			<trkpt lat="49.237408" lon="18.091414">
				<ele>717.000000</ele>
			</trkpt>
			<trkpt lat="49.237308" lon="18.091513">
				<ele>718.000000</ele>
			</trkpt>
			<trkpt lat="49.237197" lon="18.091594">
				<ele>719.000000</ele>
			</trkpt>
			<trkpt lat="49.237092" lon="18.091621">
				<ele>720.000000</ele>
			</trkpt>
			<trkpt lat="49.236945" lon="18.091630">
				<ele>721.000000</ele>
			</trkpt>
			<trkpt lat="49.236821" lon="18.091621">
				<ele>721.000000</ele>
			</trkpt>
			<trkpt lat="49.236540" lon="18.091540">
				<ele>722.000000</ele>
			</trkpt>
			<trkpt lat="49.236399" lon="18.091513">
				<ele>723.000000</ele>
			</trkpt>
			<trkpt lat="49.236182" lon="18.091531">
				<ele>724.000000</ele>
			</trkpt>
			<trkpt lat="49.235777" lon="18.091630">
				<ele>725.000000</ele>
			</trkpt>
			<trkpt lat="49.235367" lon="18.091710">
				<ele>729.000000</ele>
			</trkpt>
			<trkpt lat="49.235197" lon="18.091737">
				<ele>730.000000</ele>
			</trkpt>
			<trkpt lat="49.235015" lon="18.091747">
				<ele>731.000000</ele>
			</trkpt>
			<trkpt lat="49.234798" lon="18.091728">
				<ele>732.000000</ele>
			</trkpt>
			<trkpt lat="49.234170" lon="18.091639">
				<ele>735.000000</ele>
			</trkpt>
			<trkpt lat="49.234006" lon="18.091594">
				<ele>735.000000</ele>
			</trkpt>
			<trkpt lat="49.233819" lon="18.091549">
				<ele>735.000000</ele>
			</trkpt>
			<trkpt lat="49.233443" lon="18.091414">
				<ele>735.000000</ele>
			</trkpt>
			<trkpt lat="49.233437" lon="18.091261">
				<ele>736.000000</ele>
			</trkpt>
			<trkpt lat="49.233402" lon="18.091118">
				<ele>738.000000</ele>
			</trkpt>
			<trkpt lat="49.233355" lon="18.090992">
				<ele>739.000000</ele>
			</trkpt>
			<trkpt lat="49.233232" lon="18.090768">
				<ele>741.000000</ele>
			</trkpt>
			<trkpt lat="49.233062" lon="18.090408">
				<ele>744.000000</ele>
			</trkpt>
			<trkpt lat="49.232962" lon="18.090202">
				<ele>746.000000</ele>
			</trkpt>
			<trkpt lat="49.232856" lon="18.090013">
				<ele>748.000000</ele>
			</trkpt>
			<trkpt lat="49.232809" lon="18.089905">
				<ele>748.000000</ele>
			</trkpt>
			<trkpt lat="49.232786" lon="18.089779">
				<ele>749.000000</ele>
			</trkpt>
			<trkpt lat="49.232780" lon="18.089636">
				<ele>750.000000</ele>
			</trkpt>
			<trkpt lat="49.232797" lon="18.089473">
				<ele>750.000000</ele>
			</trkpt>
			<trkpt lat="49.232816" lon="18.089339">
				<ele>751.000000</ele>
			</trkpt>
			<trkpt lat="49.232816" lon="18.089213">
				<ele>751.000000</ele>
			</trkpt>
			<trkpt lat="49.232803" lon="18.089087">
				<ele>751.000000</ele>
			</trkpt>
			<trkpt lat="49.232763" lon="18.088926">
				<ele>752.000000</ele>
			</trkpt>
			<trkpt lat="49.232704" lon="18.088620">
				<ele>753.000000</ele>
			</trkpt>
			<trkpt lat="49.232675" lon="18.088450">
				<ele>753.000000</ele>
			</trkpt>
			<trkpt lat="49.232669" lon="18.088297">
				<ele>754.000000</ele>
			</trkpt>
			<trkpt lat="49.232675" lon="18.088144">
				<ele>754.000000</ele>
			</trkpt>
			<trkpt lat="49.232716" lon="18.087892">
				<ele>755.000000</ele>
			</trkpt>
			<trkpt lat="49.232739" lon="18.087812">
				<ele>755.000000</ele>
			</trkpt>
			<trkpt lat="49.232856" lon="18.087049">
				<ele>757.000000</ele>
			</trkpt>
			<trkpt lat="49.232880" lon="18.086815">
				<ele>758.000000</ele>
			</trkpt>
			<trkpt lat="49.232880" lon="18.086607">
				<ele>758.000000</ele>
			</trkpt>
			<trkpt lat="49.232862" lon="18.086447">
				<ele>759.000000</ele>
			</trkpt>
			<trkpt lat="49.232816" lon="18.086257">
				<ele>760.000000</ele>
			</trkpt>
			<trkpt lat="49.232616" lon="18.085683">
				<ele>760.000000</ele>
			</trkpt>
			<trkpt lat="49.232557" lon="18.085476">
				<ele>760.000000</ele>
			</trkpt>
			<trkpt lat="49.232493" lon="18.085225">
				<ele>760.000000</ele>
			</trkpt>
			<trkpt lat="49.232434" lon="18.084919">
				<ele>760.000000</ele>
			</trkpt>
			<trkpt lat="49.232393" lon="18.084542">
				<ele>761.000000</ele>
			</trkpt>
			<trkpt lat="49.232352" lon="18.084282">
				<ele>762.000000</ele>
			</trkpt>
			<trkpt lat="49.232317" lon="18.084030">
				<ele>763.000000</ele>
			</trkpt>
			<trkpt lat="49.232282" lon="18.083896">
				<ele>764.000000</ele>
			</trkpt>
			<trkpt lat="49.232193" lon="18.083644">
				<ele>765.000000</ele>
			</trkpt>
			<trkpt lat="49.232152" lon="18.083500">
				<ele>766.000000</ele>
			</trkpt>
			<trkpt lat="49.232117" lon="18.083374">
				<ele>766.000000</ele>
			</trkpt>
			<trkpt lat="49.232094" lon="18.083302">
				<ele>767.000000</ele>
			</trkpt>
			<trkpt lat="49.232058" lon="18.083231">
				<ele>767.000000</ele>
			</trkpt>
			<trkpt lat="49.232005" lon="18.083158">
				<ele>768.000000</ele>
			</trkpt>
			<trkpt lat="49.232005" lon="18.083150">
				<ele>768.000000</ele>
			</trkpt>
			<trkpt lat="49.231930" lon="18.083087">
				<ele>768.000000</ele>
			</trkpt>
			<trkpt lat="49.231859" lon="18.083015">
				<ele>769.000000</ele>
			</trkpt>
			<trkpt lat="49.231795" lon="18.082925">
				<ele>769.000000</ele>
			</trkpt>
			<trkpt lat="49.231718" lon="18.082781">
				<ele>770.000000</ele>
			</trkpt>
			<trkpt lat="49.231619" lon="18.082628">
				<ele>769.000000</ele>
			</trkpt>
			<trkpt lat="49.231466" lon="18.082467">
				<ele>768.000000</ele>
			</trkpt>
			<trkpt lat="49.231302" lon="18.082278">
				<ele>767.000000</ele>
			</trkpt>
			<trkpt lat="49.231149" lon="18.082162">
				<ele>767.000000</ele>
			</trkpt>
			<trkpt lat="49.231073" lon="18.082099">
				<ele>766.000000</ele>
			</trkpt>
			<trkpt lat="49.230991" lon="18.082026">
				<ele>766.000000</ele>
			</trkpt>
			<trkpt lat="49.230944" lon="18.081955">
				<ele>766.000000</ele>
			</trkpt>
			<trkpt lat="49.230909" lon="18.081856">
				<ele>765.000000</ele>
			</trkpt>
			<trkpt lat="49.230903" lon="18.081749">
				<ele>765.000000</ele>
			</trkpt>
			<trkpt lat="49.230903" lon="18.081623">
				<ele>762.000000</ele>
			</trkpt>
			<trkpt lat="49.230927" lon="18.081515">
				<ele>758.000000</ele>
			</trkpt>
			<trkpt lat="49.230921" lon="18.081416">
				<ele>754.000000</ele>
			</trkpt>
			<trkpt lat="49.230897" lon="18.081336">
				<ele>752.000000</ele>
			</trkpt>
			<trkpt lat="49.230862" lon="18.081263">
				<ele>749.000000</ele>
			</trkpt>
			<trkpt lat="49.230803" lon="18.081146">
				<ele>746.000000</ele>
			</trkpt>
			<trkpt lat="49.230756" lon="18.081038">
				<ele>741.000000</ele>
			</trkpt>
			<trkpt lat="49.230745" lon="18.080913">
				<ele>738.000000</ele>
			</trkpt>
			<trkpt lat="49.230733" lon="18.080760">
				<ele>734.000000</ele>
			</trkpt>
			<trkpt lat="49.230733" lon="18.080634">
				<ele>733.000000</ele>
			</trkpt>
			<trkpt lat="49.230715" lon="18.080535">
				<ele>732.000000</ele>
			</trkpt>
			<trkpt lat="49.230703" lon="18.080445">
				<ele>731.000000</ele>
			</trkpt>
			<trkpt lat="49.230680" lon="18.080374">
				<ele>730.000000</ele>
			</trkpt>
			<trkpt lat="49.230645" lon="18.080302">
				<ele>729.000000</ele>
			</trkpt>
			<trkpt lat="49.230598" lon="18.080231">
				<ele>728.000000</ele>
			</trkpt>
			<trkpt lat="49.230557" lon="18.080167">
				<ele>728.000000</ele>
			</trkpt>
			<trkpt lat="49.230498" lon="18.080095">
				<ele>726.000000</ele>
			</trkpt>
			<trkpt lat="49.230487" lon="18.080095">
				<ele>726.000000</ele>
			</trkpt>
			<trkpt lat="49.230398" lon="18.080015">
				<ele>725.000000</ele>
			</trkpt>
			<trkpt lat="49.230340" lon="18.079907">
				<ele>723.000000</ele>
			</trkpt>
			<trkpt lat="49.230304" lon="18.079799">
				<ele>722.000000</ele>
			</trkpt>
			<trkpt lat="49.230299" lon="18.079728">
				<ele>721.000000</ele>
			</trkpt>
			<trkpt lat="49.230293" lon="18.079665">
				<ele>721.000000</ele>
			</trkpt>
			<trkpt lat="49.230316" lon="18.079439">
				<ele>717.000000</ele>
			</trkpt>
			<trkpt lat="49.230310" lon="18.079332">
				<ele>715.000000</ele>
			</trkpt>
			<trkpt lat="49.230287" lon="18.079251">
				<ele>714.000000</ele>
			</trkpt>
			<trkpt lat="49.230269" lon="18.079215">
				<ele>713.000000</ele>
			</trkpt>
			<trkpt lat="49.230234" lon="18.079188">
				<ele>712.000000</ele>
			</trkpt>
			<trkpt lat="49.230146" lon="18.079099">
				<ele>710.000000</ele>
			</trkpt>
			<trkpt lat="49.229953" lon="18.078982">
				<ele>706.000000</ele>
			</trkpt>
			<trkpt lat="49.229841" lon="18.078946">
				<ele>703.000000</ele>
			</trkpt>
			<trkpt lat="49.229800" lon="18.078946">
				<ele>702.000000</ele>
			</trkpt>
			<trkpt lat="49.229742" lon="18.078954">
				<ele>701.000000</ele>
			</trkpt>
			<trkpt lat="49.229700" lon="18.078982">
				<ele>699.000000</ele>
			</trkpt>
			<trkpt lat="49.229642" lon="18.079026">
				<ele>697.000000</ele>
			</trkpt>
			<trkpt lat="49.229559" lon="18.079089">
				<ele>694.000000</ele>
			</trkpt>
			<trkpt lat="49.229477" lon="18.079143">
				<ele>690.000000</ele>
			</trkpt>
			<trkpt lat="49.229390" lon="18.079179">
				<ele>687.000000</ele>
			</trkpt>
			<trkpt lat="49.229296" lon="18.079215">
				<ele>684.000000</ele>
			</trkpt>
			<trkpt lat="49.229108" lon="18.079242">
				<ele>680.000000</ele>
			</trkpt>
			<trkpt lat="49.228709" lon="18.079260">
				<ele>676.000000</ele>
			</trkpt>
			<trkpt lat="49.228592" lon="18.079278">
				<ele>673.000000</ele>
			</trkpt>
			<trkpt lat="49.228293" lon="18.078810">
				<ele>680.000000</ele>
			</trkpt>
			<trkpt lat="49.228028" lon="18.078424">
				<ele>657.000000</ele>
			</trkpt>
			<trkpt lat="49.227753" lon="18.078074">
				<ele>635.000000</ele>
			</trkpt>
			<trkpt lat="49.227377" lon="18.077634">
				<ele>603.000000</ele>
			</trkpt>
			<trkpt lat="49.227324" lon="18.077598">
				<ele>599.000000</ele>
			</trkpt>
			<trkpt lat="49.227277" lon="18.077580">
				<ele>596.000000</ele>
			</trkpt>
			<trkpt lat="49.227243" lon="18.077571">
				<ele>594.000000</ele>
			</trkpt>
			<trkpt lat="49.227207" lon="18.077615">
				<ele>592.000000</ele>
			</trkpt>
			<trkpt lat="49.227131" lon="18.077688">
				<ele>588.000000</ele>
			</trkpt>
			<trkpt lat="49.227078" lon="18.077733">
				<ele>585.000000</ele>
			</trkpt>
			<trkpt lat="49.227025" lon="18.077724">
				<ele>582.000000</ele>
			</trkpt>
			<trkpt lat="49.226943" lon="18.077678">
				<ele>580.000000</ele>
			</trkpt>
			<trkpt lat="49.226820" lon="18.077517">
				<ele>582.000000</ele>
			</trkpt>
			<trkpt lat="49.226691" lon="18.077338">
				<ele>593.000000</ele>
			</trkpt>
			<trkpt lat="49.226532" lon="18.077175">
				<ele>595.000000</ele>
			</trkpt>
			<trkpt lat="49.226462" lon="18.077086">
				<ele>596.000000</ele>
			</trkpt>
			<trkpt lat="49.226404" lon="18.076988">
				<ele>598.000000</ele>
			</trkpt>
			<trkpt lat="49.226345" lon="18.076862">
				<ele>601.000000</ele>
			</trkpt>
			<trkpt lat="49.226245" lon="18.076636">
				<ele>605.000000</ele>
			</trkpt>
			<trkpt lat="49.226186" lon="18.076475">
				<ele>609.000000</ele>
			</trkpt>
			<trkpt lat="49.226133" lon="18.076296">
				<ele>612.000000</ele>
			</trkpt>
			<trkpt lat="49.226093" lon="18.076160">
				<ele>615.000000</ele>
			</trkpt>
			<trkpt lat="49.226075" lon="18.076116">
				<ele>616.000000</ele>
			</trkpt>
			<trkpt lat="49.226052" lon="18.076070">
				<ele>617.000000</ele>
			</trkpt>
			<trkpt lat="49.225999" lon="18.076026">
				<ele>618.000000</ele>
			</trkpt>
			<trkpt lat="49.225934" lon="18.075999">
				<ele>620.000000</ele>
			</trkpt>
			<trkpt lat="49.225875" lon="18.075963">
				<ele>621.000000</ele>
			</trkpt>
			<trkpt lat="49.225793" lon="18.075963">
				<ele>623.000000</ele>
			</trkpt>
			<trkpt lat="49.225770" lon="18.075846">
				<ele>624.000000</ele>
			</trkpt>
			<trkpt lat="49.225728" lon="18.075747">
				<ele>625.000000</ele>
			</trkpt>
			<trkpt lat="49.225676" lon="18.075648">
				<ele>627.000000</ele>
			</trkpt>
			<trkpt lat="49.225612" lon="18.075567">
				<ele>628.000000</ele>
			</trkpt>
			<trkpt lat="49.225588" lon="18.075531">
				<ele>628.000000</ele>
			</trkpt>
			<trkpt lat="49.225553" lon="18.075531">
				<ele>629.000000</ele>
			</trkpt>
			<trkpt lat="49.225506" lon="18.075559">
				<ele>629.000000</ele>
			</trkpt>
			<trkpt lat="49.225459" lon="18.075613">
				<ele>630.000000</ele>
			</trkpt>
			<trkpt lat="49.225424" lon="18.075694">
				<ele>631.000000</ele>
			</trkpt>
			<trkpt lat="49.225230" lon="18.076053">
				<ele>633.000000</ele>
			</trkpt>
			<trkpt lat="49.225195" lon="18.076125">
				<ele>634.000000</ele>
			</trkpt>
			<trkpt lat="49.225136" lon="18.076250">
				<ele>635.000000</ele>
			</trkpt>
			<trkpt lat="49.225054" lon="18.076349">
				<ele>636.000000</ele>
			</trkpt>
			<trkpt lat="49.224960" lon="18.076475">
				<ele>637.000000</ele>
			</trkpt>
			<trkpt lat="49.224796" lon="18.076663">
				<ele>640.000000</ele>
			</trkpt>
			<trkpt lat="49.224720" lon="18.076762">
				<ele>641.000000</ele>
			</trkpt>
			<trkpt lat="49.224661" lon="18.076852">
				<ele>642.000000</ele>
			</trkpt>
			<trkpt lat="49.224520" lon="18.077185">
				<ele>646.000000</ele>
			</trkpt>
			<trkpt lat="49.224473" lon="18.077275">
				<ele>647.000000</ele>
			</trkpt>
			<trkpt lat="49.224426" lon="18.077355">
				<ele>648.000000</ele>
			</trkpt>
			<trkpt lat="49.224368" lon="18.077428">
				<ele>649.000000</ele>
			</trkpt>
			<trkpt lat="49.224315" lon="18.077472">
				<ele>650.000000</ele>
			</trkpt>
			<trkpt lat="49.224151" lon="18.077562">
				<ele>651.000000</ele>
			</trkpt>
			<trkpt lat="49.223992" lon="18.077634">
				<ele>652.000000</ele>
			</trkpt>
			<trkpt lat="49.223459" lon="18.077795">
				<ele>655.000000</ele>
			</trkpt>
			<trkpt lat="49.223353" lon="18.077814">
				<ele>656.000000</ele>
			</trkpt>
			<trkpt lat="49.223253" lon="18.077831">
				<ele>656.000000</ele>
			</trkpt>
			<trkpt lat="49.223194" lon="18.077858">
				<ele>656.000000</ele>
			</trkpt>
			<trkpt lat="49.223147" lon="18.077894">
				<ele>656.000000</ele>
			</trkpt>
			<trkpt lat="49.223112" lon="18.077940">
				<ele>657.000000</ele>
			</trkpt>
			<trkpt lat="49.223083" lon="18.078002">
				<ele>657.000000</ele>
			</trkpt>
			<trkpt lat="49.223018" lon="18.078164">
				<ele>657.000000</ele>
			</trkpt>
			<trkpt lat="49.222977" lon="18.078218">
				<ele>657.000000</ele>
			</trkpt>
			<trkpt lat="49.222936" lon="18.078254">
				<ele>658.000000</ele>
			</trkpt>
			<trkpt lat="49.222666" lon="18.078460">
				<ele>659.000000</ele>
			</trkpt>
			<trkpt lat="49.222555" lon="18.078523">
				<ele>659.000000</ele>
			</trkpt>
			<trkpt lat="49.222437" lon="18.078568">
				<ele>659.000000</ele>
			</trkpt>
			<trkpt lat="49.222168" lon="18.078712">
				<ele>661.000000</ele>
			</trkpt>
			<trkpt lat="49.222085" lon="18.078775">
				<ele>661.000000</ele>
			</trkpt>
			<trkpt lat="49.222009" lon="18.078856">
				<ele>662.000000</ele>
			</trkpt>
			<trkpt lat="49.221927" lon="18.078936">
				<ele>663.000000</ele>
			</trkpt>
			<trkpt lat="49.221827" lon="18.079009">
				<ele>664.000000</ele>
			</trkpt>
			<trkpt lat="49.221733" lon="18.079072">
				<ele>664.000000</ele>
			</trkpt>
			<trkpt lat="49.221475" lon="18.079223">
				<ele>667.000000</ele>
			</trkpt>
			<trkpt lat="49.221305" lon="18.079332">
				<ele>670.000000</ele>
			</trkpt>
			<trkpt lat="49.221135" lon="18.079323">
				<ele>669.000000</ele>
			</trkpt>
			<trkpt lat="49.221000" lon="18.079278">
				<ele>669.000000</ele>
			</trkpt>
			<trkpt lat="49.220947" lon="18.079242">
				<ele>668.000000</ele>
			</trkpt>
			<trkpt lat="49.220900" lon="18.079197">
				<ele>668.000000</ele>
			</trkpt>
			<trkpt lat="49.220859" lon="18.079143">
				<ele>668.000000</ele>
			</trkpt>
			<trkpt lat="49.220812" lon="18.079080">
				<ele>668.000000</ele>
			</trkpt>
			<trkpt lat="49.220572" lon="18.078712">
				<ele>667.000000</ele>
			</trkpt>
			<trkpt lat="49.220548" lon="18.078631">
				<ele>667.000000</ele>
			</trkpt>
			<trkpt lat="49.220143" lon="18.077535">
				<ele>664.000000</ele>
			</trkpt>
			<trkpt lat="49.220061" lon="18.077221">
				<ele>663.000000</ele>
			</trkpt>
			<trkpt lat="49.220003" lon="18.077059">
				<ele>663.000000</ele>
			</trkpt>
			<trkpt lat="49.219944" lon="18.076942">
				<ele>663.000000</ele>
			</trkpt>
			<trkpt lat="49.219885" lon="18.076825">
				<ele>662.000000</ele>
			</trkpt>
			<trkpt lat="49.219826" lon="18.076745">
				<ele>662.000000</ele>
			</trkpt>
			<trkpt lat="49.219762" lon="18.076682">
				<ele>662.000000</ele>
			</trkpt>
			<trkpt lat="49.219685" lon="18.076636">
				<ele>662.000000</ele>
			</trkpt>
			<trkpt lat="49.219604" lon="18.076610">
				<ele>661.000000</ele>
			</trkpt>
			<trkpt lat="49.219521" lon="18.076601">
				<ele>661.000000</ele>
			</trkpt>
			<trkpt lat="49.219451" lon="18.076610">
				<ele>661.000000</ele>
			</trkpt>
			<trkpt lat="49.219386" lon="18.076646">
				<ele>661.000000</ele>
			</trkpt>
			<trkpt lat="49.219322" lon="18.076699">
				<ele>660.000000</ele>
			</trkpt>
			<trkpt lat="49.219269" lon="18.076762">
				<ele>660.000000</ele>
			</trkpt>
			<trkpt lat="49.219222" lon="18.076843">
				<ele>660.000000</ele>
			</trkpt>
			<trkpt lat="49.219169" lon="18.076960">
				<ele>659.000000</ele>
			</trkpt>
			<trkpt lat="49.219134" lon="18.077095">
				<ele>659.000000</ele>
			</trkpt>
			<trkpt lat="49.219099" lon="18.077229">
				<ele>658.000000</ele>
			</trkpt>
			<trkpt lat="49.218882" lon="18.078370">
				<ele>654.000000</ele>
			</trkpt>
			<trkpt lat="49.218765" lon="18.079107">
				<ele>652.000000</ele>
			</trkpt>
			<trkpt lat="49.218700" lon="18.079395">
				<ele>651.000000</ele>
			</trkpt>
			<trkpt lat="49.218665" lon="18.079512">
				<ele>651.000000</ele>
			</trkpt>
			<trkpt lat="49.218612" lon="18.079619">
				<ele>650.000000</ele>
			</trkpt>
			<trkpt lat="49.218547" lon="18.079709">
				<ele>650.000000</ele>
			</trkpt>
			<trkpt lat="49.218483" lon="18.079789">
				<ele>649.000000</ele>
			</trkpt>
			<trkpt lat="49.218413" lon="18.079871">
				<ele>649.000000</ele>
			</trkpt>
			<trkpt lat="49.218324" lon="18.079934">
				<ele>648.000000</ele>
			</trkpt>
			<trkpt lat="49.218225" lon="18.079996">
				<ele>647.000000</ele>
			</trkpt>
			<trkpt lat="49.218136" lon="18.080032">
				<ele>647.000000</ele>
			</trkpt>
			<trkpt lat="49.217292" lon="18.080257">
				<ele>639.000000</ele>
			</trkpt>
			<trkpt lat="49.217192" lon="18.080302">
				<ele>638.000000</ele>
			</trkpt>
			<trkpt lat="49.217098" lon="18.080391">
				<ele>637.000000</ele>
			</trkpt>
			<trkpt lat="49.217027" lon="18.080472">
				<ele>636.000000</ele>
			</trkpt>
			<trkpt lat="49.216963" lon="18.080562">
				<ele>635.000000</ele>
			</trkpt>
			<trkpt lat="49.216905" lon="18.080670">
				<ele>634.000000</ele>
			</trkpt>
			<trkpt lat="49.216846" lon="18.080778">
				<ele>634.000000</ele>
			</trkpt>
			<trkpt lat="49.216259" lon="18.082206">
				<ele>623.000000</ele>
			</trkpt>
			<trkpt lat="49.216165" lon="18.082431">
				<ele>621.000000</ele>
			</trkpt>
			<trkpt lat="49.216077" lon="18.082565">
				<ele>620.000000</ele>
			</trkpt>
			<trkpt lat="49.216030" lon="18.082619">
				<ele>619.000000</ele>
			</trkpt>
			<trkpt lat="49.215977" lon="18.082674">
				<ele>619.000000</ele>
			</trkpt>
			<trkpt lat="49.215924" lon="18.082691">
				<ele>618.000000</ele>
			</trkpt>
			<trkpt lat="49.215866" lon="18.082718">
				<ele>618.000000</ele>
			</trkpt>
			<trkpt lat="49.215725" lon="18.082754">
				<ele>617.000000</ele>
			</trkpt>
			<trkpt lat="49.215608" lon="18.082754">
				<ele>616.000000</ele>
			</trkpt>
			<trkpt lat="49.215525" lon="18.082736">
				<ele>615.000000</ele>
			</trkpt>
			<trkpt lat="49.215490" lon="18.082781">
				<ele>615.000000</ele>
			</trkpt>
			<trkpt lat="49.215431" lon="18.082799">
				<ele>616.000000</ele>
			</trkpt>
			<trkpt lat="49.215361" lon="18.082799">
				<ele>616.000000</ele>
			</trkpt>
			<trkpt lat="49.215291" lon="18.082764">
				<ele>616.000000</ele>
			</trkpt>
			<trkpt lat="49.215120" lon="18.082674">
				<ele>617.000000</ele>
			</trkpt>
			<trkpt lat="49.214979" lon="18.082565">
				<ele>618.000000</ele>
			</trkpt>
			<trkpt lat="49.214839" lon="18.082467">
				<ele>619.000000</ele>
			</trkpt>
			<trkpt lat="49.214716" lon="18.082332">
				<ele>620.000000</ele>
			</trkpt>
			<trkpt lat="49.214627" lon="18.082260">
				<ele>620.000000</ele>
			</trkpt>
			<trkpt lat="49.214522" lon="18.082179">
				<ele>621.000000</ele>
			</trkpt>
			<trkpt lat="49.214411" lon="18.082143">
				<ele>621.000000</ele>
			</trkpt>
			<trkpt lat="49.214299" lon="18.082143">
				<ele>622.000000</ele>
			</trkpt>
			<trkpt lat="49.214182" lon="18.082143">
				<ele>622.000000</ele>
			</trkpt>
			<trkpt lat="49.214064" lon="18.082170">
				<ele>623.000000</ele>
			</trkpt>
			<trkpt lat="49.213548" lon="18.082323">
				<ele>624.000000</ele>
			</trkpt>
			<trkpt lat="49.213343" lon="18.082359">
				<ele>622.000000</ele>
			</trkpt>
			<trkpt lat="49.213131" lon="18.082368">
				<ele>620.000000</ele>
			</trkpt>
			<trkpt lat="49.212639" lon="18.082422">
				<ele>615.000000</ele>
			</trkpt>
			<trkpt lat="49.212433" lon="18.082439">
				<ele>614.000000</ele>
			</trkpt>
			<trkpt lat="49.212216" lon="18.082439">
				<ele>612.000000</ele>
			</trkpt>
			<trkpt lat="49.211963" lon="18.082404">
				<ele>610.000000</ele>
			</trkpt>
			<trkpt lat="49.211782" lon="18.082359">
				<ele>608.000000</ele>
			</trkpt>
			<trkpt lat="49.211430" lon="18.082252">
				<ele>604.000000</ele>
			</trkpt>
			<trkpt lat="49.211336" lon="18.082242">
				<ele>603.000000</ele>
			</trkpt>
			<trkpt lat="49.211248" lon="18.082242">
				<ele>603.000000</ele>
			</trkpt>
			<trkpt lat="49.211148" lon="18.082242">
				<ele>602.000000</ele>
			</trkpt>
			<trkpt lat="49.211031" lon="18.082278">
				<ele>601.000000</ele>
			</trkpt>
			<trkpt lat="49.210913" lon="18.082332">
				<ele>600.000000</ele>
			</trkpt>
			<trkpt lat="49.210796" lon="18.082386">
				<ele>599.000000</ele>
			</trkpt>
			<trkpt lat="49.210684" lon="18.082467">
				<ele>598.000000</ele>
			</trkpt>
			<trkpt lat="49.210567" lon="18.082557">
				<ele>597.000000</ele>
			</trkpt>
			<trkpt lat="49.210438" lon="18.082655">
				<ele>596.000000</ele>
			</trkpt>
			<trkpt lat="49.210314" lon="18.082728">
				<ele>595.000000</ele>
			</trkpt>
			<trkpt lat="49.210191" lon="18.082764">
				<ele>595.000000</ele>
			</trkpt>
			<trkpt lat="49.209962" lon="18.082808">
				<ele>594.000000</ele>
			</trkpt>
			<trkpt lat="49.209035" lon="18.082944">
				<ele>590.000000</ele>
			</trkpt>
			<trkpt lat="49.208924" lon="18.082961">
				<ele>590.000000</ele>
			</trkpt>
			<trkpt lat="49.208689" lon="18.082961">
				<ele>590.000000</ele>
			</trkpt>
			<trkpt lat="49.208601" lon="18.082970">
				<ele>590.000000</ele>
			</trkpt>
			<trkpt lat="49.208530" lon="18.082978">
				<ele>590.000000</ele>
			</trkpt>
			<trkpt lat="49.208466" lon="18.082997">
				<ele>590.000000</ele>
			</trkpt>
			<trkpt lat="49.208389" lon="18.083033">
				<ele>590.000000</ele>
			</trkpt>
			<trkpt lat="49.208248" lon="18.083114">
				<ele>590.000000</ele>
			</trkpt>
			<trkpt lat="49.208131" lon="18.083141">
				<ele>590.000000</ele>
			</trkpt>
			<trkpt lat="49.208049" lon="18.083150">
				<ele>590.000000</ele>
			</trkpt>
			<trkpt lat="49.207973" lon="18.083204">
				<ele>590.000000</ele>
			</trkpt>
			<trkpt lat="49.207902" lon="18.083284">
				<ele>590.000000</ele>
			</trkpt>
			<trkpt lat="49.207826" lon="18.083401">
				<ele>590.000000</ele>
			</trkpt>
			<trkpt lat="49.207627" lon="18.083797">
				<ele>590.000000</ele>
			</trkpt>
			<trkpt lat="49.207486" lon="18.084012">
				<ele>590.000000</ele>
			</trkpt>
			<trkpt lat="49.207410" lon="18.084102">
				<ele>590.000000</ele>
			</trkpt>
			<trkpt lat="49.207345" lon="18.084165">
				<ele>590.000000</ele>
			</trkpt>
			<trkpt lat="49.207263" lon="18.084227">
				<ele>590.000000</ele>
			</trkpt>
			<trkpt lat="49.207169" lon="18.084290">
				<ele>590.000000</ele>
			</trkpt>
			<trkpt lat="49.206447" lon="18.084686">
				<ele>590.000000</ele>
			</trkpt>
			<trkpt lat="49.205936" lon="18.084946">
				<ele>590.000000</ele>
			</trkpt>
			<trkpt lat="49.205684" lon="18.085054">
				<ele>590.000000</ele>
			</trkpt>
			<trkpt lat="49.205414" lon="18.085144">
				<ele>590.000000</ele>
			</trkpt>
			<trkpt lat="49.204798" lon="18.085341">
				<ele>590.000000</ele>
			</trkpt>
			<trkpt lat="49.204269" lon="18.085468">
				<ele>589.000000</ele>
			</trkpt>
			<trkpt lat="49.204052" lon="18.085531">
				<ele>588.000000</ele>
			</trkpt>
			<trkpt lat="49.203888" lon="18.085575">
				<ele>587.000000</ele>
			</trkpt>
			<trkpt lat="49.203788" lon="18.085620">
				<ele>587.000000</ele>
			</trkpt>
			<trkpt lat="49.203706" lon="18.085674">
				<ele>586.000000</ele>
			</trkpt>
			<trkpt lat="49.203630" lon="18.085745">
				<ele>586.000000</ele>
			</trkpt>
			<trkpt lat="49.203577" lon="18.085854">
				<ele>585.000000</ele>
			</trkpt>
			<trkpt lat="49.203530" lon="18.085961">
				<ele>585.000000</ele>
			</trkpt>
			<trkpt lat="49.203184" lon="18.087039">
				<ele>578.000000</ele>
			</trkpt>
			<trkpt lat="49.202896" lon="18.088018">
				<ele>571.000000</ele>
			</trkpt>
			<trkpt lat="49.202826" lon="18.088252">
				<ele>569.000000</ele>
			</trkpt>
			<trkpt lat="49.202749" lon="18.088450">
				<ele>568.000000</ele>
			</trkpt>
			<trkpt lat="49.202456" lon="18.089078">
				<ele>564.000000</ele>
			</trkpt>
			<trkpt lat="49.201534" lon="18.091091">
				<ele>557.000000</ele>
			</trkpt>
			<trkpt lat="49.201200" lon="18.091818">
				<ele>554.000000</ele>
			</trkpt>
			<trkpt lat="49.200783" lon="18.092645">
				<ele>549.000000</ele>
			</trkpt>
			<trkpt lat="49.200536" lon="18.093094">
				<ele>546.000000</ele>
			</trkpt>
			<trkpt lat="49.200272" lon="18.093552">
				<ele>543.000000</ele>
			</trkpt>
			<trkpt lat="49.199756" lon="18.094360">
				<ele>535.000000</ele>
			</trkpt>
			<trkpt lat="49.199732" lon="18.094406">
				<ele>535.000000</ele>
			</trkpt>
			<trkpt lat="49.199709" lon="18.094450">
				<ele>534.000000</ele>
			</trkpt>
			<trkpt lat="49.199668" lon="18.094468">
				<ele>533.000000</ele>
			</trkpt>
			<trkpt lat="49.199603" lon="18.094504">
				<ele>532.000000</ele>
			</trkpt>
			<trkpt lat="49.199451" lon="18.094647">
				<ele>530.000000</ele>
			</trkpt>
			<trkpt lat="49.198999" lon="18.095079">
				<ele>522.000000</ele>
			</trkpt>
			<trkpt lat="49.198236" lon="18.095726">
				<ele>509.000000</ele>
			</trkpt>
			<trkpt lat="49.197878" lon="18.096041">
				<ele>504.000000</ele>
			</trkpt>
			<trkpt lat="49.197725" lon="18.096031">
				<ele>501.000000</ele>
			</trkpt>
			<trkpt lat="49.197625" lon="18.095968">
				<ele>500.000000</ele>
			</trkpt>
			<trkpt lat="49.197478" lon="18.095869">
				<ele>498.000000</ele>
			</trkpt>
			<trkpt lat="49.197390" lon="18.095779">
				<ele>497.000000</ele>
			</trkpt>
			<trkpt lat="49.197314" lon="18.095681">
				<ele>496.000000</ele>
			</trkpt>
			<trkpt lat="49.197243" lon="18.095565">
				<ele>495.000000</ele>
			</trkpt>
			<trkpt lat="49.197173" lon="18.095465">
				<ele>493.000000</ele>
			</trkpt>
			<trkpt lat="49.197085" lon="18.095393">
				<ele>492.000000</ele>
			</trkpt>
			<trkpt lat="49.196997" lon="18.095358">
				<ele>490.000000</ele>
			</trkpt>
			<trkpt lat="49.196862" lon="18.095349">
				<ele>489.000000</ele>
			</trkpt>
			<trkpt lat="49.196527" lon="18.095339">
				<ele>485.000000</ele>
			</trkpt>
			<trkpt lat="49.196504" lon="18.095888">
				<ele>485.000000</ele>
			</trkpt>
			<trkpt lat="49.196510" lon="18.096022">
				<ele>485.000000</ele>
			</trkpt>
			<trkpt lat="49.196527" lon="18.096148">
				<ele>485.000000</ele>
			</trkpt>
			<trkpt lat="49.196551" lon="18.096274">
				<ele>485.000000</ele>
			</trkpt>
			<trkpt lat="49.196604" lon="18.096498">
				<ele>485.000000</ele>
			</trkpt>
			<trkpt lat="49.196657" lon="18.096642">
				<ele>485.000000</ele>
			</trkpt>
			<trkpt lat="49.196757" lon="18.096813">
				<ele>485.000000</ele>
			</trkpt>
			<trkpt lat="49.196838" lon="18.096939">
				<ele>485.000000</ele>
			</trkpt>
			<trkpt lat="49.196897" lon="18.097083">
				<ele>485.000000</ele>
			</trkpt>
			<trkpt lat="49.196979" lon="18.097263">
				<ele>485.000000</ele>
			</trkpt>
			<trkpt lat="49.197120" lon="18.097505">
				<ele>486.000000</ele>
			</trkpt>
			<trkpt lat="49.197196" lon="18.097676">
				<ele>486.000000</ele>
			</trkpt>
			<trkpt lat="49.197243" lon="18.097828">
				<ele>486.000000</ele>
			</trkpt>
			<trkpt lat="49.197284" lon="18.097981">
				<ele>486.000000</ele>
			</trkpt>
			<trkpt lat="49.197355" lon="18.098358">
				<ele>486.000000</ele>
			</trkpt>
			<trkpt lat="49.197379" lon="18.098555">
				<ele>486.000000</ele>
			</trkpt>
			<trkpt lat="49.197402" lon="18.098924">
				<ele>487.000000</ele>
			</trkpt>
			<trkpt lat="49.197408" lon="18.099167">
				<ele>487.000000</ele>
			</trkpt>
			<trkpt lat="49.197414" lon="18.099265">
				<ele>487.000000</ele>
			</trkpt>
			<trkpt lat="49.197437" lon="18.099364">
				<ele>487.000000</ele>
			</trkpt>
			<trkpt lat="49.197537" lon="18.099697">
				<ele>487.000000</ele>
			</trkpt>
			<trkpt lat="49.197601" lon="18.099939">
				<ele>487.000000</ele>
			</trkpt>
			<trkpt lat="49.197496" lon="18.099957">
				<ele>488.000000</ele>
			</trkpt>
			<trkpt lat="49.197414" lon="18.100010">
				<ele>488.000000</ele>
			</trkpt>
			<trkpt lat="49.197343" lon="18.100073">
				<ele>488.000000</ele>
			</trkpt>
			<trkpt lat="49.197261" lon="18.100182">
				<ele>488.000000</ele>
			</trkpt>
			<trkpt lat="49.197296" lon="18.100245">
				<ele>488.000000</ele>
			</trkpt>
			<trkpt lat="49.197320" lon="18.100316">
				<ele>488.000000</ele>
			</trkpt>
			<trkpt lat="49.197349" lon="18.100389">
				<ele>488.000000</ele>
			</trkpt>
			<trkpt lat="49.197355" lon="18.100460">
				<ele>488.000000</ele>
			</trkpt>
			<trkpt lat="49.197361" lon="18.100622">
				<ele>488.000000</ele>
			</trkpt>
			<trkpt lat="49.197337" lon="18.100811">
				<ele>488.000000</ele>
			</trkpt>
			<trkpt lat="49.197326" lon="18.100892">
				<ele>488.000000</ele>
			</trkpt>
			<trkpt lat="49.197302" lon="18.100963">
				<ele>488.000000</ele>
			</trkpt>
			<trkpt lat="49.197279" lon="18.101018">
				<ele>488.000000</ele>
			</trkpt>
			<trkpt lat="49.197232" lon="18.101079">
				<ele>488.000000</ele>
			</trkpt>
			<trkpt lat="49.197079" lon="18.101358">
				<ele>491.000000</ele>
			</trkpt>
			<trkpt lat="49.197038" lon="18.101412">
				<ele>491.000000</ele>
			</trkpt>
			<trkpt lat="49.196997" lon="18.101439">
				<ele>492.000000</ele>
			</trkpt>
			<trkpt lat="49.196938" lon="18.101448">
				<ele>493.000000</ele>
			</trkpt>
			<trkpt lat="49.196885" lon="18.101431">
				<ele>493.000000</ele>
			</trkpt>
			<trkpt lat="49.196668" lon="18.101295">
				<ele>495.000000</ele>
			</trkpt>
			<trkpt lat="49.196533" lon="18.101179">
				<ele>497.000000</ele>
			</trkpt>
			<trkpt lat="49.196457" lon="18.101089">
				<ele>498.000000</ele>
			</trkpt>
			<trkpt lat="49.195529" lon="18.101978">
				<ele>504.000000</ele>
			</trkpt>
			<trkpt lat="49.195412" lon="18.102095">
				<ele>504.000000</ele>
			</trkpt>
			<trkpt lat="49.194866" lon="18.102652">
				<ele>506.000000</ele>
			</trkpt>
			<trkpt lat="49.194690" lon="18.102813">
				<ele>507.000000</ele>
			</trkpt>
			<trkpt lat="49.194485" lon="18.102993">
				<ele>508.000000</ele>
			</trkpt>
			<trkpt lat="49.194238" lon="18.103192">
				<ele>509.000000</ele>
			</trkpt>
			<trkpt lat="49.194150" lon="18.103236">
				<ele>509.000000</ele>
			</trkpt>
			<trkpt lat="49.194038" lon="18.103281">
				<ele>509.000000</ele>
			</trkpt>
			<trkpt lat="49.193950" lon="18.103335">
				<ele>510.000000</ele>
			</trkpt>
			<trkpt lat="49.193862" lon="18.103425">
				<ele>510.000000</ele>
			</trkpt>
			<trkpt lat="49.193669" lon="18.103685">
				<ele>515.000000</ele>
			</trkpt>
			<trkpt lat="49.193522" lon="18.103855">
				<ele>517.000000</ele>
			</trkpt>
			<trkpt lat="49.193363" lon="18.104027">
				<ele>520.000000</ele>
			</trkpt>
			<trkpt lat="49.193170" lon="18.104234">
				<ele>524.000000</ele>
			</trkpt>
			<trkpt lat="49.193040" lon="18.104305">
				<ele>526.000000</ele>
			</trkpt>
			<trkpt lat="49.192911" lon="18.104368">
				<ele>528.000000</ele>
			</trkpt>
			<trkpt lat="49.192776" lon="18.104404">
				<ele>530.000000</ele>
			</trkpt>
			<trkpt lat="49.192606" lon="18.104413">
				<ele>532.000000</ele>
			</trkpt>
			<trkpt lat="49.192453" lon="18.104431">
				<ele>535.000000</ele>
			</trkpt>
			<trkpt lat="49.192389" lon="18.104458">
				<ele>536.000000</ele>
			</trkpt>
			<trkpt lat="49.192330" lon="18.104494">
				<ele>537.000000</ele>
			</trkpt>
			<trkpt lat="49.192277" lon="18.104530">
				<ele>538.000000</ele>
			</trkpt>
			<trkpt lat="49.192224" lon="18.104601">
				<ele>539.000000</ele>
			</trkpt>
			<trkpt lat="49.192107" lon="18.104771">
				<ele>542.000000</ele>
			</trkpt>
			<trkpt lat="49.192037" lon="18.104889">
				<ele>543.000000</ele>
			</trkpt>
			<trkpt lat="49.191966" lon="18.104997">
				<ele>545.000000</ele>
			</trkpt>
			<trkpt lat="49.191896" lon="18.105087">
				<ele>548.000000</ele>
			</trkpt>
			<trkpt lat="49.191772" lon="18.105186">
				<ele>552.000000</ele>
			</trkpt>
			<trkpt lat="49.191638" lon="18.105347">
				<ele>557.000000</ele>
			</trkpt>
			<trkpt lat="49.191520" lon="18.105517">
				<ele>561.000000</ele>
			</trkpt>
			<trkpt lat="49.191426" lon="18.105689">
				<ele>565.000000</ele>
			</trkpt>
			<trkpt lat="49.191314" lon="18.105966">
				<ele>571.000000</ele>
			</trkpt>
			<trkpt lat="49.191214" lon="18.106209">
				<ele>575.000000</ele>
			</trkpt>
			<trkpt lat="49.191115" lon="18.106398">
				<ele>578.000000</ele>
			</trkpt>
			<trkpt lat="49.191009" lon="18.106551">
				<ele>582.000000</ele>
			</trkpt>
			<trkpt lat="49.190868" lon="18.106721">
				<ele>586.000000</ele>
			</trkpt>
			<trkpt lat="49.190792" lon="18.106829">
				<ele>590.000000</ele>
			</trkpt>
			<trkpt lat="49.190745" lon="18.106945">
				<ele>592.000000</ele>
			</trkpt>
			<trkpt lat="49.190716" lon="18.107081">
				<ele>594.000000</ele>
			</trkpt>
			<trkpt lat="49.190692" lon="18.107368">
				<ele>598.000000</ele>
			</trkpt>
			<trkpt lat="49.190645" lon="18.107683">
				<ele>602.000000</ele>
			</trkpt>
			<trkpt lat="49.190551" lon="18.108213">
				<ele>607.000000</ele>
			</trkpt>
			<trkpt lat="49.190522" lon="18.108266">
				<ele>608.000000</ele>
			</trkpt>
			<trkpt lat="49.190486" lon="18.108276">
				<ele>609.000000</ele>
			</trkpt>
			<trkpt lat="49.190434" lon="18.108276">
				<ele>609.000000</ele>
			</trkpt>
			<trkpt lat="49.190298" lon="18.108213">
				<ele>611.000000</ele>
			</trkpt>
			<trkpt lat="49.190117" lon="18.108176">
				<ele>613.000000</ele>
			</trkpt>
			<trkpt lat="49.190058" lon="18.108167">
				<ele>614.000000</ele>
			</trkpt>
			<trkpt lat="49.190040" lon="18.108176">
				<ele>614.000000</ele>
			</trkpt>
			<trkpt lat="49.190040" lon="18.108176">
				<ele>614.000000</ele>
			</trkpt>
			<trkpt lat="49.189982" lon="18.108195">
				<ele>615.000000</ele>
			</trkpt>
			<trkpt lat="49.189800" lon="18.108033">
				<ele>615.000000</ele>
			</trkpt>
			<trkpt lat="49.189641" lon="18.107934">
				<ele>615.000000</ele>
			</trkpt>
			<trkpt lat="49.189448" lon="18.107817">
				<ele>615.000000</ele>
			</trkpt>
			<trkpt lat="49.189283" lon="18.107754">
				<ele>615.000000</ele>
			</trkpt>
			<trkpt lat="49.189113" lon="18.107710">
				<ele>615.000000</ele>
			</trkpt>
			<trkpt lat="49.188977" lon="18.107719">
				<ele>615.000000</ele>
			</trkpt>
			<trkpt lat="49.188631" lon="18.107737">
				<ele>615.000000</ele>
			</trkpt>
			<trkpt lat="49.187187" lon="18.107773">
				<ele>615.000000</ele>
			</trkpt>
			<trkpt lat="49.186371" lon="18.107763">
				<ele>615.000000</ele>
			</trkpt>
			<trkpt lat="49.186160" lon="18.107530">
				<ele>615.000000</ele>
			</trkpt>
			<trkpt lat="49.186118" lon="18.107467">
				<ele>614.000000</ele>
			</trkpt>
			<trkpt lat="49.186071" lon="18.107421">
				<ele>614.000000</ele>
			</trkpt>
			<trkpt lat="49.186036" lon="18.107387">
				<ele>614.000000</ele>
			</trkpt>
			<trkpt lat="49.185890" lon="18.107224">
				<ele>614.000000</ele>
			</trkpt>
			<trkpt lat="49.185602" lon="18.106892">
				<ele>613.000000</ele>
			</trkpt>
			<trkpt lat="49.185455" lon="18.106731">
				<ele>612.000000</ele>
			</trkpt>
			<trkpt lat="49.185338" lon="18.106614">
				<ele>612.000000</ele>
			</trkpt>
			<trkpt lat="49.185232" lon="18.106479">
				<ele>611.000000</ele>
			</trkpt>
			<trkpt lat="49.185138" lon="18.106335">
				<ele>611.000000</ele>
			</trkpt>
			<trkpt lat="49.185008" lon="18.106138">
				<ele>610.000000</ele>
			</trkpt>
			<trkpt lat="49.184974" lon="18.106092">
				<ele>610.000000</ele>
			</trkpt>
			<trkpt lat="49.184950" lon="18.106075">
				<ele>610.000000</ele>
			</trkpt>
			<trkpt lat="49.184833" lon="18.106048">
				<ele>610.000000</ele>
			</trkpt>
			<trkpt lat="49.184744" lon="18.105859">
				<ele>609.000000</ele>
			</trkpt>
			<trkpt lat="49.184680" lon="18.105662">
				<ele>608.000000</ele>
			</trkpt>
			<trkpt lat="49.184621" lon="18.105455">
				<ele>608.000000</ele>
			</trkpt>
			<trkpt lat="49.184533" lon="18.105024">
				<ele>606.000000</ele>
			</trkpt>
			<trkpt lat="49.184510" lon="18.104970">
				<ele>606.000000</ele>
			</trkpt>
			<trkpt lat="49.184474" lon="18.104951">
				<ele>606.000000</ele>
			</trkpt>
			<trkpt lat="49.184375" lon="18.104960">
				<ele>605.000000</ele>
			</trkpt>
			<trkpt lat="49.184322" lon="18.104970">
				<ele>605.000000</ele>
			</trkpt>
			<trkpt lat="49.184145" lon="18.105050">
				<ele>602.000000</ele>
			</trkpt>
			<trkpt lat="49.183893" lon="18.105104">
				<ele>598.000000</ele>
			</trkpt>
			<trkpt lat="49.183535" lon="18.105140">
				<ele>592.000000</ele>
			</trkpt>
			<trkpt lat="49.183317" lon="18.105150">
				<ele>588.000000</ele>
			</trkpt>
			<trkpt lat="49.182901" lon="18.105213">
				<ele>583.000000</ele>
			</trkpt>
			<trkpt lat="49.182484" lon="18.105276">
				<ele>578.000000</ele>
			</trkpt>
			<trkpt lat="49.182290" lon="18.105284">
				<ele>576.000000</ele>
			</trkpt>
			<trkpt lat="49.182161" lon="18.105276">
				<ele>575.000000</ele>
			</trkpt>
			<trkpt lat="49.181820" lon="18.105213">
				<ele>572.000000</ele>
			</trkpt>
			<trkpt lat="49.181368" lon="18.105096">
				<ele>567.000000</ele>
			</trkpt>
			<trkpt lat="49.181186" lon="18.105060">
				<ele>565.000000</ele>
			</trkpt>
			<trkpt lat="49.181046" lon="18.105014">
				<ele>564.000000</ele>
			</trkpt>
			<trkpt lat="49.180922" lon="18.104951">
				<ele>562.000000</ele>
			</trkpt>
			<trkpt lat="49.180611" lon="18.104763">
				<ele>558.000000</ele>
			</trkpt>
			<trkpt lat="49.180522" lon="18.104718">
				<ele>557.000000</ele>
			</trkpt>
			<trkpt lat="49.180423" lon="18.104700">
				<ele>556.000000</ele>
			</trkpt>
			<trkpt lat="49.180270" lon="18.104637">
				<ele>554.000000</ele>
			</trkpt>
			<trkpt lat="49.179988" lon="18.104494">
				<ele>551.000000</ele>
			</trkpt>
			<trkpt lat="49.179865" lon="18.104431">
				<ele>550.000000</ele>
			</trkpt>
			<trkpt lat="49.179741" lon="18.104368">
				<ele>548.000000</ele>
			</trkpt>
			<trkpt lat="49.179442" lon="18.104171">
				<ele>544.000000</ele>
			</trkpt>
			<trkpt lat="49.179330" lon="18.104125">
				<ele>542.000000</ele>
			</trkpt>
			<trkpt lat="49.179201" lon="18.104071">
				<ele>541.000000</ele>
			</trkpt>
			<trkpt lat="49.178790" lon="18.103945">
				<ele>536.000000</ele>
			</trkpt>
			<trkpt lat="49.178702" lon="18.103901">
				<ele>535.000000</ele>
			</trkpt>
			<trkpt lat="49.178550" lon="18.103802">
				<ele>534.000000</ele>
			</trkpt>
			<trkpt lat="49.178367" lon="18.103649">
				<ele>531.000000</ele>
			</trkpt>
			<trkpt lat="49.178291" lon="18.103605">
				<ele>531.000000</ele>
			</trkpt>
			<trkpt lat="49.178220" lon="18.103568">
				<ele>530.000000</ele>
			</trkpt>
			<trkpt lat="49.178144" lon="18.103568">
				<ele>529.000000</ele>
			</trkpt>
			<trkpt lat="49.178062" lon="18.103578">
				<ele>528.000000</ele>
			</trkpt>
			<trkpt lat="49.177886" lon="18.103622">
				<ele>527.000000</ele>
			</trkpt>
			<trkpt lat="49.177769" lon="18.103676">
				<ele>526.000000</ele>
			</trkpt>
			<trkpt lat="49.177651" lon="18.103703">
				<ele>525.000000</ele>
			</trkpt>
			<trkpt lat="49.177510" lon="18.103721">
				<ele>523.000000</ele>
			</trkpt>
			<trkpt lat="49.177369" lon="18.103792">
				<ele>521.000000</ele>
			</trkpt>
			<trkpt lat="49.177287" lon="18.103838">
				<ele>520.000000</ele>
			</trkpt>
			<trkpt lat="49.177205" lon="18.103882">
				<ele>519.000000</ele>
			</trkpt>
			<trkpt lat="49.177117" lon="18.103874">
				<ele>519.000000</ele>
			</trkpt>
			<trkpt lat="49.176999" lon="18.103865">
				<ele>518.000000</ele>
			</trkpt>
			<trkpt lat="49.177017" lon="18.103631">
				<ele>518.000000</ele>
			</trkpt>
			<trkpt lat="49.177023" lon="18.103371">
				<ele>517.000000</ele>
			</trkpt>
			<trkpt lat="49.177023" lon="18.103137">
				<ele>517.000000</ele>
			</trkpt>
			<trkpt lat="49.177005" lon="18.102949">
				<ele>516.000000</ele>
			</trkpt>
			<trkpt lat="49.177005" lon="18.102607">
				<ele>515.000000</ele>
			</trkpt>
			<trkpt lat="49.177011" lon="18.102373">
				<ele>515.000000</ele>
			</trkpt>
			<trkpt lat="49.177058" lon="18.102031">
				<ele>514.000000</ele>
			</trkpt>
			<trkpt lat="49.177081" lon="18.101871">
				<ele>514.000000</ele>
			</trkpt>
			<trkpt lat="49.177128" lon="18.101431">
				<ele>513.000000</ele>
			</trkpt>
			<trkpt lat="49.177146" lon="18.101116">
				<ele>512.000000</ele>
			</trkpt>
			<trkpt lat="49.177128" lon="18.100775">
				<ele>511.000000</ele>
			</trkpt>
			<trkpt lat="49.177105" lon="18.100389">
				<ele>510.000000</ele>
			</trkpt>
			<trkpt lat="49.176882" lon="18.100289">
				<ele>510.000000</ele>
			</trkpt>
			<trkpt lat="49.176712" lon="18.100263">
				<ele>510.000000</ele>
			</trkpt>
			<trkpt lat="49.176529" lon="18.100245">
				<ele>510.000000</ele>
			</trkpt>
			<trkpt lat="49.176529" lon="18.100245">
				<ele>510.000000</ele>
			</trkpt>
			<trkpt lat="49.176529" lon="18.100245">
				<ele>510.000000</ele>
			</trkpt>
			<trkpt lat="49.176476" lon="18.100209">
				<ele>510.000000</ele>
			</trkpt>
			<trkpt lat="49.176423" lon="18.100155">
				<ele>510.000000</ele>
			</trkpt>
			<trkpt lat="49.176429" lon="18.099957">
				<ele>510.000000</ele>
			</trkpt>
			<trkpt lat="49.176423" lon="18.099850">
				<ele>510.000000</ele>
			</trkpt>
			<trkpt lat="49.176400" lon="18.099796">
				<ele>510.000000</ele>
			</trkpt>
			<trkpt lat="49.176371" lon="18.099777">
				<ele>510.000000</ele>
			</trkpt>
			<trkpt lat="49.176353" lon="18.099760">
				<ele>510.000000</ele>
			</trkpt>
			<trkpt lat="49.176277" lon="18.099760">
				<ele>510.000000</ele>
			</trkpt>
			<trkpt lat="49.176230" lon="18.099768">
				<ele>510.000000</ele>
			</trkpt>
			<trkpt lat="49.176195" lon="18.099804">
				<ele>510.000000</ele>
			</trkpt>
			<trkpt lat="49.176183" lon="18.099850">
				<ele>510.000000</ele>
			</trkpt>
			<trkpt lat="49.176154" lon="18.099993">
				<ele>510.000000</ele>
			</trkpt>
			<trkpt lat="49.176142" lon="18.100047">
				<ele>510.000000</ele>
			</trkpt>
			<trkpt lat="49.176112" lon="18.100092">
				<ele>510.000000</ele>
			</trkpt>
			<trkpt lat="49.176018" lon="18.099903">
				<ele>510.000000</ele>
			</trkpt>
			<trkpt lat="49.175601" lon="18.099913">
				<ele>513.000000</ele>
			</trkpt>
			<trkpt lat="49.175566" lon="18.099921">
				<ele>513.000000</ele>
			</trkpt>
			<trkpt lat="49.175531" lon="18.099930">
				<ele>513.000000</ele>
			</trkpt>
			<trkpt lat="49.175449" lon="18.100010">
				<ele>514.000000</ele>
			</trkpt>
			<trkpt lat="49.175373" lon="18.100073">
				<ele>514.000000</ele>
			</trkpt>
			<trkpt lat="49.175284" lon="18.100092">
				<ele>515.000000</ele>
			</trkpt>
			<trkpt lat="49.175137" lon="18.100127">
				<ele>515.000000</ele>
			</trkpt>
			<trkpt lat="49.175015" lon="18.100155">
				<ele>516.000000</ele>
			</trkpt>
			<trkpt lat="49.174621" lon="18.100326">
				<ele>517.000000</ele>
			</trkpt>
			<trkpt lat="49.174568" lon="18.100352">
				<ele>517.000000</ele>
			</trkpt>
			<trkpt lat="49.174521" lon="18.100352">
				<ele>518.000000</ele>
			</trkpt>
			<trkpt lat="49.174386" lon="18.100316">
				<ele>518.000000</ele>
			</trkpt>
			<trkpt lat="49.174192" lon="18.100263">
				<ele>519.000000</ele>
			</trkpt>
			<trkpt lat="49.174021" lon="18.100245">
				<ele>519.000000</ele>
			</trkpt>
			<trkpt lat="49.173975" lon="18.100263">
				<ele>520.000000</ele>
			</trkpt>
			<trkpt lat="49.173946" lon="18.100280">
				<ele>520.000000</ele>
			</trkpt>
			<trkpt lat="49.173922" lon="18.100326">
				<ele>520.000000</ele>
			</trkpt>
			<trkpt lat="49.173875" lon="18.100406">
				<ele>520.000000</ele>
			</trkpt>
			<trkpt lat="49.173716" lon="18.100200">
				<ele>520.000000</ele>
			</trkpt>
			<trkpt lat="49.173499" lon="18.099858">
				<ele>520.000000</ele>
			</trkpt>
			<trkpt lat="49.173423" lon="18.099760">
				<ele>520.000000</ele>
			</trkpt>
			<trkpt lat="49.173352" lon="18.099687">
				<ele>520.000000</ele>
			</trkpt>
			<trkpt lat="49.173270" lon="18.099643">
				<ele>520.000000</ele>
			</trkpt>
			<trkpt lat="49.173158" lon="18.099580">
				<ele>520.000000</ele>
			</trkpt>
			<trkpt lat="49.173059" lon="18.099526">
				<ele>520.000000</ele>
			</trkpt>
			<trkpt lat="49.172982" lon="18.099481">
				<ele>520.000000</ele>
			</trkpt>
			<trkpt lat="49.172900" lon="18.099410">
				<ele>520.000000</ele>
			</trkpt>
			<trkpt lat="49.172806" lon="18.099310">
				<ele>520.000000</ele>
			</trkpt>
			<trkpt lat="49.172630" lon="18.099094">
				<ele>520.000000</ele>
			</trkpt>
			<trkpt lat="49.172413" lon="18.098816">
				<ele>521.000000</ele>
			</trkpt>
			<trkpt lat="49.172078" lon="18.098484">
				<ele>522.000000</ele>
			</trkpt>
			<trkpt lat="49.171737" lon="18.098188">
				<ele>523.000000</ele>
			</trkpt>
			<trkpt lat="49.171420" lon="18.097963">
				<ele>524.000000</ele>
			</trkpt>
			<trkpt lat="49.170674" lon="18.097460">
				<ele>527.000000</ele>
			</trkpt>
			<trkpt lat="49.170621" lon="18.097415">
				<ele>527.000000</ele>
			</trkpt>
			<trkpt lat="49.170563" lon="18.097352">
				<ele>527.000000</ele>
			</trkpt>
			<trkpt lat="49.170521" lon="18.097297">
				<ele>528.000000</ele>
			</trkpt>
			<trkpt lat="49.170474" lon="18.097226">
				<ele>528.000000</ele>
			</trkpt>
			<trkpt lat="49.170439" lon="18.097146">
				<ele>528.000000</ele>
			</trkpt>
			<trkpt lat="49.170410" lon="18.097047">
				<ele>528.000000</ele>
			</trkpt>
			<trkpt lat="49.170351" lon="18.096794">
				<ele>529.000000</ele>
			</trkpt>
			<trkpt lat="49.170304" lon="18.096597">
				<ele>529.000000</ele>
			</trkpt>
			<trkpt lat="49.170234" lon="18.096444">
				<ele>530.000000</ele>
			</trkpt>
			<trkpt lat="49.170152" lon="18.096318">
				<ele>530.000000</ele>
			</trkpt>
			<trkpt lat="49.170034" lon="18.096202">
				<ele>531.000000</ele>
			</trkpt>
			<trkpt lat="49.169922" lon="18.096121">
				<ele>531.000000</ele>
			</trkpt>
			<trkpt lat="49.169776" lon="18.096058">
				<ele>531.000000</ele>
			</trkpt>
			<trkpt lat="49.169629" lon="18.096005">
				<ele>532.000000</ele>
			</trkpt>
			<trkpt lat="49.169259" lon="18.095915">
				<ele>533.000000</ele>
			</trkpt>
			<trkpt lat="49.169135" lon="18.095869">
				<ele>533.000000</ele>
			</trkpt>
			<trkpt lat="49.169041" lon="18.095789">
				<ele>534.000000</ele>
			</trkpt>
			<trkpt lat="49.168941" lon="18.095789">
				<ele>534.000000</ele>
			</trkpt>
			<trkpt lat="49.168841" lon="18.095779">
				<ele>534.000000</ele>
			</trkpt>
			<trkpt lat="49.168489" lon="18.095718">
				<ele>535.000000</ele>
			</trkpt>
			<trkpt lat="49.168284" lon="18.095681">
				<ele>536.000000</ele>
			</trkpt>
			<trkpt lat="49.168154" lon="18.095645">
				<ele>536.000000</ele>
			</trkpt>
			<trkpt lat="49.168037" lon="18.095592">
				<ele>537.000000</ele>
			</trkpt>
			<trkpt lat="49.167913" lon="18.095502">
				<ele>537.000000</ele>
			</trkpt>
			<trkpt lat="49.167543" lon="18.095205">
				<ele>538.000000</ele>
			</trkpt>
			<trkpt lat="49.167368" lon="18.095097">
				<ele>539.000000</ele>
			</trkpt>
			<trkpt lat="49.167262" lon="18.095052">
				<ele>539.000000</ele>
			</trkpt>
			<trkpt lat="49.167168" lon="18.095034">
				<ele>540.000000</ele>
			</trkpt>
			<trkpt lat="49.167062" lon="18.095026">
				<ele>540.000000</ele>
			</trkpt>
			<trkpt lat="49.166957" lon="18.095034">
				<ele>540.000000</ele>
			</trkpt>
			<trkpt lat="49.166798" lon="18.095079">
				<ele>541.000000</ele>
			</trkpt>
			<trkpt lat="49.166663" lon="18.095133">
				<ele>541.000000</ele>
			</trkpt>
			<trkpt lat="49.166527" lon="18.095250">
				<ele>542.000000</ele>
			</trkpt>
			<trkpt lat="49.166351" lon="18.095421">
				<ele>542.000000</ele>
			</trkpt>
			<trkpt lat="49.166140" lon="18.095628">
				<ele>543.000000</ele>
			</trkpt>
			<trkpt lat="49.166063" lon="18.095672">
				<ele>543.000000</ele>
			</trkpt>
			<trkpt lat="49.165993" lon="18.095726">
				<ele>544.000000</ele>
			</trkpt>
			<trkpt lat="49.165917" lon="18.095752">
				<ele>544.000000</ele>
			</trkpt>
			<trkpt lat="49.165852" lon="18.095771">
				<ele>544.000000</ele>
			</trkpt>
			<trkpt lat="49.165764" lon="18.095771">
				<ele>544.000000</ele>
			</trkpt>
			<trkpt lat="49.165682" lon="18.095744">
				<ele>544.000000</ele>
			</trkpt>
			<trkpt lat="49.165470" lon="18.095708">
				<ele>545.000000</ele>
			</trkpt>
			<trkpt lat="49.165341" lon="18.095689">
				<ele>546.000000</ele>
			</trkpt>
			<trkpt lat="49.165218" lon="18.095689">
				<ele>546.000000</ele>
			</trkpt>
			<trkpt lat="49.165071" lon="18.095708">
				<ele>547.000000</ele>
			</trkpt>
			<trkpt lat="49.164953" lon="18.095762">
				<ele>548.000000</ele>
			</trkpt>
			<trkpt lat="49.164830" lon="18.095815">
				<ele>548.000000</ele>
			</trkpt>
			<trkpt lat="49.164707" lon="18.095897">
				<ele>549.000000</ele>
			</trkpt>
			<trkpt lat="49.164589" lon="18.095978">
				<ele>549.000000</ele>
			</trkpt>
			<trkpt lat="49.164489" lon="18.096068">
				<ele>550.000000</ele>
			</trkpt>
			<trkpt lat="49.164413" lon="18.096166">
				<ele>550.000000</ele>
			</trkpt>
			<trkpt lat="49.164366" lon="18.096255">
				<ele>551.000000</ele>
			</trkpt>
			<trkpt lat="49.164337" lon="18.096345">
				<ele>551.000000</ele>
			</trkpt>
			<trkpt lat="49.164195" lon="18.096794">
				<ele>552.000000</ele>
			</trkpt>
			<trkpt lat="49.164101" lon="18.097073">
				<ele>553.000000</ele>
			</trkpt>
			<trkpt lat="49.163996" lon="18.097370">
				<ele>554.000000</ele>
			</trkpt>
			<trkpt lat="49.163820" lon="18.097783">
				<ele>556.000000</ele>
			</trkpt>
			<trkpt lat="49.163749" lon="18.097819">
				<ele>556.000000</ele>
			</trkpt>
			<trkpt lat="49.163684" lon="18.097892">
				<ele>556.000000</ele>
			</trkpt>
			<trkpt lat="49.163626" lon="18.097963">
				<ele>557.000000</ele>
			</trkpt>
			<trkpt lat="49.163467" lon="18.098232">
				<ele>558.000000</ele>
			</trkpt>
			<trkpt lat="49.162756" lon="18.099301">
				<ele>562.000000</ele>
			</trkpt>
			<trkpt lat="49.162556" lon="18.099651">
				<ele>563.000000</ele>
			</trkpt>
			<trkpt lat="49.162463" lon="18.099768">
				<ele>564.000000</ele>
			</trkpt>
			<trkpt lat="49.162363" lon="18.099894">
				<ele>564.000000</ele>
			</trkpt>
			<trkpt lat="49.162239" lon="18.099966">
				<ele>565.000000</ele>
			</trkpt>
			<trkpt lat="49.162051" lon="18.100073">
				<ele>566.000000</ele>
			</trkpt>
			<trkpt lat="49.161787" lon="18.100226">
				<ele>567.000000</ele>
			</trkpt>
			<trkpt lat="49.161711" lon="18.100299">
				<ele>568.000000</ele>
			</trkpt>
			<trkpt lat="49.161664" lon="18.100326">
				<ele>568.000000</ele>
			</trkpt>
			<trkpt lat="49.161523" lon="18.100362">
				<ele>569.000000</ele>
			</trkpt>
			<trkpt lat="49.161352" lon="18.100352">
				<ele>570.000000</ele>
			</trkpt>
			<trkpt lat="49.161376" lon="18.100442">
				<ele>570.000000</ele>
			</trkpt>
			<trkpt lat="49.161382" lon="18.100568">
				<ele>570.000000</ele>
			</trkpt>
			<trkpt lat="49.161388" lon="18.100855">
				<ele>571.000000</ele>
			</trkpt>
			<trkpt lat="49.161405" lon="18.101052">
				<ele>571.000000</ele>
			</trkpt>
			<trkpt lat="49.161435" lon="18.101242">
				<ele>571.000000</ele>
			</trkpt>
			<trkpt lat="49.161481" lon="18.101458">
				<ele>572.000000</ele>
			</trkpt>
			<trkpt lat="49.161547" lon="18.101681">
				<ele>572.000000</ele>
			</trkpt>
			<trkpt lat="49.161570" lon="18.101798">
				<ele>573.000000</ele>
			</trkpt>
			<trkpt lat="49.161587" lon="18.101924">
				<ele>573.000000</ele>
			</trkpt>
			<trkpt lat="49.161593" lon="18.102068">
				<ele>573.000000</ele>
			</trkpt>
			<trkpt lat="49.161599" lon="18.102150">
				<ele>573.000000</ele>
			</trkpt>
			<trkpt lat="49.161617" lon="18.102221">
				<ele>573.000000</ele>
			</trkpt>
			<trkpt lat="49.161664" lon="18.102356">
				<ele>574.000000</ele>
			</trkpt>
			<trkpt lat="49.161717" lon="18.102526">
				<ele>574.000000</ele>
			</trkpt>
			<trkpt lat="49.161728" lon="18.102634">
				<ele>574.000000</ele>
			</trkpt>
			<trkpt lat="49.161728" lon="18.102742">
				<ele>574.000000</ele>
			</trkpt>
			<trkpt lat="49.161699" lon="18.102850">
				<ele>575.000000</ele>
			</trkpt>
			<trkpt lat="49.161617" lon="18.103039">
				<ele>575.000000</ele>
			</trkpt>
			<trkpt lat="49.161611" lon="18.103110">
				<ele>576.000000</ele>
			</trkpt>
			<trkpt lat="49.161605" lon="18.103173">
				<ele>576.000000</ele>
			</trkpt>
			<trkpt lat="49.161652" lon="18.103442">
				<ele>577.000000</ele>
			</trkpt>
			<trkpt lat="49.161687" lon="18.103622">
				<ele>578.000000</ele>
			</trkpt>
			<trkpt lat="49.161687" lon="18.103758">
				<ele>578.000000</ele>
			</trkpt>
			<trkpt lat="49.161687" lon="18.103892">
				<ele>579.000000</ele>
			</trkpt>
			<trkpt lat="49.161675" lon="18.104044">
				<ele>580.000000</ele>
			</trkpt>
			<trkpt lat="49.161652" lon="18.104251">
				<ele>581.000000</ele>
			</trkpt>
			<trkpt lat="49.161634" lon="18.104440">
				<ele>583.000000</ele>
			</trkpt>
			<trkpt lat="49.161628" lon="18.104601">
				<ele>584.000000</ele>
			</trkpt>
			<trkpt lat="49.161646" lon="18.104754">
				<ele>585.000000</ele>
			</trkpt>
			<trkpt lat="49.161658" lon="18.104907">
				<ele>586.000000</ele>
			</trkpt>
			<trkpt lat="49.161693" lon="18.105050">
				<ele>588.000000</ele>
			</trkpt>
			<trkpt lat="49.161734" lon="18.105203">
				<ele>590.000000</ele>
			</trkpt>
			<trkpt lat="49.161781" lon="18.105356">
				<ele>592.000000</ele>
			</trkpt>
			<trkpt lat="49.162051" lon="18.106048">
				<ele>600.000000</ele>
			</trkpt>
			<trkpt lat="49.162175" lon="18.106379">
				<ele>602.000000</ele>
			</trkpt>
			<trkpt lat="49.162286" lon="18.106721">
				<ele>605.000000</ele>
			</trkpt>
			<trkpt lat="49.162339" lon="18.106821">
				<ele>605.000000</ele>
			</trkpt>
			<trkpt lat="49.162404" lon="18.106928">
				<ele>606.000000</ele>
			</trkpt>
			<trkpt lat="49.162551" lon="18.107161">
				<ele>608.000000</ele>
			</trkpt>
			<trkpt lat="49.162639" lon="18.107314">
				<ele>609.000000</ele>
			</trkpt>
			<trkpt lat="49.162715" lon="18.107503">
				<ele>610.000000</ele>
			</trkpt>
			<trkpt lat="49.162792" lon="18.107683">
				<ele>611.000000</ele>
			</trkpt>
			<trkpt lat="49.162856" lon="18.107880">
				<ele>612.000000</ele>
			</trkpt>
			<trkpt lat="49.162915" lon="18.108016">
				<ele>613.000000</ele>
			</trkpt>
			<trkpt lat="49.162986" lon="18.108132">
				<ele>614.000000</ele>
			</trkpt>
			<trkpt lat="49.163073" lon="18.108276">
				<ele>615.000000</ele>
			</trkpt>
			<trkpt lat="49.163303" lon="18.108635">
				<ele>621.000000</ele>
			</trkpt>
			<trkpt lat="49.163356" lon="18.108716">
				<ele>623.000000</ele>
			</trkpt>
			<trkpt lat="49.163379" lon="18.108805">
				<ele>624.000000</ele>
			</trkpt>
			<trkpt lat="49.163397" lon="18.108886">
				<ele>625.000000</ele>
			</trkpt>
			<trkpt lat="49.163403" lon="18.108985">
				<ele>626.000000</ele>
			</trkpt>
			<trkpt lat="49.163397" lon="18.109147">
				<ele>629.000000</ele>
			</trkpt>
			<trkpt lat="49.163403" lon="18.109228">
				<ele>630.000000</ele>
			</trkpt>
			<trkpt lat="49.163420" lon="18.109318">
				<ele>630.000000</ele>
			</trkpt>
			<trkpt lat="49.163444" lon="18.109398">
				<ele>631.000000</ele>
			</trkpt>
			<trkpt lat="49.163473" lon="18.109444">
				<ele>631.000000</ele>
			</trkpt>
			<trkpt lat="49.163509" lon="18.109471">
				<ele>631.000000</ele>
			</trkpt>
			<trkpt lat="49.163596" lon="18.109534">
				<ele>632.000000</ele>
			</trkpt>
			<trkpt lat="49.163509" lon="18.109704">
				<ele>632.000000</ele>
			</trkpt>
			<trkpt lat="49.163456" lon="18.109767">
				<ele>633.000000</ele>
			</trkpt>
			<trkpt lat="49.163267" lon="18.109974">
				<ele>634.000000</ele>
			</trkpt>
			<trkpt lat="49.163138" lon="18.110063">
				<ele>635.000000</ele>
			</trkpt>
			<trkpt lat="49.163015" lon="18.110126">
				<ele>636.000000</ele>
			</trkpt>
			<trkpt lat="49.162856" lon="18.110144">
				<ele>638.000000</ele>
			</trkpt>
			<trkpt lat="49.162803" lon="18.110134">
				<ele>638.000000</ele>
			</trkpt>
			<trkpt lat="49.162756" lon="18.110161">
				<ele>639.000000</ele>
			</trkpt>
			<trkpt lat="49.162715" lon="18.110197">
				<ele>639.000000</ele>
			</trkpt>
			<trkpt lat="49.162651" lon="18.110279">
				<ele>640.000000</ele>
			</trkpt>
			<trkpt lat="49.162562" lon="18.110360">
				<ele>641.000000</ele>
			</trkpt>
			<trkpt lat="49.162480" lon="18.110404">
				<ele>643.000000</ele>
			</trkpt>
			<trkpt lat="49.162381" lon="18.110431">
				<ele>644.000000</ele>
			</trkpt>
			<trkpt lat="49.162269" lon="18.110404">
				<ele>645.000000</ele>
			</trkpt>
			<trkpt lat="49.161911" lon="18.110341">
				<ele>650.000000</ele>
			</trkpt>
			<trkpt lat="49.161781" lon="18.110324">
				<ele>653.000000</ele>
			</trkpt>
			<trkpt lat="49.161681" lon="18.110360">
				<ele>655.000000</ele>
			</trkpt>
			<trkpt lat="49.161611" lon="18.110396">
				<ele>656.000000</ele>
			</trkpt>
			<trkpt lat="49.161382" lon="18.110576">
				<ele>661.000000</ele>
			</trkpt>
			<trkpt lat="49.161258" lon="18.110656">
				<ele>665.000000</ele>
			</trkpt>
			<trkpt lat="49.161170" lon="18.110710">
				<ele>668.000000</ele>
			</trkpt>
			<trkpt lat="49.161076" lon="18.110746">
				<ele>671.000000</ele>
			</trkpt>
			<trkpt lat="49.160988" lon="18.110763">
				<ele>674.000000</ele>
			</trkpt>
			<trkpt lat="49.160900" lon="18.110773">
				<ele>676.000000</ele>
			</trkpt>
			<trkpt lat="49.160788" lon="18.110763">
				<ele>678.000000</ele>
			</trkpt>
			<trkpt lat="49.160577" lon="18.110727">
				<ele>682.000000</ele>
			</trkpt>
			<trkpt lat="49.160395" lon="18.110692">
				<ele>686.000000</ele>
			</trkpt>
			<trkpt lat="49.160272" lon="18.110683">
				<ele>688.000000</ele>
			</trkpt>
			<trkpt lat="49.160136" lon="18.110683">
				<ele>690.000000</ele>
			</trkpt>
			<trkpt lat="49.159972" lon="18.110746">
				<ele>693.000000</ele>
			</trkpt>
			<trkpt lat="49.159884" lon="18.110790">
				<ele>695.000000</ele>
			</trkpt>
			<trkpt lat="49.159807" lon="18.110872">
				<ele>696.000000</ele>
			</trkpt>
			<trkpt lat="49.159749" lon="18.110979">
				<ele>698.000000</ele>
			</trkpt>
			<trkpt lat="49.159690" lon="18.111142">
				<ele>700.000000</ele>
			</trkpt>
			<trkpt lat="49.159660" lon="18.111249">
				<ele>700.000000</ele>
			</trkpt>
			<trkpt lat="49.159613" lon="18.111348">
				<ele>701.000000</ele>
			</trkpt>
			<trkpt lat="49.159566" lon="18.111446">
				<ele>702.000000</ele>
			</trkpt>
			<trkpt lat="49.159508" lon="18.111528">
				<ele>702.000000</ele>
			</trkpt>
			<trkpt lat="49.159379" lon="18.111653">
				<ele>704.000000</ele>
			</trkpt>
			<trkpt lat="49.159179" lon="18.111805">
				<ele>706.000000</ele>
			</trkpt>
			<trkpt lat="49.158996" lon="18.111859">
				<ele>708.000000</ele>
			</trkpt>
			<trkpt lat="49.158868" lon="18.111922">
				<ele>709.000000</ele>
			</trkpt>
			<trkpt lat="49.158744" lon="18.112012">
				<ele>711.000000</ele>
			</trkpt>
			<trkpt lat="49.158668" lon="18.112031">
				<ele>713.000000</ele>
			</trkpt>
			<trkpt lat="49.158585" lon="18.112058">
				<ele>715.000000</ele>
			</trkpt>
			<trkpt lat="49.158532" lon="18.112075">
				<ele>716.000000</ele>
			</trkpt>
			<trkpt lat="49.158404" lon="18.112155">
				<ele>720.000000</ele>
			</trkpt>
			<trkpt lat="49.158274" lon="18.112210">
				<ele>725.000000</ele>
			</trkpt>
			<trkpt lat="49.158192" lon="18.112264">
				<ele>728.000000</ele>
			</trkpt>
			<trkpt lat="49.158139" lon="18.112291">
				<ele>730.000000</ele>
			</trkpt>
			<trkpt lat="49.158104" lon="18.112345">
				<ele>731.000000</ele>
			</trkpt>
			<trkpt lat="49.158062" lon="18.112408">
				<ele>732.000000</ele>
			</trkpt>
			<trkpt lat="49.157968" lon="18.112578">
				<ele>734.000000</ele>
			</trkpt>
			<trkpt lat="49.157869" lon="18.112740">
				<ele>736.000000</ele>
			</trkpt>
			<trkpt lat="49.157757" lon="18.112857">
				<ele>737.000000</ele>
			</trkpt>
			<trkpt lat="49.157534" lon="18.113090">
				<ele>742.000000</ele>
			</trkpt>
			<trkpt lat="49.157411" lon="18.113216">
				<ele>744.000000</ele>
			</trkpt>
			<trkpt lat="49.157340" lon="18.113324">
				<ele>746.000000</ele>
			</trkpt>
			<trkpt lat="49.157275" lon="18.113432">
				<ele>747.000000</ele>
			</trkpt>
			<trkpt lat="49.157223" lon="18.113576">
				<ele>749.000000</ele>
			</trkpt>
			<trkpt lat="49.157164" lon="18.113737">
				<ele>751.000000</ele>
			</trkpt>
			<trkpt lat="49.157111" lon="18.113827">
				<ele>752.000000</ele>
			</trkpt>
			<trkpt lat="49.157052" lon="18.113890">
				<ele>754.000000</ele>
			</trkpt>
			<trkpt lat="49.156970" lon="18.113926">
				<ele>756.000000</ele>
			</trkpt>
			<trkpt lat="49.156888" lon="18.113979">
				<ele>759.000000</ele>
			</trkpt>
			<trkpt lat="49.156823" lon="18.114033">
				<ele>761.000000</ele>
			</trkpt>
			<trkpt lat="49.156770" lon="18.114123">
				<ele>763.000000</ele>
			</trkpt>
			<trkpt lat="49.156717" lon="18.114232">
				<ele>765.000000</ele>
			</trkpt>
			<trkpt lat="49.156623" lon="18.114509">
				<ele>770.000000</ele>
			</trkpt>
			<trkpt lat="49.156535" lon="18.114681">
				<ele>773.000000</ele>
			</trkpt>
			<trkpt lat="49.156483" lon="18.114752">
				<ele>775.000000</ele>
			</trkpt>
			<trkpt lat="49.156424" lon="18.114815">
				<ele>777.000000</ele>
			</trkpt>
			<trkpt lat="49.156359" lon="18.114869">
				<ele>779.000000</ele>
			</trkpt>
			<trkpt lat="49.156300" lon="18.114887">
				<ele>781.000000</ele>
			</trkpt>
			<trkpt lat="49.156189" lon="18.114950">
				<ele>784.000000</ele>
			</trkpt>
			<trkpt lat="49.156106" lon="18.115031">
				<ele>786.000000</ele>
			</trkpt>
			<trkpt lat="49.156042" lon="18.115121">
				<ele>787.000000</ele>
			</trkpt>
			<trkpt lat="49.155983" lon="18.115264">
				<ele>788.000000</ele>
			</trkpt>
			<trkpt lat="49.155848" lon="18.115660">
				<ele>790.000000</ele>
			</trkpt>
			<trkpt lat="49.155713" lon="18.115947">
				<ele>790.000000</ele>
			</trkpt>
			<trkpt lat="49.155607" lon="18.116136">
				<ele>790.000000</ele>
			</trkpt>
			<trkpt lat="49.155483" lon="18.116289">
				<ele>790.000000</ele>
			</trkpt>
			<trkpt lat="49.155383" lon="18.116405">
				<ele>790.000000</ele>
			</trkpt>
			<trkpt lat="49.155113" lon="18.116656">
				<ele>790.000000</ele>
			</trkpt>
			<trkpt lat="49.154985" lon="18.116792">
				<ele>790.000000</ele>
			</trkpt>
			<trkpt lat="49.154873" lon="18.116908">
				<ele>790.000000</ele>
			</trkpt>
			<trkpt lat="49.154755" lon="18.117025">
				<ele>790.000000</ele>
			</trkpt>
			<trkpt lat="49.154643" lon="18.117115">
				<ele>790.000000</ele>
			</trkpt>
			<trkpt lat="49.154415" lon="18.117268">
				<ele>791.000000</ele>
			</trkpt>
			<trkpt lat="49.154185" lon="18.117375">
				<ele>793.000000</ele>
			</trkpt>
			<trkpt lat="49.153651" lon="18.117600">
				<ele>803.000000</ele>
			</trkpt>
			<trkpt lat="49.153351" lon="18.117761">
				<ele>810.000000</ele>
			</trkpt>
			<trkpt lat="49.153251" lon="18.117824">
				<ele>811.000000</ele>
			</trkpt>
			<trkpt lat="49.153169" lon="18.117905">
				<ele>813.000000</ele>
			</trkpt>
			<trkpt lat="49.153092" lon="18.118004">
				<ele>814.000000</ele>
			</trkpt>
			<trkpt lat="49.153016" lon="18.118130">
				<ele>815.000000</ele>
			</trkpt>
			<trkpt lat="49.152892" lon="18.118409">
				<ele>815.000000</ele>
			</trkpt>
			<trkpt lat="49.152775" lon="18.118759">
				<ele>815.000000</ele>
			</trkpt>
			<trkpt lat="49.152569" lon="18.118606">
				<ele>812.000000</ele>
			</trkpt>
			<trkpt lat="49.152464" lon="18.118499">
				<ele>809.000000</ele>
			</trkpt>
			<trkpt lat="49.152464" lon="18.118499">
				<ele>809.000000</ele>
			</trkpt>
			<trkpt lat="49.152405" lon="18.118444">
				<ele>808.000000</ele>
			</trkpt>
			<trkpt lat="49.152352" lon="18.118381">
				<ele>807.000000</ele>
			</trkpt>
			<trkpt lat="49.152346" lon="18.118354">
				<ele>806.000000</ele>
			</trkpt>
			<trkpt lat="49.152346" lon="18.118327">
				<ele>806.000000</ele>
			</trkpt>
			<trkpt lat="49.152322" lon="18.118040">
				<ele>802.000000</ele>
			</trkpt>
			<trkpt lat="49.152305" lon="18.117798">
				<ele>799.000000</ele>
			</trkpt>
			<trkpt lat="49.152270" lon="18.117528">
				<ele>797.000000</ele>
			</trkpt>
			<trkpt lat="49.152205" lon="18.117214">
				<ele>793.000000</ele>
			</trkpt>
			<trkpt lat="49.152164" lon="18.117042">
				<ele>791.000000</ele>
			</trkpt>
			<trkpt lat="49.152111" lon="18.116872">
				<ele>789.000000</ele>
			</trkpt>
			<trkpt lat="49.152064" lon="18.116746">
				<ele>787.000000</ele>
			</trkpt>
			<trkpt lat="49.152005" lon="18.116612">
				<ele>785.000000</ele>
			</trkpt>
			<trkpt lat="49.151929" lon="18.116477">
				<ele>782.000000</ele>
			</trkpt>
			<trkpt lat="49.151847" lon="18.116369">
				<ele>780.000000</ele>
			</trkpt>
			<trkpt lat="49.151571" lon="18.116019">
				<ele>777.000000</ele>
			</trkpt>
			<trkpt lat="49.151394" lon="18.115551">
				<ele>775.000000</ele>
			</trkpt>
			<trkpt lat="49.151330" lon="18.115327">
				<ele>775.000000</ele>
			</trkpt>
			<trkpt lat="49.151271" lon="18.115121">
				<ele>775.000000</ele>
			</trkpt>
			<trkpt lat="49.151224" lon="18.114887">
				<ele>775.000000</ele>
			</trkpt>
			<trkpt lat="49.151201" lon="18.114681">
				<ele>775.000000</ele>
			</trkpt>
			<trkpt lat="49.151189" lon="18.114474">
				<ele>775.000000</ele>
			</trkpt>
			<trkpt lat="49.151207" lon="18.114168">
				<ele>775.000000</ele>
			</trkpt>
			<trkpt lat="49.151277" lon="18.113495">
				<ele>775.000000</ele>
			</trkpt>
			<trkpt lat="49.151300" lon="18.113054">
				<ele>775.000000</ele>
			</trkpt>
			<trkpt lat="49.151300" lon="18.112776">
				<ele>775.000000</ele>
			</trkpt>
			<trkpt lat="49.151254" lon="18.112031">
				<ele>775.000000</ele>
			</trkpt>
			<trkpt lat="49.151241" lon="18.111797">
				<ele>775.000000</ele>
			</trkpt>
			<trkpt lat="49.151230" lon="18.111582">
				<ele>775.000000</ele>
			</trkpt>
			<trkpt lat="49.151142" lon="18.110916">
				<ele>774.000000</ele>
			</trkpt>
			<trkpt lat="49.151089" lon="18.110602">
				<ele>772.000000</ele>
			</trkpt>
			<trkpt lat="49.150936" lon="18.109821">
				<ele>769.000000</ele>
			</trkpt>
			<trkpt lat="49.150860" lon="18.109416">
				<ele>768.000000</ele>
			</trkpt>
			<trkpt lat="49.150818" lon="18.109192">
				<ele>768.000000</ele>
			</trkpt>
			<trkpt lat="49.150754" lon="18.108958">
				<ele>768.000000</ele>
			</trkpt>
			<trkpt lat="49.150525" lon="18.108132">
				<ele>766.000000</ele>
			</trkpt>
			<trkpt lat="49.150266" lon="18.107243">
				<ele>764.000000</ele>
			</trkpt>
			<trkpt lat="49.149920" lon="18.106138">
				<ele>759.000000</ele>
			</trkpt>
			<trkpt lat="49.149878" lon="18.105993">
				<ele>759.000000</ele>
			</trkpt>
			<trkpt lat="49.149849" lon="18.105859">
				<ele>759.000000</ele>
			</trkpt>
			<trkpt lat="49.149825" lon="18.105733">
				<ele>758.000000</ele>
			</trkpt>
			<trkpt lat="49.149802" lon="18.105563">
				<ele>758.000000</ele>
			</trkpt>
			<trkpt lat="49.149790" lon="18.105302">
				<ele>758.000000</ele>
			</trkpt>
			<trkpt lat="49.149778" lon="18.104700">
				<ele>757.000000</ele>
			</trkpt>
			<trkpt lat="49.149761" lon="18.104413">
				<ele>756.000000</ele>
			</trkpt>
			<trkpt lat="49.149720" lon="18.103999">
				<ele>756.000000</ele>
			</trkpt>
			<trkpt lat="49.149650" lon="18.103515">
				<ele>754.000000</ele>
			</trkpt>
			<trkpt lat="49.149626" lon="18.103308">
				<ele>754.000000</ele>
			</trkpt>
			<trkpt lat="49.149573" lon="18.102957">
				<ele>753.000000</ele>
			</trkpt>
			<trkpt lat="49.149408" lon="18.102167">
				<ele>750.000000</ele>
			</trkpt>
			<trkpt lat="49.149332" lon="18.102176">
				<ele>750.000000</ele>
			</trkpt>
			<trkpt lat="49.149297" lon="18.102176">
				<ele>750.000000</ele>
			</trkpt>
			<trkpt lat="49.149150" lon="18.101645">
				<ele>757.000000</ele>
			</trkpt>
			<trkpt lat="49.149085" lon="18.101431">
				<ele>759.000000</ele>
			</trkpt>
			<trkpt lat="49.149027" lon="18.101305">
				<ele>760.000000</ele>
			</trkpt>
			<trkpt lat="49.148956" lon="18.101205">
				<ele>761.000000</ele>
			</trkpt>
			<trkpt lat="49.148868" lon="18.101142">
				<ele>762.000000</ele>
			</trkpt>
			<trkpt lat="49.148604" lon="18.100963">
				<ele>765.000000</ele>
			</trkpt>
			<trkpt lat="49.148363" lon="18.100775">
				<ele>768.000000</ele>
			</trkpt>
			<trkpt lat="49.148157" lon="18.100568">
				<ele>770.000000</ele>
			</trkpt>
			<trkpt lat="49.147840" lon="18.100200">
				<ele>773.000000</ele>
			</trkpt>
			<trkpt lat="49.147375" lon="18.099670">
				<ele>775.000000</ele>
			</trkpt>
			<trkpt lat="49.147064" lon="18.099265">
				<ele>775.000000</ele>
			</trkpt>
			<trkpt lat="49.146935" lon="18.099077">
				<ele>775.000000</ele>
			</trkpt>
			<trkpt lat="49.146794" lon="18.098861">
				<ele>775.000000</ele>
			</trkpt>
			<trkpt lat="49.146623" lon="18.098609">
				<ele>775.000000</ele>
			</trkpt>
			<trkpt lat="49.146424" lon="18.098268">
				<ele>775.000000</ele>
			</trkpt>
			<trkpt lat="49.146206" lon="18.097828">
				<ele>772.000000</ele>
			</trkpt>
			<trkpt lat="49.146118" lon="18.097639">
				<ele>772.000000</ele>
			</trkpt>
			<trkpt lat="49.146059" lon="18.097486">
				<ele>771.000000</ele>
			</trkpt>
			<trkpt lat="49.146000" lon="18.097316">
				<ele>770.000000</ele>
			</trkpt>
			<trkpt lat="49.145971" lon="18.097163">
				<ele>769.000000</ele>
			</trkpt>
			<trkpt lat="49.145947" lon="18.097001">
				<ele>768.000000</ele>
			</trkpt>
			<trkpt lat="49.145930" lon="18.096849">
				<ele>766.000000</ele>
			</trkpt>
			<trkpt lat="49.145918" lon="18.096670">
				<ele>765.000000</ele>
			</trkpt>
			<trkpt lat="49.145924" lon="18.096435">
				<ele>763.000000</ele>
			</trkpt>
			<trkpt lat="49.145930" lon="18.096255">
				<ele>762.000000</ele>
			</trkpt>
			<trkpt lat="49.145901" lon="18.096041">
				<ele>761.000000</ele>
			</trkpt>
			<trkpt lat="49.145835" lon="18.095672">
				<ele>758.000000</ele>
			</trkpt>
			<trkpt lat="49.145824" lon="18.095555">
				<ele>757.000000</ele>
			</trkpt>
			<trkpt lat="49.145824" lon="18.095439">
				<ele>756.000000</ele>
			</trkpt>
			<trkpt lat="49.145848" lon="18.095241">
				<ele>757.000000</ele>
			</trkpt>
			<trkpt lat="49.145947" lon="18.094576">
				<ele>760.000000</ele>
			</trkpt>
			<trkpt lat="49.146094" lon="18.093714">
				<ele>765.000000</ele>
			</trkpt>
			<trkpt lat="49.146106" lon="18.093660">
				<ele>765.000000</ele>
			</trkpt>
			<trkpt lat="49.146259" lon="18.093068">
				<ele>764.000000</ele>
			</trkpt>
			<trkpt lat="49.146330" lon="18.092852">
				<ele>764.000000</ele>
			</trkpt>
			<trkpt lat="49.146411" lon="18.092636">
				<ele>764.000000</ele>
			</trkpt>
			<trkpt lat="49.146494" lon="18.092439">
				<ele>763.000000</ele>
			</trkpt>
			<trkpt lat="49.146529" lon="18.092303">
				<ele>763.000000</ele>
			</trkpt>
			<trkpt lat="49.146553" lon="18.092123">
				<ele>763.000000</ele>
			</trkpt>
			<trkpt lat="49.146570" lon="18.091953">
				<ele>763.000000</ele>
			</trkpt>
			<trkpt lat="49.146564" lon="18.091747">
				<ele>762.000000</ele>
			</trkpt>
			<trkpt lat="49.146535" lon="18.091181">
				<ele>762.000000</ele>
			</trkpt>
			<trkpt lat="49.146541" lon="18.091018">
				<ele>761.000000</ele>
			</trkpt>
			<trkpt lat="49.146558" lon="18.090865">
				<ele>761.000000</ele>
			</trkpt>
			<trkpt lat="49.146594" lon="18.090678">
				<ele>761.000000</ele>
			</trkpt>
			<trkpt lat="49.146635" lon="18.090471">
				<ele>761.000000</ele>
			</trkpt>
			<trkpt lat="49.146794" lon="18.089949">
				<ele>760.000000</ele>
			</trkpt>
			<trkpt lat="49.146894" lon="18.089599">
				<ele>760.000000</ele>
			</trkpt>
			<trkpt lat="49.146952" lon="18.089330">
				<ele>760.000000</ele>
			</trkpt>
			<trkpt lat="49.146975" lon="18.089204">
				<ele>760.000000</ele>
			</trkpt>
			<trkpt lat="49.146987" lon="18.089043">
				<ele>760.000000</ele>
			</trkpt>
			<trkpt lat="49.147011" lon="18.088575">
				<ele>760.000000</ele>
			</trkpt>
			<trkpt lat="49.147047" lon="18.087911">
				<ele>760.000000</ele>
			</trkpt>
			<trkpt lat="49.147140" lon="18.086311">
				<ele>760.000000</ele>
			</trkpt>
			<trkpt lat="49.147164" lon="18.085791">
				<ele>759.000000</ele>
			</trkpt>
			<trkpt lat="49.147170" lon="18.085189">
				<ele>758.000000</ele>
			</trkpt>
			<trkpt lat="49.147170" lon="18.084552">
				<ele>758.000000</ele>
			</trkpt>
			<trkpt lat="49.147140" lon="18.084020">
				<ele>757.000000</ele>
			</trkpt>
			<trkpt lat="49.147081" lon="18.083437">
				<ele>756.000000</ele>
			</trkpt>
			<trkpt lat="49.146994" lon="18.082736">
				<ele>756.000000</ele>
			</trkpt>
			<trkpt lat="49.146947" lon="18.082439">
				<ele>755.000000</ele>
			</trkpt>
			<trkpt lat="49.146876" lon="18.082162">
				<ele>755.000000</ele>
			</trkpt>
			<trkpt lat="49.146782" lon="18.081928">
				<ele>753.000000</ele>
			</trkpt>
			<trkpt lat="49.146570" lon="18.081362">
				<ele>747.000000</ele>
			</trkpt>
			<trkpt lat="49.146447" lon="18.080994">
				<ele>743.000000</ele>
			</trkpt>
			<trkpt lat="49.146418" lon="18.080841">
				<ele>742.000000</ele>
			</trkpt>
			<trkpt lat="49.146394" lon="18.080707">
				<ele>741.000000</ele>
			</trkpt>
			<trkpt lat="49.146377" lon="18.080571">
				<ele>740.000000</ele>
			</trkpt>
			<trkpt lat="49.146382" lon="18.080428">
				<ele>738.000000</ele>
			</trkpt>
			<trkpt lat="49.146394" lon="18.080311">
				<ele>738.000000</ele>
			</trkpt>
			<trkpt lat="49.146418" lon="18.080149">
				<ele>736.000000</ele>
			</trkpt>
			<trkpt lat="49.146453" lon="18.079996">
				<ele>735.000000</ele>
			</trkpt>
			<trkpt lat="49.146511" lon="18.079825">
				<ele>733.000000</ele>
			</trkpt>
			<trkpt lat="49.146605" lon="18.079485">
				<ele>730.000000</ele>
			</trkpt>
			<trkpt lat="49.146647" lon="18.079323">
				<ele>730.000000</ele>
			</trkpt>
			<trkpt lat="49.146664" lon="18.079143">
				<ele>730.000000</ele>
			</trkpt>
			<trkpt lat="49.146688" lon="18.078982">
				<ele>730.000000</ele>
			</trkpt>
			<trkpt lat="49.146694" lon="18.078820">
				<ele>729.000000</ele>
			</trkpt>
			<trkpt lat="49.146700" lon="18.078657">
				<ele>729.000000</ele>
			</trkpt>
			<trkpt lat="49.146694" lon="18.078451">
				<ele>729.000000</ele>
			</trkpt>
			<trkpt lat="49.146676" lon="18.078244">
				<ele>729.000000</ele>
			</trkpt>
			<trkpt lat="49.146653" lon="18.078038">
				<ele>729.000000</ele>
			</trkpt>
			<trkpt lat="49.146588" lon="18.077644">
				<ele>728.000000</ele>
			</trkpt>
			<trkpt lat="49.146388" lon="18.076565">
				<ele>727.000000</ele>
			</trkpt>
			<trkpt lat="49.146330" lon="18.076286">
				<ele>727.000000</ele>
			</trkpt>
			<trkpt lat="49.146288" lon="18.076160">
				<ele>727.000000</ele>
			</trkpt>
			<trkpt lat="49.146235" lon="18.076036">
				<ele>727.000000</ele>
			</trkpt>
			<trkpt lat="49.146135" lon="18.075810">
				<ele>726.000000</ele>
			</trkpt>
			<trkpt lat="49.145912" lon="18.075380">
				<ele>726.000000</ele>
			</trkpt>
			<trkpt lat="49.145830" lon="18.075217">
				<ele>726.000000</ele>
			</trkpt>
			<trkpt lat="49.145742" lon="18.075020">
				<ele>725.000000</ele>
			</trkpt>
			<trkpt lat="49.145677" lon="18.074822">
				<ele>725.000000</ele>
			</trkpt>
			<trkpt lat="49.145618" lon="18.074625">
				<ele>725.000000</ele>
			</trkpt>
			<trkpt lat="49.145577" lon="18.074418">
				<ele>723.000000</ele>
			</trkpt>
			<trkpt lat="49.145548" lon="18.074212">
				<ele>721.000000</ele>
			</trkpt>
			<trkpt lat="49.145483" lon="18.073573">
				<ele>720.000000</ele>
			</trkpt>
			<trkpt lat="49.145454" lon="18.073367">
				<ele>720.000000</ele>
			</trkpt>
			<trkpt lat="49.145395" lon="18.073170">
				<ele>720.000000</ele>
			</trkpt>
			<trkpt lat="49.145318" lon="18.072990">
				<ele>720.000000</ele>
			</trkpt>
			<trkpt lat="49.145160" lon="18.072675">
				<ele>720.000000</ele>
			</trkpt>
			<trkpt lat="49.145048" lon="18.072451">
				<ele>720.000000</ele>
			</trkpt>
			<trkpt lat="49.144972" lon="18.072262">
				<ele>720.000000</ele>
			</trkpt>
			<trkpt lat="49.144895" lon="18.072082">
				<ele>720.000000</ele>
			</trkpt>
			<trkpt lat="49.144819" lon="18.071849">
				<ele>720.000000</ele>
			</trkpt>
			<trkpt lat="49.144696" lon="18.071499">
				<ele>720.000000</ele>
			</trkpt>
			<trkpt lat="49.144584" lon="18.071238">
				<ele>719.000000</ele>
			</trkpt>
			<trkpt lat="49.144467" lon="18.070986">
				<ele>718.000000</ele>
			</trkpt>
			<trkpt lat="49.144002" lon="18.070133">
				<ele>715.000000</ele>
			</trkpt>
			<trkpt lat="49.143838" lon="18.069828">
				<ele>715.000000</ele>
			</trkpt>
			<trkpt lat="49.143721" lon="18.069567">
				<ele>715.000000</ele>
			</trkpt>
			<trkpt lat="49.143638" lon="18.069315">
				<ele>715.000000</ele>
			</trkpt>
			<trkpt lat="49.143579" lon="18.069091">
				<ele>715.000000</ele>
			</trkpt>
			<trkpt lat="49.143356" lon="18.067933">
				<ele>715.000000</ele>
			</trkpt>
			<trkpt lat="49.143274" lon="18.067483">
				<ele>715.000000</ele>
			</trkpt>
			<trkpt lat="49.143139" lon="18.067160">
				<ele>715.000000</ele>
			</trkpt>
			<trkpt lat="49.142709" lon="18.066199">
				<ele>715.000000</ele>
			</trkpt>
			<trkpt lat="49.142586" lon="18.065875">
				<ele>715.000000</ele>
			</trkpt>
			<trkpt lat="49.142433" lon="18.065524">
				<ele>715.000000</ele>
			</trkpt>
			<trkpt lat="49.142233" lon="18.065130">
				<ele>715.000000</ele>
			</trkpt>
			<trkpt lat="49.142110" lon="18.064878">
				<ele>715.000000</ele>
			</trkpt>
			<trkpt lat="49.141969" lon="18.064644">
				<ele>715.000000</ele>
			</trkpt>
			<trkpt lat="49.141840" lon="18.064438">
				<ele>715.000000</ele>
			</trkpt>
			<trkpt lat="49.141675" lon="18.064186">
				<ele>717.000000</ele>
			</trkpt>
			<trkpt lat="49.141399" lon="18.063818">
				<ele>721.000000</ele>
			</trkpt>
			<trkpt lat="49.140694" lon="18.062910">
				<ele>731.000000</ele>
			</trkpt>
			<trkpt lat="49.140388" lon="18.062506">
				<ele>735.000000</ele>
			</trkpt>
			<trkpt lat="49.140200" lon="18.062156">
				<ele>735.000000</ele>
			</trkpt>
			<trkpt lat="49.140047" lon="18.061824">
				<ele>733.000000</ele>
			</trkpt>
			<trkpt lat="49.139542" lon="18.060620">
				<ele>722.000000</ele>
			</trkpt>
			<trkpt lat="49.139454" lon="18.060377">
				<ele>720.000000</ele>
			</trkpt>
			<trkpt lat="49.139389" lon="18.060126">
				<ele>717.000000</ele>
			</trkpt>
			<trkpt lat="49.139348" lon="18.059937">
				<ele>716.000000</ele>
			</trkpt>
			<trkpt lat="49.139295" lon="18.059767">
				<ele>714.000000</ele>
			</trkpt>
			<trkpt lat="49.139225" lon="18.059614">
				<ele>712.000000</ele>
			</trkpt>
			<trkpt lat="49.139095" lon="18.059371">
				<ele>710.000000</ele>
			</trkpt>
			<trkpt lat="49.139013" lon="18.059174">
				<ele>708.000000</ele>
			</trkpt>
			<trkpt lat="49.138978" lon="18.059084">
				<ele>707.000000</ele>
			</trkpt>
			<trkpt lat="49.138954" lon="18.058975">
				<ele>706.000000</ele>
			</trkpt>
			<trkpt lat="49.138925" lon="18.058751">
				<ele>705.000000</ele>
			</trkpt>
			<trkpt lat="49.138890" lon="18.058338">
				<ele>705.000000</ele>
			</trkpt>
			<trkpt lat="49.138884" lon="18.058168">
				<ele>705.000000</ele>
			</trkpt>
			<trkpt lat="49.138872" lon="18.058023">
				<ele>705.000000</ele>
			</trkpt>
			<trkpt lat="49.138848" lon="18.057889">
				<ele>705.000000</ele>
			</trkpt>
			<trkpt lat="49.138767" lon="18.057493">
				<ele>706.000000</ele>
			</trkpt>
			<trkpt lat="49.138695" lon="18.057188">
				<ele>709.000000</ele>
			</trkpt>
			<trkpt lat="49.138561" lon="18.056551">
				<ele>708.000000</ele>
			</trkpt>
			<trkpt lat="49.138490" lon="18.056470">
				<ele>708.000000</ele>
			</trkpt>
			<trkpt lat="49.138396" lon="18.056325">
				<ele>707.000000</ele>
			</trkpt>
			<trkpt lat="49.138325" lon="18.056164">
				<ele>706.000000</ele>
			</trkpt>
			<trkpt lat="49.138284" lon="18.056011">
				<ele>706.000000</ele>
			</trkpt>
			<trkpt lat="49.138231" lon="18.055733">
				<ele>704.000000</ele>
			</trkpt>
			<trkpt lat="49.138102" lon="18.055014">
				<ele>697.000000</ele>
			</trkpt>
			<trkpt lat="49.138026" lon="18.054656">
				<ele>695.000000</ele>
			</trkpt>
			<trkpt lat="49.137967" lon="18.054430">
				<ele>693.000000</ele>
			</trkpt>
			<trkpt lat="49.137902" lon="18.054224">
				<ele>692.000000</ele>
			</trkpt>
			<trkpt lat="49.137691" lon="18.053648">
				<ele>687.000000</ele>
			</trkpt>
			<trkpt lat="49.137615" lon="18.053406">
				<ele>685.000000</ele>
			</trkpt>
			<trkpt lat="49.137309" lon="18.052364">
				<ele>675.000000</ele>
			</trkpt>
			<trkpt lat="49.137056" lon="18.051430">
				<ele>667.000000</ele>
			</trkpt>
			<trkpt lat="49.136933" lon="18.050954">
				<ele>664.000000</ele>
			</trkpt>
			<trkpt lat="49.136774" lon="18.050262">
				<ele>660.000000</ele>
			</trkpt>
			<trkpt lat="49.136639" lon="18.049643">
				<ele>656.000000</ele>
			</trkpt>
			<trkpt lat="49.136515" lon="18.049094">
				<ele>652.000000</ele>
			</trkpt>
			<trkpt lat="49.136397" lon="18.048492">
				<ele>647.000000</ele>
			</trkpt>
			<trkpt lat="49.136339" lon="18.048214">
				<ele>645.000000</ele>
			</trkpt>
			<trkpt lat="49.136133" lon="18.047163">
				<ele>640.000000</ele>
			</trkpt>
			<trkpt lat="49.135910" lon="18.046148">
				<ele>640.000000</ele>
			</trkpt>
			<trkpt lat="49.135816" lon="18.045717">
				<ele>640.000000</ele>
			</trkpt>
			<trkpt lat="49.135793" lon="18.045574">
				<ele>640.000000</ele>
			</trkpt>
			<trkpt lat="49.135793" lon="18.045438">
				<ele>640.000000</ele>
			</trkpt>
			<trkpt lat="49.135793" lon="18.045151">
				<ele>640.000000</ele>
			</trkpt>
			<trkpt lat="49.135821" lon="18.044746">
				<ele>640.000000</ele>
			</trkpt>
			<trkpt lat="49.135863" lon="18.044469">
				<ele>640.000000</ele>
			</trkpt>
			<trkpt lat="49.135863" lon="18.044280">
				<ele>640.000000</ele>
			</trkpt>
			<trkpt lat="49.135845" lon="18.044127">
				<ele>640.000000</ele>
			</trkpt>
			<trkpt lat="49.135816" lon="18.044001">
				<ele>640.000000</ele>
			</trkpt>
			<trkpt lat="49.135775" lon="18.043876">
				<ele>641.000000</ele>
			</trkpt>
			<trkpt lat="49.135669" lon="18.043651">
				<ele>642.000000</ele>
			</trkpt>
			<trkpt lat="49.135528" lon="18.043274">
				<ele>645.000000</ele>
			</trkpt>
			<trkpt lat="49.135440" lon="18.043075">
				<ele>645.000000</ele>
			</trkpt>
			<trkpt lat="49.135363" lon="18.042914">
				<ele>645.000000</ele>
			</trkpt>
			<trkpt lat="49.135287" lon="18.042806">
				<ele>646.000000</ele>
			</trkpt>
			<trkpt lat="49.135199" lon="18.042689">
				<ele>646.000000</ele>
			</trkpt>
			<trkpt lat="49.135058" lon="18.042555">
				<ele>646.000000</ele>
			</trkpt>
			<trkpt lat="49.135022" lon="18.042509">
				<ele>646.000000</ele>
			</trkpt>
			<trkpt lat="49.134975" lon="18.042456">
				<ele>646.000000</ele>
			</trkpt>
			<trkpt lat="49.134893" lon="18.042303">
				<ele>647.000000</ele>
			</trkpt>
			<trkpt lat="49.134846" lon="18.042240">
				<ele>647.000000</ele>
			</trkpt>
			<trkpt lat="49.134688" lon="18.042096">
				<ele>647.000000</ele>
			</trkpt>
			<trkpt lat="49.134599" lon="18.042006">
				<ele>647.000000</ele>
			</trkpt>
			<trkpt lat="49.134535" lon="18.041989">
				<ele>647.000000</ele>
			</trkpt>
			<trkpt lat="49.134446" lon="18.041953">
				<ele>647.000000</ele>
			</trkpt>
			<trkpt lat="49.134417" lon="18.041943">
				<ele>648.000000</ele>
			</trkpt>
			<trkpt lat="49.134399" lon="18.041916">
				<ele>648.000000</ele>
			</trkpt>
			<trkpt lat="49.134246" lon="18.041603">
				<ele>648.000000</ele>
			</trkpt>
			<trkpt lat="49.134205" lon="18.041513">
				<ele>648.000000</ele>
			</trkpt>
			<trkpt lat="49.134182" lon="18.041432">
				<ele>648.000000</ele>
			</trkpt>
			<trkpt lat="49.134129" lon="18.041090">
				<ele>649.000000</ele>
			</trkpt>
			<trkpt lat="49.134082" lon="18.040821">
				<ele>649.000000</ele>
			</trkpt>
			<trkpt lat="49.133988" lon="18.040219">
				<ele>650.000000</ele>
			</trkpt>
			<trkpt lat="49.133894" lon="18.039698">
				<ele>652.000000</ele>
			</trkpt>
			<trkpt lat="49.133882" lon="18.039563">
				<ele>653.000000</ele>
			</trkpt>
			<trkpt lat="49.133865" lon="18.039402">
				<ele>654.000000</ele>
			</trkpt>
			<trkpt lat="49.133870" lon="18.039258">
				<ele>655.000000</ele>
			</trkpt>
			<trkpt lat="49.133888" lon="18.038970">
				<ele>655.000000</ele>
			</trkpt>
			<trkpt lat="49.133888" lon="18.038836">
				<ele>655.000000</ele>
			</trkpt>
			<trkpt lat="49.133876" lon="18.038566">
				<ele>654.000000</ele>
			</trkpt>
			<trkpt lat="49.133859" lon="18.038287">
				<ele>651.000000</ele>
			</trkpt>
			<trkpt lat="49.133817" lon="18.037901">
				<ele>646.000000</ele>
			</trkpt>
			<trkpt lat="49.133794" lon="18.037641">
				<ele>642.000000</ele>
			</trkpt>
			<trkpt lat="49.133765" lon="18.037362">
				<ele>637.000000</ele>
			</trkpt>
			<trkpt lat="49.133712" lon="18.037129">
				<ele>633.000000</ele>
			</trkpt>
			<trkpt lat="49.133653" lon="18.036905">
				<ele>628.000000</ele>
			</trkpt>
			<trkpt lat="49.133477" lon="18.036402">
				<ele>619.000000</ele>
			</trkpt>
			<trkpt lat="49.133418" lon="18.036230">
				<ele>616.000000</ele>
			</trkpt>
			<trkpt lat="49.133394" lon="18.036132">
				<ele>614.000000</ele>
			</trkpt>
			<trkpt lat="49.133371" lon="18.036024">
				<ele>613.000000</ele>
			</trkpt>
			<trkpt lat="49.133365" lon="18.035916">
				<ele>611.000000</ele>
			</trkpt>
			<trkpt lat="49.133359" lon="18.035746">
				<ele>609.000000</ele>
			</trkpt>
			<trkpt lat="49.133336" lon="18.035620">
				<ele>608.000000</ele>
			</trkpt>
			<trkpt lat="49.133294" lon="18.035485">
				<ele>606.000000</ele>
			</trkpt>
			<trkpt lat="49.133236" lon="18.035332">
				<ele>605.000000</ele>
			</trkpt>
			<trkpt lat="49.133136" lon="18.035062">
				<ele>602.000000</ele>
			</trkpt>
			<trkpt lat="49.133071" lon="18.034811">
				<ele>600.000000</ele>
			</trkpt>
			<trkpt lat="49.133030" lon="18.034559">
				<ele>599.000000</ele>
			</trkpt>
			<trkpt lat="49.132936" lon="18.033966">
				<ele>596.000000</ele>
			</trkpt>
			<trkpt lat="49.132877" lon="18.033500">
				<ele>595.000000</ele>
			</trkpt>
			<trkpt lat="49.132854" lon="18.033374">
				<ele>594.000000</ele>
			</trkpt>
			<trkpt lat="49.132830" lon="18.033276">
				<ele>594.000000</ele>
			</trkpt>
			<trkpt lat="49.132771" lon="18.033158">
				<ele>594.000000</ele>
			</trkpt>
			<trkpt lat="49.132613" lon="18.032907">
				<ele>593.000000</ele>
			</trkpt>
			<trkpt lat="49.132571" lon="18.032808">
				<ele>592.000000</ele>
			</trkpt>
			<trkpt lat="49.132542" lon="18.032710">
				<ele>592.000000</ele>
			</trkpt>
			<trkpt lat="49.132465" lon="18.032404">
				<ele>591.000000</ele>
			</trkpt>
			<trkpt lat="49.132430" lon="18.032314">
				<ele>591.000000</ele>
			</trkpt>
			<trkpt lat="49.132384" lon="18.032215">
				<ele>591.000000</ele>
			</trkpt>
			<trkpt lat="49.132860" lon="18.032179">
				<ele>585.000000</ele>
			</trkpt>
			<trkpt lat="49.132924" lon="18.032171">
				<ele>584.000000</ele>
			</trkpt>
			<trkpt lat="49.132977" lon="18.032144">
				<ele>583.000000</ele>
			</trkpt>
			<trkpt lat="49.133024" lon="18.032125">
				<ele>582.000000</ele>
			</trkpt>
			<trkpt lat="49.133071" lon="18.032071">
				<ele>581.000000</ele>
			</trkpt>
			<trkpt lat="49.133159" lon="18.031955">
				<ele>579.000000</ele>
			</trkpt>
			<trkpt lat="49.133241" lon="18.031766">
				<ele>576.000000</ele>
			</trkpt>
			<trkpt lat="49.133336" lon="18.031505">
				<ele>574.000000</ele>
			</trkpt>
			<trkpt lat="49.133394" lon="18.031290">
				<ele>572.000000</ele>
			</trkpt>
			<trkpt lat="49.133447" lon="18.031039">
				<ele>570.000000</ele>
			</trkpt>
			<trkpt lat="49.133512" lon="18.030624">
				<ele>567.000000</ele>
			</trkpt>
			<trkpt lat="49.133570" lon="18.030356">
				<ele>564.000000</ele>
			</trkpt>
			<trkpt lat="49.133653" lon="18.030113">
				<ele>561.000000</ele>
			</trkpt>
			<trkpt lat="49.133947" lon="18.029395">
				<ele>555.000000</ele>
			</trkpt>
			<trkpt lat="49.134217" lon="18.028783">
				<ele>552.000000</ele>
			</trkpt>
			<trkpt lat="49.134388" lon="18.028362">
				<ele>550.000000</ele>
			</trkpt>
			<trkpt lat="49.134758" lon="18.027616">
				<ele>543.000000</ele>
			</trkpt>
			<trkpt lat="49.134911" lon="18.027284">
				<ele>538.000000</ele>
			</trkpt>
			<trkpt lat="49.134999" lon="18.027131">
				<ele>536.000000</ele>
			</trkpt>
			<trkpt lat="49.135122" lon="18.026897">
				<ele>533.000000</ele>
			</trkpt>
			<trkpt lat="49.135175" lon="18.026834">
				<ele>532.000000</ele>
			</trkpt>
			<trkpt lat="49.135240" lon="18.026762">
				<ele>531.000000</ele>
			</trkpt>
			<trkpt lat="49.135322" lon="18.026682">
				<ele>529.000000</ele>
			</trkpt>
			<trkpt lat="49.135398" lon="18.026628">
				<ele>528.000000</ele>
			</trkpt>
			<trkpt lat="49.135481" lon="18.026609">
				<ele>526.000000</ele>
			</trkpt>
			<trkpt lat="49.135598" lon="18.026574">
				<ele>524.000000</ele>
			</trkpt>
			<trkpt lat="49.135740" lon="18.026565">
				<ele>521.000000</ele>
			</trkpt>
			<trkpt lat="49.136039" lon="18.026601">
				<ele>515.000000</ele>
			</trkpt>
			<trkpt lat="49.136121" lon="18.026592">
				<ele>513.000000</ele>
			</trkpt>
			<trkpt lat="49.136210" lon="18.026555">
				<ele>511.000000</ele>
			</trkpt>
			<trkpt lat="49.136292" lon="18.026511">
				<ele>510.000000</ele>
			</trkpt>
			<trkpt lat="49.136344" lon="18.026456">
				<ele>509.000000</ele>
			</trkpt>
			<trkpt lat="49.136544" lon="18.026179">
				<ele>505.000000</ele>
			</trkpt>
			<trkpt lat="49.136644" lon="18.026062">
				<ele>504.000000</ele>
			</trkpt>
			<trkpt lat="49.136662" lon="18.025873">
				<ele>503.000000</ele>
			</trkpt>
			<trkpt lat="49.136697" lon="18.025450">
				<ele>500.000000</ele>
			</trkpt>
			<trkpt lat="49.136739" lon="18.025146">
				<ele>496.000000</ele>
			</trkpt>
			<trkpt lat="49.136815" lon="18.025001">
				<ele>493.000000</ele>
			</trkpt>
			<trkpt lat="49.136874" lon="18.024911">
				<ele>491.000000</ele>
			</trkpt>
			<trkpt lat="49.136939" lon="18.024831">
				<ele>490.000000</ele>
			</trkpt>
			<trkpt lat="49.137020" lon="18.024741">
				<ele>488.000000</ele>
			</trkpt>
			<trkpt lat="49.137185" lon="18.024588">
				<ele>485.000000</ele>
			</trkpt>
			<trkpt lat="49.137291" lon="18.024445">
				<ele>483.000000</ele>
			</trkpt>
			<trkpt lat="49.137379" lon="18.024265">
				<ele>480.000000</ele>
			</trkpt>
			<trkpt lat="49.137462" lon="18.024041">
				<ele>477.000000</ele>
			</trkpt>
			<trkpt lat="49.137549" lon="18.023771">
				<ele>474.000000</ele>
			</trkpt>
			<trkpt lat="49.137638" lon="18.023555">
				<ele>472.000000</ele>
			</trkpt>
			<trkpt lat="49.137749" lon="18.023376">
				<ele>470.000000</ele>
			</trkpt>
			<trkpt lat="49.137891" lon="18.023160">
				<ele>468.000000</ele>
			</trkpt>
			<trkpt lat="49.138096" lon="18.022917">
				<ele>466.000000</ele>
			</trkpt>
			<trkpt lat="49.138191" lon="18.022764">
				<ele>465.000000</ele>
			</trkpt>
			<trkpt lat="49.138225" lon="18.022674">
				<ele>464.000000</ele>
			</trkpt>
			<trkpt lat="49.138249" lon="18.022594">
				<ele>463.000000</ele>
			</trkpt>
			<trkpt lat="49.138267" lon="18.022496">
				<ele>461.000000</ele>
			</trkpt>
			<trkpt lat="49.138272" lon="18.022387">
				<ele>460.000000</ele>
			</trkpt>
			<trkpt lat="49.138284" lon="18.022271">
				<ele>458.000000</ele>
			</trkpt>
			<trkpt lat="49.138302" lon="18.022163">
				<ele>456.000000</ele>
			</trkpt>
			<trkpt lat="49.138331" lon="18.022064">
				<ele>453.000000</ele>
			</trkpt>
			<trkpt lat="49.138390" lon="18.021902">
				<ele>449.000000</ele>
			</trkpt>
			<trkpt lat="49.139207" lon="18.019900">
				<ele>425.000000</ele>
			</trkpt>
			<trkpt lat="49.139624" lon="18.018812">
				<ele>414.000000</ele>
			</trkpt>
			<trkpt lat="49.139548" lon="18.018749">
				<ele>414.000000</ele>
			</trkpt>
			<trkpt lat="49.139465" lon="18.018705">
				<ele>413.000000</ele>
			</trkpt>
			<trkpt lat="49.139377" lon="18.018642">
				<ele>413.000000</ele>
			</trkpt>
			<trkpt lat="49.139295" lon="18.018569">
				<ele>412.000000</ele>
			</trkpt>
			<trkpt lat="49.139218" lon="18.018453">
				<ele>412.000000</ele>
			</trkpt>
			<trkpt lat="49.139160" lon="18.018326">
				<ele>411.000000</ele>
			</trkpt>
			<trkpt lat="49.139201" lon="18.018210">
				<ele>411.000000</ele>
			</trkpt>
			<trkpt lat="49.139277" lon="18.018093">
				<ele>411.000000</ele>
			</trkpt>
			<trkpt lat="49.139660" lon="18.017464">
				<ele>407.000000</ele>
			</trkpt>
			<trkpt lat="49.139754" lon="18.017347">
				<ele>405.000000</ele>
			</trkpt>
			<trkpt lat="49.139754" lon="18.017231">
				<ele>405.000000</ele>
			</trkpt>
			<trkpt lat="49.139777" lon="18.017078">
				<ele>404.000000</ele>
			</trkpt>
			<trkpt lat="49.139824" lon="18.016961">
				<ele>404.000000</ele>
			</trkpt>
			<trkpt lat="49.140036" lon="18.016477">
				<ele>401.000000</ele>
			</trkpt>
			<trkpt lat="49.140183" lon="18.016099">
				<ele>399.000000</ele>
			</trkpt>
			<trkpt lat="49.140306" lon="18.015722">
				<ele>397.000000</ele>
			</trkpt>
			<trkpt lat="49.140459" lon="18.015200">
				<ele>395.000000</ele>
			</trkpt>
			<trkpt lat="49.140547" lon="18.014932">
				<ele>393.000000</ele>
			</trkpt>
			<trkpt lat="49.140576" lon="18.014797">
				<ele>393.000000</ele>
			</trkpt>
			<trkpt lat="49.140588" lon="18.014671">
				<ele>392.000000</ele>
			</trkpt>
			<trkpt lat="49.140570" lon="18.014563">
				<ele>392.000000</ele>
			</trkpt>
			<trkpt lat="49.140541" lon="18.014464">
				<ele>391.000000</ele>
			</trkpt>
			<trkpt lat="49.140488" lon="18.014338">
				<ele>391.000000</ele>
			</trkpt>
			<trkpt lat="49.140377" lon="18.014123">
				<ele>390.000000</ele>
			</trkpt>
			<trkpt lat="49.140241" lon="18.013908">
				<ele>390.000000</ele>
			</trkpt>
			<trkpt lat="49.140136" lon="18.013755">
				<ele>389.000000</ele>
			</trkpt>
			<trkpt lat="49.140100" lon="18.013701">
				<ele>389.000000</ele>
			</trkpt>
			<trkpt lat="49.140083" lon="18.013611">
				<ele>389.000000</ele>
			</trkpt>
			<trkpt lat="49.140071" lon="18.013548">
				<ele>389.000000</ele>
			</trkpt>
			<trkpt lat="49.140071" lon="18.013476">
				<ele>389.000000</ele>
			</trkpt>
			<trkpt lat="49.140083" lon="18.013395">
				<ele>389.000000</ele>
			</trkpt>
			<trkpt lat="49.140100" lon="18.013296">
				<ele>389.000000</ele>
			</trkpt>
			<trkpt lat="49.140130" lon="18.013206">
				<ele>388.000000</ele>
			</trkpt>
			<trkpt lat="49.140177" lon="18.013099">
				<ele>388.000000</ele>
			</trkpt>
			<trkpt lat="49.140318" lon="18.012919">
				<ele>388.000000</ele>
			</trkpt>
			<trkpt lat="49.140570" lon="18.012489">
				<ele>387.000000</ele>
			</trkpt>
			<trkpt lat="49.140706" lon="18.012290">
				<ele>387.000000</ele>
			</trkpt>
			<trkpt lat="49.140835" lon="18.012137">
				<ele>387.000000</ele>
			</trkpt>
			<trkpt lat="49.140982" lon="18.011994">
				<ele>386.000000</ele>
			</trkpt>
			<trkpt lat="49.141146" lon="18.011886">
				<ele>386.000000</ele>
			</trkpt>
			<trkpt lat="49.141387" lon="18.011680">
				<ele>385.000000</ele>
			</trkpt>
			<trkpt lat="49.141505" lon="18.011518">
				<ele>385.000000</ele>
			</trkpt>
			<trkpt lat="49.141387" lon="18.011321">
				<ele>385.000000</ele>
			</trkpt>
			<trkpt lat="49.141317" lon="18.011122">
				<ele>385.000000</ele>
			</trkpt>
			<trkpt lat="49.141240" lon="18.010764">
				<ele>385.000000</ele>
			</trkpt>
			<trkpt lat="49.141170" lon="18.010565">
				<ele>385.000000</ele>
			</trkpt>
			<trkpt lat="49.141093" lon="18.010422">
				<ele>385.000000</ele>
			</trkpt>
			<trkpt lat="49.141017" lon="18.010296">
				<ele>385.000000</ele>
			</trkpt>
			<trkpt lat="49.140929" lon="18.010206">
				<ele>385.000000</ele>
			</trkpt>
			<trkpt lat="49.140806" lon="18.010089">
				<ele>385.000000</ele>
			</trkpt>
			<trkpt lat="49.140377" lon="18.009739">
				<ele>388.000000</ele>
			</trkpt>
			<trkpt lat="49.140464" lon="18.009273">
				<ele>390.000000</ele>
			</trkpt>
			<trkpt lat="49.140553" lon="18.008805">
				<ele>392.000000</ele>
			</trkpt>
			<trkpt lat="49.140606" lon="18.008472">
				<ele>393.000000</ele>
			</trkpt>
			<trkpt lat="49.140629" lon="18.008302">
				<ele>399.000000</ele>
			</trkpt>
			<trkpt lat="49.140670" lon="18.008095">
				<ele>399.000000</ele>
			</trkpt>
			<trkpt lat="49.140688" lon="18.007961">
				<ele>399.000000</ele>
			</trkpt>
			<trkpt lat="49.140712" lon="18.007755">
				<ele>400.000000</ele>
			</trkpt>
			<trkpt lat="49.140712" lon="18.007592">
				<ele>400.000000</ele>
			</trkpt>
			<trkpt lat="49.140694" lon="18.007512">
				<ele>400.000000</ele>
			</trkpt>
			<trkpt lat="49.140670" lon="18.007439">
				<ele>400.000000</ele>
			</trkpt>
			<trkpt lat="49.140541" lon="18.007170">
				<ele>401.000000</ele>
			</trkpt>
			<trkpt lat="49.140429" lon="18.007323">
				<ele>400.000000</ele>
			</trkpt>
			<trkpt lat="49.140453" lon="18.007350">
				<ele>400.000000</ele>
			</trkpt>
		</trkseg>
	</trk>
</gpx>

