<?xml version="1.0" encoding="utf-8"?>
<gpx xmlns="http://www.topografix.com/GPX/1/1" version="1.1" creator="https://mapy.com/">
	<trk>
		<name>15_Česká Kanada</name>
		<trkseg>
			<trkpt lat="48.894594" lon="15.812864">
				<ele>315.000000</ele>
			</trkpt>
			<trkpt lat="48.894623" lon="15.812648">
				<ele>315.000000</ele>
			</trkpt>
			<trkpt lat="48.894641" lon="15.812442">
				<ele>315.000000</ele>
			</trkpt>
			<trkpt lat="48.894670" lon="15.812262">
				<ele>315.000000</ele>
			</trkpt>
			<trkpt lat="48.894706" lon="15.812155">
				<ele>315.000000</ele>
			</trkpt>
			<trkpt lat="48.894765" lon="15.812074">
				<ele>315.000000</ele>
			</trkpt>
			<trkpt lat="48.894842" lon="15.811992">
				<ele>315.000000</ele>
			</trkpt>
			<trkpt lat="48.895025" lon="15.811965">
				<ele>313.000000</ele>
			</trkpt>
			<trkpt lat="48.895166" lon="15.811975">
				<ele>311.000000</ele>
			</trkpt>
			<trkpt lat="48.895202" lon="15.811975">
				<ele>311.000000</ele>
			</trkpt>
			<trkpt lat="48.895249" lon="15.811957">
				<ele>310.000000</ele>
			</trkpt>
			<trkpt lat="48.895332" lon="15.811894">
				<ele>310.000000</ele>
			</trkpt>
			<trkpt lat="48.895521" lon="15.811992">
				<ele>310.000000</ele>
			</trkpt>
			<trkpt lat="48.895680" lon="15.812101">
				<ele>310.000000</ele>
			</trkpt>
			<trkpt lat="48.895840" lon="15.812218">
				<ele>310.000000</ele>
			</trkpt>
			<trkpt lat="48.895993" lon="15.812344">
				<ele>310.000000</ele>
			</trkpt>
			<trkpt lat="48.896129" lon="15.812478">
				<ele>310.000000</ele>
			</trkpt>
			<trkpt lat="48.896188" lon="15.812558">
				<ele>310.000000</ele>
			</trkpt>
			<trkpt lat="48.896324" lon="15.812810">
				<ele>310.000000</ele>
			</trkpt>
			<trkpt lat="48.896560" lon="15.813332">
				<ele>312.000000</ele>
			</trkpt>
			<trkpt lat="48.896643" lon="15.813466">
				<ele>313.000000</ele>
			</trkpt>
			<trkpt lat="48.896737" lon="15.813619">
				<ele>314.000000</ele>
			</trkpt>
			<trkpt lat="48.896920" lon="15.813898">
				<ele>314.000000</ele>
			</trkpt>
			<trkpt lat="48.897133" lon="15.814382">
				<ele>315.000000</ele>
			</trkpt>
			<trkpt lat="48.897263" lon="15.814642">
				<ele>316.000000</ele>
			</trkpt>
			<trkpt lat="48.897399" lon="15.814885">
				<ele>316.000000</ele>
			</trkpt>
			<trkpt lat="48.897541" lon="15.815218">
				<ele>317.000000</ele>
			</trkpt>
			<trkpt lat="48.897635" lon="15.815424">
				<ele>318.000000</ele>
			</trkpt>
			<trkpt lat="48.897688" lon="15.815533">
				<ele>318.000000</ele>
			</trkpt>
			<trkpt lat="48.897771" lon="15.815604">
				<ele>318.000000</ele>
			</trkpt>
			<trkpt lat="48.897859" lon="15.815649">
				<ele>318.000000</ele>
			</trkpt>
			<trkpt lat="48.897960" lon="15.815649">
				<ele>319.000000</ele>
			</trkpt>
			<trkpt lat="48.898066" lon="15.815604">
				<ele>319.000000</ele>
			</trkpt>
			<trkpt lat="48.898155" lon="15.815523">
				<ele>319.000000</ele>
			</trkpt>
			<trkpt lat="48.898219" lon="15.815460">
				<ele>319.000000</ele>
			</trkpt>
			<trkpt lat="48.898284" lon="15.815361">
				<ele>320.000000</ele>
			</trkpt>
			<trkpt lat="48.898473" lon="15.815298">
				<ele>322.000000</ele>
			</trkpt>
			<trkpt lat="48.898615" lon="15.815236">
				<ele>326.000000</ele>
			</trkpt>
			<trkpt lat="48.898734" lon="15.815200">
				<ele>328.000000</ele>
			</trkpt>
			<trkpt lat="48.898987" lon="15.815101">
				<ele>331.000000</ele>
			</trkpt>
			<trkpt lat="48.899076" lon="15.815084">
				<ele>332.000000</ele>
			</trkpt>
			<trkpt lat="48.899159" lon="15.815084">
				<ele>332.000000</ele>
			</trkpt>
			<trkpt lat="48.899259" lon="15.815092">
				<ele>333.000000</ele>
			</trkpt>
			<trkpt lat="48.899235" lon="15.815244">
				<ele>334.000000</ele>
			</trkpt>
			<trkpt lat="48.899218" lon="15.815424">
				<ele>335.000000</ele>
			</trkpt>
			<trkpt lat="48.899212" lon="15.815560">
				<ele>336.000000</ele>
			</trkpt>
			<trkpt lat="48.899218" lon="15.815667">
				<ele>336.000000</ele>
			</trkpt>
			<trkpt lat="48.899241" lon="15.815747">
				<ele>337.000000</ele>
			</trkpt>
			<trkpt lat="48.899306" lon="15.815873">
				<ele>338.000000</ele>
			</trkpt>
			<trkpt lat="48.899389" lon="15.815954">
				<ele>338.000000</ele>
			</trkpt>
			<trkpt lat="48.900322" lon="15.817005">
				<ele>345.000000</ele>
			</trkpt>
			<trkpt lat="48.900422" lon="15.817105">
				<ele>345.000000</ele>
			</trkpt>
			<trkpt lat="48.900529" lon="15.817176">
				<ele>345.000000</ele>
			</trkpt>
			<trkpt lat="48.900653" lon="15.817248">
				<ele>346.000000</ele>
			</trkpt>
			<trkpt lat="48.900818" lon="15.817320">
				<ele>346.000000</ele>
			</trkpt>
			<trkpt lat="48.900966" lon="15.817365">
				<ele>346.000000</ele>
			</trkpt>
			<trkpt lat="48.901249" lon="15.817418">
				<ele>347.000000</ele>
			</trkpt>
			<trkpt lat="48.901857" lon="15.817554">
				<ele>348.000000</ele>
			</trkpt>
			<trkpt lat="48.902672" lon="15.817768">
				<ele>349.000000</ele>
			</trkpt>
			<trkpt lat="48.903222" lon="15.817931">
				<ele>350.000000</ele>
			</trkpt>
			<trkpt lat="48.903475" lon="15.818003">
				<ele>350.000000</ele>
			</trkpt>
			<trkpt lat="48.903824" lon="15.818120">
				<ele>350.000000</ele>
			</trkpt>
			<trkpt lat="48.904077" lon="15.818164">
				<ele>350.000000</ele>
			</trkpt>
			<trkpt lat="48.904231" lon="15.818164">
				<ele>350.000000</ele>
			</trkpt>
			<trkpt lat="48.904473" lon="15.818156">
				<ele>350.000000</ele>
			</trkpt>
			<trkpt lat="48.904869" lon="15.818093">
				<ele>350.000000</ele>
			</trkpt>
			<trkpt lat="48.905022" lon="15.818057">
				<ele>350.000000</ele>
			</trkpt>
			<trkpt lat="48.905176" lon="15.818021">
				<ele>350.000000</ele>
			</trkpt>
			<trkpt lat="48.905253" lon="15.817976">
				<ele>350.000000</ele>
			</trkpt>
			<trkpt lat="48.905371" lon="15.817886">
				<ele>350.000000</ele>
			</trkpt>
			<trkpt lat="48.905430" lon="15.817858">
				<ele>350.000000</ele>
			</trkpt>
			<trkpt lat="48.905471" lon="15.817841">
				<ele>350.000000</ele>
			</trkpt>
			<trkpt lat="48.905536" lon="15.817868">
				<ele>350.000000</ele>
			</trkpt>
			<trkpt lat="48.905748" lon="15.818038">
				<ele>350.000000</ele>
			</trkpt>
			<trkpt lat="48.905973" lon="15.818218">
				<ele>350.000000</ele>
			</trkpt>
			<trkpt lat="48.906168" lon="15.818397">
				<ele>350.000000</ele>
			</trkpt>
			<trkpt lat="48.906351" lon="15.818577">
				<ele>350.000000</ele>
			</trkpt>
			<trkpt lat="48.906617" lon="15.818883">
				<ele>350.000000</ele>
			</trkpt>
			<trkpt lat="48.906847" lon="15.819215">
				<ele>350.000000</ele>
			</trkpt>
			<trkpt lat="48.907000" lon="15.819449">
				<ele>350.000000</ele>
			</trkpt>
			<trkpt lat="48.907142" lon="15.819709">
				<ele>350.000000</ele>
			</trkpt>
			<trkpt lat="48.907284" lon="15.819988">
				<ele>350.000000</ele>
			</trkpt>
			<trkpt lat="48.907443" lon="15.820321">
				<ele>350.000000</ele>
			</trkpt>
			<trkpt lat="48.907478" lon="15.820357">
				<ele>350.000000</ele>
			</trkpt>
			<trkpt lat="48.907532" lon="15.820392">
				<ele>350.000000</ele>
			</trkpt>
			<trkpt lat="48.907720" lon="15.820392">
				<ele>350.000000</ele>
			</trkpt>
			<trkpt lat="48.907903" lon="15.820357">
				<ele>351.000000</ele>
			</trkpt>
			<trkpt lat="48.907998" lon="15.820330">
				<ele>351.000000</ele>
			</trkpt>
			<trkpt lat="48.908081" lon="15.820311">
				<ele>351.000000</ele>
			</trkpt>
			<trkpt lat="48.908152" lon="15.820330">
				<ele>351.000000</ele>
			</trkpt>
			<trkpt lat="48.908234" lon="15.820347">
				<ele>351.000000</ele>
			</trkpt>
			<trkpt lat="48.908270" lon="15.820357">
				<ele>351.000000</ele>
			</trkpt>
			<trkpt lat="48.908358" lon="15.820418">
				<ele>351.000000</ele>
			</trkpt>
			<trkpt lat="48.908429" lon="15.820508">
				<ele>351.000000</ele>
			</trkpt>
			<trkpt lat="48.908494" lon="15.820598">
				<ele>352.000000</ele>
			</trkpt>
			<trkpt lat="48.908707" lon="15.820984">
				<ele>352.000000</ele>
			</trkpt>
			<trkpt lat="48.908807" lon="15.821102">
				<ele>352.000000</ele>
			</trkpt>
			<trkpt lat="48.908896" lon="15.821192">
				<ele>352.000000</ele>
			</trkpt>
			<trkpt lat="48.909008" lon="15.821246">
				<ele>352.000000</ele>
			</trkpt>
			<trkpt lat="48.909161" lon="15.821273">
				<ele>353.000000</ele>
			</trkpt>
			<trkpt lat="48.909315" lon="15.821309">
				<ele>353.000000</ele>
			</trkpt>
			<trkpt lat="48.909439" lon="15.821372">
				<ele>353.000000</ele>
			</trkpt>
			<trkpt lat="48.909539" lon="15.821470">
				<ele>353.000000</ele>
			</trkpt>
			<trkpt lat="48.909639" lon="15.821623">
				<ele>353.000000</ele>
			</trkpt>
			<trkpt lat="48.909692" lon="15.821730">
				<ele>354.000000</ele>
			</trkpt>
			<trkpt lat="48.909717" lon="15.821856">
				<ele>354.000000</ele>
			</trkpt>
			<trkpt lat="48.909717" lon="15.821965">
				<ele>354.000000</ele>
			</trkpt>
			<trkpt lat="48.909699" lon="15.822089">
				<ele>354.000000</ele>
			</trkpt>
			<trkpt lat="48.909652" lon="15.822269">
				<ele>354.000000</ele>
			</trkpt>
			<trkpt lat="48.909639" lon="15.822414">
				<ele>354.000000</ele>
			</trkpt>
			<trkpt lat="48.909652" lon="15.822539">
				<ele>354.000000</ele>
			</trkpt>
			<trkpt lat="48.909681" lon="15.822665">
				<ele>354.000000</ele>
			</trkpt>
			<trkpt lat="48.909746" lon="15.822755">
				<ele>355.000000</ele>
			</trkpt>
			<trkpt lat="48.909781" lon="15.822791">
				<ele>355.000000</ele>
			</trkpt>
			<trkpt lat="48.909817" lon="15.822818">
				<ele>355.000000</ele>
			</trkpt>
			<trkpt lat="48.909864" lon="15.822827">
				<ele>355.000000</ele>
			</trkpt>
			<trkpt lat="48.909899" lon="15.822827">
				<ele>355.000000</ele>
			</trkpt>
			<trkpt lat="48.909988" lon="15.822791">
				<ele>355.000000</ele>
			</trkpt>
			<trkpt lat="48.910059" lon="15.822737">
				<ele>355.000000</ele>
			</trkpt>
			<trkpt lat="48.910136" lon="15.822665">
				<ele>355.000000</ele>
			</trkpt>
			<trkpt lat="48.910195" lon="15.822584">
				<ele>355.000000</ele>
			</trkpt>
			<trkpt lat="48.910437" lon="15.822206">
				<ele>355.000000</ele>
			</trkpt>
			<trkpt lat="48.910879" lon="15.821560">
				<ele>355.000000</ele>
			</trkpt>
			<trkpt lat="48.910968" lon="15.821524">
				<ele>355.000000</ele>
			</trkpt>
			<trkpt lat="48.911039" lon="15.821497">
				<ele>355.000000</ele>
			</trkpt>
			<trkpt lat="48.911115" lon="15.821497">
				<ele>355.000000</ele>
			</trkpt>
			<trkpt lat="48.911169" lon="15.821524">
				<ele>355.000000</ele>
			</trkpt>
			<trkpt lat="48.911311" lon="15.821703">
				<ele>355.000000</ele>
			</trkpt>
			<trkpt lat="48.911381" lon="15.821829">
				<ele>355.000000</ele>
			</trkpt>
			<trkpt lat="48.911435" lon="15.821965">
				<ele>355.000000</ele>
			</trkpt>
			<trkpt lat="48.911523" lon="15.822279">
				<ele>355.000000</ele>
			</trkpt>
			<trkpt lat="48.911564" lon="15.822431">
				<ele>355.000000</ele>
			</trkpt>
			<trkpt lat="48.911629" lon="15.822611">
				<ele>355.000000</ele>
			</trkpt>
			<trkpt lat="48.911700" lon="15.822772">
				<ele>355.000000</ele>
			</trkpt>
			<trkpt lat="48.911777" lon="15.822952">
				<ele>355.000000</ele>
			</trkpt>
			<trkpt lat="48.911930" lon="15.823213">
				<ele>355.000000</ele>
			</trkpt>
			<trkpt lat="48.912184" lon="15.823617">
				<ele>355.000000</ele>
			</trkpt>
			<trkpt lat="48.912255" lon="15.823743">
				<ele>355.000000</ele>
			</trkpt>
			<trkpt lat="48.912326" lon="15.823896">
				<ele>355.000000</ele>
			</trkpt>
			<trkpt lat="48.912503" lon="15.824345">
				<ele>355.000000</ele>
			</trkpt>
			<trkpt lat="48.912574" lon="15.824498">
				<ele>355.000000</ele>
			</trkpt>
			<trkpt lat="48.912639" lon="15.824632">
				<ele>355.000000</ele>
			</trkpt>
			<trkpt lat="48.912698" lon="15.824749">
				<ele>355.000000</ele>
			</trkpt>
			<trkpt lat="48.912774" lon="15.824829">
				<ele>355.000000</ele>
			</trkpt>
			<trkpt lat="48.912833" lon="15.824884">
				<ele>355.000000</ele>
			</trkpt>
			<trkpt lat="48.912904" lon="15.824938">
				<ele>355.000000</ele>
			</trkpt>
			<trkpt lat="48.913123" lon="15.825064">
				<ele>355.000000</ele>
			</trkpt>
			<trkpt lat="48.913193" lon="15.825135">
				<ele>355.000000</ele>
			</trkpt>
			<trkpt lat="48.913264" lon="15.825208">
				<ele>355.000000</ele>
			</trkpt>
			<trkpt lat="48.913300" lon="15.825288">
				<ele>355.000000</ele>
			</trkpt>
			<trkpt lat="48.913389" lon="15.825531">
				<ele>355.000000</ele>
			</trkpt>
			<trkpt lat="48.913430" lon="15.825621">
				<ele>355.000000</ele>
			</trkpt>
			<trkpt lat="48.913477" lon="15.825647">
				<ele>355.000000</ele>
			</trkpt>
			<trkpt lat="48.913513" lon="15.825630">
				<ele>355.000000</ele>
			</trkpt>
			<trkpt lat="48.913548" lon="15.825567">
				<ele>355.000000</ele>
			</trkpt>
			<trkpt lat="48.913595" lon="15.825441">
				<ele>355.000000</ele>
			</trkpt>
			<trkpt lat="48.913643" lon="15.825305">
				<ele>355.000000</ele>
			</trkpt>
			<trkpt lat="48.913696" lon="15.825181">
				<ele>355.000000</ele>
			</trkpt>
			<trkpt lat="48.913761" lon="15.825064">
				<ele>355.000000</ele>
			</trkpt>
			<trkpt lat="48.913826" lon="15.824965">
				<ele>355.000000</ele>
			</trkpt>
			<trkpt lat="48.913885" lon="15.824884">
				<ele>355.000000</ele>
			</trkpt>
			<trkpt lat="48.913949" lon="15.824821">
				<ele>355.000000</ele>
			</trkpt>
			<trkpt lat="48.914014" lon="15.824776">
				<ele>355.000000</ele>
			</trkpt>
			<trkpt lat="48.914079" lon="15.824766">
				<ele>355.000000</ele>
			</trkpt>
			<trkpt lat="48.914186" lon="15.824758">
				<ele>355.000000</ele>
			</trkpt>
			<trkpt lat="48.914274" lon="15.824785">
				<ele>355.000000</ele>
			</trkpt>
			<trkpt lat="48.914345" lon="15.824829">
				<ele>355.000000</ele>
			</trkpt>
			<trkpt lat="48.914463" lon="15.824919">
				<ele>355.000000</ele>
			</trkpt>
			<trkpt lat="48.914587" lon="15.825009">
				<ele>355.000000</ele>
			</trkpt>
			<trkpt lat="48.914687" lon="15.825055">
				<ele>355.000000</ele>
			</trkpt>
			<trkpt lat="48.914776" lon="15.825055">
				<ele>355.000000</ele>
			</trkpt>
			<trkpt lat="48.914877" lon="15.825028">
				<ele>355.000000</ele>
			</trkpt>
			<trkpt lat="48.915307" lon="15.824812">
				<ele>355.000000</ele>
			</trkpt>
			<trkpt lat="48.915437" lon="15.824766">
				<ele>355.000000</ele>
			</trkpt>
			<trkpt lat="48.915573" lon="15.824739">
				<ele>355.000000</ele>
			</trkpt>
			<trkpt lat="48.915679" lon="15.824722">
				<ele>355.000000</ele>
			</trkpt>
			<trkpt lat="48.915768" lon="15.824739">
				<ele>355.000000</ele>
			</trkpt>
			<trkpt lat="48.915856" lon="15.824794">
				<ele>355.000000</ele>
			</trkpt>
			<trkpt lat="48.915945" lon="15.824884">
				<ele>355.000000</ele>
			</trkpt>
			<trkpt lat="48.916081" lon="15.825018">
				<ele>355.000000</ele>
			</trkpt>
			<trkpt lat="48.916205" lon="15.825118">
				<ele>355.000000</ele>
			</trkpt>
			<trkpt lat="48.916334" lon="15.825189">
				<ele>355.000000</ele>
			</trkpt>
			<trkpt lat="48.916482" lon="15.825261">
				<ele>355.000000</ele>
			</trkpt>
			<trkpt lat="48.916683" lon="15.825315">
				<ele>355.000000</ele>
			</trkpt>
			<trkpt lat="48.916854" lon="15.825342">
				<ele>355.000000</ele>
			</trkpt>
			<trkpt lat="48.917031" lon="15.825351">
				<ele>355.000000</ele>
			</trkpt>
			<trkpt lat="48.917220" lon="15.825315">
				<ele>355.000000</ele>
			</trkpt>
			<trkpt lat="48.917474" lon="15.825242">
				<ele>355.000000</ele>
			</trkpt>
			<trkpt lat="48.917698" lon="15.825181">
				<ele>355.000000</ele>
			</trkpt>
			<trkpt lat="48.917952" lon="15.825108">
				<ele>355.000000</ele>
			</trkpt>
			<trkpt lat="48.918265" lon="15.824974">
				<ele>355.000000</ele>
			</trkpt>
			<trkpt lat="48.918412" lon="15.824938">
				<ele>355.000000</ele>
			</trkpt>
			<trkpt lat="48.918536" lon="15.824911">
				<ele>355.000000</ele>
			</trkpt>
			<trkpt lat="48.918642" lon="15.824929">
				<ele>355.000000</ele>
			</trkpt>
			<trkpt lat="48.918755" lon="15.824955">
				<ele>355.000000</ele>
			</trkpt>
			<trkpt lat="48.918825" lon="15.824992">
				<ele>355.000000</ele>
			</trkpt>
			<trkpt lat="48.918884" lon="15.825081">
				<ele>355.000000</ele>
			</trkpt>
			<trkpt lat="48.918949" lon="15.825171">
				<ele>355.000000</ele>
			</trkpt>
			<trkpt lat="48.919008" lon="15.825324">
				<ele>356.000000</ele>
			</trkpt>
			<trkpt lat="48.919061" lon="15.825495">
				<ele>356.000000</ele>
			</trkpt>
			<trkpt lat="48.919179" lon="15.825871">
				<ele>356.000000</ele>
			</trkpt>
			<trkpt lat="48.919280" lon="15.826339">
				<ele>356.000000</ele>
			</trkpt>
			<trkpt lat="48.919564" lon="15.827686">
				<ele>358.000000</ele>
			</trkpt>
			<trkpt lat="48.919640" lon="15.828064">
				<ele>358.000000</ele>
			</trkpt>
			<trkpt lat="48.919658" lon="15.828261">
				<ele>358.000000</ele>
			</trkpt>
			<trkpt lat="48.919676" lon="15.828424">
				<ele>358.000000</ele>
			</trkpt>
			<trkpt lat="48.919682" lon="15.828603">
				<ele>358.000000</ele>
			</trkpt>
			<trkpt lat="48.919682" lon="15.828800">
				<ele>358.000000</ele>
			</trkpt>
			<trkpt lat="48.919658" lon="15.829286">
				<ele>359.000000</ele>
			</trkpt>
			<trkpt lat="48.919646" lon="15.829582">
				<ele>359.000000</ele>
			</trkpt>
			<trkpt lat="48.919652" lon="15.829842">
				<ele>359.000000</ele>
			</trkpt>
			<trkpt lat="48.919688" lon="15.830085">
				<ele>359.000000</ele>
			</trkpt>
			<trkpt lat="48.919758" lon="15.830445">
				<ele>360.000000</ele>
			</trkpt>
			<trkpt lat="48.919800" lon="15.830660">
				<ele>360.000000</ele>
			</trkpt>
			<trkpt lat="48.919829" lon="15.830840">
				<ele>360.000000</ele>
			</trkpt>
			<trkpt lat="48.919835" lon="15.831020">
				<ele>360.000000</ele>
			</trkpt>
			<trkpt lat="48.919835" lon="15.831261">
				<ele>360.000000</ele>
			</trkpt>
			<trkpt lat="48.919829" lon="15.831387">
				<ele>361.000000</ele>
			</trkpt>
			<trkpt lat="48.919841" lon="15.831630">
				<ele>361.000000</ele>
			</trkpt>
			<trkpt lat="48.919870" lon="15.832152">
				<ele>361.000000</ele>
			</trkpt>
			<trkpt lat="48.919876" lon="15.832429">
				<ele>361.000000</ele>
			</trkpt>
			<trkpt lat="48.919876" lon="15.832932">
				<ele>362.000000</ele>
			</trkpt>
			<trkpt lat="48.919882" lon="15.833301">
				<ele>362.000000</ele>
			</trkpt>
			<trkpt lat="48.919894" lon="15.833678">
				<ele>362.000000</ele>
			</trkpt>
			<trkpt lat="48.919947" lon="15.834163">
				<ele>363.000000</ele>
			</trkpt>
			<trkpt lat="48.919965" lon="15.834280">
				<ele>363.000000</ele>
			</trkpt>
			<trkpt lat="48.920000" lon="15.834397">
				<ele>363.000000</ele>
			</trkpt>
			<trkpt lat="48.920059" lon="15.834477">
				<ele>363.000000</ele>
			</trkpt>
			<trkpt lat="48.920130" lon="15.834559">
				<ele>363.000000</ele>
			</trkpt>
			<trkpt lat="48.920207" lon="15.834603">
				<ele>363.000000</ele>
			</trkpt>
			<trkpt lat="48.920284" lon="15.834640">
				<ele>363.000000</ele>
			</trkpt>
			<trkpt lat="48.920366" lon="15.834630">
				<ele>363.000000</ele>
			</trkpt>
			<trkpt lat="48.920431" lon="15.834603">
				<ele>363.000000</ele>
			</trkpt>
			<trkpt lat="48.920590" lon="15.834513">
				<ele>364.000000</ele>
			</trkpt>
			<trkpt lat="48.920638" lon="15.834496">
				<ele>364.000000</ele>
			</trkpt>
			<trkpt lat="48.920691" lon="15.834496">
				<ele>364.000000</ele>
			</trkpt>
			<trkpt lat="48.920667" lon="15.834217">
				<ele>362.000000</ele>
			</trkpt>
			<trkpt lat="48.920620" lon="15.833930">
				<ele>360.000000</ele>
			</trkpt>
			<trkpt lat="48.920537" lon="15.833544">
				<ele>350.000000</ele>
			</trkpt>
			<trkpt lat="48.920590" lon="15.833445">
				<ele>350.000000</ele>
			</trkpt>
			<trkpt lat="48.920655" lon="15.833310">
				<ele>351.000000</ele>
			</trkpt>
			<trkpt lat="48.920856" lon="15.832806">
				<ele>352.000000</ele>
			</trkpt>
			<trkpt lat="48.920927" lon="15.832645">
				<ele>353.000000</ele>
			</trkpt>
			<trkpt lat="48.921021" lon="15.832475">
				<ele>353.000000</ele>
			</trkpt>
			<trkpt lat="48.921104" lon="15.832340">
				<ele>354.000000</ele>
			</trkpt>
			<trkpt lat="48.921187" lon="15.832232">
				<ele>354.000000</ele>
			</trkpt>
			<trkpt lat="48.921264" lon="15.832124">
				<ele>354.000000</ele>
			</trkpt>
			<trkpt lat="48.921346" lon="15.832043">
				<ele>355.000000</ele>
			</trkpt>
			<trkpt lat="48.921447" lon="15.831944">
				<ele>355.000000</ele>
			</trkpt>
			<trkpt lat="48.921565" lon="15.831863">
				<ele>355.000000</ele>
			</trkpt>
			<trkpt lat="48.921706" lon="15.831774">
				<ele>356.000000</ele>
			</trkpt>
			<trkpt lat="48.921818" lon="15.831711">
				<ele>356.000000</ele>
			</trkpt>
			<trkpt lat="48.921936" lon="15.831657">
				<ele>356.000000</ele>
			</trkpt>
			<trkpt lat="48.922055" lon="15.831630">
				<ele>356.000000</ele>
			</trkpt>
			<trkpt lat="48.922161" lon="15.831621">
				<ele>356.000000</ele>
			</trkpt>
			<trkpt lat="48.922267" lon="15.831621">
				<ele>357.000000</ele>
			</trkpt>
			<trkpt lat="48.922403" lon="15.831648">
				<ele>357.000000</ele>
			</trkpt>
			<trkpt lat="48.922715" lon="15.831764">
				<ele>357.000000</ele>
			</trkpt>
			<trkpt lat="48.922857" lon="15.831819">
				<ele>358.000000</ele>
			</trkpt>
			<trkpt lat="48.922952" lon="15.831890">
				<ele>358.000000</ele>
			</trkpt>
			<trkpt lat="48.923028" lon="15.831963">
				<ele>358.000000</ele>
			</trkpt>
			<trkpt lat="48.923099" lon="15.832043">
				<ele>358.000000</ele>
			</trkpt>
			<trkpt lat="48.923152" lon="15.832152">
				<ele>358.000000</ele>
			</trkpt>
			<trkpt lat="48.923199" lon="15.832259">
				<ele>358.000000</ele>
			</trkpt>
			<trkpt lat="48.923223" lon="15.832385">
				<ele>358.000000</ele>
			</trkpt>
			<trkpt lat="48.923235" lon="15.832510">
				<ele>359.000000</ele>
			</trkpt>
			<trkpt lat="48.923229" lon="15.832628">
				<ele>359.000000</ele>
			</trkpt>
			<trkpt lat="48.923211" lon="15.832779">
				<ele>359.000000</ele>
			</trkpt>
			<trkpt lat="48.923164" lon="15.833022">
				<ele>359.000000</ele>
			</trkpt>
			<trkpt lat="48.923070" lon="15.833624">
				<ele>360.000000</ele>
			</trkpt>
			<trkpt lat="48.923034" lon="15.833804">
				<ele>360.000000</ele>
			</trkpt>
			<trkpt lat="48.922987" lon="15.833993">
				<ele>360.000000</ele>
			</trkpt>
			<trkpt lat="48.922922" lon="15.834181">
				<ele>361.000000</ele>
			</trkpt>
			<trkpt lat="48.922804" lon="15.834504">
				<ele>362.000000</ele>
			</trkpt>
			<trkpt lat="48.922757" lon="15.834630">
				<ele>362.000000</ele>
			</trkpt>
			<trkpt lat="48.922733" lon="15.834739">
				<ele>363.000000</ele>
			</trkpt>
			<trkpt lat="48.922721" lon="15.834846">
				<ele>363.000000</ele>
			</trkpt>
			<trkpt lat="48.922710" lon="15.834945">
				<ele>363.000000</ele>
			</trkpt>
			<trkpt lat="48.922721" lon="15.835026">
				<ele>363.000000</ele>
			</trkpt>
			<trkpt lat="48.922739" lon="15.835098">
				<ele>364.000000</ele>
			</trkpt>
			<trkpt lat="48.922774" lon="15.835152">
				<ele>364.000000</ele>
			</trkpt>
			<trkpt lat="48.922816" lon="15.835188">
				<ele>364.000000</ele>
			</trkpt>
			<trkpt lat="48.922863" lon="15.835215">
				<ele>364.000000</ele>
			</trkpt>
			<trkpt lat="48.922928" lon="15.835223">
				<ele>365.000000</ele>
			</trkpt>
			<trkpt lat="48.923052" lon="15.835205">
				<ele>365.000000</ele>
			</trkpt>
			<trkpt lat="48.923306" lon="15.835196">
				<ele>369.000000</ele>
			</trkpt>
			<trkpt lat="48.923365" lon="15.835196">
				<ele>370.000000</ele>
			</trkpt>
			<trkpt lat="48.923435" lon="15.835215">
				<ele>370.000000</ele>
			</trkpt>
			<trkpt lat="48.923494" lon="15.835232">
				<ele>371.000000</ele>
			</trkpt>
			<trkpt lat="48.923548" lon="15.835268">
				<ele>371.000000</ele>
			</trkpt>
			<trkpt lat="48.923660" lon="15.835368">
				<ele>373.000000</ele>
			</trkpt>
			<trkpt lat="48.923825" lon="15.835565">
				<ele>375.000000</ele>
			</trkpt>
			<trkpt lat="48.923896" lon="15.835645">
				<ele>375.000000</ele>
			</trkpt>
			<trkpt lat="48.923967" lon="15.835672">
				<ele>376.000000</ele>
			</trkpt>
			<trkpt lat="48.924002" lon="15.835672">
				<ele>376.000000</ele>
			</trkpt>
			<trkpt lat="48.924026" lon="15.835664">
				<ele>377.000000</ele>
			</trkpt>
			<trkpt lat="48.924056" lon="15.835645">
				<ele>377.000000</ele>
			</trkpt>
			<trkpt lat="48.924073" lon="15.835619">
				<ele>377.000000</ele>
			</trkpt>
			<trkpt lat="48.924227" lon="15.835368">
				<ele>380.000000</ele>
			</trkpt>
			<trkpt lat="48.924357" lon="15.835179">
				<ele>381.000000</ele>
			</trkpt>
			<trkpt lat="48.924445" lon="15.835053">
				<ele>382.000000</ele>
			</trkpt>
			<trkpt lat="48.924528" lon="15.834963">
				<ele>383.000000</ele>
			</trkpt>
			<trkpt lat="48.924846" lon="15.834666">
				<ele>386.000000</ele>
			</trkpt>
			<trkpt lat="48.924970" lon="15.834532">
				<ele>387.000000</ele>
			</trkpt>
			<trkpt lat="48.925053" lon="15.834433">
				<ele>388.000000</ele>
			</trkpt>
			<trkpt lat="48.925118" lon="15.834343">
				<ele>389.000000</ele>
			</trkpt>
			<trkpt lat="48.925171" lon="15.834236">
				<ele>389.000000</ele>
			</trkpt>
			<trkpt lat="48.925218" lon="15.834127">
				<ele>390.000000</ele>
			</trkpt>
			<trkpt lat="48.925265" lon="15.833993">
				<ele>391.000000</ele>
			</trkpt>
			<trkpt lat="48.925301" lon="15.833840">
				<ele>392.000000</ele>
			</trkpt>
			<trkpt lat="48.925401" lon="15.833337">
				<ele>395.000000</ele>
			</trkpt>
			<trkpt lat="48.925513" lon="15.832915">
				<ele>395.000000</ele>
			</trkpt>
			<trkpt lat="48.925643" lon="15.832538">
				<ele>396.000000</ele>
			</trkpt>
			<trkpt lat="48.925826" lon="15.832089">
				<ele>396.000000</ele>
			</trkpt>
			<trkpt lat="48.926127" lon="15.831370">
				<ele>397.000000</ele>
			</trkpt>
			<trkpt lat="48.926210" lon="15.831137">
				<ele>397.000000</ele>
			</trkpt>
			<trkpt lat="48.926293" lon="15.830848">
				<ele>398.000000</ele>
			</trkpt>
			<trkpt lat="48.926399" lon="15.830282">
				<ele>398.000000</ele>
			</trkpt>
			<trkpt lat="48.926416" lon="15.830121">
				<ele>398.000000</ele>
			</trkpt>
			<trkpt lat="48.926428" lon="15.829942">
				<ele>398.000000</ele>
			</trkpt>
			<trkpt lat="48.926446" lon="15.829626">
				<ele>399.000000</ele>
			</trkpt>
			<trkpt lat="48.926505" lon="15.829024">
				<ele>399.000000</ele>
			</trkpt>
			<trkpt lat="48.926517" lon="15.828890">
				<ele>399.000000</ele>
			</trkpt>
			<trkpt lat="48.926535" lon="15.828791">
				<ele>399.000000</ele>
			</trkpt>
			<trkpt lat="48.926582" lon="15.828647">
				<ele>400.000000</ele>
			</trkpt>
			<trkpt lat="48.926647" lon="15.828495">
				<ele>400.000000</ele>
			</trkpt>
			<trkpt lat="48.926682" lon="15.828414">
				<ele>400.000000</ele>
			</trkpt>
			<trkpt lat="48.926729" lon="15.828252">
				<ele>400.000000</ele>
			</trkpt>
			<trkpt lat="48.926735" lon="15.828171">
				<ele>401.000000</ele>
			</trkpt>
			<trkpt lat="48.926747" lon="15.828091">
				<ele>401.000000</ele>
			</trkpt>
			<trkpt lat="48.926729" lon="15.827911">
				<ele>403.000000</ele>
			</trkpt>
			<trkpt lat="48.926688" lon="15.827668">
				<ele>405.000000</ele>
			</trkpt>
			<trkpt lat="48.926670" lon="15.827552">
				<ele>405.000000</ele>
			</trkpt>
			<trkpt lat="48.926670" lon="15.827462">
				<ele>406.000000</ele>
			</trkpt>
			<trkpt lat="48.926670" lon="15.827355">
				<ele>407.000000</ele>
			</trkpt>
			<trkpt lat="48.926688" lon="15.827183">
				<ele>408.000000</ele>
			</trkpt>
			<trkpt lat="48.926753" lon="15.826789">
				<ele>411.000000</ele>
			</trkpt>
			<trkpt lat="48.926841" lon="15.826339">
				<ele>414.000000</ele>
			</trkpt>
			<trkpt lat="48.926889" lon="15.826114">
				<ele>415.000000</ele>
			</trkpt>
			<trkpt lat="48.926953" lon="15.825926">
				<ele>416.000000</ele>
			</trkpt>
			<trkpt lat="48.927024" lon="15.825728">
				<ele>417.000000</ele>
			</trkpt>
			<trkpt lat="48.927142" lon="15.825458">
				<ele>418.000000</ele>
			</trkpt>
			<trkpt lat="48.927361" lon="15.824982">
				<ele>420.000000</ele>
			</trkpt>
			<trkpt lat="48.927437" lon="15.824785">
				<ele>421.000000</ele>
			</trkpt>
			<trkpt lat="48.927502" lon="15.824552">
				<ele>422.000000</ele>
			</trkpt>
			<trkpt lat="48.927520" lon="15.824416">
				<ele>423.000000</ele>
			</trkpt>
			<trkpt lat="48.927538" lon="15.824263">
				<ele>424.000000</ele>
			</trkpt>
			<trkpt lat="48.927538" lon="15.824076">
				<ele>424.000000</ele>
			</trkpt>
			<trkpt lat="48.927532" lon="15.823653">
				<ele>426.000000</ele>
			</trkpt>
			<trkpt lat="48.927544" lon="15.823500">
				<ele>427.000000</ele>
			</trkpt>
			<trkpt lat="48.927573" lon="15.823311">
				<ele>428.000000</ele>
			</trkpt>
			<trkpt lat="48.927638" lon="15.823132">
				<ele>428.000000</ele>
			</trkpt>
			<trkpt lat="48.928122" lon="15.821929">
				<ele>432.000000</ele>
			</trkpt>
			<trkpt lat="48.928488" lon="15.820994">
				<ele>435.000000</ele>
			</trkpt>
			<trkpt lat="48.929055" lon="15.819466">
				<ele>440.000000</ele>
			</trkpt>
			<trkpt lat="48.929072" lon="15.819405">
				<ele>440.000000</ele>
			</trkpt>
			<trkpt lat="48.929078" lon="15.819332">
				<ele>440.000000</ele>
			</trkpt>
			<trkpt lat="48.929574" lon="15.819152">
				<ele>442.000000</ele>
			</trkpt>
			<trkpt lat="48.930565" lon="15.818730">
				<ele>445.000000</ele>
			</trkpt>
			<trkpt lat="48.930860" lon="15.818632">
				<ele>445.000000</ele>
			</trkpt>
			<trkpt lat="48.931185" lon="15.818533">
				<ele>446.000000</ele>
			</trkpt>
			<trkpt lat="48.931392" lon="15.818470">
				<ele>446.000000</ele>
			</trkpt>
			<trkpt lat="48.931575" lon="15.818380">
				<ele>446.000000</ele>
			</trkpt>
			<trkpt lat="48.931734" lon="15.818273">
				<ele>446.000000</ele>
			</trkpt>
			<trkpt lat="48.931929" lon="15.818110">
				<ele>446.000000</ele>
			</trkpt>
			<trkpt lat="48.932000" lon="15.818183">
				<ele>446.000000</ele>
			</trkpt>
			<trkpt lat="48.932135" lon="15.818290">
				<ele>446.000000</ele>
			</trkpt>
			<trkpt lat="48.932100" lon="15.818047">
				<ele>446.000000</ele>
			</trkpt>
			<trkpt lat="48.932088" lon="15.817967">
				<ele>446.000000</ele>
			</trkpt>
			<trkpt lat="48.932100" lon="15.817841">
				<ele>447.000000</ele>
			</trkpt>
			<trkpt lat="48.932129" lon="15.817544">
				<ele>447.000000</ele>
			</trkpt>
			<trkpt lat="48.932224" lon="15.816925">
				<ele>449.000000</ele>
			</trkpt>
			<trkpt lat="48.932442" lon="15.815334">
				<ele>451.000000</ele>
			</trkpt>
			<trkpt lat="48.932548" lon="15.814544">
				<ele>452.000000</ele>
			</trkpt>
			<trkpt lat="48.932649" lon="15.813852">
				<ele>453.000000</ele>
			</trkpt>
			<trkpt lat="48.933014" lon="15.811463">
				<ele>455.000000</ele>
			</trkpt>
			<trkpt lat="48.933186" lon="15.810241">
				<ele>457.000000</ele>
			</trkpt>
			<trkpt lat="48.933245" lon="15.809855">
				<ele>457.000000</ele>
			</trkpt>
			<trkpt lat="48.933439" lon="15.808678">
				<ele>459.000000</ele>
			</trkpt>
			<trkpt lat="48.933451" lon="15.808579">
				<ele>459.000000</ele>
			</trkpt>
			<trkpt lat="48.933451" lon="15.808480">
				<ele>459.000000</ele>
			</trkpt>
			<trkpt lat="48.933427" lon="15.808112">
				<ele>459.000000</ele>
			</trkpt>
			<trkpt lat="48.933427" lon="15.807996">
				<ele>460.000000</ele>
			</trkpt>
			<trkpt lat="48.933445" lon="15.807852">
				<ele>460.000000</ele>
			</trkpt>
			<trkpt lat="48.933492" lon="15.807734">
				<ele>460.000000</ele>
			</trkpt>
			<trkpt lat="48.933581" lon="15.807780">
				<ele>460.000000</ele>
			</trkpt>
			<trkpt lat="48.933675" lon="15.807789">
				<ele>460.000000</ele>
			</trkpt>
			<trkpt lat="48.933770" lon="15.807789">
				<ele>460.000000</ele>
			</trkpt>
			<trkpt lat="48.933888" lon="15.807770">
				<ele>460.000000</ele>
			</trkpt>
			<trkpt lat="48.933953" lon="15.807726">
				<ele>460.000000</ele>
			</trkpt>
			<trkpt lat="48.934006" lon="15.807663">
				<ele>460.000000</ele>
			</trkpt>
			<trkpt lat="48.934036" lon="15.807591">
				<ele>460.000000</ele>
			</trkpt>
			<trkpt lat="48.934141" lon="15.807331">
				<ele>460.000000</ele>
			</trkpt>
			<trkpt lat="48.934219" lon="15.807214">
				<ele>460.000000</ele>
			</trkpt>
			<trkpt lat="48.934278" lon="15.807160">
				<ele>460.000000</ele>
			</trkpt>
			<trkpt lat="48.934343" lon="15.807133">
				<ele>460.000000</ele>
			</trkpt>
			<trkpt lat="48.934413" lon="15.807160">
				<ele>460.000000</ele>
			</trkpt>
			<trkpt lat="48.936762" lon="15.808508">
				<ele>449.000000</ele>
			</trkpt>
			<trkpt lat="48.937783" lon="15.809082">
				<ele>445.000000</ele>
			</trkpt>
			<trkpt lat="48.938526" lon="15.809558">
				<ele>445.000000</ele>
			</trkpt>
			<trkpt lat="48.938857" lon="15.808652">
				<ele>445.000000</ele>
			</trkpt>
			<trkpt lat="48.939152" lon="15.807807">
				<ele>445.000000</ele>
			</trkpt>
			<trkpt lat="48.939417" lon="15.806971">
				<ele>445.000000</ele>
			</trkpt>
			<trkpt lat="48.939694" lon="15.806028">
				<ele>445.000000</ele>
			</trkpt>
			<trkpt lat="48.939972" lon="15.805076">
				<ele>445.000000</ele>
			</trkpt>
			<trkpt lat="48.940421" lon="15.803566">
				<ele>443.000000</ele>
			</trkpt>
			<trkpt lat="48.940662" lon="15.802767">
				<ele>441.000000</ele>
			</trkpt>
			<trkpt lat="48.940839" lon="15.802183">
				<ele>440.000000</ele>
			</trkpt>
			<trkpt lat="48.941170" lon="15.801204">
				<ele>439.000000</ele>
			</trkpt>
			<trkpt lat="48.941665" lon="15.799767">
				<ele>437.000000</ele>
			</trkpt>
			<trkpt lat="48.941718" lon="15.799614">
				<ele>437.000000</ele>
			</trkpt>
			<trkpt lat="48.941766" lon="15.799444">
				<ele>437.000000</ele>
			</trkpt>
			<trkpt lat="48.941848" lon="15.799048">
				<ele>436.000000</ele>
			</trkpt>
			<trkpt lat="48.941907" lon="15.798652">
				<ele>436.000000</ele>
			</trkpt>
			<trkpt lat="48.941943" lon="15.798212">
				<ele>436.000000</ele>
			</trkpt>
			<trkpt lat="48.941966" lon="15.797916">
				<ele>435.000000</ele>
			</trkpt>
			<trkpt lat="48.941990" lon="15.797656">
				<ele>435.000000</ele>
			</trkpt>
			<trkpt lat="48.942037" lon="15.797440">
				<ele>435.000000</ele>
			</trkpt>
			<trkpt lat="48.942084" lon="15.797252">
				<ele>435.000000</ele>
			</trkpt>
			<trkpt lat="48.942102" lon="15.797180">
				<ele>435.000000</ele>
			</trkpt>
			<trkpt lat="48.942137" lon="15.797126">
				<ele>435.000000</ele>
			</trkpt>
			<trkpt lat="48.942279" lon="15.796910">
				<ele>435.000000</ele>
			</trkpt>
			<trkpt lat="48.942314" lon="15.796830">
				<ele>435.000000</ele>
			</trkpt>
			<trkpt lat="48.942344" lon="15.796721">
				<ele>436.000000</ele>
			</trkpt>
			<trkpt lat="48.942379" lon="15.796677">
				<ele>436.000000</ele>
			</trkpt>
			<trkpt lat="48.942403" lon="15.796623">
				<ele>436.000000</ele>
			</trkpt>
			<trkpt lat="48.942421" lon="15.796568">
				<ele>436.000000</ele>
			</trkpt>
			<trkpt lat="48.942421" lon="15.796507">
				<ele>436.000000</ele>
			</trkpt>
			<trkpt lat="48.942409" lon="15.796380">
				<ele>437.000000</ele>
			</trkpt>
			<trkpt lat="48.942391" lon="15.796201">
				<ele>437.000000</ele>
			</trkpt>
			<trkpt lat="48.942391" lon="15.796048">
				<ele>438.000000</ele>
			</trkpt>
			<trkpt lat="48.942403" lon="15.795912">
				<ele>438.000000</ele>
			</trkpt>
			<trkpt lat="48.942438" lon="15.795752">
				<ele>438.000000</ele>
			</trkpt>
			<trkpt lat="48.942550" lon="15.795249">
				<ele>440.000000</ele>
			</trkpt>
			<trkpt lat="48.942680" lon="15.794773">
				<ele>441.000000</ele>
			</trkpt>
			<trkpt lat="48.942828" lon="15.794341">
				<ele>442.000000</ele>
			</trkpt>
			<trkpt lat="48.943117" lon="15.793497">
				<ele>445.000000</ele>
			</trkpt>
			<trkpt lat="48.943193" lon="15.793308">
				<ele>446.000000</ele>
			</trkpt>
			<trkpt lat="48.943347" lon="15.792975">
				<ele>448.000000</ele>
			</trkpt>
			<trkpt lat="48.943624" lon="15.792329">
				<ele>451.000000</ele>
			</trkpt>
			<trkpt lat="48.943748" lon="15.792033">
				<ele>452.000000</ele>
			</trkpt>
			<trkpt lat="48.943813" lon="15.791826">
				<ele>452.000000</ele>
			</trkpt>
			<trkpt lat="48.943848" lon="15.791637">
				<ele>453.000000</ele>
			</trkpt>
			<trkpt lat="48.943878" lon="15.791430">
				<ele>454.000000</ele>
			</trkpt>
			<trkpt lat="48.943890" lon="15.791224">
				<ele>454.000000</ele>
			</trkpt>
			<trkpt lat="48.943901" lon="15.790801">
				<ele>455.000000</ele>
			</trkpt>
			<trkpt lat="48.943895" lon="15.790667">
				<ele>455.000000</ele>
			</trkpt>
			<trkpt lat="48.943878" lon="15.790541">
				<ele>455.000000</ele>
			</trkpt>
			<trkpt lat="48.943842" lon="15.790362">
				<ele>455.000000</ele>
			</trkpt>
			<trkpt lat="48.943807" lon="15.790281">
				<ele>455.000000</ele>
			</trkpt>
			<trkpt lat="48.943772" lon="15.790218">
				<ele>455.000000</ele>
			</trkpt>
			<trkpt lat="48.943736" lon="15.790155">
				<ele>455.000000</ele>
			</trkpt>
			<trkpt lat="48.943689" lon="15.790119">
				<ele>455.000000</ele>
			</trkpt>
			<trkpt lat="48.943648" lon="15.790075">
				<ele>455.000000</ele>
			</trkpt>
			<trkpt lat="48.943577" lon="15.790029">
				<ele>455.000000</ele>
			</trkpt>
			<trkpt lat="48.943494" lon="15.789993">
				<ele>455.000000</ele>
			</trkpt>
			<trkpt lat="48.943423" lon="15.789922">
				<ele>455.000000</ele>
			</trkpt>
			<trkpt lat="48.943376" lon="15.789849">
				<ele>455.000000</ele>
			</trkpt>
			<trkpt lat="48.943335" lon="15.789759">
				<ele>455.000000</ele>
			</trkpt>
			<trkpt lat="48.943317" lon="15.789660">
				<ele>455.000000</ele>
			</trkpt>
			<trkpt lat="48.943305" lon="15.789553">
				<ele>455.000000</ele>
			</trkpt>
			<trkpt lat="48.943311" lon="15.789427">
				<ele>455.000000</ele>
			</trkpt>
			<trkpt lat="48.943335" lon="15.789293">
				<ele>455.000000</ele>
			</trkpt>
			<trkpt lat="48.943482" lon="15.788798">
				<ele>455.000000</ele>
			</trkpt>
			<trkpt lat="48.943648" lon="15.788331">
				<ele>455.000000</ele>
			</trkpt>
			<trkpt lat="48.943848" lon="15.787828">
				<ele>455.000000</ele>
			</trkpt>
			<trkpt lat="48.944179" lon="15.787038">
				<ele>455.000000</ele>
			</trkpt>
			<trkpt lat="48.944214" lon="15.786885">
				<ele>455.000000</ele>
			</trkpt>
			<trkpt lat="48.944243" lon="15.786750">
				<ele>455.000000</ele>
			</trkpt>
			<trkpt lat="48.944243" lon="15.786643">
				<ele>455.000000</ele>
			</trkpt>
			<trkpt lat="48.944220" lon="15.786383">
				<ele>455.000000</ele>
			</trkpt>
			<trkpt lat="48.944232" lon="15.786167">
				<ele>455.000000</ele>
			</trkpt>
			<trkpt lat="48.944267" lon="15.785825">
				<ele>455.000000</ele>
			</trkpt>
			<trkpt lat="48.944332" lon="15.785375">
				<ele>455.000000</ele>
			</trkpt>
			<trkpt lat="48.944420" lon="15.784936">
				<ele>455.000000</ele>
			</trkpt>
			<trkpt lat="48.944645" lon="15.783534">
				<ele>455.000000</ele>
			</trkpt>
			<trkpt lat="48.944774" lon="15.782654">
				<ele>455.000000</ele>
			</trkpt>
			<trkpt lat="48.944892" lon="15.781765">
				<ele>455.000000</ele>
			</trkpt>
			<trkpt lat="48.944946" lon="15.781324">
				<ele>455.000000</ele>
			</trkpt>
			<trkpt lat="48.944957" lon="15.781190">
				<ele>455.000000</ele>
			</trkpt>
			<trkpt lat="48.944951" lon="15.781028">
				<ele>455.000000</ele>
			</trkpt>
			<trkpt lat="48.944951" lon="15.780875">
				<ele>455.000000</ele>
			</trkpt>
			<trkpt lat="48.944970" lon="15.780758">
				<ele>455.000000</ele>
			</trkpt>
			<trkpt lat="48.944999" lon="15.780641">
				<ele>455.000000</ele>
			</trkpt>
			<trkpt lat="48.945052" lon="15.780551">
				<ele>455.000000</ele>
			</trkpt>
			<trkpt lat="48.945099" lon="15.780480">
				<ele>455.000000</ele>
			</trkpt>
			<trkpt lat="48.945122" lon="15.780399">
				<ele>455.000000</ele>
			</trkpt>
			<trkpt lat="48.945141" lon="15.780318">
				<ele>455.000000</ele>
			</trkpt>
			<trkpt lat="48.945152" lon="15.780201">
				<ele>455.000000</ele>
			</trkpt>
			<trkpt lat="48.945170" lon="15.780022">
				<ele>455.000000</ele>
			</trkpt>
			<trkpt lat="48.945200" lon="15.779806">
				<ele>455.000000</ele>
			</trkpt>
			<trkpt lat="48.945235" lon="15.779599">
				<ele>455.000000</ele>
			</trkpt>
			<trkpt lat="48.945282" lon="15.779411">
				<ele>455.000000</ele>
			</trkpt>
			<trkpt lat="48.945329" lon="15.779232">
				<ele>455.000000</ele>
			</trkpt>
			<trkpt lat="48.945394" lon="15.779043">
				<ele>455.000000</ele>
			</trkpt>
			<trkpt lat="48.945459" lon="15.778880">
				<ele>455.000000</ele>
			</trkpt>
			<trkpt lat="48.945524" lon="15.778710">
				<ele>455.000000</ele>
			</trkpt>
			<trkpt lat="48.945766" lon="15.778217">
				<ele>455.000000</ele>
			</trkpt>
			<trkpt lat="48.945843" lon="15.778037">
				<ele>455.000000</ele>
			</trkpt>
			<trkpt lat="48.945914" lon="15.777857">
				<ele>455.000000</ele>
			</trkpt>
			<trkpt lat="48.945978" lon="15.777668">
				<ele>455.000000</ele>
			</trkpt>
			<trkpt lat="48.946037" lon="15.777435">
				<ele>455.000000</ele>
			</trkpt>
			<trkpt lat="48.946155" lon="15.776932">
				<ele>455.000000</ele>
			</trkpt>
			<trkpt lat="48.946155" lon="15.776896">
				<ele>455.000000</ele>
			</trkpt>
			<trkpt lat="48.946214" lon="15.776393">
				<ele>455.000000</ele>
			</trkpt>
			<trkpt lat="48.946297" lon="15.775917">
				<ele>455.000000</ele>
			</trkpt>
			<trkpt lat="48.946568" lon="15.774542">
				<ele>455.000000</ele>
			</trkpt>
			<trkpt lat="48.946810" lon="15.773213">
				<ele>455.000000</ele>
			</trkpt>
			<trkpt lat="48.946840" lon="15.772997">
				<ele>455.000000</ele>
			</trkpt>
			<trkpt lat="48.946840" lon="15.772790">
				<ele>455.000000</ele>
			</trkpt>
			<trkpt lat="48.946804" lon="15.772575">
				<ele>455.000000</ele>
			</trkpt>
			<trkpt lat="48.946745" lon="15.772332">
				<ele>455.000000</ele>
			</trkpt>
			<trkpt lat="48.946675" lon="15.772072">
				<ele>455.000000</ele>
			</trkpt>
			<trkpt lat="48.946627" lon="15.771901">
				<ele>455.000000</ele>
			</trkpt>
			<trkpt lat="48.946616" lon="15.771739">
				<ele>455.000000</ele>
			</trkpt>
			<trkpt lat="48.946598" lon="15.771551">
				<ele>454.000000</ele>
			</trkpt>
			<trkpt lat="48.946592" lon="15.771137">
				<ele>453.000000</ele>
			</trkpt>
			<trkpt lat="48.946604" lon="15.770796">
				<ele>452.000000</ele>
			</trkpt>
			<trkpt lat="48.946651" lon="15.770454">
				<ele>452.000000</ele>
			</trkpt>
			<trkpt lat="48.946739" lon="15.769898">
				<ele>450.000000</ele>
			</trkpt>
			<trkpt lat="48.946840" lon="15.769171">
				<ele>447.000000</ele>
			</trkpt>
			<trkpt lat="48.946940" lon="15.768523">
				<ele>445.000000</ele>
			</trkpt>
			<trkpt lat="48.947158" lon="15.767194">
				<ele>438.000000</ele>
			</trkpt>
			<trkpt lat="48.947158" lon="15.767194">
				<ele>438.000000</ele>
			</trkpt>
			<trkpt lat="48.947223" lon="15.766781">
				<ele>436.000000</ele>
			</trkpt>
			<trkpt lat="48.947353" lon="15.765990">
				<ele>433.000000</ele>
			</trkpt>
			<trkpt lat="48.947447" lon="15.765514">
				<ele>431.000000</ele>
			</trkpt>
			<trkpt lat="48.947542" lon="15.765047">
				<ele>429.000000</ele>
			</trkpt>
			<trkpt lat="48.947648" lon="15.764588">
				<ele>427.000000</ele>
			</trkpt>
			<trkpt lat="48.947618" lon="15.764238">
				<ele>426.000000</ele>
			</trkpt>
			<trkpt lat="48.947736" lon="15.764077">
				<ele>424.000000</ele>
			</trkpt>
			<trkpt lat="48.947795" lon="15.763969">
				<ele>422.000000</ele>
			</trkpt>
			<trkpt lat="48.947843" lon="15.763852">
				<ele>420.000000</ele>
			</trkpt>
			<trkpt lat="48.947872" lon="15.763699">
				<ele>418.000000</ele>
			</trkpt>
			<trkpt lat="48.947902" lon="15.763565">
				<ele>416.000000</ele>
			</trkpt>
			<trkpt lat="48.947943" lon="15.763466">
				<ele>413.000000</ele>
			</trkpt>
			<trkpt lat="48.948008" lon="15.763385">
				<ele>410.000000</ele>
			</trkpt>
			<trkpt lat="48.948078" lon="15.763332">
				<ele>408.000000</ele>
			</trkpt>
			<trkpt lat="48.948226" lon="15.763242">
				<ele>402.000000</ele>
			</trkpt>
			<trkpt lat="48.948314" lon="15.763179">
				<ele>399.000000</ele>
			</trkpt>
			<trkpt lat="48.948379" lon="15.763080">
				<ele>397.000000</ele>
			</trkpt>
			<trkpt lat="48.948427" lon="15.762945">
				<ele>394.000000</ele>
			</trkpt>
			<trkpt lat="48.948474" lon="15.762810">
				<ele>392.000000</ele>
			</trkpt>
			<trkpt lat="48.948527" lon="15.762676">
				<ele>390.000000</ele>
			</trkpt>
			<trkpt lat="48.948733" lon="15.762343">
				<ele>383.000000</ele>
			</trkpt>
			<trkpt lat="48.948798" lon="15.762227">
				<ele>381.000000</ele>
			</trkpt>
			<trkpt lat="48.948745" lon="15.762101">
				<ele>379.000000</ele>
			</trkpt>
			<trkpt lat="48.948562" lon="15.761634">
				<ele>376.000000</ele>
			</trkpt>
			<trkpt lat="48.948497" lon="15.761481">
				<ele>376.000000</ele>
			</trkpt>
			<trkpt lat="48.948427" lon="15.761364">
				<ele>375.000000</ele>
			</trkpt>
			<trkpt lat="48.948338" lon="15.761248">
				<ele>374.000000</ele>
			</trkpt>
			<trkpt lat="48.948214" lon="15.761139">
				<ele>372.000000</ele>
			</trkpt>
			<trkpt lat="48.947961" lon="15.760942">
				<ele>370.000000</ele>
			</trkpt>
			<trkpt lat="48.947807" lon="15.760806">
				<ele>370.000000</ele>
			</trkpt>
			<trkpt lat="48.947719" lon="15.760716">
				<ele>370.000000</ele>
			</trkpt>
			<trkpt lat="48.947648" lon="15.760682">
				<ele>370.000000</ele>
			</trkpt>
			<trkpt lat="48.947577" lon="15.760663">
				<ele>369.000000</ele>
			</trkpt>
			<trkpt lat="48.947494" lon="15.760672">
				<ele>369.000000</ele>
			</trkpt>
			<trkpt lat="48.947453" lon="15.760690">
				<ele>369.000000</ele>
			</trkpt>
			<trkpt lat="48.947406" lon="15.760716">
				<ele>368.000000</ele>
			</trkpt>
			<trkpt lat="48.947300" lon="15.760852">
				<ele>367.000000</ele>
			</trkpt>
			<trkpt lat="48.947241" lon="15.760906">
				<ele>367.000000</ele>
			</trkpt>
			<trkpt lat="48.947135" lon="15.760986">
				<ele>366.000000</ele>
			</trkpt>
			<trkpt lat="48.947064" lon="15.761076">
				<ele>365.000000</ele>
			</trkpt>
			<trkpt lat="48.947005" lon="15.761148">
				<ele>365.000000</ele>
			</trkpt>
			<trkpt lat="48.946969" lon="15.761229">
				<ele>365.000000</ele>
			</trkpt>
			<trkpt lat="48.946899" lon="15.761372">
				<ele>364.000000</ele>
			</trkpt>
			<trkpt lat="48.946834" lon="15.761498">
				<ele>364.000000</ele>
			</trkpt>
			<trkpt lat="48.946616" lon="15.761814">
				<ele>363.000000</ele>
			</trkpt>
			<trkpt lat="48.946037" lon="15.762684">
				<ele>360.000000</ele>
			</trkpt>
			<trkpt lat="48.945943" lon="15.762837">
				<ele>360.000000</ele>
			</trkpt>
			<trkpt lat="48.945860" lon="15.762963">
				<ele>359.000000</ele>
			</trkpt>
			<trkpt lat="48.945701" lon="15.763160">
				<ele>359.000000</ele>
			</trkpt>
			<trkpt lat="48.945607" lon="15.763242">
				<ele>359.000000</ele>
			</trkpt>
			<trkpt lat="48.945524" lon="15.763313">
				<ele>358.000000</ele>
			</trkpt>
			<trkpt lat="48.945412" lon="15.763358">
				<ele>358.000000</ele>
			</trkpt>
			<trkpt lat="48.945181" lon="15.763439">
				<ele>358.000000</ele>
			</trkpt>
			<trkpt lat="48.944887" lon="15.763340">
				<ele>357.000000</ele>
			</trkpt>
			<trkpt lat="48.944615" lon="15.763277">
				<ele>356.000000</ele>
			</trkpt>
			<trkpt lat="48.944302" lon="15.763196">
				<ele>356.000000</ele>
			</trkpt>
			<trkpt lat="48.944261" lon="15.763179">
				<ele>356.000000</ele>
			</trkpt>
			<trkpt lat="48.944226" lon="15.763152">
				<ele>355.000000</ele>
			</trkpt>
			<trkpt lat="48.944196" lon="15.763116">
				<ele>355.000000</ele>
			</trkpt>
			<trkpt lat="48.944179" lon="15.763053">
				<ele>355.000000</ele>
			</trkpt>
			<trkpt lat="48.944072" lon="15.762711">
				<ele>355.000000</ele>
			</trkpt>
			<trkpt lat="48.943978" lon="15.762469">
				<ele>354.000000</ele>
			</trkpt>
			<trkpt lat="48.943860" lon="15.762244">
				<ele>354.000000</ele>
			</trkpt>
			<trkpt lat="48.943718" lon="15.762011">
				<ele>353.000000</ele>
			</trkpt>
			<trkpt lat="48.943654" lon="15.761911">
				<ele>353.000000</ele>
			</trkpt>
			<trkpt lat="48.943565" lon="15.761697">
				<ele>353.000000</ele>
			</trkpt>
			<trkpt lat="48.943530" lon="15.761651">
				<ele>353.000000</ele>
			</trkpt>
			<trkpt lat="48.943488" lon="15.761598">
				<ele>353.000000</ele>
			</trkpt>
			<trkpt lat="48.943406" lon="15.761517">
				<ele>352.000000</ele>
			</trkpt>
			<trkpt lat="48.943323" lon="15.761435">
				<ele>352.000000</ele>
			</trkpt>
			<trkpt lat="48.943146" lon="15.761131">
				<ele>352.000000</ele>
			</trkpt>
			<trkpt lat="48.943069" lon="15.761032">
				<ele>351.000000</ele>
			</trkpt>
			<trkpt lat="48.942987" lon="15.760959">
				<ele>351.000000</ele>
			</trkpt>
			<trkpt lat="48.942898" lon="15.760923">
				<ele>351.000000</ele>
			</trkpt>
			<trkpt lat="48.942751" lon="15.760888">
				<ele>351.000000</ele>
			</trkpt>
			<trkpt lat="48.942468" lon="15.760835">
				<ele>350.000000</ele>
			</trkpt>
			<trkpt lat="48.942379" lon="15.760806">
				<ele>350.000000</ele>
			</trkpt>
			<trkpt lat="48.942279" lon="15.760745">
				<ele>350.000000</ele>
			</trkpt>
			<trkpt lat="48.942291" lon="15.760609">
				<ele>352.000000</ele>
			</trkpt>
			<trkpt lat="48.942314" lon="15.760475">
				<ele>353.000000</ele>
			</trkpt>
			<trkpt lat="48.942462" lon="15.760026">
				<ele>360.000000</ele>
			</trkpt>
			<trkpt lat="48.942539" lon="15.759756">
				<ele>364.000000</ele>
			</trkpt>
			<trkpt lat="48.942621" lon="15.759567">
				<ele>371.000000</ele>
			</trkpt>
			<trkpt lat="48.942710" lon="15.759405">
				<ele>377.000000</ele>
			</trkpt>
			<trkpt lat="48.942845" lon="15.759227">
				<ele>385.000000</ele>
			</trkpt>
			<trkpt lat="48.942916" lon="15.759145">
				<ele>388.000000</ele>
			</trkpt>
			<trkpt lat="48.943016" lon="15.759091">
				<ele>391.000000</ele>
			</trkpt>
			<trkpt lat="48.943134" lon="15.759037">
				<ele>393.000000</ele>
			</trkpt>
			<trkpt lat="48.943288" lon="15.759001">
				<ele>396.000000</ele>
			</trkpt>
			<trkpt lat="48.943488" lon="15.758965">
				<ele>399.000000</ele>
			</trkpt>
			<trkpt lat="48.943677" lon="15.758894">
				<ele>404.000000</ele>
			</trkpt>
			<trkpt lat="48.943884" lon="15.758822">
				<ele>405.000000</ele>
			</trkpt>
			<trkpt lat="48.944108" lon="15.758714">
				<ele>405.000000</ele>
			</trkpt>
			<trkpt lat="48.944291" lon="15.758561">
				<ele>405.000000</ele>
			</trkpt>
			<trkpt lat="48.944580" lon="15.758309">
				<ele>405.000000</ele>
			</trkpt>
			<trkpt lat="48.944898" lon="15.758005">
				<ele>408.000000</ele>
			</trkpt>
			<trkpt lat="48.945141" lon="15.757743">
				<ele>410.000000</ele>
			</trkpt>
			<trkpt lat="48.945246" lon="15.757609">
				<ele>412.000000</ele>
			</trkpt>
			<trkpt lat="48.945305" lon="15.757501">
				<ele>413.000000</ele>
			</trkpt>
			<trkpt lat="48.945347" lon="15.757403">
				<ele>414.000000</ele>
			</trkpt>
			<trkpt lat="48.945388" lon="15.757267">
				<ele>415.000000</ele>
			</trkpt>
			<trkpt lat="48.945424" lon="15.757097">
				<ele>416.000000</ele>
			</trkpt>
			<trkpt lat="48.945476" lon="15.756944">
				<ele>416.000000</ele>
			</trkpt>
			<trkpt lat="48.945577" lon="15.756711">
				<ele>417.000000</ele>
			</trkpt>
			<trkpt lat="48.945636" lon="15.756577">
				<ele>418.000000</ele>
			</trkpt>
			<trkpt lat="48.945678" lon="15.756441">
				<ele>419.000000</ele>
			</trkpt>
			<trkpt lat="48.945760" lon="15.756208">
				<ele>420.000000</ele>
			</trkpt>
			<trkpt lat="48.945843" lon="15.756037">
				<ele>421.000000</ele>
			</trkpt>
			<trkpt lat="48.945990" lon="15.755776">
				<ele>423.000000</ele>
			</trkpt>
			<trkpt lat="48.946138" lon="15.755534">
				<ele>424.000000</ele>
			</trkpt>
			<trkpt lat="48.946191" lon="15.755435">
				<ele>425.000000</ele>
			</trkpt>
			<trkpt lat="48.946256" lon="15.755355">
				<ele>426.000000</ele>
			</trkpt>
			<trkpt lat="48.946474" lon="15.755049">
				<ele>428.000000</ele>
			</trkpt>
			<trkpt lat="48.946527" lon="15.754950">
				<ele>429.000000</ele>
			</trkpt>
			<trkpt lat="48.946574" lon="15.754860">
				<ele>429.000000</ele>
			</trkpt>
			<trkpt lat="48.946610" lon="15.754753">
				<ele>430.000000</ele>
			</trkpt>
			<trkpt lat="48.946657" lon="15.754600">
				<ele>431.000000</ele>
			</trkpt>
			<trkpt lat="48.946722" lon="15.754277">
				<ele>432.000000</ele>
			</trkpt>
			<trkpt lat="48.946757" lon="15.754150">
				<ele>433.000000</ele>
			</trkpt>
			<trkpt lat="48.946822" lon="15.754051">
				<ele>434.000000</ele>
			</trkpt>
			<trkpt lat="48.946964" lon="15.753890">
				<ele>435.000000</ele>
			</trkpt>
			<trkpt lat="48.947194" lon="15.753611">
				<ele>436.000000</ele>
			</trkpt>
			<trkpt lat="48.947347" lon="15.753135">
				<ele>438.000000</ele>
			</trkpt>
			<trkpt lat="48.947795" lon="15.751869">
				<ele>441.000000</ele>
			</trkpt>
			<trkpt lat="48.947925" lon="15.751464">
				<ele>442.000000</ele>
			</trkpt>
			<trkpt lat="48.948055" lon="15.751015">
				<ele>442.000000</ele>
			</trkpt>
			<trkpt lat="48.947795" lon="15.750755">
				<ele>443.000000</ele>
			</trkpt>
			<trkpt lat="48.947978" lon="15.750315">
				<ele>444.000000</ele>
			</trkpt>
			<trkpt lat="48.948244" lon="15.749749">
				<ele>445.000000</ele>
			</trkpt>
			<trkpt lat="48.948314" lon="15.749587">
				<ele>446.000000</ele>
			</trkpt>
			<trkpt lat="48.948368" lon="15.749399">
				<ele>449.000000</ele>
			</trkpt>
			<trkpt lat="48.948409" lon="15.749219">
				<ele>451.000000</ele>
			</trkpt>
			<trkpt lat="48.948238" lon="15.749013">
				<ele>452.000000</ele>
			</trkpt>
			<trkpt lat="48.948132" lon="15.748868">
				<ele>452.000000</ele>
			</trkpt>
			<trkpt lat="48.948043" lon="15.748734">
				<ele>452.000000</ele>
			</trkpt>
			<trkpt lat="48.947919" lon="15.748508">
				<ele>453.000000</ele>
			</trkpt>
			<trkpt lat="48.947754" lon="15.748508">
				<ele>451.000000</ele>
			</trkpt>
			<trkpt lat="48.947601" lon="15.748491">
				<ele>450.000000</ele>
			</trkpt>
			<trkpt lat="48.947430" lon="15.748455">
				<ele>450.000000</ele>
			</trkpt>
			<trkpt lat="48.947235" lon="15.748392">
				<ele>450.000000</ele>
			</trkpt>
			<trkpt lat="48.947017" lon="15.748338">
				<ele>450.000000</ele>
			</trkpt>
			<trkpt lat="48.946415" lon="15.748132">
				<ele>450.000000</ele>
			</trkpt>
			<trkpt lat="48.945737" lon="15.747862">
				<ele>450.000000</ele>
			</trkpt>
			<trkpt lat="48.945483" lon="15.747782">
				<ele>450.000000</ele>
			</trkpt>
			<trkpt lat="48.945312" lon="15.747736">
				<ele>450.000000</ele>
			</trkpt>
			<trkpt lat="48.945117" lon="15.747736">
				<ele>450.000000</ele>
			</trkpt>
			<trkpt lat="48.944816" lon="15.747755">
				<ele>450.000000</ele>
			</trkpt>
			<trkpt lat="48.942462" lon="15.748024">
				<ele>444.000000</ele>
			</trkpt>
			<trkpt lat="48.941028" lon="15.748195">
				<ele>441.000000</ele>
			</trkpt>
			<trkpt lat="48.940615" lon="15.748258">
				<ele>440.000000</ele>
			</trkpt>
			<trkpt lat="48.937624" lon="15.748850">
				<ele>435.000000</ele>
			</trkpt>
			<trkpt lat="48.937606" lon="15.748770">
				<ele>435.000000</ele>
			</trkpt>
			<trkpt lat="48.937600" lon="15.748715">
				<ele>435.000000</ele>
			</trkpt>
			<trkpt lat="48.937606" lon="15.748661">
				<ele>435.000000</ele>
			</trkpt>
			<trkpt lat="48.937618" lon="15.748608">
				<ele>435.000000</ele>
			</trkpt>
			<trkpt lat="48.937718" lon="15.748401">
				<ele>435.000000</ele>
			</trkpt>
			<trkpt lat="48.937753" lon="15.748294">
				<ele>435.000000</ele>
			</trkpt>
			<trkpt lat="48.937765" lon="15.748168">
				<ele>435.000000</ele>
			</trkpt>
			<trkpt lat="48.937753" lon="15.748051">
				<ele>435.000000</ele>
			</trkpt>
			<trkpt lat="48.937688" lon="15.747665">
				<ele>435.000000</ele>
			</trkpt>
			<trkpt lat="48.937677" lon="15.747539">
				<ele>435.000000</ele>
			</trkpt>
			<trkpt lat="48.937677" lon="15.747422">
				<ele>435.000000</ele>
			</trkpt>
			<trkpt lat="48.937694" lon="15.747296">
				<ele>435.000000</ele>
			</trkpt>
			<trkpt lat="48.937724" lon="15.747197">
				<ele>435.000000</ele>
			</trkpt>
			<trkpt lat="48.937771" lon="15.747107">
				<ele>435.000000</ele>
			</trkpt>
			<trkpt lat="48.937836" lon="15.747027">
				<ele>435.000000</ele>
			</trkpt>
			<trkpt lat="48.937889" lon="15.746946">
				<ele>435.000000</ele>
			</trkpt>
			<trkpt lat="48.937924" lon="15.746847">
				<ele>435.000000</ele>
			</trkpt>
			<trkpt lat="48.937942" lon="15.746757">
				<ele>435.000000</ele>
			</trkpt>
			<trkpt lat="48.937966" lon="15.746424">
				<ele>435.000000</ele>
			</trkpt>
			<trkpt lat="48.937677" lon="15.746191">
				<ele>435.000000</ele>
			</trkpt>
			<trkpt lat="48.937500" lon="15.746065">
				<ele>435.000000</ele>
			</trkpt>
			<trkpt lat="48.937110" lon="15.745850">
				<ele>435.000000</ele>
			</trkpt>
			<trkpt lat="48.937004" lon="15.745769">
				<ele>435.000000</ele>
			</trkpt>
			<trkpt lat="48.936891" lon="15.745671">
				<ele>435.000000</ele>
			</trkpt>
			<trkpt lat="48.936773" lon="15.744287">
				<ele>435.000000</ele>
			</trkpt>
			<trkpt lat="48.936579" lon="15.742401">
				<ele>435.000000</ele>
			</trkpt>
			<trkpt lat="48.936549" lon="15.742113">
				<ele>435.000000</ele>
			</trkpt>
			<trkpt lat="48.936555" lon="15.741916">
				<ele>435.000000</ele>
			</trkpt>
			<trkpt lat="48.936573" lon="15.741745">
				<ele>435.000000</ele>
			</trkpt>
			<trkpt lat="48.936608" lon="15.741610">
				<ele>435.000000</ele>
			</trkpt>
			<trkpt lat="48.936661" lon="15.741493">
				<ele>435.000000</ele>
			</trkpt>
			<trkpt lat="48.936756" lon="15.741359">
				<ele>435.000000</ele>
			</trkpt>
			<trkpt lat="48.936874" lon="15.741170">
				<ele>435.000000</ele>
			</trkpt>
			<trkpt lat="48.936956" lon="15.740990">
				<ele>434.000000</ele>
			</trkpt>
			<trkpt lat="48.937028" lon="15.740774">
				<ele>432.000000</ele>
			</trkpt>
			<trkpt lat="48.937087" lon="15.740497">
				<ele>429.000000</ele>
			</trkpt>
			<trkpt lat="48.937104" lon="15.740460">
				<ele>429.000000</ele>
			</trkpt>
			<trkpt lat="48.937122" lon="15.740407">
				<ele>429.000000</ele>
			</trkpt>
			<trkpt lat="48.937175" lon="15.740361">
				<ele>428.000000</ele>
			</trkpt>
			<trkpt lat="48.937258" lon="15.740334">
				<ele>427.000000</ele>
			</trkpt>
			<trkpt lat="48.937363" lon="15.740344">
				<ele>425.000000</ele>
			</trkpt>
			<trkpt lat="48.937447" lon="15.740344">
				<ele>424.000000</ele>
			</trkpt>
			<trkpt lat="48.937517" lon="15.740317">
				<ele>423.000000</ele>
			</trkpt>
			<trkpt lat="48.937582" lon="15.740271">
				<ele>423.000000</ele>
			</trkpt>
			<trkpt lat="48.937641" lon="15.740218">
				<ele>422.000000</ele>
			</trkpt>
			<trkpt lat="48.937683" lon="15.740137">
				<ele>421.000000</ele>
			</trkpt>
			<trkpt lat="48.937718" lon="15.740047">
				<ele>420.000000</ele>
			</trkpt>
			<trkpt lat="48.937747" lon="15.739939">
				<ele>420.000000</ele>
			</trkpt>
			<trkpt lat="48.937753" lon="15.739813">
				<ele>420.000000</ele>
			</trkpt>
			<trkpt lat="48.937765" lon="15.739571">
				<ele>419.000000</ele>
			</trkpt>
			<trkpt lat="48.937765" lon="15.739489">
				<ele>419.000000</ele>
			</trkpt>
			<trkpt lat="48.937747" lon="15.739392">
				<ele>419.000000</ele>
			</trkpt>
			<trkpt lat="48.937724" lon="15.739310">
				<ele>419.000000</ele>
			</trkpt>
			<trkpt lat="48.937747" lon="15.739266">
				<ele>419.000000</ele>
			</trkpt>
			<trkpt lat="48.937777" lon="15.739202">
				<ele>418.000000</ele>
			</trkpt>
			<trkpt lat="48.937777" lon="15.739130">
				<ele>418.000000</ele>
			</trkpt>
			<trkpt lat="48.937777" lon="15.739032">
				<ele>418.000000</ele>
			</trkpt>
			<trkpt lat="48.937753" lon="15.738942">
				<ele>418.000000</ele>
			</trkpt>
			<trkpt lat="48.937718" lon="15.738843">
				<ele>418.000000</ele>
			</trkpt>
			<trkpt lat="48.937600" lon="15.738529">
				<ele>417.000000</ele>
			</trkpt>
			<trkpt lat="48.937470" lon="15.738197">
				<ele>417.000000</ele>
			</trkpt>
			<trkpt lat="48.937352" lon="15.737935">
				<ele>416.000000</ele>
			</trkpt>
			<trkpt lat="48.937021" lon="15.737281">
				<ele>416.000000</ele>
			</trkpt>
			<trkpt lat="48.936998" lon="15.737218">
				<ele>417.000000</ele>
			</trkpt>
			<trkpt lat="48.936986" lon="15.737128">
				<ele>417.000000</ele>
			</trkpt>
			<trkpt lat="48.936998" lon="15.737029">
				<ele>418.000000</ele>
			</trkpt>
			<trkpt lat="48.937028" lon="15.736921">
				<ele>419.000000</ele>
			</trkpt>
			<trkpt lat="48.937074" lon="15.736813">
				<ele>419.000000</ele>
			</trkpt>
			<trkpt lat="48.937127" lon="15.736715">
				<ele>420.000000</ele>
			</trkpt>
			<trkpt lat="48.937181" lon="15.736633">
				<ele>421.000000</ele>
			</trkpt>
			<trkpt lat="48.937234" lon="15.736606">
				<ele>422.000000</ele>
			</trkpt>
			<trkpt lat="48.938243" lon="15.736149">
				<ele>430.000000</ele>
			</trkpt>
			<trkpt lat="48.938184" lon="15.735627">
				<ele>430.000000</ele>
			</trkpt>
			<trkpt lat="48.938160" lon="15.735313">
				<ele>430.000000</ele>
			</trkpt>
			<trkpt lat="48.938172" lon="15.735151">
				<ele>430.000000</ele>
			</trkpt>
			<trkpt lat="48.938178" lon="15.735025">
				<ele>430.000000</ele>
			</trkpt>
			<trkpt lat="48.938202" lon="15.734899">
				<ele>430.000000</ele>
			</trkpt>
			<trkpt lat="48.938225" lon="15.734792">
				<ele>430.000000</ele>
			</trkpt>
			<trkpt lat="48.938273" lon="15.734657">
				<ele>430.000000</ele>
			</trkpt>
			<trkpt lat="48.938343" lon="15.734513">
				<ele>430.000000</ele>
			</trkpt>
			<trkpt lat="48.938426" lon="15.734361">
				<ele>430.000000</ele>
			</trkpt>
			<trkpt lat="48.938520" lon="15.734226">
				<ele>430.000000</ele>
			</trkpt>
			<trkpt lat="48.938609" lon="15.734100">
				<ele>430.000000</ele>
			</trkpt>
			<trkpt lat="48.938691" lon="15.734019">
				<ele>429.000000</ele>
			</trkpt>
			<trkpt lat="48.938762" lon="15.733983">
				<ele>428.000000</ele>
			</trkpt>
			<trkpt lat="48.938815" lon="15.733975">
				<ele>428.000000</ele>
			</trkpt>
			<trkpt lat="48.938969" lon="15.733983">
				<ele>426.000000</ele>
			</trkpt>
			<trkpt lat="48.939222" lon="15.734019">
				<ele>423.000000</ele>
			</trkpt>
			<trkpt lat="48.939323" lon="15.734019">
				<ele>421.000000</ele>
			</trkpt>
			<trkpt lat="48.939464" lon="15.733983">
				<ele>418.000000</ele>
			</trkpt>
			<trkpt lat="48.939629" lon="15.733902">
				<ele>415.000000</ele>
			</trkpt>
			<trkpt lat="48.939747" lon="15.733795">
				<ele>413.000000</ele>
			</trkpt>
			<trkpt lat="48.940019" lon="15.733507">
				<ele>409.000000</ele>
			</trkpt>
			<trkpt lat="48.940143" lon="15.733390">
				<ele>406.000000</ele>
			</trkpt>
			<trkpt lat="48.940278" lon="15.733283">
				<ele>404.000000</ele>
			</trkpt>
			<trkpt lat="48.940432" lon="15.733201">
				<ele>403.000000</ele>
			</trkpt>
			<trkpt lat="48.940497" lon="15.733193">
				<ele>402.000000</ele>
			</trkpt>
			<trkpt lat="48.940556" lon="15.733193">
				<ele>402.000000</ele>
			</trkpt>
			<trkpt lat="48.940632" lon="15.733201">
				<ele>401.000000</ele>
			</trkpt>
			<trkpt lat="48.940691" lon="15.733237">
				<ele>400.000000</ele>
			</trkpt>
			<trkpt lat="48.940839" lon="15.733319">
				<ele>397.000000</ele>
			</trkpt>
			<trkpt lat="48.941211" lon="15.733597">
				<ele>392.000000</ele>
			</trkpt>
			<trkpt lat="48.941447" lon="15.733723">
				<ele>390.000000</ele>
			</trkpt>
			<trkpt lat="48.941288" lon="15.733444">
				<ele>388.000000</ele>
			</trkpt>
			<trkpt lat="48.941170" lon="15.733264">
				<ele>387.000000</ele>
			</trkpt>
			<trkpt lat="48.941034" lon="15.733084">
				<ele>386.000000</ele>
			</trkpt>
			<trkpt lat="48.940922" lon="15.732968">
				<ele>385.000000</ele>
			</trkpt>
			<trkpt lat="48.940857" lon="15.732923">
				<ele>384.000000</ele>
			</trkpt>
			<trkpt lat="48.940775" lon="15.732870">
				<ele>384.000000</ele>
			</trkpt>
			<trkpt lat="48.940603" lon="15.732797">
				<ele>383.000000</ele>
			</trkpt>
			<trkpt lat="48.940396" lon="15.732761">
				<ele>381.000000</ele>
			</trkpt>
			<trkpt lat="48.940172" lon="15.732780">
				<ele>380.000000</ele>
			</trkpt>
			<trkpt lat="48.940214" lon="15.732654">
				<ele>380.000000</ele>
			</trkpt>
			<trkpt lat="48.940267" lon="15.732555">
				<ele>380.000000</ele>
			</trkpt>
			<trkpt lat="48.940491" lon="15.732277">
				<ele>383.000000</ele>
			</trkpt>
			<trkpt lat="48.940573" lon="15.732142">
				<ele>385.000000</ele>
			</trkpt>
			<trkpt lat="48.940539" lon="15.732124">
				<ele>385.000000</ele>
			</trkpt>
			<trkpt lat="48.940491" lon="15.732088">
				<ele>385.000000</ele>
			</trkpt>
			<trkpt lat="48.940467" lon="15.732052">
				<ele>385.000000</ele>
			</trkpt>
			<trkpt lat="48.940432" lon="15.732042">
				<ele>386.000000</ele>
			</trkpt>
			<trkpt lat="48.940343" lon="15.732042">
				<ele>388.000000</ele>
			</trkpt>
			<trkpt lat="48.940231" lon="15.732042">
				<ele>390.000000</ele>
			</trkpt>
			<trkpt lat="48.940143" lon="15.732025">
				<ele>392.000000</ele>
			</trkpt>
			<trkpt lat="48.940054" lon="15.731998">
				<ele>394.000000</ele>
			</trkpt>
			<trkpt lat="48.939919" lon="15.731926">
				<ele>396.000000</ele>
			</trkpt>
			<trkpt lat="48.939730" lon="15.731828">
				<ele>399.000000</ele>
			</trkpt>
			<trkpt lat="48.939594" lon="15.731746">
				<ele>401.000000</ele>
			</trkpt>
			<trkpt lat="48.939488" lon="15.731648">
				<ele>402.000000</ele>
			</trkpt>
			<trkpt lat="48.939411" lon="15.731522">
				<ele>403.000000</ele>
			</trkpt>
			<trkpt lat="48.939329" lon="15.731360">
				<ele>404.000000</ele>
			</trkpt>
			<trkpt lat="48.939275" lon="15.731216">
				<ele>405.000000</ele>
			</trkpt>
			<trkpt lat="48.939211" lon="15.731109">
				<ele>407.000000</ele>
			</trkpt>
			<trkpt lat="48.939152" lon="15.731027">
				<ele>408.000000</ele>
			</trkpt>
			<trkpt lat="48.939081" lon="15.730929">
				<ele>409.000000</ele>
			</trkpt>
			<trkpt lat="48.938998" lon="15.730876">
				<ele>410.000000</ele>
			</trkpt>
			<trkpt lat="48.938910" lon="15.730803">
				<ele>411.000000</ele>
			</trkpt>
			<trkpt lat="48.938821" lon="15.730759">
				<ele>411.000000</ele>
			</trkpt>
			<trkpt lat="48.938709" lon="15.730731">
				<ele>412.000000</ele>
			</trkpt>
			<trkpt lat="48.938568" lon="15.730660">
				<ele>413.000000</ele>
			</trkpt>
			<trkpt lat="48.938302" lon="15.730507">
				<ele>415.000000</ele>
			</trkpt>
			<trkpt lat="48.938219" lon="15.730480">
				<ele>416.000000</ele>
			</trkpt>
			<trkpt lat="48.938131" lon="15.730461">
				<ele>417.000000</ele>
			</trkpt>
			<trkpt lat="48.938037" lon="15.730461">
				<ele>417.000000</ele>
			</trkpt>
			<trkpt lat="48.937966" lon="15.730434">
				<ele>418.000000</ele>
			</trkpt>
			<trkpt lat="48.937913" lon="15.730381">
				<ele>418.000000</ele>
			</trkpt>
			<trkpt lat="48.937871" lon="15.730310">
				<ele>419.000000</ele>
			</trkpt>
			<trkpt lat="48.937806" lon="15.730228">
				<ele>419.000000</ele>
			</trkpt>
			<trkpt lat="48.937724" lon="15.730157">
				<ele>420.000000</ele>
			</trkpt>
			<trkpt lat="48.937671" lon="15.730130">
				<ele>420.000000</ele>
			</trkpt>
			<trkpt lat="48.937500" lon="15.730103">
				<ele>422.000000</ele>
			</trkpt>
			<trkpt lat="48.937405" lon="15.730031">
				<ele>422.000000</ele>
			</trkpt>
			<trkpt lat="48.937429" lon="15.729958">
				<ele>423.000000</ele>
			</trkpt>
			<trkpt lat="48.937441" lon="15.729868">
				<ele>423.000000</ele>
			</trkpt>
			<trkpt lat="48.937470" lon="15.729455">
				<ele>424.000000</ele>
			</trkpt>
			<trkpt lat="48.937352" lon="15.729447">
				<ele>425.000000</ele>
			</trkpt>
			<trkpt lat="48.937370" lon="15.729159">
				<ele>425.000000</ele>
			</trkpt>
			<trkpt lat="48.937051" lon="15.729115">
				<ele>425.000000</ele>
			</trkpt>
			<trkpt lat="48.936779" lon="15.729069">
				<ele>425.000000</ele>
			</trkpt>
			<trkpt lat="48.936798" lon="15.728755">
				<ele>425.000000</ele>
			</trkpt>
			<trkpt lat="48.936478" lon="15.728692">
				<ele>425.000000</ele>
			</trkpt>
			<trkpt lat="48.936414" lon="15.728612">
				<ele>425.000000</ele>
			</trkpt>
			<trkpt lat="48.936325" lon="15.728557">
				<ele>425.000000</ele>
			</trkpt>
			<trkpt lat="48.935788" lon="15.728342">
				<ele>425.000000</ele>
			</trkpt>
			<trkpt lat="48.935788" lon="15.728216">
				<ele>425.000000</ele>
			</trkpt>
			<trkpt lat="48.935859" lon="15.727102">
				<ele>424.000000</ele>
			</trkpt>
			<trkpt lat="48.935741" lon="15.726931">
				<ele>424.000000</ele>
			</trkpt>
			<trkpt lat="48.935658" lon="15.726779">
				<ele>423.000000</ele>
			</trkpt>
			<trkpt lat="48.935599" lon="15.726618">
				<ele>422.000000</ele>
			</trkpt>
			<trkpt lat="48.935552" lon="15.726428">
				<ele>421.000000</ele>
			</trkpt>
			<trkpt lat="48.935558" lon="15.726249">
				<ele>421.000000</ele>
			</trkpt>
			<trkpt lat="48.935540" lon="15.726015">
				<ele>420.000000</ele>
			</trkpt>
			<trkpt lat="48.935505" lon="15.725773">
				<ele>418.000000</ele>
			</trkpt>
			<trkpt lat="48.935487" lon="15.725665">
				<ele>417.000000</ele>
			</trkpt>
			<trkpt lat="48.935452" lon="15.725547">
				<ele>417.000000</ele>
			</trkpt>
			<trkpt lat="48.935416" lon="15.725431">
				<ele>416.000000</ele>
			</trkpt>
			<trkpt lat="48.935310" lon="15.725171">
				<ele>414.000000</ele>
			</trkpt>
			<trkpt lat="48.935233" lon="15.724920">
				<ele>411.000000</ele>
			</trkpt>
			<trkpt lat="48.935151" lon="15.724677">
				<ele>409.000000</ele>
			</trkpt>
			<trkpt lat="48.935056" lon="15.724444">
				<ele>407.000000</ele>
			</trkpt>
			<trkpt lat="48.935464" lon="15.724021">
				<ele>410.000000</ele>
			</trkpt>
			<trkpt lat="48.935546" lon="15.723851">
				<ele>407.000000</ele>
			</trkpt>
			<trkpt lat="48.935546" lon="15.723851">
				<ele>407.000000</ele>
			</trkpt>
			<trkpt lat="48.935464" lon="15.724021">
				<ele>410.000000</ele>
			</trkpt>
			<trkpt lat="48.935056" lon="15.724444">
				<ele>407.000000</ele>
			</trkpt>
			<trkpt lat="48.934915" lon="15.724147">
				<ele>405.000000</ele>
			</trkpt>
			<trkpt lat="48.934850" lon="15.724039">
				<ele>404.000000</ele>
			</trkpt>
			<trkpt lat="48.934714" lon="15.723832">
				<ele>402.000000</ele>
			</trkpt>
			<trkpt lat="48.934655" lon="15.723706">
				<ele>401.000000</ele>
			</trkpt>
			<trkpt lat="48.934626" lon="15.723616">
				<ele>401.000000</ele>
			</trkpt>
			<trkpt lat="48.934608" lon="15.723509">
				<ele>400.000000</ele>
			</trkpt>
			<trkpt lat="48.934602" lon="15.723365">
				<ele>399.000000</ele>
			</trkpt>
			<trkpt lat="48.934614" lon="15.723257">
				<ele>398.000000</ele>
			</trkpt>
			<trkpt lat="48.934413" lon="15.722979">
				<ele>395.000000</ele>
			</trkpt>
			<trkpt lat="48.934354" lon="15.722889">
				<ele>393.000000</ele>
			</trkpt>
			<trkpt lat="48.934195" lon="15.722601">
				<ele>389.000000</ele>
			</trkpt>
			<trkpt lat="48.934160" lon="15.722511">
				<ele>387.000000</ele>
			</trkpt>
			<trkpt lat="48.934130" lon="15.722421">
				<ele>385.000000</ele>
			</trkpt>
			<trkpt lat="48.934095" lon="15.722305">
				<ele>382.000000</ele>
			</trkpt>
			<trkpt lat="48.934053" lon="15.722197">
				<ele>379.000000</ele>
			</trkpt>
			<trkpt lat="48.934000" lon="15.722107">
				<ele>376.000000</ele>
			</trkpt>
			<trkpt lat="48.933918" lon="15.722008">
				<ele>371.000000</ele>
			</trkpt>
			<trkpt lat="48.933852" lon="15.721964">
				<ele>368.000000</ele>
			</trkpt>
			<trkpt lat="48.933782" lon="15.721945">
				<ele>365.000000</ele>
			</trkpt>
			<trkpt lat="48.933705" lon="15.721973">
				<ele>362.000000</ele>
			</trkpt>
			<trkpt lat="48.933610" lon="15.722027">
				<ele>359.000000</ele>
			</trkpt>
			<trkpt lat="48.933587" lon="15.721945">
				<ele>358.000000</ele>
			</trkpt>
			<trkpt lat="48.933551" lon="15.721892">
				<ele>356.000000</ele>
			</trkpt>
			<trkpt lat="48.933498" lon="15.721811">
				<ele>355.000000</ele>
			</trkpt>
			<trkpt lat="48.932336" lon="15.720194">
				<ele>350.000000</ele>
			</trkpt>
			<trkpt lat="48.932247" lon="15.720069">
				<ele>355.000000</ele>
			</trkpt>
			<trkpt lat="48.932206" lon="15.719979">
				<ele>356.000000</ele>
			</trkpt>
			<trkpt lat="48.932177" lon="15.719880">
				<ele>356.000000</ele>
			</trkpt>
			<trkpt lat="48.932171" lon="15.719771">
				<ele>357.000000</ele>
			</trkpt>
			<trkpt lat="48.932188" lon="15.719647">
				<ele>357.000000</ele>
			</trkpt>
			<trkpt lat="48.932224" lon="15.719520">
				<ele>358.000000</ele>
			</trkpt>
			<trkpt lat="48.932277" lon="15.719385">
				<ele>358.000000</ele>
			</trkpt>
			<trkpt lat="48.932489" lon="15.718981">
				<ele>360.000000</ele>
			</trkpt>
			<trkpt lat="48.932696" lon="15.718578">
				<ele>360.000000</ele>
			</trkpt>
			<trkpt lat="48.932991" lon="15.718047">
				<ele>361.000000</ele>
			</trkpt>
			<trkpt lat="48.933315" lon="15.717410">
				<ele>362.000000</ele>
			</trkpt>
			<trkpt lat="48.933427" lon="15.717203">
				<ele>362.000000</ele>
			</trkpt>
			<trkpt lat="48.933534" lon="15.717041">
				<ele>362.000000</ele>
			</trkpt>
			<trkpt lat="48.933664" lon="15.716907">
				<ele>362.000000</ele>
			</trkpt>
			<trkpt lat="48.933782" lon="15.716798">
				<ele>363.000000</ele>
			</trkpt>
			<trkpt lat="48.933918" lon="15.716708">
				<ele>363.000000</ele>
			</trkpt>
			<trkpt lat="48.934077" lon="15.716645">
				<ele>363.000000</ele>
			</trkpt>
			<trkpt lat="48.934259" lon="15.716591">
				<ele>363.000000</ele>
			</trkpt>
			<trkpt lat="48.934449" lon="15.716555">
				<ele>363.000000</ele>
			</trkpt>
			<trkpt lat="48.934673" lon="15.716528">
				<ele>364.000000</ele>
			</trkpt>
			<trkpt lat="48.934797" lon="15.716494">
				<ele>364.000000</ele>
			</trkpt>
			<trkpt lat="48.934850" lon="15.716465">
				<ele>364.000000</ele>
			</trkpt>
			<trkpt lat="48.934909" lon="15.716412">
				<ele>364.000000</ele>
			</trkpt>
			<trkpt lat="48.934944" lon="15.716358">
				<ele>364.000000</ele>
			</trkpt>
			<trkpt lat="48.934980" lon="15.716287">
				<ele>364.000000</ele>
			</trkpt>
			<trkpt lat="48.935009" lon="15.716205">
				<ele>364.000000</ele>
			</trkpt>
			<trkpt lat="48.935027" lon="15.716098">
				<ele>364.000000</ele>
			</trkpt>
			<trkpt lat="48.935056" lon="15.715819">
				<ele>365.000000</ele>
			</trkpt>
			<trkpt lat="48.935121" lon="15.714607">
				<ele>367.000000</ele>
			</trkpt>
			<trkpt lat="48.935121" lon="15.714607">
				<ele>367.000000</ele>
			</trkpt>
			<trkpt lat="48.935127" lon="15.714444">
				<ele>367.000000</ele>
			</trkpt>
			<trkpt lat="48.935157" lon="15.713888">
				<ele>368.000000</ele>
			</trkpt>
			<trkpt lat="48.935174" lon="15.713601">
				<ele>369.000000</ele>
			</trkpt>
			<trkpt lat="48.935204" lon="15.713385">
				<ele>370.000000</ele>
			</trkpt>
			<trkpt lat="48.935239" lon="15.713161">
				<ele>370.000000</ele>
			</trkpt>
			<trkpt lat="48.935281" lon="15.712962">
				<ele>371.000000</ele>
			</trkpt>
			<trkpt lat="48.935322" lon="15.712756">
				<ele>372.000000</ele>
			</trkpt>
			<trkpt lat="48.935387" lon="15.712523">
				<ele>373.000000</ele>
			</trkpt>
			<trkpt lat="48.935599" lon="15.711911">
				<ele>375.000000</ele>
			</trkpt>
			<trkpt lat="48.935694" lon="15.711696">
				<ele>375.000000</ele>
			</trkpt>
			<trkpt lat="48.935794" lon="15.711454">
				<ele>375.000000</ele>
			</trkpt>
			<trkpt lat="48.935764" lon="15.711454">
				<ele>375.000000</ele>
			</trkpt>
			<trkpt lat="48.935729" lon="15.711463">
				<ele>375.000000</ele>
			</trkpt>
			<trkpt lat="48.935676" lon="15.711517">
				<ele>375.000000</ele>
			</trkpt>
			<trkpt lat="48.935599" lon="15.711615">
				<ele>376.000000</ele>
			</trkpt>
			<trkpt lat="48.935528" lon="15.711786">
				<ele>377.000000</ele>
			</trkpt>
			<trkpt lat="48.935393" lon="15.712146">
				<ele>378.000000</ele>
			</trkpt>
			<trkpt lat="48.935009" lon="15.713178">
				<ele>383.000000</ele>
			</trkpt>
			<trkpt lat="48.934897" lon="15.713429">
				<ele>384.000000</ele>
			</trkpt>
			<trkpt lat="48.934809" lon="15.713645">
				<ele>385.000000</ele>
			</trkpt>
			<trkpt lat="48.934726" lon="15.713815">
				<ele>386.000000</ele>
			</trkpt>
			<trkpt lat="48.934643" lon="15.713933">
				<ele>387.000000</ele>
			</trkpt>
			<trkpt lat="48.934573" lon="15.714031">
				<ele>388.000000</ele>
			</trkpt>
			<trkpt lat="48.934236" lon="15.714381">
				<ele>393.000000</ele>
			</trkpt>
			<trkpt lat="48.934148" lon="15.714471">
				<ele>394.000000</ele>
			</trkpt>
			<trkpt lat="48.934018" lon="15.714660">
				<ele>396.000000</ele>
			</trkpt>
			<trkpt lat="48.933852" lon="15.714983">
				<ele>397.000000</ele>
			</trkpt>
			<trkpt lat="48.933699" lon="15.715226">
				<ele>398.000000</ele>
			</trkpt>
			<trkpt lat="48.933610" lon="15.715352">
				<ele>399.000000</ele>
			</trkpt>
			<trkpt lat="48.933528" lon="15.715452">
				<ele>400.000000</ele>
			</trkpt>
			<trkpt lat="48.933433" lon="15.715559">
				<ele>400.000000</ele>
			</trkpt>
			<trkpt lat="48.933345" lon="15.715639">
				<ele>401.000000</ele>
			</trkpt>
			<trkpt lat="48.933156" lon="15.715765">
				<ele>402.000000</ele>
			</trkpt>
			<trkpt lat="48.933191" lon="15.715838">
				<ele>402.000000</ele>
			</trkpt>
			<trkpt lat="48.933127" lon="15.715909">
				<ele>403.000000</ele>
			</trkpt>
			<trkpt lat="48.933085" lon="15.715945">
				<ele>404.000000</ele>
			</trkpt>
			<trkpt lat="48.933038" lon="15.715972">
				<ele>404.000000</ele>
			</trkpt>
			<trkpt lat="48.932985" lon="15.715972">
				<ele>405.000000</ele>
			</trkpt>
			<trkpt lat="48.932938" lon="15.715972">
				<ele>405.000000</ele>
			</trkpt>
			<trkpt lat="48.932885" lon="15.715981">
				<ele>406.000000</ele>
			</trkpt>
			<trkpt lat="48.932778" lon="15.716062">
				<ele>408.000000</ele>
			</trkpt>
			<trkpt lat="48.932696" lon="15.716115">
				<ele>410.000000</ele>
			</trkpt>
			<trkpt lat="48.932613" lon="15.716169">
				<ele>411.000000</ele>
			</trkpt>
			<trkpt lat="48.932531" lon="15.716197">
				<ele>413.000000</ele>
			</trkpt>
			<trkpt lat="48.932442" lon="15.716205">
				<ele>414.000000</ele>
			</trkpt>
			<trkpt lat="48.932336" lon="15.716205">
				<ele>416.000000</ele>
			</trkpt>
			<trkpt lat="48.932230" lon="15.716224">
				<ele>417.000000</ele>
			</trkpt>
			<trkpt lat="48.932118" lon="15.716259">
				<ele>419.000000</ele>
			</trkpt>
			<trkpt lat="48.932017" lon="15.716314">
				<ele>420.000000</ele>
			</trkpt>
			<trkpt lat="48.931846" lon="15.716431">
				<ele>422.000000</ele>
			</trkpt>
			<trkpt lat="48.931061" lon="15.716978">
				<ele>427.000000</ele>
			</trkpt>
			<trkpt lat="48.930919" lon="15.717104">
				<ele>428.000000</ele>
			</trkpt>
			<trkpt lat="48.930807" lon="15.717220">
				<ele>429.000000</ele>
			</trkpt>
			<trkpt lat="48.930701" lon="15.717400">
				<ele>430.000000</ele>
			</trkpt>
			<trkpt lat="48.930583" lon="15.717616">
				<ele>431.000000</ele>
			</trkpt>
			<trkpt lat="48.930471" lon="15.717832">
				<ele>432.000000</ele>
			</trkpt>
			<trkpt lat="48.930247" lon="15.718209">
				<ele>434.000000</ele>
			</trkpt>
			<trkpt lat="48.930135" lon="15.718461">
				<ele>435.000000</ele>
			</trkpt>
			<trkpt lat="48.930081" lon="15.718551">
				<ele>436.000000</ele>
			</trkpt>
			<trkpt lat="48.930034" lon="15.718631">
				<ele>436.000000</ele>
			</trkpt>
			<trkpt lat="48.930176" lon="15.718702">
				<ele>437.000000</ele>
			</trkpt>
			<trkpt lat="48.930288" lon="15.718757">
				<ele>438.000000</ele>
			</trkpt>
			<trkpt lat="48.930382" lon="15.718847">
				<ele>439.000000</ele>
			</trkpt>
			<trkpt lat="48.930512" lon="15.718937">
				<ele>440.000000</ele>
			</trkpt>
			<trkpt lat="48.930583" lon="15.718999">
				<ele>440.000000</ele>
			</trkpt>
			<trkpt lat="48.930642" lon="15.719008">
				<ele>440.000000</ele>
			</trkpt>
			<trkpt lat="48.930689" lon="15.719008">
				<ele>440.000000</ele>
			</trkpt>
			<trkpt lat="48.930742" lon="15.718999">
				<ele>440.000000</ele>
			</trkpt>
			<trkpt lat="48.930789" lon="15.718955">
				<ele>440.000000</ele>
			</trkpt>
			<trkpt lat="48.930814" lon="15.718901">
				<ele>440.000000</ele>
			</trkpt>
			<trkpt lat="48.930860" lon="15.718784">
				<ele>440.000000</ele>
			</trkpt>
			<trkpt lat="48.930907" lon="15.718559">
				<ele>440.000000</ele>
			</trkpt>
			<trkpt lat="48.930937" lon="15.718478">
				<ele>440.000000</ele>
			</trkpt>
			<trkpt lat="48.930972" lon="15.718415">
				<ele>440.000000</ele>
			</trkpt>
			<trkpt lat="48.931020" lon="15.718371">
				<ele>440.000000</ele>
			</trkpt>
			<trkpt lat="48.931149" lon="15.718289">
				<ele>440.000000</ele>
			</trkpt>
			<trkpt lat="48.931398" lon="15.718092">
				<ele>440.000000</ele>
			</trkpt>
			<trkpt lat="48.931522" lon="15.718002">
				<ele>441.000000</ele>
			</trkpt>
			<trkpt lat="48.931687" lon="15.717930">
				<ele>443.000000</ele>
			</trkpt>
			<trkpt lat="48.931758" lon="15.717876">
				<ele>443.000000</ele>
			</trkpt>
			<trkpt lat="48.931828" lon="15.717796">
				<ele>444.000000</ele>
			</trkpt>
			<trkpt lat="48.931887" lon="15.717687">
				<ele>449.000000</ele>
			</trkpt>
			<trkpt lat="48.932047" lon="15.717634">
				<ele>447.000000</ele>
			</trkpt>
			<trkpt lat="48.932059" lon="15.717625">
				<ele>447.000000</ele>
			</trkpt>
			<trkpt lat="48.932059" lon="15.717625">
				<ele>447.000000</ele>
			</trkpt>
			<trkpt lat="48.932047" lon="15.717634">
				<ele>447.000000</ele>
			</trkpt>
			<trkpt lat="48.931887" lon="15.717687">
				<ele>449.000000</ele>
			</trkpt>
			<trkpt lat="48.931828" lon="15.717796">
				<ele>444.000000</ele>
			</trkpt>
			<trkpt lat="48.931758" lon="15.717876">
				<ele>443.000000</ele>
			</trkpt>
			<trkpt lat="48.931687" lon="15.717930">
				<ele>443.000000</ele>
			</trkpt>
			<trkpt lat="48.931522" lon="15.718002">
				<ele>441.000000</ele>
			</trkpt>
			<trkpt lat="48.931398" lon="15.718092">
				<ele>440.000000</ele>
			</trkpt>
			<trkpt lat="48.931149" lon="15.718289">
				<ele>440.000000</ele>
			</trkpt>
			<trkpt lat="48.931020" lon="15.718371">
				<ele>440.000000</ele>
			</trkpt>
			<trkpt lat="48.930972" lon="15.718415">
				<ele>440.000000</ele>
			</trkpt>
			<trkpt lat="48.930937" lon="15.718478">
				<ele>440.000000</ele>
			</trkpt>
			<trkpt lat="48.930907" lon="15.718559">
				<ele>440.000000</ele>
			</trkpt>
			<trkpt lat="48.930860" lon="15.718784">
				<ele>440.000000</ele>
			</trkpt>
			<trkpt lat="48.930814" lon="15.718901">
				<ele>440.000000</ele>
			</trkpt>
			<trkpt lat="48.930789" lon="15.718955">
				<ele>440.000000</ele>
			</trkpt>
			<trkpt lat="48.930742" lon="15.718999">
				<ele>440.000000</ele>
			</trkpt>
			<trkpt lat="48.930689" lon="15.719008">
				<ele>440.000000</ele>
			</trkpt>
			<trkpt lat="48.930642" lon="15.719008">
				<ele>440.000000</ele>
			</trkpt>
			<trkpt lat="48.930583" lon="15.718999">
				<ele>440.000000</ele>
			</trkpt>
			<trkpt lat="48.930512" lon="15.718937">
				<ele>440.000000</ele>
			</trkpt>
			<trkpt lat="48.930382" lon="15.718847">
				<ele>439.000000</ele>
			</trkpt>
			<trkpt lat="48.930288" lon="15.718757">
				<ele>438.000000</ele>
			</trkpt>
			<trkpt lat="48.930176" lon="15.718702">
				<ele>437.000000</ele>
			</trkpt>
			<trkpt lat="48.930034" lon="15.718631">
				<ele>436.000000</ele>
			</trkpt>
			<trkpt lat="48.930081" lon="15.718551">
				<ele>436.000000</ele>
			</trkpt>
			<trkpt lat="48.930135" lon="15.718461">
				<ele>435.000000</ele>
			</trkpt>
			<trkpt lat="48.930247" lon="15.718209">
				<ele>434.000000</ele>
			</trkpt>
			<trkpt lat="48.930471" lon="15.717832">
				<ele>432.000000</ele>
			</trkpt>
			<trkpt lat="48.930583" lon="15.717616">
				<ele>431.000000</ele>
			</trkpt>
			<trkpt lat="48.930701" lon="15.717400">
				<ele>430.000000</ele>
			</trkpt>
			<trkpt lat="48.930807" lon="15.717220">
				<ele>429.000000</ele>
			</trkpt>
			<trkpt lat="48.930919" lon="15.717104">
				<ele>428.000000</ele>
			</trkpt>
			<trkpt lat="48.931061" lon="15.716978">
				<ele>427.000000</ele>
			</trkpt>
			<trkpt lat="48.931846" lon="15.716431">
				<ele>422.000000</ele>
			</trkpt>
			<trkpt lat="48.932017" lon="15.716314">
				<ele>420.000000</ele>
			</trkpt>
			<trkpt lat="48.932118" lon="15.716259">
				<ele>419.000000</ele>
			</trkpt>
			<trkpt lat="48.932230" lon="15.716224">
				<ele>417.000000</ele>
			</trkpt>
			<trkpt lat="48.932336" lon="15.716205">
				<ele>416.000000</ele>
			</trkpt>
			<trkpt lat="48.932442" lon="15.716205">
				<ele>414.000000</ele>
			</trkpt>
			<trkpt lat="48.932531" lon="15.716197">
				<ele>413.000000</ele>
			</trkpt>
			<trkpt lat="48.932613" lon="15.716169">
				<ele>411.000000</ele>
			</trkpt>
			<trkpt lat="48.932696" lon="15.716115">
				<ele>410.000000</ele>
			</trkpt>
			<trkpt lat="48.932778" lon="15.716062">
				<ele>408.000000</ele>
			</trkpt>
			<trkpt lat="48.932885" lon="15.715981">
				<ele>406.000000</ele>
			</trkpt>
			<trkpt lat="48.932938" lon="15.715972">
				<ele>405.000000</ele>
			</trkpt>
			<trkpt lat="48.932985" lon="15.715972">
				<ele>405.000000</ele>
			</trkpt>
			<trkpt lat="48.933038" lon="15.715972">
				<ele>404.000000</ele>
			</trkpt>
			<trkpt lat="48.933085" lon="15.715945">
				<ele>404.000000</ele>
			</trkpt>
			<trkpt lat="48.933127" lon="15.715909">
				<ele>403.000000</ele>
			</trkpt>
			<trkpt lat="48.933191" lon="15.715838">
				<ele>402.000000</ele>
			</trkpt>
			<trkpt lat="48.933156" lon="15.715765">
				<ele>402.000000</ele>
			</trkpt>
			<trkpt lat="48.933345" lon="15.715639">
				<ele>401.000000</ele>
			</trkpt>
			<trkpt lat="48.933433" lon="15.715559">
				<ele>400.000000</ele>
			</trkpt>
			<trkpt lat="48.933528" lon="15.715452">
				<ele>400.000000</ele>
			</trkpt>
			<trkpt lat="48.933610" lon="15.715352">
				<ele>399.000000</ele>
			</trkpt>
			<trkpt lat="48.933699" lon="15.715226">
				<ele>398.000000</ele>
			</trkpt>
			<trkpt lat="48.933852" lon="15.714983">
				<ele>397.000000</ele>
			</trkpt>
			<trkpt lat="48.934018" lon="15.714660">
				<ele>396.000000</ele>
			</trkpt>
			<trkpt lat="48.934148" lon="15.714471">
				<ele>394.000000</ele>
			</trkpt>
			<trkpt lat="48.934236" lon="15.714381">
				<ele>393.000000</ele>
			</trkpt>
			<trkpt lat="48.934573" lon="15.714031">
				<ele>388.000000</ele>
			</trkpt>
			<trkpt lat="48.934643" lon="15.713933">
				<ele>387.000000</ele>
			</trkpt>
			<trkpt lat="48.934726" lon="15.713815">
				<ele>386.000000</ele>
			</trkpt>
			<trkpt lat="48.934809" lon="15.713645">
				<ele>385.000000</ele>
			</trkpt>
			<trkpt lat="48.934897" lon="15.713429">
				<ele>384.000000</ele>
			</trkpt>
			<trkpt lat="48.935009" lon="15.713178">
				<ele>383.000000</ele>
			</trkpt>
			<trkpt lat="48.935393" lon="15.712146">
				<ele>378.000000</ele>
			</trkpt>
			<trkpt lat="48.935528" lon="15.711786">
				<ele>377.000000</ele>
			</trkpt>
			<trkpt lat="48.935599" lon="15.711615">
				<ele>376.000000</ele>
			</trkpt>
			<trkpt lat="48.935676" lon="15.711517">
				<ele>375.000000</ele>
			</trkpt>
			<trkpt lat="48.935729" lon="15.711463">
				<ele>375.000000</ele>
			</trkpt>
			<trkpt lat="48.935764" lon="15.711454">
				<ele>375.000000</ele>
			</trkpt>
			<trkpt lat="48.935794" lon="15.711454">
				<ele>375.000000</ele>
			</trkpt>
			<trkpt lat="48.935871" lon="15.711291">
				<ele>374.000000</ele>
			</trkpt>
			<trkpt lat="48.935953" lon="15.711157">
				<ele>373.000000</ele>
			</trkpt>
			<trkpt lat="48.936036" lon="15.711049">
				<ele>373.000000</ele>
			</trkpt>
			<trkpt lat="48.936130" lon="15.710932">
				<ele>372.000000</ele>
			</trkpt>
			<trkpt lat="48.936290" lon="15.710789">
				<ele>371.000000</ele>
			</trkpt>
			<trkpt lat="48.936768" lon="15.710429">
				<ele>368.000000</ele>
			</trkpt>
			<trkpt lat="48.936950" lon="15.710303">
				<ele>366.000000</ele>
			</trkpt>
			<trkpt lat="48.937275" lon="15.710123">
				<ele>364.000000</ele>
			</trkpt>
			<trkpt lat="48.937382" lon="15.710043">
				<ele>364.000000</ele>
			</trkpt>
			<trkpt lat="48.937517" lon="15.709936">
				<ele>363.000000</ele>
			</trkpt>
			<trkpt lat="48.937653" lon="15.709773">
				<ele>362.000000</ele>
			</trkpt>
			<trkpt lat="48.937783" lon="15.709594">
				<ele>361.000000</ele>
			</trkpt>
			<trkpt lat="48.937871" lon="15.709433">
				<ele>360.000000</ele>
			</trkpt>
			<trkpt lat="48.937948" lon="15.709270">
				<ele>360.000000</ele>
			</trkpt>
			<trkpt lat="48.938001" lon="15.709109">
				<ele>360.000000</ele>
			</trkpt>
			<trkpt lat="48.938048" lon="15.708930">
				<ele>360.000000</ele>
			</trkpt>
			<trkpt lat="48.938084" lon="15.708695">
				<ele>360.000000</ele>
			</trkpt>
			<trkpt lat="48.938113" lon="15.708498">
				<ele>360.000000</ele>
			</trkpt>
			<trkpt lat="48.938125" lon="15.708238">
				<ele>360.000000</ele>
			</trkpt>
			<trkpt lat="48.938125" lon="15.707923">
				<ele>360.000000</ele>
			</trkpt>
			<trkpt lat="48.938125" lon="15.707636">
				<ele>360.000000</ele>
			</trkpt>
			<trkpt lat="48.938113" lon="15.707357">
				<ele>360.000000</ele>
			</trkpt>
			<trkpt lat="48.938096" lon="15.707115">
				<ele>360.000000</ele>
			</trkpt>
			<trkpt lat="48.938042" lon="15.706620">
				<ele>360.000000</ele>
			</trkpt>
			<trkpt lat="48.937877" lon="15.705462">
				<ele>360.000000</ele>
			</trkpt>
			<trkpt lat="48.937854" lon="15.705265">
				<ele>360.000000</ele>
			</trkpt>
			<trkpt lat="48.937812" lon="15.705058">
				<ele>360.000000</ele>
			</trkpt>
			<trkpt lat="48.937759" lon="15.704886">
				<ele>360.000000</ele>
			</trkpt>
			<trkpt lat="48.937694" lon="15.704716">
				<ele>360.000000</ele>
			</trkpt>
			<trkpt lat="48.937624" lon="15.704555">
				<ele>360.000000</ele>
			</trkpt>
			<trkpt lat="48.937529" lon="15.704375">
				<ele>360.000000</ele>
			</trkpt>
			<trkpt lat="48.937411" lon="15.704196">
				<ele>358.000000</ele>
			</trkpt>
			<trkpt lat="48.937258" lon="15.703989">
				<ele>357.000000</ele>
			</trkpt>
			<trkpt lat="48.937152" lon="15.703827">
				<ele>356.000000</ele>
			</trkpt>
			<trkpt lat="48.937127" lon="15.703754">
				<ele>356.000000</ele>
			</trkpt>
			<trkpt lat="48.937116" lon="15.703674">
				<ele>355.000000</ele>
			</trkpt>
			<trkpt lat="48.937116" lon="15.703602">
				<ele>355.000000</ele>
			</trkpt>
			<trkpt lat="48.937127" lon="15.703521">
				<ele>355.000000</ele>
			</trkpt>
			<trkpt lat="48.937547" lon="15.701491">
				<ele>356.000000</ele>
			</trkpt>
			<trkpt lat="48.937570" lon="15.701410">
				<ele>356.000000</ele>
			</trkpt>
			<trkpt lat="48.937606" lon="15.701330">
				<ele>356.000000</ele>
			</trkpt>
			<trkpt lat="48.937458" lon="15.701167">
				<ele>360.000000</ele>
			</trkpt>
			<trkpt lat="48.937323" lon="15.701070">
				<ele>360.000000</ele>
			</trkpt>
			<trkpt lat="48.937157" lon="15.701015">
				<ele>360.000000</ele>
			</trkpt>
			<trkpt lat="48.936975" lon="15.700980">
				<ele>360.000000</ele>
			</trkpt>
			<trkpt lat="48.936691" lon="15.700952">
				<ele>360.000000</ele>
			</trkpt>
			<trkpt lat="48.936502" lon="15.700890">
				<ele>360.000000</ele>
			</trkpt>
			<trkpt lat="48.936396" lon="15.700863">
				<ele>360.000000</ele>
			</trkpt>
			<trkpt lat="48.936290" lon="15.700844">
				<ele>360.000000</ele>
			</trkpt>
			<trkpt lat="48.935918" lon="15.700880">
				<ele>360.000000</ele>
			</trkpt>
			<trkpt lat="48.935782" lon="15.700880">
				<ele>359.000000</ele>
			</trkpt>
			<trkpt lat="48.935688" lon="15.700925">
				<ele>357.000000</ele>
			</trkpt>
			<trkpt lat="48.935576" lon="15.700961">
				<ele>355.000000</ele>
			</trkpt>
			<trkpt lat="48.935458" lon="15.701041">
				<ele>355.000000</ele>
			</trkpt>
			<trkpt lat="48.935399" lon="15.701078">
				<ele>355.000000</ele>
			</trkpt>
			<trkpt lat="48.935340" lon="15.701104">
				<ele>355.000000</ele>
			</trkpt>
			<trkpt lat="48.935287" lon="15.701104">
				<ele>355.000000</ele>
			</trkpt>
			<trkpt lat="48.935216" lon="15.701096">
				<ele>355.000000</ele>
			</trkpt>
			<trkpt lat="48.935009" lon="15.701051">
				<ele>356.000000</ele>
			</trkpt>
			<trkpt lat="48.934850" lon="15.701033">
				<ele>359.000000</ele>
			</trkpt>
			<trkpt lat="48.934679" lon="15.701033">
				<ele>363.000000</ele>
			</trkpt>
			<trkpt lat="48.934455" lon="15.701070">
				<ele>368.000000</ele>
			</trkpt>
			<trkpt lat="48.934307" lon="15.701123">
				<ele>370.000000</ele>
			</trkpt>
			<trkpt lat="48.934200" lon="15.701177">
				<ele>370.000000</ele>
			</trkpt>
			<trkpt lat="48.934154" lon="15.701213">
				<ele>370.000000</ele>
			</trkpt>
			<trkpt lat="48.934107" lon="15.701267">
				<ele>370.000000</ele>
			</trkpt>
			<trkpt lat="48.934048" lon="15.701401">
				<ele>370.000000</ele>
			</trkpt>
			<trkpt lat="48.933900" lon="15.701743">
				<ele>370.000000</ele>
			</trkpt>
			<trkpt lat="48.933764" lon="15.702003">
				<ele>365.000000</ele>
			</trkpt>
			<trkpt lat="48.933688" lon="15.702112">
				<ele>365.000000</ele>
			</trkpt>
			<trkpt lat="48.933593" lon="15.702228">
				<ele>365.000000</ele>
			</trkpt>
			<trkpt lat="48.933374" lon="15.702488">
				<ele>367.000000</ele>
			</trkpt>
			<trkpt lat="48.933280" lon="15.702569">
				<ele>370.000000</ele>
			</trkpt>
			<trkpt lat="48.933191" lon="15.702623">
				<ele>369.000000</ele>
			</trkpt>
			<trkpt lat="48.933109" lon="15.702623">
				<ele>366.000000</ele>
			</trkpt>
			<trkpt lat="48.933020" lon="15.702588">
				<ele>364.000000</ele>
			</trkpt>
			<trkpt lat="48.932997" lon="15.702605">
				<ele>363.000000</ele>
			</trkpt>
			<trkpt lat="48.932997" lon="15.702649">
				<ele>362.000000</ele>
			</trkpt>
			<trkpt lat="48.933020" lon="15.702865">
				<ele>360.000000</ele>
			</trkpt>
			<trkpt lat="48.933026" lon="15.702947">
				<ele>359.000000</ele>
			</trkpt>
			<trkpt lat="48.933020" lon="15.703028">
				<ele>359.000000</ele>
			</trkpt>
			<trkpt lat="48.932938" lon="15.702919">
				<ele>368.000000</ele>
			</trkpt>
			<trkpt lat="48.932885" lon="15.702794">
				<ele>371.000000</ele>
			</trkpt>
			<trkpt lat="48.932843" lon="15.702695">
				<ele>373.000000</ele>
			</trkpt>
			<trkpt lat="48.932814" lon="15.702578">
				<ele>374.000000</ele>
			</trkpt>
			<trkpt lat="48.932790" lon="15.702399">
				<ele>377.000000</ele>
			</trkpt>
			<trkpt lat="48.932778" lon="15.702219">
				<ele>379.000000</ele>
			</trkpt>
			<trkpt lat="48.932790" lon="15.702039">
				<ele>381.000000</ele>
			</trkpt>
			<trkpt lat="48.932837" lon="15.701670">
				<ele>384.000000</ele>
			</trkpt>
			<trkpt lat="48.932855" lon="15.701509">
				<ele>385.000000</ele>
			</trkpt>
			<trkpt lat="48.932855" lon="15.701347">
				<ele>389.000000</ele>
			</trkpt>
			<trkpt lat="48.932843" lon="15.701159">
				<ele>392.000000</ele>
			</trkpt>
			<trkpt lat="48.932814" lon="15.700961">
				<ele>395.000000</ele>
			</trkpt>
			<trkpt lat="48.932790" lon="15.700844">
				<ele>395.000000</ele>
			</trkpt>
			<trkpt lat="48.932778" lon="15.700754">
				<ele>395.000000</ele>
			</trkpt>
			<trkpt lat="48.932778" lon="15.700638">
				<ele>395.000000</ele>
			</trkpt>
			<trkpt lat="48.932802" lon="15.700512">
				<ele>397.000000</ele>
			</trkpt>
			<trkpt lat="48.932920" lon="15.700081">
				<ele>409.000000</ele>
			</trkpt>
			<trkpt lat="48.932938" lon="15.699982">
				<ele>411.000000</ele>
			</trkpt>
			<trkpt lat="48.932932" lon="15.699875">
				<ele>414.000000</ele>
			</trkpt>
			<trkpt lat="48.932867" lon="15.699407">
				<ele>420.000000</ele>
			</trkpt>
			<trkpt lat="48.932843" lon="15.699120">
				<ele>424.000000</ele>
			</trkpt>
			<trkpt lat="48.932826" lon="15.698833">
				<ele>427.000000</ele>
			</trkpt>
			<trkpt lat="48.932820" lon="15.698509">
				<ele>430.000000</ele>
			</trkpt>
			<trkpt lat="48.932826" lon="15.698123">
				<ele>434.000000</ele>
			</trkpt>
			<trkpt lat="48.932843" lon="15.697854">
				<ele>436.000000</ele>
			</trkpt>
			<trkpt lat="48.932873" lon="15.697619">
				<ele>437.000000</ele>
			</trkpt>
			<trkpt lat="48.932938" lon="15.697170">
				<ele>440.000000</ele>
			</trkpt>
			<trkpt lat="48.932967" lon="15.696928">
				<ele>442.000000</ele>
			</trkpt>
			<trkpt lat="48.932979" lon="15.696676">
				<ele>443.000000</ele>
			</trkpt>
			<trkpt lat="48.932961" lon="15.696470">
				<ele>445.000000</ele>
			</trkpt>
			<trkpt lat="48.932932" lon="15.696380">
				<ele>445.000000</ele>
			</trkpt>
			<trkpt lat="48.932896" lon="15.696280">
				<ele>445.000000</ele>
			</trkpt>
			<trkpt lat="48.932843" lon="15.696209">
				<ele>445.000000</ele>
			</trkpt>
			<trkpt lat="48.932778" lon="15.696173">
				<ele>445.000000</ele>
			</trkpt>
			<trkpt lat="48.932719" lon="15.696146">
				<ele>445.000000</ele>
			</trkpt>
			<trkpt lat="48.932631" lon="15.696110">
				<ele>445.000000</ele>
			</trkpt>
			<trkpt lat="48.932531" lon="15.696128">
				<ele>445.000000</ele>
			</trkpt>
			<trkpt lat="48.932424" lon="15.696156">
				<ele>445.000000</ele>
			</trkpt>
			<trkpt lat="48.932306" lon="15.696191">
				<ele>445.000000</ele>
			</trkpt>
			<trkpt lat="48.931716" lon="15.696487">
				<ele>448.000000</ele>
			</trkpt>
			<trkpt lat="48.931728" lon="15.696335">
				<ele>448.000000</ele>
			</trkpt>
			<trkpt lat="48.931722" lon="15.695311">
				<ele>450.000000</ele>
			</trkpt>
			<trkpt lat="48.931716" lon="15.693703">
				<ele>450.000000</ele>
			</trkpt>
			<trkpt lat="48.931710" lon="15.691906">
				<ele>450.000000</ele>
			</trkpt>
			<trkpt lat="48.931687" lon="15.691053">
				<ele>446.000000</ele>
			</trkpt>
			<trkpt lat="48.931681" lon="15.690883">
				<ele>445.000000</ele>
			</trkpt>
			<trkpt lat="48.931657" lon="15.690477">
				<ele>443.000000</ele>
			</trkpt>
			<trkpt lat="48.931646" lon="15.690271">
				<ele>441.000000</ele>
			</trkpt>
			<trkpt lat="48.931651" lon="15.690028">
				<ele>440.000000</ele>
			</trkpt>
			<trkpt lat="48.931657" lon="15.689795">
				<ele>439.000000</ele>
			</trkpt>
			<trkpt lat="48.931669" lon="15.689588">
				<ele>438.000000</ele>
			</trkpt>
			<trkpt lat="48.931699" lon="15.689346">
				<ele>437.000000</ele>
			</trkpt>
			<trkpt lat="48.931746" lon="15.689085">
				<ele>437.000000</ele>
			</trkpt>
			<trkpt lat="48.931964" lon="15.688026">
				<ele>436.000000</ele>
			</trkpt>
			<trkpt lat="48.931994" lon="15.687854">
				<ele>437.000000</ele>
			</trkpt>
			<trkpt lat="48.932011" lon="15.687684">
				<ele>437.000000</ele>
			</trkpt>
			<trkpt lat="48.932005" lon="15.687504">
				<ele>438.000000</ele>
			</trkpt>
			<trkpt lat="48.931970" lon="15.687325">
				<ele>438.000000</ele>
			</trkpt>
			<trkpt lat="48.931935" lon="15.687225">
				<ele>438.000000</ele>
			</trkpt>
			<trkpt lat="48.931893" lon="15.687135">
				<ele>439.000000</ele>
			</trkpt>
			<trkpt lat="48.931675" lon="15.686722">
				<ele>440.000000</ele>
			</trkpt>
			<trkpt lat="48.931622" lon="15.686598">
				<ele>441.000000</ele>
			</trkpt>
			<trkpt lat="48.931587" lon="15.686498">
				<ele>442.000000</ele>
			</trkpt>
			<trkpt lat="48.931569" lon="15.686391">
				<ele>443.000000</ele>
			</trkpt>
			<trkpt lat="48.931575" lon="15.686256">
				<ele>444.000000</ele>
			</trkpt>
			<trkpt lat="48.931610" lon="15.686067">
				<ele>445.000000</ele>
			</trkpt>
			<trkpt lat="48.931775" lon="15.685330">
				<ele>448.000000</ele>
			</trkpt>
			<trkpt lat="48.931941" lon="15.684665">
				<ele>450.000000</ele>
			</trkpt>
			<trkpt lat="48.932301" lon="15.684351">
				<ele>450.000000</ele>
			</trkpt>
			<trkpt lat="48.932017" lon="15.682824">
				<ele>455.000000</ele>
			</trkpt>
			<trkpt lat="48.931734" lon="15.681288">
				<ele>458.000000</ele>
			</trkpt>
			<trkpt lat="48.929881" lon="15.680740">
				<ele>455.000000</ele>
			</trkpt>
			<trkpt lat="48.928564" lon="15.680380">
				<ele>455.000000</ele>
			</trkpt>
			<trkpt lat="48.928134" lon="15.680282">
				<ele>455.000000</ele>
			</trkpt>
			<trkpt lat="48.927372" lon="15.680093">
				<ele>458.000000</ele>
			</trkpt>
			<trkpt lat="48.926570" lon="15.679877">
				<ele>460.000000</ele>
			</trkpt>
			<trkpt lat="48.925802" lon="15.679661">
				<ele>460.000000</ele>
			</trkpt>
			<trkpt lat="48.925153" lon="15.679464">
				<ele>460.000000</ele>
			</trkpt>
			<trkpt lat="48.924858" lon="15.679374">
				<ele>460.000000</ele>
			</trkpt>
			<trkpt lat="48.924657" lon="15.679311">
				<ele>460.000000</ele>
			</trkpt>
			<trkpt lat="48.924581" lon="15.679248">
				<ele>460.000000</ele>
			</trkpt>
			<trkpt lat="48.924492" lon="15.679185">
				<ele>460.000000</ele>
			</trkpt>
			<trkpt lat="48.924303" lon="15.679006">
				<ele>460.000000</ele>
			</trkpt>
			<trkpt lat="48.924079" lon="15.678737">
				<ele>460.000000</ele>
			</trkpt>
			<trkpt lat="48.924026" lon="15.678682">
				<ele>460.000000</ele>
			</trkpt>
			<trkpt lat="48.924008" lon="15.678629">
				<ele>460.000000</ele>
			</trkpt>
			<trkpt lat="48.924008" lon="15.678593">
				<ele>460.000000</ele>
			</trkpt>
			<trkpt lat="48.924020" lon="15.678153">
				<ele>460.000000</ele>
			</trkpt>
			<trkpt lat="48.924008" lon="15.678082">
				<ele>460.000000</ele>
			</trkpt>
			<trkpt lat="48.923991" lon="15.678027">
				<ele>460.000000</ele>
			</trkpt>
			<trkpt lat="48.923967" lon="15.678000">
				<ele>460.000000</ele>
			</trkpt>
			<trkpt lat="48.923920" lon="15.677973">
				<ele>460.000000</ele>
			</trkpt>
			<trkpt lat="48.923802" lon="15.677946">
				<ele>460.000000</ele>
			</trkpt>
			<trkpt lat="48.923625" lon="15.677956">
				<ele>460.000000</ele>
			</trkpt>
			<trkpt lat="48.923418" lon="15.677937">
				<ele>460.000000</ele>
			</trkpt>
			<trkpt lat="48.923211" lon="15.677910">
				<ele>460.000000</ele>
			</trkpt>
			<trkpt lat="48.923058" lon="15.677856">
				<ele>460.000000</ele>
			</trkpt>
			<trkpt lat="48.922828" lon="15.677740">
				<ele>460.000000</ele>
			</trkpt>
			<trkpt lat="48.922060" lon="15.677290">
				<ele>460.000000</ele>
			</trkpt>
			<trkpt lat="48.921866" lon="15.677164">
				<ele>460.000000</ele>
			</trkpt>
			<trkpt lat="48.921659" lon="15.676985">
				<ele>460.000000</ele>
			</trkpt>
			<trkpt lat="48.921571" lon="15.676914">
				<ele>460.000000</ele>
			</trkpt>
			<trkpt lat="48.921470" lon="15.676860">
				<ele>460.000000</ele>
			</trkpt>
			<trkpt lat="48.921375" lon="15.676832">
				<ele>460.000000</ele>
			</trkpt>
			<trkpt lat="48.921211" lon="15.676805">
				<ele>460.000000</ele>
			</trkpt>
			<trkpt lat="48.921086" lon="15.676761">
				<ele>460.000000</ele>
			</trkpt>
			<trkpt lat="48.920986" lon="15.676707">
				<ele>460.000000</ele>
			</trkpt>
			<trkpt lat="48.920897" lon="15.676608">
				<ele>460.000000</ele>
			</trkpt>
			<trkpt lat="48.920815" lon="15.676474">
				<ele>460.000000</ele>
			</trkpt>
			<trkpt lat="48.920685" lon="15.676195">
				<ele>460.000000</ele>
			</trkpt>
			<trkpt lat="48.920638" lon="15.676275">
				<ele>460.000000</ele>
			</trkpt>
			<trkpt lat="48.920608" lon="15.676348">
				<ele>460.000000</ele>
			</trkpt>
			<trkpt lat="48.920549" lon="15.676608">
				<ele>460.000000</ele>
			</trkpt>
			<trkpt lat="48.920378" lon="15.677443">
				<ele>460.000000</ele>
			</trkpt>
			<trkpt lat="48.920000" lon="15.679384">
				<ele>460.000000</ele>
			</trkpt>
			<trkpt lat="48.919853" lon="15.679393">
				<ele>460.000000</ele>
			</trkpt>
			<trkpt lat="48.919729" lon="15.679401">
				<ele>460.000000</ele>
			</trkpt>
			<trkpt lat="48.919493" lon="15.679447">
				<ele>460.000000</ele>
			</trkpt>
			<trkpt lat="48.919303" lon="15.679455">
				<ele>460.000000</ele>
			</trkpt>
			<trkpt lat="48.918831" lon="15.679438">
				<ele>460.000000</ele>
			</trkpt>
			<trkpt lat="48.918678" lon="15.679420">
				<ele>460.000000</ele>
			</trkpt>
			<trkpt lat="48.918560" lon="15.679393">
				<ele>460.000000</ele>
			</trkpt>
			<trkpt lat="48.918454" lon="15.679348">
				<ele>460.000000</ele>
			</trkpt>
			<trkpt lat="48.918336" lon="15.679275">
				<ele>460.000000</ele>
			</trkpt>
			<trkpt lat="48.918247" lon="15.679204">
				<ele>460.000000</ele>
			</trkpt>
			<trkpt lat="48.918176" lon="15.679124">
				<ele>460.000000</ele>
			</trkpt>
			<trkpt lat="48.918105" lon="15.679042">
				<ele>460.000000</ele>
			</trkpt>
			<trkpt lat="48.917987" lon="15.678845">
				<ele>460.000000</ele>
			</trkpt>
			<trkpt lat="48.917798" lon="15.678530">
				<ele>460.000000</ele>
			</trkpt>
			<trkpt lat="48.917438" lon="15.677856">
				<ele>460.000000</ele>
			</trkpt>
			<trkpt lat="48.917379" lon="15.677776">
				<ele>460.000000</ele>
			</trkpt>
			<trkpt lat="48.917256" lon="15.677640">
				<ele>460.000000</ele>
			</trkpt>
			<trkpt lat="48.917149" lon="15.677524">
				<ele>460.000000</ele>
			</trkpt>
			<trkpt lat="48.916712" lon="15.677191">
				<ele>460.000000</ele>
			</trkpt>
			<trkpt lat="48.916647" lon="15.677138">
				<ele>460.000000</ele>
			</trkpt>
			<trkpt lat="48.916523" lon="15.677030">
				<ele>460.000000</ele>
			</trkpt>
			<trkpt lat="48.916075" lon="15.676661">
				<ele>460.000000</ele>
			</trkpt>
			<trkpt lat="48.915886" lon="15.676527">
				<ele>460.000000</ele>
			</trkpt>
			<trkpt lat="48.915744" lon="15.676446">
				<ele>460.000000</ele>
			</trkpt>
			<trkpt lat="48.915626" lon="15.676384">
				<ele>460.000000</ele>
			</trkpt>
			<trkpt lat="48.915343" lon="15.676248">
				<ele>460.000000</ele>
			</trkpt>
			<trkpt lat="48.915159" lon="15.676149">
				<ele>460.000000</ele>
			</trkpt>
			<trkpt lat="48.915001" lon="15.676024">
				<ele>460.000000</ele>
			</trkpt>
			<trkpt lat="48.914841" lon="15.675853">
				<ele>460.000000</ele>
			</trkpt>
			<trkpt lat="48.914729" lon="15.675763">
				<ele>460.000000</ele>
			</trkpt>
			<trkpt lat="48.914534" lon="15.675611">
				<ele>460.000000</ele>
			</trkpt>
			<trkpt lat="48.914451" lon="15.675521">
				<ele>460.000000</ele>
			</trkpt>
			<trkpt lat="48.914416" lon="15.675467">
				<ele>460.000000</ele>
			</trkpt>
			<trkpt lat="48.914392" lon="15.675403">
				<ele>460.000000</ele>
			</trkpt>
			<trkpt lat="48.914374" lon="15.675323">
				<ele>460.000000</ele>
			</trkpt>
			<trkpt lat="48.914363" lon="15.675224">
				<ele>460.000000</ele>
			</trkpt>
			<trkpt lat="48.914321" lon="15.675279">
				<ele>460.000000</ele>
			</trkpt>
			<trkpt lat="48.914286" lon="15.675314">
				<ele>460.000000</ele>
			</trkpt>
			<trkpt lat="48.914221" lon="15.675440">
				<ele>460.000000</ele>
			</trkpt>
			<trkpt lat="48.913435" lon="15.675700">
				<ele>455.000000</ele>
			</trkpt>
			<trkpt lat="48.913258" lon="15.675772">
				<ele>452.000000</ele>
			</trkpt>
			<trkpt lat="48.913046" lon="15.675862">
				<ele>448.000000</ele>
			</trkpt>
			<trkpt lat="48.912698" lon="15.676024">
				<ele>440.000000</ele>
			</trkpt>
			<trkpt lat="48.912113" lon="15.676275">
				<ele>423.000000</ele>
			</trkpt>
			<trkpt lat="48.911759" lon="15.676428">
				<ele>420.000000</ele>
			</trkpt>
			<trkpt lat="48.911671" lon="15.676482">
				<ele>421.000000</ele>
			</trkpt>
			<trkpt lat="48.911623" lon="15.676527">
				<ele>422.000000</ele>
			</trkpt>
			<trkpt lat="48.911422" lon="15.677219">
				<ele>426.000000</ele>
			</trkpt>
			<trkpt lat="48.911346" lon="15.677480">
				<ele>427.000000</ele>
			</trkpt>
			<trkpt lat="48.911056" lon="15.678342">
				<ele>431.000000</ele>
			</trkpt>
			<trkpt lat="48.910791" lon="15.679204">
				<ele>433.000000</ele>
			</trkpt>
			<trkpt lat="48.910696" lon="15.679455">
				<ele>434.000000</ele>
			</trkpt>
			<trkpt lat="48.910590" lon="15.679690">
				<ele>435.000000</ele>
			</trkpt>
			<trkpt lat="48.910496" lon="15.679851">
				<ele>435.000000</ele>
			</trkpt>
			<trkpt lat="48.910159" lon="15.680363">
				<ele>441.000000</ele>
			</trkpt>
			<trkpt lat="48.910012" lon="15.680130">
				<ele>443.000000</ele>
			</trkpt>
			<trkpt lat="48.909787" lon="15.679841">
				<ele>445.000000</ele>
			</trkpt>
			<trkpt lat="48.909669" lon="15.679994">
				<ele>445.000000</ele>
			</trkpt>
			<trkpt lat="48.909539" lon="15.680111">
				<ele>444.000000</ele>
			</trkpt>
			<trkpt lat="48.909445" lon="15.680183">
				<ele>444.000000</ele>
			</trkpt>
			<trkpt lat="48.909344" lon="15.680227">
				<ele>444.000000</ele>
			</trkpt>
			<trkpt lat="48.909226" lon="15.680256">
				<ele>444.000000</ele>
			</trkpt>
			<trkpt lat="48.909126" lon="15.680273">
				<ele>443.000000</ele>
			</trkpt>
			<trkpt lat="48.909090" lon="15.680273">
				<ele>443.000000</ele>
			</trkpt>
			<trkpt lat="48.908937" lon="15.680256">
				<ele>443.000000</ele>
			</trkpt>
			<trkpt lat="48.908595" lon="15.680156">
				<ele>442.000000</ele>
			</trkpt>
			<trkpt lat="48.908435" lon="15.680120">
				<ele>442.000000</ele>
			</trkpt>
			<trkpt lat="48.908382" lon="15.680084">
				<ele>442.000000</ele>
			</trkpt>
			<trkpt lat="48.908347" lon="15.680030">
				<ele>442.000000</ele>
			</trkpt>
			<trkpt lat="48.908317" lon="15.679958">
				<ele>442.000000</ele>
			</trkpt>
			<trkpt lat="48.908299" lon="15.679887">
				<ele>442.000000</ele>
			</trkpt>
			<trkpt lat="48.908282" lon="15.679824">
				<ele>442.000000</ele>
			</trkpt>
			<trkpt lat="48.908276" lon="15.679716">
				<ele>442.000000</ele>
			</trkpt>
			<trkpt lat="48.908276" lon="15.679348">
				<ele>441.000000</ele>
			</trkpt>
			<trkpt lat="48.908270" lon="15.678961">
				<ele>441.000000</ele>
			</trkpt>
			<trkpt lat="48.908252" lon="15.678701">
				<ele>440.000000</ele>
			</trkpt>
			<trkpt lat="48.908223" lon="15.678432">
				<ele>440.000000</ele>
			</trkpt>
			<trkpt lat="48.908170" lon="15.678126">
				<ele>440.000000</ele>
			</trkpt>
			<trkpt lat="48.908134" lon="15.677992">
				<ele>440.000000</ele>
			</trkpt>
			<trkpt lat="48.908099" lon="15.677866">
				<ele>440.000000</ele>
			</trkpt>
			<trkpt lat="48.908046" lon="15.677757">
				<ele>440.000000</ele>
			</trkpt>
			<trkpt lat="48.907975" lon="15.677677">
				<ele>440.000000</ele>
			</trkpt>
			<trkpt lat="48.907892" lon="15.677606">
				<ele>440.000000</ele>
			</trkpt>
			<trkpt lat="48.907804" lon="15.677577">
				<ele>440.000000</ele>
			</trkpt>
			<trkpt lat="48.907650" lon="15.677533">
				<ele>440.000000</ele>
			</trkpt>
			<trkpt lat="48.907343" lon="15.677480">
				<ele>440.000000</ele>
			</trkpt>
			<trkpt lat="48.907166" lon="15.677434">
				<ele>440.000000</ele>
			</trkpt>
			<trkpt lat="48.906947" lon="15.677371">
				<ele>441.000000</ele>
			</trkpt>
			<trkpt lat="48.906670" lon="15.677300">
				<ele>441.000000</ele>
			</trkpt>
			<trkpt lat="48.906516" lon="15.677290">
				<ele>442.000000</ele>
			</trkpt>
			<trkpt lat="48.906363" lon="15.677308">
				<ele>442.000000</ele>
			</trkpt>
			<trkpt lat="48.905996" lon="15.677390">
				<ele>443.000000</ele>
			</trkpt>
			<trkpt lat="48.905849" lon="15.677443">
				<ele>443.000000</ele>
			</trkpt>
			<trkpt lat="48.905707" lon="15.677506">
				<ele>444.000000</ele>
			</trkpt>
			<trkpt lat="48.905642" lon="15.677551">
				<ele>444.000000</ele>
			</trkpt>
			<trkpt lat="48.905601" lon="15.677587">
				<ele>444.000000</ele>
			</trkpt>
			<trkpt lat="48.905571" lon="15.677659">
				<ele>444.000000</ele>
			</trkpt>
			<trkpt lat="48.905542" lon="15.677722">
				<ele>444.000000</ele>
			</trkpt>
			<trkpt lat="48.905371" lon="15.677686">
				<ele>444.000000</ele>
			</trkpt>
			<trkpt lat="48.905105" lon="15.677650">
				<ele>445.000000</ele>
			</trkpt>
			<trkpt lat="48.904591" lon="15.677614">
				<ele>445.000000</ele>
			</trkpt>
			<trkpt lat="48.904142" lon="15.677623">
				<ele>445.000000</ele>
			</trkpt>
			<trkpt lat="48.903664" lon="15.677659">
				<ele>444.000000</ele>
			</trkpt>
			<trkpt lat="48.903446" lon="15.677695">
				<ele>441.000000</ele>
			</trkpt>
			<trkpt lat="48.903251" lon="15.677730">
				<ele>439.000000</ele>
			</trkpt>
			<trkpt lat="48.903132" lon="15.677749">
				<ele>438.000000</ele>
			</trkpt>
			<trkpt lat="48.902737" lon="15.677730">
				<ele>434.000000</ele>
			</trkpt>
			<trkpt lat="48.902501" lon="15.677740">
				<ele>431.000000</ele>
			</trkpt>
			<trkpt lat="48.902277" lon="15.677767">
				<ele>429.000000</ele>
			</trkpt>
			<trkpt lat="48.902070" lon="15.677830">
				<ele>427.000000</ele>
			</trkpt>
			<trkpt lat="48.902005" lon="15.677856">
				<ele>426.000000</ele>
			</trkpt>
			<trkpt lat="48.901946" lon="15.677910">
				<ele>425.000000</ele>
			</trkpt>
			<trkpt lat="48.901893" lon="15.677964">
				<ele>425.000000</ele>
			</trkpt>
			<trkpt lat="48.901828" lon="15.678053">
				<ele>424.000000</ele>
			</trkpt>
			<trkpt lat="48.901733" lon="15.678233">
				<ele>424.000000</ele>
			</trkpt>
			<trkpt lat="48.901592" lon="15.678575">
				<ele>422.000000</ele>
			</trkpt>
			<trkpt lat="48.901474" lon="15.678799">
				<ele>422.000000</ele>
			</trkpt>
			<trkpt lat="48.901202" lon="15.679258">
				<ele>419.000000</ele>
			</trkpt>
			<trkpt lat="48.901101" lon="15.679455">
				<ele>417.000000</ele>
			</trkpt>
			<trkpt lat="48.900971" lon="15.679707">
				<ele>415.000000</ele>
			</trkpt>
			<trkpt lat="48.900783" lon="15.680120">
				<ele>411.000000</ele>
			</trkpt>
			<trkpt lat="48.900741" lon="15.680174">
				<ele>410.000000</ele>
			</trkpt>
			<trkpt lat="48.900706" lon="15.680201">
				<ele>409.000000</ele>
			</trkpt>
			<trkpt lat="48.900670" lon="15.680210">
				<ele>408.000000</ele>
			</trkpt>
			<trkpt lat="48.900629" lon="15.680193">
				<ele>407.000000</ele>
			</trkpt>
			<trkpt lat="48.900535" lon="15.680156">
				<ele>404.000000</ele>
			</trkpt>
			<trkpt lat="48.900458" lon="15.680130">
				<ele>402.000000</ele>
			</trkpt>
			<trkpt lat="48.900269" lon="15.680093">
				<ele>398.000000</ele>
			</trkpt>
			<trkpt lat="48.900085" lon="15.680111">
				<ele>395.000000</ele>
			</trkpt>
			<trkpt lat="48.899891" lon="15.680147">
				<ele>392.000000</ele>
			</trkpt>
			<trkpt lat="48.899708" lon="15.680201">
				<ele>389.000000</ele>
			</trkpt>
			<trkpt lat="48.899607" lon="15.680237">
				<ele>386.000000</ele>
			</trkpt>
			<trkpt lat="48.899519" lon="15.680290">
				<ele>384.000000</ele>
			</trkpt>
			<trkpt lat="48.899418" lon="15.680399">
				<ele>381.000000</ele>
			</trkpt>
			<trkpt lat="48.899336" lon="15.680506">
				<ele>379.000000</ele>
			</trkpt>
			<trkpt lat="48.899259" lon="15.680669">
				<ele>377.000000</ele>
			</trkpt>
			<trkpt lat="48.899229" lon="15.680767">
				<ele>375.000000</ele>
			</trkpt>
			<trkpt lat="48.899212" lon="15.680848">
				<ele>374.000000</ele>
			</trkpt>
			<trkpt lat="48.899212" lon="15.680956">
				<ele>373.000000</ele>
			</trkpt>
			<trkpt lat="48.899229" lon="15.681118">
				<ele>371.000000</ele>
			</trkpt>
			<trkpt lat="48.899241" lon="15.681298">
				<ele>369.000000</ele>
			</trkpt>
			<trkpt lat="48.899277" lon="15.681432">
				<ele>367.000000</ele>
			</trkpt>
			<trkpt lat="48.899330" lon="15.681585">
				<ele>364.000000</ele>
			</trkpt>
			<trkpt lat="48.899412" lon="15.681746">
				<ele>363.000000</ele>
			</trkpt>
			<trkpt lat="48.899601" lon="15.682097">
				<ele>359.000000</ele>
			</trkpt>
			<trkpt lat="48.899731" lon="15.682393">
				<ele>357.000000</ele>
			</trkpt>
			<trkpt lat="48.899767" lon="15.682491">
				<ele>357.000000</ele>
			</trkpt>
			<trkpt lat="48.899784" lon="15.682573">
				<ele>356.000000</ele>
			</trkpt>
			<trkpt lat="48.899796" lon="15.682653">
				<ele>356.000000</ele>
			</trkpt>
			<trkpt lat="48.899790" lon="15.682753">
				<ele>355.000000</ele>
			</trkpt>
			<trkpt lat="48.899837" lon="15.682887">
				<ele>355.000000</ele>
			</trkpt>
			<trkpt lat="48.899855" lon="15.682967">
				<ele>355.000000</ele>
			</trkpt>
			<trkpt lat="48.899861" lon="15.683049">
				<ele>355.000000</ele>
			</trkpt>
			<trkpt lat="48.899855" lon="15.683130">
				<ele>355.000000</ele>
			</trkpt>
			<trkpt lat="48.899837" lon="15.683174">
				<ele>355.000000</ele>
			</trkpt>
			<trkpt lat="48.899820" lon="15.683202">
				<ele>355.000000</ele>
			</trkpt>
			<trkpt lat="48.899778" lon="15.683229">
				<ele>355.000000</ele>
			</trkpt>
			<trkpt lat="48.899743" lon="15.683237">
				<ele>355.000000</ele>
			</trkpt>
			<trkpt lat="48.899619" lon="15.683237">
				<ele>355.000000</ele>
			</trkpt>
			<trkpt lat="48.899495" lon="15.683246">
				<ele>355.000000</ele>
			</trkpt>
			<trkpt lat="48.899466" lon="15.683264">
				<ele>355.000000</ele>
			</trkpt>
			<trkpt lat="48.899430" lon="15.683292">
				<ele>355.000000</ele>
			</trkpt>
			<trkpt lat="48.899430" lon="15.683292">
				<ele>355.000000</ele>
			</trkpt>
			<trkpt lat="48.899401" lon="15.683219">
				<ele>355.000000</ele>
			</trkpt>
			<trkpt lat="48.899365" lon="15.683166">
				<ele>355.000000</ele>
			</trkpt>
			<trkpt lat="48.899330" lon="15.683139">
				<ele>355.000000</ele>
			</trkpt>
			<trkpt lat="48.899294" lon="15.683139">
				<ele>355.000000</ele>
			</trkpt>
			<trkpt lat="48.899271" lon="15.683139">
				<ele>355.000000</ele>
			</trkpt>
			<trkpt lat="48.899241" lon="15.683120">
				<ele>355.000000</ele>
			</trkpt>
			<trkpt lat="48.899188" lon="15.683067">
				<ele>355.000000</ele>
			</trkpt>
			<trkpt lat="48.899088" lon="15.682940">
				<ele>355.000000</ele>
			</trkpt>
			<trkpt lat="48.899029" lon="15.682851">
				<ele>355.000000</ele>
			</trkpt>
			<trkpt lat="48.898922" lon="15.682617">
				<ele>355.000000</ele>
			</trkpt>
			<trkpt lat="48.898869" lon="15.682537">
				<ele>355.000000</ele>
			</trkpt>
			<trkpt lat="48.898816" lon="15.682464">
				<ele>355.000000</ele>
			</trkpt>
			<trkpt lat="48.898591" lon="15.682231">
				<ele>355.000000</ele>
			</trkpt>
			<trkpt lat="48.898473" lon="15.682088">
				<ele>355.000000</ele>
			</trkpt>
			<trkpt lat="48.898627" lon="15.681809">
				<ele>355.000000</ele>
			</trkpt>
			<trkpt lat="48.898728" lon="15.681621">
				<ele>355.000000</ele>
			</trkpt>
			<trkpt lat="48.898669" lon="15.681495">
				<ele>355.000000</ele>
			</trkpt>
			<trkpt lat="48.898473" lon="15.681135">
				<ele>355.000000</ele>
			</trkpt>
			<trkpt lat="48.897918" lon="15.680156">
				<ele>356.000000</ele>
			</trkpt>
			<trkpt lat="48.897735" lon="15.679779">
				<ele>356.000000</ele>
			</trkpt>
			<trkpt lat="48.897552" lon="15.679393">
				<ele>356.000000</ele>
			</trkpt>
			<trkpt lat="48.897340" lon="15.678881">
				<ele>357.000000</ele>
			</trkpt>
			<trkpt lat="48.897228" lon="15.678638">
				<ele>357.000000</ele>
			</trkpt>
			<trkpt lat="48.897104" lon="15.678386">
				<ele>357.000000</ele>
			</trkpt>
			<trkpt lat="48.896961" lon="15.678143">
				<ele>357.000000</ele>
			</trkpt>
			<trkpt lat="48.896843" lon="15.677946">
				<ele>357.000000</ele>
			</trkpt>
			<trkpt lat="48.896790" lon="15.677812">
				<ele>357.000000</ele>
			</trkpt>
			<trkpt lat="48.896767" lon="15.677677">
				<ele>357.000000</ele>
			</trkpt>
			<trkpt lat="48.896755" lon="15.677506">
				<ele>357.000000</ele>
			</trkpt>
			<trkpt lat="48.896778" lon="15.677210">
				<ele>357.000000</ele>
			</trkpt>
			<trkpt lat="48.896796" lon="15.677101">
				<ele>358.000000</ele>
			</trkpt>
			<trkpt lat="48.896820" lon="15.676967">
				<ele>358.000000</ele>
			</trkpt>
			<trkpt lat="48.896755" lon="15.676680">
				<ele>358.000000</ele>
			</trkpt>
			<trkpt lat="48.896578" lon="15.676087">
				<ele>358.000000</ele>
			</trkpt>
			<trkpt lat="48.896507" lon="15.675826">
				<ele>358.000000</ele>
			</trkpt>
			<trkpt lat="48.896460" lon="15.675583">
				<ele>358.000000</ele>
			</trkpt>
			<trkpt lat="48.896454" lon="15.675458">
				<ele>358.000000</ele>
			</trkpt>
			<trkpt lat="48.896454" lon="15.675342">
				<ele>358.000000</ele>
			</trkpt>
			<trkpt lat="48.896477" lon="15.674766">
				<ele>359.000000</ele>
			</trkpt>
			<trkpt lat="48.896566" lon="15.673356">
				<ele>359.000000</ele>
			</trkpt>
			<trkpt lat="48.896584" lon="15.672719">
				<ele>359.000000</ele>
			</trkpt>
			<trkpt lat="48.896595" lon="15.672377">
				<ele>360.000000</ele>
			</trkpt>
			<trkpt lat="48.896619" lon="15.672161">
				<ele>360.000000</ele>
			</trkpt>
			<trkpt lat="48.896637" lon="15.672063">
				<ele>360.000000</ele>
			</trkpt>
			<trkpt lat="48.896655" lon="15.671981">
				<ele>360.000000</ele>
			</trkpt>
			<trkpt lat="48.896690" lon="15.671901">
				<ele>360.000000</ele>
			</trkpt>
			<trkpt lat="48.896761" lon="15.671766">
				<ele>360.000000</ele>
			</trkpt>
			<trkpt lat="48.896855" lon="15.671614">
				<ele>360.000000</ele>
			</trkpt>
			<trkpt lat="48.896891" lon="15.671497">
				<ele>361.000000</ele>
			</trkpt>
			<trkpt lat="48.896961" lon="15.671182">
				<ele>362.000000</ele>
			</trkpt>
			<trkpt lat="48.896944" lon="15.671084">
				<ele>362.000000</ele>
			</trkpt>
			<trkpt lat="48.896938" lon="15.670994">
				<ele>363.000000</ele>
			</trkpt>
			<trkpt lat="48.896938" lon="15.670912">
				<ele>363.000000</ele>
			</trkpt>
			<trkpt lat="48.896950" lon="15.670832">
				<ele>363.000000</ele>
			</trkpt>
			<trkpt lat="48.896967" lon="15.670742">
				<ele>364.000000</ele>
			</trkpt>
			<trkpt lat="48.896986" lon="15.670652">
				<ele>364.000000</ele>
			</trkpt>
			<trkpt lat="48.897068" lon="15.670463">
				<ele>366.000000</ele>
			</trkpt>
			<trkpt lat="48.897139" lon="15.670283">
				<ele>371.000000</ele>
			</trkpt>
			<trkpt lat="48.897198" lon="15.670122">
				<ele>376.000000</ele>
			</trkpt>
			<trkpt lat="48.897222" lon="15.669933">
				<ele>382.000000</ele>
			</trkpt>
			<trkpt lat="48.897245" lon="15.669682">
				<ele>387.000000</ele>
			</trkpt>
			<trkpt lat="48.897251" lon="15.669547">
				<ele>390.000000</ele>
			</trkpt>
			<trkpt lat="48.897268" lon="15.669430">
				<ele>393.000000</ele>
			</trkpt>
			<trkpt lat="48.897310" lon="15.669314">
				<ele>396.000000</ele>
			</trkpt>
			<trkpt lat="48.897346" lon="15.669206">
				<ele>399.000000</ele>
			</trkpt>
			<trkpt lat="48.897428" lon="15.669071">
				<ele>401.000000</ele>
			</trkpt>
			<trkpt lat="48.897582" lon="15.668801">
				<ele>404.000000</ele>
			</trkpt>
			<trkpt lat="48.897700" lon="15.668558">
				<ele>407.000000</ele>
			</trkpt>
			<trkpt lat="48.897806" lon="15.668298">
				<ele>410.000000</ele>
			</trkpt>
			<trkpt lat="48.897954" lon="15.667921">
				<ele>416.000000</ele>
			</trkpt>
			<trkpt lat="48.898048" lon="15.667679">
				<ele>420.000000</ele>
			</trkpt>
			<trkpt lat="48.898113" lon="15.667419">
				<ele>425.000000</ele>
			</trkpt>
			<trkpt lat="48.898137" lon="15.667292">
				<ele>426.000000</ele>
			</trkpt>
			<trkpt lat="48.898184" lon="15.667203">
				<ele>426.000000</ele>
			</trkpt>
			<trkpt lat="48.898237" lon="15.667122">
				<ele>427.000000</ele>
			</trkpt>
			<trkpt lat="48.898320" lon="15.667023">
				<ele>428.000000</ele>
			</trkpt>
			<trkpt lat="48.898408" lon="15.666916">
				<ele>429.000000</ele>
			</trkpt>
			<trkpt lat="48.898503" lon="15.666798">
				<ele>430.000000</ele>
			</trkpt>
			<trkpt lat="48.898562" lon="15.666673">
				<ele>431.000000</ele>
			</trkpt>
			<trkpt lat="48.898639" lon="15.666537">
				<ele>432.000000</ele>
			</trkpt>
			<trkpt lat="48.898692" lon="15.666403">
				<ele>433.000000</ele>
			</trkpt>
			<trkpt lat="48.898745" lon="15.666241">
				<ele>434.000000</ele>
			</trkpt>
			<trkpt lat="48.898922" lon="15.665639">
				<ele>437.000000</ele>
			</trkpt>
			<trkpt lat="48.898970" lon="15.665495">
				<ele>437.000000</ele>
			</trkpt>
			<trkpt lat="48.899094" lon="15.665235">
				<ele>439.000000</ele>
			</trkpt>
			<trkpt lat="48.899141" lon="15.665100">
				<ele>439.000000</ele>
			</trkpt>
			<trkpt lat="48.899353" lon="15.664283">
				<ele>443.000000</ele>
			</trkpt>
			<trkpt lat="48.899401" lon="15.664103">
				<ele>444.000000</ele>
			</trkpt>
			<trkpt lat="48.899489" lon="15.663753">
				<ele>445.000000</ele>
			</trkpt>
			<trkpt lat="48.899619" lon="15.663098">
				<ele>448.000000</ele>
			</trkpt>
			<trkpt lat="48.899666" lon="15.662935">
				<ele>448.000000</ele>
			</trkpt>
			<trkpt lat="48.899714" lon="15.662756">
				<ele>449.000000</ele>
			</trkpt>
			<trkpt lat="48.899796" lon="15.662486">
				<ele>450.000000</ele>
			</trkpt>
			<trkpt lat="48.899867" lon="15.662216">
				<ele>451.000000</ele>
			</trkpt>
			<trkpt lat="48.900062" lon="15.661426">
				<ele>453.000000</ele>
			</trkpt>
			<trkpt lat="48.900133" lon="15.661111">
				<ele>454.000000</ele>
			</trkpt>
			<trkpt lat="48.900257" lon="15.660734">
				<ele>455.000000</ele>
			</trkpt>
			<trkpt lat="48.900381" lon="15.660358">
				<ele>456.000000</ele>
			</trkpt>
			<trkpt lat="48.900535" lon="15.659945">
				<ele>457.000000</ele>
			</trkpt>
			<trkpt lat="48.900718" lon="15.659513">
				<ele>458.000000</ele>
			</trkpt>
			<trkpt lat="48.900723" lon="15.659306">
				<ele>459.000000</ele>
			</trkpt>
			<trkpt lat="48.900723" lon="15.659073">
				<ele>459.000000</ele>
			</trkpt>
			<trkpt lat="48.900735" lon="15.658813">
				<ele>460.000000</ele>
			</trkpt>
			<trkpt lat="48.900759" lon="15.658534">
				<ele>461.000000</ele>
			</trkpt>
			<trkpt lat="48.900847" lon="15.657834">
				<ele>462.000000</ele>
			</trkpt>
			<trkpt lat="48.900948" lon="15.657205">
				<ele>464.000000</ele>
			</trkpt>
			<trkpt lat="48.900966" lon="15.657123">
				<ele>464.000000</ele>
			</trkpt>
			<trkpt lat="48.901196" lon="15.655983">
				<ele>465.000000</ele>
			</trkpt>
			<trkpt lat="48.901308" lon="15.655300">
				<ele>465.000000</ele>
			</trkpt>
			<trkpt lat="48.901562" lon="15.653611">
				<ele>465.000000</ele>
			</trkpt>
			<trkpt lat="48.901822" lon="15.651886">
				<ele>465.000000</ele>
			</trkpt>
			<trkpt lat="48.902094" lon="15.650207">
				<ele>464.000000</ele>
			</trkpt>
			<trkpt lat="48.902395" lon="15.648410">
				<ele>460.000000</ele>
			</trkpt>
			<trkpt lat="48.902719" lon="15.646523">
				<ele>455.000000</ele>
			</trkpt>
			<trkpt lat="48.902117" lon="15.646515">
				<ele>455.000000</ele>
			</trkpt>
			<trkpt lat="48.902052" lon="15.646515">
				<ele>455.000000</ele>
			</trkpt>
			<trkpt lat="48.901981" lon="15.646496">
				<ele>455.000000</ele>
			</trkpt>
			<trkpt lat="48.901875" lon="15.646425">
				<ele>455.000000</ele>
			</trkpt>
			<trkpt lat="48.901775" lon="15.646316">
				<ele>455.000000</ele>
			</trkpt>
			<trkpt lat="48.901621" lon="15.646110">
				<ele>454.000000</ele>
			</trkpt>
			<trkpt lat="48.901545" lon="15.646002">
				<ele>453.000000</ele>
			</trkpt>
			<trkpt lat="48.901455" lon="15.645930">
				<ele>453.000000</ele>
			</trkpt>
			<trkpt lat="48.901343" lon="15.645903">
				<ele>452.000000</ele>
			</trkpt>
			<trkpt lat="48.901190" lon="15.645886">
				<ele>451.000000</ele>
			</trkpt>
			<trkpt lat="48.900895" lon="15.645894">
				<ele>450.000000</ele>
			</trkpt>
			<trkpt lat="48.900293" lon="15.645993">
				<ele>445.000000</ele>
			</trkpt>
			<trkpt lat="48.900222" lon="15.646020">
				<ele>445.000000</ele>
			</trkpt>
			<trkpt lat="48.900151" lon="15.646074">
				<ele>444.000000</ele>
			</trkpt>
			<trkpt lat="48.900080" lon="15.645957">
				<ele>445.000000</ele>
			</trkpt>
			<trkpt lat="48.900068" lon="15.645930">
				<ele>445.000000</ele>
			</trkpt>
			<trkpt lat="48.900062" lon="15.645867">
				<ele>445.000000</ele>
			</trkpt>
			<trkpt lat="48.900051" lon="15.645626">
				<ele>446.000000</ele>
			</trkpt>
			<trkpt lat="48.900026" lon="15.645364">
				<ele>448.000000</ele>
			</trkpt>
			<trkpt lat="48.899938" lon="15.644754">
				<ele>450.000000</ele>
			</trkpt>
			<trkpt lat="48.899879" lon="15.644205">
				<ele>452.000000</ele>
			</trkpt>
			<trkpt lat="48.899867" lon="15.643702">
				<ele>454.000000</ele>
			</trkpt>
			<trkpt lat="48.899861" lon="15.643056">
				<ele>456.000000</ele>
			</trkpt>
			<trkpt lat="48.899855" lon="15.642544">
				<ele>457.000000</ele>
			</trkpt>
			<trkpt lat="48.899826" lon="15.642050">
				<ele>459.000000</ele>
			</trkpt>
			<trkpt lat="48.899796" lon="15.641574">
				<ele>460.000000</ele>
			</trkpt>
			<trkpt lat="48.899725" lon="15.640846">
				<ele>461.000000</ele>
			</trkpt>
			<trkpt lat="48.899643" lon="15.640037">
				<ele>462.000000</ele>
			</trkpt>
			<trkpt lat="48.899601" lon="15.639462">
				<ele>463.000000</ele>
			</trkpt>
			<trkpt lat="48.899265" lon="15.639642">
				<ele>463.000000</ele>
			</trkpt>
			<trkpt lat="48.898804" lon="15.639848">
				<ele>463.000000</ele>
			</trkpt>
			<trkpt lat="48.898763" lon="15.639498">
				<ele>462.000000</ele>
			</trkpt>
			<trkpt lat="48.898745" lon="15.639194">
				<ele>461.000000</ele>
			</trkpt>
			<trkpt lat="48.898751" lon="15.638896">
				<ele>461.000000</ele>
			</trkpt>
			<trkpt lat="48.898768" lon="15.638349">
				<ele>458.000000</ele>
			</trkpt>
			<trkpt lat="48.898763" lon="15.638232">
				<ele>458.000000</ele>
			</trkpt>
			<trkpt lat="48.898745" lon="15.638160">
				<ele>457.000000</ele>
			</trkpt>
			<trkpt lat="48.898728" lon="15.638106">
				<ele>457.000000</ele>
			</trkpt>
			<trkpt lat="48.898663" lon="15.638007">
				<ele>456.000000</ele>
			</trkpt>
			<trkpt lat="48.898574" lon="15.637936">
				<ele>455.000000</ele>
			</trkpt>
			<trkpt lat="48.898473" lon="15.637899">
				<ele>454.000000</ele>
			</trkpt>
			<trkpt lat="48.898349" lon="15.637863">
				<ele>453.000000</ele>
			</trkpt>
			<trkpt lat="48.898225" lon="15.637882">
				<ele>452.000000</ele>
			</trkpt>
			<trkpt lat="48.898078" lon="15.637909">
				<ele>451.000000</ele>
			</trkpt>
			<trkpt lat="48.897676" lon="15.638034">
				<ele>447.000000</ele>
			</trkpt>
			<trkpt lat="48.897369" lon="15.638097">
				<ele>445.000000</ele>
			</trkpt>
			<trkpt lat="48.897062" lon="15.638142">
				<ele>442.000000</ele>
			</trkpt>
			<trkpt lat="48.896684" lon="15.638133">
				<ele>438.000000</ele>
			</trkpt>
			<trkpt lat="48.896389" lon="15.638133">
				<ele>435.000000</ele>
			</trkpt>
			<trkpt lat="48.896188" lon="15.638097">
				<ele>433.000000</ele>
			</trkpt>
			<trkpt lat="48.896035" lon="15.638062">
				<ele>431.000000</ele>
			</trkpt>
			<trkpt lat="48.895893" lon="15.637989">
				<ele>429.000000</ele>
			</trkpt>
			<trkpt lat="48.895757" lon="15.637890">
				<ele>428.000000</ele>
			</trkpt>
			<trkpt lat="48.895650" lon="15.637783">
				<ele>428.000000</ele>
			</trkpt>
			<trkpt lat="48.895597" lon="15.637693">
				<ele>427.000000</ele>
			</trkpt>
			<trkpt lat="48.895544" lon="15.637603">
				<ele>427.000000</ele>
			</trkpt>
			<trkpt lat="48.895461" lon="15.637406">
				<ele>426.000000</ele>
			</trkpt>
			<trkpt lat="48.895385" lon="15.637226">
				<ele>425.000000</ele>
			</trkpt>
			<trkpt lat="48.895349" lon="15.637163">
				<ele>424.000000</ele>
			</trkpt>
			<trkpt lat="48.895302" lon="15.637108">
				<ele>424.000000</ele>
			</trkpt>
			<trkpt lat="48.895261" lon="15.637064">
				<ele>423.000000</ele>
			</trkpt>
			<trkpt lat="48.895214" lon="15.637037">
				<ele>423.000000</ele>
			</trkpt>
			<trkpt lat="48.895160" lon="15.637010">
				<ele>422.000000</ele>
			</trkpt>
			<trkpt lat="48.895095" lon="15.637010">
				<ele>422.000000</ele>
			</trkpt>
			<trkpt lat="48.894818" lon="15.636992">
				<ele>419.000000</ele>
			</trkpt>
			<trkpt lat="48.894676" lon="15.637001">
				<ele>417.000000</ele>
			</trkpt>
			<trkpt lat="48.894676" lon="15.637001">
				<ele>417.000000</ele>
			</trkpt>
			<trkpt lat="48.894540" lon="15.637010">
				<ele>415.000000</ele>
			</trkpt>
			<trkpt lat="48.894440" lon="15.637118">
				<ele>413.000000</ele>
			</trkpt>
			<trkpt lat="48.894233" lon="15.637253">
				<ele>409.000000</ele>
			</trkpt>
			<trkpt lat="48.894133" lon="15.637334">
				<ele>408.000000</ele>
			</trkpt>
			<trkpt lat="48.893991" lon="15.637486">
				<ele>407.000000</ele>
			</trkpt>
			<trkpt lat="48.893820" lon="15.637621">
				<ele>406.000000</ele>
			</trkpt>
			<trkpt lat="48.893654" lon="15.637729">
				<ele>404.000000</ele>
			</trkpt>
			<trkpt lat="48.893501" lon="15.637819">
				<ele>400.000000</ele>
			</trkpt>
			<trkpt lat="48.893342" lon="15.637899">
				<ele>396.000000</ele>
			</trkpt>
			<trkpt lat="48.893170" lon="15.637963">
				<ele>394.000000</ele>
			</trkpt>
			<trkpt lat="48.892662" lon="15.638106">
				<ele>386.000000</ele>
			</trkpt>
			<trkpt lat="48.892402" lon="15.638160">
				<ele>380.000000</ele>
			</trkpt>
			<trkpt lat="48.892219" lon="15.638169">
				<ele>376.000000</ele>
			</trkpt>
			<trkpt lat="48.892125" lon="15.638160">
				<ele>374.000000</ele>
			</trkpt>
			<trkpt lat="48.892030" lon="15.638142">
				<ele>373.000000</ele>
			</trkpt>
			<trkpt lat="48.892060" lon="15.637963">
				<ele>378.000000</ele>
			</trkpt>
			<trkpt lat="48.892095" lon="15.637792">
				<ele>384.000000</ele>
			</trkpt>
			<trkpt lat="48.892202" lon="15.637370">
				<ele>402.000000</ele>
			</trkpt>
			<trkpt lat="48.892219" lon="15.637297">
				<ele>404.000000</ele>
			</trkpt>
			<trkpt lat="48.892219" lon="15.637244">
				<ele>406.000000</ele>
			</trkpt>
			<trkpt lat="48.892207" lon="15.637171">
				<ele>409.000000</ele>
			</trkpt>
			<trkpt lat="48.892190" lon="15.637118">
				<ele>411.000000</ele>
			</trkpt>
			<trkpt lat="48.892166" lon="15.637064">
				<ele>413.000000</ele>
			</trkpt>
			<trkpt lat="48.892131" lon="15.637010">
				<ele>415.000000</ele>
			</trkpt>
			<trkpt lat="48.892083" lon="15.636965">
				<ele>417.000000</ele>
			</trkpt>
			<trkpt lat="48.892048" lon="15.636938">
				<ele>419.000000</ele>
			</trkpt>
			<trkpt lat="48.891895" lon="15.636902">
				<ele>425.000000</ele>
			</trkpt>
			<trkpt lat="48.891753" lon="15.636857">
				<ele>430.000000</ele>
			</trkpt>
			<trkpt lat="48.891753" lon="15.636857">
				<ele>430.000000</ele>
			</trkpt>
			<trkpt lat="48.891805" lon="15.636804">
				<ele>430.000000</ele>
			</trkpt>
			<trkpt lat="48.891841" lon="15.636722">
				<ele>430.000000</ele>
			</trkpt>
			<trkpt lat="48.891871" lon="15.636624">
				<ele>431.000000</ele>
			</trkpt>
			<trkpt lat="48.891900" lon="15.636481">
				<ele>433.000000</ele>
			</trkpt>
			<trkpt lat="48.891954" lon="15.636165">
				<ele>441.000000</ele>
			</trkpt>
			<trkpt lat="48.891983" lon="15.635932">
				<ele>445.000000</ele>
			</trkpt>
			<trkpt lat="48.892001" lon="15.635716">
				<ele>445.000000</ele>
			</trkpt>
			<trkpt lat="48.892001" lon="15.635439">
				<ele>445.000000</ele>
			</trkpt>
			<trkpt lat="48.891977" lon="15.635439">
				<ele>445.000000</ele>
			</trkpt>
			<trkpt lat="48.891948" lon="15.635429">
				<ele>445.000000</ele>
			</trkpt>
			<trkpt lat="48.891912" lon="15.635357">
				<ele>445.000000</ele>
			</trkpt>
			<trkpt lat="48.891895" lon="15.635276">
				<ele>445.000000</ele>
			</trkpt>
			<trkpt lat="48.891877" lon="15.635114">
				<ele>445.000000</ele>
			</trkpt>
			<trkpt lat="48.891523" lon="15.631108">
				<ele>451.000000</ele>
			</trkpt>
			<trkpt lat="48.891363" lon="15.629483">
				<ele>455.000000</ele>
			</trkpt>
			<trkpt lat="48.891351" lon="15.629240">
				<ele>455.000000</ele>
			</trkpt>
			<trkpt lat="48.891363" lon="15.629060">
				<ele>455.000000</ele>
			</trkpt>
			<trkpt lat="48.891398" lon="15.628871">
				<ele>455.000000</ele>
			</trkpt>
			<trkpt lat="48.891493" lon="15.628628">
				<ele>455.000000</ele>
			</trkpt>
			<trkpt lat="48.891575" lon="15.628502">
				<ele>455.000000</ele>
			</trkpt>
			<trkpt lat="48.891765" lon="15.628261">
				<ele>455.000000</ele>
			</trkpt>
			<trkpt lat="48.893247" lon="15.626284">
				<ele>455.000000</ele>
			</trkpt>
			<trkpt lat="48.893619" lon="15.625817">
				<ele>455.000000</ele>
			</trkpt>
			<trkpt lat="48.893985" lon="15.625359">
				<ele>455.000000</ele>
			</trkpt>
			<trkpt lat="48.894588" lon="15.624596">
				<ele>455.000000</ele>
			</trkpt>
			<trkpt lat="48.895840" lon="15.623005">
				<ele>465.000000</ele>
			</trkpt>
			<trkpt lat="48.896129" lon="15.622602">
				<ele>465.000000</ele>
			</trkpt>
			<trkpt lat="48.896430" lon="15.622206">
				<ele>465.000000</ele>
			</trkpt>
			<trkpt lat="48.897582" lon="15.620778">
				<ele>464.000000</ele>
			</trkpt>
			<trkpt lat="48.897759" lon="15.620535">
				<ele>464.000000</ele>
			</trkpt>
			<trkpt lat="48.897877" lon="15.620319">
				<ele>463.000000</ele>
			</trkpt>
			<trkpt lat="48.897972" lon="15.620068">
				<ele>463.000000</ele>
			</trkpt>
			<trkpt lat="48.898013" lon="15.619933">
				<ele>462.000000</ele>
			</trkpt>
			<trkpt lat="48.898060" lon="15.619762">
				<ele>462.000000</ele>
			</trkpt>
			<trkpt lat="48.898309" lon="15.618667">
				<ele>460.000000</ele>
			</trkpt>
			<trkpt lat="48.898539" lon="15.617705">
				<ele>460.000000</ele>
			</trkpt>
			<trkpt lat="48.899365" lon="15.614409">
				<ele>460.000000</ele>
			</trkpt>
			<trkpt lat="48.899761" lon="15.612765">
				<ele>459.000000</ele>
			</trkpt>
			<trkpt lat="48.899826" lon="15.612522">
				<ele>459.000000</ele>
			</trkpt>
			<trkpt lat="48.900003" lon="15.612019">
				<ele>458.000000</ele>
			</trkpt>
			<trkpt lat="48.900068" lon="15.611749">
				<ele>458.000000</ele>
			</trkpt>
			<trkpt lat="48.900470" lon="15.609988">
				<ele>456.000000</ele>
			</trkpt>
			<trkpt lat="48.900600" lon="15.609459">
				<ele>455.000000</ele>
			</trkpt>
			<trkpt lat="48.900747" lon="15.608920">
				<ele>454.000000</ele>
			</trkpt>
			<trkpt lat="48.900883" lon="15.608453">
				<ele>453.000000</ele>
			</trkpt>
			<trkpt lat="48.900936" lon="15.608291">
				<ele>453.000000</ele>
			</trkpt>
			<trkpt lat="48.901001" lon="15.608130">
				<ele>452.000000</ele>
			</trkpt>
			<trkpt lat="48.901066" lon="15.607977">
				<ele>452.000000</ele>
			</trkpt>
			<trkpt lat="48.901149" lon="15.607833">
				<ele>451.000000</ele>
			</trkpt>
			<trkpt lat="48.901373" lon="15.607464">
				<ele>450.000000</ele>
			</trkpt>
			<trkpt lat="48.901302" lon="15.607411">
				<ele>451.000000</ele>
			</trkpt>
			<trkpt lat="48.901243" lon="15.607357">
				<ele>451.000000</ele>
			</trkpt>
			<trkpt lat="48.901078" lon="15.607177">
				<ele>451.000000</ele>
			</trkpt>
			<trkpt lat="48.900676" lon="15.606620">
				<ele>452.000000</ele>
			</trkpt>
			<trkpt lat="48.900269" lon="15.606063">
				<ele>454.000000</ele>
			</trkpt>
			<trkpt lat="48.900222" lon="15.605991">
				<ele>454.000000</ele>
			</trkpt>
			<trkpt lat="48.900157" lon="15.605937">
				<ele>454.000000</ele>
			</trkpt>
			<trkpt lat="48.900051" lon="15.605866">
				<ele>454.000000</ele>
			</trkpt>
			<trkpt lat="48.899927" lon="15.605839">
				<ele>455.000000</ele>
			</trkpt>
			<trkpt lat="48.899725" lon="15.605820">
				<ele>455.000000</ele>
			</trkpt>
			<trkpt lat="48.899548" lon="15.605830">
				<ele>456.000000</ele>
			</trkpt>
			<trkpt lat="48.899170" lon="15.605883">
				<ele>457.000000</ele>
			</trkpt>
			<trkpt lat="48.898810" lon="15.605929">
				<ele>458.000000</ele>
			</trkpt>
			<trkpt lat="48.898456" lon="15.606009">
				<ele>458.000000</ele>
			</trkpt>
			<trkpt lat="48.897783" lon="15.606180">
				<ele>460.000000</ele>
			</trkpt>
			<trkpt lat="48.897629" lon="15.606233">
				<ele>460.000000</ele>
			</trkpt>
			<trkpt lat="48.897340" lon="15.606323">
				<ele>461.000000</ele>
			</trkpt>
			<trkpt lat="48.897209" lon="15.606036">
				<ele>461.000000</ele>
			</trkpt>
			<trkpt lat="48.897127" lon="15.605902">
				<ele>462.000000</ele>
			</trkpt>
			<trkpt lat="48.897085" lon="15.605839">
				<ele>462.000000</ele>
			</trkpt>
			<trkpt lat="48.897026" lon="15.605803">
				<ele>462.000000</ele>
			</trkpt>
			<trkpt lat="48.896973" lon="15.605757">
				<ele>462.000000</ele>
			</trkpt>
			<trkpt lat="48.896920" lon="15.605749">
				<ele>462.000000</ele>
			</trkpt>
			<trkpt lat="48.896861" lon="15.605749">
				<ele>462.000000</ele>
			</trkpt>
			<trkpt lat="48.896814" lon="15.605776">
				<ele>462.000000</ele>
			</trkpt>
			<trkpt lat="48.896826" lon="15.605578">
				<ele>462.000000</ele>
			</trkpt>
			<trkpt lat="48.896843" lon="15.605317">
				<ele>463.000000</ele>
			</trkpt>
			<trkpt lat="48.896992" lon="15.604392">
				<ele>464.000000</ele>
			</trkpt>
			<trkpt lat="48.897038" lon="15.604025">
				<ele>464.000000</ele>
			</trkpt>
			<trkpt lat="48.897097" lon="15.603350">
				<ele>465.000000</ele>
			</trkpt>
			<trkpt lat="48.897156" lon="15.602254">
				<ele>463.000000</ele>
			</trkpt>
			<trkpt lat="48.897192" lon="15.601725">
				<ele>461.000000</ele>
			</trkpt>
			<trkpt lat="48.897222" lon="15.601428">
				<ele>461.000000</ele>
			</trkpt>
			<trkpt lat="48.897281" lon="15.601069">
				<ele>459.000000</ele>
			</trkpt>
			<trkpt lat="48.897304" lon="15.600906">
				<ele>458.000000</ele>
			</trkpt>
			<trkpt lat="48.897346" lon="15.600746">
				<ele>458.000000</ele>
			</trkpt>
			<trkpt lat="48.897387" lon="15.600610">
				<ele>457.000000</ele>
			</trkpt>
			<trkpt lat="48.897482" lon="15.600404">
				<ele>456.000000</ele>
			</trkpt>
			<trkpt lat="48.897535" lon="15.600251">
				<ele>455.000000</ele>
			</trkpt>
			<trkpt lat="48.897588" lon="15.600143">
				<ele>455.000000</ele>
			</trkpt>
			<trkpt lat="48.897647" lon="15.600063">
				<ele>455.000000</ele>
			</trkpt>
			<trkpt lat="48.897765" lon="15.599874">
				<ele>455.000000</ele>
			</trkpt>
			<trkpt lat="48.897800" lon="15.599811">
				<ele>455.000000</ele>
			</trkpt>
			<trkpt lat="48.897824" lon="15.599730">
				<ele>455.000000</ele>
			</trkpt>
			<trkpt lat="48.897853" lon="15.599587">
				<ele>455.000000</ele>
			</trkpt>
			<trkpt lat="48.897871" lon="15.599470">
				<ele>455.000000</ele>
			</trkpt>
			<trkpt lat="48.897871" lon="15.599335">
				<ele>455.000000</ele>
			</trkpt>
			<trkpt lat="48.897865" lon="15.599111">
				<ele>455.000000</ele>
			</trkpt>
			<trkpt lat="48.897848" lon="15.598606">
				<ele>455.000000</ele>
			</trkpt>
			<trkpt lat="48.897806" lon="15.598266">
				<ele>455.000000</ele>
			</trkpt>
			<trkpt lat="48.897771" lon="15.598130">
				<ele>455.000000</ele>
			</trkpt>
			<trkpt lat="48.897676" lon="15.597880">
				<ele>455.000000</ele>
			</trkpt>
			<trkpt lat="48.897659" lon="15.597817">
				<ele>455.000000</ele>
			</trkpt>
			<trkpt lat="48.897647" lon="15.597736">
				<ele>455.000000</ele>
			</trkpt>
			<trkpt lat="48.897647" lon="15.597646">
				<ele>455.000000</ele>
			</trkpt>
			<trkpt lat="48.897659" lon="15.597564">
				<ele>455.000000</ele>
			</trkpt>
			<trkpt lat="48.897712" lon="15.597268">
				<ele>455.000000</ele>
			</trkpt>
			<trkpt lat="48.897724" lon="15.597197">
				<ele>455.000000</ele>
			</trkpt>
			<trkpt lat="48.897712" lon="15.597117">
				<ele>455.000000</ele>
			</trkpt>
			<trkpt lat="48.897706" lon="15.597062">
				<ele>455.000000</ele>
			</trkpt>
			<trkpt lat="48.897688" lon="15.596998">
				<ele>455.000000</ele>
			</trkpt>
			<trkpt lat="48.897499" lon="15.596568">
				<ele>455.000000</ele>
			</trkpt>
			<trkpt lat="48.897428" lon="15.596361">
				<ele>455.000000</ele>
			</trkpt>
			<trkpt lat="48.897352" lon="15.596101">
				<ele>455.000000</ele>
			</trkpt>
			<trkpt lat="48.897287" lon="15.595750">
				<ele>455.000000</ele>
			</trkpt>
			<trkpt lat="48.897287" lon="15.595750">
				<ele>455.000000</ele>
			</trkpt>
			<trkpt lat="48.897287" lon="15.595750">
				<ele>455.000000</ele>
			</trkpt>
			<trkpt lat="48.897234" lon="15.595463">
				<ele>455.000000</ele>
			</trkpt>
			<trkpt lat="48.897209" lon="15.595212">
				<ele>455.000000</ele>
			</trkpt>
			<trkpt lat="48.897192" lon="15.594969">
				<ele>455.000000</ele>
			</trkpt>
			<trkpt lat="48.897186" lon="15.594411">
				<ele>456.000000</ele>
			</trkpt>
			<trkpt lat="48.897169" lon="15.594232">
				<ele>456.000000</ele>
			</trkpt>
			<trkpt lat="48.897145" lon="15.594052">
				<ele>456.000000</ele>
			</trkpt>
			<trkpt lat="48.897115" lon="15.593962">
				<ele>456.000000</ele>
			</trkpt>
			<trkpt lat="48.897080" lon="15.593872">
				<ele>456.000000</ele>
			</trkpt>
			<trkpt lat="48.897045" lon="15.593819">
				<ele>456.000000</ele>
			</trkpt>
			<trkpt lat="48.896920" lon="15.593666">
				<ele>456.000000</ele>
			</trkpt>
			<trkpt lat="48.896849" lon="15.593549">
				<ele>456.000000</ele>
			</trkpt>
			<trkpt lat="48.896796" lon="15.593396">
				<ele>457.000000</ele>
			</trkpt>
			<trkpt lat="48.896761" lon="15.593289">
				<ele>457.000000</ele>
			</trkpt>
			<trkpt lat="48.896737" lon="15.593163">
				<ele>457.000000</ele>
			</trkpt>
			<trkpt lat="48.896708" lon="15.593010">
				<ele>457.000000</ele>
			</trkpt>
			<trkpt lat="48.896702" lon="15.592876">
				<ele>457.000000</ele>
			</trkpt>
			<trkpt lat="48.896678" lon="15.592346">
				<ele>457.000000</ele>
			</trkpt>
			<trkpt lat="48.896678" lon="15.592004">
				<ele>458.000000</ele>
			</trkpt>
			<trkpt lat="48.896690" lon="15.591816">
				<ele>458.000000</ele>
			</trkpt>
			<trkpt lat="48.896737" lon="15.591402">
				<ele>458.000000</ele>
			</trkpt>
			<trkpt lat="48.896737" lon="15.591277">
				<ele>458.000000</ele>
			</trkpt>
			<trkpt lat="48.896737" lon="15.591161">
				<ele>458.000000</ele>
			</trkpt>
			<trkpt lat="48.896719" lon="15.591052">
				<ele>458.000000</ele>
			</trkpt>
			<trkpt lat="48.896672" lon="15.590828">
				<ele>458.000000</ele>
			</trkpt>
			<trkpt lat="48.896660" lon="15.590711">
				<ele>458.000000</ele>
			</trkpt>
			<trkpt lat="48.896631" lon="15.590406">
				<ele>459.000000</ele>
			</trkpt>
			<trkpt lat="48.896607" lon="15.589767">
				<ele>459.000000</ele>
			</trkpt>
			<trkpt lat="48.896572" lon="15.589408">
				<ele>459.000000</ele>
			</trkpt>
			<trkpt lat="48.896542" lon="15.589148">
				<ele>459.000000</ele>
			</trkpt>
			<trkpt lat="48.896454" lon="15.588654">
				<ele>460.000000</ele>
			</trkpt>
			<trkpt lat="48.896418" lon="15.588402">
				<ele>460.000000</ele>
			</trkpt>
			<trkpt lat="48.896401" lon="15.588232">
				<ele>460.000000</ele>
			</trkpt>
			<trkpt lat="48.896395" lon="15.587882">
				<ele>460.000000</ele>
			</trkpt>
			<trkpt lat="48.896377" lon="15.587702">
				<ele>460.000000</ele>
			</trkpt>
			<trkpt lat="48.896348" lon="15.587593">
				<ele>460.000000</ele>
			</trkpt>
			<trkpt lat="48.896324" lon="15.587495">
				<ele>460.000000</ele>
			</trkpt>
			<trkpt lat="48.896182" lon="15.587207">
				<ele>460.000000</ele>
			</trkpt>
			<trkpt lat="48.896129" lon="15.587054">
				<ele>460.000000</ele>
			</trkpt>
			<trkpt lat="48.896100" lon="15.586920">
				<ele>460.000000</ele>
			</trkpt>
			<trkpt lat="48.896076" lon="15.586794">
				<ele>460.000000</ele>
			</trkpt>
			<trkpt lat="48.896041" lon="15.586427">
				<ele>460.000000</ele>
			</trkpt>
			<trkpt lat="48.896023" lon="15.586228">
				<ele>460.000000</ele>
			</trkpt>
			<trkpt lat="48.896046" lon="15.585941">
				<ele>461.000000</ele>
			</trkpt>
			<trkpt lat="48.896123" lon="15.584584">
				<ele>461.000000</ele>
			</trkpt>
			<trkpt lat="48.896141" lon="15.584127">
				<ele>461.000000</ele>
			</trkpt>
			<trkpt lat="48.896141" lon="15.583947">
				<ele>461.000000</ele>
			</trkpt>
			<trkpt lat="48.896147" lon="15.583767">
				<ele>461.000000</ele>
			</trkpt>
			<trkpt lat="48.896100" lon="15.583264">
				<ele>462.000000</ele>
			</trkpt>
			<trkpt lat="48.896023" lon="15.582706">
				<ele>462.000000</ele>
			</trkpt>
			<trkpt lat="48.895964" lon="15.582366">
				<ele>462.000000</ele>
			</trkpt>
			<trkpt lat="48.895833" lon="15.581737">
				<ele>462.000000</ele>
			</trkpt>
			<trkpt lat="48.895768" lon="15.581368">
				<ele>462.000000</ele>
			</trkpt>
			<trkpt lat="48.895734" lon="15.581037">
				<ele>463.000000</ele>
			</trkpt>
			<trkpt lat="48.895739" lon="15.580695">
				<ele>463.000000</ele>
			</trkpt>
			<trkpt lat="48.895739" lon="15.580479">
				<ele>463.000000</ele>
			</trkpt>
			<trkpt lat="48.895757" lon="15.580201">
				<ele>463.000000</ele>
			</trkpt>
			<trkpt lat="48.895816" lon="15.579096">
				<ele>463.000000</ele>
			</trkpt>
			<trkpt lat="48.895863" lon="15.578422">
				<ele>464.000000</ele>
			</trkpt>
			<trkpt lat="48.895893" lon="15.578161">
				<ele>464.000000</ele>
			</trkpt>
			<trkpt lat="48.895952" lon="15.577848">
				<ele>464.000000</ele>
			</trkpt>
			<trkpt lat="48.896023" lon="15.577559">
				<ele>464.000000</ele>
			</trkpt>
			<trkpt lat="48.896088" lon="15.577299">
				<ele>464.000000</ele>
			</trkpt>
			<trkpt lat="48.896306" lon="15.576599">
				<ele>464.000000</ele>
			</trkpt>
			<trkpt lat="48.896454" lon="15.576041">
				<ele>465.000000</ele>
			</trkpt>
			<trkpt lat="48.896536" lon="15.575763">
				<ele>465.000000</ele>
			</trkpt>
			<trkpt lat="48.896601" lon="15.575601">
				<ele>465.000000</ele>
			</trkpt>
			<trkpt lat="48.896672" lon="15.575421">
				<ele>465.000000</ele>
			</trkpt>
			<trkpt lat="48.896879" lon="15.574955">
				<ele>465.000000</ele>
			</trkpt>
			<trkpt lat="48.897026" lon="15.574666">
				<ele>465.000000</ele>
			</trkpt>
			<trkpt lat="48.897115" lon="15.574479">
				<ele>466.000000</ele>
			</trkpt>
			<trkpt lat="48.897228" lon="15.574272">
				<ele>466.000000</ele>
			</trkpt>
			<trkpt lat="48.897346" lon="15.574056">
				<ele>466.000000</ele>
			</trkpt>
			<trkpt lat="48.897446" lon="15.573894">
				<ele>466.000000</ele>
			</trkpt>
			<trkpt lat="48.897411" lon="15.573840">
				<ele>466.000000</ele>
			</trkpt>
			<trkpt lat="48.897363" lon="15.573787">
				<ele>466.000000</ele>
			</trkpt>
			<trkpt lat="48.897369" lon="15.573796">
				<ele>470.000000</ele>
			</trkpt>
			<trkpt lat="48.897334" lon="15.573742">
				<ele>471.000000</ele>
			</trkpt>
			<trkpt lat="48.897346" lon="15.573687">
				<ele>471.000000</ele>
			</trkpt>
			<trkpt lat="48.897346" lon="15.573643">
				<ele>471.000000</ele>
			</trkpt>
			<trkpt lat="48.897334" lon="15.573590">
				<ele>471.000000</ele>
			</trkpt>
			<trkpt lat="48.897322" lon="15.573553">
				<ele>471.000000</ele>
			</trkpt>
			<trkpt lat="48.897340" lon="15.573490">
				<ele>471.000000</ele>
			</trkpt>
			<trkpt lat="48.897381" lon="15.573437">
				<ele>471.000000</ele>
			</trkpt>
			<trkpt lat="48.897428" lon="15.573374">
				<ele>471.000000</ele>
			</trkpt>
			<trkpt lat="48.897670" lon="15.573121">
				<ele>471.000000</ele>
			</trkpt>
			<trkpt lat="48.897830" lon="15.572915">
				<ele>471.000000</ele>
			</trkpt>
			<trkpt lat="48.897966" lon="15.572727">
				<ele>471.000000</ele>
			</trkpt>
			<trkpt lat="48.898101" lon="15.572492">
				<ele>471.000000</ele>
			</trkpt>
			<trkpt lat="48.898320" lon="15.572053">
				<ele>471.000000</ele>
			</trkpt>
			<trkpt lat="48.898532" lon="15.571640">
				<ele>471.000000</ele>
			</trkpt>
			<trkpt lat="48.899324" lon="15.570184">
				<ele>470.000000</ele>
			</trkpt>
			<trkpt lat="48.899507" lon="15.569808">
				<ele>470.000000</ele>
			</trkpt>
			<trkpt lat="48.899690" lon="15.569395">
				<ele>471.000000</ele>
			</trkpt>
			<trkpt lat="48.899820" lon="15.569097">
				<ele>471.000000</ele>
			</trkpt>
			<trkpt lat="48.900039" lon="15.568540">
				<ele>472.000000</ele>
			</trkpt>
			<trkpt lat="48.900180" lon="15.568200">
				<ele>472.000000</ele>
			</trkpt>
			<trkpt lat="48.900251" lon="15.568055">
				<ele>472.000000</ele>
			</trkpt>
			<trkpt lat="48.900340" lon="15.567947">
				<ele>472.000000</ele>
			</trkpt>
			<trkpt lat="48.900428" lon="15.567848">
				<ele>472.000000</ele>
			</trkpt>
			<trkpt lat="48.900564" lon="15.567687">
				<ele>473.000000</ele>
			</trkpt>
			<trkpt lat="48.900723" lon="15.567427">
				<ele>473.000000</ele>
			</trkpt>
			<trkpt lat="48.900942" lon="15.567013">
				<ele>473.000000</ele>
			</trkpt>
			<trkpt lat="48.901149" lon="15.566600">
				<ele>474.000000</ele>
			</trkpt>
			<trkpt lat="48.901290" lon="15.566250">
				<ele>474.000000</ele>
			</trkpt>
			<trkpt lat="48.901526" lon="15.565657">
				<ele>475.000000</ele>
			</trkpt>
			<trkpt lat="48.901751" lon="15.565091">
				<ele>476.000000</ele>
			</trkpt>
			<trkpt lat="48.901787" lon="15.565028">
				<ele>476.000000</ele>
			</trkpt>
			<trkpt lat="48.901851" lon="15.564902">
				<ele>476.000000</ele>
			</trkpt>
			<trkpt lat="48.901993" lon="15.564605">
				<ele>476.000000</ele>
			</trkpt>
			<trkpt lat="48.902400" lon="15.563653">
				<ele>477.000000</ele>
			</trkpt>
			<trkpt lat="48.902666" lon="15.563114">
				<ele>478.000000</ele>
			</trkpt>
			<trkpt lat="48.902843" lon="15.562728">
				<ele>478.000000</ele>
			</trkpt>
			<trkpt lat="48.903132" lon="15.562055">
				<ele>479.000000</ele>
			</trkpt>
			<trkpt lat="48.903298" lon="15.561695">
				<ele>479.000000</ele>
			</trkpt>
			<trkpt lat="48.903729" lon="15.560850">
				<ele>480.000000</ele>
			</trkpt>
			<trkpt lat="48.903894" lon="15.560483">
				<ele>480.000000</ele>
			</trkpt>
			<trkpt lat="48.904101" lon="15.559988">
				<ele>481.000000</ele>
			</trkpt>
			<trkpt lat="48.904296" lon="15.559441">
				<ele>481.000000</ele>
			</trkpt>
			<trkpt lat="48.904438" lon="15.558982">
				<ele>482.000000</ele>
			</trkpt>
			<trkpt lat="48.904502" lon="15.558713">
				<ele>482.000000</ele>
			</trkpt>
			<trkpt lat="48.904544" lon="15.558533">
				<ele>482.000000</ele>
			</trkpt>
			<trkpt lat="48.904632" lon="15.558129">
				<ele>482.000000</ele>
			</trkpt>
			<trkpt lat="48.904780" lon="15.557410">
				<ele>483.000000</ele>
			</trkpt>
			<trkpt lat="48.904904" lon="15.556791">
				<ele>484.000000</ele>
			</trkpt>
			<trkpt lat="48.905016" lon="15.556252">
				<ele>484.000000</ele>
			</trkpt>
			<trkpt lat="48.905129" lon="15.555659">
				<ele>484.000000</ele>
			</trkpt>
			<trkpt lat="48.905217" lon="15.555120">
				<ele>485.000000</ele>
			</trkpt>
			<trkpt lat="48.905323" lon="15.554428">
				<ele>485.000000</ele>
			</trkpt>
			<trkpt lat="48.905388" lon="15.553907">
				<ele>486.000000</ele>
			</trkpt>
			<trkpt lat="48.905471" lon="15.553350">
				<ele>486.000000</ele>
			</trkpt>
			<trkpt lat="48.905518" lon="15.553009">
				<ele>486.000000</ele>
			</trkpt>
			<trkpt lat="48.905583" lon="15.552514">
				<ele>487.000000</ele>
			</trkpt>
			<trkpt lat="48.905695" lon="15.551797">
				<ele>487.000000</ele>
			</trkpt>
			<trkpt lat="48.905766" lon="15.551382">
				<ele>488.000000</ele>
			</trkpt>
			<trkpt lat="48.905796" lon="15.551095">
				<ele>488.000000</ele>
			</trkpt>
			<trkpt lat="48.905813" lon="15.550925">
				<ele>488.000000</ele>
			</trkpt>
			<trkpt lat="48.905849" lon="15.550718">
				<ele>488.000000</ele>
			</trkpt>
			<trkpt lat="48.905937" lon="15.550277">
				<ele>489.000000</ele>
			</trkpt>
			<trkpt lat="48.906162" lon="15.549020">
				<ele>490.000000</ele>
			</trkpt>
			<trkpt lat="48.906238" lon="15.548688">
				<ele>490.000000</ele>
			</trkpt>
			<trkpt lat="48.906564" lon="15.547439">
				<ele>491.000000</ele>
			</trkpt>
			<trkpt lat="48.906717" lon="15.546873">
				<ele>491.000000</ele>
			</trkpt>
			<trkpt lat="48.906918" lon="15.546191">
				<ele>491.000000</ele>
			</trkpt>
			<trkpt lat="48.907006" lon="15.545849">
				<ele>491.000000</ele>
			</trkpt>
			<trkpt lat="48.907071" lon="15.545571">
				<ele>491.000000</ele>
			</trkpt>
			<trkpt lat="48.907172" lon="15.545040">
				<ele>492.000000</ele>
			</trkpt>
			<trkpt lat="48.907337" lon="15.544070">
				<ele>492.000000</ele>
			</trkpt>
			<trkpt lat="48.907467" lon="15.543352">
				<ele>493.000000</ele>
			</trkpt>
			<trkpt lat="48.907697" lon="15.542310">
				<ele>493.000000</ele>
			</trkpt>
			<trkpt lat="48.907880" lon="15.541375">
				<ele>494.000000</ele>
			</trkpt>
			<trkpt lat="48.907892" lon="15.541321">
				<ele>494.000000</ele>
			</trkpt>
			<trkpt lat="48.907909" lon="15.541277">
				<ele>494.000000</ele>
			</trkpt>
			<trkpt lat="48.907933" lon="15.541223">
				<ele>494.000000</ele>
			</trkpt>
			<trkpt lat="48.907962" lon="15.541168">
				<ele>494.000000</ele>
			</trkpt>
			<trkpt lat="48.907992" lon="15.541115">
				<ele>494.000000</ele>
			</trkpt>
			<trkpt lat="48.908027" lon="15.541017">
				<ele>494.000000</ele>
			</trkpt>
			<trkpt lat="48.908063" lon="15.540918">
				<ele>494.000000</ele>
			</trkpt>
			<trkpt lat="48.908223" lon="15.540459">
				<ele>494.000000</ele>
			</trkpt>
			<trkpt lat="48.908382" lon="15.539975">
				<ele>494.000000</ele>
			</trkpt>
			<trkpt lat="48.908406" lon="15.539902">
				<ele>494.000000</ele>
			</trkpt>
			<trkpt lat="48.908423" lon="15.539822">
				<ele>494.000000</ele>
			</trkpt>
			<trkpt lat="48.908453" lon="15.539669">
				<ele>494.000000</ele>
			</trkpt>
			<trkpt lat="48.908488" lon="15.539533">
				<ele>494.000000</ele>
			</trkpt>
			<trkpt lat="48.908707" lon="15.538744">
				<ele>495.000000</ele>
			</trkpt>
			<trkpt lat="48.908837" lon="15.538304">
				<ele>495.000000</ele>
			</trkpt>
			<trkpt lat="48.908937" lon="15.537935">
				<ele>495.000000</ele>
			</trkpt>
			<trkpt lat="48.909084" lon="15.537405">
				<ele>496.000000</ele>
			</trkpt>
			<trkpt lat="48.909203" lon="15.537055">
				<ele>496.000000</ele>
			</trkpt>
			<trkpt lat="48.909362" lon="15.536641">
				<ele>496.000000</ele>
			</trkpt>
			<trkpt lat="48.909663" lon="15.535851">
				<ele>496.000000</ele>
			</trkpt>
			<trkpt lat="48.909734" lon="15.535671">
				<ele>496.000000</ele>
			</trkpt>
			<trkpt lat="48.909810" lon="15.535447">
				<ele>497.000000</ele>
			</trkpt>
			<trkpt lat="48.909929" lon="15.535141">
				<ele>497.000000</ele>
			</trkpt>
			<trkpt lat="48.909988" lon="15.534979">
				<ele>497.000000</ele>
			</trkpt>
			<trkpt lat="48.910023" lon="15.534826">
				<ele>497.000000</ele>
			</trkpt>
			<trkpt lat="48.910206" lon="15.534170">
				<ele>497.000000</ele>
			</trkpt>
			<trkpt lat="48.910265" lon="15.533910">
				<ele>497.000000</ele>
			</trkpt>
			<trkpt lat="48.910330" lon="15.533596">
				<ele>497.000000</ele>
			</trkpt>
			<trkpt lat="48.910389" lon="15.533308">
				<ele>498.000000</ele>
			</trkpt>
			<trkpt lat="48.910507" lon="15.532859">
				<ele>498.000000</ele>
			</trkpt>
			<trkpt lat="48.910566" lon="15.532562">
				<ele>498.000000</ele>
			</trkpt>
			<trkpt lat="48.910596" lon="15.532446">
				<ele>498.000000</ele>
			</trkpt>
			<trkpt lat="48.910614" lon="15.532302">
				<ele>498.000000</ele>
			</trkpt>
			<trkpt lat="48.910667" lon="15.531907">
				<ele>498.000000</ele>
			</trkpt>
			<trkpt lat="48.910832" lon="15.530981">
				<ele>499.000000</ele>
			</trkpt>
			<trkpt lat="48.910873" lon="15.530757">
				<ele>499.000000</ele>
			</trkpt>
			<trkpt lat="48.910932" lon="15.530560">
				<ele>499.000000</ele>
			</trkpt>
			<trkpt lat="48.910968" lon="15.530443">
				<ele>499.000000</ele>
			</trkpt>
			<trkpt lat="48.911039" lon="15.530245">
				<ele>499.000000</ele>
			</trkpt>
			<trkpt lat="48.911145" lon="15.529967">
				<ele>499.000000</ele>
			</trkpt>
			<trkpt lat="48.911233" lon="15.529688">
				<ele>499.000000</ele>
			</trkpt>
			<trkpt lat="48.911387" lon="15.529249">
				<ele>500.000000</ele>
			</trkpt>
			<trkpt lat="48.911553" lon="15.528736">
				<ele>500.000000</ele>
			</trkpt>
			<trkpt lat="48.911652" lon="15.528404">
				<ele>500.000000</ele>
			</trkpt>
			<trkpt lat="48.911712" lon="15.528153">
				<ele>500.000000</ele>
			</trkpt>
			<trkpt lat="48.911753" lon="15.527937">
				<ele>500.000000</ele>
			</trkpt>
			<trkpt lat="48.911777" lon="15.527677">
				<ele>500.000000</ele>
			</trkpt>
			<trkpt lat="48.911801" lon="15.527478">
				<ele>500.000000</ele>
			</trkpt>
			<trkpt lat="48.911812" lon="15.527317">
				<ele>500.000000</ele>
			</trkpt>
			<trkpt lat="48.911588" lon="15.527299">
				<ele>500.000000</ele>
			</trkpt>
			<trkpt lat="48.911588" lon="15.527299">
				<ele>500.000000</ele>
			</trkpt>
			<trkpt lat="48.911812" lon="15.527317">
				<ele>500.000000</ele>
			</trkpt>
			<trkpt lat="48.911836" lon="15.527317">
				<ele>500.000000</ele>
			</trkpt>
			<trkpt lat="48.911919" lon="15.527317">
				<ele>500.000000</ele>
			</trkpt>
			<trkpt lat="48.911901" lon="15.527218">
				<ele>500.000000</ele>
			</trkpt>
			<trkpt lat="48.911883" lon="15.527138">
				<ele>500.000000</ele>
			</trkpt>
			<trkpt lat="48.911883" lon="15.527056">
				<ele>500.000000</ele>
			</trkpt>
			<trkpt lat="48.911889" lon="15.526975">
				<ele>500.000000</ele>
			</trkpt>
			<trkpt lat="48.912037" lon="15.526006">
				<ele>500.000000</ele>
			</trkpt>
			<trkpt lat="48.912149" lon="15.525170">
				<ele>500.000000</ele>
			</trkpt>
			<trkpt lat="48.912214" lon="15.524612">
				<ele>500.000000</ele>
			</trkpt>
			<trkpt lat="48.912338" lon="15.523391">
				<ele>500.000000</ele>
			</trkpt>
			<trkpt lat="48.912515" lon="15.521712">
				<ele>500.000000</ele>
			</trkpt>
			<trkpt lat="48.912556" lon="15.521423">
				<ele>500.000000</ele>
			</trkpt>
			<trkpt lat="48.912609" lon="15.521155">
				<ele>500.000000</ele>
			</trkpt>
			<trkpt lat="48.912845" lon="15.520148">
				<ele>500.000000</ele>
			</trkpt>
			<trkpt lat="48.912969" lon="15.519519">
				<ele>500.000000</ele>
			</trkpt>
			<trkpt lat="48.913070" lon="15.518828">
				<ele>500.000000</ele>
			</trkpt>
			<trkpt lat="48.913199" lon="15.517911">
				<ele>500.000000</ele>
			</trkpt>
			<trkpt lat="48.913395" lon="15.516645">
				<ele>500.000000</ele>
			</trkpt>
			<trkpt lat="48.913471" lon="15.516196">
				<ele>500.000000</ele>
			</trkpt>
			<trkpt lat="48.913524" lon="15.515863">
				<ele>500.000000</ele>
			</trkpt>
			<trkpt lat="48.913589" lon="15.515540">
				<ele>500.000000</ele>
			</trkpt>
			<trkpt lat="48.913690" lon="15.515136">
				<ele>500.000000</ele>
			</trkpt>
			<trkpt lat="48.913837" lon="15.514543">
				<ele>500.000000</ele>
			</trkpt>
			<trkpt lat="48.914038" lon="15.513851">
				<ele>500.000000</ele>
			</trkpt>
			<trkpt lat="48.914103" lon="15.513635">
				<ele>500.000000</ele>
			</trkpt>
			<trkpt lat="48.914174" lon="15.513456">
				<ele>500.000000</ele>
			</trkpt>
			<trkpt lat="48.914439" lon="15.512943">
				<ele>500.000000</ele>
			</trkpt>
			<trkpt lat="48.914711" lon="15.512360">
				<ele>500.000000</ele>
			</trkpt>
			<trkpt lat="48.914799" lon="15.512198">
				<ele>500.000000</ele>
			</trkpt>
			<trkpt lat="48.914906" lon="15.512018">
				<ele>500.000000</ele>
			</trkpt>
			<trkpt lat="48.915018" lon="15.511865">
				<ele>500.000000</ele>
			</trkpt>
			<trkpt lat="48.915142" lon="15.511731">
				<ele>500.000000</ele>
			</trkpt>
			<trkpt lat="48.915290" lon="15.511624">
				<ele>500.000000</ele>
			</trkpt>
			<trkpt lat="48.915431" lon="15.511542">
				<ele>500.000000</ele>
			</trkpt>
			<trkpt lat="48.915667" lon="15.511444">
				<ele>500.000000</ele>
			</trkpt>
			<trkpt lat="48.915874" lon="15.511335">
				<ele>500.000000</ele>
			</trkpt>
			<trkpt lat="48.916057" lon="15.511209">
				<ele>500.000000</ele>
			</trkpt>
			<trkpt lat="48.916234" lon="15.511093">
				<ele>500.000000</ele>
			</trkpt>
			<trkpt lat="48.916405" lon="15.510941">
				<ele>500.000000</ele>
			</trkpt>
			<trkpt lat="48.916576" lon="15.510796">
				<ele>500.000000</ele>
			</trkpt>
			<trkpt lat="48.917054" lon="15.510330">
				<ele>500.000000</ele>
			</trkpt>
			<trkpt lat="48.917368" lon="15.509970">
				<ele>499.000000</ele>
			</trkpt>
			<trkpt lat="48.917557" lon="15.509737">
				<ele>499.000000</ele>
			</trkpt>
			<trkpt lat="48.917716" lon="15.509521">
				<ele>498.000000</ele>
			</trkpt>
			<trkpt lat="48.917863" lon="15.509305">
				<ele>498.000000</ele>
			</trkpt>
			<trkpt lat="48.918082" lon="15.508911">
				<ele>498.000000</ele>
			</trkpt>
			<trkpt lat="48.918341" lon="15.508372">
				<ele>497.000000</ele>
			</trkpt>
			<trkpt lat="48.918471" lon="15.508093">
				<ele>497.000000</ele>
			</trkpt>
			<trkpt lat="48.918578" lon="15.507842">
				<ele>496.000000</ele>
			</trkpt>
			<trkpt lat="48.918943" lon="15.506890">
				<ele>495.000000</ele>
			</trkpt>
			<trkpt lat="48.919027" lon="15.506701">
				<ele>495.000000</ele>
			</trkpt>
			<trkpt lat="48.919115" lon="15.506557">
				<ele>495.000000</ele>
			</trkpt>
			<trkpt lat="48.919227" lon="15.506448">
				<ele>495.000000</ele>
			</trkpt>
			<trkpt lat="48.919475" lon="15.506207">
				<ele>495.000000</ele>
			</trkpt>
			<trkpt lat="48.919587" lon="15.506117">
				<ele>495.000000</ele>
			</trkpt>
			<trkpt lat="48.919705" lon="15.506045">
				<ele>495.000000</ele>
			</trkpt>
			<trkpt lat="48.919817" lon="15.506018">
				<ele>495.000000</ele>
			</trkpt>
			<trkpt lat="48.920065" lon="15.506009">
				<ele>495.000000</ele>
			</trkpt>
			<trkpt lat="48.920207" lon="15.505982">
				<ele>495.000000</ele>
			</trkpt>
			<trkpt lat="48.920331" lon="15.505955">
				<ele>495.000000</ele>
			</trkpt>
			<trkpt lat="48.920449" lon="15.505901">
				<ele>495.000000</ele>
			</trkpt>
			<trkpt lat="48.920620" lon="15.505829">
				<ele>495.000000</ele>
			</trkpt>
			<trkpt lat="48.920838" lon="15.505722">
				<ele>495.000000</ele>
			</trkpt>
			<trkpt lat="48.921045" lon="15.505641">
				<ele>495.000000</ele>
			</trkpt>
			<trkpt lat="48.921281" lon="15.505559">
				<ele>495.000000</ele>
			</trkpt>
			<trkpt lat="48.921299" lon="15.505551">
				<ele>495.000000</ele>
			</trkpt>
			<trkpt lat="48.921299" lon="15.505551">
				<ele>495.000000</ele>
			</trkpt>
			<trkpt lat="48.921340" lon="15.505532">
				<ele>495.000000</ele>
			</trkpt>
			<trkpt lat="48.921546" lon="15.505469">
				<ele>495.000000</ele>
			</trkpt>
			<trkpt lat="48.921730" lon="15.505416">
				<ele>495.000000</ele>
			</trkpt>
			<trkpt lat="48.921907" lon="15.505389">
				<ele>495.000000</ele>
			</trkpt>
			<trkpt lat="48.922173" lon="15.505362">
				<ele>495.000000</ele>
			</trkpt>
			<trkpt lat="48.922438" lon="15.505353">
				<ele>495.000000</ele>
			</trkpt>
			<trkpt lat="48.922674" lon="15.505343">
				<ele>495.000000</ele>
			</trkpt>
			<trkpt lat="48.923424" lon="15.505372">
				<ele>495.000000</ele>
			</trkpt>
			<trkpt lat="48.923778" lon="15.505406">
				<ele>495.000000</ele>
			</trkpt>
			<trkpt lat="48.924238" lon="15.505469">
				<ele>495.000000</ele>
			</trkpt>
			<trkpt lat="48.924858" lon="15.505542">
				<ele>495.000000</ele>
			</trkpt>
			<trkpt lat="48.925560" lon="15.505586">
				<ele>493.000000</ele>
			</trkpt>
			<trkpt lat="48.925743" lon="15.505586">
				<ele>493.000000</ele>
			</trkpt>
			<trkpt lat="48.925885" lon="15.505559">
				<ele>492.000000</ele>
			</trkpt>
			<trkpt lat="48.926039" lon="15.505515">
				<ele>492.000000</ele>
			</trkpt>
			<trkpt lat="48.926216" lon="15.505433">
				<ele>492.000000</ele>
			</trkpt>
			<trkpt lat="48.926281" lon="15.505380">
				<ele>492.000000</ele>
			</trkpt>
			<trkpt lat="48.926334" lon="15.505299">
				<ele>491.000000</ele>
			</trkpt>
			<trkpt lat="48.926375" lon="15.505200">
				<ele>491.000000</ele>
			</trkpt>
			<trkpt lat="48.926428" lon="15.505020">
				<ele>491.000000</ele>
			</trkpt>
			<trkpt lat="48.926511" lon="15.504706">
				<ele>491.000000</ele>
			</trkpt>
			<trkpt lat="48.926599" lon="15.504481">
				<ele>490.000000</ele>
			</trkpt>
			<trkpt lat="48.926712" lon="15.504293">
				<ele>490.000000</ele>
			</trkpt>
			<trkpt lat="48.926853" lon="15.504087">
				<ele>490.000000</ele>
			</trkpt>
			<trkpt lat="48.927024" lon="15.503898">
				<ele>490.000000</ele>
			</trkpt>
			<trkpt lat="48.927272" lon="15.503691">
				<ele>490.000000</ele>
			</trkpt>
			<trkpt lat="48.927485" lon="15.503502">
				<ele>490.000000</ele>
			</trkpt>
			<trkpt lat="48.927567" lon="15.503448">
				<ele>490.000000</ele>
			</trkpt>
			<trkpt lat="48.927650" lon="15.503412">
				<ele>490.000000</ele>
			</trkpt>
			<trkpt lat="48.927750" lon="15.503368">
				<ele>490.000000</ele>
			</trkpt>
			<trkpt lat="48.927839" lon="15.503341">
				<ele>490.000000</ele>
			</trkpt>
			<trkpt lat="48.927927" lon="15.503349">
				<ele>490.000000</ele>
			</trkpt>
			<trkpt lat="48.928045" lon="15.503359">
				<ele>490.000000</ele>
			</trkpt>
			<trkpt lat="48.928459" lon="15.503431">
				<ele>490.000000</ele>
			</trkpt>
			<trkpt lat="48.929161" lon="15.503592">
				<ele>490.000000</ele>
			</trkpt>
			<trkpt lat="48.929373" lon="15.503637">
				<ele>490.000000</ele>
			</trkpt>
			<trkpt lat="48.929556" lon="15.503646">
				<ele>490.000000</ele>
			</trkpt>
			<trkpt lat="48.929727" lon="15.503646">
				<ele>491.000000</ele>
			</trkpt>
			<trkpt lat="48.929916" lon="15.503628">
				<ele>491.000000</ele>
			</trkpt>
			<trkpt lat="48.930123" lon="15.503584">
				<ele>491.000000</ele>
			</trkpt>
			<trkpt lat="48.930294" lon="15.503548">
				<ele>491.000000</ele>
			</trkpt>
			<trkpt lat="48.930465" lon="15.503485">
				<ele>491.000000</ele>
			</trkpt>
			<trkpt lat="48.930760" lon="15.503359">
				<ele>492.000000</ele>
			</trkpt>
			<trkpt lat="48.932059" lon="15.502811">
				<ele>493.000000</ele>
			</trkpt>
			<trkpt lat="48.932584" lon="15.502577">
				<ele>493.000000</ele>
			</trkpt>
			<trkpt lat="48.932773" lon="15.502496">
				<ele>494.000000</ele>
			</trkpt>
			<trkpt lat="48.932985" lon="15.502425">
				<ele>494.000000</ele>
			</trkpt>
			<trkpt lat="48.933168" lon="15.502389">
				<ele>494.000000</ele>
			</trkpt>
			<trkpt lat="48.933304" lon="15.502362">
				<ele>494.000000</ele>
			</trkpt>
			<trkpt lat="48.933445" lon="15.502353">
				<ele>494.000000</ele>
			</trkpt>
			<trkpt lat="48.933646" lon="15.502353">
				<ele>494.000000</ele>
			</trkpt>
			<trkpt lat="48.934337" lon="15.502389">
				<ele>495.000000</ele>
			</trkpt>
			<trkpt lat="48.935298" lon="15.502433">
				<ele>495.000000</ele>
			</trkpt>
			<trkpt lat="48.935464" lon="15.502443">
				<ele>494.000000</ele>
			</trkpt>
			<trkpt lat="48.935587" lon="15.502397">
				<ele>494.000000</ele>
			</trkpt>
			<trkpt lat="48.935711" lon="15.502335">
				<ele>494.000000</ele>
			</trkpt>
			<trkpt lat="48.935877" lon="15.502227">
				<ele>493.000000</ele>
			</trkpt>
			<trkpt lat="48.936077" lon="15.502047">
				<ele>493.000000</ele>
			</trkpt>
			<trkpt lat="48.936183" lon="15.501957">
				<ele>493.000000</ele>
			</trkpt>
			<trkpt lat="48.936266" lon="15.501859">
				<ele>492.000000</ele>
			</trkpt>
			<trkpt lat="48.936502" lon="15.501508">
				<ele>492.000000</ele>
			</trkpt>
			<trkpt lat="48.936815" lon="15.501032">
				<ele>491.000000</ele>
			</trkpt>
			<trkpt lat="48.937476" lon="15.499919">
				<ele>488.000000</ele>
			</trkpt>
			<trkpt lat="48.937594" lon="15.499730">
				<ele>488.000000</ele>
			</trkpt>
			<trkpt lat="48.937712" lon="15.499595">
				<ele>487.000000</ele>
			</trkpt>
			<trkpt lat="48.937842" lon="15.499460">
				<ele>487.000000</ele>
			</trkpt>
			<trkpt lat="48.938054" lon="15.499253">
				<ele>486.000000</ele>
			</trkpt>
			<trkpt lat="48.938202" lon="15.499110">
				<ele>486.000000</ele>
			</trkpt>
			<trkpt lat="48.938302" lon="15.498948">
				<ele>485.000000</ele>
			</trkpt>
			<trkpt lat="48.938402" lon="15.498751">
				<ele>485.000000</ele>
			</trkpt>
			<trkpt lat="48.938585" lon="15.498328">
				<ele>484.000000</ele>
			</trkpt>
			<trkpt lat="48.938644" lon="15.498167">
				<ele>484.000000</ele>
			</trkpt>
			<trkpt lat="48.938774" lon="15.497825">
				<ele>484.000000</ele>
			</trkpt>
			<trkpt lat="48.938827" lon="15.497691">
				<ele>484.000000</ele>
			</trkpt>
			<trkpt lat="48.938981" lon="15.497295">
				<ele>483.000000</ele>
			</trkpt>
			<trkpt lat="48.939116" lon="15.496990">
				<ele>483.000000</ele>
			</trkpt>
			<trkpt lat="48.939275" lon="15.496603">
				<ele>482.000000</ele>
			</trkpt>
			<trkpt lat="48.939317" lon="15.496487">
				<ele>482.000000</ele>
			</trkpt>
			<trkpt lat="48.939346" lon="15.496370">
				<ele>482.000000</ele>
			</trkpt>
			<trkpt lat="48.939399" lon="15.496118">
				<ele>482.000000</ele>
			</trkpt>
			<trkpt lat="48.939441" lon="15.495804">
				<ele>482.000000</ele>
			</trkpt>
			<trkpt lat="48.939447" lon="15.495724">
				<ele>482.000000</ele>
			</trkpt>
			<trkpt lat="48.939476" lon="15.495661">
				<ele>481.000000</ele>
			</trkpt>
			<trkpt lat="48.939506" lon="15.495634">
				<ele>481.000000</ele>
			</trkpt>
			<trkpt lat="48.939541" lon="15.495606">
				<ele>481.000000</ele>
			</trkpt>
			<trkpt lat="48.939576" lon="15.495598">
				<ele>481.000000</ele>
			</trkpt>
			<trkpt lat="48.939600" lon="15.495598">
				<ele>481.000000</ele>
			</trkpt>
			<trkpt lat="48.939665" lon="15.495642">
				<ele>481.000000</ele>
			</trkpt>
			<trkpt lat="48.939783" lon="15.495732">
				<ele>481.000000</ele>
			</trkpt>
			<trkpt lat="48.939978" lon="15.495911">
				<ele>481.000000</ele>
			</trkpt>
			<trkpt lat="48.940166" lon="15.496118">
				<ele>480.000000</ele>
			</trkpt>
			<trkpt lat="48.940231" lon="15.496181">
				<ele>480.000000</ele>
			</trkpt>
			<trkpt lat="48.940303" lon="15.496190">
				<ele>480.000000</ele>
			</trkpt>
			<trkpt lat="48.940355" lon="15.496164">
				<ele>480.000000</ele>
			</trkpt>
			<trkpt lat="48.940373" lon="15.496137">
				<ele>480.000000</ele>
			</trkpt>
			<trkpt lat="48.940391" lon="15.496100">
				<ele>480.000000</ele>
			</trkpt>
			<trkpt lat="48.940461" lon="15.495903">
				<ele>479.000000</ele>
			</trkpt>
			<trkpt lat="48.940544" lon="15.495732">
				<ele>479.000000</ele>
			</trkpt>
			<trkpt lat="48.940763" lon="15.495418">
				<ele>478.000000</ele>
			</trkpt>
			<trkpt lat="48.941441" lon="15.494456">
				<ele>475.000000</ele>
			</trkpt>
			<trkpt lat="48.942049" lon="15.493577">
				<ele>472.000000</ele>
			</trkpt>
			<trkpt lat="48.942692" lon="15.492606">
				<ele>469.000000</ele>
			</trkpt>
			<trkpt lat="48.943488" lon="15.491420">
				<ele>466.000000</ele>
			</trkpt>
			<trkpt lat="48.943589" lon="15.491250">
				<ele>466.000000</ele>
			</trkpt>
			<trkpt lat="48.943825" lon="15.490872">
				<ele>465.000000</ele>
			</trkpt>
			<trkpt lat="48.943913" lon="15.490693">
				<ele>465.000000</ele>
			</trkpt>
			<trkpt lat="48.943984" lon="15.490548">
				<ele>465.000000</ele>
			</trkpt>
			<trkpt lat="48.944061" lon="15.490387">
				<ele>465.000000</ele>
			</trkpt>
			<trkpt lat="48.944126" lon="15.490208">
				<ele>465.000000</ele>
			</trkpt>
			<trkpt lat="48.944232" lon="15.489839">
				<ele>465.000000</ele>
			</trkpt>
			<trkpt lat="48.944627" lon="15.488221">
				<ele>465.000000</ele>
			</trkpt>
			<trkpt lat="48.944946" lon="15.486812">
				<ele>465.000000</ele>
			</trkpt>
			<trkpt lat="48.945542" lon="15.484279">
				<ele>465.000000</ele>
			</trkpt>
			<trkpt lat="48.945884" lon="15.482860">
				<ele>469.000000</ele>
			</trkpt>
			<trkpt lat="48.946220" lon="15.481485">
				<ele>474.000000</ele>
			</trkpt>
			<trkpt lat="48.946621" lon="15.479948">
				<ele>475.000000</ele>
			</trkpt>
			<trkpt lat="48.946686" lon="15.479705">
				<ele>475.000000</ele>
			</trkpt>
			<trkpt lat="48.946816" lon="15.479221">
				<ele>475.000000</ele>
			</trkpt>
			<trkpt lat="48.946905" lon="15.478925">
				<ele>475.000000</ele>
			</trkpt>
			<trkpt lat="48.946987" lon="15.478682">
				<ele>475.000000</ele>
			</trkpt>
			<trkpt lat="48.947087" lon="15.478466">
				<ele>475.000000</ele>
			</trkpt>
			<trkpt lat="48.947194" lon="15.478242">
				<ele>475.000000</ele>
			</trkpt>
			<trkpt lat="48.947306" lon="15.478071">
				<ele>475.000000</ele>
			</trkpt>
			<trkpt lat="48.947459" lon="15.477883">
				<ele>475.000000</ele>
			</trkpt>
			<trkpt lat="48.947601" lon="15.477730">
				<ele>475.000000</ele>
			</trkpt>
			<trkpt lat="48.948155" lon="15.477173">
				<ele>469.000000</ele>
			</trkpt>
			<trkpt lat="48.948633" lon="15.476679">
				<ele>460.000000</ele>
			</trkpt>
			<trkpt lat="48.949011" lon="15.476239">
				<ele>454.000000</ele>
			</trkpt>
			<trkpt lat="48.950049" lon="15.475026">
				<ele>445.000000</ele>
			</trkpt>
			<trkpt lat="48.950650" lon="15.474371">
				<ele>443.000000</ele>
			</trkpt>
			<trkpt lat="48.950709" lon="15.474316">
				<ele>443.000000</ele>
			</trkpt>
			<trkpt lat="48.950775" lon="15.474281">
				<ele>443.000000</ele>
			</trkpt>
			<trkpt lat="48.950846" lon="15.474281">
				<ele>443.000000</ele>
			</trkpt>
			<trkpt lat="48.950998" lon="15.474281">
				<ele>443.000000</ele>
			</trkpt>
			<trkpt lat="48.951217" lon="15.474281">
				<ele>442.000000</ele>
			</trkpt>
			<trkpt lat="48.951371" lon="15.474254">
				<ele>442.000000</ele>
			</trkpt>
			<trkpt lat="48.951512" lon="15.474218">
				<ele>442.000000</ele>
			</trkpt>
			<trkpt lat="48.951683" lon="15.474145">
				<ele>441.000000</ele>
			</trkpt>
			<trkpt lat="48.951819" lon="15.474074">
				<ele>441.000000</ele>
			</trkpt>
			<trkpt lat="48.951937" lon="15.473992">
				<ele>441.000000</ele>
			</trkpt>
			<trkpt lat="48.952397" lon="15.473633">
				<ele>440.000000</ele>
			</trkpt>
			<trkpt lat="48.952539" lon="15.473552">
				<ele>440.000000</ele>
			</trkpt>
			<trkpt lat="48.952674" lon="15.473489">
				<ele>440.000000</ele>
			</trkpt>
			<trkpt lat="48.952922" lon="15.473373">
				<ele>439.000000</ele>
			</trkpt>
			<trkpt lat="48.953046" lon="15.473302">
				<ele>439.000000</ele>
			</trkpt>
			<trkpt lat="48.953182" lon="15.473274">
				<ele>439.000000</ele>
			</trkpt>
			<trkpt lat="48.953323" lon="15.473274">
				<ele>438.000000</ele>
			</trkpt>
			<trkpt lat="48.953736" lon="15.473265">
				<ele>438.000000</ele>
			</trkpt>
			<trkpt lat="48.953889" lon="15.473265">
				<ele>437.000000</ele>
			</trkpt>
			<trkpt lat="48.953960" lon="15.473302">
				<ele>437.000000</ele>
			</trkpt>
			<trkpt lat="48.954054" lon="15.473337">
				<ele>437.000000</ele>
			</trkpt>
			<trkpt lat="48.954131" lon="15.473392">
				<ele>437.000000</ele>
			</trkpt>
			<trkpt lat="48.954208" lon="15.473453">
				<ele>436.000000</ele>
			</trkpt>
			<trkpt lat="48.954349" lon="15.473543">
				<ele>436.000000</ele>
			</trkpt>
			<trkpt lat="48.954491" lon="15.473616">
				<ele>436.000000</ele>
			</trkpt>
			<trkpt lat="48.954638" lon="15.473633">
				<ele>435.000000</ele>
			</trkpt>
			<trkpt lat="48.954922" lon="15.473652">
				<ele>435.000000</ele>
			</trkpt>
			<trkpt lat="48.955570" lon="15.473696">
				<ele>435.000000</ele>
			</trkpt>
			<trkpt lat="48.955777" lon="15.473696">
				<ele>435.000000</ele>
			</trkpt>
			<trkpt lat="48.955977" lon="15.473669">
				<ele>435.000000</ele>
			</trkpt>
			<trkpt lat="48.956172" lon="15.473633">
				<ele>435.000000</ele>
			</trkpt>
			<trkpt lat="48.956343" lon="15.473579">
				<ele>435.000000</ele>
			</trkpt>
			<trkpt lat="48.956573" lon="15.473489">
				<ele>435.000000</ele>
			</trkpt>
			<trkpt lat="48.956762" lon="15.473382">
				<ele>435.000000</ele>
			</trkpt>
			<trkpt lat="48.956762" lon="15.473157">
				<ele>435.000000</ele>
			</trkpt>
			<trkpt lat="48.956780" lon="15.472969">
				<ele>435.000000</ele>
			</trkpt>
			<trkpt lat="48.956797" lon="15.472887">
				<ele>435.000000</ele>
			</trkpt>
			<trkpt lat="48.956827" lon="15.472807">
				<ele>435.000000</ele>
			</trkpt>
			<trkpt lat="48.956909" lon="15.472654">
				<ele>435.000000</ele>
			</trkpt>
			<trkpt lat="48.956980" lon="15.472537">
				<ele>435.000000</ele>
			</trkpt>
			<trkpt lat="48.957163" lon="15.472115">
				<ele>435.000000</ele>
			</trkpt>
			<trkpt lat="48.957506" lon="15.471468">
				<ele>436.000000</ele>
			</trkpt>
			<trkpt lat="48.957588" lon="15.471279">
				<ele>436.000000</ele>
			</trkpt>
			<trkpt lat="48.957677" lon="15.471082">
				<ele>436.000000</ele>
			</trkpt>
			<trkpt lat="48.957753" lon="15.470876">
				<ele>437.000000</ele>
			</trkpt>
			<trkpt lat="48.957818" lon="15.470543">
				<ele>437.000000</ele>
			</trkpt>
			<trkpt lat="48.958485" lon="15.467094">
				<ele>446.000000</ele>
			</trkpt>
			<trkpt lat="48.958833" lon="15.465405">
				<ele>451.000000</ele>
			</trkpt>
			<trkpt lat="48.958909" lon="15.465117">
				<ele>452.000000</ele>
			</trkpt>
			<trkpt lat="48.959010" lon="15.464821">
				<ele>453.000000</ele>
			</trkpt>
			<trkpt lat="48.959310" lon="15.463977">
				<ele>456.000000</ele>
			</trkpt>
			<trkpt lat="48.959363" lon="15.463824">
				<ele>456.000000</ele>
			</trkpt>
			<trkpt lat="48.959411" lon="15.463744">
				<ele>456.000000</ele>
			</trkpt>
			<trkpt lat="48.959446" lon="15.463662">
				<ele>456.000000</ele>
			</trkpt>
			<trkpt lat="48.959505" lon="15.463599">
				<ele>456.000000</ele>
			</trkpt>
			<trkpt lat="48.960384" lon="15.462593">
				<ele>459.000000</ele>
			</trkpt>
			<trkpt lat="48.961033" lon="15.461901">
				<ele>460.000000</ele>
			</trkpt>
			<trkpt lat="48.961133" lon="15.461784">
				<ele>461.000000</ele>
			</trkpt>
			<trkpt lat="48.961210" lon="15.461660">
				<ele>461.000000</ele>
			</trkpt>
			<trkpt lat="48.961263" lon="15.461497">
				<ele>461.000000</ele>
			</trkpt>
			<trkpt lat="48.961310" lon="15.461291">
				<ele>462.000000</ele>
			</trkpt>
			<trkpt lat="48.961711" lon="15.459234">
				<ele>469.000000</ele>
			</trkpt>
			<trkpt lat="48.961941" lon="15.458128">
				<ele>471.000000</ele>
			</trkpt>
			<trkpt lat="48.962006" lon="15.457841">
				<ele>471.000000</ele>
			</trkpt>
			<trkpt lat="48.962077" lon="15.457626">
				<ele>471.000000</ele>
			</trkpt>
			<trkpt lat="48.962147" lon="15.457428">
				<ele>471.000000</ele>
			</trkpt>
			<trkpt lat="48.962248" lon="15.457212">
				<ele>472.000000</ele>
			</trkpt>
			<trkpt lat="48.962289" lon="15.457159">
				<ele>472.000000</ele>
			</trkpt>
			<trkpt lat="48.962330" lon="15.457104">
				<ele>472.000000</ele>
			</trkpt>
			<trkpt lat="48.962271" lon="15.456503">
				<ele>475.000000</ele>
			</trkpt>
			<trkpt lat="48.962265" lon="15.456242">
				<ele>476.000000</ele>
			</trkpt>
			<trkpt lat="48.962253" lon="15.455972">
				<ele>477.000000</ele>
			</trkpt>
			<trkpt lat="48.962242" lon="15.455371">
				<ele>480.000000</ele>
			</trkpt>
			<trkpt lat="48.962194" lon="15.454903">
				<ele>482.000000</ele>
			</trkpt>
			<trkpt lat="48.962171" lon="15.454670">
				<ele>483.000000</ele>
			</trkpt>
			<trkpt lat="48.962124" lon="15.454400">
				<ele>485.000000</ele>
			</trkpt>
			<trkpt lat="48.962012" lon="15.453834">
				<ele>487.000000</ele>
			</trkpt>
			<trkpt lat="48.961858" lon="15.453125">
				<ele>491.000000</ele>
			</trkpt>
			<trkpt lat="48.961817" lon="15.452936">
				<ele>492.000000</ele>
			</trkpt>
			<trkpt lat="48.961764" lon="15.452756">
				<ele>493.000000</ele>
			</trkpt>
			<trkpt lat="48.961699" lon="15.452595">
				<ele>493.000000</ele>
			</trkpt>
			<trkpt lat="48.961646" lon="15.452452">
				<ele>494.000000</ele>
			</trkpt>
			<trkpt lat="48.961575" lon="15.452335">
				<ele>495.000000</ele>
			</trkpt>
			<trkpt lat="48.961499" lon="15.452190">
				<ele>495.000000</ele>
			</trkpt>
			<trkpt lat="48.961186" lon="15.451697">
				<ele>496.000000</ele>
			</trkpt>
			<trkpt lat="48.961139" lon="15.451507">
				<ele>495.000000</ele>
			</trkpt>
			<trkpt lat="48.960738" lon="15.450286">
				<ele>494.000000</ele>
			</trkpt>
			<trkpt lat="48.960348" lon="15.449064">
				<ele>492.000000</ele>
			</trkpt>
			<trkpt lat="48.960195" lon="15.448544">
				<ele>492.000000</ele>
			</trkpt>
			<trkpt lat="48.959965" lon="15.447645">
				<ele>491.000000</ele>
			</trkpt>
			<trkpt lat="48.959753" lon="15.446836">
				<ele>490.000000</ele>
			</trkpt>
			<trkpt lat="48.959622" lon="15.446297">
				<ele>489.000000</ele>
			</trkpt>
			<trkpt lat="48.959576" lon="15.446109">
				<ele>488.000000</ele>
			</trkpt>
			<trkpt lat="48.959535" lon="15.445974">
				<ele>487.000000</ele>
			</trkpt>
			<trkpt lat="48.959481" lon="15.445840">
				<ele>487.000000</ele>
			</trkpt>
			<trkpt lat="48.959422" lon="15.445750">
				<ele>486.000000</ele>
			</trkpt>
			<trkpt lat="48.959369" lon="15.445670">
				<ele>486.000000</ele>
			</trkpt>
			<trkpt lat="48.959299" lon="15.445615">
				<ele>486.000000</ele>
			</trkpt>
			<trkpt lat="48.959216" lon="15.445588">
				<ele>485.000000</ele>
			</trkpt>
			<trkpt lat="48.959122" lon="15.445544">
				<ele>485.000000</ele>
			</trkpt>
			<trkpt lat="48.958886" lon="15.445517">
				<ele>485.000000</ele>
			</trkpt>
			<trkpt lat="48.958833" lon="15.445507">
				<ele>485.000000</ele>
			</trkpt>
			<trkpt lat="48.958768" lon="15.445471">
				<ele>485.000000</ele>
			</trkpt>
			<trkpt lat="48.958643" lon="15.445364">
				<ele>485.000000</ele>
			</trkpt>
			<trkpt lat="48.958538" lon="15.445255">
				<ele>485.000000</ele>
			</trkpt>
			<trkpt lat="48.958455" lon="15.445121">
				<ele>485.000000</ele>
			</trkpt>
			<trkpt lat="48.958378" lon="15.444924">
				<ele>485.000000</ele>
			</trkpt>
			<trkpt lat="48.958266" lon="15.444681">
				<ele>485.000000</ele>
			</trkpt>
			<trkpt lat="48.958177" lon="15.444456">
				<ele>485.000000</ele>
			</trkpt>
			<trkpt lat="48.958071" lon="15.444240">
				<ele>486.000000</ele>
			</trkpt>
			<trkpt lat="48.958018" lon="15.444088">
				<ele>487.000000</ele>
			</trkpt>
			<trkpt lat="48.957977" lon="15.443953">
				<ele>487.000000</ele>
			</trkpt>
			<trkpt lat="48.957930" lon="15.443773">
				<ele>488.000000</ele>
			</trkpt>
			<trkpt lat="48.957841" lon="15.443333">
				<ele>490.000000</ele>
			</trkpt>
			<trkpt lat="48.957570" lon="15.442201">
				<ele>489.000000</ele>
			</trkpt>
			<trkpt lat="48.957523" lon="15.441968">
				<ele>488.000000</ele>
			</trkpt>
			<trkpt lat="48.957506" lon="15.441815">
				<ele>488.000000</ele>
			</trkpt>
			<trkpt lat="48.957487" lon="15.441662">
				<ele>487.000000</ele>
			</trkpt>
			<trkpt lat="48.957499" lon="15.441492">
				<ele>487.000000</ele>
			</trkpt>
			<trkpt lat="48.957493" lon="15.441024">
				<ele>486.000000</ele>
			</trkpt>
			<trkpt lat="48.957458" lon="15.440638">
				<ele>485.000000</ele>
			</trkpt>
			<trkpt lat="48.957375" lon="15.440028">
				<ele>484.000000</ele>
			</trkpt>
			<trkpt lat="48.957358" lon="15.439830">
				<ele>484.000000</ele>
			</trkpt>
			<trkpt lat="48.957363" lon="15.439615">
				<ele>483.000000</ele>
			</trkpt>
			<trkpt lat="48.957363" lon="15.439299">
				<ele>482.000000</ele>
			</trkpt>
			<trkpt lat="48.957352" lon="15.439039">
				<ele>482.000000</ele>
			</trkpt>
			<trkpt lat="48.957328" lon="15.438779">
				<ele>481.000000</ele>
			</trkpt>
			<trkpt lat="48.957293" lon="15.438410">
				<ele>481.000000</ele>
			</trkpt>
			<trkpt lat="48.957269" lon="15.438096">
				<ele>480.000000</ele>
			</trkpt>
			<trkpt lat="48.957257" lon="15.437854">
				<ele>480.000000</ele>
			</trkpt>
			<trkpt lat="48.957281" lon="15.437620">
				<ele>480.000000</ele>
			</trkpt>
			<trkpt lat="48.957322" lon="15.437360">
				<ele>480.000000</ele>
			</trkpt>
			<trkpt lat="48.957434" lon="15.436875">
				<ele>480.000000</ele>
			</trkpt>
			<trkpt lat="48.957529" lon="15.436559">
				<ele>480.000000</ele>
			</trkpt>
			<trkpt lat="48.958320" lon="15.434269">
				<ele>480.000000</ele>
			</trkpt>
			<trkpt lat="48.958945" lon="15.432500">
				<ele>482.000000</ele>
			</trkpt>
			<trkpt lat="48.958998" lon="15.432374">
				<ele>482.000000</ele>
			</trkpt>
			<trkpt lat="48.959044" lon="15.432284">
				<ele>482.000000</ele>
			</trkpt>
			<trkpt lat="48.958927" lon="15.432051">
				<ele>483.000000</ele>
			</trkpt>
			<trkpt lat="48.958839" lon="15.431825">
				<ele>483.000000</ele>
			</trkpt>
			<trkpt lat="48.958768" lon="15.431592">
				<ele>484.000000</ele>
			</trkpt>
			<trkpt lat="48.958696" lon="15.431296">
				<ele>484.000000</ele>
			</trkpt>
			<trkpt lat="48.958555" lon="15.430730">
				<ele>485.000000</ele>
			</trkpt>
			<trkpt lat="48.958396" lon="15.430200">
				<ele>488.000000</ele>
			</trkpt>
			<trkpt lat="48.958272" lon="15.429804">
				<ele>491.000000</ele>
			</trkpt>
			<trkpt lat="48.957824" lon="15.428502">
				<ele>500.000000</ele>
			</trkpt>
			<trkpt lat="48.957611" lon="15.427856">
				<ele>502.000000</ele>
			</trkpt>
			<trkpt lat="48.957506" lon="15.427532">
				<ele>502.000000</ele>
			</trkpt>
			<trkpt lat="48.957417" lon="15.427154">
				<ele>503.000000</ele>
			</trkpt>
			<trkpt lat="48.957328" lon="15.426777">
				<ele>504.000000</ele>
			</trkpt>
			<trkpt lat="48.957269" lon="15.426462">
				<ele>505.000000</ele>
			</trkpt>
			<trkpt lat="48.957222" lon="15.426148">
				<ele>506.000000</ele>
			</trkpt>
			<trkpt lat="48.957198" lon="15.425835">
				<ele>508.000000</ele>
			</trkpt>
			<trkpt lat="48.957175" lon="15.425349">
				<ele>510.000000</ele>
			</trkpt>
			<trkpt lat="48.957110" lon="15.424468">
				<ele>515.000000</ele>
			</trkpt>
			<trkpt lat="48.957104" lon="15.423984">
				<ele>517.000000</ele>
			</trkpt>
			<trkpt lat="48.957098" lon="15.423848">
				<ele>517.000000</ele>
			</trkpt>
			<trkpt lat="48.957080" lon="15.423777">
				<ele>517.000000</ele>
			</trkpt>
			<trkpt lat="48.957051" lon="15.423714">
				<ele>518.000000</ele>
			</trkpt>
			<trkpt lat="48.956980" lon="15.423606">
				<ele>518.000000</ele>
			</trkpt>
			<trkpt lat="48.956862" lon="15.423489">
				<ele>519.000000</ele>
			</trkpt>
			<trkpt lat="48.956532" lon="15.423229">
				<ele>521.000000</ele>
			</trkpt>
			<trkpt lat="48.956461" lon="15.423148">
				<ele>521.000000</ele>
			</trkpt>
			<trkpt lat="48.956396" lon="15.423049">
				<ele>522.000000</ele>
			</trkpt>
			<trkpt lat="48.957476" lon="15.421109">
				<ele>533.000000</ele>
			</trkpt>
			<trkpt lat="48.958579" lon="15.419097">
				<ele>542.000000</ele>
			</trkpt>
			<trkpt lat="48.959865" lon="15.416690">
				<ele>547.000000</ele>
			</trkpt>
			<trkpt lat="48.960307" lon="15.415872">
				<ele>549.000000</ele>
			</trkpt>
			<trkpt lat="48.960307" lon="15.415872">
				<ele>549.000000</ele>
			</trkpt>
			<trkpt lat="48.962377" lon="15.412009">
				<ele>558.000000</ele>
			</trkpt>
			<trkpt lat="48.963687" lon="15.409556">
				<ele>560.000000</ele>
			</trkpt>
			<trkpt lat="48.965126" lon="15.407140">
				<ele>550.000000</ele>
			</trkpt>
			<trkpt lat="48.966022" lon="15.405613">
				<ele>545.000000</ele>
			</trkpt>
			<trkpt lat="48.966865" lon="15.404149">
				<ele>545.000000</ele>
			</trkpt>
			<trkpt lat="48.967815" lon="15.402461">
				<ele>549.000000</ele>
			</trkpt>
			<trkpt lat="48.968440" lon="15.401373">
				<ele>551.000000</ele>
			</trkpt>
			<trkpt lat="48.969201" lon="15.399998">
				<ele>552.000000</ele>
			</trkpt>
			<trkpt lat="48.969366" lon="15.399711">
				<ele>552.000000</ele>
			</trkpt>
			<trkpt lat="48.969425" lon="15.399631">
				<ele>552.000000</ele>
			</trkpt>
			<trkpt lat="48.969490" lon="15.399549">
				<ele>552.000000</ele>
			</trkpt>
			<trkpt lat="48.969560" lon="15.399459">
				<ele>553.000000</ele>
			</trkpt>
			<trkpt lat="48.969614" lon="15.399361">
				<ele>553.000000</ele>
			</trkpt>
			<trkpt lat="48.969661" lon="15.399253">
				<ele>553.000000</ele>
			</trkpt>
			<trkpt lat="48.969708" lon="15.399119">
				<ele>553.000000</ele>
			</trkpt>
			<trkpt lat="48.969991" lon="15.398050">
				<ele>554.000000</ele>
			</trkpt>
			<trkpt lat="48.970534" lon="15.396172">
				<ele>555.000000</ele>
			</trkpt>
			<trkpt lat="48.971188" lon="15.394042">
				<ele>555.000000</ele>
			</trkpt>
			<trkpt lat="48.971265" lon="15.393827">
				<ele>555.000000</ele>
			</trkpt>
			<trkpt lat="48.971330" lon="15.393648">
				<ele>555.000000</ele>
			</trkpt>
			<trkpt lat="48.971400" lon="15.393486">
				<ele>553.000000</ele>
			</trkpt>
			<trkpt lat="48.971489" lon="15.393324">
				<ele>552.000000</ele>
			</trkpt>
			<trkpt lat="48.971601" lon="15.393144">
				<ele>550.000000</ele>
			</trkpt>
			<trkpt lat="48.971742" lon="15.392911">
				<ele>548.000000</ele>
			</trkpt>
			<trkpt lat="48.971925" lon="15.392633">
				<ele>545.000000</ele>
			</trkpt>
			<trkpt lat="48.971995" lon="15.392507">
				<ele>544.000000</ele>
			</trkpt>
			<trkpt lat="48.972043" lon="15.392381">
				<ele>544.000000</ele>
			</trkpt>
			<trkpt lat="48.972079" lon="15.392247">
				<ele>543.000000</ele>
			</trkpt>
			<trkpt lat="48.972114" lon="15.392040">
				<ele>542.000000</ele>
			</trkpt>
			<trkpt lat="48.972155" lon="15.391608">
				<ele>539.000000</ele>
			</trkpt>
			<trkpt lat="48.972179" lon="15.391429">
				<ele>538.000000</ele>
			</trkpt>
			<trkpt lat="48.972208" lon="15.391222">
				<ele>537.000000</ele>
			</trkpt>
			<trkpt lat="48.972225" lon="15.391042">
				<ele>536.000000</ele>
			</trkpt>
			<trkpt lat="48.972220" lon="15.390459">
				<ele>531.000000</ele>
			</trkpt>
			<trkpt lat="48.972232" lon="15.390171">
				<ele>530.000000</ele>
			</trkpt>
			<trkpt lat="48.972255" lon="15.389955">
				<ele>530.000000</ele>
			</trkpt>
			<trkpt lat="48.972273" lon="15.389857">
				<ele>530.000000</ele>
			</trkpt>
			<trkpt lat="48.972297" lon="15.389794">
				<ele>530.000000</ele>
			</trkpt>
			<trkpt lat="48.972320" lon="15.389740">
				<ele>530.000000</ele>
			</trkpt>
			<trkpt lat="48.972356" lon="15.389695">
				<ele>530.000000</ele>
			</trkpt>
			<trkpt lat="48.972455" lon="15.389641">
				<ele>530.000000</ele>
			</trkpt>
			<trkpt lat="48.972509" lon="15.389632">
				<ele>530.000000</ele>
			</trkpt>
			<trkpt lat="48.972544" lon="15.389641">
				<ele>530.000000</ele>
			</trkpt>
			<trkpt lat="48.972592" lon="15.389658">
				<ele>530.000000</ele>
			</trkpt>
			<trkpt lat="48.972626" lon="15.389687">
				<ele>530.000000</ele>
			</trkpt>
			<trkpt lat="48.972674" lon="15.389721">
				<ele>530.000000</ele>
			</trkpt>
			<trkpt lat="48.972715" lon="15.389776">
				<ele>530.000000</ele>
			</trkpt>
			<trkpt lat="48.972768" lon="15.389874">
				<ele>530.000000</ele>
			</trkpt>
			<trkpt lat="48.972822" lon="15.389955">
				<ele>530.000000</ele>
			</trkpt>
			<trkpt lat="48.973004" lon="15.390134">
				<ele>530.000000</ele>
			</trkpt>
			<trkpt lat="48.973145" lon="15.390261">
				<ele>530.000000</ele>
			</trkpt>
			<trkpt lat="48.973211" lon="15.390306">
				<ele>530.000000</ele>
			</trkpt>
			<trkpt lat="48.973252" lon="15.390314">
				<ele>530.000000</ele>
			</trkpt>
			<trkpt lat="48.973310" lon="15.390314">
				<ele>530.000000</ele>
			</trkpt>
			<trkpt lat="48.973352" lon="15.390306">
				<ele>530.000000</ele>
			</trkpt>
			<trkpt lat="48.973399" lon="15.390261">
				<ele>530.000000</ele>
			</trkpt>
			<trkpt lat="48.973434" lon="15.390224">
				<ele>530.000000</ele>
			</trkpt>
			<trkpt lat="48.973506" lon="15.390100">
				<ele>530.000000</ele>
			</trkpt>
			<trkpt lat="48.973641" lon="15.389857">
				<ele>530.000000</ele>
			</trkpt>
			<trkpt lat="48.974266" lon="15.388859">
				<ele>532.000000</ele>
			</trkpt>
			<trkpt lat="48.974331" lon="15.388769">
				<ele>532.000000</ele>
			</trkpt>
			<trkpt lat="48.974348" lon="15.388742">
				<ele>532.000000</ele>
			</trkpt>
			<trkpt lat="48.974378" lon="15.388725">
				<ele>532.000000</ele>
			</trkpt>
			<trkpt lat="48.974401" lon="15.388725">
				<ele>532.000000</ele>
			</trkpt>
			<trkpt lat="48.974420" lon="15.388752">
				<ele>532.000000</ele>
			</trkpt>
			<trkpt lat="48.974538" lon="15.389111">
				<ele>533.000000</ele>
			</trkpt>
			<trkpt lat="48.974631" lon="15.389327">
				<ele>533.000000</ele>
			</trkpt>
			<trkpt lat="48.974714" lon="15.389471">
				<ele>534.000000</ele>
			</trkpt>
			<trkpt lat="48.974796" lon="15.389587">
				<ele>534.000000</ele>
			</trkpt>
			<trkpt lat="48.974903" lon="15.389704">
				<ele>534.000000</ele>
			</trkpt>
			<trkpt lat="48.975657" lon="15.390404">
				<ele>534.000000</ele>
			</trkpt>
			<trkpt lat="48.976247" lon="15.390943">
				<ele>531.000000</ele>
			</trkpt>
			<trkpt lat="48.976448" lon="15.391123">
				<ele>530.000000</ele>
			</trkpt>
			<trkpt lat="48.976577" lon="15.391213">
				<ele>529.000000</ele>
			</trkpt>
			<trkpt lat="48.976731" lon="15.391312">
				<ele>528.000000</ele>
			</trkpt>
			<trkpt lat="48.976902" lon="15.391411">
				<ele>527.000000</ele>
			</trkpt>
			<trkpt lat="48.977137" lon="15.391545">
				<ele>526.000000</ele>
			</trkpt>
			<trkpt lat="48.977350" lon="15.391716">
				<ele>524.000000</ele>
			</trkpt>
			<trkpt lat="48.977538" lon="15.391869">
				<ele>523.000000</ele>
			</trkpt>
			<trkpt lat="48.977951" lon="15.392237">
				<ele>521.000000</ele>
			</trkpt>
			<trkpt lat="48.978346" lon="15.392597">
				<ele>518.000000</ele>
			</trkpt>
			<trkpt lat="48.978564" lon="15.392767">
				<ele>517.000000</ele>
			</trkpt>
			<trkpt lat="48.978676" lon="15.392830">
				<ele>516.000000</ele>
			</trkpt>
			<trkpt lat="48.978794" lon="15.392884">
				<ele>516.000000</ele>
			</trkpt>
			<trkpt lat="48.978912" lon="15.392929">
				<ele>515.000000</ele>
			</trkpt>
			<trkpt lat="48.979048" lon="15.392956">
				<ele>514.000000</ele>
			</trkpt>
			<trkpt lat="48.979266" lon="15.393019">
				<ele>513.000000</ele>
			</trkpt>
			<trkpt lat="48.979632" lon="15.393153">
				<ele>512.000000</ele>
			</trkpt>
			<trkpt lat="48.980321" lon="15.393405">
				<ele>510.000000</ele>
			</trkpt>
			<trkpt lat="48.980693" lon="15.393522">
				<ele>510.000000</ele>
			</trkpt>
			<trkpt lat="48.980829" lon="15.393558">
				<ele>510.000000</ele>
			</trkpt>
			<trkpt lat="48.980964" lon="15.393656">
				<ele>509.000000</ele>
			</trkpt>
			<trkpt lat="48.981041" lon="15.393710">
				<ele>509.000000</ele>
			</trkpt>
			<trkpt lat="48.981123" lon="15.393755">
				<ele>509.000000</ele>
			</trkpt>
			<trkpt lat="48.981212" lon="15.393765">
				<ele>509.000000</ele>
			</trkpt>
			<trkpt lat="48.981300" lon="15.393782">
				<ele>509.000000</ele>
			</trkpt>
			<trkpt lat="48.981395" lon="15.393800">
				<ele>509.000000</ele>
			</trkpt>
			<trkpt lat="48.981471" lon="15.393855">
				<ele>509.000000</ele>
			</trkpt>
			<trkpt lat="48.981554" lon="15.393953">
				<ele>509.000000</ele>
			</trkpt>
			<trkpt lat="48.981636" lon="15.394096">
				<ele>509.000000</ele>
			</trkpt>
			<trkpt lat="48.981771" lon="15.394096">
				<ele>509.000000</ele>
			</trkpt>
			<trkpt lat="48.981883" lon="15.394132">
				<ele>509.000000</ele>
			</trkpt>
			<trkpt lat="48.983764" lon="15.394797">
				<ele>508.000000</ele>
			</trkpt>
			<trkpt lat="48.984041" lon="15.394869">
				<ele>508.000000</ele>
			</trkpt>
			<trkpt lat="48.984218" lon="15.394232">
				<ele>509.000000</ele>
			</trkpt>
			<trkpt lat="48.984360" lon="15.393639">
				<ele>511.000000</ele>
			</trkpt>
			<trkpt lat="48.984489" lon="15.393109">
				<ele>512.000000</ele>
			</trkpt>
			<trkpt lat="48.984625" lon="15.392426">
				<ele>514.000000</ele>
			</trkpt>
			<trkpt lat="48.984725" lon="15.391869">
				<ele>516.000000</ele>
			</trkpt>
			<trkpt lat="48.984784" lon="15.391572">
				<ele>517.000000</ele>
			</trkpt>
			<trkpt lat="48.984808" lon="15.391258">
				<ele>519.000000</ele>
			</trkpt>
			<trkpt lat="48.984837" lon="15.390872">
				<ele>520.000000</ele>
			</trkpt>
			<trkpt lat="48.984967" lon="15.387431">
				<ele>537.000000</ele>
			</trkpt>
			<trkpt lat="48.984985" lon="15.387008">
				<ele>538.000000</ele>
			</trkpt>
			<trkpt lat="48.985008" lon="15.386704">
				<ele>539.000000</ele>
			</trkpt>
			<trkpt lat="48.985044" lon="15.386442">
				<ele>540.000000</ele>
			</trkpt>
			<trkpt lat="48.985097" lon="15.386182">
				<ele>541.000000</ele>
			</trkpt>
			<trkpt lat="48.985221" lon="15.385670">
				<ele>542.000000</ele>
			</trkpt>
			<trkpt lat="48.985221" lon="15.385670">
				<ele>542.000000</ele>
			</trkpt>
			<trkpt lat="48.985362" lon="15.385069">
				<ele>543.000000</ele>
			</trkpt>
			<trkpt lat="48.985433" lon="15.384754">
				<ele>543.000000</ele>
			</trkpt>
			<trkpt lat="48.985480" lon="15.384494">
				<ele>544.000000</ele>
			</trkpt>
			<trkpt lat="48.985509" lon="15.384197">
				<ele>544.000000</ele>
			</trkpt>
			<trkpt lat="48.985574" lon="15.383029">
				<ele>545.000000</ele>
			</trkpt>
			<trkpt lat="48.985598" lon="15.382706">
				<ele>545.000000</ele>
			</trkpt>
			<trkpt lat="48.985598" lon="15.382500">
				<ele>545.000000</ele>
			</trkpt>
			<trkpt lat="48.985580" lon="15.382284">
				<ele>545.000000</ele>
			</trkpt>
			<trkpt lat="48.985545" lon="15.382033">
				<ele>545.000000</ele>
			</trkpt>
			<trkpt lat="48.985403" lon="15.381251">
				<ele>545.000000</ele>
			</trkpt>
			<trkpt lat="48.985368" lon="15.381035">
				<ele>545.000000</ele>
			</trkpt>
			<trkpt lat="48.985350" lon="15.380829">
				<ele>545.000000</ele>
			</trkpt>
			<trkpt lat="48.985350" lon="15.380595">
				<ele>545.000000</ele>
			</trkpt>
			<trkpt lat="48.985368" lon="15.380335">
				<ele>545.000000</ele>
			</trkpt>
			<trkpt lat="48.985397" lon="15.379930">
				<ele>545.000000</ele>
			</trkpt>
			<trkpt lat="48.985427" lon="15.379534">
				<ele>545.000000</ele>
			</trkpt>
			<trkpt lat="48.985456" lon="15.379247">
				<ele>545.000000</ele>
			</trkpt>
			<trkpt lat="48.985492" lon="15.378968">
				<ele>545.000000</ele>
			</trkpt>
			<trkpt lat="48.985539" lon="15.378672">
				<ele>545.000000</ele>
			</trkpt>
			<trkpt lat="48.985698" lon="15.377855">
				<ele>545.000000</ele>
			</trkpt>
			<trkpt lat="48.985840" lon="15.377173">
				<ele>545.000000</ele>
			</trkpt>
			<trkpt lat="48.985940" lon="15.376777">
				<ele>545.000000</ele>
			</trkpt>
			<trkpt lat="48.986028" lon="15.376408">
				<ele>545.000000</ele>
			</trkpt>
			<trkpt lat="48.986146" lon="15.376041">
				<ele>545.000000</ele>
			</trkpt>
			<trkpt lat="48.986282" lon="15.375628">
				<ele>545.000000</ele>
			</trkpt>
			<trkpt lat="48.986736" lon="15.374307">
				<ele>545.000000</ele>
			</trkpt>
			<trkpt lat="48.987131" lon="15.373228">
				<ele>545.000000</ele>
			</trkpt>
			<trkpt lat="48.987219" lon="15.373013">
				<ele>545.000000</ele>
			</trkpt>
			<trkpt lat="48.987325" lon="15.372806">
				<ele>545.000000</ele>
			</trkpt>
			<trkpt lat="48.987460" lon="15.372618">
				<ele>545.000000</ele>
			</trkpt>
			<trkpt lat="48.987643" lon="15.372412">
				<ele>545.000000</ele>
			</trkpt>
			<trkpt lat="48.988186" lon="15.371854">
				<ele>545.000000</ele>
			</trkpt>
			<trkpt lat="48.988410" lon="15.371584">
				<ele>545.000000</ele>
			</trkpt>
			<trkpt lat="48.988528" lon="15.371423">
				<ele>545.000000</ele>
			</trkpt>
			<trkpt lat="48.988640" lon="15.371244">
				<ele>545.000000</ele>
			</trkpt>
			<trkpt lat="48.988734" lon="15.371055">
				<ele>545.000000</ele>
			</trkpt>
			<trkpt lat="48.988834" lon="15.370848">
				<ele>545.000000</ele>
			</trkpt>
			<trkpt lat="48.989341" lon="15.369716">
				<ele>548.000000</ele>
			</trkpt>
			<trkpt lat="48.989459" lon="15.369492">
				<ele>548.000000</ele>
			</trkpt>
			<trkpt lat="48.989577" lon="15.369259">
				<ele>549.000000</ele>
			</trkpt>
			<trkpt lat="48.989713" lon="15.369043">
				<ele>550.000000</ele>
			</trkpt>
			<trkpt lat="48.989842" lon="15.368844">
				<ele>551.000000</ele>
			</trkpt>
			<trkpt lat="48.989842" lon="15.368844">
				<ele>554.000000</ele>
			</trkpt>
			<trkpt lat="48.989842" lon="15.368844">
				<ele>554.000000</ele>
			</trkpt>
			<trkpt lat="48.990337" lon="15.368154">
				<ele>554.000000</ele>
			</trkpt>
			<trkpt lat="48.990585" lon="15.367812">
				<ele>555.000000</ele>
			</trkpt>
			<trkpt lat="48.990827" lon="15.367515">
				<ele>555.000000</ele>
			</trkpt>
			<trkpt lat="48.991068" lon="15.367228">
				<ele>555.000000</ele>
			</trkpt>
			<trkpt lat="48.991357" lon="15.366932">
				<ele>555.000000</ele>
			</trkpt>
			<trkpt lat="48.992748" lon="15.365567">
				<ele>551.000000</ele>
			</trkpt>
			<trkpt lat="48.991463" lon="15.359835">
				<ele>510.000000</ele>
			</trkpt>
			<trkpt lat="48.991617" lon="15.359485">
				<ele>510.000000</ele>
			</trkpt>
			<trkpt lat="48.991722" lon="15.359296">
				<ele>510.000000</ele>
			</trkpt>
			<trkpt lat="48.991840" lon="15.359170">
				<ele>510.000000</ele>
			</trkpt>
			<trkpt lat="48.991952" lon="15.359080">
				<ele>510.000000</ele>
			</trkpt>
			<trkpt lat="48.992259" lon="15.358865">
				<ele>510.000000</ele>
			</trkpt>
			<trkpt lat="48.992571" lon="15.358586">
				<ele>510.000000</ele>
			</trkpt>
			<trkpt lat="48.992907" lon="15.358263">
				<ele>510.000000</ele>
			</trkpt>
			<trkpt lat="48.993249" lon="15.357913">
				<ele>510.000000</ele>
			</trkpt>
			<trkpt lat="48.993432" lon="15.357751">
				<ele>510.000000</ele>
			</trkpt>
			<trkpt lat="48.993626" lon="15.357391">
				<ele>510.000000</ele>
			</trkpt>
			<trkpt lat="48.993892" lon="15.356988">
				<ele>510.000000</ele>
			</trkpt>
			<trkpt lat="48.994092" lon="15.356699">
				<ele>510.000000</ele>
			</trkpt>
			<trkpt lat="48.994304" lon="15.356403">
				<ele>510.000000</ele>
			</trkpt>
			<trkpt lat="48.994434" lon="15.356269">
				<ele>510.000000</ele>
			</trkpt>
			<trkpt lat="48.994558" lon="15.356170">
				<ele>511.000000</ele>
			</trkpt>
			<trkpt lat="48.994705" lon="15.356080">
				<ele>512.000000</ele>
			</trkpt>
			<trkpt lat="48.994994" lon="15.355946">
				<ele>513.000000</ele>
			</trkpt>
			<trkpt lat="48.995124" lon="15.355873">
				<ele>514.000000</ele>
			</trkpt>
			<trkpt lat="48.995253" lon="15.355774">
				<ele>515.000000</ele>
			</trkpt>
			<trkpt lat="48.995360" lon="15.355684">
				<ele>515.000000</ele>
			</trkpt>
			<trkpt lat="48.995489" lon="15.355550">
				<ele>515.000000</ele>
			</trkpt>
			<trkpt lat="48.995666" lon="15.355290">
				<ele>515.000000</ele>
			</trkpt>
			<trkpt lat="48.995848" lon="15.354975">
				<ele>515.000000</ele>
			</trkpt>
			<trkpt lat="48.995760" lon="15.354904">
				<ele>515.000000</ele>
			</trkpt>
			<trkpt lat="48.995677" lon="15.354795">
				<ele>514.000000</ele>
			</trkpt>
			<trkpt lat="48.995636" lon="15.354732">
				<ele>514.000000</ele>
			</trkpt>
			<trkpt lat="48.995607" lon="15.354669">
				<ele>514.000000</ele>
			</trkpt>
			<trkpt lat="48.995595" lon="15.354607">
				<ele>514.000000</ele>
			</trkpt>
			<trkpt lat="48.995589" lon="15.354535">
				<ele>514.000000</ele>
			</trkpt>
			<trkpt lat="48.995607" lon="15.354301">
				<ele>513.000000</ele>
			</trkpt>
			<trkpt lat="48.995624" lon="15.354032">
				<ele>513.000000</ele>
			</trkpt>
			<trkpt lat="48.995654" lon="15.353799">
				<ele>512.000000</ele>
			</trkpt>
			<trkpt lat="48.995730" lon="15.353359">
				<ele>512.000000</ele>
			</trkpt>
			<trkpt lat="48.995772" lon="15.353187">
				<ele>512.000000</ele>
			</trkpt>
			<trkpt lat="48.995825" lon="15.352980">
				<ele>513.000000</ele>
			</trkpt>
			<trkpt lat="48.995884" lon="15.352820">
				<ele>513.000000</ele>
			</trkpt>
			<trkpt lat="48.995954" lon="15.352640">
				<ele>513.000000</ele>
			</trkpt>
			<trkpt lat="48.996125" lon="15.352288">
				<ele>514.000000</ele>
			</trkpt>
			<trkpt lat="48.996414" lon="15.351714">
				<ele>515.000000</ele>
			</trkpt>
			<trkpt lat="48.996226" lon="15.351508">
				<ele>515.000000</ele>
			</trkpt>
			<trkpt lat="48.996096" lon="15.351283">
				<ele>515.000000</ele>
			</trkpt>
			<trkpt lat="48.996043" lon="15.351220">
				<ele>515.000000</ele>
			</trkpt>
			<trkpt lat="48.995996" lon="15.351139">
				<ele>515.000000</ele>
			</trkpt>
			<trkpt lat="48.995943" lon="15.351022">
				<ele>515.000000</ele>
			</trkpt>
			<trkpt lat="48.995907" lon="15.350933">
				<ele>515.000000</ele>
			</trkpt>
			<trkpt lat="48.995878" lon="15.350825">
				<ele>515.000000</ele>
			</trkpt>
			<trkpt lat="48.995860" lon="15.350672">
				<ele>515.000000</ele>
			</trkpt>
			<trkpt lat="48.995842" lon="15.350196">
				<ele>515.000000</ele>
			</trkpt>
			<trkpt lat="48.995831" lon="15.349818">
				<ele>515.000000</ele>
			</trkpt>
			<trkpt lat="48.995801" lon="15.349504">
				<ele>515.000000</ele>
			</trkpt>
			<trkpt lat="48.995766" lon="15.349244">
				<ele>515.000000</ele>
			</trkpt>
			<trkpt lat="48.995713" lon="15.348975">
				<ele>515.000000</ele>
			</trkpt>
			<trkpt lat="48.995671" lon="15.348768">
				<ele>515.000000</ele>
			</trkpt>
			<trkpt lat="48.995643" lon="15.348579">
				<ele>516.000000</ele>
			</trkpt>
			<trkpt lat="48.995618" lon="15.348426">
				<ele>516.000000</ele>
			</trkpt>
			<trkpt lat="48.995571" lon="15.348399">
				<ele>516.000000</ele>
			</trkpt>
			<trkpt lat="48.995548" lon="15.348372">
				<ele>516.000000</ele>
			</trkpt>
			<trkpt lat="48.995524" lon="15.348300">
				<ele>516.000000</ele>
			</trkpt>
			<trkpt lat="48.995531" lon="15.348246">
				<ele>517.000000</ele>
			</trkpt>
			<trkpt lat="48.995548" lon="15.348183">
				<ele>517.000000</ele>
			</trkpt>
			<trkpt lat="48.995565" lon="15.348139">
				<ele>517.000000</ele>
			</trkpt>
			<trkpt lat="48.995607" lon="15.348112">
				<ele>517.000000</ele>
			</trkpt>
			<trkpt lat="48.995643" lon="15.348112">
				<ele>517.000000</ele>
			</trkpt>
			<trkpt lat="48.995707" lon="15.347564">
				<ele>518.000000</ele>
			</trkpt>
			<trkpt lat="48.995748" lon="15.347375">
				<ele>518.000000</ele>
			</trkpt>
			<trkpt lat="48.995783" lon="15.347223">
				<ele>518.000000</ele>
			</trkpt>
			<trkpt lat="48.996037" lon="15.346351">
				<ele>520.000000</ele>
			</trkpt>
			<trkpt lat="48.996108" lon="15.346342">
				<ele>520.000000</ele>
			</trkpt>
			<trkpt lat="48.996243" lon="15.346162">
				<ele>520.000000</ele>
			</trkpt>
			<trkpt lat="48.996780" lon="15.345453">
				<ele>520.000000</ele>
			</trkpt>
			<trkpt lat="48.997027" lon="15.345156">
				<ele>520.000000</ele>
			</trkpt>
			<trkpt lat="48.997823" lon="15.344124">
				<ele>520.000000</ele>
			</trkpt>
			<trkpt lat="48.998683" lon="15.343009">
				<ele>520.000000</ele>
			</trkpt>
			<trkpt lat="48.998766" lon="15.342910">
				<ele>520.000000</ele>
			</trkpt>
			<trkpt lat="48.998789" lon="15.342875">
				<ele>520.000000</ele>
			</trkpt>
			<trkpt lat="48.998801" lon="15.342812">
				<ele>520.000000</ele>
			</trkpt>
			<trkpt lat="48.998819" lon="15.342669">
				<ele>520.000000</ele>
			</trkpt>
			<trkpt lat="48.998848" lon="15.342596">
				<ele>520.000000</ele>
			</trkpt>
			<trkpt lat="48.998890" lon="15.342560">
				<ele>520.000000</ele>
			</trkpt>
			<trkpt lat="48.999125" lon="15.342461">
				<ele>520.000000</ele>
			</trkpt>
			<trkpt lat="48.999208" lon="15.342407">
				<ele>520.000000</ele>
			</trkpt>
			<trkpt lat="48.999261" lon="15.342354">
				<ele>520.000000</ele>
			</trkpt>
			<trkpt lat="48.999308" lon="15.342281">
				<ele>520.000000</ele>
			</trkpt>
			<trkpt lat="48.999349" lon="15.342201">
				<ele>520.000000</ele>
			</trkpt>
			<trkpt lat="48.999497" lon="15.341904">
				<ele>520.000000</ele>
			</trkpt>
			<trkpt lat="48.999597" lon="15.341715">
				<ele>521.000000</ele>
			</trkpt>
			<trkpt lat="48.999732" lon="15.341564">
				<ele>522.000000</ele>
			</trkpt>
			<trkpt lat="48.999791" lon="15.341474">
				<ele>522.000000</ele>
			</trkpt>
			<trkpt lat="48.999850" lon="15.341267">
				<ele>523.000000</ele>
			</trkpt>
			<trkpt lat="48.999868" lon="15.341088">
				<ele>523.000000</ele>
			</trkpt>
			<trkpt lat="48.999886" lon="15.340979">
				<ele>524.000000</ele>
			</trkpt>
			<trkpt lat="48.999903" lon="15.340898">
				<ele>524.000000</ele>
			</trkpt>
			<trkpt lat="48.999939" lon="15.340791">
				<ele>524.000000</ele>
			</trkpt>
			<trkpt lat="48.999992" lon="15.340692">
				<ele>525.000000</ele>
			</trkpt>
			<trkpt lat="49.000239" lon="15.340216">
				<ele>526.000000</ele>
			</trkpt>
			<trkpt lat="49.000446" lon="15.339749">
				<ele>528.000000</ele>
			</trkpt>
			<trkpt lat="49.000511" lon="15.339533">
				<ele>529.000000</ele>
			</trkpt>
			<trkpt lat="49.000646" lon="15.339174">
				<ele>530.000000</ele>
			</trkpt>
			<trkpt lat="49.000717" lon="15.338949">
				<ele>532.000000</ele>
			</trkpt>
			<trkpt lat="49.000782" lon="15.338715">
				<ele>533.000000</ele>
			</trkpt>
			<trkpt lat="49.000829" lon="15.338499">
				<ele>535.000000</ele>
			</trkpt>
			<trkpt lat="49.000864" lon="15.338248">
				<ele>536.000000</ele>
			</trkpt>
			<trkpt lat="49.001012" lon="15.337143">
				<ele>540.000000</ele>
			</trkpt>
			<trkpt lat="49.001046" lon="15.336775">
				<ele>542.000000</ele>
			</trkpt>
			<trkpt lat="49.001070" lon="15.336407">
				<ele>543.000000</ele>
			</trkpt>
			<trkpt lat="49.001059" lon="15.335788">
				<ele>546.000000</ele>
			</trkpt>
			<trkpt lat="49.001070" lon="15.335679">
				<ele>547.000000</ele>
			</trkpt>
			<trkpt lat="49.001082" lon="15.335526">
				<ele>548.000000</ele>
			</trkpt>
			<trkpt lat="49.001082" lon="15.335356">
				<ele>548.000000</ele>
			</trkpt>
			<trkpt lat="49.001017" lon="15.334682">
				<ele>553.000000</ele>
			</trkpt>
			<trkpt lat="49.001000" lon="15.334449">
				<ele>554.000000</ele>
			</trkpt>
			<trkpt lat="49.000976" lon="15.333927">
				<ele>557.000000</ele>
			</trkpt>
			<trkpt lat="49.000976" lon="15.333640">
				<ele>559.000000</ele>
			</trkpt>
			<trkpt lat="49.000994" lon="15.333344">
				<ele>560.000000</ele>
			</trkpt>
			<trkpt lat="49.001053" lon="15.333038">
				<ele>562.000000</ele>
			</trkpt>
			<trkpt lat="49.001171" lon="15.332509">
				<ele>564.000000</ele>
			</trkpt>
			<trkpt lat="49.001194" lon="15.332346">
				<ele>565.000000</ele>
			</trkpt>
			<trkpt lat="49.001206" lon="15.332212">
				<ele>566.000000</ele>
			</trkpt>
			<trkpt lat="49.001270" lon="15.331430">
				<ele>569.000000</ele>
			</trkpt>
			<trkpt lat="49.001382" lon="15.330442">
				<ele>575.000000</ele>
			</trkpt>
			<trkpt lat="49.001412" lon="15.330245">
				<ele>575.000000</ele>
			</trkpt>
			<trkpt lat="49.001465" lon="15.329939">
				<ele>575.000000</ele>
			</trkpt>
			<trkpt lat="49.001500" lon="15.329777">
				<ele>575.000000</ele>
			</trkpt>
			<trkpt lat="49.001536" lon="15.329669">
				<ele>575.000000</ele>
			</trkpt>
			<trkpt lat="49.001589" lon="15.329589">
				<ele>575.000000</ele>
			</trkpt>
			<trkpt lat="49.001742" lon="15.329329">
				<ele>575.000000</ele>
			</trkpt>
			<trkpt lat="49.002013" lon="15.329004">
				<ele>578.000000</ele>
			</trkpt>
			<trkpt lat="49.002213" lon="15.328717">
				<ele>580.000000</ele>
			</trkpt>
			<trkpt lat="49.002414" lon="15.328403">
				<ele>580.000000</ele>
			</trkpt>
			<trkpt lat="49.002638" lon="15.327989">
				<ele>580.000000</ele>
			</trkpt>
			<trkpt lat="49.002809" lon="15.327666">
				<ele>580.000000</ele>
			</trkpt>
			<trkpt lat="49.002956" lon="15.327432">
				<ele>580.000000</ele>
			</trkpt>
			<trkpt lat="49.003109" lon="15.327208">
				<ele>580.000000</ele>
			</trkpt>
			<trkpt lat="49.003292" lon="15.326867">
				<ele>580.000000</ele>
			</trkpt>
			<trkpt lat="49.003392" lon="15.326669">
				<ele>580.000000</ele>
			</trkpt>
			<trkpt lat="49.003652" lon="15.326166">
				<ele>580.000000</ele>
			</trkpt>
			<trkpt lat="49.003840" lon="15.325761">
				<ele>580.000000</ele>
			</trkpt>
			<trkpt lat="49.004017" lon="15.325348">
				<ele>580.000000</ele>
			</trkpt>
			<trkpt lat="49.004070" lon="15.325195">
				<ele>580.000000</ele>
			</trkpt>
			<trkpt lat="49.004135" lon="15.325008">
				<ele>580.000000</ele>
			</trkpt>
			<trkpt lat="49.004188" lon="15.324828">
				<ele>580.000000</ele>
			</trkpt>
			<trkpt lat="49.004252" lon="15.324666">
				<ele>579.000000</ele>
			</trkpt>
			<trkpt lat="49.004323" lon="15.324505">
				<ele>578.000000</ele>
			</trkpt>
			<trkpt lat="49.004394" lon="15.324369">
				<ele>578.000000</ele>
			</trkpt>
			<trkpt lat="49.004465" lon="15.324235">
				<ele>577.000000</ele>
			</trkpt>
			<trkpt lat="49.004559" lon="15.324100">
				<ele>576.000000</ele>
			</trkpt>
			<trkpt lat="49.004647" lon="15.323974">
				<ele>575.000000</ele>
			</trkpt>
			<trkpt lat="49.004753" lon="15.323849">
				<ele>574.000000</ele>
			</trkpt>
			<trkpt lat="49.004830" lon="15.323759">
				<ele>573.000000</ele>
			</trkpt>
			<trkpt lat="49.004907" lon="15.323633">
				<ele>572.000000</ele>
			</trkpt>
			<trkpt lat="49.004983" lon="15.323507">
				<ele>571.000000</ele>
			</trkpt>
			<trkpt lat="49.005042" lon="15.323373">
				<ele>569.000000</ele>
			</trkpt>
			<trkpt lat="49.005160" lon="15.323103">
				<ele>567.000000</ele>
			</trkpt>
			<trkpt lat="49.005225" lon="15.322914">
				<ele>566.000000</ele>
			</trkpt>
			<trkpt lat="49.005272" lon="15.322717">
				<ele>564.000000</ele>
			</trkpt>
			<trkpt lat="49.005302" lon="15.322501">
				<ele>562.000000</ele>
			</trkpt>
			<trkpt lat="49.005325" lon="15.322268">
				<ele>560.000000</ele>
			</trkpt>
			<trkpt lat="49.005390" lon="15.321998">
				<ele>560.000000</ele>
			</trkpt>
			<trkpt lat="49.005419" lon="15.321872">
				<ele>560.000000</ele>
			</trkpt>
			<trkpt lat="49.005443" lon="15.321773">
				<ele>560.000000</ele>
			</trkpt>
			<trkpt lat="49.005484" lon="15.321710">
				<ele>560.000000</ele>
			</trkpt>
			<trkpt lat="49.005520" lon="15.321666">
				<ele>560.000000</ele>
			</trkpt>
			<trkpt lat="49.005561" lon="15.321629">
				<ele>560.000000</ele>
			</trkpt>
			<trkpt lat="49.005620" lon="15.321603">
				<ele>560.000000</ele>
			</trkpt>
			<trkpt lat="49.005691" lon="15.321585">
				<ele>560.000000</ele>
			</trkpt>
			<trkpt lat="49.005791" lon="15.321585">
				<ele>560.000000</ele>
			</trkpt>
			<trkpt lat="49.005885" lon="15.321576">
				<ele>560.000000</ele>
			</trkpt>
			<trkpt lat="49.005962" lon="15.321557">
				<ele>560.000000</ele>
			</trkpt>
			<trkpt lat="49.006050" lon="15.321522">
				<ele>560.000000</ele>
			</trkpt>
			<trkpt lat="49.006115" lon="15.321450">
				<ele>560.000000</ele>
			</trkpt>
			<trkpt lat="49.006174" lon="15.321387">
				<ele>560.000000</ele>
			</trkpt>
			<trkpt lat="49.006239" lon="15.321289">
				<ele>560.000000</ele>
			</trkpt>
			<trkpt lat="49.006292" lon="15.321180">
				<ele>561.000000</ele>
			</trkpt>
			<trkpt lat="49.006357" lon="15.321019">
				<ele>561.000000</ele>
			</trkpt>
			<trkpt lat="49.006621" lon="15.320372">
				<ele>562.000000</ele>
			</trkpt>
			<trkpt lat="49.006716" lon="15.320075">
				<ele>562.000000</ele>
			</trkpt>
			<trkpt lat="49.006845" lon="15.319725">
				<ele>563.000000</ele>
			</trkpt>
			<trkpt lat="49.006945" lon="15.319473">
				<ele>563.000000</ele>
			</trkpt>
			<trkpt lat="49.007352" lon="15.318656">
				<ele>565.000000</ele>
			</trkpt>
			<trkpt lat="49.007535" lon="15.318306">
				<ele>565.000000</ele>
			</trkpt>
			<trkpt lat="49.007883" lon="15.317748">
				<ele>565.000000</ele>
			</trkpt>
			<trkpt lat="49.007995" lon="15.317551">
				<ele>565.000000</ele>
			</trkpt>
			<trkpt lat="49.008042" lon="15.317471">
				<ele>565.000000</ele>
			</trkpt>
			<trkpt lat="49.008065" lon="15.317381">
				<ele>565.000000</ele>
			</trkpt>
			<trkpt lat="49.008177" lon="15.317012">
				<ele>565.000000</ele>
			</trkpt>
			<trkpt lat="49.008201" lon="15.316922">
				<ele>565.000000</ele>
			</trkpt>
			<trkpt lat="49.008248" lon="15.316832">
				<ele>565.000000</ele>
			</trkpt>
			<trkpt lat="49.008283" lon="15.316788">
				<ele>565.000000</ele>
			</trkpt>
			<trkpt lat="49.008336" lon="15.316752">
				<ele>565.000000</ele>
			</trkpt>
			<trkpt lat="49.008560" lon="15.316653">
				<ele>565.000000</ele>
			</trkpt>
			<trkpt lat="49.008761" lon="15.316536">
				<ele>565.000000</ele>
			</trkpt>
			<trkpt lat="49.008866" lon="15.316456">
				<ele>565.000000</ele>
			</trkpt>
			<trkpt lat="49.009103" lon="15.316230">
				<ele>565.000000</ele>
			</trkpt>
			<trkpt lat="49.009267" lon="15.316114">
				<ele>565.000000</ele>
			</trkpt>
			<trkpt lat="49.009444" lon="15.316006">
				<ele>565.000000</ele>
			</trkpt>
			<trkpt lat="49.009597" lon="15.315871">
				<ele>565.000000</ele>
			</trkpt>
			<trkpt lat="49.009762" lon="15.315710">
				<ele>565.000000</ele>
			</trkpt>
			<trkpt lat="49.009998" lon="15.315431">
				<ele>565.000000</ele>
			</trkpt>
			<trkpt lat="49.010357" lon="15.315000">
				<ele>565.000000</ele>
			</trkpt>
			<trkpt lat="49.010593" lon="15.314731">
				<ele>565.000000</ele>
			</trkpt>
			<trkpt lat="49.010829" lon="15.314479">
				<ele>565.000000</ele>
			</trkpt>
			<trkpt lat="49.011059" lon="15.314255">
				<ele>565.000000</ele>
			</trkpt>
			<trkpt lat="49.011052" lon="15.314165">
				<ele>565.000000</ele>
			</trkpt>
			<trkpt lat="49.011071" lon="15.314102">
				<ele>565.000000</ele>
			</trkpt>
			<trkpt lat="49.011153" lon="15.313859">
				<ele>565.000000</ele>
			</trkpt>
			<trkpt lat="49.011524" lon="15.312861">
				<ele>566.000000</ele>
			</trkpt>
			<trkpt lat="49.011724" lon="15.312287">
				<ele>567.000000</ele>
			</trkpt>
			<trkpt lat="49.011907" lon="15.311739">
				<ele>567.000000</ele>
			</trkpt>
			<trkpt lat="49.012007" lon="15.311389">
				<ele>567.000000</ele>
			</trkpt>
			<trkpt lat="49.012084" lon="15.311056">
				<ele>568.000000</ele>
			</trkpt>
			<trkpt lat="49.012160" lon="15.310643">
				<ele>568.000000</ele>
			</trkpt>
			<trkpt lat="49.012225" lon="15.310239">
				<ele>568.000000</ele>
			</trkpt>
			<trkpt lat="49.012249" lon="15.309978">
				<ele>569.000000</ele>
			</trkpt>
			<trkpt lat="49.012255" lon="15.309844">
				<ele>569.000000</ele>
			</trkpt>
			<trkpt lat="49.012237" lon="15.309735">
				<ele>569.000000</ele>
			</trkpt>
			<trkpt lat="49.012219" lon="15.309584">
				<ele>569.000000</ele>
			</trkpt>
			<trkpt lat="49.012190" lon="15.309458">
				<ele>569.000000</ele>
			</trkpt>
			<trkpt lat="49.011942" lon="15.308568">
				<ele>570.000000</ele>
			</trkpt>
			<trkpt lat="49.011860" lon="15.308253">
				<ele>570.000000</ele>
			</trkpt>
			<trkpt lat="49.011819" lon="15.308029">
				<ele>570.000000</ele>
			</trkpt>
			<trkpt lat="49.011789" lon="15.307804">
				<ele>571.000000</ele>
			</trkpt>
			<trkpt lat="49.011783" lon="15.307526">
				<ele>571.000000</ele>
			</trkpt>
			<trkpt lat="49.011783" lon="15.307050">
				<ele>572.000000</ele>
			</trkpt>
			<trkpt lat="49.011795" lon="15.306708">
				<ele>572.000000</ele>
			</trkpt>
			<trkpt lat="49.011801" lon="15.306519">
				<ele>572.000000</ele>
			</trkpt>
			<trkpt lat="49.011801" lon="15.306376">
				<ele>572.000000</ele>
			</trkpt>
			<trkpt lat="49.011783" lon="15.306242">
				<ele>572.000000</ele>
			</trkpt>
			<trkpt lat="49.011765" lon="15.306089">
				<ele>573.000000</ele>
			</trkpt>
			<trkpt lat="49.011730" lon="15.305909">
				<ele>573.000000</ele>
			</trkpt>
			<trkpt lat="49.011712" lon="15.305775">
				<ele>573.000000</ele>
			</trkpt>
			<trkpt lat="49.011712" lon="15.305640">
				<ele>573.000000</ele>
			</trkpt>
			<trkpt lat="49.011712" lon="15.305487">
				<ele>573.000000</ele>
			</trkpt>
			<trkpt lat="49.011742" lon="15.305146">
				<ele>574.000000</ele>
			</trkpt>
			<trkpt lat="49.011754" lon="15.305011">
				<ele>574.000000</ele>
			</trkpt>
			<trkpt lat="49.011742" lon="15.304858">
				<ele>574.000000</ele>
			</trkpt>
			<trkpt lat="49.011724" lon="15.304678">
				<ele>574.000000</ele>
			</trkpt>
			<trkpt lat="49.011683" lon="15.304355">
				<ele>574.000000</ele>
			</trkpt>
			<trkpt lat="49.011671" lon="15.304229">
				<ele>575.000000</ele>
			</trkpt>
			<trkpt lat="49.011683" lon="15.304104">
				<ele>575.000000</ele>
			</trkpt>
			<trkpt lat="49.011683" lon="15.303932">
				<ele>575.000000</ele>
			</trkpt>
			<trkpt lat="49.011653" lon="15.303779">
				<ele>575.000000</ele>
			</trkpt>
			<trkpt lat="49.011695" lon="15.303655">
				<ele>575.000000</ele>
			</trkpt>
			<trkpt lat="49.011730" lon="15.303448">
				<ele>575.000000</ele>
			</trkpt>
			<trkpt lat="49.011736" lon="15.303276">
				<ele>575.000000</ele>
			</trkpt>
			<trkpt lat="49.011889" lon="15.303196">
				<ele>575.000000</ele>
			</trkpt>
			<trkpt lat="49.012019" lon="15.303097">
				<ele>575.000000</ele>
			</trkpt>
			<trkpt lat="49.012119" lon="15.302972">
				<ele>575.000000</ele>
			</trkpt>
			<trkpt lat="49.012207" lon="15.302827">
				<ele>575.000000</ele>
			</trkpt>
			<trkpt lat="49.012461" lon="15.302379">
				<ele>576.000000</ele>
			</trkpt>
			<trkpt lat="49.012496" lon="15.301840">
				<ele>577.000000</ele>
			</trkpt>
			<trkpt lat="49.012602" lon="15.300896">
				<ele>580.000000</ele>
			</trkpt>
			<trkpt lat="49.012620" lon="15.300636">
				<ele>580.000000</ele>
			</trkpt>
			<trkpt lat="49.012620" lon="15.300339">
				<ele>581.000000</ele>
			</trkpt>
			<trkpt lat="49.012602" lon="15.300205">
				<ele>582.000000</ele>
			</trkpt>
			<trkpt lat="49.012585" lon="15.300034">
				<ele>582.000000</ele>
			</trkpt>
			<trkpt lat="49.012549" lon="15.299890">
				<ele>583.000000</ele>
			</trkpt>
			<trkpt lat="49.012502" lon="15.299720">
				<ele>584.000000</ele>
			</trkpt>
			<trkpt lat="49.012461" lon="15.299576">
				<ele>584.000000</ele>
			</trkpt>
			<trkpt lat="49.012396" lon="15.299432">
				<ele>585.000000</ele>
			</trkpt>
			<trkpt lat="49.012343" lon="15.299324">
				<ele>585.000000</ele>
			</trkpt>
			<trkpt lat="49.012272" lon="15.299244">
				<ele>586.000000</ele>
			</trkpt>
			<trkpt lat="49.012172" lon="15.299135">
				<ele>587.000000</ele>
			</trkpt>
			<trkpt lat="49.012119" lon="15.299055">
				<ele>588.000000</ele>
			</trkpt>
			<trkpt lat="49.012072" lon="15.298938">
				<ele>589.000000</ele>
			</trkpt>
			<trkpt lat="49.012019" lon="15.298758">
				<ele>590.000000</ele>
			</trkpt>
			<trkpt lat="49.011930" lon="15.298508">
				<ele>590.000000</ele>
			</trkpt>
			<trkpt lat="49.011848" lon="15.298282">
				<ele>591.000000</ele>
			</trkpt>
			<trkpt lat="49.011606" lon="15.297689">
				<ele>591.000000</ele>
			</trkpt>
			<trkpt lat="49.011441" lon="15.297258">
				<ele>592.000000</ele>
			</trkpt>
			<trkpt lat="49.011376" lon="15.297051">
				<ele>592.000000</ele>
			</trkpt>
			<trkpt lat="49.011312" lon="15.296854">
				<ele>593.000000</ele>
			</trkpt>
			<trkpt lat="49.011223" lon="15.296431">
				<ele>593.000000</ele>
			</trkpt>
			<trkpt lat="49.011111" lon="15.295776">
				<ele>594.000000</ele>
			</trkpt>
			<trkpt lat="49.011023" lon="15.295300">
				<ele>594.000000</ele>
			</trkpt>
			<trkpt lat="49.010934" lon="15.294842">
				<ele>595.000000</ele>
			</trkpt>
			<trkpt lat="49.010852" lon="15.294384">
				<ele>596.000000</ele>
			</trkpt>
			<trkpt lat="49.010817" lon="15.294186">
				<ele>597.000000</ele>
			</trkpt>
			<trkpt lat="49.010776" lon="15.294051">
				<ele>597.000000</ele>
			</trkpt>
			<trkpt lat="49.010729" lon="15.293917">
				<ele>598.000000</ele>
			</trkpt>
			<trkpt lat="49.010682" lon="15.293808">
				<ele>598.000000</ele>
			</trkpt>
			<trkpt lat="49.010611" lon="15.293692">
				<ele>599.000000</ele>
			</trkpt>
			<trkpt lat="49.010552" lon="15.293602">
				<ele>599.000000</ele>
			</trkpt>
			<trkpt lat="49.010369" lon="15.293351">
				<ele>600.000000</ele>
			</trkpt>
			<trkpt lat="49.010245" lon="15.293189">
				<ele>601.000000</ele>
			</trkpt>
			<trkpt lat="49.010122" lon="15.292965">
				<ele>602.000000</ele>
			</trkpt>
			<trkpt lat="49.009939" lon="15.292676">
				<ele>603.000000</ele>
			</trkpt>
			<trkpt lat="49.009856" lon="15.292542">
				<ele>603.000000</ele>
			</trkpt>
			<trkpt lat="49.009821" lon="15.292470">
				<ele>604.000000</ele>
			</trkpt>
			<trkpt lat="49.009798" lon="15.292380">
				<ele>604.000000</ele>
			</trkpt>
			<trkpt lat="49.009786" lon="15.292300">
				<ele>604.000000</ele>
			</trkpt>
			<trkpt lat="49.009815" lon="15.292076">
				<ele>605.000000</ele>
			</trkpt>
			<trkpt lat="49.009845" lon="15.291868">
				<ele>606.000000</ele>
			</trkpt>
			<trkpt lat="49.009868" lon="15.291626">
				<ele>607.000000</ele>
			</trkpt>
			<trkpt lat="49.009886" lon="15.291447">
				<ele>608.000000</ele>
			</trkpt>
			<trkpt lat="49.009963" lon="15.291213">
				<ele>609.000000</ele>
			</trkpt>
			<trkpt lat="49.009998" lon="15.291095">
				<ele>610.000000</ele>
			</trkpt>
			<trkpt lat="49.010016" lon="15.290988">
				<ele>610.000000</ele>
			</trkpt>
			<trkpt lat="49.010027" lon="15.290871">
				<ele>611.000000</ele>
			</trkpt>
			<trkpt lat="49.010016" lon="15.290728">
				<ele>612.000000</ele>
			</trkpt>
			<trkpt lat="49.009998" lon="15.290575">
				<ele>614.000000</ele>
			</trkpt>
			<trkpt lat="49.009998" lon="15.290476">
				<ele>614.000000</ele>
			</trkpt>
			<trkpt lat="49.009998" lon="15.290315">
				<ele>615.000000</ele>
			</trkpt>
			<trkpt lat="49.009980" lon="15.290053">
				<ele>617.000000</ele>
			</trkpt>
			<trkpt lat="49.009945" lon="15.289523">
				<ele>620.000000</ele>
			</trkpt>
			<trkpt lat="49.009939" lon="15.289434">
				<ele>621.000000</ele>
			</trkpt>
			<trkpt lat="49.009904" lon="15.289380">
				<ele>622.000000</ele>
			</trkpt>
			<trkpt lat="49.009839" lon="15.289344">
				<ele>622.000000</ele>
			</trkpt>
			<trkpt lat="49.009733" lon="15.289290">
				<ele>624.000000</ele>
			</trkpt>
			<trkpt lat="49.009686" lon="15.289254">
				<ele>624.000000</ele>
			</trkpt>
			<trkpt lat="49.009650" lon="15.289200">
				<ele>625.000000</ele>
			</trkpt>
			<trkpt lat="49.009633" lon="15.289137">
				<ele>625.000000</ele>
			</trkpt>
			<trkpt lat="49.009627" lon="15.289039">
				<ele>625.000000</ele>
			</trkpt>
			<trkpt lat="49.009627" lon="15.288940">
				<ele>625.000000</ele>
			</trkpt>
			<trkpt lat="49.009644" lon="15.288850">
				<ele>625.000000</ele>
			</trkpt>
			<trkpt lat="49.009668" lon="15.288770">
				<ele>625.000000</ele>
			</trkpt>
			<trkpt lat="49.009744" lon="15.288617">
				<ele>625.000000</ele>
			</trkpt>
			<trkpt lat="49.009008" lon="15.288527">
				<ele>625.000000</ele>
			</trkpt>
			<trkpt lat="49.007611" lon="15.288374">
				<ele>618.000000</ele>
			</trkpt>
			<trkpt lat="49.007641" lon="15.288042">
				<ele>618.000000</ele>
			</trkpt>
			<trkpt lat="49.007641" lon="15.287692">
				<ele>617.000000</ele>
			</trkpt>
			<trkpt lat="49.007582" lon="15.285994">
				<ele>615.000000</ele>
			</trkpt>
			<trkpt lat="49.007558" lon="15.285374">
				<ele>615.000000</ele>
			</trkpt>
			<trkpt lat="49.007511" lon="15.284789">
				<ele>614.000000</ele>
			</trkpt>
			<trkpt lat="49.007505" lon="15.284457">
				<ele>614.000000</ele>
			</trkpt>
			<trkpt lat="49.007494" lon="15.284134">
				<ele>614.000000</ele>
			</trkpt>
			<trkpt lat="49.007505" lon="15.283766">
				<ele>614.000000</ele>
			</trkpt>
			<trkpt lat="49.007505" lon="15.283460">
				<ele>614.000000</ele>
			</trkpt>
			<trkpt lat="49.007488" lon="15.283173">
				<ele>614.000000</ele>
			</trkpt>
			<trkpt lat="49.007464" lon="15.282931">
				<ele>613.000000</ele>
			</trkpt>
			<trkpt lat="49.007417" lon="15.282652">
				<ele>613.000000</ele>
			</trkpt>
			<trkpt lat="49.007376" lon="15.282418">
				<ele>613.000000</ele>
			</trkpt>
			<trkpt lat="49.007311" lon="15.282176">
				<ele>613.000000</ele>
			</trkpt>
			<trkpt lat="49.007270" lon="15.281986">
				<ele>613.000000</ele>
			</trkpt>
			<trkpt lat="49.007240" lon="15.281789">
				<ele>613.000000</ele>
			</trkpt>
			<trkpt lat="49.007234" lon="15.281619">
				<ele>613.000000</ele>
			</trkpt>
			<trkpt lat="49.007234" lon="15.281420">
				<ele>613.000000</ele>
			</trkpt>
			<trkpt lat="49.007252" lon="15.281206">
				<ele>613.000000</ele>
			</trkpt>
			<trkpt lat="49.007270" lon="15.281044">
				<ele>613.000000</ele>
			</trkpt>
			<trkpt lat="49.007334" lon="15.280344">
				<ele>612.000000</ele>
			</trkpt>
			<trkpt lat="49.007364" lon="15.280082">
				<ele>612.000000</ele>
			</trkpt>
			<trkpt lat="49.007470" lon="15.279418">
				<ele>612.000000</ele>
			</trkpt>
			<trkpt lat="49.007611" lon="15.278357">
				<ele>611.000000</ele>
			</trkpt>
			<trkpt lat="49.007635" lon="15.278196">
				<ele>611.000000</ele>
			</trkpt>
			<trkpt lat="49.007653" lon="15.278061">
				<ele>611.000000</ele>
			</trkpt>
			<trkpt lat="49.007694" lon="15.277927">
				<ele>611.000000</ele>
			</trkpt>
			<trkpt lat="49.007735" lon="15.277801">
				<ele>611.000000</ele>
			</trkpt>
			<trkpt lat="49.007853" lon="15.277541">
				<ele>611.000000</ele>
			</trkpt>
			<trkpt lat="49.008089" lon="15.277118">
				<ele>611.000000</ele>
			</trkpt>
			<trkpt lat="49.008814" lon="15.275753">
				<ele>609.000000</ele>
			</trkpt>
			<trkpt lat="49.008866" lon="15.275636">
				<ele>608.000000</ele>
			</trkpt>
			<trkpt lat="49.008913" lon="15.275510">
				<ele>608.000000</ele>
			</trkpt>
			<trkpt lat="49.008938" lon="15.275384">
				<ele>607.000000</ele>
			</trkpt>
			<trkpt lat="49.008955" lon="15.275268">
				<ele>607.000000</ele>
			</trkpt>
			<trkpt lat="49.008955" lon="15.275088">
				<ele>606.000000</ele>
			</trkpt>
			<trkpt lat="49.008938" lon="15.274908">
				<ele>606.000000</ele>
			</trkpt>
			<trkpt lat="49.008896" lon="15.274702">
				<ele>605.000000</ele>
			</trkpt>
			<trkpt lat="49.008831" lon="15.274459">
				<ele>604.000000</ele>
			</trkpt>
			<trkpt lat="49.008719" lon="15.274063">
				<ele>603.000000</ele>
			</trkpt>
			<trkpt lat="49.008572" lon="15.273470">
				<ele>601.000000</ele>
			</trkpt>
			<trkpt lat="49.008395" lon="15.272815">
				<ele>599.000000</ele>
			</trkpt>
			<trkpt lat="49.008301" lon="15.272402">
				<ele>598.000000</ele>
			</trkpt>
			<trkpt lat="49.008236" lon="15.272025">
				<ele>597.000000</ele>
			</trkpt>
			<trkpt lat="49.008201" lon="15.271620">
				<ele>596.000000</ele>
			</trkpt>
			<trkpt lat="49.008195" lon="15.271360">
				<ele>595.000000</ele>
			</trkpt>
			<trkpt lat="49.008195" lon="15.271252">
				<ele>595.000000</ele>
			</trkpt>
			<trkpt lat="49.008213" lon="15.271136">
				<ele>595.000000</ele>
			</trkpt>
			<trkpt lat="49.008230" lon="15.271019">
				<ele>594.000000</ele>
			</trkpt>
			<trkpt lat="49.008260" lon="15.270910">
				<ele>594.000000</ele>
			</trkpt>
			<trkpt lat="49.008336" lon="15.270696">
				<ele>594.000000</ele>
			</trkpt>
			<trkpt lat="49.008490" lon="15.270381">
				<ele>593.000000</ele>
			</trkpt>
			<trkpt lat="49.008737" lon="15.269958">
				<ele>592.000000</ele>
			</trkpt>
			<trkpt lat="49.008873" lon="15.269715">
				<ele>591.000000</ele>
			</trkpt>
			<trkpt lat="49.009043" lon="15.269375">
				<ele>591.000000</ele>
			</trkpt>
			<trkpt lat="49.008972" lon="15.268836">
				<ele>590.000000</ele>
			</trkpt>
			<trkpt lat="49.008925" lon="15.268494">
				<ele>589.000000</ele>
			</trkpt>
			<trkpt lat="49.008908" lon="15.268314">
				<ele>589.000000</ele>
			</trkpt>
			<trkpt lat="49.008913" lon="15.268126">
				<ele>589.000000</ele>
			</trkpt>
			<trkpt lat="49.008919" lon="15.267964">
				<ele>589.000000</ele>
			</trkpt>
			<trkpt lat="49.008932" lon="15.267776">
				<ele>588.000000</ele>
			</trkpt>
			<trkpt lat="49.008955" lon="15.267604">
				<ele>588.000000</ele>
			</trkpt>
			<trkpt lat="49.008996" lon="15.267407">
				<ele>588.000000</ele>
			</trkpt>
			<trkpt lat="49.009020" lon="15.267210">
				<ele>588.000000</ele>
			</trkpt>
			<trkpt lat="49.009020" lon="15.267128">
				<ele>588.000000</ele>
			</trkpt>
			<trkpt lat="49.009014" lon="15.267057">
				<ele>588.000000</ele>
			</trkpt>
			<trkpt lat="49.008978" lon="15.266914">
				<ele>587.000000</ele>
			</trkpt>
			<trkpt lat="49.008908" lon="15.266688">
				<ele>587.000000</ele>
			</trkpt>
			<trkpt lat="49.008826" lon="15.266473">
				<ele>587.000000</ele>
			</trkpt>
			<trkpt lat="49.008754" lon="15.266266">
				<ele>586.000000</ele>
			</trkpt>
			<trkpt lat="49.008531" lon="15.265457">
				<ele>585.000000</ele>
			</trkpt>
			<trkpt lat="49.008460" lon="15.265270">
				<ele>585.000000</ele>
			</trkpt>
			<trkpt lat="49.008295" lon="15.264910">
				<ele>582.000000</ele>
			</trkpt>
			<trkpt lat="49.008224" lon="15.264730">
				<ele>581.000000</ele>
			</trkpt>
			<trkpt lat="49.008136" lon="15.264470">
				<ele>579.000000</ele>
			</trkpt>
			<trkpt lat="49.007912" lon="15.263706">
				<ele>573.000000</ele>
			</trkpt>
			<trkpt lat="49.007835" lon="15.263401">
				<ele>571.000000</ele>
			</trkpt>
			<trkpt lat="49.007688" lon="15.262996">
				<ele>568.000000</ele>
			</trkpt>
			<trkpt lat="49.007529" lon="15.262530">
				<ele>566.000000</ele>
			</trkpt>
			<trkpt lat="49.007488" lon="15.262350">
				<ele>565.000000</ele>
			</trkpt>
			<trkpt lat="49.007441" lon="15.262161">
				<ele>564.000000</ele>
			</trkpt>
			<trkpt lat="49.007352" lon="15.261704">
				<ele>563.000000</ele>
			</trkpt>
			<trkpt lat="49.007323" lon="15.261514">
				<ele>562.000000</ele>
			</trkpt>
			<trkpt lat="49.007299" lon="15.261308">
				<ele>561.000000</ele>
			</trkpt>
			<trkpt lat="49.007287" lon="15.261101">
				<ele>561.000000</ele>
			</trkpt>
			<trkpt lat="49.007293" lon="15.260723">
				<ele>560.000000</ele>
			</trkpt>
			<trkpt lat="49.007281" lon="15.260599">
				<ele>559.000000</ele>
			</trkpt>
			<trkpt lat="49.007264" lon="15.260472">
				<ele>559.000000</ele>
			</trkpt>
			<trkpt lat="49.007181" lon="15.260096">
				<ele>558.000000</ele>
			</trkpt>
			<trkpt lat="49.007187" lon="15.259951">
				<ele>557.000000</ele>
			</trkpt>
			<trkpt lat="49.007193" lon="15.259834">
				<ele>557.000000</ele>
			</trkpt>
			<trkpt lat="49.007016" lon="15.259501">
				<ele>554.000000</ele>
			</trkpt>
			<trkpt lat="49.006904" lon="15.259232">
				<ele>553.000000</ele>
			</trkpt>
			<trkpt lat="49.006828" lon="15.258981">
				<ele>552.000000</ele>
			</trkpt>
			<trkpt lat="49.006668" lon="15.258398">
				<ele>550.000000</ele>
			</trkpt>
			<trkpt lat="49.006516" lon="15.257849">
				<ele>548.000000</ele>
			</trkpt>
			<trkpt lat="49.006286" lon="15.256941">
				<ele>545.000000</ele>
			</trkpt>
			<trkpt lat="49.006150" lon="15.256438">
				<ele>543.000000</ele>
			</trkpt>
			<trkpt lat="49.006050" lon="15.256134">
				<ele>541.000000</ele>
			</trkpt>
			<trkpt lat="49.005944" lon="15.255918">
				<ele>540.000000</ele>
			</trkpt>
			<trkpt lat="49.005838" lon="15.255738">
				<ele>540.000000</ele>
			</trkpt>
			<trkpt lat="49.005744" lon="15.255603">
				<ele>540.000000</ele>
			</trkpt>
			<trkpt lat="49.005655" lon="15.255478">
				<ele>540.000000</ele>
			</trkpt>
			<trkpt lat="49.005531" lon="15.255333">
				<ele>540.000000</ele>
			</trkpt>
			<trkpt lat="49.005325" lon="15.255146">
				<ele>540.000000</ele>
			</trkpt>
			<trkpt lat="49.005119" lon="15.254966">
				<ele>540.000000</ele>
			</trkpt>
			<trkpt lat="49.004918" lon="15.254786">
				<ele>540.000000</ele>
			</trkpt>
			<trkpt lat="49.004783" lon="15.254678">
				<ele>540.000000</ele>
			</trkpt>
			<trkpt lat="49.004706" lon="15.254606">
				<ele>540.000000</ele>
			</trkpt>
			<trkpt lat="49.004653" lon="15.254526">
				<ele>540.000000</ele>
			</trkpt>
			<trkpt lat="49.004624" lon="15.254471">
				<ele>540.000000</ele>
			</trkpt>
			<trkpt lat="49.004606" lon="15.254400">
				<ele>540.000000</ele>
			</trkpt>
			<trkpt lat="49.004553" lon="15.254157">
				<ele>541.000000</ele>
			</trkpt>
			<trkpt lat="49.004465" lon="15.253609">
				<ele>543.000000</ele>
			</trkpt>
			<trkpt lat="49.004400" lon="15.253249">
				<ele>545.000000</ele>
			</trkpt>
			<trkpt lat="49.004630" lon="15.253088">
				<ele>545.000000</ele>
			</trkpt>
			<trkpt lat="49.005030" lon="15.252783">
				<ele>546.000000</ele>
			</trkpt>
			<trkpt lat="49.005184" lon="15.252656">
				<ele>547.000000</ele>
			</trkpt>
			<trkpt lat="49.005355" lon="15.252549">
				<ele>547.000000</ele>
			</trkpt>
			<trkpt lat="49.005637" lon="15.252396">
				<ele>548.000000</ele>
			</trkpt>
			<trkpt lat="49.005861" lon="15.252280">
				<ele>548.000000</ele>
			</trkpt>
			<trkpt lat="49.006133" lon="15.252154">
				<ele>549.000000</ele>
			</trkpt>
			<trkpt lat="49.006539" lon="15.251993">
				<ele>550.000000</ele>
			</trkpt>
			<trkpt lat="49.006668" lon="15.251930">
				<ele>551.000000</ele>
			</trkpt>
			<trkpt lat="49.006727" lon="15.251884">
				<ele>551.000000</ele>
			</trkpt>
			<trkpt lat="49.006769" lon="15.251848">
				<ele>552.000000</ele>
			</trkpt>
			<trkpt lat="49.006833" lon="15.251857">
				<ele>552.000000</ele>
			</trkpt>
			<trkpt lat="49.006833" lon="15.251857">
				<ele>552.000000</ele>
			</trkpt>
			<trkpt lat="49.006881" lon="15.251857">
				<ele>552.000000</ele>
			</trkpt>
			<trkpt lat="49.006975" lon="15.251857">
				<ele>552.000000</ele>
			</trkpt>
			<trkpt lat="49.007069" lon="15.251848">
				<ele>552.000000</ele>
			</trkpt>
			<trkpt lat="49.007175" lon="15.251804">
				<ele>552.000000</ele>
			</trkpt>
			<trkpt lat="49.007741" lon="15.251534">
				<ele>552.000000</ele>
			</trkpt>
			<trkpt lat="49.008230" lon="15.251318">
				<ele>552.000000</ele>
			</trkpt>
			<trkpt lat="49.008401" lon="15.251247">
				<ele>551.000000</ele>
			</trkpt>
			<trkpt lat="49.008636" lon="15.251211">
				<ele>551.000000</ele>
			</trkpt>
			<trkpt lat="49.008761" lon="15.251184">
				<ele>551.000000</ele>
			</trkpt>
			<trkpt lat="49.008978" lon="15.251130">
				<ele>551.000000</ele>
			</trkpt>
			<trkpt lat="49.009550" lon="15.250941">
				<ele>551.000000</ele>
			</trkpt>
			<trkpt lat="49.009786" lon="15.250888">
				<ele>551.000000</ele>
			</trkpt>
			<trkpt lat="49.010039" lon="15.250888">
				<ele>551.000000</ele>
			</trkpt>
			<trkpt lat="49.010281" lon="15.250878">
				<ele>551.000000</ele>
			</trkpt>
			<trkpt lat="49.010434" lon="15.250851">
				<ele>551.000000</ele>
			</trkpt>
			<trkpt lat="49.010505" lon="15.250825">
				<ele>551.000000</ele>
			</trkpt>
			<trkpt lat="49.010587" lon="15.250779">
				<ele>551.000000</ele>
			</trkpt>
			<trkpt lat="49.010729" lon="15.250662">
				<ele>551.000000</ele>
			</trkpt>
			<trkpt lat="49.011183" lon="15.250186">
				<ele>551.000000</ele>
			</trkpt>
			<trkpt lat="49.011353" lon="15.250025">
				<ele>551.000000</ele>
			</trkpt>
			<trkpt lat="49.011559" lon="15.249846">
				<ele>551.000000</ele>
			</trkpt>
			<trkpt lat="49.011807" lon="15.249666">
				<ele>551.000000</ele>
			</trkpt>
			<trkpt lat="49.011966" lon="15.249576">
				<ele>551.000000</ele>
			</trkpt>
			<trkpt lat="49.012101" lon="15.249522">
				<ele>551.000000</ele>
			</trkpt>
			<trkpt lat="49.012237" lon="15.249522">
				<ele>551.000000</ele>
			</trkpt>
			<trkpt lat="49.012426" lon="15.249530">
				<ele>551.000000</ele>
			</trkpt>
			<trkpt lat="49.012667" lon="15.249576">
				<ele>551.000000</ele>
			</trkpt>
			<trkpt lat="49.012832" lon="15.249593">
				<ele>551.000000</ele>
			</trkpt>
			<trkpt lat="49.012915" lon="15.249584">
				<ele>551.000000</ele>
			</trkpt>
			<trkpt lat="49.012915" lon="15.249584">
				<ele>551.000000</ele>
			</trkpt>
			<trkpt lat="49.013139" lon="15.249576">
				<ele>551.000000</ele>
			</trkpt>
			<trkpt lat="49.013368" lon="15.249549">
				<ele>551.000000</ele>
			</trkpt>
			<trkpt lat="49.013592" lon="15.249496">
				<ele>550.000000</ele>
			</trkpt>
			<trkpt lat="49.013857" lon="15.249414">
				<ele>550.000000</ele>
			</trkpt>
			<trkpt lat="49.014240" lon="15.249270">
				<ele>550.000000</ele>
			</trkpt>
			<trkpt lat="49.014505" lon="15.249144">
				<ele>550.000000</ele>
			</trkpt>
			<trkpt lat="49.014747" lon="15.249010">
				<ele>550.000000</ele>
			</trkpt>
			<trkpt lat="49.015000" lon="15.248840">
				<ele>550.000000</ele>
			</trkpt>
			<trkpt lat="49.015260" lon="15.248632">
				<ele>550.000000</ele>
			</trkpt>
			<trkpt lat="49.015412" lon="15.248471">
				<ele>550.000000</ele>
			</trkpt>
			<trkpt lat="49.015530" lon="15.248309">
				<ele>550.000000</ele>
			</trkpt>
			<trkpt lat="49.015630" lon="15.248111">
				<ele>550.000000</ele>
			</trkpt>
			<trkpt lat="49.015748" lon="15.247824">
				<ele>550.000000</ele>
			</trkpt>
			<trkpt lat="49.015955" lon="15.247240">
				<ele>551.000000</ele>
			</trkpt>
			<trkpt lat="49.016037" lon="15.247033">
				<ele>552.000000</ele>
			</trkpt>
			<trkpt lat="49.016125" lon="15.246890">
				<ele>553.000000</ele>
			</trkpt>
			<trkpt lat="49.016243" lon="15.246737">
				<ele>554.000000</ele>
			</trkpt>
			<trkpt lat="49.016391" lon="15.246576">
				<ele>555.000000</ele>
			</trkpt>
			<trkpt lat="49.016585" lon="15.246351">
				<ele>555.000000</ele>
			</trkpt>
			<trkpt lat="49.016703" lon="15.246207">
				<ele>555.000000</ele>
			</trkpt>
			<trkpt lat="49.016803" lon="15.246054">
				<ele>555.000000</ele>
			</trkpt>
			<trkpt lat="49.017091" lon="15.245561">
				<ele>555.000000</ele>
			</trkpt>
			<trkpt lat="49.017309" lon="15.245192">
				<ele>555.000000</ele>
			</trkpt>
			<trkpt lat="49.017474" lon="15.244940">
				<ele>555.000000</ele>
			</trkpt>
			<trkpt lat="49.017645" lon="15.244680">
				<ele>555.000000</ele>
			</trkpt>
			<trkpt lat="49.017781" lon="15.244500">
				<ele>555.000000</ele>
			</trkpt>
			<trkpt lat="49.017781" lon="15.244500">
				<ele>555.000000</ele>
			</trkpt>
			<trkpt lat="49.017858" lon="15.244393">
				<ele>555.000000</ele>
			</trkpt>
			<trkpt lat="49.017698" lon="15.244087">
				<ele>558.000000</ele>
			</trkpt>
			<trkpt lat="49.017628" lon="15.243943">
				<ele>560.000000</ele>
			</trkpt>
			<trkpt lat="49.017598" lon="15.243853">
				<ele>561.000000</ele>
			</trkpt>
			<trkpt lat="49.017575" lon="15.243683">
				<ele>563.000000</ele>
			</trkpt>
			<trkpt lat="49.017557" lon="15.243593">
				<ele>565.000000</ele>
			</trkpt>
			<trkpt lat="49.017492" lon="15.243458">
				<ele>566.000000</ele>
			</trkpt>
			<trkpt lat="49.017421" lon="15.243351">
				<ele>566.000000</ele>
			</trkpt>
			<trkpt lat="49.017374" lon="15.243305">
				<ele>567.000000</ele>
			</trkpt>
			<trkpt lat="49.017351" lon="15.243297">
				<ele>567.000000</ele>
			</trkpt>
			<trkpt lat="49.017321" lon="15.243278">
				<ele>567.000000</ele>
			</trkpt>
			<trkpt lat="49.017298" lon="15.243297">
				<ele>567.000000</ele>
			</trkpt>
			<trkpt lat="49.017268" lon="15.243324">
				<ele>567.000000</ele>
			</trkpt>
			<trkpt lat="49.017239" lon="15.243360">
				<ele>568.000000</ele>
			</trkpt>
			<trkpt lat="49.017163" lon="15.243530">
				<ele>569.000000</ele>
			</trkpt>
			<trkpt lat="49.017133" lon="15.243584">
				<ele>569.000000</ele>
			</trkpt>
			<trkpt lat="49.017086" lon="15.243557">
				<ele>569.000000</ele>
			</trkpt>
			<trkpt lat="49.017062" lon="15.243530">
				<ele>569.000000</ele>
			</trkpt>
			<trkpt lat="49.016998" lon="15.243387">
				<ele>570.000000</ele>
			</trkpt>
			<trkpt lat="49.016909" lon="15.243180">
				<ele>573.000000</ele>
			</trkpt>
			<trkpt lat="49.016839" lon="15.243064">
				<ele>575.000000</ele>
			</trkpt>
			<trkpt lat="49.016697" lon="15.242838">
				<ele>579.000000</ele>
			</trkpt>
			<trkpt lat="49.016326" lon="15.242318">
				<ele>589.000000</ele>
			</trkpt>
			<trkpt lat="49.016102" lon="15.242469">
				<ele>592.000000</ele>
			</trkpt>
			<trkpt lat="49.015966" lon="15.242532">
				<ele>593.000000</ele>
			</trkpt>
			<trkpt lat="49.015849" lon="15.242586">
				<ele>595.000000</ele>
			</trkpt>
			<trkpt lat="49.015748" lon="15.242614">
				<ele>595.000000</ele>
			</trkpt>
			<trkpt lat="49.015672" lon="15.242614">
				<ele>595.000000</ele>
			</trkpt>
			<trkpt lat="49.015589" lon="15.242605">
				<ele>595.000000</ele>
			</trkpt>
			<trkpt lat="49.015518" lon="15.242578">
				<ele>595.000000</ele>
			</trkpt>
			<trkpt lat="49.015454" lon="15.242524">
				<ele>595.000000</ele>
			</trkpt>
			<trkpt lat="49.015401" lon="15.242452">
				<ele>595.000000</ele>
			</trkpt>
			<trkpt lat="49.015372" lon="15.242380">
				<ele>595.000000</ele>
			</trkpt>
			<trkpt lat="49.015348" lon="15.242299">
				<ele>595.000000</ele>
			</trkpt>
			<trkpt lat="49.015330" lon="15.242219">
				<ele>595.000000</ele>
			</trkpt>
			<trkpt lat="49.015319" lon="15.242119">
				<ele>595.000000</ele>
			</trkpt>
			<trkpt lat="49.015283" lon="15.241877">
				<ele>595.000000</ele>
			</trkpt>
			<trkpt lat="49.015247" lon="15.241617">
				<ele>595.000000</ele>
			</trkpt>
			<trkpt lat="49.015106" lon="15.240916">
				<ele>595.000000</ele>
			</trkpt>
			<trkpt lat="49.015101" lon="15.240701">
				<ele>595.000000</ele>
			</trkpt>
			<trkpt lat="49.015106" lon="15.240494">
				<ele>595.000000</ele>
			</trkpt>
			<trkpt lat="49.015124" lon="15.240305">
				<ele>595.000000</ele>
			</trkpt>
			<trkpt lat="49.015171" lon="15.240108">
				<ele>594.000000</ele>
			</trkpt>
			<trkpt lat="49.015495" lon="15.239649">
				<ele>598.000000</ele>
			</trkpt>
			<trkpt lat="49.015719" lon="15.239335">
				<ele>600.000000</ele>
			</trkpt>
			<trkpt lat="49.015849" lon="15.239182">
				<ele>602.000000</ele>
			</trkpt>
			<trkpt lat="49.015984" lon="15.239039">
				<ele>603.000000</ele>
			</trkpt>
			<trkpt lat="49.016155" lon="15.238894">
				<ele>605.000000</ele>
			</trkpt>
			<trkpt lat="49.016308" lon="15.238777">
				<ele>606.000000</ele>
			</trkpt>
			<trkpt lat="49.016444" lon="15.238653">
				<ele>607.000000</ele>
			</trkpt>
			<trkpt lat="49.016567" lon="15.238517">
				<ele>608.000000</ele>
			</trkpt>
			<trkpt lat="49.016679" lon="15.238364">
				<ele>609.000000</ele>
			</trkpt>
			<trkpt lat="49.016768" lon="15.238203">
				<ele>610.000000</ele>
			</trkpt>
			<trkpt lat="49.016874" lon="15.237997">
				<ele>611.000000</ele>
			</trkpt>
			<trkpt lat="49.016974" lon="15.237781">
				<ele>612.000000</ele>
			</trkpt>
			<trkpt lat="49.017086" lon="15.237521">
				<ele>614.000000</ele>
			</trkpt>
			<trkpt lat="49.017121" lon="15.237412">
				<ele>614.000000</ele>
			</trkpt>
			<trkpt lat="49.017474" lon="15.236469">
				<ele>619.000000</ele>
			</trkpt>
			<trkpt lat="49.017498" lon="15.236496">
				<ele>619.000000</ele>
			</trkpt>
			<trkpt lat="49.017533" lon="15.236496">
				<ele>619.000000</ele>
			</trkpt>
			<trkpt lat="49.017569" lon="15.236469">
				<ele>620.000000</ele>
			</trkpt>
			<trkpt lat="49.017616" lon="15.236416">
				<ele>620.000000</ele>
			</trkpt>
			<trkpt lat="49.017704" lon="15.236326">
				<ele>621.000000</ele>
			</trkpt>
			<trkpt lat="49.017757" lon="15.236263">
				<ele>622.000000</ele>
			</trkpt>
			<trkpt lat="49.017834" lon="15.236236">
				<ele>622.000000</ele>
			</trkpt>
			<trkpt lat="49.017905" lon="15.236227">
				<ele>623.000000</ele>
			</trkpt>
			<trkpt lat="49.017993" lon="15.236253">
				<ele>624.000000</ele>
			</trkpt>
			<trkpt lat="49.018028" lon="15.236253">
				<ele>624.000000</ele>
			</trkpt>
			<trkpt lat="49.018176" lon="15.236217">
				<ele>626.000000</ele>
			</trkpt>
			<trkpt lat="49.018311" lon="15.236146">
				<ele>629.000000</ele>
			</trkpt>
			<trkpt lat="49.018429" lon="15.236066">
				<ele>632.000000</ele>
			</trkpt>
			<trkpt lat="49.018659" lon="15.235903">
				<ele>636.000000</ele>
			</trkpt>
			<trkpt lat="49.018759" lon="15.235804">
				<ele>639.000000</ele>
			</trkpt>
			<trkpt lat="49.018924" lon="15.235598">
				<ele>640.000000</ele>
			</trkpt>
			<trkpt lat="49.019083" lon="15.235410">
				<ele>641.000000</ele>
			</trkpt>
			<trkpt lat="49.019265" lon="15.235202">
				<ele>642.000000</ele>
			</trkpt>
			<trkpt lat="49.019595" lon="15.234871">
				<ele>643.000000</ele>
			</trkpt>
			<trkpt lat="49.019672" lon="15.234798">
				<ele>644.000000</ele>
			</trkpt>
			<trkpt lat="49.019713" lon="15.234718">
				<ele>644.000000</ele>
			</trkpt>
			<trkpt lat="49.019743" lon="15.234636">
				<ele>644.000000</ele>
			</trkpt>
			<trkpt lat="49.019772" lon="15.234538">
				<ele>644.000000</ele>
			</trkpt>
			<trkpt lat="49.019790" lon="15.234475">
				<ele>644.000000</ele>
			</trkpt>
			<trkpt lat="49.019825" lon="15.234412">
				<ele>645.000000</ele>
			</trkpt>
			<trkpt lat="49.019866" lon="15.234376">
				<ele>645.000000</ele>
			</trkpt>
			<trkpt lat="49.019967" lon="15.234322">
				<ele>646.000000</ele>
			</trkpt>
			<trkpt lat="49.020102" lon="15.234250">
				<ele>650.000000</ele>
			</trkpt>
			<trkpt lat="49.020149" lon="15.234250">
				<ele>650.000000</ele>
			</trkpt>
			<trkpt lat="49.020250" lon="15.234250">
				<ele>648.000000</ele>
			</trkpt>
			<trkpt lat="49.020361" lon="15.234215">
				<ele>647.000000</ele>
			</trkpt>
			<trkpt lat="49.020491" lon="15.234143">
				<ele>645.000000</ele>
			</trkpt>
			<trkpt lat="49.020627" lon="15.234008">
				<ele>643.000000</ele>
			</trkpt>
			<trkpt lat="49.020668" lon="15.233945">
				<ele>643.000000</ele>
			</trkpt>
			<trkpt lat="49.020697" lon="15.233846">
				<ele>642.000000</ele>
			</trkpt>
			<trkpt lat="49.020709" lon="15.233766">
				<ele>642.000000</ele>
			</trkpt>
			<trkpt lat="49.020715" lon="15.233514">
				<ele>640.000000</ele>
			</trkpt>
			<trkpt lat="49.020915" lon="15.233397">
				<ele>640.000000</ele>
			</trkpt>
			<trkpt lat="49.021092" lon="15.233244">
				<ele>640.000000</ele>
			</trkpt>
			<trkpt lat="49.021174" lon="15.233181">
				<ele>640.000000</ele>
			</trkpt>
			<trkpt lat="49.021268" lon="15.233137">
				<ele>640.000000</ele>
			</trkpt>
			<trkpt lat="49.021345" lon="15.233110">
				<ele>640.000000</ele>
			</trkpt>
			<trkpt lat="49.021428" lon="15.233110">
				<ele>640.000000</ele>
			</trkpt>
			<trkpt lat="49.021516" lon="15.232984">
				<ele>640.000000</ele>
			</trkpt>
			<trkpt lat="49.021628" lon="15.232921">
				<ele>640.000000</ele>
			</trkpt>
			<trkpt lat="49.021917" lon="15.232787">
				<ele>638.000000</ele>
			</trkpt>
			<trkpt lat="49.021993" lon="15.232714">
				<ele>638.000000</ele>
			</trkpt>
			<trkpt lat="49.022058" lon="15.232634">
				<ele>638.000000</ele>
			</trkpt>
			<trkpt lat="49.022111" lon="15.232525">
				<ele>637.000000</ele>
			</trkpt>
			<trkpt lat="49.022170" lon="15.232372">
				<ele>637.000000</ele>
			</trkpt>
			<trkpt lat="49.022465" lon="15.231456">
				<ele>635.000000</ele>
			</trkpt>
			<trkpt lat="49.022512" lon="15.231366">
				<ele>635.000000</ele>
			</trkpt>
			<trkpt lat="49.022577" lon="15.231286">
				<ele>635.000000</ele>
			</trkpt>
			<trkpt lat="49.022636" lon="15.231242">
				<ele>635.000000</ele>
			</trkpt>
			<trkpt lat="49.022841" lon="15.231133">
				<ele>634.000000</ele>
			</trkpt>
			<trkpt lat="49.022953" lon="15.231053">
				<ele>634.000000</ele>
			</trkpt>
			<trkpt lat="49.023024" lon="15.230999">
				<ele>633.000000</ele>
			</trkpt>
			<trkpt lat="49.023095" lon="15.230917">
				<ele>632.000000</ele>
			</trkpt>
			<trkpt lat="49.023159" lon="15.230837">
				<ele>632.000000</ele>
			</trkpt>
			<trkpt lat="49.023307" lon="15.230648">
				<ele>631.000000</ele>
			</trkpt>
			<trkpt lat="49.023342" lon="15.230577">
				<ele>630.000000</ele>
			</trkpt>
			<trkpt lat="49.023377" lon="15.230477">
				<ele>630.000000</ele>
			</trkpt>
			<trkpt lat="49.023419" lon="15.230361">
				<ele>630.000000</ele>
			</trkpt>
			<trkpt lat="49.023513" lon="15.230154">
				<ele>630.000000</ele>
			</trkpt>
			<trkpt lat="49.023631" lon="15.229938">
				<ele>630.000000</ele>
			</trkpt>
			<trkpt lat="49.023672" lon="15.229848">
				<ele>630.000000</ele>
			</trkpt>
			<trkpt lat="49.023772" lon="15.229741">
				<ele>630.000000</ele>
			</trkpt>
			<trkpt lat="49.023825" lon="15.229678">
				<ele>630.000000</ele>
			</trkpt>
			<trkpt lat="49.023890" lon="15.229624">
				<ele>630.000000</ele>
			</trkpt>
			<trkpt lat="49.023978" lon="15.229606">
				<ele>630.000000</ele>
			</trkpt>
			<trkpt lat="49.024055" lon="15.229606">
				<ele>630.000000</ele>
			</trkpt>
			<trkpt lat="49.024114" lon="15.229624">
				<ele>630.000000</ele>
			</trkpt>
			<trkpt lat="49.024179" lon="15.229661">
				<ele>630.000000</ele>
			</trkpt>
			<trkpt lat="49.024261" lon="15.229714">
				<ele>630.000000</ele>
			</trkpt>
			<trkpt lat="49.024297" lon="15.229750">
				<ele>630.000000</ele>
			</trkpt>
			<trkpt lat="49.024332" lon="15.229758">
				<ele>630.000000</ele>
			</trkpt>
			<trkpt lat="49.024468" lon="15.229750">
				<ele>630.000000</ele>
			</trkpt>
			<trkpt lat="49.024473" lon="15.229804">
				<ele>635.000000</ele>
			</trkpt>
			<trkpt lat="49.024473" lon="15.229831">
				<ele>636.000000</ele>
			</trkpt>
			<trkpt lat="49.024468" lon="15.229840">
				<ele>636.000000</ele>
			</trkpt>
			<trkpt lat="49.024455" lon="15.229867">
				<ele>637.000000</ele>
			</trkpt>
			<trkpt lat="49.024449" lon="15.229894">
				<ele>637.000000</ele>
			</trkpt>
			<trkpt lat="49.024455" lon="15.229921">
				<ele>638.000000</ele>
			</trkpt>
			<trkpt lat="49.024468" lon="15.229938">
				<ele>638.000000</ele>
			</trkpt>
			<trkpt lat="49.024521" lon="15.229948">
				<ele>640.000000</ele>
			</trkpt>
			<trkpt lat="49.024567" lon="15.229984">
				<ele>640.000000</ele>
			</trkpt>
			<trkpt lat="49.024603" lon="15.230020">
				<ele>641.000000</ele>
			</trkpt>
			<trkpt lat="49.024638" lon="15.230074">
				<ele>641.000000</ele>
			</trkpt>
			<trkpt lat="49.024673" lon="15.230154">
				<ele>641.000000</ele>
			</trkpt>
			<trkpt lat="49.024468" lon="15.230127">
				<ele>643.000000</ele>
			</trkpt>
			<trkpt lat="49.024303" lon="15.230154">
				<ele>644.000000</ele>
			</trkpt>
			<trkpt lat="49.024167" lon="15.230198">
				<ele>645.000000</ele>
			</trkpt>
			<trkpt lat="49.024061" lon="15.230235">
				<ele>645.000000</ele>
			</trkpt>
			<trkpt lat="49.023978" lon="15.230271">
				<ele>646.000000</ele>
			</trkpt>
			<trkpt lat="49.023978" lon="15.230271">
				<ele>646.000000</ele>
			</trkpt>
			<trkpt lat="49.024061" lon="15.230235">
				<ele>645.000000</ele>
			</trkpt>
			<trkpt lat="49.024167" lon="15.230198">
				<ele>645.000000</ele>
			</trkpt>
			<trkpt lat="49.024303" lon="15.230154">
				<ele>644.000000</ele>
			</trkpt>
			<trkpt lat="49.024468" lon="15.230127">
				<ele>643.000000</ele>
			</trkpt>
			<trkpt lat="49.024673" lon="15.230154">
				<ele>641.000000</ele>
			</trkpt>
			<trkpt lat="49.024915" lon="15.230307">
				<ele>636.000000</ele>
			</trkpt>
			<trkpt lat="49.025115" lon="15.230433">
				<ele>630.000000</ele>
			</trkpt>
			<trkpt lat="49.025257" lon="15.230450">
				<ele>630.000000</ele>
			</trkpt>
			<trkpt lat="49.025433" lon="15.230657">
				<ele>630.000000</ele>
			</trkpt>
			<trkpt lat="49.025545" lon="15.230586">
				<ele>630.000000</ele>
			</trkpt>
			<trkpt lat="49.025699" lon="15.230523">
				<ele>630.000000</ele>
			</trkpt>
			<trkpt lat="49.025970" lon="15.230378">
				<ele>630.000000</ele>
			</trkpt>
			<trkpt lat="49.026093" lon="15.230316">
				<ele>630.000000</ele>
			</trkpt>
			<trkpt lat="49.026164" lon="15.230261">
				<ele>630.000000</ele>
			</trkpt>
			<trkpt lat="49.026334" lon="15.230137">
				<ele>630.000000</ele>
			</trkpt>
			<trkpt lat="49.026417" lon="15.230100">
				<ele>630.000000</ele>
			</trkpt>
			<trkpt lat="49.026517" lon="15.230055">
				<ele>630.000000</ele>
			</trkpt>
			<trkpt lat="49.026600" lon="15.229974">
				<ele>630.000000</ele>
			</trkpt>
			<trkpt lat="49.026653" lon="15.229894">
				<ele>630.000000</ele>
			</trkpt>
			<trkpt lat="49.026806" lon="15.229579">
				<ele>630.000000</ele>
			</trkpt>
			<trkpt lat="49.026941" lon="15.229336">
				<ele>630.000000</ele>
			</trkpt>
			<trkpt lat="49.027059" lon="15.229139">
				<ele>630.000000</ele>
			</trkpt>
			<trkpt lat="49.027183" lon="15.228950">
				<ele>630.000000</ele>
			</trkpt>
			<trkpt lat="49.027371" lon="15.228708">
				<ele>630.000000</ele>
			</trkpt>
			<trkpt lat="49.027436" lon="15.228420">
				<ele>624.000000</ele>
			</trkpt>
			<trkpt lat="49.027489" lon="15.228160">
				<ele>622.000000</ele>
			</trkpt>
			<trkpt lat="49.027519" lon="15.227927">
				<ele>621.000000</ele>
			</trkpt>
			<trkpt lat="49.027548" lon="15.227666">
				<ele>619.000000</ele>
			</trkpt>
			<trkpt lat="49.027572" lon="15.227351">
				<ele>617.000000</ele>
			</trkpt>
			<trkpt lat="49.027618" lon="15.227108">
				<ele>616.000000</ele>
			</trkpt>
			<trkpt lat="49.027684" lon="15.226804">
				<ele>615.000000</ele>
			</trkpt>
			<trkpt lat="49.027730" lon="15.226543">
				<ele>614.000000</ele>
			</trkpt>
			<trkpt lat="49.027736" lon="15.226479">
				<ele>614.000000</ele>
			</trkpt>
			<trkpt lat="49.027730" lon="15.226382">
				<ele>614.000000</ele>
			</trkpt>
			<trkpt lat="49.027701" lon="15.226282">
				<ele>614.000000</ele>
			</trkpt>
			<trkpt lat="49.027677" lon="15.226192">
				<ele>614.000000</ele>
			</trkpt>
			<trkpt lat="49.027631" lon="15.226093">
				<ele>614.000000</ele>
			</trkpt>
			<trkpt lat="49.027584" lon="15.226030">
				<ele>613.000000</ele>
			</trkpt>
			<trkpt lat="49.027542" lon="15.225969">
				<ele>613.000000</ele>
			</trkpt>
			<trkpt lat="49.027489" lon="15.225940">
				<ele>613.000000</ele>
			</trkpt>
			<trkpt lat="49.027442" lon="15.225932">
				<ele>613.000000</ele>
			</trkpt>
			<trkpt lat="49.027395" lon="15.225932">
				<ele>613.000000</ele>
			</trkpt>
			<trkpt lat="49.027083" lon="15.226049">
				<ele>612.000000</ele>
			</trkpt>
			<trkpt lat="49.026965" lon="15.226093">
				<ele>612.000000</ele>
			</trkpt>
			<trkpt lat="49.026694" lon="15.226156">
				<ele>611.000000</ele>
			</trkpt>
			<trkpt lat="49.026040" lon="15.226265">
				<ele>610.000000</ele>
			</trkpt>
			<trkpt lat="49.025911" lon="15.226282">
				<ele>610.000000</ele>
			</trkpt>
			<trkpt lat="49.025793" lon="15.226292">
				<ele>609.000000</ele>
			</trkpt>
			<trkpt lat="49.025687" lon="15.226273">
				<ele>609.000000</ele>
			</trkpt>
			<trkpt lat="49.025604" lon="15.226265">
				<ele>609.000000</ele>
			</trkpt>
			<trkpt lat="49.025528" lon="15.226219">
				<ele>609.000000</ele>
			</trkpt>
			<trkpt lat="49.025451" lon="15.226166">
				<ele>609.000000</ele>
			</trkpt>
			<trkpt lat="49.025392" lon="15.226112">
				<ele>608.000000</ele>
			</trkpt>
			<trkpt lat="49.025339" lon="15.226030">
				<ele>608.000000</ele>
			</trkpt>
			<trkpt lat="49.025274" lon="15.225986">
				<ele>608.000000</ele>
			</trkpt>
			<trkpt lat="49.025221" lon="15.225950">
				<ele>607.000000</ele>
			</trkpt>
			<trkpt lat="49.025174" lon="15.225896">
				<ele>607.000000</ele>
			</trkpt>
			<trkpt lat="49.025133" lon="15.225797">
				<ele>607.000000</ele>
			</trkpt>
			<trkpt lat="49.025098" lon="15.225699">
				<ele>606.000000</ele>
			</trkpt>
			<trkpt lat="49.025050" lon="15.225609">
				<ele>606.000000</ele>
			</trkpt>
			<trkpt lat="49.024997" lon="15.225519">
				<ele>605.000000</ele>
			</trkpt>
			<trkpt lat="49.024933" lon="15.225464">
				<ele>604.000000</ele>
			</trkpt>
			<trkpt lat="49.024697" lon="15.225258">
				<ele>600.000000</ele>
			</trkpt>
			<trkpt lat="49.024191" lon="15.224845">
				<ele>596.000000</ele>
			</trkpt>
			<trkpt lat="49.024043" lon="15.224755">
				<ele>595.000000</ele>
			</trkpt>
			<trkpt lat="49.023872" lon="15.224665">
				<ele>595.000000</ele>
			</trkpt>
			<trkpt lat="49.023755" lon="15.224630">
				<ele>594.000000</ele>
			</trkpt>
			<trkpt lat="49.023613" lon="15.224630">
				<ele>593.000000</ele>
			</trkpt>
			<trkpt lat="49.023106" lon="15.224665">
				<ele>587.000000</ele>
			</trkpt>
			<trkpt lat="49.022847" lon="15.224674">
				<ele>584.000000</ele>
			</trkpt>
			<trkpt lat="49.023047" lon="15.224450">
				<ele>581.000000</ele>
			</trkpt>
			<trkpt lat="49.023171" lon="15.224306">
				<ele>580.000000</ele>
			</trkpt>
			<trkpt lat="49.023207" lon="15.224271">
				<ele>581.000000</ele>
			</trkpt>
			<trkpt lat="49.023236" lon="15.224216">
				<ele>581.000000</ele>
			</trkpt>
			<trkpt lat="49.023254" lon="15.224171">
				<ele>581.000000</ele>
			</trkpt>
			<trkpt lat="49.023266" lon="15.224108">
				<ele>581.000000</ele>
			</trkpt>
			<trkpt lat="49.023283" lon="15.223982">
				<ele>581.000000</ele>
			</trkpt>
			<trkpt lat="49.023283" lon="15.223803">
				<ele>582.000000</ele>
			</trkpt>
			<trkpt lat="49.023289" lon="15.223615">
				<ele>582.000000</ele>
			</trkpt>
			<trkpt lat="49.023319" lon="15.223453">
				<ele>583.000000</ele>
			</trkpt>
			<trkpt lat="49.023354" lon="15.223327">
				<ele>583.000000</ele>
			</trkpt>
			<trkpt lat="49.023419" lon="15.223174">
				<ele>584.000000</ele>
			</trkpt>
			<trkpt lat="49.023501" lon="15.222967">
				<ele>584.000000</ele>
			</trkpt>
			<trkpt lat="49.023560" lon="15.222779">
				<ele>585.000000</ele>
			</trkpt>
			<trkpt lat="49.023601" lon="15.222617">
				<ele>586.000000</ele>
			</trkpt>
			<trkpt lat="49.023637" lon="15.222437">
				<ele>588.000000</ele>
			</trkpt>
			<trkpt lat="49.023643" lon="15.222276">
				<ele>590.000000</ele>
			</trkpt>
			<trkpt lat="49.023654" lon="15.222097">
				<ele>591.000000</ele>
			</trkpt>
			<trkpt lat="49.023643" lon="15.221934">
				<ele>593.000000</ele>
			</trkpt>
			<trkpt lat="49.023590" lon="15.221126">
				<ele>599.000000</ele>
			</trkpt>
			<trkpt lat="49.023595" lon="15.220785">
				<ele>603.000000</ele>
			</trkpt>
			<trkpt lat="49.023601" lon="15.220497">
				<ele>606.000000</ele>
			</trkpt>
			<trkpt lat="49.023637" lon="15.220183">
				<ele>609.000000</ele>
			</trkpt>
			<trkpt lat="49.023713" lon="15.219688">
				<ele>613.000000</ele>
			</trkpt>
			<trkpt lat="49.023760" lon="15.219365">
				<ele>616.000000</ele>
			</trkpt>
			<trkpt lat="49.023778" lon="15.219195">
				<ele>618.000000</ele>
			</trkpt>
			<trkpt lat="49.023784" lon="15.219032">
				<ele>620.000000</ele>
			</trkpt>
			<trkpt lat="49.023784" lon="15.218845">
				<ele>622.000000</ele>
			</trkpt>
			<trkpt lat="49.023760" lon="15.218611">
				<ele>625.000000</ele>
			</trkpt>
			<trkpt lat="49.023725" lon="15.218386">
				<ele>627.000000</ele>
			</trkpt>
			<trkpt lat="49.023654" lon="15.218162">
				<ele>630.000000</ele>
			</trkpt>
			<trkpt lat="49.023537" lon="15.217900">
				<ele>632.000000</ele>
			</trkpt>
			<trkpt lat="49.023501" lon="15.217803">
				<ele>633.000000</ele>
			</trkpt>
			<trkpt lat="49.023472" lon="15.217703">
				<ele>633.000000</ele>
			</trkpt>
			<trkpt lat="49.023466" lon="15.217623">
				<ele>634.000000</ele>
			</trkpt>
			<trkpt lat="49.023454" lon="15.217524">
				<ele>634.000000</ele>
			</trkpt>
			<trkpt lat="49.023466" lon="15.217380">
				<ele>635.000000</ele>
			</trkpt>
			<trkpt lat="49.023513" lon="15.216994">
				<ele>639.000000</ele>
			</trkpt>
			<trkpt lat="49.023513" lon="15.216832">
				<ele>641.000000</ele>
			</trkpt>
			<trkpt lat="49.023519" lon="15.216472">
				<ele>644.000000</ele>
			</trkpt>
			<trkpt lat="49.023548" lon="15.216185">
				<ele>646.000000</ele>
			</trkpt>
			<trkpt lat="49.023584" lon="15.215942">
				<ele>648.000000</ele>
			</trkpt>
			<trkpt lat="49.023649" lon="15.215709">
				<ele>650.000000</ele>
			</trkpt>
			<trkpt lat="49.023684" lon="15.215602">
				<ele>650.000000</ele>
			</trkpt>
			<trkpt lat="49.023702" lon="15.215466">
				<ele>651.000000</ele>
			</trkpt>
			<trkpt lat="49.023755" lon="15.215313">
				<ele>652.000000</ele>
			</trkpt>
			<trkpt lat="49.023790" lon="15.215162">
				<ele>652.000000</ele>
			</trkpt>
			<trkpt lat="49.023931" lon="15.214524">
				<ele>655.000000</ele>
			</trkpt>
			<trkpt lat="49.024002" lon="15.214092">
				<ele>657.000000</ele>
			</trkpt>
			<trkpt lat="49.024055" lon="15.213742">
				<ele>658.000000</ele>
			</trkpt>
			<trkpt lat="49.024085" lon="15.213455">
				<ele>659.000000</ele>
			</trkpt>
			<trkpt lat="49.024085" lon="15.213302">
				<ele>660.000000</ele>
			</trkpt>
			<trkpt lat="49.024085" lon="15.213176">
				<ele>660.000000</ele>
			</trkpt>
			<trkpt lat="49.024067" lon="15.213086">
				<ele>661.000000</ele>
			</trkpt>
			<trkpt lat="49.024037" lon="15.213015">
				<ele>661.000000</ele>
			</trkpt>
			<trkpt lat="49.024114" lon="15.212772">
				<ele>662.000000</ele>
			</trkpt>
			<trkpt lat="49.024291" lon="15.212143">
				<ele>664.000000</ele>
			</trkpt>
			<trkpt lat="49.024350" lon="15.211856">
				<ele>665.000000</ele>
			</trkpt>
			<trkpt lat="49.024385" lon="15.211604">
				<ele>666.000000</ele>
			</trkpt>
			<trkpt lat="49.024402" lon="15.211388">
				<ele>667.000000</ele>
			</trkpt>
			<trkpt lat="49.024420" lon="15.210759">
				<ele>670.000000</ele>
			</trkpt>
			<trkpt lat="49.024485" lon="15.210696">
				<ele>670.000000</ele>
			</trkpt>
			<trkpt lat="49.024532" lon="15.210661">
				<ele>670.000000</ele>
			</trkpt>
			<trkpt lat="49.024521" lon="15.210239">
				<ele>672.000000</ele>
			</trkpt>
			<trkpt lat="49.024532" lon="15.209924">
				<ele>673.000000</ele>
			</trkpt>
			<trkpt lat="49.024550" lon="15.209556">
				<ele>675.000000</ele>
			</trkpt>
			<trkpt lat="49.024585" lon="15.209107">
				<ele>676.000000</ele>
			</trkpt>
			<trkpt lat="49.024620" lon="15.208792">
				<ele>677.000000</ele>
			</trkpt>
			<trkpt lat="49.024662" lon="15.208585">
				<ele>677.000000</ele>
			</trkpt>
			<trkpt lat="49.024715" lon="15.208397">
				<ele>678.000000</ele>
			</trkpt>
			<trkpt lat="49.024785" lon="15.208208">
				<ele>679.000000</ele>
			</trkpt>
			<trkpt lat="49.025056" lon="15.207562">
				<ele>681.000000</ele>
			</trkpt>
			<trkpt lat="49.025263" lon="15.207040">
				<ele>682.000000</ele>
			</trkpt>
			<trkpt lat="49.025439" lon="15.206537">
				<ele>683.000000</ele>
			</trkpt>
			<trkpt lat="49.025598" lon="15.206044">
				<ele>685.000000</ele>
			</trkpt>
			<trkpt lat="49.025734" lon="15.205558">
				<ele>685.000000</ele>
			</trkpt>
			<trkpt lat="49.025887" lon="15.204956">
				<ele>685.000000</ele>
			</trkpt>
			<trkpt lat="49.026004" lon="15.204409">
				<ele>685.000000</ele>
			</trkpt>
			<trkpt lat="49.026135" lon="15.203726">
				<ele>685.000000</ele>
			</trkpt>
			<trkpt lat="49.026252" lon="15.203079">
				<ele>685.000000</ele>
			</trkpt>
			<trkpt lat="49.026382" lon="15.202415">
				<ele>685.000000</ele>
			</trkpt>
			<trkpt lat="49.026452" lon="15.202100">
				<ele>685.000000</ele>
			</trkpt>
			<trkpt lat="49.026535" lon="15.201767">
				<ele>685.000000</ele>
			</trkpt>
			<trkpt lat="49.026770" lon="15.200842">
				<ele>685.000000</ele>
			</trkpt>
			<trkpt lat="49.026924" lon="15.200213">
				<ele>685.000000</ele>
			</trkpt>
			<trkpt lat="49.027059" lon="15.199486">
				<ele>685.000000</ele>
			</trkpt>
			<trkpt lat="49.027171" lon="15.198812">
				<ele>685.000000</ele>
			</trkpt>
			<trkpt lat="49.027259" lon="15.198039">
				<ele>686.000000</ele>
			</trkpt>
			<trkpt lat="49.027336" lon="15.197159">
				<ele>687.000000</ele>
			</trkpt>
			<trkpt lat="49.027354" lon="15.196952">
				<ele>688.000000</ele>
			</trkpt>
			<trkpt lat="49.027395" lon="15.196476">
				<ele>689.000000</ele>
			</trkpt>
			<trkpt lat="49.027495" lon="15.195641">
				<ele>691.000000</ele>
			</trkpt>
			<trkpt lat="49.027536" lon="15.195272">
				<ele>692.000000</ele>
			</trkpt>
			<trkpt lat="49.027607" lon="15.194320">
				<ele>694.000000</ele>
			</trkpt>
			<trkpt lat="49.027637" lon="15.193746">
				<ele>695.000000</ele>
			</trkpt>
			<trkpt lat="49.027642" lon="15.193574">
				<ele>696.000000</ele>
			</trkpt>
			<trkpt lat="49.027654" lon="15.193484">
				<ele>696.000000</ele>
			</trkpt>
			<trkpt lat="49.027671" lon="15.193413">
				<ele>696.000000</ele>
			</trkpt>
			<trkpt lat="49.027701" lon="15.193377">
				<ele>696.000000</ele>
			</trkpt>
			<trkpt lat="49.027743" lon="15.193333">
				<ele>696.000000</ele>
			</trkpt>
			<trkpt lat="49.027819" lon="15.193449">
				<ele>697.000000</ele>
			</trkpt>
			<trkpt lat="49.027819" lon="15.193449">
				<ele>697.000000</ele>
			</trkpt>
			<trkpt lat="49.027842" lon="15.193484">
				<ele>697.000000</ele>
			</trkpt>
			<trkpt lat="49.027960" lon="15.193620">
				<ele>698.000000</ele>
			</trkpt>
			<trkpt lat="49.028078" lon="15.193746">
				<ele>698.000000</ele>
			</trkpt>
			<trkpt lat="49.028196" lon="15.193826">
				<ele>699.000000</ele>
			</trkpt>
			<trkpt lat="49.028384" lon="15.193907">
				<ele>699.000000</ele>
			</trkpt>
			<trkpt lat="49.028443" lon="15.193952">
				<ele>700.000000</ele>
			</trkpt>
			<trkpt lat="49.028508" lon="15.194006">
				<ele>700.000000</ele>
			</trkpt>
			<trkpt lat="49.028573" lon="15.194086">
				<ele>700.000000</ele>
			</trkpt>
			<trkpt lat="49.028667" lon="15.194239">
				<ele>700.000000</ele>
			</trkpt>
			<trkpt lat="49.028921" lon="15.194203">
				<ele>699.000000</ele>
			</trkpt>
			<trkpt lat="49.029032" lon="15.194159">
				<ele>698.000000</ele>
			</trkpt>
			<trkpt lat="49.029221" lon="15.194033">
				<ele>698.000000</ele>
			</trkpt>
			<trkpt lat="49.029427" lon="15.193844">
				<ele>697.000000</ele>
			</trkpt>
			<trkpt lat="49.029545" lon="15.193710">
				<ele>696.000000</ele>
			</trkpt>
			<trkpt lat="49.029645" lon="15.193574">
				<ele>696.000000</ele>
			</trkpt>
			<trkpt lat="49.029739" lon="15.193494">
				<ele>696.000000</ele>
			</trkpt>
			<trkpt lat="49.029833" lon="15.193440">
				<ele>695.000000</ele>
			</trkpt>
			<trkpt lat="49.030146" lon="15.193287">
				<ele>693.000000</ele>
			</trkpt>
			<trkpt lat="49.030275" lon="15.193215">
				<ele>692.000000</ele>
			</trkpt>
			<trkpt lat="49.030434" lon="15.193107">
				<ele>690.000000</ele>
			</trkpt>
			<trkpt lat="49.030587" lon="15.192973">
				<ele>689.000000</ele>
			</trkpt>
			<trkpt lat="49.030722" lon="15.192838">
				<ele>687.000000</ele>
			</trkpt>
			<trkpt lat="49.031046" lon="15.192470">
				<ele>684.000000</ele>
			</trkpt>
			<trkpt lat="49.031288" lon="15.192209">
				<ele>681.000000</ele>
			</trkpt>
			<trkpt lat="49.031435" lon="15.192092">
				<ele>679.000000</ele>
			</trkpt>
			<trkpt lat="49.031518" lon="15.192039">
				<ele>678.000000</ele>
			</trkpt>
			<trkpt lat="49.031589" lon="15.191994">
				<ele>677.000000</ele>
			</trkpt>
			<trkpt lat="49.031918" lon="15.191895">
				<ele>674.000000</ele>
			</trkpt>
			<trkpt lat="49.032013" lon="15.191859">
				<ele>673.000000</ele>
			</trkpt>
			<trkpt lat="49.032083" lon="15.191841">
				<ele>672.000000</ele>
			</trkpt>
			<trkpt lat="49.032172" lon="15.191841">
				<ele>671.000000</ele>
			</trkpt>
			<trkpt lat="49.032260" lon="15.191849">
				<ele>670.000000</ele>
			</trkpt>
			<trkpt lat="49.032343" lon="15.191652">
				<ele>670.000000</ele>
			</trkpt>
			<trkpt lat="49.032436" lon="15.191446">
				<ele>670.000000</ele>
			</trkpt>
			<trkpt lat="49.032766" lon="15.190727">
				<ele>669.000000</ele>
			</trkpt>
			<trkpt lat="49.032978" lon="15.190224">
				<ele>668.000000</ele>
			</trkpt>
			<trkpt lat="49.033067" lon="15.189964">
				<ele>668.000000</ele>
			</trkpt>
			<trkpt lat="49.033138" lon="15.189739">
				<ele>668.000000</ele>
			</trkpt>
			<trkpt lat="49.033208" lon="15.189469">
				<ele>668.000000</ele>
			</trkpt>
			<trkpt lat="49.033267" lon="15.189254">
				<ele>667.000000</ele>
			</trkpt>
			<trkpt lat="49.033456" lon="15.188634">
				<ele>667.000000</ele>
			</trkpt>
			<trkpt lat="49.033797" lon="15.187475">
				<ele>666.000000</ele>
			</trkpt>
			<trkpt lat="49.033991" lon="15.186873">
				<ele>665.000000</ele>
			</trkpt>
			<trkpt lat="49.034486" lon="15.185589">
				<ele>664.000000</ele>
			</trkpt>
			<trkpt lat="49.034610" lon="15.185203">
				<ele>663.000000</ele>
			</trkpt>
			<trkpt lat="49.034757" lon="15.184754">
				<ele>662.000000</ele>
			</trkpt>
			<trkpt lat="49.034857" lon="15.184457">
				<ele>662.000000</ele>
			</trkpt>
			<trkpt lat="49.034928" lon="15.184286">
				<ele>662.000000</ele>
			</trkpt>
			<trkpt lat="49.034981" lon="15.184169">
				<ele>661.000000</ele>
			</trkpt>
			<trkpt lat="49.035134" lon="15.183891">
				<ele>661.000000</ele>
			</trkpt>
			<trkpt lat="49.035263" lon="15.183603">
				<ele>660.000000</ele>
			</trkpt>
			<trkpt lat="49.035870" lon="15.182228">
				<ele>658.000000</ele>
			</trkpt>
			<trkpt lat="49.036029" lon="15.181815">
				<ele>658.000000</ele>
			</trkpt>
			<trkpt lat="49.036318" lon="15.181007">
				<ele>656.000000</ele>
			</trkpt>
			<trkpt lat="49.036453" lon="15.180657">
				<ele>656.000000</ele>
			</trkpt>
			<trkpt lat="49.036529" lon="15.180477">
				<ele>656.000000</ele>
			</trkpt>
			<trkpt lat="49.036636" lon="15.180127">
				<ele>655.000000</ele>
			</trkpt>
			<trkpt lat="49.036689" lon="15.179974">
				<ele>655.000000</ele>
			</trkpt>
			<trkpt lat="49.036759" lon="15.179867">
				<ele>654.000000</ele>
			</trkpt>
			<trkpt lat="49.036759" lon="15.179867">
				<ele>654.000000</ele>
			</trkpt>
			<trkpt lat="49.036777" lon="15.179840">
				<ele>654.000000</ele>
			</trkpt>
			<trkpt lat="49.036836" lon="15.179741">
				<ele>654.000000</ele>
			</trkpt>
			<trkpt lat="49.036889" lon="15.179660">
				<ele>653.000000</ele>
			</trkpt>
			<trkpt lat="49.036924" lon="15.179561">
				<ele>653.000000</ele>
			</trkpt>
			<trkpt lat="49.036971" lon="15.179427">
				<ele>652.000000</ele>
			</trkpt>
			<trkpt lat="49.037007" lon="15.179291">
				<ele>652.000000</ele>
			</trkpt>
			<trkpt lat="49.037060" lon="15.179165">
				<ele>651.000000</ele>
			</trkpt>
			<trkpt lat="49.037331" lon="15.178618">
				<ele>649.000000</ele>
			</trkpt>
			<trkpt lat="49.037513" lon="15.178186">
				<ele>646.000000</ele>
			</trkpt>
			<trkpt lat="49.037619" lon="15.177980">
				<ele>645.000000</ele>
			</trkpt>
			<trkpt lat="49.037708" lon="15.177827">
				<ele>645.000000</ele>
			</trkpt>
			<trkpt lat="49.037784" lon="15.177674">
				<ele>644.000000</ele>
			</trkpt>
			<trkpt lat="49.037837" lon="15.177530">
				<ele>644.000000</ele>
			</trkpt>
			<trkpt lat="49.037908" lon="15.177297">
				<ele>644.000000</ele>
			</trkpt>
			<trkpt lat="49.038044" lon="15.176830">
				<ele>643.000000</ele>
			</trkpt>
			<trkpt lat="49.038161" lon="15.176480">
				<ele>642.000000</ele>
			</trkpt>
			<trkpt lat="49.038190" lon="15.176391">
				<ele>642.000000</ele>
			</trkpt>
			<trkpt lat="49.038226" lon="15.176328">
				<ele>642.000000</ele>
			</trkpt>
			<trkpt lat="49.038326" lon="15.176201">
				<ele>641.000000</ele>
			</trkpt>
			<trkpt lat="49.038379" lon="15.176138">
				<ele>641.000000</ele>
			</trkpt>
			<trkpt lat="49.038414" lon="15.176049">
				<ele>641.000000</ele>
			</trkpt>
			<trkpt lat="49.038432" lon="15.175941">
				<ele>641.000000</ele>
			</trkpt>
			<trkpt lat="49.038432" lon="15.175788">
				<ele>640.000000</ele>
			</trkpt>
			<trkpt lat="49.038432" lon="15.175645">
				<ele>640.000000</ele>
			</trkpt>
			<trkpt lat="49.038461" lon="15.175536">
				<ele>640.000000</ele>
			</trkpt>
			<trkpt lat="49.038432" lon="15.175438">
				<ele>640.000000</ele>
			</trkpt>
			<trkpt lat="49.038408" lon="15.175339">
				<ele>640.000000</ele>
			</trkpt>
			<trkpt lat="49.038373" lon="15.175024">
				<ele>640.000000</ele>
			</trkpt>
			<trkpt lat="49.038361" lon="15.174844">
				<ele>640.000000</ele>
			</trkpt>
			<trkpt lat="49.038379" lon="15.174647">
				<ele>640.000000</ele>
			</trkpt>
			<trkpt lat="49.038408" lon="15.174423">
				<ele>640.000000</ele>
			</trkpt>
			<trkpt lat="49.038455" lon="15.174207">
				<ele>640.000000</ele>
			</trkpt>
			<trkpt lat="49.038697" lon="15.173372">
				<ele>640.000000</ele>
			</trkpt>
			<trkpt lat="49.038762" lon="15.173138">
				<ele>640.000000</ele>
			</trkpt>
			<trkpt lat="49.038897" lon="15.172716">
				<ele>640.000000</ele>
			</trkpt>
			<trkpt lat="49.038956" lon="15.172554">
				<ele>640.000000</ele>
			</trkpt>
			<trkpt lat="49.039021" lon="15.172429">
				<ele>640.000000</ele>
			</trkpt>
			<trkpt lat="49.039074" lon="15.172330">
				<ele>640.000000</ele>
			</trkpt>
			<trkpt lat="49.039139" lon="15.172249">
				<ele>640.000000</ele>
			</trkpt>
			<trkpt lat="49.039339" lon="15.172078">
				<ele>640.000000</ele>
			</trkpt>
			<trkpt lat="49.039480" lon="15.171934">
				<ele>640.000000</ele>
			</trkpt>
			<trkpt lat="49.039574" lon="15.171827">
				<ele>640.000000</ele>
			</trkpt>
			<trkpt lat="49.039663" lon="15.171691">
				<ele>640.000000</ele>
			</trkpt>
			<trkpt lat="49.039751" lon="15.171504">
				<ele>640.000000</ele>
			</trkpt>
			<trkpt lat="49.039881" lon="15.171188">
				<ele>640.000000</ele>
			</trkpt>
			<trkpt lat="49.040069" lon="15.170695">
				<ele>640.000000</ele>
			</trkpt>
			<trkpt lat="49.040134" lon="15.170533">
				<ele>640.000000</ele>
			</trkpt>
			<trkpt lat="49.040193" lon="15.170335">
				<ele>640.000000</ele>
			</trkpt>
			<trkpt lat="49.040240" lon="15.170138">
				<ele>640.000000</ele>
			</trkpt>
			<trkpt lat="49.040269" lon="15.169930">
				<ele>640.000000</ele>
			</trkpt>
			<trkpt lat="49.040275" lon="15.169680">
				<ele>640.000000</ele>
			</trkpt>
			<trkpt lat="49.040258" lon="15.169419">
				<ele>640.000000</ele>
			</trkpt>
			<trkpt lat="49.040234" lon="15.169204">
				<ele>640.000000</ele>
			</trkpt>
			<trkpt lat="49.040187" lon="15.168961">
				<ele>640.000000</ele>
			</trkpt>
			<trkpt lat="49.040122" lon="15.168737">
				<ele>640.000000</ele>
			</trkpt>
			<trkpt lat="49.040051" lon="15.168611">
				<ele>640.000000</ele>
			</trkpt>
			<trkpt lat="49.039957" lon="15.168467">
				<ele>640.000000</ele>
			</trkpt>
			<trkpt lat="49.039863" lon="15.168368">
				<ele>639.000000</ele>
			</trkpt>
			<trkpt lat="49.039792" lon="15.168296">
				<ele>639.000000</ele>
			</trkpt>
			<trkpt lat="49.039727" lon="15.168242">
				<ele>639.000000</ele>
			</trkpt>
			<trkpt lat="49.039639" lon="15.168206">
				<ele>639.000000</ele>
			</trkpt>
			<trkpt lat="49.039498" lon="15.168162">
				<ele>639.000000</ele>
			</trkpt>
			<trkpt lat="49.039380" lon="15.168135">
				<ele>639.000000</ele>
			</trkpt>
			<trkpt lat="49.038986" lon="15.168081">
				<ele>638.000000</ele>
			</trkpt>
			<trkpt lat="49.038868" lon="15.168081">
				<ele>638.000000</ele>
			</trkpt>
			<trkpt lat="49.038768" lon="15.168081">
				<ele>638.000000</ele>
			</trkpt>
			<trkpt lat="49.038667" lon="15.168116">
				<ele>637.000000</ele>
			</trkpt>
			<trkpt lat="49.038561" lon="15.168171">
				<ele>637.000000</ele>
			</trkpt>
			<trkpt lat="49.038444" lon="15.168188">
				<ele>637.000000</ele>
			</trkpt>
			<trkpt lat="49.038338" lon="15.168188">
				<ele>637.000000</ele>
			</trkpt>
			<trkpt lat="49.038167" lon="15.168171">
				<ele>637.000000</ele>
			</trkpt>
			<trkpt lat="49.037902" lon="15.168143">
				<ele>636.000000</ele>
			</trkpt>
			<trkpt lat="49.037572" lon="15.168143">
				<ele>636.000000</ele>
			</trkpt>
			<trkpt lat="49.037248" lon="15.168089">
				<ele>635.000000</ele>
			</trkpt>
			<trkpt lat="49.037048" lon="15.168026">
				<ele>635.000000</ele>
			</trkpt>
			<trkpt lat="49.036871" lon="15.167936">
				<ele>635.000000</ele>
			</trkpt>
			<trkpt lat="49.036671" lon="15.167785">
				<ele>635.000000</ele>
			</trkpt>
			<trkpt lat="49.035246" lon="15.166517">
				<ele>635.000000</ele>
			</trkpt>
			<trkpt lat="49.034468" lon="15.165862">
				<ele>635.000000</ele>
			</trkpt>
			<trkpt lat="49.034445" lon="15.165835">
				<ele>635.000000</ele>
			</trkpt>
			<trkpt lat="49.034415" lon="15.165790">
				<ele>635.000000</ele>
			</trkpt>
			<trkpt lat="49.034380" lon="15.165691">
				<ele>635.000000</ele>
			</trkpt>
			<trkpt lat="49.034374" lon="15.165575">
				<ele>635.000000</ele>
			</trkpt>
			<trkpt lat="49.034392" lon="15.165439">
				<ele>635.000000</ele>
			</trkpt>
			<trkpt lat="49.034410" lon="15.165286">
				<ele>635.000000</ele>
			</trkpt>
			<trkpt lat="49.034410" lon="15.165152">
				<ele>635.000000</ele>
			</trkpt>
			<trkpt lat="49.034392" lon="15.164999">
				<ele>635.000000</ele>
			</trkpt>
			<trkpt lat="49.034339" lon="15.164766">
				<ele>635.000000</ele>
			</trkpt>
			<trkpt lat="49.034286" lon="15.164577">
				<ele>635.000000</ele>
			</trkpt>
			<trkpt lat="49.034221" lon="15.164406">
				<ele>635.000000</ele>
			</trkpt>
			<trkpt lat="49.034156" lon="15.164254">
				<ele>635.000000</ele>
			</trkpt>
			<trkpt lat="49.034103" lon="15.164137">
				<ele>635.000000</ele>
			</trkpt>
			<trkpt lat="49.034033" lon="15.164038">
				<ele>635.000000</ele>
			</trkpt>
			<trkpt lat="49.033962" lon="15.163940">
				<ele>635.000000</ele>
			</trkpt>
			<trkpt lat="49.033873" lon="15.163850">
				<ele>635.000000</ele>
			</trkpt>
			<trkpt lat="49.033762" lon="15.163760">
				<ele>635.000000</ele>
			</trkpt>
			<trkpt lat="49.033602" lon="15.163625">
				<ele>635.000000</ele>
			</trkpt>
			<trkpt lat="49.033438" lon="15.163490">
				<ele>635.000000</ele>
			</trkpt>
			<trkpt lat="49.033285" lon="15.163311">
				<ele>635.000000</ele>
			</trkpt>
			<trkpt lat="49.033108" lon="15.163104">
				<ele>635.000000</ele>
			</trkpt>
			<trkpt lat="49.032737" lon="15.162663">
				<ele>635.000000</ele>
			</trkpt>
			<trkpt lat="49.032472" lon="15.162376">
				<ele>635.000000</ele>
			</trkpt>
			<trkpt lat="49.032307" lon="15.162196">
				<ele>635.000000</ele>
			</trkpt>
			<trkpt lat="49.031966" lon="15.161856">
				<ele>635.000000</ele>
			</trkpt>
			<trkpt lat="49.031848" lon="15.161720">
				<ele>635.000000</ele>
			</trkpt>
			<trkpt lat="49.031771" lon="15.161613">
				<ele>635.000000</ele>
			</trkpt>
			<trkpt lat="49.031706" lon="15.161514">
				<ele>635.000000</ele>
			</trkpt>
			<trkpt lat="49.031636" lon="15.161380">
				<ele>635.000000</ele>
			</trkpt>
			<trkpt lat="49.031589" lon="15.161254">
				<ele>635.000000</ele>
			</trkpt>
			<trkpt lat="49.031435" lon="15.160858">
				<ele>635.000000</ele>
			</trkpt>
			<trkpt lat="49.031376" lon="15.160732">
				<ele>635.000000</ele>
			</trkpt>
			<trkpt lat="49.031312" lon="15.160634">
				<ele>635.000000</ele>
			</trkpt>
			<trkpt lat="49.031176" lon="15.160462">
				<ele>635.000000</ele>
			</trkpt>
			<trkpt lat="49.031058" lon="15.160319">
				<ele>635.000000</ele>
			</trkpt>
			<trkpt lat="49.030970" lon="15.160229">
				<ele>635.000000</ele>
			</trkpt>
			<trkpt lat="49.030882" lon="15.160139">
				<ele>635.000000</ele>
			</trkpt>
			<trkpt lat="49.030781" lon="15.160076">
				<ele>635.000000</ele>
			</trkpt>
			<trkpt lat="49.030693" lon="15.160032">
				<ele>635.000000</ele>
			</trkpt>
			<trkpt lat="49.030582" lon="15.160005">
				<ele>635.000000</ele>
			</trkpt>
			<trkpt lat="49.030475" lon="15.159986">
				<ele>635.000000</ele>
			</trkpt>
			<trkpt lat="49.030352" lon="15.159986">
				<ele>635.000000</ele>
			</trkpt>
			<trkpt lat="49.030204" lon="15.160013">
				<ele>635.000000</ele>
			</trkpt>
			<trkpt lat="49.030034" lon="15.160059">
				<ele>635.000000</ele>
			</trkpt>
			<trkpt lat="49.029875" lon="15.160095">
				<ele>635.000000</ele>
			</trkpt>
			<trkpt lat="49.029298" lon="15.160319">
				<ele>635.000000</ele>
			</trkpt>
			<trkpt lat="49.029180" lon="15.160355">
				<ele>635.000000</ele>
			</trkpt>
			<trkpt lat="49.029109" lon="15.160372">
				<ele>635.000000</ele>
			</trkpt>
			<trkpt lat="49.029038" lon="15.160355">
				<ele>635.000000</ele>
			</trkpt>
			<trkpt lat="49.028962" lon="15.160311">
				<ele>635.000000</ele>
			</trkpt>
			<trkpt lat="49.028832" lon="15.160221">
				<ele>635.000000</ele>
			</trkpt>
			<trkpt lat="49.028685" lon="15.160076">
				<ele>635.000000</ele>
			</trkpt>
			<trkpt lat="49.028473" lon="15.159906">
				<ele>635.000000</ele>
			</trkpt>
			<trkpt lat="49.028414" lon="15.159852">
				<ele>635.000000</ele>
			</trkpt>
			<trkpt lat="49.028373" lon="15.159789">
				<ele>635.000000</ele>
			</trkpt>
			<trkpt lat="49.028225" lon="15.159556">
				<ele>635.000000</ele>
			</trkpt>
			<trkpt lat="49.028149" lon="15.159466">
				<ele>635.000000</ele>
			</trkpt>
			<trkpt lat="49.027913" lon="15.159241">
				<ele>635.000000</ele>
			</trkpt>
			<trkpt lat="49.027466" lon="15.158846">
				<ele>636.000000</ele>
			</trkpt>
			<trkpt lat="49.027242" lon="15.158630">
				<ele>637.000000</ele>
			</trkpt>
			<trkpt lat="49.027165" lon="15.158558">
				<ele>637.000000</ele>
			</trkpt>
			<trkpt lat="49.027036" lon="15.158460">
				<ele>637.000000</ele>
			</trkpt>
			<trkpt lat="49.026959" lon="15.158405">
				<ele>637.000000</ele>
			</trkpt>
			<trkpt lat="49.026835" lon="15.158244">
				<ele>638.000000</ele>
			</trkpt>
			<trkpt lat="49.026782" lon="15.158217">
				<ele>638.000000</ele>
			</trkpt>
			<trkpt lat="49.026387" lon="15.157984">
				<ele>639.000000</ele>
			</trkpt>
			<trkpt lat="49.026305" lon="15.157938">
				<ele>639.000000</ele>
			</trkpt>
			<trkpt lat="49.026217" lon="15.157911">
				<ele>639.000000</ele>
			</trkpt>
			<trkpt lat="49.026140" lon="15.157911">
				<ele>639.000000</ele>
			</trkpt>
			<trkpt lat="49.026063" lon="15.157921">
				<ele>640.000000</ele>
			</trkpt>
			<trkpt lat="49.025981" lon="15.157957">
				<ele>640.000000</ele>
			</trkpt>
			<trkpt lat="49.025892" lon="15.157992">
				<ele>640.000000</ele>
			</trkpt>
			<trkpt lat="49.025640" lon="15.158154">
				<ele>641.000000</ele>
			</trkpt>
			<trkpt lat="49.025534" lon="15.158227">
				<ele>641.000000</ele>
			</trkpt>
			<trkpt lat="49.025451" lon="15.158235">
				<ele>642.000000</ele>
			</trkpt>
			<trkpt lat="49.025286" lon="15.158227">
				<ele>642.000000</ele>
			</trkpt>
			<trkpt lat="49.025027" lon="15.158198">
				<ele>643.000000</ele>
			</trkpt>
			<trkpt lat="49.024921" lon="15.158181">
				<ele>644.000000</ele>
			</trkpt>
			<trkpt lat="49.024809" lon="15.158154">
				<ele>644.000000</ele>
			</trkpt>
			<trkpt lat="49.024526" lon="15.158028">
				<ele>646.000000</ele>
			</trkpt>
			<trkpt lat="49.024468" lon="15.158280">
				<ele>645.000000</ele>
			</trkpt>
			<trkpt lat="49.024443" lon="15.158523">
				<ele>645.000000</ele>
			</trkpt>
			<trkpt lat="49.024361" lon="15.158558">
				<ele>645.000000</ele>
			</trkpt>
			<trkpt lat="49.024197" lon="15.158684">
				<ele>645.000000</ele>
			</trkpt>
			<trkpt lat="49.024085" lon="15.158730">
				<ele>645.000000</ele>
			</trkpt>
			<trkpt lat="49.023696" lon="15.158451">
				<ele>647.000000</ele>
			</trkpt>
			<trkpt lat="49.023271" lon="15.158172">
				<ele>649.000000</ele>
			</trkpt>
			<trkpt lat="49.023201" lon="15.158118">
				<ele>650.000000</ele>
			</trkpt>
			<trkpt lat="49.022518" lon="15.157651">
				<ele>655.000000</ele>
			</trkpt>
			<trkpt lat="49.022476" lon="15.157571">
				<ele>655.000000</ele>
			</trkpt>
			<trkpt lat="49.022382" lon="15.157355">
				<ele>657.000000</ele>
			</trkpt>
			<trkpt lat="49.022247" lon="15.157049">
				<ele>659.000000</ele>
			</trkpt>
			<trkpt lat="49.021970" lon="15.156393">
				<ele>663.000000</ele>
			</trkpt>
			<trkpt lat="49.021828" lon="15.156088">
				<ele>665.000000</ele>
			</trkpt>
			<trkpt lat="49.021758" lon="15.155953">
				<ele>666.000000</ele>
			</trkpt>
			<trkpt lat="49.021675" lon="15.155837">
				<ele>666.000000</ele>
			</trkpt>
			<trkpt lat="49.021486" lon="15.155585">
				<ele>667.000000</ele>
			</trkpt>
			<trkpt lat="49.021386" lon="15.155657">
				<ele>668.000000</ele>
			</trkpt>
			<trkpt lat="49.021286" lon="15.155711">
				<ele>669.000000</ele>
			</trkpt>
			<trkpt lat="49.021180" lon="15.155747">
				<ele>669.000000</ele>
			</trkpt>
			<trkpt lat="49.021092" lon="15.155774">
				<ele>670.000000</ele>
			</trkpt>
			<trkpt lat="49.020974" lon="15.155801">
				<ele>670.000000</ele>
			</trkpt>
			<trkpt lat="49.020839" lon="15.155845">
				<ele>670.000000</ele>
			</trkpt>
			<trkpt lat="49.020750" lon="15.155900">
				<ele>670.000000</ele>
			</trkpt>
			<trkpt lat="49.020638" lon="15.155963">
				<ele>670.000000</ele>
			</trkpt>
			<trkpt lat="49.020544" lon="15.156061">
				<ele>670.000000</ele>
			</trkpt>
			<trkpt lat="49.020444" lon="15.156169">
				<ele>670.000000</ele>
			</trkpt>
			<trkpt lat="49.020155" lon="15.156556">
				<ele>670.000000</ele>
			</trkpt>
			<trkpt lat="49.020090" lon="15.156619">
				<ele>670.000000</ele>
			</trkpt>
			<trkpt lat="49.020026" lon="15.156672">
				<ele>670.000000</ele>
			</trkpt>
			<trkpt lat="49.019955" lon="15.156699">
				<ele>670.000000</ele>
			</trkpt>
			<trkpt lat="49.019866" lon="15.156743">
				<ele>670.000000</ele>
			</trkpt>
			<trkpt lat="49.019701" lon="15.156770">
				<ele>670.000000</ele>
			</trkpt>
			<trkpt lat="49.019407" lon="15.156797">
				<ele>670.000000</ele>
			</trkpt>
			<trkpt lat="49.019265" lon="15.156806">
				<ele>670.000000</ele>
			</trkpt>
			<trkpt lat="49.019148" lon="15.156797">
				<ele>670.000000</ele>
			</trkpt>
			<trkpt lat="49.019013" lon="15.156770">
				<ele>670.000000</ele>
			</trkpt>
			<trkpt lat="49.018859" lon="15.156709">
				<ele>670.000000</ele>
			</trkpt>
			<trkpt lat="49.018553" lon="15.156573">
				<ele>669.000000</ele>
			</trkpt>
			<trkpt lat="49.018028" lon="15.156267">
				<ele>669.000000</ele>
			</trkpt>
			<trkpt lat="49.017751" lon="15.156133">
				<ele>668.000000</ele>
			</trkpt>
			<trkpt lat="49.017528" lon="15.156053">
				<ele>668.000000</ele>
			</trkpt>
			<trkpt lat="49.017275" lon="15.155998">
				<ele>668.000000</ele>
			</trkpt>
			<trkpt lat="49.016945" lon="15.155953">
				<ele>668.000000</ele>
			</trkpt>
			<trkpt lat="49.016756" lon="15.155935">
				<ele>667.000000</ele>
			</trkpt>
			<trkpt lat="49.016621" lon="15.155935">
				<ele>667.000000</ele>
			</trkpt>
			<trkpt lat="49.016491" lon="15.155953">
				<ele>667.000000</ele>
			</trkpt>
			<trkpt lat="49.016338" lon="15.155990">
				<ele>667.000000</ele>
			</trkpt>
			<trkpt lat="49.015872" lon="15.156114">
				<ele>666.000000</ele>
			</trkpt>
			<trkpt lat="49.015731" lon="15.156143">
				<ele>666.000000</ele>
			</trkpt>
			<trkpt lat="49.015636" lon="15.156151">
				<ele>666.000000</ele>
			</trkpt>
			<trkpt lat="49.015325" lon="15.156169">
				<ele>666.000000</ele>
			</trkpt>
			<trkpt lat="49.015124" lon="15.156177">
				<ele>666.000000</ele>
			</trkpt>
			<trkpt lat="49.014900" lon="15.156223">
				<ele>665.000000</ele>
			</trkpt>
			<trkpt lat="49.014659" lon="15.156277">
				<ele>665.000000</ele>
			</trkpt>
			<trkpt lat="49.014488" lon="15.156286">
				<ele>665.000000</ele>
			</trkpt>
			<trkpt lat="49.014270" lon="15.156303">
				<ele>665.000000</ele>
			</trkpt>
			<trkpt lat="49.014081" lon="15.156357">
				<ele>664.000000</ele>
			</trkpt>
			<trkpt lat="49.013657" lon="15.156501">
				<ele>664.000000</ele>
			</trkpt>
			<trkpt lat="49.013533" lon="15.156519">
				<ele>664.000000</ele>
			</trkpt>
			<trkpt lat="49.013397" lon="15.156519">
				<ele>663.000000</ele>
			</trkpt>
			<trkpt lat="49.013162" lon="15.156501">
				<ele>663.000000</ele>
			</trkpt>
			<trkpt lat="49.012968" lon="15.156466">
				<ele>663.000000</ele>
			</trkpt>
			<trkpt lat="49.012838" lon="15.156447">
				<ele>663.000000</ele>
			</trkpt>
			<trkpt lat="49.012526" lon="15.156447">
				<ele>662.000000</ele>
			</trkpt>
			<trkpt lat="49.012367" lon="15.156447">
				<ele>662.000000</ele>
			</trkpt>
			<trkpt lat="49.012202" lon="15.156403">
				<ele>662.000000</ele>
			</trkpt>
			<trkpt lat="49.012031" lon="15.156367">
				<ele>661.000000</ele>
			</trkpt>
			<trkpt lat="49.011589" lon="15.156187">
				<ele>661.000000</ele>
			</trkpt>
			<trkpt lat="49.011465" lon="15.156143">
				<ele>660.000000</ele>
			</trkpt>
			<trkpt lat="49.011282" lon="15.156097">
				<ele>660.000000</ele>
			</trkpt>
			<trkpt lat="49.011105" lon="15.156088">
				<ele>660.000000</ele>
			</trkpt>
			<trkpt lat="49.010817" lon="15.156088">
				<ele>660.000000</ele>
			</trkpt>
			<trkpt lat="49.010634" lon="15.156097">
				<ele>660.000000</ele>
			</trkpt>
			<trkpt lat="49.010475" lon="15.156143">
				<ele>660.000000</ele>
			</trkpt>
			<trkpt lat="49.010287" lon="15.156204">
				<ele>660.000000</ele>
			</trkpt>
			<trkpt lat="49.010234" lon="15.156231">
				<ele>660.000000</ele>
			</trkpt>
			<trkpt lat="49.010322" lon="15.155971">
				<ele>660.000000</ele>
			</trkpt>
			<trkpt lat="49.010410" lon="15.155657">
				<ele>660.000000</ele>
			</trkpt>
			<trkpt lat="49.010505" lon="15.155288">
				<ele>660.000000</ele>
			</trkpt>
			<trkpt lat="49.010605" lon="15.154803">
				<ele>660.000000</ele>
			</trkpt>
			<trkpt lat="49.010705" lon="15.154183">
				<ele>660.000000</ele>
			</trkpt>
			<trkpt lat="49.010794" lon="15.153573">
				<ele>660.000000</ele>
			</trkpt>
			<trkpt lat="49.010876" lon="15.152917">
				<ele>660.000000</ele>
			</trkpt>
			<trkpt lat="49.010929" lon="15.152369">
				<ele>660.000000</ele>
			</trkpt>
			<trkpt lat="49.010947" lon="15.152063">
				<ele>660.000000</ele>
			</trkpt>
			<trkpt lat="49.010940" lon="15.151803">
				<ele>660.000000</ele>
			</trkpt>
			<trkpt lat="49.010911" lon="15.151615">
				<ele>660.000000</ele>
			</trkpt>
			<trkpt lat="49.010823" lon="15.151066">
				<ele>660.000000</ele>
			</trkpt>
			<trkpt lat="49.010799" lon="15.150725">
				<ele>660.000000</ele>
			</trkpt>
			<trkpt lat="49.010799" lon="15.150464">
				<ele>660.000000</ele>
			</trkpt>
			<trkpt lat="49.010823" lon="15.150195">
				<ele>660.000000</ele>
			</trkpt>
			<trkpt lat="49.010870" lon="15.149889">
				<ele>660.000000</ele>
			</trkpt>
			<trkpt lat="49.010953" lon="15.149575">
				<ele>660.000000</ele>
			</trkpt>
			<trkpt lat="49.011006" lon="15.149422">
				<ele>660.000000</ele>
			</trkpt>
			<trkpt lat="49.011059" lon="15.149261">
				<ele>660.000000</ele>
			</trkpt>
			<trkpt lat="49.011312" lon="15.148713">
				<ele>660.000000</ele>
			</trkpt>
			<trkpt lat="49.011412" lon="15.148443">
				<ele>660.000000</ele>
			</trkpt>
			<trkpt lat="49.011477" lon="15.148210">
				<ele>660.000000</ele>
			</trkpt>
			<trkpt lat="49.011494" lon="15.148084">
				<ele>660.000000</ele>
			</trkpt>
			<trkpt lat="49.011500" lon="15.147967">
				<ele>660.000000</ele>
			</trkpt>
			<trkpt lat="49.011512" lon="15.147860">
				<ele>660.000000</ele>
			</trkpt>
			<trkpt lat="49.011500" lon="15.147715">
				<ele>660.000000</ele>
			</trkpt>
			<trkpt lat="49.011459" lon="15.147374">
				<ele>660.000000</ele>
			</trkpt>
			<trkpt lat="49.011424" lon="15.147051">
				<ele>660.000000</ele>
			</trkpt>
			<trkpt lat="49.011394" lon="15.146745">
				<ele>660.000000</ele>
			</trkpt>
			<trkpt lat="49.011394" lon="15.146449">
				<ele>660.000000</ele>
			</trkpt>
			<trkpt lat="49.011412" lon="15.146162">
				<ele>660.000000</ele>
			</trkpt>
			<trkpt lat="49.011459" lon="15.145650">
				<ele>660.000000</ele>
			</trkpt>
			<trkpt lat="49.011471" lon="15.145353">
				<ele>660.000000</ele>
			</trkpt>
			<trkpt lat="49.011459" lon="15.145200">
				<ele>660.000000</ele>
			</trkpt>
			<trkpt lat="49.011459" lon="15.145191">
				<ele>660.000000</ele>
			</trkpt>
			<trkpt lat="49.011459" lon="15.145191">
				<ele>660.000000</ele>
			</trkpt>
			<trkpt lat="49.011441" lon="15.145038">
				<ele>660.000000</ele>
			</trkpt>
			<trkpt lat="49.011371" lon="15.144707">
				<ele>660.000000</ele>
			</trkpt>
			<trkpt lat="49.011335" lon="15.144491">
				<ele>660.000000</ele>
			</trkpt>
			<trkpt lat="49.011318" lon="15.144275">
				<ele>660.000000</ele>
			</trkpt>
			<trkpt lat="49.011329" lon="15.144069">
				<ele>660.000000</ele>
			</trkpt>
			<trkpt lat="49.011365" lon="15.143871">
				<ele>660.000000</ele>
			</trkpt>
			<trkpt lat="49.011430" lon="15.143700">
				<ele>659.000000</ele>
			</trkpt>
			<trkpt lat="49.011506" lon="15.143493">
				<ele>658.000000</ele>
			</trkpt>
			<trkpt lat="49.011618" lon="15.143306">
				<ele>658.000000</ele>
			</trkpt>
			<trkpt lat="49.011830" lon="15.142973">
				<ele>656.000000</ele>
			</trkpt>
			<trkpt lat="49.012119" lon="15.142505">
				<ele>654.000000</ele>
			</trkpt>
			<trkpt lat="49.012455" lon="15.142048">
				<ele>652.000000</ele>
			</trkpt>
			<trkpt lat="49.012750" lon="15.141652">
				<ele>650.000000</ele>
			</trkpt>
			<trkpt lat="49.013374" lon="15.140843">
				<ele>647.000000</ele>
			</trkpt>
			<trkpt lat="49.013186" lon="15.140187">
				<ele>646.000000</ele>
			</trkpt>
			<trkpt lat="49.012879" lon="15.139065">
				<ele>645.000000</ele>
			</trkpt>
			<trkpt lat="49.012838" lon="15.138912">
				<ele>645.000000</ele>
			</trkpt>
			<trkpt lat="49.012785" lon="15.138805">
				<ele>645.000000</ele>
			</trkpt>
			<trkpt lat="49.012703" lon="15.138696">
				<ele>645.000000</ele>
			</trkpt>
			<trkpt lat="49.012602" lon="15.138598">
				<ele>645.000000</ele>
			</trkpt>
			<trkpt lat="49.012278" lon="15.138310">
				<ele>645.000000</ele>
			</trkpt>
			<trkpt lat="49.012178" lon="15.138247">
				<ele>645.000000</ele>
			</trkpt>
			<trkpt lat="49.012054" lon="15.138157">
				<ele>644.000000</ele>
			</trkpt>
			<trkpt lat="49.011872" lon="15.138050">
				<ele>643.000000</ele>
			</trkpt>
			<trkpt lat="49.011760" lon="15.137950">
				<ele>642.000000</ele>
			</trkpt>
			<trkpt lat="49.011659" lon="15.137834">
				<ele>641.000000</ele>
			</trkpt>
			<trkpt lat="49.011589" lon="15.137681">
				<ele>640.000000</ele>
			</trkpt>
			<trkpt lat="49.011424" lon="15.137313">
				<ele>638.000000</ele>
			</trkpt>
			<trkpt lat="49.011289" lon="15.136981">
				<ele>636.000000</ele>
			</trkpt>
			<trkpt lat="49.011183" lon="15.136694">
				<ele>635.000000</ele>
			</trkpt>
			<trkpt lat="49.011105" lon="15.136532">
				<ele>634.000000</ele>
			</trkpt>
			<trkpt lat="49.011012" lon="15.136379">
				<ele>633.000000</ele>
			</trkpt>
			<trkpt lat="49.010894" lon="15.136226">
				<ele>633.000000</ele>
			</trkpt>
			<trkpt lat="49.010817" lon="15.136145">
				<ele>632.000000</ele>
			</trkpt>
			<trkpt lat="49.010770" lon="15.136092">
				<ele>632.000000</ele>
			</trkpt>
			<trkpt lat="49.010746" lon="15.136019">
				<ele>632.000000</ele>
			</trkpt>
			<trkpt lat="49.010729" lon="15.135929">
				<ele>631.000000</ele>
			</trkpt>
			<trkpt lat="49.010670" lon="15.135589">
				<ele>630.000000</ele>
			</trkpt>
			<trkpt lat="49.010652" lon="15.135390">
				<ele>630.000000</ele>
			</trkpt>
			<trkpt lat="49.010634" lon="15.135203">
				<ele>630.000000</ele>
			</trkpt>
			<trkpt lat="49.010634" lon="15.134987">
				<ele>630.000000</ele>
			</trkpt>
			<trkpt lat="49.010658" lon="15.134879">
				<ele>630.000000</ele>
			</trkpt>
			<trkpt lat="49.010682" lon="15.134780">
				<ele>630.000000</ele>
			</trkpt>
			<trkpt lat="49.010735" lon="15.134681">
				<ele>630.000000</ele>
			</trkpt>
			<trkpt lat="49.010817" lon="15.134591">
				<ele>630.000000</ele>
			</trkpt>
			<trkpt lat="49.010888" lon="15.134493">
				<ele>630.000000</ele>
			</trkpt>
			<trkpt lat="49.010934" lon="15.134384">
				<ele>630.000000</ele>
			</trkpt>
			<trkpt lat="49.010970" lon="15.134258">
				<ele>630.000000</ele>
			</trkpt>
			<trkpt lat="49.011000" lon="15.134124">
				<ele>630.000000</ele>
			</trkpt>
			<trkpt lat="49.011035" lon="15.133702">
				<ele>630.000000</ele>
			</trkpt>
			<trkpt lat="49.011052" lon="15.133369">
				<ele>630.000000</ele>
			</trkpt>
			<trkpt lat="49.011153" lon="15.133549">
				<ele>630.000000</ele>
			</trkpt>
			<trkpt lat="49.011259" lon="15.133711">
				<ele>631.000000</ele>
			</trkpt>
			<trkpt lat="49.011382" lon="15.133882">
				<ele>633.000000</ele>
			</trkpt>
			<trkpt lat="49.011494" lon="15.133998">
				<ele>634.000000</ele>
			</trkpt>
			<trkpt lat="49.011606" lon="15.134115">
				<ele>635.000000</ele>
			</trkpt>
			<trkpt lat="49.011736" lon="15.134205">
				<ele>635.000000</ele>
			</trkpt>
			<trkpt lat="49.011860" lon="15.134285">
				<ele>636.000000</ele>
			</trkpt>
			<trkpt lat="49.011989" lon="15.134348">
				<ele>636.000000</ele>
			</trkpt>
			<trkpt lat="49.012149" lon="15.134384">
				<ele>637.000000</ele>
			</trkpt>
			<trkpt lat="49.012420" lon="15.134411">
				<ele>637.000000</ele>
			</trkpt>
			<trkpt lat="49.012744" lon="15.134384">
				<ele>638.000000</ele>
			</trkpt>
			<trkpt lat="49.013033" lon="15.134358">
				<ele>639.000000</ele>
			</trkpt>
			<trkpt lat="49.013221" lon="15.134375">
				<ele>640.000000</ele>
			</trkpt>
			<trkpt lat="49.013433" lon="15.134421">
				<ele>640.000000</ele>
			</trkpt>
			<trkpt lat="49.013663" lon="15.134501">
				<ele>640.000000</ele>
			</trkpt>
			<trkpt lat="49.013892" lon="15.134637">
				<ele>640.000000</ele>
			</trkpt>
			<trkpt lat="49.014057" lon="15.134708">
				<ele>640.000000</ele>
			</trkpt>
			<trkpt lat="49.014305" lon="15.134763">
				<ele>640.000000</ele>
			</trkpt>
			<trkpt lat="49.014423" lon="15.134807">
				<ele>640.000000</ele>
			</trkpt>
			<trkpt lat="49.014488" lon="15.134834">
				<ele>640.000000</ele>
			</trkpt>
			<trkpt lat="49.014535" lon="15.134861">
				<ele>640.000000</ele>
			</trkpt>
			<trkpt lat="49.014570" lon="15.134914">
				<ele>640.000000</ele>
			</trkpt>
			<trkpt lat="49.014588" lon="15.134969">
				<ele>640.000000</ele>
			</trkpt>
			<trkpt lat="49.014664" lon="15.135363">
				<ele>640.000000</ele>
			</trkpt>
			<trkpt lat="49.014718" lon="15.135543">
				<ele>641.000000</ele>
			</trkpt>
			<trkpt lat="49.014776" lon="15.135705">
				<ele>641.000000</ele>
			</trkpt>
			<trkpt lat="49.014800" lon="15.135750">
				<ele>641.000000</ele>
			</trkpt>
			<trkpt lat="49.014829" lon="15.135786">
				<ele>641.000000</ele>
			</trkpt>
			<trkpt lat="49.014871" lon="15.135805">
				<ele>641.000000</ele>
			</trkpt>
			<trkpt lat="49.014906" lon="15.135813">
				<ele>641.000000</ele>
			</trkpt>
			<trkpt lat="49.014971" lon="15.135805">
				<ele>641.000000</ele>
			</trkpt>
			<trkpt lat="49.015036" lon="15.135777">
				<ele>641.000000</ele>
			</trkpt>
			<trkpt lat="49.015194" lon="15.135679">
				<ele>642.000000</ele>
			</trkpt>
			<trkpt lat="49.015530" lon="15.135409">
				<ele>643.000000</ele>
			</trkpt>
			<trkpt lat="49.015689" lon="15.135300">
				<ele>643.000000</ele>
			</trkpt>
			<trkpt lat="49.015843" lon="15.135193">
				<ele>643.000000</ele>
			</trkpt>
			<trkpt lat="49.015978" lon="15.135086">
				<ele>644.000000</ele>
			</trkpt>
			<trkpt lat="49.016167" lon="15.134906">
				<ele>644.000000</ele>
			</trkpt>
			<trkpt lat="49.016361" lon="15.134726">
				<ele>644.000000</ele>
			</trkpt>
			<trkpt lat="49.016573" lon="15.134574">
				<ele>645.000000</ele>
			</trkpt>
			<trkpt lat="49.016738" lon="15.134484">
				<ele>646.000000</ele>
			</trkpt>
			<trkpt lat="49.016880" lon="15.134358">
				<ele>646.000000</ele>
			</trkpt>
			<trkpt lat="49.017015" lon="15.134250">
				<ele>647.000000</ele>
			</trkpt>
			<trkpt lat="49.017163" lon="15.134097">
				<ele>648.000000</ele>
			</trkpt>
			<trkpt lat="49.017421" lon="15.133801">
				<ele>650.000000</ele>
			</trkpt>
			<trkpt lat="49.017881" lon="15.133182">
				<ele>653.000000</ele>
			</trkpt>
			<trkpt lat="49.017899" lon="15.133118">
				<ele>653.000000</ele>
			</trkpt>
			<trkpt lat="49.017887" lon="15.133037">
				<ele>653.000000</ele>
			</trkpt>
			<trkpt lat="49.017881" lon="15.132956">
				<ele>654.000000</ele>
			</trkpt>
			<trkpt lat="49.017846" lon="15.132813">
				<ele>654.000000</ele>
			</trkpt>
			<trkpt lat="49.017816" lon="15.132732">
				<ele>654.000000</ele>
			</trkpt>
			<trkpt lat="49.017793" lon="15.132642">
				<ele>655.000000</ele>
			</trkpt>
			<trkpt lat="49.017628" lon="15.132337">
				<ele>656.000000</ele>
			</trkpt>
			<trkpt lat="49.017604" lon="15.132310">
				<ele>656.000000</ele>
			</trkpt>
			<trkpt lat="49.017569" lon="15.132283">
				<ele>656.000000</ele>
			</trkpt>
			<trkpt lat="49.017528" lon="15.132291">
				<ele>656.000000</ele>
			</trkpt>
			<trkpt lat="49.017439" lon="15.132337">
				<ele>657.000000</ele>
			</trkpt>
			<trkpt lat="49.017380" lon="15.132363">
				<ele>657.000000</ele>
			</trkpt>
			<trkpt lat="49.017268" lon="15.132490">
				<ele>657.000000</ele>
			</trkpt>
			<trkpt lat="49.017203" lon="15.132526">
				<ele>658.000000</ele>
			</trkpt>
			<trkpt lat="49.017150" lon="15.132553">
				<ele>658.000000</ele>
			</trkpt>
			<trkpt lat="49.017098" lon="15.132570">
				<ele>658.000000</ele>
			</trkpt>
			<trkpt lat="49.017033" lon="15.132570">
				<ele>658.000000</ele>
			</trkpt>
			<trkpt lat="49.017027" lon="15.132400">
				<ele>659.000000</ele>
			</trkpt>
			<trkpt lat="49.016979" lon="15.132103">
				<ele>660.000000</ele>
			</trkpt>
			<trkpt lat="49.016868" lon="15.131447">
				<ele>660.000000</ele>
			</trkpt>
			<trkpt lat="49.016815" lon="15.131025">
				<ele>660.000000</ele>
			</trkpt>
			<trkpt lat="49.016774" lon="15.130981">
				<ele>660.000000</ele>
			</trkpt>
			<trkpt lat="49.016732" lon="15.130953">
				<ele>660.000000</ele>
			</trkpt>
			<trkpt lat="49.016615" lon="15.130908">
				<ele>660.000000</ele>
			</trkpt>
			<trkpt lat="49.016544" lon="15.130855">
				<ele>660.000000</ele>
			</trkpt>
			<trkpt lat="49.016273" lon="15.130593">
				<ele>660.000000</ele>
			</trkpt>
			<trkpt lat="49.015795" lon="15.130172">
				<ele>660.000000</ele>
			</trkpt>
			<trkpt lat="49.015907" lon="15.130073">
				<ele>660.000000</ele>
			</trkpt>
			<trkpt lat="49.016002" lon="15.129956">
				<ele>660.000000</ele>
			</trkpt>
			<trkpt lat="49.016102" lon="15.129830">
				<ele>660.000000</ele>
			</trkpt>
			<trkpt lat="49.016214" lon="15.129669">
				<ele>660.000000</ele>
			</trkpt>
			<trkpt lat="49.016308" lon="15.129516">
				<ele>660.000000</ele>
			</trkpt>
			<trkpt lat="49.016426" lon="15.129354">
				<ele>660.000000</ele>
			</trkpt>
			<trkpt lat="49.016644" lon="15.129094">
				<ele>660.000000</ele>
			</trkpt>
			<trkpt lat="49.016844" lon="15.128887">
				<ele>660.000000</ele>
			</trkpt>
			<trkpt lat="49.017309" lon="15.128438">
				<ele>660.000000</ele>
			</trkpt>
			<trkpt lat="49.017510" lon="15.128231">
				<ele>660.000000</ele>
			</trkpt>
			<trkpt lat="49.017586" lon="15.128142">
				<ele>660.000000</ele>
			</trkpt>
			<trkpt lat="49.017628" lon="15.128042">
				<ele>660.000000</ele>
			</trkpt>
			<trkpt lat="49.017651" lon="15.127943">
				<ele>660.000000</ele>
			</trkpt>
			<trkpt lat="49.017687" lon="15.127683">
				<ele>660.000000</ele>
			</trkpt>
			<trkpt lat="49.017746" lon="15.127513">
				<ele>660.000000</ele>
			</trkpt>
			<trkpt lat="49.017905" lon="15.127109">
				<ele>660.000000</ele>
			</trkpt>
			<trkpt lat="49.018034" lon="15.126830">
				<ele>660.000000</ele>
			</trkpt>
			<trkpt lat="49.018140" lon="15.126597">
				<ele>660.000000</ele>
			</trkpt>
			<trkpt lat="49.018258" lon="15.126371">
				<ele>660.000000</ele>
			</trkpt>
			<trkpt lat="49.018382" lon="15.126184">
				<ele>660.000000</ele>
			</trkpt>
			<trkpt lat="49.018529" lon="15.125977">
				<ele>660.000000</ele>
			</trkpt>
			<trkpt lat="49.018688" lon="15.125788">
				<ele>660.000000</ele>
			</trkpt>
			<trkpt lat="49.018871" lon="15.125599">
				<ele>660.000000</ele>
			</trkpt>
			<trkpt lat="49.019231" lon="15.125203">
				<ele>660.000000</ele>
			</trkpt>
			<trkpt lat="49.019584" lon="15.124763">
				<ele>659.000000</ele>
			</trkpt>
			<trkpt lat="49.019643" lon="15.124692">
				<ele>659.000000</ele>
			</trkpt>
			<trkpt lat="49.019696" lon="15.124629">
				<ele>658.000000</ele>
			</trkpt>
			<trkpt lat="49.019772" lon="15.124576">
				<ele>658.000000</ele>
			</trkpt>
			<trkpt lat="49.019843" lon="15.124521">
				<ele>657.000000</ele>
			</trkpt>
			<trkpt lat="49.019914" lon="15.124494">
				<ele>657.000000</ele>
			</trkpt>
			<trkpt lat="49.020067" lon="15.124450">
				<ele>656.000000</ele>
			</trkpt>
			<trkpt lat="49.020420" lon="15.124396">
				<ele>652.000000</ele>
			</trkpt>
			<trkpt lat="49.020526" lon="15.124369">
				<ele>650.000000</ele>
			</trkpt>
			<trkpt lat="49.020633" lon="15.124333">
				<ele>649.000000</ele>
			</trkpt>
			<trkpt lat="49.020768" lon="15.124234">
				<ele>646.000000</ele>
			</trkpt>
			<trkpt lat="49.020957" lon="15.124045">
				<ele>644.000000</ele>
			</trkpt>
			<trkpt lat="49.021033" lon="15.123991">
				<ele>643.000000</ele>
			</trkpt>
			<trkpt lat="49.021109" lon="15.123937">
				<ele>642.000000</ele>
			</trkpt>
			<trkpt lat="49.021210" lon="15.123893">
				<ele>641.000000</ele>
			</trkpt>
			<trkpt lat="49.021021" lon="15.122392">
				<ele>635.000000</ele>
			</trkpt>
			<trkpt lat="49.021016" lon="15.122293">
				<ele>635.000000</ele>
			</trkpt>
			<trkpt lat="49.020950" lon="15.121790">
				<ele>632.000000</ele>
			</trkpt>
			<trkpt lat="49.020909" lon="15.121467">
				<ele>630.000000</ele>
			</trkpt>
			<trkpt lat="49.020845" lon="15.121215">
				<ele>629.000000</ele>
			</trkpt>
			<trkpt lat="49.020780" lon="15.120955">
				<ele>627.000000</ele>
			</trkpt>
			<trkpt lat="49.020674" lon="15.120668">
				<ele>625.000000</ele>
			</trkpt>
			<trkpt lat="49.020538" lon="15.120379">
				<ele>623.000000</ele>
			</trkpt>
			<trkpt lat="49.020350" lon="15.120048">
				<ele>620.000000</ele>
			</trkpt>
			<trkpt lat="49.019967" lon="15.119419">
				<ele>615.000000</ele>
			</trkpt>
			<trkpt lat="49.019648" lon="15.118897">
				<ele>612.000000</ele>
			</trkpt>
			<trkpt lat="49.019460" lon="15.118557">
				<ele>610.000000</ele>
			</trkpt>
			<trkpt lat="49.019289" lon="15.118224">
				<ele>608.000000</ele>
			</trkpt>
			<trkpt lat="49.019113" lon="15.117847">
				<ele>606.000000</ele>
			</trkpt>
			<trkpt lat="49.018871" lon="15.117335">
				<ele>603.000000</ele>
			</trkpt>
			<trkpt lat="49.018629" lon="15.116886">
				<ele>600.000000</ele>
			</trkpt>
			<trkpt lat="49.018358" lon="15.116446">
				<ele>599.000000</ele>
			</trkpt>
			<trkpt lat="49.018034" lon="15.115970">
				<ele>597.000000</ele>
			</trkpt>
			<trkpt lat="49.017969" lon="15.115871">
				<ele>596.000000</ele>
			</trkpt>
			<trkpt lat="49.017828" lon="15.115538">
				<ele>595.000000</ele>
			</trkpt>
			<trkpt lat="49.017781" lon="15.115475">
				<ele>595.000000</ele>
			</trkpt>
			<trkpt lat="49.017746" lon="15.115421">
				<ele>595.000000</ele>
			</trkpt>
			<trkpt lat="49.017916" lon="15.114909">
				<ele>595.000000</ele>
			</trkpt>
			<trkpt lat="49.018046" lon="15.114513">
				<ele>595.000000</ele>
			</trkpt>
			<trkpt lat="49.018117" lon="15.114200">
				<ele>595.000000</ele>
			</trkpt>
			<trkpt lat="49.018152" lon="15.114020">
				<ele>595.000000</ele>
			</trkpt>
			<trkpt lat="49.018170" lon="15.113823">
				<ele>594.000000</ele>
			</trkpt>
			<trkpt lat="49.018170" lon="15.113624">
				<ele>594.000000</ele>
			</trkpt>
			<trkpt lat="49.018152" lon="15.113410">
				<ele>593.000000</ele>
			</trkpt>
			<trkpt lat="49.018111" lon="15.113068">
				<ele>593.000000</ele>
			</trkpt>
			<trkpt lat="49.018058" lon="15.112762">
				<ele>592.000000</ele>
			</trkpt>
			<trkpt lat="49.017958" lon="15.112385">
				<ele>591.000000</ele>
			</trkpt>
			<trkpt lat="49.017852" lon="15.112016">
				<ele>590.000000</ele>
			</trkpt>
			<trkpt lat="49.017822" lon="15.111739">
				<ele>590.000000</ele>
			</trkpt>
			<trkpt lat="49.017810" lon="15.111532">
				<ele>590.000000</ele>
			</trkpt>
			<trkpt lat="49.017816" lon="15.111297">
				<ele>590.000000</ele>
			</trkpt>
			<trkpt lat="49.017816" lon="15.111073">
				<ele>590.000000</ele>
			</trkpt>
			<trkpt lat="49.017822" lon="15.110697">
				<ele>590.000000</ele>
			</trkpt>
			<trkpt lat="49.017834" lon="15.110381">
				<ele>590.000000</ele>
			</trkpt>
			<trkpt lat="49.017899" lon="15.109718">
				<ele>590.000000</ele>
			</trkpt>
			<trkpt lat="49.017916" lon="15.109429">
				<ele>590.000000</ele>
			</trkpt>
			<trkpt lat="49.017934" lon="15.108720">
				<ele>590.000000</ele>
			</trkpt>
			<trkpt lat="49.017922" lon="15.107974">
				<ele>590.000000</ele>
			</trkpt>
			<trkpt lat="49.017940" lon="15.107731">
				<ele>590.000000</ele>
			</trkpt>
			<trkpt lat="49.017981" lon="15.107525">
				<ele>590.000000</ele>
			</trkpt>
			<trkpt lat="49.018040" lon="15.107337">
				<ele>590.000000</ele>
			</trkpt>
			<trkpt lat="49.018152" lon="15.107129">
				<ele>590.000000</ele>
			</trkpt>
			<trkpt lat="49.018288" lon="15.106915">
				<ele>590.000000</ele>
			</trkpt>
			<trkpt lat="49.018476" lon="15.106663">
				<ele>590.000000</ele>
			</trkpt>
			<trkpt lat="49.018647" lon="15.106465">
				<ele>590.000000</ele>
			</trkpt>
			<trkpt lat="49.018688" lon="15.106366">
				<ele>590.000000</ele>
			</trkpt>
			<trkpt lat="49.018718" lon="15.106267">
				<ele>590.000000</ele>
			</trkpt>
			<trkpt lat="49.018736" lon="15.106160">
				<ele>590.000000</ele>
			</trkpt>
			<trkpt lat="49.018765" lon="15.105899">
				<ele>590.000000</ele>
			</trkpt>
			<trkpt lat="49.018806" lon="15.105611">
				<ele>590.000000</ele>
			</trkpt>
			<trkpt lat="49.018848" lon="15.105423">
				<ele>590.000000</ele>
			</trkpt>
			<trkpt lat="49.018865" lon="15.105234">
				<ele>590.000000</ele>
			</trkpt>
			<trkpt lat="49.018883" lon="15.105064">
				<ele>590.000000</ele>
			</trkpt>
			<trkpt lat="49.018883" lon="15.104768">
				<ele>590.000000</ele>
			</trkpt>
			<trkpt lat="49.018906" lon="15.104354">
				<ele>590.000000</ele>
			</trkpt>
			<trkpt lat="49.018965" lon="15.103923">
				<ele>590.000000</ele>
			</trkpt>
			<trkpt lat="49.019007" lon="15.103672">
				<ele>590.000000</ele>
			</trkpt>
			<trkpt lat="49.019100" lon="15.103168">
				<ele>590.000000</ele>
			</trkpt>
			<trkpt lat="49.019142" lon="15.102881">
				<ele>590.000000</ele>
			</trkpt>
			<trkpt lat="49.019189" lon="15.102630">
				<ele>589.000000</ele>
			</trkpt>
			<trkpt lat="49.019236" lon="15.102405">
				<ele>589.000000</ele>
			</trkpt>
			<trkpt lat="49.019271" lon="15.102261">
				<ele>589.000000</ele>
			</trkpt>
			<trkpt lat="49.019307" lon="15.102154">
				<ele>589.000000</ele>
			</trkpt>
			<trkpt lat="49.019360" lon="15.102064">
				<ele>589.000000</ele>
			</trkpt>
			<trkpt lat="49.019430" lon="15.101947">
				<ele>588.000000</ele>
			</trkpt>
			<trkpt lat="49.019336" lon="15.101884">
				<ele>589.000000</ele>
			</trkpt>
		</trkseg>
	</trk>
</gpx>

