<?xml version="1.0" encoding="utf-8"?>
<gpx xmlns="http://www.topografix.com/GPX/1/1" version="1.1" creator="https://mapy.com/">
	<trk>
		<name>16_Novohradské hory</name>
		<trkseg>
			<trkpt lat="49.019148" lon="15.102854">
				<ele>590.000000</ele>
			</trkpt>
			<trkpt lat="49.019189" lon="15.102630">
				<ele>589.000000</ele>
			</trkpt>
			<trkpt lat="49.019236" lon="15.102405">
				<ele>589.000000</ele>
			</trkpt>
			<trkpt lat="49.019271" lon="15.102261">
				<ele>589.000000</ele>
			</trkpt>
			<trkpt lat="49.019307" lon="15.102154">
				<ele>589.000000</ele>
			</trkpt>
			<trkpt lat="49.019360" lon="15.102064">
				<ele>589.000000</ele>
			</trkpt>
			<trkpt lat="49.019430" lon="15.101947">
				<ele>588.000000</ele>
			</trkpt>
			<trkpt lat="49.019425" lon="15.101865">
				<ele>588.000000</ele>
			</trkpt>
			<trkpt lat="49.019425" lon="15.101812">
				<ele>588.000000</ele>
			</trkpt>
			<trkpt lat="49.019460" lon="15.101569">
				<ele>587.000000</ele>
			</trkpt>
			<trkpt lat="49.019472" lon="15.101372">
				<ele>586.000000</ele>
			</trkpt>
			<trkpt lat="49.019495" lon="15.101049">
				<ele>585.000000</ele>
			</trkpt>
			<trkpt lat="49.019513" lon="15.100806">
				<ele>584.000000</ele>
			</trkpt>
			<trkpt lat="49.019513" lon="15.100599">
				<ele>583.000000</ele>
			</trkpt>
			<trkpt lat="49.019513" lon="15.100347">
				<ele>581.000000</ele>
			</trkpt>
			<trkpt lat="49.019531" lon="15.100240">
				<ele>581.000000</ele>
			</trkpt>
			<trkpt lat="49.019548" lon="15.100114">
				<ele>580.000000</ele>
			</trkpt>
			<trkpt lat="49.019218" lon="15.100007">
				<ele>582.000000</ele>
			</trkpt>
			<trkpt lat="49.018994" lon="15.099944">
				<ele>583.000000</ele>
			</trkpt>
			<trkpt lat="49.018777" lon="15.099881">
				<ele>584.000000</ele>
			</trkpt>
			<trkpt lat="49.018140" lon="15.099800">
				<ele>588.000000</ele>
			</trkpt>
			<trkpt lat="49.017816" lon="15.099754">
				<ele>589.000000</ele>
			</trkpt>
			<trkpt lat="49.017681" lon="15.099745">
				<ele>590.000000</ele>
			</trkpt>
			<trkpt lat="49.017557" lon="15.099701">
				<ele>590.000000</ele>
			</trkpt>
			<trkpt lat="49.017427" lon="15.099647">
				<ele>590.000000</ele>
			</trkpt>
			<trkpt lat="49.017292" lon="15.099565">
				<ele>590.000000</ele>
			</trkpt>
			<trkpt lat="49.017104" lon="15.099467">
				<ele>590.000000</ele>
			</trkpt>
			<trkpt lat="49.016945" lon="15.099378">
				<ele>590.000000</ele>
			</trkpt>
			<trkpt lat="49.016780" lon="15.099252">
				<ele>590.000000</ele>
			</trkpt>
			<trkpt lat="49.016520" lon="15.099028">
				<ele>590.000000</ele>
			</trkpt>
			<trkpt lat="49.016332" lon="15.098802">
				<ele>590.000000</ele>
			</trkpt>
			<trkpt lat="49.015960" lon="15.098362">
				<ele>590.000000</ele>
			</trkpt>
			<trkpt lat="49.015766" lon="15.098083">
				<ele>590.000000</ele>
			</trkpt>
			<trkpt lat="49.015666" lon="15.097931">
				<ele>590.000000</ele>
			</trkpt>
			<trkpt lat="49.015577" lon="15.097787">
				<ele>590.000000</ele>
			</trkpt>
			<trkpt lat="49.015495" lon="15.097634">
				<ele>590.000000</ele>
			</trkpt>
			<trkpt lat="49.015389" lon="15.097391">
				<ele>590.000000</ele>
			</trkpt>
			<trkpt lat="49.015300" lon="15.097221">
				<ele>590.000000</ele>
			</trkpt>
			<trkpt lat="49.014582" lon="15.096072">
				<ele>590.000000</ele>
			</trkpt>
			<trkpt lat="49.014535" lon="15.096036">
				<ele>590.000000</ele>
			</trkpt>
			<trkpt lat="49.014499" lon="15.096009">
				<ele>590.000000</ele>
			</trkpt>
			<trkpt lat="49.014452" lon="15.096018">
				<ele>590.000000</ele>
			</trkpt>
			<trkpt lat="49.014399" lon="15.096062">
				<ele>590.000000</ele>
			</trkpt>
			<trkpt lat="49.014364" lon="15.096072">
				<ele>590.000000</ele>
			</trkpt>
			<trkpt lat="49.014311" lon="15.096089">
				<ele>590.000000</ele>
			</trkpt>
			<trkpt lat="49.014111" lon="15.096045">
				<ele>590.000000</ele>
			</trkpt>
			<trkpt lat="49.013680" lon="15.095999">
				<ele>590.000000</ele>
			</trkpt>
			<trkpt lat="49.013274" lon="15.095936">
				<ele>590.000000</ele>
			</trkpt>
			<trkpt lat="49.013221" lon="15.095757">
				<ele>590.000000</ele>
			</trkpt>
			<trkpt lat="49.013186" lon="15.095577">
				<ele>590.000000</ele>
			</trkpt>
			<trkpt lat="49.013168" lon="15.095425">
				<ele>590.000000</ele>
			</trkpt>
			<trkpt lat="49.013162" lon="15.095307">
				<ele>590.000000</ele>
			</trkpt>
			<trkpt lat="49.013186" lon="15.093789">
				<ele>597.000000</ele>
			</trkpt>
			<trkpt lat="49.013203" lon="15.093332">
				<ele>600.000000</ele>
			</trkpt>
			<trkpt lat="49.013232" lon="15.092846">
				<ele>601.000000</ele>
			</trkpt>
			<trkpt lat="49.013268" lon="15.092244">
				<ele>602.000000</ele>
			</trkpt>
			<trkpt lat="49.013285" lon="15.091588">
				<ele>604.000000</ele>
			</trkpt>
			<trkpt lat="49.013310" lon="15.090942">
				<ele>606.000000</ele>
			</trkpt>
			<trkpt lat="49.013344" lon="15.089810">
				<ele>611.000000</ele>
			</trkpt>
			<trkpt lat="49.013409" lon="15.088409">
				<ele>616.000000</ele>
			</trkpt>
			<trkpt lat="49.013462" lon="15.087483">
				<ele>617.000000</ele>
			</trkpt>
			<trkpt lat="49.013480" lon="15.087214">
				<ele>618.000000</ele>
			</trkpt>
			<trkpt lat="49.013480" lon="15.087214">
				<ele>618.000000</ele>
			</trkpt>
			<trkpt lat="49.013533" lon="15.086307">
				<ele>619.000000</ele>
			</trkpt>
			<trkpt lat="49.013568" lon="15.085839">
				<ele>620.000000</ele>
			</trkpt>
			<trkpt lat="49.013663" lon="15.085004">
				<ele>620.000000</ele>
			</trkpt>
			<trkpt lat="49.013686" lon="15.084609">
				<ele>620.000000</ele>
			</trkpt>
			<trkpt lat="49.013710" lon="15.084376">
				<ele>620.000000</ele>
			</trkpt>
			<trkpt lat="49.013733" lon="15.084160">
				<ele>620.000000</ele>
			</trkpt>
			<trkpt lat="49.013769" lon="15.083954">
				<ele>620.000000</ele>
			</trkpt>
			<trkpt lat="49.013804" lon="15.083764">
				<ele>620.000000</ele>
			</trkpt>
			<trkpt lat="49.013898" lon="15.083405">
				<ele>620.000000</ele>
			</trkpt>
			<trkpt lat="49.014140" lon="15.082543">
				<ele>620.000000</ele>
			</trkpt>
			<trkpt lat="49.014276" lon="15.082139">
				<ele>620.000000</ele>
			</trkpt>
			<trkpt lat="49.014393" lon="15.081743">
				<ele>620.000000</ele>
			</trkpt>
			<trkpt lat="49.014423" lon="15.081600">
				<ele>620.000000</ele>
			</trkpt>
			<trkpt lat="49.014441" lon="15.081491">
				<ele>620.000000</ele>
			</trkpt>
			<trkpt lat="49.014464" lon="15.081168">
				<ele>620.000000</ele>
			</trkpt>
			<trkpt lat="49.014458" lon="15.080801">
				<ele>620.000000</ele>
			</trkpt>
			<trkpt lat="49.014411" lon="15.080082">
				<ele>620.000000</ele>
			</trkpt>
			<trkpt lat="49.014405" lon="15.079713">
				<ele>620.000000</ele>
			</trkpt>
			<trkpt lat="49.014405" lon="15.079336">
				<ele>618.000000</ele>
			</trkpt>
			<trkpt lat="49.014393" lon="15.078967">
				<ele>617.000000</ele>
			</trkpt>
			<trkpt lat="49.014340" lon="15.077908">
				<ele>614.000000</ele>
			</trkpt>
			<trkpt lat="49.014317" lon="15.077172">
				<ele>612.000000</ele>
			</trkpt>
			<trkpt lat="49.014299" lon="15.076533">
				<ele>610.000000</ele>
			</trkpt>
			<trkpt lat="49.014299" lon="15.075860">
				<ele>608.000000</ele>
			</trkpt>
			<trkpt lat="49.014317" lon="15.074755">
				<ele>604.000000</ele>
			</trkpt>
			<trkpt lat="49.014317" lon="15.074575">
				<ele>604.000000</ele>
			</trkpt>
			<trkpt lat="49.014334" lon="15.074396">
				<ele>604.000000</ele>
			</trkpt>
			<trkpt lat="49.014352" lon="15.074216">
				<ele>603.000000</ele>
			</trkpt>
			<trkpt lat="49.014382" lon="15.074054">
				<ele>603.000000</ele>
			</trkpt>
			<trkpt lat="49.014435" lon="15.073820">
				<ele>603.000000</ele>
			</trkpt>
			<trkpt lat="49.014653" lon="15.072877">
				<ele>601.000000</ele>
			</trkpt>
			<trkpt lat="49.014812" lon="15.072042">
				<ele>600.000000</ele>
			</trkpt>
			<trkpt lat="49.014912" lon="15.071430">
				<ele>600.000000</ele>
			</trkpt>
			<trkpt lat="49.015177" lon="15.069788">
				<ele>600.000000</ele>
			</trkpt>
			<trkpt lat="49.015312" lon="15.068943">
				<ele>600.000000</ele>
			</trkpt>
			<trkpt lat="49.015365" lon="15.068656">
				<ele>600.000000</ele>
			</trkpt>
			<trkpt lat="49.015572" lon="15.068736">
				<ele>600.000000</ele>
			</trkpt>
			<trkpt lat="49.015748" lon="15.068843">
				<ele>600.000000</ele>
			</trkpt>
			<trkpt lat="49.015742" lon="15.068700">
				<ele>600.000000</ele>
			</trkpt>
			<trkpt lat="49.015654" lon="15.067182">
				<ele>600.000000</ele>
			</trkpt>
			<trkpt lat="49.015619" lon="15.066203">
				<ele>600.000000</ele>
			</trkpt>
			<trkpt lat="49.015619" lon="15.066006">
				<ele>600.000000</ele>
			</trkpt>
			<trkpt lat="49.015636" lon="15.065906">
				<ele>600.000000</ele>
			</trkpt>
			<trkpt lat="49.015654" lon="15.065807">
				<ele>600.000000</ele>
			</trkpt>
			<trkpt lat="49.015678" lon="15.065727">
				<ele>600.000000</ele>
			</trkpt>
			<trkpt lat="49.015725" lon="15.065646">
				<ele>600.000000</ele>
			</trkpt>
			<trkpt lat="49.015831" lon="15.065484">
				<ele>600.000000</ele>
			</trkpt>
			<trkpt lat="49.016473" lon="15.064648">
				<ele>596.000000</ele>
			</trkpt>
			<trkpt lat="49.017569" lon="15.063256">
				<ele>600.000000</ele>
			</trkpt>
			<trkpt lat="49.017492" lon="15.063067">
				<ele>600.000000</ele>
			</trkpt>
			<trkpt lat="49.017416" lon="15.062897">
				<ele>599.000000</ele>
			</trkpt>
			<trkpt lat="49.017192" lon="15.062501">
				<ele>599.000000</ele>
			</trkpt>
			<trkpt lat="49.017074" lon="15.062285">
				<ele>598.000000</ele>
			</trkpt>
			<trkpt lat="49.016998" lon="15.062079">
				<ele>598.000000</ele>
			</trkpt>
			<trkpt lat="49.016962" lon="15.061972">
				<ele>598.000000</ele>
			</trkpt>
			<trkpt lat="49.016927" lon="15.061801">
				<ele>598.000000</ele>
			</trkpt>
			<trkpt lat="49.016909" lon="15.061711">
				<ele>597.000000</ele>
			</trkpt>
			<trkpt lat="49.016880" lon="15.061540">
				<ele>597.000000</ele>
			</trkpt>
			<trkpt lat="49.016880" lon="15.061289">
				<ele>597.000000</ele>
			</trkpt>
			<trkpt lat="49.016892" lon="15.061064">
				<ele>597.000000</ele>
			</trkpt>
			<trkpt lat="49.016915" lon="15.060795">
				<ele>596.000000</ele>
			</trkpt>
			<trkpt lat="49.016962" lon="15.060507">
				<ele>596.000000</ele>
			</trkpt>
			<trkpt lat="49.017086" lon="15.059798">
				<ele>595.000000</ele>
			</trkpt>
			<trkpt lat="49.017139" lon="15.059411">
				<ele>594.000000</ele>
			</trkpt>
			<trkpt lat="49.017315" lon="15.058262">
				<ele>591.000000</ele>
			</trkpt>
			<trkpt lat="49.017351" lon="15.057947">
				<ele>590.000000</ele>
			</trkpt>
			<trkpt lat="49.017368" lon="15.057687">
				<ele>590.000000</ele>
			</trkpt>
			<trkpt lat="49.017374" lon="15.057390">
				<ele>590.000000</ele>
			</trkpt>
			<trkpt lat="49.017368" lon="15.057111">
				<ele>589.000000</ele>
			</trkpt>
			<trkpt lat="49.017339" lon="15.056815">
				<ele>589.000000</ele>
			</trkpt>
			<trkpt lat="49.017298" lon="15.056501">
				<ele>589.000000</ele>
			</trkpt>
			<trkpt lat="49.017281" lon="15.056186">
				<ele>588.000000</ele>
			</trkpt>
			<trkpt lat="49.017281" lon="15.055935">
				<ele>588.000000</ele>
			</trkpt>
			<trkpt lat="49.017286" lon="15.055827">
				<ele>588.000000</ele>
			</trkpt>
			<trkpt lat="49.017304" lon="15.055719">
				<ele>588.000000</ele>
			</trkpt>
			<trkpt lat="49.017334" lon="15.055612">
				<ele>588.000000</ele>
			</trkpt>
			<trkpt lat="49.017368" lon="15.055503">
				<ele>588.000000</ele>
			</trkpt>
			<trkpt lat="49.017622" lon="15.055459">
				<ele>587.000000</ele>
			</trkpt>
			<trkpt lat="49.017828" lon="15.055423">
				<ele>587.000000</ele>
			</trkpt>
			<trkpt lat="49.018017" lon="15.055360">
				<ele>587.000000</ele>
			</trkpt>
			<trkpt lat="49.018176" lon="15.055297">
				<ele>587.000000</ele>
			</trkpt>
			<trkpt lat="49.018311" lon="15.055226">
				<ele>586.000000</ele>
			</trkpt>
			<trkpt lat="49.018464" lon="15.055136">
				<ele>586.000000</ele>
			</trkpt>
			<trkpt lat="49.018935" lon="15.054794">
				<ele>585.000000</ele>
			</trkpt>
			<trkpt lat="49.018800" lon="15.054624">
				<ele>585.000000</ele>
			</trkpt>
			<trkpt lat="49.018576" lon="15.054408">
				<ele>584.000000</ele>
			</trkpt>
			<trkpt lat="49.018482" lon="15.054300">
				<ele>583.000000</ele>
			</trkpt>
			<trkpt lat="49.018388" lon="15.054165">
				<ele>582.000000</ele>
			</trkpt>
			<trkpt lat="49.018294" lon="15.053985">
				<ele>581.000000</ele>
			</trkpt>
			<trkpt lat="49.018252" lon="15.053886">
				<ele>580.000000</ele>
			</trkpt>
			<trkpt lat="49.018223" lon="15.053779">
				<ele>580.000000</ele>
			</trkpt>
			<trkpt lat="49.018199" lon="15.053679">
				<ele>579.000000</ele>
			</trkpt>
			<trkpt lat="49.018176" lon="15.053572">
				<ele>579.000000</ele>
			</trkpt>
			<trkpt lat="49.018176" lon="15.053473">
				<ele>578.000000</ele>
			</trkpt>
			<trkpt lat="49.018182" lon="15.053339">
				<ele>578.000000</ele>
			</trkpt>
			<trkpt lat="49.018205" lon="15.053069">
				<ele>577.000000</ele>
			</trkpt>
			<trkpt lat="49.018235" lon="15.052836">
				<ele>576.000000</ele>
			</trkpt>
			<trkpt lat="49.018241" lon="15.052603">
				<ele>575.000000</ele>
			</trkpt>
			<trkpt lat="49.018235" lon="15.052387">
				<ele>574.000000</ele>
			</trkpt>
			<trkpt lat="49.018205" lon="15.052216">
				<ele>573.000000</ele>
			</trkpt>
			<trkpt lat="49.018170" lon="15.052054">
				<ele>572.000000</ele>
			</trkpt>
			<trkpt lat="49.018105" lon="15.051901">
				<ele>571.000000</ele>
			</trkpt>
			<trkpt lat="49.018028" lon="15.051758">
				<ele>570.000000</ele>
			</trkpt>
			<trkpt lat="49.017928" lon="15.051632">
				<ele>569.000000</ele>
			</trkpt>
			<trkpt lat="49.017328" lon="15.051039">
				<ele>565.000000</ele>
			</trkpt>
			<trkpt lat="49.017157" lon="15.050850">
				<ele>564.000000</ele>
			</trkpt>
			<trkpt lat="49.016986" lon="15.050635">
				<ele>563.000000</ele>
			</trkpt>
			<trkpt lat="49.016856" lon="15.050455">
				<ele>562.000000</ele>
			</trkpt>
			<trkpt lat="49.016750" lon="15.050276">
				<ele>561.000000</ele>
			</trkpt>
			<trkpt lat="49.016662" lon="15.050113">
				<ele>560.000000</ele>
			</trkpt>
			<trkpt lat="49.016597" lon="15.049961">
				<ele>560.000000</ele>
			</trkpt>
			<trkpt lat="49.016544" lon="15.049800">
				<ele>559.000000</ele>
			</trkpt>
			<trkpt lat="49.016509" lon="15.049620">
				<ele>559.000000</ele>
			</trkpt>
			<trkpt lat="49.016479" lon="15.049431">
				<ele>559.000000</ele>
			</trkpt>
			<trkpt lat="49.016461" lon="15.049207">
				<ele>558.000000</ele>
			</trkpt>
			<trkpt lat="49.016438" lon="15.048263">
				<ele>557.000000</ele>
			</trkpt>
			<trkpt lat="49.016420" lon="15.047949">
				<ele>556.000000</ele>
			</trkpt>
			<trkpt lat="49.016385" lon="15.047563">
				<ele>556.000000</ele>
			</trkpt>
			<trkpt lat="49.016308" lon="15.047186">
				<ele>554.000000</ele>
			</trkpt>
			<trkpt lat="49.015943" lon="15.045362">
				<ele>547.000000</ele>
			</trkpt>
			<trkpt lat="49.015271" lon="15.042217">
				<ele>535.000000</ele>
			</trkpt>
			<trkpt lat="49.014853" lon="15.040331">
				<ele>530.000000</ele>
			</trkpt>
			<trkpt lat="49.014729" lon="15.039774">
				<ele>528.000000</ele>
			</trkpt>
			<trkpt lat="49.014588" lon="15.039001">
				<ele>525.000000</ele>
			</trkpt>
			<trkpt lat="49.014452" lon="15.038211">
				<ele>522.000000</ele>
			</trkpt>
			<trkpt lat="49.014423" lon="15.038005">
				<ele>522.000000</ele>
			</trkpt>
			<trkpt lat="49.014417" lon="15.037842">
				<ele>521.000000</ele>
			</trkpt>
			<trkpt lat="49.014405" lon="15.037690">
				<ele>521.000000</ele>
			</trkpt>
			<trkpt lat="49.014417" lon="15.037538">
				<ele>520.000000</ele>
			</trkpt>
			<trkpt lat="49.014435" lon="15.037403">
				<ele>520.000000</ele>
			</trkpt>
			<trkpt lat="49.014470" lon="15.037223">
				<ele>519.000000</ele>
			</trkpt>
			<trkpt lat="49.014505" lon="15.037079">
				<ele>519.000000</ele>
			</trkpt>
			<trkpt lat="49.014558" lon="15.036900">
				<ele>518.000000</ele>
			</trkpt>
			<trkpt lat="49.014653" lon="15.036639">
				<ele>517.000000</ele>
			</trkpt>
			<trkpt lat="49.014729" lon="15.036450">
				<ele>516.000000</ele>
			</trkpt>
			<trkpt lat="49.014824" lon="15.036271">
				<ele>515.000000</ele>
			</trkpt>
			<trkpt lat="49.014912" lon="15.036145">
				<ele>515.000000</ele>
			</trkpt>
			<trkpt lat="49.015012" lon="15.036037">
				<ele>515.000000</ele>
			</trkpt>
			<trkpt lat="49.015118" lon="15.035965">
				<ele>515.000000</ele>
			</trkpt>
			<trkpt lat="49.015242" lon="15.035930">
				<ele>514.000000</ele>
			</trkpt>
			<trkpt lat="49.015353" lon="15.035930">
				<ele>514.000000</ele>
			</trkpt>
			<trkpt lat="49.015442" lon="15.035930">
				<ele>514.000000</ele>
			</trkpt>
			<trkpt lat="49.015530" lon="15.035911">
				<ele>514.000000</ele>
			</trkpt>
			<trkpt lat="49.015619" lon="15.035884">
				<ele>514.000000</ele>
			</trkpt>
			<trkpt lat="49.015684" lon="15.035831">
				<ele>514.000000</ele>
			</trkpt>
			<trkpt lat="49.015737" lon="15.035777">
				<ele>514.000000</ele>
			</trkpt>
			<trkpt lat="49.015784" lon="15.035695">
				<ele>513.000000</ele>
			</trkpt>
			<trkpt lat="49.015819" lon="15.035597">
				<ele>513.000000</ele>
			</trkpt>
			<trkpt lat="49.015849" lon="15.035489">
				<ele>513.000000</ele>
			</trkpt>
			<trkpt lat="49.015919" lon="15.034833">
				<ele>513.000000</ele>
			</trkpt>
			<trkpt lat="49.016078" lon="15.033647">
				<ele>511.000000</ele>
			</trkpt>
			<trkpt lat="49.016137" lon="15.033190">
				<ele>511.000000</ele>
			</trkpt>
			<trkpt lat="49.016190" lon="15.032659">
				<ele>510.000000</ele>
			</trkpt>
			<trkpt lat="49.016226" lon="15.032139">
				<ele>509.000000</ele>
			</trkpt>
			<trkpt lat="49.016237" lon="15.031617">
				<ele>508.000000</ele>
			</trkpt>
			<trkpt lat="49.016237" lon="15.031043">
				<ele>506.000000</ele>
			</trkpt>
			<trkpt lat="49.016220" lon="15.030540">
				<ele>504.000000</ele>
			</trkpt>
			<trkpt lat="49.016220" lon="15.030279">
				<ele>503.000000</ele>
			</trkpt>
			<trkpt lat="49.016237" lon="15.030126">
				<ele>503.000000</ele>
			</trkpt>
			<trkpt lat="49.016255" lon="15.030009">
				<ele>503.000000</ele>
			</trkpt>
			<trkpt lat="49.016314" lon="15.029749">
				<ele>502.000000</ele>
			</trkpt>
			<trkpt lat="49.016467" lon="15.029263">
				<ele>500.000000</ele>
			</trkpt>
			<trkpt lat="49.016562" lon="15.029022">
				<ele>499.000000</ele>
			</trkpt>
			<trkpt lat="49.016621" lon="15.028896">
				<ele>499.000000</ele>
			</trkpt>
			<trkpt lat="49.016685" lon="15.028806">
				<ele>498.000000</ele>
			</trkpt>
			<trkpt lat="49.016774" lon="15.028680">
				<ele>497.000000</ele>
			</trkpt>
			<trkpt lat="49.016856" lon="15.028600">
				<ele>497.000000</ele>
			</trkpt>
			<trkpt lat="49.017169" lon="15.028284">
				<ele>495.000000</ele>
			</trkpt>
			<trkpt lat="49.017522" lon="15.027952">
				<ele>493.000000</ele>
			</trkpt>
			<trkpt lat="49.018441" lon="15.027179">
				<ele>490.000000</ele>
			</trkpt>
			<trkpt lat="49.018635" lon="15.027000">
				<ele>490.000000</ele>
			</trkpt>
			<trkpt lat="49.018853" lon="15.026820">
				<ele>490.000000</ele>
			</trkpt>
			<trkpt lat="49.019024" lon="15.026668">
				<ele>490.000000</ele>
			</trkpt>
			<trkpt lat="49.019148" lon="15.026533">
				<ele>490.000000</ele>
			</trkpt>
			<trkpt lat="49.019260" lon="15.026372">
				<ele>490.000000</ele>
			</trkpt>
			<trkpt lat="49.019343" lon="15.026192">
				<ele>490.000000</ele>
			</trkpt>
			<trkpt lat="49.019448" lon="15.025904">
				<ele>490.000000</ele>
			</trkpt>
			<trkpt lat="49.019472" lon="15.025823">
				<ele>490.000000</ele>
			</trkpt>
			<trkpt lat="49.019519" lon="15.025743">
				<ele>490.000000</ele>
			</trkpt>
			<trkpt lat="49.019566" lon="15.025688">
				<ele>490.000000</ele>
			</trkpt>
			<trkpt lat="49.019625" lon="15.025634">
				<ele>490.000000</ele>
			</trkpt>
			<trkpt lat="49.019684" lon="15.025590">
				<ele>490.000000</ele>
			</trkpt>
			<trkpt lat="49.019755" lon="15.025581">
				<ele>490.000000</ele>
			</trkpt>
			<trkpt lat="49.019896" lon="15.025563">
				<ele>490.000000</ele>
			</trkpt>
			<trkpt lat="49.020250" lon="15.025581">
				<ele>491.000000</ele>
			</trkpt>
			<trkpt lat="49.020250" lon="15.025384">
				<ele>490.000000</ele>
			</trkpt>
			<trkpt lat="49.020267" lon="15.025060">
				<ele>489.000000</ele>
			</trkpt>
			<trkpt lat="49.020303" lon="15.024745">
				<ele>488.000000</ele>
			</trkpt>
			<trkpt lat="49.020338" lon="15.024565">
				<ele>488.000000</ele>
			</trkpt>
			<trkpt lat="49.020385" lon="15.024413">
				<ele>487.000000</ele>
			</trkpt>
			<trkpt lat="49.020456" lon="15.024278">
				<ele>487.000000</ele>
			</trkpt>
			<trkpt lat="49.020544" lon="15.024143">
				<ele>486.000000</ele>
			</trkpt>
			<trkpt lat="49.020727" lon="15.023910">
				<ele>485.000000</ele>
			</trkpt>
			<trkpt lat="49.020815" lon="15.023784">
				<ele>485.000000</ele>
			</trkpt>
			<trkpt lat="49.020885" lon="15.023659">
				<ele>485.000000</ele>
			</trkpt>
			<trkpt lat="49.020963" lon="15.023514">
				<ele>485.000000</ele>
			</trkpt>
			<trkpt lat="49.021086" lon="15.023210">
				<ele>485.000000</ele>
			</trkpt>
			<trkpt lat="49.021192" lon="15.022994">
				<ele>485.000000</ele>
			</trkpt>
			<trkpt lat="49.021174" lon="15.022265">
				<ele>483.000000</ele>
			</trkpt>
			<trkpt lat="49.021186" lon="15.021826">
				<ele>481.000000</ele>
			</trkpt>
			<trkpt lat="49.021204" lon="15.021610">
				<ele>480.000000</ele>
			</trkpt>
			<trkpt lat="49.021221" lon="15.021422">
				<ele>480.000000</ele>
			</trkpt>
			<trkpt lat="49.021257" lon="15.021189">
				<ele>480.000000</ele>
			</trkpt>
			<trkpt lat="49.021304" lon="15.020982">
				<ele>480.000000</ele>
			</trkpt>
			<trkpt lat="49.021210" lon="15.020900">
				<ele>480.000000</ele>
			</trkpt>
			<trkpt lat="49.021121" lon="15.020820">
				<ele>480.000000</ele>
			</trkpt>
			<trkpt lat="49.020868" lon="15.020667">
				<ele>480.000000</ele>
			</trkpt>
			<trkpt lat="49.020773" lon="15.020596">
				<ele>480.000000</ele>
			</trkpt>
			<trkpt lat="49.020709" lon="15.020586">
				<ele>480.000000</ele>
			</trkpt>
			<trkpt lat="49.020656" lon="15.020568">
				<ele>480.000000</ele>
			</trkpt>
			<trkpt lat="49.020609" lon="15.020568">
				<ele>480.000000</ele>
			</trkpt>
			<trkpt lat="49.020609" lon="15.020568">
				<ele>480.000000</ele>
			</trkpt>
			<trkpt lat="49.020656" lon="15.020568">
				<ele>480.000000</ele>
			</trkpt>
			<trkpt lat="49.020709" lon="15.020586">
				<ele>480.000000</ele>
			</trkpt>
			<trkpt lat="49.020773" lon="15.020596">
				<ele>480.000000</ele>
			</trkpt>
			<trkpt lat="49.020868" lon="15.020667">
				<ele>480.000000</ele>
			</trkpt>
			<trkpt lat="49.021121" lon="15.020820">
				<ele>480.000000</ele>
			</trkpt>
			<trkpt lat="49.021210" lon="15.020900">
				<ele>480.000000</ele>
			</trkpt>
			<trkpt lat="49.021304" lon="15.020982">
				<ele>480.000000</ele>
			</trkpt>
			<trkpt lat="49.021257" lon="15.021189">
				<ele>480.000000</ele>
			</trkpt>
			<trkpt lat="49.021221" lon="15.021422">
				<ele>480.000000</ele>
			</trkpt>
			<trkpt lat="49.021204" lon="15.021610">
				<ele>480.000000</ele>
			</trkpt>
			<trkpt lat="49.021186" lon="15.021826">
				<ele>481.000000</ele>
			</trkpt>
			<trkpt lat="49.021174" lon="15.022265">
				<ele>483.000000</ele>
			</trkpt>
			<trkpt lat="49.021192" lon="15.022994">
				<ele>485.000000</ele>
			</trkpt>
			<trkpt lat="49.021280" lon="15.022831">
				<ele>485.000000</ele>
			</trkpt>
			<trkpt lat="49.021416" lon="15.022634">
				<ele>485.000000</ele>
			</trkpt>
			<trkpt lat="49.021481" lon="15.022571">
				<ele>485.000000</ele>
			</trkpt>
			<trkpt lat="49.021516" lon="15.022544">
				<ele>485.000000</ele>
			</trkpt>
			<trkpt lat="49.021563" lon="15.022527">
				<ele>485.000000</ele>
			</trkpt>
			<trkpt lat="49.021651" lon="15.022554">
				<ele>485.000000</ele>
			</trkpt>
			<trkpt lat="49.021758" lon="15.022607">
				<ele>485.000000</ele>
			</trkpt>
			<trkpt lat="49.022082" lon="15.022858">
				<ele>485.000000</ele>
			</trkpt>
			<trkpt lat="49.022252" lon="15.022994">
				<ele>485.000000</ele>
			</trkpt>
			<trkpt lat="49.022353" lon="15.023047">
				<ele>485.000000</ele>
			</trkpt>
			<trkpt lat="49.022453" lon="15.023074">
				<ele>485.000000</ele>
			</trkpt>
			<trkpt lat="49.022506" lon="15.023066">
				<ele>485.000000</ele>
			</trkpt>
			<trkpt lat="49.022553" lon="15.023047">
				<ele>485.000000</ele>
			</trkpt>
			<trkpt lat="49.022653" lon="15.022976">
				<ele>485.000000</ele>
			</trkpt>
			<trkpt lat="49.022659" lon="15.022787">
				<ele>485.000000</ele>
			</trkpt>
			<trkpt lat="49.022659" lon="15.022625">
				<ele>485.000000</ele>
			</trkpt>
			<trkpt lat="49.022641" lon="15.022464">
				<ele>485.000000</ele>
			</trkpt>
			<trkpt lat="49.022624" lon="15.022284">
				<ele>486.000000</ele>
			</trkpt>
			<trkpt lat="49.022588" lon="15.022131">
				<ele>486.000000</ele>
			</trkpt>
			<trkpt lat="49.022541" lon="15.021969">
				<ele>486.000000</ele>
			</trkpt>
			<trkpt lat="49.022353" lon="15.021395">
				<ele>486.000000</ele>
			</trkpt>
			<trkpt lat="49.022311" lon="15.021242">
				<ele>487.000000</ele>
			</trkpt>
			<trkpt lat="49.022282" lon="15.021107">
				<ele>487.000000</ele>
			</trkpt>
			<trkpt lat="49.022252" lon="15.020982">
				<ele>487.000000</ele>
			</trkpt>
			<trkpt lat="49.022247" lon="15.020847">
				<ele>487.000000</ele>
			</trkpt>
			<trkpt lat="49.022247" lon="15.020712">
				<ele>487.000000</ele>
			</trkpt>
			<trkpt lat="49.022252" lon="15.020568">
				<ele>487.000000</ele>
			</trkpt>
			<trkpt lat="49.022300" lon="15.020200">
				<ele>487.000000</ele>
			</trkpt>
			<trkpt lat="49.022382" lon="15.019625">
				<ele>488.000000</ele>
			</trkpt>
			<trkpt lat="49.022488" lon="15.018600">
				<ele>489.000000</ele>
			</trkpt>
			<trkpt lat="49.022553" lon="15.018053">
				<ele>489.000000</ele>
			</trkpt>
			<trkpt lat="49.022617" lon="15.017990">
				<ele>489.000000</ele>
			</trkpt>
			<trkpt lat="49.022676" lon="15.017864">
				<ele>489.000000</ele>
			</trkpt>
			<trkpt lat="49.022759" lon="15.017730">
				<ele>490.000000</ele>
			</trkpt>
			<trkpt lat="49.022841" lon="15.017604">
				<ele>490.000000</ele>
			</trkpt>
			<trkpt lat="49.023083" lon="15.017290">
				<ele>490.000000</ele>
			</trkpt>
			<trkpt lat="49.023207" lon="15.017128">
				<ele>490.000000</ele>
			</trkpt>
			<trkpt lat="49.023324" lon="15.016992">
				<ele>490.000000</ele>
			</trkpt>
			<trkpt lat="49.023472" lon="15.016868">
				<ele>490.000000</ele>
			</trkpt>
			<trkpt lat="49.023613" lon="15.016786">
				<ele>491.000000</ele>
			</trkpt>
			<trkpt lat="49.023731" lon="15.016741">
				<ele>491.000000</ele>
			</trkpt>
			<trkpt lat="49.023867" lon="15.016715">
				<ele>491.000000</ele>
			</trkpt>
			<trkpt lat="49.024297" lon="15.016678">
				<ele>492.000000</ele>
			</trkpt>
			<trkpt lat="49.024462" lon="15.016642">
				<ele>492.000000</ele>
			</trkpt>
			<trkpt lat="49.024620" lon="15.016579">
				<ele>492.000000</ele>
			</trkpt>
			<trkpt lat="49.024791" lon="15.016481">
				<ele>492.000000</ele>
			</trkpt>
			<trkpt lat="49.024956" lon="15.016391">
				<ele>492.000000</ele>
			</trkpt>
			<trkpt lat="49.025333" lon="15.016130">
				<ele>493.000000</ele>
			</trkpt>
			<trkpt lat="49.025587" lon="15.015933">
				<ele>493.000000</ele>
			</trkpt>
			<trkpt lat="49.025810" lon="15.015762">
				<ele>493.000000</ele>
			</trkpt>
			<trkpt lat="49.026511" lon="15.015133">
				<ele>494.000000</ele>
			</trkpt>
			<trkpt lat="49.026806" lon="15.014881">
				<ele>495.000000</ele>
			</trkpt>
			<trkpt lat="49.027106" lon="15.014648">
				<ele>495.000000</ele>
			</trkpt>
			<trkpt lat="49.027637" lon="15.014298">
				<ele>495.000000</ele>
			</trkpt>
			<trkpt lat="49.027795" lon="15.014154">
				<ele>495.000000</ele>
			</trkpt>
			<trkpt lat="49.027931" lon="15.014019">
				<ele>495.000000</ele>
			</trkpt>
			<trkpt lat="49.028408" lon="15.013462">
				<ele>495.000000</ele>
			</trkpt>
			<trkpt lat="49.028508" lon="15.013363">
				<ele>495.000000</ele>
			</trkpt>
			<trkpt lat="49.028614" lon="15.013283">
				<ele>495.000000</ele>
			</trkpt>
			<trkpt lat="49.028968" lon="15.013103">
				<ele>495.000000</ele>
			</trkpt>
			<trkpt lat="49.029056" lon="15.013049">
				<ele>495.000000</ele>
			</trkpt>
			<trkpt lat="49.029056" lon="15.013049">
				<ele>495.000000</ele>
			</trkpt>
			<trkpt lat="49.029103" lon="15.013023">
				<ele>495.000000</ele>
			</trkpt>
			<trkpt lat="49.028950" lon="15.012870">
				<ele>495.000000</ele>
			</trkpt>
			<trkpt lat="49.028820" lon="15.012762">
				<ele>495.000000</ele>
			</trkpt>
			<trkpt lat="49.028661" lon="15.012663">
				<ele>496.000000</ele>
			</trkpt>
			<trkpt lat="49.028526" lon="15.012610">
				<ele>496.000000</ele>
			</trkpt>
			<trkpt lat="49.028367" lon="15.012600">
				<ele>496.000000</ele>
			</trkpt>
			<trkpt lat="49.028213" lon="15.012600">
				<ele>497.000000</ele>
			</trkpt>
			<trkpt lat="49.028060" lon="15.012636">
				<ele>497.000000</ele>
			</trkpt>
			<trkpt lat="49.027907" lon="15.012726">
				<ele>497.000000</ele>
			</trkpt>
			<trkpt lat="49.027565" lon="15.012897">
				<ele>498.000000</ele>
			</trkpt>
			<trkpt lat="49.027224" lon="15.013120">
				<ele>499.000000</ele>
			</trkpt>
			<trkpt lat="49.026393" lon="15.013652">
				<ele>500.000000</ele>
			</trkpt>
			<trkpt lat="49.026105" lon="15.013812">
				<ele>501.000000</ele>
			</trkpt>
			<trkpt lat="49.025828" lon="15.013965">
				<ele>502.000000</ele>
			</trkpt>
			<trkpt lat="49.025575" lon="15.014074">
				<ele>502.000000</ele>
			</trkpt>
			<trkpt lat="49.025369" lon="15.014154">
				<ele>502.000000</ele>
			</trkpt>
			<trkpt lat="49.025162" lon="15.014208">
				<ele>503.000000</ele>
			</trkpt>
			<trkpt lat="49.024997" lon="15.014226">
				<ele>503.000000</ele>
			</trkpt>
			<trkpt lat="49.024826" lon="15.014208">
				<ele>503.000000</ele>
			</trkpt>
			<trkpt lat="49.024673" lon="15.014172">
				<ele>504.000000</ele>
			</trkpt>
			<trkpt lat="49.024514" lon="15.014091">
				<ele>504.000000</ele>
			</trkpt>
			<trkpt lat="49.024390" lon="15.013984">
				<ele>504.000000</ele>
			</trkpt>
			<trkpt lat="49.024273" lon="15.013866">
				<ele>505.000000</ele>
			</trkpt>
			<trkpt lat="49.024161" lon="15.013732">
				<ele>505.000000</ele>
			</trkpt>
			<trkpt lat="49.023990" lon="15.013489">
				<ele>505.000000</ele>
			</trkpt>
			<trkpt lat="49.023878" lon="15.013256">
				<ele>506.000000</ele>
			</trkpt>
			<trkpt lat="49.023784" lon="15.013023">
				<ele>506.000000</ele>
			</trkpt>
			<trkpt lat="49.023749" lon="15.012897">
				<ele>506.000000</ele>
			</trkpt>
			<trkpt lat="49.023725" lon="15.012780">
				<ele>506.000000</ele>
			</trkpt>
			<trkpt lat="49.023707" lon="15.012600">
				<ele>507.000000</ele>
			</trkpt>
			<trkpt lat="49.023696" lon="15.012394">
				<ele>507.000000</ele>
			</trkpt>
			<trkpt lat="49.023707" lon="15.012187">
				<ele>507.000000</ele>
			</trkpt>
			<trkpt lat="49.023731" lon="15.011998">
				<ele>507.000000</ele>
			</trkpt>
			<trkpt lat="49.023837" lon="15.011325">
				<ele>508.000000</ele>
			</trkpt>
			<trkpt lat="49.023937" lon="15.010776">
				<ele>509.000000</ele>
			</trkpt>
			<trkpt lat="49.024037" lon="15.010300">
				<ele>510.000000</ele>
			</trkpt>
			<trkpt lat="49.024161" lon="15.009707">
				<ele>510.000000</ele>
			</trkpt>
			<trkpt lat="49.024225" lon="15.009457">
				<ele>511.000000</ele>
			</trkpt>
			<trkpt lat="49.024314" lon="15.009178">
				<ele>511.000000</ele>
			</trkpt>
			<trkpt lat="49.024396" lon="15.008989">
				<ele>511.000000</ele>
			</trkpt>
			<trkpt lat="49.024514" lon="15.008765">
				<ele>512.000000</ele>
			</trkpt>
			<trkpt lat="49.024638" lon="15.008575">
				<ele>512.000000</ele>
			</trkpt>
			<trkpt lat="49.024785" lon="15.008396">
				<ele>513.000000</ele>
			</trkpt>
			<trkpt lat="49.025251" lon="15.007866">
				<ele>514.000000</ele>
			</trkpt>
			<trkpt lat="49.025522" lon="15.007552">
				<ele>514.000000</ele>
			</trkpt>
			<trkpt lat="49.025728" lon="15.007273">
				<ele>515.000000</ele>
			</trkpt>
			<trkpt lat="49.025899" lon="15.007004">
				<ele>515.000000</ele>
			</trkpt>
			<trkpt lat="49.026063" lon="15.006734">
				<ele>515.000000</ele>
			</trkpt>
			<trkpt lat="49.026199" lon="15.006447">
				<ele>515.000000</ele>
			</trkpt>
			<trkpt lat="49.026340" lon="15.006088">
				<ele>515.000000</ele>
			</trkpt>
			<trkpt lat="49.026446" lon="15.005755">
				<ele>515.000000</ele>
			</trkpt>
			<trkpt lat="49.026470" lon="15.005675">
				<ele>516.000000</ele>
			</trkpt>
			<trkpt lat="49.026470" lon="15.005675">
				<ele>516.000000</ele>
			</trkpt>
			<trkpt lat="49.026558" lon="15.005333">
				<ele>516.000000</ele>
			</trkpt>
			<trkpt lat="49.026664" lon="15.004839">
				<ele>517.000000</ele>
			</trkpt>
			<trkpt lat="49.026735" lon="15.004417">
				<ele>518.000000</ele>
			</trkpt>
			<trkpt lat="49.026782" lon="15.003967">
				<ele>519.000000</ele>
			</trkpt>
			<trkpt lat="49.026835" lon="15.003285">
				<ele>520.000000</ele>
			</trkpt>
			<trkpt lat="49.026906" lon="15.002296">
				<ele>520.000000</ele>
			</trkpt>
			<trkpt lat="49.026935" lon="15.002054">
				<ele>520.000000</ele>
			</trkpt>
			<trkpt lat="49.026971" lon="15.001776">
				<ele>520.000000</ele>
			</trkpt>
			<trkpt lat="49.027130" lon="15.000931">
				<ele>520.000000</ele>
			</trkpt>
			<trkpt lat="49.027283" lon="15.000149">
				<ele>520.000000</ele>
			</trkpt>
			<trkpt lat="49.027348" lon="14.999809">
				<ele>520.000000</ele>
			</trkpt>
			<trkpt lat="49.027413" lon="14.999494">
				<ele>520.000000</ele>
			</trkpt>
			<trkpt lat="49.027466" lon="14.999224">
				<ele>520.000000</ele>
			</trkpt>
			<trkpt lat="49.027501" lon="14.998964">
				<ele>520.000000</ele>
			</trkpt>
			<trkpt lat="49.027519" lon="14.998757">
				<ele>520.000000</ele>
			</trkpt>
			<trkpt lat="49.027501" lon="14.998551">
				<ele>519.000000</ele>
			</trkpt>
			<trkpt lat="49.027466" lon="14.998388">
				<ele>519.000000</ele>
			</trkpt>
			<trkpt lat="49.027413" lon="14.998236">
				<ele>519.000000</ele>
			</trkpt>
			<trkpt lat="49.027348" lon="14.998128">
				<ele>518.000000</ele>
			</trkpt>
			<trkpt lat="49.027277" lon="14.998048">
				<ele>518.000000</ele>
			</trkpt>
			<trkpt lat="49.027177" lon="14.997994">
				<ele>518.000000</ele>
			</trkpt>
			<trkpt lat="49.027071" lon="14.997958">
				<ele>518.000000</ele>
			</trkpt>
			<trkpt lat="49.026959" lon="14.997958">
				<ele>517.000000</ele>
			</trkpt>
			<trkpt lat="49.026529" lon="14.998128">
				<ele>516.000000</ele>
			</trkpt>
			<trkpt lat="49.026393" lon="14.998164">
				<ele>516.000000</ele>
			</trkpt>
			<trkpt lat="49.026270" lon="14.998182">
				<ele>516.000000</ele>
			</trkpt>
			<trkpt lat="49.026135" lon="14.998164">
				<ele>515.000000</ele>
			</trkpt>
			<trkpt lat="49.026034" lon="14.998138">
				<ele>515.000000</ele>
			</trkpt>
			<trkpt lat="49.025934" lon="14.998083">
				<ele>515.000000</ele>
			</trkpt>
			<trkpt lat="49.025839" lon="14.998002">
				<ele>514.000000</ele>
			</trkpt>
			<trkpt lat="49.025592" lon="14.997742">
				<ele>512.000000</ele>
			</trkpt>
			<trkpt lat="49.025469" lon="14.997635">
				<ele>512.000000</ele>
			</trkpt>
			<trkpt lat="49.025351" lon="14.997535">
				<ele>511.000000</ele>
			</trkpt>
			<trkpt lat="49.025227" lon="14.997472">
				<ele>510.000000</ele>
			</trkpt>
			<trkpt lat="49.025109" lon="14.997446">
				<ele>509.000000</ele>
			</trkpt>
			<trkpt lat="49.024991" lon="14.997428">
				<ele>509.000000</ele>
			</trkpt>
			<trkpt lat="49.024856" lon="14.997455">
				<ele>508.000000</ele>
			</trkpt>
			<trkpt lat="49.024720" lon="14.997509">
				<ele>508.000000</ele>
			</trkpt>
			<trkpt lat="49.024415" lon="14.997662">
				<ele>506.000000</ele>
			</trkpt>
			<trkpt lat="49.024261" lon="14.997715">
				<ele>505.000000</ele>
			</trkpt>
			<trkpt lat="49.024108" lon="14.997759">
				<ele>505.000000</ele>
			</trkpt>
			<trkpt lat="49.023955" lon="14.997786">
				<ele>505.000000</ele>
			</trkpt>
			<trkpt lat="49.023843" lon="14.997786">
				<ele>504.000000</ele>
			</trkpt>
			<trkpt lat="49.023731" lon="14.997786">
				<ele>504.000000</ele>
			</trkpt>
			<trkpt lat="49.023625" lon="14.997769">
				<ele>504.000000</ele>
			</trkpt>
			<trkpt lat="49.023525" lon="14.997742">
				<ele>504.000000</ele>
			</trkpt>
			<trkpt lat="49.023425" lon="14.997706">
				<ele>504.000000</ele>
			</trkpt>
			<trkpt lat="49.023330" lon="14.997643">
				<ele>504.000000</ele>
			</trkpt>
			<trkpt lat="49.023266" lon="14.997607">
				<ele>504.000000</ele>
			</trkpt>
			<trkpt lat="49.023183" lon="14.997526">
				<ele>503.000000</ele>
			</trkpt>
			<trkpt lat="49.023101" lon="14.997419">
				<ele>503.000000</ele>
			</trkpt>
			<trkpt lat="49.023030" lon="14.997302">
				<ele>503.000000</ele>
			</trkpt>
			<trkpt lat="49.022983" lon="14.997212">
				<ele>503.000000</ele>
			</trkpt>
			<trkpt lat="49.022930" lon="14.997086">
				<ele>503.000000</ele>
			</trkpt>
			<trkpt lat="49.022877" lon="14.996952">
				<ele>503.000000</ele>
			</trkpt>
			<trkpt lat="49.022854" lon="14.996843">
				<ele>503.000000</ele>
			</trkpt>
			<trkpt lat="49.022835" lon="14.996727">
				<ele>502.000000</ele>
			</trkpt>
			<trkpt lat="49.022795" lon="14.996386">
				<ele>502.000000</ele>
			</trkpt>
			<trkpt lat="49.022771" lon="14.996224">
				<ele>502.000000</ele>
			</trkpt>
			<trkpt lat="49.022641" lon="14.995748">
				<ele>501.000000</ele>
			</trkpt>
			<trkpt lat="49.022582" lon="14.995522">
				<ele>501.000000</ele>
			</trkpt>
			<trkpt lat="49.022518" lon="14.995362">
				<ele>501.000000</ele>
			</trkpt>
			<trkpt lat="49.022376" lon="14.995020">
				<ele>501.000000</ele>
			</trkpt>
			<trkpt lat="49.022170" lon="14.994633">
				<ele>500.000000</ele>
			</trkpt>
			<trkpt lat="49.022017" lon="14.994364">
				<ele>500.000000</ele>
			</trkpt>
			<trkpt lat="49.021887" lon="14.994176">
				<ele>500.000000</ele>
			</trkpt>
			<trkpt lat="49.021734" lon="14.993970">
				<ele>500.000000</ele>
			</trkpt>
			<trkpt lat="49.021610" lon="14.993817">
				<ele>500.000000</ele>
			</trkpt>
			<trkpt lat="49.021475" lon="14.993681">
				<ele>500.000000</ele>
			</trkpt>
			<trkpt lat="49.021321" lon="14.993556">
				<ele>500.000000</ele>
			</trkpt>
			<trkpt lat="49.021156" lon="14.993438">
				<ele>500.000000</ele>
			</trkpt>
			<trkpt lat="49.020944" lon="14.993314">
				<ele>500.000000</ele>
			</trkpt>
			<trkpt lat="49.020686" lon="14.993151">
				<ele>500.000000</ele>
			</trkpt>
			<trkpt lat="49.020503" lon="14.993025">
				<ele>500.000000</ele>
			</trkpt>
			<trkpt lat="49.020403" lon="14.992927">
				<ele>500.000000</ele>
			</trkpt>
			<trkpt lat="49.020303" lon="14.992819">
				<ele>500.000000</ele>
			</trkpt>
			<trkpt lat="49.020208" lon="14.992694">
				<ele>500.000000</ele>
			</trkpt>
			<trkpt lat="49.020108" lon="14.992559">
				<ele>500.000000</ele>
			</trkpt>
			<trkpt lat="49.019855" lon="14.992109">
				<ele>500.000000</ele>
			</trkpt>
			<trkpt lat="49.019713" lon="14.991920">
				<ele>500.000000</ele>
			</trkpt>
			<trkpt lat="49.019619" lon="14.991822">
				<ele>500.000000</ele>
			</trkpt>
			<trkpt lat="49.019513" lon="14.991750">
				<ele>500.000000</ele>
			</trkpt>
			<trkpt lat="49.019413" lon="14.991714">
				<ele>500.000000</ele>
			</trkpt>
			<trkpt lat="49.019201" lon="14.991660">
				<ele>500.000000</ele>
			</trkpt>
			<trkpt lat="49.019071" lon="14.991606">
				<ele>500.000000</ele>
			</trkpt>
			<trkpt lat="49.018535" lon="14.991293">
				<ele>500.000000</ele>
			</trkpt>
			<trkpt lat="49.018347" lon="14.991175">
				<ele>501.000000</ele>
			</trkpt>
			<trkpt lat="49.018117" lon="14.991094">
				<ele>501.000000</ele>
			</trkpt>
			<trkpt lat="49.017875" lon="14.991031">
				<ele>501.000000</ele>
			</trkpt>
			<trkpt lat="49.017545" lon="14.990977">
				<ele>501.000000</ele>
			</trkpt>
			<trkpt lat="49.017256" lon="14.990888">
				<ele>502.000000</ele>
			</trkpt>
			<trkpt lat="49.017015" lon="14.990798">
				<ele>502.000000</ele>
			</trkpt>
			<trkpt lat="49.016768" lon="14.990690">
				<ele>502.000000</ele>
			</trkpt>
			<trkpt lat="49.016597" lon="14.990574">
				<ele>502.000000</ele>
			</trkpt>
			<trkpt lat="49.016455" lon="14.990457">
				<ele>502.000000</ele>
			</trkpt>
			<trkpt lat="49.016290" lon="14.990304">
				<ele>503.000000</ele>
			</trkpt>
			<trkpt lat="49.016155" lon="14.990142">
				<ele>503.000000</ele>
			</trkpt>
			<trkpt lat="49.016025" lon="14.989935">
				<ele>503.000000</ele>
			</trkpt>
			<trkpt lat="49.015907" lon="14.989729">
				<ele>503.000000</ele>
			</trkpt>
			<trkpt lat="49.015795" lon="14.989496">
				<ele>503.000000</ele>
			</trkpt>
			<trkpt lat="49.015701" lon="14.989235">
				<ele>504.000000</ele>
			</trkpt>
			<trkpt lat="49.014824" lon="14.986827">
				<ele>506.000000</ele>
			</trkpt>
			<trkpt lat="49.014252" lon="14.985201">
				<ele>510.000000</ele>
			</trkpt>
			<trkpt lat="49.013892" lon="14.984159">
				<ele>512.000000</ele>
			</trkpt>
			<trkpt lat="49.013610" lon="14.983314">
				<ele>513.000000</ele>
			</trkpt>
			<trkpt lat="49.013368" lon="14.982525">
				<ele>514.000000</ele>
			</trkpt>
			<trkpt lat="49.013097" lon="14.981582">
				<ele>515.000000</ele>
			</trkpt>
			<trkpt lat="49.013044" lon="14.981356">
				<ele>515.000000</ele>
			</trkpt>
			<trkpt lat="49.012543" lon="14.981985">
				<ele>514.000000</ele>
			</trkpt>
			<trkpt lat="49.012372" lon="14.982183">
				<ele>513.000000</ele>
			</trkpt>
			<trkpt lat="49.012190" lon="14.982362">
				<ele>513.000000</ele>
			</trkpt>
			<trkpt lat="49.012007" lon="14.982534">
				<ele>512.000000</ele>
			</trkpt>
			<trkpt lat="49.011819" lon="14.982704">
				<ele>512.000000</ele>
			</trkpt>
			<trkpt lat="49.011606" lon="14.982866">
				<ele>511.000000</ele>
			</trkpt>
			<trkpt lat="49.011406" lon="14.982991">
				<ele>510.000000</ele>
			</trkpt>
			<trkpt lat="49.011041" lon="14.983225">
				<ele>509.000000</ele>
			</trkpt>
			<trkpt lat="49.010923" lon="14.983280">
				<ele>508.000000</ele>
			</trkpt>
			<trkpt lat="49.010794" lon="14.983333">
				<ele>508.000000</ele>
			</trkpt>
			<trkpt lat="49.010682" lon="14.983343">
				<ele>507.000000</ele>
			</trkpt>
			<trkpt lat="49.010570" lon="14.983360">
				<ele>507.000000</ele>
			</trkpt>
			<trkpt lat="49.010434" lon="14.983343">
				<ele>506.000000</ele>
			</trkpt>
			<trkpt lat="49.010310" lon="14.983314">
				<ele>506.000000</ele>
			</trkpt>
			<trkpt lat="49.009768" lon="14.983198">
				<ele>503.000000</ele>
			</trkpt>
			<trkpt lat="49.009367" lon="14.983127">
				<ele>501.000000</ele>
			</trkpt>
			<trkpt lat="49.008961" lon="14.983073">
				<ele>499.000000</ele>
			</trkpt>
			<trkpt lat="49.008448" lon="14.983046">
				<ele>497.000000</ele>
			</trkpt>
			<trkpt lat="49.008006" lon="14.983054">
				<ele>495.000000</ele>
			</trkpt>
			<trkpt lat="49.007641" lon="14.983054">
				<ele>495.000000</ele>
			</trkpt>
			<trkpt lat="49.007488" lon="14.983027">
				<ele>495.000000</ele>
			</trkpt>
			<trkpt lat="49.007352" lon="14.983001">
				<ele>495.000000</ele>
			</trkpt>
			<trkpt lat="49.007217" lon="14.982964">
				<ele>495.000000</ele>
			</trkpt>
			<trkpt lat="49.007105" lon="14.982911">
				<ele>495.000000</ele>
			</trkpt>
			<trkpt lat="49.006963" lon="14.982830">
				<ele>495.000000</ele>
			</trkpt>
			<trkpt lat="49.006839" lon="14.982731">
				<ele>495.000000</ele>
			</trkpt>
			<trkpt lat="49.006469" lon="14.982452">
				<ele>495.000000</ele>
			</trkpt>
			<trkpt lat="49.006309" lon="14.982362">
				<ele>495.000000</ele>
			</trkpt>
			<trkpt lat="49.006174" lon="14.982291">
				<ele>495.000000</ele>
			</trkpt>
			<trkpt lat="49.006026" lon="14.982238">
				<ele>495.000000</ele>
			</trkpt>
			<trkpt lat="49.005885" lon="14.982211">
				<ele>495.000000</ele>
			</trkpt>
			<trkpt lat="49.005720" lon="14.982201">
				<ele>495.000000</ele>
			</trkpt>
			<trkpt lat="49.005567" lon="14.982211">
				<ele>496.000000</ele>
			</trkpt>
			<trkpt lat="49.005207" lon="14.982238">
				<ele>497.000000</ele>
			</trkpt>
			<trkpt lat="49.004677" lon="14.982309">
				<ele>499.000000</ele>
			</trkpt>
			<trkpt lat="49.004435" lon="14.982335">
				<ele>500.000000</ele>
			</trkpt>
			<trkpt lat="49.004282" lon="14.982372">
				<ele>500.000000</ele>
			</trkpt>
			<trkpt lat="49.004146" lon="14.982444">
				<ele>501.000000</ele>
			</trkpt>
			<trkpt lat="49.004076" lon="14.982498">
				<ele>501.000000</ele>
			</trkpt>
			<trkpt lat="49.004011" lon="14.982569">
				<ele>502.000000</ele>
			</trkpt>
			<trkpt lat="49.003905" lon="14.982677">
				<ele>502.000000</ele>
			</trkpt>
			<trkpt lat="49.003787" lon="14.982748">
				<ele>503.000000</ele>
			</trkpt>
			<trkpt lat="49.003375" lon="14.982911">
				<ele>505.000000</ele>
			</trkpt>
			<trkpt lat="49.003174" lon="14.983018">
				<ele>506.000000</ele>
			</trkpt>
			<trkpt lat="49.002585" lon="14.983351">
				<ele>510.000000</ele>
			</trkpt>
			<trkpt lat="49.002432" lon="14.983414">
				<ele>510.000000</ele>
			</trkpt>
			<trkpt lat="49.002284" lon="14.983440">
				<ele>510.000000</ele>
			</trkpt>
			<trkpt lat="49.002149" lon="14.983432">
				<ele>510.000000</ele>
			</trkpt>
			<trkpt lat="49.001978" lon="14.983387">
				<ele>510.000000</ele>
			</trkpt>
			<trkpt lat="49.001329" lon="14.983207">
				<ele>510.000000</ele>
			</trkpt>
			<trkpt lat="49.001135" lon="14.983144">
				<ele>509.000000</ele>
			</trkpt>
			<trkpt lat="49.000970" lon="14.983073">
				<ele>507.000000</ele>
			</trkpt>
			<trkpt lat="49.000835" lon="14.982974">
				<ele>506.000000</ele>
			</trkpt>
			<trkpt lat="49.000723" lon="14.982866">
				<ele>504.000000</ele>
			</trkpt>
			<trkpt lat="49.000534" lon="14.982677">
				<ele>502.000000</ele>
			</trkpt>
			<trkpt lat="49.000133" lon="14.982291">
				<ele>497.000000</ele>
			</trkpt>
			<trkpt lat="48.999992" lon="14.982129">
				<ele>496.000000</ele>
			</trkpt>
			<trkpt lat="48.999856" lon="14.981976">
				<ele>495.000000</ele>
			</trkpt>
			<trkpt lat="48.999750" lon="14.981842">
				<ele>495.000000</ele>
			</trkpt>
			<trkpt lat="48.999650" lon="14.981662">
				<ele>495.000000</ele>
			</trkpt>
			<trkpt lat="48.999485" lon="14.981410">
				<ele>495.000000</ele>
			</trkpt>
			<trkpt lat="48.999408" lon="14.981051">
				<ele>495.000000</ele>
			</trkpt>
			<trkpt lat="48.999296" lon="14.980611">
				<ele>495.000000</ele>
			</trkpt>
			<trkpt lat="48.999031" lon="14.979685">
				<ele>495.000000</ele>
			</trkpt>
			<trkpt lat="48.998954" lon="14.979425">
				<ele>495.000000</ele>
			</trkpt>
			<trkpt lat="48.998919" lon="14.979209">
				<ele>495.000000</ele>
			</trkpt>
			<trkpt lat="48.998707" lon="14.978536">
				<ele>495.000000</ele>
			</trkpt>
			<trkpt lat="48.998589" lon="14.978222">
				<ele>495.000000</ele>
			</trkpt>
			<trkpt lat="48.998453" lon="14.978033">
				<ele>495.000000</ele>
			</trkpt>
			<trkpt lat="48.998324" lon="14.977880">
				<ele>495.000000</ele>
			</trkpt>
			<trkpt lat="48.998253" lon="14.977800">
				<ele>495.000000</ele>
			</trkpt>
			<trkpt lat="48.998177" lon="14.977727">
				<ele>495.000000</ele>
			</trkpt>
			<trkpt lat="48.997888" lon="14.977548">
				<ele>495.000000</ele>
			</trkpt>
			<trkpt lat="48.997741" lon="14.977431">
				<ele>495.000000</ele>
			</trkpt>
			<trkpt lat="48.997617" lon="14.977297">
				<ele>496.000000</ele>
			</trkpt>
			<trkpt lat="48.997481" lon="14.977117">
				<ele>496.000000</ele>
			</trkpt>
			<trkpt lat="48.997074" lon="14.976469">
				<ele>498.000000</ele>
			</trkpt>
			<trkpt lat="48.996898" lon="14.976209">
				<ele>499.000000</ele>
			</trkpt>
			<trkpt lat="48.996750" lon="14.976012">
				<ele>499.000000</ele>
			</trkpt>
			<trkpt lat="48.996691" lon="14.975895">
				<ele>500.000000</ele>
			</trkpt>
			<trkpt lat="48.996632" lon="14.975779">
				<ele>500.000000</ele>
			</trkpt>
			<trkpt lat="48.996591" lon="14.975661">
				<ele>500.000000</ele>
			</trkpt>
			<trkpt lat="48.996544" lon="14.975527">
				<ele>500.000000</ele>
			</trkpt>
			<trkpt lat="48.996473" lon="14.975203">
				<ele>500.000000</ele>
			</trkpt>
			<trkpt lat="48.996456" lon="14.975095">
				<ele>500.000000</ele>
			</trkpt>
			<trkpt lat="48.996438" lon="14.974871">
				<ele>499.000000</ele>
			</trkpt>
			<trkpt lat="48.996426" lon="14.974781">
				<ele>499.000000</ele>
			</trkpt>
			<trkpt lat="48.996391" lon="14.974655">
				<ele>499.000000</ele>
			</trkpt>
			<trkpt lat="48.996349" lon="14.974521">
				<ele>499.000000</ele>
			</trkpt>
			<trkpt lat="48.996267" lon="14.974295">
				<ele>499.000000</ele>
			</trkpt>
			<trkpt lat="48.996096" lon="14.973838">
				<ele>498.000000</ele>
			</trkpt>
			<trkpt lat="48.995896" lon="14.973219">
				<ele>497.000000</ele>
			</trkpt>
			<trkpt lat="48.995842" lon="14.973066">
				<ele>497.000000</ele>
			</trkpt>
			<trkpt lat="48.995778" lon="14.972930">
				<ele>497.000000</ele>
			</trkpt>
			<trkpt lat="48.995719" lon="14.972804">
				<ele>497.000000</ele>
			</trkpt>
			<trkpt lat="48.995643" lon="14.972714">
				<ele>497.000000</ele>
			</trkpt>
			<trkpt lat="48.995548" lon="14.972607">
				<ele>497.000000</ele>
			</trkpt>
			<trkpt lat="48.995419" lon="14.972490">
				<ele>496.000000</ele>
			</trkpt>
			<trkpt lat="48.994971" lon="14.972114">
				<ele>495.000000</ele>
			</trkpt>
			<trkpt lat="48.994923" lon="14.972087">
				<ele>495.000000</ele>
			</trkpt>
			<trkpt lat="48.994882" lon="14.972041">
				<ele>495.000000</ele>
			</trkpt>
			<trkpt lat="48.994834" lon="14.971978">
				<ele>495.000000</ele>
			</trkpt>
			<trkpt lat="48.994800" lon="14.971907">
				<ele>495.000000</ele>
			</trkpt>
			<trkpt lat="48.994729" lon="14.971727">
				<ele>495.000000</ele>
			</trkpt>
			<trkpt lat="48.994664" lon="14.971493">
				<ele>494.000000</ele>
			</trkpt>
			<trkpt lat="48.994629" lon="14.971376">
				<ele>493.000000</ele>
			</trkpt>
			<trkpt lat="48.994564" lon="14.971269">
				<ele>493.000000</ele>
			</trkpt>
			<trkpt lat="48.994487" lon="14.971179">
				<ele>492.000000</ele>
			</trkpt>
			<trkpt lat="48.994293" lon="14.971016">
				<ele>491.000000</ele>
			</trkpt>
			<trkpt lat="48.994116" lon="14.970829">
				<ele>490.000000</ele>
			</trkpt>
			<trkpt lat="48.994045" lon="14.970730">
				<ele>489.000000</ele>
			</trkpt>
			<trkpt lat="48.993962" lon="14.970613">
				<ele>488.000000</ele>
			</trkpt>
			<trkpt lat="48.993839" lon="14.970361">
				<ele>487.000000</ele>
			</trkpt>
			<trkpt lat="48.993609" lon="14.969867">
				<ele>485.000000</ele>
			</trkpt>
			<trkpt lat="48.993550" lon="14.969651">
				<ele>484.000000</ele>
			</trkpt>
			<trkpt lat="48.993497" lon="14.969364">
				<ele>484.000000</ele>
			</trkpt>
			<trkpt lat="48.993420" lon="14.968843">
				<ele>483.000000</ele>
			</trkpt>
			<trkpt lat="48.993379" lon="14.968502">
				<ele>482.000000</ele>
			</trkpt>
			<trkpt lat="48.993361" lon="14.968215">
				<ele>482.000000</ele>
			</trkpt>
			<trkpt lat="48.993361" lon="14.967945">
				<ele>481.000000</ele>
			</trkpt>
			<trkpt lat="48.993367" lon="14.967559">
				<ele>481.000000</ele>
			</trkpt>
			<trkpt lat="48.993432" lon="14.966822">
				<ele>479.000000</ele>
			</trkpt>
			<trkpt lat="48.993432" lon="14.966435">
				<ele>479.000000</ele>
			</trkpt>
			<trkpt lat="48.993414" lon="14.965986">
				<ele>478.000000</ele>
			</trkpt>
			<trkpt lat="48.993367" lon="14.965592">
				<ele>477.000000</ele>
			</trkpt>
			<trkpt lat="48.993296" lon="14.965196">
				<ele>476.000000</ele>
			</trkpt>
			<trkpt lat="48.993161" lon="14.964613">
				<ele>475.000000</ele>
			</trkpt>
			<trkpt lat="48.993114" lon="14.964414">
				<ele>475.000000</ele>
			</trkpt>
			<trkpt lat="48.993090" lon="14.964298">
				<ele>475.000000</ele>
			</trkpt>
			<trkpt lat="48.993025" lon="14.963992">
				<ele>475.000000</ele>
			</trkpt>
			<trkpt lat="48.992990" lon="14.963758">
				<ele>475.000000</ele>
			</trkpt>
			<trkpt lat="48.992990" lon="14.963651">
				<ele>475.000000</ele>
			</trkpt>
			<trkpt lat="48.992996" lon="14.963525">
				<ele>475.000000</ele>
			</trkpt>
			<trkpt lat="48.993031" lon="14.963309">
				<ele>475.000000</ele>
			</trkpt>
			<trkpt lat="48.993143" lon="14.962707">
				<ele>475.000000</ele>
			</trkpt>
			<trkpt lat="48.993267" lon="14.961810">
				<ele>475.000000</ele>
			</trkpt>
			<trkpt lat="48.993338" lon="14.961324">
				<ele>475.000000</ele>
			</trkpt>
			<trkpt lat="48.993485" lon="14.960489">
				<ele>475.000000</ele>
			</trkpt>
			<trkpt lat="48.993538" lon="14.960112">
				<ele>475.000000</ele>
			</trkpt>
			<trkpt lat="48.993579" lon="14.959644">
				<ele>475.000000</ele>
			</trkpt>
			<trkpt lat="48.993626" lon="14.959114">
				<ele>475.000000</ele>
			</trkpt>
			<trkpt lat="48.993626" lon="14.958863">
				<ele>475.000000</ele>
			</trkpt>
			<trkpt lat="48.993591" lon="14.958638">
				<ele>475.000000</ele>
			</trkpt>
			<trkpt lat="48.993544" lon="14.958414">
				<ele>475.000000</ele>
			</trkpt>
			<trkpt lat="48.993402" lon="14.957892">
				<ele>475.000000</ele>
			</trkpt>
			<trkpt lat="48.993402" lon="14.957883">
				<ele>475.000000</ele>
			</trkpt>
			<trkpt lat="48.993367" lon="14.957758">
				<ele>475.000000</ele>
			</trkpt>
			<trkpt lat="48.993320" lon="14.957650">
				<ele>475.000000</ele>
			</trkpt>
			<trkpt lat="48.993273" lon="14.957552">
				<ele>475.000000</ele>
			</trkpt>
			<trkpt lat="48.993220" lon="14.957462">
				<ele>475.000000</ele>
			</trkpt>
			<trkpt lat="48.993155" lon="14.957390">
				<ele>475.000000</ele>
			</trkpt>
			<trkpt lat="48.993078" lon="14.957318">
				<ele>475.000000</ele>
			</trkpt>
			<trkpt lat="48.993002" lon="14.957263">
				<ele>475.000000</ele>
			</trkpt>
			<trkpt lat="48.992907" lon="14.957229">
				<ele>476.000000</ele>
			</trkpt>
			<trkpt lat="48.992789" lon="14.957183">
				<ele>477.000000</ele>
			</trkpt>
			<trkpt lat="48.992689" lon="14.957147">
				<ele>478.000000</ele>
			</trkpt>
			<trkpt lat="48.992471" lon="14.957129">
				<ele>479.000000</ele>
			</trkpt>
			<trkpt lat="48.992300" lon="14.957120">
				<ele>480.000000</ele>
			</trkpt>
			<trkpt lat="48.992129" lon="14.957066">
				<ele>482.000000</ele>
			</trkpt>
			<trkpt lat="48.991976" lon="14.956986">
				<ele>483.000000</ele>
			</trkpt>
			<trkpt lat="48.991746" lon="14.956833">
				<ele>485.000000</ele>
			</trkpt>
			<trkpt lat="48.991321" lon="14.956545">
				<ele>487.000000</ele>
			</trkpt>
			<trkpt lat="48.990897" lon="14.956303">
				<ele>489.000000</ele>
			</trkpt>
			<trkpt lat="48.990827" lon="14.956275">
				<ele>489.000000</ele>
			</trkpt>
			<trkpt lat="48.990744" lon="14.956240">
				<ele>490.000000</ele>
			</trkpt>
			<trkpt lat="48.990673" lon="14.956240">
				<ele>490.000000</ele>
			</trkpt>
			<trkpt lat="48.990603" lon="14.956248">
				<ele>490.000000</ele>
			</trkpt>
			<trkpt lat="48.990538" lon="14.956275">
				<ele>490.000000</ele>
			</trkpt>
			<trkpt lat="48.990461" lon="14.956303">
				<ele>490.000000</ele>
			</trkpt>
			<trkpt lat="48.990267" lon="14.956420">
				<ele>490.000000</ele>
			</trkpt>
			<trkpt lat="48.990119" lon="14.956500">
				<ele>490.000000</ele>
			</trkpt>
			<trkpt lat="48.989972" lon="14.956545">
				<ele>490.000000</ele>
			</trkpt>
			<trkpt lat="48.989830" lon="14.956563">
				<ele>490.000000</ele>
			</trkpt>
			<trkpt lat="48.989547" lon="14.956545">
				<ele>490.000000</ele>
			</trkpt>
			<trkpt lat="48.989235" lon="14.956563">
				<ele>490.000000</ele>
			</trkpt>
			<trkpt lat="48.988640" lon="14.956590">
				<ele>490.000000</ele>
			</trkpt>
			<trkpt lat="48.988392" lon="14.956590">
				<ele>490.000000</ele>
			</trkpt>
			<trkpt lat="48.988162" lon="14.956563">
				<ele>490.000000</ele>
			</trkpt>
			<trkpt lat="48.987950" lon="14.956518">
				<ele>490.000000</ele>
			</trkpt>
			<trkpt lat="48.987631" lon="14.956437">
				<ele>490.000000</ele>
			</trkpt>
			<trkpt lat="48.987390" lon="14.956357">
				<ele>490.000000</ele>
			</trkpt>
			<trkpt lat="48.987219" lon="14.956338">
				<ele>490.000000</ele>
			</trkpt>
			<trkpt lat="48.987060" lon="14.956357">
				<ele>490.000000</ele>
			</trkpt>
			<trkpt lat="48.986907" lon="14.956384">
				<ele>489.000000</ele>
			</trkpt>
			<trkpt lat="48.986429" lon="14.956537">
				<ele>486.000000</ele>
			</trkpt>
			<trkpt lat="48.986323" lon="14.956545">
				<ele>485.000000</ele>
			</trkpt>
			<trkpt lat="48.986229" lon="14.956518">
				<ele>485.000000</ele>
			</trkpt>
			<trkpt lat="48.986170" lon="14.956483">
				<ele>485.000000</ele>
			</trkpt>
			<trkpt lat="48.986105" lon="14.956411">
				<ele>485.000000</ele>
			</trkpt>
			<trkpt lat="48.986052" lon="14.956330">
				<ele>485.000000</ele>
			</trkpt>
			<trkpt lat="48.986005" lon="14.956231">
				<ele>485.000000</ele>
			</trkpt>
			<trkpt lat="48.985887" lon="14.956015">
				<ele>484.000000</ele>
			</trkpt>
			<trkpt lat="48.985792" lon="14.955854">
				<ele>484.000000</ele>
			</trkpt>
			<trkpt lat="48.985680" lon="14.955701">
				<ele>484.000000</ele>
			</trkpt>
			<trkpt lat="48.985527" lon="14.955512">
				<ele>484.000000</ele>
			</trkpt>
			<trkpt lat="48.985368" lon="14.955332">
				<ele>483.000000</ele>
			</trkpt>
			<trkpt lat="48.985256" lon="14.955179">
				<ele>483.000000</ele>
			</trkpt>
			<trkpt lat="48.985150" lon="14.955036">
				<ele>483.000000</ele>
			</trkpt>
			<trkpt lat="48.985032" lon="14.954812">
				<ele>483.000000</ele>
			</trkpt>
			<trkpt lat="48.984943" lon="14.954605">
				<ele>483.000000</ele>
			</trkpt>
			<trkpt lat="48.984826" lon="14.954263">
				<ele>482.000000</ele>
			</trkpt>
			<trkpt lat="48.984755" lon="14.954093">
				<ele>482.000000</ele>
			</trkpt>
			<trkpt lat="48.984719" lon="14.953994">
				<ele>482.000000</ele>
			</trkpt>
			<trkpt lat="48.984690" lon="14.953895">
				<ele>482.000000</ele>
			</trkpt>
			<trkpt lat="48.984672" lon="14.953787">
				<ele>482.000000</ele>
			</trkpt>
			<trkpt lat="48.984655" lon="14.953608">
				<ele>482.000000</ele>
			</trkpt>
			<trkpt lat="48.984625" lon="14.953419">
				<ele>481.000000</ele>
			</trkpt>
			<trkpt lat="48.984584" lon="14.953231">
				<ele>481.000000</ele>
			</trkpt>
			<trkpt lat="48.984519" lon="14.953051">
				<ele>481.000000</ele>
			</trkpt>
			<trkpt lat="48.984431" lon="14.952862">
				<ele>481.000000</ele>
			</trkpt>
			<trkpt lat="48.984377" lon="14.952755">
				<ele>481.000000</ele>
			</trkpt>
			<trkpt lat="48.984330" lon="14.952701">
				<ele>481.000000</ele>
			</trkpt>
			<trkpt lat="48.984283" lon="14.952638">
				<ele>481.000000</ele>
			</trkpt>
			<trkpt lat="48.984136" lon="14.952548">
				<ele>480.000000</ele>
			</trkpt>
			<trkpt lat="48.982945" lon="14.951793">
				<ele>477.000000</ele>
			</trkpt>
			<trkpt lat="48.982367" lon="14.951397">
				<ele>475.000000</ele>
			</trkpt>
			<trkpt lat="48.982244" lon="14.951317">
				<ele>475.000000</ele>
			</trkpt>
			<trkpt lat="48.982155" lon="14.951281">
				<ele>475.000000</ele>
			</trkpt>
			<trkpt lat="48.982060" lon="14.951281">
				<ele>474.000000</ele>
			</trkpt>
			<trkpt lat="48.981972" lon="14.951308">
				<ele>474.000000</ele>
			</trkpt>
			<trkpt lat="48.981913" lon="14.951334">
				<ele>474.000000</ele>
			</trkpt>
			<trkpt lat="48.981648" lon="14.951506">
				<ele>474.000000</ele>
			</trkpt>
			<trkpt lat="48.981406" lon="14.951650">
				<ele>473.000000</ele>
			</trkpt>
			<trkpt lat="48.981135" lon="14.951784">
				<ele>472.000000</ele>
			</trkpt>
			<trkpt lat="48.980911" lon="14.951883">
				<ele>472.000000</ele>
			</trkpt>
			<trkpt lat="48.980722" lon="14.951937">
				<ele>472.000000</ele>
			</trkpt>
			<trkpt lat="48.980528" lon="14.951973">
				<ele>471.000000</ele>
			</trkpt>
			<trkpt lat="48.980263" lon="14.952000">
				<ele>471.000000</ele>
			</trkpt>
			<trkpt lat="48.979950" lon="14.952045">
				<ele>470.000000</ele>
			</trkpt>
			<trkpt lat="48.979826" lon="14.952026">
				<ele>470.000000</ele>
			</trkpt>
			<trkpt lat="48.979679" lon="14.951990">
				<ele>470.000000</ele>
			</trkpt>
			<trkpt lat="48.979596" lon="14.951963">
				<ele>470.000000</ele>
			</trkpt>
			<trkpt lat="48.979508" lon="14.951963">
				<ele>470.000000</ele>
			</trkpt>
			<trkpt lat="48.979502" lon="14.952170">
				<ele>470.000000</ele>
			</trkpt>
			<trkpt lat="48.979437" lon="14.952466">
				<ele>470.000000</ele>
			</trkpt>
			<trkpt lat="48.979419" lon="14.952566">
				<ele>470.000000</ele>
			</trkpt>
			<trkpt lat="48.979384" lon="14.952629">
				<ele>470.000000</ele>
			</trkpt>
			<trkpt lat="48.979349" lon="14.952673">
				<ele>470.000000</ele>
			</trkpt>
			<trkpt lat="48.979301" lon="14.952718">
				<ele>470.000000</ele>
			</trkpt>
			<trkpt lat="48.979178" lon="14.952799">
				<ele>470.000000</ele>
			</trkpt>
			<trkpt lat="48.979113" lon="14.952826">
				<ele>470.000000</ele>
			</trkpt>
			<trkpt lat="48.979007" lon="14.952908">
				<ele>470.000000</ele>
			</trkpt>
			<trkpt lat="48.978936" lon="14.952979">
				<ele>470.000000</ele>
			</trkpt>
			<trkpt lat="48.978889" lon="14.953059">
				<ele>470.000000</ele>
			</trkpt>
			<trkpt lat="48.978841" lon="14.953149">
				<ele>470.000000</ele>
			</trkpt>
			<trkpt lat="48.978806" lon="14.953248">
				<ele>470.000000</ele>
			</trkpt>
			<trkpt lat="48.978771" lon="14.953321">
				<ele>470.000000</ele>
			</trkpt>
			<trkpt lat="48.978735" lon="14.953357">
				<ele>470.000000</ele>
			</trkpt>
			<trkpt lat="48.978688" lon="14.953384">
				<ele>470.000000</ele>
			</trkpt>
			<trkpt lat="48.978629" lon="14.953428">
				<ele>471.000000</ele>
			</trkpt>
			<trkpt lat="48.978446" lon="14.953508">
				<ele>471.000000</ele>
			</trkpt>
			<trkpt lat="48.978370" lon="14.953537">
				<ele>471.000000</ele>
			</trkpt>
			<trkpt lat="48.978287" lon="14.953537">
				<ele>471.000000</ele>
			</trkpt>
			<trkpt lat="48.978045" lon="14.953537">
				<ele>471.000000</ele>
			</trkpt>
			<trkpt lat="48.977845" lon="14.953491">
				<ele>471.000000</ele>
			</trkpt>
			<trkpt lat="48.977485" lon="14.953401">
				<ele>471.000000</ele>
			</trkpt>
			<trkpt lat="48.977350" lon="14.953410">
				<ele>471.000000</ele>
			</trkpt>
			<trkpt lat="48.977226" lon="14.953437">
				<ele>471.000000</ele>
			</trkpt>
			<trkpt lat="48.976990" lon="14.953437">
				<ele>471.000000</ele>
			</trkpt>
			<trkpt lat="48.976795" lon="14.953329">
				<ele>470.000000</ele>
			</trkpt>
			<trkpt lat="48.976754" lon="14.953275">
				<ele>470.000000</ele>
			</trkpt>
			<trkpt lat="48.976719" lon="14.953221">
				<ele>470.000000</ele>
			</trkpt>
			<trkpt lat="48.976695" lon="14.953141">
				<ele>470.000000</ele>
			</trkpt>
			<trkpt lat="48.976683" lon="14.953068">
				<ele>469.000000</ele>
			</trkpt>
			<trkpt lat="48.976683" lon="14.952988">
				<ele>469.000000</ele>
			</trkpt>
			<trkpt lat="48.976695" lon="14.952934">
				<ele>469.000000</ele>
			</trkpt>
			<trkpt lat="48.976719" lon="14.952818">
				<ele>469.000000</ele>
			</trkpt>
			<trkpt lat="48.976748" lon="14.952701">
				<ele>469.000000</ele>
			</trkpt>
			<trkpt lat="48.976854" lon="14.952440">
				<ele>468.000000</ele>
			</trkpt>
			<trkpt lat="48.976884" lon="14.952359">
				<ele>468.000000</ele>
			</trkpt>
			<trkpt lat="48.976907" lon="14.952269">
				<ele>468.000000</ele>
			</trkpt>
			<trkpt lat="48.976925" lon="14.952170">
				<ele>467.000000</ele>
			</trkpt>
			<trkpt lat="48.976925" lon="14.952072">
				<ele>467.000000</ele>
			</trkpt>
			<trkpt lat="48.976919" lon="14.951982">
				<ele>467.000000</ele>
			</trkpt>
			<trkpt lat="48.976907" lon="14.951874">
				<ele>467.000000</ele>
			</trkpt>
			<trkpt lat="48.976848" lon="14.951623">
				<ele>466.000000</ele>
			</trkpt>
			<trkpt lat="48.976766" lon="14.951300">
				<ele>466.000000</ele>
			</trkpt>
			<trkpt lat="48.976683" lon="14.950994">
				<ele>465.000000</ele>
			</trkpt>
			<trkpt lat="48.976542" lon="14.950248">
				<ele>465.000000</ele>
			</trkpt>
			<trkpt lat="48.976465" lon="14.949933">
				<ele>465.000000</ele>
			</trkpt>
			<trkpt lat="48.976406" lon="14.949673">
				<ele>465.000000</ele>
			</trkpt>
			<trkpt lat="48.976206" lon="14.948946">
				<ele>465.000000</ele>
			</trkpt>
			<trkpt lat="48.976153" lon="14.948793">
				<ele>465.000000</ele>
			</trkpt>
			<trkpt lat="48.976070" lon="14.948676">
				<ele>465.000000</ele>
			</trkpt>
			<trkpt lat="48.975988" lon="14.948595">
				<ele>465.000000</ele>
			</trkpt>
			<trkpt lat="48.975775" lon="14.948397">
				<ele>465.000000</ele>
			</trkpt>
			<trkpt lat="48.975539" lon="14.948191">
				<ele>465.000000</ele>
			</trkpt>
			<trkpt lat="48.975080" lon="14.947822">
				<ele>465.000000</ele>
			</trkpt>
			<trkpt lat="48.974838" lon="14.947625">
				<ele>465.000000</ele>
			</trkpt>
			<trkpt lat="48.974720" lon="14.947508">
				<ele>465.000000</ele>
			</trkpt>
			<trkpt lat="48.974614" lon="14.947373">
				<ele>465.000000</ele>
			</trkpt>
			<trkpt lat="48.974513" lon="14.947212">
				<ele>465.000000</ele>
			</trkpt>
			<trkpt lat="48.974479" lon="14.947139">
				<ele>465.000000</ele>
			</trkpt>
			<trkpt lat="48.974431" lon="14.947105">
				<ele>465.000000</ele>
			</trkpt>
			<trkpt lat="48.974390" lon="14.947086">
				<ele>465.000000</ele>
			</trkpt>
			<trkpt lat="48.974325" lon="14.947076">
				<ele>465.000000</ele>
			</trkpt>
			<trkpt lat="48.974272" lon="14.947086">
				<ele>465.000000</ele>
			</trkpt>
			<trkpt lat="48.974207" lon="14.947105">
				<ele>465.000000</ele>
			</trkpt>
			<trkpt lat="48.974013" lon="14.947212">
				<ele>465.000000</ele>
			</trkpt>
			<trkpt lat="48.973795" lon="14.947311">
				<ele>465.000000</ele>
			</trkpt>
			<trkpt lat="48.973641" lon="14.947346">
				<ele>465.000000</ele>
			</trkpt>
			<trkpt lat="48.973487" lon="14.947373">
				<ele>465.000000</ele>
			</trkpt>
			<trkpt lat="48.973276" lon="14.947392">
				<ele>465.000000</ele>
			</trkpt>
			<trkpt lat="48.972987" lon="14.947409">
				<ele>465.000000</ele>
			</trkpt>
			<trkpt lat="48.972786" lon="14.947409">
				<ele>465.000000</ele>
			</trkpt>
			<trkpt lat="48.972668" lon="14.947445">
				<ele>465.000000</ele>
			</trkpt>
			<trkpt lat="48.972597" lon="14.947499">
				<ele>465.000000</ele>
			</trkpt>
			<trkpt lat="48.972544" lon="14.947581">
				<ele>465.000000</ele>
			</trkpt>
			<trkpt lat="48.972509" lon="14.947705">
				<ele>465.000000</ele>
			</trkpt>
			<trkpt lat="48.972491" lon="14.947841">
				<ele>465.000000</ele>
			</trkpt>
			<trkpt lat="48.972480" lon="14.948074">
				<ele>465.000000</ele>
			</trkpt>
			<trkpt lat="48.972491" lon="14.948290">
				<ele>465.000000</ele>
			</trkpt>
			<trkpt lat="48.972544" lon="14.948990">
				<ele>465.000000</ele>
			</trkpt>
			<trkpt lat="48.972544" lon="14.949099">
				<ele>465.000000</ele>
			</trkpt>
			<trkpt lat="48.972527" lon="14.949197">
				<ele>465.000000</ele>
			</trkpt>
			<trkpt lat="48.972491" lon="14.949279">
				<ele>465.000000</ele>
			</trkpt>
			<trkpt lat="48.972438" lon="14.949350">
				<ele>465.000000</ele>
			</trkpt>
			<trkpt lat="48.972403" lon="14.949386">
				<ele>465.000000</ele>
			</trkpt>
			<trkpt lat="48.972356" lon="14.949403">
				<ele>465.000000</ele>
			</trkpt>
			<trkpt lat="48.972314" lon="14.949403">
				<ele>465.000000</ele>
			</trkpt>
			<trkpt lat="48.972267" lon="14.949386">
				<ele>465.000000</ele>
			</trkpt>
			<trkpt lat="48.972166" lon="14.949323">
				<ele>465.000000</ele>
			</trkpt>
			<trkpt lat="48.972025" lon="14.949152">
				<ele>465.000000</ele>
			</trkpt>
			<trkpt lat="48.971760" lon="14.948837">
				<ele>465.000000</ele>
			</trkpt>
			<trkpt lat="48.971548" lon="14.948541">
				<ele>465.000000</ele>
			</trkpt>
			<trkpt lat="48.971364" lon="14.948254">
				<ele>465.000000</ele>
			</trkpt>
			<trkpt lat="48.971153" lon="14.947868">
				<ele>465.000000</ele>
			</trkpt>
			<trkpt lat="48.970716" lon="14.947076">
				<ele>465.000000</ele>
			</trkpt>
			<trkpt lat="48.970628" lon="14.946916">
				<ele>465.000000</ele>
			</trkpt>
			<trkpt lat="48.970528" lon="14.946780">
				<ele>465.000000</ele>
			</trkpt>
			<trkpt lat="48.970410" lon="14.946682">
				<ele>465.000000</ele>
			</trkpt>
			<trkpt lat="48.970256" lon="14.946592">
				<ele>465.000000</ele>
			</trkpt>
			<trkpt lat="48.970068" lon="14.946476">
				<ele>465.000000</ele>
			</trkpt>
			<trkpt lat="48.969891" lon="14.946421">
				<ele>465.000000</ele>
			</trkpt>
			<trkpt lat="48.969708" lon="14.946413">
				<ele>465.000000</ele>
			</trkpt>
			<trkpt lat="48.969513" lon="14.946421">
				<ele>465.000000</ele>
			</trkpt>
			<trkpt lat="48.969289" lon="14.946449">
				<ele>465.000000</ele>
			</trkpt>
			<trkpt lat="48.969159" lon="14.946439">
				<ele>465.000000</ele>
			</trkpt>
			<trkpt lat="48.969100" lon="14.946421">
				<ele>465.000000</ele>
			</trkpt>
			<trkpt lat="48.969047" lon="14.946386">
				<ele>465.000000</ele>
			</trkpt>
			<trkpt lat="48.968988" lon="14.946340">
				<ele>465.000000</ele>
			</trkpt>
			<trkpt lat="48.968935" lon="14.946287">
				<ele>465.000000</ele>
			</trkpt>
			<trkpt lat="48.968835" lon="14.946170">
				<ele>465.000000</ele>
			</trkpt>
			<trkpt lat="48.968741" lon="14.946080">
				<ele>465.000000</ele>
			</trkpt>
			<trkpt lat="48.968741" lon="14.946080">
				<ele>465.000000</ele>
			</trkpt>
			<trkpt lat="48.968729" lon="14.946071">
				<ele>465.000000</ele>
			</trkpt>
			<trkpt lat="48.968646" lon="14.946017">
				<ele>465.000000</ele>
			</trkpt>
			<trkpt lat="48.968558" lon="14.945973">
				<ele>465.000000</ele>
			</trkpt>
			<trkpt lat="48.968458" lon="14.945945">
				<ele>465.000000</ele>
			</trkpt>
			<trkpt lat="48.968346" lon="14.945918">
				<ele>465.000000</ele>
			</trkpt>
			<trkpt lat="48.967614" lon="14.945801">
				<ele>465.000000</ele>
			</trkpt>
			<trkpt lat="48.967343" lon="14.945730">
				<ele>465.000000</ele>
			</trkpt>
			<trkpt lat="48.967013" lon="14.945621">
				<ele>465.000000</ele>
			</trkpt>
			<trkpt lat="48.966895" lon="14.945577">
				<ele>465.000000</ele>
			</trkpt>
			<trkpt lat="48.966789" lon="14.945514">
				<ele>465.000000</ele>
			</trkpt>
			<trkpt lat="48.966653" lon="14.945407">
				<ele>465.000000</ele>
			</trkpt>
			<trkpt lat="48.966606" lon="14.945352">
				<ele>465.000000</ele>
			</trkpt>
			<trkpt lat="48.966571" lon="14.945298">
				<ele>465.000000</ele>
			</trkpt>
			<trkpt lat="48.966541" lon="14.945199">
				<ele>465.000000</ele>
			</trkpt>
			<trkpt lat="48.966535" lon="14.945092">
				<ele>465.000000</ele>
			</trkpt>
			<trkpt lat="48.966517" lon="14.944858">
				<ele>465.000000</ele>
			</trkpt>
			<trkpt lat="48.966470" lon="14.944571">
				<ele>466.000000</ele>
			</trkpt>
			<trkpt lat="48.966447" lon="14.944436">
				<ele>466.000000</ele>
			</trkpt>
			<trkpt lat="48.966388" lon="14.944310">
				<ele>467.000000</ele>
			</trkpt>
			<trkpt lat="48.966329" lon="14.944202">
				<ele>467.000000</ele>
			</trkpt>
			<trkpt lat="48.966228" lon="14.944076">
				<ele>467.000000</ele>
			</trkpt>
			<trkpt lat="48.966164" lon="14.944023">
				<ele>468.000000</ele>
			</trkpt>
			<trkpt lat="48.966105" lon="14.943996">
				<ele>468.000000</ele>
			</trkpt>
			<trkpt lat="48.966028" lon="14.944013">
				<ele>468.000000</ele>
			</trkpt>
			<trkpt lat="48.965951" lon="14.944050">
				<ele>468.000000</ele>
			</trkpt>
			<trkpt lat="48.965733" lon="14.944185">
				<ele>469.000000</ele>
			</trkpt>
			<trkpt lat="48.965196" lon="14.944472">
				<ele>470.000000</ele>
			</trkpt>
			<trkpt lat="48.964984" lon="14.944598">
				<ele>469.000000</ele>
			</trkpt>
			<trkpt lat="48.964860" lon="14.944679">
				<ele>469.000000</ele>
			</trkpt>
			<trkpt lat="48.964754" lon="14.944778">
				<ele>469.000000</ele>
			</trkpt>
			<trkpt lat="48.964648" lon="14.944903">
				<ele>469.000000</ele>
			</trkpt>
			<trkpt lat="48.964618" lon="14.944939">
				<ele>469.000000</ele>
			</trkpt>
			<trkpt lat="48.964589" lon="14.944992">
				<ele>469.000000</ele>
			</trkpt>
			<trkpt lat="48.964571" lon="14.945065">
				<ele>468.000000</ele>
			</trkpt>
			<trkpt lat="48.964565" lon="14.945145">
				<ele>468.000000</ele>
			</trkpt>
			<trkpt lat="48.964571" lon="14.945541">
				<ele>468.000000</ele>
			</trkpt>
			<trkpt lat="48.964571" lon="14.945703">
				<ele>468.000000</ele>
			</trkpt>
			<trkpt lat="48.964548" lon="14.946008">
				<ele>467.000000</ele>
			</trkpt>
			<trkpt lat="48.964483" lon="14.946350">
				<ele>467.000000</ele>
			</trkpt>
			<trkpt lat="48.964430" lon="14.946592">
				<ele>467.000000</ele>
			</trkpt>
			<trkpt lat="48.964377" lon="14.946772">
				<ele>467.000000</ele>
			</trkpt>
			<trkpt lat="48.964312" lon="14.946933">
				<ele>466.000000</ele>
			</trkpt>
			<trkpt lat="48.964223" lon="14.947131">
				<ele>466.000000</ele>
			</trkpt>
			<trkpt lat="48.964176" lon="14.947221">
				<ele>466.000000</ele>
			</trkpt>
			<trkpt lat="48.964153" lon="14.947302">
				<ele>466.000000</ele>
			</trkpt>
			<trkpt lat="48.964123" lon="14.947418">
				<ele>466.000000</ele>
			</trkpt>
			<trkpt lat="48.964117" lon="14.947499">
				<ele>466.000000</ele>
			</trkpt>
			<trkpt lat="48.964117" lon="14.947608">
				<ele>466.000000</ele>
			</trkpt>
			<trkpt lat="48.964123" lon="14.947688">
				<ele>465.000000</ele>
			</trkpt>
			<trkpt lat="48.964141" lon="14.947787">
				<ele>465.000000</ele>
			</trkpt>
			<trkpt lat="48.964170" lon="14.947868">
				<ele>465.000000</ele>
			</trkpt>
			<trkpt lat="48.964253" lon="14.948110">
				<ele>465.000000</ele>
			</trkpt>
			<trkpt lat="48.964306" lon="14.948371">
				<ele>465.000000</ele>
			</trkpt>
			<trkpt lat="48.964271" lon="14.948443">
				<ele>465.000000</ele>
			</trkpt>
			<trkpt lat="48.964241" lon="14.948505">
				<ele>465.000000</ele>
			</trkpt>
			<trkpt lat="48.964206" lon="14.948667">
				<ele>465.000000</ele>
			</trkpt>
			<trkpt lat="48.964176" lon="14.948847">
				<ele>465.000000</ele>
			</trkpt>
			<trkpt lat="48.964123" lon="14.949296">
				<ele>465.000000</ele>
			</trkpt>
			<trkpt lat="48.964099" lon="14.949709">
				<ele>466.000000</ele>
			</trkpt>
			<trkpt lat="48.964105" lon="14.950122">
				<ele>466.000000</ele>
			</trkpt>
			<trkpt lat="48.964123" lon="14.950581">
				<ele>466.000000</ele>
			</trkpt>
			<trkpt lat="48.964188" lon="14.951353">
				<ele>466.000000</ele>
			</trkpt>
			<trkpt lat="48.964223" lon="14.951802">
				<ele>466.000000</ele>
			</trkpt>
			<trkpt lat="48.964259" lon="14.952045">
				<ele>466.000000</ele>
			</trkpt>
			<trkpt lat="48.964271" lon="14.952153">
				<ele>466.000000</ele>
			</trkpt>
			<trkpt lat="48.964282" lon="14.952252">
				<ele>466.000000</ele>
			</trkpt>
			<trkpt lat="48.964271" lon="14.952350">
				<ele>466.000000</ele>
			</trkpt>
			<trkpt lat="48.964253" lon="14.952485">
				<ele>466.000000</ele>
			</trkpt>
			<trkpt lat="48.963368" lon="14.952323">
				<ele>466.000000</ele>
			</trkpt>
			<trkpt lat="48.963262" lon="14.952323">
				<ele>465.000000</ele>
			</trkpt>
			<trkpt lat="48.963162" lon="14.952332">
				<ele>465.000000</ele>
			</trkpt>
			<trkpt lat="48.962820" lon="14.952458">
				<ele>465.000000</ele>
			</trkpt>
			<trkpt lat="48.962708" lon="14.952485">
				<ele>465.000000</ele>
			</trkpt>
			<trkpt lat="48.962643" lon="14.952495">
				<ele>465.000000</ele>
			</trkpt>
			<trkpt lat="48.962590" lon="14.952485">
				<ele>465.000000</ele>
			</trkpt>
			<trkpt lat="48.962542" lon="14.952458">
				<ele>465.000000</ele>
			</trkpt>
			<trkpt lat="48.962165" lon="14.952197">
				<ele>465.000000</ele>
			</trkpt>
			<trkpt lat="48.961835" lon="14.951982">
				<ele>465.000000</ele>
			</trkpt>
			<trkpt lat="48.961569" lon="14.951776">
				<ele>465.000000</ele>
			</trkpt>
			<trkpt lat="48.961499" lon="14.951721">
				<ele>465.000000</ele>
			</trkpt>
			<trkpt lat="48.961428" lon="14.951640">
				<ele>465.000000</ele>
			</trkpt>
			<trkpt lat="48.961375" lon="14.951560">
				<ele>465.000000</ele>
			</trkpt>
			<trkpt lat="48.961328" lon="14.951461">
				<ele>465.000000</ele>
			</trkpt>
			<trkpt lat="48.961286" lon="14.951363">
				<ele>465.000000</ele>
			</trkpt>
			<trkpt lat="48.961245" lon="14.951245">
				<ele>465.000000</ele>
			</trkpt>
			<trkpt lat="48.961151" lon="14.950877">
				<ele>465.000000</ele>
			</trkpt>
			<trkpt lat="48.960950" lon="14.950042">
				<ele>465.000000</ele>
			</trkpt>
			<trkpt lat="48.960484" lon="14.948155">
				<ele>464.000000</ele>
			</trkpt>
			<trkpt lat="48.959841" lon="14.945667">
				<ele>464.000000</ele>
			</trkpt>
			<trkpt lat="48.959339" lon="14.943673">
				<ele>464.000000</ele>
			</trkpt>
			<trkpt lat="48.959293" lon="14.943510">
				<ele>464.000000</ele>
			</trkpt>
			<trkpt lat="48.959145" lon="14.942855">
				<ele>464.000000</ele>
			</trkpt>
			<trkpt lat="48.959086" lon="14.942558">
				<ele>464.000000</ele>
			</trkpt>
			<trkpt lat="48.959033" lon="14.942199">
				<ele>464.000000</ele>
			</trkpt>
			<trkpt lat="48.958957" lon="14.941615">
				<ele>464.000000</ele>
			</trkpt>
			<trkpt lat="48.958886" lon="14.940879">
				<ele>464.000000</ele>
			</trkpt>
			<trkpt lat="48.958443" lon="14.941040">
				<ele>462.000000</ele>
			</trkpt>
			<trkpt lat="48.957888" lon="14.941273">
				<ele>460.000000</ele>
			</trkpt>
			<trkpt lat="48.957688" lon="14.941346">
				<ele>460.000000</ele>
			</trkpt>
			<trkpt lat="48.957611" lon="14.941400">
				<ele>460.000000</ele>
			</trkpt>
			<trkpt lat="48.957535" lon="14.941463">
				<ele>460.000000</ele>
			</trkpt>
			<trkpt lat="48.957499" lon="14.941507">
				<ele>460.000000</ele>
			</trkpt>
			<trkpt lat="48.957476" lon="14.941579">
				<ele>460.000000</ele>
			</trkpt>
			<trkpt lat="48.957411" lon="14.941715">
				<ele>460.000000</ele>
			</trkpt>
			<trkpt lat="48.957346" lon="14.941803">
				<ele>460.000000</ele>
			</trkpt>
			<trkpt lat="48.957276" lon="14.941876">
				<ele>460.000000</ele>
			</trkpt>
			<trkpt lat="48.957192" lon="14.941902">
				<ele>460.000000</ele>
			</trkpt>
			<trkpt lat="48.956709" lon="14.942011">
				<ele>460.000000</ele>
			</trkpt>
			<trkpt lat="48.956467" lon="14.942065">
				<ele>460.000000</ele>
			</trkpt>
			<trkpt lat="48.956384" lon="14.942109">
				<ele>460.000000</ele>
			</trkpt>
			<trkpt lat="48.956314" lon="14.942191">
				<ele>460.000000</ele>
			</trkpt>
			<trkpt lat="48.956284" lon="14.942244">
				<ele>460.000000</ele>
			</trkpt>
			<trkpt lat="48.956278" lon="14.942289">
				<ele>460.000000</ele>
			</trkpt>
			<trkpt lat="48.956261" lon="14.942352">
				<ele>460.000000</ele>
			</trkpt>
			<trkpt lat="48.956261" lon="14.942405">
				<ele>460.000000</ele>
			</trkpt>
			<trkpt lat="48.956249" lon="14.942531">
				<ele>460.000000</ele>
			</trkpt>
			<trkpt lat="48.956213" lon="14.942639">
				<ele>460.000000</ele>
			</trkpt>
			<trkpt lat="48.956172" lon="14.942711">
				<ele>460.000000</ele>
			</trkpt>
			<trkpt lat="48.956107" lon="14.942747">
				<ele>460.000000</ele>
			</trkpt>
			<trkpt lat="48.955800" lon="14.942873">
				<ele>460.000000</ele>
			</trkpt>
			<trkpt lat="48.955659" lon="14.942900">
				<ele>460.000000</ele>
			</trkpt>
			<trkpt lat="48.955588" lon="14.942900">
				<ele>460.000000</ele>
			</trkpt>
			<trkpt lat="48.955452" lon="14.942900">
				<ele>460.000000</ele>
			</trkpt>
			<trkpt lat="48.955352" lon="14.942891">
				<ele>460.000000</ele>
			</trkpt>
			<trkpt lat="48.955252" lon="14.942847">
				<ele>460.000000</ele>
			</trkpt>
			<trkpt lat="48.955146" lon="14.942792">
				<ele>460.000000</ele>
			</trkpt>
			<trkpt lat="48.954992" lon="14.942684">
				<ele>460.000000</ele>
			</trkpt>
			<trkpt lat="48.954904" lon="14.942639">
				<ele>461.000000</ele>
			</trkpt>
			<trkpt lat="48.954821" lon="14.942631">
				<ele>461.000000</ele>
			</trkpt>
			<trkpt lat="48.954721" lon="14.942639">
				<ele>461.000000</ele>
			</trkpt>
			<trkpt lat="48.954515" lon="14.942711">
				<ele>461.000000</ele>
			</trkpt>
			<trkpt lat="48.954408" lon="14.942757">
				<ele>461.000000</ele>
			</trkpt>
			<trkpt lat="48.954296" lon="14.942818">
				<ele>461.000000</ele>
			</trkpt>
			<trkpt lat="48.954202" lon="14.942918">
				<ele>461.000000</ele>
			</trkpt>
			<trkpt lat="48.953883" lon="14.943286">
				<ele>461.000000</ele>
			</trkpt>
			<trkpt lat="48.953276" lon="14.944023">
				<ele>461.000000</ele>
			</trkpt>
			<trkpt lat="48.952951" lon="14.944382">
				<ele>461.000000</ele>
			</trkpt>
			<trkpt lat="48.952845" lon="14.944489">
				<ele>461.000000</ele>
			</trkpt>
			<trkpt lat="48.952751" lon="14.944562">
				<ele>461.000000</ele>
			</trkpt>
			<trkpt lat="48.952662" lon="14.944598">
				<ele>461.000000</ele>
			</trkpt>
			<trkpt lat="48.952562" lon="14.944625">
				<ele>461.000000</ele>
			</trkpt>
			<trkpt lat="48.952438" lon="14.944625">
				<ele>461.000000</ele>
			</trkpt>
			<trkpt lat="48.952008" lon="14.944589">
				<ele>461.000000</ele>
			</trkpt>
			<trkpt lat="48.951188" lon="14.944436">
				<ele>461.000000</ele>
			</trkpt>
			<trkpt lat="48.950763" lon="14.944400">
				<ele>461.000000</ele>
			</trkpt>
			<trkpt lat="48.950586" lon="14.944355">
				<ele>461.000000</ele>
			</trkpt>
			<trkpt lat="48.950403" lon="14.944283">
				<ele>462.000000</ele>
			</trkpt>
			<trkpt lat="48.950315" lon="14.944229">
				<ele>462.000000</ele>
			</trkpt>
			<trkpt lat="48.950209" lon="14.944149">
				<ele>462.000000</ele>
			</trkpt>
			<trkpt lat="48.949754" lon="14.943753">
				<ele>462.000000</ele>
			</trkpt>
			<trkpt lat="48.949701" lon="14.943906">
				<ele>462.000000</ele>
			</trkpt>
			<trkpt lat="48.949659" lon="14.943987">
				<ele>462.000000</ele>
			</trkpt>
			<trkpt lat="48.949612" lon="14.944059">
				<ele>462.000000</ele>
			</trkpt>
			<trkpt lat="48.949453" lon="14.944247">
				<ele>462.000000</ele>
			</trkpt>
			<trkpt lat="48.949370" lon="14.944319">
				<ele>462.000000</ele>
			</trkpt>
			<trkpt lat="48.949305" lon="14.944355">
				<ele>462.000000</ele>
			</trkpt>
			<trkpt lat="48.949229" lon="14.944382">
				<ele>462.000000</ele>
			</trkpt>
			<trkpt lat="48.949134" lon="14.944382">
				<ele>462.000000</ele>
			</trkpt>
			<trkpt lat="48.948922" lon="14.944382">
				<ele>462.000000</ele>
			</trkpt>
			<trkpt lat="48.948757" lon="14.944400">
				<ele>462.000000</ele>
			</trkpt>
			<trkpt lat="48.948621" lon="14.944426">
				<ele>462.000000</ele>
			</trkpt>
			<trkpt lat="48.948486" lon="14.944481">
				<ele>462.000000</ele>
			</trkpt>
			<trkpt lat="48.948362" lon="14.944552">
				<ele>462.000000</ele>
			</trkpt>
			<trkpt lat="48.948244" lon="14.944633">
				<ele>463.000000</ele>
			</trkpt>
			<trkpt lat="48.948120" lon="14.944751">
				<ele>463.000000</ele>
			</trkpt>
			<trkpt lat="48.947996" lon="14.944903">
				<ele>463.000000</ele>
			</trkpt>
			<trkpt lat="48.947725" lon="14.945191">
				<ele>463.000000</ele>
			</trkpt>
			<trkpt lat="48.946881" lon="14.946241">
				<ele>474.000000</ele>
			</trkpt>
			<trkpt lat="48.945235" lon="14.948298">
				<ele>486.000000</ele>
			</trkpt>
			<trkpt lat="48.944946" lon="14.948595">
				<ele>486.000000</ele>
			</trkpt>
			<trkpt lat="48.944504" lon="14.948990">
				<ele>487.000000</ele>
			</trkpt>
			<trkpt lat="48.944344" lon="14.949143">
				<ele>487.000000</ele>
			</trkpt>
			<trkpt lat="48.944226" lon="14.949269">
				<ele>488.000000</ele>
			</trkpt>
			<trkpt lat="48.944120" lon="14.949403">
				<ele>488.000000</ele>
			</trkpt>
			<trkpt lat="48.943996" lon="14.949583">
				<ele>488.000000</ele>
			</trkpt>
			<trkpt lat="48.943689" lon="14.950095">
				<ele>489.000000</ele>
			</trkpt>
			<trkpt lat="48.943577" lon="14.950266">
				<ele>489.000000</ele>
			</trkpt>
			<trkpt lat="48.943506" lon="14.950347">
				<ele>489.000000</ele>
			</trkpt>
			<trkpt lat="48.943429" lon="14.950428">
				<ele>489.000000</ele>
			</trkpt>
			<trkpt lat="48.943347" lon="14.950499">
				<ele>489.000000</ele>
			</trkpt>
			<trkpt lat="48.943264" lon="14.950554">
				<ele>489.000000</ele>
			</trkpt>
			<trkpt lat="48.942940" lon="14.950742">
				<ele>490.000000</ele>
			</trkpt>
			<trkpt lat="48.941104" lon="14.951874">
				<ele>490.000000</ele>
			</trkpt>
			<trkpt lat="48.940874" lon="14.952045">
				<ele>490.000000</ele>
			</trkpt>
			<trkpt lat="48.940556" lon="14.952296">
				<ele>490.000000</ele>
			</trkpt>
			<trkpt lat="48.940461" lon="14.952386">
				<ele>490.000000</ele>
			</trkpt>
			<trkpt lat="48.940379" lon="14.952476">
				<ele>490.000000</ele>
			</trkpt>
			<trkpt lat="48.940308" lon="14.952575">
				<ele>490.000000</ele>
			</trkpt>
			<trkpt lat="48.940231" lon="14.952709">
				<ele>490.000000</ele>
			</trkpt>
			<trkpt lat="48.940101" lon="14.952997">
				<ele>489.000000</ele>
			</trkpt>
			<trkpt lat="48.939989" lon="14.953311">
				<ele>489.000000</ele>
			</trkpt>
			<trkpt lat="48.938933" lon="14.956357">
				<ele>485.000000</ele>
			</trkpt>
			<trkpt lat="48.938609" lon="14.957300">
				<ele>485.000000</ele>
			</trkpt>
			<trkpt lat="48.938284" lon="14.958271">
				<ele>485.000000</ele>
			</trkpt>
			<trkpt lat="48.938125" lon="14.958774">
				<ele>485.000000</ele>
			</trkpt>
			<trkpt lat="48.938042" lon="14.959007">
				<ele>486.000000</ele>
			</trkpt>
			<trkpt lat="48.937989" lon="14.959250">
				<ele>486.000000</ele>
			</trkpt>
			<trkpt lat="48.937936" lon="14.959527">
				<ele>486.000000</ele>
			</trkpt>
			<trkpt lat="48.937718" lon="14.961944">
				<ele>489.000000</ele>
			</trkpt>
			<trkpt lat="48.937712" lon="14.962106">
				<ele>489.000000</ele>
			</trkpt>
			<trkpt lat="48.936414" lon="14.963804">
				<ele>490.000000</ele>
			</trkpt>
			<trkpt lat="48.935635" lon="14.964953">
				<ele>490.000000</ele>
			</trkpt>
			<trkpt lat="48.934903" lon="14.966058">
				<ele>490.000000</ele>
			</trkpt>
			<trkpt lat="48.934750" lon="14.966292">
				<ele>490.000000</ele>
			</trkpt>
			<trkpt lat="48.934573" lon="14.966535">
				<ele>490.000000</ele>
			</trkpt>
			<trkpt lat="48.934425" lon="14.966724">
				<ele>490.000000</ele>
			</trkpt>
			<trkpt lat="48.934259" lon="14.966921">
				<ele>490.000000</ele>
			</trkpt>
			<trkpt lat="48.934088" lon="14.967110">
				<ele>490.000000</ele>
			</trkpt>
			<trkpt lat="48.933905" lon="14.967290">
				<ele>490.000000</ele>
			</trkpt>
			<trkpt lat="48.933321" lon="14.967819">
				<ele>490.000000</ele>
			</trkpt>
			<trkpt lat="48.933268" lon="14.967846">
				<ele>490.000000</ele>
			</trkpt>
			<trkpt lat="48.933203" lon="14.967846">
				<ele>490.000000</ele>
			</trkpt>
			<trkpt lat="48.933144" lon="14.967819">
				<ele>490.000000</ele>
			</trkpt>
			<trkpt lat="48.932991" lon="14.967693">
				<ele>490.000000</ele>
			</trkpt>
			<trkpt lat="48.932702" lon="14.967504">
				<ele>490.000000</ele>
			</trkpt>
			<trkpt lat="48.932177" lon="14.967110">
				<ele>490.000000</ele>
			</trkpt>
			<trkpt lat="48.931781" lon="14.966777">
				<ele>490.000000</ele>
			</trkpt>
			<trkpt lat="48.931663" lon="14.966697">
				<ele>490.000000</ele>
			</trkpt>
			<trkpt lat="48.931498" lon="14.966607">
				<ele>490.000000</ele>
			</trkpt>
			<trkpt lat="48.931326" lon="14.966552">
				<ele>490.000000</ele>
			</trkpt>
			<trkpt lat="48.931174" lon="14.966525">
				<ele>490.000000</ele>
			</trkpt>
			<trkpt lat="48.931037" lon="14.966508">
				<ele>491.000000</ele>
			</trkpt>
			<trkpt lat="48.930907" lon="14.966525">
				<ele>491.000000</ele>
			</trkpt>
			<trkpt lat="48.930795" lon="14.966535">
				<ele>491.000000</ele>
			</trkpt>
			<trkpt lat="48.930666" lon="14.966579">
				<ele>491.000000</ele>
			</trkpt>
			<trkpt lat="48.930548" lon="14.966615">
				<ele>492.000000</ele>
			</trkpt>
			<trkpt lat="48.930406" lon="14.966697">
				<ele>492.000000</ele>
			</trkpt>
			<trkpt lat="48.930217" lon="14.966813">
				<ele>492.000000</ele>
			</trkpt>
			<trkpt lat="48.929686" lon="14.967137">
				<ele>493.000000</ele>
			</trkpt>
			<trkpt lat="48.928671" lon="14.967837">
				<ele>495.000000</ele>
			</trkpt>
			<trkpt lat="48.928134" lon="14.968179">
				<ele>494.000000</ele>
			</trkpt>
			<trkpt lat="48.927591" lon="14.968493">
				<ele>494.000000</ele>
			</trkpt>
			<trkpt lat="48.927313" lon="14.968628">
				<ele>493.000000</ele>
			</trkpt>
			<trkpt lat="48.927148" lon="14.968682">
				<ele>493.000000</ele>
			</trkpt>
			<trkpt lat="48.927018" lon="14.968708">
				<ele>493.000000</ele>
			</trkpt>
			<trkpt lat="48.926865" lon="14.968735">
				<ele>493.000000</ele>
			</trkpt>
			<trkpt lat="48.926694" lon="14.968762">
				<ele>493.000000</ele>
			</trkpt>
			<trkpt lat="48.926251" lon="14.967846">
				<ele>492.000000</ele>
			</trkpt>
			<trkpt lat="48.925183" lon="14.965745">
				<ele>490.000000</ele>
			</trkpt>
			<trkpt lat="48.924386" lon="14.964163">
				<ele>487.000000</ele>
			</trkpt>
			<trkpt lat="48.924156" lon="14.963661">
				<ele>485.000000</ele>
			</trkpt>
			<trkpt lat="48.923932" lon="14.963156">
				<ele>485.000000</ele>
			</trkpt>
			<trkpt lat="48.923572" lon="14.962366">
				<ele>485.000000</ele>
			</trkpt>
			<trkpt lat="48.923441" lon="14.962106">
				<ele>485.000000</ele>
			</trkpt>
			<trkpt lat="48.923306" lon="14.961845">
				<ele>484.000000</ele>
			</trkpt>
			<trkpt lat="48.923164" lon="14.961611">
				<ele>484.000000</ele>
			</trkpt>
			<trkpt lat="48.923011" lon="14.961369">
				<ele>484.000000</ele>
			</trkpt>
			<trkpt lat="48.922839" lon="14.961127">
				<ele>484.000000</ele>
			</trkpt>
			<trkpt lat="48.922639" lon="14.960848">
				<ele>484.000000</ele>
			</trkpt>
			<trkpt lat="48.922544" lon="14.960713">
				<ele>484.000000</ele>
			</trkpt>
			<trkpt lat="48.922462" lon="14.960579">
				<ele>484.000000</ele>
			</trkpt>
			<trkpt lat="48.922409" lon="14.960445">
				<ele>484.000000</ele>
			</trkpt>
			<trkpt lat="48.922361" lon="14.960327">
				<ele>484.000000</ele>
			</trkpt>
			<trkpt lat="48.922338" lon="14.960210">
				<ele>484.000000</ele>
			</trkpt>
			<trkpt lat="48.922326" lon="14.960076">
				<ele>484.000000</ele>
			</trkpt>
			<trkpt lat="48.922326" lon="14.959932">
				<ele>484.000000</ele>
			</trkpt>
			<trkpt lat="48.922344" lon="14.959797">
				<ele>484.000000</ele>
			</trkpt>
			<trkpt lat="48.922444" lon="14.959303">
				<ele>484.000000</ele>
			</trkpt>
			<trkpt lat="48.922639" lon="14.958449">
				<ele>483.000000</ele>
			</trkpt>
			<trkpt lat="48.922733" lon="14.958082">
				<ele>483.000000</ele>
			</trkpt>
			<trkpt lat="48.922757" lon="14.957902">
				<ele>483.000000</ele>
			</trkpt>
			<trkpt lat="48.922757" lon="14.957722">
				<ele>483.000000</ele>
			</trkpt>
			<trkpt lat="48.922751" lon="14.957642">
				<ele>483.000000</ele>
			</trkpt>
			<trkpt lat="48.922727" lon="14.957533">
				<ele>483.000000</ele>
			</trkpt>
			<trkpt lat="48.922704" lon="14.957453">
				<ele>483.000000</ele>
			</trkpt>
			<trkpt lat="48.922674" lon="14.957372">
				<ele>483.000000</ele>
			</trkpt>
			<trkpt lat="48.922639" lon="14.957318">
				<ele>483.000000</ele>
			</trkpt>
			<trkpt lat="48.922603" lon="14.957255">
				<ele>483.000000</ele>
			</trkpt>
			<trkpt lat="48.922497" lon="14.957192">
				<ele>483.000000</ele>
			</trkpt>
			<trkpt lat="48.922332" lon="14.957111">
				<ele>483.000000</ele>
			</trkpt>
			<trkpt lat="48.921217" lon="14.956698">
				<ele>485.000000</ele>
			</trkpt>
			<trkpt lat="48.920632" lon="14.956500">
				<ele>486.000000</ele>
			</trkpt>
			<trkpt lat="48.920526" lon="14.956447">
				<ele>486.000000</ele>
			</trkpt>
			<trkpt lat="48.920455" lon="14.956374">
				<ele>487.000000</ele>
			</trkpt>
			<trkpt lat="48.920437" lon="14.956330">
				<ele>487.000000</ele>
			</trkpt>
			<trkpt lat="48.920419" lon="14.956275">
				<ele>487.000000</ele>
			</trkpt>
			<trkpt lat="48.920419" lon="14.956240">
				<ele>487.000000</ele>
			</trkpt>
			<trkpt lat="48.920419" lon="14.956195">
				<ele>487.000000</ele>
			</trkpt>
			<trkpt lat="48.920443" lon="14.956069">
				<ele>488.000000</ele>
			</trkpt>
			<trkpt lat="48.920366" lon="14.955925">
				<ele>488.000000</ele>
			</trkpt>
			<trkpt lat="48.920301" lon="14.955791">
				<ele>488.000000</ele>
			</trkpt>
			<trkpt lat="48.920083" lon="14.955692">
				<ele>490.000000</ele>
			</trkpt>
			<trkpt lat="48.920024" lon="14.955566">
				<ele>490.000000</ele>
			</trkpt>
			<trkpt lat="48.920012" lon="14.955485">
				<ele>490.000000</ele>
			</trkpt>
			<trkpt lat="48.920012" lon="14.955405">
				<ele>490.000000</ele>
			</trkpt>
			<trkpt lat="48.920042" lon="14.955145">
				<ele>490.000000</ele>
			</trkpt>
			<trkpt lat="48.920065" lon="14.954856">
				<ele>490.000000</ele>
			</trkpt>
			<trkpt lat="48.920083" lon="14.954596">
				<ele>490.000000</ele>
			</trkpt>
			<trkpt lat="48.920083" lon="14.954353">
				<ele>490.000000</ele>
			</trkpt>
			<trkpt lat="48.920065" lon="14.954066">
				<ele>490.000000</ele>
			</trkpt>
			<trkpt lat="48.920048" lon="14.953833">
				<ele>490.000000</ele>
			</trkpt>
			<trkpt lat="48.920030" lon="14.953743">
				<ele>490.000000</ele>
			</trkpt>
			<trkpt lat="48.920000" lon="14.953634">
				<ele>490.000000</ele>
			</trkpt>
			<trkpt lat="48.919959" lon="14.953545">
				<ele>490.000000</ele>
			</trkpt>
			<trkpt lat="48.919876" lon="14.953401">
				<ele>490.000000</ele>
			</trkpt>
			<trkpt lat="48.919705" lon="14.953149">
				<ele>490.000000</ele>
			</trkpt>
			<trkpt lat="48.919599" lon="14.952979">
				<ele>490.000000</ele>
			</trkpt>
			<trkpt lat="48.919516" lon="14.952808">
				<ele>490.000000</ele>
			</trkpt>
			<trkpt lat="48.919451" lon="14.952638">
				<ele>490.000000</ele>
			</trkpt>
			<trkpt lat="48.919398" lon="14.952413">
				<ele>490.000000</ele>
			</trkpt>
			<trkpt lat="48.919221" lon="14.951569">
				<ele>490.000000</ele>
			</trkpt>
			<trkpt lat="48.918968" lon="14.950231">
				<ele>490.000000</ele>
			</trkpt>
			<trkpt lat="48.918914" lon="14.949969">
				<ele>490.000000</ele>
			</trkpt>
			<trkpt lat="48.918849" lon="14.949755">
				<ele>490.000000</ele>
			</trkpt>
			<trkpt lat="48.918778" lon="14.949547">
				<ele>490.000000</ele>
			</trkpt>
			<trkpt lat="48.918678" lon="14.949332">
				<ele>490.000000</ele>
			</trkpt>
			<trkpt lat="48.918589" lon="14.949170">
				<ele>490.000000</ele>
			</trkpt>
			<trkpt lat="48.918483" lon="14.948981">
				<ele>489.000000</ele>
			</trkpt>
			<trkpt lat="48.918040" lon="14.948325">
				<ele>488.000000</ele>
			</trkpt>
			<trkpt lat="48.917970" lon="14.948218">
				<ele>487.000000</ele>
			</trkpt>
			<trkpt lat="48.917922" lon="14.948128">
				<ele>487.000000</ele>
			</trkpt>
			<trkpt lat="48.917887" lon="14.948038">
				<ele>487.000000</ele>
			</trkpt>
			<trkpt lat="48.917858" lon="14.947958">
				<ele>487.000000</ele>
			</trkpt>
			<trkpt lat="48.916837" lon="14.948981">
				<ele>484.000000</ele>
			</trkpt>
			<trkpt lat="48.916529" lon="14.949296">
				<ele>483.000000</ele>
			</trkpt>
			<trkpt lat="48.916134" lon="14.949745">
				<ele>483.000000</ele>
			</trkpt>
			<trkpt lat="48.915726" lon="14.950221">
				<ele>482.000000</ele>
			</trkpt>
			<trkpt lat="48.915656" lon="14.950401">
				<ele>482.000000</ele>
			</trkpt>
			<trkpt lat="48.915585" lon="14.950589">
				<ele>481.000000</ele>
			</trkpt>
			<trkpt lat="48.915018" lon="14.952143">
				<ele>479.000000</ele>
			</trkpt>
			<trkpt lat="48.914740" lon="14.952997">
				<ele>477.000000</ele>
			</trkpt>
			<trkpt lat="48.914705" lon="14.953078">
				<ele>476.000000</ele>
			</trkpt>
			<trkpt lat="48.914669" lon="14.953141">
				<ele>476.000000</ele>
			</trkpt>
			<trkpt lat="48.914622" lon="14.953195">
				<ele>476.000000</ele>
			</trkpt>
			<trkpt lat="48.914563" lon="14.953239">
				<ele>476.000000</ele>
			</trkpt>
			<trkpt lat="48.914516" lon="14.953267">
				<ele>476.000000</ele>
			</trkpt>
			<trkpt lat="48.914445" lon="14.953284">
				<ele>475.000000</ele>
			</trkpt>
			<trkpt lat="48.914374" lon="14.953284">
				<ele>475.000000</ele>
			</trkpt>
			<trkpt lat="48.914315" lon="14.953258">
				<ele>475.000000</ele>
			</trkpt>
			<trkpt lat="48.914003" lon="14.953132">
				<ele>475.000000</ele>
			</trkpt>
			<trkpt lat="48.913418" lon="14.952916">
				<ele>475.000000</ele>
			</trkpt>
			<trkpt lat="48.913164" lon="14.952818">
				<ele>475.000000</ele>
			</trkpt>
			<trkpt lat="48.912857" lon="14.952665">
				<ele>475.000000</ele>
			</trkpt>
			<trkpt lat="48.912574" lon="14.952503">
				<ele>475.000000</ele>
			</trkpt>
			<trkpt lat="48.912456" lon="14.952422">
				<ele>475.000000</ele>
			</trkpt>
			<trkpt lat="48.912373" lon="14.952342">
				<ele>475.000000</ele>
			</trkpt>
			<trkpt lat="48.912314" lon="14.952233">
				<ele>475.000000</ele>
			</trkpt>
			<trkpt lat="48.912267" lon="14.952099">
				<ele>475.000000</ele>
			</trkpt>
			<trkpt lat="48.912066" lon="14.951451">
				<ele>475.000000</ele>
			</trkpt>
			<trkpt lat="48.911978" lon="14.951128">
				<ele>475.000000</ele>
			</trkpt>
			<trkpt lat="48.911925" lon="14.950940">
				<ele>475.000000</ele>
			</trkpt>
			<trkpt lat="48.911854" lon="14.950787">
				<ele>475.000000</ele>
			</trkpt>
			<trkpt lat="48.911771" lon="14.950661">
				<ele>475.000000</ele>
			</trkpt>
			<trkpt lat="48.911652" lon="14.950554">
				<ele>475.000000</ele>
			</trkpt>
			<trkpt lat="48.910909" lon="14.949916">
				<ele>475.000000</ele>
			</trkpt>
			<trkpt lat="48.910401" lon="14.949449">
				<ele>475.000000</ele>
			</trkpt>
			<trkpt lat="48.909899" lon="14.948946">
				<ele>475.000000</ele>
			</trkpt>
			<trkpt lat="48.909332" lon="14.948334">
				<ele>475.000000</ele>
			</trkpt>
			<trkpt lat="48.909214" lon="14.948200">
				<ele>475.000000</ele>
			</trkpt>
			<trkpt lat="48.909132" lon="14.948029">
				<ele>475.000000</ele>
			</trkpt>
			<trkpt lat="48.909055" lon="14.947858">
				<ele>475.000000</ele>
			</trkpt>
			<trkpt lat="48.908943" lon="14.947518">
				<ele>475.000000</ele>
			</trkpt>
			<trkpt lat="48.908866" lon="14.947283">
				<ele>475.000000</ele>
			</trkpt>
			<trkpt lat="48.908766" lon="14.947076">
				<ele>475.000000</ele>
			</trkpt>
			<trkpt lat="48.908665" lon="14.946916">
				<ele>475.000000</ele>
			</trkpt>
			<trkpt lat="48.908559" lon="14.946753">
				<ele>475.000000</ele>
			</trkpt>
			<trkpt lat="48.908429" lon="14.946627">
				<ele>475.000000</ele>
			</trkpt>
			<trkpt lat="48.908276" lon="14.946476">
				<ele>475.000000</ele>
			</trkpt>
			<trkpt lat="48.908111" lon="14.946359">
				<ele>474.000000</ele>
			</trkpt>
			<trkpt lat="48.907922" lon="14.946241">
				<ele>474.000000</ele>
			</trkpt>
			<trkpt lat="48.907242" lon="14.945837">
				<ele>474.000000</ele>
			</trkpt>
			<trkpt lat="48.907000" lon="14.945711">
				<ele>474.000000</ele>
			</trkpt>
			<trkpt lat="48.906711" lon="14.945568">
				<ele>473.000000</ele>
			</trkpt>
			<trkpt lat="48.906369" lon="14.945397">
				<ele>473.000000</ele>
			</trkpt>
			<trkpt lat="48.905731" lon="14.945065">
				<ele>473.000000</ele>
			</trkpt>
			<trkpt lat="48.905459" lon="14.944921">
				<ele>472.000000</ele>
			</trkpt>
			<trkpt lat="48.905123" lon="14.944778">
				<ele>472.000000</ele>
			</trkpt>
			<trkpt lat="48.904780" lon="14.944652">
				<ele>472.000000</ele>
			</trkpt>
			<trkpt lat="48.904668" lon="14.944625">
				<ele>472.000000</ele>
			</trkpt>
			<trkpt lat="48.904573" lon="14.944625">
				<ele>472.000000</ele>
			</trkpt>
			<trkpt lat="48.904473" lon="14.944652">
				<ele>472.000000</ele>
			</trkpt>
			<trkpt lat="48.904384" lon="14.944705">
				<ele>472.000000</ele>
			</trkpt>
			<trkpt lat="48.904284" lon="14.944778">
				<ele>472.000000</ele>
			</trkpt>
			<trkpt lat="48.904178" lon="14.944868">
				<ele>472.000000</ele>
			</trkpt>
			<trkpt lat="48.903912" lon="14.945181">
				<ele>471.000000</ele>
			</trkpt>
			<trkpt lat="48.903818" lon="14.945281">
				<ele>471.000000</ele>
			</trkpt>
			<trkpt lat="48.903717" lon="14.945361">
				<ele>471.000000</ele>
			</trkpt>
			<trkpt lat="48.903499" lon="14.945514">
				<ele>471.000000</ele>
			</trkpt>
			<trkpt lat="48.903304" lon="14.945621">
				<ele>471.000000</ele>
			</trkpt>
			<trkpt lat="48.903115" lon="14.945694">
				<ele>471.000000</ele>
			</trkpt>
			<trkpt lat="48.902879" lon="14.945747">
				<ele>471.000000</ele>
			</trkpt>
			<trkpt lat="48.902672" lon="14.945730">
				<ele>470.000000</ele>
			</trkpt>
			<trkpt lat="48.902288" lon="14.945675">
				<ele>470.000000</ele>
			</trkpt>
			<trkpt lat="48.902088" lon="14.945667">
				<ele>470.000000</ele>
			</trkpt>
			<trkpt lat="48.901970" lon="14.945667">
				<ele>470.000000</ele>
			</trkpt>
			<trkpt lat="48.901863" lon="14.945640">
				<ele>470.000000</ele>
			</trkpt>
			<trkpt lat="48.901763" lon="14.945585">
				<ele>470.000000</ele>
			</trkpt>
			<trkpt lat="48.901668" lon="14.945531">
				<ele>470.000000</ele>
			</trkpt>
			<trkpt lat="48.901585" lon="14.945460">
				<ele>470.000000</ele>
			</trkpt>
			<trkpt lat="48.901480" lon="14.945352">
				<ele>470.000000</ele>
			</trkpt>
			<trkpt lat="48.901119" lon="14.944939">
				<ele>470.000000</ele>
			</trkpt>
			<trkpt lat="48.901054" lon="14.944885">
				<ele>470.000000</ele>
			</trkpt>
			<trkpt lat="48.900983" lon="14.944858">
				<ele>471.000000</ele>
			</trkpt>
			<trkpt lat="48.900901" lon="14.944858">
				<ele>471.000000</ele>
			</trkpt>
			<trkpt lat="48.900783" lon="14.944885">
				<ele>471.000000</ele>
			</trkpt>
			<trkpt lat="48.900629" lon="14.944912">
				<ele>471.000000</ele>
			</trkpt>
			<trkpt lat="48.900540" lon="14.944912">
				<ele>471.000000</ele>
			</trkpt>
			<trkpt lat="48.900452" lon="14.944885">
				<ele>471.000000</ele>
			</trkpt>
			<trkpt lat="48.900363" lon="14.944822">
				<ele>472.000000</ele>
			</trkpt>
			<trkpt lat="48.900074" lon="14.944579">
				<ele>472.000000</ele>
			</trkpt>
			<trkpt lat="48.899802" lon="14.944329">
				<ele>473.000000</ele>
			</trkpt>
			<trkpt lat="48.898768" lon="14.943350">
				<ele>475.000000</ele>
			</trkpt>
			<trkpt lat="48.898663" lon="14.943241">
				<ele>475.000000</ele>
			</trkpt>
			<trkpt lat="48.898585" lon="14.943143">
				<ele>475.000000</ele>
			</trkpt>
			<trkpt lat="48.898515" lon="14.943025">
				<ele>475.000000</ele>
			</trkpt>
			<trkpt lat="48.898444" lon="14.942873">
				<ele>475.000000</ele>
			</trkpt>
			<trkpt lat="48.898078" lon="14.941983">
				<ele>475.000000</ele>
			</trkpt>
			<trkpt lat="48.897641" lon="14.940923">
				<ele>473.000000</ele>
			</trkpt>
			<trkpt lat="48.896767" lon="14.938767">
				<ele>469.000000</ele>
			</trkpt>
			<trkpt lat="48.896613" lon="14.938436">
				<ele>469.000000</ele>
			</trkpt>
			<trkpt lat="48.896590" lon="14.938354">
				<ele>469.000000</ele>
			</trkpt>
			<trkpt lat="48.896578" lon="14.938237">
				<ele>468.000000</ele>
			</trkpt>
			<trkpt lat="48.896590" lon="14.938184">
				<ele>468.000000</ele>
			</trkpt>
			<trkpt lat="48.896595" lon="14.938130">
				<ele>468.000000</ele>
			</trkpt>
			<trkpt lat="48.896542" lon="14.938058">
				<ele>468.000000</ele>
			</trkpt>
			<trkpt lat="48.896489" lon="14.938031">
				<ele>468.000000</ele>
			</trkpt>
			<trkpt lat="48.896371" lon="14.938013">
				<ele>468.000000</ele>
			</trkpt>
			<trkpt lat="48.896218" lon="14.938013">
				<ele>468.000000</ele>
			</trkpt>
			<trkpt lat="48.896088" lon="14.938031">
				<ele>467.000000</ele>
			</trkpt>
			<trkpt lat="48.895970" lon="14.938058">
				<ele>467.000000</ele>
			</trkpt>
			<trkpt lat="48.895332" lon="14.938237">
				<ele>466.000000</ele>
			</trkpt>
			<trkpt lat="48.895184" lon="14.938264">
				<ele>465.000000</ele>
			</trkpt>
			<trkpt lat="48.895107" lon="14.938291">
				<ele>465.000000</ele>
			</trkpt>
			<trkpt lat="48.894995" lon="14.938363">
				<ele>465.000000</ele>
			</trkpt>
			<trkpt lat="48.894800" lon="14.938507">
				<ele>465.000000</ele>
			</trkpt>
			<trkpt lat="48.894765" lon="14.938526">
				<ele>465.000000</ele>
			</trkpt>
			<trkpt lat="48.894718" lon="14.938526">
				<ele>465.000000</ele>
			</trkpt>
			<trkpt lat="48.894688" lon="14.938507">
				<ele>465.000000</ele>
			</trkpt>
			<trkpt lat="48.894653" lon="14.938480">
				<ele>465.000000</ele>
			</trkpt>
			<trkpt lat="48.894564" lon="14.938346">
				<ele>465.000000</ele>
			</trkpt>
			<trkpt lat="48.894476" lon="14.938237">
				<ele>465.000000</ele>
			</trkpt>
			<trkpt lat="48.894162" lon="14.938786">
				<ele>465.000000</ele>
			</trkpt>
			<trkpt lat="48.893737" lon="14.939522">
				<ele>465.000000</ele>
			</trkpt>
			<trkpt lat="48.893601" lon="14.939765">
				<ele>465.000000</ele>
			</trkpt>
			<trkpt lat="48.893507" lon="14.939989">
				<ele>465.000000</ele>
			</trkpt>
			<trkpt lat="48.893424" lon="14.940205">
				<ele>465.000000</ele>
			</trkpt>
			<trkpt lat="48.893342" lon="14.940493">
				<ele>465.000000</ele>
			</trkpt>
			<trkpt lat="48.892816" lon="14.942577">
				<ele>465.000000</ele>
			</trkpt>
			<trkpt lat="48.892686" lon="14.943053">
				<ele>465.000000</ele>
			</trkpt>
			<trkpt lat="48.892615" lon="14.943331">
				<ele>465.000000</ele>
			</trkpt>
			<trkpt lat="48.892544" lon="14.943681">
				<ele>465.000000</ele>
			</trkpt>
			<trkpt lat="48.892514" lon="14.943780">
				<ele>465.000000</ele>
			</trkpt>
			<trkpt lat="48.892455" lon="14.944275">
				<ele>465.000000</ele>
			</trkpt>
			<trkpt lat="48.892385" lon="14.944436">
				<ele>464.000000</ele>
			</trkpt>
			<trkpt lat="48.892290" lon="14.944751">
				<ele>463.000000</ele>
			</trkpt>
			<trkpt lat="48.892202" lon="14.945011">
				<ele>462.000000</ele>
			</trkpt>
			<trkpt lat="48.892113" lon="14.945208">
				<ele>461.000000</ele>
			</trkpt>
			<trkpt lat="48.892013" lon="14.945407">
				<ele>460.000000</ele>
			</trkpt>
			<trkpt lat="48.891889" lon="14.945604">
				<ele>460.000000</ele>
			</trkpt>
			<trkpt lat="48.891540" lon="14.946089">
				<ele>460.000000</ele>
			</trkpt>
			<trkpt lat="48.891268" lon="14.946484">
				<ele>460.000000</ele>
			</trkpt>
			<trkpt lat="48.891197" lon="14.946592">
				<ele>460.000000</ele>
			</trkpt>
			<trkpt lat="48.891150" lon="14.946700">
				<ele>460.000000</ele>
			</trkpt>
			<trkpt lat="48.891127" lon="14.946807">
				<ele>460.000000</ele>
			</trkpt>
			<trkpt lat="48.891115" lon="14.946933">
				<ele>460.000000</ele>
			</trkpt>
			<trkpt lat="48.891127" lon="14.947086">
				<ele>460.000000</ele>
			</trkpt>
			<trkpt lat="48.891150" lon="14.947248">
				<ele>460.000000</ele>
			</trkpt>
			<trkpt lat="48.891186" lon="14.947355">
				<ele>460.000000</ele>
			</trkpt>
			<trkpt lat="48.891221" lon="14.947436">
				<ele>460.000000</ele>
			</trkpt>
			<trkpt lat="48.891203" lon="14.947642">
				<ele>460.000000</ele>
			</trkpt>
			<trkpt lat="48.891186" lon="14.947831">
				<ele>460.000000</ele>
			</trkpt>
			<trkpt lat="48.891197" lon="14.947885">
				<ele>460.000000</ele>
			</trkpt>
			<trkpt lat="48.891215" lon="14.947958">
				<ele>460.000000</ele>
			</trkpt>
			<trkpt lat="48.891298" lon="14.948191">
				<ele>460.000000</ele>
			</trkpt>
			<trkpt lat="48.891321" lon="14.948308">
				<ele>460.000000</ele>
			</trkpt>
			<trkpt lat="48.891333" lon="14.948434">
				<ele>460.000000</ele>
			</trkpt>
			<trkpt lat="48.891315" lon="14.948497">
				<ele>460.000000</ele>
			</trkpt>
			<trkpt lat="48.891298" lon="14.948568">
				<ele>460.000000</ele>
			</trkpt>
			<trkpt lat="48.891268" lon="14.948613">
				<ele>460.000000</ele>
			</trkpt>
			<trkpt lat="48.891221" lon="14.948667">
				<ele>461.000000</ele>
			</trkpt>
			<trkpt lat="48.891050" lon="14.948747">
				<ele>462.000000</ele>
			</trkpt>
			<trkpt lat="48.890997" lon="14.948784">
				<ele>462.000000</ele>
			</trkpt>
			<trkpt lat="48.890955" lon="14.948856">
				<ele>463.000000</ele>
			</trkpt>
			<trkpt lat="48.890920" lon="14.948937">
				<ele>463.000000</ele>
			</trkpt>
			<trkpt lat="48.890902" lon="14.949063">
				<ele>464.000000</ele>
			</trkpt>
			<trkpt lat="48.890890" lon="14.949269">
				<ele>464.000000</ele>
			</trkpt>
			<trkpt lat="48.890837" lon="14.949781">
				<ele>465.000000</ele>
			</trkpt>
			<trkpt lat="48.890825" lon="14.949906">
				<ele>465.000000</ele>
			</trkpt>
			<trkpt lat="48.890831" lon="14.950042">
				<ele>466.000000</ele>
			</trkpt>
			<trkpt lat="48.890731" lon="14.950068">
				<ele>466.000000</ele>
			</trkpt>
			<trkpt lat="48.890642" lon="14.950113">
				<ele>466.000000</ele>
			</trkpt>
			<trkpt lat="48.890459" lon="14.950221">
				<ele>466.000000</ele>
			</trkpt>
			<trkpt lat="48.890217" lon="14.950347">
				<ele>467.000000</ele>
			</trkpt>
			<trkpt lat="48.890063" lon="14.950409">
				<ele>467.000000</ele>
			</trkpt>
			<trkpt lat="48.889922" lon="14.950455">
				<ele>467.000000</ele>
			</trkpt>
			<trkpt lat="48.889739" lon="14.950482">
				<ele>467.000000</ele>
			</trkpt>
			<trkpt lat="48.889496" lon="14.950491">
				<ele>468.000000</ele>
			</trkpt>
			<trkpt lat="48.889302" lon="14.950464">
				<ele>468.000000</ele>
			</trkpt>
			<trkpt lat="48.889113" lon="14.950409">
				<ele>468.000000</ele>
			</trkpt>
			<trkpt lat="48.888911" lon="14.950321">
				<ele>469.000000</ele>
			</trkpt>
			<trkpt lat="48.888758" lon="14.950221">
				<ele>469.000000</ele>
			</trkpt>
			<trkpt lat="48.888687" lon="14.950185">
				<ele>469.000000</ele>
			</trkpt>
			<trkpt lat="48.888616" lon="14.950185">
				<ele>469.000000</ele>
			</trkpt>
			<trkpt lat="48.888534" lon="14.950195">
				<ele>469.000000</ele>
			</trkpt>
			<trkpt lat="48.888286" lon="14.950292">
				<ele>470.000000</ele>
			</trkpt>
			<trkpt lat="48.888097" lon="14.950329">
				<ele>470.000000</ele>
			</trkpt>
			<trkpt lat="48.887908" lon="14.950329">
				<ele>470.000000</ele>
			</trkpt>
			<trkpt lat="48.887725" lon="14.950292">
				<ele>470.000000</ele>
			</trkpt>
			<trkpt lat="48.887695" lon="14.950131">
				<ele>470.000000</ele>
			</trkpt>
			<trkpt lat="48.887653" lon="14.950005">
				<ele>470.000000</ele>
			</trkpt>
			<trkpt lat="48.887600" lon="14.949898">
				<ele>470.000000</ele>
			</trkpt>
			<trkpt lat="48.887488" lon="14.949745">
				<ele>470.000000</ele>
			</trkpt>
			<trkpt lat="48.887429" lon="14.949692">
				<ele>470.000000</ele>
			</trkpt>
			<trkpt lat="48.887258" lon="14.949556">
				<ele>470.000000</ele>
			</trkpt>
			<trkpt lat="48.887210" lon="14.949512">
				<ele>470.000000</ele>
			</trkpt>
			<trkpt lat="48.887175" lon="14.949449">
				<ele>470.000000</ele>
			</trkpt>
			<trkpt lat="48.887151" lon="14.949395">
				<ele>470.000000</ele>
			</trkpt>
			<trkpt lat="48.887122" lon="14.949313">
				<ele>470.000000</ele>
			</trkpt>
			<trkpt lat="48.887110" lon="14.949224">
				<ele>470.000000</ele>
			</trkpt>
			<trkpt lat="48.887104" lon="14.949134">
				<ele>470.000000</ele>
			</trkpt>
			<trkpt lat="48.887104" lon="14.949053">
				<ele>470.000000</ele>
			</trkpt>
			<trkpt lat="48.887122" lon="14.948946">
				<ele>470.000000</ele>
			</trkpt>
			<trkpt lat="48.887169" lon="14.948631">
				<ele>470.000000</ele>
			</trkpt>
			<trkpt lat="48.887187" lon="14.948397">
				<ele>470.000000</ele>
			</trkpt>
			<trkpt lat="48.887157" lon="14.948317">
				<ele>470.000000</ele>
			</trkpt>
			<trkpt lat="48.887110" lon="14.948245">
				<ele>470.000000</ele>
			</trkpt>
			<trkpt lat="48.887039" lon="14.948191">
				<ele>470.000000</ele>
			</trkpt>
			<trkpt lat="48.886968" lon="14.948182">
				<ele>470.000000</ele>
			</trkpt>
			<trkpt lat="48.886903" lon="14.948208">
				<ele>470.000000</ele>
			</trkpt>
			<trkpt lat="48.886833" lon="14.948263">
				<ele>470.000000</ele>
			</trkpt>
			<trkpt lat="48.886620" lon="14.948424">
				<ele>471.000000</ele>
			</trkpt>
			<trkpt lat="48.886189" lon="14.948766">
				<ele>471.000000</ele>
			</trkpt>
			<trkpt lat="48.885958" lon="14.948919">
				<ele>471.000000</ele>
			</trkpt>
			<trkpt lat="48.885817" lon="14.948981">
				<ele>471.000000</ele>
			</trkpt>
			<trkpt lat="48.885675" lon="14.949026">
				<ele>471.000000</ele>
			</trkpt>
			<trkpt lat="48.885521" lon="14.949053">
				<ele>472.000000</ele>
			</trkpt>
			<trkpt lat="48.885380" lon="14.949063">
				<ele>472.000000</ele>
			</trkpt>
			<trkpt lat="48.885267" lon="14.949063">
				<ele>472.000000</ele>
			</trkpt>
			<trkpt lat="48.885167" lon="14.949089">
				<ele>472.000000</ele>
			</trkpt>
			<trkpt lat="48.885078" lon="14.949116">
				<ele>472.000000</ele>
			</trkpt>
			<trkpt lat="48.885007" lon="14.949161">
				<ele>472.000000</ele>
			</trkpt>
			<trkpt lat="48.884942" lon="14.949216">
				<ele>472.000000</ele>
			</trkpt>
			<trkpt lat="48.884883" lon="14.949287">
				<ele>472.000000</ele>
			</trkpt>
			<trkpt lat="48.884818" lon="14.949367">
				<ele>472.000000</ele>
			</trkpt>
			<trkpt lat="48.884753" lon="14.949457">
				<ele>472.000000</ele>
			</trkpt>
			<trkpt lat="48.884470" lon="14.950005">
				<ele>473.000000</ele>
			</trkpt>
			<trkpt lat="48.884281" lon="14.950347">
				<ele>473.000000</ele>
			</trkpt>
			<trkpt lat="48.884056" lon="14.950679">
				<ele>473.000000</ele>
			</trkpt>
			<trkpt lat="48.883814" lon="14.951003">
				<ele>473.000000</ele>
			</trkpt>
			<trkpt lat="48.883696" lon="14.951155">
				<ele>474.000000</ele>
			</trkpt>
			<trkpt lat="48.883589" lon="14.951317">
				<ele>474.000000</ele>
			</trkpt>
			<trkpt lat="48.883271" lon="14.951847">
				<ele>474.000000</ele>
			</trkpt>
			<trkpt lat="48.883200" lon="14.951973">
				<ele>474.000000</ele>
			</trkpt>
			<trkpt lat="48.883141" lon="14.952053">
				<ele>474.000000</ele>
			</trkpt>
			<trkpt lat="48.883076" lon="14.952107">
				<ele>474.000000</ele>
			</trkpt>
			<trkpt lat="48.883004" lon="14.952162">
				<ele>474.000000</ele>
			</trkpt>
			<trkpt lat="48.882969" lon="14.952099">
				<ele>474.000000</ele>
			</trkpt>
			<trkpt lat="48.882910" lon="14.952026">
				<ele>474.000000</ele>
			</trkpt>
			<trkpt lat="48.882491" lon="14.951596">
				<ele>475.000000</ele>
			</trkpt>
			<trkpt lat="48.882420" lon="14.951514">
				<ele>475.000000</ele>
			</trkpt>
			<trkpt lat="48.882355" lon="14.951416">
				<ele>475.000000</ele>
			</trkpt>
			<trkpt lat="48.882284" lon="14.951676">
				<ele>475.000000</ele>
			</trkpt>
			<trkpt lat="48.882113" lon="14.952359">
				<ele>475.000000</ele>
			</trkpt>
			<trkpt lat="48.881977" lon="14.952755">
				<ele>475.000000</ele>
			</trkpt>
			<trkpt lat="48.881936" lon="14.952942">
				<ele>476.000000</ele>
			</trkpt>
			<trkpt lat="48.881753" lon="14.953751">
				<ele>478.000000</ele>
			</trkpt>
			<trkpt lat="48.881681" lon="14.954183">
				<ele>479.000000</ele>
			</trkpt>
			<trkpt lat="48.881652" lon="14.954497">
				<ele>479.000000</ele>
			</trkpt>
			<trkpt lat="48.881646" lon="14.954785">
				<ele>480.000000</ele>
			</trkpt>
			<trkpt lat="48.881663" lon="14.955072">
				<ele>480.000000</ele>
			</trkpt>
			<trkpt lat="48.881728" lon="14.955548">
				<ele>480.000000</ele>
			</trkpt>
			<trkpt lat="48.881747" lon="14.955737">
				<ele>481.000000</ele>
			</trkpt>
			<trkpt lat="48.881747" lon="14.955898">
				<ele>481.000000</ele>
			</trkpt>
			<trkpt lat="48.881747" lon="14.956051">
				<ele>481.000000</ele>
			</trkpt>
			<trkpt lat="48.881734" lon="14.956213">
				<ele>481.000000</ele>
			</trkpt>
			<trkpt lat="48.881711" lon="14.956357">
				<ele>481.000000</ele>
			</trkpt>
			<trkpt lat="48.881675" lon="14.956527">
				<ele>481.000000</ele>
			</trkpt>
			<trkpt lat="48.881616" lon="14.956707">
				<ele>481.000000</ele>
			</trkpt>
			<trkpt lat="48.881557" lon="14.956896">
				<ele>482.000000</ele>
			</trkpt>
			<trkpt lat="48.881492" lon="14.957076">
				<ele>482.000000</ele>
			</trkpt>
			<trkpt lat="48.881404" lon="14.957255">
				<ele>482.000000</ele>
			</trkpt>
			<trkpt lat="48.881315" lon="14.957416">
				<ele>482.000000</ele>
			</trkpt>
			<trkpt lat="48.881227" lon="14.957552">
				<ele>482.000000</ele>
			</trkpt>
			<trkpt lat="48.881114" lon="14.957677">
				<ele>482.000000</ele>
			</trkpt>
			<trkpt lat="48.880996" lon="14.957785">
				<ele>482.000000</ele>
			</trkpt>
			<trkpt lat="48.880647" lon="14.958072">
				<ele>483.000000</ele>
			</trkpt>
			<trkpt lat="48.880547" lon="14.958145">
				<ele>483.000000</ele>
			</trkpt>
			<trkpt lat="48.880470" lon="14.958225">
				<ele>483.000000</ele>
			</trkpt>
			<trkpt lat="48.880393" lon="14.958288">
				<ele>483.000000</ele>
			</trkpt>
			<trkpt lat="48.880334" lon="14.958387">
				<ele>483.000000</ele>
			</trkpt>
			<trkpt lat="48.880269" lon="14.958495">
				<ele>483.000000</ele>
			</trkpt>
			<trkpt lat="48.880199" lon="14.958629">
				<ele>484.000000</ele>
			</trkpt>
			<trkpt lat="48.880110" lon="14.958800">
				<ele>484.000000</ele>
			</trkpt>
			<trkpt lat="48.879868" lon="14.959177">
				<ele>484.000000</ele>
			</trkpt>
			<trkpt lat="48.879803" lon="14.959313">
				<ele>484.000000</ele>
			</trkpt>
			<trkpt lat="48.879738" lon="14.959491">
				<ele>484.000000</ele>
			</trkpt>
			<trkpt lat="48.879703" lon="14.959617">
				<ele>484.000000</ele>
			</trkpt>
			<trkpt lat="48.879685" lon="14.959753">
				<ele>485.000000</ele>
			</trkpt>
			<trkpt lat="48.879685" lon="14.959887">
				<ele>485.000000</ele>
			</trkpt>
			<trkpt lat="48.879703" lon="14.960129">
				<ele>485.000000</ele>
			</trkpt>
			<trkpt lat="48.879797" lon="14.960722">
				<ele>486.000000</ele>
			</trkpt>
			<trkpt lat="48.879856" lon="14.960992">
				<ele>487.000000</ele>
			</trkpt>
			<trkpt lat="48.879874" lon="14.961099">
				<ele>487.000000</ele>
			</trkpt>
			<trkpt lat="48.879868" lon="14.961181">
				<ele>487.000000</ele>
			</trkpt>
			<trkpt lat="48.879856" lon="14.961288">
				<ele>487.000000</ele>
			</trkpt>
			<trkpt lat="48.879821" lon="14.961405">
				<ele>488.000000</ele>
			</trkpt>
			<trkpt lat="48.879472" lon="14.962330">
				<ele>490.000000</ele>
			</trkpt>
			<trkpt lat="48.879384" lon="14.962564">
				<ele>491.000000</ele>
			</trkpt>
			<trkpt lat="48.878869" lon="14.963858">
				<ele>494.000000</ele>
			</trkpt>
			<trkpt lat="48.878444" lon="14.964944">
				<ele>495.000000</ele>
			</trkpt>
			<trkpt lat="48.878107" lon="14.965834">
				<ele>495.000000</ele>
			</trkpt>
			<trkpt lat="48.878030" lon="14.966068">
				<ele>495.000000</ele>
			</trkpt>
			<trkpt lat="48.877989" lon="14.966282">
				<ele>495.000000</ele>
			</trkpt>
			<trkpt lat="48.877959" lon="14.966517">
				<ele>496.000000</ele>
			</trkpt>
			<trkpt lat="48.877959" lon="14.966787">
				<ele>497.000000</ele>
			</trkpt>
			<trkpt lat="48.877971" lon="14.966911">
				<ele>497.000000</ele>
			</trkpt>
			<trkpt lat="48.877989" lon="14.967037">
				<ele>498.000000</ele>
			</trkpt>
			<trkpt lat="48.878024" lon="14.967145">
				<ele>498.000000</ele>
			</trkpt>
			<trkpt lat="48.878089" lon="14.967280">
				<ele>498.000000</ele>
			</trkpt>
			<trkpt lat="48.878125" lon="14.967353">
				<ele>499.000000</ele>
			</trkpt>
			<trkpt lat="48.878131" lon="14.967406">
				<ele>499.000000</ele>
			</trkpt>
			<trkpt lat="48.878131" lon="14.967442">
				<ele>499.000000</ele>
			</trkpt>
			<trkpt lat="48.878125" lon="14.967496">
				<ele>499.000000</ele>
			</trkpt>
			<trkpt lat="48.878054" lon="14.967460">
				<ele>499.000000</ele>
			</trkpt>
			<trkpt lat="48.877954" lon="14.967460">
				<ele>499.000000</ele>
			</trkpt>
			<trkpt lat="48.877404" lon="14.967442">
				<ele>498.000000</ele>
			</trkpt>
			<trkpt lat="48.876784" lon="14.967469">
				<ele>496.000000</ele>
			</trkpt>
			<trkpt lat="48.876063" lon="14.967514">
				<ele>495.000000</ele>
			</trkpt>
			<trkpt lat="48.875525" lon="14.967540">
				<ele>495.000000</ele>
			</trkpt>
			<trkpt lat="48.875455" lon="14.967540">
				<ele>495.000000</ele>
			</trkpt>
			<trkpt lat="48.875372" lon="14.967559">
				<ele>495.000000</ele>
			</trkpt>
			<trkpt lat="48.875307" lon="14.967586">
				<ele>495.000000</ele>
			</trkpt>
			<trkpt lat="48.875236" lon="14.967640">
				<ele>495.000000</ele>
			</trkpt>
			<trkpt lat="48.875112" lon="14.967747">
				<ele>495.000000</ele>
			</trkpt>
			<trkpt lat="48.874911" lon="14.967980">
				<ele>495.000000</ele>
			</trkpt>
			<trkpt lat="48.874716" lon="14.968223">
				<ele>495.000000</ele>
			</trkpt>
			<trkpt lat="48.874616" lon="14.968332">
				<ele>495.000000</ele>
			</trkpt>
			<trkpt lat="48.874509" lon="14.968403">
				<ele>495.000000</ele>
			</trkpt>
			<trkpt lat="48.874379" lon="14.968456">
				<ele>495.000000</ele>
			</trkpt>
			<trkpt lat="48.873877" lon="14.968619">
				<ele>495.000000</ele>
			</trkpt>
			<trkpt lat="48.873363" lon="14.968808">
				<ele>495.000000</ele>
			</trkpt>
			<trkpt lat="48.872447" lon="14.969167">
				<ele>495.000000</ele>
			</trkpt>
			<trkpt lat="48.872258" lon="14.969248">
				<ele>495.000000</ele>
			</trkpt>
			<trkpt lat="48.872175" lon="14.969301">
				<ele>495.000000</ele>
			</trkpt>
			<trkpt lat="48.872105" lon="14.969355">
				<ele>495.000000</ele>
			</trkpt>
			<trkpt lat="48.872046" lon="14.969437">
				<ele>495.000000</ele>
			</trkpt>
			<trkpt lat="48.871963" lon="14.969517">
				<ele>495.000000</ele>
			</trkpt>
			<trkpt lat="48.871798" lon="14.969768">
				<ele>495.000000</ele>
			</trkpt>
			<trkpt lat="48.871726" lon="14.969850">
				<ele>495.000000</ele>
			</trkpt>
			<trkpt lat="48.871667" lon="14.969921">
				<ele>495.000000</ele>
			</trkpt>
			<trkpt lat="48.871590" lon="14.969974">
				<ele>495.000000</ele>
			</trkpt>
			<trkpt lat="48.871496" lon="14.970029">
				<ele>495.000000</ele>
			</trkpt>
			<trkpt lat="48.871136" lon="14.970200">
				<ele>495.000000</ele>
			</trkpt>
			<trkpt lat="48.870669" lon="14.970397">
				<ele>495.000000</ele>
			</trkpt>
			<trkpt lat="48.870367" lon="14.970506">
				<ele>495.000000</ele>
			</trkpt>
			<trkpt lat="48.870178" lon="14.970540">
				<ele>495.000000</ele>
			</trkpt>
			<trkpt lat="48.870072" lon="14.970540">
				<ele>495.000000</ele>
			</trkpt>
			<trkpt lat="48.869972" lon="14.970540">
				<ele>495.000000</ele>
			</trkpt>
			<trkpt lat="48.869758" lon="14.970506">
				<ele>495.000000</ele>
			</trkpt>
			<trkpt lat="48.869505" lon="14.970424">
				<ele>495.000000</ele>
			</trkpt>
			<trkpt lat="48.869256" lon="14.970370">
				<ele>495.000000</ele>
			</trkpt>
			<trkpt lat="48.869032" lon="14.970326">
				<ele>495.000000</ele>
			</trkpt>
			<trkpt lat="48.868808" lon="14.970316">
				<ele>495.000000</ele>
			</trkpt>
			<trkpt lat="48.868535" lon="14.970316">
				<ele>495.000000</ele>
			</trkpt>
			<trkpt lat="48.868370" lon="14.970299">
				<ele>495.000000</ele>
			</trkpt>
			<trkpt lat="48.868240" lon="14.970271">
				<ele>495.000000</ele>
			</trkpt>
			<trkpt lat="48.868110" lon="14.970209">
				<ele>495.000000</ele>
			</trkpt>
			<trkpt lat="48.867933" lon="14.970101">
				<ele>495.000000</ele>
			</trkpt>
			<trkpt lat="48.867525" lon="14.969823">
				<ele>495.000000</ele>
			</trkpt>
			<trkpt lat="48.867413" lon="14.969733">
				<ele>495.000000</ele>
			</trkpt>
			<trkpt lat="48.867295" lon="14.969607">
				<ele>495.000000</ele>
			</trkpt>
			<trkpt lat="48.867035" lon="14.969319">
				<ele>495.000000</ele>
			</trkpt>
			<trkpt lat="48.866769" lon="14.969058">
				<ele>495.000000</ele>
			</trkpt>
			<trkpt lat="48.866503" lon="14.968798">
				<ele>495.000000</ele>
			</trkpt>
			<trkpt lat="48.866196" lon="14.968519">
				<ele>495.000000</ele>
			</trkpt>
			<trkpt lat="48.865504" lon="14.967900">
				<ele>495.000000</ele>
			</trkpt>
			<trkpt lat="48.865303" lon="14.967729">
				<ele>495.000000</ele>
			</trkpt>
			<trkpt lat="48.865197" lon="14.967603">
				<ele>495.000000</ele>
			</trkpt>
			<trkpt lat="48.865097" lon="14.967477">
				<ele>495.000000</ele>
			</trkpt>
			<trkpt lat="48.865008" lon="14.967334">
				<ele>495.000000</ele>
			</trkpt>
			<trkpt lat="48.864789" lon="14.966885">
				<ele>495.000000</ele>
			</trkpt>
			<trkpt lat="48.864411" lon="14.966032">
				<ele>495.000000</ele>
			</trkpt>
			<trkpt lat="48.864299" lon="14.965806">
				<ele>495.000000</ele>
			</trkpt>
			<trkpt lat="48.864204" lon="14.965636">
				<ele>495.000000</ele>
			</trkpt>
			<trkpt lat="48.864056" lon="14.965412">
				<ele>495.000000</ele>
			</trkpt>
			<trkpt lat="48.863867" lon="14.965187">
				<ele>495.000000</ele>
			</trkpt>
			<trkpt lat="48.862774" lon="14.964074">
				<ele>490.000000</ele>
			</trkpt>
			<trkpt lat="48.862136" lon="14.963408">
				<ele>490.000000</ele>
			</trkpt>
			<trkpt lat="48.861545" lon="14.962762">
				<ele>490.000000</ele>
			</trkpt>
			<trkpt lat="48.860924" lon="14.962070">
				<ele>490.000000</ele>
			</trkpt>
			<trkpt lat="48.860735" lon="14.961998">
				<ele>490.000000</ele>
			</trkpt>
			<trkpt lat="48.860546" lon="14.961944">
				<ele>490.000000</ele>
			</trkpt>
			<trkpt lat="48.860345" lon="14.961935">
				<ele>490.000000</ele>
			</trkpt>
			<trkpt lat="48.860049" lon="14.961944">
				<ele>490.000000</ele>
			</trkpt>
			<trkpt lat="48.859848" lon="14.961944">
				<ele>489.000000</ele>
			</trkpt>
			<trkpt lat="48.859683" lon="14.961935">
				<ele>489.000000</ele>
			</trkpt>
			<trkpt lat="48.859547" lon="14.961908">
				<ele>489.000000</ele>
			</trkpt>
			<trkpt lat="48.859411" lon="14.961837">
				<ele>489.000000</ele>
			</trkpt>
			<trkpt lat="48.859098" lon="14.961674">
				<ele>489.000000</ele>
			</trkpt>
			<trkpt lat="48.858619" lon="14.961405">
				<ele>488.000000</ele>
			</trkpt>
			<trkpt lat="48.858205" lon="14.961162">
				<ele>488.000000</ele>
			</trkpt>
			<trkpt lat="48.857792" lon="14.960858">
				<ele>487.000000</ele>
			</trkpt>
			<trkpt lat="48.857348" lon="14.960516">
				<ele>487.000000</ele>
			</trkpt>
			<trkpt lat="48.856693" lon="14.959986">
				<ele>486.000000</ele>
			</trkpt>
			<trkpt lat="48.856539" lon="14.959879">
				<ele>486.000000</ele>
			</trkpt>
			<trkpt lat="48.856468" lon="14.959850">
				<ele>486.000000</ele>
			</trkpt>
			<trkpt lat="48.856397" lon="14.959842">
				<ele>486.000000</ele>
			</trkpt>
			<trkpt lat="48.856326" lon="14.959824">
				<ele>486.000000</ele>
			</trkpt>
			<trkpt lat="48.856231" lon="14.959824">
				<ele>486.000000</ele>
			</trkpt>
			<trkpt lat="48.856036" lon="14.959869">
				<ele>485.000000</ele>
			</trkpt>
			<trkpt lat="48.855859" lon="14.959896">
				<ele>485.000000</ele>
			</trkpt>
			<trkpt lat="48.855676" lon="14.959869">
				<ele>485.000000</ele>
			</trkpt>
			<trkpt lat="48.855522" lon="14.959824">
				<ele>485.000000</ele>
			</trkpt>
			<trkpt lat="48.855333" lon="14.959761">
				<ele>485.000000</ele>
			</trkpt>
			<trkpt lat="48.855209" lon="14.959699">
				<ele>485.000000</ele>
			</trkpt>
			<trkpt lat="48.855091" lon="14.959609">
				<ele>485.000000</ele>
			</trkpt>
			<trkpt lat="48.855008" lon="14.959527">
				<ele>485.000000</ele>
			</trkpt>
			<trkpt lat="48.854784" lon="14.959250">
				<ele>485.000000</ele>
			</trkpt>
			<trkpt lat="48.854635" lon="14.959105">
				<ele>486.000000</ele>
			</trkpt>
			<trkpt lat="48.854381" lon="14.958881">
				<ele>486.000000</ele>
			</trkpt>
			<trkpt lat="48.854240" lon="14.958719">
				<ele>486.000000</ele>
			</trkpt>
			<trkpt lat="48.854175" lon="14.958629">
				<ele>486.000000</ele>
			</trkpt>
			<trkpt lat="48.854121" lon="14.958531">
				<ele>486.000000</ele>
			</trkpt>
			<trkpt lat="48.854068" lon="14.958405">
				<ele>486.000000</ele>
			</trkpt>
			<trkpt lat="48.854021" lon="14.958288">
				<ele>486.000000</ele>
			</trkpt>
			<trkpt lat="48.853938" lon="14.958063">
				<ele>486.000000</ele>
			</trkpt>
			<trkpt lat="48.853850" lon="14.957892">
				<ele>487.000000</ele>
			</trkpt>
			<trkpt lat="48.853767" lon="14.957758">
				<ele>487.000000</ele>
			</trkpt>
			<trkpt lat="48.853660" lon="14.957615">
				<ele>487.000000</ele>
			</trkpt>
			<trkpt lat="48.853577" lon="14.957552">
				<ele>487.000000</ele>
			</trkpt>
			<trkpt lat="48.853489" lon="14.957479">
				<ele>487.000000</ele>
			</trkpt>
			<trkpt lat="48.853282" lon="14.957363">
				<ele>487.000000</ele>
			</trkpt>
			<trkpt lat="48.853176" lon="14.957318">
				<ele>487.000000</ele>
			</trkpt>
			<trkpt lat="48.853069" lon="14.957318">
				<ele>487.000000</ele>
			</trkpt>
			<trkpt lat="48.852969" lon="14.957336">
				<ele>487.000000</ele>
			</trkpt>
			<trkpt lat="48.852862" lon="14.957390">
				<ele>487.000000</ele>
			</trkpt>
			<trkpt lat="48.852750" lon="14.957470">
				<ele>488.000000</ele>
			</trkpt>
			<trkpt lat="48.852644" lon="14.957579">
				<ele>488.000000</ele>
			</trkpt>
			<trkpt lat="48.852331" lon="14.957973">
				<ele>488.000000</ele>
			</trkpt>
			<trkpt lat="48.851999" lon="14.958387">
				<ele>488.000000</ele>
			</trkpt>
			<trkpt lat="48.851887" lon="14.958495">
				<ele>488.000000</ele>
			</trkpt>
			<trkpt lat="48.851775" lon="14.958584">
				<ele>489.000000</ele>
			</trkpt>
			<trkpt lat="48.851657" lon="14.958665">
				<ele>489.000000</ele>
			</trkpt>
			<trkpt lat="48.851556" lon="14.958764">
				<ele>489.000000</ele>
			</trkpt>
			<trkpt lat="48.851296" lon="14.959051">
				<ele>489.000000</ele>
			</trkpt>
			<trkpt lat="48.851107" lon="14.959240">
				<ele>489.000000</ele>
			</trkpt>
			<trkpt lat="48.851024" lon="14.959313">
				<ele>489.000000</ele>
			</trkpt>
			<trkpt lat="48.850953" lon="14.959348">
				<ele>489.000000</ele>
			</trkpt>
			<trkpt lat="48.850870" lon="14.959374">
				<ele>489.000000</ele>
			</trkpt>
			<trkpt lat="48.850794" lon="14.959403">
				<ele>489.000000</ele>
			</trkpt>
			<trkpt lat="48.850551" lon="14.959437">
				<ele>490.000000</ele>
			</trkpt>
			<trkpt lat="48.849883" lon="14.959626">
				<ele>490.000000</ele>
			</trkpt>
			<trkpt lat="48.849694" lon="14.959680">
				<ele>490.000000</ele>
			</trkpt>
			<trkpt lat="48.849516" lon="14.959761">
				<ele>490.000000</ele>
			</trkpt>
			<trkpt lat="48.849363" lon="14.959842">
				<ele>490.000000</ele>
			</trkpt>
			<trkpt lat="48.849209" lon="14.959940">
				<ele>490.000000</ele>
			</trkpt>
			<trkpt lat="48.849073" lon="14.960049">
				<ele>490.000000</ele>
			</trkpt>
			<trkpt lat="48.848932" lon="14.960183">
				<ele>490.000000</ele>
			</trkpt>
			<trkpt lat="48.848760" lon="14.960363">
				<ele>489.000000</ele>
			</trkpt>
			<trkpt lat="48.848554" lon="14.960596">
				<ele>489.000000</ele>
			</trkpt>
			<trkpt lat="48.848370" lon="14.960768">
				<ele>488.000000</ele>
			</trkpt>
			<trkpt lat="48.848199" lon="14.960911">
				<ele>488.000000</ele>
			</trkpt>
			<trkpt lat="48.848039" lon="14.961019">
				<ele>488.000000</ele>
			</trkpt>
			<trkpt lat="48.847784" lon="14.961135">
				<ele>487.000000</ele>
			</trkpt>
			<trkpt lat="48.847601" lon="14.961234">
				<ele>487.000000</ele>
			</trkpt>
			<trkpt lat="48.847259" lon="14.961450">
				<ele>486.000000</ele>
			</trkpt>
			<trkpt lat="48.847141" lon="14.961504">
				<ele>485.000000</ele>
			</trkpt>
			<trkpt lat="48.847022" lon="14.961548">
				<ele>485.000000</ele>
			</trkpt>
			<trkpt lat="48.846916" lon="14.961576">
				<ele>485.000000</ele>
			</trkpt>
			<trkpt lat="48.846815" lon="14.961576">
				<ele>485.000000</ele>
			</trkpt>
			<trkpt lat="48.846608" lon="14.961567">
				<ele>485.000000</ele>
			</trkpt>
			<trkpt lat="48.846136" lon="14.961450">
				<ele>485.000000</ele>
			</trkpt>
			<trkpt lat="48.845852" lon="14.961424">
				<ele>485.000000</ele>
			</trkpt>
			<trkpt lat="48.845592" lon="14.961424">
				<ele>485.000000</ele>
			</trkpt>
			<trkpt lat="48.845071" lon="14.961495">
				<ele>485.000000</ele>
			</trkpt>
			<trkpt lat="48.844870" lon="14.961513">
				<ele>485.000000</ele>
			</trkpt>
			<trkpt lat="48.844711" lon="14.961487">
				<ele>485.000000</ele>
			</trkpt>
			<trkpt lat="48.844557" lon="14.961432">
				<ele>485.000000</ele>
			</trkpt>
			<trkpt lat="48.844379" lon="14.961342">
				<ele>485.000000</ele>
			</trkpt>
			<trkpt lat="48.844173" lon="14.961234">
				<ele>485.000000</ele>
			</trkpt>
			<trkpt lat="48.843972" lon="14.961154">
				<ele>485.000000</ele>
			</trkpt>
			<trkpt lat="48.843795" lon="14.961091">
				<ele>484.000000</ele>
			</trkpt>
			<trkpt lat="48.843611" lon="14.961045">
				<ele>484.000000</ele>
			</trkpt>
			<trkpt lat="48.843274" lon="14.960992">
				<ele>483.000000</ele>
			</trkpt>
			<trkpt lat="48.842435" lon="14.960911">
				<ele>482.000000</ele>
			</trkpt>
			<trkpt lat="48.842121" lon="14.960875">
				<ele>481.000000</ele>
			</trkpt>
			<trkpt lat="48.841985" lon="14.960848">
				<ele>481.000000</ele>
			</trkpt>
			<trkpt lat="48.841831" lon="14.960795">
				<ele>480.000000</ele>
			</trkpt>
			<trkpt lat="48.841678" lon="14.960695">
				<ele>480.000000</ele>
			</trkpt>
			<trkpt lat="48.841329" lon="14.960453">
				<ele>479.000000</ele>
			</trkpt>
			<trkpt lat="48.840986" lon="14.960255">
				<ele>479.000000</ele>
			</trkpt>
			<trkpt lat="48.840655" lon="14.960112">
				<ele>478.000000</ele>
			</trkpt>
			<trkpt lat="48.840129" lon="14.959896">
				<ele>477.000000</ele>
			</trkpt>
			<trkpt lat="48.839862" lon="14.959797">
				<ele>477.000000</ele>
			</trkpt>
			<trkpt lat="48.839136" lon="14.959527">
				<ele>476.000000</ele>
			</trkpt>
			<trkpt lat="48.837107" lon="14.958764">
				<ele>475.000000</ele>
			</trkpt>
			<trkpt lat="48.836765" lon="14.958629">
				<ele>475.000000</ele>
			</trkpt>
			<trkpt lat="48.836451" lon="14.958495">
				<ele>475.000000</ele>
			</trkpt>
			<trkpt lat="48.836345" lon="14.958468">
				<ele>475.000000</ele>
			</trkpt>
			<trkpt lat="48.836138" lon="14.958414">
				<ele>475.000000</ele>
			</trkpt>
			<trkpt lat="48.836001" lon="14.958351">
				<ele>475.000000</ele>
			</trkpt>
			<trkpt lat="48.835765" lon="14.958216">
				<ele>475.000000</ele>
			</trkpt>
			<trkpt lat="48.835570" lon="14.958082">
				<ele>475.000000</ele>
			</trkpt>
			<trkpt lat="48.834843" lon="14.957516">
				<ele>475.000000</ele>
			</trkpt>
			<trkpt lat="48.834671" lon="14.957390">
				<ele>475.000000</ele>
			</trkpt>
			<trkpt lat="48.834553" lon="14.957318">
				<ele>475.000000</ele>
			</trkpt>
			<trkpt lat="48.834452" lon="14.957282">
				<ele>475.000000</ele>
			</trkpt>
			<trkpt lat="48.834340" lon="14.957263">
				<ele>475.000000</ele>
			</trkpt>
			<trkpt lat="48.834240" lon="14.957263">
				<ele>475.000000</ele>
			</trkpt>
			<trkpt lat="48.833950" lon="14.957309">
				<ele>475.000000</ele>
			</trkpt>
			<trkpt lat="48.833376" lon="14.957416">
				<ele>475.000000</ele>
			</trkpt>
			<trkpt lat="48.833276" lon="14.957435">
				<ele>475.000000</ele>
			</trkpt>
			<trkpt lat="48.833170" lon="14.957470">
				<ele>475.000000</ele>
			</trkpt>
			<trkpt lat="48.833069" lon="14.957516">
				<ele>475.000000</ele>
			</trkpt>
			<trkpt lat="48.832980" lon="14.957569">
				<ele>475.000000</ele>
			</trkpt>
			<trkpt lat="48.832809" lon="14.957713">
				<ele>475.000000</ele>
			</trkpt>
			<trkpt lat="48.832566" lon="14.957973">
				<ele>475.000000</ele>
			</trkpt>
			<trkpt lat="48.832324" lon="14.958225">
				<ele>475.000000</ele>
			</trkpt>
			<trkpt lat="48.832099" lon="14.958395">
				<ele>475.000000</ele>
			</trkpt>
			<trkpt lat="48.831874" lon="14.958539">
				<ele>475.000000</ele>
			</trkpt>
			<trkpt lat="48.831330" lon="14.958818">
				<ele>475.000000</ele>
			</trkpt>
			<trkpt lat="48.830982" lon="14.959043">
				<ele>475.000000</ele>
			</trkpt>
			<trkpt lat="48.830674" lon="14.959250">
				<ele>476.000000</ele>
			</trkpt>
			<trkpt lat="48.830372" lon="14.959474">
				<ele>476.000000</ele>
			</trkpt>
			<trkpt lat="48.829870" lon="14.959887">
				<ele>476.000000</ele>
			</trkpt>
			<trkpt lat="48.829751" lon="14.959986">
				<ele>476.000000</ele>
			</trkpt>
			<trkpt lat="48.829681" lon="14.960022">
				<ele>476.000000</ele>
			</trkpt>
			<trkpt lat="48.829604" lon="14.960049">
				<ele>476.000000</ele>
			</trkpt>
			<trkpt lat="48.829527" lon="14.960066">
				<ele>476.000000</ele>
			</trkpt>
			<trkpt lat="48.829403" lon="14.960049">
				<ele>476.000000</ele>
			</trkpt>
			<trkpt lat="48.829290" lon="14.960040">
				<ele>476.000000</ele>
			</trkpt>
			<trkpt lat="48.829113" lon="14.959968">
				<ele>476.000000</ele>
			</trkpt>
			<trkpt lat="48.828717" lon="14.959779">
				<ele>477.000000</ele>
			</trkpt>
			<trkpt lat="48.828634" lon="14.959734">
				<ele>477.000000</ele>
			</trkpt>
			<trkpt lat="48.828551" lon="14.959726">
				<ele>477.000000</ele>
			</trkpt>
			<trkpt lat="48.828368" lon="14.959726">
				<ele>477.000000</ele>
			</trkpt>
			<trkpt lat="48.828273" lon="14.959734">
				<ele>477.000000</ele>
			</trkpt>
			<trkpt lat="48.827877" lon="14.959779">
				<ele>477.000000</ele>
			</trkpt>
			<trkpt lat="48.827492" lon="14.959833">
				<ele>477.000000</ele>
			</trkpt>
			<trkpt lat="48.827097" lon="14.959932">
				<ele>478.000000</ele>
			</trkpt>
			<trkpt lat="48.826629" lon="14.960049">
				<ele>478.000000</ele>
			</trkpt>
			<trkpt lat="48.826529" lon="14.960076">
				<ele>478.000000</ele>
			</trkpt>
			<trkpt lat="48.826457" lon="14.960076">
				<ele>478.000000</ele>
			</trkpt>
			<trkpt lat="48.826321" lon="14.960066">
				<ele>478.000000</ele>
			</trkpt>
			<trkpt lat="48.825984" lon="14.961234">
				<ele>479.000000</ele>
			</trkpt>
			<trkpt lat="48.825801" lon="14.961827">
				<ele>479.000000</ele>
			</trkpt>
			<trkpt lat="48.825594" lon="14.962411">
				<ele>479.000000</ele>
			</trkpt>
			<trkpt lat="48.825523" lon="14.962303">
				<ele>479.000000</ele>
			</trkpt>
			<trkpt lat="48.825405" lon="14.962150">
				<ele>479.000000</ele>
			</trkpt>
			<trkpt lat="48.825334" lon="14.962097">
				<ele>479.000000</ele>
			</trkpt>
			<trkpt lat="48.825263" lon="14.962087">
				<ele>479.000000</ele>
			</trkpt>
			<trkpt lat="48.825192" lon="14.962114">
				<ele>479.000000</ele>
			</trkpt>
			<trkpt lat="48.825127" lon="14.962177">
				<ele>479.000000</ele>
			</trkpt>
			<trkpt lat="48.824902" lon="14.962537">
				<ele>479.000000</ele>
			</trkpt>
			<trkpt lat="48.824642" lon="14.962842">
				<ele>480.000000</ele>
			</trkpt>
			<trkpt lat="48.824145" lon="14.963435">
				<ele>480.000000</ele>
			</trkpt>
			<trkpt lat="48.823619" lon="14.964047">
				<ele>480.000000</ele>
			</trkpt>
			<trkpt lat="48.823264" lon="14.964433">
				<ele>480.000000</ele>
			</trkpt>
			<trkpt lat="48.822844" lon="14.964917">
				<ele>480.000000</ele>
			</trkpt>
			<trkpt lat="48.822726" lon="14.965026">
				<ele>480.000000</ele>
			</trkpt>
			<trkpt lat="48.822590" lon="14.965124">
				<ele>480.000000</ele>
			</trkpt>
			<trkpt lat="48.822383" lon="14.965232">
				<ele>480.000000</ele>
			</trkpt>
			<trkpt lat="48.822170" lon="14.965303">
				<ele>480.000000</ele>
			</trkpt>
			<trkpt lat="48.821945" lon="14.965330">
				<ele>480.000000</ele>
			</trkpt>
			<trkpt lat="48.821744" lon="14.965313">
				<ele>480.000000</ele>
			</trkpt>
			<trkpt lat="48.821548" lon="14.965277">
				<ele>480.000000</ele>
			</trkpt>
			<trkpt lat="48.821359" lon="14.965196">
				<ele>480.000000</ele>
			</trkpt>
			<trkpt lat="48.821170" lon="14.965070">
				<ele>480.000000</ele>
			</trkpt>
			<trkpt lat="48.820999" lon="14.964917">
				<ele>480.000000</ele>
			</trkpt>
			<trkpt lat="48.820579" lon="14.964468">
				<ele>480.000000</ele>
			</trkpt>
			<trkpt lat="48.820372" lon="14.964244">
				<ele>480.000000</ele>
			</trkpt>
			<trkpt lat="48.820153" lon="14.963984">
				<ele>479.000000</ele>
			</trkpt>
			<trkpt lat="48.819946" lon="14.963705">
				<ele>479.000000</ele>
			</trkpt>
			<trkpt lat="48.819786" lon="14.963481">
				<ele>479.000000</ele>
			</trkpt>
			<trkpt lat="48.819703" lon="14.963372">
				<ele>479.000000</ele>
			</trkpt>
			<trkpt lat="48.819650" lon="14.963246">
				<ele>479.000000</ele>
			</trkpt>
			<trkpt lat="48.819597" lon="14.963121">
				<ele>479.000000</ele>
			</trkpt>
			<trkpt lat="48.819543" lon="14.963095">
				<ele>479.000000</ele>
			</trkpt>
			<trkpt lat="48.819484" lon="14.963058">
				<ele>479.000000</ele>
			</trkpt>
			<trkpt lat="48.819360" lon="14.962932">
				<ele>479.000000</ele>
			</trkpt>
			<trkpt lat="48.819224" lon="14.962753">
				<ele>479.000000</ele>
			</trkpt>
			<trkpt lat="48.818975" lon="14.962376">
				<ele>479.000000</ele>
			</trkpt>
			<trkpt lat="48.818603" lon="14.961827">
				<ele>479.000000</ele>
			</trkpt>
			<trkpt lat="48.818491" lon="14.961630">
				<ele>479.000000</ele>
			</trkpt>
			<trkpt lat="48.818355" lon="14.961369">
				<ele>479.000000</ele>
			</trkpt>
			<trkpt lat="48.818189" lon="14.961011">
				<ele>479.000000</ele>
			</trkpt>
			<trkpt lat="48.817929" lon="14.960372">
				<ele>479.000000</ele>
			</trkpt>
			<trkpt lat="48.817775" lon="14.960049">
				<ele>479.000000</ele>
			</trkpt>
			<trkpt lat="48.817616" lon="14.959761">
				<ele>479.000000</ele>
			</trkpt>
			<trkpt lat="48.817532" lon="14.959609">
				<ele>479.000000</ele>
			</trkpt>
			<trkpt lat="48.817461" lon="14.959456">
				<ele>479.000000</ele>
			</trkpt>
			<trkpt lat="48.817390" lon="14.959294">
				<ele>479.000000</ele>
			</trkpt>
			<trkpt lat="48.817325" lon="14.959105">
				<ele>480.000000</ele>
			</trkpt>
			<trkpt lat="48.817237" lon="14.958845">
				<ele>480.000000</ele>
			</trkpt>
			<trkpt lat="48.817048" lon="14.958315">
				<ele>480.000000</ele>
			</trkpt>
			<trkpt lat="48.816977" lon="14.958126">
				<ele>480.000000</ele>
			</trkpt>
			<trkpt lat="48.816876" lon="14.957946">
				<ele>480.000000</ele>
			</trkpt>
			<trkpt lat="48.816823" lon="14.957946">
				<ele>480.000000</ele>
			</trkpt>
			<trkpt lat="48.816255" lon="14.957919">
				<ele>480.000000</ele>
			</trkpt>
			<trkpt lat="48.816030" lon="14.957938">
				<ele>480.000000</ele>
			</trkpt>
			<trkpt lat="48.815859" lon="14.957946">
				<ele>480.000000</ele>
			</trkpt>
			<trkpt lat="48.815557" lon="14.958001">
				<ele>480.000000</ele>
			</trkpt>
			<trkpt lat="48.814953" lon="14.958171">
				<ele>480.000000</ele>
			</trkpt>
			<trkpt lat="48.814770" lon="14.958225">
				<ele>480.000000</ele>
			</trkpt>
			<trkpt lat="48.814593" lon="14.958252">
				<ele>480.000000</ele>
			</trkpt>
			<trkpt lat="48.814421" lon="14.958234">
				<ele>480.000000</ele>
			</trkpt>
			<trkpt lat="48.814261" lon="14.958198">
				<ele>480.000000</ele>
			</trkpt>
			<trkpt lat="48.814096" lon="14.958118">
				<ele>480.000000</ele>
			</trkpt>
			<trkpt lat="48.813907" lon="14.958009">
				<ele>480.000000</ele>
			</trkpt>
			<trkpt lat="48.813729" lon="14.957856">
				<ele>480.000000</ele>
			</trkpt>
			<trkpt lat="48.813540" lon="14.957677">
				<ele>480.000000</ele>
			</trkpt>
			<trkpt lat="48.813415" lon="14.957560">
				<ele>480.000000</ele>
			</trkpt>
			<trkpt lat="48.813350" lon="14.957416">
				<ele>480.000000</ele>
			</trkpt>
			<trkpt lat="48.812315" lon="14.955503">
				<ele>478.000000</ele>
			</trkpt>
			<trkpt lat="48.811972" lon="14.954875">
				<ele>477.000000</ele>
			</trkpt>
			<trkpt lat="48.811889" lon="14.954713">
				<ele>477.000000</ele>
			</trkpt>
			<trkpt lat="48.811813" lon="14.954524">
				<ele>477.000000</ele>
			</trkpt>
			<trkpt lat="48.811570" lon="14.954129">
				<ele>477.000000</ele>
			</trkpt>
			<trkpt lat="48.811422" lon="14.953868">
				<ele>477.000000</ele>
			</trkpt>
			<trkpt lat="48.811268" lon="14.953608">
				<ele>478.000000</ele>
			</trkpt>
			<trkpt lat="48.811144" lon="14.953401">
				<ele>478.000000</ele>
			</trkpt>
			<trkpt lat="48.811002" lon="14.953185">
				<ele>478.000000</ele>
			</trkpt>
			<trkpt lat="48.810830" lon="14.952952">
				<ele>478.000000</ele>
			</trkpt>
			<trkpt lat="48.810109" lon="14.951990">
				<ele>479.000000</ele>
			</trkpt>
			<trkpt lat="48.809487" lon="14.951183">
				<ele>480.000000</ele>
			</trkpt>
			<trkpt lat="48.808807" lon="14.950338">
				<ele>480.000000</ele>
			</trkpt>
			<trkpt lat="48.807949" lon="14.949296">
				<ele>480.000000</ele>
			</trkpt>
			<trkpt lat="48.807588" lon="14.948847">
				<ele>480.000000</ele>
			</trkpt>
			<trkpt lat="48.807452" lon="14.948658">
				<ele>480.000000</ele>
			</trkpt>
			<trkpt lat="48.807298" lon="14.948424">
				<ele>480.000000</ele>
			</trkpt>
			<trkpt lat="48.807150" lon="14.948182">
				<ele>480.000000</ele>
			</trkpt>
			<trkpt lat="48.806861" lon="14.947742">
				<ele>480.000000</ele>
			</trkpt>
			<trkpt lat="48.806565" lon="14.947346">
				<ele>480.000000</ele>
			</trkpt>
			<trkpt lat="48.806500" lon="14.947266">
				<ele>480.000000</ele>
			</trkpt>
			<trkpt lat="48.806464" lon="14.947166">
				<ele>480.000000</ele>
			</trkpt>
			<trkpt lat="48.806435" lon="14.947076">
				<ele>479.000000</ele>
			</trkpt>
			<trkpt lat="48.806435" lon="14.946969">
				<ele>479.000000</ele>
			</trkpt>
			<trkpt lat="48.806435" lon="14.946843">
				<ele>479.000000</ele>
			</trkpt>
			<trkpt lat="48.806464" lon="14.946690">
				<ele>478.000000</ele>
			</trkpt>
			<trkpt lat="48.806547" lon="14.946269">
				<ele>478.000000</ele>
			</trkpt>
			<trkpt lat="48.806642" lon="14.945900">
				<ele>477.000000</ele>
			</trkpt>
			<trkpt lat="48.806748" lon="14.945577">
				<ele>476.000000</ele>
			</trkpt>
			<trkpt lat="48.807032" lon="14.944831">
				<ele>474.000000</ele>
			</trkpt>
			<trkpt lat="48.807121" lon="14.944571">
				<ele>474.000000</ele>
			</trkpt>
			<trkpt lat="48.807180" lon="14.944329">
				<ele>474.000000</ele>
			</trkpt>
			<trkpt lat="48.807364" lon="14.943564">
				<ele>473.000000</ele>
			</trkpt>
			<trkpt lat="48.807423" lon="14.943304">
				<ele>473.000000</ele>
			</trkpt>
			<trkpt lat="48.807488" lon="14.943115">
				<ele>473.000000</ele>
			</trkpt>
			<trkpt lat="48.807577" lon="14.942908">
				<ele>472.000000</ele>
			</trkpt>
			<trkpt lat="48.807683" lon="14.942702">
				<ele>472.000000</ele>
			</trkpt>
			<trkpt lat="48.807795" lon="14.942514">
				<ele>472.000000</ele>
			</trkpt>
			<trkpt lat="48.807872" lon="14.942307">
				<ele>472.000000</ele>
			</trkpt>
			<trkpt lat="48.807938" lon="14.942101">
				<ele>471.000000</ele>
			</trkpt>
			<trkpt lat="48.808038" lon="14.941786">
				<ele>471.000000</ele>
			</trkpt>
			<trkpt lat="48.808062" lon="14.941615">
				<ele>471.000000</ele>
			</trkpt>
			<trkpt lat="48.808080" lon="14.941363">
				<ele>471.000000</ele>
			</trkpt>
			<trkpt lat="48.808109" lon="14.940914">
				<ele>470.000000</ele>
			</trkpt>
			<trkpt lat="48.808133" lon="14.940088">
				<ele>470.000000</ele>
			</trkpt>
			<trkpt lat="48.808133" lon="14.939818">
				<ele>470.000000</ele>
			</trkpt>
			<trkpt lat="48.808127" lon="14.939585">
				<ele>470.000000</ele>
			</trkpt>
			<trkpt lat="48.808109" lon="14.939352">
				<ele>470.000000</ele>
			</trkpt>
			<trkpt lat="48.808080" lon="14.939092">
				<ele>470.000000</ele>
			</trkpt>
			<trkpt lat="48.808062" lon="14.938956">
				<ele>470.000000</ele>
			</trkpt>
			<trkpt lat="48.807872" lon="14.937870">
				<ele>470.000000</ele>
			</trkpt>
			<trkpt lat="48.807789" lon="14.937367">
				<ele>470.000000</ele>
			</trkpt>
			<trkpt lat="48.807766" lon="14.937079">
				<ele>470.000000</ele>
			</trkpt>
			<trkpt lat="48.807766" lon="14.936944">
				<ele>470.000000</ele>
			</trkpt>
			<trkpt lat="48.807766" lon="14.936818">
				<ele>470.000000</ele>
			</trkpt>
			<trkpt lat="48.807612" lon="14.936998">
				<ele>470.000000</ele>
			</trkpt>
			<trkpt lat="48.807393" lon="14.937285">
				<ele>470.000000</ele>
			</trkpt>
			<trkpt lat="48.807298" lon="14.937402">
				<ele>470.000000</ele>
			</trkpt>
			<trkpt lat="48.807198" lon="14.937510">
				<ele>470.000000</ele>
			</trkpt>
			<trkpt lat="48.806831" lon="14.937870">
				<ele>470.000000</ele>
			</trkpt>
			<trkpt lat="48.806594" lon="14.938130">
				<ele>470.000000</ele>
			</trkpt>
			<trkpt lat="48.806435" lon="14.938336">
				<ele>470.000000</ele>
			</trkpt>
			<trkpt lat="48.806358" lon="14.938453">
				<ele>470.000000</ele>
			</trkpt>
			<trkpt lat="48.806287" lon="14.938579">
				<ele>470.000000</ele>
			</trkpt>
			<trkpt lat="48.806228" lon="14.938713">
				<ele>470.000000</ele>
			</trkpt>
			<trkpt lat="48.806163" lon="14.938876">
				<ele>470.000000</ele>
			</trkpt>
			<trkpt lat="48.805991" lon="14.939342">
				<ele>470.000000</ele>
			</trkpt>
			<trkpt lat="48.805867" lon="14.939818">
				<ele>470.000000</ele>
			</trkpt>
			<trkpt lat="48.805831" lon="14.939935">
				<ele>470.000000</ele>
			</trkpt>
			<trkpt lat="48.805778" lon="14.940052">
				<ele>470.000000</ele>
			</trkpt>
			<trkpt lat="48.805660" lon="14.940304">
				<ele>470.000000</ele>
			</trkpt>
			<trkpt lat="48.805536" lon="14.940528">
				<ele>470.000000</ele>
			</trkpt>
			<trkpt lat="48.805446" lon="14.940717">
				<ele>470.000000</ele>
			</trkpt>
			<trkpt lat="48.805370" lon="14.940923">
				<ele>470.000000</ele>
			</trkpt>
			<trkpt lat="48.805334" lon="14.941121">
				<ele>470.000000</ele>
			</trkpt>
			<trkpt lat="48.805310" lon="14.941373">
				<ele>470.000000</ele>
			</trkpt>
			<trkpt lat="48.805293" lon="14.941687">
				<ele>470.000000</ele>
			</trkpt>
			<trkpt lat="48.805275" lon="14.941831">
				<ele>470.000000</ele>
			</trkpt>
			<trkpt lat="48.805245" lon="14.941983">
				<ele>470.000000</ele>
			</trkpt>
			<trkpt lat="48.805210" lon="14.942109">
				<ele>470.000000</ele>
			</trkpt>
			<trkpt lat="48.805169" lon="14.942199">
				<ele>470.000000</ele>
			</trkpt>
			<trkpt lat="48.804979" lon="14.942432">
				<ele>470.000000</ele>
			</trkpt>
			<trkpt lat="48.804790" lon="14.942639">
				<ele>470.000000</ele>
			</trkpt>
			<trkpt lat="48.804606" lon="14.942801">
				<ele>470.000000</ele>
			</trkpt>
			<trkpt lat="48.804346" lon="14.943017">
				<ele>470.000000</ele>
			</trkpt>
			<trkpt lat="48.804009" lon="14.943268">
				<ele>470.000000</ele>
			</trkpt>
			<trkpt lat="48.803654" lon="14.943484">
				<ele>470.000000</ele>
			</trkpt>
			<trkpt lat="48.803258" lon="14.943690">
				<ele>470.000000</ele>
			</trkpt>
			<trkpt lat="48.803044" lon="14.943807">
				<ele>470.000000</ele>
			</trkpt>
			<trkpt lat="48.802979" lon="14.943852">
				<ele>470.000000</ele>
			</trkpt>
			<trkpt lat="48.802926" lon="14.943924">
				<ele>470.000000</ele>
			</trkpt>
			<trkpt lat="48.802873" lon="14.943987">
				<ele>470.000000</ele>
			</trkpt>
			<trkpt lat="48.802826" lon="14.944067">
				<ele>470.000000</ele>
			</trkpt>
			<trkpt lat="48.802790" lon="14.944176">
				<ele>470.000000</ele>
			</trkpt>
			<trkpt lat="48.802755" lon="14.944302">
				<ele>471.000000</ele>
			</trkpt>
			<trkpt lat="48.802583" lon="14.944939">
				<ele>471.000000</ele>
			</trkpt>
			<trkpt lat="48.802529" lon="14.945137">
				<ele>472.000000</ele>
			</trkpt>
			<trkpt lat="48.802470" lon="14.945281">
				<ele>472.000000</ele>
			</trkpt>
			<trkpt lat="48.802370" lon="14.945487">
				<ele>472.000000</ele>
			</trkpt>
			<trkpt lat="48.802252" lon="14.945648">
				<ele>473.000000</ele>
			</trkpt>
			<trkpt lat="48.802127" lon="14.945801">
				<ele>473.000000</ele>
			</trkpt>
			<trkpt lat="48.801986" lon="14.945937">
				<ele>473.000000</ele>
			</trkpt>
			<trkpt lat="48.801559" lon="14.946277">
				<ele>474.000000</ele>
			</trkpt>
			<trkpt lat="48.801335" lon="14.946493">
				<ele>475.000000</ele>
			</trkpt>
			<trkpt lat="48.801240" lon="14.946600">
				<ele>475.000000</ele>
			</trkpt>
			<trkpt lat="48.801163" lon="14.946717">
				<ele>475.000000</ele>
			</trkpt>
			<trkpt lat="48.801104" lon="14.946826">
				<ele>475.000000</ele>
			</trkpt>
			<trkpt lat="48.801039" lon="14.946933">
				<ele>475.000000</ele>
			</trkpt>
			<trkpt lat="48.800985" lon="14.947068">
				<ele>475.000000</ele>
			</trkpt>
			<trkpt lat="48.800932" lon="14.947221">
				<ele>475.000000</ele>
			</trkpt>
			<trkpt lat="48.800589" lon="14.948281">
				<ele>476.000000</ele>
			</trkpt>
			<trkpt lat="48.800376" lon="14.948910">
				<ele>476.000000</ele>
			</trkpt>
			<trkpt lat="48.800193" lon="14.949279">
				<ele>476.000000</ele>
			</trkpt>
			<trkpt lat="48.800063" lon="14.949493">
				<ele>476.000000</ele>
			</trkpt>
			<trkpt lat="48.799914" lon="14.949700">
				<ele>476.000000</ele>
			</trkpt>
			<trkpt lat="48.799719" lon="14.949898">
				<ele>476.000000</ele>
			</trkpt>
			<trkpt lat="48.799483" lon="14.950105">
				<ele>477.000000</ele>
			</trkpt>
			<trkpt lat="48.799240" lon="14.950258">
				<ele>477.000000</ele>
			</trkpt>
			<trkpt lat="48.799151" lon="14.950292">
				<ele>477.000000</ele>
			</trkpt>
			<trkpt lat="48.798997" lon="14.950365">
				<ele>477.000000</ele>
			</trkpt>
			<trkpt lat="48.798808" lon="14.950445">
				<ele>477.000000</ele>
			</trkpt>
			<trkpt lat="48.798630" lon="14.950527">
				<ele>477.000000</ele>
			</trkpt>
			<trkpt lat="48.798524" lon="14.950724">
				<ele>477.000000</ele>
			</trkpt>
			<trkpt lat="48.798412" lon="14.950921">
				<ele>477.000000</ele>
			</trkpt>
			<trkpt lat="48.798074" lon="14.951631">
				<ele>478.000000</ele>
			</trkpt>
			<trkpt lat="48.793541" lon="14.951497">
				<ele>480.000000</ele>
			</trkpt>
			<trkpt lat="48.793316" lon="14.951487">
				<ele>480.000000</ele>
			</trkpt>
			<trkpt lat="48.791422" lon="14.951424">
				<ele>480.000000</ele>
			</trkpt>
			<trkpt lat="48.789204" lon="14.951300">
				<ele>480.000000</ele>
			</trkpt>
			<trkpt lat="48.789102" lon="14.951300">
				<ele>480.000000</ele>
			</trkpt>
			<trkpt lat="48.788807" lon="14.951273">
				<ele>480.000000</ele>
			</trkpt>
			<trkpt lat="48.788718" lon="14.951290">
				<ele>480.000000</ele>
			</trkpt>
			<trkpt lat="48.788618" lon="14.951326">
				<ele>480.000000</ele>
			</trkpt>
			<trkpt lat="48.788534" lon="14.951371">
				<ele>480.000000</ele>
			</trkpt>
			<trkpt lat="48.788345" lon="14.951407">
				<ele>480.000000</ele>
			</trkpt>
			<trkpt lat="48.788144" lon="14.951424">
				<ele>480.000000</ele>
			</trkpt>
			<trkpt lat="48.787937" lon="14.951407">
				<ele>480.000000</ele>
			</trkpt>
			<trkpt lat="48.787694" lon="14.951344">
				<ele>480.000000</ele>
			</trkpt>
			<trkpt lat="48.787008" lon="14.951110">
				<ele>481.000000</ele>
			</trkpt>
			<trkpt lat="48.786830" lon="14.951074">
				<ele>481.000000</ele>
			</trkpt>
			<trkpt lat="48.786611" lon="14.951057">
				<ele>481.000000</ele>
			</trkpt>
			<trkpt lat="48.786333" lon="14.951047">
				<ele>481.000000</ele>
			</trkpt>
			<trkpt lat="48.786191" lon="14.951030">
				<ele>481.000000</ele>
			</trkpt>
			<trkpt lat="48.786108" lon="14.951003">
				<ele>481.000000</ele>
			</trkpt>
			<trkpt lat="48.786043" lon="14.950967">
				<ele>481.000000</ele>
			</trkpt>
			<trkpt lat="48.785984" lon="14.950913">
				<ele>481.000000</ele>
			</trkpt>
			<trkpt lat="48.785913" lon="14.950858">
				<ele>481.000000</ele>
			</trkpt>
			<trkpt lat="48.785605" lon="14.950545">
				<ele>481.000000</ele>
			</trkpt>
			<trkpt lat="48.785297" lon="14.950284">
				<ele>481.000000</ele>
			</trkpt>
			<trkpt lat="48.785161" lon="14.950158">
				<ele>481.000000</ele>
			</trkpt>
			<trkpt lat="48.785054" lon="14.950023">
				<ele>482.000000</ele>
			</trkpt>
			<trkpt lat="48.784966" lon="14.949843">
				<ele>482.000000</ele>
			</trkpt>
			<trkpt lat="48.784830" lon="14.949539">
				<ele>482.000000</ele>
			</trkpt>
			<trkpt lat="48.784557" lon="14.948919">
				<ele>482.000000</ele>
			</trkpt>
			<trkpt lat="48.784380" lon="14.948568">
				<ele>482.000000</ele>
			</trkpt>
			<trkpt lat="48.784190" lon="14.948245">
				<ele>482.000000</ele>
			</trkpt>
			<trkpt lat="48.783959" lon="14.947912">
				<ele>482.000000</ele>
			</trkpt>
			<trkpt lat="48.783468" lon="14.947275">
				<ele>483.000000</ele>
			</trkpt>
			<trkpt lat="48.783338" lon="14.947113">
				<ele>483.000000</ele>
			</trkpt>
			<trkpt lat="48.783172" lon="14.946933">
				<ele>483.000000</ele>
			</trkpt>
			<trkpt lat="48.783054" lon="14.946826">
				<ele>483.000000</ele>
			</trkpt>
			<trkpt lat="48.782929" lon="14.946736">
				<ele>483.000000</ele>
			</trkpt>
			<trkpt lat="48.782906" lon="14.946763">
				<ele>483.000000</ele>
			</trkpt>
			<trkpt lat="48.782894" lon="14.946843">
				<ele>483.000000</ele>
			</trkpt>
			<trkpt lat="48.782894" lon="14.946960">
				<ele>483.000000</ele>
			</trkpt>
			<trkpt lat="48.782912" lon="14.947158">
				<ele>483.000000</ele>
			</trkpt>
			<trkpt lat="48.782929" lon="14.947535">
				<ele>483.000000</ele>
			</trkpt>
			<trkpt lat="48.782929" lon="14.947849">
				<ele>483.000000</ele>
			</trkpt>
			<trkpt lat="48.782923" lon="14.948200">
				<ele>483.000000</ele>
			</trkpt>
			<trkpt lat="48.782906" lon="14.948757">
				<ele>483.000000</ele>
			</trkpt>
			<trkpt lat="48.782906" lon="14.948981">
				<ele>484.000000</ele>
			</trkpt>
			<trkpt lat="48.782912" lon="14.949152">
				<ele>484.000000</ele>
			</trkpt>
			<trkpt lat="48.782947" lon="14.949323">
				<ele>484.000000</ele>
			</trkpt>
			<trkpt lat="48.783006" lon="14.949485">
				<ele>484.000000</ele>
			</trkpt>
			<trkpt lat="48.783095" lon="14.949700">
				<ele>484.000000</ele>
			</trkpt>
			<trkpt lat="48.783136" lon="14.949826">
				<ele>484.000000</ele>
			</trkpt>
			<trkpt lat="48.783166" lon="14.949942">
				<ele>484.000000</ele>
			</trkpt>
			<trkpt lat="48.783184" lon="14.950095">
				<ele>484.000000</ele>
			</trkpt>
			<trkpt lat="48.783220" lon="14.950437">
				<ele>484.000000</ele>
			</trkpt>
			<trkpt lat="48.783220" lon="14.950617">
				<ele>484.000000</ele>
			</trkpt>
			<trkpt lat="48.783220" lon="14.950751">
				<ele>484.000000</ele>
			</trkpt>
			<trkpt lat="48.783202" lon="14.950868">
				<ele>484.000000</ele>
			</trkpt>
			<trkpt lat="48.783178" lon="14.950975">
				<ele>484.000000</ele>
			</trkpt>
			<trkpt lat="48.783130" lon="14.951101">
				<ele>484.000000</ele>
			</trkpt>
			<trkpt lat="48.783077" lon="14.951200">
				<ele>484.000000</ele>
			</trkpt>
			<trkpt lat="48.783006" lon="14.951281">
				<ele>484.000000</ele>
			</trkpt>
			<trkpt lat="48.782923" lon="14.951363">
				<ele>484.000000</ele>
			</trkpt>
			<trkpt lat="48.782841" lon="14.951397">
				<ele>484.000000</ele>
			</trkpt>
			<trkpt lat="48.782680" lon="14.951497">
				<ele>484.000000</ele>
			</trkpt>
			<trkpt lat="48.782562" lon="14.951604">
				<ele>484.000000</ele>
			</trkpt>
			<trkpt lat="48.782444" lon="14.951766">
				<ele>485.000000</ele>
			</trkpt>
			<trkpt lat="48.782278" lon="14.952045">
				<ele>485.000000</ele>
			</trkpt>
			<trkpt lat="48.782131" lon="14.952305">
				<ele>485.000000</ele>
			</trkpt>
			<trkpt lat="48.781953" lon="14.952556">
				<ele>485.000000</ele>
			</trkpt>
			<trkpt lat="48.781793" lon="14.952763">
				<ele>485.000000</ele>
			</trkpt>
			<trkpt lat="48.781621" lon="14.952942">
				<ele>485.000000</ele>
			</trkpt>
			<trkpt lat="48.781438" lon="14.953095">
				<ele>486.000000</ele>
			</trkpt>
			<trkpt lat="48.781248" lon="14.953231">
				<ele>486.000000</ele>
			</trkpt>
			<trkpt lat="48.781005" lon="14.953365">
				<ele>487.000000</ele>
			</trkpt>
			<trkpt lat="48.780657" lon="14.953554">
				<ele>488.000000</ele>
			</trkpt>
			<trkpt lat="48.780515" lon="14.953653">
				<ele>488.000000</ele>
			</trkpt>
			<trkpt lat="48.780343" lon="14.953787">
				<ele>488.000000</ele>
			</trkpt>
			<trkpt lat="48.780130" lon="14.953994">
				<ele>489.000000</ele>
			</trkpt>
			<trkpt lat="48.779863" lon="14.954237">
				<ele>490.000000</ele>
			</trkpt>
			<trkpt lat="48.779414" lon="14.954550">
				<ele>490.000000</ele>
			</trkpt>
			<trkpt lat="48.779283" lon="14.954632">
				<ele>490.000000</ele>
			</trkpt>
			<trkpt lat="48.779129" lon="14.954703">
				<ele>490.000000</ele>
			</trkpt>
			<trkpt lat="48.778975" lon="14.954757">
				<ele>490.000000</ele>
			</trkpt>
			<trkpt lat="48.778910" lon="14.954757">
				<ele>490.000000</ele>
			</trkpt>
			<trkpt lat="48.778857" lon="14.954740">
				<ele>490.000000</ele>
			</trkpt>
			<trkpt lat="48.778798" lon="14.954713">
				<ele>490.000000</ele>
			</trkpt>
			<trkpt lat="48.778472" lon="14.954533">
				<ele>490.000000</ele>
			</trkpt>
			<trkpt lat="48.778330" lon="14.954443">
				<ele>490.000000</ele>
			</trkpt>
			<trkpt lat="48.778176" lon="14.954317">
				<ele>490.000000</ele>
			</trkpt>
			<trkpt lat="48.778010" lon="14.954156">
				<ele>490.000000</ele>
			</trkpt>
			<trkpt lat="48.777886" lon="14.954021">
				<ele>490.000000</ele>
			</trkpt>
			<trkpt lat="48.777762" lon="14.953860">
				<ele>490.000000</ele>
			</trkpt>
			<trkpt lat="48.777614" lon="14.953653">
				<ele>490.000000</ele>
			</trkpt>
			<trkpt lat="48.777555" lon="14.953571">
				<ele>490.000000</ele>
			</trkpt>
			<trkpt lat="48.777501" lon="14.953500">
				<ele>490.000000</ele>
			</trkpt>
			<trkpt lat="48.777448" lon="14.953464">
				<ele>490.000000</ele>
			</trkpt>
			<trkpt lat="48.777371" lon="14.953447">
				<ele>490.000000</ele>
			</trkpt>
			<trkpt lat="48.777087" lon="14.953365">
				<ele>491.000000</ele>
			</trkpt>
			<trkpt lat="48.776904" lon="14.953311">
				<ele>492.000000</ele>
			</trkpt>
			<trkpt lat="48.776743" lon="14.953231">
				<ele>493.000000</ele>
			</trkpt>
			<trkpt lat="48.776566" lon="14.953122">
				<ele>494.000000</ele>
			</trkpt>
			<trkpt lat="48.776430" lon="14.953042">
				<ele>494.000000</ele>
			</trkpt>
			<trkpt lat="48.776293" lon="14.952971">
				<ele>495.000000</ele>
			</trkpt>
			<trkpt lat="48.776169" lon="14.952934">
				<ele>496.000000</ele>
			</trkpt>
			<trkpt lat="48.775968" lon="14.952889">
				<ele>497.000000</ele>
			</trkpt>
			<trkpt lat="48.775826" lon="14.952853">
				<ele>498.000000</ele>
			</trkpt>
			<trkpt lat="48.775837" lon="14.953778">
				<ele>500.000000</ele>
			</trkpt>
			<trkpt lat="48.775837" lon="14.954407">
				<ele>500.000000</ele>
			</trkpt>
			<trkpt lat="48.775837" lon="14.954632">
				<ele>500.000000</ele>
			</trkpt>
			<trkpt lat="48.775820" lon="14.954829">
				<ele>500.000000</ele>
			</trkpt>
			<trkpt lat="48.775791" lon="14.955045">
				<ele>500.000000</ele>
			</trkpt>
			<trkpt lat="48.775737" lon="14.955386">
				<ele>500.000000</ele>
			</trkpt>
			<trkpt lat="48.775684" lon="14.955710">
				<ele>499.000000</ele>
			</trkpt>
			<trkpt lat="48.775630" lon="14.956114">
				<ele>497.000000</ele>
			</trkpt>
			<trkpt lat="48.775234" lon="14.955925">
				<ele>496.000000</ele>
			</trkpt>
			<trkpt lat="48.775145" lon="14.956124">
				<ele>496.000000</ele>
			</trkpt>
			<trkpt lat="48.775074" lon="14.956294">
				<ele>496.000000</ele>
			</trkpt>
			<trkpt lat="48.775021" lon="14.956474">
				<ele>496.000000</ele>
			</trkpt>
			<trkpt lat="48.774973" lon="14.956663">
				<ele>495.000000</ele>
			</trkpt>
			<trkpt lat="48.774920" lon="14.957030">
				<ele>495.000000</ele>
			</trkpt>
			<trkpt lat="48.774891" lon="14.957210">
				<ele>495.000000</ele>
			</trkpt>
			<trkpt lat="48.774849" lon="14.957399">
				<ele>495.000000</ele>
			</trkpt>
			<trkpt lat="48.774784" lon="14.957579">
				<ele>494.000000</ele>
			</trkpt>
			<trkpt lat="48.774612" lon="14.958055">
				<ele>494.000000</ele>
			</trkpt>
			<trkpt lat="48.774553" lon="14.958189">
				<ele>494.000000</ele>
			</trkpt>
			<trkpt lat="48.774470" lon="14.958324">
				<ele>494.000000</ele>
			</trkpt>
			<trkpt lat="48.774198" lon="14.958764">
				<ele>493.000000</ele>
			</trkpt>
			<trkpt lat="48.774109" lon="14.958881">
				<ele>493.000000</ele>
			</trkpt>
			<trkpt lat="48.774008" lon="14.959007">
				<ele>493.000000</ele>
			</trkpt>
			<trkpt lat="48.773914" lon="14.959087">
				<ele>493.000000</ele>
			</trkpt>
			<trkpt lat="48.773730" lon="14.959168">
				<ele>493.000000</ele>
			</trkpt>
			<trkpt lat="48.773505" lon="14.959303">
				<ele>493.000000</ele>
			</trkpt>
			<trkpt lat="48.773239" lon="14.959491">
				<ele>492.000000</ele>
			</trkpt>
			<trkpt lat="48.773132" lon="14.959590">
				<ele>492.000000</ele>
			</trkpt>
			<trkpt lat="48.773014" lon="14.959716">
				<ele>492.000000</ele>
			</trkpt>
			<trkpt lat="48.772795" lon="14.959932">
				<ele>492.000000</ele>
			</trkpt>
			<trkpt lat="48.772587" lon="14.960112">
				<ele>492.000000</ele>
			</trkpt>
			<trkpt lat="48.772528" lon="14.960147">
				<ele>492.000000</ele>
			</trkpt>
			<trkpt lat="48.772481" lon="14.960166">
				<ele>492.000000</ele>
			</trkpt>
			<trkpt lat="48.772446" lon="14.960175">
				<ele>492.000000</ele>
			</trkpt>
			<trkpt lat="48.772422" lon="14.960166">
				<ele>492.000000</ele>
			</trkpt>
			<trkpt lat="48.772386" lon="14.960147">
				<ele>492.000000</ele>
			</trkpt>
			<trkpt lat="48.771492" lon="14.959403">
				<ele>491.000000</ele>
			</trkpt>
			<trkpt lat="48.770456" lon="14.958521">
				<ele>490.000000</ele>
			</trkpt>
			<trkpt lat="48.770208" lon="14.958271">
				<ele>490.000000</ele>
			</trkpt>
			<trkpt lat="48.770024" lon="14.958774">
				<ele>490.000000</ele>
			</trkpt>
			<trkpt lat="48.769894" lon="14.959141">
				<ele>490.000000</ele>
			</trkpt>
			<trkpt lat="48.769852" lon="14.959240">
				<ele>490.000000</ele>
			</trkpt>
			<trkpt lat="48.769639" lon="14.959824">
				<ele>490.000000</ele>
			</trkpt>
			<trkpt lat="48.769237" lon="14.960992">
				<ele>490.000000</ele>
			</trkpt>
			<trkpt lat="48.769130" lon="14.961298">
				<ele>490.000000</ele>
			</trkpt>
			<trkpt lat="48.768680" lon="14.962519">
				<ele>490.000000</ele>
			</trkpt>
			<trkpt lat="48.768443" lon="14.963184">
				<ele>490.000000</ele>
			</trkpt>
			<trkpt lat="48.768248" lon="14.963722">
				<ele>490.000000</ele>
			</trkpt>
			<trkpt lat="48.768129" lon="14.964055">
				<ele>490.000000</ele>
			</trkpt>
			<trkpt lat="48.767839" lon="14.964837">
				<ele>489.000000</ele>
			</trkpt>
			<trkpt lat="48.767401" lon="14.966032">
				<ele>489.000000</ele>
			</trkpt>
			<trkpt lat="48.767283" lon="14.966364">
				<ele>489.000000</ele>
			</trkpt>
			<trkpt lat="48.767247" lon="14.966454">
				<ele>489.000000</ele>
			</trkpt>
			<trkpt lat="48.767040" lon="14.966221">
				<ele>488.000000</ele>
			</trkpt>
			<trkpt lat="48.766880" lon="14.966058">
				<ele>488.000000</ele>
			</trkpt>
			<trkpt lat="48.766548" lon="14.965789">
				<ele>487.000000</ele>
			</trkpt>
			<trkpt lat="48.766537" lon="14.965771">
				<ele>487.000000</ele>
			</trkpt>
			<trkpt lat="48.765927" lon="14.965214">
				<ele>485.000000</ele>
			</trkpt>
			<trkpt lat="48.765707" lon="14.965026">
				<ele>490.000000</ele>
			</trkpt>
			<trkpt lat="48.765595" lon="14.964890">
				<ele>490.000000</ele>
			</trkpt>
			<trkpt lat="48.765548" lon="14.964810">
				<ele>488.000000</ele>
			</trkpt>
			<trkpt lat="48.765512" lon="14.964729">
				<ele>485.000000</ele>
			</trkpt>
			<trkpt lat="48.765483" lon="14.964630">
				<ele>485.000000</ele>
			</trkpt>
			<trkpt lat="48.765465" lon="14.964540">
				<ele>485.000000</ele>
			</trkpt>
			<trkpt lat="48.765353" lon="14.963651">
				<ele>486.000000</ele>
			</trkpt>
			<trkpt lat="48.765186" lon="14.962582">
				<ele>488.000000</ele>
			</trkpt>
			<trkpt lat="48.765151" lon="14.962376">
				<ele>488.000000</ele>
			</trkpt>
			<trkpt lat="48.765098" lon="14.962160">
				<ele>488.000000</ele>
			</trkpt>
			<trkpt lat="48.765033" lon="14.961935">
				<ele>489.000000</ele>
			</trkpt>
			<trkpt lat="48.764938" lon="14.961693">
				<ele>489.000000</ele>
			</trkpt>
			<trkpt lat="48.764784" lon="14.961342">
				<ele>490.000000</ele>
			</trkpt>
			<trkpt lat="48.764730" lon="14.961217">
				<ele>490.000000</ele>
			</trkpt>
			<trkpt lat="48.764594" lon="14.960921">
				<ele>490.000000</ele>
			</trkpt>
			<trkpt lat="48.764411" lon="14.960471">
				<ele>490.000000</ele>
			</trkpt>
			<trkpt lat="48.764376" lon="14.960372">
				<ele>490.000000</ele>
			</trkpt>
			<trkpt lat="48.764044" lon="14.959500">
				<ele>490.000000</ele>
			</trkpt>
			<trkpt lat="48.765636" lon="14.957839">
				<ele>492.000000</ele>
			</trkpt>
			<trkpt lat="48.765672" lon="14.957776">
				<ele>492.000000</ele>
			</trkpt>
			<trkpt lat="48.765672" lon="14.957695">
				<ele>492.000000</ele>
			</trkpt>
			<trkpt lat="48.765654" lon="14.957596">
				<ele>492.000000</ele>
			</trkpt>
			<trkpt lat="48.765619" lon="14.957443">
				<ele>492.000000</ele>
			</trkpt>
			<trkpt lat="48.765471" lon="14.957120">
				<ele>493.000000</ele>
			</trkpt>
			<trkpt lat="48.765246" lon="14.956663">
				<ele>493.000000</ele>
			</trkpt>
			<trkpt lat="48.765222" lon="14.956608">
				<ele>493.000000</ele>
			</trkpt>
			<trkpt lat="48.765211" lon="14.956545">
				<ele>493.000000</ele>
			</trkpt>
			<trkpt lat="48.765205" lon="14.956483">
				<ele>493.000000</ele>
			</trkpt>
			<trkpt lat="48.765205" lon="14.956428">
				<ele>493.000000</ele>
			</trkpt>
			<trkpt lat="48.765228" lon="14.956330">
				<ele>493.000000</ele>
			</trkpt>
			<trkpt lat="48.765276" lon="14.956240">
				<ele>493.000000</ele>
			</trkpt>
			<trkpt lat="48.765661" lon="14.955558">
				<ele>494.000000</ele>
			</trkpt>
			<trkpt lat="48.765939" lon="14.955116">
				<ele>495.000000</ele>
			</trkpt>
			<trkpt lat="48.765939" lon="14.954902">
				<ele>495.000000</ele>
			</trkpt>
			<trkpt lat="48.765950" lon="14.954722">
				<ele>495.000000</ele>
			</trkpt>
			<trkpt lat="48.766004" lon="14.954219">
				<ele>496.000000</ele>
			</trkpt>
			<trkpt lat="48.766010" lon="14.954129">
				<ele>496.000000</ele>
			</trkpt>
			<trkpt lat="48.766004" lon="14.954048">
				<ele>496.000000</ele>
			</trkpt>
			<trkpt lat="48.765986" lon="14.953950">
				<ele>496.000000</ele>
			</trkpt>
			<trkpt lat="48.765939" lon="14.953841">
				<ele>496.000000</ele>
			</trkpt>
			<trkpt lat="48.765779" lon="14.953419">
				<ele>497.000000</ele>
			</trkpt>
			<trkpt lat="48.765613" lon="14.953078">
				<ele>498.000000</ele>
			</trkpt>
			<trkpt lat="48.765465" lon="14.952763">
				<ele>498.000000</ele>
			</trkpt>
			<trkpt lat="48.765074" lon="14.952036">
				<ele>500.000000</ele>
			</trkpt>
			<trkpt lat="48.765033" lon="14.951937">
				<ele>500.000000</ele>
			</trkpt>
			<trkpt lat="48.765015" lon="14.951839">
				<ele>500.000000</ele>
			</trkpt>
			<trkpt lat="48.765015" lon="14.951730">
				<ele>500.000000</ele>
			</trkpt>
			<trkpt lat="48.765021" lon="14.951569">
				<ele>500.000000</ele>
			</trkpt>
			<trkpt lat="48.765074" lon="14.951084">
				<ele>500.000000</ele>
			</trkpt>
			<trkpt lat="48.764932" lon="14.951021">
				<ele>500.000000</ele>
			</trkpt>
			<trkpt lat="48.764796" lon="14.951011">
				<ele>500.000000</ele>
			</trkpt>
			<trkpt lat="48.764659" lon="14.951038">
				<ele>500.000000</ele>
			</trkpt>
			<trkpt lat="48.764488" lon="14.951093">
				<ele>500.000000</ele>
			</trkpt>
			<trkpt lat="48.764121" lon="14.951254">
				<ele>498.000000</ele>
			</trkpt>
			<trkpt lat="48.764056" lon="14.950967">
				<ele>499.000000</ele>
			</trkpt>
			<trkpt lat="48.764002" lon="14.950688">
				<ele>500.000000</ele>
			</trkpt>
			<trkpt lat="48.763961" lon="14.950437">
				<ele>500.000000</ele>
			</trkpt>
			<trkpt lat="48.763931" lon="14.950195">
				<ele>501.000000</ele>
			</trkpt>
			<trkpt lat="48.763896" lon="14.949843">
				<ele>502.000000</ele>
			</trkpt>
			<trkpt lat="48.763866" lon="14.949602">
				<ele>503.000000</ele>
			</trkpt>
			<trkpt lat="48.763843" lon="14.949485">
				<ele>503.000000</ele>
			</trkpt>
			<trkpt lat="48.763813" lon="14.949395">
				<ele>503.000000</ele>
			</trkpt>
			<trkpt lat="48.763742" lon="14.949233">
				<ele>504.000000</ele>
			</trkpt>
			<trkpt lat="48.763623" lon="14.949053">
				<ele>504.000000</ele>
			</trkpt>
			<trkpt lat="48.763481" lon="14.948864">
				<ele>505.000000</ele>
			</trkpt>
			<trkpt lat="48.763363" lon="14.948658">
				<ele>505.000000</ele>
			</trkpt>
			<trkpt lat="48.763286" lon="14.948497">
				<ele>506.000000</ele>
			</trkpt>
			<trkpt lat="48.763186" lon="14.948263">
				<ele>506.000000</ele>
			</trkpt>
			<trkpt lat="48.762889" lon="14.947544">
				<ele>507.000000</ele>
			</trkpt>
			<trkpt lat="48.762327" lon="14.946296">
				<ele>509.000000</ele>
			</trkpt>
			<trkpt lat="48.762066" lon="14.945675">
				<ele>510.000000</ele>
			</trkpt>
			<trkpt lat="48.762031" lon="14.945568">
				<ele>510.000000</ele>
			</trkpt>
			<trkpt lat="48.762007" lon="14.945460">
				<ele>510.000000</ele>
			</trkpt>
			<trkpt lat="48.761995" lon="14.945352">
				<ele>510.000000</ele>
			</trkpt>
			<trkpt lat="48.761995" lon="14.945244">
				<ele>511.000000</ele>
			</trkpt>
			<trkpt lat="48.762007" lon="14.945145">
				<ele>511.000000</ele>
			</trkpt>
			<trkpt lat="48.762031" lon="14.945029">
				<ele>511.000000</ele>
			</trkpt>
			<trkpt lat="48.762078" lon="14.944903">
				<ele>512.000000</ele>
			</trkpt>
			<trkpt lat="48.762131" lon="14.944778">
				<ele>512.000000</ele>
			</trkpt>
			<trkpt lat="48.762303" lon="14.944472">
				<ele>513.000000</ele>
			</trkpt>
			<trkpt lat="48.762634" lon="14.943906">
				<ele>517.000000</ele>
			</trkpt>
			<trkpt lat="48.763730" lon="14.941992">
				<ele>520.000000</ele>
			</trkpt>
			<trkpt lat="48.764565" lon="14.940484">
				<ele>520.000000</ele>
			</trkpt>
			<trkpt lat="48.764908" lon="14.939881">
				<ele>520.000000</ele>
			</trkpt>
			<trkpt lat="48.765702" lon="14.938516">
				<ele>520.000000</ele>
			</trkpt>
			<trkpt lat="48.766163" lon="14.937698">
				<ele>520.000000</ele>
			</trkpt>
			<trkpt lat="48.768846" lon="14.932991">
				<ele>520.000000</ele>
			</trkpt>
			<trkpt lat="48.769213" lon="14.932344">
				<ele>519.000000</ele>
			</trkpt>
			<trkpt lat="48.769320" lon="14.932147">
				<ele>519.000000</ele>
			</trkpt>
			<trkpt lat="48.769391" lon="14.932012">
				<ele>518.000000</ele>
			</trkpt>
			<trkpt lat="48.769438" lon="14.931868">
				<ele>518.000000</ele>
			</trkpt>
			<trkpt lat="48.769485" lon="14.931734">
				<ele>518.000000</ele>
			</trkpt>
			<trkpt lat="48.769509" lon="14.931618">
				<ele>518.000000</ele>
			</trkpt>
			<trkpt lat="48.769521" lon="14.931465">
				<ele>518.000000</ele>
			</trkpt>
			<trkpt lat="48.769740" lon="14.928742">
				<ele>514.000000</ele>
			</trkpt>
			<trkpt lat="48.770208" lon="14.923012">
				<ele>505.000000</ele>
			</trkpt>
			<trkpt lat="48.770261" lon="14.922373">
				<ele>505.000000</ele>
			</trkpt>
			<trkpt lat="48.770267" lon="14.922184">
				<ele>505.000000</ele>
			</trkpt>
			<trkpt lat="48.770427" lon="14.920127">
				<ele>505.000000</ele>
			</trkpt>
			<trkpt lat="48.770681" lon="14.917172">
				<ele>505.000000</ele>
			</trkpt>
			<trkpt lat="48.770776" lon="14.915951">
				<ele>505.000000</ele>
			</trkpt>
			<trkpt lat="48.770918" lon="14.914054">
				<ele>505.000000</ele>
			</trkpt>
			<trkpt lat="48.771202" lon="14.910785">
				<ele>505.000000</ele>
			</trkpt>
			<trkpt lat="48.771380" lon="14.908871">
				<ele>505.000000</ele>
			</trkpt>
			<trkpt lat="48.771457" lon="14.907919">
				<ele>505.000000</ele>
			</trkpt>
			<trkpt lat="48.771498" lon="14.907318">
				<ele>505.000000</ele>
			</trkpt>
			<trkpt lat="48.771670" lon="14.905099">
				<ele>505.000000</ele>
			</trkpt>
			<trkpt lat="48.771687" lon="14.904865">
				<ele>505.000000</ele>
			</trkpt>
			<trkpt lat="48.771706" lon="14.904703">
				<ele>505.000000</ele>
			</trkpt>
			<trkpt lat="48.771741" lon="14.904551">
				<ele>505.000000</ele>
			</trkpt>
			<trkpt lat="48.771783" lon="14.904407">
				<ele>505.000000</ele>
			</trkpt>
			<trkpt lat="48.771930" lon="14.903967">
				<ele>505.000000</ele>
			</trkpt>
			<trkpt lat="48.772298" lon="14.903041">
				<ele>505.000000</ele>
			</trkpt>
			<trkpt lat="48.772369" lon="14.902835">
				<ele>505.000000</ele>
			</trkpt>
			<trkpt lat="48.772789" lon="14.901649">
				<ele>505.000000</ele>
			</trkpt>
			<trkpt lat="48.773784" lon="14.898972">
				<ele>505.000000</ele>
			</trkpt>
			<trkpt lat="48.773985" lon="14.898424">
				<ele>505.000000</ele>
			</trkpt>
			<trkpt lat="48.774062" lon="14.898244">
				<ele>505.000000</ele>
			</trkpt>
			<trkpt lat="48.774150" lon="14.898074">
				<ele>505.000000</ele>
			</trkpt>
			<trkpt lat="48.774636" lon="14.897238">
				<ele>505.000000</ele>
			</trkpt>
			<trkpt lat="48.775033" lon="14.896601">
				<ele>505.000000</ele>
			</trkpt>
			<trkpt lat="48.775465" lon="14.895917">
				<ele>505.000000</ele>
			</trkpt>
			<trkpt lat="48.775968" lon="14.895154">
				<ele>505.000000</ele>
			</trkpt>
			<trkpt lat="48.776104" lon="14.894965">
				<ele>505.000000</ele>
			</trkpt>
			<trkpt lat="48.776418" lon="14.894489">
				<ele>505.000000</ele>
			</trkpt>
			<trkpt lat="48.776696" lon="14.894049">
				<ele>505.000000</ele>
			</trkpt>
			<trkpt lat="48.777501" lon="14.892675">
				<ele>505.000000</ele>
			</trkpt>
			<trkpt lat="48.777844" lon="14.892118">
				<ele>505.000000</ele>
			</trkpt>
			<trkpt lat="48.778502" lon="14.891067">
				<ele>505.000000</ele>
			</trkpt>
			<trkpt lat="48.778626" lon="14.890852">
				<ele>505.000000</ele>
			</trkpt>
			<trkpt lat="48.778715" lon="14.890653">
				<ele>505.000000</ele>
			</trkpt>
			<trkpt lat="48.778803" lon="14.890438">
				<ele>505.000000</ele>
			</trkpt>
			<trkpt lat="48.778886" lon="14.890169">
				<ele>505.000000</ele>
			</trkpt>
			<trkpt lat="48.778970" lon="14.889827">
				<ele>505.000000</ele>
			</trkpt>
			<trkpt lat="48.779082" lon="14.889225">
				<ele>505.000000</ele>
			</trkpt>
			<trkpt lat="48.779283" lon="14.888319">
				<ele>505.000000</ele>
			</trkpt>
			<trkpt lat="48.779514" lon="14.887384">
				<ele>505.000000</ele>
			</trkpt>
			<trkpt lat="48.779603" lon="14.887034">
				<ele>505.000000</ele>
			</trkpt>
			<trkpt lat="48.779668" lon="14.886719">
				<ele>505.000000</ele>
			</trkpt>
			<trkpt lat="48.779709" lon="14.886449">
				<ele>505.000000</ele>
			</trkpt>
			<trkpt lat="48.779745" lon="14.886135">
				<ele>505.000000</ele>
			</trkpt>
			<trkpt lat="48.779757" lon="14.886001">
				<ele>505.000000</ele>
			</trkpt>
			<trkpt lat="48.779792" lon="14.885793">
				<ele>505.000000</ele>
			</trkpt>
			<trkpt lat="48.779810" lon="14.885614">
				<ele>505.000000</ele>
			</trkpt>
			<trkpt lat="48.779833" lon="14.885480">
				<ele>505.000000</ele>
			</trkpt>
			<trkpt lat="48.779869" lon="14.885345">
				<ele>505.000000</ele>
			</trkpt>
			<trkpt lat="48.779935" lon="14.885156">
				<ele>505.000000</ele>
			</trkpt>
			<trkpt lat="48.780094" lon="14.884680">
				<ele>505.000000</ele>
			</trkpt>
			<trkpt lat="48.780390" lon="14.883862">
				<ele>505.000000</ele>
			</trkpt>
			<trkpt lat="48.780781" lon="14.882766">
				<ele>505.000000</ele>
			</trkpt>
			<trkpt lat="48.781018" lon="14.882040">
				<ele>505.000000</ele>
			</trkpt>
			<trkpt lat="48.781083" lon="14.881814">
				<ele>505.000000</ele>
			</trkpt>
			<trkpt lat="48.781148" lon="14.881491">
				<ele>505.000000</ele>
			</trkpt>
			<trkpt lat="48.781189" lon="14.881204">
				<ele>505.000000</ele>
			</trkpt>
			<trkpt lat="48.781237" lon="14.881042">
				<ele>505.000000</ele>
			</trkpt>
			<trkpt lat="48.781278" lon="14.880908">
				<ele>505.000000</ele>
			</trkpt>
			<trkpt lat="48.781308" lon="14.880772">
				<ele>505.000000</ele>
			</trkpt>
			<trkpt lat="48.781313" lon="14.880646">
				<ele>505.000000</ele>
			</trkpt>
			<trkpt lat="48.781331" lon="14.880485">
				<ele>505.000000</ele>
			</trkpt>
			<trkpt lat="48.781349" lon="14.880116">
				<ele>505.000000</ele>
			</trkpt>
			<trkpt lat="48.781378" lon="14.879776">
				<ele>505.000000</ele>
			</trkpt>
			<trkpt lat="48.781503" lon="14.878661">
				<ele>505.000000</ele>
			</trkpt>
			<trkpt lat="48.781562" lon="14.877933">
				<ele>505.000000</ele>
			</trkpt>
			<trkpt lat="48.781616" lon="14.877260">
				<ele>505.000000</ele>
			</trkpt>
			<trkpt lat="48.781686" lon="14.876470">
				<ele>505.000000</ele>
			</trkpt>
			<trkpt lat="48.781864" lon="14.874583">
				<ele>505.000000</ele>
			</trkpt>
			<trkpt lat="48.782106" lon="14.871916">
				<ele>505.000000</ele>
			</trkpt>
			<trkpt lat="48.782154" lon="14.871439">
				<ele>505.000000</ele>
			</trkpt>
			<trkpt lat="48.782160" lon="14.871170">
				<ele>505.000000</ele>
			</trkpt>
			<trkpt lat="48.782160" lon="14.870927">
				<ele>505.000000</ele>
			</trkpt>
			<trkpt lat="48.782178" lon="14.870694">
				<ele>505.000000</ele>
			</trkpt>
			<trkpt lat="48.782237" lon="14.869929">
				<ele>505.000000</ele>
			</trkpt>
			<trkpt lat="48.782320" lon="14.868906">
				<ele>506.000000</ele>
			</trkpt>
			<trkpt lat="48.782397" lon="14.868134">
				<ele>508.000000</ele>
			</trkpt>
			<trkpt lat="48.782379" lon="14.868124">
				<ele>508.000000</ele>
			</trkpt>
			<trkpt lat="48.782379" lon="14.868124">
				<ele>508.000000</ele>
			</trkpt>
			<trkpt lat="48.782284" lon="14.868061">
				<ele>508.000000</ele>
			</trkpt>
			<trkpt lat="48.782047" lon="14.867954">
				<ele>509.000000</ele>
			</trkpt>
			<trkpt lat="48.781929" lon="14.867891">
				<ele>510.000000</ele>
			</trkpt>
			<trkpt lat="48.781817" lon="14.867792">
				<ele>510.000000</ele>
			</trkpt>
			<trkpt lat="48.781722" lon="14.867684">
				<ele>511.000000</ele>
			</trkpt>
			<trkpt lat="48.781645" lon="14.867540">
				<ele>511.000000</ele>
			</trkpt>
			<trkpt lat="48.781491" lon="14.867226">
				<ele>512.000000</ele>
			</trkpt>
			<trkpt lat="48.781172" lon="14.866561">
				<ele>515.000000</ele>
			</trkpt>
			<trkpt lat="48.781030" lon="14.866283">
				<ele>516.000000</ele>
			</trkpt>
			<trkpt lat="48.780869" lon="14.866013">
				<ele>517.000000</ele>
			</trkpt>
			<trkpt lat="48.780680" lon="14.865725">
				<ele>519.000000</ele>
			</trkpt>
			<trkpt lat="48.780515" lon="14.865429">
				<ele>520.000000</ele>
			</trkpt>
			<trkpt lat="48.780378" lon="14.865214">
				<ele>522.000000</ele>
			</trkpt>
			<trkpt lat="48.780059" lon="14.864710">
				<ele>527.000000</ele>
			</trkpt>
			<trkpt lat="48.780005" lon="14.864639">
				<ele>527.000000</ele>
			</trkpt>
			<trkpt lat="48.779964" lon="14.864558">
				<ele>528.000000</ele>
			</trkpt>
			<trkpt lat="48.779940" lon="14.864476">
				<ele>529.000000</ele>
			</trkpt>
			<trkpt lat="48.779910" lon="14.864387">
				<ele>529.000000</ele>
			</trkpt>
			<trkpt lat="48.779893" lon="14.864262">
				<ele>530.000000</ele>
			</trkpt>
			<trkpt lat="48.779887" lon="14.864126">
				<ele>531.000000</ele>
			</trkpt>
			<trkpt lat="48.779887" lon="14.863597">
				<ele>535.000000</ele>
			</trkpt>
			<trkpt lat="48.779875" lon="14.863426">
				<ele>536.000000</ele>
			</trkpt>
			<trkpt lat="48.779857" lon="14.863291">
				<ele>537.000000</ele>
			</trkpt>
			<trkpt lat="48.779810" lon="14.863147">
				<ele>538.000000</ele>
			</trkpt>
			<trkpt lat="48.779751" lon="14.862985">
				<ele>539.000000</ele>
			</trkpt>
			<trkpt lat="48.779378" lon="14.862123">
				<ele>547.000000</ele>
			</trkpt>
			<trkpt lat="48.779295" lon="14.861908">
				<ele>549.000000</ele>
			</trkpt>
			<trkpt lat="48.779224" lon="14.861674">
				<ele>550.000000</ele>
			</trkpt>
			<trkpt lat="48.779011" lon="14.860794">
				<ele>555.000000</ele>
			</trkpt>
			<trkpt lat="48.778952" lon="14.860614">
				<ele>556.000000</ele>
			</trkpt>
			<trkpt lat="48.778899" lon="14.860488">
				<ele>557.000000</ele>
			</trkpt>
			<trkpt lat="48.778839" lon="14.860398">
				<ele>558.000000</ele>
			</trkpt>
			<trkpt lat="48.778774" lon="14.860345">
				<ele>559.000000</ele>
			</trkpt>
			<trkpt lat="48.778703" lon="14.860327">
				<ele>560.000000</ele>
			</trkpt>
			<trkpt lat="48.778638" lon="14.860345">
				<ele>561.000000</ele>
			</trkpt>
			<trkpt lat="48.778579" lon="14.860371">
				<ele>561.000000</ele>
			</trkpt>
			<trkpt lat="48.778502" lon="14.860444">
				<ele>562.000000</ele>
			</trkpt>
			<trkpt lat="48.778395" lon="14.860534">
				<ele>563.000000</ele>
			</trkpt>
			<trkpt lat="48.778353" lon="14.860551">
				<ele>563.000000</ele>
			</trkpt>
			<trkpt lat="48.778306" lon="14.860560">
				<ele>564.000000</ele>
			</trkpt>
			<trkpt lat="48.778271" lon="14.860551">
				<ele>564.000000</ele>
			</trkpt>
			<trkpt lat="48.778223" lon="14.860534">
				<ele>565.000000</ele>
			</trkpt>
			<trkpt lat="48.778170" lon="14.860497">
				<ele>565.000000</ele>
			</trkpt>
			<trkpt lat="48.778117" lon="14.860444">
				<ele>566.000000</ele>
			</trkpt>
			<trkpt lat="48.778081" lon="14.860390">
				<ele>566.000000</ele>
			</trkpt>
			<trkpt lat="48.778034" lon="14.860318">
				<ele>567.000000</ele>
			</trkpt>
			<trkpt lat="48.778010" lon="14.860237">
				<ele>567.000000</ele>
			</trkpt>
			<trkpt lat="48.777981" lon="14.860155">
				<ele>568.000000</ele>
			</trkpt>
			<trkpt lat="48.777940" lon="14.859949">
				<ele>569.000000</ele>
			</trkpt>
			<trkpt lat="48.777928" lon="14.859679">
				<ele>571.000000</ele>
			</trkpt>
			<trkpt lat="48.777892" lon="14.858341">
				<ele>581.000000</ele>
			</trkpt>
			<trkpt lat="48.777863" lon="14.857066">
				<ele>588.000000</ele>
			</trkpt>
			<trkpt lat="48.777863" lon="14.856832">
				<ele>590.000000</ele>
			</trkpt>
			<trkpt lat="48.777869" lon="14.856626">
				<ele>591.000000</ele>
			</trkpt>
			<trkpt lat="48.777886" lon="14.856437">
				<ele>592.000000</ele>
			</trkpt>
			<trkpt lat="48.777916" lon="14.856266">
				<ele>593.000000</ele>
			</trkpt>
			<trkpt lat="48.777951" lon="14.856087">
				<ele>594.000000</ele>
			</trkpt>
			<trkpt lat="48.778005" lon="14.855880">
				<ele>596.000000</ele>
			</trkpt>
			<trkpt lat="48.778076" lon="14.855673">
				<ele>597.000000</ele>
			</trkpt>
			<trkpt lat="48.778158" lon="14.855449">
				<ele>598.000000</ele>
			</trkpt>
			<trkpt lat="48.778212" lon="14.855297">
				<ele>599.000000</ele>
			</trkpt>
			<trkpt lat="48.778265" lon="14.855117">
				<ele>600.000000</ele>
			</trkpt>
			<trkpt lat="48.778300" lon="14.854937">
				<ele>601.000000</ele>
			</trkpt>
			<trkpt lat="48.778324" lon="14.854775">
				<ele>602.000000</ele>
			</trkpt>
			<trkpt lat="48.778336" lon="14.854605">
				<ele>603.000000</ele>
			</trkpt>
			<trkpt lat="48.778342" lon="14.854434">
				<ele>604.000000</ele>
			</trkpt>
			<trkpt lat="48.778342" lon="14.853903">
				<ele>607.000000</ele>
			</trkpt>
			<trkpt lat="48.778353" lon="14.853634">
				<ele>609.000000</ele>
			</trkpt>
			<trkpt lat="48.778359" lon="14.853509">
				<ele>610.000000</ele>
			</trkpt>
			<trkpt lat="48.778378" lon="14.853419">
				<ele>610.000000</ele>
			</trkpt>
			<trkpt lat="48.778407" lon="14.853337">
				<ele>611.000000</ele>
			</trkpt>
			<trkpt lat="48.778443" lon="14.853239">
				<ele>611.000000</ele>
			</trkpt>
			<trkpt lat="48.778484" lon="14.853158">
				<ele>612.000000</ele>
			</trkpt>
			<trkpt lat="48.778537" lon="14.853077">
				<ele>612.000000</ele>
			</trkpt>
			<trkpt lat="48.778614" lon="14.852970">
				<ele>613.000000</ele>
			</trkpt>
			<trkpt lat="48.778667" lon="14.852871">
				<ele>614.000000</ele>
			</trkpt>
			<trkpt lat="48.778792" lon="14.852502">
				<ele>615.000000</ele>
			</trkpt>
			<trkpt lat="48.778827" lon="14.852421">
				<ele>615.000000</ele>
			</trkpt>
			<trkpt lat="48.778880" lon="14.852368">
				<ele>615.000000</ele>
			</trkpt>
			<trkpt lat="48.778952" lon="14.852322">
				<ele>615.000000</ele>
			</trkpt>
			<trkpt lat="48.779035" lon="14.852322">
				<ele>615.000000</ele>
			</trkpt>
			<trkpt lat="48.779123" lon="14.852350">
				<ele>615.000000</ele>
			</trkpt>
			<trkpt lat="48.779206" lon="14.852404">
				<ele>615.000000</ele>
			</trkpt>
			<trkpt lat="48.779277" lon="14.852484">
				<ele>615.000000</ele>
			</trkpt>
			<trkpt lat="48.779330" lon="14.852584">
				<ele>615.000000</ele>
			</trkpt>
			<trkpt lat="48.779414" lon="14.852790">
				<ele>615.000000</ele>
			</trkpt>
			<trkpt lat="48.779538" lon="14.853194">
				<ele>615.000000</ele>
			</trkpt>
			<trkpt lat="48.779573" lon="14.853276">
				<ele>615.000000</ele>
			</trkpt>
			<trkpt lat="48.779626" lon="14.853329">
				<ele>615.000000</ele>
			</trkpt>
			<trkpt lat="48.779703" lon="14.853373">
				<ele>615.000000</ele>
			</trkpt>
			<trkpt lat="48.779792" lon="14.853400">
				<ele>615.000000</ele>
			</trkpt>
			<trkpt lat="48.779869" lon="14.853400">
				<ele>615.000000</ele>
			</trkpt>
			<trkpt lat="48.779946" lon="14.853373">
				<ele>615.000000</ele>
			</trkpt>
			<trkpt lat="48.780017" lon="14.853329">
				<ele>615.000000</ele>
			</trkpt>
			<trkpt lat="48.780076" lon="14.853276">
				<ele>615.000000</ele>
			</trkpt>
			<trkpt lat="48.780159" lon="14.853123">
				<ele>615.000000</ele>
			</trkpt>
			<trkpt lat="48.780224" lon="14.852960">
				<ele>616.000000</ele>
			</trkpt>
			<trkpt lat="48.780260" lon="14.852834">
				<ele>616.000000</ele>
			</trkpt>
			<trkpt lat="48.780319" lon="14.852484">
				<ele>617.000000</ele>
			</trkpt>
			<trkpt lat="48.780372" lon="14.852295">
				<ele>617.000000</ele>
			</trkpt>
			<trkpt lat="48.780402" lon="14.852215">
				<ele>618.000000</ele>
			</trkpt>
			<trkpt lat="48.780444" lon="14.852134">
				<ele>618.000000</ele>
			</trkpt>
			<trkpt lat="48.780490" lon="14.852062">
				<ele>618.000000</ele>
			</trkpt>
			<trkpt lat="48.780544" lon="14.852008">
				<ele>618.000000</ele>
			</trkpt>
			<trkpt lat="48.780609" lon="14.851964">
				<ele>619.000000</ele>
			</trkpt>
			<trkpt lat="48.780686" lon="14.851928">
				<ele>619.000000</ele>
			</trkpt>
			<trkpt lat="48.780869" lon="14.851901">
				<ele>620.000000</ele>
			</trkpt>
			<trkpt lat="48.780988" lon="14.851855">
				<ele>620.000000</ele>
			</trkpt>
			<trkpt lat="48.781041" lon="14.851829">
				<ele>620.000000</ele>
			</trkpt>
			<trkpt lat="48.781077" lon="14.851792">
				<ele>621.000000</ele>
			</trkpt>
			<trkpt lat="48.781118" lon="14.851729">
				<ele>621.000000</ele>
			</trkpt>
			<trkpt lat="48.781166" lon="14.851668">
				<ele>621.000000</ele>
			</trkpt>
			<trkpt lat="48.781237" lon="14.851488">
				<ele>622.000000</ele>
			</trkpt>
			<trkpt lat="48.781545" lon="14.850616">
				<ele>625.000000</ele>
			</trkpt>
			<trkpt lat="48.782178" lon="14.848639">
				<ele>625.000000</ele>
			</trkpt>
			<trkpt lat="48.782278" lon="14.848299">
				<ele>625.000000</ele>
			</trkpt>
			<trkpt lat="48.782332" lon="14.848182">
				<ele>625.000000</ele>
			</trkpt>
			<trkpt lat="48.782403" lon="14.848056">
				<ele>625.000000</ele>
			</trkpt>
			<trkpt lat="48.782444" lon="14.848010">
				<ele>625.000000</ele>
			</trkpt>
			<trkpt lat="48.782503" lon="14.847976">
				<ele>625.000000</ele>
			</trkpt>
			<trkpt lat="48.783006" lon="14.847687">
				<ele>618.000000</ele>
			</trkpt>
			<trkpt lat="48.783498" lon="14.847436">
				<ele>613.000000</ele>
			</trkpt>
			<trkpt lat="48.783794" lon="14.847301">
				<ele>609.000000</ele>
			</trkpt>
			<trkpt lat="48.784054" lon="14.847202">
				<ele>606.000000</ele>
			</trkpt>
			<trkpt lat="48.784901" lon="14.846960">
				<ele>596.000000</ele>
			</trkpt>
			<trkpt lat="48.785208" lon="14.846861">
				<ele>592.000000</ele>
			</trkpt>
			<trkpt lat="48.785380" lon="14.846807">
				<ele>590.000000</ele>
			</trkpt>
			<trkpt lat="48.785475" lon="14.846735">
				<ele>589.000000</ele>
			</trkpt>
			<trkpt lat="48.785528" lon="14.846681">
				<ele>589.000000</ele>
			</trkpt>
			<trkpt lat="48.785587" lon="14.846618">
				<ele>589.000000</ele>
			</trkpt>
			<trkpt lat="48.785753" lon="14.846331">
				<ele>587.000000</ele>
			</trkpt>
			<trkpt lat="48.785900" lon="14.846026">
				<ele>586.000000</ele>
			</trkpt>
			<trkpt lat="48.786025" lon="14.845783">
				<ele>585.000000</ele>
			</trkpt>
			<trkpt lat="48.786250" lon="14.845433">
				<ele>583.000000</ele>
			</trkpt>
			<trkpt lat="48.786327" lon="14.845262">
				<ele>582.000000</ele>
			</trkpt>
			<trkpt lat="48.786409" lon="14.845064">
				<ele>580.000000</ele>
			</trkpt>
			<trkpt lat="48.786570" lon="14.844570">
				<ele>577.000000</ele>
			</trkpt>
			<trkpt lat="48.786706" lon="14.844194">
				<ele>575.000000</ele>
			</trkpt>
			<trkpt lat="48.786794" lon="14.843852">
				<ele>573.000000</ele>
			</trkpt>
			<trkpt lat="48.786884" lon="14.843439">
				<ele>571.000000</ele>
			</trkpt>
			<trkpt lat="48.786972" lon="14.842962">
				<ele>570.000000</ele>
			</trkpt>
			<trkpt lat="48.787020" lon="14.842647">
				<ele>570.000000</ele>
			</trkpt>
			<trkpt lat="48.787043" lon="14.842360">
				<ele>570.000000</ele>
			</trkpt>
			<trkpt lat="48.787055" lon="14.842136">
				<ele>570.000000</ele>
			</trkpt>
			<trkpt lat="48.787043" lon="14.841875">
				<ele>570.000000</ele>
			</trkpt>
			<trkpt lat="48.787037" lon="14.841588">
				<ele>570.000000</ele>
			</trkpt>
			<trkpt lat="48.786995" lon="14.841211">
				<ele>571.000000</ele>
			</trkpt>
			<trkpt lat="48.786960" lon="14.840825">
				<ele>573.000000</ele>
			</trkpt>
			<trkpt lat="48.786842" lon="14.839997">
				<ele>575.000000</ele>
			</trkpt>
			<trkpt lat="48.786800" lon="14.839630">
				<ele>575.000000</ele>
			</trkpt>
			<trkpt lat="48.786771" lon="14.839244">
				<ele>575.000000</ele>
			</trkpt>
			<trkpt lat="48.786753" lon="14.838892">
				<ele>575.000000</ele>
			</trkpt>
			<trkpt lat="48.786753" lon="14.838569">
				<ele>575.000000</ele>
			</trkpt>
			<trkpt lat="48.786753" lon="14.838255">
				<ele>575.000000</ele>
			</trkpt>
			<trkpt lat="48.786759" lon="14.837949">
				<ele>575.000000</ele>
			</trkpt>
			<trkpt lat="48.786777" lon="14.837617">
				<ele>574.000000</ele>
			</trkpt>
			<trkpt lat="48.786806" lon="14.837276">
				<ele>573.000000</ele>
			</trkpt>
			<trkpt lat="48.786842" lon="14.836934">
				<ele>572.000000</ele>
			</trkpt>
			<trkpt lat="48.786901" lon="14.836387">
				<ele>570.000000</ele>
			</trkpt>
			<trkpt lat="48.787144" lon="14.834590">
				<ele>561.000000</ele>
			</trkpt>
			<trkpt lat="48.787221" lon="14.834060">
				<ele>558.000000</ele>
			</trkpt>
			<trkpt lat="48.787327" lon="14.833449">
				<ele>554.000000</ele>
			</trkpt>
			<trkpt lat="48.787410" lon="14.832928">
				<ele>550.000000</ele>
			</trkpt>
			<trkpt lat="48.787451" lon="14.832712">
				<ele>550.000000</ele>
			</trkpt>
			<trkpt lat="48.787321" lon="14.832659">
				<ele>550.000000</ele>
			</trkpt>
			<trkpt lat="48.787114" lon="14.832613">
				<ele>551.000000</ele>
			</trkpt>
			<trkpt lat="48.786617" lon="14.832523">
				<ele>556.000000</ele>
			</trkpt>
			<trkpt lat="48.785788" lon="14.832317">
				<ele>564.000000</ele>
			</trkpt>
			<trkpt lat="48.785753" lon="14.832309">
				<ele>565.000000</ele>
			</trkpt>
			<trkpt lat="48.785729" lon="14.832282">
				<ele>565.000000</ele>
			</trkpt>
			<trkpt lat="48.785682" lon="14.832200">
				<ele>565.000000</ele>
			</trkpt>
			<trkpt lat="48.785664" lon="14.832120">
				<ele>565.000000</ele>
			</trkpt>
			<trkpt lat="48.785664" lon="14.832020">
				<ele>564.000000</ele>
			</trkpt>
			<trkpt lat="48.785776" lon="14.830646">
				<ele>562.000000</ele>
			</trkpt>
			<trkpt lat="48.785913" lon="14.828904">
				<ele>556.000000</ele>
			</trkpt>
			<trkpt lat="48.786132" lon="14.825481">
				<ele>550.000000</ele>
			</trkpt>
			<trkpt lat="48.786137" lon="14.825229">
				<ele>550.000000</ele>
			</trkpt>
			<trkpt lat="48.786132" lon="14.825104">
				<ele>550.000000</ele>
			</trkpt>
			<trkpt lat="48.786114" lon="14.824996">
				<ele>550.000000</ele>
			</trkpt>
			<trkpt lat="48.786084" lon="14.824888">
				<ele>550.000000</ele>
			</trkpt>
			<trkpt lat="48.786049" lon="14.824789">
				<ele>550.000000</ele>
			</trkpt>
			<trkpt lat="48.786013" lon="14.824699">
				<ele>550.000000</ele>
			</trkpt>
			<trkpt lat="48.785960" lon="14.824600">
				<ele>550.000000</ele>
			</trkpt>
			<trkpt lat="48.785498" lon="14.823856">
				<ele>550.000000</ele>
			</trkpt>
			<trkpt lat="48.785066" lon="14.823110">
				<ele>553.000000</ele>
			</trkpt>
			<trkpt lat="48.784001" lon="14.821178">
				<ele>555.000000</ele>
			</trkpt>
			<trkpt lat="48.783882" lon="14.820963">
				<ele>555.000000</ele>
			</trkpt>
			<trkpt lat="48.783794" lon="14.820747">
				<ele>555.000000</ele>
			</trkpt>
			<trkpt lat="48.783723" lon="14.820522">
				<ele>555.000000</ele>
			</trkpt>
			<trkpt lat="48.783610" lon="14.820172">
				<ele>555.000000</ele>
			</trkpt>
			<trkpt lat="48.783557" lon="14.819992">
				<ele>555.000000</ele>
			</trkpt>
			<trkpt lat="48.783421" lon="14.819453">
				<ele>555.000000</ele>
			</trkpt>
			<trkpt lat="48.783202" lon="14.818447">
				<ele>555.000000</ele>
			</trkpt>
			<trkpt lat="48.782935" lon="14.817216">
				<ele>553.000000</ele>
			</trkpt>
			<trkpt lat="48.782841" lon="14.816785">
				<ele>551.000000</ele>
			</trkpt>
			<trkpt lat="48.782634" lon="14.815726">
				<ele>550.000000</ele>
			</trkpt>
			<trkpt lat="48.781716" lon="14.811449">
				<ele>557.000000</ele>
			</trkpt>
			<trkpt lat="48.781509" lon="14.810461">
				<ele>560.000000</ele>
			</trkpt>
			<trkpt lat="48.781290" lon="14.809348">
				<ele>560.000000</ele>
			</trkpt>
			<trkpt lat="48.781266" lon="14.809212">
				<ele>560.000000</ele>
			</trkpt>
			<trkpt lat="48.781231" lon="14.809086">
				<ele>560.000000</ele>
			</trkpt>
			<trkpt lat="48.781183" lon="14.808988">
				<ele>560.000000</ele>
			</trkpt>
			<trkpt lat="48.781148" lon="14.808906">
				<ele>560.000000</ele>
			</trkpt>
			<trkpt lat="48.781101" lon="14.808845">
				<ele>560.000000</ele>
			</trkpt>
			<trkpt lat="48.781047" lon="14.808772">
				<ele>560.000000</ele>
			</trkpt>
			<trkpt lat="48.780982" lon="14.808736">
				<ele>560.000000</ele>
			</trkpt>
			<trkpt lat="48.780911" lon="14.808692">
				<ele>560.000000</ele>
			</trkpt>
			<trkpt lat="48.780822" lon="14.808638">
				<ele>560.000000</ele>
			</trkpt>
			<trkpt lat="48.780751" lon="14.808556">
				<ele>560.000000</ele>
			</trkpt>
			<trkpt lat="48.779366" lon="14.807541">
				<ele>554.000000</ele>
			</trkpt>
			<trkpt lat="48.778839" lon="14.807147">
				<ele>552.000000</ele>
			</trkpt>
			<trkpt lat="48.778727" lon="14.807038">
				<ele>551.000000</ele>
			</trkpt>
			<trkpt lat="48.778662" lon="14.806958">
				<ele>551.000000</ele>
			</trkpt>
			<trkpt lat="48.778614" lon="14.806877">
				<ele>551.000000</ele>
			</trkpt>
			<trkpt lat="48.778555" lon="14.806724">
				<ele>551.000000</ele>
			</trkpt>
			<trkpt lat="48.778525" lon="14.806635">
				<ele>550.000000</ele>
			</trkpt>
			<trkpt lat="48.778508" lon="14.806535">
				<ele>550.000000</ele>
			</trkpt>
			<trkpt lat="48.778496" lon="14.806329">
				<ele>549.000000</ele>
			</trkpt>
			<trkpt lat="48.778508" lon="14.806105">
				<ele>548.000000</ele>
			</trkpt>
			<trkpt lat="48.778531" lon="14.805817">
				<ele>546.000000</ele>
			</trkpt>
			<trkpt lat="48.778596" lon="14.805377">
				<ele>541.000000</ele>
			</trkpt>
			<trkpt lat="48.778614" lon="14.805188">
				<ele>538.000000</ele>
			</trkpt>
			<trkpt lat="48.778602" lon="14.805098">
				<ele>537.000000</ele>
			</trkpt>
			<trkpt lat="48.778596" lon="14.805008">
				<ele>536.000000</ele>
			</trkpt>
			<trkpt lat="48.778567" lon="14.804927">
				<ele>535.000000</ele>
			</trkpt>
			<trkpt lat="48.778543" lon="14.804864">
				<ele>534.000000</ele>
			</trkpt>
			<trkpt lat="48.778496" lon="14.804793">
				<ele>533.000000</ele>
			</trkpt>
			<trkpt lat="48.778449" lon="14.804738">
				<ele>532.000000</ele>
			</trkpt>
			<trkpt lat="48.778395" lon="14.804703">
				<ele>532.000000</ele>
			</trkpt>
			<trkpt lat="48.778353" lon="14.804685">
				<ele>531.000000</ele>
			</trkpt>
			<trkpt lat="48.778294" lon="14.804685">
				<ele>530.000000</ele>
			</trkpt>
			<trkpt lat="48.778241" lon="14.804730">
				<ele>529.000000</ele>
			</trkpt>
			<trkpt lat="48.778188" lon="14.804784">
				<ele>528.000000</ele>
			</trkpt>
			<trkpt lat="48.778129" lon="14.804864">
				<ele>527.000000</ele>
			</trkpt>
			<trkpt lat="48.777981" lon="14.805107">
				<ele>524.000000</ele>
			</trkpt>
			<trkpt lat="48.777750" lon="14.805583">
				<ele>519.000000</ele>
			</trkpt>
			<trkpt lat="48.777643" lon="14.805817">
				<ele>517.000000</ele>
			</trkpt>
			<trkpt lat="48.777631" lon="14.805700">
				<ele>516.000000</ele>
			</trkpt>
			<trkpt lat="48.777631" lon="14.805574">
				<ele>515.000000</ele>
			</trkpt>
			<trkpt lat="48.777631" lon="14.805422">
				<ele>515.000000</ele>
			</trkpt>
			<trkpt lat="48.777649" lon="14.805287">
				<ele>515.000000</ele>
			</trkpt>
			<trkpt lat="48.777667" lon="14.805153">
				<ele>515.000000</ele>
			</trkpt>
			<trkpt lat="48.777702" lon="14.805000">
				<ele>514.000000</ele>
			</trkpt>
			<trkpt lat="48.777738" lon="14.804838">
				<ele>514.000000</ele>
			</trkpt>
			<trkpt lat="48.777785" lon="14.804703">
				<ele>514.000000</ele>
			</trkpt>
			<trkpt lat="48.777910" lon="14.804335">
				<ele>514.000000</ele>
			</trkpt>
			<trkpt lat="48.777999" lon="14.804101">
				<ele>513.000000</ele>
			</trkpt>
			<trkpt lat="48.778064" lon="14.803922">
				<ele>513.000000</ele>
			</trkpt>
			<trkpt lat="48.778105" lon="14.803724">
				<ele>513.000000</ele>
			</trkpt>
			<trkpt lat="48.778141" lon="14.803517">
				<ele>513.000000</ele>
			</trkpt>
			<trkpt lat="48.778170" lon="14.803176">
				<ele>512.000000</ele>
			</trkpt>
			<trkpt lat="48.778223" lon="14.802304">
				<ele>511.000000</ele>
			</trkpt>
			<trkpt lat="48.778235" lon="14.801675">
				<ele>511.000000</ele>
			</trkpt>
			<trkpt lat="48.778253" lon="14.801245">
				<ele>510.000000</ele>
			</trkpt>
			<trkpt lat="48.778288" lon="14.800876">
				<ele>510.000000</ele>
			</trkpt>
			<trkpt lat="48.778342" lon="14.800553">
				<ele>510.000000</ele>
			</trkpt>
			<trkpt lat="48.778443" lon="14.800212">
				<ele>510.000000</ele>
			</trkpt>
			<trkpt lat="48.778579" lon="14.799790">
				<ele>510.000000</ele>
			</trkpt>
			<trkpt lat="48.778656" lon="14.799448">
				<ele>510.000000</ele>
			</trkpt>
			<trkpt lat="48.778738" lon="14.799115">
				<ele>510.000000</ele>
			</trkpt>
			<trkpt lat="48.778827" lon="14.798639">
				<ele>510.000000</ele>
			</trkpt>
			<trkpt lat="48.778934" lon="14.797983">
				<ele>510.000000</ele>
			</trkpt>
			<trkpt lat="48.778993" lon="14.797679">
				<ele>510.000000</ele>
			</trkpt>
			<trkpt lat="48.779076" lon="14.797390">
				<ele>510.000000</ele>
			</trkpt>
			<trkpt lat="48.779182" lon="14.797077">
				<ele>510.000000</ele>
			</trkpt>
			<trkpt lat="48.779632" lon="14.795864">
				<ele>510.000000</ele>
			</trkpt>
			<trkpt lat="48.779828" lon="14.795369">
				<ele>510.000000</ele>
			</trkpt>
			<trkpt lat="48.780023" lon="14.794660">
				<ele>510.000000</ele>
			</trkpt>
			<trkpt lat="48.780130" lon="14.794291">
				<ele>510.000000</ele>
			</trkpt>
			<trkpt lat="48.780260" lon="14.793941">
				<ele>510.000000</ele>
			</trkpt>
			<trkpt lat="48.780319" lon="14.793717">
				<ele>510.000000</ele>
			</trkpt>
			<trkpt lat="48.780372" lon="14.793492">
				<ele>510.000000</ele>
			</trkpt>
			<trkpt lat="48.780419" lon="14.793241">
				<ele>510.000000</ele>
			</trkpt>
			<trkpt lat="48.780479" lon="14.792845">
				<ele>510.000000</ele>
			</trkpt>
			<trkpt lat="48.780532" lon="14.792603">
				<ele>510.000000</ele>
			</trkpt>
			<trkpt lat="48.780603" lon="14.792396">
				<ele>510.000000</ele>
			</trkpt>
			<trkpt lat="48.780651" lon="14.792306">
				<ele>510.000000</ele>
			</trkpt>
			<trkpt lat="48.780698" lon="14.792226">
				<ele>510.000000</ele>
			</trkpt>
			<trkpt lat="48.780899" lon="14.791947">
				<ele>512.000000</ele>
			</trkpt>
			<trkpt lat="48.781070" lon="14.791740">
				<ele>513.000000</ele>
			</trkpt>
			<trkpt lat="48.781225" lon="14.791578">
				<ele>514.000000</ele>
			</trkpt>
			<trkpt lat="48.781402" lon="14.791427">
				<ele>515.000000</ele>
			</trkpt>
			<trkpt lat="48.781657" lon="14.791247">
				<ele>513.000000</ele>
			</trkpt>
			<trkpt lat="48.781935" lon="14.791048">
				<ele>509.000000</ele>
			</trkpt>
			<trkpt lat="48.782267" lon="14.790771">
				<ele>506.000000</ele>
			</trkpt>
			<trkpt lat="48.782385" lon="14.790653">
				<ele>505.000000</ele>
			</trkpt>
			<trkpt lat="48.782479" lon="14.790528">
				<ele>505.000000</ele>
			</trkpt>
			<trkpt lat="48.782521" lon="14.790474">
				<ele>504.000000</ele>
			</trkpt>
			<trkpt lat="48.782539" lon="14.790402">
				<ele>504.000000</ele>
			</trkpt>
			<trkpt lat="48.782556" lon="14.790339">
				<ele>504.000000</ele>
			</trkpt>
			<trkpt lat="48.782556" lon="14.790258">
				<ele>504.000000</ele>
			</trkpt>
			<trkpt lat="48.782533" lon="14.789953">
				<ele>504.000000</ele>
			</trkpt>
			<trkpt lat="48.782515" lon="14.789819">
				<ele>503.000000</ele>
			</trkpt>
			<trkpt lat="48.782580" lon="14.789710">
				<ele>503.000000</ele>
			</trkpt>
			<trkpt lat="48.782628" lon="14.789576">
				<ele>502.000000</ele>
			</trkpt>
			<trkpt lat="48.782680" lon="14.789369">
				<ele>501.000000</ele>
			</trkpt>
			<trkpt lat="48.782722" lon="14.789234">
				<ele>500.000000</ele>
			</trkpt>
			<trkpt lat="48.782787" lon="14.789100">
				<ele>500.000000</ele>
			</trkpt>
			<trkpt lat="48.782864" lon="14.788928">
				<ele>501.000000</ele>
			</trkpt>
			<trkpt lat="48.782918" lon="14.788821">
				<ele>501.000000</ele>
			</trkpt>
			<trkpt lat="48.783539" lon="14.787545">
				<ele>508.000000</ele>
			</trkpt>
			<trkpt lat="48.783859" lon="14.786899">
				<ele>512.000000</ele>
			</trkpt>
			<trkpt lat="48.784303" lon="14.786153">
				<ele>518.000000</ele>
			</trkpt>
			<trkpt lat="48.784581" lon="14.785685">
				<ele>523.000000</ele>
			</trkpt>
			<trkpt lat="48.784895" lon="14.785192">
				<ele>526.000000</ele>
			</trkpt>
			<trkpt lat="48.785025" lon="14.784985">
				<ele>526.000000</ele>
			</trkpt>
			<trkpt lat="48.785208" lon="14.784760">
				<ele>526.000000</ele>
			</trkpt>
			<trkpt lat="48.785398" lon="14.784553">
				<ele>527.000000</ele>
			</trkpt>
			<trkpt lat="48.785575" lon="14.784374">
				<ele>527.000000</ele>
			</trkpt>
			<trkpt lat="48.785990" lon="14.784006">
				<ele>528.000000</ele>
			</trkpt>
			<trkpt lat="48.786120" lon="14.783853">
				<ele>528.000000</ele>
			</trkpt>
			<trkpt lat="48.786232" lon="14.783727">
				<ele>528.000000</ele>
			</trkpt>
			<trkpt lat="48.786327" lon="14.783566">
				<ele>529.000000</ele>
			</trkpt>
			<trkpt lat="48.786440" lon="14.783377">
				<ele>529.000000</ele>
			</trkpt>
			<trkpt lat="48.786635" lon="14.782982">
				<ele>530.000000</ele>
			</trkpt>
			<trkpt lat="48.786706" lon="14.782856">
				<ele>530.000000</ele>
			</trkpt>
			<trkpt lat="48.786794" lon="14.782748">
				<ele>530.000000</ele>
			</trkpt>
			<trkpt lat="48.786966" lon="14.782559">
				<ele>530.000000</ele>
			</trkpt>
			<trkpt lat="48.787067" lon="14.782425">
				<ele>530.000000</ele>
			</trkpt>
			<trkpt lat="48.787156" lon="14.782245">
				<ele>530.000000</ele>
			</trkpt>
			<trkpt lat="48.787191" lon="14.782092">
				<ele>530.000000</ele>
			</trkpt>
			<trkpt lat="48.787209" lon="14.781958">
				<ele>530.000000</ele>
			</trkpt>
			<trkpt lat="48.787250" lon="14.781877">
				<ele>530.000000</ele>
			</trkpt>
			<trkpt lat="48.787303" lon="14.781796">
				<ele>531.000000</ele>
			</trkpt>
			<trkpt lat="48.787404" lon="14.781670">
				<ele>531.000000</ele>
			</trkpt>
			<trkpt lat="48.787487" lon="14.781599">
				<ele>531.000000</ele>
			</trkpt>
			<trkpt lat="48.787558" lon="14.781544">
				<ele>532.000000</ele>
			</trkpt>
			<trkpt lat="48.787641" lon="14.781509">
				<ele>532.000000</ele>
			</trkpt>
			<trkpt lat="48.787718" lon="14.781490">
				<ele>532.000000</ele>
			</trkpt>
			<trkpt lat="48.787848" lon="14.781490">
				<ele>533.000000</ele>
			</trkpt>
			<trkpt lat="48.788013" lon="14.781509">
				<ele>533.000000</ele>
			</trkpt>
			<trkpt lat="48.788233" lon="14.781500">
				<ele>534.000000</ele>
			</trkpt>
			<trkpt lat="48.788475" lon="14.781490">
				<ele>535.000000</ele>
			</trkpt>
			<trkpt lat="48.788635" lon="14.781446">
				<ele>537.000000</ele>
			</trkpt>
			<trkpt lat="48.788689" lon="14.781419">
				<ele>538.000000</ele>
			</trkpt>
			<trkpt lat="48.788736" lon="14.781383">
				<ele>539.000000</ele>
			</trkpt>
			<trkpt lat="48.788825" lon="14.781266">
				<ele>540.000000</ele>
			</trkpt>
			<trkpt lat="48.788996" lon="14.781293">
				<ele>540.000000</ele>
			</trkpt>
			<trkpt lat="48.789831" lon="14.781419">
				<ele>540.000000</ele>
			</trkpt>
			<trkpt lat="48.790464" lon="14.781490">
				<ele>540.000000</ele>
			</trkpt>
			<trkpt lat="48.790464" lon="14.780871">
				<ele>540.000000</ele>
			</trkpt>
			<trkpt lat="48.790464" lon="14.780637">
				<ele>540.000000</ele>
			</trkpt>
			<trkpt lat="48.790452" lon="14.780421">
				<ele>540.000000</ele>
			</trkpt>
			<trkpt lat="48.790405" lon="14.779846">
				<ele>540.000000</ele>
			</trkpt>
			<trkpt lat="48.790333" lon="14.779056">
				<ele>540.000000</ele>
			</trkpt>
			<trkpt lat="48.789718" lon="14.779209">
				<ele>540.000000</ele>
			</trkpt>
			<trkpt lat="48.789629" lon="14.778355">
				<ele>540.000000</ele>
			</trkpt>
			<trkpt lat="48.789511" lon="14.777672">
				<ele>538.000000</ele>
			</trkpt>
			<trkpt lat="48.789493" lon="14.777521">
				<ele>537.000000</ele>
			</trkpt>
			<trkpt lat="48.789458" lon="14.777016">
				<ele>536.000000</ele>
			</trkpt>
			<trkpt lat="48.789399" lon="14.776217">
				<ele>535.000000</ele>
			</trkpt>
			<trkpt lat="48.789168" lon="14.776263">
				<ele>533.000000</ele>
			</trkpt>
			<trkpt lat="48.789067" lon="14.776137">
				<ele>531.000000</ele>
			</trkpt>
			<trkpt lat="48.788949" lon="14.776110">
				<ele>530.000000</ele>
			</trkpt>
			<trkpt lat="48.788913" lon="14.776083">
				<ele>529.000000</ele>
			</trkpt>
			<trkpt lat="48.788896" lon="14.776037">
				<ele>529.000000</ele>
			</trkpt>
			<trkpt lat="48.788842" lon="14.775850">
				<ele>526.000000</ele>
			</trkpt>
			<trkpt lat="48.788813" lon="14.775813">
				<ele>525.000000</ele>
			</trkpt>
			<trkpt lat="48.788789" lon="14.775787">
				<ele>524.000000</ele>
			</trkpt>
			<trkpt lat="48.788754" lon="14.775795">
				<ele>524.000000</ele>
			</trkpt>
			<trkpt lat="48.788706" lon="14.775813">
				<ele>523.000000</ele>
			</trkpt>
			<trkpt lat="48.788570" lon="14.775597">
				<ele>518.000000</ele>
			</trkpt>
			<trkpt lat="48.788310" lon="14.775211">
				<ele>513.000000</ele>
			</trkpt>
			<trkpt lat="48.788174" lon="14.775014">
				<ele>511.000000</ele>
			</trkpt>
			<trkpt lat="48.788073" lon="14.774834">
				<ele>509.000000</ele>
			</trkpt>
			<trkpt lat="48.787978" lon="14.774628">
				<ele>506.000000</ele>
			</trkpt>
			<trkpt lat="48.787913" lon="14.774456">
				<ele>504.000000</ele>
			</trkpt>
			<trkpt lat="48.787860" lon="14.774232">
				<ele>501.000000</ele>
			</trkpt>
			<trkpt lat="48.787824" lon="14.774016">
				<ele>499.000000</ele>
			</trkpt>
			<trkpt lat="48.787795" lon="14.773783">
				<ele>496.000000</ele>
			</trkpt>
			<trkpt lat="48.787765" lon="14.773504">
				<ele>493.000000</ele>
			</trkpt>
			<trkpt lat="48.787747" lon="14.773055">
				<ele>488.000000</ele>
			</trkpt>
			<trkpt lat="48.787747" lon="14.772777">
				<ele>485.000000</ele>
			</trkpt>
			<trkpt lat="48.787759" lon="14.772714">
				<ele>484.000000</ele>
			</trkpt>
			<trkpt lat="48.787747" lon="14.772668">
				<ele>484.000000</ele>
			</trkpt>
			<trkpt lat="48.787730" lon="14.772660">
				<ele>484.000000</ele>
			</trkpt>
			<trkpt lat="48.787694" lon="14.772660">
				<ele>483.000000</ele>
			</trkpt>
			<trkpt lat="48.787641" lon="14.772660">
				<ele>483.000000</ele>
			</trkpt>
			<trkpt lat="48.787605" lon="14.772642">
				<ele>483.000000</ele>
			</trkpt>
			<trkpt lat="48.787641" lon="14.772462">
				<ele>481.000000</ele>
			</trkpt>
			<trkpt lat="48.787700" lon="14.772211">
				<ele>480.000000</ele>
			</trkpt>
			<trkpt lat="48.787600" lon="14.772166">
				<ele>480.000000</ele>
			</trkpt>
			<trkpt lat="48.787504" lon="14.772085">
				<ele>480.000000</ele>
			</trkpt>
			<trkpt lat="48.787433" lon="14.772022">
				<ele>480.000000</ele>
			</trkpt>
			<trkpt lat="48.787374" lon="14.771978">
				<ele>480.000000</ele>
			</trkpt>
			<trkpt lat="48.787321" lon="14.771942">
				<ele>480.000000</ele>
			</trkpt>
			<trkpt lat="48.787244" lon="14.771915">
				<ele>480.000000</ele>
			</trkpt>
			<trkpt lat="48.787244" lon="14.771852">
				<ele>481.000000</ele>
			</trkpt>
			<trkpt lat="48.787232" lon="14.771798">
				<ele>481.000000</ele>
			</trkpt>
			<trkpt lat="48.787215" lon="14.771762">
				<ele>481.000000</ele>
			</trkpt>
			<trkpt lat="48.787185" lon="14.771716">
				<ele>481.000000</ele>
			</trkpt>
			<trkpt lat="48.787108" lon="14.771663">
				<ele>481.000000</ele>
			</trkpt>
			<trkpt lat="48.786871" lon="14.771546">
				<ele>481.000000</ele>
			</trkpt>
			<trkpt lat="48.786830" lon="14.771502">
				<ele>481.000000</ele>
			</trkpt>
			<trkpt lat="48.786783" lon="14.771466">
				<ele>481.000000</ele>
			</trkpt>
			<trkpt lat="48.786700" lon="14.771276">
				<ele>482.000000</ele>
			</trkpt>
			<trkpt lat="48.786664" lon="14.771223">
				<ele>482.000000</ele>
			</trkpt>
			<trkpt lat="48.786617" lon="14.771160">
				<ele>482.000000</ele>
			</trkpt>
			<trkpt lat="48.786505" lon="14.771079">
				<ele>482.000000</ele>
			</trkpt>
			<trkpt lat="48.786409" lon="14.770999">
				<ele>482.000000</ele>
			</trkpt>
			<trkpt lat="48.786339" lon="14.770917">
				<ele>482.000000</ele>
			</trkpt>
			<trkpt lat="48.786262" lon="14.770800">
				<ele>482.000000</ele>
			</trkpt>
			<trkpt lat="48.786214" lon="14.770729">
				<ele>483.000000</ele>
			</trkpt>
			<trkpt lat="48.786096" lon="14.770613">
				<ele>483.000000</ele>
			</trkpt>
			<trkpt lat="48.786025" lon="14.770513">
				<ele>483.000000</ele>
			</trkpt>
			<trkpt lat="48.785972" lon="14.770414">
				<ele>483.000000</ele>
			</trkpt>
			<trkpt lat="48.785942" lon="14.770324">
				<ele>483.000000</ele>
			</trkpt>
			<trkpt lat="48.785877" lon="14.770081">
				<ele>483.000000</ele>
			</trkpt>
			<trkpt lat="48.785818" lon="14.769911">
				<ele>484.000000</ele>
			</trkpt>
			<trkpt lat="48.785735" lon="14.769777">
				<ele>484.000000</ele>
			</trkpt>
			<trkpt lat="48.785599" lon="14.769615">
				<ele>484.000000</ele>
			</trkpt>
			<trkpt lat="48.785333" lon="14.769363">
				<ele>485.000000</ele>
			</trkpt>
			<trkpt lat="48.785326" lon="14.769166">
				<ele>485.000000</ele>
			</trkpt>
			<trkpt lat="48.785320" lon="14.769102">
				<ele>485.000000</ele>
			</trkpt>
			<trkpt lat="48.785285" lon="14.769076">
				<ele>485.000000</ele>
			</trkpt>
			<trkpt lat="48.785184" lon="14.769049">
				<ele>485.000000</ele>
			</trkpt>
			<trkpt lat="48.785084" lon="14.769022">
				<ele>485.000000</ele>
			</trkpt>
			<trkpt lat="48.785025" lon="14.768968">
				<ele>485.000000</ele>
			</trkpt>
			<trkpt lat="48.784906" lon="14.768842">
				<ele>485.000000</ele>
			</trkpt>
			<trkpt lat="48.784782" lon="14.768672">
				<ele>485.000000</ele>
			</trkpt>
			<trkpt lat="48.784740" lon="14.768600">
				<ele>485.000000</ele>
			</trkpt>
			<trkpt lat="48.784717" lon="14.768519">
				<ele>485.000000</ele>
			</trkpt>
			<trkpt lat="48.784687" lon="14.768439">
				<ele>485.000000</ele>
			</trkpt>
			<trkpt lat="48.784669" lon="14.768313">
				<ele>485.000000</ele>
			</trkpt>
			<trkpt lat="48.784622" lon="14.767963">
				<ele>485.000000</ele>
			</trkpt>
			<trkpt lat="48.784581" lon="14.767521">
				<ele>486.000000</ele>
			</trkpt>
			<trkpt lat="48.784563" lon="14.767252">
				<ele>486.000000</ele>
			</trkpt>
			<trkpt lat="48.784557" lon="14.766857">
				<ele>486.000000</ele>
			</trkpt>
			<trkpt lat="48.784551" lon="14.766678">
				<ele>486.000000</ele>
			</trkpt>
			<trkpt lat="48.784522" lon="14.766569">
				<ele>486.000000</ele>
			</trkpt>
			<trkpt lat="48.784480" lon="14.766462">
				<ele>486.000000</ele>
			</trkpt>
			<trkpt lat="48.784433" lon="14.766399">
				<ele>487.000000</ele>
			</trkpt>
			<trkpt lat="48.784332" lon="14.766300">
				<ele>487.000000</ele>
			</trkpt>
			<trkpt lat="48.784137" lon="14.766165">
				<ele>487.000000</ele>
			</trkpt>
			<trkpt lat="48.784054" lon="14.766102">
				<ele>487.000000</ele>
			</trkpt>
			<trkpt lat="48.784007" lon="14.766039">
				<ele>487.000000</ele>
			</trkpt>
			<trkpt lat="48.783989" lon="14.765976">
				<ele>487.000000</ele>
			</trkpt>
			<trkpt lat="48.783983" lon="14.765905">
				<ele>487.000000</ele>
			</trkpt>
			<trkpt lat="48.783989" lon="14.765823">
				<ele>487.000000</ele>
			</trkpt>
			<trkpt lat="48.784018" lon="14.765734">
				<ele>487.000000</ele>
			</trkpt>
			<trkpt lat="48.784054" lon="14.765617">
				<ele>487.000000</ele>
			</trkpt>
			<trkpt lat="48.784137" lon="14.765447">
				<ele>488.000000</ele>
			</trkpt>
			<trkpt lat="48.784208" lon="14.765133">
				<ele>488.000000</ele>
			</trkpt>
			<trkpt lat="48.784231" lon="14.764997">
				<ele>488.000000</ele>
			</trkpt>
			<trkpt lat="48.784244" lon="14.764871">
				<ele>488.000000</ele>
			</trkpt>
			<trkpt lat="48.784238" lon="14.764468">
				<ele>488.000000</ele>
			</trkpt>
			<trkpt lat="48.784231" lon="14.764351">
				<ele>488.000000</ele>
			</trkpt>
			<trkpt lat="48.784220" lon="14.764189">
				<ele>489.000000</ele>
			</trkpt>
			<trkpt lat="48.784214" lon="14.764081">
				<ele>489.000000</ele>
			</trkpt>
			<trkpt lat="48.784220" lon="14.764001">
				<ele>489.000000</ele>
			</trkpt>
			<trkpt lat="48.784238" lon="14.763919">
				<ele>489.000000</ele>
			</trkpt>
			<trkpt lat="48.784309" lon="14.763739">
				<ele>489.000000</ele>
			</trkpt>
			<trkpt lat="48.784474" lon="14.763632">
				<ele>489.000000</ele>
			</trkpt>
			<trkpt lat="48.784616" lon="14.763506">
				<ele>489.000000</ele>
			</trkpt>
			<trkpt lat="48.784770" lon="14.763336">
				<ele>490.000000</ele>
			</trkpt>
			<trkpt lat="48.784948" lon="14.763057">
				<ele>490.000000</ele>
			</trkpt>
			<trkpt lat="48.785190" lon="14.762689">
				<ele>490.000000</ele>
			</trkpt>
			<trkpt lat="48.785309" lon="14.762483">
				<ele>490.000000</ele>
			</trkpt>
			<trkpt lat="48.785350" lon="14.762374">
				<ele>491.000000</ele>
			</trkpt>
			<trkpt lat="48.785385" lon="14.762267">
				<ele>491.000000</ele>
			</trkpt>
			<trkpt lat="48.785416" lon="14.762141">
				<ele>491.000000</ele>
			</trkpt>
			<trkpt lat="48.785433" lon="14.761979">
				<ele>491.000000</ele>
			</trkpt>
			<trkpt lat="48.785433" lon="14.761871">
				<ele>491.000000</ele>
			</trkpt>
			<trkpt lat="48.785404" lon="14.761745">
				<ele>491.000000</ele>
			</trkpt>
			<trkpt lat="48.785350" lon="14.761629">
				<ele>491.000000</ele>
			</trkpt>
			<trkpt lat="48.785267" lon="14.761521">
				<ele>491.000000</ele>
			</trkpt>
			<trkpt lat="48.785108" lon="14.761305">
				<ele>491.000000</ele>
			</trkpt>
			<trkpt lat="48.784989" lon="14.761162">
				<ele>492.000000</ele>
			</trkpt>
			<trkpt lat="48.784883" lon="14.761081">
				<ele>492.000000</ele>
			</trkpt>
			<trkpt lat="48.784539" lon="14.760910">
				<ele>492.000000</ele>
			</trkpt>
			<trkpt lat="48.783817" lon="14.760434">
				<ele>493.000000</ele>
			</trkpt>
			<trkpt lat="48.783592" lon="14.760273">
				<ele>493.000000</ele>
			</trkpt>
			<trkpt lat="48.783362" lon="14.760074">
				<ele>494.000000</ele>
			</trkpt>
			<trkpt lat="48.783285" lon="14.760003">
				<ele>494.000000</ele>
			</trkpt>
			<trkpt lat="48.783231" lon="14.759976">
				<ele>494.000000</ele>
			</trkpt>
			<trkpt lat="48.783172" lon="14.759949">
				<ele>494.000000</ele>
			</trkpt>
			<trkpt lat="48.783107" lon="14.759949">
				<ele>494.000000</ele>
			</trkpt>
			<trkpt lat="48.783018" lon="14.759967">
				<ele>494.000000</ele>
			</trkpt>
			<trkpt lat="48.782971" lon="14.759967">
				<ele>494.000000</ele>
			</trkpt>
			<trkpt lat="48.782906" lon="14.759967">
				<ele>494.000000</ele>
			</trkpt>
			<trkpt lat="48.782847" lon="14.759949">
				<ele>494.000000</ele>
			</trkpt>
			<trkpt lat="48.782693" lon="14.759860">
				<ele>494.000000</ele>
			</trkpt>
			<trkpt lat="48.782249" lon="14.759544">
				<ele>495.000000</ele>
			</trkpt>
			<trkpt lat="48.782054" lon="14.759410">
				<ele>495.000000</ele>
			</trkpt>
			<trkpt lat="48.782106" lon="14.759042">
				<ele>495.000000</ele>
			</trkpt>
			<trkpt lat="48.782131" lon="14.758862">
				<ele>495.000000</ele>
			</trkpt>
			<trkpt lat="48.782041" lon="14.758619">
				<ele>495.000000</ele>
			</trkpt>
			<trkpt lat="48.782035" lon="14.758539">
				<ele>495.000000</ele>
			</trkpt>
			<trkpt lat="48.782024" lon="14.758439">
				<ele>495.000000</ele>
			</trkpt>
			<trkpt lat="48.782006" lon="14.758278">
				<ele>495.000000</ele>
			</trkpt>
			<trkpt lat="48.781976" lon="14.758135">
				<ele>495.000000</ele>
			</trkpt>
			<trkpt lat="48.781923" lon="14.757963">
				<ele>496.000000</ele>
			</trkpt>
			<trkpt lat="48.781852" lon="14.757829">
				<ele>496.000000</ele>
			</trkpt>
			<trkpt lat="48.781734" lon="14.757659">
				<ele>496.000000</ele>
			</trkpt>
			<trkpt lat="48.781645" lon="14.757497">
				<ele>497.000000</ele>
			</trkpt>
			<trkpt lat="48.781592" lon="14.757344">
				<ele>497.000000</ele>
			</trkpt>
			<trkpt lat="48.781426" lon="14.756707">
				<ele>498.000000</ele>
			</trkpt>
			<trkpt lat="48.781361" lon="14.756472">
				<ele>498.000000</ele>
			</trkpt>
			<trkpt lat="48.781325" lon="14.756265">
				<ele>498.000000</ele>
			</trkpt>
			<trkpt lat="48.781254" lon="14.755449">
				<ele>500.000000</ele>
			</trkpt>
			<trkpt lat="48.781219" lon="14.755206">
				<ele>500.000000</ele>
			</trkpt>
			<trkpt lat="48.781189" lon="14.755071">
				<ele>500.000000</ele>
			</trkpt>
			<trkpt lat="48.781189" lon="14.755071">
				<ele>500.000000</ele>
			</trkpt>
			<trkpt lat="48.781177" lon="14.755017">
				<ele>501.000000</ele>
			</trkpt>
			<trkpt lat="48.781142" lon="14.754837">
				<ele>501.000000</ele>
			</trkpt>
			<trkpt lat="48.781089" lon="14.754694">
				<ele>501.000000</ele>
			</trkpt>
			<trkpt lat="48.780846" lon="14.754694">
				<ele>502.000000</ele>
			</trkpt>
			<trkpt lat="48.780810" lon="14.754478">
				<ele>503.000000</ele>
			</trkpt>
			<trkpt lat="48.780775" lon="14.754334">
				<ele>503.000000</ele>
			</trkpt>
			<trkpt lat="48.780727" lon="14.754200">
				<ele>504.000000</ele>
			</trkpt>
			<trkpt lat="48.780674" lon="14.754083">
				<ele>504.000000</ele>
			</trkpt>
			<trkpt lat="48.780574" lon="14.753877">
				<ele>504.000000</ele>
			</trkpt>
			<trkpt lat="48.780366" lon="14.753526">
				<ele>505.000000</ele>
			</trkpt>
			<trkpt lat="48.780248" lon="14.753311">
				<ele>505.000000</ele>
			</trkpt>
			<trkpt lat="48.780224" lon="14.753239">
				<ele>505.000000</ele>
			</trkpt>
			<trkpt lat="48.780224" lon="14.753193">
				<ele>505.000000</ele>
			</trkpt>
			<trkpt lat="48.780260" lon="14.752996">
				<ele>505.000000</ele>
			</trkpt>
			<trkpt lat="48.780147" lon="14.752897">
				<ele>506.000000</ele>
			</trkpt>
			<trkpt lat="48.780017" lon="14.752835">
				<ele>506.000000</ele>
			</trkpt>
			<trkpt lat="48.779923" lon="14.752780">
				<ele>506.000000</ele>
			</trkpt>
			<trkpt lat="48.779869" lon="14.752736">
				<ele>506.000000</ele>
			</trkpt>
			<trkpt lat="48.779816" lon="14.752673">
				<ele>507.000000</ele>
			</trkpt>
			<trkpt lat="48.779780" lon="14.752592">
				<ele>507.000000</ele>
			</trkpt>
			<trkpt lat="48.779662" lon="14.752331">
				<ele>507.000000</ele>
			</trkpt>
			<trkpt lat="48.779579" lon="14.752097">
				<ele>508.000000</ele>
			</trkpt>
			<trkpt lat="48.779502" lon="14.751837">
				<ele>508.000000</ele>
			</trkpt>
			<trkpt lat="48.779408" lon="14.751514">
				<ele>509.000000</ele>
			</trkpt>
			<trkpt lat="48.779301" lon="14.751118">
				<ele>509.000000</ele>
			</trkpt>
			<trkpt lat="48.779236" lon="14.750931">
				<ele>510.000000</ele>
			</trkpt>
			<trkpt lat="48.779165" lon="14.750741">
				<ele>510.000000</ele>
			</trkpt>
			<trkpt lat="48.779082" lon="14.750535">
				<ele>510.000000</ele>
			</trkpt>
			<trkpt lat="48.778839" lon="14.750023">
				<ele>511.000000</ele>
			</trkpt>
			<trkpt lat="48.778756" lon="14.749816">
				<ele>512.000000</ele>
			</trkpt>
			<trkpt lat="48.778679" lon="14.749583">
				<ele>512.000000</ele>
			</trkpt>
			<trkpt lat="48.778502" lon="14.749053">
				<ele>513.000000</ele>
			</trkpt>
			<trkpt lat="48.778389" lon="14.748621">
				<ele>514.000000</ele>
			</trkpt>
			<trkpt lat="48.778324" lon="14.748388">
				<ele>514.000000</ele>
			</trkpt>
			<trkpt lat="48.778277" lon="14.748145">
				<ele>514.000000</ele>
			</trkpt>
			<trkpt lat="48.778194" lon="14.747453">
				<ele>516.000000</ele>
			</trkpt>
			<trkpt lat="48.778158" lon="14.747202">
				<ele>516.000000</ele>
			</trkpt>
			<trkpt lat="48.778058" lon="14.746501">
				<ele>518.000000</ele>
			</trkpt>
			<trkpt lat="48.778010" lon="14.746304">
				<ele>519.000000</ele>
			</trkpt>
			<trkpt lat="48.777957" lon="14.746115">
				<ele>519.000000</ele>
			</trkpt>
			<trkpt lat="48.777869" lon="14.745891">
				<ele>520.000000</ele>
			</trkpt>
			<trkpt lat="48.777767" lon="14.745692">
				<ele>520.000000</ele>
			</trkpt>
			<trkpt lat="48.777661" lon="14.745531">
				<ele>520.000000</ele>
			</trkpt>
			<trkpt lat="48.777649" lon="14.745522">
				<ele>520.000000</ele>
			</trkpt>
			<trkpt lat="48.777649" lon="14.745522">
				<ele>520.000000</ele>
			</trkpt>
			<trkpt lat="48.777460" lon="14.745279">
				<ele>520.000000</ele>
			</trkpt>
			<trkpt lat="48.777419" lon="14.745369">
				<ele>520.000000</ele>
			</trkpt>
			<trkpt lat="48.777354" lon="14.745468">
				<ele>521.000000</ele>
			</trkpt>
			<trkpt lat="48.777336" lon="14.745531">
				<ele>521.000000</ele>
			</trkpt>
			<trkpt lat="48.777336" lon="14.745629">
				<ele>521.000000</ele>
			</trkpt>
			<trkpt lat="48.777365" lon="14.745765">
				<ele>521.000000</ele>
			</trkpt>
			<trkpt lat="48.777401" lon="14.745927">
				<ele>522.000000</ele>
			</trkpt>
			<trkpt lat="48.777519" lon="14.746375">
				<ele>523.000000</ele>
			</trkpt>
			<trkpt lat="48.777584" lon="14.746636">
				<ele>523.000000</ele>
			</trkpt>
			<trkpt lat="48.777626" lon="14.746896">
				<ele>524.000000</ele>
			</trkpt>
			<trkpt lat="48.777655" lon="14.747220">
				<ele>525.000000</ele>
			</trkpt>
			<trkpt lat="48.777720" lon="14.747831">
				<ele>530.000000</ele>
			</trkpt>
			<trkpt lat="48.777827" lon="14.748514">
				<ele>532.000000</ele>
			</trkpt>
			<trkpt lat="48.777940" lon="14.749196">
				<ele>535.000000</ele>
			</trkpt>
			<trkpt lat="48.778028" lon="14.749627">
				<ele>535.000000</ele>
			</trkpt>
			<trkpt lat="48.778076" lon="14.749816">
				<ele>535.000000</ele>
			</trkpt>
			<trkpt lat="48.778129" lon="14.749996">
				<ele>535.000000</ele>
			</trkpt>
			<trkpt lat="48.778194" lon="14.750185">
				<ele>535.000000</ele>
			</trkpt>
			<trkpt lat="48.778319" lon="14.750472">
				<ele>535.000000</ele>
			</trkpt>
			<trkpt lat="48.778579" lon="14.751109">
				<ele>534.000000</ele>
			</trkpt>
			<trkpt lat="48.778679" lon="14.751370">
				<ele>533.000000</ele>
			</trkpt>
			<trkpt lat="48.778762" lon="14.751613">
				<ele>533.000000</ele>
			</trkpt>
			<trkpt lat="48.778899" lon="14.752160">
				<ele>531.000000</ele>
			</trkpt>
			<trkpt lat="48.779070" lon="14.752807">
				<ele>530.000000</ele>
			</trkpt>
			<trkpt lat="48.779117" lon="14.752960">
				<ele>529.000000</ele>
			</trkpt>
			<trkpt lat="48.779177" lon="14.753095">
				<ele>528.000000</ele>
			</trkpt>
			<trkpt lat="48.779253" lon="14.753202">
				<ele>527.000000</ele>
			</trkpt>
			<trkpt lat="48.779349" lon="14.753302">
				<ele>526.000000</ele>
			</trkpt>
			<trkpt lat="48.779443" lon="14.753355">
				<ele>525.000000</ele>
			</trkpt>
			<trkpt lat="48.779556" lon="14.753391">
				<ele>525.000000</ele>
			</trkpt>
			<trkpt lat="48.779686" lon="14.753391">
				<ele>525.000000</ele>
			</trkpt>
			<trkpt lat="48.779792" lon="14.753373">
				<ele>525.000000</ele>
			</trkpt>
			<trkpt lat="48.779845" lon="14.753365">
				<ele>525.000000</ele>
			</trkpt>
			<trkpt lat="48.779893" lon="14.753365">
				<ele>525.000000</ele>
			</trkpt>
			<trkpt lat="48.779929" lon="14.753391">
				<ele>525.000000</ele>
			</trkpt>
			<trkpt lat="48.779964" lon="14.753428">
				<ele>525.000000</ele>
			</trkpt>
			<trkpt lat="48.780023" lon="14.753535">
				<ele>522.000000</ele>
			</trkpt>
			<trkpt lat="48.780195" lon="14.753732">
				<ele>520.000000</ele>
			</trkpt>
			<trkpt lat="48.780278" lon="14.753849">
				<ele>519.000000</ele>
			</trkpt>
			<trkpt lat="48.780331" lon="14.753948">
				<ele>519.000000</ele>
			</trkpt>
			<trkpt lat="48.780384" lon="14.754057">
				<ele>519.000000</ele>
			</trkpt>
			<trkpt lat="48.780419" lon="14.754164">
				<ele>519.000000</ele>
			</trkpt>
			<trkpt lat="48.780461" lon="14.754271">
				<ele>519.000000</ele>
			</trkpt>
			<trkpt lat="48.780479" lon="14.754397">
				<ele>518.000000</ele>
			</trkpt>
			<trkpt lat="48.780496" lon="14.754514">
				<ele>518.000000</ele>
			</trkpt>
			<trkpt lat="48.780503" lon="14.754684">
				<ele>518.000000</ele>
			</trkpt>
			<trkpt lat="48.780503" lon="14.754766">
				<ele>518.000000</ele>
			</trkpt>
			<trkpt lat="48.780496" lon="14.754829">
				<ele>518.000000</ele>
			</trkpt>
			<trkpt lat="48.780479" lon="14.754900">
				<ele>517.000000</ele>
			</trkpt>
			<trkpt lat="48.780450" lon="14.754963">
				<ele>517.000000</ele>
			</trkpt>
			<trkpt lat="48.780378" lon="14.755089">
				<ele>517.000000</ele>
			</trkpt>
			<trkpt lat="48.780224" lon="14.755250">
				<ele>517.000000</ele>
			</trkpt>
			<trkpt lat="48.780147" lon="14.755332">
				<ele>516.000000</ele>
			</trkpt>
			<trkpt lat="48.779964" lon="14.755457">
				<ele>516.000000</ele>
			</trkpt>
			<trkpt lat="48.779929" lon="14.755485">
				<ele>516.000000</ele>
			</trkpt>
			<trkpt lat="48.779904" lon="14.755539">
				<ele>516.000000</ele>
			</trkpt>
			<trkpt lat="48.779768" lon="14.755816">
				<ele>515.000000</ele>
			</trkpt>
			<trkpt lat="48.779615" lon="14.756078">
				<ele>515.000000</ele>
			</trkpt>
			<trkpt lat="48.779485" lon="14.756141">
				<ele>515.000000</ele>
			</trkpt>
			<trkpt lat="48.779147" lon="14.756338">
				<ele>515.000000</ele>
			</trkpt>
			<trkpt lat="48.778987" lon="14.756418">
				<ele>515.000000</ele>
			</trkpt>
			<trkpt lat="48.778904" lon="14.756455">
				<ele>515.000000</ele>
			</trkpt>
			<trkpt lat="48.778685" lon="14.756598">
				<ele>515.000000</ele>
			</trkpt>
			<trkpt lat="48.778608" lon="14.756625">
				<ele>515.000000</ele>
			</trkpt>
			<trkpt lat="48.778531" lon="14.756625">
				<ele>515.000000</ele>
			</trkpt>
			<trkpt lat="48.778449" lon="14.756625">
				<ele>515.000000</ele>
			</trkpt>
			<trkpt lat="48.778277" lon="14.756607">
				<ele>515.000000</ele>
			</trkpt>
			<trkpt lat="48.778135" lon="14.756554">
				<ele>515.000000</ele>
			</trkpt>
			<trkpt lat="48.778052" lon="14.756527">
				<ele>515.000000</ele>
			</trkpt>
			<trkpt lat="48.777892" lon="14.756418">
				<ele>515.000000</ele>
			</trkpt>
			<trkpt lat="48.777803" lon="14.756391">
				<ele>515.000000</ele>
			</trkpt>
			<trkpt lat="48.777685" lon="14.756391">
				<ele>515.000000</ele>
			</trkpt>
			<trkpt lat="48.777519" lon="14.756437">
				<ele>515.000000</ele>
			</trkpt>
			<trkpt lat="48.777513" lon="14.756275">
				<ele>515.000000</ele>
			</trkpt>
			<trkpt lat="48.777478" lon="14.756095">
				<ele>516.000000</ele>
			</trkpt>
			<trkpt lat="48.777442" lon="14.755978">
				<ele>516.000000</ele>
			</trkpt>
			<trkpt lat="48.777501" lon="14.755754">
				<ele>518.000000</ele>
			</trkpt>
			<trkpt lat="48.777572" lon="14.755592">
				<ele>519.000000</ele>
			</trkpt>
			<trkpt lat="48.777637" lon="14.755457">
				<ele>520.000000</ele>
			</trkpt>
			<trkpt lat="48.777679" lon="14.755323">
				<ele>521.000000</ele>
			</trkpt>
			<trkpt lat="48.777714" lon="14.755170">
				<ele>523.000000</ele>
			</trkpt>
			<trkpt lat="48.777732" lon="14.755036">
				<ele>523.000000</ele>
			</trkpt>
			<trkpt lat="48.777750" lon="14.754910">
				<ele>524.000000</ele>
			</trkpt>
			<trkpt lat="48.777744" lon="14.754793">
				<ele>525.000000</ele>
			</trkpt>
			<trkpt lat="48.777726" lon="14.754684">
				<ele>526.000000</ele>
			</trkpt>
			<trkpt lat="48.777691" lon="14.754586">
				<ele>527.000000</ele>
			</trkpt>
			<trkpt lat="48.777614" lon="14.754478">
				<ele>528.000000</ele>
			</trkpt>
			<trkpt lat="48.777507" lon="14.754370">
				<ele>529.000000</ele>
			</trkpt>
			<trkpt lat="48.777383" lon="14.754244">
				<ele>530.000000</ele>
			</trkpt>
			<trkpt lat="48.776992" lon="14.753921">
				<ele>531.000000</ele>
			</trkpt>
			<trkpt lat="48.777028" lon="14.753787">
				<ele>532.000000</ele>
			</trkpt>
			<trkpt lat="48.777040" lon="14.753705">
				<ele>532.000000</ele>
			</trkpt>
			<trkpt lat="48.777045" lon="14.753625">
				<ele>532.000000</ele>
			</trkpt>
			<trkpt lat="48.777028" lon="14.753463">
				<ele>532.000000</ele>
			</trkpt>
			<trkpt lat="48.777022" lon="14.753391">
				<ele>533.000000</ele>
			</trkpt>
			<trkpt lat="48.776992" lon="14.753338">
				<ele>533.000000</ele>
			</trkpt>
			<trkpt lat="48.776969" lon="14.753283">
				<ele>533.000000</ele>
			</trkpt>
			<trkpt lat="48.776933" lon="14.753239">
				<ele>533.000000</ele>
			</trkpt>
			<trkpt lat="48.776732" lon="14.753049">
				<ele>534.000000</ele>
			</trkpt>
			<trkpt lat="48.776495" lon="14.752879">
				<ele>535.000000</ele>
			</trkpt>
			<trkpt lat="48.776424" lon="14.752799">
				<ele>535.000000</ele>
			</trkpt>
			<trkpt lat="48.776371" lon="14.752717">
				<ele>535.000000</ele>
			</trkpt>
			<trkpt lat="48.776335" lon="14.752627">
				<ele>535.000000</ele>
			</trkpt>
			<trkpt lat="48.776247" lon="14.752376">
				<ele>536.000000</ele>
			</trkpt>
			<trkpt lat="48.776146" lon="14.752116">
				<ele>537.000000</ele>
			</trkpt>
			<trkpt lat="48.776063" lon="14.751910">
				<ele>537.000000</ele>
			</trkpt>
			<trkpt lat="48.775992" lon="14.751747">
				<ele>537.000000</ele>
			</trkpt>
			<trkpt lat="48.775903" lon="14.751613">
				<ele>538.000000</ele>
			</trkpt>
			<trkpt lat="48.775837" lon="14.751531">
				<ele>538.000000</ele>
			</trkpt>
			<trkpt lat="48.775772" lon="14.751451">
				<ele>538.000000</ele>
			</trkpt>
			<trkpt lat="48.775713" lon="14.751424">
				<ele>539.000000</ele>
			</trkpt>
			<trkpt lat="48.775642" lon="14.751397">
				<ele>539.000000</ele>
			</trkpt>
			<trkpt lat="48.775435" lon="14.751317">
				<ele>540.000000</ele>
			</trkpt>
			<trkpt lat="48.775282" lon="14.751281">
				<ele>540.000000</ele>
			</trkpt>
			<trkpt lat="48.775228" lon="14.751262">
				<ele>540.000000</ele>
			</trkpt>
			<trkpt lat="48.775186" lon="14.751235">
				<ele>541.000000</ele>
			</trkpt>
			<trkpt lat="48.775151" lon="14.751199">
				<ele>541.000000</ele>
			</trkpt>
			<trkpt lat="48.775115" lon="14.751137">
				<ele>542.000000</ele>
			</trkpt>
			<trkpt lat="48.775027" lon="14.750992">
				<ele>543.000000</ele>
			</trkpt>
			<trkpt lat="48.774920" lon="14.750867">
				<ele>544.000000</ele>
			</trkpt>
			<trkpt lat="48.774772" lon="14.750759">
				<ele>546.000000</ele>
			</trkpt>
			<trkpt lat="48.774701" lon="14.750984">
				<ele>546.000000</ele>
			</trkpt>
			<trkpt lat="48.774624" lon="14.751172">
				<ele>546.000000</ele>
			</trkpt>
			<trkpt lat="48.774541" lon="14.751352">
				<ele>546.000000</ele>
			</trkpt>
			<trkpt lat="48.774453" lon="14.751514">
				<ele>547.000000</ele>
			</trkpt>
			<trkpt lat="48.774417" lon="14.751568">
				<ele>547.000000</ele>
			</trkpt>
			<trkpt lat="48.774364" lon="14.751577">
				<ele>547.000000</ele>
			</trkpt>
			<trkpt lat="48.774240" lon="14.751594">
				<ele>547.000000</ele>
			</trkpt>
			<trkpt lat="48.774127" lon="14.751577">
				<ele>547.000000</ele>
			</trkpt>
			<trkpt lat="48.774032" lon="14.751558">
				<ele>548.000000</ele>
			</trkpt>
			<trkpt lat="48.773878" lon="14.751505">
				<ele>548.000000</ele>
			</trkpt>
			<trkpt lat="48.773671" lon="14.751478">
				<ele>548.000000</ele>
			</trkpt>
			<trkpt lat="48.773487" lon="14.751478">
				<ele>549.000000</ele>
			</trkpt>
			<trkpt lat="48.773244" lon="14.751002">
				<ele>549.000000</ele>
			</trkpt>
			<trkpt lat="48.773032" lon="14.750606">
				<ele>549.000000</ele>
			</trkpt>
			<trkpt lat="48.772777" lon="14.750202">
				<ele>550.000000</ele>
			</trkpt>
			<trkpt lat="48.772380" lon="14.749564">
				<ele>550.000000</ele>
			</trkpt>
			<trkpt lat="48.772298" lon="14.749439">
				<ele>551.000000</ele>
			</trkpt>
			<trkpt lat="48.772227" lon="14.749357">
				<ele>551.000000</ele>
			</trkpt>
			<trkpt lat="48.772155" lon="14.749294">
				<ele>552.000000</ele>
			</trkpt>
			<trkpt lat="48.772084" lon="14.749241">
				<ele>552.000000</ele>
			</trkpt>
			<trkpt lat="48.772001" lon="14.749196">
				<ele>552.000000</ele>
			</trkpt>
			<trkpt lat="48.771901" lon="14.749160">
				<ele>553.000000</ele>
			</trkpt>
			<trkpt lat="48.771706" lon="14.749133">
				<ele>553.000000</ele>
			</trkpt>
			<trkpt lat="48.771433" lon="14.749107">
				<ele>554.000000</ele>
			</trkpt>
			<trkpt lat="48.771191" lon="14.749061">
				<ele>555.000000</ele>
			</trkpt>
			<trkpt lat="48.770977" lon="14.749007">
				<ele>556.000000</ele>
			</trkpt>
			<trkpt lat="48.770433" lon="14.748837">
				<ele>559.000000</ele>
			</trkpt>
			<trkpt lat="48.770172" lon="14.748774">
				<ele>560.000000</ele>
			</trkpt>
			<trkpt lat="48.769965" lon="14.748720">
				<ele>560.000000</ele>
			</trkpt>
			<trkpt lat="48.769740" lon="14.748648">
				<ele>561.000000</ele>
			</trkpt>
			<trkpt lat="48.769544" lon="14.748558">
				<ele>561.000000</ele>
			</trkpt>
			<trkpt lat="48.769355" lon="14.748459">
				<ele>562.000000</ele>
			</trkpt>
			<trkpt lat="48.769172" lon="14.748342">
				<ele>562.000000</ele>
			</trkpt>
			<trkpt lat="48.768982" lon="14.748208">
				<ele>562.000000</ele>
			</trkpt>
			<trkpt lat="48.768769" lon="14.748011">
				<ele>563.000000</ele>
			</trkpt>
			<trkpt lat="48.768455" lon="14.747741">
				<ele>563.000000</ele>
			</trkpt>
			<trkpt lat="48.768272" lon="14.747597">
				<ele>564.000000</ele>
			</trkpt>
			<trkpt lat="48.768029" lon="14.747417">
				<ele>564.000000</ele>
			</trkpt>
			<trkpt lat="48.767875" lon="14.747336">
				<ele>565.000000</ele>
			</trkpt>
			<trkpt lat="48.767733" lon="14.747283">
				<ele>565.000000</ele>
			</trkpt>
			<trkpt lat="48.767573" lon="14.747273">
				<ele>565.000000</ele>
			</trkpt>
			<trkpt lat="48.767419" lon="14.747273">
				<ele>566.000000</ele>
			</trkpt>
			<trkpt lat="48.767271" lon="14.747247">
				<ele>566.000000</ele>
			</trkpt>
			<trkpt lat="48.767081" lon="14.747210">
				<ele>567.000000</ele>
			</trkpt>
			<trkpt lat="48.766951" lon="14.747210">
				<ele>567.000000</ele>
			</trkpt>
			<trkpt lat="48.766690" lon="14.747247">
				<ele>568.000000</ele>
			</trkpt>
			<trkpt lat="48.766638" lon="14.747166">
				<ele>568.000000</ele>
			</trkpt>
			<trkpt lat="48.766572" lon="14.747103">
				<ele>568.000000</ele>
			</trkpt>
			<trkpt lat="48.766406" lon="14.746969">
				<ele>568.000000</ele>
			</trkpt>
			<trkpt lat="48.765542" lon="14.746277">
				<ele>569.000000</ele>
			</trkpt>
			<trkpt lat="48.765104" lon="14.745899">
				<ele>569.000000</ele>
			</trkpt>
			<trkpt lat="48.764725" lon="14.745585">
				<ele>569.000000</ele>
			</trkpt>
			<trkpt lat="48.764393" lon="14.745315">
				<ele>570.000000</ele>
			</trkpt>
			<trkpt lat="48.764038" lon="14.745073">
				<ele>570.000000</ele>
			</trkpt>
			<trkpt lat="48.763617" lon="14.744786">
				<ele>570.000000</ele>
			</trkpt>
			<trkpt lat="48.763428" lon="14.744669">
				<ele>570.000000</ele>
			</trkpt>
			<trkpt lat="48.763310" lon="14.744587">
				<ele>570.000000</ele>
			</trkpt>
			<trkpt lat="48.763238" lon="14.744533">
				<ele>570.000000</ele>
			</trkpt>
			<trkpt lat="48.763173" lon="14.744462">
				<ele>570.000000</ele>
			</trkpt>
			<trkpt lat="48.763120" lon="14.744373">
				<ele>570.000000</ele>
			</trkpt>
			<trkpt lat="48.762966" lon="14.744057">
				<ele>569.000000</ele>
			</trkpt>
			<trkpt lat="48.762877" lon="14.743824">
				<ele>568.000000</ele>
			</trkpt>
			<trkpt lat="48.762783" lon="14.743581">
				<ele>567.000000</ele>
			</trkpt>
			<trkpt lat="48.762575" lon="14.742917">
				<ele>566.000000</ele>
			</trkpt>
			<trkpt lat="48.762439" lon="14.742449">
				<ele>563.000000</ele>
			</trkpt>
			<trkpt lat="48.762362" lon="14.742153">
				<ele>561.000000</ele>
			</trkpt>
			<trkpt lat="48.762297" lon="14.741812">
				<ele>558.000000</ele>
			</trkpt>
			<trkpt lat="48.762249" lon="14.741407">
				<ele>555.000000</ele>
			</trkpt>
			<trkpt lat="48.762238" lon="14.741165">
				<ele>553.000000</ele>
			</trkpt>
			<trkpt lat="48.762249" lon="14.740860">
				<ele>551.000000</ele>
			</trkpt>
			<trkpt lat="48.762285" lon="14.740518">
				<ele>549.000000</ele>
			</trkpt>
			<trkpt lat="48.762345" lon="14.740115">
				<ele>547.000000</ele>
			</trkpt>
			<trkpt lat="48.762392" lon="14.739799">
				<ele>546.000000</ele>
			</trkpt>
			<trkpt lat="48.762416" lon="14.739539">
				<ele>545.000000</ele>
			</trkpt>
			<trkpt lat="48.762427" lon="14.739287">
				<ele>546.000000</ele>
			</trkpt>
			<trkpt lat="48.762404" lon="14.739000">
				<ele>547.000000</ele>
			</trkpt>
			<trkpt lat="48.762398" lon="14.738811">
				<ele>548.000000</ele>
			</trkpt>
			<trkpt lat="48.762368" lon="14.738614">
				<ele>549.000000</ele>
			</trkpt>
			<trkpt lat="48.762333" lon="14.738443">
				<ele>550.000000</ele>
			</trkpt>
			<trkpt lat="48.762285" lon="14.738245">
				<ele>551.000000</ele>
			</trkpt>
			<trkpt lat="48.762214" lon="14.737977">
				<ele>553.000000</ele>
			</trkpt>
			<trkpt lat="48.762149" lon="14.737625">
				<ele>555.000000</ele>
			</trkpt>
			<trkpt lat="48.762107" lon="14.737383">
				<ele>555.000000</ele>
			</trkpt>
			<trkpt lat="48.762072" lon="14.737212">
				<ele>556.000000</ele>
			</trkpt>
			<trkpt lat="48.762025" lon="14.737078">
				<ele>556.000000</ele>
			</trkpt>
			<trkpt lat="48.761954" lon="14.736943">
				<ele>556.000000</ele>
			</trkpt>
			<trkpt lat="48.761753" lon="14.736566">
				<ele>556.000000</ele>
			</trkpt>
			<trkpt lat="48.761628" lon="14.736296">
				<ele>557.000000</ele>
			</trkpt>
			<trkpt lat="48.761527" lon="14.736404">
				<ele>556.000000</ele>
			</trkpt>
			<trkpt lat="48.761391" lon="14.736512">
				<ele>556.000000</ele>
			</trkpt>
			<trkpt lat="48.761195" lon="14.736583">
				<ele>555.000000</ele>
			</trkpt>
			<trkpt lat="48.761018" lon="14.736620">
				<ele>553.000000</ele>
			</trkpt>
			<trkpt lat="48.760781" lon="14.736656">
				<ele>551.000000</ele>
			</trkpt>
			<trkpt lat="48.760657" lon="14.736656">
				<ele>550.000000</ele>
			</trkpt>
			<trkpt lat="48.760385" lon="14.736629">
				<ele>550.000000</ele>
			</trkpt>
			<trkpt lat="48.760295" lon="14.736637">
				<ele>550.000000</ele>
			</trkpt>
			<trkpt lat="48.760224" lon="14.736665">
				<ele>550.000000</ele>
			</trkpt>
			<trkpt lat="48.760159" lon="14.736736">
				<ele>550.000000</ele>
			</trkpt>
			<trkpt lat="48.760071" lon="14.736862">
				<ele>550.000000</ele>
			</trkpt>
			<trkpt lat="48.759863" lon="14.736790">
				<ele>550.000000</ele>
			</trkpt>
			<trkpt lat="48.759674" lon="14.736782">
				<ele>550.000000</ele>
			</trkpt>
			<trkpt lat="48.759514" lon="14.736809">
				<ele>550.000000</ele>
			</trkpt>
			<trkpt lat="48.759431" lon="14.736836">
				<ele>550.000000</ele>
			</trkpt>
			<trkpt lat="48.759360" lon="14.736880">
				<ele>550.000000</ele>
			</trkpt>
			<trkpt lat="48.759153" lon="14.737042">
				<ele>550.000000</ele>
			</trkpt>
			<trkpt lat="48.758975" lon="14.737195">
				<ele>550.000000</ele>
			</trkpt>
			<trkpt lat="48.758869" lon="14.737302">
				<ele>550.000000</ele>
			</trkpt>
			<trkpt lat="48.758762" lon="14.737428">
				<ele>551.000000</ele>
			</trkpt>
			<trkpt lat="48.758697" lon="14.737491">
				<ele>551.000000</ele>
			</trkpt>
			<trkpt lat="48.758614" lon="14.737536">
				<ele>552.000000</ele>
			</trkpt>
			<trkpt lat="48.758537" lon="14.737562">
				<ele>552.000000</ele>
			</trkpt>
			<trkpt lat="48.758424" lon="14.737562">
				<ele>552.000000</ele>
			</trkpt>
			<trkpt lat="48.758140" lon="14.737562">
				<ele>553.000000</ele>
			</trkpt>
			<trkpt lat="48.757998" lon="14.737589">
				<ele>554.000000</ele>
			</trkpt>
			<trkpt lat="48.757915" lon="14.737617">
				<ele>554.000000</ele>
			</trkpt>
			<trkpt lat="48.757779" lon="14.737688">
				<ele>555.000000</ele>
			</trkpt>
			<trkpt lat="48.757643" lon="14.737742">
				<ele>555.000000</ele>
			</trkpt>
			<trkpt lat="48.757536" lon="14.737769">
				<ele>555.000000</ele>
			</trkpt>
			<trkpt lat="48.757436" lon="14.737788">
				<ele>555.000000</ele>
			</trkpt>
			<trkpt lat="48.757323" lon="14.737788">
				<ele>555.000000</ele>
			</trkpt>
			<trkpt lat="48.757133" lon="14.737742">
				<ele>556.000000</ele>
			</trkpt>
			<trkpt lat="48.756861" lon="14.737635">
				<ele>556.000000</ele>
			</trkpt>
			<trkpt lat="48.756618" lon="14.737545">
				<ele>556.000000</ele>
			</trkpt>
			<trkpt lat="48.756428" lon="14.737438">
				<ele>557.000000</ele>
			</trkpt>
			<trkpt lat="48.756115" lon="14.737249">
				<ele>557.000000</ele>
			</trkpt>
			<trkpt lat="48.755895" lon="14.737141">
				<ele>557.000000</ele>
			</trkpt>
			<trkpt lat="48.755736" lon="14.737086">
				<ele>558.000000</ele>
			</trkpt>
			<trkpt lat="48.755575" lon="14.737078">
				<ele>558.000000</ele>
			</trkpt>
			<trkpt lat="48.755493" lon="14.736979">
				<ele>558.000000</ele>
			</trkpt>
			<trkpt lat="48.755303" lon="14.736772">
				<ele>559.000000</ele>
			</trkpt>
			<trkpt lat="48.754889" lon="14.736314">
				<ele>560.000000</ele>
			</trkpt>
			<trkpt lat="48.754273" lon="14.735650">
				<ele>562.000000</ele>
			</trkpt>
			<trkpt lat="48.754083" lon="14.735451">
				<ele>562.000000</ele>
			</trkpt>
			<trkpt lat="48.753959" lon="14.735327">
				<ele>563.000000</ele>
			</trkpt>
			<trkpt lat="48.753888" lon="14.735264">
				<ele>563.000000</ele>
			</trkpt>
			<trkpt lat="48.753764" lon="14.735128">
				<ele>563.000000</ele>
			</trkpt>
			<trkpt lat="48.753662" lon="14.735012">
				<ele>564.000000</ele>
			</trkpt>
			<trkpt lat="48.753580" lon="14.734931">
				<ele>564.000000</ele>
			</trkpt>
			<trkpt lat="48.753491" lon="14.734877">
				<ele>564.000000</ele>
			</trkpt>
			<trkpt lat="48.753384" lon="14.734814">
				<ele>564.000000</ele>
			</trkpt>
			<trkpt lat="48.753124" lon="14.734688">
				<ele>565.000000</ele>
			</trkpt>
			<trkpt lat="48.752762" lon="14.734526">
				<ele>565.000000</ele>
			</trkpt>
			<trkpt lat="48.752638" lon="14.734472">
				<ele>565.000000</ele>
			</trkpt>
			<trkpt lat="48.752419" lon="14.734428">
				<ele>565.000000</ele>
			</trkpt>
			<trkpt lat="48.752247" lon="14.734383">
				<ele>565.000000</ele>
			</trkpt>
			<trkpt lat="48.752105" lon="14.734329">
				<ele>565.000000</ele>
			</trkpt>
			<trkpt lat="48.751981" lon="14.734249">
				<ele>565.000000</ele>
			</trkpt>
			<trkpt lat="48.751832" lon="14.734132">
				<ele>565.000000</ele>
			</trkpt>
			<trkpt lat="48.751750" lon="14.734033">
				<ele>565.000000</ele>
			</trkpt>
			<trkpt lat="48.751572" lon="14.733826">
				<ele>565.000000</ele>
			</trkpt>
			<trkpt lat="48.751507" lon="14.733772">
				<ele>565.000000</ele>
			</trkpt>
			<trkpt lat="48.751447" lon="14.733736">
				<ele>565.000000</ele>
			</trkpt>
			<trkpt lat="48.751364" lon="14.733719">
				<ele>565.000000</ele>
			</trkpt>
			<trkpt lat="48.751264" lon="14.733709">
				<ele>565.000000</ele>
			</trkpt>
			<trkpt lat="48.751228" lon="14.733709">
				<ele>565.000000</ele>
			</trkpt>
			<trkpt lat="48.751193" lon="14.733683">
				<ele>565.000000</ele>
			</trkpt>
			<trkpt lat="48.751122" lon="14.733709">
				<ele>565.000000</ele>
			</trkpt>
			<trkpt lat="48.751051" lon="14.733727">
				<ele>565.000000</ele>
			</trkpt>
			<trkpt lat="48.750826" lon="14.733683">
				<ele>565.000000</ele>
			</trkpt>
			<trkpt lat="48.750233" lon="14.733484">
				<ele>565.000000</ele>
			</trkpt>
			<trkpt lat="48.750050" lon="14.733404">
				<ele>567.000000</ele>
			</trkpt>
			<trkpt lat="48.749878" lon="14.733323">
				<ele>568.000000</ele>
			</trkpt>
			<trkpt lat="48.749700" lon="14.733215">
				<ele>569.000000</ele>
			</trkpt>
			<trkpt lat="48.749558" lon="14.733117">
				<ele>570.000000</ele>
			</trkpt>
			<trkpt lat="48.749369" lon="14.732973">
				<ele>571.000000</ele>
			</trkpt>
			<trkpt lat="48.749197" lon="14.732811">
				<ele>571.000000</ele>
			</trkpt>
			<trkpt lat="48.748474" lon="14.732101">
				<ele>574.000000</ele>
			</trkpt>
			<trkpt lat="48.748113" lon="14.731769">
				<ele>576.000000</ele>
			</trkpt>
			<trkpt lat="48.747822" lon="14.731509">
				<ele>579.000000</ele>
			</trkpt>
			<trkpt lat="48.747212" lon="14.731069">
				<ele>585.000000</ele>
			</trkpt>
			<trkpt lat="48.746662" lon="14.730673">
				<ele>593.000000</ele>
			</trkpt>
			<trkpt lat="48.746555" lon="14.730574">
				<ele>594.000000</ele>
			</trkpt>
			<trkpt lat="48.746449" lon="14.730484">
				<ele>596.000000</ele>
			</trkpt>
			<trkpt lat="48.746336" lon="14.730358">
				<ele>597.000000</ele>
			</trkpt>
			<trkpt lat="48.746235" lon="14.730224">
				<ele>598.000000</ele>
			</trkpt>
			<trkpt lat="48.746146" lon="14.730062">
				<ele>599.000000</ele>
			</trkpt>
			<trkpt lat="48.746058" lon="14.729874">
				<ele>600.000000</ele>
			</trkpt>
			<trkpt lat="48.745886" lon="14.729478">
				<ele>603.000000</ele>
			</trkpt>
			<trkpt lat="48.745767" lon="14.729235">
				<ele>604.000000</ele>
			</trkpt>
			<trkpt lat="48.745649" lon="14.729029">
				<ele>606.000000</ele>
			</trkpt>
			<trkpt lat="48.745525" lon="14.728859">
				<ele>607.000000</ele>
			</trkpt>
			<trkpt lat="48.745406" lon="14.728706">
				<ele>608.000000</ele>
			</trkpt>
			<trkpt lat="48.745270" lon="14.728562">
				<ele>610.000000</ele>
			</trkpt>
			<trkpt lat="48.745157" lon="14.728463">
				<ele>611.000000</ele>
			</trkpt>
			<trkpt lat="48.745021" lon="14.728356">
				<ele>613.000000</ele>
			</trkpt>
			<trkpt lat="48.744885" lon="14.728274">
				<ele>615.000000</ele>
			</trkpt>
			<trkpt lat="48.744743" lon="14.728193">
				<ele>616.000000</ele>
			</trkpt>
			<trkpt lat="48.744275" lon="14.727978">
				<ele>623.000000</ele>
			</trkpt>
			<trkpt lat="48.744180" lon="14.727951">
				<ele>624.000000</ele>
			</trkpt>
			<trkpt lat="48.744091" lon="14.727941">
				<ele>625.000000</ele>
			</trkpt>
			<trkpt lat="48.743824" lon="14.727924">
				<ele>629.000000</ele>
			</trkpt>
			<trkpt lat="48.743605" lon="14.727924">
				<ele>631.000000</ele>
			</trkpt>
			<trkpt lat="48.743428" lon="14.727888">
				<ele>634.000000</ele>
			</trkpt>
			<trkpt lat="48.743119" lon="14.727807">
				<ele>638.000000</ele>
			</trkpt>
			<trkpt lat="48.742699" lon="14.727727">
				<ele>644.000000</ele>
			</trkpt>
			<trkpt lat="48.742492" lon="14.727673">
				<ele>648.000000</ele>
			</trkpt>
			<trkpt lat="48.742402" lon="14.727673">
				<ele>649.000000</ele>
			</trkpt>
			<trkpt lat="48.742343" lon="14.727691">
				<ele>650.000000</ele>
			</trkpt>
			<trkpt lat="48.742302" lon="14.727717">
				<ele>650.000000</ele>
			</trkpt>
			<trkpt lat="48.742254" lon="14.727763">
				<ele>651.000000</ele>
			</trkpt>
			<trkpt lat="48.742219" lon="14.727817">
				<ele>652.000000</ele>
			</trkpt>
			<trkpt lat="48.742178" lon="14.727853">
				<ele>652.000000</ele>
			</trkpt>
			<trkpt lat="48.742124" lon="14.727870">
				<ele>653.000000</ele>
			</trkpt>
			<trkpt lat="48.742065" lon="14.727853">
				<ele>654.000000</ele>
			</trkpt>
			<trkpt lat="48.741959" lon="14.727825">
				<ele>656.000000</ele>
			</trkpt>
			<trkpt lat="48.741751" lon="14.727771">
				<ele>660.000000</ele>
			</trkpt>
			<trkpt lat="48.741615" lon="14.727763">
				<ele>663.000000</ele>
			</trkpt>
			<trkpt lat="48.741188" lon="14.727681">
				<ele>671.000000</ele>
			</trkpt>
			<trkpt lat="48.741022" lon="14.727673">
				<ele>674.000000</ele>
			</trkpt>
			<trkpt lat="48.740809" lon="14.727681">
				<ele>679.000000</ele>
			</trkpt>
			<trkpt lat="48.740607" lon="14.727727">
				<ele>683.000000</ele>
			</trkpt>
			<trkpt lat="48.740258" lon="14.727834">
				<ele>688.000000</ele>
			</trkpt>
			<trkpt lat="48.740098" lon="14.727861">
				<ele>689.000000</ele>
			</trkpt>
			<trkpt lat="48.740027" lon="14.727861">
				<ele>690.000000</ele>
			</trkpt>
			<trkpt lat="48.739956" lon="14.727853">
				<ele>691.000000</ele>
			</trkpt>
			<trkpt lat="48.739748" lon="14.727790">
				<ele>693.000000</ele>
			</trkpt>
			<trkpt lat="48.739630" lon="14.727763">
				<ele>694.000000</ele>
			</trkpt>
			<trkpt lat="48.739547" lon="14.727735">
				<ele>695.000000</ele>
			</trkpt>
			<trkpt lat="48.739411" lon="14.727708">
				<ele>696.000000</ele>
			</trkpt>
			<trkpt lat="48.739056" lon="14.727637">
				<ele>699.000000</ele>
			</trkpt>
			<trkpt lat="48.738570" lon="14.727574">
				<ele>705.000000</ele>
			</trkpt>
			<trkpt lat="48.738611" lon="14.727304">
				<ele>707.000000</ele>
			</trkpt>
			<trkpt lat="48.738688" lon="14.726666">
				<ele>714.000000</ele>
			</trkpt>
			<trkpt lat="48.738765" lon="14.726648">
				<ele>713.000000</ele>
			</trkpt>
			<trkpt lat="48.738824" lon="14.726622">
				<ele>713.000000</ele>
			</trkpt>
			<trkpt lat="48.738889" lon="14.726576">
				<ele>712.000000</ele>
			</trkpt>
			<trkpt lat="48.738960" lon="14.726522">
				<ele>712.000000</ele>
			</trkpt>
			<trkpt lat="48.739079" lon="14.726370">
				<ele>711.000000</ele>
			</trkpt>
			<trkpt lat="48.739192" lon="14.726226">
				<ele>710.000000</ele>
			</trkpt>
			<trkpt lat="48.739328" lon="14.726002">
				<ele>708.000000</ele>
			</trkpt>
			<trkpt lat="48.739464" lon="14.725840">
				<ele>707.000000</ele>
			</trkpt>
			<trkpt lat="48.739725" lon="14.725553">
				<ele>705.000000</ele>
			</trkpt>
			<trkpt lat="48.740003" lon="14.725175">
				<ele>702.000000</ele>
			</trkpt>
			<trkpt lat="48.740335" lon="14.724708">
				<ele>699.000000</ele>
			</trkpt>
			<trkpt lat="48.740590" lon="14.724348">
				<ele>698.000000</ele>
			</trkpt>
			<trkpt lat="48.740684" lon="14.724205">
				<ele>698.000000</ele>
			</trkpt>
			<trkpt lat="48.740780" lon="14.724025">
				<ele>697.000000</ele>
			</trkpt>
			<trkpt lat="48.740756" lon="14.723918">
				<ele>699.000000</ele>
			</trkpt>
			<trkpt lat="48.740714" lon="14.723729">
				<ele>701.000000</ele>
			</trkpt>
			<trkpt lat="48.740709" lon="14.723711">
				<ele>701.000000</ele>
			</trkpt>
			<trkpt lat="48.740678" lon="14.723702">
				<ele>702.000000</ele>
			</trkpt>
			<trkpt lat="48.740625" lon="14.723729">
				<ele>703.000000</ele>
			</trkpt>
			<trkpt lat="48.740590" lon="14.723595">
				<ele>704.000000</ele>
			</trkpt>
			<trkpt lat="48.740531" lon="14.723522">
				<ele>708.000000</ele>
			</trkpt>
			<trkpt lat="48.740554" lon="14.723415">
				<ele>708.000000</ele>
			</trkpt>
			<trkpt lat="48.740554" lon="14.723316">
				<ele>709.000000</ele>
			</trkpt>
			<trkpt lat="48.740536" lon="14.723226">
				<ele>709.000000</ele>
			</trkpt>
			<trkpt lat="48.740489" lon="14.723073">
				<ele>710.000000</ele>
			</trkpt>
			<trkpt lat="48.740454" lon="14.722993">
				<ele>711.000000</ele>
			</trkpt>
			<trkpt lat="48.740400" lon="14.722903">
				<ele>713.000000</ele>
			</trkpt>
			<trkpt lat="48.740365" lon="14.722849">
				<ele>714.000000</ele>
			</trkpt>
			<trkpt lat="48.740347" lon="14.722794">
				<ele>714.000000</ele>
			</trkpt>
			<trkpt lat="48.740335" lon="14.722723">
				<ele>715.000000</ele>
			</trkpt>
			<trkpt lat="48.740329" lon="14.722588">
				<ele>716.000000</ele>
			</trkpt>
			<trkpt lat="48.740264" lon="14.722274">
				<ele>719.000000</ele>
			</trkpt>
			<trkpt lat="48.740193" lon="14.722004">
				<ele>722.000000</ele>
			</trkpt>
			<trkpt lat="48.740110" lon="14.721761">
				<ele>725.000000</ele>
			</trkpt>
			<trkpt lat="48.740009" lon="14.721528">
				<ele>728.000000</ele>
			</trkpt>
			<trkpt lat="48.739926" lon="14.721268">
				<ele>731.000000</ele>
			</trkpt>
			<trkpt lat="48.739838" lon="14.720917">
				<ele>735.000000</ele>
			</trkpt>
			<trkpt lat="48.739748" lon="14.720549">
				<ele>738.000000</ele>
			</trkpt>
			<trkpt lat="48.739666" lon="14.720261">
				<ele>741.000000</ele>
			</trkpt>
			<trkpt lat="48.739565" lon="14.719991">
				<ele>744.000000</ele>
			</trkpt>
			<trkpt lat="48.739429" lon="14.719641">
				<ele>748.000000</ele>
			</trkpt>
			<trkpt lat="48.738931" lon="14.718509">
				<ele>758.000000</ele>
			</trkpt>
			<trkpt lat="48.738812" lon="14.718259">
				<ele>761.000000</ele>
			</trkpt>
			<trkpt lat="48.738741" lon="14.718069">
				<ele>763.000000</ele>
			</trkpt>
			<trkpt lat="48.738623" lon="14.717764">
				<ele>766.000000</ele>
			</trkpt>
			<trkpt lat="48.738498" lon="14.717521">
				<ele>769.000000</ele>
			</trkpt>
			<trkpt lat="48.738256" lon="14.717117">
				<ele>775.000000</ele>
			</trkpt>
			<trkpt lat="48.738066" lon="14.716722">
				<ele>779.000000</ele>
			</trkpt>
			<trkpt lat="48.738019" lon="14.716614">
				<ele>780.000000</ele>
			</trkpt>
			<trkpt lat="48.737989" lon="14.716515">
				<ele>781.000000</ele>
			</trkpt>
			<trkpt lat="48.737971" lon="14.716425">
				<ele>782.000000</ele>
			</trkpt>
			<trkpt lat="48.737971" lon="14.716327">
				<ele>783.000000</ele>
			</trkpt>
			<trkpt lat="48.737847" lon="14.716327">
				<ele>784.000000</ele>
			</trkpt>
			<trkpt lat="48.737711" lon="14.716354">
				<ele>786.000000</ele>
			</trkpt>
			<trkpt lat="48.737587" lon="14.716389">
				<ele>788.000000</ele>
			</trkpt>
			<trkpt lat="48.737468" lon="14.716425">
				<ele>790.000000</ele>
			</trkpt>
			<trkpt lat="48.737409" lon="14.716471">
				<ele>790.000000</ele>
			</trkpt>
			<trkpt lat="48.737355" lon="14.716524">
				<ele>791.000000</ele>
			</trkpt>
			<trkpt lat="48.737320" lon="14.716614">
				<ele>791.000000</ele>
			</trkpt>
			<trkpt lat="48.737290" lon="14.716740">
				<ele>792.000000</ele>
			</trkpt>
			<trkpt lat="48.737124" lon="14.717431">
				<ele>795.000000</ele>
			</trkpt>
			<trkpt lat="48.737035" lon="14.717773">
				<ele>796.000000</ele>
			</trkpt>
			<trkpt lat="48.736935" lon="14.718079">
				<ele>797.000000</ele>
			</trkpt>
			<trkpt lat="48.736727" lon="14.718689">
				<ele>801.000000</ele>
			</trkpt>
			<trkpt lat="48.736378" lon="14.719588">
				<ele>809.000000</ele>
			</trkpt>
			<trkpt lat="48.736034" lon="14.720459">
				<ele>818.000000</ele>
			</trkpt>
			<trkpt lat="48.735903" lon="14.720765">
				<ele>821.000000</ele>
			</trkpt>
			<trkpt lat="48.735744" lon="14.721106">
				<ele>825.000000</ele>
			</trkpt>
			<trkpt lat="48.735554" lon="14.721429">
				<ele>829.000000</ele>
			</trkpt>
			<trkpt lat="48.735341" lon="14.721798">
				<ele>830.000000</ele>
			</trkpt>
			<trkpt lat="48.735151" lon="14.722085">
				<ele>830.000000</ele>
			</trkpt>
			<trkpt lat="48.734938" lon="14.722345">
				<ele>830.000000</ele>
			</trkpt>
			<trkpt lat="48.734689" lon="14.722641">
				<ele>830.000000</ele>
			</trkpt>
			<trkpt lat="48.734434" lon="14.722983">
				<ele>830.000000</ele>
			</trkpt>
			<trkpt lat="48.734257" lon="14.723243">
				<ele>830.000000</ele>
			</trkpt>
			<trkpt lat="48.734156" lon="14.723352">
				<ele>830.000000</ele>
			</trkpt>
			<trkpt lat="48.734049" lon="14.723433">
				<ele>830.000000</ele>
			</trkpt>
			<trkpt lat="48.733925" lon="14.723505">
				<ele>830.000000</ele>
			</trkpt>
			<trkpt lat="48.733747" lon="14.723576">
				<ele>830.000000</ele>
			</trkpt>
			<trkpt lat="48.733350" lon="14.723756">
				<ele>827.000000</ele>
			</trkpt>
			<trkpt lat="48.733356" lon="14.723595">
				<ele>830.000000</ele>
			</trkpt>
			<trkpt lat="48.733373" lon="14.723423">
				<ele>833.000000</ele>
			</trkpt>
			<trkpt lat="48.733404" lon="14.723306">
				<ele>834.000000</ele>
			</trkpt>
			<trkpt lat="48.733427" lon="14.723207">
				<ele>836.000000</ele>
			</trkpt>
			<trkpt lat="48.733445" lon="14.723117">
				<ele>837.000000</ele>
			</trkpt>
			<trkpt lat="48.733475" lon="14.722867">
				<ele>839.000000</ele>
			</trkpt>
			<trkpt lat="48.733492" lon="14.722651">
				<ele>842.000000</ele>
			</trkpt>
			<trkpt lat="48.733504" lon="14.721834">
				<ele>854.000000</ele>
			</trkpt>
			<trkpt lat="48.733498" lon="14.721752">
				<ele>856.000000</ele>
			</trkpt>
			<trkpt lat="48.733486" lon="14.721672">
				<ele>857.000000</ele>
			</trkpt>
			<trkpt lat="48.733463" lon="14.721599">
				<ele>859.000000</ele>
			</trkpt>
			<trkpt lat="48.733427" lon="14.721538">
				<ele>860.000000</ele>
			</trkpt>
			<trkpt lat="48.733373" lon="14.721438">
				<ele>863.000000</ele>
			</trkpt>
			<trkpt lat="48.733314" lon="14.721348">
				<ele>866.000000</ele>
			</trkpt>
			<trkpt lat="48.733291" lon="14.721249">
				<ele>868.000000</ele>
			</trkpt>
			<trkpt lat="48.733261" lon="14.721106">
				<ele>871.000000</ele>
			</trkpt>
			<trkpt lat="48.733226" lon="14.721033">
				<ele>872.000000</ele>
			</trkpt>
			<trkpt lat="48.732947" lon="14.720666">
				<ele>884.000000</ele>
			</trkpt>
			<trkpt lat="48.732651" lon="14.720199">
				<ele>899.000000</ele>
			</trkpt>
			<trkpt lat="48.732289" lon="14.719695">
				<ele>916.000000</ele>
			</trkpt>
			<trkpt lat="48.731709" lon="14.718959">
				<ele>935.000000</ele>
			</trkpt>
			<trkpt lat="48.731572" lon="14.718815">
				<ele>937.000000</ele>
			</trkpt>
			<trkpt lat="48.731519" lon="14.718716">
				<ele>938.000000</ele>
			</trkpt>
			<trkpt lat="48.730832" lon="14.719875">
				<ele>952.000000</ele>
			</trkpt>
			<trkpt lat="48.730696" lon="14.720001">
				<ele>953.000000</ele>
			</trkpt>
			<trkpt lat="48.730571" lon="14.720019">
				<ele>955.000000</ele>
			</trkpt>
			<trkpt lat="48.730500" lon="14.720001">
				<ele>955.000000</ele>
			</trkpt>
			<trkpt lat="48.730423" lon="14.719974">
				<ele>954.000000</ele>
			</trkpt>
			<trkpt lat="48.730364" lon="14.719938">
				<ele>954.000000</ele>
			</trkpt>
			<trkpt lat="48.730316" lon="14.719911">
				<ele>953.000000</ele>
			</trkpt>
			<trkpt lat="48.730227" lon="14.719867">
				<ele>953.000000</ele>
			</trkpt>
			<trkpt lat="48.730180" lon="14.719830">
				<ele>952.000000</ele>
			</trkpt>
			<trkpt lat="48.730127" lon="14.719731">
				<ele>952.000000</ele>
			</trkpt>
			<trkpt lat="48.730068" lon="14.719551">
				<ele>951.000000</ele>
			</trkpt>
			<trkpt lat="48.730038" lon="14.719488">
				<ele>950.000000</ele>
			</trkpt>
			<trkpt lat="48.729836" lon="14.719201">
				<ele>944.000000</ele>
			</trkpt>
			<trkpt lat="48.729659" lon="14.718959">
				<ele>938.000000</ele>
			</trkpt>
			<trkpt lat="48.729487" lon="14.718761">
				<ele>934.000000</ele>
			</trkpt>
			<trkpt lat="48.729315" lon="14.718591">
				<ele>929.000000</ele>
			</trkpt>
			<trkpt lat="48.729125" lon="14.718419">
				<ele>925.000000</ele>
			</trkpt>
			<trkpt lat="48.729084" lon="14.718366">
				<ele>924.000000</ele>
			</trkpt>
			<trkpt lat="48.729054" lon="14.718322">
				<ele>923.000000</ele>
			</trkpt>
			<trkpt lat="48.729036" lon="14.718267">
				<ele>923.000000</ele>
			</trkpt>
			<trkpt lat="48.729025" lon="14.718205">
				<ele>922.000000</ele>
			</trkpt>
			<trkpt lat="48.729019" lon="14.718132">
				<ele>921.000000</ele>
			</trkpt>
			<trkpt lat="48.729001" lon="14.718096">
				<ele>920.000000</ele>
			</trkpt>
			<trkpt lat="48.728971" lon="14.718052">
				<ele>919.000000</ele>
			</trkpt>
			<trkpt lat="48.728930" lon="14.718016">
				<ele>918.000000</ele>
			</trkpt>
			<trkpt lat="48.728853" lon="14.717935">
				<ele>916.000000</ele>
			</trkpt>
			<trkpt lat="48.728781" lon="14.717782">
				<ele>914.000000</ele>
			</trkpt>
			<trkpt lat="48.728746" lon="14.717710">
				<ele>912.000000</ele>
			</trkpt>
			<trkpt lat="48.728710" lon="14.717674">
				<ele>911.000000</ele>
			</trkpt>
			<trkpt lat="48.728657" lon="14.717630">
				<ele>910.000000</ele>
			</trkpt>
			<trkpt lat="48.728592" lon="14.717603">
				<ele>909.000000</ele>
			</trkpt>
			<trkpt lat="48.728414" lon="14.717540">
				<ele>907.000000</ele>
			</trkpt>
			<trkpt lat="48.728378" lon="14.717530">
				<ele>907.000000</ele>
			</trkpt>
			<trkpt lat="48.728378" lon="14.717530">
				<ele>907.000000</ele>
			</trkpt>
			<trkpt lat="48.728332" lon="14.717513">
				<ele>906.000000</ele>
			</trkpt>
			<trkpt lat="48.728242" lon="14.717503">
				<ele>905.000000</ele>
			</trkpt>
			<trkpt lat="48.728177" lon="14.717477">
				<ele>902.000000</ele>
			</trkpt>
			<trkpt lat="48.728136" lon="14.717459">
				<ele>901.000000</ele>
			</trkpt>
			<trkpt lat="48.728053" lon="14.717477">
				<ele>897.000000</ele>
			</trkpt>
			<trkpt lat="48.727910" lon="14.717503">
				<ele>890.000000</ele>
			</trkpt>
			<trkpt lat="48.727786" lon="14.717513">
				<ele>888.000000</ele>
			</trkpt>
			<trkpt lat="48.727721" lon="14.717513">
				<ele>887.000000</ele>
			</trkpt>
			<trkpt lat="48.727638" lon="14.717513">
				<ele>885.000000</ele>
			</trkpt>
			<trkpt lat="48.727650" lon="14.717341">
				<ele>883.000000</ele>
			</trkpt>
			<trkpt lat="48.727638" lon="14.717163">
				<ele>881.000000</ele>
			</trkpt>
			<trkpt lat="48.727614" lon="14.716974">
				<ele>879.000000</ele>
			</trkpt>
			<trkpt lat="48.727585" lon="14.716811">
				<ele>877.000000</ele>
			</trkpt>
			<trkpt lat="48.727549" lon="14.716677">
				<ele>875.000000</ele>
			</trkpt>
			<trkpt lat="48.727532" lon="14.716551">
				<ele>874.000000</ele>
			</trkpt>
			<trkpt lat="48.727513" lon="14.716264">
				<ele>871.000000</ele>
			</trkpt>
			<trkpt lat="48.727490" lon="14.716075">
				<ele>870.000000</ele>
			</trkpt>
			<trkpt lat="48.727454" lon="14.715896">
				<ele>868.000000</ele>
			</trkpt>
			<trkpt lat="48.727431" lon="14.715752">
				<ele>867.000000</ele>
			</trkpt>
			<trkpt lat="48.727312" lon="14.715339">
				<ele>863.000000</ele>
			</trkpt>
			<trkpt lat="48.727277" lon="14.715195">
				<ele>861.000000</ele>
			</trkpt>
			<trkpt lat="48.727259" lon="14.715060">
				<ele>860.000000</ele>
			</trkpt>
			<trkpt lat="48.727247" lon="14.714926">
				<ele>859.000000</ele>
			</trkpt>
			<trkpt lat="48.727247" lon="14.714926">
				<ele>859.000000</ele>
			</trkpt>
			<trkpt lat="48.727247" lon="14.714907">
				<ele>859.000000</ele>
			</trkpt>
			<trkpt lat="48.727235" lon="14.714701">
				<ele>858.000000</ele>
			</trkpt>
			<trkpt lat="48.727247" lon="14.714530">
				<ele>857.000000</ele>
			</trkpt>
			<trkpt lat="48.727271" lon="14.714377">
				<ele>856.000000</ele>
			</trkpt>
			<trkpt lat="48.727318" lon="14.714224">
				<ele>855.000000</ele>
			</trkpt>
			<trkpt lat="48.727431" lon="14.713955">
				<ele>854.000000</ele>
			</trkpt>
			<trkpt lat="48.727561" lon="14.713668">
				<ele>853.000000</ele>
			</trkpt>
			<trkpt lat="48.727686" lon="14.713452">
				<ele>853.000000</ele>
			</trkpt>
			<trkpt lat="48.727816" lon="14.713272">
				<ele>852.000000</ele>
			</trkpt>
			<trkpt lat="48.728088" lon="14.712949">
				<ele>851.000000</ele>
			</trkpt>
			<trkpt lat="48.728094" lon="14.712796">
				<ele>850.000000</ele>
			</trkpt>
			<trkpt lat="48.728148" lon="14.712131">
				<ele>848.000000</ele>
			</trkpt>
			<trkpt lat="48.728272" lon="14.710982">
				<ele>845.000000</ele>
			</trkpt>
			<trkpt lat="48.728272" lon="14.710811">
				<ele>845.000000</ele>
			</trkpt>
			<trkpt lat="48.728242" lon="14.710649">
				<ele>845.000000</ele>
			</trkpt>
			<trkpt lat="48.728207" lon="14.710496">
				<ele>845.000000</ele>
			</trkpt>
			<trkpt lat="48.727982" lon="14.709777">
				<ele>845.000000</ele>
			</trkpt>
			<trkpt lat="48.727935" lon="14.709616">
				<ele>845.000000</ele>
			</trkpt>
			<trkpt lat="48.727916" lon="14.709509">
				<ele>845.000000</ele>
			</trkpt>
			<trkpt lat="48.727904" lon="14.709401">
				<ele>845.000000</ele>
			</trkpt>
			<trkpt lat="48.727916" lon="14.709274">
				<ele>845.000000</ele>
			</trkpt>
			<trkpt lat="48.727952" lon="14.709177">
				<ele>845.000000</ele>
			</trkpt>
			<trkpt lat="48.728035" lon="14.708907">
				<ele>845.000000</ele>
			</trkpt>
			<trkpt lat="48.728124" lon="14.708700">
				<ele>845.000000</ele>
			</trkpt>
			<trkpt lat="48.728219" lon="14.708521">
				<ele>845.000000</ele>
			</trkpt>
			<trkpt lat="48.728343" lon="14.708349">
				<ele>845.000000</ele>
			</trkpt>
			<trkpt lat="48.728438" lon="14.708224">
				<ele>845.000000</ele>
			</trkpt>
			<trkpt lat="48.728515" lon="14.708116">
				<ele>845.000000</ele>
			</trkpt>
			<trkpt lat="48.728669" lon="14.707811">
				<ele>845.000000</ele>
			</trkpt>
			<trkpt lat="48.729042" lon="14.706993">
				<ele>845.000000</ele>
			</trkpt>
			<trkpt lat="48.729386" lon="14.706194">
				<ele>845.000000</ele>
			</trkpt>
			<trkpt lat="48.729463" lon="14.705987">
				<ele>845.000000</ele>
			</trkpt>
			<trkpt lat="48.729510" lon="14.705772">
				<ele>845.000000</ele>
			</trkpt>
			<trkpt lat="48.729546" lon="14.705565">
				<ele>845.000000</ele>
			</trkpt>
			<trkpt lat="48.729564" lon="14.705223">
				<ele>846.000000</ele>
			</trkpt>
			<trkpt lat="48.729587" lon="14.704982">
				<ele>846.000000</ele>
			</trkpt>
			<trkpt lat="48.729629" lon="14.704775">
				<ele>847.000000</ele>
			</trkpt>
			<trkpt lat="48.729706" lon="14.704577">
				<ele>847.000000</ele>
			</trkpt>
			<trkpt lat="48.729848" lon="14.704263">
				<ele>848.000000</ele>
			</trkpt>
			<trkpt lat="48.730251" lon="14.703345">
				<ele>850.000000</ele>
			</trkpt>
			<trkpt lat="48.730411" lon="14.703005">
				<ele>850.000000</ele>
			</trkpt>
			<trkpt lat="48.730465" lon="14.702852">
				<ele>851.000000</ele>
			</trkpt>
			<trkpt lat="48.730488" lon="14.702718">
				<ele>853.000000</ele>
			</trkpt>
			<trkpt lat="48.730239" lon="14.702691">
				<ele>861.000000</ele>
			</trkpt>
			<trkpt lat="48.730085" lon="14.702691">
				<ele>868.000000</ele>
			</trkpt>
			<trkpt lat="48.730038" lon="14.702682">
				<ele>870.000000</ele>
			</trkpt>
			<trkpt lat="48.729961" lon="14.702628">
				<ele>875.000000</ele>
			</trkpt>
			<trkpt lat="48.729925" lon="14.702609">
				<ele>877.000000</ele>
			</trkpt>
			<trkpt lat="48.729860" lon="14.702609">
				<ele>881.000000</ele>
			</trkpt>
			<trkpt lat="48.729789" lon="14.702655">
				<ele>886.000000</ele>
			</trkpt>
			<trkpt lat="48.729742" lon="14.702655">
				<ele>888.000000</ele>
			</trkpt>
			<trkpt lat="48.729724" lon="14.702645">
				<ele>889.000000</ele>
			</trkpt>
			<trkpt lat="48.729724" lon="14.702619">
				<ele>890.000000</ele>
			</trkpt>
			<trkpt lat="48.729718" lon="14.702546">
				<ele>890.000000</ele>
			</trkpt>
			<trkpt lat="48.729718" lon="14.702519">
				<ele>890.000000</ele>
			</trkpt>
			<trkpt lat="48.729700" lon="14.702519">
				<ele>891.000000</ele>
			</trkpt>
			<trkpt lat="48.729671" lon="14.702519">
				<ele>893.000000</ele>
			</trkpt>
			<trkpt lat="48.729653" lon="14.702556">
				<ele>895.000000</ele>
			</trkpt>
			<trkpt lat="48.729629" lon="14.702601">
				<ele>896.000000</ele>
			</trkpt>
			<trkpt lat="48.729587" lon="14.702645">
				<ele>899.000000</ele>
			</trkpt>
			<trkpt lat="48.729516" lon="14.702672">
				<ele>902.000000</ele>
			</trkpt>
			<trkpt lat="48.729274" lon="14.702708">
				<ele>905.000000</ele>
			</trkpt>
			<trkpt lat="48.728971" lon="14.702780">
				<ele>900.000000</ele>
			</trkpt>
			<trkpt lat="48.728681" lon="14.702861">
				<ele>895.000000</ele>
			</trkpt>
			<trkpt lat="48.728485" lon="14.702951">
				<ele>895.000000</ele>
			</trkpt>
			<trkpt lat="48.728313" lon="14.703014">
				<ele>895.000000</ele>
			</trkpt>
			<trkpt lat="48.727857" lon="14.703265">
				<ele>896.000000</ele>
			</trkpt>
			<trkpt lat="48.727757" lon="14.703319">
				<ele>897.000000</ele>
			</trkpt>
			<trkpt lat="48.727691" lon="14.703337">
				<ele>897.000000</ele>
			</trkpt>
			<trkpt lat="48.727638" lon="14.703337">
				<ele>898.000000</ele>
			</trkpt>
			<trkpt lat="48.727567" lon="14.703311">
				<ele>899.000000</ele>
			</trkpt>
			<trkpt lat="48.727413" lon="14.703211">
				<ele>900.000000</ele>
			</trkpt>
			<trkpt lat="48.727371" lon="14.703202">
				<ele>902.000000</ele>
			</trkpt>
			<trkpt lat="48.727324" lon="14.703185">
				<ele>903.000000</ele>
			</trkpt>
			<trkpt lat="48.727288" lon="14.703211">
				<ele>904.000000</ele>
			</trkpt>
			<trkpt lat="48.727253" lon="14.703256">
				<ele>906.000000</ele>
			</trkpt>
			<trkpt lat="48.727135" lon="14.703400">
				<ele>914.000000</ele>
			</trkpt>
			<trkpt lat="48.727099" lon="14.703445">
				<ele>915.000000</ele>
			</trkpt>
			<trkpt lat="48.727058" lon="14.703463">
				<ele>916.000000</ele>
			</trkpt>
			<trkpt lat="48.727022" lon="14.703472">
				<ele>917.000000</ele>
			</trkpt>
			<trkpt lat="48.726992" lon="14.703463">
				<ele>918.000000</ele>
			</trkpt>
			<trkpt lat="48.726868" lon="14.703391">
				<ele>920.000000</ele>
			</trkpt>
			<trkpt lat="48.726803" lon="14.703364">
				<ele>920.000000</ele>
			</trkpt>
			<trkpt lat="48.726749" lon="14.703382">
				<ele>920.000000</ele>
			</trkpt>
			<trkpt lat="48.726707" lon="14.703435">
				<ele>920.000000</ele>
			</trkpt>
			<trkpt lat="48.726536" lon="14.703733">
				<ele>920.000000</ele>
			</trkpt>
			<trkpt lat="48.726500" lon="14.703670">
				<ele>920.000000</ele>
			</trkpt>
			<trkpt lat="48.726483" lon="14.703588">
				<ele>920.000000</ele>
			</trkpt>
			<trkpt lat="48.726483" lon="14.703490">
				<ele>919.000000</ele>
			</trkpt>
			<trkpt lat="48.726488" lon="14.703364">
				<ele>918.000000</ele>
			</trkpt>
			<trkpt lat="48.726524" lon="14.703095">
				<ele>915.000000</ele>
			</trkpt>
			<trkpt lat="48.726548" lon="14.702556">
				<ele>904.000000</ele>
			</trkpt>
			<trkpt lat="48.726548" lon="14.702242">
				<ele>901.000000</ele>
			</trkpt>
			<trkpt lat="48.726559" lon="14.702089">
				<ele>899.000000</ele>
			</trkpt>
			<trkpt lat="48.726595" lon="14.701900">
				<ele>897.000000</ele>
			</trkpt>
			<trkpt lat="48.726595" lon="14.701846">
				<ele>896.000000</ele>
			</trkpt>
			<trkpt lat="48.726583" lon="14.701792">
				<ele>896.000000</ele>
			</trkpt>
			<trkpt lat="48.726554" lon="14.701693">
				<ele>894.000000</ele>
			</trkpt>
			<trkpt lat="48.726512" lon="14.701513">
				<ele>892.000000</ele>
			</trkpt>
			<trkpt lat="48.726459" lon="14.701343">
				<ele>890.000000</ele>
			</trkpt>
			<trkpt lat="48.726447" lon="14.701290">
				<ele>888.000000</ele>
			</trkpt>
			<trkpt lat="48.726459" lon="14.701235">
				<ele>887.000000</ele>
			</trkpt>
			<trkpt lat="48.726518" lon="14.701055">
				<ele>883.000000</ele>
			</trkpt>
			<trkpt lat="48.726636" lon="14.700758">
				<ele>876.000000</ele>
			</trkpt>
			<trkpt lat="48.726707" lon="14.700588">
				<ele>873.000000</ele>
			</trkpt>
			<trkpt lat="48.726732" lon="14.700481">
				<ele>872.000000</ele>
			</trkpt>
			<trkpt lat="48.726743" lon="14.700418">
				<ele>871.000000</ele>
			</trkpt>
			<trkpt lat="48.726767" lon="14.700364">
				<ele>870.000000</ele>
			</trkpt>
			<trkpt lat="48.726814" lon="14.700282">
				<ele>868.000000</ele>
			</trkpt>
			<trkpt lat="48.726838" lon="14.700211">
				<ele>866.000000</ele>
			</trkpt>
			<trkpt lat="48.726856" lon="14.700129">
				<ele>865.000000</ele>
			</trkpt>
			<trkpt lat="48.726909" lon="14.699978">
				<ele>863.000000</ele>
			</trkpt>
			<trkpt lat="48.726945" lon="14.699771">
				<ele>860.000000</ele>
			</trkpt>
			<trkpt lat="48.726980" lon="14.699475">
				<ele>856.000000</ele>
			</trkpt>
			<trkpt lat="48.726992" lon="14.699295">
				<ele>854.000000</ele>
			</trkpt>
			<trkpt lat="48.726992" lon="14.699160">
				<ele>853.000000</ele>
			</trkpt>
			<trkpt lat="48.726980" lon="14.699026">
				<ele>851.000000</ele>
			</trkpt>
			<trkpt lat="48.726962" lon="14.698881">
				<ele>850.000000</ele>
			</trkpt>
			<trkpt lat="48.726909" lon="14.698594">
				<ele>846.000000</ele>
			</trkpt>
			<trkpt lat="48.726897" lon="14.698378">
				<ele>844.000000</ele>
			</trkpt>
			<trkpt lat="48.726897" lon="14.698045">
				<ele>842.000000</ele>
			</trkpt>
			<trkpt lat="48.726891" lon="14.697965">
				<ele>842.000000</ele>
			</trkpt>
			<trkpt lat="48.726868" lon="14.697875">
				<ele>841.000000</ele>
			</trkpt>
			<trkpt lat="48.726826" lon="14.697642">
				<ele>840.000000</ele>
			</trkpt>
			<trkpt lat="48.726814" lon="14.697597">
				<ele>840.000000</ele>
			</trkpt>
			<trkpt lat="48.726488" lon="14.697382">
				<ele>837.000000</ele>
			</trkpt>
			<trkpt lat="48.726429" lon="14.697345">
				<ele>836.000000</ele>
			</trkpt>
			<trkpt lat="48.726358" lon="14.697319">
				<ele>835.000000</ele>
			</trkpt>
			<trkpt lat="48.726293" lon="14.697301">
				<ele>835.000000</ele>
			</trkpt>
			<trkpt lat="48.726222" lon="14.697301">
				<ele>834.000000</ele>
			</trkpt>
			<trkpt lat="48.726157" lon="14.697336">
				<ele>834.000000</ele>
			</trkpt>
			<trkpt lat="48.726085" lon="14.697363">
				<ele>833.000000</ele>
			</trkpt>
			<trkpt lat="48.725943" lon="14.697453">
				<ele>832.000000</ele>
			</trkpt>
			<trkpt lat="48.725280" lon="14.697974">
				<ele>828.000000</ele>
			</trkpt>
			<trkpt lat="48.725114" lon="14.698082">
				<ele>827.000000</ele>
			</trkpt>
			<trkpt lat="48.724894" lon="14.698208">
				<ele>826.000000</ele>
			</trkpt>
			<trkpt lat="48.724705" lon="14.698288">
				<ele>825.000000</ele>
			</trkpt>
			<trkpt lat="48.724326" lon="14.698405">
				<ele>823.000000</ele>
			</trkpt>
			<trkpt lat="48.723632" lon="14.698720">
				<ele>820.000000</ele>
			</trkpt>
			<trkpt lat="48.723353" lon="14.698846">
				<ele>818.000000</ele>
			</trkpt>
			<trkpt lat="48.723259" lon="14.698900">
				<ele>818.000000</ele>
			</trkpt>
			<trkpt lat="48.723158" lon="14.698971">
				<ele>817.000000</ele>
			</trkpt>
			<trkpt lat="48.723040" lon="14.699053">
				<ele>817.000000</ele>
			</trkpt>
			<trkpt lat="48.722933" lon="14.699142">
				<ele>816.000000</ele>
			</trkpt>
			<trkpt lat="48.722595" lon="14.699492">
				<ele>815.000000</ele>
			</trkpt>
			<trkpt lat="48.722500" lon="14.699573">
				<ele>814.000000</ele>
			</trkpt>
			<trkpt lat="48.722405" lon="14.699636">
				<ele>814.000000</ele>
			</trkpt>
			<trkpt lat="48.722299" lon="14.699690">
				<ele>813.000000</ele>
			</trkpt>
			<trkpt lat="48.722150" lon="14.699762">
				<ele>813.000000</ele>
			</trkpt>
			<trkpt lat="48.722044" lon="14.699816">
				<ele>812.000000</ele>
			</trkpt>
			<trkpt lat="48.721937" lon="14.699888">
				<ele>812.000000</ele>
			</trkpt>
			<trkpt lat="48.721890" lon="14.698558">
				<ele>804.000000</ele>
			</trkpt>
			<trkpt lat="48.721878" lon="14.697848">
				<ele>799.000000</ele>
			</trkpt>
			<trkpt lat="48.721878" lon="14.697183">
				<ele>796.000000</ele>
			</trkpt>
			<trkpt lat="48.721890" lon="14.695845">
				<ele>788.000000</ele>
			</trkpt>
			<trkpt lat="48.721943" lon="14.692737">
				<ele>769.000000</ele>
			</trkpt>
			<trkpt lat="48.721807" lon="14.692665">
				<ele>769.000000</ele>
			</trkpt>
			<trkpt lat="48.721682" lon="14.692575">
				<ele>769.000000</ele>
			</trkpt>
			<trkpt lat="48.721267" lon="14.692225">
				<ele>768.000000</ele>
			</trkpt>
			<trkpt lat="48.721191" lon="14.692145">
				<ele>767.000000</ele>
			</trkpt>
			<trkpt lat="48.721078" lon="14.691965">
				<ele>767.000000</ele>
			</trkpt>
			<trkpt lat="48.721037" lon="14.691911">
				<ele>767.000000</ele>
			</trkpt>
			<trkpt lat="48.720972" lon="14.691856">
				<ele>767.000000</ele>
			</trkpt>
			<trkpt lat="48.720906" lon="14.691848">
				<ele>766.000000</ele>
			</trkpt>
			<trkpt lat="48.721167" lon="14.691309">
				<ele>765.000000</ele>
			</trkpt>
			<trkpt lat="48.721339" lon="14.690994">
				<ele>764.000000</ele>
			</trkpt>
			<trkpt lat="48.721552" lon="14.690644">
				<ele>762.000000</ele>
			</trkpt>
			<trkpt lat="48.721818" lon="14.690248">
				<ele>759.000000</ele>
			</trkpt>
			<trkpt lat="48.721872" lon="14.690168">
				<ele>758.000000</ele>
			</trkpt>
			<trkpt lat="48.721914" lon="14.690069">
				<ele>757.000000</ele>
			</trkpt>
			<trkpt lat="48.721973" lon="14.689755">
				<ele>755.000000</ele>
			</trkpt>
			<trkpt lat="48.722020" lon="14.689619">
				<ele>754.000000</ele>
			</trkpt>
			<trkpt lat="48.722133" lon="14.689305">
				<ele>752.000000</ele>
			</trkpt>
			<trkpt lat="48.722162" lon="14.689198">
				<ele>751.000000</ele>
			</trkpt>
			<trkpt lat="48.722169" lon="14.689090">
				<ele>751.000000</ele>
			</trkpt>
			<trkpt lat="48.722181" lon="14.688982">
				<ele>750.000000</ele>
			</trkpt>
			<trkpt lat="48.722198" lon="14.688874">
				<ele>749.000000</ele>
			</trkpt>
			<trkpt lat="48.722234" lon="14.688776">
				<ele>749.000000</ele>
			</trkpt>
			<trkpt lat="48.722287" lon="14.688640">
				<ele>748.000000</ele>
			</trkpt>
			<trkpt lat="48.722358" lon="14.688516">
				<ele>747.000000</ele>
			</trkpt>
			<trkpt lat="48.722429" lon="14.688407">
				<ele>746.000000</ele>
			</trkpt>
			<trkpt lat="48.722660" lon="14.688093">
				<ele>742.000000</ele>
			</trkpt>
			<trkpt lat="48.722749" lon="14.687958">
				<ele>740.000000</ele>
			</trkpt>
			<trkpt lat="48.722221" lon="14.687760">
				<ele>740.000000</ele>
			</trkpt>
			<trkpt lat="48.721546" lon="14.687518">
				<ele>738.000000</ele>
			</trkpt>
			<trkpt lat="48.719899" lon="14.686979">
				<ele>735.000000</ele>
			</trkpt>
			<trkpt lat="48.719051" lon="14.686673">
				<ele>735.000000</ele>
			</trkpt>
			<trkpt lat="48.718826" lon="14.686611">
				<ele>735.000000</ele>
			</trkpt>
			<trkpt lat="48.718589" lon="14.686556">
				<ele>735.000000</ele>
			</trkpt>
			<trkpt lat="48.718554" lon="14.686485">
				<ele>734.000000</ele>
			</trkpt>
			<trkpt lat="48.718512" lon="14.686395">
				<ele>732.000000</ele>
			</trkpt>
			<trkpt lat="48.718464" lon="14.686269">
				<ele>730.000000</ele>
			</trkpt>
			<trkpt lat="48.718435" lon="14.686162">
				<ele>729.000000</ele>
			</trkpt>
			<trkpt lat="48.718417" lon="14.686099">
				<ele>729.000000</ele>
			</trkpt>
			<trkpt lat="48.718411" lon="14.686072">
				<ele>728.000000</ele>
			</trkpt>
			<trkpt lat="48.718393" lon="14.686036">
				<ele>728.000000</ele>
			</trkpt>
			<trkpt lat="48.718364" lon="14.686045">
				<ele>728.000000</ele>
			</trkpt>
			<trkpt lat="48.718310" lon="14.686026">
				<ele>727.000000</ele>
			</trkpt>
			<trkpt lat="48.718210" lon="14.685963">
				<ele>726.000000</ele>
			</trkpt>
			<trkpt lat="48.718156" lon="14.685946">
				<ele>725.000000</ele>
			</trkpt>
			<trkpt lat="48.718014" lon="14.685919">
				<ele>724.000000</ele>
			</trkpt>
			<trkpt lat="48.717943" lon="14.685937">
				<ele>724.000000</ele>
			</trkpt>
			<trkpt lat="48.717895" lon="14.685963">
				<ele>723.000000</ele>
			</trkpt>
			<trkpt lat="48.717860" lon="14.686017">
				<ele>723.000000</ele>
			</trkpt>
			<trkpt lat="48.717836" lon="14.686080">
				<ele>722.000000</ele>
			</trkpt>
			<trkpt lat="48.717801" lon="14.686224">
				<ele>721.000000</ele>
			</trkpt>
			<trkpt lat="48.717700" lon="14.686700">
				<ele>720.000000</ele>
			</trkpt>
			<trkpt lat="48.717664" lon="14.686808">
				<ele>720.000000</ele>
			</trkpt>
			<trkpt lat="48.717593" lon="14.686898">
				<ele>720.000000</ele>
			</trkpt>
			<trkpt lat="48.717546" lon="14.686942">
				<ele>720.000000</ele>
			</trkpt>
			<trkpt lat="48.717492" lon="14.686969">
				<ele>720.000000</ele>
			</trkpt>
			<trkpt lat="48.717439" lon="14.686961">
				<ele>720.000000</ele>
			</trkpt>
			<trkpt lat="48.717379" lon="14.686916">
				<ele>720.000000</ele>
			</trkpt>
			<trkpt lat="48.717267" lon="14.686799">
				<ele>722.000000</ele>
			</trkpt>
			<trkpt lat="48.717190" lon="14.686700">
				<ele>724.000000</ele>
			</trkpt>
			<trkpt lat="48.717113" lon="14.686575">
				<ele>725.000000</ele>
			</trkpt>
			<trkpt lat="48.717060" lon="14.686458">
				<ele>727.000000</ele>
			</trkpt>
			<trkpt lat="48.717042" lon="14.686403">
				<ele>727.000000</ele>
			</trkpt>
			<trkpt lat="48.717018" lon="14.686359">
				<ele>728.000000</ele>
			</trkpt>
			<trkpt lat="48.716953" lon="14.686323">
				<ele>729.000000</ele>
			</trkpt>
			<trkpt lat="48.716870" lon="14.686296">
				<ele>730.000000</ele>
			</trkpt>
			<trkpt lat="48.716716" lon="14.686296">
				<ele>732.000000</ele>
			</trkpt>
			<trkpt lat="48.716740" lon="14.686503">
				<ele>734.000000</ele>
			</trkpt>
			<trkpt lat="48.716746" lon="14.686692">
				<ele>735.000000</ele>
			</trkpt>
			<trkpt lat="48.716740" lon="14.686853">
				<ele>735.000000</ele>
			</trkpt>
			<trkpt lat="48.716722" lon="14.687042">
				<ele>735.000000</ele>
			</trkpt>
			<trkpt lat="48.716704" lon="14.687141">
				<ele>736.000000</ele>
			</trkpt>
			<trkpt lat="48.716675" lon="14.687195">
				<ele>736.000000</ele>
			</trkpt>
			<trkpt lat="48.716651" lon="14.687248">
				<ele>736.000000</ele>
			</trkpt>
			<trkpt lat="48.716615" lon="14.687275">
				<ele>736.000000</ele>
			</trkpt>
			<trkpt lat="48.716550" lon="14.687302">
				<ele>736.000000</ele>
			</trkpt>
			<trkpt lat="48.716461" lon="14.687294">
				<ele>736.000000</ele>
			</trkpt>
			<trkpt lat="48.716206" lon="14.687239">
				<ele>736.000000</ele>
			</trkpt>
			<trkpt lat="48.716153" lon="14.687221">
				<ele>736.000000</ele>
			</trkpt>
			<trkpt lat="48.716099" lon="14.687221">
				<ele>737.000000</ele>
			</trkpt>
			<trkpt lat="48.716046" lon="14.687239">
				<ele>737.000000</ele>
			</trkpt>
			<trkpt lat="48.715993" lon="14.687275">
				<ele>737.000000</ele>
			</trkpt>
			<trkpt lat="48.715750" lon="14.687482">
				<ele>737.000000</ele>
			</trkpt>
			<trkpt lat="48.715596" lon="14.687644">
				<ele>737.000000</ele>
			</trkpt>
			<trkpt lat="48.715471" lon="14.687814">
				<ele>738.000000</ele>
			</trkpt>
			<trkpt lat="48.715400" lon="14.687931">
				<ele>738.000000</ele>
			</trkpt>
			<trkpt lat="48.715341" lon="14.688074">
				<ele>738.000000</ele>
			</trkpt>
			<trkpt lat="48.715287" lon="14.688246">
				<ele>738.000000</ele>
			</trkpt>
			<trkpt lat="48.715151" lon="14.688820">
				<ele>739.000000</ele>
			</trkpt>
			<trkpt lat="48.715051" lon="14.689162">
				<ele>739.000000</ele>
			</trkpt>
			<trkpt lat="48.714961" lon="14.689485">
				<ele>740.000000</ele>
			</trkpt>
			<trkpt lat="48.714837" lon="14.689827">
				<ele>740.000000</ele>
			</trkpt>
			<trkpt lat="48.712733" lon="14.689458">
				<ele>740.000000</ele>
			</trkpt>
			<trkpt lat="48.712573" lon="14.689422">
				<ele>740.000000</ele>
			</trkpt>
			<trkpt lat="48.712419" lon="14.689378">
				<ele>740.000000</ele>
			</trkpt>
			<trkpt lat="48.712277" lon="14.689323">
				<ele>739.000000</ele>
			</trkpt>
			<trkpt lat="48.712164" lon="14.689261">
				<ele>739.000000</ele>
			</trkpt>
			<trkpt lat="48.712057" lon="14.689179">
				<ele>738.000000</ele>
			</trkpt>
			<trkpt lat="48.711951" lon="14.689081">
				<ele>738.000000</ele>
			</trkpt>
			<trkpt lat="48.711844" lon="14.688963">
				<ele>738.000000</ele>
			</trkpt>
			<trkpt lat="48.711725" lon="14.688812">
				<ele>737.000000</ele>
			</trkpt>
			<trkpt lat="48.711559" lon="14.688569">
				<ele>736.000000</ele>
			</trkpt>
			<trkpt lat="48.711423" lon="14.688308">
				<ele>736.000000</ele>
			</trkpt>
			<trkpt lat="48.711310" lon="14.688039">
				<ele>735.000000</ele>
			</trkpt>
			<trkpt lat="48.711156" lon="14.687608">
				<ele>734.000000</ele>
			</trkpt>
			<trkpt lat="48.710972" lon="14.687051">
				<ele>732.000000</ele>
			</trkpt>
			<trkpt lat="48.710884" lon="14.686763">
				<ele>732.000000</ele>
			</trkpt>
			<trkpt lat="48.710783" lon="14.686521">
				<ele>731.000000</ele>
			</trkpt>
			<trkpt lat="48.710676" lon="14.686296">
				<ele>731.000000</ele>
			</trkpt>
			<trkpt lat="48.710540" lon="14.686072">
				<ele>730.000000</ele>
			</trkpt>
			<trkpt lat="48.710421" lon="14.685927">
				<ele>729.000000</ele>
			</trkpt>
			<trkpt lat="48.710249" lon="14.685747">
				<ele>729.000000</ele>
			</trkpt>
			<trkpt lat="48.710077" lon="14.685613">
				<ele>728.000000</ele>
			</trkpt>
			<trkpt lat="48.708584" lon="14.684581">
				<ele>723.000000</ele>
			</trkpt>
			<trkpt lat="48.708157" lon="14.684258">
				<ele>722.000000</ele>
			</trkpt>
			<trkpt lat="48.707718" lon="14.683916">
				<ele>720.000000</ele>
			</trkpt>
			<trkpt lat="48.706989" lon="14.683376">
				<ele>717.000000</ele>
			</trkpt>
			<trkpt lat="48.706141" lon="14.682774">
				<ele>715.000000</ele>
			</trkpt>
			<trkpt lat="48.704238" lon="14.681489">
				<ele>713.000000</ele>
			</trkpt>
			<trkpt lat="48.703455" lon="14.680952">
				<ele>713.000000</ele>
			</trkpt>
			<trkpt lat="48.702661" lon="14.680386">
				<ele>712.000000</ele>
			</trkpt>
			<trkpt lat="48.701802" lon="14.679738">
				<ele>711.000000</ele>
			</trkpt>
			<trkpt lat="48.701629" lon="14.679325">
				<ele>710.000000</ele>
			</trkpt>
			<trkpt lat="48.701493" lon="14.678939">
				<ele>710.000000</ele>
			</trkpt>
			<trkpt lat="48.701404" lon="14.678615">
				<ele>710.000000</ele>
			</trkpt>
			<trkpt lat="48.701321" lon="14.678273">
				<ele>710.000000</ele>
			</trkpt>
			<trkpt lat="48.701268" lon="14.678032">
				<ele>710.000000</ele>
			</trkpt>
			<trkpt lat="48.701197" lon="14.677600">
				<ele>710.000000</ele>
			</trkpt>
			<trkpt lat="48.701149" lon="14.677384">
				<ele>710.000000</ele>
			</trkpt>
			<trkpt lat="48.701096" lon="14.677214">
				<ele>710.000000</ele>
			</trkpt>
			<trkpt lat="48.701001" lon="14.677052">
				<ele>710.000000</ele>
			</trkpt>
			<trkpt lat="48.700889" lon="14.676881">
				<ele>710.000000</ele>
			</trkpt>
			<trkpt lat="48.699637" lon="14.675202">
				<ele>710.000000</ele>
			</trkpt>
			<trkpt lat="48.698754" lon="14.673944">
				<ele>710.000000</ele>
			</trkpt>
			<trkpt lat="48.697989" lon="14.672866">
				<ele>710.000000</ele>
			</trkpt>
			<trkpt lat="48.697853" lon="14.673118">
				<ele>715.000000</ele>
			</trkpt>
			<trkpt lat="48.697717" lon="14.673369">
				<ele>717.000000</ele>
			</trkpt>
			<trkpt lat="48.697225" lon="14.674195">
				<ele>724.000000</ele>
			</trkpt>
			<trkpt lat="48.696869" lon="14.674797">
				<ele>730.000000</ele>
			</trkpt>
			<trkpt lat="48.696785" lon="14.674950">
				<ele>731.000000</ele>
			</trkpt>
			<trkpt lat="48.696276" lon="14.675813">
				<ele>742.000000</ele>
			</trkpt>
			<trkpt lat="48.696110" lon="14.676118">
				<ele>746.000000</ele>
			</trkpt>
			<trkpt lat="48.696057" lon="14.676189">
				<ele>747.000000</ele>
			</trkpt>
			<trkpt lat="48.696009" lon="14.676235">
				<ele>748.000000</ele>
			</trkpt>
			<trkpt lat="48.696027" lon="14.676289">
				<ele>748.000000</ele>
			</trkpt>
			<trkpt lat="48.696038" lon="14.676369">
				<ele>749.000000</ele>
			</trkpt>
			<trkpt lat="48.696044" lon="14.676432">
				<ele>750.000000</ele>
			</trkpt>
			<trkpt lat="48.696038" lon="14.676505">
				<ele>750.000000</ele>
			</trkpt>
			<trkpt lat="48.696021" lon="14.676558">
				<ele>751.000000</ele>
			</trkpt>
			<trkpt lat="48.696003" lon="14.676612">
				<ele>752.000000</ele>
			</trkpt>
			<trkpt lat="48.695973" lon="14.676657">
				<ele>752.000000</ele>
			</trkpt>
			<trkpt lat="48.695938" lon="14.676684">
				<ele>753.000000</ele>
			</trkpt>
			<trkpt lat="48.695742" lon="14.676792">
				<ele>757.000000</ele>
			</trkpt>
			<trkpt lat="48.695641" lon="14.676855">
				<ele>759.000000</ele>
			</trkpt>
			<trkpt lat="48.695558" lon="14.676944">
				<ele>761.000000</ele>
			</trkpt>
			<trkpt lat="48.695481" lon="14.677061">
				<ele>764.000000</ele>
			</trkpt>
			<trkpt lat="48.694639" lon="14.678363">
				<ele>795.000000</ele>
			</trkpt>
			<trkpt lat="48.694378" lon="14.677780">
				<ele>795.000000</ele>
			</trkpt>
			<trkpt lat="48.694230" lon="14.677457">
				<ele>795.000000</ele>
			</trkpt>
			<trkpt lat="48.694159" lon="14.677313">
				<ele>795.000000</ele>
			</trkpt>
			<trkpt lat="48.694094" lon="14.677223">
				<ele>795.000000</ele>
			</trkpt>
			<trkpt lat="48.694023" lon="14.677124">
				<ele>794.000000</ele>
			</trkpt>
			<trkpt lat="48.693940" lon="14.677034">
				<ele>794.000000</ele>
			</trkpt>
			<trkpt lat="48.693750" lon="14.676873">
				<ele>794.000000</ele>
			</trkpt>
			<trkpt lat="48.693382" lon="14.676612">
				<ele>793.000000</ele>
			</trkpt>
			<trkpt lat="48.692878" lon="14.676307">
				<ele>792.000000</ele>
			</trkpt>
			<trkpt lat="48.692564" lon="14.676100">
				<ele>791.000000</ele>
			</trkpt>
			<trkpt lat="48.692440" lon="14.676046">
				<ele>791.000000</ele>
			</trkpt>
			<trkpt lat="48.692309" lon="14.676028">
				<ele>791.000000</ele>
			</trkpt>
			<trkpt lat="48.692161" lon="14.676010">
				<ele>791.000000</ele>
			</trkpt>
			<trkpt lat="48.692024" lon="14.676010">
				<ele>790.000000</ele>
			</trkpt>
			<trkpt lat="48.691787" lon="14.676038">
				<ele>790.000000</ele>
			</trkpt>
			<trkpt lat="48.691562" lon="14.676109">
				<ele>790.000000</ele>
			</trkpt>
			<trkpt lat="48.691324" lon="14.676208">
				<ele>789.000000</ele>
			</trkpt>
			<trkpt lat="48.690933" lon="14.676415">
				<ele>788.000000</ele>
			</trkpt>
			<trkpt lat="48.690755" lon="14.676514">
				<ele>788.000000</ele>
			</trkpt>
			<trkpt lat="48.690595" lon="14.676576">
				<ele>788.000000</ele>
			</trkpt>
			<trkpt lat="48.690405" lon="14.676631">
				<ele>788.000000</ele>
			</trkpt>
			<trkpt lat="48.689902" lon="14.676774">
				<ele>787.000000</ele>
			</trkpt>
			<trkpt lat="48.689729" lon="14.676845">
				<ele>786.000000</ele>
			</trkpt>
			<trkpt lat="48.689552" lon="14.676908">
				<ele>786.000000</ele>
			</trkpt>
			<trkpt lat="48.688994" lon="14.677187">
				<ele>785.000000</ele>
			</trkpt>
			<trkpt lat="48.688579" lon="14.677376">
				<ele>784.000000</ele>
			</trkpt>
			<trkpt lat="48.688169" lon="14.677600">
				<ele>782.000000</ele>
			</trkpt>
			<trkpt lat="48.687654" lon="14.677887">
				<ele>781.000000</ele>
			</trkpt>
			<trkpt lat="48.687333" lon="14.678067">
				<ele>780.000000</ele>
			</trkpt>
			<trkpt lat="48.686651" lon="14.678426">
				<ele>777.000000</ele>
			</trkpt>
			<trkpt lat="48.686343" lon="14.678589">
				<ele>776.000000</ele>
			</trkpt>
			<trkpt lat="48.685957" lon="14.678849">
				<ele>774.000000</ele>
			</trkpt>
			<trkpt lat="48.685572" lon="14.679155">
				<ele>773.000000</ele>
			</trkpt>
			<trkpt lat="48.685216" lon="14.679468">
				<ele>771.000000</ele>
			</trkpt>
			<trkpt lat="48.685080" lon="14.679577">
				<ele>771.000000</ele>
			</trkpt>
			<trkpt lat="48.684943" lon="14.679648">
				<ele>770.000000</ele>
			</trkpt>
			<trkpt lat="48.684807" lon="14.679658">
				<ele>765.000000</ele>
			</trkpt>
			<trkpt lat="48.683876" lon="14.681050">
				<ele>765.000000</ele>
			</trkpt>
			<trkpt lat="48.683206" lon="14.682029">
				<ele>764.000000</ele>
			</trkpt>
			<trkpt lat="48.682631" lon="14.682883">
				<ele>759.000000</ele>
			</trkpt>
			<trkpt lat="48.680400" lon="14.686206">
				<ele>739.000000</ele>
			</trkpt>
			<trkpt lat="48.679647" lon="14.687338">
				<ele>735.000000</ele>
			</trkpt>
			<trkpt lat="48.678983" lon="14.688380">
				<ele>735.000000</ele>
			</trkpt>
			<trkpt lat="48.678805" lon="14.688640">
				<ele>735.000000</ele>
			</trkpt>
			<trkpt lat="48.678360" lon="14.689233">
				<ele>735.000000</ele>
			</trkpt>
			<trkpt lat="48.678117" lon="14.689619">
				<ele>735.000000</ele>
			</trkpt>
			<trkpt lat="48.677536" lon="14.690537">
				<ele>735.000000</ele>
			</trkpt>
			<trkpt lat="48.677358" lon="14.690787">
				<ele>736.000000</ele>
			</trkpt>
			<trkpt lat="48.677174" lon="14.691039">
				<ele>738.000000</ele>
			</trkpt>
			<trkpt lat="48.676936" lon="14.691407">
				<ele>740.000000</ele>
			</trkpt>
			<trkpt lat="48.676859" lon="14.691516">
				<ele>740.000000</ele>
			</trkpt>
			<trkpt lat="48.676753" lon="14.691623">
				<ele>741.000000</ele>
			</trkpt>
			<trkpt lat="48.676622" lon="14.691722">
				<ele>741.000000</ele>
			</trkpt>
			<trkpt lat="48.676468" lon="14.691812">
				<ele>741.000000</ele>
			</trkpt>
			<trkpt lat="48.676082" lon="14.692009">
				<ele>742.000000</ele>
			</trkpt>
			<trkpt lat="48.675881" lon="14.692135">
				<ele>743.000000</ele>
			</trkpt>
			<trkpt lat="48.675679" lon="14.692269">
				<ele>743.000000</ele>
			</trkpt>
			<trkpt lat="48.675548" lon="14.692378">
				<ele>743.000000</ele>
			</trkpt>
			<trkpt lat="48.675495" lon="14.692432">
				<ele>744.000000</ele>
			</trkpt>
			<trkpt lat="48.675459" lon="14.692504">
				<ele>744.000000</ele>
			</trkpt>
			<trkpt lat="48.675406" lon="14.692594">
				<ele>744.000000</ele>
			</trkpt>
			<trkpt lat="48.675371" lon="14.692692">
				<ele>744.000000</ele>
			</trkpt>
			<trkpt lat="48.675294" lon="14.692908">
				<ele>744.000000</ele>
			</trkpt>
			<trkpt lat="48.675187" lon="14.693141">
				<ele>745.000000</ele>
			</trkpt>
			<trkpt lat="48.675068" lon="14.693303">
				<ele>745.000000</ele>
			</trkpt>
			<trkpt lat="48.674931" lon="14.693437">
				<ele>745.000000</ele>
			</trkpt>
			<trkpt lat="48.674801" lon="14.693456">
				<ele>744.000000</ele>
			</trkpt>
			<trkpt lat="48.674629" lon="14.693429">
				<ele>743.000000</ele>
			</trkpt>
			<trkpt lat="48.674445" lon="14.693401">
				<ele>741.000000</ele>
			</trkpt>
			<trkpt lat="48.674339" lon="14.693374">
				<ele>740.000000</ele>
			</trkpt>
			<trkpt lat="48.674237" lon="14.693311">
				<ele>739.000000</ele>
			</trkpt>
			<trkpt lat="48.674113" lon="14.693213">
				<ele>738.000000</ele>
			</trkpt>
			<trkpt lat="48.674030" lon="14.693124">
				<ele>737.000000</ele>
			</trkpt>
			<trkpt lat="48.673958" lon="14.692997">
				<ele>736.000000</ele>
			</trkpt>
			<trkpt lat="48.673887" lon="14.692854">
				<ele>736.000000</ele>
			</trkpt>
			<trkpt lat="48.673733" lon="14.692468">
				<ele>735.000000</ele>
			</trkpt>
			<trkpt lat="48.673614" lon="14.692216">
				<ele>735.000000</ele>
			</trkpt>
			<trkpt lat="48.673543" lon="14.692063">
				<ele>735.000000</ele>
			</trkpt>
			<trkpt lat="48.673454" lon="14.691929">
				<ele>735.000000</ele>
			</trkpt>
			<trkpt lat="48.673336" lon="14.691793">
				<ele>735.000000</ele>
			</trkpt>
			<trkpt lat="48.673235" lon="14.691686">
				<ele>735.000000</ele>
			</trkpt>
			<trkpt lat="48.673146" lon="14.691623">
				<ele>735.000000</ele>
			</trkpt>
			<trkpt lat="48.673045" lon="14.691569">
				<ele>735.000000</ele>
			</trkpt>
			<trkpt lat="48.672968" lon="14.691524">
				<ele>735.000000</ele>
			</trkpt>
			<trkpt lat="48.672867" lon="14.691516">
				<ele>735.000000</ele>
			</trkpt>
			<trkpt lat="48.672778" lon="14.691516">
				<ele>735.000000</ele>
			</trkpt>
			<trkpt lat="48.672677" lon="14.691524">
				<ele>735.000000</ele>
			</trkpt>
			<trkpt lat="48.672583" lon="14.691569">
				<ele>735.000000</ele>
			</trkpt>
			<trkpt lat="48.672381" lon="14.691650">
				<ele>735.000000</ele>
			</trkpt>
			<trkpt lat="48.672025" lon="14.691856">
				<ele>735.000000</ele>
			</trkpt>
			<trkpt lat="48.671823" lon="14.691955">
				<ele>735.000000</ele>
			</trkpt>
			<trkpt lat="48.671538" lon="14.692063">
				<ele>735.000000</ele>
			</trkpt>
			<trkpt lat="48.671307" lon="14.692135">
				<ele>735.000000</ele>
			</trkpt>
			<trkpt lat="48.671070" lon="14.692171">
				<ele>735.000000</ele>
			</trkpt>
			<trkpt lat="48.670755" lon="14.692208">
				<ele>735.000000</ele>
			</trkpt>
			<trkpt lat="48.670488" lon="14.692208">
				<ele>735.000000</ele>
			</trkpt>
			<trkpt lat="48.670376" lon="14.692216">
				<ele>735.000000</ele>
			</trkpt>
			<trkpt lat="48.670269" lon="14.692279">
				<ele>735.000000</ele>
			</trkpt>
			<trkpt lat="48.670209" lon="14.692315">
				<ele>735.000000</ele>
			</trkpt>
			<trkpt lat="48.670156" lon="14.692369">
				<ele>735.000000</ele>
			</trkpt>
			<trkpt lat="48.669759" lon="14.692808">
				<ele>735.000000</ele>
			</trkpt>
			<trkpt lat="48.669177" lon="14.693519">
				<ele>737.000000</ele>
			</trkpt>
			<trkpt lat="48.668917" lon="14.693833">
				<ele>737.000000</ele>
			</trkpt>
			<trkpt lat="48.668809" lon="14.693940">
				<ele>738.000000</ele>
			</trkpt>
			<trkpt lat="48.668703" lon="14.694022">
				<ele>738.000000</ele>
			</trkpt>
			<trkpt lat="48.668590" lon="14.694076">
				<ele>738.000000</ele>
			</trkpt>
			<trkpt lat="48.668495" lon="14.694103">
				<ele>738.000000</ele>
			</trkpt>
			<trkpt lat="48.668412" lon="14.694103">
				<ele>738.000000</ele>
			</trkpt>
			<trkpt lat="48.668323" lon="14.694103">
				<ele>739.000000</ele>
			</trkpt>
			<trkpt lat="48.668234" lon="14.694076">
				<ele>739.000000</ele>
			</trkpt>
			<trkpt lat="48.668127" lon="14.694040">
				<ele>739.000000</ele>
			</trkpt>
			<trkpt lat="48.667973" lon="14.693967">
				<ele>739.000000</ele>
			</trkpt>
			<trkpt lat="48.667973" lon="14.693967">
				<ele>739.000000</ele>
			</trkpt>
			<trkpt lat="48.667284" lon="14.693636">
				<ele>741.000000</ele>
			</trkpt>
			<trkpt lat="48.666223" lon="14.693097">
				<ele>746.000000</ele>
			</trkpt>
			<trkpt lat="48.666134" lon="14.693061">
				<ele>746.000000</ele>
			</trkpt>
			<trkpt lat="48.666051" lon="14.693034">
				<ele>746.000000</ele>
			</trkpt>
			<trkpt lat="48.665719" lon="14.692980">
				<ele>748.000000</ele>
			</trkpt>
			<trkpt lat="48.665642" lon="14.692953">
				<ele>748.000000</ele>
			</trkpt>
			<trkpt lat="48.665546" lon="14.692917">
				<ele>749.000000</ele>
			</trkpt>
			<trkpt lat="48.665173" lon="14.692684">
				<ele>751.000000</ele>
			</trkpt>
			<trkpt lat="48.664567" lon="14.692252">
				<ele>755.000000</ele>
			</trkpt>
			<trkpt lat="48.664484" lon="14.692189">
				<ele>755.000000</ele>
			</trkpt>
			<trkpt lat="48.664342" lon="14.692063">
				<ele>758.000000</ele>
			</trkpt>
			<trkpt lat="48.664205" lon="14.691902">
				<ele>760.000000</ele>
			</trkpt>
			<trkpt lat="48.664105" lon="14.691740">
				<ele>761.000000</ele>
			</trkpt>
			<trkpt lat="48.664034" lon="14.691579">
				<ele>761.000000</ele>
			</trkpt>
			<trkpt lat="48.663980" lon="14.691372">
				<ele>762.000000</ele>
			</trkpt>
			<trkpt lat="48.663944" lon="14.691174">
				<ele>762.000000</ele>
			</trkpt>
			<trkpt lat="48.663897" lon="14.690797">
				<ele>763.000000</ele>
			</trkpt>
			<trkpt lat="48.663850" lon="14.690571">
				<ele>764.000000</ele>
			</trkpt>
			<trkpt lat="48.663796" lon="14.690410">
				<ele>764.000000</ele>
			</trkpt>
			<trkpt lat="48.663725" lon="14.690240">
				<ele>765.000000</ele>
			</trkpt>
			<trkpt lat="48.663659" lon="14.690114">
				<ele>765.000000</ele>
			</trkpt>
			<trkpt lat="48.663582" lon="14.689979">
				<ele>766.000000</ele>
			</trkpt>
			<trkpt lat="48.663482" lon="14.689854">
				<ele>767.000000</ele>
			</trkpt>
			<trkpt lat="48.663381" lon="14.689745">
				<ele>768.000000</ele>
			</trkpt>
			<trkpt lat="48.663037" lon="14.689449">
				<ele>770.000000</ele>
			</trkpt>
			<trkpt lat="48.662841" lon="14.689288">
				<ele>771.000000</ele>
			</trkpt>
			<trkpt lat="48.662740" lon="14.689179">
				<ele>772.000000</ele>
			</trkpt>
			<trkpt lat="48.662657" lon="14.689063">
				<ele>773.000000</ele>
			</trkpt>
			<trkpt lat="48.662598" lon="14.688910">
				<ele>774.000000</ele>
			</trkpt>
			<trkpt lat="48.662461" lon="14.688461">
				<ele>775.000000</ele>
			</trkpt>
			<trkpt lat="48.662414" lon="14.688371">
				<ele>776.000000</ele>
			</trkpt>
			<trkpt lat="48.662361" lon="14.688273">
				<ele>776.000000</ele>
			</trkpt>
			<trkpt lat="48.662236" lon="14.688111">
				<ele>777.000000</ele>
			</trkpt>
			<trkpt lat="48.662099" lon="14.687967">
				<ele>778.000000</ele>
			</trkpt>
			<trkpt lat="48.661975" lon="14.687860">
				<ele>779.000000</ele>
			</trkpt>
			<trkpt lat="48.661655" lon="14.687625">
				<ele>782.000000</ele>
			</trkpt>
			<trkpt lat="48.661470" lon="14.687455">
				<ele>783.000000</ele>
			</trkpt>
			<trkpt lat="48.661280" lon="14.687239">
				<ele>785.000000</ele>
			</trkpt>
			<trkpt lat="48.661162" lon="14.687059">
				<ele>786.000000</ele>
			</trkpt>
			<trkpt lat="48.661109" lon="14.686952">
				<ele>787.000000</ele>
			</trkpt>
			<trkpt lat="48.661043" lon="14.686818">
				<ele>788.000000</ele>
			</trkpt>
			<trkpt lat="48.660960" lon="14.686611">
				<ele>789.000000</ele>
			</trkpt>
			<trkpt lat="48.660865" lon="14.686439">
				<ele>790.000000</ele>
			</trkpt>
			<trkpt lat="48.660753" lon="14.686260">
				<ele>791.000000</ele>
			</trkpt>
			<trkpt lat="48.660634" lon="14.686099">
				<ele>792.000000</ele>
			</trkpt>
			<trkpt lat="48.660391" lon="14.685802">
				<ele>794.000000</ele>
			</trkpt>
			<trkpt lat="48.660230" lon="14.685604">
				<ele>795.000000</ele>
			</trkpt>
			<trkpt lat="48.660076" lon="14.685451">
				<ele>796.000000</ele>
			</trkpt>
			<trkpt lat="48.659939" lon="14.685361">
				<ele>796.000000</ele>
			</trkpt>
			<trkpt lat="48.659619" lon="14.685155">
				<ele>798.000000</ele>
			</trkpt>
			<trkpt lat="48.659447" lon="14.685038">
				<ele>799.000000</ele>
			</trkpt>
			<trkpt lat="48.659257" lon="14.684885">
				<ele>800.000000</ele>
			</trkpt>
			<trkpt lat="48.659079" lon="14.684795">
				<ele>801.000000</ele>
			</trkpt>
			<trkpt lat="48.658527" lon="14.684508">
				<ele>804.000000</ele>
			</trkpt>
			<trkpt lat="48.658302" lon="14.684392">
				<ele>805.000000</ele>
			</trkpt>
			<trkpt lat="48.658064" lon="14.684229">
				<ele>806.000000</ele>
			</trkpt>
			<trkpt lat="48.657993" lon="14.684176">
				<ele>807.000000</ele>
			</trkpt>
			<trkpt lat="48.657916" lon="14.684095">
				<ele>807.000000</ele>
			</trkpt>
			<trkpt lat="48.657839" lon="14.683996">
				<ele>808.000000</ele>
			</trkpt>
			<trkpt lat="48.657768" lon="14.683906">
				<ele>808.000000</ele>
			</trkpt>
			<trkpt lat="48.657679" lon="14.683753">
				<ele>809.000000</ele>
			</trkpt>
			<trkpt lat="48.657631" lon="14.683673">
				<ele>809.000000</ele>
			</trkpt>
			<trkpt lat="48.657596" lon="14.683583">
				<ele>810.000000</ele>
			</trkpt>
			<trkpt lat="48.657572" lon="14.683476">
				<ele>810.000000</ele>
			</trkpt>
			<trkpt lat="48.657525" lon="14.683269">
				<ele>811.000000</ele>
			</trkpt>
			<trkpt lat="48.657489" lon="14.683134">
				<ele>811.000000</ele>
			</trkpt>
			<trkpt lat="48.657435" lon="14.683026">
				<ele>811.000000</ele>
			</trkpt>
			<trkpt lat="48.657364" lon="14.682946">
				<ele>812.000000</ele>
			</trkpt>
			<trkpt lat="48.657234" lon="14.682810">
				<ele>813.000000</ele>
			</trkpt>
			<trkpt lat="48.657127" lon="14.682676">
				<ele>813.000000</ele>
			</trkpt>
			<trkpt lat="48.656830" lon="14.682181">
				<ele>815.000000</ele>
			</trkpt>
			<trkpt lat="48.656676" lon="14.681994">
				<ele>815.000000</ele>
			</trkpt>
			<trkpt lat="48.656646" lon="14.681912">
				<ele>815.000000</ele>
			</trkpt>
			<trkpt lat="48.656629" lon="14.681831">
				<ele>815.000000</ele>
			</trkpt>
			<trkpt lat="48.656106" lon="14.683233">
				<ele>815.000000</ele>
			</trkpt>
			<trkpt lat="48.656029" lon="14.683430">
				<ele>815.000000</ele>
			</trkpt>
			<trkpt lat="48.655958" lon="14.683547">
				<ele>816.000000</ele>
			</trkpt>
			<trkpt lat="48.655845" lon="14.683700">
				<ele>817.000000</ele>
			</trkpt>
			<trkpt lat="48.655685" lon="14.683933">
				<ele>818.000000</ele>
			</trkpt>
			<trkpt lat="48.655584" lon="14.684078">
				<ele>819.000000</ele>
			</trkpt>
			<trkpt lat="48.655501" lon="14.684229">
				<ele>820.000000</ele>
			</trkpt>
			<trkpt lat="48.655430" lon="14.684437">
				<ele>821.000000</ele>
			</trkpt>
			<trkpt lat="48.655145" lon="14.685237">
				<ele>825.000000</ele>
			</trkpt>
			<trkpt lat="48.654688" lon="14.686439">
				<ele>830.000000</ele>
			</trkpt>
			<trkpt lat="48.654385" lon="14.687239">
				<ele>831.000000</ele>
			</trkpt>
			<trkpt lat="48.654261" lon="14.687563">
				<ele>832.000000</ele>
			</trkpt>
			<trkpt lat="48.654101" lon="14.687921">
				<ele>833.000000</ele>
			</trkpt>
			<trkpt lat="48.653905" lon="14.688300">
				<ele>833.000000</ele>
			</trkpt>
			<trkpt lat="48.653804" lon="14.688479">
				<ele>834.000000</ele>
			</trkpt>
			<trkpt lat="48.653733" lon="14.688686">
				<ele>834.000000</ele>
			</trkpt>
			<trkpt lat="48.653691" lon="14.688883">
				<ele>834.000000</ele>
			</trkpt>
			<trkpt lat="48.653637" lon="14.689216">
				<ele>835.000000</ele>
			</trkpt>
			<trkpt lat="48.653608" lon="14.689359">
				<ele>835.000000</ele>
			</trkpt>
			<trkpt lat="48.653572" lon="14.689539">
				<ele>835.000000</ele>
			</trkpt>
			<trkpt lat="48.653519" lon="14.689692">
				<ele>835.000000</ele>
			</trkpt>
			<trkpt lat="48.653466" lon="14.689808">
				<ele>835.000000</ele>
			</trkpt>
			<trkpt lat="48.653406" lon="14.689944">
				<ele>836.000000</ele>
			</trkpt>
			<trkpt lat="48.653317" lon="14.690087">
				<ele>836.000000</ele>
			</trkpt>
			<trkpt lat="48.653092" lon="14.690384">
				<ele>836.000000</ele>
			</trkpt>
			<trkpt lat="48.653020" lon="14.690482">
				<ele>836.000000</ele>
			</trkpt>
			<trkpt lat="48.652967" lon="14.690571">
				<ele>836.000000</ele>
			</trkpt>
			<trkpt lat="48.652848" lon="14.690940">
				<ele>837.000000</ele>
			</trkpt>
			<trkpt lat="48.652795" lon="14.691093">
				<ele>837.000000</ele>
			</trkpt>
			<trkpt lat="48.652723" lon="14.691200">
				<ele>837.000000</ele>
			</trkpt>
			<trkpt lat="48.652635" lon="14.691282">
				<ele>837.000000</ele>
			</trkpt>
			<trkpt lat="48.652534" lon="14.691336">
				<ele>837.000000</ele>
			</trkpt>
			<trkpt lat="48.652302" lon="14.691416">
				<ele>838.000000</ele>
			</trkpt>
			<trkpt lat="48.652094" lon="14.691560">
				<ele>838.000000</ele>
			</trkpt>
			<trkpt lat="48.652000" lon="14.691642">
				<ele>838.000000</ele>
			</trkpt>
			<trkpt lat="48.651899" lon="14.691731">
				<ele>838.000000</ele>
			</trkpt>
			<trkpt lat="48.651798" lon="14.691875">
				<ele>839.000000</ele>
			</trkpt>
			<trkpt lat="48.651282" lon="14.692594">
				<ele>840.000000</ele>
			</trkpt>
			<trkpt lat="48.651145" lon="14.692800">
				<ele>840.000000</ele>
			</trkpt>
			<trkpt lat="48.651020" lon="14.693015">
				<ele>840.000000</ele>
			</trkpt>
			<trkpt lat="48.650938" lon="14.693141">
				<ele>841.000000</ele>
			</trkpt>
			<trkpt lat="48.650860" lon="14.693231">
				<ele>841.000000</ele>
			</trkpt>
			<trkpt lat="48.650771" lon="14.693321">
				<ele>841.000000</ele>
			</trkpt>
			<trkpt lat="48.650653" lon="14.693374">
				<ele>842.000000</ele>
			</trkpt>
			<trkpt lat="48.650552" lon="14.693429">
				<ele>842.000000</ele>
			</trkpt>
			<trkpt lat="48.650474" lon="14.693510">
				<ele>842.000000</ele>
			</trkpt>
			<trkpt lat="48.650403" lon="14.693617">
				<ele>843.000000</ele>
			</trkpt>
			<trkpt lat="48.650368" lon="14.693770">
				<ele>843.000000</ele>
			</trkpt>
			<trkpt lat="48.650303" lon="14.693995">
				<ele>844.000000</ele>
			</trkpt>
			<trkpt lat="48.650261" lon="14.694147">
				<ele>844.000000</ele>
			</trkpt>
			<trkpt lat="48.650208" lon="14.694273">
				<ele>844.000000</ele>
			</trkpt>
			<trkpt lat="48.650124" lon="14.694390">
				<ele>845.000000</ele>
			</trkpt>
			<trkpt lat="48.649804" lon="14.694829">
				<ele>845.000000</ele>
			</trkpt>
			<trkpt lat="48.649442" lon="14.695252">
				<ele>845.000000</ele>
			</trkpt>
			<trkpt lat="48.649317" lon="14.695378">
				<ele>845.000000</ele>
			</trkpt>
			<trkpt lat="48.649092" lon="14.695521">
				<ele>845.000000</ele>
			</trkpt>
			<trkpt lat="48.648878" lon="14.695693">
				<ele>845.000000</ele>
			</trkpt>
			<trkpt lat="48.648813" lon="14.695728">
				<ele>845.000000</ele>
			</trkpt>
			<trkpt lat="48.648736" lon="14.695755">
				<ele>845.000000</ele>
			</trkpt>
			<trkpt lat="48.648671" lon="14.695755">
				<ele>845.000000</ele>
			</trkpt>
			<trkpt lat="48.648599" lon="14.695747">
				<ele>845.000000</ele>
			</trkpt>
			<trkpt lat="48.648528" lon="14.695720">
				<ele>845.000000</ele>
			</trkpt>
			<trkpt lat="48.648457" lon="14.695684">
				<ele>845.000000</ele>
			</trkpt>
			<trkpt lat="48.648249" lon="14.695531">
				<ele>845.000000</ele>
			</trkpt>
			<trkpt lat="48.648059" lon="14.695369">
				<ele>843.000000</ele>
			</trkpt>
			<trkpt lat="48.647940" lon="14.695306">
				<ele>843.000000</ele>
			</trkpt>
			<trkpt lat="48.647798" lon="14.695261">
				<ele>842.000000</ele>
			</trkpt>
			<trkpt lat="48.647733" lon="14.695261">
				<ele>842.000000</ele>
			</trkpt>
			<trkpt lat="48.647674" lon="14.695261">
				<ele>841.000000</ele>
			</trkpt>
			<trkpt lat="48.647572" lon="14.695288">
				<ele>841.000000</ele>
			</trkpt>
			<trkpt lat="48.647489" lon="14.695334">
				<ele>840.000000</ele>
			</trkpt>
			<trkpt lat="48.647400" lon="14.695387">
				<ele>840.000000</ele>
			</trkpt>
			<trkpt lat="48.647311" lon="14.695485">
				<ele>839.000000</ele>
			</trkpt>
			<trkpt lat="48.647080" lon="14.695755">
				<ele>838.000000</ele>
			</trkpt>
			<trkpt lat="48.646890" lon="14.695989">
				<ele>837.000000</ele>
			</trkpt>
			<trkpt lat="48.646735" lon="14.696231">
				<ele>835.000000</ele>
			</trkpt>
			<trkpt lat="48.646575" lon="14.696519">
				<ele>834.000000</ele>
			</trkpt>
			<trkpt lat="48.646498" lon="14.696762">
				<ele>833.000000</ele>
			</trkpt>
			<trkpt lat="48.646397" lon="14.697022">
				<ele>832.000000</ele>
			</trkpt>
			<trkpt lat="48.646302" lon="14.697265">
				<ele>831.000000</ele>
			</trkpt>
			<trkpt lat="48.646136" lon="14.697606">
				<ele>829.000000</ele>
			</trkpt>
			<trkpt lat="48.645899" lon="14.698135">
				<ele>826.000000</ele>
			</trkpt>
			<trkpt lat="48.645815" lon="14.698271">
				<ele>826.000000</ele>
			</trkpt>
			<trkpt lat="48.645721" lon="14.698424">
				<ele>825.000000</ele>
			</trkpt>
			<trkpt lat="48.645608" lon="14.698603">
				<ele>824.000000</ele>
			</trkpt>
			<trkpt lat="48.645536" lon="14.698764">
				<ele>823.000000</ele>
			</trkpt>
			<trkpt lat="48.645465" lon="14.698971">
				<ele>822.000000</ele>
			</trkpt>
			<trkpt lat="48.645376" lon="14.699286">
				<ele>821.000000</ele>
			</trkpt>
			<trkpt lat="48.645282" lon="14.699592">
				<ele>819.000000</ele>
			</trkpt>
			<trkpt lat="48.645091" lon="14.700148">
				<ele>816.000000</ele>
			</trkpt>
			<trkpt lat="48.644997" lon="14.700481">
				<ele>815.000000</ele>
			</trkpt>
			<trkpt lat="48.644949" lon="14.700695">
				<ele>814.000000</ele>
			</trkpt>
			<trkpt lat="48.644926" lon="14.700903">
				<ele>813.000000</ele>
			</trkpt>
			<trkpt lat="48.644907" lon="14.701091">
				<ele>813.000000</ele>
			</trkpt>
			<trkpt lat="48.644895" lon="14.701540">
				<ele>812.000000</ele>
			</trkpt>
			<trkpt lat="48.644872" lon="14.702106">
				<ele>810.000000</ele>
			</trkpt>
			<trkpt lat="48.644872" lon="14.702502">
				<ele>808.000000</ele>
			</trkpt>
			<trkpt lat="48.644872" lon="14.702745">
				<ele>806.000000</ele>
			</trkpt>
			<trkpt lat="48.644854" lon="14.702898">
				<ele>805.000000</ele>
			</trkpt>
			<trkpt lat="48.644812" lon="14.703032">
				<ele>805.000000</ele>
			</trkpt>
			<trkpt lat="48.644747" lon="14.703167">
				<ele>804.000000</ele>
			</trkpt>
			<trkpt lat="48.644498" lon="14.703553">
				<ele>803.000000</ele>
			</trkpt>
			<trkpt lat="48.644088" lon="14.704271">
				<ele>800.000000</ele>
			</trkpt>
			<trkpt lat="48.643881" lon="14.704595">
				<ele>798.000000</ele>
			</trkpt>
			<trkpt lat="48.643780" lon="14.704747">
				<ele>797.000000</ele>
			</trkpt>
			<trkpt lat="48.643690" lon="14.704927">
				<ele>796.000000</ele>
			</trkpt>
			<trkpt lat="48.643619" lon="14.705079">
				<ele>796.000000</ele>
			</trkpt>
			<trkpt lat="48.643542" lon="14.705269">
				<ele>795.000000</ele>
			</trkpt>
			<trkpt lat="48.643405" lon="14.705645">
				<ele>793.000000</ele>
			</trkpt>
			<trkpt lat="48.643174" lon="14.706391">
				<ele>790.000000</ele>
			</trkpt>
			<trkpt lat="48.643074" lon="14.706697">
				<ele>788.000000</ele>
			</trkpt>
			<trkpt lat="48.642996" lon="14.706913">
				<ele>788.000000</ele>
			</trkpt>
			<trkpt lat="48.642907" lon="14.707101">
				<ele>787.000000</ele>
			</trkpt>
			<trkpt lat="48.642789" lon="14.707316">
				<ele>786.000000</ele>
			</trkpt>
			<trkpt lat="48.642403" lon="14.707963">
				<ele>783.000000</ele>
			</trkpt>
			<trkpt lat="48.642343" lon="14.708072">
				<ele>782.000000</ele>
			</trkpt>
			<trkpt lat="48.642296" lon="14.708161">
				<ele>782.000000</ele>
			</trkpt>
			<trkpt lat="48.642171" lon="14.708494">
				<ele>780.000000</ele>
			</trkpt>
			<trkpt lat="48.641975" lon="14.708951">
				<ele>777.000000</ele>
			</trkpt>
			<trkpt lat="48.641607" lon="14.709787">
				<ele>773.000000</ele>
			</trkpt>
			<trkpt lat="48.641286" lon="14.710532">
				<ele>770.000000</ele>
			</trkpt>
			<trkpt lat="48.641091" lon="14.711027">
				<ele>768.000000</ele>
			</trkpt>
			<trkpt lat="48.640919" lon="14.711511">
				<ele>766.000000</ele>
			</trkpt>
			<trkpt lat="48.640770" lon="14.712060">
				<ele>763.000000</ele>
			</trkpt>
			<trkpt lat="48.640503" lon="14.713093">
				<ele>756.000000</ele>
			</trkpt>
			<trkpt lat="48.640366" lon="14.713649">
				<ele>753.000000</ele>
			</trkpt>
			<trkpt lat="48.640254" lon="14.714243">
				<ele>750.000000</ele>
			</trkpt>
			<trkpt lat="48.640153" lon="14.714926">
				<ele>747.000000</ele>
			</trkpt>
			<trkpt lat="48.640094" lon="14.715410">
				<ele>744.000000</ele>
			</trkpt>
			<trkpt lat="48.640040" lon="14.715716">
				<ele>743.000000</ele>
			</trkpt>
			<trkpt lat="48.639975" lon="14.715985">
				<ele>742.000000</ele>
			</trkpt>
			<trkpt lat="48.639898" lon="14.716272">
				<ele>740.000000</ele>
			</trkpt>
			<trkpt lat="48.639797" lon="14.716515">
				<ele>739.000000</ele>
			</trkpt>
			<trkpt lat="48.639690" lon="14.716722">
				<ele>737.000000</ele>
			</trkpt>
			<trkpt lat="48.639565" lon="14.716911">
				<ele>736.000000</ele>
			</trkpt>
			<trkpt lat="48.639369" lon="14.717153">
				<ele>733.000000</ele>
			</trkpt>
			<trkpt lat="48.639180" lon="14.717396">
				<ele>730.000000</ele>
			</trkpt>
			<trkpt lat="48.639126" lon="14.717467">
				<ele>729.000000</ele>
			</trkpt>
			<trkpt lat="48.639084" lon="14.717567">
				<ele>728.000000</ele>
			</trkpt>
			<trkpt lat="48.639055" lon="14.717647">
				<ele>728.000000</ele>
			</trkpt>
			<trkpt lat="48.639031" lon="14.717756">
				<ele>727.000000</ele>
			</trkpt>
			<trkpt lat="48.639013" lon="14.717863">
				<ele>726.000000</ele>
			</trkpt>
			<trkpt lat="48.639013" lon="14.717997">
				<ele>725.000000</ele>
			</trkpt>
			<trkpt lat="48.639019" lon="14.718339">
				<ele>723.000000</ele>
			</trkpt>
			<trkpt lat="48.639019" lon="14.718528">
				<ele>722.000000</ele>
			</trkpt>
			<trkpt lat="48.639001" lon="14.718609">
				<ele>721.000000</ele>
			</trkpt>
			<trkpt lat="48.638984" lon="14.718681">
				<ele>720.000000</ele>
			</trkpt>
			<trkpt lat="48.638960" lon="14.718761">
				<ele>720.000000</ele>
			</trkpt>
			<trkpt lat="48.638824" lon="14.719058">
				<ele>720.000000</ele>
			</trkpt>
			<trkpt lat="48.638770" lon="14.719138">
				<ele>720.000000</ele>
			</trkpt>
			<trkpt lat="48.638710" lon="14.719238">
				<ele>720.000000</ele>
			</trkpt>
			<trkpt lat="48.638663" lon="14.719274">
				<ele>720.000000</ele>
			</trkpt>
			<trkpt lat="48.638610" lon="14.719301">
				<ele>720.000000</ele>
			</trkpt>
			<trkpt lat="48.638545" lon="14.719301">
				<ele>720.000000</ele>
			</trkpt>
			<trkpt lat="48.638473" lon="14.719291">
				<ele>720.000000</ele>
			</trkpt>
			<trkpt lat="48.638414" lon="14.719238">
				<ele>720.000000</ele>
			</trkpt>
			<trkpt lat="48.638337" lon="14.719165">
				<ele>720.000000</ele>
			</trkpt>
			<trkpt lat="48.638331" lon="14.719157">
				<ele>720.000000</ele>
			</trkpt>
			<trkpt lat="48.638331" lon="14.719157">
				<ele>720.000000</ele>
			</trkpt>
			<trkpt lat="48.638170" lon="14.718968">
				<ele>720.000000</ele>
			</trkpt>
			<trkpt lat="48.637898" lon="14.718563">
				<ele>721.000000</ele>
			</trkpt>
			<trkpt lat="48.637761" lon="14.718383">
				<ele>721.000000</ele>
			</trkpt>
			<trkpt lat="48.637660" lon="14.718276">
				<ele>722.000000</ele>
			</trkpt>
			<trkpt lat="48.637517" lon="14.718159">
				<ele>722.000000</ele>
			</trkpt>
			<trkpt lat="48.637363" lon="14.718079">
				<ele>722.000000</ele>
			</trkpt>
			<trkpt lat="48.637185" lon="14.718025">
				<ele>723.000000</ele>
			</trkpt>
			<trkpt lat="48.636959" lon="14.717997">
				<ele>724.000000</ele>
			</trkpt>
			<trkpt lat="48.636876" lon="14.717997">
				<ele>724.000000</ele>
			</trkpt>
			<trkpt lat="48.636662" lon="14.718025">
				<ele>724.000000</ele>
			</trkpt>
			<trkpt lat="48.636348" lon="14.718052">
				<ele>726.000000</ele>
			</trkpt>
			<trkpt lat="48.636176" lon="14.718043">
				<ele>727.000000</ele>
			</trkpt>
			<trkpt lat="48.636027" lon="14.717997">
				<ele>728.000000</ele>
			</trkpt>
			<trkpt lat="48.635909" lon="14.717943">
				<ele>729.000000</ele>
			</trkpt>
			<trkpt lat="48.635802" lon="14.717863">
				<ele>730.000000</ele>
			</trkpt>
			<trkpt lat="48.635665" lon="14.717746">
				<ele>731.000000</ele>
			</trkpt>
			<trkpt lat="48.635268" lon="14.717369">
				<ele>735.000000</ele>
			</trkpt>
			<trkpt lat="48.634971" lon="14.717108">
				<ele>739.000000</ele>
			</trkpt>
			<trkpt lat="48.634211" lon="14.716515">
				<ele>742.000000</ele>
			</trkpt>
			<trkpt lat="48.633498" lon="14.715913">
				<ele>744.000000</ele>
			</trkpt>
			<trkpt lat="48.633356" lon="14.715806">
				<ele>744.000000</ele>
			</trkpt>
			<trkpt lat="48.633231" lon="14.715725">
				<ele>745.000000</ele>
			</trkpt>
			<trkpt lat="48.633094" lon="14.715672">
				<ele>745.000000</ele>
			</trkpt>
			<trkpt lat="48.632988" lon="14.715643">
				<ele>746.000000</ele>
			</trkpt>
			<trkpt lat="48.632851" lon="14.715643">
				<ele>747.000000</ele>
			</trkpt>
			<trkpt lat="48.632732" lon="14.715689">
				<ele>748.000000</ele>
			</trkpt>
			<trkpt lat="48.632620" lon="14.715743">
				<ele>749.000000</ele>
			</trkpt>
			<trkpt lat="48.632501" lon="14.715832">
				<ele>751.000000</ele>
			</trkpt>
			<trkpt lat="48.632376" lon="14.715932">
				<ele>753.000000</ele>
			</trkpt>
			<trkpt lat="48.632222" lon="14.716003">
				<ele>756.000000</ele>
			</trkpt>
			<trkpt lat="48.632079" lon="14.716031">
				<ele>758.000000</ele>
			</trkpt>
			<trkpt lat="48.631937" lon="14.716031">
				<ele>760.000000</ele>
			</trkpt>
			<trkpt lat="48.631800" lon="14.715985">
				<ele>761.000000</ele>
			</trkpt>
			<trkpt lat="48.631629" lon="14.715905">
				<ele>763.000000</ele>
			</trkpt>
			<trkpt lat="48.631456" lon="14.715788">
				<ele>765.000000</ele>
			</trkpt>
			<trkpt lat="48.631248" lon="14.715609">
				<ele>765.000000</ele>
			</trkpt>
			<trkpt lat="48.631136" lon="14.715519">
				<ele>766.000000</ele>
			</trkpt>
			<trkpt lat="48.631022" lon="14.715446">
				<ele>766.000000</ele>
			</trkpt>
			<trkpt lat="48.630928" lon="14.715410">
				<ele>766.000000</ele>
			</trkpt>
			<trkpt lat="48.630827" lon="14.715410">
				<ele>767.000000</ele>
			</trkpt>
			<trkpt lat="48.630666" lon="14.715410">
				<ele>767.000000</ele>
			</trkpt>
			<trkpt lat="48.630524" lon="14.715402">
				<ele>767.000000</ele>
			</trkpt>
			<trkpt lat="48.630007" lon="14.715249">
				<ele>769.000000</ele>
			</trkpt>
			<trkpt lat="48.629746" lon="14.715195">
				<ele>770.000000</ele>
			</trkpt>
			<trkpt lat="48.629497" lon="14.715203">
				<ele>771.000000</ele>
			</trkpt>
			<trkpt lat="48.628992" lon="14.715213">
				<ele>778.000000</ele>
			</trkpt>
			<trkpt lat="48.628297" lon="14.715203">
				<ele>787.000000</ele>
			</trkpt>
			<trkpt lat="48.627983" lon="14.715213">
				<ele>791.000000</ele>
			</trkpt>
			<trkpt lat="48.627769" lon="14.715195">
				<ele>794.000000</ele>
			</trkpt>
			<trkpt lat="48.627550" lon="14.715159">
				<ele>797.000000</ele>
			</trkpt>
			<trkpt lat="48.627371" lon="14.715106">
				<ele>799.000000</ele>
			</trkpt>
			<trkpt lat="48.627211" lon="14.715024">
				<ele>800.000000</ele>
			</trkpt>
			<trkpt lat="48.626986" lon="14.714890">
				<ele>800.000000</ele>
			</trkpt>
			<trkpt lat="48.626706" lon="14.714701">
				<ele>800.000000</ele>
			</trkpt>
			<trkpt lat="48.626427" lon="14.714540">
				<ele>800.000000</ele>
			</trkpt>
			<trkpt lat="48.625501" lon="14.714054">
				<ele>805.000000</ele>
			</trkpt>
			<trkpt lat="48.625370" lon="14.713991">
				<ele>806.000000</ele>
			</trkpt>
			<trkpt lat="48.625264" lon="14.713964">
				<ele>807.000000</ele>
			</trkpt>
			<trkpt lat="48.625174" lon="14.713964">
				<ele>808.000000</ele>
			</trkpt>
			<trkpt lat="48.625091" lon="14.713991">
				<ele>808.000000</ele>
			</trkpt>
			<trkpt lat="48.625014" lon="14.714045">
				<ele>809.000000</ele>
			</trkpt>
			<trkpt lat="48.624948" lon="14.714117">
				<ele>809.000000</ele>
			</trkpt>
			<trkpt lat="48.624634" lon="14.714548">
				<ele>812.000000</ele>
			</trkpt>
			<trkpt lat="48.624545" lon="14.714647">
				<ele>813.000000</ele>
			</trkpt>
			<trkpt lat="48.624450" lon="14.714727">
				<ele>814.000000</ele>
			</trkpt>
			<trkpt lat="48.624355" lon="14.714800">
				<ele>815.000000</ele>
			</trkpt>
			<trkpt lat="48.624260" lon="14.714853">
				<ele>816.000000</ele>
			</trkpt>
			<trkpt lat="48.624159" lon="14.714890">
				<ele>816.000000</ele>
			</trkpt>
			<trkpt lat="48.624058" lon="14.714916">
				<ele>817.000000</ele>
			</trkpt>
			<trkpt lat="48.623773" lon="14.714953">
				<ele>820.000000</ele>
			</trkpt>
			<trkpt lat="48.623690" lon="14.714961">
				<ele>820.000000</ele>
			</trkpt>
			<trkpt lat="48.623601" lon="14.714989">
				<ele>821.000000</ele>
			</trkpt>
			<trkpt lat="48.623530" lon="14.715033">
				<ele>822.000000</ele>
			</trkpt>
			<trkpt lat="48.623459" lon="14.715096">
				<ele>823.000000</ele>
			</trkpt>
			<trkpt lat="48.623351" lon="14.715203">
				<ele>825.000000</ele>
			</trkpt>
			<trkpt lat="48.623138" lon="14.715519">
				<ele>829.000000</ele>
			</trkpt>
			<trkpt lat="48.623031" lon="14.715643">
				<ele>830.000000</ele>
			</trkpt>
			<trkpt lat="48.622954" lon="14.715716">
				<ele>830.000000</ele>
			</trkpt>
			<trkpt lat="48.622894" lon="14.715769">
				<ele>831.000000</ele>
			</trkpt>
			<trkpt lat="48.622823" lon="14.715796">
				<ele>831.000000</ele>
			</trkpt>
			<trkpt lat="48.622770" lon="14.715823">
				<ele>831.000000</ele>
			</trkpt>
			<trkpt lat="48.622716" lon="14.715823">
				<ele>831.000000</ele>
			</trkpt>
			<trkpt lat="48.622657" lon="14.715806">
				<ele>831.000000</ele>
			</trkpt>
			<trkpt lat="48.622604" lon="14.715779">
				<ele>832.000000</ele>
			</trkpt>
			<trkpt lat="48.622562" lon="14.715743">
				<ele>832.000000</ele>
			</trkpt>
			<trkpt lat="48.622479" lon="14.715643">
				<ele>832.000000</ele>
			</trkpt>
			<trkpt lat="48.622413" lon="14.715563">
				<ele>832.000000</ele>
			</trkpt>
			<trkpt lat="48.622360" lon="14.715473">
				<ele>832.000000</ele>
			</trkpt>
			<trkpt lat="48.622319" lon="14.715347">
				<ele>833.000000</ele>
			</trkpt>
			<trkpt lat="48.622235" lon="14.715123">
				<ele>833.000000</ele>
			</trkpt>
			<trkpt lat="48.622199" lon="14.715043">
				<ele>833.000000</ele>
			</trkpt>
			<trkpt lat="48.622146" lon="14.714970">
				<ele>833.000000</ele>
			</trkpt>
			<trkpt lat="48.622074" lon="14.714916">
				<ele>834.000000</ele>
			</trkpt>
			<trkpt lat="48.621570" lon="14.714727">
				<ele>835.000000</ele>
			</trkpt>
			<trkpt lat="48.621433" lon="14.714674">
				<ele>836.000000</ele>
			</trkpt>
			<trkpt lat="48.621344" lon="14.714593">
				<ele>836.000000</ele>
			</trkpt>
			<trkpt lat="48.620721" lon="14.713991">
				<ele>838.000000</ele>
			</trkpt>
			<trkpt lat="48.620602" lon="14.713892">
				<ele>838.000000</ele>
			</trkpt>
			<trkpt lat="48.620543" lon="14.713811">
				<ele>839.000000</ele>
			</trkpt>
			<trkpt lat="48.620495" lon="14.713722">
				<ele>839.000000</ele>
			</trkpt>
			<trkpt lat="48.620377" lon="14.713461">
				<ele>839.000000</ele>
			</trkpt>
			<trkpt lat="48.620269" lon="14.713219">
				<ele>840.000000</ele>
			</trkpt>
			<trkpt lat="48.620198" lon="14.713165">
				<ele>841.000000</ele>
			</trkpt>
			<trkpt lat="48.620127" lon="14.713093">
				<ele>842.000000</ele>
			</trkpt>
			<trkpt lat="48.619919" lon="14.712895">
				<ele>844.000000</ele>
			</trkpt>
			<trkpt lat="48.619765" lon="14.712769">
				<ele>846.000000</ele>
			</trkpt>
			<trkpt lat="48.619610" lon="14.712689">
				<ele>848.000000</ele>
			</trkpt>
			<trkpt lat="48.619439" lon="14.712653">
				<ele>850.000000</ele>
			</trkpt>
			<trkpt lat="48.619052" lon="14.712617">
				<ele>852.000000</ele>
			</trkpt>
			<trkpt lat="48.618826" lon="14.712563">
				<ele>853.000000</ele>
			</trkpt>
			<trkpt lat="48.618755" lon="14.712536">
				<ele>853.000000</ele>
			</trkpt>
			<trkpt lat="48.618702" lon="14.712490">
				<ele>854.000000</ele>
			</trkpt>
			<trkpt lat="48.618649" lon="14.712437">
				<ele>854.000000</ele>
			</trkpt>
			<trkpt lat="48.618595" lon="14.712374">
				<ele>854.000000</ele>
			</trkpt>
			<trkpt lat="48.618541" lon="14.712266">
				<ele>855.000000</ele>
			</trkpt>
			<trkpt lat="48.618506" lon="14.712140">
				<ele>855.000000</ele>
			</trkpt>
			<trkpt lat="48.618482" lon="14.712006">
				<ele>856.000000</ele>
			</trkpt>
			<trkpt lat="48.618464" lon="14.711745">
				<ele>857.000000</ele>
			</trkpt>
			<trkpt lat="48.618423" lon="14.711135">
				<ele>859.000000</ele>
			</trkpt>
			<trkpt lat="48.618393" lon="14.710882">
				<ele>860.000000</ele>
			</trkpt>
			<trkpt lat="48.618346" lon="14.710622">
				<ele>860.000000</ele>
			</trkpt>
			<trkpt lat="48.618274" lon="14.710335">
				<ele>860.000000</ele>
			</trkpt>
			<trkpt lat="48.618126" lon="14.709877">
				<ele>860.000000</ele>
			</trkpt>
			<trkpt lat="48.618019" lon="14.709563">
				<ele>860.000000</ele>
			</trkpt>
			<trkpt lat="48.617965" lon="14.709391">
				<ele>860.000000</ele>
			</trkpt>
			<trkpt lat="48.617918" lon="14.709211">
				<ele>860.000000</ele>
			</trkpt>
			<trkpt lat="48.617829" lon="14.708700">
				<ele>860.000000</ele>
			</trkpt>
			<trkpt lat="48.617793" lon="14.708511">
				<ele>860.000000</ele>
			</trkpt>
			<trkpt lat="48.617710" lon="14.708143">
				<ele>860.000000</ele>
			</trkpt>
			<trkpt lat="48.617609" lon="14.707693">
				<ele>860.000000</ele>
			</trkpt>
			<trkpt lat="48.617508" lon="14.707316">
				<ele>860.000000</ele>
			</trkpt>
			<trkpt lat="48.617449" lon="14.707047">
				<ele>860.000000</ele>
			</trkpt>
			<trkpt lat="48.617419" lon="14.706814">
				<ele>860.000000</ele>
			</trkpt>
			<trkpt lat="48.617407" lon="14.706561">
				<ele>860.000000</ele>
			</trkpt>
			<trkpt lat="48.617437" lon="14.706140">
				<ele>860.000000</ele>
			</trkpt>
			<trkpt lat="48.617472" lon="14.705619">
				<ele>862.000000</ele>
			</trkpt>
			<trkpt lat="48.617556" lon="14.704810">
				<ele>864.000000</ele>
			</trkpt>
			<trkpt lat="48.617585" lon="14.704469">
				<ele>865.000000</ele>
			</trkpt>
			<trkpt lat="48.617591" lon="14.704200">
				<ele>866.000000</ele>
			</trkpt>
			<trkpt lat="48.617585" lon="14.703921">
				<ele>866.000000</ele>
			</trkpt>
			<trkpt lat="48.617544" lon="14.703561">
				<ele>867.000000</ele>
			</trkpt>
			<trkpt lat="48.617502" lon="14.703311">
				<ele>868.000000</ele>
			</trkpt>
			<trkpt lat="48.617472" lon="14.703202">
				<ele>868.000000</ele>
			</trkpt>
			<trkpt lat="48.617443" lon="14.703112">
				<ele>868.000000</ele>
			</trkpt>
			<trkpt lat="48.617407" lon="14.703041">
				<ele>868.000000</ele>
			</trkpt>
			<trkpt lat="48.617366" lon="14.702959">
				<ele>869.000000</ele>
			</trkpt>
			<trkpt lat="48.617259" lon="14.702825">
				<ele>869.000000</ele>
			</trkpt>
			<trkpt lat="48.617051" lon="14.702636">
				<ele>870.000000</ele>
			</trkpt>
			<trkpt lat="48.616932" lon="14.702502">
				<ele>872.000000</ele>
			</trkpt>
			<trkpt lat="48.616843" lon="14.702358">
				<ele>874.000000</ele>
			</trkpt>
			<trkpt lat="48.616748" lon="14.702196">
				<ele>876.000000</ele>
			</trkpt>
			<trkpt lat="48.616445" lon="14.701531">
				<ele>881.000000</ele>
			</trkpt>
			<trkpt lat="48.616208" lon="14.701001">
				<ele>885.000000</ele>
			</trkpt>
			<trkpt lat="48.616029" lon="14.700571">
				<ele>887.000000</ele>
			</trkpt>
			<trkpt lat="48.615928" lon="14.700282">
				<ele>889.000000</ele>
			</trkpt>
			<trkpt lat="48.615857" lon="14.700005">
				<ele>890.000000</ele>
			</trkpt>
			<trkpt lat="48.615810" lon="14.699663">
				<ele>893.000000</ele>
			</trkpt>
			<trkpt lat="48.615757" lon="14.699223">
				<ele>897.000000</ele>
			</trkpt>
			<trkpt lat="48.615732" lon="14.699160">
				<ele>897.000000</ele>
			</trkpt>
			<trkpt lat="48.615697" lon="14.699106">
				<ele>898.000000</ele>
			</trkpt>
			<trkpt lat="48.615655" lon="14.699079">
				<ele>898.000000</ele>
			</trkpt>
			<trkpt lat="48.615590" lon="14.699061">
				<ele>899.000000</ele>
			</trkpt>
			<trkpt lat="48.614628" lon="14.698963">
				<ele>909.000000</ele>
			</trkpt>
			<trkpt lat="48.614503" lon="14.698953">
				<ele>910.000000</ele>
			</trkpt>
			<trkpt lat="48.614396" lon="14.698953">
				<ele>910.000000</ele>
			</trkpt>
			<trkpt lat="48.613909" lon="14.699026">
				<ele>912.000000</ele>
			</trkpt>
			<trkpt lat="48.613755" lon="14.699026">
				<ele>913.000000</ele>
			</trkpt>
			<trkpt lat="48.613529" lon="14.699026">
				<ele>914.000000</ele>
			</trkpt>
			<trkpt lat="48.613333" lon="14.698980">
				<ele>915.000000</ele>
			</trkpt>
			<trkpt lat="48.613143" lon="14.698927">
				<ele>915.000000</ele>
			</trkpt>
			<trkpt lat="48.612936" lon="14.698854">
				<ele>917.000000</ele>
			</trkpt>
			<trkpt lat="48.612745" lon="14.698747">
				<ele>918.000000</ele>
			</trkpt>
			<trkpt lat="48.612579" lon="14.698640">
				<ele>920.000000</ele>
			</trkpt>
			<trkpt lat="48.612109" lon="14.698271">
				<ele>921.000000</ele>
			</trkpt>
			<trkpt lat="48.611830" lon="14.698055">
				<ele>921.000000</ele>
			</trkpt>
			<trkpt lat="48.611647" lon="14.697948">
				<ele>921.000000</ele>
			</trkpt>
			<trkpt lat="48.611474" lon="14.697858">
				<ele>922.000000</ele>
			</trkpt>
			<trkpt lat="48.611273" lon="14.697785">
				<ele>922.000000</ele>
			</trkpt>
			<trkpt lat="48.611028" lon="14.697732">
				<ele>922.000000</ele>
			</trkpt>
			<trkpt lat="48.610880" lon="14.697687">
				<ele>923.000000</ele>
			</trkpt>
			<trkpt lat="48.610750" lon="14.697632">
				<ele>923.000000</ele>
			</trkpt>
			<trkpt lat="48.610595" lon="14.697534">
				<ele>923.000000</ele>
			</trkpt>
			<trkpt lat="48.610435" lon="14.697445">
				<ele>923.000000</ele>
			</trkpt>
			<trkpt lat="48.610322" lon="14.697399">
				<ele>923.000000</ele>
			</trkpt>
			<trkpt lat="48.610245" lon="14.697390">
				<ele>923.000000</ele>
			</trkpt>
			<trkpt lat="48.610155" lon="14.697418">
				<ele>924.000000</ele>
			</trkpt>
			<trkpt lat="48.609895" lon="14.697498">
				<ele>924.000000</ele>
			</trkpt>
			<trkpt lat="48.609793" lon="14.697525">
				<ele>924.000000</ele>
			</trkpt>
			<trkpt lat="48.609687" lon="14.697516">
				<ele>924.000000</ele>
			</trkpt>
			<trkpt lat="48.609633" lon="14.697489">
				<ele>924.000000</ele>
			</trkpt>
			<trkpt lat="48.609567" lon="14.697462">
				<ele>924.000000</ele>
			</trkpt>
			<trkpt lat="48.609342" lon="14.697282">
				<ele>925.000000</ele>
			</trkpt>
			<trkpt lat="48.609205" lon="14.697202">
				<ele>925.000000</ele>
			</trkpt>
			<trkpt lat="48.608991" lon="14.697085">
				<ele>925.000000</ele>
			</trkpt>
			<trkpt lat="48.608926" lon="14.697058">
				<ele>925.000000</ele>
			</trkpt>
			<trkpt lat="48.608867" lon="14.697040">
				<ele>925.000000</ele>
			</trkpt>
			<trkpt lat="48.608802" lon="14.697040">
				<ele>925.000000</ele>
			</trkpt>
			<trkpt lat="48.608748" lon="14.697058">
				<ele>925.000000</ele>
			</trkpt>
			<trkpt lat="48.608694" lon="14.697103">
				<ele>925.000000</ele>
			</trkpt>
			<trkpt lat="48.608641" lon="14.697139">
				<ele>925.000000</ele>
			</trkpt>
			<trkpt lat="48.608320" lon="14.697479">
				<ele>925.000000</ele>
			</trkpt>
			<trkpt lat="48.608029" lon="14.697839">
				<ele>925.000000</ele>
			</trkpt>
			<trkpt lat="48.607815" lon="14.698118">
				<ele>925.000000</ele>
			</trkpt>
			<trkpt lat="48.607127" lon="14.699061">
				<ele>929.000000</ele>
			</trkpt>
			<trkpt lat="48.606990" lon="14.699267">
				<ele>930.000000</ele>
			</trkpt>
			<trkpt lat="48.606877" lon="14.699466">
				<ele>930.000000</ele>
			</trkpt>
			<trkpt lat="48.606776" lon="14.699699">
				<ele>930.000000</ele>
			</trkpt>
			<trkpt lat="48.606628" lon="14.700121">
				<ele>930.000000</ele>
			</trkpt>
			<trkpt lat="48.606491" lon="14.700517">
				<ele>930.000000</ele>
			</trkpt>
			<trkpt lat="48.606283" lon="14.701235">
				<ele>930.000000</ele>
			</trkpt>
			<trkpt lat="48.606212" lon="14.701424">
				<ele>930.000000</ele>
			</trkpt>
			<trkpt lat="48.606140" lon="14.701577">
				<ele>930.000000</ele>
			</trkpt>
			<trkpt lat="48.606034" lon="14.701703">
				<ele>930.000000</ele>
			</trkpt>
			<trkpt lat="48.605921" lon="14.701783">
				<ele>930.000000</ele>
			</trkpt>
			<trkpt lat="48.605458" lon="14.702079">
				<ele>930.000000</ele>
			</trkpt>
			<trkpt lat="48.605219" lon="14.702223">
				<ele>930.000000</ele>
			</trkpt>
			<trkpt lat="48.605012" lon="14.702340">
				<ele>930.000000</ele>
			</trkpt>
			<trkpt lat="48.604928" lon="14.702385">
				<ele>931.000000</ele>
			</trkpt>
			<trkpt lat="48.604851" lon="14.702385">
				<ele>931.000000</ele>
			</trkpt>
			<trkpt lat="48.604756" lon="14.702349">
				<ele>931.000000</ele>
			</trkpt>
			<trkpt lat="48.604626" lon="14.702269">
				<ele>931.000000</ele>
			</trkpt>
			<trkpt lat="48.604560" lon="14.702250">
				<ele>931.000000</ele>
			</trkpt>
			<trkpt lat="48.604495" lon="14.702250">
				<ele>931.000000</ele>
			</trkpt>
			<trkpt lat="48.604371" lon="14.701316">
				<ele>928.000000</ele>
			</trkpt>
			<trkpt lat="48.604074" lon="14.699133">
				<ele>922.000000</ele>
			</trkpt>
			<trkpt lat="48.603877" lon="14.697722">
				<ele>919.000000</ele>
			</trkpt>
			<trkpt lat="48.603800" lon="14.697112">
				<ele>918.000000</ele>
			</trkpt>
			<trkpt lat="48.603800" lon="14.697112">
				<ele>918.000000</ele>
			</trkpt>
			<trkpt lat="48.603794" lon="14.697049">
				<ele>918.000000</ele>
			</trkpt>
			<trkpt lat="48.603770" lon="14.696887">
				<ele>918.000000</ele>
			</trkpt>
			<trkpt lat="48.603770" lon="14.696735">
				<ele>917.000000</ele>
			</trkpt>
			<trkpt lat="48.603783" lon="14.696600">
				<ele>917.000000</ele>
			</trkpt>
			<trkpt lat="48.603818" lon="14.696474">
				<ele>917.000000</ele>
			</trkpt>
			<trkpt lat="48.603616" lon="14.696196">
				<ele>914.000000</ele>
			</trkpt>
			<trkpt lat="48.603485" lon="14.696016">
				<ele>912.000000</ele>
			</trkpt>
			<trkpt lat="48.603349" lon="14.695871">
				<ele>910.000000</ele>
			</trkpt>
			<trkpt lat="48.603241" lon="14.695774">
				<ele>909.000000</ele>
			</trkpt>
			<trkpt lat="48.603123" lon="14.695720">
				<ele>908.000000</ele>
			</trkpt>
			<trkpt lat="48.602968" lon="14.695693">
				<ele>906.000000</ele>
			</trkpt>
			<trkpt lat="48.602808" lon="14.695665">
				<ele>905.000000</ele>
			</trkpt>
			<trkpt lat="48.602701" lon="14.695638">
				<ele>905.000000</ele>
			</trkpt>
			<trkpt lat="48.602612" lon="14.695603">
				<ele>905.000000</ele>
			</trkpt>
			<trkpt lat="48.602511" lon="14.695521">
				<ele>905.000000</ele>
			</trkpt>
			<trkpt lat="48.602422" lon="14.695441">
				<ele>905.000000</ele>
			</trkpt>
			<trkpt lat="48.602333" lon="14.695369">
				<ele>905.000000</ele>
			</trkpt>
			<trkpt lat="48.602089" lon="14.695244">
				<ele>905.000000</ele>
			</trkpt>
			<trkpt lat="48.601959" lon="14.695162">
				<ele>905.000000</ele>
			</trkpt>
			<trkpt lat="48.601863" lon="14.695091">
				<ele>905.000000</ele>
			</trkpt>
			<trkpt lat="48.601763" lon="14.694982">
				<ele>905.000000</ele>
			</trkpt>
			<trkpt lat="48.601662" lon="14.694848">
				<ele>905.000000</ele>
			</trkpt>
			<trkpt lat="48.601501" lon="14.694605">
				<ele>905.000000</ele>
			</trkpt>
			<trkpt lat="48.601317" lon="14.694282">
				<ele>906.000000</ele>
			</trkpt>
			<trkpt lat="48.601169" lon="14.694022">
				<ele>909.000000</ele>
			</trkpt>
			<trkpt lat="48.601020" lon="14.693806">
				<ele>911.000000</ele>
			</trkpt>
			<trkpt lat="48.600919" lon="14.693663">
				<ele>912.000000</ele>
			</trkpt>
			<trkpt lat="48.600830" lon="14.693500">
				<ele>912.000000</ele>
			</trkpt>
			<trkpt lat="48.600550" lon="14.692944">
				<ele>915.000000</ele>
			</trkpt>
			<trkpt lat="48.600373" lon="14.692621">
				<ele>915.000000</ele>
			</trkpt>
			<trkpt lat="48.600253" lon="14.692414">
				<ele>915.000000</ele>
			</trkpt>
			<trkpt lat="48.600111" lon="14.692225">
				<ele>915.000000</ele>
			</trkpt>
			<trkpt lat="48.599945" lon="14.692055">
				<ele>915.000000</ele>
			</trkpt>
			<trkpt lat="48.599885" lon="14.691982">
				<ele>915.000000</ele>
			</trkpt>
			<trkpt lat="48.599820" lon="14.691902">
				<ele>915.000000</ele>
			</trkpt>
			<trkpt lat="48.599784" lon="14.691848">
				<ele>915.000000</ele>
			</trkpt>
			<trkpt lat="48.599748" lon="14.691766">
				<ele>915.000000</ele>
			</trkpt>
			<trkpt lat="48.599731" lon="14.691686">
				<ele>915.000000</ele>
			</trkpt>
			<trkpt lat="48.599713" lon="14.691605">
				<ele>915.000000</ele>
			</trkpt>
			<trkpt lat="48.599701" lon="14.691336">
				<ele>915.000000</ele>
			</trkpt>
			<trkpt lat="48.599654" lon="14.690330">
				<ele>911.000000</ele>
			</trkpt>
			<trkpt lat="48.599642" lon="14.689799">
				<ele>908.000000</ele>
			</trkpt>
			<trkpt lat="48.599636" lon="14.689629">
				<ele>907.000000</ele>
			</trkpt>
			<trkpt lat="48.599618" lon="14.689485">
				<ele>906.000000</ele>
			</trkpt>
			<trkpt lat="48.599588" lon="14.689350">
				<ele>905.000000</ele>
			</trkpt>
			<trkpt lat="48.599553" lon="14.689261">
				<ele>905.000000</ele>
			</trkpt>
			<trkpt lat="48.599505" lon="14.689162">
				<ele>905.000000</ele>
			</trkpt>
			<trkpt lat="48.599451" lon="14.689099">
				<ele>905.000000</ele>
			</trkpt>
			<trkpt lat="48.599386" lon="14.689045">
				<ele>905.000000</ele>
			</trkpt>
			<trkpt lat="48.599327" lon="14.689018">
				<ele>905.000000</ele>
			</trkpt>
			<trkpt lat="48.599148" lon="14.688963">
				<ele>907.000000</ele>
			</trkpt>
			<trkpt lat="48.598940" lon="14.688955">
				<ele>909.000000</ele>
			</trkpt>
			<trkpt lat="48.598786" lon="14.688963">
				<ele>910.000000</ele>
			</trkpt>
			<trkpt lat="48.598715" lon="14.688749">
				<ele>910.000000</ele>
			</trkpt>
			<trkpt lat="48.598649" lon="14.688397">
				<ele>910.000000</ele>
			</trkpt>
			<trkpt lat="48.598614" lon="14.688237">
				<ele>910.000000</ele>
			</trkpt>
			<trkpt lat="48.598543" lon="14.687967">
				<ele>910.000000</ele>
			</trkpt>
			<trkpt lat="48.598495" lon="14.687715">
				<ele>910.000000</ele>
			</trkpt>
			<trkpt lat="48.598448" lon="14.687445">
				<ele>910.000000</ele>
			</trkpt>
			<trkpt lat="48.598383" lon="14.687015">
				<ele>908.000000</ele>
			</trkpt>
			<trkpt lat="48.598377" lon="14.686916">
				<ele>907.000000</ele>
			</trkpt>
			<trkpt lat="48.598377" lon="14.686835">
				<ele>907.000000</ele>
			</trkpt>
			<trkpt lat="48.598394" lon="14.686673">
				<ele>906.000000</ele>
			</trkpt>
			<trkpt lat="48.598436" lon="14.686529">
				<ele>905.000000</ele>
			</trkpt>
			<trkpt lat="48.598560" lon="14.686189">
				<ele>905.000000</ele>
			</trkpt>
			<trkpt lat="48.598768" lon="14.685747">
				<ele>905.000000</ele>
			</trkpt>
			<trkpt lat="48.598869" lon="14.685524">
				<ele>905.000000</ele>
			</trkpt>
			<trkpt lat="48.598940" lon="14.685326">
				<ele>905.000000</ele>
			</trkpt>
			<trkpt lat="48.598994" lon="14.685155">
				<ele>906.000000</ele>
			</trkpt>
			<trkpt lat="48.599089" lon="14.684625">
				<ele>910.000000</ele>
			</trkpt>
			<trkpt lat="48.599148" lon="14.684185">
				<ele>912.000000</ele>
			</trkpt>
			<trkpt lat="48.599196" lon="14.683772">
				<ele>914.000000</ele>
			</trkpt>
			<trkpt lat="48.599238" lon="14.683197">
				<ele>916.000000</ele>
			</trkpt>
			<trkpt lat="48.599262" lon="14.682684">
				<ele>918.000000</ele>
			</trkpt>
			<trkpt lat="48.599274" lon="14.682397">
				<ele>919.000000</ele>
			</trkpt>
			<trkpt lat="48.599274" lon="14.682397">
				<ele>919.000000</ele>
			</trkpt>
			<trkpt lat="48.599274" lon="14.682344">
				<ele>919.000000</ele>
			</trkpt>
			<trkpt lat="48.599262" lon="14.681994">
				<ele>921.000000</ele>
			</trkpt>
			<trkpt lat="48.599232" lon="14.681625">
				<ele>924.000000</ele>
			</trkpt>
			<trkpt lat="48.599166" lon="14.680952">
				<ele>927.000000</ele>
			</trkpt>
			<trkpt lat="48.599042" lon="14.679442">
				<ele>932.000000</ele>
			</trkpt>
			<trkpt lat="48.599018" lon="14.679208">
				<ele>932.000000</ele>
			</trkpt>
			<trkpt lat="48.599018" lon="14.679019">
				<ele>932.000000</ele>
			</trkpt>
			<trkpt lat="48.599036" lon="14.678831">
				<ele>933.000000</ele>
			</trkpt>
			<trkpt lat="48.599083" lon="14.678625">
				<ele>933.000000</ele>
			</trkpt>
			<trkpt lat="48.598982" lon="14.678355">
				<ele>934.000000</ele>
			</trkpt>
			<trkpt lat="48.598881" lon="14.678113">
				<ele>934.000000</ele>
			</trkpt>
			<trkpt lat="48.598780" lon="14.677897">
				<ele>935.000000</ele>
			</trkpt>
			<trkpt lat="48.598674" lon="14.677700">
				<ele>935.000000</ele>
			</trkpt>
			<trkpt lat="48.598555" lon="14.677501">
				<ele>936.000000</ele>
			</trkpt>
			<trkpt lat="48.598412" lon="14.677286">
				<ele>936.000000</ele>
			</trkpt>
			<trkpt lat="48.598079" lon="14.676855">
				<ele>938.000000</ele>
			</trkpt>
			<trkpt lat="48.597913" lon="14.676684">
				<ele>938.000000</ele>
			</trkpt>
			<trkpt lat="48.597764" lon="14.676549">
				<ele>939.000000</ele>
			</trkpt>
			<trkpt lat="48.597598" lon="14.676424">
				<ele>939.000000</ele>
			</trkpt>
			<trkpt lat="48.597432" lon="14.676334">
				<ele>940.000000</ele>
			</trkpt>
			<trkpt lat="48.597105" lon="14.676199">
				<ele>941.000000</ele>
			</trkpt>
			<trkpt lat="48.595959" lon="14.675723">
				<ele>947.000000</ele>
			</trkpt>
			<trkpt lat="48.595881" lon="14.675678">
				<ele>947.000000</ele>
			</trkpt>
			<trkpt lat="48.595798" lon="14.675597">
				<ele>948.000000</ele>
			</trkpt>
			<trkpt lat="48.595733" lon="14.675516">
				<ele>948.000000</ele>
			</trkpt>
			<trkpt lat="48.595691" lon="14.675409">
				<ele>949.000000</ele>
			</trkpt>
			<trkpt lat="48.595643" lon="14.675273">
				<ele>949.000000</ele>
			</trkpt>
			<trkpt lat="48.595608" lon="14.675121">
				<ele>950.000000</ele>
			</trkpt>
			<trkpt lat="48.595590" lon="14.674950">
				<ele>950.000000</ele>
			</trkpt>
			<trkpt lat="48.595572" lon="14.674761">
				<ele>951.000000</ele>
			</trkpt>
			<trkpt lat="48.595572" lon="14.674591">
				<ele>951.000000</ele>
			</trkpt>
			<trkpt lat="48.595554" lon="14.674312">
				<ele>952.000000</ele>
			</trkpt>
			<trkpt lat="48.595513" lon="14.674070">
				<ele>952.000000</ele>
			</trkpt>
			<trkpt lat="48.595388" lon="14.673279">
				<ele>954.000000</ele>
			</trkpt>
			<trkpt lat="48.595311" lon="14.672740">
				<ele>955.000000</ele>
			</trkpt>
			<trkpt lat="48.595257" lon="14.672184">
				<ele>955.000000</ele>
			</trkpt>
			<trkpt lat="48.595209" lon="14.671545">
				<ele>955.000000</ele>
			</trkpt>
			<trkpt lat="48.595192" lon="14.671222">
				<ele>955.000000</ele>
			</trkpt>
			<trkpt lat="48.595204" lon="14.671115">
				<ele>955.000000</ele>
			</trkpt>
			<trkpt lat="48.595222" lon="14.670989">
				<ele>955.000000</ele>
			</trkpt>
			<trkpt lat="48.595346" lon="14.670675">
				<ele>955.000000</ele>
			</trkpt>
			<trkpt lat="48.595454" lon="14.670405">
				<ele>955.000000</ele>
			</trkpt>
			<trkpt lat="48.595988" lon="14.669237">
				<ele>955.000000</ele>
			</trkpt>
			<trkpt lat="48.596042" lon="14.669130">
				<ele>955.000000</ele>
			</trkpt>
			<trkpt lat="48.596113" lon="14.669048">
				<ele>955.000000</ele>
			</trkpt>
			<trkpt lat="48.596196" lon="14.669004">
				<ele>955.000000</ele>
			</trkpt>
			<trkpt lat="48.596327" lon="14.668950">
				<ele>955.000000</ele>
			</trkpt>
			<trkpt lat="48.596416" lon="14.668905">
				<ele>955.000000</ele>
			</trkpt>
			<trkpt lat="48.596499" lon="14.668851">
				<ele>955.000000</ele>
			</trkpt>
			<trkpt lat="48.596565" lon="14.668797">
				<ele>955.000000</ele>
			</trkpt>
			<trkpt lat="48.596624" lon="14.668734">
				<ele>955.000000</ele>
			</trkpt>
			<trkpt lat="48.596689" lon="14.668644">
				<ele>955.000000</ele>
			</trkpt>
			<trkpt lat="48.596742" lon="14.668555">
				<ele>955.000000</ele>
			</trkpt>
			<trkpt lat="48.596867" lon="14.668285">
				<ele>955.000000</ele>
			</trkpt>
			<trkpt lat="48.597087" lon="14.667746">
				<ele>956.000000</ele>
			</trkpt>
			<trkpt lat="48.597277" lon="14.667360">
				<ele>957.000000</ele>
			</trkpt>
			<trkpt lat="48.597539" lon="14.666866">
				<ele>958.000000</ele>
			</trkpt>
			<trkpt lat="48.597996" lon="14.665985">
				<ele>962.000000</ele>
			</trkpt>
			<trkpt lat="48.598121" lon="14.665752">
				<ele>963.000000</ele>
			</trkpt>
			<trkpt lat="48.598287" lon="14.665518">
				<ele>965.000000</ele>
			</trkpt>
			<trkpt lat="48.598501" lon="14.665203">
				<ele>965.000000</ele>
			</trkpt>
			<trkpt lat="48.598917" lon="14.664602">
				<ele>965.000000</ele>
			</trkpt>
			<trkpt lat="48.599309" lon="14.663991">
				<ele>963.000000</ele>
			</trkpt>
			<trkpt lat="48.599701" lon="14.663335">
				<ele>960.000000</ele>
			</trkpt>
			<trkpt lat="48.600313" lon="14.662293">
				<ele>957.000000</ele>
			</trkpt>
			<trkpt lat="48.600847" lon="14.661368">
				<ele>954.000000</ele>
			</trkpt>
			<trkpt lat="48.601073" lon="14.660981">
				<ele>952.000000</ele>
			</trkpt>
			<trkpt lat="48.601192" lon="14.660794">
				<ele>952.000000</ele>
			</trkpt>
			<trkpt lat="48.601323" lon="14.660604">
				<ele>951.000000</ele>
			</trkpt>
			<trkpt lat="48.601477" lon="14.660434">
				<ele>950.000000</ele>
			</trkpt>
			<trkpt lat="48.601649" lon="14.660236">
				<ele>950.000000</ele>
			</trkpt>
			<trkpt lat="48.601976" lon="14.659786">
				<ele>949.000000</ele>
			</trkpt>
			<trkpt lat="48.602119" lon="14.659589">
				<ele>949.000000</ele>
			</trkpt>
			<trkpt lat="48.602220" lon="14.659482">
				<ele>949.000000</ele>
			</trkpt>
			<trkpt lat="48.602339" lon="14.659392">
				<ele>949.000000</ele>
			</trkpt>
			<trkpt lat="48.602451" lon="14.659293">
				<ele>948.000000</ele>
			</trkpt>
			<trkpt lat="48.602909" lon="14.658960">
				<ele>948.000000</ele>
			</trkpt>
			<trkpt lat="48.603099" lon="14.658817">
				<ele>948.000000</ele>
			</trkpt>
			<trkpt lat="48.603307" lon="14.658620">
				<ele>947.000000</ele>
			</trkpt>
			<trkpt lat="48.603366" lon="14.658583">
				<ele>947.000000</ele>
			</trkpt>
			<trkpt lat="48.603426" lon="14.658538">
				<ele>947.000000</ele>
			</trkpt>
			<trkpt lat="48.603479" lon="14.658530">
				<ele>947.000000</ele>
			</trkpt>
			<trkpt lat="48.603533" lon="14.658511">
				<ele>947.000000</ele>
			</trkpt>
			<trkpt lat="48.603646" lon="14.658538">
				<ele>947.000000</ele>
			</trkpt>
			<trkpt lat="48.603783" lon="14.658601">
				<ele>947.000000</ele>
			</trkpt>
			<trkpt lat="48.603883" lon="14.658628">
				<ele>947.000000</ele>
			</trkpt>
			<trkpt lat="48.603937" lon="14.658646">
				<ele>947.000000</ele>
			</trkpt>
			<trkpt lat="48.603990" lon="14.658628">
				<ele>946.000000</ele>
			</trkpt>
			<trkpt lat="48.604097" lon="14.658574">
				<ele>946.000000</ele>
			</trkpt>
			<trkpt lat="48.604222" lon="14.658475">
				<ele>946.000000</ele>
			</trkpt>
			<trkpt lat="48.604311" lon="14.658385">
				<ele>946.000000</ele>
			</trkpt>
			<trkpt lat="48.604501" lon="14.658161">
				<ele>946.000000</ele>
			</trkpt>
			<trkpt lat="48.604531" lon="14.658125">
				<ele>946.000000</ele>
			</trkpt>
			<trkpt lat="48.604537" lon="14.658080">
				<ele>946.000000</ele>
			</trkpt>
			<trkpt lat="48.604537" lon="14.657999">
				<ele>946.000000</ele>
			</trkpt>
			<trkpt lat="48.604519" lon="14.657882">
				<ele>946.000000</ele>
			</trkpt>
			<trkpt lat="48.604489" lon="14.657748">
				<ele>945.000000</ele>
			</trkpt>
			<trkpt lat="48.604483" lon="14.657595">
				<ele>945.000000</ele>
			</trkpt>
			<trkpt lat="48.604483" lon="14.657460">
				<ele>945.000000</ele>
			</trkpt>
			<trkpt lat="48.604501" lon="14.657173">
				<ele>945.000000</ele>
			</trkpt>
			<trkpt lat="48.604507" lon="14.656742">
				<ele>944.000000</ele>
			</trkpt>
			<trkpt lat="48.604507" lon="14.656589">
				<ele>944.000000</ele>
			</trkpt>
			<trkpt lat="48.604489" lon="14.656418">
				<ele>944.000000</ele>
			</trkpt>
			<trkpt lat="48.604477" lon="14.656157">
				<ele>944.000000</ele>
			</trkpt>
			<trkpt lat="48.604465" lon="14.655996">
				<ele>943.000000</ele>
			</trkpt>
			<trkpt lat="48.604483" lon="14.655834">
				<ele>943.000000</ele>
			</trkpt>
			<trkpt lat="48.604513" lon="14.655672">
				<ele>943.000000</ele>
			</trkpt>
			<trkpt lat="48.604548" lon="14.655520">
				<ele>943.000000</ele>
			</trkpt>
			<trkpt lat="48.604590" lon="14.655412">
				<ele>943.000000</ele>
			</trkpt>
			<trkpt lat="48.604643" lon="14.655314">
				<ele>942.000000</ele>
			</trkpt>
			<trkpt lat="48.604834" lon="14.655025">
				<ele>942.000000</ele>
			</trkpt>
			<trkpt lat="48.604887" lon="14.654936">
				<ele>942.000000</ele>
			</trkpt>
			<trkpt lat="48.604959" lon="14.654838">
				<ele>942.000000</ele>
			</trkpt>
			<trkpt lat="48.605030" lon="14.654756">
				<ele>941.000000</ele>
			</trkpt>
			<trkpt lat="48.605101" lon="14.654685">
				<ele>941.000000</ele>
			</trkpt>
			<trkpt lat="48.605172" lon="14.654630">
				<ele>941.000000</ele>
			</trkpt>
			<trkpt lat="48.605267" lon="14.654595">
				<ele>941.000000</ele>
			</trkpt>
			<trkpt lat="48.605469" lon="14.654513">
				<ele>941.000000</ele>
			</trkpt>
			<trkpt lat="48.606028" lon="14.654262">
				<ele>940.000000</ele>
			</trkpt>
			<trkpt lat="48.606099" lon="14.654217">
				<ele>940.000000</ele>
			</trkpt>
			<trkpt lat="48.606170" lon="14.654163">
				<ele>940.000000</ele>
			</trkpt>
			<trkpt lat="48.606223" lon="14.654083">
				<ele>940.000000</ele>
			</trkpt>
			<trkpt lat="48.606277" lon="14.653993">
				<ele>940.000000</ele>
			</trkpt>
			<trkpt lat="48.606312" lon="14.653903">
				<ele>940.000000</ele>
			</trkpt>
			<trkpt lat="48.606348" lon="14.653786">
				<ele>940.000000</ele>
			</trkpt>
			<trkpt lat="48.606360" lon="14.653660">
				<ele>939.000000</ele>
			</trkpt>
			<trkpt lat="48.606366" lon="14.653526">
				<ele>939.000000</ele>
			</trkpt>
			<trkpt lat="48.606378" lon="14.653354">
				<ele>939.000000</ele>
			</trkpt>
			<trkpt lat="48.606396" lon="14.653202">
				<ele>939.000000</ele>
			</trkpt>
			<trkpt lat="48.606420" lon="14.653067">
				<ele>939.000000</ele>
			</trkpt>
			<trkpt lat="48.606467" lon="14.652932">
				<ele>938.000000</ele>
			</trkpt>
			<trkpt lat="48.606520" lon="14.652788">
				<ele>938.000000</ele>
			</trkpt>
			<trkpt lat="48.606597" lon="14.652699">
				<ele>938.000000</ele>
			</trkpt>
			<trkpt lat="48.606699" lon="14.652645">
				<ele>938.000000</ele>
			</trkpt>
			<trkpt lat="48.606823" lon="14.652601">
				<ele>938.000000</ele>
			</trkpt>
			<trkpt lat="48.607245" lon="14.652501">
				<ele>937.000000</ele>
			</trkpt>
			<trkpt lat="48.607405" lon="14.652438">
				<ele>937.000000</ele>
			</trkpt>
			<trkpt lat="48.607483" lon="14.652394">
				<ele>936.000000</ele>
			</trkpt>
			<trkpt lat="48.607542" lon="14.652349">
				<ele>936.000000</ele>
			</trkpt>
			<trkpt lat="48.607596" lon="14.652295">
				<ele>936.000000</ele>
			</trkpt>
			<trkpt lat="48.607649" lon="14.652241">
				<ele>936.000000</ele>
			</trkpt>
			<trkpt lat="48.607750" lon="14.652070">
				<ele>936.000000</ele>
			</trkpt>
			<trkpt lat="48.607845" lon="14.651873">
				<ele>935.000000</ele>
			</trkpt>
			<trkpt lat="48.608035" lon="14.651559">
				<ele>935.000000</ele>
			</trkpt>
			<trkpt lat="48.608178" lon="14.651333">
				<ele>935.000000</ele>
			</trkpt>
			<trkpt lat="48.608303" lon="14.651136">
				<ele>934.000000</ele>
			</trkpt>
			<trkpt lat="48.608439" lon="14.650974">
				<ele>934.000000</ele>
			</trkpt>
			<trkpt lat="48.608600" lon="14.650794">
				<ele>934.000000</ele>
			</trkpt>
			<trkpt lat="48.608772" lon="14.650633">
				<ele>934.000000</ele>
			</trkpt>
			<trkpt lat="48.608902" lon="14.650507">
				<ele>933.000000</ele>
			</trkpt>
			<trkpt lat="48.609033" lon="14.650417">
				<ele>933.000000</ele>
			</trkpt>
			<trkpt lat="48.609193" lon="14.650310">
				<ele>933.000000</ele>
			</trkpt>
			<trkpt lat="48.609710" lon="14.649959">
				<ele>932.000000</ele>
			</trkpt>
			<trkpt lat="48.609864" lon="14.649842">
				<ele>932.000000</ele>
			</trkpt>
			<trkpt lat="48.610043" lon="14.649689">
				<ele>932.000000</ele>
			</trkpt>
			<trkpt lat="48.610144" lon="14.649591">
				<ele>931.000000</ele>
			</trkpt>
			<trkpt lat="48.610215" lon="14.649483">
				<ele>931.000000</ele>
			</trkpt>
			<trkpt lat="48.610477" lon="14.649062">
				<ele>931.000000</ele>
			</trkpt>
			<trkpt lat="48.610601" lon="14.648827">
				<ele>931.000000</ele>
			</trkpt>
			<trkpt lat="48.610654" lon="14.648737">
				<ele>930.000000</ele>
			</trkpt>
			<trkpt lat="48.610976" lon="14.648297">
				<ele>930.000000</ele>
			</trkpt>
			<trkpt lat="48.611059" lon="14.648163">
				<ele>929.000000</ele>
			</trkpt>
			<trkpt lat="48.611225" lon="14.647920">
				<ele>929.000000</ele>
			</trkpt>
			<trkpt lat="48.611361" lon="14.647687">
				<ele>928.000000</ele>
			</trkpt>
			<trkpt lat="48.611415" lon="14.647551">
				<ele>928.000000</ele>
			</trkpt>
			<trkpt lat="48.611527" lon="14.647219">
				<ele>928.000000</ele>
			</trkpt>
			<trkpt lat="48.611605" lon="14.647049">
				<ele>927.000000</ele>
			</trkpt>
			<trkpt lat="48.611730" lon="14.646762">
				<ele>927.000000</ele>
			</trkpt>
			<trkpt lat="48.611807" lon="14.646546">
				<ele>926.000000</ele>
			</trkpt>
			<trkpt lat="48.611860" lon="14.646312">
				<ele>926.000000</ele>
			</trkpt>
			<trkpt lat="48.611896" lon="14.646043">
				<ele>926.000000</ele>
			</trkpt>
			<trkpt lat="48.611896" lon="14.645800">
				<ele>925.000000</ele>
			</trkpt>
			<trkpt lat="48.611884" lon="14.645693">
				<ele>925.000000</ele>
			</trkpt>
			<trkpt lat="48.611860" lon="14.645593">
				<ele>925.000000</ele>
			</trkpt>
			<trkpt lat="48.611813" lon="14.645494">
				<ele>924.000000</ele>
			</trkpt>
			<trkpt lat="48.611747" lon="14.645431">
				<ele>924.000000</ele>
			</trkpt>
			<trkpt lat="48.611688" lon="14.645414">
				<ele>924.000000</ele>
			</trkpt>
			<trkpt lat="48.611462" lon="14.645378">
				<ele>923.000000</ele>
			</trkpt>
			<trkpt lat="48.611136" lon="14.645288">
				<ele>921.000000</ele>
			</trkpt>
			<trkpt lat="48.610957" lon="14.645234">
				<ele>920.000000</ele>
			</trkpt>
			<trkpt lat="48.610839" lon="14.645180">
				<ele>920.000000</ele>
			</trkpt>
			<trkpt lat="48.610744" lon="14.645100">
				<ele>919.000000</ele>
			</trkpt>
			<trkpt lat="48.610649" lon="14.644964">
				<ele>918.000000</ele>
			</trkpt>
			<trkpt lat="48.610506" lon="14.644704">
				<ele>917.000000</ele>
			</trkpt>
			<trkpt lat="48.610459" lon="14.644588">
				<ele>916.000000</ele>
			</trkpt>
			<trkpt lat="48.610400" lon="14.644408">
				<ele>915.000000</ele>
			</trkpt>
			<trkpt lat="48.610363" lon="14.644291">
				<ele>915.000000</ele>
			</trkpt>
			<trkpt lat="48.610340" lon="14.644192">
				<ele>914.000000</ele>
			</trkpt>
			<trkpt lat="48.610340" lon="14.644085">
				<ele>914.000000</ele>
			</trkpt>
			<trkpt lat="48.610340" lon="14.643985">
				<ele>914.000000</ele>
			</trkpt>
			<trkpt lat="48.610358" lon="14.643896">
				<ele>913.000000</ele>
			</trkpt>
			<trkpt lat="48.610387" lon="14.643788">
				<ele>913.000000</ele>
			</trkpt>
			<trkpt lat="48.610429" lon="14.643680">
				<ele>912.000000</ele>
			</trkpt>
			<trkpt lat="48.610483" lon="14.643554">
				<ele>912.000000</ele>
			</trkpt>
			<trkpt lat="48.610566" lon="14.643393">
				<ele>911.000000</ele>
			</trkpt>
			<trkpt lat="48.610607" lon="14.643284">
				<ele>910.000000</ele>
			</trkpt>
			<trkpt lat="48.610643" lon="14.643159">
				<ele>910.000000</ele>
			</trkpt>
			<trkpt lat="48.610660" lon="14.643006">
				<ele>909.000000</ele>
			</trkpt>
			<trkpt lat="48.610678" lon="14.642871">
				<ele>909.000000</ele>
			</trkpt>
			<trkpt lat="48.610678" lon="14.642737">
				<ele>909.000000</ele>
			</trkpt>
			<trkpt lat="48.610660" lon="14.642601">
				<ele>908.000000</ele>
			</trkpt>
			<trkpt lat="48.610637" lon="14.642467">
				<ele>908.000000</ele>
			</trkpt>
			<trkpt lat="48.610595" lon="14.642351">
				<ele>907.000000</ele>
			</trkpt>
			<trkpt lat="48.610536" lon="14.642207">
				<ele>907.000000</ele>
			</trkpt>
			<trkpt lat="48.610471" lon="14.642090">
				<ele>907.000000</ele>
			</trkpt>
			<trkpt lat="48.610387" lon="14.641964">
				<ele>906.000000</ele>
			</trkpt>
			<trkpt lat="48.610155" lon="14.641659">
				<ele>905.000000</ele>
			</trkpt>
			<trkpt lat="48.609621" lon="14.641012">
				<ele>900.000000</ele>
			</trkpt>
			<trkpt lat="48.609467" lon="14.640796">
				<ele>897.000000</ele>
			</trkpt>
			<trkpt lat="48.609313" lon="14.640563">
				<ele>895.000000</ele>
			</trkpt>
			<trkpt lat="48.609223" lon="14.640428">
				<ele>894.000000</ele>
			</trkpt>
			<trkpt lat="48.609122" lon="14.640240">
				<ele>892.000000</ele>
			</trkpt>
			<trkpt lat="48.609051" lon="14.640068">
				<ele>890.000000</ele>
			</trkpt>
			<trkpt lat="48.609015" lon="14.639898">
				<ele>889.000000</ele>
			</trkpt>
			<trkpt lat="48.608985" lon="14.639682">
				<ele>887.000000</ele>
			</trkpt>
			<trkpt lat="48.608968" lon="14.639359">
				<ele>884.000000</ele>
			</trkpt>
			<trkpt lat="48.608956" lon="14.638875">
				<ele>880.000000</ele>
			</trkpt>
			<trkpt lat="48.608950" lon="14.638722">
				<ele>879.000000</ele>
			</trkpt>
			<trkpt lat="48.608932" lon="14.638578">
				<ele>877.000000</ele>
			</trkpt>
			<trkpt lat="48.608902" lon="14.638425">
				<ele>876.000000</ele>
			</trkpt>
			<trkpt lat="48.608879" lon="14.638290">
				<ele>874.000000</ele>
			</trkpt>
			<trkpt lat="48.608831" lon="14.638156">
				<ele>873.000000</ele>
			</trkpt>
			<trkpt lat="48.608777" lon="14.638003">
				<ele>871.000000</ele>
			</trkpt>
			<trkpt lat="48.608611" lon="14.637670">
				<ele>867.000000</ele>
			</trkpt>
			<trkpt lat="48.608486" lon="14.637383">
				<ele>865.000000</ele>
			</trkpt>
			<trkpt lat="48.608403" lon="14.637150">
				<ele>863.000000</ele>
			</trkpt>
			<trkpt lat="48.608350" lon="14.636871">
				<ele>861.000000</ele>
			</trkpt>
			<trkpt lat="48.608303" lon="14.636538">
				<ele>859.000000</ele>
			</trkpt>
			<trkpt lat="48.608255" lon="14.636206">
				<ele>858.000000</ele>
			</trkpt>
			<trkpt lat="48.608195" lon="14.635883">
				<ele>857.000000</ele>
			</trkpt>
			<trkpt lat="48.607994" lon="14.634976">
				<ele>851.000000</ele>
			</trkpt>
			<trkpt lat="48.607857" lon="14.634427">
				<ele>848.000000</ele>
			</trkpt>
			<trkpt lat="48.607804" lon="14.634131">
				<ele>847.000000</ele>
			</trkpt>
			<trkpt lat="48.607792" lon="14.633978">
				<ele>846.000000</ele>
			</trkpt>
			<trkpt lat="48.607810" lon="14.633816">
				<ele>845.000000</ele>
			</trkpt>
			<trkpt lat="48.607851" lon="14.633672">
				<ele>844.000000</ele>
			</trkpt>
			<trkpt lat="48.607922" lon="14.633538">
				<ele>843.000000</ele>
			</trkpt>
			<trkpt lat="48.608160" lon="14.633169">
				<ele>838.000000</ele>
			</trkpt>
			<trkpt lat="48.608397" lon="14.632837">
				<ele>834.000000</ele>
			</trkpt>
			<trkpt lat="48.608659" lon="14.632523">
				<ele>830.000000</ele>
			</trkpt>
			<trkpt lat="48.609075" lon="14.632074">
				<ele>825.000000</ele>
			</trkpt>
			<trkpt lat="48.609223" lon="14.631940">
				<ele>824.000000</ele>
			</trkpt>
			<trkpt lat="48.609359" lon="14.631814">
				<ele>822.000000</ele>
			</trkpt>
			<trkpt lat="48.610096" lon="14.631265">
				<ele>815.000000</ele>
			</trkpt>
			<trkpt lat="48.610328" lon="14.631059">
				<ele>813.000000</ele>
			</trkpt>
			<trkpt lat="48.610536" lon="14.630852">
				<ele>811.000000</ele>
			</trkpt>
			<trkpt lat="48.610868" lon="14.630456">
				<ele>808.000000</ele>
			</trkpt>
			<trkpt lat="48.611017" lon="14.630259">
				<ele>806.000000</ele>
			</trkpt>
			<trkpt lat="48.611225" lon="14.629980">
				<ele>804.000000</ele>
			</trkpt>
			<trkpt lat="48.611468" lon="14.629640">
				<ele>800.000000</ele>
			</trkpt>
			<trkpt lat="48.611593" lon="14.629523">
				<ele>800.000000</ele>
			</trkpt>
			<trkpt lat="48.611670" lon="14.629433">
				<ele>800.000000</ele>
			</trkpt>
			<trkpt lat="48.611890" lon="14.629288">
				<ele>800.000000</ele>
			</trkpt>
			<trkpt lat="48.611997" lon="14.629190">
				<ele>800.000000</ele>
			</trkpt>
			<trkpt lat="48.612128" lon="14.629110">
				<ele>800.000000</ele>
			</trkpt>
			<trkpt lat="48.612294" lon="14.629038">
				<ele>800.000000</ele>
			</trkpt>
			<trkpt lat="48.612496" lon="14.628938">
				<ele>801.000000</ele>
			</trkpt>
			<trkpt lat="48.612573" lon="14.628911">
				<ele>801.000000</ele>
			</trkpt>
			<trkpt lat="48.612680" lon="14.628885">
				<ele>802.000000</ele>
			</trkpt>
			<trkpt lat="48.612775" lon="14.628885">
				<ele>802.000000</ele>
			</trkpt>
			<trkpt lat="48.612876" lon="14.628930">
				<ele>803.000000</ele>
			</trkpt>
			<trkpt lat="48.613036" lon="14.629011">
				<ele>804.000000</ele>
			</trkpt>
			<trkpt lat="48.613375" lon="14.629181">
				<ele>805.000000</ele>
			</trkpt>
			<trkpt lat="48.613446" lon="14.629208">
				<ele>805.000000</ele>
			</trkpt>
			<trkpt lat="48.613506" lon="14.629208">
				<ele>805.000000</ele>
			</trkpt>
			<trkpt lat="48.613577" lon="14.629181">
				<ele>805.000000</ele>
			</trkpt>
			<trkpt lat="48.613713" lon="14.629127">
				<ele>805.000000</ele>
			</trkpt>
			<trkpt lat="48.613784" lon="14.629118">
				<ele>805.000000</ele>
			</trkpt>
			<trkpt lat="48.613838" lon="14.629145">
				<ele>806.000000</ele>
			</trkpt>
			<trkpt lat="48.614100" lon="14.629378">
				<ele>806.000000</ele>
			</trkpt>
			<trkpt lat="48.614194" lon="14.629441">
				<ele>806.000000</ele>
			</trkpt>
			<trkpt lat="48.614271" lon="14.629487">
				<ele>806.000000</ele>
			</trkpt>
			<trkpt lat="48.614354" lon="14.629487">
				<ele>806.000000</ele>
			</trkpt>
			<trkpt lat="48.614444" lon="14.629441">
				<ele>806.000000</ele>
			</trkpt>
			<trkpt lat="48.614509" lon="14.629406">
				<ele>806.000000</ele>
			</trkpt>
			<trkpt lat="48.614551" lon="14.629325">
				<ele>806.000000</ele>
			</trkpt>
			<trkpt lat="48.614586" lon="14.629208">
				<ele>806.000000</ele>
			</trkpt>
			<trkpt lat="48.614616" lon="14.629047">
				<ele>807.000000</ele>
			</trkpt>
			<trkpt lat="48.614640" lon="14.628875">
				<ele>807.000000</ele>
			</trkpt>
			<trkpt lat="48.614658" lon="14.628705">
				<ele>807.000000</ele>
			</trkpt>
			<trkpt lat="48.614658" lon="14.628544">
				<ele>807.000000</ele>
			</trkpt>
			<trkpt lat="48.614658" lon="14.628328">
				<ele>807.000000</ele>
			</trkpt>
			<trkpt lat="48.614658" lon="14.628166">
				<ele>807.000000</ele>
			</trkpt>
			<trkpt lat="48.614664" lon="14.628005">
				<ele>807.000000</ele>
			</trkpt>
			<trkpt lat="48.614682" lon="14.627852">
				<ele>807.000000</ele>
			</trkpt>
			<trkpt lat="48.614717" lon="14.627708">
				<ele>807.000000</ele>
			</trkpt>
			<trkpt lat="48.614753" lon="14.627582">
				<ele>808.000000</ele>
			</trkpt>
			<trkpt lat="48.614794" lon="14.627447">
				<ele>808.000000</ele>
			</trkpt>
			<trkpt lat="48.614943" lon="14.627151">
				<ele>808.000000</ele>
			</trkpt>
			<trkpt lat="48.615050" lon="14.626980">
				<ele>808.000000</ele>
			</trkpt>
			<trkpt lat="48.615162" lon="14.626810">
				<ele>808.000000</ele>
			</trkpt>
			<trkpt lat="48.615703" lon="14.626101">
				<ele>809.000000</ele>
			</trkpt>
			<trkpt lat="48.615780" lon="14.626001">
				<ele>809.000000</ele>
			</trkpt>
			<trkpt lat="48.615851" lon="14.625921">
				<ele>809.000000</ele>
			</trkpt>
			<trkpt lat="48.615940" lon="14.625866">
				<ele>809.000000</ele>
			</trkpt>
			<trkpt lat="48.616036" lon="14.625822">
				<ele>809.000000</ele>
			</trkpt>
			<trkpt lat="48.616255" lon="14.625749">
				<ele>809.000000</ele>
			</trkpt>
			<trkpt lat="48.616422" lon="14.625695">
				<ele>810.000000</ele>
			</trkpt>
			<trkpt lat="48.616570" lon="14.625642">
				<ele>810.000000</ele>
			</trkpt>
			<trkpt lat="48.616938" lon="14.625453">
				<ele>811.000000</ele>
			</trkpt>
			<trkpt lat="48.617122" lon="14.625309">
				<ele>812.000000</ele>
			</trkpt>
			<trkpt lat="48.617289" lon="14.625166">
				<ele>814.000000</ele>
			</trkpt>
			<trkpt lat="48.617449" lon="14.624969">
				<ele>815.000000</ele>
			</trkpt>
			<trkpt lat="48.617710" lon="14.624627">
				<ele>815.000000</ele>
			</trkpt>
			<trkpt lat="48.617835" lon="14.624464">
				<ele>815.000000</ele>
			</trkpt>
			<trkpt lat="48.617959" lon="14.624340">
				<ele>815.000000</ele>
			</trkpt>
			<trkpt lat="48.618090" lon="14.624223">
				<ele>814.000000</ele>
			</trkpt>
			<trkpt lat="48.618239" lon="14.624097">
				<ele>812.000000</ele>
			</trkpt>
			<trkpt lat="48.618340" lon="14.624024">
				<ele>811.000000</ele>
			</trkpt>
			<trkpt lat="48.618429" lon="14.623998">
				<ele>810.000000</ele>
			</trkpt>
			<trkpt lat="48.618572" lon="14.624024">
				<ele>809.000000</ele>
			</trkpt>
			<trkpt lat="48.618761" lon="14.624078">
				<ele>807.000000</ele>
			</trkpt>
			<trkpt lat="48.618922" lon="14.624177">
				<ele>805.000000</ele>
			</trkpt>
			<trkpt lat="48.619111" lon="14.624321">
				<ele>803.000000</ele>
			</trkpt>
			<trkpt lat="48.619248" lon="14.624411">
				<ele>802.000000</ele>
			</trkpt>
			<trkpt lat="48.619355" lon="14.624464">
				<ele>801.000000</ele>
			</trkpt>
			<trkpt lat="48.619456" lon="14.624519">
				<ele>800.000000</ele>
			</trkpt>
			<trkpt lat="48.619563" lon="14.624546">
				<ele>800.000000</ele>
			</trkpt>
			<trkpt lat="48.619646" lon="14.624564">
				<ele>800.000000</ele>
			</trkpt>
			<trkpt lat="48.619711" lon="14.624564">
				<ele>800.000000</ele>
			</trkpt>
			<trkpt lat="48.619961" lon="14.624474">
				<ele>799.000000</ele>
			</trkpt>
			<trkpt lat="48.620240" lon="14.624393">
				<ele>799.000000</ele>
			</trkpt>
			<trkpt lat="48.620287" lon="14.624376">
				<ele>799.000000</ele>
			</trkpt>
			<trkpt lat="48.620287" lon="14.624376">
				<ele>799.000000</ele>
			</trkpt>
			<trkpt lat="48.620525" lon="14.624294">
				<ele>798.000000</ele>
			</trkpt>
			<trkpt lat="48.620839" lon="14.624160">
				<ele>798.000000</ele>
			</trkpt>
			<trkpt lat="48.621202" lon="14.623980">
				<ele>797.000000</ele>
			</trkpt>
			<trkpt lat="48.621350" lon="14.623908">
				<ele>797.000000</ele>
			</trkpt>
			<trkpt lat="48.621463" lon="14.623827">
				<ele>797.000000</ele>
			</trkpt>
			<trkpt lat="48.621552" lon="14.623737">
				<ele>797.000000</ele>
			</trkpt>
			<trkpt lat="48.621641" lon="14.623611">
				<ele>796.000000</ele>
			</trkpt>
			<trkpt lat="48.621908" lon="14.623162">
				<ele>796.000000</ele>
			</trkpt>
			<trkpt lat="48.622313" lon="14.622426">
				<ele>795.000000</ele>
			</trkpt>
			<trkpt lat="48.622407" lon="14.622237">
				<ele>795.000000</ele>
			</trkpt>
			<trkpt lat="48.622479" lon="14.622066">
				<ele>795.000000</ele>
			</trkpt>
			<trkpt lat="48.622544" lon="14.621896">
				<ele>795.000000</ele>
			</trkpt>
			<trkpt lat="48.622604" lon="14.621653">
				<ele>795.000000</ele>
			</trkpt>
			<trkpt lat="48.622847" lon="14.620575">
				<ele>795.000000</ele>
			</trkpt>
			<trkpt lat="48.622889" lon="14.620369">
				<ele>795.000000</ele>
			</trkpt>
			<trkpt lat="48.622924" lon="14.620225">
				<ele>795.000000</ele>
			</trkpt>
			<trkpt lat="48.622977" lon="14.620099">
				<ele>795.000000</ele>
			</trkpt>
			<trkpt lat="48.623025" lon="14.619992">
				<ele>795.000000</ele>
			</trkpt>
			<trkpt lat="48.623096" lon="14.619883">
				<ele>795.000000</ele>
			</trkpt>
			<trkpt lat="48.623185" lon="14.619776">
				<ele>795.000000</ele>
			</trkpt>
			<trkpt lat="48.623381" lon="14.619552">
				<ele>795.000000</ele>
			</trkpt>
			<trkpt lat="48.623559" lon="14.619372">
				<ele>795.000000</ele>
			</trkpt>
			<trkpt lat="48.623648" lon="14.619317">
				<ele>795.000000</ele>
			</trkpt>
			<trkpt lat="48.623737" lon="14.619282">
				<ele>795.000000</ele>
			</trkpt>
			<trkpt lat="48.623844" lon="14.619237">
				<ele>795.000000</ele>
			</trkpt>
			<trkpt lat="48.623975" lon="14.619219">
				<ele>795.000000</ele>
			</trkpt>
			<trkpt lat="48.624242" lon="14.619183">
				<ele>795.000000</ele>
			</trkpt>
			<trkpt lat="48.624480" lon="14.619164">
				<ele>795.000000</ele>
			</trkpt>
			<trkpt lat="48.624717" lon="14.619164">
				<ele>794.000000</ele>
			</trkpt>
			<trkpt lat="48.624865" lon="14.619137">
				<ele>794.000000</ele>
			</trkpt>
			<trkpt lat="48.625050" lon="14.619066">
				<ele>793.000000</ele>
			</trkpt>
			<trkpt lat="48.625162" lon="14.619048">
				<ele>793.000000</ele>
			</trkpt>
			<trkpt lat="48.625258" lon="14.619048">
				<ele>792.000000</ele>
			</trkpt>
			<trkpt lat="48.625358" lon="14.619093">
				<ele>792.000000</ele>
			</trkpt>
			<trkpt lat="48.625483" lon="14.619156">
				<ele>792.000000</ele>
			</trkpt>
			<trkpt lat="48.625726" lon="14.619317">
				<ele>791.000000</ele>
			</trkpt>
			<trkpt lat="48.625798" lon="14.619390">
				<ele>791.000000</ele>
			</trkpt>
			<trkpt lat="48.625881" lon="14.619497">
				<ele>790.000000</ele>
			</trkpt>
			<trkpt lat="48.625964" lon="14.619640">
				<ele>790.000000</ele>
			</trkpt>
			<trkpt lat="48.626119" lon="14.619938">
				<ele>792.000000</ele>
			</trkpt>
			<trkpt lat="48.626190" lon="14.620045">
				<ele>793.000000</ele>
			</trkpt>
			<trkpt lat="48.626273" lon="14.620118">
				<ele>794.000000</ele>
			</trkpt>
			<trkpt lat="48.626368" lon="14.620153">
				<ele>794.000000</ele>
			</trkpt>
			<trkpt lat="48.626493" lon="14.620180">
				<ele>795.000000</ele>
			</trkpt>
			<trkpt lat="48.626712" lon="14.620162">
				<ele>794.000000</ele>
			</trkpt>
			<trkpt lat="48.626712" lon="14.620072">
				<ele>794.000000</ele>
			</trkpt>
			<trkpt lat="48.626748" lon="14.619812">
				<ele>795.000000</ele>
			</trkpt>
			<trkpt lat="48.626754" lon="14.619543">
				<ele>795.000000</ele>
			</trkpt>
			<trkpt lat="48.626736" lon="14.619040">
				<ele>794.000000</ele>
			</trkpt>
			<trkpt lat="48.626742" lon="14.618877">
				<ele>793.000000</ele>
			</trkpt>
			<trkpt lat="48.626760" lon="14.618716">
				<ele>792.000000</ele>
			</trkpt>
			<trkpt lat="48.626789" lon="14.618537">
				<ele>791.000000</ele>
			</trkpt>
			<trkpt lat="48.626843" lon="14.618330">
				<ele>790.000000</ele>
			</trkpt>
			<trkpt lat="48.626902" lon="14.618078">
				<ele>789.000000</ele>
			</trkpt>
			<trkpt lat="48.626968" lon="14.617925">
				<ele>789.000000</ele>
			</trkpt>
			<trkpt lat="48.627003" lon="14.617854">
				<ele>788.000000</ele>
			</trkpt>
			<trkpt lat="48.627057" lon="14.617791">
				<ele>788.000000</ele>
			</trkpt>
			<trkpt lat="48.627169" lon="14.617692">
				<ele>787.000000</ele>
			</trkpt>
			<trkpt lat="48.627163" lon="14.617602">
				<ele>787.000000</ele>
			</trkpt>
			<trkpt lat="48.627169" lon="14.617503">
				<ele>787.000000</ele>
			</trkpt>
			<trkpt lat="48.627234" lon="14.617269">
				<ele>786.000000</ele>
			</trkpt>
			<trkpt lat="48.627259" lon="14.617198">
				<ele>786.000000</ele>
			</trkpt>
			<trkpt lat="48.627259" lon="14.617198">
				<ele>786.000000</ele>
			</trkpt>
			<trkpt lat="48.627306" lon="14.617036">
				<ele>786.000000</ele>
			</trkpt>
			<trkpt lat="48.627348" lon="14.616929">
				<ele>786.000000</ele>
			</trkpt>
			<trkpt lat="48.627401" lon="14.616847">
				<ele>785.000000</ele>
			</trkpt>
			<trkpt lat="48.627502" lon="14.616703">
				<ele>785.000000</ele>
			</trkpt>
			<trkpt lat="48.627805" lon="14.616290">
				<ele>783.000000</ele>
			</trkpt>
			<trkpt lat="48.628030" lon="14.615948">
				<ele>781.000000</ele>
			</trkpt>
			<trkpt lat="48.628179" lon="14.615652">
				<ele>780.000000</ele>
			</trkpt>
			<trkpt lat="48.628303" lon="14.615321">
				<ele>778.000000</ele>
			</trkpt>
			<trkpt lat="48.628446" lon="14.614862">
				<ele>776.000000</ele>
			</trkpt>
			<trkpt lat="48.628565" lon="14.614520">
				<ele>775.000000</ele>
			</trkpt>
			<trkpt lat="48.628677" lon="14.614252">
				<ele>773.000000</ele>
			</trkpt>
			<trkpt lat="48.628796" lon="14.613990">
				<ele>772.000000</ele>
			</trkpt>
			<trkpt lat="48.629111" lon="14.613416">
				<ele>769.000000</ele>
			</trkpt>
			<trkpt lat="48.629200" lon="14.613227">
				<ele>768.000000</ele>
			</trkpt>
			<trkpt lat="48.629272" lon="14.613048">
				<ele>768.000000</ele>
			</trkpt>
			<trkpt lat="48.629331" lon="14.612858">
				<ele>767.000000</ele>
			</trkpt>
			<trkpt lat="48.629366" lon="14.612698">
				<ele>766.000000</ele>
			</trkpt>
			<trkpt lat="48.629384" lon="14.612508">
				<ele>766.000000</ele>
			</trkpt>
			<trkpt lat="48.629390" lon="14.612275">
				<ele>765.000000</ele>
			</trkpt>
			<trkpt lat="48.629372" lon="14.612015">
				<ele>763.000000</ele>
			</trkpt>
			<trkpt lat="48.629325" lon="14.611610">
				<ele>760.000000</ele>
			</trkpt>
			<trkpt lat="48.629325" lon="14.611430">
				<ele>760.000000</ele>
			</trkpt>
			<trkpt lat="48.629360" lon="14.611124">
				<ele>760.000000</ele>
			</trkpt>
			<trkpt lat="48.629390" lon="14.610847">
				<ele>760.000000</ele>
			</trkpt>
			<trkpt lat="48.629426" lon="14.610847">
				<ele>760.000000</ele>
			</trkpt>
			<trkpt lat="48.629432" lon="14.610837">
				<ele>760.000000</ele>
			</trkpt>
			<trkpt lat="48.629443" lon="14.610811">
				<ele>760.000000</ele>
			</trkpt>
			<trkpt lat="48.629449" lon="14.610730">
				<ele>760.000000</ele>
			</trkpt>
			<trkpt lat="48.629449" lon="14.610685">
				<ele>760.000000</ele>
			</trkpt>
			<trkpt lat="48.629414" lon="14.610648">
				<ele>760.000000</ele>
			</trkpt>
			<trkpt lat="48.629461" lon="14.610451">
				<ele>760.000000</ele>
			</trkpt>
			<trkpt lat="48.629497" lon="14.610361">
				<ele>760.000000</ele>
			</trkpt>
			<trkpt lat="48.629592" lon="14.610145">
				<ele>760.000000</ele>
			</trkpt>
			<trkpt lat="48.629699" lon="14.609966">
				<ele>760.000000</ele>
			</trkpt>
			<trkpt lat="48.629788" lon="14.609841">
				<ele>760.000000</ele>
			</trkpt>
			<trkpt lat="48.629859" lon="14.609724">
				<ele>760.000000</ele>
			</trkpt>
			<trkpt lat="48.630037" lon="14.609365">
				<ele>762.000000</ele>
			</trkpt>
			<trkpt lat="48.630126" lon="14.609158">
				<ele>762.000000</ele>
			</trkpt>
			<trkpt lat="48.630179" lon="14.609013">
				<ele>763.000000</ele>
			</trkpt>
			<trkpt lat="48.630233" lon="14.608862">
				<ele>763.000000</ele>
			</trkpt>
			<trkpt lat="48.630269" lon="14.608709">
				<ele>764.000000</ele>
			</trkpt>
			<trkpt lat="48.630370" lon="14.608304">
				<ele>765.000000</ele>
			</trkpt>
			<trkpt lat="48.630458" lon="14.608034">
				<ele>765.000000</ele>
			</trkpt>
			<trkpt lat="48.630500" lon="14.607908">
				<ele>766.000000</ele>
			</trkpt>
			<trkpt lat="48.630566" lon="14.607774">
				<ele>766.000000</ele>
			</trkpt>
			<trkpt lat="48.630720" lon="14.607514">
				<ele>766.000000</ele>
			</trkpt>
			<trkpt lat="48.630922" lon="14.607199">
				<ele>767.000000</ele>
			</trkpt>
			<trkpt lat="48.631130" lon="14.606912">
				<ele>767.000000</ele>
			</trkpt>
			<trkpt lat="48.631171" lon="14.606849">
				<ele>768.000000</ele>
			</trkpt>
			<trkpt lat="48.631201" lon="14.606795">
				<ele>768.000000</ele>
			</trkpt>
			<trkpt lat="48.631242" lon="14.606616">
				<ele>768.000000</ele>
			</trkpt>
			<trkpt lat="48.631331" lon="14.606140">
				<ele>769.000000</ele>
			</trkpt>
			<trkpt lat="48.631379" lon="14.605950">
				<ele>769.000000</ele>
			</trkpt>
			<trkpt lat="48.631432" lon="14.605744">
				<ele>769.000000</ele>
			</trkpt>
			<trkpt lat="48.631510" lon="14.605484">
				<ele>770.000000</ele>
			</trkpt>
			<trkpt lat="48.631581" lon="14.605313">
				<ele>770.000000</ele>
			</trkpt>
			<trkpt lat="48.631741" lon="14.605025">
				<ele>771.000000</ele>
			</trkpt>
			<trkpt lat="48.631960" lon="14.604721">
				<ele>773.000000</ele>
			</trkpt>
			<trkpt lat="48.632091" lon="14.604505">
				<ele>774.000000</ele>
			</trkpt>
			<trkpt lat="48.632234" lon="14.604271">
				<ele>775.000000</ele>
			</trkpt>
			<trkpt lat="48.632370" lon="14.604029">
				<ele>776.000000</ele>
			</trkpt>
			<trkpt lat="48.632477" lon="14.603876">
				<ele>777.000000</ele>
			</trkpt>
			<trkpt lat="48.632596" lon="14.603740">
				<ele>777.000000</ele>
			</trkpt>
			<trkpt lat="48.632709" lon="14.603660">
				<ele>778.000000</ele>
			</trkpt>
			<trkpt lat="48.632827" lon="14.603606">
				<ele>778.000000</ele>
			</trkpt>
			<trkpt lat="48.633006" lon="14.603589">
				<ele>779.000000</ele>
			</trkpt>
			<trkpt lat="48.633017" lon="14.603589">
				<ele>779.000000</ele>
			</trkpt>
			<trkpt lat="48.633225" lon="14.603570">
				<ele>780.000000</ele>
			</trkpt>
			<trkpt lat="48.633493" lon="14.603589">
				<ele>781.000000</ele>
			</trkpt>
			<trkpt lat="48.633540" lon="14.603570">
				<ele>781.000000</ele>
			</trkpt>
			<trkpt lat="48.633593" lon="14.603543">
				<ele>782.000000</ele>
			</trkpt>
			<trkpt lat="48.633629" lon="14.603499">
				<ele>782.000000</ele>
			</trkpt>
			<trkpt lat="48.633653" lon="14.603444">
				<ele>782.000000</ele>
			</trkpt>
			<trkpt lat="48.633741" lon="14.603157">
				<ele>783.000000</ele>
			</trkpt>
			<trkpt lat="48.633795" lon="14.602968">
				<ele>783.000000</ele>
			</trkpt>
			<trkpt lat="48.633831" lon="14.602744">
				<ele>784.000000</ele>
			</trkpt>
			<trkpt lat="48.633884" lon="14.602348">
				<ele>785.000000</ele>
			</trkpt>
			<trkpt lat="48.633955" lon="14.601882">
				<ele>787.000000</ele>
			</trkpt>
			<trkpt lat="48.634009" lon="14.601486">
				<ele>789.000000</ele>
			</trkpt>
			<trkpt lat="48.634045" lon="14.601189">
				<ele>791.000000</ele>
			</trkpt>
			<trkpt lat="48.634057" lon="14.600929">
				<ele>793.000000</ele>
			</trkpt>
			<trkpt lat="48.634086" lon="14.600732">
				<ele>794.000000</ele>
			</trkpt>
			<trkpt lat="48.634110" lon="14.600597">
				<ele>795.000000</ele>
			</trkpt>
			<trkpt lat="48.634181" lon="14.600417">
				<ele>796.000000</ele>
			</trkpt>
			<trkpt lat="48.634199" lon="14.600363">
				<ele>797.000000</ele>
			</trkpt>
			<trkpt lat="48.634217" lon="14.600318">
				<ele>797.000000</ele>
			</trkpt>
			<trkpt lat="48.634157" lon="14.600237">
				<ele>797.000000</ele>
			</trkpt>
			<trkpt lat="48.634074" lon="14.600174">
				<ele>798.000000</ele>
			</trkpt>
			<trkpt lat="48.633617" lon="14.599851">
				<ele>800.000000</ele>
			</trkpt>
			<trkpt lat="48.633445" lon="14.599717">
				<ele>801.000000</ele>
			</trkpt>
			<trkpt lat="48.633291" lon="14.599564">
				<ele>803.000000</ele>
			</trkpt>
			<trkpt lat="48.633065" lon="14.599339">
				<ele>804.000000</ele>
			</trkpt>
			<trkpt lat="48.632827" lon="14.599079">
				<ele>806.000000</ele>
			</trkpt>
			<trkpt lat="48.632524" lon="14.598702">
				<ele>807.000000</ele>
			</trkpt>
			<trkpt lat="48.632287" lon="14.598379">
				<ele>808.000000</ele>
			</trkpt>
			<trkpt lat="48.632079" lon="14.598073">
				<ele>810.000000</ele>
			</trkpt>
			<trkpt lat="48.631842" lon="14.597668">
				<ele>810.000000</ele>
			</trkpt>
			<trkpt lat="48.631735" lon="14.597461">
				<ele>810.000000</ele>
			</trkpt>
			<trkpt lat="48.631629" lon="14.597264">
				<ele>810.000000</ele>
			</trkpt>
			<trkpt lat="48.631307" lon="14.596572">
				<ele>810.000000</ele>
			</trkpt>
			<trkpt lat="48.631011" lon="14.595908">
				<ele>810.000000</ele>
			</trkpt>
			<trkpt lat="48.630892" lon="14.595639">
				<ele>810.000000</ele>
			</trkpt>
			<trkpt lat="48.630821" lon="14.595459">
				<ele>810.000000</ele>
			</trkpt>
			<trkpt lat="48.630743" lon="14.595260">
				<ele>810.000000</ele>
			</trkpt>
			<trkpt lat="48.630672" lon="14.595000">
				<ele>810.000000</ele>
			</trkpt>
			<trkpt lat="48.630500" lon="14.594381">
				<ele>810.000000</ele>
			</trkpt>
			<trkpt lat="48.630364" lon="14.593905">
				<ele>810.000000</ele>
			</trkpt>
			<trkpt lat="48.630263" lon="14.593589">
				<ele>810.000000</ele>
			</trkpt>
			<trkpt lat="48.630156" lon="14.593348">
				<ele>810.000000</ele>
			</trkpt>
			<trkpt lat="48.630037" lon="14.593150">
				<ele>810.000000</ele>
			</trkpt>
			<trkpt lat="48.629913" lon="14.592989">
				<ele>810.000000</ele>
			</trkpt>
			<trkpt lat="48.629788" lon="14.593078">
				<ele>810.000000</ele>
			</trkpt>
			<trkpt lat="48.629598" lon="14.593195">
				<ele>810.000000</ele>
			</trkpt>
			<trkpt lat="48.629289" lon="14.593375">
				<ele>810.000000</ele>
			</trkpt>
			<trkpt lat="48.629129" lon="14.593482">
				<ele>810.000000</ele>
			</trkpt>
			<trkpt lat="48.628981" lon="14.593616">
				<ele>810.000000</ele>
			</trkpt>
			<trkpt lat="48.628808" lon="14.593796">
				<ele>810.000000</ele>
			</trkpt>
			<trkpt lat="48.628577" lon="14.594058">
				<ele>810.000000</ele>
			</trkpt>
			<trkpt lat="48.628369" lon="14.594291">
				<ele>809.000000</ele>
			</trkpt>
			<trkpt lat="48.628303" lon="14.594344">
				<ele>809.000000</ele>
			</trkpt>
			<trkpt lat="48.628232" lon="14.594381">
				<ele>809.000000</ele>
			</trkpt>
			<trkpt lat="48.628072" lon="14.594461">
				<ele>809.000000</ele>
			</trkpt>
			<trkpt lat="48.627674" lon="14.594578">
				<ele>808.000000</ele>
			</trkpt>
			<trkpt lat="48.627300" lon="14.594658">
				<ele>807.000000</ele>
			</trkpt>
			<trkpt lat="48.626968" lon="14.594695">
				<ele>806.000000</ele>
			</trkpt>
			<trkpt lat="48.626742" lon="14.594731">
				<ele>805.000000</ele>
			</trkpt>
			<trkpt lat="48.626493" lon="14.594830">
				<ele>804.000000</ele>
			</trkpt>
			<trkpt lat="48.626160" lon="14.594956">
				<ele>801.000000</ele>
			</trkpt>
			<trkpt lat="48.625887" lon="14.595027">
				<ele>797.000000</ele>
			</trkpt>
			<trkpt lat="48.625626" lon="14.595054">
				<ele>795.000000</ele>
			</trkpt>
			<trkpt lat="48.625329" lon="14.595054">
				<ele>795.000000</ele>
			</trkpt>
			<trkpt lat="48.625067" lon="14.595037">
				<ele>794.000000</ele>
			</trkpt>
			<trkpt lat="48.624961" lon="14.594991">
				<ele>794.000000</ele>
			</trkpt>
			<trkpt lat="48.624824" lon="14.594956">
				<ele>794.000000</ele>
			</trkpt>
			<trkpt lat="48.624694" lon="14.594884">
				<ele>794.000000</ele>
			</trkpt>
			<trkpt lat="48.624575" lon="14.594803">
				<ele>794.000000</ele>
			</trkpt>
			<trkpt lat="48.624474" lon="14.594713">
				<ele>793.000000</ele>
			</trkpt>
			<trkpt lat="48.624367" lon="14.594560">
				<ele>793.000000</ele>
			</trkpt>
			<trkpt lat="48.624183" lon="14.594291">
				<ele>793.000000</ele>
			</trkpt>
			<trkpt lat="48.623886" lon="14.593779">
				<ele>792.000000</ele>
			</trkpt>
			<trkpt lat="48.623744" lon="14.593555">
				<ele>792.000000</ele>
			</trkpt>
			<trkpt lat="48.623571" lon="14.593293">
				<ele>792.000000</ele>
			</trkpt>
			<trkpt lat="48.623452" lon="14.593132">
				<ele>792.000000</ele>
			</trkpt>
			<trkpt lat="48.623328" lon="14.592989">
				<ele>791.000000</ele>
			</trkpt>
			<trkpt lat="48.623180" lon="14.592853">
				<ele>791.000000</ele>
			</trkpt>
			<trkpt lat="48.622948" lon="14.592637">
				<ele>791.000000</ele>
			</trkpt>
			<trkpt lat="48.622793" lon="14.592530">
				<ele>791.000000</ele>
			</trkpt>
			<trkpt lat="48.622704" lon="14.592476">
				<ele>790.000000</ele>
			</trkpt>
			<trkpt lat="48.622567" lon="14.592431">
				<ele>790.000000</ele>
			</trkpt>
			<trkpt lat="48.622484" lon="14.592395">
				<ele>790.000000</ele>
			</trkpt>
			<trkpt lat="48.622354" lon="14.592323">
				<ele>790.000000</ele>
			</trkpt>
			<trkpt lat="48.621754" lon="14.591991">
				<ele>787.000000</ele>
			</trkpt>
			<trkpt lat="48.621232" lon="14.591685">
				<ele>785.000000</ele>
			</trkpt>
			<trkpt lat="48.620982" lon="14.591524">
				<ele>785.000000</ele>
			</trkpt>
			<trkpt lat="48.620857" lon="14.591407">
				<ele>785.000000</ele>
			</trkpt>
			<trkpt lat="48.620745" lon="14.591263">
				<ele>785.000000</ele>
			</trkpt>
			<trkpt lat="48.620656" lon="14.591102">
				<ele>785.000000</ele>
			</trkpt>
			<trkpt lat="48.620572" lon="14.590913">
				<ele>785.000000</ele>
			</trkpt>
			<trkpt lat="48.620513" lon="14.590742">
				<ele>785.000000</ele>
			</trkpt>
			<trkpt lat="48.620471" lon="14.590580">
				<ele>786.000000</ele>
			</trkpt>
			<trkpt lat="48.620436" lon="14.590400">
				<ele>787.000000</ele>
			</trkpt>
			<trkpt lat="48.620383" lon="14.590113">
				<ele>789.000000</ele>
			</trkpt>
			<trkpt lat="48.620335" lon="14.589808">
				<ele>790.000000</ele>
			</trkpt>
			<trkpt lat="48.620329" lon="14.589683">
				<ele>790.000000</ele>
			</trkpt>
			<trkpt lat="48.620329" lon="14.589547">
				<ele>790.000000</ele>
			</trkpt>
			<trkpt lat="48.620341" lon="14.588955">
				<ele>790.000000</ele>
			</trkpt>
			<trkpt lat="48.620359" lon="14.588775">
				<ele>790.000000</ele>
			</trkpt>
			<trkpt lat="48.620388" lon="14.588559">
				<ele>789.000000</ele>
			</trkpt>
			<trkpt lat="48.620466" lon="14.588092">
				<ele>786.000000</ele>
			</trkpt>
			<trkpt lat="48.620501" lon="14.587796">
				<ele>785.000000</ele>
			</trkpt>
			<trkpt lat="48.620537" lon="14.587473">
				<ele>785.000000</ele>
			</trkpt>
			<trkpt lat="48.620560" lon="14.587131">
				<ele>785.000000</ele>
			</trkpt>
			<trkpt lat="48.620585" lon="14.586673">
				<ele>785.000000</ele>
			</trkpt>
			<trkpt lat="48.620614" lon="14.586475">
				<ele>785.000000</ele>
			</trkpt>
			<trkpt lat="48.620638" lon="14.586287">
				<ele>785.000000</ele>
			</trkpt>
			<trkpt lat="48.620762" lon="14.585639">
				<ele>785.000000</ele>
			</trkpt>
			<trkpt lat="48.620804" lon="14.585433">
				<ele>785.000000</ele>
			</trkpt>
			<trkpt lat="48.620816" lon="14.585335">
				<ele>785.000000</ele>
			</trkpt>
			<trkpt lat="48.620804" lon="14.585226">
				<ele>785.000000</ele>
			</trkpt>
			<trkpt lat="48.620780" lon="14.585119">
				<ele>785.000000</ele>
			</trkpt>
			<trkpt lat="48.620697" lon="14.584921">
				<ele>785.000000</ele>
			</trkpt>
			<trkpt lat="48.620662" lon="14.584813">
				<ele>785.000000</ele>
			</trkpt>
			<trkpt lat="48.620644" lon="14.584697">
				<ele>785.000000</ele>
			</trkpt>
			<trkpt lat="48.620626" lon="14.584589">
				<ele>785.000000</ele>
			</trkpt>
			<trkpt lat="48.620626" lon="14.584454">
				<ele>785.000000</ele>
			</trkpt>
			<trkpt lat="48.620614" lon="14.583727">
				<ele>784.000000</ele>
			</trkpt>
			<trkpt lat="48.620644" lon="14.582855">
				<ele>781.000000</ele>
			</trkpt>
			<trkpt lat="48.620656" lon="14.582702">
				<ele>781.000000</ele>
			</trkpt>
			<trkpt lat="48.620674" lon="14.582586">
				<ele>781.000000</ele>
			</trkpt>
			<trkpt lat="48.620697" lon="14.582460">
				<ele>780.000000</ele>
			</trkpt>
			<trkpt lat="48.620756" lon="14.582253">
				<ele>779.000000</ele>
			</trkpt>
			<trkpt lat="48.620947" lon="14.581588">
				<ele>775.000000</ele>
			</trkpt>
			<trkpt lat="48.621053" lon="14.581139">
				<ele>774.000000</ele>
			</trkpt>
			<trkpt lat="48.621089" lon="14.581022">
				<ele>773.000000</ele>
			</trkpt>
			<trkpt lat="48.621202" lon="14.580412">
				<ele>772.000000</ele>
			</trkpt>
			<trkpt lat="48.621220" lon="14.580286">
				<ele>772.000000</ele>
			</trkpt>
			<trkpt lat="48.621220" lon="14.580205">
				<ele>772.000000</ele>
			</trkpt>
			<trkpt lat="48.621220" lon="14.580205">
				<ele>772.000000</ele>
			</trkpt>
			<trkpt lat="48.621220" lon="14.580125">
				<ele>771.000000</ele>
			</trkpt>
			<trkpt lat="48.620346" lon="14.580160">
				<ele>768.000000</ele>
			</trkpt>
			<trkpt lat="48.619836" lon="14.580178">
				<ele>764.000000</ele>
			</trkpt>
			<trkpt lat="48.619557" lon="14.580186">
				<ele>762.000000</ele>
			</trkpt>
			<trkpt lat="48.619207" lon="14.580232">
				<ele>760.000000</ele>
			</trkpt>
			<trkpt lat="48.618791" lon="14.580295">
				<ele>757.000000</ele>
			</trkpt>
			<trkpt lat="48.618352" lon="14.580394">
				<ele>755.000000</ele>
			</trkpt>
			<trkpt lat="48.618001" lon="14.580448">
				<ele>751.000000</ele>
			</trkpt>
			<trkpt lat="48.617859" lon="14.580465">
				<ele>750.000000</ele>
			</trkpt>
			<trkpt lat="48.617705" lon="14.580448">
				<ele>749.000000</ele>
			</trkpt>
			<trkpt lat="48.617621" lon="14.580439">
				<ele>748.000000</ele>
			</trkpt>
			<trkpt lat="48.617532" lon="14.580429">
				<ele>747.000000</ele>
			</trkpt>
			<trkpt lat="48.617460" lon="14.580385">
				<ele>746.000000</ele>
			</trkpt>
			<trkpt lat="48.617395" lon="14.580349">
				<ele>745.000000</ele>
			</trkpt>
			<trkpt lat="48.617354" lon="14.580276">
				<ele>745.000000</ele>
			</trkpt>
			<trkpt lat="48.617306" lon="14.580215">
				<ele>744.000000</ele>
			</trkpt>
			<trkpt lat="48.617200" lon="14.579962">
				<ele>742.000000</ele>
			</trkpt>
			<trkpt lat="48.617069" lon="14.579684">
				<ele>740.000000</ele>
			</trkpt>
			<trkpt lat="48.616980" lon="14.579504">
				<ele>738.000000</ele>
			</trkpt>
			<trkpt lat="48.616861" lon="14.579360">
				<ele>737.000000</ele>
			</trkpt>
			<trkpt lat="48.616724" lon="14.579253">
				<ele>736.000000</ele>
			</trkpt>
			<trkpt lat="48.616618" lon="14.579181">
				<ele>734.000000</ele>
			</trkpt>
			<trkpt lat="48.616522" lon="14.579154">
				<ele>733.000000</ele>
			</trkpt>
			<trkpt lat="48.616422" lon="14.579144">
				<ele>732.000000</ele>
			</trkpt>
			<trkpt lat="48.616302" lon="14.579173">
				<ele>730.000000</ele>
			</trkpt>
			<trkpt lat="48.615917" lon="14.579270">
				<ele>730.000000</ele>
			</trkpt>
			<trkpt lat="48.615857" lon="14.579289">
				<ele>730.000000</ele>
			</trkpt>
			<trkpt lat="48.615798" lon="14.579270">
				<ele>730.000000</ele>
			</trkpt>
			<trkpt lat="48.615757" lon="14.579244">
				<ele>730.000000</ele>
			</trkpt>
			<trkpt lat="48.615709" lon="14.579207">
				<ele>730.000000</ele>
			</trkpt>
			<trkpt lat="48.615667" lon="14.579163">
				<ele>730.000000</ele>
			</trkpt>
			<trkpt lat="48.615620" lon="14.579083">
				<ele>730.000000</ele>
			</trkpt>
			<trkpt lat="48.615584" lon="14.579001">
				<ele>730.000000</ele>
			</trkpt>
			<trkpt lat="48.615554" lon="14.578911">
				<ele>730.000000</ele>
			</trkpt>
			<trkpt lat="48.615364" lon="14.578139">
				<ele>730.000000</ele>
			</trkpt>
			<trkpt lat="48.615281" lon="14.577878">
				<ele>730.000000</ele>
			</trkpt>
			<trkpt lat="48.615210" lon="14.577662">
				<ele>732.000000</ele>
			</trkpt>
			<trkpt lat="48.615121" lon="14.577456">
				<ele>733.000000</ele>
			</trkpt>
			<trkpt lat="48.614973" lon="14.577186">
				<ele>735.000000</ele>
			</trkpt>
			<trkpt lat="48.614836" lon="14.576944">
				<ele>734.000000</ele>
			</trkpt>
			<trkpt lat="48.614776" lon="14.576800">
				<ele>733.000000</ele>
			</trkpt>
			<trkpt lat="48.614693" lon="14.576612">
				<ele>733.000000</ele>
			</trkpt>
			<trkpt lat="48.614533" lon="14.576315">
				<ele>731.000000</ele>
			</trkpt>
			<trkpt lat="48.614456" lon="14.576163">
				<ele>731.000000</ele>
			</trkpt>
			<trkpt lat="48.614438" lon="14.576081">
				<ele>731.000000</ele>
			</trkpt>
			<trkpt lat="48.614432" lon="14.576001">
				<ele>730.000000</ele>
			</trkpt>
			<trkpt lat="48.614420" lon="14.575848">
				<ele>730.000000</ele>
			</trkpt>
			<trkpt lat="48.614450" lon="14.575660">
				<ele>729.000000</ele>
			</trkpt>
			<trkpt lat="48.614515" lon="14.575345">
				<ele>728.000000</ele>
			</trkpt>
			<trkpt lat="48.614599" lon="14.575039">
				<ele>727.000000</ele>
			</trkpt>
			<trkpt lat="48.614651" lon="14.574806">
				<ele>726.000000</ele>
			</trkpt>
			<trkpt lat="48.614676" lon="14.574626">
				<ele>726.000000</ele>
			</trkpt>
			<trkpt lat="48.614676" lon="14.574546">
				<ele>725.000000</ele>
			</trkpt>
			<trkpt lat="48.614670" lon="14.574492">
				<ele>725.000000</ele>
			</trkpt>
			<trkpt lat="48.614651" lon="14.574429">
				<ele>725.000000</ele>
			</trkpt>
			<trkpt lat="48.614634" lon="14.574375">
				<ele>725.000000</ele>
			</trkpt>
			<trkpt lat="48.614557" lon="14.574276">
				<ele>725.000000</ele>
			</trkpt>
			<trkpt lat="48.614515" lon="14.574240">
				<ele>725.000000</ele>
			</trkpt>
			<trkpt lat="48.614479" lon="14.574213">
				<ele>725.000000</ele>
			</trkpt>
			<trkpt lat="48.614367" lon="14.574186">
				<ele>725.000000</ele>
			</trkpt>
			<trkpt lat="48.614236" lon="14.574186">
				<ele>725.000000</ele>
			</trkpt>
			<trkpt lat="48.614082" lon="14.574169">
				<ele>726.000000</ele>
			</trkpt>
			<trkpt lat="48.613939" lon="14.574123">
				<ele>726.000000</ele>
			</trkpt>
			<trkpt lat="48.613790" lon="14.574024">
				<ele>726.000000</ele>
			</trkpt>
			<trkpt lat="48.613630" lon="14.573890">
				<ele>727.000000</ele>
			</trkpt>
			<trkpt lat="48.613541" lon="14.573783">
				<ele>727.000000</ele>
			</trkpt>
			<trkpt lat="48.613470" lon="14.573647">
				<ele>727.000000</ele>
			</trkpt>
			<trkpt lat="48.613422" lon="14.573531">
				<ele>727.000000</ele>
			</trkpt>
			<trkpt lat="48.613387" lon="14.573360">
				<ele>727.000000</ele>
			</trkpt>
			<trkpt lat="48.613375" lon="14.573198">
				<ele>728.000000</ele>
			</trkpt>
			<trkpt lat="48.613387" lon="14.573028">
				<ele>728.000000</ele>
			</trkpt>
			<trkpt lat="48.613404" lon="14.572812">
				<ele>728.000000</ele>
			</trkpt>
			<trkpt lat="48.613452" lon="14.572471">
				<ele>729.000000</ele>
			</trkpt>
			<trkpt lat="48.613464" lon="14.572362">
				<ele>729.000000</ele>
			</trkpt>
			<trkpt lat="48.613452" lon="14.572255">
				<ele>729.000000</ele>
			</trkpt>
			<trkpt lat="48.613428" lon="14.572147">
				<ele>729.000000</ele>
			</trkpt>
			<trkpt lat="48.613381" lon="14.572022">
				<ele>729.000000</ele>
			</trkpt>
			<trkpt lat="48.613310" lon="14.571833">
				<ele>729.000000</ele>
			</trkpt>
			<trkpt lat="48.613238" lon="14.571670">
				<ele>730.000000</ele>
			</trkpt>
			<trkpt lat="48.612982" lon="14.571186">
				<ele>730.000000</ele>
			</trkpt>
			<trkpt lat="48.612846" lon="14.570890">
				<ele>730.000000</ele>
			</trkpt>
			<trkpt lat="48.612728" lon="14.570575">
				<ele>730.000000</ele>
			</trkpt>
			<trkpt lat="48.612645" lon="14.570261">
				<ele>730.000000</ele>
			</trkpt>
			<trkpt lat="48.612502" lon="14.569623">
				<ele>728.000000</ele>
			</trkpt>
			<trkpt lat="48.612437" lon="14.569372">
				<ele>727.000000</ele>
			</trkpt>
			<trkpt lat="48.612389" lon="14.569246">
				<ele>727.000000</ele>
			</trkpt>
			<trkpt lat="48.612347" lon="14.569156">
				<ele>726.000000</ele>
			</trkpt>
			<trkpt lat="48.612300" lon="14.569075">
				<ele>726.000000</ele>
			</trkpt>
			<trkpt lat="48.612234" lon="14.568994">
				<ele>725.000000</ele>
			</trkpt>
			<trkpt lat="48.612175" lon="14.568923">
				<ele>725.000000</ele>
			</trkpt>
			<trkpt lat="48.612092" lon="14.568833">
				<ele>725.000000</ele>
			</trkpt>
			<trkpt lat="48.611890" lon="14.568653">
				<ele>725.000000</ele>
			</trkpt>
			<trkpt lat="48.611730" lon="14.568483">
				<ele>725.000000</ele>
			</trkpt>
			<trkpt lat="48.611605" lon="14.568320">
				<ele>725.000000</ele>
			</trkpt>
			<trkpt lat="48.611248" lon="14.567844">
				<ele>725.000000</ele>
			</trkpt>
			<trkpt lat="48.611059" lon="14.567619">
				<ele>725.000000</ele>
			</trkpt>
			<trkpt lat="48.610892" lon="14.567412">
				<ele>725.000000</ele>
			</trkpt>
			<trkpt lat="48.610702" lon="14.567225">
				<ele>725.000000</ele>
			</trkpt>
			<trkpt lat="48.610393" lon="14.566928">
				<ele>725.000000</ele>
			</trkpt>
			<trkpt lat="48.610358" lon="14.566875">
				<ele>725.000000</ele>
			</trkpt>
			<trkpt lat="48.610328" lon="14.566820">
				<ele>725.000000</ele>
			</trkpt>
			<trkpt lat="48.610310" lon="14.566757">
				<ele>725.000000</ele>
			</trkpt>
			<trkpt lat="48.610310" lon="14.566676">
				<ele>725.000000</ele>
			</trkpt>
			<trkpt lat="48.610322" lon="14.566596">
				<ele>725.000000</ele>
			</trkpt>
			<trkpt lat="48.610340" lon="14.566496">
				<ele>725.000000</ele>
			</trkpt>
			<trkpt lat="48.610411" lon="14.566263">
				<ele>725.000000</ele>
			</trkpt>
			<trkpt lat="48.610577" lon="14.565833">
				<ele>725.000000</ele>
			</trkpt>
			<trkpt lat="48.610666" lon="14.565625">
				<ele>725.000000</ele>
			</trkpt>
			<trkpt lat="48.610774" lon="14.565418">
				<ele>725.000000</ele>
			</trkpt>
			<trkpt lat="48.610910" lon="14.565177">
				<ele>725.000000</ele>
			</trkpt>
			<trkpt lat="48.611254" lon="14.564592">
				<ele>725.000000</ele>
			</trkpt>
			<trkpt lat="48.611427" lon="14.564278">
				<ele>725.000000</ele>
			</trkpt>
			<trkpt lat="48.611510" lon="14.564116">
				<ele>724.000000</ele>
			</trkpt>
			<trkpt lat="48.611564" lon="14.563990">
				<ele>724.000000</ele>
			</trkpt>
			<trkpt lat="48.611593" lon="14.563856">
				<ele>724.000000</ele>
			</trkpt>
			<trkpt lat="48.611629" lon="14.563667">
				<ele>724.000000</ele>
			</trkpt>
			<trkpt lat="48.611664" lon="14.563326">
				<ele>723.000000</ele>
			</trkpt>
			<trkpt lat="48.611718" lon="14.562617">
				<ele>723.000000</ele>
			</trkpt>
			<trkpt lat="48.611759" lon="14.562051">
				<ele>722.000000</ele>
			</trkpt>
			<trkpt lat="48.611789" lon="14.561888">
				<ele>722.000000</ele>
			</trkpt>
			<trkpt lat="48.611824" lon="14.561736">
				<ele>722.000000</ele>
			</trkpt>
			<trkpt lat="48.611866" lon="14.561583">
				<ele>721.000000</ele>
			</trkpt>
			<trkpt lat="48.611926" lon="14.561422">
				<ele>721.000000</ele>
			</trkpt>
			<trkpt lat="48.612240" lon="14.560766">
				<ele>720.000000</ele>
			</trkpt>
			<trkpt lat="48.612383" lon="14.560443">
				<ele>719.000000</ele>
			</trkpt>
			<trkpt lat="48.612448" lon="14.560280">
				<ele>718.000000</ele>
			</trkpt>
			<trkpt lat="48.612484" lon="14.560118">
				<ele>717.000000</ele>
			</trkpt>
			<trkpt lat="48.612496" lon="14.559930">
				<ele>716.000000</ele>
			</trkpt>
			<trkpt lat="48.612514" lon="14.559571">
				<ele>714.000000</ele>
			</trkpt>
			<trkpt lat="48.612573" lon="14.558951">
				<ele>709.000000</ele>
			</trkpt>
			<trkpt lat="48.612591" lon="14.558655">
				<ele>708.000000</ele>
			</trkpt>
			<trkpt lat="48.612608" lon="14.558475">
				<ele>707.000000</ele>
			</trkpt>
			<trkpt lat="48.612638" lon="14.558313">
				<ele>706.000000</ele>
			</trkpt>
			<trkpt lat="48.612680" lon="14.558160">
				<ele>705.000000</ele>
			</trkpt>
			<trkpt lat="48.612763" lon="14.557944">
				<ele>703.000000</ele>
			</trkpt>
			<trkpt lat="48.612888" lon="14.557630">
				<ele>699.000000</ele>
			</trkpt>
			<trkpt lat="48.613013" lon="14.557343">
				<ele>696.000000</ele>
			</trkpt>
			<trkpt lat="48.613440" lon="14.556418">
				<ele>690.000000</ele>
			</trkpt>
			<trkpt lat="48.613767" lon="14.555654">
				<ele>686.000000</ele>
			</trkpt>
			<trkpt lat="48.613998" lon="14.555080">
				<ele>683.000000</ele>
			</trkpt>
			<trkpt lat="48.614206" lon="14.554495">
				<ele>679.000000</ele>
			</trkpt>
			<trkpt lat="48.614444" lon="14.553741">
				<ele>670.000000</ele>
			</trkpt>
			<trkpt lat="48.614509" lon="14.553489">
				<ele>668.000000</ele>
			</trkpt>
			<trkpt lat="48.614527" lon="14.553426">
				<ele>667.000000</ele>
			</trkpt>
			<trkpt lat="48.614533" lon="14.553327">
				<ele>666.000000</ele>
			</trkpt>
			<trkpt lat="48.614539" lon="14.553013">
				<ele>664.000000</ele>
			</trkpt>
			<trkpt lat="48.614539" lon="14.552879">
				<ele>663.000000</ele>
			</trkpt>
			<trkpt lat="48.614521" lon="14.552743">
				<ele>663.000000</ele>
			</trkpt>
			<trkpt lat="48.614479" lon="14.552609">
				<ele>662.000000</ele>
			</trkpt>
			<trkpt lat="48.614385" lon="14.552447">
				<ele>661.000000</ele>
			</trkpt>
			<trkpt lat="48.614295" lon="14.552304">
				<ele>660.000000</ele>
			</trkpt>
			<trkpt lat="48.613963" lon="14.551872">
				<ele>657.000000</ele>
			</trkpt>
			<trkpt lat="48.613862" lon="14.551747">
				<ele>656.000000</ele>
			</trkpt>
			<trkpt lat="48.613797" lon="14.551629">
				<ele>655.000000</ele>
			</trkpt>
			<trkpt lat="48.613725" lon="14.551495">
				<ele>655.000000</ele>
			</trkpt>
			<trkpt lat="48.613678" lon="14.551369">
				<ele>654.000000</ele>
			</trkpt>
			<trkpt lat="48.613654" lon="14.551243">
				<ele>654.000000</ele>
			</trkpt>
			<trkpt lat="48.613624" lon="14.551109">
				<ele>654.000000</ele>
			</trkpt>
			<trkpt lat="48.613595" lon="14.550946">
				<ele>653.000000</ele>
			</trkpt>
			<trkpt lat="48.613589" lon="14.550759">
				<ele>653.000000</ele>
			</trkpt>
			<trkpt lat="48.613666" lon="14.550659">
				<ele>653.000000</ele>
			</trkpt>
			<trkpt lat="48.613731" lon="14.550606">
				<ele>652.000000</ele>
			</trkpt>
			<trkpt lat="48.613963" lon="14.550497">
				<ele>652.000000</ele>
			</trkpt>
			<trkpt lat="48.614117" lon="14.550470">
				<ele>651.000000</ele>
			</trkpt>
			<trkpt lat="48.614568" lon="14.550409">
				<ele>651.000000</ele>
			</trkpt>
			<trkpt lat="48.614699" lon="14.550380">
				<ele>652.000000</ele>
			</trkpt>
			<trkpt lat="48.614830" lon="14.550327">
				<ele>653.000000</ele>
			</trkpt>
			<trkpt lat="48.614818" lon="14.550246">
				<ele>653.000000</ele>
			</trkpt>
			<trkpt lat="48.614806" lon="14.550139">
				<ele>653.000000</ele>
			</trkpt>
			<trkpt lat="48.614818" lon="14.550013">
				<ele>653.000000</ele>
			</trkpt>
			<trkpt lat="48.614853" lon="14.549896">
				<ele>653.000000</ele>
			</trkpt>
			<trkpt lat="48.614895" lon="14.549788">
				<ele>653.000000</ele>
			</trkpt>
			<trkpt lat="48.614996" lon="14.549617">
				<ele>653.000000</ele>
			</trkpt>
			<trkpt lat="48.615050" lon="14.549510">
				<ele>653.000000</ele>
			</trkpt>
			<trkpt lat="48.615091" lon="14.549393">
				<ele>653.000000</ele>
			</trkpt>
			<trkpt lat="48.615127" lon="14.549249">
				<ele>653.000000</ele>
			</trkpt>
			<trkpt lat="48.615156" lon="14.549114">
				<ele>653.000000</ele>
			</trkpt>
			<trkpt lat="48.615198" lon="14.548782">
				<ele>652.000000</ele>
			</trkpt>
			<trkpt lat="48.615240" lon="14.548333">
				<ele>652.000000</ele>
			</trkpt>
			<trkpt lat="48.615258" lon="14.548082">
				<ele>652.000000</ele>
			</trkpt>
			<trkpt lat="48.615258" lon="14.547893">
				<ele>652.000000</ele>
			</trkpt>
			<trkpt lat="48.615252" lon="14.547730">
				<ele>652.000000</ele>
			</trkpt>
			<trkpt lat="48.615222" lon="14.547569">
				<ele>652.000000</ele>
			</trkpt>
			<trkpt lat="48.615175" lon="14.547327">
				<ele>652.000000</ele>
			</trkpt>
			<trkpt lat="48.615175" lon="14.547246">
				<ele>651.000000</ele>
			</trkpt>
			<trkpt lat="48.615186" lon="14.547147">
				<ele>651.000000</ele>
			</trkpt>
			<trkpt lat="48.615204" lon="14.547067">
				<ele>651.000000</ele>
			</trkpt>
			<trkpt lat="48.615227" lon="14.547004">
				<ele>651.000000</ele>
			</trkpt>
			<trkpt lat="48.615275" lon="14.546923">
				<ele>651.000000</ele>
			</trkpt>
			<trkpt lat="48.615329" lon="14.546824">
				<ele>651.000000</ele>
			</trkpt>
			<trkpt lat="48.615970" lon="14.545835">
				<ele>650.000000</ele>
			</trkpt>
			<trkpt lat="48.616178" lon="14.545530">
				<ele>650.000000</ele>
			</trkpt>
			<trkpt lat="48.616302" lon="14.545306">
				<ele>650.000000</ele>
			</trkpt>
			<trkpt lat="48.616416" lon="14.545072">
				<ele>650.000000</ele>
			</trkpt>
			<trkpt lat="48.616522" lon="14.544803">
				<ele>650.000000</ele>
			</trkpt>
			<trkpt lat="48.617128" lon="14.543275">
				<ele>652.000000</ele>
			</trkpt>
			<trkpt lat="48.617318" lon="14.542826">
				<ele>654.000000</ele>
			</trkpt>
			<trkpt lat="48.617764" lon="14.541757">
				<ele>658.000000</ele>
			</trkpt>
			<trkpt lat="48.617823" lon="14.541577">
				<ele>659.000000</ele>
			</trkpt>
			<trkpt lat="48.617859" lon="14.541443">
				<ele>659.000000</ele>
			</trkpt>
			<trkpt lat="48.617888" lon="14.541290">
				<ele>660.000000</ele>
			</trkpt>
			<trkpt lat="48.617894" lon="14.541101">
				<ele>660.000000</ele>
			</trkpt>
			<trkpt lat="48.617977" lon="14.539826">
				<ele>663.000000</ele>
			</trkpt>
			<trkpt lat="48.617995" lon="14.539646">
				<ele>663.000000</ele>
			</trkpt>
			<trkpt lat="48.618025" lon="14.539484">
				<ele>663.000000</ele>
			</trkpt>
			<trkpt lat="48.618061" lon="14.539331">
				<ele>664.000000</ele>
			</trkpt>
			<trkpt lat="48.618096" lon="14.539224">
				<ele>664.000000</ele>
			</trkpt>
			<trkpt lat="48.618150" lon="14.539116">
				<ele>664.000000</ele>
			</trkpt>
			<trkpt lat="48.618209" lon="14.539027">
				<ele>664.000000</ele>
			</trkpt>
			<trkpt lat="48.618281" lon="14.538927">
				<ele>665.000000</ele>
			</trkpt>
			<trkpt lat="48.618369" lon="14.538847">
				<ele>665.000000</ele>
			</trkpt>
			<trkpt lat="48.618553" lon="14.538675">
				<ele>666.000000</ele>
			</trkpt>
			<trkpt lat="48.618696" lon="14.538532">
				<ele>667.000000</ele>
			</trkpt>
			<trkpt lat="48.618820" lon="14.538361">
				<ele>668.000000</ele>
			</trkpt>
			<trkpt lat="48.618981" lon="14.538119">
				<ele>669.000000</ele>
			</trkpt>
			<trkpt lat="48.619111" lon="14.537876">
				<ele>670.000000</ele>
			</trkpt>
			<trkpt lat="48.619231" lon="14.537616">
				<ele>671.000000</ele>
			</trkpt>
			<trkpt lat="48.619337" lon="14.537293">
				<ele>671.000000</ele>
			</trkpt>
			<trkpt lat="48.619444" lon="14.536870">
				<ele>672.000000</ele>
			</trkpt>
			<trkpt lat="48.619622" lon="14.536161">
				<ele>673.000000</ele>
			</trkpt>
			<trkpt lat="48.619735" lon="14.535711">
				<ele>674.000000</ele>
			</trkpt>
			<trkpt lat="48.619818" lon="14.535469">
				<ele>675.000000</ele>
			</trkpt>
			<trkpt lat="48.619913" lon="14.535235">
				<ele>675.000000</ele>
			</trkpt>
			<trkpt lat="48.620015" lon="14.535029">
				<ele>675.000000</ele>
			</trkpt>
			<trkpt lat="48.620192" lon="14.534742">
				<ele>676.000000</ele>
			</trkpt>
			<trkpt lat="48.620287" lon="14.534597">
				<ele>676.000000</ele>
			</trkpt>
			<trkpt lat="48.620442" lon="14.534364">
				<ele>676.000000</ele>
			</trkpt>
			<trkpt lat="48.620394" lon="14.534319">
				<ele>676.000000</ele>
			</trkpt>
			<trkpt lat="48.620353" lon="14.534310">
				<ele>676.000000</ele>
			</trkpt>
			<trkpt lat="48.620151" lon="14.534293">
				<ele>676.000000</ele>
			</trkpt>
			<trkpt lat="48.620062" lon="14.534256">
				<ele>675.000000</ele>
			</trkpt>
			<trkpt lat="48.620020" lon="14.534229">
				<ele>675.000000</ele>
			</trkpt>
			<trkpt lat="48.619973" lon="14.534193">
				<ele>675.000000</ele>
			</trkpt>
			<trkpt lat="48.619943" lon="14.534140">
				<ele>675.000000</ele>
			</trkpt>
			<trkpt lat="48.619919" lon="14.534067">
				<ele>675.000000</ele>
			</trkpt>
			<trkpt lat="48.619872" lon="14.533914">
				<ele>675.000000</ele>
			</trkpt>
			<trkpt lat="48.619854" lon="14.533753">
				<ele>675.000000</ele>
			</trkpt>
			<trkpt lat="48.619854" lon="14.533610">
				<ele>674.000000</ele>
			</trkpt>
			<trkpt lat="48.619872" lon="14.533448">
				<ele>674.000000</ele>
			</trkpt>
			<trkpt lat="48.619913" lon="14.533197">
				<ele>673.000000</ele>
			</trkpt>
			<trkpt lat="48.620204" lon="14.531570">
				<ele>670.000000</ele>
			</trkpt>
			<trkpt lat="48.620786" lon="14.528255">
				<ele>652.000000</ele>
			</trkpt>
			<trkpt lat="48.620881" lon="14.527735">
				<ele>649.000000</ele>
			</trkpt>
			<trkpt lat="48.621119" lon="14.526486">
				<ele>644.000000</ele>
			</trkpt>
			<trkpt lat="48.621190" lon="14.526073">
				<ele>644.000000</ele>
			</trkpt>
			<trkpt lat="48.621250" lon="14.525614">
				<ele>644.000000</ele>
			</trkpt>
			<trkpt lat="48.621297" lon="14.525408">
				<ele>644.000000</ele>
			</trkpt>
			<trkpt lat="48.621374" lon="14.525157">
				<ele>643.000000</ele>
			</trkpt>
			<trkpt lat="48.621439" lon="14.524895">
				<ele>643.000000</ele>
			</trkpt>
			<trkpt lat="48.621481" lon="14.524626">
				<ele>643.000000</ele>
			</trkpt>
			<trkpt lat="48.621523" lon="14.524258">
				<ele>642.000000</ele>
			</trkpt>
			<trkpt lat="48.621582" lon="14.523647">
				<ele>642.000000</ele>
			</trkpt>
			<trkpt lat="48.621629" lon="14.523234">
				<ele>642.000000</ele>
			</trkpt>
			<trkpt lat="48.621671" lon="14.522901">
				<ele>641.000000</ele>
			</trkpt>
			<trkpt lat="48.621731" lon="14.522569">
				<ele>641.000000</ele>
			</trkpt>
			<trkpt lat="48.621820" lon="14.522092">
				<ele>641.000000</ele>
			</trkpt>
			<trkpt lat="48.621908" lon="14.521599">
				<ele>640.000000</ele>
			</trkpt>
			<trkpt lat="48.621908" lon="14.521599">
				<ele>640.000000</ele>
			</trkpt>
			<trkpt lat="48.622051" lon="14.520800">
				<ele>638.000000</ele>
			</trkpt>
			<trkpt lat="48.622111" lon="14.520467">
				<ele>637.000000</ele>
			</trkpt>
			<trkpt lat="48.622235" lon="14.519739">
				<ele>636.000000</ele>
			</trkpt>
			<trkpt lat="48.622366" lon="14.519075">
				<ele>640.000000</ele>
			</trkpt>
			<trkpt lat="48.622401" lon="14.518886">
				<ele>641.000000</ele>
			</trkpt>
			<trkpt lat="48.622437" lon="14.518643">
				<ele>641.000000</ele>
			</trkpt>
			<trkpt lat="48.622443" lon="14.518374">
				<ele>642.000000</ele>
			</trkpt>
			<trkpt lat="48.622455" lon="14.518213">
				<ele>642.000000</ele>
			</trkpt>
			<trkpt lat="48.622479" lon="14.518069">
				<ele>643.000000</ele>
			</trkpt>
			<trkpt lat="48.622567" lon="14.517593">
				<ele>644.000000</ele>
			</trkpt>
			<trkpt lat="48.622645" lon="14.517134">
				<ele>646.000000</ele>
			</trkpt>
			<trkpt lat="48.622894" lon="14.515626">
				<ele>650.000000</ele>
			</trkpt>
			<trkpt lat="48.622924" lon="14.515383">
				<ele>650.000000</ele>
			</trkpt>
			<trkpt lat="48.623263" lon="14.513550">
				<ele>650.000000</ele>
			</trkpt>
			<trkpt lat="48.623304" lon="14.513326">
				<ele>650.000000</ele>
			</trkpt>
			<trkpt lat="48.623357" lon="14.513155">
				<ele>650.000000</ele>
			</trkpt>
			<trkpt lat="48.623423" lon="14.513002">
				<ele>650.000000</ele>
			</trkpt>
			<trkpt lat="48.623511" lon="14.512867">
				<ele>650.000000</ele>
			</trkpt>
			<trkpt lat="48.624343" lon="14.511691">
				<ele>650.000000</ele>
			</trkpt>
			<trkpt lat="48.625970" lon="14.509364">
				<ele>644.000000</ele>
			</trkpt>
			<trkpt lat="48.626498" lon="14.508618">
				<ele>642.000000</ele>
			</trkpt>
			<trkpt lat="48.626878" lon="14.508016">
				<ele>640.000000</ele>
			</trkpt>
			<trkpt lat="48.627846" lon="14.506624">
				<ele>640.000000</ele>
			</trkpt>
			<trkpt lat="48.628523" lon="14.505636">
				<ele>640.000000</ele>
			</trkpt>
			<trkpt lat="48.629105" lon="14.504747">
				<ele>640.000000</ele>
			</trkpt>
			<trkpt lat="48.629241" lon="14.504550">
				<ele>640.000000</ele>
			</trkpt>
			<trkpt lat="48.629313" lon="14.504397">
				<ele>640.000000</ele>
			</trkpt>
			<trkpt lat="48.629384" lon="14.504261">
				<ele>640.000000</ele>
			</trkpt>
			<trkpt lat="48.629479" lon="14.504108">
				<ele>640.000000</ele>
			</trkpt>
			<trkpt lat="48.630999" lon="14.501871">
				<ele>634.000000</ele>
			</trkpt>
			<trkpt lat="48.631735" lon="14.500758">
				<ele>629.000000</ele>
			</trkpt>
			<trkpt lat="48.631735" lon="14.500758">
				<ele>629.000000</ele>
			</trkpt>
			<trkpt lat="48.632353" lon="14.499815">
				<ele>625.000000</ele>
			</trkpt>
			<trkpt lat="48.632495" lon="14.499617">
				<ele>625.000000</ele>
			</trkpt>
			<trkpt lat="48.632834" lon="14.499204">
				<ele>625.000000</ele>
			</trkpt>
			<trkpt lat="48.632976" lon="14.499015">
				<ele>625.000000</ele>
			</trkpt>
			<trkpt lat="48.633890" lon="14.497632">
				<ele>625.000000</ele>
			</trkpt>
			<trkpt lat="48.635891" lon="14.494649">
				<ele>627.000000</ele>
			</trkpt>
			<trkpt lat="48.637037" lon="14.492915">
				<ele>630.000000</ele>
			</trkpt>
			<trkpt lat="48.637749" lon="14.491810">
				<ele>631.000000</ele>
			</trkpt>
			<trkpt lat="48.639019" lon="14.489969">
				<ele>633.000000</ele>
			</trkpt>
			<trkpt lat="48.639690" lon="14.488954">
				<ele>634.000000</ele>
			</trkpt>
			<trkpt lat="48.640545" lon="14.487642">
				<ele>635.000000</ele>
			</trkpt>
			<trkpt lat="48.641215" lon="14.486673">
				<ele>635.000000</ele>
			</trkpt>
			<trkpt lat="48.641352" lon="14.486510">
				<ele>635.000000</ele>
			</trkpt>
			<trkpt lat="48.641471" lon="14.486367">
				<ele>635.000000</ele>
			</trkpt>
			<trkpt lat="48.641584" lon="14.486260">
				<ele>635.000000</ele>
			</trkpt>
			<trkpt lat="48.641815" lon="14.486070">
				<ele>635.000000</ele>
			</trkpt>
			<trkpt lat="48.641981" lon="14.485944">
				<ele>635.000000</ele>
			</trkpt>
			<trkpt lat="48.642266" lon="14.485783">
				<ele>634.000000</ele>
			</trkpt>
			<trkpt lat="48.642349" lon="14.485711">
				<ele>634.000000</ele>
			</trkpt>
			<trkpt lat="48.642420" lon="14.485640">
				<ele>634.000000</ele>
			</trkpt>
			<trkpt lat="48.642491" lon="14.485558">
				<ele>634.000000</ele>
			</trkpt>
			<trkpt lat="48.642569" lon="14.485424">
				<ele>634.000000</ele>
			</trkpt>
			<trkpt lat="48.642711" lon="14.485145">
				<ele>634.000000</ele>
			</trkpt>
			<trkpt lat="48.642925" lon="14.484688">
				<ele>633.000000</ele>
			</trkpt>
			<trkpt lat="48.643049" lon="14.484445">
				<ele>633.000000</ele>
			</trkpt>
			<trkpt lat="48.643049" lon="14.484355">
				<ele>633.000000</ele>
			</trkpt>
			<trkpt lat="48.643061" lon="14.484319">
				<ele>633.000000</ele>
			</trkpt>
			<trkpt lat="48.643067" lon="14.484273">
				<ele>633.000000</ele>
			</trkpt>
			<trkpt lat="48.643133" lon="14.484193">
				<ele>633.000000</ele>
			</trkpt>
			<trkpt lat="48.643168" lon="14.484112">
				<ele>633.000000</ele>
			</trkpt>
			<trkpt lat="48.643228" lon="14.483923">
				<ele>633.000000</ele>
			</trkpt>
			<trkpt lat="48.643365" lon="14.483636">
				<ele>632.000000</ele>
			</trkpt>
			<trkpt lat="48.643453" lon="14.483457">
				<ele>632.000000</ele>
			</trkpt>
			<trkpt lat="48.643542" lon="14.483294">
				<ele>632.000000</ele>
			</trkpt>
			<trkpt lat="48.643851" lon="14.482720">
				<ele>631.000000</ele>
			</trkpt>
			<trkpt lat="48.644177" lon="14.482189">
				<ele>630.000000</ele>
			</trkpt>
			<trkpt lat="48.644450" lon="14.481749">
				<ele>630.000000</ele>
			</trkpt>
			<trkpt lat="48.645097" lon="14.480797">
				<ele>630.000000</ele>
			</trkpt>
			<trkpt lat="48.645418" lon="14.480285">
				<ele>630.000000</ele>
			</trkpt>
			<trkpt lat="48.645507" lon="14.480151">
				<ele>630.000000</ele>
			</trkpt>
			<trkpt lat="48.645578" lon="14.480088">
				<ele>630.000000</ele>
			</trkpt>
			<trkpt lat="48.645667" lon="14.479962">
				<ele>630.000000</ele>
			</trkpt>
			<trkpt lat="48.645667" lon="14.479962">
				<ele>630.000000</ele>
			</trkpt>
			<trkpt lat="48.645578" lon="14.480088">
				<ele>630.000000</ele>
			</trkpt>
			<trkpt lat="48.645632" lon="14.480115">
				<ele>630.000000</ele>
			</trkpt>
			<trkpt lat="48.645715" lon="14.480160">
				<ele>630.000000</ele>
			</trkpt>
			<trkpt lat="48.645857" lon="14.480258">
				<ele>630.000000</ele>
			</trkpt>
			<trkpt lat="48.645994" lon="14.480312">
				<ele>630.000000</ele>
			</trkpt>
			<trkpt lat="48.646148" lon="14.480321">
				<ele>630.000000</ele>
			</trkpt>
			<trkpt lat="48.646344" lon="14.480321">
				<ele>630.000000</ele>
			</trkpt>
			<trkpt lat="48.646469" lon="14.480330">
				<ele>630.000000</ele>
			</trkpt>
			<trkpt lat="48.646593" lon="14.480375">
				<ele>630.000000</ele>
			</trkpt>
			<trkpt lat="48.646741" lon="14.480457">
				<ele>630.000000</ele>
			</trkpt>
			<trkpt lat="48.646920" lon="14.480573">
				<ele>630.000000</ele>
			</trkpt>
			<trkpt lat="48.647110" lon="14.480690">
				<ele>630.000000</ele>
			</trkpt>
			<trkpt lat="48.647163" lon="14.480744">
				<ele>630.000000</ele>
			</trkpt>
			<trkpt lat="48.647210" lon="14.480816">
				<ele>630.000000</ele>
			</trkpt>
			<trkpt lat="48.647400" lon="14.481193">
				<ele>630.000000</ele>
			</trkpt>
			<trkpt lat="48.647661" lon="14.481633">
				<ele>630.000000</ele>
			</trkpt>
			<trkpt lat="48.647733" lon="14.481759">
				<ele>630.000000</ele>
			</trkpt>
			<trkpt lat="48.647810" lon="14.481839">
				<ele>630.000000</ele>
			</trkpt>
			<trkpt lat="48.647881" lon="14.481902">
				<ele>629.000000</ele>
			</trkpt>
			<trkpt lat="48.647970" lon="14.481956">
				<ele>629.000000</ele>
			</trkpt>
			<trkpt lat="48.648296" lon="14.482091">
				<ele>629.000000</ele>
			</trkpt>
			<trkpt lat="48.648504" lon="14.482199">
				<ele>629.000000</ele>
			</trkpt>
			<trkpt lat="48.648919" lon="14.482468">
				<ele>629.000000</ele>
			</trkpt>
			<trkpt lat="48.649044" lon="14.482522">
				<ele>629.000000</ele>
			</trkpt>
			<trkpt lat="48.649252" lon="14.482558">
				<ele>629.000000</ele>
			</trkpt>
			<trkpt lat="48.649275" lon="14.481929">
				<ele>628.000000</ele>
			</trkpt>
			<trkpt lat="48.649300" lon="14.481499">
				<ele>628.000000</ele>
			</trkpt>
			<trkpt lat="48.649341" lon="14.481120">
				<ele>628.000000</ele>
			</trkpt>
			<trkpt lat="48.649377" lon="14.480860">
				<ele>628.000000</ele>
			</trkpt>
			<trkpt lat="48.649430" lon="14.480617">
				<ele>628.000000</ele>
			</trkpt>
			<trkpt lat="48.649501" lon="14.480312">
				<ele>628.000000</ele>
			</trkpt>
			<trkpt lat="48.649579" lon="14.479989">
				<ele>627.000000</ele>
			</trkpt>
			<trkpt lat="48.649644" lon="14.479755">
				<ele>627.000000</ele>
			</trkpt>
			<trkpt lat="48.649685" lon="14.479495">
				<ele>627.000000</ele>
			</trkpt>
			<trkpt lat="48.649721" lon="14.479252">
				<ele>627.000000</ele>
			</trkpt>
			<trkpt lat="48.649792" lon="14.478723">
				<ele>627.000000</ele>
			</trkpt>
			<trkpt lat="48.649845" lon="14.478381">
				<ele>627.000000</ele>
			</trkpt>
			<trkpt lat="48.649905" lon="14.478067">
				<ele>627.000000</ele>
			</trkpt>
			<trkpt lat="48.649976" lon="14.477797">
				<ele>626.000000</ele>
			</trkpt>
			<trkpt lat="48.650065" lon="14.477564">
				<ele>626.000000</ele>
			</trkpt>
			<trkpt lat="48.650189" lon="14.477321">
				<ele>626.000000</ele>
			</trkpt>
			<trkpt lat="48.650403" lon="14.476952">
				<ele>626.000000</ele>
			</trkpt>
			<trkpt lat="48.650510" lon="14.476773">
				<ele>626.000000</ele>
			</trkpt>
			<trkpt lat="48.650581" lon="14.476683">
				<ele>626.000000</ele>
			</trkpt>
			<trkpt lat="48.650664" lon="14.476612">
				<ele>626.000000</ele>
			</trkpt>
			<trkpt lat="48.650753" lon="14.476566">
				<ele>626.000000</ele>
			</trkpt>
			<trkpt lat="48.651020" lon="14.476512">
				<ele>625.000000</ele>
			</trkpt>
			<trkpt lat="48.651299" lon="14.476486">
				<ele>625.000000</ele>
			</trkpt>
			<trkpt lat="48.651359" lon="14.474688">
				<ele>621.000000</ele>
			</trkpt>
			<trkpt lat="48.651371" lon="14.473809">
				<ele>620.000000</ele>
			</trkpt>
			<trkpt lat="48.651394" lon="14.471725">
				<ele>620.000000</ele>
			</trkpt>
			<trkpt lat="48.651430" lon="14.470790">
				<ele>620.000000</ele>
			</trkpt>
			<trkpt lat="48.651484" lon="14.469497">
				<ele>620.000000</ele>
			</trkpt>
			<trkpt lat="48.651561" lon="14.468086">
				<ele>623.000000</ele>
			</trkpt>
			<trkpt lat="48.651578" lon="14.467763">
				<ele>623.000000</ele>
			</trkpt>
			<trkpt lat="48.651608" lon="14.467467">
				<ele>624.000000</ele>
			</trkpt>
			<trkpt lat="48.651679" lon="14.467000">
				<ele>624.000000</ele>
			</trkpt>
			<trkpt lat="48.651744" lon="14.466685">
				<ele>625.000000</ele>
			</trkpt>
			<trkpt lat="48.651810" lon="14.466362">
				<ele>624.000000</ele>
			</trkpt>
			<trkpt lat="48.651899" lon="14.466020">
				<ele>623.000000</ele>
			</trkpt>
			<trkpt lat="48.652053" lon="14.465526">
				<ele>622.000000</ele>
			</trkpt>
			<trkpt lat="48.652142" lon="14.465256">
				<ele>621.000000</ele>
			</trkpt>
			<trkpt lat="48.652237" lon="14.465014">
				<ele>620.000000</ele>
			</trkpt>
			<trkpt lat="48.652344" lon="14.464790">
				<ele>618.000000</ele>
			</trkpt>
			<trkpt lat="48.652558" lon="14.464358">
				<ele>615.000000</ele>
			</trkpt>
			<trkpt lat="48.652801" lon="14.463891">
				<ele>615.000000</ele>
			</trkpt>
			<trkpt lat="48.653014" lon="14.463469">
				<ele>615.000000</ele>
			</trkpt>
			<trkpt lat="48.653910" lon="14.461610">
				<ele>615.000000</ele>
			</trkpt>
			<trkpt lat="48.654451" lon="14.460522">
				<ele>615.000000</ele>
			</trkpt>
			<trkpt lat="48.654789" lon="14.459813">
				<ele>615.000000</ele>
			</trkpt>
			<trkpt lat="48.654932" lon="14.459480">
				<ele>615.000000</ele>
			</trkpt>
			<trkpt lat="48.654967" lon="14.459390">
				<ele>615.000000</ele>
			</trkpt>
			<trkpt lat="48.654985" lon="14.459291">
				<ele>615.000000</ele>
			</trkpt>
			<trkpt lat="48.654991" lon="14.459184">
				<ele>615.000000</ele>
			</trkpt>
			<trkpt lat="48.654978" lon="14.459094">
				<ele>615.000000</ele>
			</trkpt>
			<trkpt lat="48.654955" lon="14.458968">
				<ele>615.000000</ele>
			</trkpt>
			<trkpt lat="48.654919" lon="14.458842">
				<ele>615.000000</ele>
			</trkpt>
			<trkpt lat="48.654854" lon="14.458672">
				<ele>614.000000</ele>
			</trkpt>
			<trkpt lat="48.654771" lon="14.458511">
				<ele>613.000000</ele>
			</trkpt>
			<trkpt lat="48.654688" lon="14.458385">
				<ele>612.000000</ele>
			</trkpt>
			<trkpt lat="48.654510" lon="14.458106">
				<ele>611.000000</ele>
			</trkpt>
			<trkpt lat="48.654409" lon="14.457945">
				<ele>610.000000</ele>
			</trkpt>
			<trkpt lat="48.654148" lon="14.457469">
				<ele>611.000000</ele>
			</trkpt>
			<trkpt lat="48.653863" lon="14.456930">
				<ele>614.000000</ele>
			</trkpt>
			<trkpt lat="48.653804" lon="14.456804">
				<ele>615.000000</ele>
			</trkpt>
			<trkpt lat="48.653721" lon="14.456696">
				<ele>616.000000</ele>
			</trkpt>
			<trkpt lat="48.653637" lon="14.456606">
				<ele>617.000000</ele>
			</trkpt>
			<trkpt lat="48.653519" lon="14.456498">
				<ele>618.000000</ele>
			</trkpt>
			<trkpt lat="48.653305" lon="14.456310">
				<ele>620.000000</ele>
			</trkpt>
			<trkpt lat="48.652896" lon="14.456004">
				<ele>620.000000</ele>
			</trkpt>
			<trkpt lat="48.653020" lon="14.455716">
				<ele>620.000000</ele>
			</trkpt>
			<trkpt lat="48.653181" lon="14.455429">
				<ele>620.000000</ele>
			</trkpt>
			<trkpt lat="48.653477" lon="14.454935">
				<ele>620.000000</ele>
			</trkpt>
			<trkpt lat="48.653637" lon="14.454647">
				<ele>620.000000</ele>
			</trkpt>
			<trkpt lat="48.653721" lon="14.454540">
				<ele>620.000000</ele>
			</trkpt>
			<trkpt lat="48.653816" lon="14.454459">
				<ele>620.000000</ele>
			</trkpt>
			<trkpt lat="48.653916" lon="14.454387">
				<ele>620.000000</ele>
			</trkpt>
			<trkpt lat="48.654142" lon="14.454280">
				<ele>620.000000</ele>
			</trkpt>
			<trkpt lat="48.654272" lon="14.454127">
				<ele>620.000000</ele>
			</trkpt>
			<trkpt lat="48.654362" lon="14.453974">
				<ele>620.000000</ele>
			</trkpt>
			<trkpt lat="48.654516" lon="14.453597">
				<ele>620.000000</ele>
			</trkpt>
			<trkpt lat="48.654540" lon="14.453515">
				<ele>619.000000</ele>
			</trkpt>
			<trkpt lat="48.654557" lon="14.453408">
				<ele>619.000000</ele>
			</trkpt>
			<trkpt lat="48.654362" lon="14.453354">
				<ele>620.000000</ele>
			</trkpt>
			<trkpt lat="48.653934" lon="14.453219">
				<ele>623.000000</ele>
			</trkpt>
			<trkpt lat="48.653163" lon="14.452941">
				<ele>628.000000</ele>
			</trkpt>
			<trkpt lat="48.653008" lon="14.452896">
				<ele>628.000000</ele>
			</trkpt>
			<trkpt lat="48.652872" lon="14.452869">
				<ele>629.000000</ele>
			</trkpt>
			<trkpt lat="48.652683" lon="14.452842">
				<ele>630.000000</ele>
			</trkpt>
			<trkpt lat="48.652362" lon="14.452832">
				<ele>632.000000</ele>
			</trkpt>
			<trkpt lat="48.652219" lon="14.452815">
				<ele>633.000000</ele>
			</trkpt>
			<trkpt lat="48.652083" lon="14.452769">
				<ele>634.000000</ele>
			</trkpt>
			<trkpt lat="48.651976" lon="14.452716">
				<ele>634.000000</ele>
			</trkpt>
			<trkpt lat="48.651899" lon="14.452645">
				<ele>635.000000</ele>
			</trkpt>
			<trkpt lat="48.651840" lon="14.452725">
				<ele>635.000000</ele>
			</trkpt>
			<trkpt lat="48.651774" lon="14.452798">
				<ele>635.000000</ele>
			</trkpt>
			<trkpt lat="48.651703" lon="14.452824">
				<ele>635.000000</ele>
			</trkpt>
			<trkpt lat="48.651626" lon="14.452842">
				<ele>635.000000</ele>
			</trkpt>
			<trkpt lat="48.651406" lon="14.452851">
				<ele>635.000000</ele>
			</trkpt>
			<trkpt lat="48.651074" lon="14.452887">
				<ele>635.000000</ele>
			</trkpt>
			<trkpt lat="48.650676" lon="14.452914">
				<ele>635.000000</ele>
			</trkpt>
			<trkpt lat="48.649869" lon="14.452968">
				<ele>635.000000</ele>
			</trkpt>
			<trkpt lat="48.649620" lon="14.452985">
				<ele>635.000000</ele>
			</trkpt>
			<trkpt lat="48.649519" lon="14.452995">
				<ele>635.000000</ele>
			</trkpt>
			<trkpt lat="48.649383" lon="14.453012">
				<ele>635.000000</ele>
			</trkpt>
			<trkpt lat="48.648789" lon="14.453085">
				<ele>635.000000</ele>
			</trkpt>
			<trkpt lat="48.648611" lon="14.453102">
				<ele>634.000000</ele>
			</trkpt>
			<trkpt lat="48.648528" lon="14.453022">
				<ele>634.000000</ele>
			</trkpt>
			<trkpt lat="48.648457" lon="14.452968">
				<ele>634.000000</ele>
			</trkpt>
			<trkpt lat="48.648392" lon="14.452932">
				<ele>634.000000</ele>
			</trkpt>
			<trkpt lat="48.648302" lon="14.452914">
				<ele>634.000000</ele>
			</trkpt>
			<trkpt lat="48.648071" lon="14.452896">
				<ele>635.000000</ele>
			</trkpt>
			<trkpt lat="48.647739" lon="14.452878">
				<ele>635.000000</ele>
			</trkpt>
			<trkpt lat="48.647335" lon="14.452869">
				<ele>635.000000</ele>
			</trkpt>
			<trkpt lat="48.647204" lon="14.452859">
				<ele>635.000000</ele>
			</trkpt>
			<trkpt lat="48.647091" lon="14.452851">
				<ele>635.000000</ele>
			</trkpt>
			<trkpt lat="48.646712" lon="14.452851">
				<ele>635.000000</ele>
			</trkpt>
			<trkpt lat="48.646475" lon="14.452842">
				<ele>635.000000</ele>
			</trkpt>
			<trkpt lat="48.646475" lon="14.452285">
				<ele>635.000000</ele>
			</trkpt>
			<trkpt lat="48.646367" lon="14.450479">
				<ele>636.000000</ele>
			</trkpt>
			<trkpt lat="48.646338" lon="14.450129">
				<ele>637.000000</ele>
			</trkpt>
			<trkpt lat="48.646308" lon="14.449832">
				<ele>638.000000</ele>
			</trkpt>
			<trkpt lat="48.646255" lon="14.449519">
				<ele>639.000000</ele>
			</trkpt>
			<trkpt lat="48.646136" lon="14.449016">
				<ele>640.000000</ele>
			</trkpt>
			<trkpt lat="48.646083" lon="14.448773">
				<ele>642.000000</ele>
			</trkpt>
			<trkpt lat="48.645988" lon="14.448261">
				<ele>645.000000</ele>
			</trkpt>
			<trkpt lat="48.645886" lon="14.447649">
				<ele>648.000000</ele>
			</trkpt>
			<trkpt lat="48.645834" lon="14.447435">
				<ele>650.000000</ele>
			</trkpt>
			<trkpt lat="48.645756" lon="14.447200">
				<ele>652.000000</ele>
			</trkpt>
			<trkpt lat="48.645715" lon="14.447083">
				<ele>653.000000</ele>
			</trkpt>
			<trkpt lat="48.645685" lon="14.446985">
				<ele>654.000000</ele>
			</trkpt>
			<trkpt lat="48.645655" lon="14.446877">
				<ele>654.000000</ele>
			</trkpt>
			<trkpt lat="48.645649" lon="14.446743">
				<ele>655.000000</ele>
			</trkpt>
			<trkpt lat="48.645626" lon="14.446536">
				<ele>656.000000</ele>
			</trkpt>
			<trkpt lat="48.645626" lon="14.446393">
				<ele>657.000000</ele>
			</trkpt>
			<trkpt lat="48.645638" lon="14.446114">
				<ele>659.000000</ele>
			</trkpt>
			<trkpt lat="48.645667" lon="14.445835">
				<ele>660.000000</ele>
			</trkpt>
			<trkpt lat="48.645685" lon="14.445710">
				<ele>660.000000</ele>
			</trkpt>
			<trkpt lat="48.645721" lon="14.445601">
				<ele>661.000000</ele>
			</trkpt>
			<trkpt lat="48.645857" lon="14.445287">
				<ele>662.000000</ele>
			</trkpt>
			<trkpt lat="48.645911" lon="14.445161">
				<ele>662.000000</ele>
			</trkpt>
			<trkpt lat="48.645946" lon="14.445026">
				<ele>663.000000</ele>
			</trkpt>
			<trkpt lat="48.645964" lon="14.444892">
				<ele>663.000000</ele>
			</trkpt>
			<trkpt lat="48.645964" lon="14.444739">
				<ele>663.000000</ele>
			</trkpt>
			<trkpt lat="48.645952" lon="14.444595">
				<ele>664.000000</ele>
			</trkpt>
			<trkpt lat="48.645834" lon="14.443742">
				<ele>668.000000</ele>
			</trkpt>
			<trkpt lat="48.645744" lon="14.443140">
				<ele>674.000000</ele>
			</trkpt>
			<trkpt lat="48.645661" lon="14.442682">
				<ele>678.000000</ele>
			</trkpt>
			<trkpt lat="48.645608" lon="14.442385">
				<ele>681.000000</ele>
			</trkpt>
			<trkpt lat="48.645561" lon="14.442045">
				<ele>683.000000</ele>
			</trkpt>
			<trkpt lat="48.645471" lon="14.441452">
				<ele>686.000000</ele>
			</trkpt>
			<trkpt lat="48.645471" lon="14.441424">
				<ele>686.000000</ele>
			</trkpt>
			<trkpt lat="48.645359" lon="14.440768">
				<ele>687.000000</ele>
			</trkpt>
			<trkpt lat="48.645329" lon="14.440687">
				<ele>687.000000</ele>
			</trkpt>
			<trkpt lat="48.645305" lon="14.440517">
				<ele>688.000000</ele>
			</trkpt>
			<trkpt lat="48.645264" lon="14.440347">
				<ele>688.000000</ele>
			</trkpt>
			<trkpt lat="48.645145" lon="14.439987">
				<ele>689.000000</ele>
			</trkpt>
			<trkpt lat="48.645127" lon="14.439835">
				<ele>689.000000</ele>
			</trkpt>
			<trkpt lat="48.645085" lon="14.439699">
				<ele>689.000000</ele>
			</trkpt>
			<trkpt lat="48.645038" lon="14.439582">
				<ele>689.000000</ele>
			</trkpt>
			<trkpt lat="48.645008" lon="14.439458">
				<ele>688.000000</ele>
			</trkpt>
			<trkpt lat="48.645003" lon="14.439322">
				<ele>688.000000</ele>
			</trkpt>
			<trkpt lat="48.644997" lon="14.439160">
				<ele>688.000000</ele>
			</trkpt>
			<trkpt lat="48.645026" lon="14.438766">
				<ele>688.000000</ele>
			</trkpt>
			<trkpt lat="48.645074" lon="14.438028">
				<ele>687.000000</ele>
			</trkpt>
			<trkpt lat="48.645133" lon="14.437194">
				<ele>686.000000</ele>
			</trkpt>
			<trkpt lat="48.645151" lon="14.436726">
				<ele>685.000000</ele>
			</trkpt>
			<trkpt lat="48.645139" lon="14.436466">
				<ele>685.000000</ele>
			</trkpt>
			<trkpt lat="48.645127" lon="14.436322">
				<ele>685.000000</ele>
			</trkpt>
			<trkpt lat="48.645091" lon="14.436187">
				<ele>684.000000</ele>
			</trkpt>
			<trkpt lat="48.645020" lon="14.436053">
				<ele>684.000000</ele>
			</trkpt>
			<trkpt lat="48.644872" lon="14.435819">
				<ele>684.000000</ele>
			</trkpt>
			<trkpt lat="48.644812" lon="14.435703">
				<ele>683.000000</ele>
			</trkpt>
			<trkpt lat="48.644718" lon="14.435181">
				<ele>683.000000</ele>
			</trkpt>
			<trkpt lat="48.644824" lon="14.435047">
				<ele>682.000000</ele>
			</trkpt>
			<trkpt lat="48.644985" lon="14.434884">
				<ele>682.000000</ele>
			</trkpt>
			<trkpt lat="48.645038" lon="14.434840">
				<ele>682.000000</ele>
			</trkpt>
			<trkpt lat="48.645115" lon="14.434831">
				<ele>682.000000</ele>
			</trkpt>
			<trkpt lat="48.646605" lon="14.434768">
				<ele>676.000000</ele>
			</trkpt>
			<trkpt lat="48.646747" lon="14.434750">
				<ele>675.000000</ele>
			</trkpt>
			<trkpt lat="48.646955" lon="14.434661">
				<ele>674.000000</ele>
			</trkpt>
			<trkpt lat="48.647074" lon="14.434597">
				<ele>673.000000</ele>
			</trkpt>
			<trkpt lat="48.647169" lon="14.434544">
				<ele>672.000000</ele>
			</trkpt>
			<trkpt lat="48.647430" lon="14.434336">
				<ele>670.000000</ele>
			</trkpt>
			<trkpt lat="48.647519" lon="14.434256">
				<ele>670.000000</ele>
			</trkpt>
			<trkpt lat="48.647590" lon="14.434219">
				<ele>670.000000</ele>
			</trkpt>
			<trkpt lat="48.647952" lon="14.434058">
				<ele>671.000000</ele>
			</trkpt>
			<trkpt lat="48.648130" lon="14.433950">
				<ele>671.000000</ele>
			</trkpt>
			<trkpt lat="48.648290" lon="14.433816">
				<ele>672.000000</ele>
			</trkpt>
			<trkpt lat="48.648884" lon="14.433294">
				<ele>673.000000</ele>
			</trkpt>
			<trkpt lat="48.649127" lon="14.433070">
				<ele>673.000000</ele>
			</trkpt>
			<trkpt lat="48.649240" lon="14.432963">
				<ele>673.000000</ele>
			</trkpt>
			<trkpt lat="48.649323" lon="14.432881">
				<ele>673.000000</ele>
			</trkpt>
			<trkpt lat="48.649400" lon="14.432774">
				<ele>674.000000</ele>
			</trkpt>
			<trkpt lat="48.649489" lon="14.432630">
				<ele>674.000000</ele>
			</trkpt>
			<trkpt lat="48.649626" lon="14.432414">
				<ele>674.000000</ele>
			</trkpt>
			<trkpt lat="48.649733" lon="14.432280">
				<ele>674.000000</ele>
			</trkpt>
			<trkpt lat="48.649685" lon="14.431911">
				<ele>675.000000</ele>
			</trkpt>
			<trkpt lat="48.649596" lon="14.431947">
				<ele>675.000000</ele>
			</trkpt>
		</trkseg>
	</trk>
</gpx>

