<?xml version="1.0" encoding="utf-8"?>
<gpx xmlns="http://www.topografix.com/GPX/1/1" version="1.1" creator="https://mapy.com/">
	<trk>
		<name>09_Beskydy_Hodslavice-Nejvychodnejsi bod ČR</name>
		<trkseg>
			<trkpt lat="49.537903" lon="18.022944">
				<ele>339.000000</ele>
			</trkpt>
			<trkpt lat="49.537978" lon="18.023070">
				<ele>339.000000</ele>
			</trkpt>
			<trkpt lat="49.538060" lon="18.023205">
				<ele>339.000000</ele>
			</trkpt>
			<trkpt lat="49.538241" lon="18.023492">
				<ele>338.000000</ele>
			</trkpt>
			<trkpt lat="49.538153" lon="18.023609">
				<ele>338.000000</ele>
			</trkpt>
			<trkpt lat="49.538223" lon="18.023779">
				<ele>338.000000</ele>
			</trkpt>
			<trkpt lat="49.538293" lon="18.023924">
				<ele>338.000000</ele>
			</trkpt>
			<trkpt lat="49.538328" lon="18.023995">
				<ele>338.000000</ele>
			</trkpt>
			<trkpt lat="49.538328" lon="18.023995">
				<ele>338.000000</ele>
			</trkpt>
			<trkpt lat="49.538392" lon="18.024148">
				<ele>338.000000</ele>
			</trkpt>
			<trkpt lat="49.538503" lon="18.024445">
				<ele>338.000000</ele>
			</trkpt>
			<trkpt lat="49.538346" lon="18.024607">
				<ele>339.000000</ele>
			</trkpt>
			<trkpt lat="49.538346" lon="18.024607">
				<ele>339.000000</ele>
			</trkpt>
			<trkpt lat="49.538159" lon="18.024787">
				<ele>339.000000</ele>
			</trkpt>
			<trkpt lat="49.537949" lon="18.024974">
				<ele>340.000000</ele>
			</trkpt>
			<trkpt lat="49.537827" lon="18.025091">
				<ele>341.000000</ele>
			</trkpt>
			<trkpt lat="49.537728" lon="18.025200">
				<ele>342.000000</ele>
			</trkpt>
			<trkpt lat="49.537634" lon="18.025334">
				<ele>342.000000</ele>
			</trkpt>
			<trkpt lat="49.537541" lon="18.025469">
				<ele>343.000000</ele>
			</trkpt>
			<trkpt lat="49.537413" lon="18.025666">
				<ele>344.000000</ele>
			</trkpt>
			<trkpt lat="49.537413" lon="18.025666">
				<ele>344.000000</ele>
			</trkpt>
			<trkpt lat="49.537343" lon="18.025774">
				<ele>345.000000</ele>
			</trkpt>
			<trkpt lat="49.537279" lon="18.025890">
				<ele>345.000000</ele>
			</trkpt>
			<trkpt lat="49.537221" lon="18.026026">
				<ele>345.000000</ele>
			</trkpt>
			<trkpt lat="49.537139" lon="18.026268">
				<ele>345.000000</ele>
			</trkpt>
			<trkpt lat="49.537087" lon="18.026519">
				<ele>345.000000</ele>
			</trkpt>
			<trkpt lat="49.537005" lon="18.027005">
				<ele>345.000000</ele>
			</trkpt>
			<trkpt lat="49.536929" lon="18.027498">
				<ele>345.000000</ele>
			</trkpt>
			<trkpt lat="49.536847" lon="18.027526">
				<ele>345.000000</ele>
			</trkpt>
			<trkpt lat="49.536801" lon="18.027534">
				<ele>346.000000</ele>
			</trkpt>
			<trkpt lat="49.536748" lon="18.027571">
				<ele>346.000000</ele>
			</trkpt>
			<trkpt lat="49.536690" lon="18.027634">
				<ele>346.000000</ele>
			</trkpt>
			<trkpt lat="49.536474" lon="18.027903">
				<ele>347.000000</ele>
			</trkpt>
			<trkpt lat="49.536410" lon="18.027984">
				<ele>347.000000</ele>
			</trkpt>
			<trkpt lat="49.536323" lon="18.028047">
				<ele>348.000000</ele>
			</trkpt>
			<trkpt lat="49.536020" lon="18.028236">
				<ele>349.000000</ele>
			</trkpt>
			<trkpt lat="49.535938" lon="18.028307">
				<ele>349.000000</ele>
			</trkpt>
			<trkpt lat="49.535851" lon="18.028389">
				<ele>350.000000</ele>
			</trkpt>
			<trkpt lat="49.535705" lon="18.028540">
				<ele>350.000000</ele>
			</trkpt>
			<trkpt lat="49.535641" lon="18.028586">
				<ele>350.000000</ele>
			</trkpt>
			<trkpt lat="49.535577" lon="18.028622">
				<ele>350.000000</ele>
			</trkpt>
			<trkpt lat="49.535221" lon="18.028748">
				<ele>351.000000</ele>
			</trkpt>
			<trkpt lat="49.535221" lon="18.028748">
				<ele>351.000000</ele>
			</trkpt>
			<trkpt lat="49.535133" lon="18.028775">
				<ele>351.000000</ele>
			</trkpt>
			<trkpt lat="49.534813" lon="18.028865">
				<ele>352.000000</ele>
			</trkpt>
			<trkpt lat="49.534545" lon="18.028919">
				<ele>352.000000</ele>
			</trkpt>
			<trkpt lat="49.534317" lon="18.028945">
				<ele>353.000000</ele>
			</trkpt>
			<trkpt lat="49.534172" lon="18.028945">
				<ele>353.000000</ele>
			</trkpt>
			<trkpt lat="49.534032" lon="18.028928">
				<ele>353.000000</ele>
			</trkpt>
			<trkpt lat="49.533897" lon="18.028892">
				<ele>354.000000</ele>
			</trkpt>
			<trkpt lat="49.533694" lon="18.028819">
				<ele>354.000000</ele>
			</trkpt>
			<trkpt lat="49.533489" lon="18.028658">
				<ele>355.000000</ele>
			</trkpt>
			<trkpt lat="49.533391" lon="18.028568">
				<ele>355.000000</ele>
			</trkpt>
			<trkpt lat="49.533320" lon="18.028496">
				<ele>355.000000</ele>
			</trkpt>
			<trkpt lat="49.533262" lon="18.028406">
				<ele>356.000000</ele>
			</trkpt>
			<trkpt lat="49.533192" lon="18.028280">
				<ele>358.000000</ele>
			</trkpt>
			<trkpt lat="49.533134" lon="18.028137">
				<ele>360.000000</ele>
			</trkpt>
			<trkpt lat="49.533064" lon="18.028037">
				<ele>360.000000</ele>
			</trkpt>
			<trkpt lat="49.533000" lon="18.027966">
				<ele>360.000000</ele>
			</trkpt>
			<trkpt lat="49.532912" lon="18.027886">
				<ele>360.000000</ele>
			</trkpt>
			<trkpt lat="49.532766" lon="18.027787">
				<ele>360.000000</ele>
			</trkpt>
			<trkpt lat="49.532667" lon="18.027697">
				<ele>360.000000</ele>
			</trkpt>
			<trkpt lat="49.532591" lon="18.027607">
				<ele>360.000000</ele>
			</trkpt>
			<trkpt lat="49.532510" lon="18.027471">
				<ele>360.000000</ele>
			</trkpt>
			<trkpt lat="49.531939" lon="18.026366">
				<ele>360.000000</ele>
			</trkpt>
			<trkpt lat="49.531705" lon="18.025890">
				<ele>360.000000</ele>
			</trkpt>
			<trkpt lat="49.531530" lon="18.025504">
				<ele>360.000000</ele>
			</trkpt>
			<trkpt lat="49.531408" lon="18.025263">
				<ele>361.000000</ele>
			</trkpt>
			<trkpt lat="49.531303" lon="18.025091">
				<ele>361.000000</ele>
			</trkpt>
			<trkpt lat="49.531192" lon="18.024921">
				<ele>362.000000</ele>
			</trkpt>
			<trkpt lat="49.531070" lon="18.024777">
				<ele>362.000000</ele>
			</trkpt>
			<trkpt lat="49.530959" lon="18.024670">
				<ele>363.000000</ele>
			</trkpt>
			<trkpt lat="49.530796" lon="18.024552">
				<ele>364.000000</ele>
			</trkpt>
			<trkpt lat="49.530656" lon="18.024462">
				<ele>364.000000</ele>
			</trkpt>
			<trkpt lat="49.530178" lon="18.024211">
				<ele>365.000000</ele>
			</trkpt>
			<trkpt lat="49.529501" lon="18.023852">
				<ele>365.000000</ele>
			</trkpt>
			<trkpt lat="49.528767" lon="18.023456">
				<ele>367.000000</ele>
			</trkpt>
			<trkpt lat="49.528428" lon="18.023259">
				<ele>367.000000</ele>
			</trkpt>
			<trkpt lat="49.528294" lon="18.023150">
				<ele>368.000000</ele>
			</trkpt>
			<trkpt lat="49.528190" lon="18.023062">
				<ele>368.000000</ele>
			</trkpt>
			<trkpt lat="49.528084" lon="18.022963">
				<ele>368.000000</ele>
			</trkpt>
			<trkpt lat="49.527980" lon="18.022846">
				<ele>368.000000</ele>
			</trkpt>
			<trkpt lat="49.527875" lon="18.022702">
				<ele>369.000000</ele>
			</trkpt>
			<trkpt lat="49.527781" lon="18.022558">
				<ele>369.000000</ele>
			</trkpt>
			<trkpt lat="49.527274" lon="18.021750">
				<ele>370.000000</ele>
			</trkpt>
			<trkpt lat="49.526843" lon="18.021049">
				<ele>370.000000</ele>
			</trkpt>
			<trkpt lat="49.526761" lon="18.020932">
				<ele>370.000000</ele>
			</trkpt>
			<trkpt lat="49.526604" lon="18.020789">
				<ele>370.000000</ele>
			</trkpt>
			<trkpt lat="49.526604" lon="18.020789">
				<ele>370.000000</ele>
			</trkpt>
			<trkpt lat="49.526568" lon="18.020753">
				<ele>370.000000</ele>
			</trkpt>
			<trkpt lat="49.526493" lon="18.020618">
				<ele>370.000000</ele>
			</trkpt>
			<trkpt lat="49.526277" lon="18.020833">
				<ele>370.000000</ele>
			</trkpt>
			<trkpt lat="49.525863" lon="18.021229">
				<ele>370.000000</ele>
			</trkpt>
			<trkpt lat="49.525729" lon="18.021238">
				<ele>370.000000</ele>
			</trkpt>
			<trkpt lat="49.525595" lon="18.021202">
				<ele>370.000000</ele>
			</trkpt>
			<trkpt lat="49.525473" lon="18.021139">
				<ele>370.000000</ele>
			</trkpt>
			<trkpt lat="49.525216" lon="18.021013">
				<ele>370.000000</ele>
			</trkpt>
			<trkpt lat="49.525029" lon="18.020888">
				<ele>370.000000</ele>
			</trkpt>
			<trkpt lat="49.524948" lon="18.020860">
				<ele>370.000000</ele>
			</trkpt>
			<trkpt lat="49.524883" lon="18.020852">
				<ele>370.000000</ele>
			</trkpt>
			<trkpt lat="49.524837" lon="18.020852">
				<ele>370.000000</ele>
			</trkpt>
			<trkpt lat="49.524779" lon="18.020888">
				<ele>370.000000</ele>
			</trkpt>
			<trkpt lat="49.524481" lon="18.021066">
				<ele>370.000000</ele>
			</trkpt>
			<trkpt lat="49.524353" lon="18.021156">
				<ele>370.000000</ele>
			</trkpt>
			<trkpt lat="49.524219" lon="18.021255">
				<ele>371.000000</ele>
			</trkpt>
			<trkpt lat="49.524172" lon="18.021282">
				<ele>371.000000</ele>
			</trkpt>
			<trkpt lat="49.524126" lon="18.021292">
				<ele>371.000000</ele>
			</trkpt>
			<trkpt lat="49.524044" lon="18.021255">
				<ele>371.000000</ele>
			</trkpt>
			<trkpt lat="49.523938" lon="18.021238">
				<ele>372.000000</ele>
			</trkpt>
			<trkpt lat="49.523840" lon="18.021265">
				<ele>372.000000</ele>
			</trkpt>
			<trkpt lat="49.523589" lon="18.020950">
				<ele>373.000000</ele>
			</trkpt>
			<trkpt lat="49.523192" lon="18.020447">
				<ele>374.000000</ele>
			</trkpt>
			<trkpt lat="49.522953" lon="18.020150">
				<ele>375.000000</ele>
			</trkpt>
			<trkpt lat="49.522522" lon="18.019728">
				<ele>378.000000</ele>
			</trkpt>
			<trkpt lat="49.522387" lon="18.019594">
				<ele>378.000000</ele>
			</trkpt>
			<trkpt lat="49.522318" lon="18.019495">
				<ele>379.000000</ele>
			</trkpt>
			<trkpt lat="49.522225" lon="18.019334">
				<ele>380.000000</ele>
			</trkpt>
			<trkpt lat="49.522149" lon="18.019225">
				<ele>381.000000</ele>
			</trkpt>
			<trkpt lat="49.522026" lon="18.019072">
				<ele>383.000000</ele>
			</trkpt>
			<trkpt lat="49.521729" lon="18.018714">
				<ele>390.000000</ele>
			</trkpt>
			<trkpt lat="49.521717" lon="18.018462">
				<ele>390.000000</ele>
			</trkpt>
			<trkpt lat="49.521699" lon="18.018183">
				<ele>390.000000</ele>
			</trkpt>
			<trkpt lat="49.521589" lon="18.017420">
				<ele>389.000000</ele>
			</trkpt>
			<trkpt lat="49.521565" lon="18.017303">
				<ele>389.000000</ele>
			</trkpt>
			<trkpt lat="49.521524" lon="18.017150">
				<ele>389.000000</ele>
			</trkpt>
			<trkpt lat="49.521402" lon="18.016773">
				<ele>388.000000</ele>
			</trkpt>
			<trkpt lat="49.521349" lon="18.016657">
				<ele>388.000000</ele>
			</trkpt>
			<trkpt lat="49.521332" lon="18.016630">
				<ele>388.000000</ele>
			</trkpt>
			<trkpt lat="49.521309" lon="18.016638">
				<ele>388.000000</ele>
			</trkpt>
			<trkpt lat="49.521198" lon="18.016395">
				<ele>387.000000</ele>
			</trkpt>
			<trkpt lat="49.521099" lon="18.016242">
				<ele>387.000000</ele>
			</trkpt>
			<trkpt lat="49.520988" lon="18.016081">
				<ele>386.000000</ele>
			</trkpt>
			<trkpt lat="49.520883" lon="18.015938">
				<ele>386.000000</ele>
			</trkpt>
			<trkpt lat="49.520761" lon="18.015803">
				<ele>386.000000</ele>
			</trkpt>
			<trkpt lat="49.520633" lon="18.015659">
				<ele>385.000000</ele>
			</trkpt>
			<trkpt lat="49.520417" lon="18.015479">
				<ele>386.000000</ele>
			</trkpt>
			<trkpt lat="49.519810" lon="18.014986">
				<ele>388.000000</ele>
			</trkpt>
			<trkpt lat="49.519740" lon="18.014896">
				<ele>388.000000</ele>
			</trkpt>
			<trkpt lat="49.519682" lon="18.014760">
				<ele>388.000000</ele>
			</trkpt>
			<trkpt lat="49.519524" lon="18.014940">
				<ele>389.000000</ele>
			</trkpt>
			<trkpt lat="49.519262" lon="18.015282">
				<ele>389.000000</ele>
			</trkpt>
			<trkpt lat="49.519151" lon="18.015416">
				<ele>390.000000</ele>
			</trkpt>
			<trkpt lat="49.519116" lon="18.015470">
				<ele>390.000000</ele>
			</trkpt>
			<trkpt lat="49.518597" lon="18.016072">
				<ele>393.000000</ele>
			</trkpt>
			<trkpt lat="49.518113" lon="18.016647">
				<ele>397.000000</ele>
			</trkpt>
			<trkpt lat="49.517588" lon="18.017321">
				<ele>401.000000</ele>
			</trkpt>
			<trkpt lat="49.516976" lon="18.018112">
				<ele>405.000000</ele>
			</trkpt>
			<trkpt lat="49.514678" lon="18.020959">
				<ele>430.000000</ele>
			</trkpt>
			<trkpt lat="49.514083" lon="18.020087">
				<ele>434.000000</ele>
			</trkpt>
			<trkpt lat="49.514048" lon="18.020240">
				<ele>434.000000</ele>
			</trkpt>
			<trkpt lat="49.514036" lon="18.020376">
				<ele>435.000000</ele>
			</trkpt>
			<trkpt lat="49.514054" lon="18.020888">
				<ele>438.000000</ele>
			</trkpt>
			<trkpt lat="49.514048" lon="18.020950">
				<ele>438.000000</ele>
			</trkpt>
			<trkpt lat="49.514042" lon="18.021005">
				<ele>439.000000</ele>
			</trkpt>
			<trkpt lat="49.513989" lon="18.021085">
				<ele>440.000000</ele>
			</trkpt>
			<trkpt lat="49.513920" lon="18.021175">
				<ele>441.000000</ele>
			</trkpt>
			<trkpt lat="49.513827" lon="18.021238">
				<ele>442.000000</ele>
			</trkpt>
			<trkpt lat="49.513756" lon="18.021274">
				<ele>444.000000</ele>
			</trkpt>
			<trkpt lat="49.513680" lon="18.021274">
				<ele>445.000000</ele>
			</trkpt>
			<trkpt lat="49.513599" lon="18.021238">
				<ele>445.000000</ele>
			</trkpt>
			<trkpt lat="49.513284" lon="18.021040">
				<ele>448.000000</ele>
			</trkpt>
			<trkpt lat="49.512701" lon="18.020600">
				<ele>452.000000</ele>
			</trkpt>
			<trkpt lat="49.512030" lon="18.020087">
				<ele>459.000000</ele>
			</trkpt>
			<trkpt lat="49.511826" lon="18.019953">
				<ele>462.000000</ele>
			</trkpt>
			<trkpt lat="49.511604" lon="18.019846">
				<ele>466.000000</ele>
			</trkpt>
			<trkpt lat="49.511453" lon="18.019783">
				<ele>468.000000</ele>
			</trkpt>
			<trkpt lat="49.511330" lon="18.019756">
				<ele>470.000000</ele>
			</trkpt>
			<trkpt lat="49.511190" lon="18.019774">
				<ele>472.000000</ele>
			</trkpt>
			<trkpt lat="49.511010" lon="18.019837">
				<ele>475.000000</ele>
			</trkpt>
			<trkpt lat="49.510951" lon="18.019827">
				<ele>476.000000</ele>
			</trkpt>
			<trkpt lat="49.510887" lon="18.019800">
				<ele>476.000000</ele>
			</trkpt>
			<trkpt lat="49.510835" lon="18.019728">
				<ele>477.000000</ele>
			</trkpt>
			<trkpt lat="49.510758" lon="18.019567">
				<ele>478.000000</ele>
			</trkpt>
			<trkpt lat="49.510706" lon="18.019468">
				<ele>478.000000</ele>
			</trkpt>
			<trkpt lat="49.510653" lon="18.019387">
				<ele>479.000000</ele>
			</trkpt>
			<trkpt lat="49.510584" lon="18.019324">
				<ele>479.000000</ele>
			</trkpt>
			<trkpt lat="49.510484" lon="18.019280">
				<ele>480.000000</ele>
			</trkpt>
			<trkpt lat="49.510403" lon="18.019261">
				<ele>480.000000</ele>
			</trkpt>
			<trkpt lat="49.510239" lon="18.019315">
				<ele>480.000000</ele>
			</trkpt>
			<trkpt lat="49.510181" lon="18.019324">
				<ele>480.000000</ele>
			</trkpt>
			<trkpt lat="49.510122" lon="18.019307">
				<ele>480.000000</ele>
			</trkpt>
			<trkpt lat="49.510081" lon="18.019261">
				<ele>480.000000</ele>
			</trkpt>
			<trkpt lat="49.510059" lon="18.019181">
				<ele>480.000000</ele>
			</trkpt>
			<trkpt lat="49.509977" lon="18.018731">
				<ele>481.000000</ele>
			</trkpt>
			<trkpt lat="49.509953" lon="18.018624">
				<ele>481.000000</ele>
			</trkpt>
			<trkpt lat="49.509913" lon="18.018498">
				<ele>482.000000</ele>
			</trkpt>
			<trkpt lat="49.509837" lon="18.018355">
				<ele>482.000000</ele>
			</trkpt>
			<trkpt lat="49.509767" lon="18.018238">
				<ele>483.000000</ele>
			</trkpt>
			<trkpt lat="49.509685" lon="18.018139">
				<ele>484.000000</ele>
			</trkpt>
			<trkpt lat="49.509580" lon="18.018049">
				<ele>484.000000</ele>
			</trkpt>
			<trkpt lat="49.509347" lon="18.017842">
				<ele>486.000000</ele>
			</trkpt>
			<trkpt lat="49.509236" lon="18.017779">
				<ele>487.000000</ele>
			</trkpt>
			<trkpt lat="49.509131" lon="18.017752">
				<ele>488.000000</ele>
			</trkpt>
			<trkpt lat="49.508501" lon="18.017680">
				<ele>500.000000</ele>
			</trkpt>
			<trkpt lat="49.508408" lon="18.017653">
				<ele>502.000000</ele>
			</trkpt>
			<trkpt lat="49.508326" lon="18.017609">
				<ele>503.000000</ele>
			</trkpt>
			<trkpt lat="49.508239" lon="18.017563">
				<ele>505.000000</ele>
			</trkpt>
			<trkpt lat="49.508087" lon="18.017447">
				<ele>508.000000</ele>
			</trkpt>
			<trkpt lat="49.507918" lon="18.017347">
				<ele>510.000000</ele>
			</trkpt>
			<trkpt lat="49.507848" lon="18.017303">
				<ele>511.000000</ele>
			</trkpt>
			<trkpt lat="49.507784" lon="18.017231">
				<ele>511.000000</ele>
			</trkpt>
			<trkpt lat="49.507737" lon="18.017160">
				<ele>512.000000</ele>
			</trkpt>
			<trkpt lat="49.507690" lon="18.017060">
				<ele>512.000000</ele>
			</trkpt>
			<trkpt lat="49.507556" lon="18.016665">
				<ele>514.000000</ele>
			</trkpt>
			<trkpt lat="49.507498" lon="18.016521">
				<ele>515.000000</ele>
			</trkpt>
			<trkpt lat="49.507440" lon="18.016405">
				<ele>517.000000</ele>
			</trkpt>
			<trkpt lat="49.507369" lon="18.016305">
				<ele>518.000000</ele>
			</trkpt>
			<trkpt lat="49.507282" lon="18.016216">
				<ele>520.000000</ele>
			</trkpt>
			<trkpt lat="49.507200" lon="18.016162">
				<ele>521.000000</ele>
			</trkpt>
			<trkpt lat="49.507107" lon="18.016099">
				<ele>524.000000</ele>
			</trkpt>
			<trkpt lat="49.506733" lon="18.015938">
				<ele>528.000000</ele>
			</trkpt>
			<trkpt lat="49.506500" lon="18.015856">
				<ele>530.000000</ele>
			</trkpt>
			<trkpt lat="49.506436" lon="18.015821">
				<ele>531.000000</ele>
			</trkpt>
			<trkpt lat="49.506383" lon="18.015749">
				<ele>531.000000</ele>
			</trkpt>
			<trkpt lat="49.506180" lon="18.015470">
				<ele>532.000000</ele>
			</trkpt>
			<trkpt lat="49.505970" lon="18.015255">
				<ele>529.000000</ele>
			</trkpt>
			<trkpt lat="49.506016" lon="18.015435">
				<ele>534.000000</ele>
			</trkpt>
			<trkpt lat="49.506057" lon="18.015623">
				<ele>536.000000</ele>
			</trkpt>
			<trkpt lat="49.506145" lon="18.016009">
				<ele>540.000000</ele>
			</trkpt>
			<trkpt lat="49.506261" lon="18.016458">
				<ele>547.000000</ele>
			</trkpt>
			<trkpt lat="49.506424" lon="18.017024">
				<ele>551.000000</ele>
			</trkpt>
			<trkpt lat="49.506471" lon="18.017204">
				<ele>551.000000</ele>
			</trkpt>
			<trkpt lat="49.506506" lon="18.017357">
				<ele>551.000000</ele>
			</trkpt>
			<trkpt lat="49.506558" lon="18.017789">
				<ele>552.000000</ele>
			</trkpt>
			<trkpt lat="49.506699" lon="18.018892">
				<ele>555.000000</ele>
			</trkpt>
			<trkpt lat="49.506745" lon="18.019487">
				<ele>558.000000</ele>
			</trkpt>
			<trkpt lat="49.506768" lon="18.019756">
				<ele>559.000000</ele>
			</trkpt>
			<trkpt lat="49.506780" lon="18.019963">
				<ele>560.000000</ele>
			</trkpt>
			<trkpt lat="49.506792" lon="18.020070">
				<ele>560.000000</ele>
			</trkpt>
			<trkpt lat="49.506827" lon="18.020196">
				<ele>561.000000</ele>
			</trkpt>
			<trkpt lat="49.506932" lon="18.020672">
				<ele>563.000000</ele>
			</trkpt>
			<trkpt lat="49.507008" lon="18.021139">
				<ele>565.000000</ele>
			</trkpt>
			<trkpt lat="49.507055" lon="18.021454">
				<ele>567.000000</ele>
			</trkpt>
			<trkpt lat="49.507118" lon="18.021777">
				<ele>570.000000</ele>
			</trkpt>
			<trkpt lat="49.507230" lon="18.022307">
				<ele>572.000000</ele>
			</trkpt>
			<trkpt lat="49.507369" lon="18.022854">
				<ele>573.000000</ele>
			</trkpt>
			<trkpt lat="49.507486" lon="18.023276">
				<ele>575.000000</ele>
			</trkpt>
			<trkpt lat="49.507544" lon="18.023448">
				<ele>576.000000</ele>
			</trkpt>
			<trkpt lat="49.507608" lon="18.023600">
				<ele>578.000000</ele>
			</trkpt>
			<trkpt lat="49.507673" lon="18.023708">
				<ele>579.000000</ele>
			</trkpt>
			<trkpt lat="49.507731" lon="18.023789">
				<ele>581.000000</ele>
			</trkpt>
			<trkpt lat="49.507982" lon="18.024112">
				<ele>586.000000</ele>
			</trkpt>
			<trkpt lat="49.508087" lon="18.024265">
				<ele>588.000000</ele>
			</trkpt>
			<trkpt lat="49.508192" lon="18.024454">
				<ele>590.000000</ele>
			</trkpt>
			<trkpt lat="49.508274" lon="18.024670">
				<ele>593.000000</ele>
			</trkpt>
			<trkpt lat="49.508367" lon="18.024894">
				<ele>596.000000</ele>
			</trkpt>
			<trkpt lat="49.508437" lon="18.025064">
				<ele>598.000000</ele>
			</trkpt>
			<trkpt lat="49.508512" lon="18.025217">
				<ele>600.000000</ele>
			</trkpt>
			<trkpt lat="49.508618" lon="18.025424">
				<ele>602.000000</ele>
			</trkpt>
			<trkpt lat="49.508740" lon="18.025594">
				<ele>605.000000</ele>
			</trkpt>
			<trkpt lat="49.508781" lon="18.025703">
				<ele>606.000000</ele>
			</trkpt>
			<trkpt lat="49.508840" lon="18.025873">
				<ele>608.000000</ele>
			</trkpt>
			<trkpt lat="49.508898" lon="18.026016">
				<ele>610.000000</ele>
			</trkpt>
			<trkpt lat="49.508968" lon="18.026133">
				<ele>612.000000</ele>
			</trkpt>
			<trkpt lat="49.509061" lon="18.026278">
				<ele>613.000000</ele>
			</trkpt>
			<trkpt lat="49.509452" lon="18.026825">
				<ele>620.000000</ele>
			</trkpt>
			<trkpt lat="49.509668" lon="18.027158">
				<ele>624.000000</ele>
			</trkpt>
			<trkpt lat="49.509703" lon="18.027211">
				<ele>625.000000</ele>
			</trkpt>
			<trkpt lat="49.509755" lon="18.027301">
				<ele>625.000000</ele>
			</trkpt>
			<trkpt lat="49.509790" lon="18.027400">
				<ele>625.000000</ele>
			</trkpt>
			<trkpt lat="49.509860" lon="18.027651">
				<ele>625.000000</ele>
			</trkpt>
			<trkpt lat="49.510012" lon="18.028190">
				<ele>625.000000</ele>
			</trkpt>
			<trkpt lat="49.510081" lon="18.028496">
				<ele>625.000000</ele>
			</trkpt>
			<trkpt lat="49.510140" lon="18.028729">
				<ele>625.000000</ele>
			</trkpt>
			<trkpt lat="49.510256" lon="18.029098">
				<ele>625.000000</ele>
			</trkpt>
			<trkpt lat="49.510315" lon="18.029242">
				<ele>625.000000</ele>
			</trkpt>
			<trkpt lat="49.510385" lon="18.029385">
				<ele>625.000000</ele>
			</trkpt>
			<trkpt lat="49.510601" lon="18.029771">
				<ele>626.000000</ele>
			</trkpt>
			<trkpt lat="49.511172" lon="18.030804">
				<ele>634.000000</ele>
			</trkpt>
			<trkpt lat="49.511412" lon="18.031245">
				<ele>635.000000</ele>
			</trkpt>
			<trkpt lat="49.511493" lon="18.031416">
				<ele>635.000000</ele>
			</trkpt>
			<trkpt lat="49.511575" lon="18.031632">
				<ele>635.000000</ele>
			</trkpt>
			<trkpt lat="49.511674" lon="18.031909">
				<ele>635.000000</ele>
			</trkpt>
			<trkpt lat="49.511726" lon="18.032081">
				<ele>635.000000</ele>
			</trkpt>
			<trkpt lat="49.511732" lon="18.032179">
				<ele>635.000000</ele>
			</trkpt>
			<trkpt lat="49.511732" lon="18.032261">
				<ele>635.000000</ele>
			</trkpt>
			<trkpt lat="49.511726" lon="18.032341">
				<ele>635.000000</ele>
			</trkpt>
			<trkpt lat="49.511709" lon="18.032421">
				<ele>634.000000</ele>
			</trkpt>
			<trkpt lat="49.511546" lon="18.033104">
				<ele>625.000000</ele>
			</trkpt>
			<trkpt lat="49.511505" lon="18.033284">
				<ele>622.000000</ele>
			</trkpt>
			<trkpt lat="49.511470" lon="18.033500">
				<ele>620.000000</ele>
			</trkpt>
			<trkpt lat="49.511417" lon="18.033895">
				<ele>620.000000</ele>
			</trkpt>
			<trkpt lat="49.511400" lon="18.034092">
				<ele>620.000000</ele>
			</trkpt>
			<trkpt lat="49.511429" lon="18.034704">
				<ele>626.000000</ele>
			</trkpt>
			<trkpt lat="49.511435" lon="18.034884">
				<ele>628.000000</ele>
			</trkpt>
			<trkpt lat="49.511435" lon="18.035018">
				<ele>630.000000</ele>
			</trkpt>
			<trkpt lat="49.511429" lon="18.035171">
				<ele>632.000000</ele>
			</trkpt>
			<trkpt lat="49.511406" lon="18.035360">
				<ele>635.000000</ele>
			</trkpt>
			<trkpt lat="49.511382" lon="18.035566">
				<ele>637.000000</ele>
			</trkpt>
			<trkpt lat="49.511377" lon="18.035773">
				<ele>639.000000</ele>
			</trkpt>
			<trkpt lat="49.511371" lon="18.035979">
				<ele>642.000000</ele>
			</trkpt>
			<trkpt lat="49.511382" lon="18.036177">
				<ele>644.000000</ele>
			</trkpt>
			<trkpt lat="49.511394" lon="18.036383">
				<ele>647.000000</ele>
			</trkpt>
			<trkpt lat="49.511423" lon="18.036635">
				<ele>650.000000</ele>
			</trkpt>
			<trkpt lat="49.511511" lon="18.037165">
				<ele>656.000000</ele>
			</trkpt>
			<trkpt lat="49.511616" lon="18.037561">
				<ele>659.000000</ele>
			</trkpt>
			<trkpt lat="49.511767" lon="18.038090">
				<ele>664.000000</ele>
			</trkpt>
			<trkpt lat="49.511890" lon="18.038540">
				<ele>667.000000</ele>
			</trkpt>
			<trkpt lat="49.511966" lon="18.038916">
				<ele>669.000000</ele>
			</trkpt>
			<trkpt lat="49.512030" lon="18.039266">
				<ele>670.000000</ele>
			</trkpt>
			<trkpt lat="49.512071" lon="18.039536">
				<ele>670.000000</ele>
			</trkpt>
			<trkpt lat="49.512106" lon="18.039869">
				<ele>670.000000</ele>
			</trkpt>
			<trkpt lat="49.512176" lon="18.040991">
				<ele>670.000000</ele>
			</trkpt>
			<trkpt lat="49.512246" lon="18.042016">
				<ele>672.000000</ele>
			</trkpt>
			<trkpt lat="49.512269" lon="18.042492">
				<ele>675.000000</ele>
			</trkpt>
			<trkpt lat="49.512286" lon="18.042914">
				<ele>678.000000</ele>
			</trkpt>
			<trkpt lat="49.512310" lon="18.043291">
				<ele>680.000000</ele>
			</trkpt>
			<trkpt lat="49.512409" lon="18.044503">
				<ele>688.000000</ele>
			</trkpt>
			<trkpt lat="49.512444" lon="18.044836">
				<ele>690.000000</ele>
			</trkpt>
			<trkpt lat="49.512479" lon="18.045124">
				<ele>690.000000</ele>
			</trkpt>
			<trkpt lat="49.512666" lon="18.046201">
				<ele>692.000000</ele>
			</trkpt>
			<trkpt lat="49.512707" lon="18.046534">
				<ele>692.000000</ele>
			</trkpt>
			<trkpt lat="49.512712" lon="18.046857">
				<ele>693.000000</ele>
			</trkpt>
			<trkpt lat="49.512707" lon="18.047172">
				<ele>693.000000</ele>
			</trkpt>
			<trkpt lat="49.512677" lon="18.047639">
				<ele>694.000000</ele>
			</trkpt>
			<trkpt lat="49.512712" lon="18.047666">
				<ele>694.000000</ele>
			</trkpt>
			<trkpt lat="49.512736" lon="18.047738">
				<ele>694.000000</ele>
			</trkpt>
			<trkpt lat="49.512846" lon="18.048367">
				<ele>695.000000</ele>
			</trkpt>
			<trkpt lat="49.512887" lon="18.048555">
				<ele>695.000000</ele>
			</trkpt>
			<trkpt lat="49.512934" lon="18.048761">
				<ele>697.000000</ele>
			</trkpt>
			<trkpt lat="49.513027" lon="18.048987">
				<ele>699.000000</ele>
			</trkpt>
			<trkpt lat="49.513109" lon="18.049203">
				<ele>700.000000</ele>
			</trkpt>
			<trkpt lat="49.513267" lon="18.049679">
				<ele>703.000000</ele>
			</trkpt>
			<trkpt lat="49.513354" lon="18.049903">
				<ele>705.000000</ele>
			</trkpt>
			<trkpt lat="49.513476" lon="18.050235">
				<ele>705.000000</ele>
			</trkpt>
			<trkpt lat="49.513704" lon="18.050838">
				<ele>705.000000</ele>
			</trkpt>
			<trkpt lat="49.513739" lon="18.050954">
				<ele>705.000000</ele>
			</trkpt>
			<trkpt lat="49.513762" lon="18.051052">
				<ele>705.000000</ele>
			</trkpt>
			<trkpt lat="49.513797" lon="18.051457">
				<ele>704.000000</ele>
			</trkpt>
			<trkpt lat="49.513937" lon="18.052696">
				<ele>691.000000</ele>
			</trkpt>
			<trkpt lat="49.513967" lon="18.053136">
				<ele>685.000000</ele>
			</trkpt>
			<trkpt lat="49.514002" lon="18.053614">
				<ele>678.000000</ele>
			</trkpt>
			<trkpt lat="49.514048" lon="18.054566">
				<ele>667.000000</ele>
			</trkpt>
			<trkpt lat="49.514042" lon="18.054826">
				<ele>665.000000</ele>
			</trkpt>
			<trkpt lat="49.514024" lon="18.055077">
				<ele>663.000000</ele>
			</trkpt>
			<trkpt lat="49.514013" lon="18.055203">
				<ele>662.000000</ele>
			</trkpt>
			<trkpt lat="49.513984" lon="18.055293">
				<ele>661.000000</ele>
			</trkpt>
			<trkpt lat="49.513943" lon="18.055373">
				<ele>660.000000</ele>
			</trkpt>
			<trkpt lat="49.513890" lon="18.055463">
				<ele>659.000000</ele>
			</trkpt>
			<trkpt lat="49.513832" lon="18.055545">
				<ele>658.000000</ele>
			</trkpt>
			<trkpt lat="49.513803" lon="18.055598">
				<ele>657.000000</ele>
			</trkpt>
			<trkpt lat="49.513792" lon="18.055670">
				<ele>656.000000</ele>
			</trkpt>
			<trkpt lat="49.513850" lon="18.055688">
				<ele>657.000000</ele>
			</trkpt>
			<trkpt lat="49.513902" lon="18.055733">
				<ele>657.000000</ele>
			</trkpt>
			<trkpt lat="49.513955" lon="18.055788">
				<ele>658.000000</ele>
			</trkpt>
			<trkpt lat="49.513995" lon="18.055859">
				<ele>658.000000</ele>
			</trkpt>
			<trkpt lat="49.514019" lon="18.055948">
				<ele>659.000000</ele>
			</trkpt>
			<trkpt lat="49.514048" lon="18.056029">
				<ele>659.000000</ele>
			</trkpt>
			<trkpt lat="49.514077" lon="18.056201">
				<ele>660.000000</ele>
			</trkpt>
			<trkpt lat="49.514095" lon="18.056451">
				<ele>662.000000</ele>
			</trkpt>
			<trkpt lat="49.514118" lon="18.056712">
				<ele>663.000000</ele>
			</trkpt>
			<trkpt lat="49.514130" lon="18.056964">
				<ele>665.000000</ele>
			</trkpt>
			<trkpt lat="49.514177" lon="18.057117">
				<ele>666.000000</ele>
			</trkpt>
			<trkpt lat="49.514270" lon="18.057332">
				<ele>667.000000</ele>
			</trkpt>
			<trkpt lat="49.514427" lon="18.057673">
				<ele>670.000000</ele>
			</trkpt>
			<trkpt lat="49.514497" lon="18.057898">
				<ele>672.000000</ele>
			</trkpt>
			<trkpt lat="49.514608" lon="18.058302">
				<ele>674.000000</ele>
			</trkpt>
			<trkpt lat="49.514649" lon="18.058428">
				<ele>675.000000</ele>
			</trkpt>
			<trkpt lat="49.514701" lon="18.058526">
				<ele>676.000000</ele>
			</trkpt>
			<trkpt lat="49.514771" lon="18.058608">
				<ele>676.000000</ele>
			</trkpt>
			<trkpt lat="49.514858" lon="18.058662">
				<ele>677.000000</ele>
			</trkpt>
			<trkpt lat="49.514917" lon="18.058706">
				<ele>678.000000</ele>
			</trkpt>
			<trkpt lat="49.514981" lon="18.058778">
				<ele>678.000000</ele>
			</trkpt>
			<trkpt lat="49.515034" lon="18.058868">
				<ele>679.000000</ele>
			</trkpt>
			<trkpt lat="49.515092" lon="18.059012">
				<ele>679.000000</ele>
			</trkpt>
			<trkpt lat="49.515139" lon="18.059155">
				<ele>680.000000</ele>
			</trkpt>
			<trkpt lat="49.515191" lon="18.059317">
				<ele>682.000000</ele>
			</trkpt>
			<trkpt lat="49.515221" lon="18.059514">
				<ele>684.000000</ele>
			</trkpt>
			<trkpt lat="49.515255" lon="18.059694">
				<ele>685.000000</ele>
			</trkpt>
			<trkpt lat="49.515378" lon="18.060799">
				<ele>690.000000</ele>
			</trkpt>
			<trkpt lat="49.515448" lon="18.061285">
				<ele>691.000000</ele>
			</trkpt>
			<trkpt lat="49.515745" lon="18.063153">
				<ele>694.000000</ele>
			</trkpt>
			<trkpt lat="49.515833" lon="18.063620">
				<ele>695.000000</ele>
			</trkpt>
			<trkpt lat="49.515926" lon="18.064132">
				<ele>695.000000</ele>
			</trkpt>
			<trkpt lat="49.516095" lon="18.064860">
				<ele>703.000000</ele>
			</trkpt>
			<trkpt lat="49.516393" lon="18.066028">
				<ele>712.000000</ele>
			</trkpt>
			<trkpt lat="49.516579" lon="18.066422">
				<ele>715.000000</ele>
			</trkpt>
			<trkpt lat="49.516626" lon="18.066566">
				<ele>716.000000</ele>
			</trkpt>
			<trkpt lat="49.516661" lon="18.066711">
				<ele>717.000000</ele>
			</trkpt>
			<trkpt lat="49.516690" lon="18.066864">
				<ele>717.000000</ele>
			</trkpt>
			<trkpt lat="49.516707" lon="18.067043">
				<ele>718.000000</ele>
			</trkpt>
			<trkpt lat="49.516772" lon="18.068363">
				<ele>728.000000</ele>
			</trkpt>
			<trkpt lat="49.516772" lon="18.068570">
				<ele>731.000000</ele>
			</trkpt>
			<trkpt lat="49.516760" lon="18.068749">
				<ele>732.000000</ele>
			</trkpt>
			<trkpt lat="49.516725" lon="18.068912">
				<ele>734.000000</ele>
			</trkpt>
			<trkpt lat="49.516678" lon="18.069099">
				<ele>735.000000</ele>
			</trkpt>
			<trkpt lat="49.516591" lon="18.069361">
				<ele>735.000000</ele>
			</trkpt>
			<trkpt lat="49.516515" lon="18.069549">
				<ele>735.000000</ele>
			</trkpt>
			<trkpt lat="49.516416" lon="18.069693">
				<ele>735.000000</ele>
			</trkpt>
			<trkpt lat="49.516300" lon="18.069864">
				<ele>733.000000</ele>
			</trkpt>
			<trkpt lat="49.516089" lon="18.070141">
				<ele>730.000000</ele>
			</trkpt>
			<trkpt lat="49.515961" lon="18.070367">
				<ele>730.000000</ele>
			</trkpt>
			<trkpt lat="49.515920" lon="18.070438">
				<ele>730.000000</ele>
			</trkpt>
			<trkpt lat="49.515903" lon="18.070493">
				<ele>731.000000</ele>
			</trkpt>
			<trkpt lat="49.515891" lon="18.070627">
				<ele>732.000000</ele>
			</trkpt>
			<trkpt lat="49.515897" lon="18.070780">
				<ele>734.000000</ele>
			</trkpt>
			<trkpt lat="49.515932" lon="18.071004">
				<ele>737.000000</ele>
			</trkpt>
			<trkpt lat="49.515967" lon="18.071166">
				<ele>739.000000</ele>
			</trkpt>
			<trkpt lat="49.516008" lon="18.071336">
				<ele>741.000000</ele>
			</trkpt>
			<trkpt lat="49.516066" lon="18.071552">
				<ele>745.000000</ele>
			</trkpt>
			<trkpt lat="49.516130" lon="18.071749">
				<ele>745.000000</ele>
			</trkpt>
			<trkpt lat="49.516153" lon="18.071885">
				<ele>745.000000</ele>
			</trkpt>
			<trkpt lat="49.516147" lon="18.072028">
				<ele>745.000000</ele>
			</trkpt>
			<trkpt lat="49.516136" lon="18.072109">
				<ele>745.000000</ele>
			</trkpt>
			<trkpt lat="49.516136" lon="18.072109">
				<ele>745.000000</ele>
			</trkpt>
			<trkpt lat="49.516130" lon="18.072145">
				<ele>745.000000</ele>
			</trkpt>
			<trkpt lat="49.515978" lon="18.072757">
				<ele>745.000000</ele>
			</trkpt>
			<trkpt lat="49.515915" lon="18.073017">
				<ele>743.000000</ele>
			</trkpt>
			<trkpt lat="49.515885" lon="18.073241">
				<ele>741.000000</ele>
			</trkpt>
			<trkpt lat="49.515879" lon="18.073357">
				<ele>740.000000</ele>
			</trkpt>
			<trkpt lat="49.515879" lon="18.073654">
				<ele>739.000000</ele>
			</trkpt>
			<trkpt lat="49.515856" lon="18.073896">
				<ele>738.000000</ele>
			</trkpt>
			<trkpt lat="49.515833" lon="18.074149">
				<ele>737.000000</ele>
			</trkpt>
			<trkpt lat="49.515781" lon="18.074472">
				<ele>735.000000</ele>
			</trkpt>
			<trkpt lat="49.515740" lon="18.074696">
				<ele>734.000000</ele>
			</trkpt>
			<trkpt lat="49.515693" lon="18.075038">
				<ele>733.000000</ele>
			</trkpt>
			<trkpt lat="49.515658" lon="18.075244">
				<ele>732.000000</ele>
			</trkpt>
			<trkpt lat="49.515576" lon="18.075640">
				<ele>731.000000</ele>
			</trkpt>
			<trkpt lat="49.515547" lon="18.075828">
				<ele>730.000000</ele>
			</trkpt>
			<trkpt lat="49.515541" lon="18.075954">
				<ele>729.000000</ele>
			</trkpt>
			<trkpt lat="49.515559" lon="18.076053">
				<ele>728.000000</ele>
			</trkpt>
			<trkpt lat="49.515599" lon="18.076160">
				<ele>726.000000</ele>
			</trkpt>
			<trkpt lat="49.515722" lon="18.076340">
				<ele>722.000000</ele>
			</trkpt>
			<trkpt lat="49.515856" lon="18.076583">
				<ele>717.000000</ele>
			</trkpt>
			<trkpt lat="49.516013" lon="18.076898">
				<ele>712.000000</ele>
			</trkpt>
			<trkpt lat="49.516112" lon="18.077149">
				<ele>707.000000</ele>
			</trkpt>
			<trkpt lat="49.516194" lon="18.077428">
				<ele>703.000000</ele>
			</trkpt>
			<trkpt lat="49.516276" lon="18.077778">
				<ele>698.000000</ele>
			</trkpt>
			<trkpt lat="49.516305" lon="18.077967">
				<ele>697.000000</ele>
			</trkpt>
			<trkpt lat="49.516346" lon="18.078128">
				<ele>695.000000</ele>
			</trkpt>
			<trkpt lat="49.516398" lon="18.078244">
				<ele>695.000000</ele>
			</trkpt>
			<trkpt lat="49.516538" lon="18.078667">
				<ele>695.000000</ele>
			</trkpt>
			<trkpt lat="49.516743" lon="18.079188">
				<ele>698.000000</ele>
			</trkpt>
			<trkpt lat="49.516801" lon="18.079359">
				<ele>699.000000</ele>
			</trkpt>
			<trkpt lat="49.516877" lon="18.079556">
				<ele>700.000000</ele>
			</trkpt>
			<trkpt lat="49.516953" lon="18.079745">
				<ele>701.000000</ele>
			</trkpt>
			<trkpt lat="49.517028" lon="18.079898">
				<ele>701.000000</ele>
			</trkpt>
			<trkpt lat="49.517191" lon="18.080149">
				<ele>702.000000</ele>
			</trkpt>
			<trkpt lat="49.517675" lon="18.080841">
				<ele>705.000000</ele>
			</trkpt>
			<trkpt lat="49.517775" lon="18.081011">
				<ele>706.000000</ele>
			</trkpt>
			<trkpt lat="49.517857" lon="18.081200">
				<ele>707.000000</ele>
			</trkpt>
			<trkpt lat="49.517926" lon="18.081397">
				<ele>708.000000</ele>
			</trkpt>
			<trkpt lat="49.518014" lon="18.081703">
				<ele>710.000000</ele>
			</trkpt>
			<trkpt lat="49.518148" lon="18.082179">
				<ele>716.000000</ele>
			</trkpt>
			<trkpt lat="49.518294" lon="18.082701">
				<ele>724.000000</ele>
			</trkpt>
			<trkpt lat="49.518422" lon="18.083221">
				<ele>732.000000</ele>
			</trkpt>
			<trkpt lat="49.518498" lon="18.083518">
				<ele>735.000000</ele>
			</trkpt>
			<trkpt lat="49.518527" lon="18.083716">
				<ele>735.000000</ele>
			</trkpt>
			<trkpt lat="49.518538" lon="18.083904">
				<ele>736.000000</ele>
			</trkpt>
			<trkpt lat="49.518516" lon="18.084110">
				<ele>736.000000</ele>
			</trkpt>
			<trkpt lat="49.518469" lon="18.084497">
				<ele>737.000000</ele>
			</trkpt>
			<trkpt lat="49.518434" lon="18.084865">
				<ele>737.000000</ele>
			</trkpt>
			<trkpt lat="49.518416" lon="18.085215">
				<ele>738.000000</ele>
			</trkpt>
			<trkpt lat="49.518404" lon="18.085764">
				<ele>739.000000</ele>
			</trkpt>
			<trkpt lat="49.518387" lon="18.085997">
				<ele>739.000000</ele>
			</trkpt>
			<trkpt lat="49.518323" lon="18.086410">
				<ele>740.000000</ele>
			</trkpt>
			<trkpt lat="49.518305" lon="18.086617">
				<ele>740.000000</ele>
			</trkpt>
			<trkpt lat="49.518294" lon="18.087443">
				<ele>748.000000</ele>
			</trkpt>
			<trkpt lat="49.518294" lon="18.088144">
				<ele>753.000000</ele>
			</trkpt>
			<trkpt lat="49.518311" lon="18.088747">
				<ele>758.000000</ele>
			</trkpt>
			<trkpt lat="49.518346" lon="18.089286">
				<ele>762.000000</ele>
			</trkpt>
			<trkpt lat="49.518399" lon="18.089842">
				<ele>765.000000</ele>
			</trkpt>
			<trkpt lat="49.518469" lon="18.090228">
				<ele>765.000000</ele>
			</trkpt>
			<trkpt lat="49.518533" lon="18.090597">
				<ele>765.000000</ele>
			</trkpt>
			<trkpt lat="49.518568" lon="18.090911">
				<ele>765.000000</ele>
			</trkpt>
			<trkpt lat="49.518579" lon="18.091234">
				<ele>765.000000</ele>
			</trkpt>
			<trkpt lat="49.518568" lon="18.091567">
				<ele>765.000000</ele>
			</trkpt>
			<trkpt lat="49.518551" lon="18.091756">
				<ele>765.000000</ele>
			</trkpt>
			<trkpt lat="49.518510" lon="18.091908">
				<ele>764.000000</ele>
			</trkpt>
			<trkpt lat="49.518440" lon="18.092043">
				<ele>761.000000</ele>
			</trkpt>
			<trkpt lat="49.518288" lon="18.092276">
				<ele>757.000000</ele>
			</trkpt>
			<trkpt lat="49.518055" lon="18.092708">
				<ele>748.000000</ele>
			</trkpt>
			<trkpt lat="49.517874" lon="18.093085">
				<ele>741.000000</ele>
			</trkpt>
			<trkpt lat="49.517699" lon="18.093471">
				<ele>732.000000</ele>
			</trkpt>
			<trkpt lat="49.517472" lon="18.094055">
				<ele>721.000000</ele>
			</trkpt>
			<trkpt lat="49.517372" lon="18.094360">
				<ele>715.000000</ele>
			</trkpt>
			<trkpt lat="49.517303" lon="18.094603">
				<ele>710.000000</ele>
			</trkpt>
			<trkpt lat="49.517250" lon="18.094863">
				<ele>706.000000</ele>
			</trkpt>
			<trkpt lat="49.517209" lon="18.095123">
				<ele>700.000000</ele>
			</trkpt>
			<trkpt lat="49.517145" lon="18.095718">
				<ele>694.000000</ele>
			</trkpt>
			<trkpt lat="49.517133" lon="18.095924">
				<ele>692.000000</ele>
			</trkpt>
			<trkpt lat="49.517122" lon="18.096031">
				<ele>691.000000</ele>
			</trkpt>
			<trkpt lat="49.517092" lon="18.096139">
				<ele>690.000000</ele>
			</trkpt>
			<trkpt lat="49.517052" lon="18.096265">
				<ele>689.000000</ele>
			</trkpt>
			<trkpt lat="49.516906" lon="18.096571">
				<ele>687.000000</ele>
			</trkpt>
			<trkpt lat="49.516877" lon="18.096670">
				<ele>686.000000</ele>
			</trkpt>
			<trkpt lat="49.516847" lon="18.096777">
				<ele>685.000000</ele>
			</trkpt>
			<trkpt lat="49.516836" lon="18.096858">
				<ele>685.000000</ele>
			</trkpt>
			<trkpt lat="49.516871" lon="18.096939">
				<ele>685.000000</ele>
			</trkpt>
			<trkpt lat="49.516877" lon="18.097083">
				<ele>686.000000</ele>
			</trkpt>
			<trkpt lat="49.516906" lon="18.097236">
				<ele>688.000000</ele>
			</trkpt>
			<trkpt lat="49.516929" lon="18.097352">
				<ele>690.000000</ele>
			</trkpt>
			<trkpt lat="49.516947" lon="18.097469">
				<ele>692.000000</ele>
			</trkpt>
			<trkpt lat="49.516970" lon="18.097926">
				<ele>700.000000</ele>
			</trkpt>
			<trkpt lat="49.516981" lon="18.098152">
				<ele>704.000000</ele>
			</trkpt>
			<trkpt lat="49.517011" lon="18.098322">
				<ele>707.000000</ele>
			</trkpt>
			<trkpt lat="49.517069" lon="18.098502">
				<ele>711.000000</ele>
			</trkpt>
			<trkpt lat="49.517156" lon="18.098672">
				<ele>716.000000</ele>
			</trkpt>
			<trkpt lat="49.517244" lon="18.098816">
				<ele>720.000000</ele>
			</trkpt>
			<trkpt lat="49.517349" lon="18.098951">
				<ele>723.000000</ele>
			</trkpt>
			<trkpt lat="49.517495" lon="18.099085">
				<ele>727.000000</ele>
			</trkpt>
			<trkpt lat="49.517682" lon="18.099247">
				<ele>732.000000</ele>
			</trkpt>
			<trkpt lat="49.517757" lon="18.099337">
				<ele>734.000000</ele>
			</trkpt>
			<trkpt lat="49.517810" lon="18.099418">
				<ele>736.000000</ele>
			</trkpt>
			<trkpt lat="49.517857" lon="18.099508">
				<ele>737.000000</ele>
			</trkpt>
			<trkpt lat="49.517897" lon="18.099616">
				<ele>738.000000</ele>
			</trkpt>
			<trkpt lat="49.517920" lon="18.099733">
				<ele>740.000000</ele>
			</trkpt>
			<trkpt lat="49.517932" lon="18.099840">
				<ele>741.000000</ele>
			</trkpt>
			<trkpt lat="49.517985" lon="18.100370">
				<ele>747.000000</ele>
			</trkpt>
			<trkpt lat="49.518014" lon="18.100639">
				<ele>749.000000</ele>
			</trkpt>
			<trkpt lat="49.518060" lon="18.100918">
				<ele>751.000000</ele>
			</trkpt>
			<trkpt lat="49.518125" lon="18.101197">
				<ele>753.000000</ele>
			</trkpt>
			<trkpt lat="49.518166" lon="18.101421">
				<ele>755.000000</ele>
			</trkpt>
			<trkpt lat="49.518207" lon="18.101735">
				<ele>756.000000</ele>
			</trkpt>
			<trkpt lat="49.518247" lon="18.102031">
				<ele>757.000000</ele>
			</trkpt>
			<trkpt lat="49.518265" lon="18.102320">
				<ele>758.000000</ele>
			</trkpt>
			<trkpt lat="49.518265" lon="18.102626">
				<ele>759.000000</ele>
			</trkpt>
			<trkpt lat="49.518253" lon="18.103102">
				<ele>760.000000</ele>
			</trkpt>
			<trkpt lat="49.518253" lon="18.103488">
				<ele>762.000000</ele>
			</trkpt>
			<trkpt lat="49.518270" lon="18.104368">
				<ele>764.000000</ele>
			</trkpt>
			<trkpt lat="49.518276" lon="18.104494">
				<ele>765.000000</ele>
			</trkpt>
			<trkpt lat="49.518270" lon="18.104700">
				<ele>765.000000</ele>
			</trkpt>
			<trkpt lat="49.518241" lon="18.104889">
				<ele>765.000000</ele>
			</trkpt>
			<trkpt lat="49.518201" lon="18.105033">
				<ele>765.000000</ele>
			</trkpt>
			<trkpt lat="49.518131" lon="18.105194">
				<ele>765.000000</ele>
			</trkpt>
			<trkpt lat="49.517810" lon="18.105886">
				<ele>760.000000</ele>
			</trkpt>
			<trkpt lat="49.517664" lon="18.106263">
				<ele>755.000000</ele>
			</trkpt>
			<trkpt lat="49.517588" lon="18.106479">
				<ele>752.000000</ele>
			</trkpt>
			<trkpt lat="49.517524" lon="18.106668">
				<ele>750.000000</ele>
			</trkpt>
			<trkpt lat="49.517466" lon="18.106892">
				<ele>747.000000</ele>
			</trkpt>
			<trkpt lat="49.517413" lon="18.107117">
				<ele>745.000000</ele>
			</trkpt>
			<trkpt lat="49.517343" lon="18.107484">
				<ele>741.000000</ele>
			</trkpt>
			<trkpt lat="49.517291" lon="18.107817">
				<ele>737.000000</ele>
			</trkpt>
			<trkpt lat="49.517256" lon="18.108132">
				<ele>734.000000</ele>
			</trkpt>
			<trkpt lat="49.517215" lon="18.108643">
				<ele>729.000000</ele>
			</trkpt>
			<trkpt lat="49.517169" lon="18.108886">
				<ele>727.000000</ele>
			</trkpt>
			<trkpt lat="49.517110" lon="18.109201">
				<ele>725.000000</ele>
			</trkpt>
			<trkpt lat="49.517110" lon="18.109551">
				<ele>725.000000</ele>
			</trkpt>
			<trkpt lat="49.517116" lon="18.109884">
				<ele>725.000000</ele>
			</trkpt>
			<trkpt lat="49.517145" lon="18.110126">
				<ele>725.000000</ele>
			</trkpt>
			<trkpt lat="49.517191" lon="18.110467">
				<ele>725.000000</ele>
			</trkpt>
			<trkpt lat="49.517273" lon="18.110800">
				<ele>730.000000</ele>
			</trkpt>
			<trkpt lat="49.517338" lon="18.110997">
				<ele>733.000000</ele>
			</trkpt>
			<trkpt lat="49.517396" lon="18.111195">
				<ele>737.000000</ele>
			</trkpt>
			<trkpt lat="49.517483" lon="18.111392">
				<ele>740.000000</ele>
			</trkpt>
			<trkpt lat="49.517559" lon="18.111563">
				<ele>743.000000</ele>
			</trkpt>
			<trkpt lat="49.517693" lon="18.111824">
				<ele>748.000000</ele>
			</trkpt>
			<trkpt lat="49.517816" lon="18.112067">
				<ele>752.000000</ele>
			</trkpt>
			<trkpt lat="49.517915" lon="18.112308">
				<ele>757.000000</ele>
			</trkpt>
			<trkpt lat="49.518218" lon="18.113117">
				<ele>771.000000</ele>
			</trkpt>
			<trkpt lat="49.518836" lon="18.114779">
				<ele>796.000000</ele>
			</trkpt>
			<trkpt lat="49.518947" lon="18.115121">
				<ele>800.000000</ele>
			</trkpt>
			<trkpt lat="49.519035" lon="18.115471">
				<ele>803.000000</ele>
			</trkpt>
			<trkpt lat="49.519233" lon="18.116540">
				<ele>805.000000</ele>
			</trkpt>
			<trkpt lat="49.519273" lon="18.116729">
				<ele>805.000000</ele>
			</trkpt>
			<trkpt lat="49.519437" lon="18.117519">
				<ele>807.000000</ele>
			</trkpt>
			<trkpt lat="49.519524" lon="18.118004">
				<ele>812.000000</ele>
			</trkpt>
			<trkpt lat="49.519635" lon="18.118830">
				<ele>821.000000</ele>
			</trkpt>
			<trkpt lat="49.519734" lon="18.119568">
				<ele>827.000000</ele>
			</trkpt>
			<trkpt lat="49.520014" lon="18.122279">
				<ele>850.000000</ele>
			</trkpt>
			<trkpt lat="49.520043" lon="18.123124">
				<ele>853.000000</ele>
			</trkpt>
			<trkpt lat="49.520067" lon="18.123564">
				<ele>855.000000</ele>
			</trkpt>
			<trkpt lat="49.520102" lon="18.123987">
				<ele>855.000000</ele>
			</trkpt>
			<trkpt lat="49.520136" lon="18.124302">
				<ele>855.000000</ele>
			</trkpt>
			<trkpt lat="49.520195" lon="18.124543">
				<ele>855.000000</ele>
			</trkpt>
			<trkpt lat="49.520259" lon="18.124813">
				<ele>855.000000</ele>
			</trkpt>
			<trkpt lat="49.520387" lon="18.125271">
				<ele>855.000000</ele>
			</trkpt>
			<trkpt lat="49.520446" lon="18.125514">
				<ele>855.000000</ele>
			</trkpt>
			<trkpt lat="49.520463" lon="18.125622">
				<ele>855.000000</ele>
			</trkpt>
			<trkpt lat="49.520469" lon="18.125738">
				<ele>855.000000</ele>
			</trkpt>
			<trkpt lat="49.520463" lon="18.125855">
				<ele>855.000000</ele>
			</trkpt>
			<trkpt lat="49.520452" lon="18.126000">
				<ele>854.000000</ele>
			</trkpt>
			<trkpt lat="49.520440" lon="18.126061">
				<ele>854.000000</ele>
			</trkpt>
			<trkpt lat="49.520422" lon="18.126116">
				<ele>853.000000</ele>
			</trkpt>
			<trkpt lat="49.520382" lon="18.126170">
				<ele>853.000000</ele>
			</trkpt>
			<trkpt lat="49.520329" lon="18.126241">
				<ele>852.000000</ele>
			</trkpt>
			<trkpt lat="49.519909" lon="18.126656">
				<ele>845.000000</ele>
			</trkpt>
			<trkpt lat="49.519192" lon="18.127256">
				<ele>827.000000</ele>
			</trkpt>
			<trkpt lat="49.518947" lon="18.127472">
				<ele>822.000000</ele>
			</trkpt>
			<trkpt lat="49.518836" lon="18.127553">
				<ele>819.000000</ele>
			</trkpt>
			<trkpt lat="49.518743" lon="18.127616">
				<ele>816.000000</ele>
			</trkpt>
			<trkpt lat="49.518644" lon="18.127652">
				<ele>814.000000</ele>
			</trkpt>
			<trkpt lat="49.518527" lon="18.127661">
				<ele>811.000000</ele>
			</trkpt>
			<trkpt lat="49.518428" lon="18.127661">
				<ele>809.000000</ele>
			</trkpt>
			<trkpt lat="49.518329" lon="18.127698">
				<ele>807.000000</ele>
			</trkpt>
			<trkpt lat="49.518247" lon="18.127724">
				<ele>804.000000</ele>
			</trkpt>
			<trkpt lat="49.518154" lon="18.127769">
				<ele>802.000000</ele>
			</trkpt>
			<trkpt lat="49.518072" lon="18.127849">
				<ele>799.000000</ele>
			</trkpt>
			<trkpt lat="49.517991" lon="18.127931">
				<ele>797.000000</ele>
			</trkpt>
			<trkpt lat="49.517746" lon="18.128200">
				<ele>790.000000</ele>
			</trkpt>
			<trkpt lat="49.517338" lon="18.128685">
				<ele>779.000000</ele>
			</trkpt>
			<trkpt lat="49.516778" lon="18.129367">
				<ele>763.000000</ele>
			</trkpt>
			<trkpt lat="49.516707" lon="18.129476">
				<ele>762.000000</ele>
			</trkpt>
			<trkpt lat="49.516620" lon="18.129556">
				<ele>760.000000</ele>
			</trkpt>
			<trkpt lat="49.516538" lon="18.129619">
				<ele>758.000000</ele>
			</trkpt>
			<trkpt lat="49.516445" lon="18.129682">
				<ele>756.000000</ele>
			</trkpt>
			<trkpt lat="49.516300" lon="18.129763">
				<ele>753.000000</ele>
			</trkpt>
			<trkpt lat="49.516188" lon="18.129843">
				<ele>751.000000</ele>
			</trkpt>
			<trkpt lat="49.516072" lon="18.129943">
				<ele>750.000000</ele>
			</trkpt>
			<trkpt lat="49.515926" lon="18.130078">
				<ele>746.000000</ele>
			</trkpt>
			<trkpt lat="49.515535" lon="18.130715">
				<ele>739.000000</ele>
			</trkpt>
			<trkpt lat="49.515413" lon="18.130940">
				<ele>737.000000</ele>
			</trkpt>
			<trkpt lat="49.515290" lon="18.131191">
				<ele>735.000000</ele>
			</trkpt>
			<trkpt lat="49.515232" lon="18.131327">
				<ele>735.000000</ele>
			</trkpt>
			<trkpt lat="49.515104" lon="18.131677">
				<ele>735.000000</ele>
			</trkpt>
			<trkpt lat="49.515051" lon="18.131784">
				<ele>735.000000</ele>
			</trkpt>
			<trkpt lat="49.514975" lon="18.131910">
				<ele>735.000000</ele>
			</trkpt>
			<trkpt lat="49.514934" lon="18.131946">
				<ele>735.000000</ele>
			</trkpt>
			<trkpt lat="49.514899" lon="18.131982">
				<ele>735.000000</ele>
			</trkpt>
			<trkpt lat="49.514806" lon="18.132090">
				<ele>735.000000</ele>
			</trkpt>
			<trkpt lat="49.514661" lon="18.132260">
				<ele>735.000000</ele>
			</trkpt>
			<trkpt lat="49.514521" lon="18.132405">
				<ele>736.000000</ele>
			</trkpt>
			<trkpt lat="49.514380" lon="18.132503">
				<ele>738.000000</ele>
			</trkpt>
			<trkpt lat="49.514217" lon="18.132619">
				<ele>740.000000</ele>
			</trkpt>
			<trkpt lat="49.514083" lon="18.132692">
				<ele>740.000000</ele>
			</trkpt>
			<trkpt lat="49.514083" lon="18.132889">
				<ele>740.000000</ele>
			</trkpt>
			<trkpt lat="49.514077" lon="18.133042">
				<ele>740.000000</ele>
			</trkpt>
			<trkpt lat="49.514065" lon="18.133185">
				<ele>740.000000</ele>
			</trkpt>
			<trkpt lat="49.514042" lon="18.133338">
				<ele>740.000000</ele>
			</trkpt>
			<trkpt lat="49.514002" lon="18.133518">
				<ele>740.000000</ele>
			</trkpt>
			<trkpt lat="49.513955" lon="18.133680">
				<ele>740.000000</ele>
			</trkpt>
			<trkpt lat="49.513879" lon="18.133868">
				<ele>740.000000</ele>
			</trkpt>
			<trkpt lat="49.513792" lon="18.134084">
				<ele>740.000000</ele>
			</trkpt>
			<trkpt lat="49.513401" lon="18.134919">
				<ele>738.000000</ele>
			</trkpt>
			<trkpt lat="49.513074" lon="18.135692">
				<ele>737.000000</ele>
			</trkpt>
			<trkpt lat="49.512975" lon="18.135898">
				<ele>736.000000</ele>
			</trkpt>
			<trkpt lat="49.512876" lon="18.136061">
				<ele>736.000000</ele>
			</trkpt>
			<trkpt lat="49.512742" lon="18.136214">
				<ele>735.000000</ele>
			</trkpt>
			<trkpt lat="49.512502" lon="18.136438">
				<ele>735.000000</ele>
			</trkpt>
			<trkpt lat="49.512386" lon="18.136564">
				<ele>735.000000</ele>
			</trkpt>
			<trkpt lat="49.512298" lon="18.136698">
				<ele>735.000000</ele>
			</trkpt>
			<trkpt lat="49.512228" lon="18.136869">
				<ele>734.000000</ele>
			</trkpt>
			<trkpt lat="49.512170" lon="18.137093">
				<ele>734.000000</ele>
			</trkpt>
			<trkpt lat="49.512018" lon="18.137713">
				<ele>732.000000</ele>
			</trkpt>
			<trkpt lat="49.511925" lon="18.138135">
				<ele>731.000000</ele>
			</trkpt>
			<trkpt lat="49.511873" lon="18.138531">
				<ele>730.000000</ele>
			</trkpt>
			<trkpt lat="49.511832" lon="18.138908">
				<ele>728.000000</ele>
			</trkpt>
			<trkpt lat="49.511814" lon="18.139195">
				<ele>726.000000</ele>
			</trkpt>
			<trkpt lat="49.511773" lon="18.140156">
				<ele>720.000000</ele>
			</trkpt>
			<trkpt lat="49.511756" lon="18.140445">
				<ele>718.000000</ele>
			</trkpt>
			<trkpt lat="49.511715" lon="18.140669">
				<ele>715.000000</ele>
			</trkpt>
			<trkpt lat="49.511663" lon="18.140902">
				<ele>712.000000</ele>
			</trkpt>
			<trkpt lat="49.511575" lon="18.141154">
				<ele>708.000000</ele>
			</trkpt>
			<trkpt lat="49.511488" lon="18.141424">
				<ele>705.000000</ele>
			</trkpt>
			<trkpt lat="49.511394" lon="18.141755">
				<ele>703.000000</ele>
			</trkpt>
			<trkpt lat="49.511377" lon="18.141873">
				<ele>703.000000</ele>
			</trkpt>
			<trkpt lat="49.511382" lon="18.141990">
				<ele>703.000000</ele>
			</trkpt>
			<trkpt lat="49.511412" lon="18.142114">
				<ele>702.000000</ele>
			</trkpt>
			<trkpt lat="49.511470" lon="18.142250">
				<ele>701.000000</ele>
			</trkpt>
			<trkpt lat="49.511598" lon="18.142529">
				<ele>700.000000</ele>
			</trkpt>
			<trkpt lat="49.511732" lon="18.142717">
				<ele>698.000000</ele>
			</trkpt>
			<trkpt lat="49.511779" lon="18.142816">
				<ele>698.000000</ele>
			</trkpt>
			<trkpt lat="49.511814" lon="18.142923">
				<ele>697.000000</ele>
			</trkpt>
			<trkpt lat="49.511832" lon="18.143040">
				<ele>696.000000</ele>
			</trkpt>
			<trkpt lat="49.511814" lon="18.143175">
				<ele>696.000000</ele>
			</trkpt>
			<trkpt lat="49.511744" lon="18.143571">
				<ele>692.000000</ele>
			</trkpt>
			<trkpt lat="49.511651" lon="18.144038">
				<ele>688.000000</ele>
			</trkpt>
			<trkpt lat="49.511610" lon="18.144227">
				<ele>687.000000</ele>
			</trkpt>
			<trkpt lat="49.511551" lon="18.144388">
				<ele>685.000000</ele>
			</trkpt>
			<trkpt lat="49.511482" lon="18.144523">
				<ele>684.000000</ele>
			</trkpt>
			<trkpt lat="49.511295" lon="18.144881">
				<ele>682.000000</ele>
			</trkpt>
			<trkpt lat="49.511254" lon="18.144963">
				<ele>681.000000</ele>
			</trkpt>
			<trkpt lat="49.511144" lon="18.145206">
				<ele>680.000000</ele>
			</trkpt>
			<trkpt lat="49.511091" lon="18.145367">
				<ele>679.000000</ele>
			</trkpt>
			<trkpt lat="49.511073" lon="18.145466">
				<ele>678.000000</ele>
			</trkpt>
			<trkpt lat="49.511038" lon="18.145717">
				<ele>676.000000</ele>
			</trkpt>
			<trkpt lat="49.510997" lon="18.146076">
				<ele>674.000000</ele>
			</trkpt>
			<trkpt lat="49.511161" lon="18.146085">
				<ele>672.000000</ele>
			</trkpt>
			<trkpt lat="49.511289" lon="18.146095">
				<ele>670.000000</ele>
			</trkpt>
			<trkpt lat="49.511388" lon="18.146085">
				<ele>669.000000</ele>
			</trkpt>
			<trkpt lat="49.511470" lon="18.146049">
				<ele>669.000000</ele>
			</trkpt>
			<trkpt lat="49.511557" lon="18.145986">
				<ele>668.000000</ele>
			</trkpt>
			<trkpt lat="49.511628" lon="18.145923">
				<ele>667.000000</ele>
			</trkpt>
			<trkpt lat="49.511680" lon="18.145888">
				<ele>666.000000</ele>
			</trkpt>
			<trkpt lat="49.511744" lon="18.145879">
				<ele>666.000000</ele>
			</trkpt>
			<trkpt lat="49.511814" lon="18.145870">
				<ele>665.000000</ele>
			</trkpt>
			<trkpt lat="49.511995" lon="18.145870">
				<ele>662.000000</ele>
			</trkpt>
			<trkpt lat="49.512059" lon="18.145843">
				<ele>662.000000</ele>
			</trkpt>
			<trkpt lat="49.512129" lon="18.145816">
				<ele>661.000000</ele>
			</trkpt>
			<trkpt lat="49.512217" lon="18.145772">
				<ele>660.000000</ele>
			</trkpt>
			<trkpt lat="49.512275" lon="18.145745">
				<ele>659.000000</ele>
			</trkpt>
			<trkpt lat="49.512502" lon="18.145717">
				<ele>656.000000</ele>
			</trkpt>
			<trkpt lat="49.512794" lon="18.145655">
				<ele>652.000000</ele>
			</trkpt>
			<trkpt lat="49.512940" lon="18.145609">
				<ele>651.000000</ele>
			</trkpt>
			<trkpt lat="49.513068" lon="18.145546">
				<ele>649.000000</ele>
			</trkpt>
			<trkpt lat="49.513442" lon="18.145322">
				<ele>644.000000</ele>
			</trkpt>
			<trkpt lat="49.513442" lon="18.145313">
				<ele>644.000000</ele>
			</trkpt>
			<trkpt lat="49.513675" lon="18.145313">
				<ele>641.000000</ele>
			</trkpt>
			<trkpt lat="49.513855" lon="18.145296">
				<ele>638.000000</ele>
			</trkpt>
			<trkpt lat="49.514024" lon="18.145269">
				<ele>634.000000</ele>
			</trkpt>
			<trkpt lat="49.514229" lon="18.145223">
				<ele>629.000000</ele>
			</trkpt>
			<trkpt lat="49.514398" lon="18.145179">
				<ele>625.000000</ele>
			</trkpt>
			<trkpt lat="49.514450" lon="18.145179">
				<ele>624.000000</ele>
			</trkpt>
			<trkpt lat="49.514503" lon="18.145196">
				<ele>622.000000</ele>
			</trkpt>
			<trkpt lat="49.514584" lon="18.145232">
				<ele>619.000000</ele>
			</trkpt>
			<trkpt lat="49.514661" lon="18.145232">
				<ele>616.000000</ele>
			</trkpt>
			<trkpt lat="49.514719" lon="18.145223">
				<ele>615.000000</ele>
			</trkpt>
			<trkpt lat="49.514795" lon="18.145187">
				<ele>614.000000</ele>
			</trkpt>
			<trkpt lat="49.514911" lon="18.145124">
				<ele>613.000000</ele>
			</trkpt>
			<trkpt lat="49.515010" lon="18.145106">
				<ele>613.000000</ele>
			</trkpt>
			<trkpt lat="49.515109" lon="18.145097">
				<ele>612.000000</ele>
			</trkpt>
			<trkpt lat="49.515238" lon="18.145124">
				<ele>611.000000</ele>
			</trkpt>
			<trkpt lat="49.515360" lon="18.145143">
				<ele>610.000000</ele>
			</trkpt>
			<trkpt lat="49.515436" lon="18.145133">
				<ele>609.000000</ele>
			</trkpt>
			<trkpt lat="49.515500" lon="18.145106">
				<ele>609.000000</ele>
			</trkpt>
			<trkpt lat="49.515565" lon="18.145043">
				<ele>608.000000</ele>
			</trkpt>
			<trkpt lat="49.515634" lon="18.144954">
				<ele>608.000000</ele>
			</trkpt>
			<trkpt lat="49.515699" lon="18.144917">
				<ele>607.000000</ele>
			</trkpt>
			<trkpt lat="49.515757" lon="18.144909">
				<ele>607.000000</ele>
			</trkpt>
			<trkpt lat="49.515815" lon="18.144927">
				<ele>606.000000</ele>
			</trkpt>
			<trkpt lat="49.515926" lon="18.144999">
				<ele>605.000000</ele>
			</trkpt>
			<trkpt lat="49.516002" lon="18.145017">
				<ele>604.000000</ele>
			</trkpt>
			<trkpt lat="49.516043" lon="18.145007">
				<ele>603.000000</ele>
			</trkpt>
			<trkpt lat="49.516066" lon="18.144999">
				<ele>602.000000</ele>
			</trkpt>
			<trkpt lat="49.516084" lon="18.144971">
				<ele>601.000000</ele>
			</trkpt>
			<trkpt lat="49.516112" lon="18.144927">
				<ele>600.000000</ele>
			</trkpt>
			<trkpt lat="49.516259" lon="18.144604">
				<ele>590.000000</ele>
			</trkpt>
			<trkpt lat="49.516334" lon="18.144460">
				<ele>586.000000</ele>
			</trkpt>
			<trkpt lat="49.516416" lon="18.144343">
				<ele>581.000000</ele>
			</trkpt>
			<trkpt lat="49.516538" lon="18.144235">
				<ele>576.000000</ele>
			</trkpt>
			<trkpt lat="49.516603" lon="18.144190">
				<ele>575.000000</ele>
			</trkpt>
			<trkpt lat="49.516684" lon="18.144091">
				<ele>574.000000</ele>
			</trkpt>
			<trkpt lat="49.516772" lon="18.143948">
				<ele>573.000000</ele>
			</trkpt>
			<trkpt lat="49.516888" lon="18.143696">
				<ele>571.000000</ele>
			</trkpt>
			<trkpt lat="49.516894" lon="18.143696">
				<ele>571.000000</ele>
			</trkpt>
			<trkpt lat="49.517011" lon="18.143409">
				<ele>569.000000</ele>
			</trkpt>
			<trkpt lat="49.517145" lon="18.143139">
				<ele>566.000000</ele>
			</trkpt>
			<trkpt lat="49.517279" lon="18.142887">
				<ele>564.000000</ele>
			</trkpt>
			<trkpt lat="49.517454" lon="18.142600">
				<ele>562.000000</ele>
			</trkpt>
			<trkpt lat="49.517547" lon="18.142420">
				<ele>561.000000</ele>
			</trkpt>
			<trkpt lat="49.517588" lon="18.142393">
				<ele>561.000000</ele>
			</trkpt>
			<trkpt lat="49.517635" lon="18.142376">
				<ele>560.000000</ele>
			</trkpt>
			<trkpt lat="49.517658" lon="18.142384">
				<ele>560.000000</ele>
			</trkpt>
			<trkpt lat="49.517705" lon="18.142367">
				<ele>560.000000</ele>
			</trkpt>
			<trkpt lat="49.517763" lon="18.142294">
				<ele>560.000000</ele>
			</trkpt>
			<trkpt lat="49.517874" lon="18.142169">
				<ele>560.000000</ele>
			</trkpt>
			<trkpt lat="49.518008" lon="18.142053">
				<ele>562.000000</ele>
			</trkpt>
			<trkpt lat="49.518131" lon="18.141980">
				<ele>563.000000</ele>
			</trkpt>
			<trkpt lat="49.518265" lon="18.141917">
				<ele>564.000000</ele>
			</trkpt>
			<trkpt lat="49.518382" lon="18.141881">
				<ele>565.000000</ele>
			</trkpt>
			<trkpt lat="49.518498" lon="18.141873">
				<ele>567.000000</ele>
			</trkpt>
			<trkpt lat="49.518614" lon="18.141881">
				<ele>569.000000</ele>
			</trkpt>
			<trkpt lat="49.518743" lon="18.141917">
				<ele>572.000000</ele>
			</trkpt>
			<trkpt lat="49.518901" lon="18.141980">
				<ele>573.000000</ele>
			</trkpt>
			<trkpt lat="49.518901" lon="18.141980">
				<ele>573.000000</ele>
			</trkpt>
			<trkpt lat="49.518901" lon="18.141980">
				<ele>577.000000</ele>
			</trkpt>
			<trkpt lat="49.518994" lon="18.142034">
				<ele>580.000000</ele>
			</trkpt>
			<trkpt lat="49.519046" lon="18.142061">
				<ele>581.000000</ele>
			</trkpt>
			<trkpt lat="49.519070" lon="18.142106">
				<ele>583.000000</ele>
			</trkpt>
			<trkpt lat="49.519064" lon="18.142114">
				<ele>583.000000</ele>
			</trkpt>
			<trkpt lat="49.519052" lon="18.142133">
				<ele>584.000000</ele>
			</trkpt>
			<trkpt lat="49.518959" lon="18.142240">
				<ele>588.000000</ele>
			</trkpt>
			<trkpt lat="49.518947" lon="18.142267">
				<ele>589.000000</ele>
			</trkpt>
			<trkpt lat="49.518947" lon="18.142294">
				<ele>589.000000</ele>
			</trkpt>
			<trkpt lat="49.518964" lon="18.142321">
				<ele>590.000000</ele>
			</trkpt>
			<trkpt lat="49.518982" lon="18.142349">
				<ele>591.000000</ele>
			</trkpt>
			<trkpt lat="49.519215" lon="18.142456">
				<ele>598.000000</ele>
			</trkpt>
			<trkpt lat="49.519390" lon="18.142600">
				<ele>604.000000</ele>
			</trkpt>
			<trkpt lat="49.519664" lon="18.142860">
				<ele>611.000000</ele>
			</trkpt>
			<trkpt lat="49.519886" lon="18.143122">
				<ele>617.000000</ele>
			</trkpt>
			<trkpt lat="49.520119" lon="18.143472">
				<ele>621.000000</ele>
			</trkpt>
			<trkpt lat="49.520370" lon="18.143885">
				<ele>625.000000</ele>
			</trkpt>
			<trkpt lat="49.520527" lon="18.144145">
				<ele>627.000000</ele>
			</trkpt>
			<trkpt lat="49.520679" lon="18.144378">
				<ele>631.000000</ele>
			</trkpt>
			<trkpt lat="49.520784" lon="18.144514">
				<ele>633.000000</ele>
			</trkpt>
			<trkpt lat="49.520889" lon="18.144630">
				<ele>634.000000</ele>
			</trkpt>
			<trkpt lat="49.521023" lon="18.144730">
				<ele>638.000000</ele>
			</trkpt>
			<trkpt lat="49.521040" lon="18.144764">
				<ele>639.000000</ele>
			</trkpt>
			<trkpt lat="49.521046" lon="18.144793">
				<ele>639.000000</ele>
			</trkpt>
			<trkpt lat="49.521035" lon="18.144854">
				<ele>640.000000</ele>
			</trkpt>
			<trkpt lat="49.521018" lon="18.144927">
				<ele>641.000000</ele>
			</trkpt>
			<trkpt lat="49.520999" lon="18.144936">
				<ele>641.000000</ele>
			</trkpt>
			<trkpt lat="49.520971" lon="18.144954">
				<ele>642.000000</ele>
			</trkpt>
			<trkpt lat="49.520486" lon="18.144864">
				<ele>650.000000</ele>
			</trkpt>
			<trkpt lat="49.520014" lon="18.144801">
				<ele>660.000000</ele>
			</trkpt>
			<trkpt lat="49.519903" lon="18.144810">
				<ele>663.000000</ele>
			</trkpt>
			<trkpt lat="49.519822" lon="18.144846">
				<ele>665.000000</ele>
			</trkpt>
			<trkpt lat="49.519798" lon="18.144873">
				<ele>666.000000</ele>
			</trkpt>
			<trkpt lat="49.519787" lon="18.144900">
				<ele>666.000000</ele>
			</trkpt>
			<trkpt lat="49.519787" lon="18.144927">
				<ele>666.000000</ele>
			</trkpt>
			<trkpt lat="49.519792" lon="18.144954">
				<ele>666.000000</ele>
			</trkpt>
			<trkpt lat="49.519939" lon="18.145241">
				<ele>670.000000</ele>
			</trkpt>
			<trkpt lat="49.520078" lon="18.145475">
				<ele>673.000000</ele>
			</trkpt>
			<trkpt lat="49.520207" lon="18.145663">
				<ele>675.000000</ele>
			</trkpt>
			<trkpt lat="49.520370" lon="18.145835">
				<ele>678.000000</ele>
			</trkpt>
			<trkpt lat="49.520627" lon="18.146076">
				<ele>681.000000</ele>
			</trkpt>
			<trkpt lat="49.520883" lon="18.146275">
				<ele>686.000000</ele>
			</trkpt>
			<trkpt lat="49.521128" lon="18.146435">
				<ele>690.000000</ele>
			</trkpt>
			<trkpt lat="49.521414" lon="18.146607">
				<ele>693.000000</ele>
			</trkpt>
			<trkpt lat="49.522370" lon="18.147127">
				<ele>706.000000</ele>
			</trkpt>
			<trkpt lat="49.522405" lon="18.147227">
				<ele>707.000000</ele>
			</trkpt>
			<trkpt lat="49.522446" lon="18.147370">
				<ele>709.000000</ele>
			</trkpt>
			<trkpt lat="49.522475" lon="18.147478">
				<ele>710.000000</ele>
			</trkpt>
			<trkpt lat="49.522528" lon="18.147577">
				<ele>712.000000</ele>
			</trkpt>
			<trkpt lat="49.522603" lon="18.147766">
				<ele>715.000000</ele>
			</trkpt>
			<trkpt lat="49.522662" lon="18.147972">
				<ele>718.000000</ele>
			</trkpt>
			<trkpt lat="49.522709" lon="18.148187">
				<ele>720.000000</ele>
			</trkpt>
			<trkpt lat="49.522767" lon="18.148340">
				<ele>722.000000</ele>
			</trkpt>
			<trkpt lat="49.522913" lon="18.148709">
				<ele>726.000000</ele>
			</trkpt>
			<trkpt lat="49.523029" lon="18.149059">
				<ele>730.000000</ele>
			</trkpt>
			<trkpt lat="49.523053" lon="18.149131">
				<ele>731.000000</ele>
			</trkpt>
			<trkpt lat="49.523122" lon="18.149275">
				<ele>733.000000</ele>
			</trkpt>
			<trkpt lat="49.523280" lon="18.149688">
				<ele>738.000000</ele>
			</trkpt>
			<trkpt lat="49.523653" lon="18.150676">
				<ele>753.000000</ele>
			</trkpt>
			<trkpt lat="49.524767" lon="18.153640">
				<ele>795.000000</ele>
			</trkpt>
			<trkpt lat="49.525525" lon="18.155779">
				<ele>830.000000</ele>
			</trkpt>
			<trkpt lat="49.526516" lon="18.158491">
				<ele>888.000000</ele>
			</trkpt>
			<trkpt lat="49.527234" lon="18.160450">
				<ele>915.000000</ele>
			</trkpt>
			<trkpt lat="49.527251" lon="18.160540">
				<ele>915.000000</ele>
			</trkpt>
			<trkpt lat="49.527256" lon="18.160638">
				<ele>915.000000</ele>
			</trkpt>
			<trkpt lat="49.527251" lon="18.160791">
				<ele>915.000000</ele>
			</trkpt>
			<trkpt lat="49.527210" lon="18.160944">
				<ele>915.000000</ele>
			</trkpt>
			<trkpt lat="49.527193" lon="18.160980">
				<ele>915.000000</ele>
			</trkpt>
			<trkpt lat="49.527193" lon="18.160980">
				<ele>915.000000</ele>
			</trkpt>
			<trkpt lat="49.527152" lon="18.161079">
				<ele>915.000000</ele>
			</trkpt>
			<trkpt lat="49.527041" lon="18.161276">
				<ele>914.000000</ele>
			</trkpt>
			<trkpt lat="49.527093" lon="18.161375">
				<ele>913.000000</ele>
			</trkpt>
			<trkpt lat="49.527146" lon="18.161437">
				<ele>912.000000</ele>
			</trkpt>
			<trkpt lat="49.527187" lon="18.161483">
				<ele>911.000000</ele>
			</trkpt>
			<trkpt lat="49.527221" lon="18.161555">
				<ele>910.000000</ele>
			</trkpt>
			<trkpt lat="49.527221" lon="18.161582">
				<ele>910.000000</ele>
			</trkpt>
			<trkpt lat="49.527210" lon="18.161645">
				<ele>910.000000</ele>
			</trkpt>
			<trkpt lat="49.527210" lon="18.161689">
				<ele>910.000000</ele>
			</trkpt>
			<trkpt lat="49.527210" lon="18.161752">
				<ele>909.000000</ele>
			</trkpt>
			<trkpt lat="49.527221" lon="18.161851">
				<ele>909.000000</ele>
			</trkpt>
			<trkpt lat="49.527158" lon="18.161905">
				<ele>909.000000</ele>
			</trkpt>
			<trkpt lat="49.527087" lon="18.161914">
				<ele>908.000000</ele>
			</trkpt>
			<trkpt lat="49.527024" lon="18.161896">
				<ele>908.000000</ele>
			</trkpt>
			<trkpt lat="49.526953" lon="18.161851">
				<ele>907.000000</ele>
			</trkpt>
			<trkpt lat="49.526831" lon="18.161743">
				<ele>907.000000</ele>
			</trkpt>
			<trkpt lat="49.526726" lon="18.161645">
				<ele>906.000000</ele>
			</trkpt>
			<trkpt lat="49.526505" lon="18.161366">
				<ele>904.000000</ele>
			</trkpt>
			<trkpt lat="49.526388" lon="18.161222">
				<ele>903.000000</ele>
			</trkpt>
			<trkpt lat="49.526283" lon="18.161106">
				<ele>903.000000</ele>
			</trkpt>
			<trkpt lat="49.526085" lon="18.160926">
				<ele>901.000000</ele>
			</trkpt>
			<trkpt lat="49.525974" lon="18.160836">
				<ele>901.000000</ele>
			</trkpt>
			<trkpt lat="49.525839" lon="18.160773">
				<ele>899.000000</ele>
			</trkpt>
			<trkpt lat="49.525688" lon="18.160746">
				<ele>897.000000</ele>
			</trkpt>
			<trkpt lat="49.525577" lon="18.160737">
				<ele>895.000000</ele>
			</trkpt>
			<trkpt lat="49.525455" lon="18.160701">
				<ele>893.000000</ele>
			</trkpt>
			<trkpt lat="49.525140" lon="18.160603">
				<ele>888.000000</ele>
			</trkpt>
			<trkpt lat="49.525041" lon="18.160701">
				<ele>885.000000</ele>
			</trkpt>
			<trkpt lat="49.524959" lon="18.160754">
				<ele>883.000000</ele>
			</trkpt>
			<trkpt lat="49.524878" lon="18.160791">
				<ele>882.000000</ele>
			</trkpt>
			<trkpt lat="49.524784" lon="18.160809">
				<ele>879.000000</ele>
			</trkpt>
			<trkpt lat="49.524720" lon="18.160836">
				<ele>878.000000</ele>
			</trkpt>
			<trkpt lat="49.524621" lon="18.160899">
				<ele>876.000000</ele>
			</trkpt>
			<trkpt lat="49.524569" lon="18.160907">
				<ele>875.000000</ele>
			</trkpt>
			<trkpt lat="49.524516" lon="18.160917">
				<ele>874.000000</ele>
			</trkpt>
			<trkpt lat="49.524470" lon="18.160899">
				<ele>873.000000</ele>
			</trkpt>
			<trkpt lat="49.524388" lon="18.160872">
				<ele>871.000000</ele>
			</trkpt>
			<trkpt lat="49.524301" lon="18.160827">
				<ele>870.000000</ele>
			</trkpt>
			<trkpt lat="49.524213" lon="18.160791">
				<ele>869.000000</ele>
			</trkpt>
			<trkpt lat="49.524119" lon="18.160773">
				<ele>867.000000</ele>
			</trkpt>
			<trkpt lat="49.524003" lon="18.160764">
				<ele>866.000000</ele>
			</trkpt>
			<trkpt lat="49.523484" lon="18.160746">
				<ele>858.000000</ele>
			</trkpt>
			<trkpt lat="49.523105" lon="18.160693">
				<ele>853.000000</ele>
			</trkpt>
			<trkpt lat="49.522872" lon="18.160665">
				<ele>851.000000</ele>
			</trkpt>
			<trkpt lat="49.522772" lon="18.160665">
				<ele>850.000000</ele>
			</trkpt>
			<trkpt lat="49.522656" lon="18.160674">
				<ele>848.000000</ele>
			</trkpt>
			<trkpt lat="49.522516" lon="18.160693">
				<ele>847.000000</ele>
			</trkpt>
			<trkpt lat="49.522376" lon="18.160674">
				<ele>845.000000</ele>
			</trkpt>
			<trkpt lat="49.522318" lon="18.160665">
				<ele>844.000000</ele>
			</trkpt>
			<trkpt lat="49.522259" lon="18.160665">
				<ele>843.000000</ele>
			</trkpt>
			<trkpt lat="49.522201" lon="18.160674">
				<ele>843.000000</ele>
			</trkpt>
			<trkpt lat="49.522137" lon="18.160710">
				<ele>842.000000</ele>
			</trkpt>
			<trkpt lat="49.522037" lon="18.160728">
				<ele>840.000000</ele>
			</trkpt>
			<trkpt lat="49.521898" lon="18.160720">
				<ele>838.000000</ele>
			</trkpt>
			<trkpt lat="49.521775" lon="18.160701">
				<ele>836.000000</ele>
			</trkpt>
			<trkpt lat="49.521507" lon="18.160701">
				<ele>831.000000</ele>
			</trkpt>
			<trkpt lat="49.521262" lon="18.160657">
				<ele>827.000000</ele>
			</trkpt>
			<trkpt lat="49.521093" lon="18.160657">
				<ele>824.000000</ele>
			</trkpt>
			<trkpt lat="49.520965" lon="18.160665">
				<ele>822.000000</ele>
			</trkpt>
			<trkpt lat="49.520830" lon="18.160638">
				<ele>820.000000</ele>
			</trkpt>
			<trkpt lat="49.520743" lon="18.160620">
				<ele>818.000000</ele>
			</trkpt>
			<trkpt lat="49.520673" lon="18.160630">
				<ele>817.000000</ele>
			</trkpt>
			<trkpt lat="49.520609" lon="18.160657">
				<ele>815.000000</ele>
			</trkpt>
			<trkpt lat="49.520516" lon="18.160701">
				<ele>813.000000</ele>
			</trkpt>
			<trkpt lat="49.520382" lon="18.160764">
				<ele>811.000000</ele>
			</trkpt>
			<trkpt lat="49.520271" lon="18.160809">
				<ele>809.000000</ele>
			</trkpt>
			<trkpt lat="49.520154" lon="18.160827">
				<ele>806.000000</ele>
			</trkpt>
			<trkpt lat="49.519956" lon="18.160836">
				<ele>802.000000</ele>
			</trkpt>
			<trkpt lat="49.519623" lon="18.160854">
				<ele>796.000000</ele>
			</trkpt>
			<trkpt lat="49.519367" lon="18.160881">
				<ele>792.000000</ele>
			</trkpt>
			<trkpt lat="49.519133" lon="18.160934">
				<ele>788.000000</ele>
			</trkpt>
			<trkpt lat="49.518895" lon="18.160997">
				<ele>785.000000</ele>
			</trkpt>
			<trkpt lat="49.518830" lon="18.161033">
				<ele>785.000000</ele>
			</trkpt>
			<trkpt lat="49.518585" lon="18.161186">
				<ele>782.000000</ele>
			</trkpt>
			<trkpt lat="49.518393" lon="18.161330">
				<ele>781.000000</ele>
			</trkpt>
			<trkpt lat="49.518218" lon="18.161465">
				<ele>780.000000</ele>
			</trkpt>
			<trkpt lat="49.518078" lon="18.161609">
				<ele>780.000000</ele>
			</trkpt>
			<trkpt lat="49.517950" lon="18.161770">
				<ele>780.000000</ele>
			</trkpt>
			<trkpt lat="49.517827" lon="18.161949">
				<ele>780.000000</ele>
			</trkpt>
			<trkpt lat="49.517710" lon="18.162183">
				<ele>780.000000</ele>
			</trkpt>
			<trkpt lat="49.517617" lon="18.162399">
				<ele>780.000000</ele>
			</trkpt>
			<trkpt lat="49.517541" lon="18.162525">
				<ele>780.000000</ele>
			</trkpt>
			<trkpt lat="49.517256" lon="18.162777">
				<ele>781.000000</ele>
			</trkpt>
			<trkpt lat="49.517028" lon="18.163100">
				<ele>785.000000</ele>
			</trkpt>
			<trkpt lat="49.516859" lon="18.163387">
				<ele>786.000000</ele>
			</trkpt>
			<trkpt lat="49.516830" lon="18.163450">
				<ele>788.000000</ele>
			</trkpt>
			<trkpt lat="49.516801" lon="18.163549">
				<ele>789.000000</ele>
			</trkpt>
			<trkpt lat="49.516783" lon="18.163666">
				<ele>789.000000</ele>
			</trkpt>
			<trkpt lat="49.516737" lon="18.163999">
				<ele>790.000000</ele>
			</trkpt>
			<trkpt lat="49.516696" lon="18.164465">
				<ele>790.000000</ele>
			</trkpt>
			<trkpt lat="49.516480" lon="18.164878">
				<ele>791.000000</ele>
			</trkpt>
			<trkpt lat="49.516300" lon="18.165175">
				<ele>791.000000</ele>
			</trkpt>
			<trkpt lat="49.516142" lon="18.165364">
				<ele>792.000000</ele>
			</trkpt>
			<trkpt lat="49.515967" lon="18.165578">
				<ele>792.000000</ele>
			</trkpt>
			<trkpt lat="49.515745" lon="18.165794">
				<ele>793.000000</ele>
			</trkpt>
			<trkpt lat="49.515459" lon="18.166054">
				<ele>793.000000</ele>
			</trkpt>
			<trkpt lat="49.514999" lon="18.166423">
				<ele>794.000000</ele>
			</trkpt>
			<trkpt lat="49.514683" lon="18.166710">
				<ele>795.000000</ele>
			</trkpt>
			<trkpt lat="49.514398" lon="18.166999">
				<ele>794.000000</ele>
			</trkpt>
			<trkpt lat="49.514264" lon="18.167125">
				<ele>793.000000</ele>
			</trkpt>
			<trkpt lat="49.514182" lon="18.167215">
				<ele>793.000000</ele>
			</trkpt>
			<trkpt lat="49.514118" lon="18.167312">
				<ele>793.000000</ele>
			</trkpt>
			<trkpt lat="49.514054" lon="18.167412">
				<ele>800.000000</ele>
			</trkpt>
			<trkpt lat="49.514013" lon="18.167511">
				<ele>800.000000</ele>
			</trkpt>
			<trkpt lat="49.513820" lon="18.167888">
				<ele>802.000000</ele>
			</trkpt>
			<trkpt lat="49.513686" lon="18.168194">
				<ele>804.000000</ele>
			</trkpt>
			<trkpt lat="49.513564" lon="18.168490">
				<ele>806.000000</ele>
			</trkpt>
			<trkpt lat="49.513436" lon="18.168831">
				<ele>808.000000</ele>
			</trkpt>
			<trkpt lat="49.513371" lon="18.168993">
				<ele>809.000000</ele>
			</trkpt>
			<trkpt lat="49.513261" lon="18.169299">
				<ele>811.000000</ele>
			</trkpt>
			<trkpt lat="49.513202" lon="18.169505">
				<ele>812.000000</ele>
			</trkpt>
			<trkpt lat="49.513109" lon="18.169962">
				<ele>813.000000</ele>
			</trkpt>
			<trkpt lat="49.513021" lon="18.170295">
				<ele>814.000000</ele>
			</trkpt>
			<trkpt lat="49.512969" lon="18.170412">
				<ele>814.000000</ele>
			</trkpt>
			<trkpt lat="49.512911" lon="18.170547">
				<ele>815.000000</ele>
			</trkpt>
			<trkpt lat="49.512846" lon="18.170681">
				<ele>815.000000</ele>
			</trkpt>
			<trkpt lat="49.512765" lon="18.170798">
				<ele>815.000000</ele>
			</trkpt>
			<trkpt lat="49.512677" lon="18.170907">
				<ele>815.000000</ele>
			</trkpt>
			<trkpt lat="49.512578" lon="18.171014">
				<ele>815.000000</ele>
			</trkpt>
			<trkpt lat="49.512467" lon="18.171085">
				<ele>815.000000</ele>
			</trkpt>
			<trkpt lat="49.512210" lon="18.171238">
				<ele>815.000000</ele>
			</trkpt>
			<trkpt lat="49.512135" lon="18.171301">
				<ele>815.000000</ele>
			</trkpt>
			<trkpt lat="49.512065" lon="18.171373">
				<ele>815.000000</ele>
			</trkpt>
			<trkpt lat="49.511954" lon="18.171481">
				<ele>815.000000</ele>
			</trkpt>
			<trkpt lat="49.511826" lon="18.171544">
				<ele>815.000000</ele>
			</trkpt>
			<trkpt lat="49.511732" lon="18.171714">
				<ele>814.000000</ele>
			</trkpt>
			<trkpt lat="49.511633" lon="18.171859">
				<ele>812.000000</ele>
			</trkpt>
			<trkpt lat="49.511272" lon="18.172379">
				<ele>807.000000</ele>
			</trkpt>
			<trkpt lat="49.510997" lon="18.172756">
				<ele>803.000000</ele>
			</trkpt>
			<trkpt lat="49.510945" lon="18.172865">
				<ele>802.000000</ele>
			</trkpt>
			<trkpt lat="49.510893" lon="18.172963">
				<ele>802.000000</ele>
			</trkpt>
			<trkpt lat="49.510910" lon="18.173052">
				<ele>801.000000</ele>
			</trkpt>
			<trkpt lat="49.510928" lon="18.173142">
				<ele>801.000000</ele>
			</trkpt>
			<trkpt lat="49.510991" lon="18.173341">
				<ele>799.000000</ele>
			</trkpt>
			<trkpt lat="49.511225" lon="18.173978">
				<ele>784.000000</ele>
			</trkpt>
			<trkpt lat="49.511686" lon="18.175308">
				<ele>739.000000</ele>
			</trkpt>
			<trkpt lat="49.511785" lon="18.175559">
				<ele>729.000000</ele>
			</trkpt>
			<trkpt lat="49.512007" lon="18.175972">
				<ele>715.000000</ele>
			</trkpt>
			<trkpt lat="49.512001" lon="18.176027">
				<ele>715.000000</ele>
			</trkpt>
			<trkpt lat="49.511989" lon="18.176107">
				<ele>715.000000</ele>
			</trkpt>
			<trkpt lat="49.512001" lon="18.176350">
				<ele>715.000000</ele>
			</trkpt>
			<trkpt lat="49.512088" lon="18.177293">
				<ele>713.000000</ele>
			</trkpt>
			<trkpt lat="49.512117" lon="18.177616">
				<ele>713.000000</ele>
			</trkpt>
			<trkpt lat="49.512123" lon="18.178002">
				<ele>712.000000</ele>
			</trkpt>
			<trkpt lat="49.512129" lon="18.178425">
				<ele>711.000000</ele>
			</trkpt>
			<trkpt lat="49.512112" lon="18.178802">
				<ele>711.000000</ele>
			</trkpt>
			<trkpt lat="49.512094" lon="18.179117">
				<ele>710.000000</ele>
			</trkpt>
			<trkpt lat="49.512059" lon="18.179377">
				<ele>710.000000</ele>
			</trkpt>
			<trkpt lat="49.512007" lon="18.179610">
				<ele>710.000000</ele>
			</trkpt>
			<trkpt lat="49.511680" lon="18.180815">
				<ele>710.000000</ele>
			</trkpt>
			<trkpt lat="49.511575" lon="18.181210">
				<ele>710.000000</ele>
			</trkpt>
			<trkpt lat="49.511499" lon="18.181470">
				<ele>710.000000</ele>
			</trkpt>
			<trkpt lat="49.511429" lon="18.181631">
				<ele>710.000000</ele>
			</trkpt>
			<trkpt lat="49.511347" lon="18.181776">
				<ele>710.000000</ele>
			</trkpt>
			<trkpt lat="49.511242" lon="18.181910">
				<ele>710.000000</ele>
			</trkpt>
			<trkpt lat="49.511144" lon="18.182000">
				<ele>710.000000</ele>
			</trkpt>
			<trkpt lat="49.511038" lon="18.182073">
				<ele>710.000000</ele>
			</trkpt>
			<trkpt lat="49.510933" lon="18.182126">
				<ele>710.000000</ele>
			</trkpt>
			<trkpt lat="49.510840" lon="18.182144">
				<ele>710.000000</ele>
			</trkpt>
			<trkpt lat="49.510729" lon="18.182162">
				<ele>710.000000</ele>
			</trkpt>
			<trkpt lat="49.510560" lon="18.182171">
				<ele>710.000000</ele>
			</trkpt>
			<trkpt lat="49.510426" lon="18.182144">
				<ele>710.000000</ele>
			</trkpt>
			<trkpt lat="49.510100" lon="18.182010">
				<ele>710.000000</ele>
			</trkpt>
			<trkpt lat="49.509808" lon="18.181838">
				<ele>710.000000</ele>
			</trkpt>
			<trkpt lat="49.509551" lon="18.181677">
				<ele>710.000000</ele>
			</trkpt>
			<trkpt lat="49.509294" lon="18.181452">
				<ele>710.000000</ele>
			</trkpt>
			<trkpt lat="49.509037" lon="18.181228">
				<ele>710.000000</ele>
			</trkpt>
			<trkpt lat="49.508740" lon="18.181002">
				<ele>710.000000</ele>
			</trkpt>
			<trkpt lat="49.508419" lon="18.180769">
				<ele>710.000000</ele>
			</trkpt>
			<trkpt lat="49.507643" lon="18.180249">
				<ele>710.000000</ele>
			</trkpt>
			<trkpt lat="49.507334" lon="18.180050">
				<ele>710.000000</ele>
			</trkpt>
			<trkpt lat="49.507235" lon="18.180006">
				<ele>710.000000</ele>
			</trkpt>
			<trkpt lat="49.507148" lon="18.179970">
				<ele>710.000000</ele>
			</trkpt>
			<trkpt lat="49.507049" lon="18.179979">
				<ele>710.000000</ele>
			</trkpt>
			<trkpt lat="49.506979" lon="18.179997">
				<ele>710.000000</ele>
			</trkpt>
			<trkpt lat="49.506897" lon="18.180050">
				<ele>710.000000</ele>
			</trkpt>
			<trkpt lat="49.506821" lon="18.180113">
				<ele>709.000000</ele>
			</trkpt>
			<trkpt lat="49.506535" lon="18.180446">
				<ele>706.000000</ele>
			</trkpt>
			<trkpt lat="49.506355" lon="18.180626">
				<ele>704.000000</ele>
			</trkpt>
			<trkpt lat="49.506180" lon="18.180778">
				<ele>700.000000</ele>
			</trkpt>
			<trkpt lat="49.505940" lon="18.180958">
				<ele>695.000000</ele>
			</trkpt>
			<trkpt lat="49.505661" lon="18.181155">
				<ele>690.000000</ele>
			</trkpt>
			<trkpt lat="49.505573" lon="18.181218">
				<ele>688.000000</ele>
			</trkpt>
			<trkpt lat="49.505503" lon="18.181318">
				<ele>687.000000</ele>
			</trkpt>
			<trkpt lat="49.505386" lon="18.181461">
				<ele>684.000000</ele>
			</trkpt>
			<trkpt lat="49.505275" lon="18.181614">
				<ele>682.000000</ele>
			</trkpt>
			<trkpt lat="49.505182" lon="18.181794">
				<ele>679.000000</ele>
			</trkpt>
			<trkpt lat="49.505089" lon="18.181983">
				<ele>676.000000</ele>
			</trkpt>
			<trkpt lat="49.504989" lon="18.182252">
				<ele>672.000000</ele>
			</trkpt>
			<trkpt lat="49.504937" lon="18.182117">
				<ele>671.000000</ele>
			</trkpt>
			<trkpt lat="49.504890" lon="18.182018">
				<ele>670.000000</ele>
			</trkpt>
			<trkpt lat="49.504826" lon="18.181947">
				<ele>668.000000</ele>
			</trkpt>
			<trkpt lat="49.504756" lon="18.181874">
				<ele>664.000000</ele>
			</trkpt>
			<trkpt lat="49.504324" lon="18.181542">
				<ele>654.000000</ele>
			</trkpt>
			<trkpt lat="49.504272" lon="18.181524">
				<ele>653.000000</ele>
			</trkpt>
			<trkpt lat="49.504243" lon="18.181534">
				<ele>653.000000</ele>
			</trkpt>
			<trkpt lat="49.504220" lon="18.181551">
				<ele>652.000000</ele>
			</trkpt>
			<trkpt lat="49.504173" lon="18.181614">
				<ele>651.000000</ele>
			</trkpt>
			<trkpt lat="49.504132" lon="18.181713">
				<ele>650.000000</ele>
			</trkpt>
			<trkpt lat="49.504062" lon="18.181928">
				<ele>646.000000</ele>
			</trkpt>
			<trkpt lat="49.503969" lon="18.182144">
				<ele>641.000000</ele>
			</trkpt>
			<trkpt lat="49.503729" lon="18.182539">
				<ele>627.000000</ele>
			</trkpt>
			<trkpt lat="49.503525" lon="18.182853">
				<ele>619.000000</ele>
			</trkpt>
			<trkpt lat="49.503280" lon="18.183186">
				<ele>609.000000</ele>
			</trkpt>
			<trkpt lat="49.502878" lon="18.183689">
				<ele>597.000000</ele>
			</trkpt>
			<trkpt lat="49.502785" lon="18.183805">
				<ele>595.000000</ele>
			</trkpt>
			<trkpt lat="49.502720" lon="18.183922">
				<ele>593.000000</ele>
			</trkpt>
			<trkpt lat="49.502662" lon="18.184075">
				<ele>590.000000</ele>
			</trkpt>
			<trkpt lat="49.502574" lon="18.184318">
				<ele>588.000000</ele>
			</trkpt>
			<trkpt lat="49.502382" lon="18.184884">
				<ele>582.000000</ele>
			</trkpt>
			<trkpt lat="49.502294" lon="18.185109">
				<ele>578.000000</ele>
			</trkpt>
			<trkpt lat="49.502189" lon="18.185342">
				<ele>574.000000</ele>
			</trkpt>
			<trkpt lat="49.502044" lon="18.185576">
				<ele>569.000000</ele>
			</trkpt>
			<trkpt lat="49.501991" lon="18.185683">
				<ele>566.000000</ele>
			</trkpt>
			<trkpt lat="49.501950" lon="18.185782">
				<ele>564.000000</ele>
			</trkpt>
			<trkpt lat="49.501869" lon="18.186079">
				<ele>559.000000</ele>
			</trkpt>
			<trkpt lat="49.501793" lon="18.186348">
				<ele>555.000000</ele>
			</trkpt>
			<trkpt lat="49.501752" lon="18.186455">
				<ele>554.000000</ele>
			</trkpt>
			<trkpt lat="49.501694" lon="18.186581">
				<ele>553.000000</ele>
			</trkpt>
			<trkpt lat="49.501664" lon="18.186644">
				<ele>552.000000</ele>
			</trkpt>
			<trkpt lat="49.501623" lon="18.186779">
				<ele>551.000000</ele>
			</trkpt>
			<trkpt lat="49.501571" lon="18.186761">
				<ele>550.000000</ele>
			</trkpt>
			<trkpt lat="49.501413" lon="18.186671">
				<ele>549.000000</ele>
			</trkpt>
			<trkpt lat="49.501314" lon="18.186627">
				<ele>548.000000</ele>
			</trkpt>
			<trkpt lat="49.501227" lon="18.186608">
				<ele>548.000000</ele>
			</trkpt>
			<trkpt lat="49.501192" lon="18.186618">
				<ele>547.000000</ele>
			</trkpt>
			<trkpt lat="49.501151" lon="18.186644">
				<ele>547.000000</ele>
			</trkpt>
			<trkpt lat="49.501122" lon="18.186698">
				<ele>547.000000</ele>
			</trkpt>
			<trkpt lat="49.501098" lon="18.186744">
				<ele>547.000000</ele>
			</trkpt>
			<trkpt lat="49.501017" lon="18.187031">
				<ele>545.000000</ele>
			</trkpt>
			<trkpt lat="49.500970" lon="18.187157">
				<ele>545.000000</ele>
			</trkpt>
			<trkpt lat="49.500953" lon="18.187291">
				<ele>545.000000</ele>
			</trkpt>
			<trkpt lat="49.500923" lon="18.187345">
				<ele>545.000000</ele>
			</trkpt>
			<trkpt lat="49.500900" lon="18.187381">
				<ele>545.000000</ele>
			</trkpt>
			<trkpt lat="49.500859" lon="18.187400">
				<ele>545.000000</ele>
			</trkpt>
			<trkpt lat="49.500842" lon="18.187390">
				<ele>545.000000</ele>
			</trkpt>
			<trkpt lat="49.500597" lon="18.187228">
				<ele>545.000000</ele>
			</trkpt>
			<trkpt lat="49.500375" lon="18.187021">
				<ele>545.000000</ele>
			</trkpt>
			<trkpt lat="49.499972" lon="18.186591">
				<ele>545.000000</ele>
			</trkpt>
			<trkpt lat="49.499821" lon="18.186402">
				<ele>545.000000</ele>
			</trkpt>
			<trkpt lat="49.499786" lon="18.186331">
				<ele>545.000000</ele>
			</trkpt>
			<trkpt lat="49.499756" lon="18.186276">
				<ele>545.000000</ele>
			</trkpt>
			<trkpt lat="49.499704" lon="18.186366">
				<ele>545.000000</ele>
			</trkpt>
			<trkpt lat="49.499611" lon="18.186528">
				<ele>551.000000</ele>
			</trkpt>
			<trkpt lat="49.499471" lon="18.186518">
				<ele>552.000000</ele>
			</trkpt>
			<trkpt lat="49.499261" lon="18.186474">
				<ele>552.000000</ele>
			</trkpt>
			<trkpt lat="49.499185" lon="18.186474">
				<ele>553.000000</ele>
			</trkpt>
			<trkpt lat="49.499115" lon="18.186482">
				<ele>553.000000</ele>
			</trkpt>
			<trkpt lat="49.498940" lon="18.186555">
				<ele>554.000000</ele>
			</trkpt>
			<trkpt lat="49.498730" lon="18.186635">
				<ele>555.000000</ele>
			</trkpt>
			<trkpt lat="49.498543" lon="18.186681">
				<ele>556.000000</ele>
			</trkpt>
			<trkpt lat="49.498374" lon="18.186681">
				<ele>559.000000</ele>
			</trkpt>
			<trkpt lat="49.498158" lon="18.186671">
				<ele>562.000000</ele>
			</trkpt>
			<trkpt lat="49.497831" lon="18.186618">
				<ele>569.000000</ele>
			</trkpt>
			<trkpt lat="49.497656" lon="18.186581">
				<ele>573.000000</ele>
			</trkpt>
			<trkpt lat="49.497580" lon="18.186572">
				<ele>575.000000</ele>
			</trkpt>
			<trkpt lat="49.497516" lon="18.186600">
				<ele>576.000000</ele>
			</trkpt>
			<trkpt lat="49.497493" lon="18.186627">
				<ele>577.000000</ele>
			</trkpt>
			<trkpt lat="49.497470" lon="18.186662">
				<ele>578.000000</ele>
			</trkpt>
			<trkpt lat="49.497464" lon="18.186734">
				<ele>579.000000</ele>
			</trkpt>
			<trkpt lat="49.497452" lon="18.186824">
				<ele>581.000000</ele>
			</trkpt>
			<trkpt lat="49.497429" lon="18.186914">
				<ele>583.000000</ele>
			</trkpt>
			<trkpt lat="49.497393" lon="18.186977">
				<ele>585.000000</ele>
			</trkpt>
			<trkpt lat="49.497347" lon="18.187058">
				<ele>587.000000</ele>
			</trkpt>
			<trkpt lat="49.497213" lon="18.187201">
				<ele>593.000000</ele>
			</trkpt>
			<trkpt lat="49.497166" lon="18.187237">
				<ele>595.000000</ele>
			</trkpt>
			<trkpt lat="49.497114" lon="18.187273">
				<ele>597.000000</ele>
			</trkpt>
			<trkpt lat="49.497049" lon="18.187300">
				<ele>600.000000</ele>
			</trkpt>
			<trkpt lat="49.496997" lon="18.187354">
				<ele>603.000000</ele>
			</trkpt>
			<trkpt lat="49.496956" lon="18.187408">
				<ele>605.000000</ele>
			</trkpt>
			<trkpt lat="49.496921" lon="18.187489">
				<ele>607.000000</ele>
			</trkpt>
			<trkpt lat="49.496880" lon="18.187560">
				<ele>609.000000</ele>
			</trkpt>
			<trkpt lat="49.496833" lon="18.187614">
				<ele>611.000000</ele>
			</trkpt>
			<trkpt lat="49.496693" lon="18.187723">
				<ele>616.000000</ele>
			</trkpt>
			<trkpt lat="49.496635" lon="18.187759">
				<ele>618.000000</ele>
			</trkpt>
			<trkpt lat="49.496583" lon="18.187821">
				<ele>620.000000</ele>
			</trkpt>
			<trkpt lat="49.496548" lon="18.187902">
				<ele>622.000000</ele>
			</trkpt>
			<trkpt lat="49.496489" lon="18.188037">
				<ele>625.000000</ele>
			</trkpt>
			<trkpt lat="49.496425" lon="18.188172">
				<ele>628.000000</ele>
			</trkpt>
			<trkpt lat="49.496355" lon="18.188279">
				<ele>631.000000</ele>
			</trkpt>
			<trkpt lat="49.496285" lon="18.188369">
				<ele>633.000000</ele>
			</trkpt>
			<trkpt lat="49.496133" lon="18.188522">
				<ele>638.000000</ele>
			</trkpt>
			<trkpt lat="49.495923" lon="18.188755">
				<ele>649.000000</ele>
			</trkpt>
			<trkpt lat="49.495848" lon="18.188863">
				<ele>654.000000</ele>
			</trkpt>
			<trkpt lat="49.495754" lon="18.189007">
				<ele>659.000000</ele>
			</trkpt>
			<trkpt lat="49.495695" lon="18.189105">
				<ele>662.000000</ele>
			</trkpt>
			<trkpt lat="49.495667" lon="18.189214">
				<ele>664.000000</ele>
			</trkpt>
			<trkpt lat="49.495643" lon="18.189339">
				<ele>666.000000</ele>
			</trkpt>
			<trkpt lat="49.495637" lon="18.189484">
				<ele>669.000000</ele>
			</trkpt>
			<trkpt lat="49.495637" lon="18.189528">
				<ele>670.000000</ele>
			</trkpt>
			<trkpt lat="49.495626" lon="18.189573">
				<ele>671.000000</ele>
			</trkpt>
			<trkpt lat="49.495573" lon="18.189663">
				<ele>673.000000</ele>
			</trkpt>
			<trkpt lat="49.495550" lon="18.189717">
				<ele>674.000000</ele>
			</trkpt>
			<trkpt lat="49.495533" lon="18.189771">
				<ele>675.000000</ele>
			</trkpt>
			<trkpt lat="49.495520" lon="18.189905">
				<ele>675.000000</ele>
			</trkpt>
			<trkpt lat="49.495526" lon="18.190058">
				<ele>674.000000</ele>
			</trkpt>
			<trkpt lat="49.495515" lon="18.190157">
				<ele>674.000000</ele>
			</trkpt>
			<trkpt lat="49.495486" lon="18.190220">
				<ele>674.000000</ele>
			</trkpt>
			<trkpt lat="49.495445" lon="18.190300">
				<ele>675.000000</ele>
			</trkpt>
			<trkpt lat="49.495427" lon="18.190373">
				<ele>675.000000</ele>
			</trkpt>
			<trkpt lat="49.495398" lon="18.190426">
				<ele>675.000000</ele>
			</trkpt>
			<trkpt lat="49.495363" lon="18.190480">
				<ele>675.000000</ele>
			</trkpt>
			<trkpt lat="49.495305" lon="18.190526">
				<ele>675.000000</ele>
			</trkpt>
			<trkpt lat="49.495019" lon="18.190830">
				<ele>669.000000</ele>
			</trkpt>
			<trkpt lat="49.494832" lon="18.191010">
				<ele>667.000000</ele>
			</trkpt>
			<trkpt lat="49.494640" lon="18.191163">
				<ele>665.000000</ele>
			</trkpt>
			<trkpt lat="49.494447" lon="18.191298">
				<ele>663.000000</ele>
			</trkpt>
			<trkpt lat="49.494254" lon="18.191396">
				<ele>661.000000</ele>
			</trkpt>
			<trkpt lat="49.494027" lon="18.191495">
				<ele>658.000000</ele>
			</trkpt>
			<trkpt lat="49.493718" lon="18.191603">
				<ele>655.000000</ele>
			</trkpt>
			<trkpt lat="49.493548" lon="18.191675">
				<ele>653.000000</ele>
			</trkpt>
			<trkpt lat="49.493473" lon="18.191711">
				<ele>653.000000</ele>
			</trkpt>
			<trkpt lat="49.493420" lon="18.191774">
				<ele>652.000000</ele>
			</trkpt>
			<trkpt lat="49.493368" lon="18.191837">
				<ele>651.000000</ele>
			</trkpt>
			<trkpt lat="49.493304" lon="18.191971">
				<ele>650.000000</ele>
			</trkpt>
			<trkpt lat="49.493111" lon="18.192376">
				<ele>644.000000</ele>
			</trkpt>
			<trkpt lat="49.493047" lon="18.192510">
				<ele>643.000000</ele>
			</trkpt>
			<trkpt lat="49.492959" lon="18.192627">
				<ele>642.000000</ele>
			</trkpt>
			<trkpt lat="49.492872" lon="18.192717">
				<ele>640.000000</ele>
			</trkpt>
			<trkpt lat="49.492779" lon="18.192753">
				<ele>640.000000</ele>
			</trkpt>
			<trkpt lat="49.492679" lon="18.192771">
				<ele>641.000000</ele>
			</trkpt>
			<trkpt lat="49.492481" lon="18.192789">
				<ele>641.000000</ele>
			</trkpt>
			<trkpt lat="49.492329" lon="18.192824">
				<ele>641.000000</ele>
			</trkpt>
			<trkpt lat="49.492183" lon="18.192879">
				<ele>642.000000</ele>
			</trkpt>
			<trkpt lat="49.491991" lon="18.192996">
				<ele>642.000000</ele>
			</trkpt>
			<trkpt lat="49.491851" lon="18.193067">
				<ele>643.000000</ele>
			</trkpt>
			<trkpt lat="49.491617" lon="18.193193">
				<ele>643.000000</ele>
			</trkpt>
			<trkpt lat="49.491494" lon="18.193247">
				<ele>644.000000</ele>
			</trkpt>
			<trkpt lat="49.491185" lon="18.193409">
				<ele>644.000000</ele>
			</trkpt>
			<trkpt lat="49.491104" lon="18.193472">
				<ele>645.000000</ele>
			</trkpt>
			<trkpt lat="49.490993" lon="18.193562">
				<ele>645.000000</ele>
			</trkpt>
			<trkpt lat="49.490888" lon="18.193696">
				<ele>647.000000</ele>
			</trkpt>
			<trkpt lat="49.490824" lon="18.193786">
				<ele>648.000000</ele>
			</trkpt>
			<trkpt lat="49.490701" lon="18.193929">
				<ele>649.000000</ele>
			</trkpt>
			<trkpt lat="49.490613" lon="18.194011">
				<ele>651.000000</ele>
			</trkpt>
			<trkpt lat="49.490567" lon="18.194029">
				<ele>651.000000</ele>
			</trkpt>
			<trkpt lat="49.490532" lon="18.194046">
				<ele>652.000000</ele>
			</trkpt>
			<trkpt lat="49.490485" lon="18.194029">
				<ele>652.000000</ele>
			</trkpt>
			<trkpt lat="49.490450" lon="18.194011">
				<ele>653.000000</ele>
			</trkpt>
			<trkpt lat="49.490386" lon="18.193948">
				<ele>654.000000</ele>
			</trkpt>
			<trkpt lat="49.490310" lon="18.193849">
				<ele>655.000000</ele>
			</trkpt>
			<trkpt lat="49.490100" lon="18.193562">
				<ele>660.000000</ele>
			</trkpt>
			<trkpt lat="49.489890" lon="18.193480">
				<ele>664.000000</ele>
			</trkpt>
			<trkpt lat="49.489762" lon="18.193453">
				<ele>668.000000</ele>
			</trkpt>
			<trkpt lat="49.489662" lon="18.193436">
				<ele>670.000000</ele>
			</trkpt>
			<trkpt lat="49.489575" lon="18.193445">
				<ele>672.000000</ele>
			</trkpt>
			<trkpt lat="49.489464" lon="18.193463">
				<ele>674.000000</ele>
			</trkpt>
			<trkpt lat="49.489394" lon="18.193489">
				<ele>676.000000</ele>
			</trkpt>
			<trkpt lat="49.489300" lon="18.193526">
				<ele>679.000000</ele>
			</trkpt>
			<trkpt lat="49.489143" lon="18.193508">
				<ele>682.000000</ele>
			</trkpt>
			<trkpt lat="49.488980" lon="18.193516">
				<ele>686.000000</ele>
			</trkpt>
			<trkpt lat="49.488828" lon="18.193508">
				<ele>689.000000</ele>
			</trkpt>
			<trkpt lat="49.488227" lon="18.193409">
				<ele>702.000000</ele>
			</trkpt>
			<trkpt lat="49.488157" lon="18.193409">
				<ele>703.000000</ele>
			</trkpt>
			<trkpt lat="49.488075" lon="18.193418">
				<ele>705.000000</ele>
			</trkpt>
			<trkpt lat="49.488011" lon="18.193453">
				<ele>707.000000</ele>
			</trkpt>
			<trkpt lat="49.487935" lon="18.193516">
				<ele>710.000000</ele>
			</trkpt>
			<trkpt lat="49.487877" lon="18.193579">
				<ele>712.000000</ele>
			</trkpt>
			<trkpt lat="49.487825" lon="18.193679">
				<ele>715.000000</ele>
			</trkpt>
			<trkpt lat="49.487784" lon="18.193795">
				<ele>718.000000</ele>
			</trkpt>
			<trkpt lat="49.487754" lon="18.193903">
				<ele>720.000000</ele>
			</trkpt>
			<trkpt lat="49.487743" lon="18.193975">
				<ele>722.000000</ele>
			</trkpt>
			<trkpt lat="49.487743" lon="18.194055">
				<ele>724.000000</ele>
			</trkpt>
			<trkpt lat="49.487748" lon="18.194128">
				<ele>726.000000</ele>
			</trkpt>
			<trkpt lat="49.487766" lon="18.194181">
				<ele>727.000000</ele>
			</trkpt>
			<trkpt lat="49.487789" lon="18.194253">
				<ele>728.000000</ele>
			</trkpt>
			<trkpt lat="49.487825" lon="18.194308">
				<ele>730.000000</ele>
			</trkpt>
			<trkpt lat="49.487918" lon="18.194451">
				<ele>733.000000</ele>
			</trkpt>
			<trkpt lat="49.488151" lon="18.194757">
				<ele>738.000000</ele>
			</trkpt>
			<trkpt lat="49.488238" lon="18.194891">
				<ele>741.000000</ele>
			</trkpt>
			<trkpt lat="49.488326" lon="18.195034">
				<ele>743.000000</ele>
			</trkpt>
			<trkpt lat="49.488390" lon="18.195178">
				<ele>745.000000</ele>
			</trkpt>
			<trkpt lat="49.488478" lon="18.195358">
				<ele>748.000000</ele>
			</trkpt>
			<trkpt lat="49.488630" lon="18.195753">
				<ele>753.000000</ele>
			</trkpt>
			<trkpt lat="49.488734" lon="18.196095">
				<ele>757.000000</ele>
			</trkpt>
			<trkpt lat="49.488787" lon="18.196193">
				<ele>758.000000</ele>
			</trkpt>
			<trkpt lat="49.488846" lon="18.196310">
				<ele>759.000000</ele>
			</trkpt>
			<trkpt lat="49.488892" lon="18.196382">
				<ele>760.000000</ele>
			</trkpt>
			<trkpt lat="49.488909" lon="18.196436">
				<ele>762.000000</ele>
			</trkpt>
			<trkpt lat="49.488916" lon="18.196490">
				<ele>763.000000</ele>
			</trkpt>
			<trkpt lat="49.488904" lon="18.196544">
				<ele>764.000000</ele>
			</trkpt>
			<trkpt lat="49.488875" lon="18.196589">
				<ele>766.000000</ele>
			</trkpt>
			<trkpt lat="49.488846" lon="18.196616">
				<ele>768.000000</ele>
			</trkpt>
			<trkpt lat="49.488822" lon="18.196625">
				<ele>769.000000</ele>
			</trkpt>
			<trkpt lat="49.488793" lon="18.196634">
				<ele>770.000000</ele>
			</trkpt>
			<trkpt lat="49.488740" lon="18.196625">
				<ele>771.000000</ele>
			</trkpt>
			<trkpt lat="49.488589" lon="18.196544">
				<ele>775.000000</ele>
			</trkpt>
			<trkpt lat="49.488519" lon="18.196526">
				<ele>777.000000</ele>
			</trkpt>
			<trkpt lat="49.488356" lon="18.196516">
				<ele>782.000000</ele>
			</trkpt>
			<trkpt lat="49.488268" lon="18.196516">
				<ele>785.000000</ele>
			</trkpt>
			<trkpt lat="49.488175" lon="18.196544">
				<ele>789.000000</ele>
			</trkpt>
			<trkpt lat="49.488093" lon="18.196562">
				<ele>791.000000</ele>
			</trkpt>
			<trkpt lat="49.488011" lon="18.196616">
				<ele>794.000000</ele>
			</trkpt>
			<trkpt lat="49.487865" lon="18.196715">
				<ele>799.000000</ele>
			</trkpt>
			<trkpt lat="49.487725" lon="18.196876">
				<ele>805.000000</ele>
			</trkpt>
			<trkpt lat="49.487573" lon="18.197082">
				<ele>810.000000</ele>
			</trkpt>
			<trkpt lat="49.487434" lon="18.197334">
				<ele>810.000000</ele>
			</trkpt>
			<trkpt lat="49.487281" lon="18.197658">
				<ele>810.000000</ele>
			</trkpt>
			<trkpt lat="49.487177" lon="18.197856">
				<ele>810.000000</ele>
			</trkpt>
			<trkpt lat="49.487065" lon="18.198000">
				<ele>810.000000</ele>
			</trkpt>
			<trkpt lat="49.486972" lon="18.198089">
				<ele>810.000000</ele>
			</trkpt>
			<trkpt lat="49.486856" lon="18.198152">
				<ele>810.000000</ele>
			</trkpt>
			<trkpt lat="49.486709" lon="18.198170">
				<ele>810.000000</ele>
			</trkpt>
			<trkpt lat="49.486529" lon="18.198179">
				<ele>813.000000</ele>
			</trkpt>
			<trkpt lat="49.486383" lon="18.198152">
				<ele>818.000000</ele>
			</trkpt>
			<trkpt lat="49.485974" lon="18.198071">
				<ele>826.000000</ele>
			</trkpt>
			<trkpt lat="49.485846" lon="18.198063">
				<ele>828.000000</ele>
			</trkpt>
			<trkpt lat="49.485706" lon="18.198063">
				<ele>830.000000</ele>
			</trkpt>
			<trkpt lat="49.485560" lon="18.198080">
				<ele>833.000000</ele>
			</trkpt>
			<trkpt lat="49.485431" lon="18.198134">
				<ele>836.000000</ele>
			</trkpt>
			<trkpt lat="49.485321" lon="18.198197">
				<ele>839.000000</ele>
			</trkpt>
			<trkpt lat="49.485193" lon="18.198277">
				<ele>842.000000</ele>
			</trkpt>
			<trkpt lat="49.485076" lon="18.198394">
				<ele>847.000000</ele>
			</trkpt>
			<trkpt lat="49.484965" lon="18.198539">
				<ele>852.000000</ele>
			</trkpt>
			<trkpt lat="49.484597" lon="18.199032">
				<ele>868.000000</ele>
			</trkpt>
			<trkpt lat="49.484504" lon="18.199131">
				<ele>870.000000</ele>
			</trkpt>
			<trkpt lat="49.484422" lon="18.199212">
				<ele>872.000000</ele>
			</trkpt>
			<trkpt lat="49.484323" lon="18.199256">
				<ele>873.000000</ele>
			</trkpt>
			<trkpt lat="49.484212" lon="18.199292">
				<ele>875.000000</ele>
			</trkpt>
			<trkpt lat="49.484066" lon="18.199436">
				<ele>878.000000</ele>
			</trkpt>
			<trkpt lat="49.483920" lon="18.199553">
				<ele>881.000000</ele>
			</trkpt>
			<trkpt lat="49.483792" lon="18.199625">
				<ele>884.000000</ele>
			</trkpt>
			<trkpt lat="49.483505" lon="18.199760">
				<ele>888.000000</ele>
			</trkpt>
			<trkpt lat="49.483360" lon="18.199832">
				<ele>891.000000</ele>
			</trkpt>
			<trkpt lat="49.483185" lon="18.200002">
				<ele>895.000000</ele>
			</trkpt>
			<trkpt lat="49.483103" lon="18.200119">
				<ele>896.000000</ele>
			</trkpt>
			<trkpt lat="49.483045" lon="18.200227">
				<ele>897.000000</ele>
			</trkpt>
			<trkpt lat="49.483021" lon="18.200290">
				<ele>898.000000</ele>
			</trkpt>
			<trkpt lat="49.483021" lon="18.200353">
				<ele>899.000000</ele>
			</trkpt>
			<trkpt lat="49.483593" lon="18.200470">
				<ele>906.000000</ele>
			</trkpt>
			<trkpt lat="49.484130" lon="18.200613">
				<ele>910.000000</ele>
			</trkpt>
			<trkpt lat="49.484649" lon="18.200757">
				<ele>918.000000</ele>
			</trkpt>
			<trkpt lat="49.485426" lon="18.201026">
				<ele>928.000000</ele>
			</trkpt>
			<trkpt lat="49.485712" lon="18.201134">
				<ele>931.000000</ele>
			</trkpt>
			<trkpt lat="49.485904" lon="18.201224">
				<ele>934.000000</ele>
			</trkpt>
			<trkpt lat="49.486097" lon="18.201368">
				<ele>938.000000</ele>
			</trkpt>
			<trkpt lat="49.486307" lon="18.201556">
				<ele>941.000000</ele>
			</trkpt>
			<trkpt lat="49.486687" lon="18.201916">
				<ele>947.000000</ele>
			</trkpt>
			<trkpt lat="49.486844" lon="18.202078">
				<ele>949.000000</ele>
			</trkpt>
			<trkpt lat="49.486966" lon="18.202195">
				<ele>951.000000</ele>
			</trkpt>
			<trkpt lat="49.487171" lon="18.202321">
				<ele>953.000000</ele>
			</trkpt>
			<trkpt lat="49.487293" lon="18.202382">
				<ele>955.000000</ele>
			</trkpt>
			<trkpt lat="49.487410" lon="18.202401">
				<ele>957.000000</ele>
			</trkpt>
			<trkpt lat="49.487894" lon="18.202419">
				<ele>965.000000</ele>
			</trkpt>
			<trkpt lat="49.488022" lon="18.202445">
				<ele>966.000000</ele>
			</trkpt>
			<trkpt lat="49.488140" lon="18.202464">
				<ele>967.000000</ele>
			</trkpt>
			<trkpt lat="49.488233" lon="18.202500">
				<ele>968.000000</ele>
			</trkpt>
			<trkpt lat="49.488326" lon="18.202545">
				<ele>969.000000</ele>
			</trkpt>
			<trkpt lat="49.488402" lon="18.202608">
				<ele>969.000000</ele>
			</trkpt>
			<trkpt lat="49.488501" lon="18.202671">
				<ele>971.000000</ele>
			</trkpt>
			<trkpt lat="49.488659" lon="18.202841">
				<ele>974.000000</ele>
			</trkpt>
			<trkpt lat="49.488909" lon="18.203174">
				<ele>978.000000</ele>
			</trkpt>
			<trkpt lat="49.489196" lon="18.203569">
				<ele>980.000000</ele>
			</trkpt>
			<trkpt lat="49.489552" lon="18.204108">
				<ele>980.000000</ele>
			</trkpt>
			<trkpt lat="49.489662" lon="18.204305">
				<ele>980.000000</ele>
			</trkpt>
			<trkpt lat="49.489738" lon="18.204458">
				<ele>980.000000</ele>
			</trkpt>
			<trkpt lat="49.489785" lon="18.204629">
				<ele>980.000000</ele>
			</trkpt>
			<trkpt lat="49.489820" lon="18.204808">
				<ele>980.000000</ele>
			</trkpt>
			<trkpt lat="49.489844" lon="18.204934">
				<ele>980.000000</ele>
			</trkpt>
			<trkpt lat="49.489943" lon="18.205248">
				<ele>979.000000</ele>
			</trkpt>
			<trkpt lat="49.490082" lon="18.205743">
				<ele>979.000000</ele>
			</trkpt>
			<trkpt lat="49.490222" lon="18.206192">
				<ele>978.000000</ele>
			</trkpt>
			<trkpt lat="49.490363" lon="18.206614">
				<ele>978.000000</ele>
			</trkpt>
			<trkpt lat="49.490572" lon="18.207198">
				<ele>977.000000</ele>
			</trkpt>
			<trkpt lat="49.490695" lon="18.207566">
				<ele>976.000000</ele>
			</trkpt>
			<trkpt lat="49.490941" lon="18.208204">
				<ele>976.000000</ele>
			</trkpt>
			<trkpt lat="49.490987" lon="18.208366">
				<ele>975.000000</ele>
			</trkpt>
			<trkpt lat="49.491034" lon="18.208563">
				<ele>975.000000</ele>
			</trkpt>
			<trkpt lat="49.491092" lon="18.208814">
				<ele>975.000000</ele>
			</trkpt>
			<trkpt lat="49.491139" lon="18.209084">
				<ele>975.000000</ele>
			</trkpt>
			<trkpt lat="49.491314" lon="18.210252">
				<ele>975.000000</ele>
			</trkpt>
			<trkpt lat="49.491401" lon="18.210692">
				<ele>975.000000</ele>
			</trkpt>
			<trkpt lat="49.491535" lon="18.211267">
				<ele>976.000000</ele>
			</trkpt>
			<trkpt lat="49.491611" lon="18.211546">
				<ele>978.000000</ele>
			</trkpt>
			<trkpt lat="49.491687" lon="18.211789">
				<ele>980.000000</ele>
			</trkpt>
			<trkpt lat="49.491775" lon="18.212022">
				<ele>983.000000</ele>
			</trkpt>
			<trkpt lat="49.491909" lon="18.212355">
				<ele>988.000000</ele>
			</trkpt>
			<trkpt lat="49.492072" lon="18.212705">
				<ele>995.000000</ele>
			</trkpt>
			<trkpt lat="49.492148" lon="18.212929">
				<ele>999.000000</ele>
			</trkpt>
			<trkpt lat="49.492335" lon="18.213594">
				<ele>1009.000000</ele>
			</trkpt>
			<trkpt lat="49.492440" lon="18.214043">
				<ele>1014.000000</ele>
			</trkpt>
			<trkpt lat="49.492568" lon="18.214546">
				<ele>1018.000000</ele>
			</trkpt>
			<trkpt lat="49.492667" lon="18.215013">
				<ele>1021.000000</ele>
			</trkpt>
			<trkpt lat="49.492697" lon="18.215193">
				<ele>1022.000000</ele>
			</trkpt>
			<trkpt lat="49.492755" lon="18.215615">
				<ele>1025.000000</ele>
			</trkpt>
			<trkpt lat="49.492773" lon="18.215777">
				<ele>1026.000000</ele>
			</trkpt>
			<trkpt lat="49.492773" lon="18.215930">
				<ele>1027.000000</ele>
			</trkpt>
			<trkpt lat="49.492773" lon="18.216091">
				<ele>1028.000000</ele>
			</trkpt>
			<trkpt lat="49.492755" lon="18.216244">
				<ele>1029.000000</ele>
			</trkpt>
			<trkpt lat="49.492726" lon="18.216424">
				<ele>1030.000000</ele>
			</trkpt>
			<trkpt lat="49.492691" lon="18.216586">
				<ele>1031.000000</ele>
			</trkpt>
			<trkpt lat="49.492393" lon="18.217753">
				<ele>1045.000000</ele>
			</trkpt>
			<trkpt lat="49.492247" lon="18.218454">
				<ele>1059.000000</ele>
			</trkpt>
			<trkpt lat="49.492183" lon="18.218777">
				<ele>1066.000000</ele>
			</trkpt>
			<trkpt lat="49.492119" lon="18.219146">
				<ele>1073.000000</ele>
			</trkpt>
			<trkpt lat="49.492049" lon="18.219712">
				<ele>1080.000000</ele>
			</trkpt>
			<trkpt lat="49.491938" lon="18.220844">
				<ele>1100.000000</ele>
			</trkpt>
			<trkpt lat="49.491921" lon="18.221051">
				<ele>1103.000000</ele>
			</trkpt>
			<trkpt lat="49.491915" lon="18.221274">
				<ele>1107.000000</ele>
			</trkpt>
			<trkpt lat="49.491921" lon="18.221454">
				<ele>1111.000000</ele>
			</trkpt>
			<trkpt lat="49.491944" lon="18.221624">
				<ele>1114.000000</ele>
			</trkpt>
			<trkpt lat="49.492019" lon="18.221957">
				<ele>1119.000000</ele>
			</trkpt>
			<trkpt lat="49.492026" lon="18.222064">
				<ele>1120.000000</ele>
			</trkpt>
			<trkpt lat="49.492014" lon="18.222190">
				<ele>1122.000000</ele>
			</trkpt>
			<trkpt lat="49.491967" lon="18.222353">
				<ele>1122.000000</ele>
			</trkpt>
			<trkpt lat="49.491909" lon="18.222479">
				<ele>1123.000000</ele>
			</trkpt>
			<trkpt lat="49.491868" lon="18.222532">
				<ele>1123.000000</ele>
			</trkpt>
			<trkpt lat="49.491868" lon="18.222532">
				<ele>1123.000000</ele>
			</trkpt>
			<trkpt lat="49.491844" lon="18.222569">
				<ele>1123.000000</ele>
			</trkpt>
			<trkpt lat="49.491705" lon="18.222720">
				<ele>1124.000000</ele>
			</trkpt>
			<trkpt lat="49.491647" lon="18.222793">
				<ele>1124.000000</ele>
			</trkpt>
			<trkpt lat="49.491611" lon="18.222856">
				<ele>1124.000000</ele>
			</trkpt>
			<trkpt lat="49.491582" lon="18.222936">
				<ele>1125.000000</ele>
			</trkpt>
			<trkpt lat="49.491553" lon="18.223035">
				<ele>1125.000000</ele>
			</trkpt>
			<trkpt lat="49.491179" lon="18.223368">
				<ele>1125.000000</ele>
			</trkpt>
			<trkpt lat="49.490800" lon="18.223754">
				<ele>1125.000000</ele>
			</trkpt>
			<trkpt lat="49.490625" lon="18.223970">
				<ele>1125.000000</ele>
			</trkpt>
			<trkpt lat="49.490077" lon="18.224580">
				<ele>1125.000000</ele>
			</trkpt>
			<trkpt lat="49.489750" lon="18.225003">
				<ele>1123.000000</ele>
			</trkpt>
			<trkpt lat="49.489481" lon="18.225398">
				<ele>1119.000000</ele>
			</trkpt>
			<trkpt lat="49.489237" lon="18.225785">
				<ele>1115.000000</ele>
			</trkpt>
			<trkpt lat="49.489155" lon="18.225955">
				<ele>1114.000000</ele>
			</trkpt>
			<trkpt lat="49.489032" lon="18.226332">
				<ele>1112.000000</ele>
			</trkpt>
			<trkpt lat="49.488670" lon="18.227320">
				<ele>1107.000000</ele>
			</trkpt>
			<trkpt lat="49.488052" lon="18.228911">
				<ele>1098.000000</ele>
			</trkpt>
			<trkpt lat="49.487894" lon="18.229377">
				<ele>1095.000000</ele>
			</trkpt>
			<trkpt lat="49.487784" lon="18.229727">
				<ele>1093.000000</ele>
			</trkpt>
			<trkpt lat="49.487713" lon="18.230033">
				<ele>1091.000000</ele>
			</trkpt>
			<trkpt lat="49.487661" lon="18.230303">
				<ele>1090.000000</ele>
			</trkpt>
			<trkpt lat="49.487579" lon="18.230833">
				<ele>1086.000000</ele>
			</trkpt>
			<trkpt lat="49.487538" lon="18.231192">
				<ele>1084.000000</ele>
			</trkpt>
			<trkpt lat="49.487515" lon="18.231596">
				<ele>1083.000000</ele>
			</trkpt>
			<trkpt lat="49.487503" lon="18.231991">
				<ele>1081.000000</ele>
			</trkpt>
			<trkpt lat="49.487497" lon="18.232225">
				<ele>1080.000000</ele>
			</trkpt>
			<trkpt lat="49.487474" lon="18.232431">
				<ele>1080.000000</ele>
			</trkpt>
			<trkpt lat="49.487439" lon="18.232638">
				<ele>1080.000000</ele>
			</trkpt>
			<trkpt lat="49.487387" lon="18.232962">
				<ele>1081.000000</ele>
			</trkpt>
			<trkpt lat="49.487352" lon="18.233222">
				<ele>1082.000000</ele>
			</trkpt>
			<trkpt lat="49.487346" lon="18.233473">
				<ele>1083.000000</ele>
			</trkpt>
			<trkpt lat="49.487363" lon="18.234039">
				<ele>1084.000000</ele>
			</trkpt>
			<trkpt lat="49.487387" lon="18.235557">
				<ele>1090.000000</ele>
			</trkpt>
			<trkpt lat="49.487375" lon="18.235890">
				<ele>1091.000000</ele>
			</trkpt>
			<trkpt lat="49.487357" lon="18.236178">
				<ele>1091.000000</ele>
			</trkpt>
			<trkpt lat="49.487334" lon="18.236483">
				<ele>1091.000000</ele>
			</trkpt>
			<trkpt lat="49.487287" lon="18.236744">
				<ele>1092.000000</ele>
			</trkpt>
			<trkpt lat="49.487240" lon="18.236986">
				<ele>1092.000000</ele>
			</trkpt>
			<trkpt lat="49.487177" lon="18.237220">
				<ele>1092.000000</ele>
			</trkpt>
			<trkpt lat="49.487100" lon="18.237435">
				<ele>1092.000000</ele>
			</trkpt>
			<trkpt lat="49.487013" lon="18.237597">
				<ele>1093.000000</ele>
			</trkpt>
			<trkpt lat="49.486418" lon="18.238657">
				<ele>1094.000000</ele>
			</trkpt>
			<trkpt lat="49.486056" lon="18.239312">
				<ele>1095.000000</ele>
			</trkpt>
			<trkpt lat="49.485724" lon="18.239968">
				<ele>1091.000000</ele>
			</trkpt>
			<trkpt lat="49.485350" lon="18.240733">
				<ele>1090.000000</ele>
			</trkpt>
			<trkpt lat="49.485198" lon="18.241064">
				<ele>1090.000000</ele>
			</trkpt>
			<trkpt lat="49.485111" lon="18.241298">
				<ele>1090.000000</ele>
			</trkpt>
			<trkpt lat="49.485040" lon="18.241549">
				<ele>1090.000000</ele>
			</trkpt>
			<trkpt lat="49.484988" lon="18.241836">
				<ele>1090.000000</ele>
			</trkpt>
			<trkpt lat="49.484895" lon="18.242672">
				<ele>1090.000000</ele>
			</trkpt>
			<trkpt lat="49.484848" lon="18.242978">
				<ele>1090.000000</ele>
			</trkpt>
			<trkpt lat="49.484807" lon="18.243148">
				<ele>1090.000000</ele>
			</trkpt>
			<trkpt lat="49.484761" lon="18.243274">
				<ele>1090.000000</ele>
			</trkpt>
			<trkpt lat="49.484690" lon="18.243436">
				<ele>1090.000000</ele>
			</trkpt>
			<trkpt lat="49.484632" lon="18.243553">
				<ele>1090.000000</ele>
			</trkpt>
			<trkpt lat="49.484597" lon="18.243679">
				<ele>1091.000000</ele>
			</trkpt>
			<trkpt lat="49.484562" lon="18.243813">
				<ele>1091.000000</ele>
			</trkpt>
			<trkpt lat="49.484539" lon="18.243975">
				<ele>1091.000000</ele>
			</trkpt>
			<trkpt lat="49.484515" lon="18.244155">
				<ele>1092.000000</ele>
			</trkpt>
			<trkpt lat="49.484504" lon="18.244343">
				<ele>1092.000000</ele>
			</trkpt>
			<trkpt lat="49.484509" lon="18.244541">
				<ele>1093.000000</ele>
			</trkpt>
			<trkpt lat="49.484521" lon="18.244765">
				<ele>1093.000000</ele>
			</trkpt>
			<trkpt lat="49.484527" lon="18.245071">
				<ele>1094.000000</ele>
			</trkpt>
			<trkpt lat="49.484533" lon="18.245331">
				<ele>1095.000000</ele>
			</trkpt>
			<trkpt lat="49.484504" lon="18.245591">
				<ele>1095.000000</ele>
			</trkpt>
			<trkpt lat="49.484416" lon="18.246167">
				<ele>1095.000000</ele>
			</trkpt>
			<trkpt lat="49.484340" lon="18.246599">
				<ele>1095.000000</ele>
			</trkpt>
			<trkpt lat="49.484271" lon="18.246876">
				<ele>1095.000000</ele>
			</trkpt>
			<trkpt lat="49.484159" lon="18.247236">
				<ele>1091.000000</ele>
			</trkpt>
			<trkpt lat="49.483967" lon="18.247738">
				<ele>1085.000000</ele>
			</trkpt>
			<trkpt lat="49.483687" lon="18.248467">
				<ele>1079.000000</ele>
			</trkpt>
			<trkpt lat="49.483494" lon="18.248960">
				<ele>1075.000000</ele>
			</trkpt>
			<trkpt lat="49.483313" lon="18.249473">
				<ele>1075.000000</ele>
			</trkpt>
			<trkpt lat="49.483138" lon="18.249985">
				<ele>1078.000000</ele>
			</trkpt>
			<trkpt lat="49.483062" lon="18.250272">
				<ele>1081.000000</ele>
			</trkpt>
			<trkpt lat="49.482998" lon="18.250541">
				<ele>1084.000000</ele>
			</trkpt>
			<trkpt lat="49.482974" lon="18.250802">
				<ele>1086.000000</ele>
			</trkpt>
			<trkpt lat="49.482957" lon="18.251126">
				<ele>1088.000000</ele>
			</trkpt>
			<trkpt lat="49.482957" lon="18.251449">
				<ele>1090.000000</ele>
			</trkpt>
			<trkpt lat="49.482940" lon="18.251602">
				<ele>1091.000000</ele>
			</trkpt>
			<trkpt lat="49.482911" lon="18.251763">
				<ele>1092.000000</ele>
			</trkpt>
			<trkpt lat="49.482852" lon="18.251970">
				<ele>1094.000000</ele>
			</trkpt>
			<trkpt lat="49.482724" lon="18.252365">
				<ele>1097.000000</ele>
			</trkpt>
			<trkpt lat="49.482642" lon="18.252715">
				<ele>1100.000000</ele>
			</trkpt>
			<trkpt lat="49.482590" lon="18.252949">
				<ele>1101.000000</ele>
			</trkpt>
			<trkpt lat="49.482555" lon="18.253138">
				<ele>1102.000000</ele>
			</trkpt>
			<trkpt lat="49.482531" lon="18.253317">
				<ele>1103.000000</ele>
			</trkpt>
			<trkpt lat="49.482520" lon="18.253570">
				<ele>1104.000000</ele>
			</trkpt>
			<trkpt lat="49.482514" lon="18.253677">
				<ele>1105.000000</ele>
			</trkpt>
			<trkpt lat="49.482531" lon="18.253784">
				<ele>1105.000000</ele>
			</trkpt>
			<trkpt lat="49.482555" lon="18.253910">
				<ele>1105.000000</ele>
			</trkpt>
			<trkpt lat="49.482578" lon="18.254054">
				<ele>1105.000000</ele>
			</trkpt>
			<trkpt lat="49.482665" lon="18.254333">
				<ele>1105.000000</ele>
			</trkpt>
			<trkpt lat="49.482794" lon="18.254647">
				<ele>1105.000000</ele>
			</trkpt>
			<trkpt lat="49.483004" lon="18.255141">
				<ele>1103.000000</ele>
			</trkpt>
			<trkpt lat="49.483196" lon="18.255671">
				<ele>1102.000000</ele>
			</trkpt>
			<trkpt lat="49.483249" lon="18.255797">
				<ele>1102.000000</ele>
			</trkpt>
			<trkpt lat="49.483296" lon="18.255950">
				<ele>1101.000000</ele>
			</trkpt>
			<trkpt lat="49.483430" lon="18.256390">
				<ele>1100.000000</ele>
			</trkpt>
			<trkpt lat="49.483500" lon="18.256596">
				<ele>1099.000000</ele>
			</trkpt>
			<trkpt lat="49.483535" lon="18.256740">
				<ele>1098.000000</ele>
			</trkpt>
			<trkpt lat="49.483564" lon="18.256883">
				<ele>1098.000000</ele>
			</trkpt>
			<trkpt lat="49.483634" lon="18.257352">
				<ele>1095.000000</ele>
			</trkpt>
			<trkpt lat="49.483727" lon="18.258178">
				<ele>1092.000000</ele>
			</trkpt>
			<trkpt lat="49.483803" lon="18.258950">
				<ele>1088.000000</ele>
			</trkpt>
			<trkpt lat="49.483833" lon="18.259166">
				<ele>1087.000000</ele>
			</trkpt>
			<trkpt lat="49.483885" lon="18.259390">
				<ele>1085.000000</ele>
			</trkpt>
			<trkpt lat="49.483932" lon="18.259552">
				<ele>1084.000000</ele>
			</trkpt>
			<trkpt lat="49.484008" lon="18.259723">
				<ele>1082.000000</ele>
			</trkpt>
			<trkpt lat="49.484095" lon="18.259893">
				<ele>1080.000000</ele>
			</trkpt>
			<trkpt lat="49.484189" lon="18.260055">
				<ele>1078.000000</ele>
			</trkpt>
			<trkpt lat="49.484317" lon="18.260226">
				<ele>1075.000000</ele>
			</trkpt>
			<trkpt lat="49.484509" lon="18.260495">
				<ele>1072.000000</ele>
			</trkpt>
			<trkpt lat="49.484586" lon="18.260594">
				<ele>1071.000000</ele>
			</trkpt>
			<trkpt lat="49.484621" lon="18.260648">
				<ele>1070.000000</ele>
			</trkpt>
			<trkpt lat="49.484638" lon="18.260711">
				<ele>1069.000000</ele>
			</trkpt>
			<trkpt lat="49.484638" lon="18.260774">
				<ele>1068.000000</ele>
			</trkpt>
			<trkpt lat="49.484673" lon="18.260926">
				<ele>1066.000000</ele>
			</trkpt>
			<trkpt lat="49.484725" lon="18.261015">
				<ele>1065.000000</ele>
			</trkpt>
			<trkpt lat="49.484790" lon="18.261061">
				<ele>1063.000000</ele>
			</trkpt>
			<trkpt lat="49.485029" lon="18.261214">
				<ele>1053.000000</ele>
			</trkpt>
			<trkpt lat="49.485157" lon="18.261340">
				<ele>1048.000000</ele>
			</trkpt>
			<trkpt lat="49.485221" lon="18.261411">
				<ele>1047.000000</ele>
			</trkpt>
			<trkpt lat="49.485256" lon="18.261465">
				<ele>1046.000000</ele>
			</trkpt>
			<trkpt lat="49.485292" lon="18.261520">
				<ele>1045.000000</ele>
			</trkpt>
			<trkpt lat="49.485303" lon="18.261610">
				<ele>1044.000000</ele>
			</trkpt>
			<trkpt lat="49.485402" lon="18.261627">
				<ele>1042.000000</ele>
			</trkpt>
			<trkpt lat="49.485519" lon="18.261663">
				<ele>1040.000000</ele>
			</trkpt>
			<trkpt lat="49.485636" lon="18.261744">
				<ele>1038.000000</ele>
			</trkpt>
			<trkpt lat="49.485741" lon="18.261833">
				<ele>1037.000000</ele>
			</trkpt>
			<trkpt lat="49.485881" lon="18.261933">
				<ele>1034.000000</ele>
			</trkpt>
			<trkpt lat="49.486225" lon="18.262147">
				<ele>1030.000000</ele>
			</trkpt>
			<trkpt lat="49.486342" lon="18.262229">
				<ele>1029.000000</ele>
			</trkpt>
			<trkpt lat="49.486447" lon="18.262336">
				<ele>1027.000000</ele>
			</trkpt>
			<trkpt lat="49.486534" lon="18.262436">
				<ele>1026.000000</ele>
			</trkpt>
			<trkpt lat="49.486786" lon="18.262768">
				<ele>1020.000000</ele>
			</trkpt>
			<trkpt lat="49.486879" lon="18.262876">
				<ele>1020.000000</ele>
			</trkpt>
			<trkpt lat="49.486966" lon="18.262929">
				<ele>1020.000000</ele>
			</trkpt>
			<trkpt lat="49.487078" lon="18.262965">
				<ele>1019.000000</ele>
			</trkpt>
			<trkpt lat="49.487153" lon="18.263002">
				<ele>1019.000000</ele>
			</trkpt>
			<trkpt lat="49.487253" lon="18.263046">
				<ele>1019.000000</ele>
			</trkpt>
			<trkpt lat="49.487334" lon="18.263109">
				<ele>1018.000000</ele>
			</trkpt>
			<trkpt lat="49.487404" lon="18.263181">
				<ele>1018.000000</ele>
			</trkpt>
			<trkpt lat="49.487568" lon="18.263388">
				<ele>1017.000000</ele>
			</trkpt>
			<trkpt lat="49.487637" lon="18.263459">
				<ele>1017.000000</ele>
			</trkpt>
			<trkpt lat="49.488058" lon="18.263792">
				<ele>1015.000000</ele>
			</trkpt>
			<trkpt lat="49.488332" lon="18.264007">
				<ele>1015.000000</ele>
			</trkpt>
			<trkpt lat="49.488676" lon="18.264321">
				<ele>1015.000000</ele>
			</trkpt>
			<trkpt lat="49.488816" lon="18.264466">
				<ele>1014.000000</ele>
			</trkpt>
			<trkpt lat="49.488909" lon="18.264610">
				<ele>1013.000000</ele>
			</trkpt>
			<trkpt lat="49.489050" lon="18.264636">
				<ele>1014.000000</ele>
			</trkpt>
			<trkpt lat="49.489341" lon="18.264843">
				<ele>1016.000000</ele>
			</trkpt>
			<trkpt lat="49.489494" lon="18.264950">
				<ele>1018.000000</ele>
			</trkpt>
			<trkpt lat="49.489628" lon="18.265059">
				<ele>1019.000000</ele>
			</trkpt>
			<trkpt lat="49.490153" lon="18.265382">
				<ele>1027.000000</ele>
			</trkpt>
			<trkpt lat="49.490438" lon="18.265526">
				<ele>1032.000000</ele>
			</trkpt>
			<trkpt lat="49.490596" lon="18.265615">
				<ele>1035.000000</ele>
			</trkpt>
			<trkpt lat="49.490725" lon="18.265715">
				<ele>1038.000000</ele>
			</trkpt>
			<trkpt lat="49.490777" lon="18.265715">
				<ele>1039.000000</ele>
			</trkpt>
			<trkpt lat="49.490865" lon="18.265759">
				<ele>1040.000000</ele>
			</trkpt>
			<trkpt lat="49.490911" lon="18.265795">
				<ele>1041.000000</ele>
			</trkpt>
			<trkpt lat="49.491086" lon="18.265885">
				<ele>1044.000000</ele>
			</trkpt>
			<trkpt lat="49.491203" lon="18.265975">
				<ele>1046.000000</ele>
			</trkpt>
			<trkpt lat="49.491296" lon="18.266082">
				<ele>1048.000000</ele>
			</trkpt>
			<trkpt lat="49.491629" lon="18.266478">
				<ele>1053.000000</ele>
			</trkpt>
			<trkpt lat="49.491775" lon="18.266640">
				<ele>1056.000000</ele>
			</trkpt>
			<trkpt lat="49.491857" lon="18.266730">
				<ele>1057.000000</ele>
			</trkpt>
			<trkpt lat="49.491979" lon="18.266847">
				<ele>1059.000000</ele>
			</trkpt>
			<trkpt lat="49.492101" lon="18.266936">
				<ele>1061.000000</ele>
			</trkpt>
			<trkpt lat="49.492434" lon="18.267134">
				<ele>1067.000000</ele>
			</trkpt>
			<trkpt lat="49.492533" lon="18.267197">
				<ele>1068.000000</ele>
			</trkpt>
			<trkpt lat="49.492604" lon="18.267260">
				<ele>1070.000000</ele>
			</trkpt>
			<trkpt lat="49.492685" lon="18.267331">
				<ele>1071.000000</ele>
			</trkpt>
			<trkpt lat="49.492744" lon="18.267403">
				<ele>1072.000000</ele>
			</trkpt>
			<trkpt lat="49.492796" lon="18.267493">
				<ele>1073.000000</ele>
			</trkpt>
			<trkpt lat="49.492837" lon="18.267573">
				<ele>1074.000000</ele>
			</trkpt>
			<trkpt lat="49.492860" lon="18.267636">
				<ele>1075.000000</ele>
			</trkpt>
			<trkpt lat="49.492860" lon="18.267636">
				<ele>1075.000000</ele>
			</trkpt>
			<trkpt lat="49.492872" lon="18.267673">
				<ele>1075.000000</ele>
			</trkpt>
			<trkpt lat="49.492913" lon="18.267789">
				<ele>1075.000000</ele>
			</trkpt>
			<trkpt lat="49.492936" lon="18.267906">
				<ele>1075.000000</ele>
			</trkpt>
			<trkpt lat="49.492959" lon="18.268032">
				<ele>1075.000000</ele>
			</trkpt>
			<trkpt lat="49.492965" lon="18.268166">
				<ele>1074.000000</ele>
			</trkpt>
			<trkpt lat="49.492977" lon="18.268319">
				<ele>1073.000000</ele>
			</trkpt>
			<trkpt lat="49.493000" lon="18.269424">
				<ele>1065.000000</ele>
			</trkpt>
			<trkpt lat="49.493017" lon="18.270197">
				<ele>1061.000000</ele>
			</trkpt>
			<trkpt lat="49.493035" lon="18.270772">
				<ele>1060.000000</ele>
			</trkpt>
			<trkpt lat="49.493058" lon="18.271221">
				<ele>1060.000000</ele>
			</trkpt>
			<trkpt lat="49.493088" lon="18.271697">
				<ele>1060.000000</ele>
			</trkpt>
			<trkpt lat="49.493140" lon="18.272181">
				<ele>1060.000000</ele>
			</trkpt>
			<trkpt lat="49.493204" lon="18.272686">
				<ele>1060.000000</ele>
			</trkpt>
			<trkpt lat="49.493292" lon="18.273215">
				<ele>1060.000000</ele>
			</trkpt>
			<trkpt lat="49.493385" lon="18.273692">
				<ele>1060.000000</ele>
			</trkpt>
			<trkpt lat="49.493467" lon="18.274185">
				<ele>1063.000000</ele>
			</trkpt>
			<trkpt lat="49.493526" lon="18.274437">
				<ele>1065.000000</ele>
			</trkpt>
			<trkpt lat="49.493607" lon="18.274760">
				<ele>1068.000000</ele>
			</trkpt>
			<trkpt lat="49.493648" lon="18.274860">
				<ele>1069.000000</ele>
			</trkpt>
			<trkpt lat="49.493718" lon="18.275011">
				<ele>1071.000000</ele>
			</trkpt>
			<trkpt lat="49.493904" lon="18.275371">
				<ele>1076.000000</ele>
			</trkpt>
			<trkpt lat="49.493980" lon="18.275523">
				<ele>1078.000000</ele>
			</trkpt>
			<trkpt lat="49.494039" lon="18.275686">
				<ele>1080.000000</ele>
			</trkpt>
			<trkpt lat="49.494073" lon="18.275812">
				<ele>1080.000000</ele>
			</trkpt>
			<trkpt lat="49.494068" lon="18.275865">
				<ele>1080.000000</ele>
			</trkpt>
			<trkpt lat="49.494068" lon="18.275892">
				<ele>1080.000000</ele>
			</trkpt>
			<trkpt lat="49.493695" lon="18.276476">
				<ele>1071.000000</ele>
			</trkpt>
			<trkpt lat="49.493496" lon="18.276808">
				<ele>1064.000000</ele>
			</trkpt>
			<trkpt lat="49.493397" lon="18.276971">
				<ele>1061.000000</ele>
			</trkpt>
			<trkpt lat="49.493315" lon="18.277150">
				<ele>1059.000000</ele>
			</trkpt>
			<trkpt lat="49.493064" lon="18.277734">
				<ele>1050.000000</ele>
			</trkpt>
			<trkpt lat="49.492901" lon="18.278137">
				<ele>1045.000000</ele>
			</trkpt>
			<trkpt lat="49.492773" lon="18.278470">
				<ele>1040.000000</ele>
			</trkpt>
			<trkpt lat="49.492673" lon="18.278766">
				<ele>1037.000000</ele>
			</trkpt>
			<trkpt lat="49.492591" lon="18.279099">
				<ele>1033.000000</ele>
			</trkpt>
			<trkpt lat="49.492516" lon="18.279458">
				<ele>1030.000000</ele>
			</trkpt>
			<trkpt lat="49.492429" lon="18.280150">
				<ele>1025.000000</ele>
			</trkpt>
			<trkpt lat="49.492376" lon="18.280447">
				<ele>1023.000000</ele>
			</trkpt>
			<trkpt lat="49.492341" lon="18.280608">
				<ele>1022.000000</ele>
			</trkpt>
			<trkpt lat="49.492335" lon="18.280815">
				<ele>1021.000000</ele>
			</trkpt>
			<trkpt lat="49.492341" lon="18.281686">
				<ele>1015.000000</ele>
			</trkpt>
			<trkpt lat="49.492323" lon="18.282324">
				<ele>1011.000000</ele>
			</trkpt>
			<trkpt lat="49.492317" lon="18.283141">
				<ele>1010.000000</ele>
			</trkpt>
			<trkpt lat="49.492347" lon="18.283942">
				<ele>1010.000000</ele>
			</trkpt>
			<trkpt lat="49.492347" lon="18.284219">
				<ele>1010.000000</ele>
			</trkpt>
			<trkpt lat="49.492341" lon="18.284479">
				<ele>1010.000000</ele>
			</trkpt>
			<trkpt lat="49.492254" lon="18.285334">
				<ele>1011.000000</ele>
			</trkpt>
			<trkpt lat="49.492235" lon="18.285576">
				<ele>1013.000000</ele>
			</trkpt>
			<trkpt lat="49.492241" lon="18.285800">
				<ele>1014.000000</ele>
			</trkpt>
			<trkpt lat="49.492259" lon="18.286034">
				<ele>1015.000000</ele>
			</trkpt>
			<trkpt lat="49.492323" lon="18.286412">
				<ele>1017.000000</ele>
			</trkpt>
			<trkpt lat="49.492358" lon="18.286690">
				<ele>1019.000000</ele>
			</trkpt>
			<trkpt lat="49.492370" lon="18.286915">
				<ele>1021.000000</ele>
			</trkpt>
			<trkpt lat="49.492364" lon="18.287158">
				<ele>1023.000000</ele>
			</trkpt>
			<trkpt lat="49.492370" lon="18.287301">
				<ele>1024.000000</ele>
			</trkpt>
			<trkpt lat="49.492382" lon="18.287435">
				<ele>1025.000000</ele>
			</trkpt>
			<trkpt lat="49.492399" lon="18.287552">
				<ele>1025.000000</ele>
			</trkpt>
			<trkpt lat="49.492422" lon="18.287651">
				<ele>1026.000000</ele>
			</trkpt>
			<trkpt lat="49.492510" lon="18.287903">
				<ele>1028.000000</ele>
			</trkpt>
			<trkpt lat="49.492528" lon="18.288001">
				<ele>1028.000000</ele>
			</trkpt>
			<trkpt lat="49.492533" lon="18.288074">
				<ele>1028.000000</ele>
			</trkpt>
			<trkpt lat="49.492533" lon="18.288154">
				<ele>1029.000000</ele>
			</trkpt>
			<trkpt lat="49.492516" lon="18.288208">
				<ele>1029.000000</ele>
			</trkpt>
			<trkpt lat="49.492475" lon="18.288289">
				<ele>1030.000000</ele>
			</trkpt>
			<trkpt lat="49.492440" lon="18.288343">
				<ele>1030.000000</ele>
			</trkpt>
			<trkpt lat="49.492306" lon="18.288496">
				<ele>1031.000000</ele>
			</trkpt>
			<trkpt lat="49.492230" lon="18.288613">
				<ele>1031.000000</ele>
			</trkpt>
			<trkpt lat="49.492172" lon="18.288747">
				<ele>1031.000000</ele>
			</trkpt>
			<trkpt lat="49.492125" lon="18.288909">
				<ele>1032.000000</ele>
			</trkpt>
			<trkpt lat="49.492113" lon="18.288980">
				<ele>1032.000000</ele>
			</trkpt>
			<trkpt lat="49.491921" lon="18.290014">
				<ele>1034.000000</ele>
			</trkpt>
			<trkpt lat="49.491553" lon="18.292142">
				<ele>1040.000000</ele>
			</trkpt>
			<trkpt lat="49.491366" lon="18.293131">
				<ele>1051.000000</ele>
			</trkpt>
			<trkpt lat="49.491116" lon="18.294299">
				<ele>1068.000000</ele>
			</trkpt>
			<trkpt lat="49.491022" lon="18.294748">
				<ele>1075.000000</ele>
			</trkpt>
			<trkpt lat="49.490941" lon="18.295188">
				<ele>1085.000000</ele>
			</trkpt>
			<trkpt lat="49.490701" lon="18.296634">
				<ele>1112.000000</ele>
			</trkpt>
			<trkpt lat="49.490619" lon="18.297102">
				<ele>1123.000000</ele>
			</trkpt>
			<trkpt lat="49.490544" lon="18.297406">
				<ele>1129.000000</ele>
			</trkpt>
			<trkpt lat="49.490281" lon="18.298404">
				<ele>1156.000000</ele>
			</trkpt>
			<trkpt lat="49.490205" lon="18.298710">
				<ele>1164.000000</ele>
			</trkpt>
			<trkpt lat="49.490164" lon="18.299014">
				<ele>1171.000000</ele>
			</trkpt>
			<trkpt lat="49.490135" lon="18.299303">
				<ele>1177.000000</ele>
			</trkpt>
			<trkpt lat="49.490135" lon="18.299635">
				<ele>1185.000000</ele>
			</trkpt>
			<trkpt lat="49.490135" lon="18.299949">
				<ele>1189.000000</ele>
			</trkpt>
			<trkpt lat="49.490123" lon="18.300156">
				<ele>1192.000000</ele>
			</trkpt>
			<trkpt lat="49.490100" lon="18.300362">
				<ele>1194.000000</ele>
			</trkpt>
			<trkpt lat="49.490047" lon="18.300605">
				<ele>1197.000000</ele>
			</trkpt>
			<trkpt lat="49.490006" lon="18.300758">
				<ele>1199.000000</ele>
			</trkpt>
			<trkpt lat="49.489948" lon="18.300919">
				<ele>1201.000000</ele>
			</trkpt>
			<trkpt lat="49.489890" lon="18.301072">
				<ele>1203.000000</ele>
			</trkpt>
			<trkpt lat="49.489820" lon="18.301198">
				<ele>1204.000000</ele>
			</trkpt>
			<trkpt lat="49.489744" lon="18.301324">
				<ele>1205.000000</ele>
			</trkpt>
			<trkpt lat="49.489662" lon="18.301422">
				<ele>1205.000000</ele>
			</trkpt>
			<trkpt lat="49.489394" lon="18.301737">
				<ele>1205.000000</ele>
			</trkpt>
			<trkpt lat="49.489937" lon="18.301790">
				<ele>1200.000000</ele>
			</trkpt>
			<trkpt lat="49.490100" lon="18.301827">
				<ele>1197.000000</ele>
			</trkpt>
			<trkpt lat="49.490252" lon="18.301863">
				<ele>1194.000000</ele>
			</trkpt>
			<trkpt lat="49.490643" lon="18.301987">
				<ele>1184.000000</ele>
			</trkpt>
			<trkpt lat="49.491285" lon="18.302266">
				<ele>1170.000000</ele>
			</trkpt>
			<trkpt lat="49.491863" lon="18.302456">
				<ele>1163.000000</ele>
			</trkpt>
			<trkpt lat="49.492084" lon="18.302545">
				<ele>1161.000000</ele>
			</trkpt>
			<trkpt lat="49.492265" lon="18.302635">
				<ele>1158.000000</ele>
			</trkpt>
			<trkpt lat="49.492405" lon="18.302743">
				<ele>1156.000000</ele>
			</trkpt>
			<trkpt lat="49.492656" lon="18.302976">
				<ele>1151.000000</ele>
			</trkpt>
			<trkpt lat="49.492848" lon="18.303174">
				<ele>1148.000000</ele>
			</trkpt>
			<trkpt lat="49.493129" lon="18.303471">
				<ele>1145.000000</ele>
			</trkpt>
			<trkpt lat="49.493782" lon="18.304207">
				<ele>1145.000000</ele>
			</trkpt>
			<trkpt lat="49.493969" lon="18.304467">
				<ele>1145.000000</ele>
			</trkpt>
			<trkpt lat="49.494045" lon="18.304566">
				<ele>1145.000000</ele>
			</trkpt>
			<trkpt lat="49.494114" lon="18.304603">
				<ele>1145.000000</ele>
			</trkpt>
			<trkpt lat="49.494284" lon="18.304638">
				<ele>1145.000000</ele>
			</trkpt>
			<trkpt lat="49.494435" lon="18.304666">
				<ele>1145.000000</ele>
			</trkpt>
			<trkpt lat="49.495066" lon="18.304647">
				<ele>1141.000000</ele>
			</trkpt>
			<trkpt lat="49.495211" lon="18.304656">
				<ele>1139.000000</ele>
			</trkpt>
			<trkpt lat="49.495381" lon="18.304727">
				<ele>1136.000000</ele>
			</trkpt>
			<trkpt lat="49.495533" lon="18.304817">
				<ele>1135.000000</ele>
			</trkpt>
			<trkpt lat="49.495673" lon="18.304935">
				<ele>1134.000000</ele>
			</trkpt>
			<trkpt lat="49.495812" lon="18.305087">
				<ele>1133.000000</ele>
			</trkpt>
			<trkpt lat="49.495947" lon="18.305276">
				<ele>1133.000000</ele>
			</trkpt>
			<trkpt lat="49.496058" lon="18.305473">
				<ele>1132.000000</ele>
			</trkpt>
			<trkpt lat="49.496168" lon="18.305716">
				<ele>1131.000000</ele>
			</trkpt>
			<trkpt lat="49.496244" lon="18.305914">
				<ele>1131.000000</ele>
			</trkpt>
			<trkpt lat="49.496320" lon="18.306165">
				<ele>1130.000000</ele>
			</trkpt>
			<trkpt lat="49.496373" lon="18.306425">
				<ele>1127.000000</ele>
			</trkpt>
			<trkpt lat="49.496431" lon="18.306731">
				<ele>1125.000000</ele>
			</trkpt>
			<trkpt lat="49.496460" lon="18.306991">
				<ele>1120.000000</ele>
			</trkpt>
			<trkpt lat="49.496483" lon="18.307316">
				<ele>1115.000000</ele>
			</trkpt>
			<trkpt lat="49.496536" lon="18.308419">
				<ele>1108.000000</ele>
			</trkpt>
			<trkpt lat="49.496548" lon="18.308851">
				<ele>1105.000000</ele>
			</trkpt>
			<trkpt lat="49.496565" lon="18.308959">
				<ele>1105.000000</ele>
			</trkpt>
			<trkpt lat="49.496577" lon="18.309048">
				<ele>1105.000000</ele>
			</trkpt>
			<trkpt lat="49.496612" lon="18.309148">
				<ele>1105.000000</ele>
			</trkpt>
			<trkpt lat="49.496652" lon="18.309220">
				<ele>1105.000000</ele>
			</trkpt>
			<trkpt lat="49.496705" lon="18.309274">
				<ele>1105.000000</ele>
			</trkpt>
			<trkpt lat="49.496775" lon="18.309345">
				<ele>1105.000000</ele>
			</trkpt>
			<trkpt lat="49.496874" lon="18.309427">
				<ele>1105.000000</ele>
			</trkpt>
			<trkpt lat="49.497429" lon="18.309794">
				<ele>1105.000000</ele>
			</trkpt>
			<trkpt lat="49.498152" lon="18.310306">
				<ele>1097.000000</ele>
			</trkpt>
			<trkpt lat="49.498152" lon="18.310306">
				<ele>1097.000000</ele>
			</trkpt>
			<trkpt lat="49.498251" lon="18.310379">
				<ele>1096.000000</ele>
			</trkpt>
			<trkpt lat="49.498438" lon="18.310495">
				<ele>1094.000000</ele>
			</trkpt>
			<trkpt lat="49.498624" lon="18.310567">
				<ele>1093.000000</ele>
			</trkpt>
			<trkpt lat="49.498799" lon="18.310622">
				<ele>1092.000000</ele>
			</trkpt>
			<trkpt lat="49.499086" lon="18.310639">
				<ele>1090.000000</ele>
			</trkpt>
			<trkpt lat="49.499465" lon="18.310675">
				<ele>1086.000000</ele>
			</trkpt>
			<trkpt lat="49.499885" lon="18.310719">
				<ele>1082.000000</ele>
			</trkpt>
			<trkpt lat="49.500212" lon="18.310773">
				<ele>1078.000000</ele>
			</trkpt>
			<trkpt lat="49.500369" lon="18.310782">
				<ele>1076.000000</ele>
			</trkpt>
			<trkpt lat="49.500544" lon="18.310746">
				<ele>1073.000000</ele>
			</trkpt>
			<trkpt lat="49.500713" lon="18.310693">
				<ele>1070.000000</ele>
			</trkpt>
			<trkpt lat="49.500836" lon="18.310630">
				<ele>1069.000000</ele>
			</trkpt>
			<trkpt lat="49.501063" lon="18.310513">
				<ele>1066.000000</ele>
			</trkpt>
			<trkpt lat="49.501256" lon="18.310396">
				<ele>1064.000000</ele>
			</trkpt>
			<trkpt lat="49.501402" lon="18.310280">
				<ele>1063.000000</ele>
			</trkpt>
			<trkpt lat="49.501530" lon="18.310153">
				<ele>1062.000000</ele>
			</trkpt>
			<trkpt lat="49.501670" lon="18.309974">
				<ele>1060.000000</ele>
			</trkpt>
			<trkpt lat="49.501763" lon="18.309813">
				<ele>1059.000000</ele>
			</trkpt>
			<trkpt lat="49.501845" lon="18.309660">
				<ele>1057.000000</ele>
			</trkpt>
			<trkpt lat="49.501921" lon="18.309507">
				<ele>1055.000000</ele>
			</trkpt>
			<trkpt lat="49.502014" lon="18.309220">
				<ele>1055.000000</ele>
			</trkpt>
			<trkpt lat="49.502090" lon="18.309201">
				<ele>1055.000000</ele>
			</trkpt>
			<trkpt lat="49.502172" lon="18.309193">
				<ele>1055.000000</ele>
			</trkpt>
			<trkpt lat="49.502370" lon="18.309220">
				<ele>1055.000000</ele>
			</trkpt>
			<trkpt lat="49.502539" lon="18.309264">
				<ele>1055.000000</ele>
			</trkpt>
			<trkpt lat="49.502673" lon="18.309337">
				<ele>1055.000000</ele>
			</trkpt>
			<trkpt lat="49.502848" lon="18.309427">
				<ele>1054.000000</ele>
			</trkpt>
			<trkpt lat="49.502977" lon="18.309327">
				<ele>1053.000000</ele>
			</trkpt>
			<trkpt lat="49.503379" lon="18.309354">
				<ele>1047.000000</ele>
			</trkpt>
			<trkpt lat="49.503846" lon="18.309354">
				<ele>1038.000000</ele>
			</trkpt>
			<trkpt lat="49.504289" lon="18.309364">
				<ele>1029.000000</ele>
			</trkpt>
			<trkpt lat="49.504476" lon="18.309354">
				<ele>1026.000000</ele>
			</trkpt>
			<trkpt lat="49.504628" lon="18.309381">
				<ele>1024.000000</ele>
			</trkpt>
			<trkpt lat="49.504779" lon="18.309435">
				<ele>1019.000000</ele>
			</trkpt>
			<trkpt lat="49.504978" lon="18.309516">
				<ele>1013.000000</ele>
			</trkpt>
			<trkpt lat="49.505188" lon="18.309624">
				<ele>1007.000000</ele>
			</trkpt>
			<trkpt lat="49.505579" lon="18.309884">
				<ele>995.000000</ele>
			</trkpt>
			<trkpt lat="49.505777" lon="18.309983">
				<ele>990.000000</ele>
			</trkpt>
			<trkpt lat="49.505940" lon="18.310064">
				<ele>986.000000</ele>
			</trkpt>
			<trkpt lat="49.506074" lon="18.310153">
				<ele>983.000000</ele>
			</trkpt>
			<trkpt lat="49.506191" lon="18.310280">
				<ele>980.000000</ele>
			</trkpt>
			<trkpt lat="49.506337" lon="18.310469">
				<ele>977.000000</ele>
			</trkpt>
			<trkpt lat="49.506774" lon="18.311142">
				<ele>969.000000</ele>
			</trkpt>
			<trkpt lat="49.507189" lon="18.311079">
				<ele>965.000000</ele>
			</trkpt>
			<trkpt lat="49.507364" lon="18.311069">
				<ele>963.000000</ele>
			</trkpt>
			<trkpt lat="49.507544" lon="18.311088">
				<ele>961.000000</ele>
			</trkpt>
			<trkpt lat="49.507813" lon="18.311106">
				<ele>958.000000</ele>
			</trkpt>
			<trkpt lat="49.507999" lon="18.311159">
				<ele>956.000000</ele>
			</trkpt>
			<trkpt lat="49.508250" lon="18.311268">
				<ele>953.000000</ele>
			</trkpt>
			<trkpt lat="49.508443" lon="18.311394">
				<ele>951.000000</ele>
			</trkpt>
			<trkpt lat="49.508699" lon="18.311546">
				<ele>948.000000</ele>
			</trkpt>
			<trkpt lat="49.509294" lon="18.311851">
				<ele>941.000000</ele>
			</trkpt>
			<trkpt lat="49.509522" lon="18.311995">
				<ele>939.000000</ele>
			</trkpt>
			<trkpt lat="49.509750" lon="18.312157">
				<ele>936.000000</ele>
			</trkpt>
			<trkpt lat="49.510018" lon="18.312354">
				<ele>931.000000</ele>
			</trkpt>
			<trkpt lat="49.510904" lon="18.313109">
				<ele>920.000000</ele>
			</trkpt>
			<trkpt lat="49.511307" lon="18.313442">
				<ele>917.000000</ele>
			</trkpt>
			<trkpt lat="49.511458" lon="18.313559">
				<ele>915.000000</ele>
			</trkpt>
			<trkpt lat="49.511633" lon="18.313658">
				<ele>914.000000</ele>
			</trkpt>
			<trkpt lat="49.511832" lon="18.313748">
				<ele>911.000000</ele>
			</trkpt>
			<trkpt lat="49.512205" lon="18.313918">
				<ele>907.000000</ele>
			</trkpt>
			<trkpt lat="49.512398" lon="18.313998">
				<ele>905.000000</ele>
			</trkpt>
			<trkpt lat="49.512567" lon="18.314107">
				<ele>903.000000</ele>
			</trkpt>
			<trkpt lat="49.512759" lon="18.314232">
				<ele>901.000000</ele>
			</trkpt>
			<trkpt lat="49.513261" lon="18.314618">
				<ele>894.000000</ele>
			</trkpt>
			<trkpt lat="49.513412" lon="18.314744">
				<ele>892.000000</ele>
			</trkpt>
			<trkpt lat="49.513552" lon="18.314880">
				<ele>890.000000</ele>
			</trkpt>
			<trkpt lat="49.513680" lon="18.315040">
				<ele>888.000000</ele>
			</trkpt>
			<trkpt lat="49.513786" lon="18.315167">
				<ele>887.000000</ele>
			</trkpt>
			<trkpt lat="49.513890" lon="18.315327">
				<ele>885.000000</ele>
			</trkpt>
			<trkpt lat="49.513984" lon="18.315517">
				<ele>883.000000</ele>
			</trkpt>
			<trkpt lat="49.514042" lon="18.315625">
				<ele>882.000000</ele>
			</trkpt>
			<trkpt lat="49.514095" lon="18.315759">
				<ele>881.000000</ele>
			</trkpt>
			<trkpt lat="49.514124" lon="18.315885">
				<ele>880.000000</ele>
			</trkpt>
			<trkpt lat="49.514141" lon="18.316011">
				<ele>879.000000</ele>
			</trkpt>
			<trkpt lat="49.514136" lon="18.316136">
				<ele>878.000000</ele>
			</trkpt>
			<trkpt lat="49.514136" lon="18.316136">
				<ele>878.000000</ele>
			</trkpt>
			<trkpt lat="49.514136" lon="18.316172">
				<ele>877.000000</ele>
			</trkpt>
			<trkpt lat="49.514124" lon="18.316298">
				<ele>876.000000</ele>
			</trkpt>
			<trkpt lat="49.514095" lon="18.316415">
				<ele>875.000000</ele>
			</trkpt>
			<trkpt lat="49.514060" lon="18.316532">
				<ele>874.000000</ele>
			</trkpt>
			<trkpt lat="49.514024" lon="18.316622">
				<ele>874.000000</ele>
			</trkpt>
			<trkpt lat="49.513967" lon="18.316738">
				<ele>873.000000</ele>
			</trkpt>
			<trkpt lat="49.513908" lon="18.316838">
				<ele>872.000000</ele>
			</trkpt>
			<trkpt lat="49.513827" lon="18.316927">
				<ele>871.000000</ele>
			</trkpt>
			<trkpt lat="49.512450" lon="18.318543">
				<ele>850.000000</ele>
			</trkpt>
			<trkpt lat="49.512409" lon="18.318616">
				<ele>850.000000</ele>
			</trkpt>
			<trkpt lat="49.512398" lon="18.318669">
				<ele>849.000000</ele>
			</trkpt>
			<trkpt lat="49.512398" lon="18.318723">
				<ele>849.000000</ele>
			</trkpt>
			<trkpt lat="49.512403" lon="18.318805">
				<ele>848.000000</ele>
			</trkpt>
			<trkpt lat="49.512450" lon="18.319075">
				<ele>846.000000</ele>
			</trkpt>
			<trkpt lat="49.512479" lon="18.319325">
				<ele>845.000000</ele>
			</trkpt>
			<trkpt lat="49.512537" lon="18.320151">
				<ele>838.000000</ele>
			</trkpt>
			<trkpt lat="49.512567" lon="18.320601">
				<ele>835.000000</ele>
			</trkpt>
			<trkpt lat="49.512613" lon="18.320889">
				<ele>832.000000</ele>
			</trkpt>
			<trkpt lat="49.512660" lon="18.321203">
				<ele>830.000000</ele>
			</trkpt>
			<trkpt lat="49.512677" lon="18.321482">
				<ele>827.000000</ele>
			</trkpt>
			<trkpt lat="49.512695" lon="18.321742">
				<ele>825.000000</ele>
			</trkpt>
			<trkpt lat="49.512707" lon="18.322380">
				<ele>820.000000</ele>
			</trkpt>
			<trkpt lat="49.512718" lon="18.322685">
				<ele>818.000000</ele>
			</trkpt>
			<trkpt lat="49.512701" lon="18.322864">
				<ele>816.000000</ele>
			</trkpt>
			<trkpt lat="49.512683" lon="18.322946">
				<ele>816.000000</ele>
			</trkpt>
			<trkpt lat="49.512654" lon="18.323027">
				<ele>815.000000</ele>
			</trkpt>
			<trkpt lat="49.512573" lon="18.323216">
				<ele>813.000000</ele>
			</trkpt>
			<trkpt lat="49.512526" lon="18.323287">
				<ele>812.000000</ele>
			</trkpt>
			<trkpt lat="49.512450" lon="18.323396">
				<ele>811.000000</ele>
			</trkpt>
			<trkpt lat="49.512368" lon="18.323476">
				<ele>809.000000</ele>
			</trkpt>
			<trkpt lat="49.512286" lon="18.323520">
				<ele>808.000000</ele>
			</trkpt>
			<trkpt lat="49.512188" lon="18.323556">
				<ele>807.000000</ele>
			</trkpt>
			<trkpt lat="49.512094" lon="18.323566">
				<ele>806.000000</ele>
			</trkpt>
			<trkpt lat="49.511989" lon="18.323556">
				<ele>805.000000</ele>
			</trkpt>
			<trkpt lat="49.511890" lon="18.323520">
				<ele>803.000000</ele>
			</trkpt>
			<trkpt lat="49.511785" lon="18.323457">
				<ele>802.000000</ele>
			</trkpt>
			<trkpt lat="49.511225" lon="18.323117">
				<ele>792.000000</ele>
			</trkpt>
			<trkpt lat="49.510653" lon="18.322793">
				<ele>785.000000</ele>
			</trkpt>
			<trkpt lat="49.510566" lon="18.322748">
				<ele>784.000000</ele>
			</trkpt>
			<trkpt lat="49.510472" lon="18.322721">
				<ele>783.000000</ele>
			</trkpt>
			<trkpt lat="49.510373" lon="18.322704">
				<ele>782.000000</ele>
			</trkpt>
			<trkpt lat="49.510303" lon="18.322694">
				<ele>781.000000</ele>
			</trkpt>
			<trkpt lat="49.510222" lon="18.322704">
				<ele>780.000000</ele>
			</trkpt>
			<trkpt lat="49.510152" lon="18.322730">
				<ele>779.000000</ele>
			</trkpt>
			<trkpt lat="49.510088" lon="18.322767">
				<ele>778.000000</ele>
			</trkpt>
			<trkpt lat="49.510023" lon="18.322820">
				<ele>776.000000</ele>
			</trkpt>
			<trkpt lat="49.510023" lon="18.322830">
				<ele>776.000000</ele>
			</trkpt>
			<trkpt lat="49.509889" lon="18.323027">
				<ele>773.000000</ele>
			</trkpt>
			<trkpt lat="49.509767" lon="18.323269">
				<ele>770.000000</ele>
			</trkpt>
			<trkpt lat="49.509720" lon="18.323377">
				<ele>769.000000</ele>
			</trkpt>
			<trkpt lat="49.509668" lon="18.323457">
				<ele>768.000000</ele>
			</trkpt>
			<trkpt lat="49.509615" lon="18.323520">
				<ele>767.000000</ele>
			</trkpt>
			<trkpt lat="49.509551" lon="18.323575">
				<ele>766.000000</ele>
			</trkpt>
			<trkpt lat="49.509487" lon="18.323610">
				<ele>765.000000</ele>
			</trkpt>
			<trkpt lat="49.509405" lon="18.323646">
				<ele>764.000000</ele>
			</trkpt>
			<trkpt lat="49.509225" lon="18.323692">
				<ele>761.000000</ele>
			</trkpt>
			<trkpt lat="49.508927" lon="18.323709">
				<ele>757.000000</ele>
			</trkpt>
			<trkpt lat="49.508746" lon="18.323727">
				<ele>755.000000</ele>
			</trkpt>
			<trkpt lat="49.508577" lon="18.323719">
				<ele>753.000000</ele>
			</trkpt>
			<trkpt lat="49.508402" lon="18.323692">
				<ele>750.000000</ele>
			</trkpt>
			<trkpt lat="49.507906" lon="18.323556">
				<ele>744.000000</ele>
			</trkpt>
			<trkpt lat="49.507755" lon="18.323503">
				<ele>741.000000</ele>
			</trkpt>
			<trkpt lat="49.507621" lon="18.323430">
				<ele>739.000000</ele>
			</trkpt>
			<trkpt lat="49.507480" lon="18.323350">
				<ele>736.000000</ele>
			</trkpt>
			<trkpt lat="49.507364" lon="18.323243">
				<ele>734.000000</ele>
			</trkpt>
			<trkpt lat="49.507252" lon="18.323126">
				<ele>733.000000</ele>
			</trkpt>
			<trkpt lat="49.507136" lon="18.322981">
				<ele>732.000000</ele>
			</trkpt>
			<trkpt lat="49.506845" lon="18.322587">
				<ele>727.000000</ele>
			</trkpt>
			<trkpt lat="49.506599" lon="18.322308">
				<ele>721.000000</ele>
			</trkpt>
			<trkpt lat="49.506570" lon="18.322281">
				<ele>721.000000</ele>
			</trkpt>
			<trkpt lat="49.506535" lon="18.322281">
				<ele>720.000000</ele>
			</trkpt>
			<trkpt lat="49.506512" lon="18.322299">
				<ele>720.000000</ele>
			</trkpt>
			<trkpt lat="49.506483" lon="18.322354">
				<ele>719.000000</ele>
			</trkpt>
			<trkpt lat="49.506454" lon="18.322434">
				<ele>718.000000</ele>
			</trkpt>
			<trkpt lat="49.506430" lon="18.322551">
				<ele>717.000000</ele>
			</trkpt>
			<trkpt lat="49.506424" lon="18.322658">
				<ele>715.000000</ele>
			</trkpt>
			<trkpt lat="49.506430" lon="18.322767">
				<ele>714.000000</ele>
			</trkpt>
			<trkpt lat="49.506442" lon="18.322847">
				<ele>713.000000</ele>
			</trkpt>
			<trkpt lat="49.506605" lon="18.323665">
				<ele>705.000000</ele>
			</trkpt>
			<trkpt lat="49.506675" lon="18.323996">
				<ele>702.000000</ele>
			</trkpt>
			<trkpt lat="49.506751" lon="18.324266">
				<ele>699.000000</ele>
			</trkpt>
			<trkpt lat="49.506833" lon="18.324535">
				<ele>696.000000</ele>
			</trkpt>
			<trkpt lat="49.506908" lon="18.324751">
				<ele>694.000000</ele>
			</trkpt>
			<trkpt lat="49.506996" lon="18.325004">
				<ele>692.000000</ele>
			</trkpt>
			<trkpt lat="49.507089" lon="18.325201">
				<ele>690.000000</ele>
			</trkpt>
			<trkpt lat="49.507177" lon="18.325344">
				<ele>689.000000</ele>
			</trkpt>
			<trkpt lat="49.507252" lon="18.325480">
				<ele>687.000000</ele>
			</trkpt>
			<trkpt lat="49.507340" lon="18.325596">
				<ele>686.000000</ele>
			</trkpt>
			<trkpt lat="49.507440" lon="18.325713">
				<ele>684.000000</ele>
			</trkpt>
			<trkpt lat="49.507655" lon="18.325929">
				<ele>680.000000</ele>
			</trkpt>
			<trkpt lat="49.508075" lon="18.326287">
				<ele>673.000000</ele>
			</trkpt>
			<trkpt lat="49.508367" lon="18.326548">
				<ele>669.000000</ele>
			</trkpt>
			<trkpt lat="49.508921" lon="18.326988">
				<ele>661.000000</ele>
			</trkpt>
			<trkpt lat="49.509073" lon="18.327122">
				<ele>659.000000</ele>
			</trkpt>
			<trkpt lat="49.509195" lon="18.327239">
				<ele>657.000000</ele>
			</trkpt>
			<trkpt lat="49.509341" lon="18.327401">
				<ele>656.000000</ele>
			</trkpt>
			<trkpt lat="49.509499" lon="18.327591">
				<ele>653.000000</ele>
			</trkpt>
			<trkpt lat="49.509650" lon="18.327824">
				<ele>649.000000</ele>
			</trkpt>
			<trkpt lat="49.509778" lon="18.328040">
				<ele>646.000000</ele>
			</trkpt>
			<trkpt lat="49.510047" lon="18.328489">
				<ele>639.000000</ele>
			</trkpt>
			<trkpt lat="49.510193" lon="18.328757">
				<ele>635.000000</ele>
			</trkpt>
			<trkpt lat="49.510414" lon="18.329199">
				<ele>631.000000</ele>
			</trkpt>
			<trkpt lat="49.510461" lon="18.329323">
				<ele>629.000000</ele>
			</trkpt>
			<trkpt lat="49.510496" lon="18.329441">
				<ele>628.000000</ele>
			</trkpt>
			<trkpt lat="49.510513" lon="18.329549">
				<ele>627.000000</ele>
			</trkpt>
			<trkpt lat="49.510519" lon="18.329665">
				<ele>627.000000</ele>
			</trkpt>
			<trkpt lat="49.510496" lon="18.329782">
				<ele>626.000000</ele>
			</trkpt>
			<trkpt lat="49.510467" lon="18.329908">
				<ele>624.000000</ele>
			</trkpt>
			<trkpt lat="49.510444" lon="18.329988">
				<ele>624.000000</ele>
			</trkpt>
			<trkpt lat="49.510444" lon="18.330124">
				<ele>622.000000</ele>
			</trkpt>
			<trkpt lat="49.510449" lon="18.330241">
				<ele>621.000000</ele>
			</trkpt>
			<trkpt lat="49.510461" lon="18.330348">
				<ele>620.000000</ele>
			</trkpt>
			<trkpt lat="49.510496" lon="18.330438">
				<ele>620.000000</ele>
			</trkpt>
			<trkpt lat="49.510537" lon="18.330518">
				<ele>619.000000</ele>
			</trkpt>
			<trkpt lat="49.510589" lon="18.330608">
				<ele>619.000000</ele>
			</trkpt>
			<trkpt lat="49.510642" lon="18.330654">
				<ele>618.000000</ele>
			</trkpt>
			<trkpt lat="49.510688" lon="18.330654">
				<ele>618.000000</ele>
			</trkpt>
			<trkpt lat="49.510776" lon="18.330644">
				<ele>617.000000</ele>
			</trkpt>
			<trkpt lat="49.510805" lon="18.330627">
				<ele>617.000000</ele>
			</trkpt>
			<trkpt lat="49.510835" lon="18.330581">
				<ele>617.000000</ele>
			</trkpt>
			<trkpt lat="49.510840" lon="18.330545">
				<ele>616.000000</ele>
			</trkpt>
			<trkpt lat="49.510852" lon="18.330474">
				<ele>616.000000</ele>
			</trkpt>
			<trkpt lat="49.510852" lon="18.330321">
				<ele>615.000000</ele>
			</trkpt>
			<trkpt lat="49.510816" lon="18.330124">
				<ele>614.000000</ele>
			</trkpt>
			<trkpt lat="49.510805" lon="18.330015">
				<ele>614.000000</ele>
			</trkpt>
			<trkpt lat="49.510799" lon="18.329862">
				<ele>613.000000</ele>
			</trkpt>
			<trkpt lat="49.510794" lon="18.329180">
				<ele>609.000000</ele>
			</trkpt>
			<trkpt lat="49.510794" lon="18.329153">
				<ele>609.000000</ele>
			</trkpt>
			<trkpt lat="49.510811" lon="18.329126">
				<ele>609.000000</ele>
			</trkpt>
			<trkpt lat="49.510857" lon="18.329090">
				<ele>608.000000</ele>
			</trkpt>
			<trkpt lat="49.510910" lon="18.329072">
				<ele>608.000000</ele>
			</trkpt>
			<trkpt lat="49.510939" lon="18.329072">
				<ele>607.000000</ele>
			</trkpt>
			<trkpt lat="49.510957" lon="18.329082">
				<ele>607.000000</ele>
			</trkpt>
			<trkpt lat="49.511027" lon="18.329216">
				<ele>606.000000</ele>
			</trkpt>
			<trkpt lat="49.511126" lon="18.329432">
				<ele>603.000000</ele>
			</trkpt>
			<trkpt lat="49.511237" lon="18.329683">
				<ele>601.000000</ele>
			</trkpt>
			<trkpt lat="49.511313" lon="18.329881">
				<ele>599.000000</ele>
			</trkpt>
			<trkpt lat="49.511400" lon="18.330151">
				<ele>596.000000</ele>
			</trkpt>
			<trkpt lat="49.511628" lon="18.330717">
				<ele>591.000000</ele>
			</trkpt>
			<trkpt lat="49.511744" lon="18.331076">
				<ele>588.000000</ele>
			</trkpt>
			<trkpt lat="49.511797" lon="18.331229">
				<ele>586.000000</ele>
			</trkpt>
			<trkpt lat="49.511826" lon="18.331399">
				<ele>585.000000</ele>
			</trkpt>
			<trkpt lat="49.511849" lon="18.331533">
				<ele>584.000000</ele>
			</trkpt>
			<trkpt lat="49.511860" lon="18.331677">
				<ele>583.000000</ele>
			</trkpt>
			<trkpt lat="49.511879" lon="18.331830">
				<ele>582.000000</ele>
			</trkpt>
			<trkpt lat="49.511873" lon="18.331965">
				<ele>581.000000</ele>
			</trkpt>
			<trkpt lat="49.511843" lon="18.332423">
				<ele>577.000000</ele>
			</trkpt>
			<trkpt lat="49.511826" lon="18.332629">
				<ele>575.000000</ele>
			</trkpt>
			<trkpt lat="49.511802" lon="18.332845">
				<ele>573.000000</ele>
			</trkpt>
			<trkpt lat="49.511767" lon="18.333025">
				<ele>572.000000</ele>
			</trkpt>
			<trkpt lat="49.511726" lon="18.333214">
				<ele>571.000000</ele>
			</trkpt>
			<trkpt lat="49.511616" lon="18.333609">
				<ele>567.000000</ele>
			</trkpt>
			<trkpt lat="49.511441" lon="18.334193">
				<ele>561.000000</ele>
			</trkpt>
			<trkpt lat="49.511382" lon="18.334336">
				<ele>560.000000</ele>
			</trkpt>
			<trkpt lat="49.511330" lon="18.334489">
				<ele>558.000000</ele>
			</trkpt>
			<trkpt lat="49.511272" lon="18.334606">
				<ele>557.000000</ele>
			</trkpt>
			<trkpt lat="49.511219" lon="18.334713">
				<ele>556.000000</ele>
			</trkpt>
			<trkpt lat="49.511144" lon="18.334822">
				<ele>555.000000</ele>
			</trkpt>
			<trkpt lat="49.510916" lon="18.335136">
				<ele>551.000000</ele>
			</trkpt>
			<trkpt lat="49.510805" lon="18.335325">
				<ele>548.000000</ele>
			</trkpt>
			<trkpt lat="49.510758" lon="18.335424">
				<ele>547.000000</ele>
			</trkpt>
			<trkpt lat="49.510723" lon="18.335541">
				<ele>546.000000</ele>
			</trkpt>
			<trkpt lat="49.510694" lon="18.335648">
				<ele>544.000000</ele>
			</trkpt>
			<trkpt lat="49.510665" lon="18.335783">
				<ele>543.000000</ele>
			</trkpt>
			<trkpt lat="49.510601" lon="18.336124">
				<ele>539.000000</ele>
			</trkpt>
			<trkpt lat="49.510543" lon="18.336340">
				<ele>537.000000</ele>
			</trkpt>
			<trkpt lat="49.510444" lon="18.336556">
				<ele>534.000000</ele>
			</trkpt>
			<trkpt lat="49.510292" lon="18.336807">
				<ele>530.000000</ele>
			</trkpt>
			<trkpt lat="49.510100" lon="18.336879">
				<ele>529.000000</ele>
			</trkpt>
			<trkpt lat="49.510064" lon="18.336896">
				<ele>529.000000</ele>
			</trkpt>
			<trkpt lat="49.510041" lon="18.336915">
				<ele>529.000000</ele>
			</trkpt>
			<trkpt lat="49.509971" lon="18.337005">
				<ele>528.000000</ele>
			</trkpt>
			<trkpt lat="49.509843" lon="18.337220">
				<ele>527.000000</ele>
			</trkpt>
			<trkpt lat="49.509784" lon="18.337283">
				<ele>527.000000</ele>
			</trkpt>
			<trkpt lat="49.509732" lon="18.337319">
				<ele>526.000000</ele>
			</trkpt>
			<trkpt lat="49.509685" lon="18.337355">
				<ele>526.000000</ele>
			</trkpt>
			<trkpt lat="49.509638" lon="18.337373">
				<ele>526.000000</ele>
			</trkpt>
			<trkpt lat="49.509586" lon="18.337363">
				<ele>525.000000</ele>
			</trkpt>
			<trkpt lat="49.509522" lon="18.337346">
				<ele>525.000000</ele>
			</trkpt>
			<trkpt lat="49.509359" lon="18.337292">
				<ele>524.000000</ele>
			</trkpt>
			<trkpt lat="49.509271" lon="18.337292">
				<ele>523.000000</ele>
			</trkpt>
			<trkpt lat="49.509225" lon="18.337310">
				<ele>523.000000</ele>
			</trkpt>
			<trkpt lat="49.509195" lon="18.337336">
				<ele>523.000000</ele>
			</trkpt>
			<trkpt lat="49.509172" lon="18.337382">
				<ele>522.000000</ele>
			</trkpt>
			<trkpt lat="49.509149" lon="18.337436">
				<ele>522.000000</ele>
			</trkpt>
			<trkpt lat="49.509137" lon="18.337499">
				<ele>522.000000</ele>
			</trkpt>
			<trkpt lat="49.509149" lon="18.337571">
				<ele>521.000000</ele>
			</trkpt>
			<trkpt lat="49.509160" lon="18.337642">
				<ele>521.000000</ele>
			</trkpt>
			<trkpt lat="49.509190" lon="18.337696">
				<ele>521.000000</ele>
			</trkpt>
			<trkpt lat="49.509242" lon="18.337768">
				<ele>520.000000</ele>
			</trkpt>
			<trkpt lat="49.509312" lon="18.337831">
				<ele>520.000000</ele>
			</trkpt>
			<trkpt lat="49.509493" lon="18.337938">
				<ele>519.000000</ele>
			</trkpt>
			<trkpt lat="49.509638" lon="18.338055">
				<ele>518.000000</ele>
			</trkpt>
			<trkpt lat="49.509737" lon="18.338208">
				<ele>517.000000</ele>
			</trkpt>
			<trkpt lat="49.509837" lon="18.338361">
				<ele>517.000000</ele>
			</trkpt>
			<trkpt lat="49.510122" lon="18.338990">
				<ele>516.000000</ele>
			</trkpt>
			<trkpt lat="49.510158" lon="18.339080">
				<ele>516.000000</ele>
			</trkpt>
			<trkpt lat="49.510187" lon="18.339214">
				<ele>517.000000</ele>
			</trkpt>
			<trkpt lat="49.510735" lon="18.339007">
				<ele>516.000000</ele>
			</trkpt>
			<trkpt lat="49.510933" lon="18.338909">
				<ele>516.000000</ele>
			</trkpt>
			<trkpt lat="49.511144" lon="18.338783">
				<ele>515.000000</ele>
			</trkpt>
			<trkpt lat="49.511336" lon="18.338621">
				<ele>515.000000</ele>
			</trkpt>
			<trkpt lat="49.511651" lon="18.338325">
				<ele>514.000000</ele>
			</trkpt>
			<trkpt lat="49.511808" lon="18.338181">
				<ele>514.000000</ele>
			</trkpt>
			<trkpt lat="49.511966" lon="18.338055">
				<ele>514.000000</ele>
			</trkpt>
			<trkpt lat="49.512076" lon="18.338235">
				<ele>515.000000</ele>
			</trkpt>
			<trkpt lat="49.512141" lon="18.338315">
				<ele>515.000000</ele>
			</trkpt>
			<trkpt lat="49.512210" lon="18.338361">
				<ele>516.000000</ele>
			</trkpt>
			<trkpt lat="49.512281" lon="18.338378">
				<ele>516.000000</ele>
			</trkpt>
			<trkpt lat="49.512345" lon="18.338370">
				<ele>517.000000</ele>
			</trkpt>
			<trkpt lat="49.512497" lon="18.338325">
				<ele>517.000000</ele>
			</trkpt>
			<trkpt lat="49.512543" lon="18.338325">
				<ele>518.000000</ele>
			</trkpt>
			<trkpt lat="49.512578" lon="18.338344">
				<ele>518.000000</ele>
			</trkpt>
			<trkpt lat="49.512642" lon="18.338388">
				<ele>518.000000</ele>
			</trkpt>
			<trkpt lat="49.512858" lon="18.338613">
				<ele>520.000000</ele>
			</trkpt>
			<trkpt lat="49.512963" lon="18.338757">
				<ele>521.000000</ele>
			</trkpt>
			<trkpt lat="49.513319" lon="18.339259">
				<ele>526.000000</ele>
			</trkpt>
			<trkpt lat="49.513412" lon="18.339386">
				<ele>527.000000</ele>
			</trkpt>
			<trkpt lat="49.513529" lon="18.339483">
				<ele>528.000000</ele>
			</trkpt>
			<trkpt lat="49.514042" lon="18.339923">
				<ele>533.000000</ele>
			</trkpt>
			<trkpt lat="49.514281" lon="18.340131">
				<ele>535.000000</ele>
			</trkpt>
			<trkpt lat="49.514328" lon="18.340175">
				<ele>536.000000</ele>
			</trkpt>
			<trkpt lat="49.514876" lon="18.340678">
				<ele>542.000000</ele>
			</trkpt>
			<trkpt lat="49.515168" lon="18.340967">
				<ele>545.000000</ele>
			</trkpt>
			<trkpt lat="49.515430" lon="18.341271">
				<ele>548.000000</ele>
			</trkpt>
			<trkpt lat="49.515628" lon="18.341550">
				<ele>551.000000</ele>
			</trkpt>
			<trkpt lat="49.515057" lon="18.341577">
				<ele>554.000000</ele>
			</trkpt>
			<trkpt lat="49.514818" lon="18.341604">
				<ele>555.000000</ele>
			</trkpt>
			<trkpt lat="49.514625" lon="18.341649">
				<ele>557.000000</ele>
			</trkpt>
			<trkpt lat="49.514427" lon="18.341703">
				<ele>559.000000</ele>
			</trkpt>
			<trkpt lat="49.514217" lon="18.341774">
				<ele>561.000000</ele>
			</trkpt>
			<trkpt lat="49.513995" lon="18.341856">
				<ele>563.000000</ele>
			</trkpt>
			<trkpt lat="49.513809" lon="18.341936">
				<ele>565.000000</ele>
			</trkpt>
			<trkpt lat="49.513488" lon="18.342097">
				<ele>569.000000</ele>
			</trkpt>
			<trkpt lat="49.513395" lon="18.342143">
				<ele>571.000000</ele>
			</trkpt>
			<trkpt lat="49.513330" lon="18.342206">
				<ele>572.000000</ele>
			</trkpt>
			<trkpt lat="49.513267" lon="18.342305">
				<ele>573.000000</ele>
			</trkpt>
			<trkpt lat="49.513220" lon="18.342376">
				<ele>574.000000</ele>
			</trkpt>
			<trkpt lat="49.513179" lon="18.342485">
				<ele>575.000000</ele>
			</trkpt>
			<trkpt lat="49.513155" lon="18.342610">
				<ele>576.000000</ele>
			</trkpt>
			<trkpt lat="49.513010" lon="18.343751">
				<ele>583.000000</ele>
			</trkpt>
			<trkpt lat="49.512975" lon="18.343921">
				<ele>584.000000</ele>
			</trkpt>
			<trkpt lat="49.512934" lon="18.344120">
				<ele>586.000000</ele>
			</trkpt>
			<trkpt lat="49.512852" lon="18.344443">
				<ele>588.000000</ele>
			</trkpt>
			<trkpt lat="49.512631" lon="18.345188">
				<ele>593.000000</ele>
			</trkpt>
			<trkpt lat="49.512573" lon="18.345412">
				<ele>595.000000</ele>
			</trkpt>
			<trkpt lat="49.512532" lon="18.345646">
				<ele>597.000000</ele>
			</trkpt>
			<trkpt lat="49.512497" lon="18.345879">
				<ele>600.000000</ele>
			</trkpt>
			<trkpt lat="49.512479" lon="18.346141">
				<ele>603.000000</ele>
			</trkpt>
			<trkpt lat="49.512491" lon="18.346410">
				<ele>606.000000</ele>
			</trkpt>
			<trkpt lat="49.512508" lon="18.346644">
				<ele>607.000000</ele>
			</trkpt>
			<trkpt lat="49.512532" lon="18.346770">
				<ele>608.000000</ele>
			</trkpt>
			<trkpt lat="49.512625" lon="18.347074">
				<ele>611.000000</ele>
			</trkpt>
			<trkpt lat="49.512672" lon="18.347336">
				<ele>613.000000</ele>
			</trkpt>
			<trkpt lat="49.512683" lon="18.347443">
				<ele>614.000000</ele>
			</trkpt>
			<trkpt lat="49.512683" lon="18.347550">
				<ele>615.000000</ele>
			</trkpt>
			<trkpt lat="49.512677" lon="18.347659">
				<ele>615.000000</ele>
			</trkpt>
			<trkpt lat="49.512666" lon="18.347802">
				<ele>616.000000</ele>
			</trkpt>
			<trkpt lat="49.512601" lon="18.348072">
				<ele>618.000000</ele>
			</trkpt>
			<trkpt lat="49.512520" lon="18.348422">
				<ele>621.000000</ele>
			</trkpt>
			<trkpt lat="49.512450" lon="18.348674">
				<ele>623.000000</ele>
			</trkpt>
			<trkpt lat="49.512432" lon="18.348791">
				<ele>624.000000</ele>
			</trkpt>
			<trkpt lat="49.512415" lon="18.348889">
				<ele>625.000000</ele>
			</trkpt>
			<trkpt lat="49.512426" lon="18.348988">
				<ele>625.000000</ele>
			</trkpt>
			<trkpt lat="49.512450" lon="18.349095">
				<ele>626.000000</ele>
			</trkpt>
			<trkpt lat="49.512479" lon="18.349267">
				<ele>628.000000</ele>
			</trkpt>
			<trkpt lat="49.512485" lon="18.349374">
				<ele>628.000000</ele>
			</trkpt>
			<trkpt lat="49.512473" lon="18.349420">
				<ele>629.000000</ele>
			</trkpt>
			<trkpt lat="49.512456" lon="18.349473">
				<ele>629.000000</ele>
			</trkpt>
			<trkpt lat="49.512398" lon="18.349554">
				<ele>630.000000</ele>
			</trkpt>
			<trkpt lat="49.512210" lon="18.349760">
				<ele>634.000000</ele>
			</trkpt>
			<trkpt lat="49.512112" lon="18.349850">
				<ele>635.000000</ele>
			</trkpt>
			<trkpt lat="49.512048" lon="18.349886">
				<ele>636.000000</ele>
			</trkpt>
			<trkpt lat="49.511995" lon="18.349896">
				<ele>636.000000</ele>
			</trkpt>
			<trkpt lat="49.511937" lon="18.349896">
				<ele>637.000000</ele>
			</trkpt>
			<trkpt lat="49.511879" lon="18.349886">
				<ele>638.000000</ele>
			</trkpt>
			<trkpt lat="49.511668" lon="18.349850">
				<ele>640.000000</ele>
			</trkpt>
			<trkpt lat="49.511587" lon="18.349841">
				<ele>641.000000</ele>
			</trkpt>
			<trkpt lat="49.511516" lon="18.349833">
				<ele>641.000000</ele>
			</trkpt>
			<trkpt lat="49.511447" lon="18.349860">
				<ele>642.000000</ele>
			</trkpt>
			<trkpt lat="49.511371" lon="18.349896">
				<ele>643.000000</ele>
			</trkpt>
			<trkpt lat="49.511242" lon="18.349994">
				<ele>645.000000</ele>
			</trkpt>
			<trkpt lat="49.511132" lon="18.350084">
				<ele>646.000000</ele>
			</trkpt>
			<trkpt lat="49.511050" lon="18.350137">
				<ele>647.000000</ele>
			</trkpt>
			<trkpt lat="49.510969" lon="18.350173">
				<ele>648.000000</ele>
			</trkpt>
			<trkpt lat="49.510869" lon="18.350183">
				<ele>649.000000</ele>
			</trkpt>
			<trkpt lat="49.510758" lon="18.350173">
				<ele>650.000000</ele>
			</trkpt>
			<trkpt lat="49.510286" lon="18.350156">
				<ele>656.000000</ele>
			</trkpt>
			<trkpt lat="49.510041" lon="18.350137">
				<ele>658.000000</ele>
			</trkpt>
			<trkpt lat="49.509703" lon="18.350075">
				<ele>661.000000</ele>
			</trkpt>
			<trkpt lat="49.509370" lon="18.350020">
				<ele>666.000000</ele>
			</trkpt>
			<trkpt lat="49.509067" lon="18.350030">
				<ele>670.000000</ele>
			</trkpt>
			<trkpt lat="49.508956" lon="18.350030">
				<ele>671.000000</ele>
			</trkpt>
			<trkpt lat="49.508868" lon="18.350066">
				<ele>673.000000</ele>
			</trkpt>
			<trkpt lat="49.508781" lon="18.350129">
				<ele>674.000000</ele>
			</trkpt>
			<trkpt lat="49.508699" lon="18.350236">
				<ele>675.000000</ele>
			</trkpt>
			<trkpt lat="49.508390" lon="18.350632">
				<ele>680.000000</ele>
			</trkpt>
			<trkpt lat="49.508151" lon="18.350919">
				<ele>684.000000</ele>
			</trkpt>
			<trkpt lat="49.508064" lon="18.350991">
				<ele>685.000000</ele>
			</trkpt>
			<trkpt lat="49.507999" lon="18.351045">
				<ele>686.000000</ele>
			</trkpt>
			<trkpt lat="49.507935" lon="18.351072">
				<ele>687.000000</ele>
			</trkpt>
			<trkpt lat="49.507877" lon="18.351054">
				<ele>688.000000</ele>
			</trkpt>
			<trkpt lat="49.507766" lon="18.351018">
				<ele>689.000000</ele>
			</trkpt>
			<trkpt lat="49.507690" lon="18.350955">
				<ele>690.000000</ele>
			</trkpt>
			<trkpt lat="49.507621" lon="18.350883">
				<ele>691.000000</ele>
			</trkpt>
			<trkpt lat="49.507568" lon="18.350793">
				<ele>692.000000</ele>
			</trkpt>
			<trkpt lat="49.507533" lon="18.350713">
				<ele>693.000000</ele>
			</trkpt>
			<trkpt lat="49.507492" lon="18.350586">
				<ele>694.000000</ele>
			</trkpt>
			<trkpt lat="49.507480" lon="18.350462">
				<ele>695.000000</ele>
			</trkpt>
			<trkpt lat="49.507463" lon="18.350317">
				<ele>696.000000</ele>
			</trkpt>
			<trkpt lat="49.507468" lon="18.350165">
				<ele>698.000000</ele>
			</trkpt>
			<trkpt lat="49.507509" lon="18.349330">
				<ele>704.000000</ele>
			</trkpt>
			<trkpt lat="49.507539" lon="18.348404">
				<ele>711.000000</ele>
			</trkpt>
			<trkpt lat="49.507580" lon="18.347632">
				<ele>718.000000</ele>
			</trkpt>
			<trkpt lat="49.507574" lon="18.347470">
				<ele>719.000000</ele>
			</trkpt>
			<trkpt lat="49.507568" lon="18.347353">
				<ele>720.000000</ele>
			</trkpt>
			<trkpt lat="49.507544" lon="18.347254">
				<ele>721.000000</ele>
			</trkpt>
			<trkpt lat="49.507509" lon="18.347173">
				<ele>721.000000</ele>
			</trkpt>
			<trkpt lat="49.507451" lon="18.347083">
				<ele>722.000000</ele>
			</trkpt>
			<trkpt lat="49.507369" lon="18.346994">
				<ele>724.000000</ele>
			</trkpt>
			<trkpt lat="49.507299" lon="18.346949">
				<ele>725.000000</ele>
			</trkpt>
			<trkpt lat="49.507212" lon="18.346904">
				<ele>726.000000</ele>
			</trkpt>
			<trkpt lat="49.507113" lon="18.346868">
				<ele>727.000000</ele>
			</trkpt>
			<trkpt lat="49.507014" lon="18.346850">
				<ele>728.000000</ele>
			</trkpt>
			<trkpt lat="49.506693" lon="18.346850">
				<ele>732.000000</ele>
			</trkpt>
			<trkpt lat="49.506541" lon="18.346841">
				<ele>734.000000</ele>
			</trkpt>
			<trkpt lat="49.506389" lon="18.346814">
				<ele>736.000000</ele>
			</trkpt>
			<trkpt lat="49.506028" lon="18.346743">
				<ele>740.000000</ele>
			</trkpt>
			<trkpt lat="49.505771" lon="18.346670">
				<ele>744.000000</ele>
			</trkpt>
			<trkpt lat="49.505491" lon="18.346617">
				<ele>747.000000</ele>
			</trkpt>
			<trkpt lat="49.505287" lon="18.346581">
				<ele>749.000000</ele>
			</trkpt>
			<trkpt lat="49.505054" lon="18.346563">
				<ele>752.000000</ele>
			</trkpt>
			<trkpt lat="49.504639" lon="18.346563">
				<ele>757.000000</ele>
			</trkpt>
			<trkpt lat="49.503817" lon="18.346617">
				<ele>765.000000</ele>
			</trkpt>
			<trkpt lat="49.503665" lon="18.346634">
				<ele>766.000000</ele>
			</trkpt>
			<trkpt lat="49.503513" lon="18.346661">
				<ele>767.000000</ele>
			</trkpt>
			<trkpt lat="49.503368" lon="18.346724">
				<ele>768.000000</ele>
			</trkpt>
			<trkpt lat="49.503193" lon="18.346823">
				<ele>770.000000</ele>
			</trkpt>
			<trkpt lat="49.503047" lon="18.346921">
				<ele>771.000000</ele>
			</trkpt>
			<trkpt lat="49.502860" lon="18.347066">
				<ele>773.000000</ele>
			</trkpt>
			<trkpt lat="49.502714" lon="18.347200">
				<ele>774.000000</ele>
			</trkpt>
			<trkpt lat="49.502528" lon="18.347380">
				<ele>775.000000</ele>
			</trkpt>
			<trkpt lat="49.502230" lon="18.347722">
				<ele>778.000000</ele>
			</trkpt>
			<trkpt lat="49.501892" lon="18.348152">
				<ele>781.000000</ele>
			</trkpt>
			<trkpt lat="49.501781" lon="18.348323">
				<ele>782.000000</ele>
			</trkpt>
			<trkpt lat="49.501705" lon="18.348502">
				<ele>783.000000</ele>
			</trkpt>
			<trkpt lat="49.501681" lon="18.348584">
				<ele>784.000000</ele>
			</trkpt>
			<trkpt lat="49.501664" lon="18.348709">
				<ele>784.000000</ele>
			</trkpt>
			<trkpt lat="49.501629" lon="18.348952">
				<ele>785.000000</ele>
			</trkpt>
			<trkpt lat="49.501623" lon="18.349024">
				<ele>785.000000</ele>
			</trkpt>
			<trkpt lat="49.501618" lon="18.349060">
				<ele>786.000000</ele>
			</trkpt>
			<trkpt lat="49.501413" lon="18.349257">
				<ele>787.000000</ele>
			</trkpt>
			<trkpt lat="49.500661" lon="18.349967">
				<ele>790.000000</ele>
			</trkpt>
			<trkpt lat="49.500387" lon="18.350246">
				<ele>791.000000</ele>
			</trkpt>
			<trkpt lat="49.500112" lon="18.350586">
				<ele>792.000000</ele>
			</trkpt>
			<trkpt lat="49.499984" lon="18.350776">
				<ele>793.000000</ele>
			</trkpt>
			<trkpt lat="49.499943" lon="18.350812">
				<ele>793.000000</ele>
			</trkpt>
			<trkpt lat="49.499908" lon="18.350839">
				<ele>793.000000</ele>
			</trkpt>
			<trkpt lat="49.499862" lon="18.350848">
				<ele>793.000000</ele>
			</trkpt>
			<trkpt lat="49.499827" lon="18.350848">
				<ele>793.000000</ele>
			</trkpt>
			<trkpt lat="49.499791" lon="18.350829">
				<ele>793.000000</ele>
			</trkpt>
			<trkpt lat="49.499756" lon="18.350812">
				<ele>793.000000</ele>
			</trkpt>
			<trkpt lat="49.499733" lon="18.350766">
				<ele>793.000000</ele>
			</trkpt>
			<trkpt lat="49.499715" lon="18.350731">
				<ele>794.000000</ele>
			</trkpt>
			<trkpt lat="49.499652" lon="18.350489">
				<ele>794.000000</ele>
			</trkpt>
			<trkpt lat="49.499546" lon="18.350030">
				<ele>795.000000</ele>
			</trkpt>
			<trkpt lat="49.499424" lon="18.349536">
				<ele>797.000000</ele>
			</trkpt>
			<trkpt lat="49.499360" lon="18.349294">
				<ele>798.000000</ele>
			</trkpt>
			<trkpt lat="49.499307" lon="18.349177">
				<ele>799.000000</ele>
			</trkpt>
			<trkpt lat="49.499266" lon="18.349095">
				<ele>799.000000</ele>
			</trkpt>
			<trkpt lat="49.499214" lon="18.349024">
				<ele>800.000000</ele>
			</trkpt>
			<trkpt lat="49.499162" lon="18.348961">
				<ele>800.000000</ele>
			</trkpt>
			<trkpt lat="49.499091" lon="18.348907">
				<ele>800.000000</ele>
			</trkpt>
			<trkpt lat="49.499004" lon="18.348827">
				<ele>801.000000</ele>
			</trkpt>
			<trkpt lat="49.498799" lon="18.348718">
				<ele>801.000000</ele>
			</trkpt>
			<trkpt lat="49.498578" lon="18.348619">
				<ele>802.000000</ele>
			</trkpt>
			<trkpt lat="49.498345" lon="18.348565">
				<ele>802.000000</ele>
			</trkpt>
			<trkpt lat="49.498140" lon="18.348521">
				<ele>803.000000</ele>
			</trkpt>
			<trkpt lat="49.497936" lon="18.348521">
				<ele>803.000000</ele>
			</trkpt>
			<trkpt lat="49.497726" lon="18.348529">
				<ele>804.000000</ele>
			</trkpt>
			<trkpt lat="49.497528" lon="18.348575">
				<ele>805.000000</ele>
			</trkpt>
			<trkpt lat="49.497330" lon="18.348655">
				<ele>805.000000</ele>
			</trkpt>
			<trkpt lat="49.496974" lon="18.348827">
				<ele>808.000000</ele>
			</trkpt>
			<trkpt lat="49.496705" lon="18.348988">
				<ele>810.000000</ele>
			</trkpt>
			<trkpt lat="49.496460" lon="18.349141">
				<ele>812.000000</ele>
			</trkpt>
			<trkpt lat="49.496227" lon="18.349303">
				<ele>814.000000</ele>
			</trkpt>
			<trkpt lat="49.496005" lon="18.349491">
				<ele>815.000000</ele>
			</trkpt>
			<trkpt lat="49.495777" lon="18.349697">
				<ele>815.000000</ele>
			</trkpt>
			<trkpt lat="49.495498" lon="18.349967">
				<ele>815.000000</ele>
			</trkpt>
			<trkpt lat="49.495182" lon="18.350290">
				<ele>815.000000</ele>
			</trkpt>
			<trkpt lat="49.495136" lon="18.350336">
				<ele>815.000000</ele>
			</trkpt>
			<trkpt lat="49.495089" lon="18.350372">
				<ele>815.000000</ele>
			</trkpt>
			<trkpt lat="49.495048" lon="18.350372">
				<ele>815.000000</ele>
			</trkpt>
			<trkpt lat="49.495001" lon="18.350353">
				<ele>815.000000</ele>
			</trkpt>
			<trkpt lat="49.494961" lon="18.350309">
				<ele>815.000000</ele>
			</trkpt>
			<trkpt lat="49.494914" lon="18.350263">
				<ele>815.000000</ele>
			</trkpt>
			<trkpt lat="49.494774" lon="18.350049">
				<ele>815.000000</ele>
			</trkpt>
			<trkpt lat="49.494464" lon="18.349554">
				<ele>816.000000</ele>
			</trkpt>
			<trkpt lat="49.494366" lon="18.349420">
				<ele>816.000000</ele>
			</trkpt>
			<trkpt lat="49.494231" lon="18.349294">
				<ele>817.000000</ele>
			</trkpt>
			<trkpt lat="49.494033" lon="18.349095">
				<ele>818.000000</ele>
			</trkpt>
			<trkpt lat="49.493852" lon="18.348961">
				<ele>818.000000</ele>
			</trkpt>
			<trkpt lat="49.493660" lon="18.348835">
				<ele>819.000000</ele>
			</trkpt>
			<trkpt lat="49.493502" lon="18.348754">
				<ele>819.000000</ele>
			</trkpt>
			<trkpt lat="49.493332" lon="18.348718">
				<ele>820.000000</ele>
			</trkpt>
			<trkpt lat="49.493152" lon="18.348709">
				<ele>821.000000</ele>
			</trkpt>
			<trkpt lat="49.492959" lon="18.348709">
				<ele>822.000000</ele>
			</trkpt>
			<trkpt lat="49.492720" lon="18.348754">
				<ele>823.000000</ele>
			</trkpt>
			<trkpt lat="49.492463" lon="18.348835">
				<ele>825.000000</ele>
			</trkpt>
			<trkpt lat="49.492288" lon="18.348898">
				<ele>826.000000</ele>
			</trkpt>
			<trkpt lat="49.492154" lon="18.348952">
				<ele>826.000000</ele>
			</trkpt>
			<trkpt lat="49.492026" lon="18.349033">
				<ele>826.000000</ele>
			</trkpt>
			<trkpt lat="49.491897" lon="18.349131">
				<ele>827.000000</ele>
			</trkpt>
			<trkpt lat="49.491775" lon="18.349257">
				<ele>827.000000</ele>
			</trkpt>
			<trkpt lat="49.491652" lon="18.349420">
				<ele>827.000000</ele>
			</trkpt>
			<trkpt lat="49.491553" lon="18.349590">
				<ele>828.000000</ele>
			</trkpt>
			<trkpt lat="49.491507" lon="18.349653">
				<ele>828.000000</ele>
			</trkpt>
			<trkpt lat="49.491448" lon="18.349707">
				<ele>828.000000</ele>
			</trkpt>
			<trkpt lat="49.491395" lon="18.349734">
				<ele>828.000000</ele>
			</trkpt>
			<trkpt lat="49.491332" lon="18.349751">
				<ele>828.000000</ele>
			</trkpt>
			<trkpt lat="49.491215" lon="18.349734">
				<ele>829.000000</ele>
			</trkpt>
			<trkpt lat="49.490958" lon="18.349661">
				<ele>829.000000</ele>
			</trkpt>
			<trkpt lat="49.490824" lon="18.349626">
				<ele>830.000000</ele>
			</trkpt>
			<trkpt lat="49.490222" lon="18.349483">
				<ele>832.000000</ele>
			</trkpt>
			<trkpt lat="49.490088" lon="18.349464">
				<ele>832.000000</ele>
			</trkpt>
			<trkpt lat="49.489943" lon="18.349455">
				<ele>833.000000</ele>
			</trkpt>
			<trkpt lat="49.489803" lon="18.349455">
				<ele>833.000000</ele>
			</trkpt>
			<trkpt lat="49.489656" lon="18.349491">
				<ele>834.000000</ele>
			</trkpt>
			<trkpt lat="49.489494" lon="18.349536">
				<ele>834.000000</ele>
			</trkpt>
			<trkpt lat="49.489365" lon="18.349581">
				<ele>835.000000</ele>
			</trkpt>
			<trkpt lat="49.488974" lon="18.349760">
				<ele>839.000000</ele>
			</trkpt>
			<trkpt lat="49.488180" lon="18.350075">
				<ele>842.000000</ele>
			</trkpt>
			<trkpt lat="49.487888" lon="18.350200">
				<ele>843.000000</ele>
			</trkpt>
			<trkpt lat="49.487276" lon="18.350542">
				<ele>846.000000</ele>
			</trkpt>
			<trkpt lat="49.487112" lon="18.350615">
				<ele>848.000000</ele>
			</trkpt>
			<trkpt lat="49.486937" lon="18.350668">
				<ele>850.000000</ele>
			</trkpt>
			<trkpt lat="49.486529" lon="18.350793">
				<ele>855.000000</ele>
			</trkpt>
			<trkpt lat="49.486249" lon="18.350902">
				<ele>858.000000</ele>
			</trkpt>
			<trkpt lat="49.486033" lon="18.350991">
				<ele>861.000000</ele>
			</trkpt>
			<trkpt lat="49.485811" lon="18.351108">
				<ele>863.000000</ele>
			</trkpt>
			<trkpt lat="49.485601" lon="18.351242">
				<ele>866.000000</ele>
			</trkpt>
			<trkpt lat="49.485391" lon="18.351405">
				<ele>868.000000</ele>
			</trkpt>
			<trkpt lat="49.485169" lon="18.351611">
				<ele>870.000000</ele>
			</trkpt>
			<trkpt lat="49.484982" lon="18.351818">
				<ele>873.000000</ele>
			</trkpt>
			<trkpt lat="49.484305" lon="18.352563">
				<ele>882.000000</ele>
			</trkpt>
			<trkpt lat="49.484136" lon="18.352787">
				<ele>884.000000</ele>
			</trkpt>
			<trkpt lat="49.484002" lon="18.352967">
				<ele>885.000000</ele>
			</trkpt>
			<trkpt lat="49.483891" lon="18.353165">
				<ele>886.000000</ele>
			</trkpt>
			<trkpt lat="49.483792" lon="18.353381">
				<ele>887.000000</ele>
			</trkpt>
			<trkpt lat="49.483716" lon="18.353615">
				<ele>887.000000</ele>
			</trkpt>
			<trkpt lat="49.483663" lon="18.353875">
				<ele>888.000000</ele>
			</trkpt>
			<trkpt lat="49.483640" lon="18.354037">
				<ele>888.000000</ele>
			</trkpt>
			<trkpt lat="49.483634" lon="18.354315">
				<ele>889.000000</ele>
			</trkpt>
			<trkpt lat="49.483628" lon="18.354423">
				<ele>889.000000</ele>
			</trkpt>
			<trkpt lat="49.483646" lon="18.354521">
				<ele>890.000000</ele>
			</trkpt>
			<trkpt lat="49.483669" lon="18.354630">
				<ele>890.000000</ele>
			</trkpt>
			<trkpt lat="49.483699" lon="18.354728">
				<ele>890.000000</ele>
			</trkpt>
			<trkpt lat="49.483751" lon="18.354854">
				<ele>891.000000</ele>
			</trkpt>
			<trkpt lat="49.483856" lon="18.355034">
				<ele>893.000000</ele>
			</trkpt>
			<trkpt lat="49.484031" lon="18.355150">
				<ele>894.000000</ele>
			</trkpt>
			<trkpt lat="49.484171" lon="18.355249">
				<ele>896.000000</ele>
			</trkpt>
			<trkpt lat="49.484311" lon="18.355312">
				<ele>897.000000</ele>
			</trkpt>
			<trkpt lat="49.484480" lon="18.355366">
				<ele>899.000000</ele>
			</trkpt>
			<trkpt lat="49.484912" lon="18.355492">
				<ele>904.000000</ele>
			</trkpt>
			<trkpt lat="49.485087" lon="18.355555">
				<ele>906.000000</ele>
			</trkpt>
			<trkpt lat="49.485292" lon="18.355653">
				<ele>909.000000</ele>
			</trkpt>
			<trkpt lat="49.485391" lon="18.355689">
				<ele>911.000000</ele>
			</trkpt>
			<trkpt lat="49.485508" lon="18.355726">
				<ele>912.000000</ele>
			</trkpt>
			<trkpt lat="49.485612" lon="18.355743">
				<ele>914.000000</ele>
			</trkpt>
			<trkpt lat="49.485724" lon="18.355752">
				<ele>915.000000</ele>
			</trkpt>
			<trkpt lat="49.485881" lon="18.355752">
				<ele>918.000000</ele>
			</trkpt>
			<trkpt lat="49.486255" lon="18.355680">
				<ele>923.000000</ele>
			</trkpt>
			<trkpt lat="49.486435" lon="18.355663">
				<ele>926.000000</ele>
			</trkpt>
			<trkpt lat="49.486471" lon="18.355653">
				<ele>926.000000</ele>
			</trkpt>
			<trkpt lat="49.486511" lon="18.355609">
				<ele>927.000000</ele>
			</trkpt>
			<trkpt lat="49.486517" lon="18.355555">
				<ele>927.000000</ele>
			</trkpt>
			<trkpt lat="49.486511" lon="18.355473">
				<ele>928.000000</ele>
			</trkpt>
			<trkpt lat="49.486500" lon="18.355366">
				<ele>929.000000</ele>
			</trkpt>
			<trkpt lat="49.486459" lon="18.355240">
				<ele>930.000000</ele>
			</trkpt>
			<trkpt lat="49.486331" lon="18.354926">
				<ele>933.000000</ele>
			</trkpt>
			<trkpt lat="49.486313" lon="18.354863">
				<ele>933.000000</ele>
			</trkpt>
			<trkpt lat="49.486307" lon="18.354810">
				<ele>934.000000</ele>
			</trkpt>
			<trkpt lat="49.486307" lon="18.354755">
				<ele>934.000000</ele>
			</trkpt>
			<trkpt lat="49.486318" lon="18.354693">
				<ele>935.000000</ele>
			</trkpt>
			<trkpt lat="49.486365" lon="18.354567">
				<ele>936.000000</ele>
			</trkpt>
			<trkpt lat="49.486465" lon="18.354405">
				<ele>938.000000</ele>
			</trkpt>
			<trkpt lat="49.486546" lon="18.354279">
				<ele>940.000000</ele>
			</trkpt>
			<trkpt lat="49.486668" lon="18.354171">
				<ele>942.000000</ele>
			</trkpt>
			<trkpt lat="49.486739" lon="18.354135">
				<ele>943.000000</ele>
			</trkpt>
			<trkpt lat="49.486815" lon="18.354118">
				<ele>945.000000</ele>
			</trkpt>
			<trkpt lat="49.486896" lon="18.354118">
				<ele>946.000000</ele>
			</trkpt>
			<trkpt lat="49.487171" lon="18.354162">
				<ele>951.000000</ele>
			</trkpt>
			<trkpt lat="49.487585" lon="18.354207">
				<ele>958.000000</ele>
			</trkpt>
			<trkpt lat="49.487801" lon="18.354234">
				<ele>961.000000</ele>
			</trkpt>
			<trkpt lat="49.487993" lon="18.354279">
				<ele>964.000000</ele>
			</trkpt>
			<trkpt lat="49.488577" lon="18.354441">
				<ele>973.000000</ele>
			</trkpt>
			<trkpt lat="49.488781" lon="18.354494">
				<ele>976.000000</ele>
			</trkpt>
			<trkpt lat="49.488980" lon="18.354521">
				<ele>979.000000</ele>
			</trkpt>
			<trkpt lat="49.489160" lon="18.354540">
				<ele>981.000000</ele>
			</trkpt>
			<trkpt lat="49.489365" lon="18.354540">
				<ele>984.000000</ele>
			</trkpt>
			<trkpt lat="49.489727" lon="18.354504">
				<ele>990.000000</ele>
			</trkpt>
			<trkpt lat="49.489890" lon="18.354504">
				<ele>992.000000</ele>
			</trkpt>
			<trkpt lat="49.490211" lon="18.354494">
				<ele>996.000000</ele>
			</trkpt>
			<trkpt lat="49.490375" lon="18.354513">
				<ele>998.000000</ele>
			</trkpt>
			<trkpt lat="49.490544" lon="18.354548">
				<ele>1000.000000</ele>
			</trkpt>
			<trkpt lat="49.490713" lon="18.354611">
				<ele>1002.000000</ele>
			</trkpt>
			<trkpt lat="49.490993" lon="18.354791">
				<ele>1006.000000</ele>
			</trkpt>
			<trkpt lat="49.491092" lon="18.354836">
				<ele>1007.000000</ele>
			</trkpt>
			<trkpt lat="49.491209" lon="18.354873">
				<ele>1009.000000</ele>
			</trkpt>
			<trkpt lat="49.491337" lon="18.354881">
				<ele>1011.000000</ele>
			</trkpt>
			<trkpt lat="49.491524" lon="18.354881">
				<ele>1014.000000</ele>
			</trkpt>
			<trkpt lat="49.491641" lon="18.354899">
				<ele>1015.000000</ele>
			</trkpt>
			<trkpt lat="49.492154" lon="18.355060">
				<ele>1024.000000</ele>
			</trkpt>
			<trkpt lat="49.492475" lon="18.355177">
				<ele>1029.000000</ele>
			</trkpt>
			<trkpt lat="49.492779" lon="18.355294">
				<ele>1033.000000</ele>
			</trkpt>
			<trkpt lat="49.493117" lon="18.355473">
				<ele>1036.000000</ele>
			</trkpt>
			<trkpt lat="49.493444" lon="18.355645">
				<ele>1038.000000</ele>
			</trkpt>
			<trkpt lat="49.493718" lon="18.355815">
				<ele>1040.000000</ele>
			</trkpt>
			<trkpt lat="49.493963" lon="18.356013">
				<ele>1043.000000</ele>
			</trkpt>
			<trkpt lat="49.494272" lon="18.356265">
				<ele>1048.000000</ele>
			</trkpt>
			<trkpt lat="49.494546" lon="18.356525">
				<ele>1053.000000</ele>
			</trkpt>
			<trkpt lat="49.494721" lon="18.356687">
				<ele>1056.000000</ele>
			</trkpt>
			<trkpt lat="49.494855" lon="18.356848">
				<ele>1060.000000</ele>
			</trkpt>
			<trkpt lat="49.494978" lon="18.357037">
				<ele>1063.000000</ele>
			</trkpt>
			<trkpt lat="49.495083" lon="18.357253">
				<ele>1066.000000</ele>
			</trkpt>
			<trkpt lat="49.495258" lon="18.357693">
				<ele>1072.000000</ele>
			</trkpt>
			<trkpt lat="49.495474" lon="18.357926">
				<ele>1077.000000</ele>
			</trkpt>
			<trkpt lat="49.495573" lon="18.357999">
				<ele>1080.000000</ele>
			</trkpt>
			<trkpt lat="49.495608" lon="18.358016">
				<ele>1080.000000</ele>
			</trkpt>
			<trkpt lat="49.495643" lon="18.358007">
				<ele>1081.000000</ele>
			</trkpt>
			<trkpt lat="49.495673" lon="18.357980">
				<ele>1081.000000</ele>
			</trkpt>
			<trkpt lat="49.495690" lon="18.357926">
				<ele>1081.000000</ele>
			</trkpt>
			<trkpt lat="49.495736" lon="18.357558">
				<ele>1084.000000</ele>
			</trkpt>
			<trkpt lat="49.495766" lon="18.357450">
				<ele>1084.000000</ele>
			</trkpt>
			<trkpt lat="49.495789" lon="18.357378">
				<ele>1085.000000</ele>
			</trkpt>
			<trkpt lat="49.495818" lon="18.357324">
				<ele>1086.000000</ele>
			</trkpt>
			<trkpt lat="49.495853" lon="18.357288">
				<ele>1086.000000</ele>
			</trkpt>
			<trkpt lat="49.495889" lon="18.357253">
				<ele>1087.000000</ele>
			</trkpt>
			<trkpt lat="49.495917" lon="18.357253">
				<ele>1087.000000</ele>
			</trkpt>
			<trkpt lat="49.495941" lon="18.357271">
				<ele>1088.000000</ele>
			</trkpt>
			<trkpt lat="49.495993" lon="18.357460">
				<ele>1090.000000</ele>
			</trkpt>
			<trkpt lat="49.496122" lon="18.357980">
				<ele>1096.000000</ele>
			</trkpt>
			<trkpt lat="49.496168" lon="18.358115">
				<ele>1097.000000</ele>
			</trkpt>
			<trkpt lat="49.496221" lon="18.358240">
				<ele>1099.000000</ele>
			</trkpt>
			<trkpt lat="49.496256" lon="18.358267">
				<ele>1099.000000</ele>
			</trkpt>
			<trkpt lat="49.496291" lon="18.358286">
				<ele>1100.000000</ele>
			</trkpt>
			<trkpt lat="49.496326" lon="18.358286">
				<ele>1100.000000</ele>
			</trkpt>
			<trkpt lat="49.496355" lon="18.358250">
				<ele>1101.000000</ele>
			</trkpt>
			<trkpt lat="49.496431" lon="18.358070">
				<ele>1103.000000</ele>
			</trkpt>
			<trkpt lat="49.496460" lon="18.358016">
				<ele>1104.000000</ele>
			</trkpt>
			<trkpt lat="49.496501" lon="18.357980">
				<ele>1105.000000</ele>
			</trkpt>
			<trkpt lat="49.496554" lon="18.357971">
				<ele>1105.000000</ele>
			</trkpt>
			<trkpt lat="49.496571" lon="18.357971">
				<ele>1106.000000</ele>
			</trkpt>
			<trkpt lat="49.496589" lon="18.358016">
				<ele>1106.000000</ele>
			</trkpt>
			<trkpt lat="49.496583" lon="18.358205">
				<ele>1108.000000</ele>
			</trkpt>
			<trkpt lat="49.496600" lon="18.358276">
				<ele>1108.000000</ele>
			</trkpt>
			<trkpt lat="49.496641" lon="18.358339">
				<ele>1109.000000</ele>
			</trkpt>
			<trkpt lat="49.496688" lon="18.358366">
				<ele>1110.000000</ele>
			</trkpt>
			<trkpt lat="49.496723" lon="18.358357">
				<ele>1110.000000</ele>
			</trkpt>
			<trkpt lat="49.496933" lon="18.358177">
				<ele>1115.000000</ele>
			</trkpt>
			<trkpt lat="49.497032" lon="18.358133">
				<ele>1117.000000</ele>
			</trkpt>
			<trkpt lat="49.497079" lon="18.358115">
				<ele>1118.000000</ele>
			</trkpt>
			<trkpt lat="49.497108" lon="18.358133">
				<ele>1118.000000</ele>
			</trkpt>
			<trkpt lat="49.497131" lon="18.358177">
				<ele>1119.000000</ele>
			</trkpt>
			<trkpt lat="49.497137" lon="18.358232">
				<ele>1119.000000</ele>
			</trkpt>
			<trkpt lat="49.497178" lon="18.358528">
				<ele>1122.000000</ele>
			</trkpt>
			<trkpt lat="49.497201" lon="18.358681">
				<ele>1124.000000</ele>
			</trkpt>
			<trkpt lat="49.497224" lon="18.358735">
				<ele>1124.000000</ele>
			</trkpt>
			<trkpt lat="49.497248" lon="18.358752">
				<ele>1125.000000</ele>
			</trkpt>
			<trkpt lat="49.497283" lon="18.358771">
				<ele>1125.000000</ele>
			</trkpt>
			<trkpt lat="49.497324" lon="18.358752">
				<ele>1126.000000</ele>
			</trkpt>
			<trkpt lat="49.497487" lon="18.358672">
				<ele>1128.000000</ele>
			</trkpt>
			<trkpt lat="49.497574" lon="18.358636">
				<ele>1129.000000</ele>
			</trkpt>
			<trkpt lat="49.497668" lon="18.358618">
				<ele>1130.000000</ele>
			</trkpt>
			<trkpt lat="49.497767" lon="18.358609">
				<ele>1131.000000</ele>
			</trkpt>
			<trkpt lat="49.497796" lon="18.358626">
				<ele>1132.000000</ele>
			</trkpt>
			<trkpt lat="49.497814" lon="18.358655">
				<ele>1132.000000</ele>
			</trkpt>
			<trkpt lat="49.497825" lon="18.358689">
				<ele>1133.000000</ele>
			</trkpt>
			<trkpt lat="49.497837" lon="18.358752">
				<ele>1133.000000</ele>
			</trkpt>
			<trkpt lat="49.497831" lon="18.358833">
				<ele>1134.000000</ele>
			</trkpt>
			<trkpt lat="49.497820" lon="18.358915">
				<ele>1135.000000</ele>
			</trkpt>
			<trkpt lat="49.497802" lon="18.358986">
				<ele>1136.000000</ele>
			</trkpt>
			<trkpt lat="49.497773" lon="18.359068">
				<ele>1136.000000</ele>
			</trkpt>
			<trkpt lat="49.497686" lon="18.359220">
				<ele>1138.000000</ele>
			</trkpt>
			<trkpt lat="49.497609" lon="18.359399">
				<ele>1140.000000</ele>
			</trkpt>
			<trkpt lat="49.497580" lon="18.359517">
				<ele>1141.000000</ele>
			</trkpt>
			<trkpt lat="49.497580" lon="18.359561">
				<ele>1142.000000</ele>
			</trkpt>
			<trkpt lat="49.497586" lon="18.359607">
				<ele>1142.000000</ele>
			</trkpt>
			<trkpt lat="49.497604" lon="18.359615">
				<ele>1143.000000</ele>
			</trkpt>
			<trkpt lat="49.497639" lon="18.359624">
				<ele>1143.000000</ele>
			</trkpt>
			<trkpt lat="49.497691" lon="18.359624">
				<ele>1144.000000</ele>
			</trkpt>
			<trkpt lat="49.497831" lon="18.359561">
				<ele>1147.000000</ele>
			</trkpt>
			<trkpt lat="49.497866" lon="18.359571">
				<ele>1147.000000</ele>
			</trkpt>
			<trkpt lat="49.497890" lon="18.359579">
				<ele>1148.000000</ele>
			</trkpt>
			<trkpt lat="49.497907" lon="18.359597">
				<ele>1148.000000</ele>
			</trkpt>
			<trkpt lat="49.497924" lon="18.359651">
				<ele>1149.000000</ele>
			</trkpt>
			<trkpt lat="49.497930" lon="18.359723">
				<ele>1149.000000</ele>
			</trkpt>
			<trkpt lat="49.498152" lon="18.359930">
				<ele>1156.000000</ele>
			</trkpt>
			<trkpt lat="49.498246" lon="18.360047">
				<ele>1159.000000</ele>
			</trkpt>
			<trkpt lat="49.498315" lon="18.360163">
				<ele>1163.000000</ele>
			</trkpt>
			<trkpt lat="49.498461" lon="18.360496">
				<ele>1172.000000</ele>
			</trkpt>
			<trkpt lat="49.498537" lon="18.360639">
				<ele>1175.000000</ele>
			</trkpt>
			<trkpt lat="49.498624" lon="18.360765">
				<ele>1178.000000</ele>
			</trkpt>
			<trkpt lat="49.498736" lon="18.360873">
				<ele>1182.000000</ele>
			</trkpt>
			<trkpt lat="49.499103" lon="18.361196">
				<ele>1192.000000</ele>
			</trkpt>
			<trkpt lat="49.499261" lon="18.361349">
				<ele>1197.000000</ele>
			</trkpt>
			<trkpt lat="49.499430" lon="18.361529">
				<ele>1201.000000</ele>
			</trkpt>
			<trkpt lat="49.499663" lon="18.361816">
				<ele>1208.000000</ele>
			</trkpt>
			<trkpt lat="49.499903" lon="18.362175">
				<ele>1215.000000</ele>
			</trkpt>
			<trkpt lat="49.500007" lon="18.362328">
				<ele>1217.000000</ele>
			</trkpt>
			<trkpt lat="49.500101" lon="18.362454">
				<ele>1220.000000</ele>
			</trkpt>
			<trkpt lat="49.500462" lon="18.362840">
				<ele>1227.000000</ele>
			</trkpt>
			<trkpt lat="49.500631" lon="18.363056">
				<ele>1230.000000</ele>
			</trkpt>
			<trkpt lat="49.500953" lon="18.363469">
				<ele>1237.000000</ele>
			</trkpt>
			<trkpt lat="49.501268" lon="18.363819">
				<ele>1241.000000</ele>
			</trkpt>
			<trkpt lat="49.501618" lon="18.364161">
				<ele>1244.000000</ele>
			</trkpt>
			<trkpt lat="49.502224" lon="18.364718">
				<ele>1245.000000</ele>
			</trkpt>
			<trkpt lat="49.502312" lon="18.364789">
				<ele>1245.000000</ele>
			</trkpt>
			<trkpt lat="49.502382" lon="18.364834">
				<ele>1243.000000</ele>
			</trkpt>
			<trkpt lat="49.502452" lon="18.364852">
				<ele>1241.000000</ele>
			</trkpt>
			<trkpt lat="49.502545" lon="18.364879">
				<ele>1240.000000</ele>
			</trkpt>
			<trkpt lat="49.502656" lon="18.364897">
				<ele>1240.000000</ele>
			</trkpt>
			<trkpt lat="49.502749" lon="18.364960">
				<ele>1240.000000</ele>
			</trkpt>
			<trkpt lat="49.502819" lon="18.365014">
				<ele>1240.000000</ele>
			</trkpt>
			<trkpt lat="49.503006" lon="18.365257">
				<ele>1240.000000</ele>
			</trkpt>
			<trkpt lat="49.503088" lon="18.365328">
				<ele>1240.000000</ele>
			</trkpt>
			<trkpt lat="49.503146" lon="18.365373">
				<ele>1241.000000</ele>
			</trkpt>
			<trkpt lat="49.503210" lon="18.365400">
				<ele>1242.000000</ele>
			</trkpt>
			<trkpt lat="49.503292" lon="18.365436">
				<ele>1243.000000</ele>
			</trkpt>
			<trkpt lat="49.503362" lon="18.365427">
				<ele>1243.000000</ele>
			</trkpt>
			<trkpt lat="49.503409" lon="18.365445">
				<ele>1244.000000</ele>
			</trkpt>
			<trkpt lat="49.503513" lon="18.365508">
				<ele>1245.000000</ele>
			</trkpt>
			<trkpt lat="49.503665" lon="18.365544">
				<ele>1246.000000</ele>
			</trkpt>
			<trkpt lat="49.503788" lon="18.365580">
				<ele>1248.000000</ele>
			</trkpt>
			<trkpt lat="49.503904" lon="18.365643">
				<ele>1249.000000</ele>
			</trkpt>
			<trkpt lat="49.504126" lon="18.365741">
				<ele>1252.000000</ele>
			</trkpt>
			<trkpt lat="49.504295" lon="18.365796">
				<ele>1253.000000</ele>
			</trkpt>
			<trkpt lat="49.504470" lon="18.365804">
				<ele>1255.000000</ele>
			</trkpt>
			<trkpt lat="49.504674" lon="18.365769">
				<ele>1256.000000</ele>
			</trkpt>
			<trkpt lat="49.504890" lon="18.365723">
				<ele>1257.000000</ele>
			</trkpt>
			<trkpt lat="49.504983" lon="18.365733">
				<ele>1258.000000</ele>
			</trkpt>
			<trkpt lat="49.505071" lon="18.365750">
				<ele>1258.000000</ele>
			</trkpt>
			<trkpt lat="49.505503" lon="18.365867">
				<ele>1260.000000</ele>
			</trkpt>
			<trkpt lat="49.505911" lon="18.366002">
				<ele>1264.000000</ele>
			</trkpt>
			<trkpt lat="49.506080" lon="18.366083">
				<ele>1265.000000</ele>
			</trkpt>
			<trkpt lat="49.506208" lon="18.366173">
				<ele>1266.000000</ele>
			</trkpt>
			<trkpt lat="49.506331" lon="18.366326">
				<ele>1266.000000</ele>
			</trkpt>
			<trkpt lat="49.506465" lon="18.366515">
				<ele>1266.000000</ele>
			</trkpt>
			<trkpt lat="49.506524" lon="18.366595">
				<ele>1267.000000</ele>
			</trkpt>
			<trkpt lat="49.506576" lon="18.366676">
				<ele>1267.000000</ele>
			</trkpt>
			<trkpt lat="49.506786" lon="18.366855">
				<ele>1268.000000</ele>
			</trkpt>
			<trkpt lat="49.506908" lon="18.366972">
				<ele>1268.000000</ele>
			</trkpt>
			<trkpt lat="49.506979" lon="18.367062">
				<ele>1268.000000</ele>
			</trkpt>
			<trkpt lat="49.507031" lon="18.367142">
				<ele>1268.000000</ele>
			</trkpt>
			<trkpt lat="49.507089" lon="18.367260">
				<ele>1269.000000</ele>
			</trkpt>
			<trkpt lat="49.507206" lon="18.367521">
				<ele>1269.000000</ele>
			</trkpt>
			<trkpt lat="49.507299" lon="18.367754">
				<ele>1270.000000</ele>
			</trkpt>
			<trkpt lat="49.507381" lon="18.367997">
				<ele>1270.000000</ele>
			</trkpt>
			<trkpt lat="49.507504" lon="18.368383">
				<ele>1270.000000</ele>
			</trkpt>
			<trkpt lat="49.507912" lon="18.369641">
				<ele>1274.000000</ele>
			</trkpt>
			<trkpt lat="49.508145" lon="18.370431">
				<ele>1275.000000</ele>
			</trkpt>
			<trkpt lat="49.508140" lon="18.370700">
				<ele>1275.000000</ele>
			</trkpt>
			<trkpt lat="49.508140" lon="18.370700">
				<ele>1275.000000</ele>
			</trkpt>
			<trkpt lat="49.508140" lon="18.370817">
				<ele>1275.000000</ele>
			</trkpt>
			<trkpt lat="49.508116" lon="18.371473">
				<ele>1272.000000</ele>
			</trkpt>
			<trkpt lat="49.508110" lon="18.371670">
				<ele>1271.000000</ele>
			</trkpt>
			<trkpt lat="49.508116" lon="18.371796">
				<ele>1270.000000</ele>
			</trkpt>
			<trkpt lat="49.508134" lon="18.371905">
				<ele>1270.000000</ele>
			</trkpt>
			<trkpt lat="49.508163" lon="18.372029">
				<ele>1269.000000</ele>
			</trkpt>
			<trkpt lat="49.508180" lon="18.372155">
				<ele>1269.000000</ele>
			</trkpt>
			<trkpt lat="49.508192" lon="18.372272">
				<ele>1269.000000</ele>
			</trkpt>
			<trkpt lat="49.508192" lon="18.372408">
				<ele>1268.000000</ele>
			</trkpt>
			<trkpt lat="49.508163" lon="18.372614">
				<ele>1268.000000</ele>
			</trkpt>
			<trkpt lat="49.508163" lon="18.372775">
				<ele>1267.000000</ele>
			</trkpt>
			<trkpt lat="49.508157" lon="18.372928">
				<ele>1267.000000</ele>
			</trkpt>
			<trkpt lat="49.508180" lon="18.373305">
				<ele>1265.000000</ele>
			</trkpt>
			<trkpt lat="49.508203" lon="18.373719">
				<ele>1264.000000</ele>
			</trkpt>
			<trkpt lat="49.508209" lon="18.374123">
				<ele>1262.000000</ele>
			</trkpt>
			<trkpt lat="49.508227" lon="18.374590">
				<ele>1259.000000</ele>
			</trkpt>
			<trkpt lat="49.508262" lon="18.375129">
				<ele>1257.000000</ele>
			</trkpt>
			<trkpt lat="49.508280" lon="18.375497">
				<ele>1255.000000</ele>
			</trkpt>
			<trkpt lat="49.508262" lon="18.375794">
				<ele>1253.000000</ele>
			</trkpt>
			<trkpt lat="49.508227" lon="18.376126">
				<ele>1250.000000</ele>
			</trkpt>
			<trkpt lat="49.508140" lon="18.376647">
				<ele>1242.000000</ele>
			</trkpt>
			<trkpt lat="49.508081" lon="18.377016">
				<ele>1238.000000</ele>
			</trkpt>
			<trkpt lat="49.508058" lon="18.377258">
				<ele>1234.000000</ele>
			</trkpt>
			<trkpt lat="49.508069" lon="18.377509">
				<ele>1229.000000</ele>
			</trkpt>
			<trkpt lat="49.508093" lon="18.377771">
				<ele>1225.000000</ele>
			</trkpt>
			<trkpt lat="49.508203" lon="18.378444">
				<ele>1215.000000</ele>
			</trkpt>
			<trkpt lat="49.508274" lon="18.378839">
				<ele>1209.000000</ele>
			</trkpt>
			<trkpt lat="49.508343" lon="18.379199">
				<ele>1202.000000</ele>
			</trkpt>
			<trkpt lat="49.508437" lon="18.379585">
				<ele>1195.000000</ele>
			</trkpt>
			<trkpt lat="49.508734" lon="18.380834">
				<ele>1168.000000</ele>
			</trkpt>
			<trkpt lat="49.509037" lon="18.382216">
				<ele>1154.000000</ele>
			</trkpt>
			<trkpt lat="49.509212" lon="18.382908">
				<ele>1145.000000</ele>
			</trkpt>
			<trkpt lat="49.509271" lon="18.383132">
				<ele>1144.000000</ele>
			</trkpt>
			<trkpt lat="49.509347" lon="18.383321">
				<ele>1142.000000</ele>
			</trkpt>
			<trkpt lat="49.509283" lon="18.383574">
				<ele>1140.000000</ele>
			</trkpt>
			<trkpt lat="49.509230" lon="18.383851">
				<ele>1139.000000</ele>
			</trkpt>
			<trkpt lat="49.509113" lon="18.384463">
				<ele>1137.000000</ele>
			</trkpt>
			<trkpt lat="49.509078" lon="18.384679">
				<ele>1136.000000</ele>
			</trkpt>
			<trkpt lat="49.509043" lon="18.384939">
				<ele>1136.000000</ele>
			</trkpt>
			<trkpt lat="49.509037" lon="18.385245">
				<ele>1134.000000</ele>
			</trkpt>
			<trkpt lat="49.509032" lon="18.385442">
				<ele>1131.000000</ele>
			</trkpt>
			<trkpt lat="49.509009" lon="18.385585">
				<ele>1129.000000</ele>
			</trkpt>
			<trkpt lat="49.508968" lon="18.385738">
				<ele>1126.000000</ele>
			</trkpt>
			<trkpt lat="49.508909" lon="18.385900">
				<ele>1123.000000</ele>
			</trkpt>
			<trkpt lat="49.508676" lon="18.386421">
				<ele>1116.000000</ele>
			</trkpt>
			<trkpt lat="49.508583" lon="18.386708">
				<ele>1113.000000</ele>
			</trkpt>
			<trkpt lat="49.508490" lon="18.387004">
				<ele>1109.000000</ele>
			</trkpt>
			<trkpt lat="49.508419" lon="18.387346">
				<ele>1105.000000</ele>
			</trkpt>
			<trkpt lat="49.508361" lon="18.387687">
				<ele>1103.000000</ele>
			</trkpt>
			<trkpt lat="49.508303" lon="18.387903">
				<ele>1101.000000</ele>
			</trkpt>
			<trkpt lat="49.508233" lon="18.388101">
				<ele>1099.000000</ele>
			</trkpt>
			<trkpt lat="49.508140" lon="18.388316">
				<ele>1095.000000</ele>
			</trkpt>
			<trkpt lat="49.508023" lon="18.388577">
				<ele>1091.000000</ele>
			</trkpt>
			<trkpt lat="49.507801" lon="18.389107">
				<ele>1081.000000</ele>
			</trkpt>
			<trkpt lat="49.507673" lon="18.389367">
				<ele>1075.000000</ele>
			</trkpt>
			<trkpt lat="49.507562" lon="18.389547">
				<ele>1071.000000</ele>
			</trkpt>
			<trkpt lat="49.507498" lon="18.389627">
				<ele>1068.000000</ele>
			</trkpt>
			<trkpt lat="49.507410" lon="18.389709">
				<ele>1066.000000</ele>
			</trkpt>
			<trkpt lat="49.507235" lon="18.389861">
				<ele>1061.000000</ele>
			</trkpt>
			<trkpt lat="49.507118" lon="18.389951">
				<ele>1058.000000</ele>
			</trkpt>
			<trkpt lat="49.507025" lon="18.390050">
				<ele>1057.000000</ele>
			</trkpt>
			<trkpt lat="49.506949" lon="18.390158">
				<ele>1055.000000</ele>
			</trkpt>
			<trkpt lat="49.506862" lon="18.390319">
				<ele>1054.000000</ele>
			</trkpt>
			<trkpt lat="49.506652" lon="18.390805">
				<ele>1051.000000</ele>
			</trkpt>
			<trkpt lat="49.506517" lon="18.391065">
				<ele>1048.000000</ele>
			</trkpt>
			<trkpt lat="49.506349" lon="18.391290">
				<ele>1046.000000</ele>
			</trkpt>
			<trkpt lat="49.506109" lon="18.391568">
				<ele>1043.000000</ele>
			</trkpt>
			<trkpt lat="49.505923" lon="18.391774">
				<ele>1040.000000</ele>
			</trkpt>
			<trkpt lat="49.505817" lon="18.391918">
				<ele>1039.000000</ele>
			</trkpt>
			<trkpt lat="49.505771" lon="18.392008">
				<ele>1039.000000</ele>
			</trkpt>
			<trkpt lat="49.505742" lon="18.392090">
				<ele>1038.000000</ele>
			</trkpt>
			<trkpt lat="49.505713" lon="18.392197">
				<ele>1037.000000</ele>
			</trkpt>
			<trkpt lat="49.505689" lon="18.392304">
				<ele>1037.000000</ele>
			</trkpt>
			<trkpt lat="49.505532" lon="18.393195">
				<ele>1030.000000</ele>
			</trkpt>
			<trkpt lat="49.505462" lon="18.393553">
				<ele>1026.000000</ele>
			</trkpt>
			<trkpt lat="49.505421" lon="18.393895">
				<ele>1021.000000</ele>
			</trkpt>
			<trkpt lat="49.505392" lon="18.394218">
				<ele>1017.000000</ele>
			</trkpt>
			<trkpt lat="49.505374" lon="18.394748">
				<ele>1010.000000</ele>
			</trkpt>
			<trkpt lat="49.505386" lon="18.394964">
				<ele>1007.000000</ele>
			</trkpt>
			<trkpt lat="49.505380" lon="18.395107">
				<ele>1005.000000</ele>
			</trkpt>
			<trkpt lat="49.505380" lon="18.395233">
				<ele>1003.000000</ele>
			</trkpt>
			<trkpt lat="49.505357" lon="18.395340">
				<ele>1001.000000</ele>
			</trkpt>
			<trkpt lat="49.505339" lon="18.395430">
				<ele>1000.000000</ele>
			</trkpt>
			<trkpt lat="49.505298" lon="18.395539">
				<ele>998.000000</ele>
			</trkpt>
			<trkpt lat="49.505054" lon="18.396176">
				<ele>983.000000</ele>
			</trkpt>
			<trkpt lat="49.504966" lon="18.396419">
				<ele>978.000000</ele>
			</trkpt>
			<trkpt lat="49.504890" lon="18.396644">
				<ele>973.000000</ele>
			</trkpt>
			<trkpt lat="49.504820" lon="18.396887">
				<ele>968.000000</ele>
			</trkpt>
			<trkpt lat="49.504745" lon="18.397174">
				<ele>961.000000</ele>
			</trkpt>
			<trkpt lat="49.504225" lon="18.399294">
				<ele>923.000000</ele>
			</trkpt>
			<trkpt lat="49.504091" lon="18.399877">
				<ele>913.000000</ele>
			</trkpt>
			<trkpt lat="49.503963" lon="18.400551">
				<ele>901.000000</ele>
			</trkpt>
			<trkpt lat="49.503876" lon="18.401028">
				<ele>893.000000</ele>
			</trkpt>
			<trkpt lat="49.503823" lon="18.401252">
				<ele>889.000000</ele>
			</trkpt>
			<trkpt lat="49.503776" lon="18.401378">
				<ele>886.000000</ele>
			</trkpt>
			<trkpt lat="49.503729" lon="18.401468">
				<ele>884.000000</ele>
			</trkpt>
			<trkpt lat="49.503671" lon="18.401548">
				<ele>882.000000</ele>
			</trkpt>
			<trkpt lat="49.503601" lon="18.401638">
				<ele>880.000000</ele>
			</trkpt>
			<trkpt lat="49.503513" lon="18.401719">
				<ele>877.000000</ele>
			</trkpt>
			<trkpt lat="49.503467" lon="18.401772">
				<ele>875.000000</ele>
			</trkpt>
			<trkpt lat="49.503449" lon="18.401827">
				<ele>875.000000</ele>
			</trkpt>
			<trkpt lat="49.503432" lon="18.401881">
				<ele>874.000000</ele>
			</trkpt>
			<trkpt lat="49.503327" lon="18.402338">
				<ele>867.000000</ele>
			</trkpt>
			<trkpt lat="49.503280" lon="18.402671">
				<ele>863.000000</ele>
			</trkpt>
			<trkpt lat="49.503216" lon="18.402717">
				<ele>862.000000</ele>
			</trkpt>
			<trkpt lat="49.503257" lon="18.402887">
				<ele>861.000000</ele>
			</trkpt>
			<trkpt lat="49.503304" lon="18.403013">
				<ele>860.000000</ele>
			</trkpt>
			<trkpt lat="49.503356" lon="18.403130">
				<ele>859.000000</ele>
			</trkpt>
			<trkpt lat="49.503426" lon="18.403219">
				<ele>858.000000</ele>
			</trkpt>
			<trkpt lat="49.503496" lon="18.403264">
				<ele>858.000000</ele>
			</trkpt>
			<trkpt lat="49.503566" lon="18.403300">
				<ele>857.000000</ele>
			</trkpt>
			<trkpt lat="49.503682" lon="18.403309">
				<ele>856.000000</ele>
			</trkpt>
			<trkpt lat="49.503782" lon="18.403273">
				<ele>856.000000</ele>
			</trkpt>
			<trkpt lat="49.503876" lon="18.403219">
				<ele>855.000000</ele>
			</trkpt>
			<trkpt lat="49.503998" lon="18.403103">
				<ele>853.000000</ele>
			</trkpt>
			<trkpt lat="49.505065" lon="18.401935">
				<ele>839.000000</ele>
			</trkpt>
			<trkpt lat="49.505508" lon="18.401468">
				<ele>834.000000</ele>
			</trkpt>
			<trkpt lat="49.505964" lon="18.401019">
				<ele>828.000000</ele>
			</trkpt>
			<trkpt lat="49.506448" lon="18.400596">
				<ele>821.000000</ele>
			</trkpt>
			<trkpt lat="49.506908" lon="18.400227">
				<ele>814.000000</ele>
			</trkpt>
			<trkpt lat="49.507364" lon="18.399887">
				<ele>811.000000</ele>
			</trkpt>
			<trkpt lat="49.507504" lon="18.399814">
				<ele>810.000000</ele>
			</trkpt>
			<trkpt lat="49.507621" lon="18.399778">
				<ele>809.000000</ele>
			</trkpt>
			<trkpt lat="49.507702" lon="18.399788">
				<ele>809.000000</ele>
			</trkpt>
			<trkpt lat="49.507755" lon="18.399814">
				<ele>809.000000</ele>
			</trkpt>
			<trkpt lat="49.507807" lon="18.399887">
				<ele>808.000000</ele>
			</trkpt>
			<trkpt lat="49.507830" lon="18.399977">
				<ele>808.000000</ele>
			</trkpt>
			<trkpt lat="49.508011" lon="18.400866">
				<ele>805.000000</ele>
			</trkpt>
			<trkpt lat="49.508163" lon="18.401755">
				<ele>799.000000</ele>
			</trkpt>
			<trkpt lat="49.508408" lon="18.403229">
				<ele>791.000000</ele>
			</trkpt>
			<trkpt lat="49.508577" lon="18.404225">
				<ele>785.000000</ele>
			</trkpt>
			<trkpt lat="49.508764" lon="18.405231">
				<ele>780.000000</ele>
			</trkpt>
			<trkpt lat="49.508974" lon="18.406300">
				<ele>774.000000</ele>
			</trkpt>
			<trkpt lat="49.509026" lon="18.406525">
				<ele>771.000000</ele>
			</trkpt>
			<trkpt lat="49.509050" lon="18.406606">
				<ele>770.000000</ele>
			</trkpt>
			<trkpt lat="49.509084" lon="18.406669">
				<ele>769.000000</ele>
			</trkpt>
			<trkpt lat="49.509108" lon="18.406722">
				<ele>768.000000</ele>
			</trkpt>
			<trkpt lat="49.509143" lon="18.406741">
				<ele>766.000000</ele>
			</trkpt>
			<trkpt lat="49.509178" lon="18.406759">
				<ele>765.000000</ele>
			</trkpt>
			<trkpt lat="49.509225" lon="18.406759">
				<ele>764.000000</ele>
			</trkpt>
			<trkpt lat="49.509166" lon="18.406866">
				<ele>761.000000</ele>
			</trkpt>
			<trkpt lat="49.509125" lon="18.406956">
				<ele>759.000000</ele>
			</trkpt>
			<trkpt lat="49.509108" lon="18.407055">
				<ele>757.000000</ele>
			</trkpt>
			<trkpt lat="49.509102" lon="18.407162">
				<ele>755.000000</ele>
			</trkpt>
			<trkpt lat="49.509090" lon="18.407288">
				<ele>752.000000</ele>
			</trkpt>
			<trkpt lat="49.509078" lon="18.407378">
				<ele>749.000000</ele>
			</trkpt>
			<trkpt lat="49.509050" lon="18.407495">
				<ele>747.000000</ele>
			</trkpt>
			<trkpt lat="49.509009" lon="18.407630">
				<ele>744.000000</ele>
			</trkpt>
			<trkpt lat="49.508851" lon="18.408114">
				<ele>733.000000</ele>
			</trkpt>
			<trkpt lat="49.508687" lon="18.408709">
				<ele>720.000000</ele>
			</trkpt>
			<trkpt lat="49.508670" lon="18.408816">
				<ele>717.000000</ele>
			</trkpt>
			<trkpt lat="49.508676" lon="18.408906">
				<ele>715.000000</ele>
			</trkpt>
			<trkpt lat="49.508687" lon="18.408986">
				<ele>712.000000</ele>
			</trkpt>
			<trkpt lat="49.508734" lon="18.409040">
				<ele>710.000000</ele>
			</trkpt>
			<trkpt lat="49.508769" lon="18.409085">
				<ele>707.000000</ele>
			</trkpt>
			<trkpt lat="49.508787" lon="18.409148">
				<ele>705.000000</ele>
			</trkpt>
			<trkpt lat="49.508793" lon="18.409202">
				<ele>704.000000</ele>
			</trkpt>
			<trkpt lat="49.508781" lon="18.409265">
				<ele>703.000000</ele>
			</trkpt>
			<trkpt lat="49.508647" lon="18.409795">
				<ele>689.000000</ele>
			</trkpt>
			<trkpt lat="49.508589" lon="18.409975">
				<ele>685.000000</ele>
			</trkpt>
			<trkpt lat="49.508512" lon="18.410172">
				<ele>680.000000</ele>
			</trkpt>
			<trkpt lat="49.508280" lon="18.410793">
				<ele>668.000000</ele>
			</trkpt>
			<trkpt lat="49.508168" lon="18.411034">
				<ele>663.000000</ele>
			</trkpt>
			<trkpt lat="49.507924" lon="18.411573">
				<ele>655.000000</ele>
			</trkpt>
			<trkpt lat="49.507795" lon="18.411906">
				<ele>652.000000</ele>
			</trkpt>
			<trkpt lat="49.507749" lon="18.411959">
				<ele>651.000000</ele>
			</trkpt>
			<trkpt lat="49.507702" lon="18.411986">
				<ele>650.000000</ele>
			</trkpt>
			<trkpt lat="49.507574" lon="18.412032">
				<ele>646.000000</ele>
			</trkpt>
			<trkpt lat="49.507410" lon="18.412085">
				<ele>640.000000</ele>
			</trkpt>
			<trkpt lat="49.507317" lon="18.412139">
				<ele>636.000000</ele>
			</trkpt>
			<trkpt lat="49.507247" lon="18.412212">
				<ele>634.000000</ele>
			</trkpt>
			<trkpt lat="49.507177" lon="18.412338">
				<ele>631.000000</ele>
			</trkpt>
			<trkpt lat="49.507031" lon="18.412688">
				<ele>624.000000</ele>
			</trkpt>
			<trkpt lat="49.506938" lon="18.412957">
				<ele>620.000000</ele>
			</trkpt>
			<trkpt lat="49.506868" lon="18.413208">
				<ele>616.000000</ele>
			</trkpt>
			<trkpt lat="49.506804" lon="18.413514">
				<ele>613.000000</ele>
			</trkpt>
			<trkpt lat="49.506757" lon="18.413730">
				<ele>611.000000</ele>
			</trkpt>
			<trkpt lat="49.506699" lon="18.413919">
				<ele>608.000000</ele>
			</trkpt>
			<trkpt lat="49.506617" lon="18.414062">
				<ele>605.000000</ele>
			</trkpt>
			<trkpt lat="49.506495" lon="18.414250">
				<ele>599.000000</ele>
			</trkpt>
			<trkpt lat="49.506296" lon="18.414512">
				<ele>593.000000</ele>
			</trkpt>
			<trkpt lat="49.506162" lon="18.414754">
				<ele>590.000000</ele>
			</trkpt>
			<trkpt lat="49.506057" lon="18.414996">
				<ele>588.000000</ele>
			</trkpt>
			<trkpt lat="49.505964" lon="18.415194">
				<ele>587.000000</ele>
			</trkpt>
			<trkpt lat="49.505858" lon="18.415355">
				<ele>585.000000</ele>
			</trkpt>
			<trkpt lat="49.505719" lon="18.415554">
				<ele>584.000000</ele>
			</trkpt>
			<trkpt lat="49.505503" lon="18.415814">
				<ele>582.000000</ele>
			</trkpt>
			<trkpt lat="49.505048" lon="18.416290">
				<ele>578.000000</ele>
			</trkpt>
			<trkpt lat="49.504820" lon="18.416550">
				<ele>576.000000</ele>
			</trkpt>
			<trkpt lat="49.504704" lon="18.416667">
				<ele>575.000000</ele>
			</trkpt>
			<trkpt lat="49.504855" lon="18.417035">
				<ele>574.000000</ele>
			</trkpt>
			<trkpt lat="49.505013" lon="18.417368">
				<ele>574.000000</ele>
			</trkpt>
			<trkpt lat="49.505089" lon="18.417512">
				<ele>574.000000</ele>
			</trkpt>
			<trkpt lat="49.505158" lon="18.417611">
				<ele>573.000000</ele>
			</trkpt>
			<trkpt lat="49.505229" lon="18.417701">
				<ele>573.000000</ele>
			</trkpt>
			<trkpt lat="49.505311" lon="18.417762">
				<ele>573.000000</ele>
			</trkpt>
			<trkpt lat="49.505380" lon="18.417817">
				<ele>573.000000</ele>
			</trkpt>
			<trkpt lat="49.505479" lon="18.417852">
				<ele>573.000000</ele>
			</trkpt>
			<trkpt lat="49.505573" lon="18.417888">
				<ele>572.000000</ele>
			</trkpt>
			<trkpt lat="49.505701" lon="18.417898">
				<ele>572.000000</ele>
			</trkpt>
			<trkpt lat="49.505823" lon="18.417907">
				<ele>572.000000</ele>
			</trkpt>
			<trkpt lat="49.505970" lon="18.417862">
				<ele>571.000000</ele>
			</trkpt>
			<trkpt lat="49.506074" lon="18.417799">
				<ele>571.000000</ele>
			</trkpt>
			<trkpt lat="49.506191" lon="18.417701">
				<ele>571.000000</ele>
			</trkpt>
			<trkpt lat="49.506296" lon="18.417565">
				<ele>571.000000</ele>
			</trkpt>
			<trkpt lat="49.506407" lon="18.417376">
				<ele>570.000000</ele>
			</trkpt>
			<trkpt lat="49.506512" lon="18.417170">
				<ele>569.000000</ele>
			</trkpt>
			<trkpt lat="49.506646" lon="18.416873">
				<ele>564.000000</ele>
			</trkpt>
			<trkpt lat="49.506804" lon="18.416523">
				<ele>561.000000</ele>
			</trkpt>
			<trkpt lat="49.506921" lon="18.416299">
				<ele>560.000000</ele>
			</trkpt>
			<trkpt lat="49.507031" lon="18.416065">
				<ele>558.000000</ele>
			</trkpt>
			<trkpt lat="49.507177" lon="18.415831">
				<ele>557.000000</ele>
			</trkpt>
			<trkpt lat="49.507410" lon="18.415491">
				<ele>554.000000</ele>
			</trkpt>
			<trkpt lat="49.507679" lon="18.415122">
				<ele>551.000000</ele>
			</trkpt>
			<trkpt lat="49.507924" lon="18.414835">
				<ele>550.000000</ele>
			</trkpt>
			<trkpt lat="49.508209" lon="18.414520">
				<ele>548.000000</ele>
			</trkpt>
			<trkpt lat="49.508518" lon="18.414242">
				<ele>546.000000</ele>
			</trkpt>
			<trkpt lat="49.508834" lon="18.413972">
				<ele>544.000000</ele>
			</trkpt>
			<trkpt lat="49.509207" lon="18.413667">
				<ele>540.000000</ele>
			</trkpt>
			<trkpt lat="49.509790" lon="18.413217">
				<ele>534.000000</ele>
			</trkpt>
			<trkpt lat="49.510269" lon="18.412885">
				<ele>533.000000</ele>
			</trkpt>
			<trkpt lat="49.510496" lon="18.412741">
				<ele>532.000000</ele>
			</trkpt>
			<trkpt lat="49.510694" lon="18.412634">
				<ele>531.000000</ele>
			</trkpt>
			<trkpt lat="49.510916" lon="18.412525">
				<ele>530.000000</ele>
			</trkpt>
			<trkpt lat="49.511144" lon="18.412418">
				<ele>528.000000</ele>
			</trkpt>
			<trkpt lat="49.511388" lon="18.412328">
				<ele>526.000000</ele>
			</trkpt>
			<trkpt lat="49.511616" lon="18.412256">
				<ele>524.000000</ele>
			</trkpt>
			<trkpt lat="49.511628" lon="18.412284">
				<ele>524.000000</ele>
			</trkpt>
			<trkpt lat="49.511616" lon="18.412311">
				<ele>524.000000</ele>
			</trkpt>
			<trkpt lat="49.511598" lon="18.412338">
				<ele>525.000000</ele>
			</trkpt>
			<trkpt lat="49.511557" lon="18.412382">
				<ele>525.000000</ele>
			</trkpt>
			<trkpt lat="49.511423" lon="18.412462">
				<ele>525.000000</ele>
			</trkpt>
			<trkpt lat="49.511172" lon="18.412615">
				<ele>523.000000</ele>
			</trkpt>
			<trkpt lat="49.511038" lon="18.412688">
				<ele>522.000000</ele>
			</trkpt>
			<trkpt lat="49.510898" lon="18.412804">
				<ele>521.000000</ele>
			</trkpt>
			<trkpt lat="49.510770" lon="18.412904">
				<ele>520.000000</ele>
			</trkpt>
			<trkpt lat="49.510647" lon="18.413020">
				<ele>518.000000</ele>
			</trkpt>
			<trkpt lat="49.510537" lon="18.413146">
				<ele>516.000000</ele>
			</trkpt>
			<trkpt lat="49.510426" lon="18.413290">
				<ele>514.000000</ele>
			</trkpt>
			<trkpt lat="49.510105" lon="18.413756">
				<ele>510.000000</ele>
			</trkpt>
			<trkpt lat="49.510502" lon="18.414709">
				<ele>508.000000</ele>
			</trkpt>
			<trkpt lat="49.511417" lon="18.416846">
				<ele>506.000000</ele>
			</trkpt>
			<trkpt lat="49.511873" lon="18.417942">
				<ele>506.000000</ele>
			</trkpt>
			<trkpt lat="49.512018" lon="18.417754">
				<ele>507.000000</ele>
			</trkpt>
			<trkpt lat="49.512170" lon="18.417619">
				<ele>509.000000</ele>
			</trkpt>
			<trkpt lat="49.512333" lon="18.417494">
				<ele>510.000000</ele>
			</trkpt>
			<trkpt lat="49.512537" lon="18.417368">
				<ele>511.000000</ele>
			</trkpt>
			<trkpt lat="49.512940" lon="18.417162">
				<ele>514.000000</ele>
			</trkpt>
			<trkpt lat="49.513523" lon="18.416892">
				<ele>517.000000</ele>
			</trkpt>
			<trkpt lat="49.512893" lon="18.417376">
				<ele>519.000000</ele>
			</trkpt>
			<trkpt lat="49.512701" lon="18.417538">
				<ele>520.000000</ele>
			</trkpt>
			<trkpt lat="49.512573" lon="18.417673">
				<ele>521.000000</ele>
			</trkpt>
			<trkpt lat="49.512322" lon="18.417961">
				<ele>524.000000</ele>
			</trkpt>
			<trkpt lat="49.512263" lon="18.418051">
				<ele>525.000000</ele>
			</trkpt>
			<trkpt lat="49.512188" lon="18.418194">
				<ele>526.000000</ele>
			</trkpt>
			<trkpt lat="49.512054" lon="18.418508">
				<ele>528.000000</ele>
			</trkpt>
			<trkpt lat="49.511972" lon="18.418751">
				<ele>529.000000</ele>
			</trkpt>
			<trkpt lat="49.511913" lon="18.419020">
				<ele>530.000000</ele>
			</trkpt>
			<trkpt lat="49.511866" lon="18.419335">
				<ele>532.000000</ele>
			</trkpt>
			<trkpt lat="49.511838" lon="18.419695">
				<ele>533.000000</ele>
			</trkpt>
			<trkpt lat="49.511808" lon="18.420135">
				<ele>534.000000</ele>
			</trkpt>
			<trkpt lat="49.511785" lon="18.420611">
				<ele>536.000000</ele>
			</trkpt>
			<trkpt lat="49.511779" lon="18.421150">
				<ele>539.000000</ele>
			</trkpt>
			<trkpt lat="49.511937" lon="18.420898">
				<ele>544.000000</ele>
			</trkpt>
			<trkpt lat="49.512071" lon="18.420665">
				<ele>550.000000</ele>
			</trkpt>
			<trkpt lat="49.512176" lon="18.420431">
				<ele>556.000000</ele>
			</trkpt>
			<trkpt lat="49.512292" lon="18.420108">
				<ele>560.000000</ele>
			</trkpt>
			<trkpt lat="49.512374" lon="18.419909">
				<ele>562.000000</ele>
			</trkpt>
			<trkpt lat="49.512473" lon="18.419722">
				<ele>565.000000</ele>
			</trkpt>
			<trkpt lat="49.512595" lon="18.419578">
				<ele>568.000000</ele>
			</trkpt>
			<trkpt lat="49.512736" lon="18.419452">
				<ele>571.000000</ele>
			</trkpt>
			<trkpt lat="49.512811" lon="18.419389">
				<ele>573.000000</ele>
			</trkpt>
			<trkpt lat="49.512911" lon="18.419309">
				<ele>576.000000</ele>
			</trkpt>
			<trkpt lat="49.513051" lon="18.419236">
				<ele>580.000000</ele>
			</trkpt>
			<trkpt lat="49.513220" lon="18.419156">
				<ele>584.000000</ele>
			</trkpt>
			<trkpt lat="49.513383" lon="18.419083">
				<ele>587.000000</ele>
			</trkpt>
			<trkpt lat="49.513546" lon="18.419020">
				<ele>592.000000</ele>
			</trkpt>
			<trkpt lat="49.513721" lon="18.418984">
				<ele>596.000000</ele>
			</trkpt>
			<trkpt lat="49.513931" lon="18.418940">
				<ele>602.000000</ele>
			</trkpt>
			<trkpt lat="49.514433" lon="18.418877">
				<ele>613.000000</ele>
			</trkpt>
			<trkpt lat="49.515512" lon="18.418751">
				<ele>633.000000</ele>
			</trkpt>
			<trkpt lat="49.516702" lon="18.418554">
				<ele>659.000000</ele>
			</trkpt>
			<trkpt lat="49.517781" lon="18.418328">
				<ele>677.000000</ele>
			</trkpt>
			<trkpt lat="49.518160" lon="18.418257">
				<ele>683.000000</ele>
			</trkpt>
			<trkpt lat="49.518614" lon="18.418204">
				<ele>690.000000</ele>
			</trkpt>
			<trkpt lat="49.519344" lon="18.418104">
				<ele>701.000000</ele>
			</trkpt>
			<trkpt lat="49.519559" lon="18.418087">
				<ele>704.000000</ele>
			</trkpt>
			<trkpt lat="49.519804" lon="18.418095">
				<ele>707.000000</ele>
			</trkpt>
			<trkpt lat="49.520084" lon="18.418087">
				<ele>712.000000</ele>
			</trkpt>
			<trkpt lat="49.520306" lon="18.418158">
				<ele>716.000000</ele>
			</trkpt>
			<trkpt lat="49.520480" lon="18.418194">
				<ele>719.000000</ele>
			</trkpt>
			<trkpt lat="49.520644" lon="18.418194">
				<ele>720.000000</ele>
			</trkpt>
			<trkpt lat="49.520807" lon="18.418177">
				<ele>721.000000</ele>
			</trkpt>
			<trkpt lat="49.520965" lon="18.418131">
				<ele>722.000000</ele>
			</trkpt>
			<trkpt lat="49.521152" lon="18.418051">
				<ele>723.000000</ele>
			</trkpt>
			<trkpt lat="49.521321" lon="18.417934">
				<ele>723.000000</ele>
			</trkpt>
			<trkpt lat="49.521518" lon="18.417781">
				<ele>724.000000</ele>
			</trkpt>
			<trkpt lat="49.521991" lon="18.417386">
				<ele>726.000000</ele>
			</trkpt>
			<trkpt lat="49.522405" lon="18.417018">
				<ele>729.000000</ele>
			</trkpt>
			<trkpt lat="49.522469" lon="18.416982">
				<ele>729.000000</ele>
			</trkpt>
			<trkpt lat="49.522534" lon="18.416955">
				<ele>729.000000</ele>
			</trkpt>
			<trkpt lat="49.522597" lon="18.416963">
				<ele>730.000000</ele>
			</trkpt>
			<trkpt lat="49.522650" lon="18.416982">
				<ele>730.000000</ele>
			</trkpt>
			<trkpt lat="49.522703" lon="18.417026">
				<ele>731.000000</ele>
			</trkpt>
			<trkpt lat="49.522749" lon="18.417099">
				<ele>733.000000</ele>
			</trkpt>
			<trkpt lat="49.522790" lon="18.417179">
				<ele>735.000000</ele>
			</trkpt>
			<trkpt lat="49.522831" lon="18.417296">
				<ele>737.000000</ele>
			</trkpt>
			<trkpt lat="49.522831" lon="18.417305">
				<ele>737.000000</ele>
			</trkpt>
			<trkpt lat="49.522837" lon="18.417673">
				<ele>745.000000</ele>
			</trkpt>
			<trkpt lat="49.522831" lon="18.417888">
				<ele>749.000000</ele>
			</trkpt>
			<trkpt lat="49.522807" lon="18.418095">
				<ele>753.000000</ele>
			</trkpt>
			<trkpt lat="49.522767" lon="18.418328">
				<ele>758.000000</ele>
			</trkpt>
			<trkpt lat="49.522714" lon="18.418563">
				<ele>763.000000</ele>
			</trkpt>
			<trkpt lat="49.522679" lon="18.418787">
				<ele>768.000000</ele>
			</trkpt>
			<trkpt lat="49.522662" lon="18.419030">
				<ele>774.000000</ele>
			</trkpt>
			<trkpt lat="49.522656" lon="18.419353">
				<ele>781.000000</ele>
			</trkpt>
			<trkpt lat="49.522633" lon="18.419676">
				<ele>789.000000</ele>
			</trkpt>
			<trkpt lat="49.522621" lon="18.419812">
				<ele>792.000000</ele>
			</trkpt>
			<trkpt lat="49.522603" lon="18.419919">
				<ele>796.000000</ele>
			</trkpt>
			<trkpt lat="49.522569" lon="18.420026">
				<ele>799.000000</ele>
			</trkpt>
			<trkpt lat="49.522534" lon="18.420125">
				<ele>802.000000</ele>
			</trkpt>
			<trkpt lat="49.522487" lon="18.420198">
				<ele>805.000000</ele>
			</trkpt>
			<trkpt lat="49.522428" lon="18.420278">
				<ele>808.000000</ele>
			</trkpt>
			<trkpt lat="49.522382" lon="18.420332">
				<ele>810.000000</ele>
			</trkpt>
			<trkpt lat="49.521863" lon="18.420817">
				<ele>821.000000</ele>
			</trkpt>
			<trkpt lat="49.521717" lon="18.420988">
				<ele>825.000000</ele>
			</trkpt>
			<trkpt lat="49.521565" lon="18.421177">
				<ele>829.000000</ele>
			</trkpt>
			<trkpt lat="49.521362" lon="18.421446">
				<ele>833.000000</ele>
			</trkpt>
			<trkpt lat="49.521291" lon="18.421554">
				<ele>835.000000</ele>
			</trkpt>
			<trkpt lat="49.521245" lon="18.421653">
				<ele>837.000000</ele>
			</trkpt>
			<trkpt lat="49.521198" lon="18.421770">
				<ele>839.000000</ele>
			</trkpt>
			<trkpt lat="49.521157" lon="18.421896">
				<ele>841.000000</ele>
			</trkpt>
			<trkpt lat="49.521128" lon="18.422039">
				<ele>843.000000</ele>
			</trkpt>
			<trkpt lat="49.521093" lon="18.422173">
				<ele>845.000000</ele>
			</trkpt>
			<trkpt lat="49.521040" lon="18.422255">
				<ele>845.000000</ele>
			</trkpt>
			<trkpt lat="49.520999" lon="18.422336">
				<ele>846.000000</ele>
			</trkpt>
			<trkpt lat="49.520982" lon="18.422416">
				<ele>846.000000</ele>
			</trkpt>
			<trkpt lat="49.520965" lon="18.422515">
				<ele>846.000000</ele>
			</trkpt>
			<trkpt lat="49.520965" lon="18.422614">
				<ele>847.000000</ele>
			</trkpt>
			<trkpt lat="49.520971" lon="18.422704">
				<ele>847.000000</ele>
			</trkpt>
			<trkpt lat="49.521035" lon="18.422991">
				<ele>848.000000</ele>
			</trkpt>
			<trkpt lat="49.521058" lon="18.423072">
				<ele>849.000000</ele>
			</trkpt>
			<trkpt lat="49.521111" lon="18.423198">
				<ele>849.000000</ele>
			</trkpt>
			<trkpt lat="49.521169" lon="18.423368">
				<ele>850.000000</ele>
			</trkpt>
			<trkpt lat="49.521221" lon="18.423611">
				<ele>851.000000</ele>
			</trkpt>
			<trkpt lat="49.521309" lon="18.424033">
				<ele>853.000000</ele>
			</trkpt>
			<trkpt lat="49.521379" lon="18.424509">
				<ele>854.000000</ele>
			</trkpt>
			<trkpt lat="49.521431" lon="18.424823">
				<ele>855.000000</ele>
			</trkpt>
			<trkpt lat="49.521484" lon="18.425066">
				<ele>856.000000</ele>
			</trkpt>
			<trkpt lat="49.521537" lon="18.425236">
				<ele>857.000000</ele>
			</trkpt>
			<trkpt lat="49.521565" lon="18.425435">
				<ele>857.000000</ele>
			</trkpt>
			<trkpt lat="49.521577" lon="18.425624">
				<ele>858.000000</ele>
			</trkpt>
			<trkpt lat="49.521583" lon="18.425830">
				<ele>859.000000</ele>
			</trkpt>
			<trkpt lat="49.521565" lon="18.426576">
				<ele>861.000000</ele>
			</trkpt>
			<trkpt lat="49.521537" lon="18.427213">
				<ele>863.000000</ele>
			</trkpt>
			<trkpt lat="49.521501" lon="18.427788">
				<ele>864.000000</ele>
			</trkpt>
			<trkpt lat="49.521455" lon="18.428336">
				<ele>865.000000</ele>
			</trkpt>
			<trkpt lat="49.521332" lon="18.429396">
				<ele>865.000000</ele>
			</trkpt>
			<trkpt lat="49.521291" lon="18.429756">
				<ele>865.000000</ele>
			</trkpt>
			<trkpt lat="49.521274" lon="18.429999">
				<ele>865.000000</ele>
			</trkpt>
			<trkpt lat="49.521286" lon="18.430223">
				<ele>865.000000</ele>
			</trkpt>
			<trkpt lat="49.521315" lon="18.430448">
				<ele>865.000000</ele>
			</trkpt>
			<trkpt lat="49.521367" lon="18.430626">
				<ele>865.000000</ele>
			</trkpt>
			<trkpt lat="49.521425" lon="18.430771">
				<ele>865.000000</ele>
			</trkpt>
			<trkpt lat="49.521484" lon="18.430869">
				<ele>865.000000</ele>
			</trkpt>
			<trkpt lat="49.521577" lon="18.431004">
				<ele>865.000000</ele>
			</trkpt>
			<trkpt lat="49.521665" lon="18.431102">
				<ele>865.000000</ele>
			</trkpt>
			<trkpt lat="49.521746" lon="18.431165">
				<ele>865.000000</ele>
			</trkpt>
			<trkpt lat="49.521950" lon="18.431291">
				<ele>865.000000</ele>
			</trkpt>
			<trkpt lat="49.522119" lon="18.431345">
				<ele>865.000000</ele>
			</trkpt>
			<trkpt lat="49.522300" lon="18.431354">
				<ele>865.000000</ele>
			</trkpt>
			<trkpt lat="49.522534" lon="18.431328">
				<ele>864.000000</ele>
			</trkpt>
			<trkpt lat="49.523081" lon="18.431228">
				<ele>860.000000</ele>
			</trkpt>
			<trkpt lat="49.523484" lon="18.431192">
				<ele>858.000000</ele>
			</trkpt>
			<trkpt lat="49.523898" lon="18.431175">
				<ele>856.000000</ele>
			</trkpt>
			<trkpt lat="49.524417" lon="18.431202">
				<ele>851.000000</ele>
			</trkpt>
			<trkpt lat="49.524767" lon="18.431228">
				<ele>848.000000</ele>
			</trkpt>
			<trkpt lat="49.524872" lon="18.431247">
				<ele>847.000000</ele>
			</trkpt>
			<trkpt lat="49.524971" lon="18.431282">
				<ele>846.000000</ele>
			</trkpt>
			<trkpt lat="49.525058" lon="18.431345">
				<ele>845.000000</ele>
			</trkpt>
			<trkpt lat="49.525158" lon="18.431417">
				<ele>844.000000</ele>
			</trkpt>
			<trkpt lat="49.525251" lon="18.431507">
				<ele>843.000000</ele>
			</trkpt>
			<trkpt lat="49.525367" lon="18.431641">
				<ele>842.000000</ele>
			</trkpt>
			<trkpt lat="49.525490" lon="18.431777">
				<ele>840.000000</ele>
			</trkpt>
			<trkpt lat="49.525630" lon="18.431894">
				<ele>840.000000</ele>
			</trkpt>
			<trkpt lat="49.525781" lon="18.432001">
				<ele>839.000000</ele>
			</trkpt>
			<trkpt lat="49.525927" lon="18.432083">
				<ele>839.000000</ele>
			</trkpt>
			<trkpt lat="49.526131" lon="18.432190">
				<ele>839.000000</ele>
			</trkpt>
			<trkpt lat="49.526202" lon="18.432234">
				<ele>838.000000</ele>
			</trkpt>
			<trkpt lat="49.526265" lon="18.432297">
				<ele>838.000000</ele>
			</trkpt>
			<trkpt lat="49.526574" lon="18.432693">
				<ele>837.000000</ele>
			</trkpt>
			<trkpt lat="49.527245" lon="18.433511">
				<ele>836.000000</ele>
			</trkpt>
			<trkpt lat="49.527409" lon="18.433735">
				<ele>835.000000</ele>
			</trkpt>
			<trkpt lat="49.527565" lon="18.433960">
				<ele>836.000000</ele>
			</trkpt>
			<trkpt lat="49.527694" lon="18.434184">
				<ele>836.000000</ele>
			</trkpt>
			<trkpt lat="49.527805" lon="18.434381">
				<ele>837.000000</ele>
			</trkpt>
			<trkpt lat="49.527898" lon="18.434570">
				<ele>838.000000</ele>
			</trkpt>
			<trkpt lat="49.527968" lon="18.434723">
				<ele>838.000000</ele>
			</trkpt>
			<trkpt lat="49.528575" lon="18.436251">
				<ele>844.000000</ele>
			</trkpt>
			<trkpt lat="49.529088" lon="18.437454">
				<ele>854.000000</ele>
			</trkpt>
			<trkpt lat="49.529227" lon="18.437742">
				<ele>859.000000</ele>
			</trkpt>
			<trkpt lat="49.529379" lon="18.438020">
				<ele>863.000000</ele>
			</trkpt>
			<trkpt lat="49.529933" lon="18.438972">
				<ele>883.000000</ele>
			</trkpt>
			<trkpt lat="49.530877" lon="18.440572">
				<ele>925.000000</ele>
			</trkpt>
			<trkpt lat="49.531571" lon="18.441739">
				<ele>950.000000</ele>
			</trkpt>
			<trkpt lat="49.531636" lon="18.441918">
				<ele>952.000000</ele>
			</trkpt>
			<trkpt lat="49.531676" lon="18.442090">
				<ele>955.000000</ele>
			</trkpt>
			<trkpt lat="49.531729" lon="18.442270">
				<ele>958.000000</ele>
			</trkpt>
			<trkpt lat="49.531787" lon="18.442431">
				<ele>961.000000</ele>
			</trkpt>
			<trkpt lat="49.531880" lon="18.442593">
				<ele>964.000000</ele>
			</trkpt>
			<trkpt lat="49.532009" lon="18.442746">
				<ele>968.000000</ele>
			</trkpt>
			<trkpt lat="49.532108" lon="18.442853">
				<ele>971.000000</ele>
			</trkpt>
			<trkpt lat="49.532119" lon="18.442897">
				<ele>972.000000</ele>
			</trkpt>
			<trkpt lat="49.532137" lon="18.442924">
				<ele>972.000000</ele>
			</trkpt>
			<trkpt lat="49.532184" lon="18.443194">
				<ele>976.000000</ele>
			</trkpt>
			<trkpt lat="49.532043" lon="18.443733">
				<ele>985.000000</ele>
			</trkpt>
			<trkpt lat="49.531921" lon="18.444255">
				<ele>993.000000</ele>
			</trkpt>
			<trkpt lat="49.531909" lon="18.444371">
				<ele>995.000000</ele>
			</trkpt>
			<trkpt lat="49.531915" lon="18.444488">
				<ele>998.000000</ele>
			</trkpt>
			<trkpt lat="49.531921" lon="18.444515">
				<ele>998.000000</ele>
			</trkpt>
			<trkpt lat="49.531939" lon="18.444524">
				<ele>999.000000</ele>
			</trkpt>
			<trkpt lat="49.532009" lon="18.444515">
				<ele>1001.000000</ele>
			</trkpt>
			<trkpt lat="49.532108" lon="18.444488">
				<ele>1004.000000</ele>
			</trkpt>
			<trkpt lat="49.532190" lon="18.444479">
				<ele>1006.000000</ele>
			</trkpt>
			<trkpt lat="49.532283" lon="18.444479">
				<ele>1008.000000</ele>
			</trkpt>
			<trkpt lat="49.532387" lon="18.444505">
				<ele>1010.000000</ele>
			</trkpt>
			<trkpt lat="49.532399" lon="18.444505">
				<ele>1011.000000</ele>
			</trkpt>
			<trkpt lat="49.532591" lon="18.444631">
				<ele>1016.000000</ele>
			</trkpt>
			<trkpt lat="49.532638" lon="18.444677">
				<ele>1018.000000</ele>
			</trkpt>
			<trkpt lat="49.532650" lon="18.444712">
				<ele>1018.000000</ele>
			</trkpt>
			<trkpt lat="49.532644" lon="18.444767">
				<ele>1019.000000</ele>
			</trkpt>
			<trkpt lat="49.532615" lon="18.444838">
				<ele>1021.000000</ele>
			</trkpt>
			<trkpt lat="49.532528" lon="18.444981">
				<ele>1025.000000</ele>
			</trkpt>
			<trkpt lat="49.532481" lon="18.445036">
				<ele>1026.000000</ele>
			</trkpt>
			<trkpt lat="49.532370" lon="18.445180">
				<ele>1028.000000</ele>
			</trkpt>
			<trkpt lat="49.532253" lon="18.445350">
				<ele>1030.000000</ele>
			</trkpt>
			<trkpt lat="49.532247" lon="18.445368">
				<ele>1031.000000</ele>
			</trkpt>
			<trkpt lat="49.532247" lon="18.445396">
				<ele>1031.000000</ele>
			</trkpt>
			<trkpt lat="49.532265" lon="18.445423">
				<ele>1032.000000</ele>
			</trkpt>
			<trkpt lat="49.532271" lon="18.445440">
				<ele>1032.000000</ele>
			</trkpt>
			<trkpt lat="49.532446" lon="18.445521">
				<ele>1037.000000</ele>
			</trkpt>
			<trkpt lat="49.532580" lon="18.445610">
				<ele>1040.000000</ele>
			</trkpt>
			<trkpt lat="49.532743" lon="18.445673">
				<ele>1042.000000</ele>
			</trkpt>
			<trkpt lat="49.533006" lon="18.445754">
				<ele>1045.000000</ele>
			</trkpt>
			<trkpt lat="49.533134" lon="18.445790">
				<ele>1046.000000</ele>
			</trkpt>
			<trkpt lat="49.533250" lon="18.445836">
				<ele>1047.000000</ele>
			</trkpt>
			<trkpt lat="49.533513" lon="18.445997">
				<ele>1049.000000</ele>
			</trkpt>
			<trkpt lat="49.533694" lon="18.446105">
				<ele>1050.000000</ele>
			</trkpt>
			<trkpt lat="49.533851" lon="18.446186">
				<ele>1051.000000</ele>
			</trkpt>
			<trkpt lat="49.534003" lon="18.446230">
				<ele>1052.000000</ele>
			</trkpt>
			<trkpt lat="49.534154" lon="18.446258">
				<ele>1052.000000</ele>
			</trkpt>
			<trkpt lat="49.534306" lon="18.446285">
				<ele>1053.000000</ele>
			</trkpt>
			<trkpt lat="49.534457" lon="18.446266">
				<ele>1054.000000</ele>
			</trkpt>
			<trkpt lat="49.534650" lon="18.446249">
				<ele>1054.000000</ele>
			</trkpt>
			<trkpt lat="49.534895" lon="18.446203">
				<ele>1056.000000</ele>
			</trkpt>
			<trkpt lat="49.535355" lon="18.446105">
				<ele>1058.000000</ele>
			</trkpt>
			<trkpt lat="49.535635" lon="18.446060">
				<ele>1060.000000</ele>
			</trkpt>
			<trkpt lat="49.535909" lon="18.446033">
				<ele>1062.000000</ele>
			</trkpt>
			<trkpt lat="49.536212" lon="18.446033">
				<ele>1064.000000</ele>
			</trkpt>
			<trkpt lat="49.536632" lon="18.446060">
				<ele>1068.000000</ele>
			</trkpt>
			<trkpt lat="49.536778" lon="18.446086">
				<ele>1070.000000</ele>
			</trkpt>
			<trkpt lat="49.536923" lon="18.446105">
				<ele>1072.000000</ele>
			</trkpt>
			<trkpt lat="49.537063" lon="18.446159">
				<ele>1074.000000</ele>
			</trkpt>
			<trkpt lat="49.537215" lon="18.446222">
				<ele>1076.000000</ele>
			</trkpt>
			<trkpt lat="49.537366" lon="18.446302">
				<ele>1078.000000</ele>
			</trkpt>
			<trkpt lat="49.537535" lon="18.446402">
				<ele>1080.000000</ele>
			</trkpt>
			<trkpt lat="49.537641" lon="18.446473">
				<ele>1081.000000</ele>
			</trkpt>
			<trkpt lat="49.537716" lon="18.446563">
				<ele>1083.000000</ele>
			</trkpt>
			<trkpt lat="49.537757" lon="18.446652">
				<ele>1083.000000</ele>
			</trkpt>
			<trkpt lat="49.537775" lon="18.446761">
				<ele>1084.000000</ele>
			</trkpt>
			<trkpt lat="49.537780" lon="18.446761">
				<ele>1084.000000</ele>
			</trkpt>
			<trkpt lat="49.537966" lon="18.446698">
				<ele>1087.000000</ele>
			</trkpt>
			<trkpt lat="49.538118" lon="18.446652">
				<ele>1089.000000</ele>
			</trkpt>
			<trkpt lat="49.538264" lon="18.446635">
				<ele>1091.000000</ele>
			</trkpt>
			<trkpt lat="49.538445" lon="18.446635">
				<ele>1094.000000</ele>
			</trkpt>
			<trkpt lat="49.538748" lon="18.446662">
				<ele>1100.000000</ele>
			</trkpt>
			<trkpt lat="49.540164" lon="18.445962">
				<ele>1139.000000</ele>
			</trkpt>
			<trkpt lat="49.540345" lon="18.445863">
				<ele>1144.000000</ele>
			</trkpt>
			<trkpt lat="49.540438" lon="18.445836">
				<ele>1146.000000</ele>
			</trkpt>
			<trkpt lat="49.540543" lon="18.445836">
				<ele>1147.000000</ele>
			</trkpt>
			<trkpt lat="49.540643" lon="18.445863">
				<ele>1148.000000</ele>
			</trkpt>
			<trkpt lat="49.540683" lon="18.445809">
				<ele>1149.000000</ele>
			</trkpt>
			<trkpt lat="49.540736" lon="18.445782">
				<ele>1151.000000</ele>
			</trkpt>
			<trkpt lat="49.540788" lon="18.445799">
				<ele>1153.000000</ele>
			</trkpt>
			<trkpt lat="49.540840" lon="18.445836">
				<ele>1155.000000</ele>
			</trkpt>
			<trkpt lat="49.540875" lon="18.445916">
				<ele>1157.000000</ele>
			</trkpt>
			<trkpt lat="49.540916" lon="18.446033">
				<ele>1160.000000</ele>
			</trkpt>
			<trkpt lat="49.540981" lon="18.446258">
				<ele>1165.000000</ele>
			</trkpt>
			<trkpt lat="49.541050" lon="18.446428">
				<ele>1168.000000</ele>
			</trkpt>
			<trkpt lat="49.541143" lon="18.446589">
				<ele>1170.000000</ele>
			</trkpt>
			<trkpt lat="49.541266" lon="18.446734">
				<ele>1174.000000</ele>
			</trkpt>
			<trkpt lat="49.541388" lon="18.446878">
				<ele>1177.000000</ele>
			</trkpt>
			<trkpt lat="49.541593" lon="18.447174">
				<ele>1183.000000</ele>
			</trkpt>
			<trkpt lat="49.541697" lon="18.447300">
				<ele>1186.000000</ele>
			</trkpt>
			<trkpt lat="49.541768" lon="18.447390">
				<ele>1187.000000</ele>
			</trkpt>
			<trkpt lat="49.541837" lon="18.447407">
				<ele>1189.000000</ele>
			</trkpt>
			<trkpt lat="49.541866" lon="18.447407">
				<ele>1190.000000</ele>
			</trkpt>
			<trkpt lat="49.541884" lon="18.447381">
				<ele>1190.000000</ele>
			</trkpt>
			<trkpt lat="49.541901" lon="18.447344">
				<ele>1191.000000</ele>
			</trkpt>
			<trkpt lat="49.541913" lon="18.447291">
				<ele>1191.000000</ele>
			</trkpt>
			<trkpt lat="49.541954" lon="18.446905">
				<ele>1196.000000</ele>
			</trkpt>
			<trkpt lat="49.542006" lon="18.446644">
				<ele>1200.000000</ele>
			</trkpt>
			<trkpt lat="49.542047" lon="18.446528">
				<ele>1202.000000</ele>
			</trkpt>
			<trkpt lat="49.542094" lon="18.446446">
				<ele>1204.000000</ele>
			</trkpt>
			<trkpt lat="49.542141" lon="18.446410">
				<ele>1205.000000</ele>
			</trkpt>
			<trkpt lat="49.542204" lon="18.446402">
				<ele>1207.000000</ele>
			</trkpt>
			<trkpt lat="49.542338" lon="18.446419">
				<ele>1211.000000</ele>
			</trkpt>
			<trkpt lat="49.542508" lon="18.446473">
				<ele>1215.000000</ele>
			</trkpt>
			<trkpt lat="49.542782" lon="18.446616">
				<ele>1222.000000</ele>
			</trkpt>
			<trkpt lat="49.542805" lon="18.446635">
				<ele>1222.000000</ele>
			</trkpt>
			<trkpt lat="49.542823" lon="18.446662">
				<ele>1223.000000</ele>
			</trkpt>
			<trkpt lat="49.542875" lon="18.446805">
				<ele>1226.000000</ele>
			</trkpt>
			<trkpt lat="49.543073" lon="18.447390">
				<ele>1234.000000</ele>
			</trkpt>
			<trkpt lat="49.543207" lon="18.447731">
				<ele>1240.000000</ele>
			</trkpt>
			<trkpt lat="49.543242" lon="18.447794">
				<ele>1242.000000</ele>
			</trkpt>
			<trkpt lat="49.543283" lon="18.447838">
				<ele>1243.000000</ele>
			</trkpt>
			<trkpt lat="49.543318" lon="18.447857">
				<ele>1245.000000</ele>
			</trkpt>
			<trkpt lat="49.543359" lon="18.447830">
				<ele>1246.000000</ele>
			</trkpt>
			<trkpt lat="49.543464" lon="18.447597">
				<ele>1249.000000</ele>
			</trkpt>
			<trkpt lat="49.543580" lon="18.447255">
				<ele>1255.000000</ele>
			</trkpt>
			<trkpt lat="49.543639" lon="18.447111">
				<ele>1258.000000</ele>
			</trkpt>
			<trkpt lat="49.543685" lon="18.447004">
				<ele>1260.000000</ele>
			</trkpt>
			<trkpt lat="49.543749" lon="18.446949">
				<ele>1262.000000</ele>
			</trkpt>
			<trkpt lat="49.543825" lon="18.446941">
				<ele>1265.000000</ele>
			</trkpt>
			<trkpt lat="49.544256" lon="18.446985">
				<ele>1275.000000</ele>
			</trkpt>
			<trkpt lat="49.544297" lon="18.447004">
				<ele>1275.000000</ele>
			</trkpt>
			<trkpt lat="49.544327" lon="18.447048">
				<ele>1275.000000</ele>
			</trkpt>
			<trkpt lat="49.544349" lon="18.447102">
				<ele>1275.000000</ele>
			</trkpt>
			<trkpt lat="49.544355" lon="18.447174">
				<ele>1275.000000</ele>
			</trkpt>
			<trkpt lat="49.544338" lon="18.447434">
				<ele>1275.000000</ele>
			</trkpt>
			<trkpt lat="49.544373" lon="18.447452">
				<ele>1278.000000</ele>
			</trkpt>
			<trkpt lat="49.544420" lon="18.447471">
				<ele>1280.000000</ele>
			</trkpt>
			<trkpt lat="49.544455" lon="18.447507">
				<ele>1281.000000</ele>
			</trkpt>
			<trkpt lat="49.544496" lon="18.447578">
				<ele>1281.000000</ele>
			</trkpt>
			<trkpt lat="49.544554" lon="18.447740">
				<ele>1283.000000</ele>
			</trkpt>
			<trkpt lat="49.544652" lon="18.448081">
				<ele>1286.000000</ele>
			</trkpt>
			<trkpt lat="49.544851" lon="18.448737">
				<ele>1290.000000</ele>
			</trkpt>
			<trkpt lat="49.544927" lon="18.448943">
				<ele>1291.000000</ele>
			</trkpt>
			<trkpt lat="49.545009" lon="18.449150">
				<ele>1292.000000</ele>
			</trkpt>
			<trkpt lat="49.545090" lon="18.449339">
				<ele>1293.000000</ele>
			</trkpt>
			<trkpt lat="49.545178" lon="18.449482">
				<ele>1293.000000</ele>
			</trkpt>
			<trkpt lat="49.545265" lon="18.449618">
				<ele>1294.000000</ele>
			</trkpt>
			<trkpt lat="49.545340" lon="18.449698">
				<ele>1295.000000</ele>
			</trkpt>
			<trkpt lat="49.545422" lon="18.449788">
				<ele>1296.000000</ele>
			</trkpt>
			<trkpt lat="49.545509" lon="18.449842">
				<ele>1297.000000</ele>
			</trkpt>
			<trkpt lat="49.545597" lon="18.449868">
				<ele>1297.000000</ele>
			</trkpt>
			<trkpt lat="49.545696" lon="18.449878">
				<ele>1298.000000</ele>
			</trkpt>
			<trkpt lat="49.545825" lon="18.449860">
				<ele>1299.000000</ele>
			</trkpt>
			<trkpt lat="49.545953" lon="18.449815">
				<ele>1301.000000</ele>
			</trkpt>
			<trkpt lat="49.546016" lon="18.449788">
				<ele>1301.000000</ele>
			</trkpt>
			<trkpt lat="49.546052" lon="18.449752">
				<ele>1302.000000</ele>
			</trkpt>
			<trkpt lat="49.546069" lon="18.449716">
				<ele>1302.000000</ele>
			</trkpt>
			<trkpt lat="49.546092" lon="18.449662">
				<ele>1302.000000</ele>
			</trkpt>
			<trkpt lat="49.546092" lon="18.449591">
				<ele>1303.000000</ele>
			</trkpt>
			<trkpt lat="49.546075" lon="18.449518">
				<ele>1304.000000</ele>
			</trkpt>
			<trkpt lat="49.546034" lon="18.449429">
				<ele>1304.000000</ele>
			</trkpt>
			<trkpt lat="49.545982" lon="18.449356">
				<ele>1305.000000</ele>
			</trkpt>
			<trkpt lat="49.545696" lon="18.449006">
				<ele>1308.000000</ele>
			</trkpt>
			<trkpt lat="49.545591" lon="18.448889">
				<ele>1309.000000</ele>
			</trkpt>
			<trkpt lat="49.545533" lon="18.448800">
				<ele>1310.000000</ele>
			</trkpt>
			<trkpt lat="49.545515" lon="18.448746">
				<ele>1311.000000</ele>
			</trkpt>
			<trkpt lat="49.545509" lon="18.448719">
				<ele>1311.000000</ele>
			</trkpt>
			<trkpt lat="49.545522" lon="18.448639">
				<ele>1312.000000</ele>
			</trkpt>
			<trkpt lat="49.545539" lon="18.448566">
				<ele>1312.000000</ele>
			</trkpt>
			<trkpt lat="49.545550" lon="18.448530">
				<ele>1313.000000</ele>
			</trkpt>
			<trkpt lat="49.545574" lon="18.448513">
				<ele>1313.000000</ele>
			</trkpt>
			<trkpt lat="49.545603" lon="18.448494">
				<ele>1313.000000</ele>
			</trkpt>
			<trkpt lat="49.545661" lon="18.448163">
				<ele>1316.000000</ele>
			</trkpt>
			<trkpt lat="49.545725" lon="18.448018">
				<ele>1317.000000</ele>
			</trkpt>
			<trkpt lat="49.545795" lon="18.447893">
				<ele>1319.000000</ele>
			</trkpt>
			<trkpt lat="49.545877" lon="18.447767">
				<ele>1320.000000</ele>
			</trkpt>
			<trkpt lat="49.545923" lon="18.447507">
				<ele>1320.000000</ele>
			</trkpt>
			<trkpt lat="49.545941" lon="18.447417">
				<ele>1320.000000</ele>
			</trkpt>
			<trkpt lat="49.545941" lon="18.447417">
				<ele>1320.000000</ele>
			</trkpt>
			<trkpt lat="49.545923" lon="18.447507">
				<ele>1320.000000</ele>
			</trkpt>
			<trkpt lat="49.545877" lon="18.447767">
				<ele>1320.000000</ele>
			</trkpt>
			<trkpt lat="49.545795" lon="18.447893">
				<ele>1319.000000</ele>
			</trkpt>
			<trkpt lat="49.545725" lon="18.448018">
				<ele>1317.000000</ele>
			</trkpt>
			<trkpt lat="49.545661" lon="18.448163">
				<ele>1316.000000</ele>
			</trkpt>
			<trkpt lat="49.545603" lon="18.448494">
				<ele>1313.000000</ele>
			</trkpt>
			<trkpt lat="49.545574" lon="18.448513">
				<ele>1313.000000</ele>
			</trkpt>
			<trkpt lat="49.545550" lon="18.448530">
				<ele>1313.000000</ele>
			</trkpt>
			<trkpt lat="49.545539" lon="18.448566">
				<ele>1312.000000</ele>
			</trkpt>
			<trkpt lat="49.545522" lon="18.448639">
				<ele>1312.000000</ele>
			</trkpt>
			<trkpt lat="49.545509" lon="18.448719">
				<ele>1311.000000</ele>
			</trkpt>
			<trkpt lat="49.545515" lon="18.448746">
				<ele>1311.000000</ele>
			</trkpt>
			<trkpt lat="49.545533" lon="18.448800">
				<ele>1310.000000</ele>
			</trkpt>
			<trkpt lat="49.545591" lon="18.448889">
				<ele>1309.000000</ele>
			</trkpt>
			<trkpt lat="49.545696" lon="18.449006">
				<ele>1308.000000</ele>
			</trkpt>
			<trkpt lat="49.545982" lon="18.449356">
				<ele>1305.000000</ele>
			</trkpt>
			<trkpt lat="49.546034" lon="18.449429">
				<ele>1304.000000</ele>
			</trkpt>
			<trkpt lat="49.546075" lon="18.449518">
				<ele>1304.000000</ele>
			</trkpt>
			<trkpt lat="49.546092" lon="18.449591">
				<ele>1303.000000</ele>
			</trkpt>
			<trkpt lat="49.546092" lon="18.449662">
				<ele>1302.000000</ele>
			</trkpt>
			<trkpt lat="49.546069" lon="18.449716">
				<ele>1302.000000</ele>
			</trkpt>
			<trkpt lat="49.546052" lon="18.449752">
				<ele>1302.000000</ele>
			</trkpt>
			<trkpt lat="49.546016" lon="18.449788">
				<ele>1301.000000</ele>
			</trkpt>
			<trkpt lat="49.545953" lon="18.449815">
				<ele>1301.000000</ele>
			</trkpt>
			<trkpt lat="49.545825" lon="18.449860">
				<ele>1299.000000</ele>
			</trkpt>
			<trkpt lat="49.545696" lon="18.449878">
				<ele>1298.000000</ele>
			</trkpt>
			<trkpt lat="49.545597" lon="18.449868">
				<ele>1297.000000</ele>
			</trkpt>
			<trkpt lat="49.545509" lon="18.449842">
				<ele>1297.000000</ele>
			</trkpt>
			<trkpt lat="49.545422" lon="18.449788">
				<ele>1296.000000</ele>
			</trkpt>
			<trkpt lat="49.545340" lon="18.449698">
				<ele>1295.000000</ele>
			</trkpt>
			<trkpt lat="49.545265" lon="18.449618">
				<ele>1294.000000</ele>
			</trkpt>
			<trkpt lat="49.545178" lon="18.449482">
				<ele>1293.000000</ele>
			</trkpt>
			<trkpt lat="49.545090" lon="18.449339">
				<ele>1293.000000</ele>
			</trkpt>
			<trkpt lat="49.545009" lon="18.449150">
				<ele>1292.000000</ele>
			</trkpt>
			<trkpt lat="49.544927" lon="18.448943">
				<ele>1291.000000</ele>
			</trkpt>
			<trkpt lat="49.544851" lon="18.448737">
				<ele>1290.000000</ele>
			</trkpt>
			<trkpt lat="49.544652" lon="18.448081">
				<ele>1286.000000</ele>
			</trkpt>
			<trkpt lat="49.544554" lon="18.447740">
				<ele>1283.000000</ele>
			</trkpt>
			<trkpt lat="49.544496" lon="18.447578">
				<ele>1281.000000</ele>
			</trkpt>
			<trkpt lat="49.544455" lon="18.447507">
				<ele>1281.000000</ele>
			</trkpt>
			<trkpt lat="49.544420" lon="18.447471">
				<ele>1280.000000</ele>
			</trkpt>
			<trkpt lat="49.544373" lon="18.447452">
				<ele>1278.000000</ele>
			</trkpt>
			<trkpt lat="49.544338" lon="18.447434">
				<ele>1275.000000</ele>
			</trkpt>
			<trkpt lat="49.544297" lon="18.447444">
				<ele>1275.000000</ele>
			</trkpt>
			<trkpt lat="49.544251" lon="18.447471">
				<ele>1275.000000</ele>
			</trkpt>
			<trkpt lat="49.544210" lon="18.447507">
				<ele>1275.000000</ele>
			</trkpt>
			<trkpt lat="49.544175" lon="18.447587">
				<ele>1275.000000</ele>
			</trkpt>
			<trkpt lat="49.544152" lon="18.447686">
				<ele>1275.000000</ele>
			</trkpt>
			<trkpt lat="49.544140" lon="18.447794">
				<ele>1275.000000</ele>
			</trkpt>
			<trkpt lat="49.544111" lon="18.448153">
				<ele>1273.000000</ele>
			</trkpt>
			<trkpt lat="49.544076" lon="18.448773">
				<ele>1269.000000</ele>
			</trkpt>
			<trkpt lat="49.544052" lon="18.449168">
				<ele>1266.000000</ele>
			</trkpt>
			<trkpt lat="49.544052" lon="18.449429">
				<ele>1264.000000</ele>
			</trkpt>
			<trkpt lat="49.544070" lon="18.450121">
				<ele>1258.000000</ele>
			</trkpt>
			<trkpt lat="49.544058" lon="18.450524">
				<ele>1255.000000</ele>
			</trkpt>
			<trkpt lat="49.544046" lon="18.450839">
				<ele>1252.000000</ele>
			</trkpt>
			<trkpt lat="49.544006" lon="18.451352">
				<ele>1248.000000</ele>
			</trkpt>
			<trkpt lat="49.543971" lon="18.451620">
				<ele>1246.000000</ele>
			</trkpt>
			<trkpt lat="49.543930" lon="18.451881">
				<ele>1244.000000</ele>
			</trkpt>
			<trkpt lat="49.543855" lon="18.452168">
				<ele>1242.000000</ele>
			</trkpt>
			<trkpt lat="49.543726" lon="18.452644">
				<ele>1239.000000</ele>
			</trkpt>
			<trkpt lat="49.543667" lon="18.452807">
				<ele>1238.000000</ele>
			</trkpt>
			<trkpt lat="49.543621" lon="18.452897">
				<ele>1238.000000</ele>
			</trkpt>
			<trkpt lat="49.543621" lon="18.453067">
				<ele>1237.000000</ele>
			</trkpt>
			<trkpt lat="49.543609" lon="18.453130">
				<ele>1237.000000</ele>
			</trkpt>
			<trkpt lat="49.543592" lon="18.453201">
				<ele>1237.000000</ele>
			</trkpt>
			<trkpt lat="49.543569" lon="18.453283">
				<ele>1237.000000</ele>
			</trkpt>
			<trkpt lat="49.543563" lon="18.453354">
				<ele>1236.000000</ele>
			</trkpt>
			<trkpt lat="49.543511" lon="18.453444">
				<ele>1236.000000</ele>
			</trkpt>
			<trkpt lat="49.543132" lon="18.454243">
				<ele>1229.000000</ele>
			</trkpt>
			<trkpt lat="49.542682" lon="18.455268">
				<ele>1224.000000</ele>
			</trkpt>
			<trkpt lat="49.542513" lon="18.455654">
				<ele>1222.000000</ele>
			</trkpt>
			<trkpt lat="49.542444" lon="18.455780">
				<ele>1221.000000</ele>
			</trkpt>
			<trkpt lat="49.542379" lon="18.455878">
				<ele>1220.000000</ele>
			</trkpt>
			<trkpt lat="49.542280" lon="18.456067">
				<ele>1219.000000</ele>
			</trkpt>
			<trkpt lat="49.542216" lon="18.456256">
				<ele>1218.000000</ele>
			</trkpt>
			<trkpt lat="49.542147" lon="18.456444">
				<ele>1216.000000</ele>
			</trkpt>
			<trkpt lat="49.542094" lon="18.456633">
				<ele>1215.000000</ele>
			</trkpt>
			<trkpt lat="49.541820" lon="18.457711">
				<ele>1202.000000</ele>
			</trkpt>
			<trkpt lat="49.541214" lon="18.460254">
				<ele>1165.000000</ele>
			</trkpt>
			<trkpt lat="49.541074" lon="18.460765">
				<ele>1156.000000</ele>
			</trkpt>
			<trkpt lat="49.540893" lon="18.461323">
				<ele>1146.000000</ele>
			</trkpt>
			<trkpt lat="49.540864" lon="18.461430">
				<ele>1145.000000</ele>
			</trkpt>
			<trkpt lat="49.540823" lon="18.461619">
				<ele>1141.000000</ele>
			</trkpt>
			<trkpt lat="49.540637" lon="18.462382">
				<ele>1129.000000</ele>
			</trkpt>
			<trkpt lat="49.540543" lon="18.462732">
				<ele>1124.000000</ele>
			</trkpt>
			<trkpt lat="49.540502" lon="18.462858">
				<ele>1123.000000</ele>
			</trkpt>
			<trkpt lat="49.540491" lon="18.462939">
				<ele>1122.000000</ele>
			</trkpt>
			<trkpt lat="49.540474" lon="18.463074">
				<ele>1120.000000</ele>
			</trkpt>
			<trkpt lat="49.540456" lon="18.463227">
				<ele>1118.000000</ele>
			</trkpt>
			<trkpt lat="49.540415" lon="18.463415">
				<ele>1116.000000</ele>
			</trkpt>
			<trkpt lat="49.540281" lon="18.464026">
				<ele>1107.000000</ele>
			</trkpt>
			<trkpt lat="49.540258" lon="18.464224">
				<ele>1104.000000</ele>
			</trkpt>
			<trkpt lat="49.540234" lon="18.464430">
				<ele>1101.000000</ele>
			</trkpt>
			<trkpt lat="49.540164" lon="18.464529">
				<ele>1100.000000</ele>
			</trkpt>
			<trkpt lat="49.540089" lon="18.464718">
				<ele>1098.000000</ele>
			</trkpt>
			<trkpt lat="49.539943" lon="18.465355">
				<ele>1093.000000</ele>
			</trkpt>
			<trkpt lat="49.539634" lon="18.466721">
				<ele>1084.000000</ele>
			</trkpt>
			<trkpt lat="49.539593" lon="18.466927">
				<ele>1083.000000</ele>
			</trkpt>
			<trkpt lat="49.539436" lon="18.467602">
				<ele>1078.000000</ele>
			</trkpt>
			<trkpt lat="49.539383" lon="18.467835">
				<ele>1077.000000</ele>
			</trkpt>
			<trkpt lat="49.539377" lon="18.468015">
				<ele>1075.000000</ele>
			</trkpt>
			<trkpt lat="49.539348" lon="18.468329">
				<ele>1074.000000</ele>
			</trkpt>
			<trkpt lat="49.539301" lon="18.468671">
				<ele>1073.000000</ele>
			</trkpt>
			<trkpt lat="49.539249" lon="18.468976">
				<ele>1072.000000</ele>
			</trkpt>
			<trkpt lat="49.538544" lon="18.469973">
				<ele>1068.000000</ele>
			</trkpt>
			<trkpt lat="49.538322" lon="18.470315">
				<ele>1067.000000</ele>
			</trkpt>
			<trkpt lat="49.538113" lon="18.470647">
				<ele>1066.000000</ele>
			</trkpt>
			<trkpt lat="49.538019" lon="18.470808">
				<ele>1065.000000</ele>
			</trkpt>
			<trkpt lat="49.537938" lon="18.470998">
				<ele>1065.000000</ele>
			</trkpt>
			<trkpt lat="49.537873" lon="18.471141">
				<ele>1064.000000</ele>
			</trkpt>
			<trkpt lat="49.537775" lon="18.471302">
				<ele>1063.000000</ele>
			</trkpt>
			<trkpt lat="49.537588" lon="18.471608">
				<ele>1061.000000</ele>
			</trkpt>
			<trkpt lat="49.537395" lon="18.471958">
				<ele>1058.000000</ele>
			</trkpt>
			<trkpt lat="49.537302" lon="18.472156">
				<ele>1057.000000</ele>
			</trkpt>
			<trkpt lat="49.537232" lon="18.472344">
				<ele>1056.000000</ele>
			</trkpt>
			<trkpt lat="49.537174" lon="18.472542">
				<ele>1054.000000</ele>
			</trkpt>
			<trkpt lat="49.537109" lon="18.472875">
				<ele>1052.000000</ele>
			</trkpt>
			<trkpt lat="49.537075" lon="18.473028">
				<ele>1051.000000</ele>
			</trkpt>
			<trkpt lat="49.537075" lon="18.473118">
				<ele>1050.000000</ele>
			</trkpt>
			<trkpt lat="49.536737" lon="18.474464">
				<ele>1033.000000</ele>
			</trkpt>
			<trkpt lat="49.536061" lon="18.477267">
				<ele>996.000000</ele>
			</trkpt>
			<trkpt lat="49.536008" lon="18.477510">
				<ele>994.000000</ele>
			</trkpt>
			<trkpt lat="49.535955" lon="18.477743">
				<ele>991.000000</ele>
			</trkpt>
			<trkpt lat="49.535921" lon="18.477986">
				<ele>989.000000</ele>
			</trkpt>
			<trkpt lat="49.535874" lon="18.478265">
				<ele>986.000000</ele>
			</trkpt>
			<trkpt lat="49.535862" lon="18.478382">
				<ele>985.000000</ele>
			</trkpt>
			<trkpt lat="49.535833" lon="18.478508">
				<ele>983.000000</ele>
			</trkpt>
			<trkpt lat="49.535752" lon="18.478768">
				<ele>980.000000</ele>
			</trkpt>
			<trkpt lat="49.535676" lon="18.479011">
				<ele>976.000000</ele>
			</trkpt>
			<trkpt lat="49.535623" lon="18.479181">
				<ele>974.000000</ele>
			</trkpt>
			<trkpt lat="49.535594" lon="18.479307">
				<ele>972.000000</ele>
			</trkpt>
			<trkpt lat="49.535547" lon="18.479397">
				<ele>971.000000</ele>
			</trkpt>
			<trkpt lat="49.535501" lon="18.479468">
				<ele>969.000000</ele>
			</trkpt>
			<trkpt lat="49.535414" lon="18.479540">
				<ele>968.000000</ele>
			</trkpt>
			<trkpt lat="49.535233" lon="18.479711">
				<ele>963.000000</ele>
			</trkpt>
			<trkpt lat="49.535116" lon="18.479837">
				<ele>961.000000</ele>
			</trkpt>
			<trkpt lat="49.535005" lon="18.479980">
				<ele>957.000000</ele>
			</trkpt>
			<trkpt lat="49.534929" lon="18.480061">
				<ele>955.000000</ele>
			</trkpt>
			<trkpt lat="49.534451" lon="18.480403">
				<ele>944.000000</ele>
			</trkpt>
			<trkpt lat="49.534148" lon="18.480653">
				<ele>936.000000</ele>
			</trkpt>
			<trkpt lat="49.534119" lon="18.480690">
				<ele>936.000000</ele>
			</trkpt>
			<trkpt lat="49.534101" lon="18.480716">
				<ele>935.000000</ele>
			</trkpt>
			<trkpt lat="49.534090" lon="18.480762">
				<ele>935.000000</ele>
			</trkpt>
			<trkpt lat="49.534079" lon="18.480825">
				<ele>934.000000</ele>
			</trkpt>
			<trkpt lat="49.533997" lon="18.480852">
				<ele>932.000000</ele>
			</trkpt>
			<trkpt lat="49.533915" lon="18.480888">
				<ele>931.000000</ele>
			</trkpt>
			<trkpt lat="49.533822" lon="18.480959">
				<ele>929.000000</ele>
			</trkpt>
			<trkpt lat="49.533735" lon="18.481040">
				<ele>928.000000</ele>
			</trkpt>
			<trkpt lat="49.533210" lon="18.481598">
				<ele>922.000000</ele>
			</trkpt>
			<trkpt lat="49.532813" lon="18.482082">
				<ele>920.000000</ele>
			</trkpt>
			<trkpt lat="49.532679" lon="18.482253">
				<ele>920.000000</ele>
			</trkpt>
			<trkpt lat="49.532632" lon="18.482235">
				<ele>920.000000</ele>
			</trkpt>
			<trkpt lat="49.532597" lon="18.482227">
				<ele>920.000000</ele>
			</trkpt>
			<trkpt lat="49.532562" lon="18.482253">
				<ele>920.000000</ele>
			</trkpt>
			<trkpt lat="49.532515" lon="18.482298">
				<ele>920.000000</ele>
			</trkpt>
			<trkpt lat="49.532405" lon="18.482424">
				<ele>920.000000</ele>
			</trkpt>
			<trkpt lat="49.532312" lon="18.482504">
				<ele>920.000000</ele>
			</trkpt>
			<trkpt lat="49.532218" lon="18.482550">
				<ele>920.000000</ele>
			</trkpt>
			<trkpt lat="49.532113" lon="18.482567">
				<ele>920.000000</ele>
			</trkpt>
			<trkpt lat="49.532015" lon="18.482558">
				<ele>920.000000</ele>
			</trkpt>
			<trkpt lat="49.531921" lon="18.482586">
				<ele>920.000000</ele>
			</trkpt>
			<trkpt lat="49.531834" lon="18.482630">
				<ele>920.000000</ele>
			</trkpt>
			<trkpt lat="49.531711" lon="18.482693">
				<ele>920.000000</ele>
			</trkpt>
			<trkpt lat="49.531519" lon="18.482819">
				<ele>920.000000</ele>
			</trkpt>
			<trkpt lat="49.531355" lon="18.482890">
				<ele>920.000000</ele>
			</trkpt>
			<trkpt lat="49.531210" lon="18.482945">
				<ele>920.000000</ele>
			</trkpt>
			<trkpt lat="49.531029" lon="18.483007">
				<ele>920.000000</ele>
			</trkpt>
			<trkpt lat="49.530930" lon="18.483035">
				<ele>920.000000</ele>
			</trkpt>
			<trkpt lat="49.530836" lon="18.483070">
				<ele>920.000000</ele>
			</trkpt>
			<trkpt lat="49.530615" lon="18.483223">
				<ele>917.000000</ele>
			</trkpt>
			<trkpt lat="49.530388" lon="18.483385">
				<ele>913.000000</ele>
			</trkpt>
			<trkpt lat="49.530265" lon="18.483456">
				<ele>911.000000</ele>
			</trkpt>
			<trkpt lat="49.530137" lon="18.483519">
				<ele>908.000000</ele>
			</trkpt>
			<trkpt lat="49.529997" lon="18.483565">
				<ele>904.000000</ele>
			</trkpt>
			<trkpt lat="49.529804" lon="18.483609">
				<ele>898.000000</ele>
			</trkpt>
			<trkpt lat="49.529670" lon="18.483609">
				<ele>895.000000</ele>
			</trkpt>
			<trkpt lat="49.529595" lon="18.483609">
				<ele>894.000000</ele>
			</trkpt>
			<trkpt lat="49.529542" lon="18.483628">
				<ele>893.000000</ele>
			</trkpt>
			<trkpt lat="49.529490" lon="18.483655">
				<ele>892.000000</ele>
			</trkpt>
			<trkpt lat="49.529432" lon="18.483709">
				<ele>891.000000</ele>
			</trkpt>
			<trkpt lat="49.529356" lon="18.483780">
				<ele>889.000000</ele>
			</trkpt>
			<trkpt lat="49.529304" lon="18.483816">
				<ele>888.000000</ele>
			</trkpt>
			<trkpt lat="49.529251" lon="18.483835">
				<ele>887.000000</ele>
			</trkpt>
			<trkpt lat="49.529175" lon="18.483843">
				<ele>886.000000</ele>
			</trkpt>
			<trkpt lat="49.528813" lon="18.483843">
				<ele>876.000000</ele>
			</trkpt>
			<trkpt lat="49.528557" lon="18.483852">
				<ele>868.000000</ele>
			</trkpt>
			<trkpt lat="49.528359" lon="18.483852">
				<ele>862.000000</ele>
			</trkpt>
			<trkpt lat="49.528067" lon="18.483835">
				<ele>855.000000</ele>
			</trkpt>
			<trkpt lat="49.528009" lon="18.483843">
				<ele>854.000000</ele>
			</trkpt>
			<trkpt lat="49.527944" lon="18.483852">
				<ele>852.000000</ele>
			</trkpt>
			<trkpt lat="49.527887" lon="18.483888">
				<ele>851.000000</ele>
			</trkpt>
			<trkpt lat="49.527834" lon="18.483932">
				<ele>850.000000</ele>
			</trkpt>
			<trkpt lat="49.527793" lon="18.483978">
				<ele>849.000000</ele>
			</trkpt>
			<trkpt lat="49.527764" lon="18.484041">
				<ele>849.000000</ele>
			</trkpt>
			<trkpt lat="49.527758" lon="18.484095">
				<ele>848.000000</ele>
			</trkpt>
			<trkpt lat="49.527764" lon="18.484158">
				<ele>848.000000</ele>
			</trkpt>
			<trkpt lat="49.527630" lon="18.484112">
				<ele>846.000000</ele>
			</trkpt>
			<trkpt lat="49.527548" lon="18.484112">
				<ele>845.000000</ele>
			</trkpt>
			<trkpt lat="49.527466" lon="18.484122">
				<ele>844.000000</ele>
			</trkpt>
			<trkpt lat="49.527385" lon="18.484158">
				<ele>843.000000</ele>
			</trkpt>
			<trkpt lat="49.526691" lon="18.484508">
				<ele>835.000000</ele>
			</trkpt>
			<trkpt lat="49.526417" lon="18.484651">
				<ele>834.000000</ele>
			</trkpt>
			<trkpt lat="49.526254" lon="18.484751">
				<ele>833.000000</ele>
			</trkpt>
			<trkpt lat="49.526114" lon="18.484877">
				<ele>832.000000</ele>
			</trkpt>
			<trkpt lat="49.525991" lon="18.485038">
				<ele>831.000000</ele>
			</trkpt>
			<trkpt lat="49.525811" lon="18.485298">
				<ele>830.000000</ele>
			</trkpt>
			<trkpt lat="49.525612" lon="18.485622">
				<ele>827.000000</ele>
			</trkpt>
			<trkpt lat="49.525426" lon="18.485864">
				<ele>825.000000</ele>
			</trkpt>
			<trkpt lat="49.525210" lon="18.486116">
				<ele>822.000000</ele>
			</trkpt>
			<trkpt lat="49.524942" lon="18.486403">
				<ele>818.000000</ele>
			</trkpt>
			<trkpt lat="49.524907" lon="18.486448">
				<ele>817.000000</ele>
			</trkpt>
			<trkpt lat="49.524866" lon="18.486519">
				<ele>816.000000</ele>
			</trkpt>
			<trkpt lat="49.524820" lon="18.486637">
				<ele>815.000000</ele>
			</trkpt>
			<trkpt lat="49.524784" lon="18.486789">
				<ele>814.000000</ele>
			</trkpt>
			<trkpt lat="49.524744" lon="18.487104">
				<ele>811.000000</ele>
			</trkpt>
			<trkpt lat="49.524708" lon="18.487284">
				<ele>809.000000</ele>
			</trkpt>
			<trkpt lat="49.524679" lon="18.487401">
				<ele>808.000000</ele>
			</trkpt>
			<trkpt lat="49.524632" lon="18.487508">
				<ele>806.000000</ele>
			</trkpt>
			<trkpt lat="49.524569" lon="18.487661">
				<ele>805.000000</ele>
			</trkpt>
			<trkpt lat="49.524487" lon="18.487831">
				<ele>804.000000</ele>
			</trkpt>
			<trkpt lat="49.524440" lon="18.487913">
				<ele>803.000000</ele>
			</trkpt>
			<trkpt lat="49.524382" lon="18.487967">
				<ele>803.000000</ele>
			</trkpt>
			<trkpt lat="49.524312" lon="18.488003">
				<ele>802.000000</ele>
			</trkpt>
			<trkpt lat="49.524213" lon="18.488003">
				<ele>801.000000</ele>
			</trkpt>
			<trkpt lat="49.524055" lon="18.487967">
				<ele>800.000000</ele>
			</trkpt>
			<trkpt lat="49.523944" lon="18.488083">
				<ele>798.000000</ele>
			</trkpt>
			<trkpt lat="49.523863" lon="18.488200">
				<ele>796.000000</ele>
			</trkpt>
			<trkpt lat="49.523804" lon="18.488299">
				<ele>795.000000</ele>
			</trkpt>
			<trkpt lat="49.523741" lon="18.488389">
				<ele>793.000000</ele>
			</trkpt>
			<trkpt lat="49.523572" lon="18.488613">
				<ele>790.000000</ele>
			</trkpt>
			<trkpt lat="49.523466" lon="18.488766">
				<ele>788.000000</ele>
			</trkpt>
			<trkpt lat="49.523373" lon="18.488936">
				<ele>785.000000</ele>
			</trkpt>
			<trkpt lat="49.523274" lon="18.489143">
				<ele>783.000000</ele>
			</trkpt>
			<trkpt lat="49.522988" lon="18.489745">
				<ele>774.000000</ele>
			</trkpt>
			<trkpt lat="49.522866" lon="18.489943">
				<ele>771.000000</ele>
			</trkpt>
			<trkpt lat="49.522761" lon="18.490114">
				<ele>768.000000</ele>
			</trkpt>
			<trkpt lat="49.522697" lon="18.490221">
				<ele>766.000000</ele>
			</trkpt>
			<trkpt lat="49.522644" lon="18.490356">
				<ele>765.000000</ele>
			</trkpt>
			<trkpt lat="49.522615" lon="18.490473">
				<ele>763.000000</ele>
			</trkpt>
			<trkpt lat="49.522562" lon="18.490777">
				<ele>760.000000</ele>
			</trkpt>
			<trkpt lat="49.522528" lon="18.490930">
				<ele>758.000000</ele>
			</trkpt>
			<trkpt lat="49.522487" lon="18.491075">
				<ele>756.000000</ele>
			</trkpt>
			<trkpt lat="49.522428" lon="18.491209">
				<ele>755.000000</ele>
			</trkpt>
			<trkpt lat="49.522271" lon="18.491129">
				<ele>754.000000</ele>
			</trkpt>
			<trkpt lat="49.522119" lon="18.491102">
				<ele>754.000000</ele>
			</trkpt>
			<trkpt lat="49.521956" lon="18.491093">
				<ele>753.000000</ele>
			</trkpt>
			<trkpt lat="49.521740" lon="18.491129">
				<ele>752.000000</ele>
			</trkpt>
			<trkpt lat="49.521577" lon="18.491173">
				<ele>751.000000</ele>
			</trkpt>
			<trkpt lat="49.521461" lon="18.491236">
				<ele>751.000000</ele>
			</trkpt>
			<trkpt lat="49.521338" lon="18.491326">
				<ele>750.000000</ele>
			</trkpt>
			<trkpt lat="49.521210" lon="18.491469">
				<ele>750.000000</ele>
			</trkpt>
			<trkpt lat="49.521070" lon="18.491640">
				<ele>750.000000</ele>
			</trkpt>
			<trkpt lat="49.521029" lon="18.491659">
				<ele>750.000000</ele>
			</trkpt>
			<trkpt lat="49.520988" lon="18.491676">
				<ele>750.000000</ele>
			</trkpt>
			<trkpt lat="49.520924" lon="18.491685">
				<ele>751.000000</ele>
			</trkpt>
			<trkpt lat="49.520376" lon="18.492225">
				<ele>755.000000</ele>
			</trkpt>
			<trkpt lat="49.520183" lon="18.492404">
				<ele>755.000000</ele>
			</trkpt>
			<trkpt lat="49.520067" lon="18.492530">
				<ele>755.000000</ele>
			</trkpt>
			<trkpt lat="49.519956" lon="18.492718">
				<ele>755.000000</ele>
			</trkpt>
			<trkpt lat="49.519851" lon="18.492907">
				<ele>754.000000</ele>
			</trkpt>
			<trkpt lat="49.519699" lon="18.493140">
				<ele>751.000000</ele>
			</trkpt>
			<trkpt lat="49.519565" lon="18.493517">
				<ele>747.000000</ele>
			</trkpt>
			<trkpt lat="49.519524" lon="18.493670">
				<ele>746.000000</ele>
			</trkpt>
			<trkpt lat="49.519483" lon="18.493850">
				<ele>744.000000</ele>
			</trkpt>
			<trkpt lat="49.519384" lon="18.494326">
				<ele>740.000000</ele>
			</trkpt>
			<trkpt lat="49.519326" lon="18.494578">
				<ele>737.000000</ele>
			</trkpt>
			<trkpt lat="49.519308" lon="18.494802">
				<ele>735.000000</ele>
			</trkpt>
			<trkpt lat="49.519297" lon="18.495090">
				<ele>732.000000</ele>
			</trkpt>
			<trkpt lat="49.519297" lon="18.495243">
				<ele>731.000000</ele>
			</trkpt>
			<trkpt lat="49.519297" lon="18.495504">
				<ele>729.000000</ele>
			</trkpt>
			<trkpt lat="49.519262" lon="18.495737">
				<ele>727.000000</ele>
			</trkpt>
			<trkpt lat="49.519239" lon="18.495926">
				<ele>726.000000</ele>
			</trkpt>
			<trkpt lat="49.519233" lon="18.496043">
				<ele>725.000000</ele>
			</trkpt>
			<trkpt lat="49.519250" lon="18.496150">
				<ele>725.000000</ele>
			</trkpt>
			<trkpt lat="49.519279" lon="18.496267">
				<ele>725.000000</ele>
			</trkpt>
			<trkpt lat="49.519320" lon="18.497085">
				<ele>725.000000</ele>
			</trkpt>
			<trkpt lat="49.519338" lon="18.497389">
				<ele>726.000000</ele>
			</trkpt>
			<trkpt lat="49.519355" lon="18.497624">
				<ele>728.000000</ele>
			</trkpt>
			<trkpt lat="49.519379" lon="18.497794">
				<ele>729.000000</ele>
			</trkpt>
			<trkpt lat="49.519414" lon="18.497920">
				<ele>730.000000</ele>
			</trkpt>
			<trkpt lat="49.519425" lon="18.498001">
				<ele>730.000000</ele>
			</trkpt>
			<trkpt lat="49.519448" lon="18.498154">
				<ele>731.000000</ele>
			</trkpt>
			<trkpt lat="49.519577" lon="18.499213">
				<ele>737.000000</ele>
			</trkpt>
			<trkpt lat="49.519589" lon="18.499420">
				<ele>738.000000</ele>
			</trkpt>
			<trkpt lat="49.519583" lon="18.499672">
				<ele>739.000000</ele>
			</trkpt>
			<trkpt lat="49.519554" lon="18.500012">
				<ele>740.000000</ele>
			</trkpt>
			<trkpt lat="49.519518" lon="18.500318">
				<ele>740.000000</ele>
			</trkpt>
			<trkpt lat="49.519507" lon="18.500471">
				<ele>739.000000</ele>
			</trkpt>
			<trkpt lat="49.519501" lon="18.500633">
				<ele>739.000000</ele>
			</trkpt>
			<trkpt lat="49.519495" lon="18.500840">
				<ele>738.000000</ele>
			</trkpt>
			<trkpt lat="49.519478" lon="18.501037">
				<ele>737.000000</ele>
			</trkpt>
			<trkpt lat="49.519466" lon="18.501226">
				<ele>736.000000</ele>
			</trkpt>
			<trkpt lat="49.519454" lon="18.501513">
				<ele>735.000000</ele>
			</trkpt>
			<trkpt lat="49.519437" lon="18.501827">
				<ele>734.000000</ele>
			</trkpt>
			<trkpt lat="49.519414" lon="18.502088">
				<ele>734.000000</ele>
			</trkpt>
			<trkpt lat="49.519297" lon="18.502869">
				<ele>732.000000</ele>
			</trkpt>
			<trkpt lat="49.519273" lon="18.503004">
				<ele>732.000000</ele>
			</trkpt>
			<trkpt lat="49.519256" lon="18.503121">
				<ele>731.000000</ele>
			</trkpt>
			<trkpt lat="49.519215" lon="18.503201">
				<ele>731.000000</ele>
			</trkpt>
			<trkpt lat="49.519169" lon="18.503301">
				<ele>731.000000</ele>
			</trkpt>
			<trkpt lat="49.518854" lon="18.503867">
				<ele>728.000000</ele>
			</trkpt>
			<trkpt lat="49.518795" lon="18.503993">
				<ele>727.000000</ele>
			</trkpt>
			<trkpt lat="49.518778" lon="18.504064">
				<ele>727.000000</ele>
			</trkpt>
			<trkpt lat="49.518766" lon="18.504136">
				<ele>726.000000</ele>
			</trkpt>
			<trkpt lat="49.518760" lon="18.504190">
				<ele>726.000000</ele>
			</trkpt>
			<trkpt lat="49.518772" lon="18.504262">
				<ele>726.000000</ele>
			</trkpt>
			<trkpt lat="49.518784" lon="18.504316">
				<ele>726.000000</ele>
			</trkpt>
			<trkpt lat="49.518813" lon="18.504370">
				<ele>725.000000</ele>
			</trkpt>
			<trkpt lat="49.518877" lon="18.504504">
				<ele>724.000000</ele>
			</trkpt>
			<trkpt lat="49.518912" lon="18.504585">
				<ele>724.000000</ele>
			</trkpt>
			<trkpt lat="49.518918" lon="18.504666">
				<ele>723.000000</ele>
			</trkpt>
			<trkpt lat="49.518906" lon="18.504746">
				<ele>723.000000</ele>
			</trkpt>
			<trkpt lat="49.518720" lon="18.505277">
				<ele>719.000000</ele>
			</trkpt>
			<trkpt lat="49.518690" lon="18.505402">
				<ele>718.000000</ele>
			</trkpt>
			<trkpt lat="49.518667" lon="18.505538">
				<ele>717.000000</ele>
			</trkpt>
			<trkpt lat="49.518632" lon="18.505744">
				<ele>716.000000</ele>
			</trkpt>
			<trkpt lat="49.518591" lon="18.505915">
				<ele>715.000000</ele>
			</trkpt>
			<trkpt lat="49.518562" lon="18.506077">
				<ele>715.000000</ele>
			</trkpt>
			<trkpt lat="49.518545" lon="18.506328">
				<ele>715.000000</ele>
			</trkpt>
			<trkpt lat="49.518504" lon="18.506767">
				<ele>715.000000</ele>
			</trkpt>
			<trkpt lat="49.518492" lon="18.507209">
				<ele>715.000000</ele>
			</trkpt>
			<trkpt lat="49.518480" lon="18.507541">
				<ele>715.000000</ele>
			</trkpt>
			<trkpt lat="49.518469" lon="18.507873">
				<ele>715.000000</ele>
			</trkpt>
			<trkpt lat="49.518457" lon="18.508107">
				<ele>715.000000</ele>
			</trkpt>
			<trkpt lat="49.518428" lon="18.508322">
				<ele>715.000000</ele>
			</trkpt>
			<trkpt lat="49.518399" lon="18.508574">
				<ele>717.000000</ele>
			</trkpt>
			<trkpt lat="49.518270" lon="18.509211">
				<ele>720.000000</ele>
			</trkpt>
			<trkpt lat="49.518189" lon="18.509687">
				<ele>724.000000</ele>
			</trkpt>
			<trkpt lat="49.518142" lon="18.510155">
				<ele>726.000000</ele>
			</trkpt>
			<trkpt lat="49.518107" lon="18.510649">
				<ele>729.000000</ele>
			</trkpt>
			<trkpt lat="49.518090" lon="18.511295">
				<ele>731.000000</ele>
			</trkpt>
			<trkpt lat="49.518078" lon="18.511620">
				<ele>732.000000</ele>
			</trkpt>
			<trkpt lat="49.518066" lon="18.511807">
				<ele>733.000000</ele>
			</trkpt>
			<trkpt lat="49.518032" lon="18.512014">
				<ele>733.000000</ele>
			</trkpt>
			<trkpt lat="49.517991" lon="18.512230">
				<ele>734.000000</ele>
			</trkpt>
			<trkpt lat="49.517944" lon="18.512419">
				<ele>734.000000</ele>
			</trkpt>
			<trkpt lat="49.517920" lon="18.512599">
				<ele>735.000000</ele>
			</trkpt>
			<trkpt lat="49.517909" lon="18.512760">
				<ele>735.000000</ele>
			</trkpt>
			<trkpt lat="49.517903" lon="18.513038">
				<ele>735.000000</ele>
			</trkpt>
			<trkpt lat="49.517885" lon="18.513317">
				<ele>735.000000</ele>
			</trkpt>
			<trkpt lat="49.517804" lon="18.513793">
				<ele>735.000000</ele>
			</trkpt>
			<trkpt lat="49.517792" lon="18.513973">
				<ele>735.000000</ele>
			</trkpt>
			<trkpt lat="49.517775" lon="18.514152">
				<ele>735.000000</ele>
			</trkpt>
			<trkpt lat="49.517775" lon="18.514853">
				<ele>735.000000</ele>
			</trkpt>
			<trkpt lat="49.517775" lon="18.515132">
				<ele>736.000000</ele>
			</trkpt>
			<trkpt lat="49.517775" lon="18.515392">
				<ele>738.000000</ele>
			</trkpt>
			<trkpt lat="49.517827" lon="18.516254">
				<ele>746.000000</ele>
			</trkpt>
			<trkpt lat="49.517833" lon="18.516389">
				<ele>747.000000</ele>
			</trkpt>
			<trkpt lat="49.517816" lon="18.516694">
				<ele>752.000000</ele>
			</trkpt>
			<trkpt lat="49.517804" lon="18.517153">
				<ele>761.000000</ele>
			</trkpt>
			<trkpt lat="49.517804" lon="18.517413">
				<ele>764.000000</ele>
			</trkpt>
			<trkpt lat="49.517816" lon="18.517620">
				<ele>765.000000</ele>
			</trkpt>
			<trkpt lat="49.517827" lon="18.517773">
				<ele>765.000000</ele>
			</trkpt>
			<trkpt lat="49.517822" lon="18.518231">
				<ele>765.000000</ele>
			</trkpt>
			<trkpt lat="49.517781" lon="18.518769">
				<ele>762.000000</ele>
			</trkpt>
			<trkpt lat="49.517746" lon="18.519031">
				<ele>760.000000</ele>
			</trkpt>
			<trkpt lat="49.517693" lon="18.519228">
				<ele>759.000000</ele>
			</trkpt>
			<trkpt lat="49.517623" lon="18.519390">
				<ele>757.000000</ele>
			</trkpt>
			<trkpt lat="49.517524" lon="18.519551">
				<ele>756.000000</ele>
			</trkpt>
			<trkpt lat="49.517156" lon="18.520117">
				<ele>750.000000</ele>
			</trkpt>
			<trkpt lat="49.517022" lon="18.520315">
				<ele>748.000000</ele>
			</trkpt>
			<trkpt lat="49.516923" lon="18.520512">
				<ele>747.000000</ele>
			</trkpt>
			<trkpt lat="49.516696" lon="18.521033">
				<ele>745.000000</ele>
			</trkpt>
			<trkpt lat="49.516456" lon="18.521501">
				<ele>745.000000</ele>
			</trkpt>
			<trkpt lat="49.516171" lon="18.521895">
				<ele>745.000000</ele>
			</trkpt>
			<trkpt lat="49.516049" lon="18.522111">
				<ele>745.000000</ele>
			</trkpt>
			<trkpt lat="49.515943" lon="18.522327">
				<ele>745.000000</ele>
			</trkpt>
			<trkpt lat="49.515827" lon="18.522660">
				<ele>745.000000</ele>
			</trkpt>
			<trkpt lat="49.515687" lon="18.523027">
				<ele>746.000000</ele>
			</trkpt>
			<trkpt lat="49.515640" lon="18.523145">
				<ele>747.000000</ele>
			</trkpt>
			<trkpt lat="49.515576" lon="18.523262">
				<ele>749.000000</ele>
			</trkpt>
			<trkpt lat="49.515465" lon="18.523476">
				<ele>750.000000</ele>
			</trkpt>
			<trkpt lat="49.515343" lon="18.523728">
				<ele>753.000000</ele>
			</trkpt>
			<trkpt lat="49.515226" lon="18.523998">
				<ele>755.000000</ele>
			</trkpt>
			<trkpt lat="49.515104" lon="18.524285">
				<ele>755.000000</ele>
			</trkpt>
			<trkpt lat="49.514911" lon="18.524931">
				<ele>755.000000</ele>
			</trkpt>
			<trkpt lat="49.514847" lon="18.525166">
				<ele>755.000000</ele>
			</trkpt>
			<trkpt lat="49.514789" lon="18.525417">
				<ele>755.000000</ele>
			</trkpt>
			<trkpt lat="49.514841" lon="18.526126">
				<ele>756.000000</ele>
			</trkpt>
			<trkpt lat="49.514841" lon="18.526306">
				<ele>757.000000</ele>
			</trkpt>
			<trkpt lat="49.514835" lon="18.526459">
				<ele>757.000000</ele>
			</trkpt>
			<trkpt lat="49.514806" lon="18.526872">
				<ele>759.000000</ele>
			</trkpt>
			<trkpt lat="49.514759" lon="18.527268">
				<ele>760.000000</ele>
			</trkpt>
			<trkpt lat="49.514696" lon="18.527654">
				<ele>762.000000</ele>
			</trkpt>
			<trkpt lat="49.514608" lon="18.528076">
				<ele>764.000000</ele>
			</trkpt>
			<trkpt lat="49.514486" lon="18.528562">
				<ele>766.000000</ele>
			</trkpt>
			<trkpt lat="49.514275" lon="18.529262">
				<ele>767.000000</ele>
			</trkpt>
			<trkpt lat="49.514275" lon="18.529262">
				<ele>767.000000</ele>
			</trkpt>
			<trkpt lat="49.514147" lon="18.529405">
				<ele>768.000000</ele>
			</trkpt>
			<trkpt lat="49.513995" lon="18.529549">
				<ele>769.000000</ele>
			</trkpt>
			<trkpt lat="49.513792" lon="18.529711">
				<ele>770.000000</ele>
			</trkpt>
			<trkpt lat="49.513418" lon="18.529963">
				<ele>774.000000</ele>
			</trkpt>
			<trkpt lat="49.513226" lon="18.530115">
				<ele>776.000000</ele>
			</trkpt>
			<trkpt lat="49.513097" lon="18.530178">
				<ele>777.000000</ele>
			</trkpt>
			<trkpt lat="49.512969" lon="18.530205">
				<ele>779.000000</ele>
			</trkpt>
			<trkpt lat="49.512823" lon="18.530214">
				<ele>780.000000</ele>
			</trkpt>
			<trkpt lat="49.512683" lon="18.530205">
				<ele>782.000000</ele>
			</trkpt>
			<trkpt lat="49.512555" lon="18.530205">
				<ele>784.000000</ele>
			</trkpt>
			<trkpt lat="49.512409" lon="18.530241">
				<ele>786.000000</ele>
			</trkpt>
			<trkpt lat="49.512246" lon="18.530294">
				<ele>789.000000</ele>
			</trkpt>
			<trkpt lat="49.512082" lon="18.530367">
				<ele>791.000000</ele>
			</trkpt>
			<trkpt lat="49.511873" lon="18.530474">
				<ele>793.000000</ele>
			</trkpt>
			<trkpt lat="49.511377" lon="18.530771">
				<ele>799.000000</ele>
			</trkpt>
			<trkpt lat="49.511295" lon="18.530834">
				<ele>800.000000</ele>
			</trkpt>
			<trkpt lat="49.511213" lon="18.530897">
				<ele>802.000000</ele>
			</trkpt>
			<trkpt lat="49.511144" lon="18.530977">
				<ele>803.000000</ele>
			</trkpt>
			<trkpt lat="49.511079" lon="18.531049">
				<ele>805.000000</ele>
			</trkpt>
			<trkpt lat="49.511032" lon="18.531149">
				<ele>806.000000</ele>
			</trkpt>
			<trkpt lat="49.510974" lon="18.531239">
				<ele>806.000000</ele>
			</trkpt>
			<trkpt lat="49.510846" lon="18.531579">
				<ele>809.000000</ele>
			</trkpt>
			<trkpt lat="49.510788" lon="18.531696">
				<ele>810.000000</ele>
			</trkpt>
			<trkpt lat="49.510735" lon="18.531786">
				<ele>811.000000</ele>
			</trkpt>
			<trkpt lat="49.510660" lon="18.531849">
				<ele>811.000000</ele>
			</trkpt>
			<trkpt lat="49.510548" lon="18.531912">
				<ele>812.000000</ele>
			</trkpt>
			<trkpt lat="49.510467" lon="18.531948">
				<ele>813.000000</ele>
			</trkpt>
			<trkpt lat="49.510239" lon="18.531975">
				<ele>815.000000</ele>
			</trkpt>
			<trkpt lat="49.510169" lon="18.531992">
				<ele>815.000000</ele>
			</trkpt>
			<trkpt lat="49.510134" lon="18.532019">
				<ele>815.000000</ele>
			</trkpt>
			<trkpt lat="49.510111" lon="18.532065">
				<ele>815.000000</ele>
			</trkpt>
			<trkpt lat="49.510105" lon="18.532118">
				<ele>815.000000</ele>
			</trkpt>
			<trkpt lat="49.510100" lon="18.532181">
				<ele>815.000000</ele>
			</trkpt>
			<trkpt lat="49.510105" lon="18.532254">
				<ele>815.000000</ele>
			</trkpt>
			<trkpt lat="49.510134" lon="18.532325">
				<ele>815.000000</ele>
			</trkpt>
			<trkpt lat="49.510228" lon="18.532523">
				<ele>817.000000</ele>
			</trkpt>
			<trkpt lat="49.510269" lon="18.532621">
				<ele>818.000000</ele>
			</trkpt>
			<trkpt lat="49.510309" lon="18.532757">
				<ele>819.000000</ele>
			</trkpt>
			<trkpt lat="49.510332" lon="18.532891">
				<ele>820.000000</ele>
			</trkpt>
			<trkpt lat="49.510344" lon="18.533034">
				<ele>821.000000</ele>
			</trkpt>
			<trkpt lat="49.510338" lon="18.533170">
				<ele>822.000000</ele>
			</trkpt>
			<trkpt lat="49.510321" lon="18.533304">
				<ele>823.000000</ele>
			</trkpt>
			<trkpt lat="49.510280" lon="18.533430">
				<ele>824.000000</ele>
			</trkpt>
			<trkpt lat="49.510228" lon="18.533537">
				<ele>825.000000</ele>
			</trkpt>
			<trkpt lat="49.510175" lon="18.533583">
				<ele>826.000000</ele>
			</trkpt>
			<trkpt lat="49.510128" lon="18.533627">
				<ele>826.000000</ele>
			</trkpt>
			<trkpt lat="49.509930" lon="18.533717">
				<ele>829.000000</ele>
			</trkpt>
			<trkpt lat="49.509335" lon="18.534023">
				<ele>839.000000</ele>
			</trkpt>
			<trkpt lat="49.509067" lon="18.534158">
				<ele>842.000000</ele>
			</trkpt>
			<trkpt lat="49.508938" lon="18.534229">
				<ele>843.000000</ele>
			</trkpt>
			<trkpt lat="49.508874" lon="18.534292">
				<ele>844.000000</ele>
			</trkpt>
			<trkpt lat="49.508828" lon="18.534373">
				<ele>844.000000</ele>
			</trkpt>
			<trkpt lat="49.508804" lon="18.534481">
				<ele>845.000000</ele>
			</trkpt>
			<trkpt lat="49.508787" lon="18.534795">
				<ele>848.000000</ele>
			</trkpt>
			<trkpt lat="49.508758" lon="18.534994">
				<ele>850.000000</ele>
			</trkpt>
			<trkpt lat="49.508734" lon="18.535055">
				<ele>850.000000</ele>
			</trkpt>
			<trkpt lat="49.508717" lon="18.535101">
				<ele>851.000000</ele>
			</trkpt>
			<trkpt lat="49.508699" lon="18.535118">
				<ele>851.000000</ele>
			</trkpt>
			<trkpt lat="49.508670" lon="18.535145">
				<ele>851.000000</ele>
			</trkpt>
			<trkpt lat="49.508641" lon="18.535164">
				<ele>852.000000</ele>
			</trkpt>
			<trkpt lat="49.508606" lon="18.535145">
				<ele>852.000000</ele>
			</trkpt>
			<trkpt lat="49.508518" lon="18.535110">
				<ele>853.000000</ele>
			</trkpt>
			<trkpt lat="49.508402" lon="18.535029">
				<ele>854.000000</ele>
			</trkpt>
			<trkpt lat="49.508262" lon="18.534984">
				<ele>855.000000</ele>
			</trkpt>
			<trkpt lat="49.508127" lon="18.534975">
				<ele>857.000000</ele>
			</trkpt>
			<trkpt lat="49.507877" lon="18.534967">
				<ele>862.000000</ele>
			</trkpt>
			<trkpt lat="49.507731" lon="18.534939">
				<ele>865.000000</ele>
			</trkpt>
			<trkpt lat="49.507643" lon="18.534912">
				<ele>865.000000</ele>
			</trkpt>
			<trkpt lat="49.507562" lon="18.534831">
				<ele>865.000000</ele>
			</trkpt>
			<trkpt lat="49.507474" lon="18.534705">
				<ele>865.000000</ele>
			</trkpt>
			<trkpt lat="49.507293" lon="18.534508">
				<ele>865.000000</ele>
			</trkpt>
			<trkpt lat="49.507206" lon="18.534436">
				<ele>865.000000</ele>
			</trkpt>
			<trkpt lat="49.507118" lon="18.534373">
				<ele>865.000000</ele>
			</trkpt>
			<trkpt lat="49.507020" lon="18.534338">
				<ele>865.000000</ele>
			</trkpt>
			<trkpt lat="49.506938" lon="18.534302">
				<ele>865.000000</ele>
			</trkpt>
			<trkpt lat="49.506833" lon="18.534283">
				<ele>865.000000</ele>
			</trkpt>
			<trkpt lat="49.506733" lon="18.534275">
				<ele>865.000000</ele>
			</trkpt>
			<trkpt lat="49.506296" lon="18.534275">
				<ele>865.000000</ele>
			</trkpt>
			<trkpt lat="49.506150" lon="18.534275">
				<ele>865.000000</ele>
			</trkpt>
			<trkpt lat="49.506016" lon="18.534311">
				<ele>865.000000</ele>
			</trkpt>
			<trkpt lat="49.505876" lon="18.534338">
				<ele>865.000000</ele>
			</trkpt>
			<trkpt lat="49.505765" lon="18.534401">
				<ele>865.000000</ele>
			</trkpt>
			<trkpt lat="49.505631" lon="18.534499">
				<ele>865.000000</ele>
			</trkpt>
			<trkpt lat="49.505508" lon="18.534607">
				<ele>865.000000</ele>
			</trkpt>
			<trkpt lat="49.505270" lon="18.534831">
				<ele>865.000000</ele>
			</trkpt>
			<trkpt lat="49.504890" lon="18.535235">
				<ele>869.000000</ele>
			</trkpt>
			<trkpt lat="49.504598" lon="18.535586">
				<ele>872.000000</ele>
			</trkpt>
			<trkpt lat="49.504476" lon="18.535730">
				<ele>873.000000</ele>
			</trkpt>
			<trkpt lat="49.504354" lon="18.535927">
				<ele>875.000000</ele>
			</trkpt>
			<trkpt lat="49.504237" lon="18.536143">
				<ele>876.000000</ele>
			</trkpt>
			<trkpt lat="49.504114" lon="18.536386">
				<ele>878.000000</ele>
			</trkpt>
			<trkpt lat="49.503980" lon="18.536619">
				<ele>880.000000</ele>
			</trkpt>
			<trkpt lat="49.503823" lon="18.536871">
				<ele>881.000000</ele>
			</trkpt>
			<trkpt lat="49.503426" lon="18.537355">
				<ele>884.000000</ele>
			</trkpt>
			<trkpt lat="49.503310" lon="18.537508">
				<ele>885.000000</ele>
			</trkpt>
			<trkpt lat="49.503163" lon="18.537724">
				<ele>886.000000</ele>
			</trkpt>
			<trkpt lat="49.503041" lon="18.537931">
				<ele>888.000000</ele>
			</trkpt>
			<trkpt lat="49.502965" lon="18.538110">
				<ele>889.000000</ele>
			</trkpt>
			<trkpt lat="49.502825" lon="18.538460">
				<ele>890.000000</ele>
			</trkpt>
			<trkpt lat="49.502744" lon="18.538631">
				<ele>890.000000</ele>
			</trkpt>
			<trkpt lat="49.502703" lon="18.538963">
				<ele>890.000000</ele>
			</trkpt>
			<trkpt lat="49.502673" lon="18.539152">
				<ele>890.000000</ele>
			</trkpt>
			<trkpt lat="49.502644" lon="18.539242">
				<ele>890.000000</ele>
			</trkpt>
			<trkpt lat="49.502603" lon="18.539342">
				<ele>890.000000</ele>
			</trkpt>
			<trkpt lat="49.502247" lon="18.540114">
				<ele>890.000000</ele>
			</trkpt>
			<trkpt lat="49.502009" lon="18.540608">
				<ele>890.000000</ele>
			</trkpt>
			<trkpt lat="49.501968" lon="18.540707">
				<ele>890.000000</ele>
			</trkpt>
			<trkpt lat="49.501921" lon="18.540770">
				<ele>890.000000</ele>
			</trkpt>
			<trkpt lat="49.501874" lon="18.540833">
				<ele>890.000000</ele>
			</trkpt>
			<trkpt lat="49.501816" lon="18.540868">
				<ele>890.000000</ele>
			</trkpt>
			<trkpt lat="49.501694" lon="18.540877">
				<ele>890.000000</ele>
			</trkpt>
			<trkpt lat="49.501600" lon="18.540913">
				<ele>890.000000</ele>
			</trkpt>
			<trkpt lat="49.501524" lon="18.540976">
				<ele>890.000000</ele>
			</trkpt>
			<trkpt lat="49.501454" lon="18.541084">
				<ele>890.000000</ele>
			</trkpt>
			<trkpt lat="49.501349" lon="18.541254">
				<ele>891.000000</ele>
			</trkpt>
			<trkpt lat="49.501273" lon="18.541371">
				<ele>891.000000</ele>
			</trkpt>
			<trkpt lat="49.501215" lon="18.541434">
				<ele>892.000000</ele>
			</trkpt>
			<trkpt lat="49.501151" lon="18.541487">
				<ele>892.000000</ele>
			</trkpt>
			<trkpt lat="49.501081" lon="18.541524">
				<ele>892.000000</ele>
			</trkpt>
			<trkpt lat="49.500987" lon="18.541542">
				<ele>892.000000</ele>
			</trkpt>
			<trkpt lat="49.500754" lon="18.541550">
				<ele>893.000000</ele>
			</trkpt>
			<trkpt lat="49.500590" lon="18.541533">
				<ele>893.000000</ele>
			</trkpt>
			<trkpt lat="49.500439" lon="18.541452">
				<ele>894.000000</ele>
			</trkpt>
			<trkpt lat="49.500311" lon="18.541353">
				<ele>894.000000</ele>
			</trkpt>
			<trkpt lat="49.500218" lon="18.541336">
				<ele>895.000000</ele>
			</trkpt>
			<trkpt lat="49.500112" lon="18.541344">
				<ele>895.000000</ele>
			</trkpt>
			<trkpt lat="49.499966" lon="18.541399">
				<ele>895.000000</ele>
			</trkpt>
			<trkpt lat="49.499972" lon="18.541460">
				<ele>896.000000</ele>
			</trkpt>
			<trkpt lat="49.499972" lon="18.541497">
				<ele>896.000000</ele>
			</trkpt>
			<trkpt lat="49.499879" lon="18.541640">
				<ele>899.000000</ele>
			</trkpt>
			<trkpt lat="49.499774" lon="18.541757">
				<ele>901.000000</ele>
			</trkpt>
			<trkpt lat="49.499721" lon="18.541812">
				<ele>901.000000</ele>
			</trkpt>
			<trkpt lat="49.499657" lon="18.541875">
				<ele>902.000000</ele>
			</trkpt>
			<trkpt lat="49.499587" lon="18.541965">
				<ele>902.000000</ele>
			</trkpt>
			<trkpt lat="49.499477" lon="18.542152">
				<ele>904.000000</ele>
			</trkpt>
			<trkpt lat="49.499266" lon="18.542548">
				<ele>906.000000</ele>
			</trkpt>
			<trkpt lat="49.499237" lon="18.542619">
				<ele>906.000000</ele>
			</trkpt>
			<trkpt lat="49.499220" lon="18.542655">
				<ele>907.000000</ele>
			</trkpt>
			<trkpt lat="49.499214" lon="18.542718">
				<ele>907.000000</ele>
			</trkpt>
			<trkpt lat="49.499231" lon="18.542755">
				<ele>907.000000</ele>
			</trkpt>
			<trkpt lat="49.499342" lon="18.542934">
				<ele>908.000000</ele>
			</trkpt>
			<trkpt lat="49.499296" lon="18.543095">
				<ele>909.000000</ele>
			</trkpt>
			<trkpt lat="49.499261" lon="18.543213">
				<ele>909.000000</ele>
			</trkpt>
			<trkpt lat="49.499243" lon="18.543347">
				<ele>910.000000</ele>
			</trkpt>
			<trkpt lat="49.499225" lon="18.543491">
				<ele>911.000000</ele>
			</trkpt>
			<trkpt lat="49.499214" lon="18.543644">
				<ele>912.000000</ele>
			</trkpt>
			<trkpt lat="49.499214" lon="18.543644">
				<ele>912.000000</ele>
			</trkpt>
			<trkpt lat="49.499202" lon="18.543751">
				<ele>912.000000</ele>
			</trkpt>
			<trkpt lat="49.499167" lon="18.543967">
				<ele>914.000000</ele>
			</trkpt>
			<trkpt lat="49.499039" lon="18.544623">
				<ele>903.000000</ele>
			</trkpt>
			<trkpt lat="49.498987" lon="18.544892">
				<ele>896.000000</ele>
			</trkpt>
			<trkpt lat="49.499132" lon="18.545431">
				<ele>898.000000</ele>
			</trkpt>
			<trkpt lat="49.499196" lon="18.545701">
				<ele>899.000000</ele>
			</trkpt>
			<trkpt lat="49.499261" lon="18.546007">
				<ele>900.000000</ele>
			</trkpt>
			<trkpt lat="49.499296" lon="18.546311">
				<ele>901.000000</ele>
			</trkpt>
			<trkpt lat="49.499342" lon="18.546581">
				<ele>903.000000</ele>
			</trkpt>
			<trkpt lat="49.499395" lon="18.546779">
				<ele>903.000000</ele>
			</trkpt>
			<trkpt lat="49.499482" lon="18.546959">
				<ele>904.000000</ele>
			</trkpt>
			<trkpt lat="49.499611" lon="18.547175">
				<ele>905.000000</ele>
			</trkpt>
			<trkpt lat="49.499669" lon="18.547282">
				<ele>906.000000</ele>
			</trkpt>
			<trkpt lat="49.499739" lon="18.547355">
				<ele>906.000000</ele>
			</trkpt>
			<trkpt lat="49.499920" lon="18.547516">
				<ele>908.000000</ele>
			</trkpt>
			<trkpt lat="49.499972" lon="18.547579">
				<ele>908.000000</ele>
			</trkpt>
			<trkpt lat="49.500025" lon="18.547632">
				<ele>908.000000</ele>
			</trkpt>
			<trkpt lat="49.500060" lon="18.547722">
				<ele>909.000000</ele>
			</trkpt>
			<trkpt lat="49.500095" lon="18.547831">
				<ele>909.000000</ele>
			</trkpt>
			<trkpt lat="49.500136" lon="18.547974">
				<ele>910.000000</ele>
			</trkpt>
			<trkpt lat="49.500182" lon="18.548099">
				<ele>911.000000</ele>
			</trkpt>
			<trkpt lat="49.500393" lon="18.548531">
				<ele>913.000000</ele>
			</trkpt>
			<trkpt lat="49.500748" lon="18.550192">
				<ele>919.000000</ele>
			</trkpt>
			<trkpt lat="49.500888" lon="18.550921">
				<ele>922.000000</ele>
			</trkpt>
			<trkpt lat="49.500923" lon="18.551055">
				<ele>923.000000</ele>
			</trkpt>
			<trkpt lat="49.500970" lon="18.551171">
				<ele>924.000000</ele>
			</trkpt>
			<trkpt lat="49.501040" lon="18.551244">
				<ele>924.000000</ele>
			</trkpt>
			<trkpt lat="49.501128" lon="18.551307">
				<ele>925.000000</ele>
			</trkpt>
			<trkpt lat="49.501484" lon="18.551460">
				<ele>923.000000</ele>
			</trkpt>
			<trkpt lat="49.501653" lon="18.551523">
				<ele>922.000000</ele>
			</trkpt>
			<trkpt lat="49.501757" lon="18.551576">
				<ele>921.000000</ele>
			</trkpt>
			<trkpt lat="49.501874" lon="18.551594">
				<ele>920.000000</ele>
			</trkpt>
			<trkpt lat="49.502003" lon="18.551603">
				<ele>920.000000</ele>
			</trkpt>
			<trkpt lat="49.502143" lon="18.551613">
				<ele>920.000000</ele>
			</trkpt>
			<trkpt lat="49.502259" lon="18.551666">
				<ele>919.000000</ele>
			</trkpt>
			<trkpt lat="49.502271" lon="18.551666">
				<ele>919.000000</ele>
			</trkpt>
			<trkpt lat="49.502428" lon="18.551764">
				<ele>919.000000</ele>
			</trkpt>
			<trkpt lat="49.502621" lon="18.551917">
				<ele>918.000000</ele>
			</trkpt>
			<trkpt lat="49.502685" lon="18.551971">
				<ele>918.000000</ele>
			</trkpt>
			<trkpt lat="49.502732" lon="18.552061">
				<ele>918.000000</ele>
			</trkpt>
			<trkpt lat="49.502779" lon="18.552160">
				<ele>918.000000</ele>
			</trkpt>
			<trkpt lat="49.502819" lon="18.552303">
				<ele>918.000000</ele>
			</trkpt>
			<trkpt lat="49.502848" lon="18.552456">
				<ele>917.000000</ele>
			</trkpt>
			<trkpt lat="49.502878" lon="18.552582">
				<ele>917.000000</ele>
			</trkpt>
			<trkpt lat="49.502930" lon="18.552682">
				<ele>917.000000</ele>
			</trkpt>
			<trkpt lat="49.503000" lon="18.552771">
				<ele>917.000000</ele>
			</trkpt>
			<trkpt lat="49.503070" lon="18.552861">
				<ele>916.000000</ele>
			</trkpt>
			<trkpt lat="49.503111" lon="18.552942">
				<ele>916.000000</ele>
			</trkpt>
			<trkpt lat="49.503135" lon="18.553032">
				<ele>916.000000</ele>
			</trkpt>
			<trkpt lat="49.503152" lon="18.553139">
				<ele>916.000000</ele>
			</trkpt>
			<trkpt lat="49.503187" lon="18.553489">
				<ele>915.000000</ele>
			</trkpt>
			<trkpt lat="49.503198" lon="18.553705">
				<ele>915.000000</ele>
			</trkpt>
			<trkpt lat="49.503198" lon="18.553921">
				<ele>915.000000</ele>
			</trkpt>
			<trkpt lat="49.503193" lon="18.554154">
				<ele>914.000000</ele>
			</trkpt>
			<trkpt lat="49.503163" lon="18.554477">
				<ele>914.000000</ele>
			</trkpt>
			<trkpt lat="49.503175" lon="18.554703">
				<ele>913.000000</ele>
			</trkpt>
			<trkpt lat="49.503257" lon="18.555619">
				<ele>912.000000</ele>
			</trkpt>
			<trkpt lat="49.503315" lon="18.556194">
				<ele>911.000000</ele>
			</trkpt>
			<trkpt lat="49.503344" lon="18.556454">
				<ele>910.000000</ele>
			</trkpt>
			<trkpt lat="49.503385" lon="18.556651">
				<ele>910.000000</ele>
			</trkpt>
			<trkpt lat="49.503432" lon="18.556823">
				<ele>910.000000</ele>
			</trkpt>
			<trkpt lat="49.503502" lon="18.556993">
				<ele>910.000000</ele>
			</trkpt>
			<trkpt lat="49.503584" lon="18.557163">
				<ele>910.000000</ele>
			</trkpt>
			<trkpt lat="49.503753" lon="18.557496">
				<ele>910.000000</ele>
			</trkpt>
			<trkpt lat="49.504051" lon="18.558079">
				<ele>910.000000</ele>
			</trkpt>
			<trkpt lat="49.504155" lon="18.558295">
				<ele>910.000000</ele>
			</trkpt>
			<trkpt lat="49.504243" lon="18.558521">
				<ele>910.000000</ele>
			</trkpt>
			<trkpt lat="49.504762" lon="18.559831">
				<ele>910.000000</ele>
			</trkpt>
			<trkpt lat="49.505246" lon="18.561081">
				<ele>916.000000</ele>
			</trkpt>
			<trkpt lat="49.505404" lon="18.561511">
				<ele>920.000000</ele>
			</trkpt>
			<trkpt lat="49.505467" lon="18.561664">
				<ele>921.000000</ele>
			</trkpt>
			<trkpt lat="49.505567" lon="18.561835">
				<ele>922.000000</ele>
			</trkpt>
			<trkpt lat="49.505661" lon="18.562014">
				<ele>924.000000</ele>
			</trkpt>
			<trkpt lat="49.505707" lon="18.562194">
				<ele>925.000000</ele>
			</trkpt>
			<trkpt lat="49.505812" lon="18.562634">
				<ele>927.000000</ele>
			</trkpt>
			<trkpt lat="49.505864" lon="18.562814">
				<ele>927.000000</ele>
			</trkpt>
			<trkpt lat="49.505923" lon="18.563003">
				<ele>928.000000</ele>
			</trkpt>
			<trkpt lat="49.505992" lon="18.563156">
				<ele>929.000000</ele>
			</trkpt>
			<trkpt lat="49.506086" lon="18.563345">
				<ele>930.000000</ele>
			</trkpt>
			<trkpt lat="49.506681" lon="18.564503">
				<ele>936.000000</ele>
			</trkpt>
			<trkpt lat="49.506745" lon="18.564664">
				<ele>937.000000</ele>
			</trkpt>
			<trkpt lat="49.506792" lon="18.564827">
				<ele>938.000000</ele>
			</trkpt>
			<trkpt lat="49.506833" lon="18.564997">
				<ele>939.000000</ele>
			</trkpt>
			<trkpt lat="49.506885" lon="18.565347">
				<ele>941.000000</ele>
			</trkpt>
			<trkpt lat="49.507014" lon="18.566146">
				<ele>946.000000</ele>
			</trkpt>
			<trkpt lat="49.507078" lon="18.566498">
				<ele>949.000000</ele>
			</trkpt>
			<trkpt lat="49.507130" lon="18.566731">
				<ele>951.000000</ele>
			</trkpt>
			<trkpt lat="49.507194" lon="18.566974">
				<ele>953.000000</ele>
			</trkpt>
			<trkpt lat="49.507271" lon="18.567215">
				<ele>955.000000</ele>
			</trkpt>
			<trkpt lat="49.507352" lon="18.567458">
				<ele>958.000000</ele>
			</trkpt>
			<trkpt lat="49.507433" lon="18.567692">
				<ele>961.000000</ele>
			</trkpt>
			<trkpt lat="49.507498" lon="18.568033">
				<ele>962.000000</ele>
			</trkpt>
			<trkpt lat="49.507544" lon="18.568285">
				<ele>963.000000</ele>
			</trkpt>
			<trkpt lat="49.507580" lon="18.568482">
				<ele>964.000000</ele>
			</trkpt>
			<trkpt lat="49.507638" lon="18.568716">
				<ele>965.000000</ele>
			</trkpt>
			<trkpt lat="49.507667" lon="18.568913">
				<ele>966.000000</ele>
			</trkpt>
			<trkpt lat="49.507702" lon="18.569211">
				<ele>968.000000</ele>
			</trkpt>
			<trkpt lat="49.507795" lon="18.569991">
				<ele>971.000000</ele>
			</trkpt>
			<trkpt lat="49.507818" lon="18.570171">
				<ele>972.000000</ele>
			</trkpt>
			<trkpt lat="49.507842" lon="18.570306">
				<ele>973.000000</ele>
			</trkpt>
			<trkpt lat="49.507883" lon="18.570584">
				<ele>974.000000</ele>
			</trkpt>
			<trkpt lat="49.507924" lon="18.571033">
				<ele>976.000000</ele>
			</trkpt>
			<trkpt lat="49.507959" lon="18.571339">
				<ele>978.000000</ele>
			</trkpt>
			<trkpt lat="49.508034" lon="18.571635">
				<ele>979.000000</ele>
			</trkpt>
			<trkpt lat="49.508105" lon="18.571878">
				<ele>980.000000</ele>
			</trkpt>
			<trkpt lat="49.508198" lon="18.572094">
				<ele>979.000000</ele>
			</trkpt>
			<trkpt lat="49.508250" lon="18.572219">
				<ele>978.000000</ele>
			</trkpt>
			<trkpt lat="49.508280" lon="18.572327">
				<ele>978.000000</ele>
			</trkpt>
			<trkpt lat="49.508315" lon="18.572524">
				<ele>977.000000</ele>
			</trkpt>
			<trkpt lat="49.508326" lon="18.572651">
				<ele>977.000000</ele>
			</trkpt>
			<trkpt lat="49.508332" lon="18.572777">
				<ele>976.000000</ele>
			</trkpt>
			<trkpt lat="49.508326" lon="18.572911">
				<ele>976.000000</ele>
			</trkpt>
			<trkpt lat="49.508303" lon="18.573082">
				<ele>975.000000</ele>
			</trkpt>
			<trkpt lat="49.508280" lon="18.573216">
				<ele>975.000000</ele>
			</trkpt>
			<trkpt lat="49.508233" lon="18.573333">
				<ele>975.000000</ele>
			</trkpt>
			<trkpt lat="49.508163" lon="18.573469">
				<ele>974.000000</ele>
			</trkpt>
			<trkpt lat="49.507988" lon="18.573773">
				<ele>973.000000</ele>
			</trkpt>
			<trkpt lat="49.507643" lon="18.574312">
				<ele>970.000000</ele>
			</trkpt>
			<trkpt lat="49.507486" lon="18.574582">
				<ele>969.000000</ele>
			</trkpt>
			<trkpt lat="49.507369" lon="18.574788">
				<ele>968.000000</ele>
			</trkpt>
			<trkpt lat="49.507299" lon="18.574924">
				<ele>968.000000</ele>
			</trkpt>
			<trkpt lat="49.507241" lon="18.575077">
				<ele>967.000000</ele>
			</trkpt>
			<trkpt lat="49.507183" lon="18.575247">
				<ele>967.000000</ele>
			</trkpt>
			<trkpt lat="49.507096" lon="18.575543">
				<ele>966.000000</ele>
			</trkpt>
			<trkpt lat="49.506996" lon="18.575830">
				<ele>965.000000</ele>
			</trkpt>
			<trkpt lat="49.506943" lon="18.575939">
				<ele>964.000000</ele>
			</trkpt>
			<trkpt lat="49.506891" lon="18.576046">
				<ele>964.000000</ele>
			</trkpt>
			<trkpt lat="49.506833" lon="18.576180">
				<ele>963.000000</ele>
			</trkpt>
			<trkpt lat="49.506768" lon="18.576396">
				<ele>963.000000</ele>
			</trkpt>
			<trkpt lat="49.506733" lon="18.576486">
				<ele>962.000000</ele>
			</trkpt>
			<trkpt lat="49.506693" lon="18.576549">
				<ele>962.000000</ele>
			</trkpt>
			<trkpt lat="49.506640" lon="18.576603">
				<ele>962.000000</ele>
			</trkpt>
			<trkpt lat="49.506611" lon="18.576675">
				<ele>961.000000</ele>
			</trkpt>
			<trkpt lat="49.506582" lon="18.576738">
				<ele>961.000000</ele>
			</trkpt>
			<trkpt lat="49.506558" lon="18.576836">
				<ele>961.000000</ele>
			</trkpt>
			<trkpt lat="49.506471" lon="18.577312">
				<ele>959.000000</ele>
			</trkpt>
			<trkpt lat="49.506413" lon="18.577762">
				<ele>958.000000</ele>
			</trkpt>
			<trkpt lat="49.506378" lon="18.578077">
				<ele>957.000000</ele>
			</trkpt>
			<trkpt lat="49.506361" lon="18.578354">
				<ele>956.000000</ele>
			</trkpt>
			<trkpt lat="49.506349" lon="18.578616">
				<ele>955.000000</ele>
			</trkpt>
			<trkpt lat="49.506366" lon="18.578975">
				<ele>954.000000</ele>
			</trkpt>
			<trkpt lat="49.506372" lon="18.579379">
				<ele>953.000000</ele>
			</trkpt>
			<trkpt lat="49.506361" lon="18.579774">
				<ele>951.000000</ele>
			</trkpt>
			<trkpt lat="49.506337" lon="18.580134">
				<ele>950.000000</ele>
			</trkpt>
			<trkpt lat="49.506290" lon="18.580475">
				<ele>949.000000</ele>
			</trkpt>
			<trkpt lat="49.506284" lon="18.580673">
				<ele>949.000000</ele>
			</trkpt>
			<trkpt lat="49.506296" lon="18.580880">
				<ele>948.000000</ele>
			</trkpt>
			<trkpt lat="49.506302" lon="18.581086">
				<ele>947.000000</ele>
			</trkpt>
			<trkpt lat="49.506320" lon="18.581283">
				<ele>947.000000</ele>
			</trkpt>
			<trkpt lat="49.506361" lon="18.581446">
				<ele>946.000000</ele>
			</trkpt>
			<trkpt lat="49.506430" lon="18.581633">
				<ele>946.000000</ele>
			</trkpt>
			<trkpt lat="49.506547" lon="18.581903">
				<ele>946.000000</ele>
			</trkpt>
			<trkpt lat="49.506670" lon="18.582172">
				<ele>947.000000</ele>
			</trkpt>
			<trkpt lat="49.507165" lon="18.583151">
				<ele>955.000000</ele>
			</trkpt>
			<trkpt lat="49.507323" lon="18.583467">
				<ele>957.000000</ele>
			</trkpt>
			<trkpt lat="49.507480" lon="18.583754">
				<ele>958.000000</ele>
			</trkpt>
			<trkpt lat="49.507877" lon="18.584436">
				<ele>961.000000</ele>
			</trkpt>
			<trkpt lat="49.507941" lon="18.584535">
				<ele>962.000000</ele>
			</trkpt>
			<trkpt lat="49.507970" lon="18.584616">
				<ele>962.000000</ele>
			</trkpt>
			<trkpt lat="49.508034" lon="18.584759">
				<ele>963.000000</ele>
			</trkpt>
			<trkpt lat="49.508064" lon="18.584912">
				<ele>963.000000</ele>
			</trkpt>
			<trkpt lat="49.508075" lon="18.585056">
				<ele>963.000000</ele>
			</trkpt>
			<trkpt lat="49.508087" lon="18.585262">
				<ele>964.000000</ele>
			</trkpt>
			<trkpt lat="49.508075" lon="18.585757">
				<ele>965.000000</ele>
			</trkpt>
			<trkpt lat="49.508040" lon="18.586314">
				<ele>965.000000</ele>
			</trkpt>
			<trkpt lat="49.507988" lon="18.587015">
				<ele>965.000000</ele>
			</trkpt>
			<trkpt lat="49.507982" lon="18.587248">
				<ele>965.000000</ele>
			</trkpt>
			<trkpt lat="49.507993" lon="18.587356">
				<ele>966.000000</ele>
			</trkpt>
			<trkpt lat="49.508011" lon="18.587455">
				<ele>966.000000</ele>
			</trkpt>
			<trkpt lat="49.508075" lon="18.587671">
				<ele>966.000000</ele>
			</trkpt>
			<trkpt lat="49.508186" lon="18.587922">
				<ele>966.000000</ele>
			</trkpt>
			<trkpt lat="49.508233" lon="18.588048">
				<ele>967.000000</ele>
			</trkpt>
			<trkpt lat="49.508303" lon="18.588155">
				<ele>967.000000</ele>
			</trkpt>
			<trkpt lat="49.508536" lon="18.588461">
				<ele>967.000000</ele>
			</trkpt>
			<trkpt lat="49.508594" lon="18.588578">
				<ele>968.000000</ele>
			</trkpt>
			<trkpt lat="49.508647" lon="18.588721">
				<ele>968.000000</ele>
			</trkpt>
			<trkpt lat="49.508717" lon="18.588983">
				<ele>968.000000</ele>
			</trkpt>
			<trkpt lat="49.508857" lon="18.589422">
				<ele>969.000000</ele>
			</trkpt>
			<trkpt lat="49.508915" lon="18.589566">
				<ele>969.000000</ele>
			</trkpt>
			<trkpt lat="49.508997" lon="18.589665">
				<ele>969.000000</ele>
			</trkpt>
			<trkpt lat="49.509119" lon="18.589772">
				<ele>970.000000</ele>
			</trkpt>
			<trkpt lat="49.509230" lon="18.589835">
				<ele>970.000000</ele>
			</trkpt>
			<trkpt lat="49.509452" lon="18.589935">
				<ele>970.000000</ele>
			</trkpt>
			<trkpt lat="49.509516" lon="18.589970">
				<ele>970.000000</ele>
			</trkpt>
			<trkpt lat="49.509580" lon="18.589970">
				<ele>970.000000</ele>
			</trkpt>
			<trkpt lat="49.509644" lon="18.589962">
				<ele>970.000000</ele>
			</trkpt>
			<trkpt lat="49.509714" lon="18.589925">
				<ele>970.000000</ele>
			</trkpt>
			<trkpt lat="49.509854" lon="18.589880">
				<ele>972.000000</ele>
			</trkpt>
			<trkpt lat="49.509988" lon="18.589853">
				<ele>974.000000</ele>
			</trkpt>
			<trkpt lat="49.510117" lon="18.589845">
				<ele>977.000000</ele>
			</trkpt>
			<trkpt lat="49.510426" lon="18.589872">
				<ele>982.000000</ele>
			</trkpt>
			<trkpt lat="49.510560" lon="18.589880">
				<ele>984.000000</ele>
			</trkpt>
			<trkpt lat="49.510688" lon="18.589916">
				<ele>985.000000</ele>
			</trkpt>
			<trkpt lat="49.510758" lon="18.589952">
				<ele>985.000000</ele>
			</trkpt>
			<trkpt lat="49.510822" lon="18.589952">
				<ele>985.000000</ele>
			</trkpt>
			<trkpt lat="49.510893" lon="18.589943">
				<ele>985.000000</ele>
			</trkpt>
			<trkpt lat="49.510974" lon="18.589907">
				<ele>985.000000</ele>
			</trkpt>
			<trkpt lat="49.511021" lon="18.589898">
				<ele>985.000000</ele>
			</trkpt>
			<trkpt lat="49.511056" lon="18.589898">
				<ele>985.000000</ele>
			</trkpt>
			<trkpt lat="49.511103" lon="18.589907">
				<ele>984.000000</ele>
			</trkpt>
			<trkpt lat="49.511149" lon="18.589925">
				<ele>983.000000</ele>
			</trkpt>
			<trkpt lat="49.511242" lon="18.590015">
				<ele>982.000000</ele>
			</trkpt>
			<trkpt lat="49.511347" lon="18.590114">
				<ele>980.000000</ele>
			</trkpt>
			<trkpt lat="49.511447" lon="18.590195">
				<ele>978.000000</ele>
			</trkpt>
			<trkpt lat="49.511726" lon="18.590383">
				<ele>973.000000</ele>
			</trkpt>
			<trkpt lat="49.511732" lon="18.590392">
				<ele>973.000000</ele>
			</trkpt>
			<trkpt lat="49.511726" lon="18.590644">
				<ele>971.000000</ele>
			</trkpt>
			<trkpt lat="49.511738" lon="18.590922">
				<ele>970.000000</ele>
			</trkpt>
			<trkpt lat="49.511767" lon="18.591156">
				<ele>969.000000</ele>
			</trkpt>
			<trkpt lat="49.511820" lon="18.591380">
				<ele>968.000000</ele>
			</trkpt>
			<trkpt lat="49.511901" lon="18.591596">
				<ele>968.000000</ele>
			</trkpt>
			<trkpt lat="49.512013" lon="18.591793">
				<ele>967.000000</ele>
			</trkpt>
			<trkpt lat="49.512269" lon="18.592216">
				<ele>966.000000</ele>
			</trkpt>
			<trkpt lat="49.512514" lon="18.592620">
				<ele>964.000000</ele>
			</trkpt>
			<trkpt lat="49.512724" lon="18.593006">
				<ele>962.000000</ele>
			</trkpt>
			<trkpt lat="49.513021" lon="18.593572">
				<ele>958.000000</ele>
			</trkpt>
			<trkpt lat="49.513267" lon="18.594030">
				<ele>956.000000</ele>
			</trkpt>
			<trkpt lat="49.513564" lon="18.594606">
				<ele>953.000000</ele>
			</trkpt>
			<trkpt lat="49.513669" lon="18.594767">
				<ele>952.000000</ele>
			</trkpt>
			<trkpt lat="49.513745" lon="18.594883">
				<ele>951.000000</ele>
			</trkpt>
			<trkpt lat="49.513855" lon="18.595009">
				<ele>950.000000</ele>
			</trkpt>
			<trkpt lat="49.513955" lon="18.595099">
				<ele>950.000000</ele>
			</trkpt>
			<trkpt lat="49.514071" lon="18.595180">
				<ele>949.000000</ele>
			</trkpt>
			<trkpt lat="49.514194" lon="18.595235">
				<ele>948.000000</ele>
			</trkpt>
			<trkpt lat="49.514561" lon="18.595351">
				<ele>946.000000</ele>
			</trkpt>
			<trkpt lat="49.514724" lon="18.595432">
				<ele>945.000000</ele>
			</trkpt>
			<trkpt lat="49.514806" lon="18.595495">
				<ele>945.000000</ele>
			</trkpt>
			<trkpt lat="49.514847" lon="18.595558">
				<ele>944.000000</ele>
			</trkpt>
			<trkpt lat="49.514882" lon="18.595629">
				<ele>944.000000</ele>
			</trkpt>
			<trkpt lat="49.514905" lon="18.595701">
				<ele>943.000000</ele>
			</trkpt>
			<trkpt lat="49.514911" lon="18.595809">
				<ele>943.000000</ele>
			</trkpt>
			<trkpt lat="49.514899" lon="18.595891">
				<ele>943.000000</ele>
			</trkpt>
			<trkpt lat="49.514899" lon="18.595962">
				<ele>942.000000</ele>
			</trkpt>
			<trkpt lat="49.514871" lon="18.596042">
				<ele>942.000000</ele>
			</trkpt>
			<trkpt lat="49.514824" lon="18.596151">
				<ele>941.000000</ele>
			</trkpt>
			<trkpt lat="49.514672" lon="18.596375">
				<ele>940.000000</ele>
			</trkpt>
			<trkpt lat="49.514614" lon="18.596510">
				<ele>940.000000</ele>
			</trkpt>
			<trkpt lat="49.514299" lon="18.597336">
				<ele>937.000000</ele>
			</trkpt>
			<trkpt lat="49.514048" lon="18.598082">
				<ele>935.000000</ele>
			</trkpt>
			<trkpt lat="49.513879" lon="18.598638">
				<ele>937.000000</ele>
			</trkpt>
			<trkpt lat="49.513780" lon="18.598962">
				<ele>939.000000</ele>
			</trkpt>
			<trkpt lat="49.513751" lon="18.598989">
				<ele>939.000000</ele>
			</trkpt>
			<trkpt lat="49.513727" lon="18.599007">
				<ele>940.000000</ele>
			</trkpt>
			<trkpt lat="49.513686" lon="18.599107">
				<ele>940.000000</ele>
			</trkpt>
			<trkpt lat="49.513652" lon="18.599204">
				<ele>941.000000</ele>
			</trkpt>
			<trkpt lat="49.513652" lon="18.599204">
				<ele>941.000000</ele>
			</trkpt>
			<trkpt lat="49.513535" lon="18.599537">
				<ele>945.000000</ele>
			</trkpt>
			<trkpt lat="49.513500" lon="18.599644">
				<ele>946.000000</ele>
			</trkpt>
			<trkpt lat="49.513476" lon="18.599734">
				<ele>946.000000</ele>
			</trkpt>
			<trkpt lat="49.513459" lon="18.599833">
				<ele>946.000000</ele>
			</trkpt>
			<trkpt lat="49.513442" lon="18.599959">
				<ele>947.000000</ele>
			</trkpt>
			<trkpt lat="49.513406" lon="18.600507">
				<ele>948.000000</ele>
			</trkpt>
			<trkpt lat="49.513360" lon="18.600956">
				<ele>950.000000</ele>
			</trkpt>
			<trkpt lat="49.513342" lon="18.601101">
				<ele>951.000000</ele>
			</trkpt>
			<trkpt lat="49.513330" lon="18.601361">
				<ele>952.000000</ele>
			</trkpt>
			<trkpt lat="49.513062" lon="18.601011">
				<ele>956.000000</ele>
			</trkpt>
			<trkpt lat="49.512981" lon="18.600902">
				<ele>957.000000</ele>
			</trkpt>
			<trkpt lat="49.512759" lon="18.600625">
				<ele>961.000000</ele>
			</trkpt>
			<trkpt lat="49.512642" lon="18.600489">
				<ele>963.000000</ele>
			</trkpt>
			<trkpt lat="49.512537" lon="18.600399">
				<ele>965.000000</ele>
			</trkpt>
			<trkpt lat="49.512450" lon="18.600355">
				<ele>966.000000</ele>
			</trkpt>
			<trkpt lat="49.512363" lon="18.600346">
				<ele>966.000000</ele>
			</trkpt>
			<trkpt lat="49.512269" lon="18.600373">
				<ele>967.000000</ele>
			</trkpt>
			<trkpt lat="49.512117" lon="18.600426">
				<ele>968.000000</ele>
			</trkpt>
			<trkpt lat="49.511896" lon="18.600489">
				<ele>970.000000</ele>
			</trkpt>
			<trkpt lat="49.511744" lon="18.600535">
				<ele>970.000000</ele>
			</trkpt>
			<trkpt lat="49.511592" lon="18.600525">
				<ele>970.000000</ele>
			</trkpt>
			<trkpt lat="49.511441" lon="18.600499">
				<ele>970.000000</ele>
			</trkpt>
			<trkpt lat="49.511341" lon="18.600462">
				<ele>969.000000</ele>
			</trkpt>
			<trkpt lat="49.511242" lon="18.600399">
				<ele>968.000000</ele>
			</trkpt>
			<trkpt lat="49.511073" lon="18.600319">
				<ele>967.000000</ele>
			</trkpt>
			<trkpt lat="49.510933" lon="18.600273">
				<ele>966.000000</ele>
			</trkpt>
			<trkpt lat="49.510828" lon="18.600238">
				<ele>965.000000</ele>
			</trkpt>
			<trkpt lat="49.510712" lon="18.600229">
				<ele>965.000000</ele>
			</trkpt>
			<trkpt lat="49.510601" lon="18.600220">
				<ele>964.000000</ele>
			</trkpt>
			<trkpt lat="49.510507" lon="18.600238">
				<ele>964.000000</ele>
			</trkpt>
			<trkpt lat="49.510409" lon="18.600256">
				<ele>964.000000</ele>
			</trkpt>
			<trkpt lat="49.510309" lon="18.600309">
				<ele>964.000000</ele>
			</trkpt>
			<trkpt lat="49.510210" lon="18.600373">
				<ele>963.000000</ele>
			</trkpt>
			<trkpt lat="49.510105" lon="18.600462">
				<ele>963.000000</ele>
			</trkpt>
			<trkpt lat="49.509784" lon="18.600749">
				<ele>962.000000</ele>
			</trkpt>
			<trkpt lat="49.509539" lon="18.601011">
				<ele>961.000000</ele>
			</trkpt>
			<trkpt lat="49.509306" lon="18.601298">
				<ele>961.000000</ele>
			</trkpt>
			<trkpt lat="49.509137" lon="18.601531">
				<ele>960.000000</ele>
			</trkpt>
			<trkpt lat="49.509015" lon="18.601757">
				<ele>959.000000</ele>
			</trkpt>
			<trkpt lat="49.508915" lon="18.601998">
				<ele>957.000000</ele>
			</trkpt>
			<trkpt lat="49.508857" lon="18.602187">
				<ele>956.000000</ele>
			</trkpt>
			<trkpt lat="49.508822" lon="18.602412">
				<ele>955.000000</ele>
			</trkpt>
			<trkpt lat="49.508781" lon="18.602673">
				<ele>953.000000</ele>
			</trkpt>
			<trkpt lat="49.508717" lon="18.603175">
				<ele>950.000000</ele>
			</trkpt>
			<trkpt lat="49.508635" lon="18.603831">
				<ele>945.000000</ele>
			</trkpt>
			<trkpt lat="49.508600" lon="18.604011">
				<ele>944.000000</ele>
			</trkpt>
			<trkpt lat="49.508559" lon="18.604200">
				<ele>943.000000</ele>
			</trkpt>
			<trkpt lat="49.508512" lon="18.604352">
				<ele>943.000000</ele>
			</trkpt>
			<trkpt lat="49.508460" lon="18.604496">
				<ele>942.000000</ele>
			</trkpt>
			<trkpt lat="49.508414" lon="18.604621">
				<ele>941.000000</ele>
			</trkpt>
			<trkpt lat="49.508355" lon="18.604738">
				<ele>941.000000</ele>
			</trkpt>
			<trkpt lat="49.508291" lon="18.604828">
				<ele>940.000000</ele>
			</trkpt>
			<trkpt lat="49.508215" lon="18.604936">
				<ele>939.000000</ele>
			</trkpt>
			<trkpt lat="49.508140" lon="18.604999">
				<ele>938.000000</ele>
			</trkpt>
			<trkpt lat="49.508064" lon="18.605062">
				<ele>937.000000</ele>
			</trkpt>
			<trkpt lat="49.507982" lon="18.605107">
				<ele>936.000000</ele>
			</trkpt>
			<trkpt lat="49.507749" lon="18.605214">
				<ele>933.000000</ele>
			</trkpt>
			<trkpt lat="49.507521" lon="18.605296">
				<ele>930.000000</ele>
			</trkpt>
			<trkpt lat="49.507252" lon="18.605376">
				<ele>927.000000</ele>
			</trkpt>
			<trkpt lat="49.506955" lon="18.605439">
				<ele>924.000000</ele>
			</trkpt>
			<trkpt lat="49.506576" lon="18.605475">
				<ele>922.000000</ele>
			</trkpt>
			<trkpt lat="49.505876" lon="18.605520">
				<ele>915.000000</ele>
			</trkpt>
			<trkpt lat="49.505555" lon="18.605556">
				<ele>912.000000</ele>
			</trkpt>
			<trkpt lat="49.505386" lon="18.605565">
				<ele>911.000000</ele>
			</trkpt>
			<trkpt lat="49.505240" lon="18.605600">
				<ele>910.000000</ele>
			</trkpt>
			<trkpt lat="49.505089" lon="18.605655">
				<ele>910.000000</ele>
			</trkpt>
			<trkpt lat="49.504931" lon="18.605745">
				<ele>910.000000</ele>
			</trkpt>
			<trkpt lat="49.504797" lon="18.605799">
				<ele>910.000000</ele>
			</trkpt>
			<trkpt lat="49.504686" lon="18.605825">
				<ele>910.000000</ele>
			</trkpt>
			<trkpt lat="49.504598" lon="18.605816">
				<ele>910.000000</ele>
			</trkpt>
			<trkpt lat="49.504499" lon="18.605762">
				<ele>910.000000</ele>
			</trkpt>
			<trkpt lat="49.504278" lon="18.605610">
				<ele>910.000000</ele>
			</trkpt>
			<trkpt lat="49.504207" lon="18.605583">
				<ele>910.000000</ele>
			</trkpt>
			<trkpt lat="49.504155" lon="18.605573">
				<ele>910.000000</ele>
			</trkpt>
			<trkpt lat="49.503928" lon="18.605600">
				<ele>910.000000</ele>
			</trkpt>
			<trkpt lat="49.503782" lon="18.605628">
				<ele>910.000000</ele>
			</trkpt>
			<trkpt lat="49.503601" lon="18.605673">
				<ele>910.000000</ele>
			</trkpt>
			<trkpt lat="49.503449" lon="18.605690">
				<ele>910.000000</ele>
			</trkpt>
			<trkpt lat="49.503280" lon="18.605673">
				<ele>910.000000</ele>
			</trkpt>
			<trkpt lat="49.502988" lon="18.605646">
				<ele>910.000000</ele>
			</trkpt>
			<trkpt lat="49.502866" lon="18.605636">
				<ele>910.000000</ele>
			</trkpt>
			<trkpt lat="49.502755" lon="18.605663">
				<ele>910.000000</ele>
			</trkpt>
			<trkpt lat="49.502656" lon="18.605745">
				<ele>910.000000</ele>
			</trkpt>
			<trkpt lat="49.502469" lon="18.605906">
				<ele>911.000000</ele>
			</trkpt>
			<trkpt lat="49.502259" lon="18.606086">
				<ele>913.000000</ele>
			</trkpt>
			<trkpt lat="49.502119" lon="18.606185">
				<ele>915.000000</ele>
			</trkpt>
			<trkpt lat="49.501973" lon="18.606248">
				<ele>915.000000</ele>
			</trkpt>
			<trkpt lat="49.501798" lon="18.606284">
				<ele>916.000000</ele>
			</trkpt>
			<trkpt lat="49.501413" lon="18.606355">
				<ele>917.000000</ele>
			</trkpt>
			<trkpt lat="49.501156" lon="18.606373">
				<ele>918.000000</ele>
			</trkpt>
			<trkpt lat="49.500953" lon="18.606373">
				<ele>918.000000</ele>
			</trkpt>
			<trkpt lat="49.500754" lon="18.606346">
				<ele>919.000000</ele>
			</trkpt>
			<trkpt lat="49.500696" lon="18.606319">
				<ele>919.000000</ele>
			</trkpt>
			<trkpt lat="49.500631" lon="18.606256">
				<ele>919.000000</ele>
			</trkpt>
			<trkpt lat="49.500579" lon="18.606166">
				<ele>919.000000</ele>
			</trkpt>
			<trkpt lat="49.500521" lon="18.606068">
				<ele>920.000000</ele>
			</trkpt>
			<trkpt lat="49.500422" lon="18.605870">
				<ele>920.000000</ele>
			</trkpt>
			<trkpt lat="49.500369" lon="18.605799">
				<ele>920.000000</ele>
			</trkpt>
			<trkpt lat="49.500316" lon="18.605736">
				<ele>920.000000</ele>
			</trkpt>
			<trkpt lat="49.500253" lon="18.605673">
				<ele>921.000000</ele>
			</trkpt>
			<trkpt lat="49.500194" lon="18.605646">
				<ele>921.000000</ele>
			</trkpt>
			<trkpt lat="49.500124" lon="18.605610">
				<ele>921.000000</ele>
			</trkpt>
			<trkpt lat="49.500060" lon="18.605592">
				<ele>921.000000</ele>
			</trkpt>
			<trkpt lat="49.499873" lon="18.605547">
				<ele>922.000000</ele>
			</trkpt>
			<trkpt lat="49.499499" lon="18.605412">
				<ele>923.000000</ele>
			</trkpt>
			<trkpt lat="49.499383" lon="18.605394">
				<ele>923.000000</ele>
			</trkpt>
			<trkpt lat="49.499255" lon="18.605376">
				<ele>924.000000</ele>
			</trkpt>
			<trkpt lat="49.499156" lon="18.605386">
				<ele>924.000000</ele>
			</trkpt>
			<trkpt lat="49.499027" lon="18.605420">
				<ele>924.000000</ele>
			</trkpt>
			<trkpt lat="49.498940" lon="18.605457">
				<ele>925.000000</ele>
			</trkpt>
			<trkpt lat="49.498846" lon="18.605520">
				<ele>925.000000</ele>
			</trkpt>
			<trkpt lat="49.498747" lon="18.605636">
				<ele>925.000000</ele>
			</trkpt>
			<trkpt lat="49.498648" lon="18.605780">
				<ele>926.000000</ele>
			</trkpt>
			<trkpt lat="49.498555" lon="18.605925">
				<ele>926.000000</ele>
			</trkpt>
			<trkpt lat="49.498479" lon="18.606005">
				<ele>926.000000</ele>
			</trkpt>
			<trkpt lat="49.498409" lon="18.606049">
				<ele>926.000000</ele>
			</trkpt>
			<trkpt lat="49.498298" lon="18.606095">
				<ele>927.000000</ele>
			</trkpt>
			<trkpt lat="49.498246" lon="18.606104">
				<ele>927.000000</ele>
			</trkpt>
			<trkpt lat="49.498187" lon="18.606149">
				<ele>927.000000</ele>
			</trkpt>
			<trkpt lat="49.498152" lon="18.606166">
				<ele>927.000000</ele>
			</trkpt>
			<trkpt lat="49.498117" lon="18.606221">
				<ele>927.000000</ele>
			</trkpt>
			<trkpt lat="49.498065" lon="18.606328">
				<ele>928.000000</ele>
			</trkpt>
			<trkpt lat="49.497959" lon="18.606625">
				<ele>928.000000</ele>
			</trkpt>
			<trkpt lat="49.497849" lon="18.606948">
				<ele>929.000000</ele>
			</trkpt>
			<trkpt lat="49.497773" lon="18.607137">
				<ele>929.000000</ele>
			</trkpt>
			<trkpt lat="49.497708" lon="18.607326">
				<ele>930.000000</ele>
			</trkpt>
			<trkpt lat="49.497680" lon="18.607487">
				<ele>930.000000</ele>
			</trkpt>
			<trkpt lat="49.497674" lon="18.607657">
				<ele>930.000000</ele>
			</trkpt>
			<trkpt lat="49.497686" lon="18.607864">
				<ele>931.000000</ele>
			</trkpt>
			<trkpt lat="49.497703" lon="18.608099">
				<ele>931.000000</ele>
			</trkpt>
			<trkpt lat="49.497714" lon="18.608332">
				<ele>932.000000</ele>
			</trkpt>
			<trkpt lat="49.497721" lon="18.608502">
				<ele>932.000000</ele>
			</trkpt>
			<trkpt lat="49.497708" lon="18.608610">
				<ele>932.000000</ele>
			</trkpt>
			<trkpt lat="49.497680" lon="18.608699">
				<ele>932.000000</ele>
			</trkpt>
			<trkpt lat="49.497639" lon="18.608799">
				<ele>933.000000</ele>
			</trkpt>
			<trkpt lat="49.497580" lon="18.608852">
				<ele>933.000000</ele>
			</trkpt>
			<trkpt lat="49.497528" lon="18.608898">
				<ele>933.000000</ele>
			</trkpt>
			<trkpt lat="49.497271" lon="18.608996">
				<ele>934.000000</ele>
			</trkpt>
			<trkpt lat="49.497183" lon="18.609024">
				<ele>934.000000</ele>
			</trkpt>
			<trkpt lat="49.497096" lon="18.609078">
				<ele>934.000000</ele>
			</trkpt>
			<trkpt lat="49.497014" lon="18.609149">
				<ele>934.000000</ele>
			</trkpt>
			<trkpt lat="49.496950" lon="18.609231">
				<ele>935.000000</ele>
			</trkpt>
			<trkpt lat="49.496909" lon="18.609292">
				<ele>935.000000</ele>
			</trkpt>
			<trkpt lat="49.496863" lon="18.609374">
				<ele>935.000000</ele>
			</trkpt>
			<trkpt lat="49.496805" lon="18.609562">
				<ele>937.000000</ele>
			</trkpt>
			<trkpt lat="49.496764" lon="18.609741">
				<ele>938.000000</ele>
			</trkpt>
			<trkpt lat="49.496740" lon="18.609904">
				<ele>939.000000</ele>
			</trkpt>
			<trkpt lat="49.496729" lon="18.610334">
				<ele>943.000000</ele>
			</trkpt>
			<trkpt lat="49.496723" lon="18.610749">
				<ele>947.000000</ele>
			</trkpt>
			<trkpt lat="49.496729" lon="18.610900">
				<ele>948.000000</ele>
			</trkpt>
			<trkpt lat="49.496764" lon="18.611162">
				<ele>951.000000</ele>
			</trkpt>
			<trkpt lat="49.496769" lon="18.611286">
				<ele>952.000000</ele>
			</trkpt>
			<trkpt lat="49.496764" lon="18.611431">
				<ele>953.000000</ele>
			</trkpt>
			<trkpt lat="49.496740" lon="18.611565">
				<ele>954.000000</ele>
			</trkpt>
			<trkpt lat="49.496729" lon="18.611619">
				<ele>954.000000</ele>
			</trkpt>
			<trkpt lat="49.496699" lon="18.611781">
				<ele>956.000000</ele>
			</trkpt>
			<trkpt lat="49.496688" lon="18.611934">
				<ele>957.000000</ele>
			</trkpt>
			<trkpt lat="49.496699" lon="18.612060">
				<ele>958.000000</ele>
			</trkpt>
			<trkpt lat="49.496740" lon="18.612204">
				<ele>959.000000</ele>
			</trkpt>
			<trkpt lat="49.496799" lon="18.612383">
				<ele>960.000000</ele>
			</trkpt>
			<trkpt lat="49.496956" lon="18.612778">
				<ele>963.000000</ele>
			</trkpt>
			<trkpt lat="49.497002" lon="18.612923">
				<ele>963.000000</ele>
			</trkpt>
			<trkpt lat="49.497055" lon="18.613120">
				<ele>965.000000</ele>
			</trkpt>
			<trkpt lat="49.497061" lon="18.613227">
				<ele>965.000000</ele>
			</trkpt>
			<trkpt lat="49.497067" lon="18.613317">
				<ele>965.000000</ele>
			</trkpt>
			<trkpt lat="49.497061" lon="18.613407">
				<ele>965.000000</ele>
			</trkpt>
			<trkpt lat="49.497049" lon="18.613470">
				<ele>965.000000</ele>
			</trkpt>
			<trkpt lat="49.497020" lon="18.613605">
				<ele>965.000000</ele>
			</trkpt>
			<trkpt lat="49.496939" lon="18.613820">
				<ele>965.000000</ele>
			</trkpt>
			<trkpt lat="49.496822" lon="18.614179">
				<ele>965.000000</ele>
			</trkpt>
			<trkpt lat="49.496752" lon="18.614413">
				<ele>965.000000</ele>
			</trkpt>
			<trkpt lat="49.496711" lon="18.614628">
				<ele>965.000000</ele>
			</trkpt>
			<trkpt lat="49.496682" lon="18.614898">
				<ele>965.000000</ele>
			</trkpt>
			<trkpt lat="49.496617" lon="18.615563">
				<ele>965.000000</ele>
			</trkpt>
			<trkpt lat="49.496548" lon="18.616865">
				<ele>965.000000</ele>
			</trkpt>
			<trkpt lat="49.496559" lon="18.617324">
				<ele>965.000000</ele>
			</trkpt>
			<trkpt lat="49.496565" lon="18.617557">
				<ele>965.000000</ele>
			</trkpt>
			<trkpt lat="49.496536" lon="18.617791">
				<ele>965.000000</ele>
			</trkpt>
			<trkpt lat="49.496495" lon="18.618043">
				<ele>965.000000</ele>
			</trkpt>
			<trkpt lat="49.496367" lon="18.618609">
				<ele>966.000000</ele>
			</trkpt>
			<trkpt lat="49.496332" lon="18.618823">
				<ele>967.000000</ele>
			</trkpt>
			<trkpt lat="49.496320" lon="18.619049">
				<ele>967.000000</ele>
			</trkpt>
			<trkpt lat="49.496308" lon="18.619300">
				<ele>968.000000</ele>
			</trkpt>
			<trkpt lat="49.496320" lon="18.619506">
				<ele>969.000000</ele>
			</trkpt>
			<trkpt lat="49.496355" lon="18.619686">
				<ele>970.000000</ele>
			</trkpt>
			<trkpt lat="49.496419" lon="18.619884">
				<ele>970.000000</ele>
			</trkpt>
			<trkpt lat="49.496507" lon="18.620162">
				<ele>971.000000</ele>
			</trkpt>
			<trkpt lat="49.496583" lon="18.620458">
				<ele>972.000000</ele>
			</trkpt>
			<trkpt lat="49.496630" lon="18.620657">
				<ele>973.000000</ele>
			</trkpt>
			<trkpt lat="49.496688" lon="18.620827">
				<ele>974.000000</ele>
			</trkpt>
			<trkpt lat="49.496746" lon="18.620971">
				<ele>974.000000</ele>
			</trkpt>
			<trkpt lat="49.496839" lon="18.621142">
				<ele>975.000000</ele>
			</trkpt>
			<trkpt lat="49.496950" lon="18.621349">
				<ele>976.000000</ele>
			</trkpt>
			<trkpt lat="49.497032" lon="18.621519">
				<ele>978.000000</ele>
			</trkpt>
			<trkpt lat="49.497108" lon="18.621699">
				<ele>979.000000</ele>
			</trkpt>
			<trkpt lat="49.497189" lon="18.621959">
				<ele>980.000000</ele>
			</trkpt>
			<trkpt lat="49.497452" lon="18.622722">
				<ele>983.000000</ele>
			</trkpt>
			<trkpt lat="49.497568" lon="18.623047">
				<ele>984.000000</ele>
			</trkpt>
			<trkpt lat="49.497633" lon="18.623334">
				<ele>985.000000</ele>
			</trkpt>
			<trkpt lat="49.497703" lon="18.623630">
				<ele>985.000000</ele>
			</trkpt>
			<trkpt lat="49.497796" lon="18.623953">
				<ele>985.000000</ele>
			</trkpt>
			<trkpt lat="49.497872" lon="18.624303">
				<ele>985.000000</ele>
			</trkpt>
			<trkpt lat="49.497977" lon="18.624726">
				<ele>985.000000</ele>
			</trkpt>
			<trkpt lat="49.498175" lon="18.625318">
				<ele>985.000000</ele>
			</trkpt>
			<trkpt lat="49.498240" lon="18.625561">
				<ele>985.000000</ele>
			</trkpt>
			<trkpt lat="49.498269" lon="18.625723">
				<ele>985.000000</ele>
			</trkpt>
			<trkpt lat="49.498292" lon="18.625903">
				<ele>985.000000</ele>
			</trkpt>
			<trkpt lat="49.498274" lon="18.626083">
				<ele>985.000000</ele>
			</trkpt>
			<trkpt lat="49.498228" lon="18.626676">
				<ele>985.000000</ele>
			</trkpt>
			<trkpt lat="49.498211" lon="18.626926">
				<ele>986.000000</ele>
			</trkpt>
			<trkpt lat="49.498205" lon="18.627188">
				<ele>988.000000</ele>
			</trkpt>
			<trkpt lat="49.498211" lon="18.627492">
				<ele>990.000000</ele>
			</trkpt>
			<trkpt lat="49.498216" lon="18.627699">
				<ele>990.000000</ele>
			</trkpt>
			<trkpt lat="49.498211" lon="18.627932">
				<ele>990.000000</ele>
			</trkpt>
			<trkpt lat="49.498193" lon="18.628148">
				<ele>990.000000</ele>
			</trkpt>
			<trkpt lat="49.498211" lon="18.628391">
				<ele>990.000000</ele>
			</trkpt>
			<trkpt lat="49.498263" lon="18.628750">
				<ele>990.000000</ele>
			</trkpt>
			<trkpt lat="49.498584" lon="18.630601">
				<ele>989.000000</ele>
			</trkpt>
			<trkpt lat="49.498695" lon="18.631301">
				<ele>989.000000</ele>
			</trkpt>
			<trkpt lat="49.498724" lon="18.631481">
				<ele>988.000000</ele>
			</trkpt>
			<trkpt lat="49.498730" lon="18.631643">
				<ele>988.000000</ele>
			</trkpt>
			<trkpt lat="49.498724" lon="18.631796">
				<ele>988.000000</ele>
			</trkpt>
			<trkpt lat="49.498700" lon="18.631976">
				<ele>988.000000</ele>
			</trkpt>
			<trkpt lat="49.498660" lon="18.632163">
				<ele>988.000000</ele>
			</trkpt>
			<trkpt lat="49.498607" lon="18.632326">
				<ele>988.000000</ele>
			</trkpt>
			<trkpt lat="49.498549" lon="18.632479">
				<ele>988.000000</ele>
			</trkpt>
			<trkpt lat="49.498438" lon="18.632712">
				<ele>988.000000</ele>
			</trkpt>
			<trkpt lat="49.498350" lon="18.632874">
				<ele>988.000000</ele>
			</trkpt>
			<trkpt lat="49.498286" lon="18.633026">
				<ele>986.000000</ele>
			</trkpt>
			<trkpt lat="49.498175" lon="18.633134">
				<ele>986.000000</ele>
			</trkpt>
			<trkpt lat="49.497954" lon="18.633305">
				<ele>985.000000</ele>
			</trkpt>
			<trkpt lat="49.497872" lon="18.633458">
				<ele>984.000000</ele>
			</trkpt>
			<trkpt lat="49.497837" lon="18.633565">
				<ele>984.000000</ele>
			</trkpt>
			<trkpt lat="49.497808" lon="18.633763">
				<ele>983.000000</ele>
			</trkpt>
			<trkpt lat="49.497779" lon="18.633951">
				<ele>982.000000</ele>
			</trkpt>
			<trkpt lat="49.497691" lon="18.634490">
				<ele>980.000000</ele>
			</trkpt>
			<trkpt lat="49.497633" lon="18.634779">
				<ele>980.000000</ele>
			</trkpt>
			<trkpt lat="49.497598" lon="18.635003">
				<ele>980.000000</ele>
			</trkpt>
			<trkpt lat="49.497580" lon="18.635102">
				<ele>980.000000</ele>
			</trkpt>
			<trkpt lat="49.497539" lon="18.635532">
				<ele>980.000000</ele>
			</trkpt>
			<trkpt lat="49.497539" lon="18.635882">
				<ele>980.000000</ele>
			</trkpt>
			<trkpt lat="49.497528" lon="18.636134">
				<ele>980.000000</ele>
			</trkpt>
			<trkpt lat="49.497481" lon="18.636314">
				<ele>980.000000</ele>
			</trkpt>
			<trkpt lat="49.497405" lon="18.636566">
				<ele>981.000000</ele>
			</trkpt>
			<trkpt lat="49.497335" lon="18.636871">
				<ele>982.000000</ele>
			</trkpt>
			<trkpt lat="49.497341" lon="18.636863">
				<ele>985.000000</ele>
			</trkpt>
			<trkpt lat="49.497318" lon="18.637024">
				<ele>985.000000</ele>
			</trkpt>
			<trkpt lat="49.497306" lon="18.637203">
				<ele>985.000000</ele>
			</trkpt>
			<trkpt lat="49.497306" lon="18.637383">
				<ele>984.000000</ele>
			</trkpt>
			<trkpt lat="49.497318" lon="18.637563">
				<ele>983.000000</ele>
			</trkpt>
			<trkpt lat="49.497393" lon="18.638425">
				<ele>978.000000</ele>
			</trkpt>
			<trkpt lat="49.497423" lon="18.638632">
				<ele>977.000000</ele>
			</trkpt>
			<trkpt lat="49.497452" lon="18.638802">
				<ele>976.000000</ele>
			</trkpt>
			<trkpt lat="49.497493" lon="18.638947">
				<ele>975.000000</ele>
			</trkpt>
			<trkpt lat="49.497568" lon="18.639144">
				<ele>975.000000</ele>
			</trkpt>
			<trkpt lat="49.497627" lon="18.639314">
				<ele>975.000000</ele>
			</trkpt>
			<trkpt lat="49.497656" lon="18.639467">
				<ele>975.000000</ele>
			</trkpt>
			<trkpt lat="49.497668" lon="18.639647">
				<ele>975.000000</ele>
			</trkpt>
			<trkpt lat="49.497674" lon="18.639872">
				<ele>975.000000</ele>
			</trkpt>
			<trkpt lat="49.497650" lon="18.640186">
				<ele>974.000000</ele>
			</trkpt>
			<trkpt lat="49.497650" lon="18.640320">
				<ele>974.000000</ele>
			</trkpt>
			<trkpt lat="49.497662" lon="18.640446">
				<ele>974.000000</ele>
			</trkpt>
			<trkpt lat="49.497691" lon="18.640572">
				<ele>974.000000</ele>
			</trkpt>
			<trkpt lat="49.497744" lon="18.640662">
				<ele>974.000000</ele>
			</trkpt>
			<trkpt lat="49.497808" lon="18.640752">
				<ele>973.000000</ele>
			</trkpt>
			<trkpt lat="49.497872" lon="18.640824">
				<ele>973.000000</ele>
			</trkpt>
			<trkpt lat="49.497965" lon="18.640886">
				<ele>973.000000</ele>
			</trkpt>
			<trkpt lat="49.498123" lon="18.641021">
				<ele>973.000000</ele>
			</trkpt>
			<trkpt lat="49.498216" lon="18.641111">
				<ele>972.000000</ele>
			</trkpt>
			<trkpt lat="49.498374" lon="18.641264">
				<ele>972.000000</ele>
			</trkpt>
			<trkpt lat="49.498514" lon="18.641354">
				<ele>972.000000</ele>
			</trkpt>
			<trkpt lat="49.498677" lon="18.641425">
				<ele>971.000000</ele>
			</trkpt>
			<trkpt lat="49.498934" lon="18.641507">
				<ele>971.000000</ele>
			</trkpt>
			<trkpt lat="49.498969" lon="18.641524">
				<ele>970.000000</ele>
			</trkpt>
			<trkpt lat="49.499086" lon="18.641570">
				<ele>960.000000</ele>
			</trkpt>
			<trkpt lat="49.499127" lon="18.641687">
				<ele>960.000000</ele>
			</trkpt>
			<trkpt lat="49.499243" lon="18.641838">
				<ele>960.000000</ele>
			</trkpt>
			<trkpt lat="49.499319" lon="18.641974">
				<ele>960.000000</ele>
			</trkpt>
			<trkpt lat="49.499494" lon="18.642467">
				<ele>960.000000</ele>
			</trkpt>
			<trkpt lat="49.499646" lon="18.642755">
				<ele>958.000000</ele>
			</trkpt>
			<trkpt lat="49.499733" lon="18.642926">
				<ele>958.000000</ele>
			</trkpt>
			<trkpt lat="49.499949" lon="18.643213">
				<ele>957.000000</ele>
			</trkpt>
			<trkpt lat="49.500118" lon="18.643509">
				<ele>956.000000</ele>
			</trkpt>
			<trkpt lat="49.500334" lon="18.644004">
				<ele>954.000000</ele>
			</trkpt>
			<trkpt lat="49.500527" lon="18.644371">
				<ele>953.000000</ele>
			</trkpt>
			<trkpt lat="49.500579" lon="18.644543">
				<ele>952.000000</ele>
			</trkpt>
			<trkpt lat="49.500608" lon="18.644758">
				<ele>951.000000</ele>
			</trkpt>
			<trkpt lat="49.500603" lon="18.644937">
				<ele>951.000000</ele>
			</trkpt>
			<trkpt lat="49.500666" lon="18.645153">
				<ele>950.000000</ele>
			</trkpt>
			<trkpt lat="49.500754" lon="18.645387">
				<ele>950.000000</ele>
			</trkpt>
			<trkpt lat="49.500795" lon="18.645612">
				<ele>951.000000</ele>
			</trkpt>
			<trkpt lat="49.500801" lon="18.645773">
				<ele>951.000000</ele>
			</trkpt>
			<trkpt lat="49.500789" lon="18.645962">
				<ele>951.000000</ele>
			</trkpt>
			<trkpt lat="49.500778" lon="18.646142">
				<ele>952.000000</ele>
			</trkpt>
			<trkpt lat="49.500812" lon="18.646348">
				<ele>952.000000</ele>
			</trkpt>
			<trkpt lat="49.500859" lon="18.646555">
				<ele>952.000000</ele>
			</trkpt>
			<trkpt lat="49.500941" lon="18.646878">
				<ele>953.000000</ele>
			</trkpt>
			<trkpt lat="49.501128" lon="18.647444">
				<ele>954.000000</ele>
			</trkpt>
			<trkpt lat="49.501162" lon="18.647650">
				<ele>954.000000</ele>
			</trkpt>
			<trkpt lat="49.501197" lon="18.647947">
				<ele>955.000000</ele>
			</trkpt>
			<trkpt lat="49.501250" lon="18.648253">
				<ele>955.000000</ele>
			</trkpt>
			<trkpt lat="49.501361" lon="18.649079">
				<ele>957.000000</ele>
			</trkpt>
			<trkpt lat="49.501396" lon="18.649304">
				<ele>957.000000</ele>
			</trkpt>
			<trkpt lat="49.501437" lon="18.649511">
				<ele>958.000000</ele>
			</trkpt>
			<trkpt lat="49.501472" lon="18.649780">
				<ele>958.000000</ele>
			</trkpt>
			<trkpt lat="49.501466" lon="18.649834">
				<ele>956.000000</ele>
			</trkpt>
			<trkpt lat="49.501466" lon="18.649933">
				<ele>956.000000</ele>
			</trkpt>
			<trkpt lat="49.501425" lon="18.650094">
				<ele>956.000000</ele>
			</trkpt>
			<trkpt lat="49.501344" lon="18.650310">
				<ele>955.000000</ele>
			</trkpt>
			<trkpt lat="49.501250" lon="18.650526">
				<ele>955.000000</ele>
			</trkpt>
			<trkpt lat="49.501203" lon="18.650616">
				<ele>956.000000</ele>
			</trkpt>
			<trkpt lat="49.501169" lon="18.650714">
				<ele>956.000000</ele>
			</trkpt>
			<trkpt lat="49.501151" lon="18.650803">
				<ele>956.000000</ele>
			</trkpt>
			<trkpt lat="49.501139" lon="18.650903">
				<ele>957.000000</ele>
			</trkpt>
			<trkpt lat="49.501134" lon="18.651002">
				<ele>957.000000</ele>
			</trkpt>
			<trkpt lat="49.501139" lon="18.651109">
				<ele>958.000000</ele>
			</trkpt>
			<trkpt lat="49.501169" lon="18.651361">
				<ele>959.000000</ele>
			</trkpt>
			<trkpt lat="49.501227" lon="18.651721">
				<ele>960.000000</ele>
			</trkpt>
			<trkpt lat="49.501291" lon="18.652008">
				<ele>962.000000</ele>
			</trkpt>
			<trkpt lat="49.501372" lon="18.652304">
				<ele>963.000000</ele>
			</trkpt>
			<trkpt lat="49.501478" lon="18.652646">
				<ele>964.000000</ele>
			</trkpt>
			<trkpt lat="49.501536" lon="18.652843">
				<ele>965.000000</ele>
			</trkpt>
			<trkpt lat="49.501565" lon="18.652951">
				<ele>964.000000</ele>
			</trkpt>
			<trkpt lat="49.501582" lon="18.653077">
				<ele>964.000000</ele>
			</trkpt>
			<trkpt lat="49.501588" lon="18.653212">
				<ele>964.000000</ele>
			</trkpt>
			<trkpt lat="49.501588" lon="18.653382">
				<ele>963.000000</ele>
			</trkpt>
			<trkpt lat="49.501606" lon="18.653516">
				<ele>963.000000</ele>
			</trkpt>
			<trkpt lat="49.501681" lon="18.653912">
				<ele>961.000000</ele>
			</trkpt>
			<trkpt lat="49.501688" lon="18.653930">
				<ele>960.000000</ele>
			</trkpt>
			<trkpt lat="49.501717" lon="18.654308">
				<ele>960.000000</ele>
			</trkpt>
			<trkpt lat="49.501734" lon="18.654658">
				<ele>960.000000</ele>
			</trkpt>
			<trkpt lat="49.501763" lon="18.654910">
				<ele>959.000000</ele>
			</trkpt>
			<trkpt lat="49.501798" lon="18.655143">
				<ele>956.000000</ele>
			</trkpt>
			<trkpt lat="49.501950" lon="18.655637">
				<ele>951.000000</ele>
			</trkpt>
			<trkpt lat="49.502044" lon="18.655933">
				<ele>949.000000</ele>
			</trkpt>
			<trkpt lat="49.502143" lon="18.656400">
				<ele>947.000000</ele>
			</trkpt>
			<trkpt lat="49.502394" lon="18.657065">
				<ele>944.000000</ele>
			</trkpt>
			<trkpt lat="49.502463" lon="18.657182">
				<ele>943.000000</ele>
			</trkpt>
			<trkpt lat="49.502522" lon="18.657235">
				<ele>943.000000</ele>
			</trkpt>
			<trkpt lat="49.502603" lon="18.657264">
				<ele>942.000000</ele>
			</trkpt>
			<trkpt lat="49.502668" lon="18.657290">
				<ele>942.000000</ele>
			</trkpt>
			<trkpt lat="49.502714" lon="18.657325">
				<ele>941.000000</ele>
			</trkpt>
			<trkpt lat="49.502749" lon="18.657380">
				<ele>941.000000</ele>
			</trkpt>
			<trkpt lat="49.502767" lon="18.657434">
				<ele>941.000000</ele>
			</trkpt>
			<trkpt lat="49.502772" lon="18.657614">
				<ele>940.000000</ele>
			</trkpt>
			<trkpt lat="49.502785" lon="18.657703">
				<ele>940.000000</ele>
			</trkpt>
			<trkpt lat="49.502802" lon="18.657811">
				<ele>939.000000</ele>
			</trkpt>
			<trkpt lat="49.502831" lon="18.657918">
				<ele>939.000000</ele>
			</trkpt>
			<trkpt lat="49.502843" lon="18.657990">
				<ele>938.000000</ele>
			</trkpt>
			<trkpt lat="49.502848" lon="18.658071">
				<ele>938.000000</ele>
			</trkpt>
			<trkpt lat="49.502848" lon="18.658206">
				<ele>937.000000</ele>
			</trkpt>
			<trkpt lat="49.502837" lon="18.658332">
				<ele>937.000000</ele>
			</trkpt>
			<trkpt lat="49.502889" lon="18.658386">
				<ele>945.000000</ele>
			</trkpt>
			<trkpt lat="49.502971" lon="18.658583">
				<ele>945.000000</ele>
			</trkpt>
			<trkpt lat="49.503029" lon="18.658790">
				<ele>944.000000</ele>
			</trkpt>
			<trkpt lat="49.503047" lon="18.659015">
				<ele>943.000000</ele>
			</trkpt>
			<trkpt lat="49.503082" lon="18.659436">
				<ele>942.000000</ele>
			</trkpt>
			<trkpt lat="49.503088" lon="18.659472">
				<ele>942.000000</ele>
			</trkpt>
			<trkpt lat="49.503088" lon="18.659832">
				<ele>941.000000</ele>
			</trkpt>
			<trkpt lat="49.503076" lon="18.660237">
				<ele>941.000000</ele>
			</trkpt>
			<trkpt lat="49.503070" lon="18.660361">
				<ele>942.000000</ele>
			</trkpt>
			<trkpt lat="49.503059" lon="18.660937">
				<ele>945.000000</ele>
			</trkpt>
			<trkpt lat="49.503059" lon="18.661197">
				<ele>947.000000</ele>
			</trkpt>
			<trkpt lat="49.503082" lon="18.661449">
				<ele>949.000000</ele>
			</trkpt>
			<trkpt lat="49.503099" lon="18.661745">
				<ele>952.000000</ele>
			</trkpt>
			<trkpt lat="49.503094" lon="18.661952">
				<ele>954.000000</ele>
			</trkpt>
			<trkpt lat="49.503076" lon="18.662141">
				<ele>957.000000</ele>
			</trkpt>
			<trkpt lat="49.503023" lon="18.662411">
				<ele>960.000000</ele>
			</trkpt>
			<trkpt lat="49.502924" lon="18.662931">
				<ele>973.000000</ele>
			</trkpt>
			<trkpt lat="49.502895" lon="18.663066">
				<ele>976.000000</ele>
			</trkpt>
			<trkpt lat="49.502825" lon="18.663254">
				<ele>983.000000</ele>
			</trkpt>
			<trkpt lat="49.502738" lon="18.663480">
				<ele>990.000000</ele>
			</trkpt>
			<trkpt lat="49.502679" lon="18.663659">
				<ele>994.000000</ele>
			</trkpt>
			<trkpt lat="49.502627" lon="18.663803">
				<ele>998.000000</ele>
			</trkpt>
			<trkpt lat="49.502551" lon="18.663964">
				<ele>1002.000000</ele>
			</trkpt>
			<trkpt lat="49.502504" lon="18.664072">
				<ele>1005.000000</ele>
			</trkpt>
			<trkpt lat="49.502457" lon="18.664153">
				<ele>1007.000000</ele>
			</trkpt>
			<trkpt lat="49.502411" lon="18.664206">
				<ele>1009.000000</ele>
			</trkpt>
			<trkpt lat="49.502341" lon="18.664269">
				<ele>1011.000000</ele>
			</trkpt>
			<trkpt lat="49.502323" lon="18.664296">
				<ele>1012.000000</ele>
			</trkpt>
			<trkpt lat="49.502312" lon="18.664332">
				<ele>1012.000000</ele>
			</trkpt>
			<trkpt lat="49.502312" lon="18.664378">
				<ele>1013.000000</ele>
			</trkpt>
			<trkpt lat="49.502329" lon="18.664405">
				<ele>1014.000000</ele>
			</trkpt>
			<trkpt lat="49.502370" lon="18.664495">
				<ele>1015.000000</ele>
			</trkpt>
			<trkpt lat="49.502405" lon="18.664602">
				<ele>1016.000000</ele>
			</trkpt>
			<trkpt lat="49.502697" lon="18.665653">
				<ele>1020.000000</ele>
			</trkpt>
			<trkpt lat="49.502790" lon="18.666040">
				<ele>1020.000000</ele>
			</trkpt>
			<trkpt lat="49.502872" lon="18.666399">
				<ele>1020.000000</ele>
			</trkpt>
			<trkpt lat="49.503053" lon="18.667388">
				<ele>1024.000000</ele>
			</trkpt>
			<trkpt lat="49.503094" lon="18.667575">
				<ele>1025.000000</ele>
			</trkpt>
			<trkpt lat="49.503129" lon="18.667629">
				<ele>1025.000000</ele>
			</trkpt>
			<trkpt lat="49.503169" lon="18.667701">
				<ele>1026.000000</ele>
			</trkpt>
			<trkpt lat="49.503327" lon="18.667953">
				<ele>1028.000000</ele>
			</trkpt>
			<trkpt lat="49.503385" lon="18.668061">
				<ele>1029.000000</ele>
			</trkpt>
			<trkpt lat="49.503432" lon="18.668195">
				<ele>1030.000000</ele>
			</trkpt>
			<trkpt lat="49.503624" lon="18.668707">
				<ele>1032.000000</ele>
			</trkpt>
			<trkpt lat="49.503764" lon="18.669156">
				<ele>1034.000000</ele>
			</trkpt>
			<trkpt lat="49.503805" lon="18.669282">
				<ele>1035.000000</ele>
			</trkpt>
			<trkpt lat="49.503846" lon="18.669382">
				<ele>1036.000000</ele>
			</trkpt>
			<trkpt lat="49.503963" lon="18.669623">
				<ele>1039.000000</ele>
			</trkpt>
			<trkpt lat="49.504149" lon="18.669956">
				<ele>1042.000000</ele>
			</trkpt>
			<trkpt lat="49.504307" lon="18.670208">
				<ele>1044.000000</ele>
			</trkpt>
			<trkpt lat="49.504348" lon="18.670252">
				<ele>1044.000000</ele>
			</trkpt>
			<trkpt lat="49.504395" lon="18.670298">
				<ele>1045.000000</ele>
			</trkpt>
			<trkpt lat="49.504517" lon="18.670334">
				<ele>1046.000000</ele>
			</trkpt>
			<trkpt lat="49.505141" lon="18.670504">
				<ele>1051.000000</ele>
			</trkpt>
			<trkpt lat="49.505240" lon="18.670522">
				<ele>1052.000000</ele>
			</trkpt>
			<trkpt lat="49.505345" lon="18.670522">
				<ele>1053.000000</ele>
			</trkpt>
			<trkpt lat="49.505439" lon="18.670514">
				<ele>1054.000000</ele>
			</trkpt>
			<trkpt lat="49.505508" lon="18.670531">
				<ele>1054.000000</ele>
			</trkpt>
			<trkpt lat="49.505579" lon="18.670548">
				<ele>1055.000000</ele>
			</trkpt>
			<trkpt lat="49.505661" lon="18.670585">
				<ele>1056.000000</ele>
			</trkpt>
			<trkpt lat="49.505888" lon="18.670728">
				<ele>1058.000000</ele>
			</trkpt>
			<trkpt lat="49.506074" lon="18.670864">
				<ele>1060.000000</ele>
			</trkpt>
			<trkpt lat="49.506145" lon="18.670927">
				<ele>1060.000000</ele>
			</trkpt>
			<trkpt lat="49.506162" lon="18.670954">
				<ele>1061.000000</ele>
			</trkpt>
			<trkpt lat="49.506180" lon="18.670998">
				<ele>1061.000000</ele>
			</trkpt>
			<trkpt lat="49.506238" lon="18.671196">
				<ele>1062.000000</ele>
			</trkpt>
			<trkpt lat="49.506238" lon="18.671204">
				<ele>1062.000000</ele>
			</trkpt>
			<trkpt lat="49.506395" lon="18.671869">
				<ele>1064.000000</ele>
			</trkpt>
			<trkpt lat="49.506524" lon="18.672516">
				<ele>1062.000000</ele>
			</trkpt>
			<trkpt lat="49.506558" lon="18.672669">
				<ele>1062.000000</ele>
			</trkpt>
			<trkpt lat="49.506599" lon="18.672749">
				<ele>1061.000000</ele>
			</trkpt>
			<trkpt lat="49.506897" lon="18.673298">
				<ele>1059.000000</ele>
			</trkpt>
			<trkpt lat="49.506984" lon="18.673460">
				<ele>1058.000000</ele>
			</trkpt>
			<trkpt lat="49.507014" lon="18.673577">
				<ele>1058.000000</ele>
			</trkpt>
			<trkpt lat="49.507212" lon="18.674376">
				<ele>1055.000000</ele>
			</trkpt>
			<trkpt lat="49.507451" lon="18.675399">
				<ele>1051.000000</ele>
			</trkpt>
			<trkpt lat="49.507544" lon="18.675849">
				<ele>1050.000000</ele>
			</trkpt>
			<trkpt lat="49.507591" lon="18.676074">
				<ele>1049.000000</ele>
			</trkpt>
			<trkpt lat="49.507621" lon="18.676271">
				<ele>1048.000000</ele>
			</trkpt>
			<trkpt lat="49.507632" lon="18.676424">
				<ele>1048.000000</ele>
			</trkpt>
			<trkpt lat="49.507632" lon="18.676577">
				<ele>1047.000000</ele>
			</trkpt>
			<trkpt lat="49.507626" lon="18.676738">
				<ele>1047.000000</ele>
			</trkpt>
			<trkpt lat="49.507626" lon="18.676946">
				<ele>1046.000000</ele>
			</trkpt>
			<trkpt lat="49.507626" lon="18.677529">
				<ele>1044.000000</ele>
			</trkpt>
			<trkpt lat="49.507626" lon="18.677753">
				<ele>1043.000000</ele>
			</trkpt>
			<trkpt lat="49.507615" lon="18.677925">
				<ele>1043.000000</ele>
			</trkpt>
			<trkpt lat="49.507527" lon="18.678464">
				<ele>1041.000000</ele>
			</trkpt>
			<trkpt lat="49.507416" lon="18.679326">
				<ele>1036.000000</ele>
			</trkpt>
			<trkpt lat="49.507387" lon="18.679460">
				<ele>1035.000000</ele>
			</trkpt>
			<trkpt lat="49.507346" lon="18.679567">
				<ele>1034.000000</ele>
			</trkpt>
			<trkpt lat="49.507078" lon="18.680152">
				<ele>1029.000000</ele>
			</trkpt>
			<trkpt lat="49.507025" lon="18.680259">
				<ele>1028.000000</ele>
			</trkpt>
			<trkpt lat="49.506979" lon="18.680412">
				<ele>1027.000000</ele>
			</trkpt>
			<trkpt lat="49.506938" lon="18.680556">
				<ele>1026.000000</ele>
			</trkpt>
			<trkpt lat="49.506897" lon="18.680745">
				<ele>1025.000000</ele>
			</trkpt>
			<trkpt lat="49.506839" lon="18.681005">
				<ele>1020.000000</ele>
			</trkpt>
			<trkpt lat="49.506483" lon="18.682307">
				<ele>1002.000000</ele>
			</trkpt>
			<trkpt lat="49.506383" lon="18.682739">
				<ele>998.000000</ele>
			</trkpt>
			<trkpt lat="49.506366" lon="18.682838">
				<ele>997.000000</ele>
			</trkpt>
			<trkpt lat="49.506366" lon="18.682846">
				<ele>997.000000</ele>
			</trkpt>
			<trkpt lat="49.506355" lon="18.682963">
				<ele>996.000000</ele>
			</trkpt>
			<trkpt lat="49.506355" lon="18.683080">
				<ele>995.000000</ele>
			</trkpt>
			<trkpt lat="49.506355" lon="18.683198">
				<ele>994.000000</ele>
			</trkpt>
			<trkpt lat="49.506372" lon="18.683305">
				<ele>994.000000</ele>
			</trkpt>
			<trkpt lat="49.506418" lon="18.683521">
				<ele>992.000000</ele>
			</trkpt>
			<trkpt lat="49.506517" lon="18.683817">
				<ele>990.000000</ele>
			</trkpt>
			<trkpt lat="49.506558" lon="18.683925">
				<ele>989.000000</ele>
			</trkpt>
			<trkpt lat="49.506611" lon="18.684015">
				<ele>988.000000</ele>
			</trkpt>
			<trkpt lat="49.506670" lon="18.684104">
				<ele>987.000000</ele>
			</trkpt>
			<trkpt lat="49.506763" lon="18.684221">
				<ele>985.000000</ele>
			</trkpt>
			<trkpt lat="49.506990" lon="18.684500">
				<ele>981.000000</ele>
			</trkpt>
			<trkpt lat="49.507276" lon="18.684922">
				<ele>975.000000</ele>
			</trkpt>
			<trkpt lat="49.507387" lon="18.685110">
				<ele>973.000000</ele>
			</trkpt>
			<trkpt lat="49.507509" lon="18.685372">
				<ele>970.000000</ele>
			</trkpt>
			<trkpt lat="49.507544" lon="18.685479">
				<ele>969.000000</ele>
			</trkpt>
			<trkpt lat="49.507568" lon="18.685578">
				<ele>968.000000</ele>
			</trkpt>
			<trkpt lat="49.507580" lon="18.685695">
				<ele>967.000000</ele>
			</trkpt>
			<trkpt lat="49.507580" lon="18.685838">
				<ele>966.000000</ele>
			</trkpt>
			<trkpt lat="49.507574" lon="18.686234">
				<ele>963.000000</ele>
			</trkpt>
			<trkpt lat="49.507591" lon="18.686341">
				<ele>962.000000</ele>
			</trkpt>
			<trkpt lat="49.507608" lon="18.686485">
				<ele>961.000000</ele>
			</trkpt>
			<trkpt lat="49.507690" lon="18.686835">
				<ele>959.000000</ele>
			</trkpt>
			<trkpt lat="49.507719" lon="18.686970">
				<ele>958.000000</ele>
			</trkpt>
			<trkpt lat="49.507743" lon="18.687141">
				<ele>957.000000</ele>
			</trkpt>
			<trkpt lat="49.507755" lon="18.687320">
				<ele>956.000000</ele>
			</trkpt>
			<trkpt lat="49.507766" lon="18.687607">
				<ele>954.000000</ele>
			</trkpt>
			<trkpt lat="49.507777" lon="18.687806">
				<ele>953.000000</ele>
			</trkpt>
			<trkpt lat="49.507807" lon="18.687923">
				<ele>952.000000</ele>
			</trkpt>
			<trkpt lat="49.507848" lon="18.688049">
				<ele>951.000000</ele>
			</trkpt>
			<trkpt lat="49.507999" lon="18.688408">
				<ele>950.000000</ele>
			</trkpt>
			<trkpt lat="49.508052" lon="18.688533">
				<ele>950.000000</ele>
			</trkpt>
			<trkpt lat="49.508075" lon="18.688659">
				<ele>950.000000</ele>
			</trkpt>
			<trkpt lat="49.508134" lon="18.689064">
				<ele>950.000000</ele>
			</trkpt>
			<trkpt lat="49.508192" lon="18.689512">
				<ele>950.000000</ele>
			</trkpt>
			<trkpt lat="49.508221" lon="18.689720">
				<ele>950.000000</ele>
			</trkpt>
			<trkpt lat="49.508274" lon="18.689917">
				<ele>950.000000</ele>
			</trkpt>
			<trkpt lat="49.508349" lon="18.690114">
				<ele>950.000000</ele>
			</trkpt>
			<trkpt lat="49.508565" lon="18.690653">
				<ele>950.000000</ele>
			</trkpt>
			<trkpt lat="49.508653" lon="18.690842">
				<ele>950.000000</ele>
			</trkpt>
			<trkpt lat="49.508764" lon="18.691031">
				<ele>950.000000</ele>
			</trkpt>
			<trkpt lat="49.508892" lon="18.691219">
				<ele>950.000000</ele>
			</trkpt>
			<trkpt lat="49.509003" lon="18.691362">
				<ele>950.000000</ele>
			</trkpt>
			<trkpt lat="49.509078" lon="18.691498">
				<ele>950.000000</ele>
			</trkpt>
			<trkpt lat="49.509131" lon="18.691641">
				<ele>950.000000</ele>
			</trkpt>
			<trkpt lat="49.509172" lon="18.691794">
				<ele>950.000000</ele>
			</trkpt>
			<trkpt lat="49.509359" lon="18.692818">
				<ele>950.000000</ele>
			</trkpt>
			<trkpt lat="49.509422" lon="18.693087">
				<ele>950.000000</ele>
			</trkpt>
			<trkpt lat="49.509499" lon="18.693375">
				<ele>949.000000</ele>
			</trkpt>
			<trkpt lat="49.509575" lon="18.693708">
				<ele>948.000000</ele>
			</trkpt>
			<trkpt lat="49.509744" lon="18.694444">
				<ele>944.000000</ele>
			</trkpt>
			<trkpt lat="49.509813" lon="18.694758">
				<ele>942.000000</ele>
			</trkpt>
			<trkpt lat="49.509919" lon="18.695100">
				<ele>940.000000</ele>
			</trkpt>
			<trkpt lat="49.510053" lon="18.695423">
				<ele>939.000000</ele>
			</trkpt>
			<trkpt lat="49.510152" lon="18.695683">
				<ele>939.000000</ele>
			</trkpt>
			<trkpt lat="49.510234" lon="18.695909">
				<ele>938.000000</ele>
			</trkpt>
			<trkpt lat="49.510292" lon="18.696123">
				<ele>938.000000</ele>
			</trkpt>
			<trkpt lat="49.510338" lon="18.696375">
				<ele>937.000000</ele>
			</trkpt>
			<trkpt lat="49.510584" lon="18.697112">
				<ele>936.000000</ele>
			</trkpt>
			<trkpt lat="49.510630" lon="18.697255">
				<ele>935.000000</ele>
			</trkpt>
			<trkpt lat="49.510758" lon="18.697714">
				<ele>934.000000</ele>
			</trkpt>
			<trkpt lat="49.510991" lon="18.698603">
				<ele>931.000000</ele>
			</trkpt>
			<trkpt lat="49.511010" lon="18.698675">
				<ele>930.000000</ele>
			</trkpt>
			<trkpt lat="49.511027" lon="18.698756">
				<ele>930.000000</ele>
			</trkpt>
			<trkpt lat="49.511021" lon="18.698846">
				<ele>929.000000</ele>
			</trkpt>
			<trkpt lat="49.511010" lon="18.698909">
				<ele>929.000000</ele>
			</trkpt>
			<trkpt lat="49.510991" lon="18.699008">
				<ele>928.000000</ele>
			</trkpt>
			<trkpt lat="49.510939" lon="18.699115">
				<ele>927.000000</ele>
			</trkpt>
			<trkpt lat="49.510887" lon="18.699205">
				<ele>925.000000</ele>
			</trkpt>
			<trkpt lat="49.510828" lon="18.699259">
				<ele>924.000000</ele>
			</trkpt>
			<trkpt lat="49.510758" lon="18.699278">
				<ele>923.000000</ele>
			</trkpt>
			<trkpt lat="49.510893" lon="18.699465">
				<ele>924.000000</ele>
			</trkpt>
			<trkpt lat="49.511003" lon="18.699645">
				<ele>925.000000</ele>
			</trkpt>
			<trkpt lat="49.511097" lon="18.699825">
				<ele>925.000000</ele>
			</trkpt>
			<trkpt lat="49.511184" lon="18.700041">
				<ele>925.000000</ele>
			</trkpt>
			<trkpt lat="49.511289" lon="18.700400">
				<ele>925.000000</ele>
			</trkpt>
			<trkpt lat="49.511482" lon="18.701155">
				<ele>925.000000</ele>
			</trkpt>
			<trkpt lat="49.511557" lon="18.701423">
				<ele>925.000000</ele>
			</trkpt>
			<trkpt lat="49.511663" lon="18.701666">
				<ele>925.000000</ele>
			</trkpt>
			<trkpt lat="49.511855" lon="18.702071">
				<ele>925.000000</ele>
			</trkpt>
			<trkpt lat="49.512001" lon="18.702341">
				<ele>925.000000</ele>
			</trkpt>
			<trkpt lat="49.512106" lon="18.702574">
				<ele>925.000000</ele>
			</trkpt>
			<trkpt lat="49.512199" lon="18.702763">
				<ele>925.000000</ele>
			</trkpt>
			<trkpt lat="49.512357" lon="18.703023">
				<ele>925.000000</ele>
			</trkpt>
			<trkpt lat="49.512415" lon="18.703131">
				<ele>924.000000</ele>
			</trkpt>
			<trkpt lat="49.512497" lon="18.703337">
				<ele>923.000000</ele>
			</trkpt>
			<trkpt lat="49.512642" lon="18.703652">
				<ele>922.000000</ele>
			</trkpt>
			<trkpt lat="49.512672" lon="18.703750">
				<ele>921.000000</ele>
			</trkpt>
			<trkpt lat="49.512712" lon="18.703886">
				<ele>921.000000</ele>
			</trkpt>
			<trkpt lat="49.512788" lon="18.704182">
				<ele>920.000000</ele>
			</trkpt>
			<trkpt lat="49.512887" lon="18.704442">
				<ele>920.000000</ele>
			</trkpt>
			<trkpt lat="49.512928" lon="18.704541">
				<ele>920.000000</ele>
			</trkpt>
			<trkpt lat="49.512969" lon="18.704631">
				<ele>920.000000</ele>
			</trkpt>
			<trkpt lat="49.513021" lon="18.704702">
				<ele>920.000000</ele>
			</trkpt>
			<trkpt lat="49.513202" lon="18.704918">
				<ele>920.000000</ele>
			</trkpt>
			<trkpt lat="49.513383" lon="18.705098">
				<ele>920.000000</ele>
			</trkpt>
			<trkpt lat="49.513488" lon="18.705224">
				<ele>921.000000</ele>
			</trkpt>
			<trkpt lat="49.513675" lon="18.705413">
				<ele>923.000000</ele>
			</trkpt>
			<trkpt lat="49.513827" lon="18.705592">
				<ele>924.000000</ele>
			</trkpt>
			<trkpt lat="49.514106" lon="18.705943">
				<ele>929.000000</ele>
			</trkpt>
			<trkpt lat="49.514211" lon="18.706086">
				<ele>931.000000</ele>
			</trkpt>
			<trkpt lat="49.514305" lon="18.706221">
				<ele>933.000000</ele>
			</trkpt>
			<trkpt lat="49.514637" lon="18.706796">
				<ele>940.000000</ele>
			</trkpt>
			<trkpt lat="49.514818" lon="18.707065">
				<ele>940.000000</ele>
			</trkpt>
			<trkpt lat="49.514905" lon="18.707182">
				<ele>940.000000</ele>
			</trkpt>
			<trkpt lat="49.514946" lon="18.707228">
				<ele>940.000000</ele>
			</trkpt>
			<trkpt lat="49.514981" lon="18.707299">
				<ele>940.000000</ele>
			</trkpt>
			<trkpt lat="49.515010" lon="18.707434">
				<ele>940.000000</ele>
			</trkpt>
			<trkpt lat="49.515028" lon="18.707685">
				<ele>940.000000</ele>
			</trkpt>
			<trkpt lat="49.515086" lon="18.708404">
				<ele>937.000000</ele>
			</trkpt>
			<trkpt lat="49.515156" lon="18.709023">
				<ele>934.000000</ele>
			</trkpt>
			<trkpt lat="49.515185" lon="18.709329">
				<ele>933.000000</ele>
			</trkpt>
			<trkpt lat="49.515191" lon="18.709895">
				<ele>930.000000</ele>
			</trkpt>
			<trkpt lat="49.515209" lon="18.710075">
				<ele>930.000000</ele>
			</trkpt>
			<trkpt lat="49.515209" lon="18.710075">
				<ele>930.000000</ele>
			</trkpt>
			<trkpt lat="49.515209" lon="18.710075">
				<ele>930.000000</ele>
			</trkpt>
			<trkpt lat="49.515226" lon="18.710228">
				<ele>929.000000</ele>
			</trkpt>
			<trkpt lat="49.515390" lon="18.711350">
				<ele>926.000000</ele>
			</trkpt>
			<trkpt lat="49.515413" lon="18.711513">
				<ele>925.000000</ele>
			</trkpt>
			<trkpt lat="49.515413" lon="18.711665">
				<ele>925.000000</ele>
			</trkpt>
			<trkpt lat="49.515390" lon="18.712258">
				<ele>923.000000</ele>
			</trkpt>
			<trkpt lat="49.515372" lon="18.712689">
				<ele>920.000000</ele>
			</trkpt>
			<trkpt lat="49.515378" lon="18.712868">
				<ele>919.000000</ele>
			</trkpt>
			<trkpt lat="49.515390" lon="18.713031">
				<ele>918.000000</ele>
			</trkpt>
			<trkpt lat="49.515418" lon="18.713192">
				<ele>917.000000</ele>
			</trkpt>
			<trkpt lat="49.515459" lon="18.713354">
				<ele>917.000000</ele>
			</trkpt>
			<trkpt lat="49.515500" lon="18.713471">
				<ele>916.000000</ele>
			</trkpt>
			<trkpt lat="49.515553" lon="18.713543">
				<ele>915.000000</ele>
			</trkpt>
			<trkpt lat="49.515617" lon="18.713587">
				<ele>915.000000</ele>
			</trkpt>
			<trkpt lat="49.515675" lon="18.713605">
				<ele>914.000000</ele>
			</trkpt>
			<trkpt lat="49.515740" lon="18.713597">
				<ele>914.000000</ele>
			</trkpt>
			<trkpt lat="49.515874" lon="18.713570">
				<ele>913.000000</ele>
			</trkpt>
			<trkpt lat="49.516002" lon="18.713560">
				<ele>912.000000</ele>
			</trkpt>
			<trkpt lat="49.516112" lon="18.713570">
				<ele>911.000000</ele>
			</trkpt>
			<trkpt lat="49.516218" lon="18.713605">
				<ele>910.000000</ele>
			</trkpt>
			<trkpt lat="49.516317" lon="18.713668">
				<ele>910.000000</ele>
			</trkpt>
			<trkpt lat="49.516422" lon="18.713731">
				<ele>909.000000</ele>
			</trkpt>
			<trkpt lat="49.516544" lon="18.713839">
				<ele>908.000000</ele>
			</trkpt>
			<trkpt lat="49.516702" lon="18.713991">
				<ele>907.000000</ele>
			</trkpt>
			<trkpt lat="49.516754" lon="18.714046">
				<ele>907.000000</ele>
			</trkpt>
			<trkpt lat="49.516801" lon="18.714136">
				<ele>906.000000</ele>
			</trkpt>
			<trkpt lat="49.516853" lon="18.714234">
				<ele>906.000000</ele>
			</trkpt>
			<trkpt lat="49.516894" lon="18.714350">
				<ele>905.000000</ele>
			</trkpt>
			<trkpt lat="49.516929" lon="18.714459">
				<ele>905.000000</ele>
			</trkpt>
			<trkpt lat="49.516958" lon="18.714593">
				<ele>905.000000</ele>
			</trkpt>
			<trkpt lat="49.516981" lon="18.714729">
				<ele>905.000000</ele>
			</trkpt>
			<trkpt lat="49.516994" lon="18.714881">
				<ele>905.000000</ele>
			</trkpt>
			<trkpt lat="49.516964" lon="18.714962">
				<ele>905.000000</ele>
			</trkpt>
			<trkpt lat="49.516964" lon="18.715042">
				<ele>905.000000</ele>
			</trkpt>
			<trkpt lat="49.516958" lon="18.715142">
				<ele>905.000000</ele>
			</trkpt>
			<trkpt lat="49.516981" lon="18.715339">
				<ele>905.000000</ele>
			</trkpt>
			<trkpt lat="49.516958" lon="18.715429">
				<ele>905.000000</ele>
			</trkpt>
			<trkpt lat="49.516964" lon="18.715518">
				<ele>905.000000</ele>
			</trkpt>
			<trkpt lat="49.516994" lon="18.715681">
				<ele>905.000000</ele>
			</trkpt>
			<trkpt lat="49.516994" lon="18.715805">
				<ele>905.000000</ele>
			</trkpt>
			<trkpt lat="49.516970" lon="18.715905">
				<ele>905.000000</ele>
			</trkpt>
			<trkpt lat="49.516941" lon="18.715985">
				<ele>905.000000</ele>
			</trkpt>
			<trkpt lat="49.516900" lon="18.716067">
				<ele>905.000000</ele>
			</trkpt>
			<trkpt lat="49.516789" lon="18.716210">
				<ele>904.000000</ele>
			</trkpt>
			<trkpt lat="49.516678" lon="18.716381">
				<ele>902.000000</ele>
			</trkpt>
			<trkpt lat="49.516644" lon="18.716614">
				<ele>899.000000</ele>
			</trkpt>
			<trkpt lat="49.516609" lon="18.716786">
				<ele>897.000000</ele>
			</trkpt>
			<trkpt lat="49.516538" lon="18.717090">
				<ele>894.000000</ele>
			</trkpt>
			<trkpt lat="49.516503" lon="18.717342">
				<ele>891.000000</ele>
			</trkpt>
			<trkpt lat="49.516492" lon="18.717621">
				<ele>889.000000</ele>
			</trkpt>
			<trkpt lat="49.516509" lon="18.717953">
				<ele>887.000000</ele>
			</trkpt>
			<trkpt lat="49.516556" lon="18.718528">
				<ele>882.000000</ele>
			</trkpt>
			<trkpt lat="49.516568" lon="18.718690">
				<ele>881.000000</ele>
			</trkpt>
			<trkpt lat="49.516562" lon="18.718914">
				<ele>879.000000</ele>
			</trkpt>
			<trkpt lat="49.516544" lon="18.719147">
				<ele>875.000000</ele>
			</trkpt>
			<trkpt lat="49.516521" lon="18.719283">
				<ele>874.000000</ele>
			</trkpt>
			<trkpt lat="49.516527" lon="18.719409">
				<ele>873.000000</ele>
			</trkpt>
			<trkpt lat="49.516550" lon="18.719507">
				<ele>872.000000</ele>
			</trkpt>
			<trkpt lat="49.516573" lon="18.719587">
				<ele>871.000000</ele>
			</trkpt>
			<trkpt lat="49.516579" lon="18.719687">
				<ele>870.000000</ele>
			</trkpt>
			<trkpt lat="49.516585" lon="18.719857">
				<ele>868.000000</ele>
			</trkpt>
			<trkpt lat="49.516585" lon="18.720145">
				<ele>866.000000</ele>
			</trkpt>
			<trkpt lat="49.516585" lon="18.720369">
				<ele>864.000000</ele>
			</trkpt>
			<trkpt lat="49.516603" lon="18.720585">
				<ele>862.000000</ele>
			</trkpt>
			<trkpt lat="49.516631" lon="18.720855">
				<ele>860.000000</ele>
			</trkpt>
			<trkpt lat="49.516690" lon="18.721285">
				<ele>860.000000</ele>
			</trkpt>
			<trkpt lat="49.516748" lon="18.721618">
				<ele>860.000000</ele>
			</trkpt>
			<trkpt lat="49.516830" lon="18.721914">
				<ele>860.000000</ele>
			</trkpt>
			<trkpt lat="49.516947" lon="18.722247">
				<ele>860.000000</ele>
			</trkpt>
			<trkpt lat="49.517040" lon="18.722499">
				<ele>860.000000</ele>
			</trkpt>
			<trkpt lat="49.517063" lon="18.722616">
				<ele>860.000000</ele>
			</trkpt>
			<trkpt lat="49.517075" lon="18.722696">
				<ele>860.000000</ele>
			</trkpt>
			<trkpt lat="49.517081" lon="18.722795">
				<ele>860.000000</ele>
			</trkpt>
			<trkpt lat="49.517081" lon="18.722876">
				<ele>860.000000</ele>
			</trkpt>
			<trkpt lat="49.517057" lon="18.722975">
				<ele>860.000000</ele>
			</trkpt>
			<trkpt lat="49.517040" lon="18.723055">
				<ele>860.000000</ele>
			</trkpt>
			<trkpt lat="49.516888" lon="18.723522">
				<ele>860.000000</ele>
			</trkpt>
			<trkpt lat="49.516847" lon="18.723675">
				<ele>860.000000</ele>
			</trkpt>
			<trkpt lat="49.516824" lon="18.723864">
				<ele>860.000000</ele>
			</trkpt>
			<trkpt lat="49.516778" lon="18.724197">
				<ele>860.000000</ele>
			</trkpt>
			<trkpt lat="49.516748" lon="18.724493">
				<ele>860.000000</ele>
			</trkpt>
			<trkpt lat="49.516731" lon="18.724726">
				<ele>860.000000</ele>
			</trkpt>
			<trkpt lat="49.516731" lon="18.724843">
				<ele>860.000000</ele>
			</trkpt>
			<trkpt lat="49.516731" lon="18.724969">
				<ele>860.000000</ele>
			</trkpt>
			<trkpt lat="49.516754" lon="18.725095">
				<ele>860.000000</ele>
			</trkpt>
			<trkpt lat="49.516836" lon="18.725400">
				<ele>860.000000</ele>
			</trkpt>
			<trkpt lat="49.516865" lon="18.725571">
				<ele>860.000000</ele>
			</trkpt>
			<trkpt lat="49.516871" lon="18.725652">
				<ele>860.000000</ele>
			</trkpt>
			<trkpt lat="49.516859" lon="18.725732">
				<ele>860.000000</ele>
			</trkpt>
			<trkpt lat="49.516847" lon="18.725813">
				<ele>860.000000</ele>
			</trkpt>
			<trkpt lat="49.516830" lon="18.725895">
				<ele>860.000000</ele>
			</trkpt>
			<trkpt lat="49.516707" lon="18.726245">
				<ele>860.000000</ele>
			</trkpt>
			<trkpt lat="49.516649" lon="18.726478">
				<ele>860.000000</ele>
			</trkpt>
			<trkpt lat="49.516603" lon="18.726694">
				<ele>860.000000</ele>
			</trkpt>
			<trkpt lat="49.516585" lon="18.726954">
				<ele>857.000000</ele>
			</trkpt>
			<trkpt lat="49.516573" lon="18.727206">
				<ele>854.000000</ele>
			</trkpt>
			<trkpt lat="49.516527" lon="18.727386">
				<ele>852.000000</ele>
			</trkpt>
			<trkpt lat="49.516497" lon="18.727503">
				<ele>851.000000</ele>
			</trkpt>
			<trkpt lat="49.516492" lon="18.727627">
				<ele>849.000000</ele>
			</trkpt>
			<trkpt lat="49.516538" lon="18.728015">
				<ele>843.000000</ele>
			</trkpt>
			<trkpt lat="49.516568" lon="18.728086">
				<ele>842.000000</ele>
			</trkpt>
			<trkpt lat="49.516591" lon="18.728176">
				<ele>841.000000</ele>
			</trkpt>
			<trkpt lat="49.516644" lon="18.728355">
				<ele>838.000000</ele>
			</trkpt>
			<trkpt lat="49.516667" lon="18.728508">
				<ele>836.000000</ele>
			</trkpt>
			<trkpt lat="49.516684" lon="18.728679">
				<ele>833.000000</ele>
			</trkpt>
			<trkpt lat="49.516690" lon="18.728877">
				<ele>830.000000</ele>
			</trkpt>
			<trkpt lat="49.516702" lon="18.729029">
				<ele>828.000000</ele>
			</trkpt>
			<trkpt lat="49.516743" lon="18.729182">
				<ele>825.000000</ele>
			</trkpt>
			<trkpt lat="49.516806" lon="18.729325">
				<ele>823.000000</ele>
			</trkpt>
			<trkpt lat="49.516947" lon="18.729568">
				<ele>818.000000</ele>
			</trkpt>
			<trkpt lat="49.517040" lon="18.729730">
				<ele>815.000000</ele>
			</trkpt>
			<trkpt lat="49.517087" lon="18.729847">
				<ele>813.000000</ele>
			</trkpt>
			<trkpt lat="49.517122" lon="18.729954">
				<ele>811.000000</ele>
			</trkpt>
			<trkpt lat="49.517128" lon="18.730080">
				<ele>809.000000</ele>
			</trkpt>
			<trkpt lat="49.517133" lon="18.730161">
				<ele>808.000000</ele>
			</trkpt>
			<trkpt lat="49.517128" lon="18.730340">
				<ele>805.000000</ele>
			</trkpt>
			<trkpt lat="49.517110" lon="18.730493">
				<ele>803.000000</ele>
			</trkpt>
			<trkpt lat="49.517092" lon="18.730629">
				<ele>801.000000</ele>
			</trkpt>
			<trkpt lat="49.517057" lon="18.730826">
				<ele>799.000000</ele>
			</trkpt>
			<trkpt lat="49.516929" lon="18.731464">
				<ele>791.000000</ele>
			</trkpt>
			<trkpt lat="49.516865" lon="18.731761">
				<ele>788.000000</ele>
			</trkpt>
			<trkpt lat="49.516812" lon="18.731940">
				<ele>786.000000</ele>
			</trkpt>
			<trkpt lat="49.516748" lon="18.732084">
				<ele>784.000000</ele>
			</trkpt>
			<trkpt lat="49.516702" lon="18.732147">
				<ele>783.000000</ele>
			</trkpt>
			<trkpt lat="49.516644" lon="18.732210">
				<ele>781.000000</ele>
			</trkpt>
			<trkpt lat="49.516579" lon="18.732281">
				<ele>780.000000</ele>
			</trkpt>
			<trkpt lat="49.516492" lon="18.732371">
				<ele>777.000000</ele>
			</trkpt>
			<trkpt lat="49.516439" lon="18.732461">
				<ele>776.000000</ele>
			</trkpt>
			<trkpt lat="49.516387" lon="18.732550">
				<ele>774.000000</ele>
			</trkpt>
			<trkpt lat="49.516358" lon="18.732677">
				<ele>772.000000</ele>
			</trkpt>
			<trkpt lat="49.516224" lon="18.733153">
				<ele>765.000000</ele>
			</trkpt>
			<trkpt lat="49.516165" lon="18.733432">
				<ele>763.000000</ele>
			</trkpt>
			<trkpt lat="49.516159" lon="18.733476">
				<ele>763.000000</ele>
			</trkpt>
			<trkpt lat="49.516165" lon="18.733611">
				<ele>762.000000</ele>
			</trkpt>
			<trkpt lat="49.516188" lon="18.733755">
				<ele>761.000000</ele>
			</trkpt>
			<trkpt lat="49.516224" lon="18.733871">
				<ele>760.000000</ele>
			</trkpt>
			<trkpt lat="49.516311" lon="18.734095">
				<ele>759.000000</ele>
			</trkpt>
			<trkpt lat="49.516422" lon="18.734338">
				<ele>758.000000</ele>
			</trkpt>
			<trkpt lat="49.516597" lon="18.734500">
				<ele>757.000000</ele>
			</trkpt>
			<trkpt lat="49.517005" lon="18.734617">
				<ele>755.000000</ele>
			</trkpt>
			<trkpt lat="49.517226" lon="18.734707">
				<ele>755.000000</ele>
			</trkpt>
			<trkpt lat="49.517285" lon="18.734707">
				<ele>755.000000</ele>
			</trkpt>
			<trkpt lat="49.517325" lon="18.734743">
				<ele>755.000000</ele>
			</trkpt>
			<trkpt lat="49.517361" lon="18.734787">
				<ele>755.000000</ele>
			</trkpt>
			<trkpt lat="49.517384" lon="18.734841">
				<ele>755.000000</ele>
			</trkpt>
			<trkpt lat="49.517419" lon="18.734958">
				<ele>755.000000</ele>
			</trkpt>
			<trkpt lat="49.517466" lon="18.735183">
				<ele>755.000000</ele>
			</trkpt>
			<trkpt lat="49.517530" lon="18.735623">
				<ele>752.000000</ele>
			</trkpt>
			<trkpt lat="49.517553" lon="18.735812">
				<ele>751.000000</ele>
			</trkpt>
			<trkpt lat="49.517553" lon="18.736072">
				<ele>749.000000</ele>
			</trkpt>
			<trkpt lat="49.517559" lon="18.736153">
				<ele>748.000000</ele>
			</trkpt>
			<trkpt lat="49.517600" lon="18.736296">
				<ele>746.000000</ele>
			</trkpt>
			<trkpt lat="49.517647" lon="18.736531">
				<ele>742.000000</ele>
			</trkpt>
			<trkpt lat="49.517669" lon="18.736602">
				<ele>741.000000</ele>
			</trkpt>
			<trkpt lat="49.517710" lon="18.736692">
				<ele>739.000000</ele>
			</trkpt>
			<trkpt lat="49.517833" lon="18.736908">
				<ele>734.000000</ele>
			</trkpt>
			<trkpt lat="49.517857" lon="18.736988">
				<ele>733.000000</ele>
			</trkpt>
			<trkpt lat="49.517880" lon="18.737078">
				<ele>732.000000</ele>
			</trkpt>
			<trkpt lat="49.518101" lon="18.738407">
				<ele>719.000000</ele>
			</trkpt>
			<trkpt lat="49.518125" lon="18.738489">
				<ele>718.000000</ele>
			</trkpt>
			<trkpt lat="49.518148" lon="18.738533">
				<ele>718.000000</ele>
			</trkpt>
			<trkpt lat="49.518171" lon="18.738579">
				<ele>717.000000</ele>
			</trkpt>
			<trkpt lat="49.518218" lon="18.738650">
				<ele>716.000000</ele>
			</trkpt>
			<trkpt lat="49.518235" lon="18.738705">
				<ele>715.000000</ele>
			</trkpt>
			<trkpt lat="49.518270" lon="18.738740">
				<ele>715.000000</ele>
			</trkpt>
			<trkpt lat="49.518363" lon="18.738785">
				<ele>714.000000</ele>
			</trkpt>
			<trkpt lat="49.518445" lon="18.738776">
				<ele>713.000000</ele>
			</trkpt>
			<trkpt lat="49.518521" lon="18.738758">
				<ele>712.000000</ele>
			</trkpt>
			<trkpt lat="49.518667" lon="18.738686">
				<ele>711.000000</ele>
			</trkpt>
			<trkpt lat="49.518714" lon="18.738677">
				<ele>710.000000</ele>
			</trkpt>
			<trkpt lat="49.518918" lon="18.738623">
				<ele>706.000000</ele>
			</trkpt>
			<trkpt lat="49.519040" lon="18.738587">
				<ele>704.000000</ele>
			</trkpt>
			<trkpt lat="49.519157" lon="18.738587">
				<ele>701.000000</ele>
			</trkpt>
			<trkpt lat="49.519279" lon="18.738596">
				<ele>699.000000</ele>
			</trkpt>
			<trkpt lat="49.519431" lon="18.738606">
				<ele>696.000000</ele>
			</trkpt>
			<trkpt lat="49.519530" lon="18.738615">
				<ele>694.000000</ele>
			</trkpt>
			<trkpt lat="49.519658" lon="18.738606">
				<ele>692.000000</ele>
			</trkpt>
			<trkpt lat="49.519711" lon="18.738623">
				<ele>691.000000</ele>
			</trkpt>
			<trkpt lat="49.519764" lon="18.738659">
				<ele>690.000000</ele>
			</trkpt>
			<trkpt lat="49.519798" lon="18.738705">
				<ele>689.000000</ele>
			</trkpt>
			<trkpt lat="49.519833" lon="18.738749">
				<ele>688.000000</ele>
			</trkpt>
			<trkpt lat="49.519909" lon="18.738902">
				<ele>685.000000</ele>
			</trkpt>
			<trkpt lat="49.519967" lon="18.739001">
				<ele>683.000000</ele>
			</trkpt>
			<trkpt lat="49.520090" lon="18.739126">
				<ele>681.000000</ele>
			</trkpt>
			<trkpt lat="49.520125" lon="18.739181">
				<ele>680.000000</ele>
			</trkpt>
			<trkpt lat="49.520142" lon="18.739243">
				<ele>679.000000</ele>
			</trkpt>
			<trkpt lat="49.520148" lon="18.739332">
				<ele>678.000000</ele>
			</trkpt>
			<trkpt lat="49.520136" lon="18.739458">
				<ele>677.000000</ele>
			</trkpt>
			<trkpt lat="49.520108" lon="18.739774">
				<ele>672.000000</ele>
			</trkpt>
			<trkpt lat="49.520096" lon="18.740061">
				<ele>668.000000</ele>
			</trkpt>
			<trkpt lat="49.520102" lon="18.740699">
				<ele>655.000000</ele>
			</trkpt>
			<trkpt lat="49.520114" lon="18.741210">
				<ele>645.000000</ele>
			</trkpt>
			<trkpt lat="49.520125" lon="18.741336">
				<ele>642.000000</ele>
			</trkpt>
			<trkpt lat="49.520142" lon="18.741426">
				<ele>640.000000</ele>
			</trkpt>
			<trkpt lat="49.520177" lon="18.741498">
				<ele>638.000000</ele>
			</trkpt>
			<trkpt lat="49.520236" lon="18.741552">
				<ele>636.000000</ele>
			</trkpt>
			<trkpt lat="49.520527" lon="18.741533">
				<ele>635.000000</ele>
			</trkpt>
			<trkpt lat="49.520580" lon="18.741506">
				<ele>635.000000</ele>
			</trkpt>
			<trkpt lat="49.520644" lon="18.741471">
				<ele>635.000000</ele>
			</trkpt>
			<trkpt lat="49.520673" lon="18.741506">
				<ele>634.000000</ele>
			</trkpt>
			<trkpt lat="49.520708" lon="18.741533">
				<ele>633.000000</ele>
			</trkpt>
			<trkpt lat="49.520749" lon="18.741569">
				<ele>632.000000</ele>
			</trkpt>
			<trkpt lat="49.520802" lon="18.741569">
				<ele>631.000000</ele>
			</trkpt>
			<trkpt lat="49.520912" lon="18.741561">
				<ele>629.000000</ele>
			</trkpt>
			<trkpt lat="49.520965" lon="18.741543">
				<ele>628.000000</ele>
			</trkpt>
			<trkpt lat="49.521005" lon="18.741498">
				<ele>627.000000</ele>
			</trkpt>
			<trkpt lat="49.521087" lon="18.741435">
				<ele>625.000000</ele>
			</trkpt>
			<trkpt lat="49.521152" lon="18.741399">
				<ele>623.000000</ele>
			</trkpt>
			<trkpt lat="49.521215" lon="18.741382">
				<ele>622.000000</ele>
			</trkpt>
			<trkpt lat="49.521268" lon="18.741372">
				<ele>621.000000</ele>
			</trkpt>
			<trkpt lat="49.521321" lon="18.741372">
				<ele>619.000000</ele>
			</trkpt>
			<trkpt lat="49.521367" lon="18.741390">
				<ele>618.000000</ele>
			</trkpt>
			<trkpt lat="49.521402" lon="18.741426">
				<ele>617.000000</ele>
			</trkpt>
			<trkpt lat="49.521425" lon="18.741462">
				<ele>616.000000</ele>
			</trkpt>
			<trkpt lat="49.521501" lon="18.741651">
				<ele>612.000000</ele>
			</trkpt>
			<trkpt lat="49.521559" lon="18.741776">
				<ele>609.000000</ele>
			</trkpt>
			<trkpt lat="49.521635" lon="18.741911">
				<ele>606.000000</ele>
			</trkpt>
			<trkpt lat="49.521717" lon="18.742001">
				<ele>603.000000</ele>
			</trkpt>
			<trkpt lat="49.521834" lon="18.742045">
				<ele>601.000000</ele>
			</trkpt>
			<trkpt lat="49.521997" lon="18.742172">
				<ele>598.000000</ele>
			</trkpt>
			<trkpt lat="49.522078" lon="18.742217">
				<ele>596.000000</ele>
			</trkpt>
			<trkpt lat="49.522131" lon="18.742279">
				<ele>595.000000</ele>
			</trkpt>
			<trkpt lat="49.522184" lon="18.742369">
				<ele>594.000000</ele>
			</trkpt>
			<trkpt lat="49.522230" lon="18.742477">
				<ele>592.000000</ele>
			</trkpt>
			<trkpt lat="49.522271" lon="18.742567">
				<ele>591.000000</ele>
			</trkpt>
			<trkpt lat="49.522353" lon="18.742665">
				<ele>590.000000</ele>
			</trkpt>
			<trkpt lat="49.522387" lon="18.742755">
				<ele>589.000000</ele>
			</trkpt>
			<trkpt lat="49.522440" lon="18.742908">
				<ele>587.000000</ele>
			</trkpt>
			<trkpt lat="49.522545" lon="18.743169">
				<ele>584.000000</ele>
			</trkpt>
			<trkpt lat="49.522650" lon="18.743366">
				<ele>582.000000</ele>
			</trkpt>
			<trkpt lat="49.522697" lon="18.743439">
				<ele>581.000000</ele>
			</trkpt>
			<trkpt lat="49.522720" lon="18.743529">
				<ele>580.000000</ele>
			</trkpt>
			<trkpt lat="49.522784" lon="18.743797">
				<ele>577.000000</ele>
			</trkpt>
			<trkpt lat="49.522837" lon="18.744049">
				<ele>574.000000</ele>
			</trkpt>
			<trkpt lat="49.522883" lon="18.744246">
				<ele>573.000000</ele>
			</trkpt>
			<trkpt lat="49.522965" lon="18.744489">
				<ele>571.000000</ele>
			</trkpt>
			<trkpt lat="49.523006" lon="18.744642">
				<ele>570.000000</ele>
			</trkpt>
			<trkpt lat="49.523029" lon="18.744777">
				<ele>569.000000</ele>
			</trkpt>
			<trkpt lat="49.523035" lon="18.744948">
				<ele>568.000000</ele>
			</trkpt>
			<trkpt lat="49.523029" lon="18.745028">
				<ele>567.000000</ele>
			</trkpt>
			<trkpt lat="49.523023" lon="18.745334">
				<ele>565.000000</ele>
			</trkpt>
			<trkpt lat="49.522982" lon="18.745630">
				<ele>563.000000</ele>
			</trkpt>
			<trkpt lat="49.523280" lon="18.745738">
				<ele>558.000000</ele>
			</trkpt>
			<trkpt lat="49.523385" lon="18.745747">
				<ele>556.000000</ele>
			</trkpt>
			<trkpt lat="49.523496" lon="18.745756">
				<ele>554.000000</ele>
			</trkpt>
			<trkpt lat="49.523630" lon="18.745729">
				<ele>551.000000</ele>
			</trkpt>
			<trkpt lat="49.523711" lon="18.745729">
				<ele>549.000000</ele>
			</trkpt>
			<trkpt lat="49.523793" lon="18.745738">
				<ele>548.000000</ele>
			</trkpt>
			<trkpt lat="49.523869" lon="18.745774">
				<ele>546.000000</ele>
			</trkpt>
			<trkpt lat="49.524015" lon="18.745837">
				<ele>544.000000</ele>
			</trkpt>
			<trkpt lat="49.524091" lon="18.745854">
				<ele>543.000000</ele>
			</trkpt>
			<trkpt lat="49.524137" lon="18.746097">
				<ele>541.000000</ele>
			</trkpt>
			<trkpt lat="49.524195" lon="18.746330">
				<ele>539.000000</ele>
			</trkpt>
			<trkpt lat="49.524248" lon="18.746546">
				<ele>537.000000</ele>
			</trkpt>
			<trkpt lat="49.524318" lon="18.746745">
				<ele>536.000000</ele>
			</trkpt>
			<trkpt lat="49.524376" lon="18.746915">
				<ele>534.000000</ele>
			</trkpt>
			<trkpt lat="49.524446" lon="18.747085">
				<ele>533.000000</ele>
			</trkpt>
			<trkpt lat="49.524539" lon="18.747282">
				<ele>531.000000</ele>
			</trkpt>
			<trkpt lat="49.524779" lon="18.747705">
				<ele>528.000000</ele>
			</trkpt>
			<trkpt lat="49.524837" lon="18.747822">
				<ele>527.000000</ele>
			</trkpt>
			<trkpt lat="49.524878" lon="18.747938">
				<ele>526.000000</ele>
			</trkpt>
			<trkpt lat="49.524913" lon="18.748064">
				<ele>525.000000</ele>
			</trkpt>
			<trkpt lat="49.524942" lon="18.748271">
				<ele>523.000000</ele>
			</trkpt>
			<trkpt lat="49.525070" lon="18.749043">
				<ele>517.000000</ele>
			</trkpt>
			<trkpt lat="49.525216" lon="18.749772">
				<ele>512.000000</ele>
			</trkpt>
			<trkpt lat="49.525262" lon="18.749969">
				<ele>511.000000</ele>
			</trkpt>
			<trkpt lat="49.525280" lon="18.750077">
				<ele>511.000000</ele>
			</trkpt>
			<trkpt lat="49.525286" lon="18.750202">
				<ele>510.000000</ele>
			</trkpt>
			<trkpt lat="49.525280" lon="18.750347">
				<ele>509.000000</ele>
			</trkpt>
			<trkpt lat="49.525361" lon="18.750571">
				<ele>508.000000</ele>
			</trkpt>
			<trkpt lat="49.525467" lon="18.750984">
				<ele>506.000000</ele>
			</trkpt>
			<trkpt lat="49.525490" lon="18.751047">
				<ele>506.000000</ele>
			</trkpt>
			<trkpt lat="49.525525" lon="18.751091">
				<ele>505.000000</ele>
			</trkpt>
			<trkpt lat="49.525560" lon="18.751137">
				<ele>505.000000</ele>
			</trkpt>
			<trkpt lat="49.525612" lon="18.751154">
				<ele>505.000000</ele>
			</trkpt>
			<trkpt lat="49.525799" lon="18.751244">
				<ele>505.000000</ele>
			</trkpt>
			<trkpt lat="49.525834" lon="18.751343">
				<ele>505.000000</ele>
			</trkpt>
			<trkpt lat="49.525910" lon="18.751370">
				<ele>505.000000</ele>
			</trkpt>
			<trkpt lat="49.525892" lon="18.751720">
				<ele>505.000000</ele>
			</trkpt>
			<trkpt lat="49.525886" lon="18.752089">
				<ele>505.000000</ele>
			</trkpt>
			<trkpt lat="49.525875" lon="18.752188">
				<ele>505.000000</ele>
			</trkpt>
			<trkpt lat="49.525863" lon="18.752278">
				<ele>505.000000</ele>
			</trkpt>
			<trkpt lat="49.525770" lon="18.752106">
				<ele>505.000000</ele>
			</trkpt>
			<trkpt lat="49.525647" lon="18.751810">
				<ele>505.000000</ele>
			</trkpt>
			<trkpt lat="49.525618" lon="18.751766">
				<ele>505.000000</ele>
			</trkpt>
			<trkpt lat="49.525595" lon="18.751739">
				<ele>505.000000</ele>
			</trkpt>
			<trkpt lat="49.525490" lon="18.751685">
				<ele>505.000000</ele>
			</trkpt>
			<trkpt lat="49.525227" lon="18.751613">
				<ele>505.000000</ele>
			</trkpt>
			<trkpt lat="49.525123" lon="18.751586">
				<ele>505.000000</ele>
			</trkpt>
			<trkpt lat="49.525070" lon="18.751837">
				<ele>504.000000</ele>
			</trkpt>
			<trkpt lat="49.525064" lon="18.751927">
				<ele>504.000000</ele>
			</trkpt>
			<trkpt lat="49.525064" lon="18.752026">
				<ele>504.000000</ele>
			</trkpt>
			<trkpt lat="49.525082" lon="18.752322">
				<ele>503.000000</ele>
			</trkpt>
			<trkpt lat="49.525088" lon="18.752412">
				<ele>503.000000</ele>
			</trkpt>
			<trkpt lat="49.525093" lon="18.752502">
				<ele>502.000000</ele>
			</trkpt>
			<trkpt lat="49.525041" lon="18.752718">
				<ele>500.000000</ele>
			</trkpt>
			<trkpt lat="49.525041" lon="18.752718">
				<ele>500.000000</ele>
			</trkpt>
			<trkpt lat="49.524965" lon="18.753068">
				<ele>498.000000</ele>
			</trkpt>
			<trkpt lat="49.524959" lon="18.753301">
				<ele>497.000000</ele>
			</trkpt>
			<trkpt lat="49.525298" lon="18.753634">
				<ele>496.000000</ele>
			</trkpt>
			<trkpt lat="49.525402" lon="18.753743">
				<ele>495.000000</ele>
			</trkpt>
			<trkpt lat="49.525367" lon="18.754011">
				<ele>495.000000</ele>
			</trkpt>
			<trkpt lat="49.525315" lon="18.754219">
				<ele>495.000000</ele>
			</trkpt>
			<trkpt lat="49.525286" lon="18.754335">
				<ele>495.000000</ele>
			</trkpt>
			<trkpt lat="49.525268" lon="18.754460">
				<ele>495.000000</ele>
			</trkpt>
			<trkpt lat="49.525257" lon="18.754838">
				<ele>495.000000</ele>
			</trkpt>
			<trkpt lat="49.525315" lon="18.754963">
				<ele>495.000000</ele>
			</trkpt>
			<trkpt lat="49.525367" lon="18.755062">
				<ele>495.000000</ele>
			</trkpt>
			<trkpt lat="49.525432" lon="18.755152">
				<ele>495.000000</ele>
			</trkpt>
			<trkpt lat="49.525508" lon="18.755224">
				<ele>495.000000</ele>
			</trkpt>
			<trkpt lat="49.525612" lon="18.755332">
				<ele>495.000000</ele>
			</trkpt>
			<trkpt lat="49.525700" lon="18.755467">
				<ele>495.000000</ele>
			</trkpt>
			<trkpt lat="49.525910" lon="18.755827">
				<ele>496.000000</ele>
			</trkpt>
			<trkpt lat="49.526114" lon="18.756131">
				<ele>496.000000</ele>
			</trkpt>
			<trkpt lat="49.526248" lon="18.756303">
				<ele>497.000000</ele>
			</trkpt>
			<trkpt lat="49.526341" lon="18.756427">
				<ele>497.000000</ele>
			</trkpt>
			<trkpt lat="49.526481" lon="18.756517">
				<ele>498.000000</ele>
			</trkpt>
			<trkpt lat="49.526580" lon="18.756580">
				<ele>498.000000</ele>
			</trkpt>
			<trkpt lat="49.526674" lon="18.756716">
				<ele>499.000000</ele>
			</trkpt>
			<trkpt lat="49.526778" lon="18.756841">
				<ele>499.000000</ele>
			</trkpt>
			<trkpt lat="49.526872" lon="18.757003">
				<ele>499.000000</ele>
			</trkpt>
			<trkpt lat="49.526983" lon="18.757246">
				<ele>500.000000</ele>
			</trkpt>
			<trkpt lat="49.527052" lon="18.757443">
				<ele>501.000000</ele>
			</trkpt>
			<trkpt lat="49.527122" lon="18.757632">
				<ele>502.000000</ele>
			</trkpt>
			<trkpt lat="49.527169" lon="18.757829">
				<ele>503.000000</ele>
			</trkpt>
			<trkpt lat="49.527216" lon="18.758027">
				<ele>504.000000</ele>
			</trkpt>
			<trkpt lat="49.527251" lon="18.758261">
				<ele>506.000000</ele>
			</trkpt>
			<trkpt lat="49.527280" lon="18.758485">
				<ele>507.000000</ele>
			</trkpt>
			<trkpt lat="49.527309" lon="18.758764">
				<ele>509.000000</ele>
			</trkpt>
			<trkpt lat="49.527321" lon="18.758890">
				<ele>510.000000</ele>
			</trkpt>
			<trkpt lat="49.527350" lon="18.758934">
				<ele>510.000000</ele>
			</trkpt>
			<trkpt lat="49.527373" lon="18.758980">
				<ele>510.000000</ele>
			</trkpt>
			<trkpt lat="49.527606" lon="18.759257">
				<ele>513.000000</ele>
			</trkpt>
			<trkpt lat="49.527571" lon="18.759320">
				<ele>513.000000</ele>
			</trkpt>
			<trkpt lat="49.527560" lon="18.759410">
				<ele>513.000000</ele>
			</trkpt>
			<trkpt lat="49.527543" lon="18.759580">
				<ele>514.000000</ele>
			</trkpt>
			<trkpt lat="49.527519" lon="18.759752">
				<ele>515.000000</ele>
			</trkpt>
			<trkpt lat="49.527455" lon="18.760003">
				<ele>518.000000</ele>
			</trkpt>
			<trkpt lat="49.527385" lon="18.760236">
				<ele>521.000000</ele>
			</trkpt>
			<trkpt lat="49.527309" lon="18.760452">
				<ele>525.000000</ele>
			</trkpt>
			<trkpt lat="49.527210" lon="18.760695">
				<ele>531.000000</ele>
			</trkpt>
			<trkpt lat="49.527111" lon="18.760947">
				<ele>537.000000</ele>
			</trkpt>
			<trkpt lat="49.527064" lon="18.761081">
				<ele>540.000000</ele>
			</trkpt>
			<trkpt lat="49.527041" lon="18.761207">
				<ele>542.000000</ele>
			</trkpt>
			<trkpt lat="49.527029" lon="18.761360">
				<ele>544.000000</ele>
			</trkpt>
			<trkpt lat="49.527029" lon="18.761567">
				<ele>547.000000</ele>
			</trkpt>
			<trkpt lat="49.527029" lon="18.761809">
				<ele>551.000000</ele>
			</trkpt>
			<trkpt lat="49.527006" lon="18.762186">
				<ele>556.000000</ele>
			</trkpt>
			<trkpt lat="49.526983" lon="18.762420">
				<ele>559.000000</ele>
			</trkpt>
			<trkpt lat="49.526942" lon="18.762645">
				<ele>562.000000</ele>
			</trkpt>
			<trkpt lat="49.526877" lon="18.762878">
				<ele>565.000000</ele>
			</trkpt>
			<trkpt lat="49.526819" lon="18.763085">
				<ele>568.000000</ele>
			</trkpt>
			<trkpt lat="49.526778" lon="18.763219">
				<ele>570.000000</ele>
			</trkpt>
			<trkpt lat="49.526761" lon="18.763335">
				<ele>571.000000</ele>
			</trkpt>
			<trkpt lat="49.526761" lon="18.763462">
				<ele>573.000000</ele>
			</trkpt>
			<trkpt lat="49.526767" lon="18.763578">
				<ele>575.000000</ele>
			</trkpt>
			<trkpt lat="49.526790" lon="18.763687">
				<ele>576.000000</ele>
			</trkpt>
			<trkpt lat="49.526884" lon="18.764028">
				<ele>581.000000</ele>
			</trkpt>
			<trkpt lat="49.526907" lon="18.764180">
				<ele>583.000000</ele>
			</trkpt>
			<trkpt lat="49.526907" lon="18.764414">
				<ele>586.000000</ele>
			</trkpt>
			<trkpt lat="49.526890" lon="18.764647">
				<ele>588.000000</ele>
			</trkpt>
			<trkpt lat="49.526877" lon="18.764846">
				<ele>591.000000</ele>
			</trkpt>
			<trkpt lat="49.526854" lon="18.765033">
				<ele>593.000000</ele>
			</trkpt>
			<trkpt lat="49.526819" lon="18.765213">
				<ele>595.000000</ele>
			</trkpt>
			<trkpt lat="49.526778" lon="18.765385">
				<ele>597.000000</ele>
			</trkpt>
			<trkpt lat="49.526715" lon="18.765599">
				<ele>600.000000</ele>
			</trkpt>
			<trkpt lat="49.526568" lon="18.766049">
				<ele>608.000000</ele>
			</trkpt>
			<trkpt lat="49.526487" lon="18.766274">
				<ele>611.000000</ele>
			</trkpt>
			<trkpt lat="49.526440" lon="18.766454">
				<ele>614.000000</ele>
			</trkpt>
			<trkpt lat="49.526405" lon="18.766633">
				<ele>616.000000</ele>
			</trkpt>
			<trkpt lat="49.526371" lon="18.766930">
				<ele>620.000000</ele>
			</trkpt>
			<trkpt lat="49.526347" lon="18.767001">
				<ele>621.000000</ele>
			</trkpt>
			<trkpt lat="49.526330" lon="18.767054">
				<ele>621.000000</ele>
			</trkpt>
			<trkpt lat="49.526207" lon="18.767253">
				<ele>623.000000</ele>
			</trkpt>
			<trkpt lat="49.526079" lon="18.767486">
				<ele>626.000000</ele>
			</trkpt>
			<trkpt lat="49.526009" lon="18.767675">
				<ele>628.000000</ele>
			</trkpt>
			<trkpt lat="49.525951" lon="18.767882">
				<ele>630.000000</ele>
			</trkpt>
			<trkpt lat="49.525915" lon="18.768178">
				<ele>633.000000</ele>
			</trkpt>
			<trkpt lat="49.525880" lon="18.768438">
				<ele>635.000000</ele>
			</trkpt>
			<trkpt lat="49.525857" lon="18.768717">
				<ele>638.000000</ele>
			</trkpt>
			<trkpt lat="49.525863" lon="18.768941">
				<ele>640.000000</ele>
			</trkpt>
			<trkpt lat="49.525875" lon="18.769094">
				<ele>641.000000</ele>
			</trkpt>
			<trkpt lat="49.525904" lon="18.769220">
				<ele>642.000000</ele>
			</trkpt>
			<trkpt lat="49.525956" lon="18.769345">
				<ele>643.000000</ele>
			</trkpt>
			<trkpt lat="49.526178" lon="18.769741">
				<ele>645.000000</ele>
			</trkpt>
			<trkpt lat="49.526254" lon="18.769893">
				<ele>647.000000</ele>
			</trkpt>
			<trkpt lat="49.526300" lon="18.770020">
				<ele>647.000000</ele>
			</trkpt>
			<trkpt lat="49.526318" lon="18.770163">
				<ele>648.000000</ele>
			</trkpt>
			<trkpt lat="49.526312" lon="18.770316">
				<ele>649.000000</ele>
			</trkpt>
			<trkpt lat="49.526271" lon="18.770505">
				<ele>650.000000</ele>
			</trkpt>
			<trkpt lat="49.526079" lon="18.771304">
				<ele>654.000000</ele>
			</trkpt>
			<trkpt lat="49.526049" lon="18.771385">
				<ele>654.000000</ele>
			</trkpt>
			<trkpt lat="49.526032" lon="18.771484">
				<ele>655.000000</ele>
			</trkpt>
			<trkpt lat="49.526027" lon="18.771574">
				<ele>655.000000</ele>
			</trkpt>
			<trkpt lat="49.526032" lon="18.771699">
				<ele>655.000000</ele>
			</trkpt>
			<trkpt lat="49.526125" lon="18.772660">
				<ele>659.000000</ele>
			</trkpt>
			<trkpt lat="49.526143" lon="18.772957">
				<ele>660.000000</ele>
			</trkpt>
			<trkpt lat="49.526131" lon="18.773272">
				<ele>661.000000</ele>
			</trkpt>
			<trkpt lat="49.526114" lon="18.773702">
				<ele>662.000000</ele>
			</trkpt>
			<trkpt lat="49.526090" lon="18.773846">
				<ele>663.000000</ele>
			</trkpt>
			<trkpt lat="49.526067" lon="18.773981">
				<ele>663.000000</ele>
			</trkpt>
			<trkpt lat="49.526032" lon="18.774125">
				<ele>664.000000</ele>
			</trkpt>
			<trkpt lat="49.525997" lon="18.774241">
				<ele>664.000000</ele>
			</trkpt>
			<trkpt lat="49.525939" lon="18.774377">
				<ele>664.000000</ele>
			</trkpt>
			<trkpt lat="49.525880" lon="18.774493">
				<ele>665.000000</ele>
			</trkpt>
			<trkpt lat="49.525822" lon="18.774591">
				<ele>665.000000</ele>
			</trkpt>
			<trkpt lat="49.525688" lon="18.774727">
				<ele>666.000000</ele>
			</trkpt>
			<trkpt lat="49.525642" lon="18.774825">
				<ele>667.000000</ele>
			</trkpt>
			<trkpt lat="49.525583" lon="18.774933">
				<ele>667.000000</ele>
			</trkpt>
			<trkpt lat="49.525548" lon="18.775041">
				<ele>667.000000</ele>
			</trkpt>
			<trkpt lat="49.525513" lon="18.775149">
				<ele>668.000000</ele>
			</trkpt>
			<trkpt lat="49.525495" lon="18.775257">
				<ele>668.000000</ele>
			</trkpt>
			<trkpt lat="49.525478" lon="18.775499">
				<ele>669.000000</ele>
			</trkpt>
			<trkpt lat="49.525478" lon="18.775769">
				<ele>670.000000</ele>
			</trkpt>
			<trkpt lat="49.525490" lon="18.775975">
				<ele>671.000000</ele>
			</trkpt>
			<trkpt lat="49.525519" lon="18.776173">
				<ele>671.000000</ele>
			</trkpt>
			<trkpt lat="49.525554" lon="18.776451">
				<ele>672.000000</ele>
			</trkpt>
			<trkpt lat="49.525583" lon="18.776604">
				<ele>673.000000</ele>
			</trkpt>
			<trkpt lat="49.525677" lon="18.777080">
				<ele>674.000000</ele>
			</trkpt>
			<trkpt lat="49.525863" lon="18.777924">
				<ele>677.000000</ele>
			</trkpt>
			<trkpt lat="49.525927" lon="18.778249">
				<ele>678.000000</ele>
			</trkpt>
			<trkpt lat="49.525951" lon="18.778589">
				<ele>680.000000</ele>
			</trkpt>
			<trkpt lat="49.525968" lon="18.779398">
				<ele>680.000000</ele>
			</trkpt>
			<trkpt lat="49.525986" lon="18.779704">
				<ele>680.000000</ele>
			</trkpt>
			<trkpt lat="49.525986" lon="18.779954">
				<ele>680.000000</ele>
			</trkpt>
			<trkpt lat="49.525980" lon="18.780117">
				<ele>680.000000</ele>
			</trkpt>
			<trkpt lat="49.525956" lon="18.780304">
				<ele>680.000000</ele>
			</trkpt>
			<trkpt lat="49.525880" lon="18.780773">
				<ele>680.000000</ele>
			</trkpt>
			<trkpt lat="49.525845" lon="18.780907">
				<ele>680.000000</ele>
			</trkpt>
			<trkpt lat="49.525787" lon="18.781123">
				<ele>680.000000</ele>
			</trkpt>
			<trkpt lat="49.525746" lon="18.781302">
				<ele>680.000000</ele>
			</trkpt>
			<trkpt lat="49.525711" lon="18.781482">
				<ele>680.000000</ele>
			</trkpt>
			<trkpt lat="49.525700" lon="18.781599">
				<ele>680.000000</ele>
			</trkpt>
			<trkpt lat="49.525688" lon="18.781742">
				<ele>680.000000</ele>
			</trkpt>
			<trkpt lat="49.525694" lon="18.781851">
				<ele>680.000000</ele>
			</trkpt>
			<trkpt lat="49.525683" lon="18.782182">
				<ele>680.000000</ele>
			</trkpt>
			<trkpt lat="49.525677" lon="18.782362">
				<ele>682.000000</ele>
			</trkpt>
			<trkpt lat="49.525752" lon="18.782478">
				<ele>684.000000</ele>
			</trkpt>
			<trkpt lat="49.525811" lon="18.782604">
				<ele>686.000000</ele>
			</trkpt>
			<trkpt lat="49.525845" lon="18.782704">
				<ele>687.000000</ele>
			</trkpt>
			<trkpt lat="49.525910" lon="18.782901">
				<ele>688.000000</ele>
			</trkpt>
			<trkpt lat="49.525962" lon="18.783000">
				<ele>689.000000</ele>
			</trkpt>
			<trkpt lat="49.526079" lon="18.782955">
				<ele>690.000000</ele>
			</trkpt>
			<trkpt lat="49.526259" lon="18.782857">
				<ele>692.000000</ele>
			</trkpt>
			<trkpt lat="49.526399" lon="18.782784">
				<ele>694.000000</ele>
			</trkpt>
			<trkpt lat="49.526464" lon="18.782775">
				<ele>695.000000</ele>
			</trkpt>
			<trkpt lat="49.526516" lon="18.782784">
				<ele>695.000000</ele>
			</trkpt>
			<trkpt lat="49.526563" lon="18.782784">
				<ele>695.000000</ele>
			</trkpt>
			<trkpt lat="49.526615" lon="18.782820">
				<ele>695.000000</ele>
			</trkpt>
			<trkpt lat="49.526668" lon="18.782847">
				<ele>695.000000</ele>
			</trkpt>
			<trkpt lat="49.526720" lon="18.782910">
				<ele>694.000000</ele>
			</trkpt>
			<trkpt lat="49.526831" lon="18.783044">
				<ele>694.000000</ele>
			</trkpt>
			<trkpt lat="49.526918" lon="18.783170">
				<ele>694.000000</ele>
			</trkpt>
			<trkpt lat="49.527210" lon="18.783638">
				<ele>693.000000</ele>
			</trkpt>
			<trkpt lat="49.527303" lon="18.783773">
				<ele>693.000000</ele>
			</trkpt>
			<trkpt lat="49.527409" lon="18.783907">
				<ele>692.000000</ele>
			</trkpt>
			<trkpt lat="49.527600" lon="18.784060">
				<ele>692.000000</ele>
			</trkpt>
			<trkpt lat="49.527671" lon="18.784132">
				<ele>692.000000</ele>
			</trkpt>
			<trkpt lat="49.527747" lon="18.784231">
				<ele>691.000000</ele>
			</trkpt>
			<trkpt lat="49.527805" lon="18.784348">
				<ele>691.000000</ele>
			</trkpt>
			<trkpt lat="49.527840" lon="18.784465">
				<ele>691.000000</ele>
			</trkpt>
			<trkpt lat="49.527851" lon="18.784599">
				<ele>691.000000</ele>
			</trkpt>
			<trkpt lat="49.527869" lon="18.784868">
				<ele>690.000000</ele>
			</trkpt>
			<trkpt lat="49.527892" lon="18.784949">
				<ele>690.000000</ele>
			</trkpt>
			<trkpt lat="49.527927" lon="18.785048">
				<ele>690.000000</ele>
			</trkpt>
			<trkpt lat="49.528044" lon="18.785344">
				<ele>690.000000</ele>
			</trkpt>
			<trkpt lat="49.528172" lon="18.785757">
				<ele>690.000000</ele>
			</trkpt>
			<trkpt lat="49.528213" lon="18.785857">
				<ele>690.000000</ele>
			</trkpt>
			<trkpt lat="49.528266" lon="18.785964">
				<ele>690.000000</ele>
			</trkpt>
			<trkpt lat="49.528428" lon="18.786207">
				<ele>690.000000</ele>
			</trkpt>
			<trkpt lat="49.528522" lon="18.786342">
				<ele>690.000000</ele>
			</trkpt>
			<trkpt lat="49.528610" lon="18.786432">
				<ele>690.000000</ele>
			</trkpt>
			<trkpt lat="49.528965" lon="18.786765">
				<ele>692.000000</ele>
			</trkpt>
			<trkpt lat="49.529501" lon="18.787186">
				<ele>697.000000</ele>
			</trkpt>
			<trkpt lat="49.529641" lon="18.787294">
				<ele>699.000000</ele>
			</trkpt>
			<trkpt lat="49.529880" lon="18.787662">
				<ele>704.000000</ele>
			</trkpt>
			<trkpt lat="49.530026" lon="18.787923">
				<ele>706.000000</ele>
			</trkpt>
			<trkpt lat="49.530096" lon="18.788048">
				<ele>707.000000</ele>
			</trkpt>
			<trkpt lat="49.530143" lon="18.788193">
				<ele>707.000000</ele>
			</trkpt>
			<trkpt lat="49.530195" lon="18.788344">
				<ele>708.000000</ele>
			</trkpt>
			<trkpt lat="49.530248" lon="18.788534">
				<ele>709.000000</ele>
			</trkpt>
			<trkpt lat="49.530317" lon="18.788884">
				<ele>710.000000</ele>
			</trkpt>
			<trkpt lat="49.530411" lon="18.789172">
				<ele>711.000000</ele>
			</trkpt>
			<trkpt lat="49.530504" lon="18.789369">
				<ele>713.000000</ele>
			</trkpt>
			<trkpt lat="49.530598" lon="18.789539">
				<ele>714.000000</ele>
			</trkpt>
			<trkpt lat="49.530656" lon="18.789629">
				<ele>714.000000</ele>
			</trkpt>
			<trkpt lat="49.530708" lon="18.789702">
				<ele>715.000000</ele>
			</trkpt>
			<trkpt lat="49.530755" lon="18.789818">
				<ele>715.000000</ele>
			</trkpt>
			<trkpt lat="49.530773" lon="18.789863">
				<ele>716.000000</ele>
			</trkpt>
			<trkpt lat="49.530819" lon="18.789918">
				<ele>716.000000</ele>
			</trkpt>
			<trkpt lat="49.530994" lon="18.790195">
				<ele>720.000000</ele>
			</trkpt>
			<trkpt lat="49.531029" lon="18.790249">
				<ele>720.000000</ele>
			</trkpt>
			<trkpt lat="49.531082" lon="18.790294">
				<ele>721.000000</ele>
			</trkpt>
			<trkpt lat="49.531152" lon="18.790348">
				<ele>722.000000</ele>
			</trkpt>
			<trkpt lat="49.531251" lon="18.790420">
				<ele>723.000000</ele>
			</trkpt>
			<trkpt lat="49.531327" lon="18.790528">
				<ele>724.000000</ele>
			</trkpt>
			<trkpt lat="49.531414" lon="18.790671">
				<ele>725.000000</ele>
			</trkpt>
			<trkpt lat="49.531455" lon="18.790770">
				<ele>726.000000</ele>
			</trkpt>
			<trkpt lat="49.531496" lon="18.790851">
				<ele>728.000000</ele>
			</trkpt>
			<trkpt lat="49.531530" lon="18.790986">
				<ele>730.000000</ele>
			</trkpt>
			<trkpt lat="49.531559" lon="18.791094">
				<ele>732.000000</ele>
			</trkpt>
			<trkpt lat="49.531600" lon="18.791220">
				<ele>734.000000</ele>
			</trkpt>
			<trkpt lat="49.531659" lon="18.791354">
				<ele>735.000000</ele>
			</trkpt>
			<trkpt lat="49.531682" lon="18.791436">
				<ele>735.000000</ele>
			</trkpt>
			<trkpt lat="49.531699" lon="18.791516">
				<ele>736.000000</ele>
			</trkpt>
			<trkpt lat="49.531699" lon="18.791615">
				<ele>736.000000</ele>
			</trkpt>
			<trkpt lat="49.531630" lon="18.791696">
				<ele>736.000000</ele>
			</trkpt>
			<trkpt lat="49.531565" lon="18.791776">
				<ele>737.000000</ele>
			</trkpt>
			<trkpt lat="49.531507" lon="18.791876">
				<ele>737.000000</ele>
			</trkpt>
			<trkpt lat="49.531373" lon="18.792126">
				<ele>738.000000</ele>
			</trkpt>
			<trkpt lat="49.531297" lon="18.792252">
				<ele>738.000000</ele>
			</trkpt>
			<trkpt lat="49.531158" lon="18.792478">
				<ele>739.000000</ele>
			</trkpt>
			<trkpt lat="49.531011" lon="18.792755">
				<ele>740.000000</ele>
			</trkpt>
			<trkpt lat="49.530866" lon="18.793070">
				<ele>737.000000</ele>
			</trkpt>
			<trkpt lat="49.530680" lon="18.793528">
				<ele>736.000000</ele>
			</trkpt>
			<trkpt lat="49.530539" lon="18.793906">
				<ele>738.000000</ele>
			</trkpt>
			<trkpt lat="49.530423" lon="18.794256">
				<ele>740.000000</ele>
			</trkpt>
			<trkpt lat="49.530341" lon="18.794570">
				<ele>740.000000</ele>
			</trkpt>
			<trkpt lat="49.530277" lon="18.794839">
				<ele>740.000000</ele>
			</trkpt>
			<trkpt lat="49.530254" lon="18.794965">
				<ele>740.000000</ele>
			</trkpt>
			<trkpt lat="49.530219" lon="18.795065">
				<ele>740.000000</ele>
			</trkpt>
			<trkpt lat="49.530108" lon="18.795334">
				<ele>740.000000</ele>
			</trkpt>
			<trkpt lat="49.530067" lon="18.795442">
				<ele>741.000000</ele>
			</trkpt>
			<trkpt lat="49.530026" lon="18.795594">
				<ele>742.000000</ele>
			</trkpt>
			<trkpt lat="49.529951" lon="18.795963">
				<ele>744.000000</ele>
			</trkpt>
			<trkpt lat="49.529921" lon="18.796143">
				<ele>745.000000</ele>
			</trkpt>
			<trkpt lat="49.529886" lon="18.796277">
				<ele>745.000000</ele>
			</trkpt>
			<trkpt lat="49.529758" lon="18.796663">
				<ele>745.000000</ele>
			</trkpt>
			<trkpt lat="49.529688" lon="18.796826">
				<ele>746.000000</ele>
			</trkpt>
			<trkpt lat="49.529531" lon="18.797113">
				<ele>748.000000</ele>
			</trkpt>
			<trkpt lat="49.529473" lon="18.797220">
				<ele>749.000000</ele>
			</trkpt>
			<trkpt lat="49.529432" lon="18.797373">
				<ele>750.000000</ele>
			</trkpt>
			<trkpt lat="49.529408" lon="18.797455">
				<ele>750.000000</ele>
			</trkpt>
			<trkpt lat="49.529408" lon="18.797552">
				<ele>752.000000</ele>
			</trkpt>
			<trkpt lat="49.529391" lon="18.797965">
				<ele>756.000000</ele>
			</trkpt>
			<trkpt lat="49.529356" lon="18.798200">
				<ele>759.000000</ele>
			</trkpt>
			<trkpt lat="49.529332" lon="18.798344">
				<ele>760.000000</ele>
			</trkpt>
			<trkpt lat="49.529332" lon="18.798487">
				<ele>762.000000</ele>
			</trkpt>
			<trkpt lat="49.529326" lon="18.798604">
				<ele>763.000000</ele>
			</trkpt>
			<trkpt lat="49.529338" lon="18.798774">
				<ele>764.000000</ele>
			</trkpt>
			<trkpt lat="49.529350" lon="18.798918">
				<ele>766.000000</ele>
			</trkpt>
			<trkpt lat="49.529373" lon="18.799026">
				<ele>767.000000</ele>
			</trkpt>
			<trkpt lat="49.529478" lon="18.799403">
				<ele>770.000000</ele>
			</trkpt>
			<trkpt lat="49.529519" lon="18.799600">
				<ele>772.000000</ele>
			</trkpt>
			<trkpt lat="49.529566" lon="18.799826">
				<ele>773.000000</ele>
			</trkpt>
			<trkpt lat="49.529589" lon="18.799925">
				<ele>774.000000</ele>
			</trkpt>
			<trkpt lat="49.529641" lon="18.800042">
				<ele>775.000000</ele>
			</trkpt>
			<trkpt lat="49.529648" lon="18.800068">
				<ele>775.000000</ele>
			</trkpt>
			<trkpt lat="49.529688" lon="18.800185">
				<ele>775.000000</ele>
			</trkpt>
			<trkpt lat="49.529723" lon="18.800302">
				<ele>776.000000</ele>
			</trkpt>
			<trkpt lat="49.529735" lon="18.800409">
				<ele>776.000000</ele>
			</trkpt>
			<trkpt lat="49.529741" lon="18.800518">
				<ele>776.000000</ele>
			</trkpt>
			<trkpt lat="49.529735" lon="18.800715">
				<ele>777.000000</ele>
			</trkpt>
			<trkpt lat="49.529723" lon="18.801227">
				<ele>779.000000</ele>
			</trkpt>
			<trkpt lat="49.529688" lon="18.801631">
				<ele>780.000000</ele>
			</trkpt>
			<trkpt lat="49.529648" lon="18.801919">
				<ele>780.000000</ele>
			</trkpt>
			<trkpt lat="49.529589" lon="18.802296">
				<ele>780.000000</ele>
			</trkpt>
			<trkpt lat="49.529542" lon="18.802619">
				<ele>780.000000</ele>
			</trkpt>
			<trkpt lat="49.529542" lon="18.802718">
				<ele>780.000000</ele>
			</trkpt>
			<trkpt lat="49.529536" lon="18.802799">
				<ele>779.000000</ele>
			</trkpt>
			<trkpt lat="49.529554" lon="18.802871">
				<ele>779.000000</ele>
			</trkpt>
			<trkpt lat="49.529577" lon="18.802952">
				<ele>779.000000</ele>
			</trkpt>
			<trkpt lat="49.529601" lon="18.803024">
				<ele>778.000000</ele>
			</trkpt>
			<trkpt lat="49.529648" lon="18.803095">
				<ele>778.000000</ele>
			</trkpt>
			<trkpt lat="49.529700" lon="18.803158">
				<ele>777.000000</ele>
			</trkpt>
			<trkpt lat="49.529752" lon="18.803203">
				<ele>777.000000</ele>
			</trkpt>
			<trkpt lat="49.530470" lon="18.803760">
				<ele>764.000000</ele>
			</trkpt>
			<trkpt lat="49.530732" lon="18.803958">
				<ele>762.000000</ele>
			</trkpt>
			<trkpt lat="49.530866" lon="18.804066">
				<ele>761.000000</ele>
			</trkpt>
			<trkpt lat="49.530971" lon="18.804183">
				<ele>760.000000</ele>
			</trkpt>
			<trkpt lat="49.531058" lon="18.804281">
				<ele>760.000000</ele>
			</trkpt>
			<trkpt lat="49.531169" lon="18.804443">
				<ele>759.000000</ele>
			</trkpt>
			<trkpt lat="49.531361" lon="18.804749">
				<ele>756.000000</ele>
			</trkpt>
			<trkpt lat="49.531484" lon="18.804937">
				<ele>755.000000</ele>
			</trkpt>
			<trkpt lat="49.531571" lon="18.805089">
				<ele>755.000000</ele>
			</trkpt>
			<trkpt lat="49.531659" lon="18.805315">
				<ele>755.000000</ele>
			</trkpt>
			<trkpt lat="49.531944" lon="18.806051">
				<ele>754.000000</ele>
			</trkpt>
			<trkpt lat="49.532043" lon="18.806284">
				<ele>754.000000</ele>
			</trkpt>
			<trkpt lat="49.532160" lon="18.806545">
				<ele>753.000000</ele>
			</trkpt>
			<trkpt lat="49.532329" lon="18.806814">
				<ele>753.000000</ele>
			</trkpt>
			<trkpt lat="49.532656" lon="18.807317">
				<ele>752.000000</ele>
			</trkpt>
			<trkpt lat="49.532801" lon="18.807560">
				<ele>752.000000</ele>
			</trkpt>
			<trkpt lat="49.533023" lon="18.807937">
				<ele>751.000000</ele>
			</trkpt>
			<trkpt lat="49.533192" lon="18.808252">
				<ele>751.000000</ele>
			</trkpt>
			<trkpt lat="49.533338" lon="18.808558">
				<ele>751.000000</ele>
			</trkpt>
			<trkpt lat="49.533443" lon="18.808827">
				<ele>750.000000</ele>
			</trkpt>
			<trkpt lat="49.533542" lon="18.809097">
				<ele>750.000000</ele>
			</trkpt>
			<trkpt lat="49.533629" lon="18.809410">
				<ele>748.000000</ele>
			</trkpt>
			<trkpt lat="49.533716" lon="18.809743">
				<ele>747.000000</ele>
			</trkpt>
			<trkpt lat="49.533781" lon="18.810057">
				<ele>745.000000</ele>
			</trkpt>
			<trkpt lat="49.533810" lon="18.810219">
				<ele>745.000000</ele>
			</trkpt>
			<trkpt lat="49.533833" lon="18.810336">
				<ele>745.000000</ele>
			</trkpt>
			<trkpt lat="49.533874" lon="18.810462">
				<ele>744.000000</ele>
			</trkpt>
			<trkpt lat="49.533932" lon="18.810596">
				<ele>744.000000</ele>
			</trkpt>
			<trkpt lat="49.534020" lon="18.810766">
				<ele>744.000000</ele>
			</trkpt>
			<trkpt lat="49.534060" lon="18.810919">
				<ele>744.000000</ele>
			</trkpt>
			<trkpt lat="49.534079" lon="18.811171">
				<ele>743.000000</ele>
			</trkpt>
			<trkpt lat="49.534195" lon="18.812240">
				<ele>742.000000</ele>
			</trkpt>
			<trkpt lat="49.534213" lon="18.812537">
				<ele>741.000000</ele>
			</trkpt>
			<trkpt lat="49.534218" lon="18.812824">
				<ele>741.000000</ele>
			</trkpt>
			<trkpt lat="49.534230" lon="18.813848">
				<ele>739.000000</ele>
			</trkpt>
			<trkpt lat="49.534259" lon="18.814181">
				<ele>739.000000</ele>
			</trkpt>
			<trkpt lat="49.534282" lon="18.814477">
				<ele>738.000000</ele>
			</trkpt>
			<trkpt lat="49.534270" lon="18.814783">
				<ele>738.000000</ele>
			</trkpt>
			<trkpt lat="49.534248" lon="18.815024">
				<ele>737.000000</ele>
			</trkpt>
			<trkpt lat="49.534213" lon="18.815276">
				<ele>737.000000</ele>
			</trkpt>
			<trkpt lat="49.534195" lon="18.815483">
				<ele>737.000000</ele>
			</trkpt>
			<trkpt lat="49.534189" lon="18.815690">
				<ele>736.000000</ele>
			</trkpt>
			<trkpt lat="49.534201" lon="18.815932">
				<ele>736.000000</ele>
			</trkpt>
			<trkpt lat="49.534195" lon="18.816103">
				<ele>736.000000</ele>
			</trkpt>
			<trkpt lat="49.534172" lon="18.816255">
				<ele>736.000000</ele>
			</trkpt>
			<trkpt lat="49.534131" lon="18.816372">
				<ele>735.000000</ele>
			</trkpt>
			<trkpt lat="49.533991" lon="18.816695">
				<ele>734.000000</ele>
			</trkpt>
			<trkpt lat="49.533944" lon="18.816867">
				<ele>733.000000</ele>
			</trkpt>
			<trkpt lat="49.533909" lon="18.817064">
				<ele>732.000000</ele>
			</trkpt>
			<trkpt lat="49.533833" lon="18.817703">
				<ele>729.000000</ele>
			</trkpt>
			<trkpt lat="49.533810" lon="18.817827">
				<ele>728.000000</ele>
			</trkpt>
			<trkpt lat="49.533769" lon="18.817963">
				<ele>728.000000</ele>
			</trkpt>
			<trkpt lat="49.533670" lon="18.818240">
				<ele>726.000000</ele>
			</trkpt>
			<trkpt lat="49.533612" lon="18.818448">
				<ele>725.000000</ele>
			</trkpt>
			<trkpt lat="49.533588" lon="18.818628">
				<ele>724.000000</ele>
			</trkpt>
			<trkpt lat="49.533594" lon="18.818753">
				<ele>723.000000</ele>
			</trkpt>
			<trkpt lat="49.533618" lon="18.818879">
				<ele>722.000000</ele>
			</trkpt>
			<trkpt lat="49.533659" lon="18.818986">
				<ele>721.000000</ele>
			</trkpt>
			<trkpt lat="49.533722" lon="18.819121">
				<ele>720.000000</ele>
			</trkpt>
			<trkpt lat="49.533793" lon="18.819238">
				<ele>718.000000</ele>
			</trkpt>
			<trkpt lat="49.533845" lon="18.819345">
				<ele>717.000000</ele>
			</trkpt>
			<trkpt lat="49.533886" lon="18.819462">
				<ele>715.000000</ele>
			</trkpt>
			<trkpt lat="49.533915" lon="18.819588">
				<ele>714.000000</ele>
			</trkpt>
			<trkpt lat="49.533932" lon="18.819705">
				<ele>712.000000</ele>
			</trkpt>
			<trkpt lat="49.533944" lon="18.819840">
				<ele>711.000000</ele>
			</trkpt>
			<trkpt lat="49.533956" lon="18.820370">
				<ele>703.000000</ele>
			</trkpt>
			<trkpt lat="49.533956" lon="18.820649">
				<ele>698.000000</ele>
			</trkpt>
			<trkpt lat="49.533944" lon="18.820855">
				<ele>695.000000</ele>
			</trkpt>
			<trkpt lat="49.533944" lon="18.820919">
				<ele>694.000000</ele>
			</trkpt>
			<trkpt lat="49.533944" lon="18.820972">
				<ele>693.000000</ele>
			</trkpt>
			<trkpt lat="49.533979" lon="18.821133">
				<ele>691.000000</ele>
			</trkpt>
			<trkpt lat="49.534014" lon="18.821286">
				<ele>688.000000</ele>
			</trkpt>
			<trkpt lat="49.534026" lon="18.821421">
				<ele>686.000000</ele>
			</trkpt>
			<trkpt lat="49.534020" lon="18.821546">
				<ele>685.000000</ele>
			</trkpt>
			<trkpt lat="49.533979" lon="18.821682">
				<ele>683.000000</ele>
			</trkpt>
			<trkpt lat="49.533822" lon="18.822158">
				<ele>678.000000</ele>
			</trkpt>
			<trkpt lat="49.533793" lon="18.822265">
				<ele>676.000000</ele>
			</trkpt>
			<trkpt lat="49.533787" lon="18.822347">
				<ele>675.000000</ele>
			</trkpt>
			<trkpt lat="49.533793" lon="18.822481">
				<ele>674.000000</ele>
			</trkpt>
			<trkpt lat="49.533816" lon="18.822607">
				<ele>673.000000</ele>
			</trkpt>
			<trkpt lat="49.533851" lon="18.822724">
				<ele>672.000000</ele>
			</trkpt>
			<trkpt lat="49.533967" lon="18.823137">
				<ele>669.000000</ele>
			</trkpt>
			<trkpt lat="49.534096" lon="18.823460">
				<ele>666.000000</ele>
			</trkpt>
			<trkpt lat="49.534521" lon="18.824672">
				<ele>660.000000</ele>
			</trkpt>
			<trkpt lat="49.534597" lon="18.824871">
				<ele>659.000000</ele>
			</trkpt>
			<trkpt lat="49.534650" lon="18.825087">
				<ele>658.000000</ele>
			</trkpt>
			<trkpt lat="49.534702" lon="18.825266">
				<ele>658.000000</ele>
			</trkpt>
			<trkpt lat="49.534737" lon="18.825464">
				<ele>657.000000</ele>
			</trkpt>
			<trkpt lat="49.534760" lon="18.825661">
				<ele>657.000000</ele>
			</trkpt>
			<trkpt lat="49.534789" lon="18.825877">
				<ele>656.000000</ele>
			</trkpt>
			<trkpt lat="49.534807" lon="18.826398">
				<ele>655.000000</ele>
			</trkpt>
			<trkpt lat="49.534801" lon="18.826605">
				<ele>654.000000</ele>
			</trkpt>
			<trkpt lat="49.534784" lon="18.826811">
				<ele>654.000000</ele>
			</trkpt>
			<trkpt lat="49.534754" lon="18.827098">
				<ele>654.000000</ele>
			</trkpt>
			<trkpt lat="49.534714" lon="18.827341">
				<ele>654.000000</ele>
			</trkpt>
			<trkpt lat="49.534661" lon="18.827601">
				<ele>653.000000</ele>
			</trkpt>
			<trkpt lat="49.534655" lon="18.827682">
				<ele>653.000000</ele>
			</trkpt>
			<trkpt lat="49.534661" lon="18.827763">
				<ele>653.000000</ele>
			</trkpt>
			<trkpt lat="49.534690" lon="18.828221">
				<ele>652.000000</ele>
			</trkpt>
			<trkpt lat="49.534720" lon="18.828392">
				<ele>652.000000</ele>
			</trkpt>
			<trkpt lat="49.534754" lon="18.828544">
				<ele>652.000000</ele>
			</trkpt>
			<trkpt lat="49.535046" lon="18.829748">
				<ele>650.000000</ele>
			</trkpt>
			<trkpt lat="49.535092" lon="18.829928">
				<ele>650.000000</ele>
			</trkpt>
			<trkpt lat="49.535157" lon="18.830234">
				<ele>650.000000</ele>
			</trkpt>
			<trkpt lat="49.535168" lon="18.830360">
				<ele>650.000000</ele>
			</trkpt>
			<trkpt lat="49.535180" lon="18.830574">
				<ele>650.000000</ele>
			</trkpt>
			<trkpt lat="49.535192" lon="18.830737">
				<ele>651.000000</ele>
			</trkpt>
			<trkpt lat="49.535180" lon="18.830890">
				<ele>652.000000</ele>
			</trkpt>
			<trkpt lat="49.535163" lon="18.831069">
				<ele>653.000000</ele>
			</trkpt>
			<trkpt lat="49.535133" lon="18.831257">
				<ele>655.000000</ele>
			</trkpt>
			<trkpt lat="49.535128" lon="18.831383">
				<ele>656.000000</ele>
			</trkpt>
			<trkpt lat="49.535133" lon="18.831509">
				<ele>657.000000</ele>
			</trkpt>
			<trkpt lat="49.535145" lon="18.831643">
				<ele>659.000000</ele>
			</trkpt>
			<trkpt lat="49.535180" lon="18.831869">
				<ele>661.000000</ele>
			</trkpt>
			<trkpt lat="49.535186" lon="18.832048">
				<ele>663.000000</ele>
			</trkpt>
			<trkpt lat="49.535174" lon="18.832219">
				<ele>664.000000</ele>
			</trkpt>
			<trkpt lat="49.535128" lon="18.832444">
				<ele>665.000000</ele>
			</trkpt>
			<trkpt lat="49.535116" lon="18.832587">
				<ele>665.000000</ele>
			</trkpt>
			<trkpt lat="49.535110" lon="18.832722">
				<ele>665.000000</ele>
			</trkpt>
			<trkpt lat="49.535116" lon="18.832857">
				<ele>665.000000</ele>
			</trkpt>
			<trkpt lat="49.535180" lon="18.833377">
				<ele>665.000000</ele>
			</trkpt>
			<trkpt lat="49.535180" lon="18.833540">
				<ele>665.000000</ele>
			</trkpt>
			<trkpt lat="49.535186" lon="18.833719">
				<ele>665.000000</ele>
			</trkpt>
			<trkpt lat="49.535145" lon="18.834842">
				<ele>665.000000</ele>
			</trkpt>
			<trkpt lat="49.535151" lon="18.835022">
				<ele>665.000000</ele>
			</trkpt>
			<trkpt lat="49.535163" lon="18.835398">
				<ele>665.000000</ele>
			</trkpt>
			<trkpt lat="49.535157" lon="18.835588">
				<ele>665.000000</ele>
			</trkpt>
			<trkpt lat="49.535145" lon="18.835920">
				<ele>665.000000</ele>
			</trkpt>
			<trkpt lat="49.535133" lon="18.836108">
				<ele>665.000000</ele>
			</trkpt>
			<trkpt lat="49.535098" lon="18.836270">
				<ele>665.000000</ele>
			</trkpt>
			<trkpt lat="49.535046" lon="18.836467">
				<ele>665.000000</ele>
			</trkpt>
			<trkpt lat="49.535023" lon="18.836683">
				<ele>665.000000</ele>
			</trkpt>
			<trkpt lat="49.534976" lon="18.837043">
				<ele>665.000000</ele>
			</trkpt>
			<trkpt lat="49.534953" lon="18.837123">
				<ele>665.000000</ele>
			</trkpt>
			<trkpt lat="49.534953" lon="18.837205">
				<ele>665.000000</ele>
			</trkpt>
			<trkpt lat="49.534976" lon="18.837482">
				<ele>665.000000</ele>
			</trkpt>
			<trkpt lat="49.534994" lon="18.837662">
				<ele>665.000000</ele>
			</trkpt>
			<trkpt lat="49.534982" lon="18.837869">
				<ele>665.000000</ele>
			</trkpt>
			<trkpt lat="49.534976" lon="18.838075">
				<ele>665.000000</ele>
			</trkpt>
			<trkpt lat="49.534970" lon="18.838282">
				<ele>665.000000</ele>
			</trkpt>
			<trkpt lat="49.534999" lon="18.838840">
				<ele>665.000000</ele>
			</trkpt>
			<trkpt lat="49.534999" lon="18.838974">
				<ele>665.000000</ele>
			</trkpt>
			<trkpt lat="49.534988" lon="18.839109">
				<ele>665.000000</ele>
			</trkpt>
			<trkpt lat="49.534976" lon="18.839253">
				<ele>665.000000</ele>
			</trkpt>
			<trkpt lat="49.534929" lon="18.839423">
				<ele>665.000000</ele>
			</trkpt>
			<trkpt lat="49.534807" lon="18.839926">
				<ele>666.000000</ele>
			</trkpt>
			<trkpt lat="49.534731" lon="18.840312">
				<ele>668.000000</ele>
			</trkpt>
			<trkpt lat="49.534714" lon="18.840366">
				<ele>668.000000</ele>
			</trkpt>
			<trkpt lat="49.534673" lon="18.840429">
				<ele>668.000000</ele>
			</trkpt>
			<trkpt lat="49.534609" lon="18.840511">
				<ele>669.000000</ele>
			</trkpt>
			<trkpt lat="49.534504" lon="18.840601">
				<ele>670.000000</ele>
			</trkpt>
			<trkpt lat="49.534480" lon="18.840761">
				<ele>670.000000</ele>
			</trkpt>
			<trkpt lat="49.534480" lon="18.840897">
				<ele>670.000000</ele>
			</trkpt>
			<trkpt lat="49.534504" lon="18.841022">
				<ele>670.000000</ele>
			</trkpt>
			<trkpt lat="49.534592" lon="18.841498">
				<ele>670.000000</ele>
			</trkpt>
			<trkpt lat="49.534632" lon="18.841616">
				<ele>670.000000</ele>
			</trkpt>
			<trkpt lat="49.534673" lon="18.841732">
				<ele>670.000000</ele>
			</trkpt>
			<trkpt lat="49.534726" lon="18.841813">
				<ele>670.000000</ele>
			</trkpt>
			<trkpt lat="49.534830" lon="18.841974">
				<ele>670.000000</ele>
			</trkpt>
			<trkpt lat="49.534900" lon="18.842092">
				<ele>670.000000</ele>
			</trkpt>
			<trkpt lat="49.534958" lon="18.842226">
				<ele>670.000000</ele>
			</trkpt>
			<trkpt lat="49.534999" lon="18.842352">
				<ele>670.000000</ele>
			</trkpt>
			<trkpt lat="49.535070" lon="18.842622">
				<ele>671.000000</ele>
			</trkpt>
			<trkpt lat="49.535297" lon="18.843385">
				<ele>674.000000</ele>
			</trkpt>
			<trkpt lat="49.535408" lon="18.843807">
				<ele>675.000000</ele>
			</trkpt>
			<trkpt lat="49.535448" lon="18.843960">
				<ele>675.000000</ele>
			</trkpt>
			<trkpt lat="49.535489" lon="18.844086">
				<ele>675.000000</ele>
			</trkpt>
			<trkpt lat="49.535658" lon="18.844444">
				<ele>674.000000</ele>
			</trkpt>
			<trkpt lat="49.535681" lon="18.844507">
				<ele>674.000000</ele>
			</trkpt>
			<trkpt lat="49.535792" lon="18.844750">
				<ele>672.000000</ele>
			</trkpt>
			<trkpt lat="49.536037" lon="18.845235">
				<ele>669.000000</ele>
			</trkpt>
			<trkpt lat="49.536159" lon="18.845522">
				<ele>667.000000</ele>
			</trkpt>
			<trkpt lat="49.536212" lon="18.845622">
				<ele>666.000000</ele>
			</trkpt>
			<trkpt lat="49.536252" lon="18.845694">
				<ele>666.000000</ele>
			</trkpt>
			<trkpt lat="49.536305" lon="18.845756">
				<ele>665.000000</ele>
			</trkpt>
			<trkpt lat="49.536416" lon="18.845864">
				<ele>663.000000</ele>
			</trkpt>
			<trkpt lat="49.536672" lon="18.846142">
				<ele>659.000000</ele>
			</trkpt>
			<trkpt lat="49.536766" lon="18.846232">
				<ele>657.000000</ele>
			</trkpt>
			<trkpt lat="49.536953" lon="18.846331">
				<ele>655.000000</ele>
			</trkpt>
			<trkpt lat="49.537040" lon="18.846394">
				<ele>653.000000</ele>
			</trkpt>
			<trkpt lat="49.537115" lon="18.846484">
				<ele>652.000000</ele>
			</trkpt>
			<trkpt lat="49.537185" lon="18.846574">
				<ele>651.000000</ele>
			</trkpt>
			<trkpt lat="49.537226" lon="18.846673">
				<ele>650.000000</ele>
			</trkpt>
			<trkpt lat="49.537343" lon="18.846943">
				<ele>646.000000</ele>
			</trkpt>
			<trkpt lat="49.537506" lon="18.847247">
				<ele>642.000000</ele>
			</trkpt>
			<trkpt lat="49.537844" lon="18.847822">
				<ele>634.000000</ele>
			</trkpt>
			<trkpt lat="49.537990" lon="18.848083">
				<ele>630.000000</ele>
			</trkpt>
			<trkpt lat="49.538042" lon="18.848164">
				<ele>628.000000</ele>
			</trkpt>
			<trkpt lat="49.538095" lon="18.848218">
				<ele>627.000000</ele>
			</trkpt>
			<trkpt lat="49.538194" lon="18.848281">
				<ele>626.000000</ele>
			</trkpt>
			<trkpt lat="49.538375" lon="18.848398">
				<ele>623.000000</ele>
			</trkpt>
			<trkpt lat="49.538491" lon="18.848496">
				<ele>622.000000</ele>
			</trkpt>
			<trkpt lat="49.538526" lon="18.848532">
				<ele>621.000000</ele>
			</trkpt>
			<trkpt lat="49.538561" lon="18.848551">
				<ele>621.000000</ele>
			</trkpt>
			<trkpt lat="49.538713" lon="18.848559">
				<ele>620.000000</ele>
			</trkpt>
			<trkpt lat="49.538748" lon="18.848559">
				<ele>619.000000</ele>
			</trkpt>
			<trkpt lat="49.538777" lon="18.848551">
				<ele>619.000000</ele>
			</trkpt>
			<trkpt lat="49.538812" lon="18.848514">
				<ele>619.000000</ele>
			</trkpt>
			<trkpt lat="49.538859" lon="18.848442">
				<ele>618.000000</ele>
			</trkpt>
			<trkpt lat="49.538929" lon="18.848325">
				<ele>618.000000</ele>
			</trkpt>
			<trkpt lat="49.538964" lon="18.848262">
				<ele>617.000000</ele>
			</trkpt>
			<trkpt lat="49.539010" lon="18.848209">
				<ele>617.000000</ele>
			</trkpt>
			<trkpt lat="49.539162" lon="18.848065">
				<ele>616.000000</ele>
			</trkpt>
			<trkpt lat="49.539301" lon="18.847966">
				<ele>615.000000</ele>
			</trkpt>
			<trkpt lat="49.539453" lon="18.847885">
				<ele>615.000000</ele>
			</trkpt>
			<trkpt lat="49.539658" lon="18.847832">
				<ele>615.000000</ele>
			</trkpt>
			<trkpt lat="49.539745" lon="18.847796">
				<ele>615.000000</ele>
			</trkpt>
			<trkpt lat="49.539827" lon="18.847805">
				<ele>615.000000</ele>
			</trkpt>
			<trkpt lat="49.539896" lon="18.847822">
				<ele>615.000000</ele>
			</trkpt>
			<trkpt lat="49.539961" lon="18.847885">
				<ele>615.000000</ele>
			</trkpt>
			<trkpt lat="49.540106" lon="18.848048">
				<ele>615.000000</ele>
			</trkpt>
			<trkpt lat="49.540415" lon="18.848461">
				<ele>614.000000</ele>
			</trkpt>
			<trkpt lat="49.540468" lon="18.848514">
				<ele>614.000000</ele>
			</trkpt>
			<trkpt lat="49.540496" lon="18.848585">
				<ele>613.000000</ele>
			</trkpt>
			<trkpt lat="49.540520" lon="18.848675">
				<ele>613.000000</ele>
			</trkpt>
			<trkpt lat="49.540526" lon="18.848784">
				<ele>613.000000</ele>
			</trkpt>
			<trkpt lat="49.540549" lon="18.849143">
				<ele>612.000000</ele>
			</trkpt>
			<trkpt lat="49.540608" lon="18.849574">
				<ele>611.000000</ele>
			</trkpt>
			<trkpt lat="49.540671" lon="18.849996">
				<ele>610.000000</ele>
			</trkpt>
			<trkpt lat="49.540736" lon="18.850310">
				<ele>608.000000</ele>
			</trkpt>
			<trkpt lat="49.540806" lon="18.850608">
				<ele>606.000000</ele>
			</trkpt>
			<trkpt lat="49.540916" lon="18.850975">
				<ele>604.000000</ele>
			</trkpt>
			<trkpt lat="49.541039" lon="18.851398">
				<ele>602.000000</ele>
			</trkpt>
			<trkpt lat="49.541109" lon="18.851704">
				<ele>600.000000</ele>
			</trkpt>
			<trkpt lat="49.541150" lon="18.851864">
				<ele>599.000000</ele>
			</trkpt>
			<trkpt lat="49.541190" lon="18.852017">
				<ele>598.000000</ele>
			</trkpt>
			<trkpt lat="49.541255" lon="18.852161">
				<ele>596.000000</ele>
			</trkpt>
			<trkpt lat="49.541622" lon="18.852862">
				<ele>590.000000</ele>
			</trkpt>
			<trkpt lat="49.541645" lon="18.852898">
				<ele>590.000000</ele>
			</trkpt>
			<trkpt lat="49.541680" lon="18.852925">
				<ele>590.000000</ele>
			</trkpt>
			<trkpt lat="49.541715" lon="18.852943">
				<ele>589.000000</ele>
			</trkpt>
			<trkpt lat="49.541744" lon="18.852943">
				<ele>589.000000</ele>
			</trkpt>
			<trkpt lat="49.541791" lon="18.852925">
				<ele>589.000000</ele>
			</trkpt>
			<trkpt lat="49.541825" lon="18.852872">
				<ele>589.000000</ele>
			</trkpt>
			<trkpt lat="49.541977" lon="18.852593">
				<ele>588.000000</ele>
			</trkpt>
			<trkpt lat="49.542327" lon="18.851964">
				<ele>585.000000</ele>
			</trkpt>
			<trkpt lat="49.542479" lon="18.851658">
				<ele>584.000000</ele>
			</trkpt>
			<trkpt lat="49.542566" lon="18.851532">
				<ele>583.000000</ele>
			</trkpt>
			<trkpt lat="49.542660" lon="18.851388">
				<ele>583.000000</ele>
			</trkpt>
			<trkpt lat="49.542770" lon="18.851254">
				<ele>582.000000</ele>
			</trkpt>
			<trkpt lat="49.542846" lon="18.851182">
				<ele>582.000000</ele>
			</trkpt>
			<trkpt lat="49.542927" lon="18.851101">
				<ele>581.000000</ele>
			</trkpt>
			<trkpt lat="49.543167" lon="18.850958">
				<ele>580.000000</ele>
			</trkpt>
			<trkpt lat="49.543271" lon="18.850895">
				<ele>580.000000</ele>
			</trkpt>
			<trkpt lat="49.543370" lon="18.850796">
				<ele>579.000000</ele>
			</trkpt>
			<trkpt lat="49.543440" lon="18.850688">
				<ele>579.000000</ele>
			</trkpt>
			<trkpt lat="49.543516" lon="18.850572">
				<ele>579.000000</ele>
			</trkpt>
			<trkpt lat="49.543574" lon="18.850419">
				<ele>578.000000</ele>
			</trkpt>
			<trkpt lat="49.543615" lon="18.850257">
				<ele>578.000000</ele>
			</trkpt>
			<trkpt lat="49.543667" lon="18.850050">
				<ele>577.000000</ele>
			</trkpt>
			<trkpt lat="49.543738" lon="18.849727">
				<ele>576.000000</ele>
			</trkpt>
			<trkpt lat="49.543994" lon="18.849628">
				<ele>574.000000</ele>
			</trkpt>
			<trkpt lat="49.544093" lon="18.849601">
				<ele>573.000000</ele>
			</trkpt>
			<trkpt lat="49.544204" lon="18.849601">
				<ele>572.000000</ele>
			</trkpt>
			<trkpt lat="49.544309" lon="18.849637">
				<ele>571.000000</ele>
			</trkpt>
			<trkpt lat="49.544583" lon="18.849736">
				<ele>569.000000</ele>
			</trkpt>
			<trkpt lat="49.544711" lon="18.849763">
				<ele>568.000000</ele>
			</trkpt>
			<trkpt lat="49.544834" lon="18.849790">
				<ele>568.000000</ele>
			</trkpt>
			<trkpt lat="49.545113" lon="18.849807">
				<ele>566.000000</ele>
			</trkpt>
			<trkpt lat="49.545241" lon="18.849834">
				<ele>565.000000</ele>
			</trkpt>
			<trkpt lat="49.545294" lon="18.849862">
				<ele>565.000000</ele>
			</trkpt>
			<trkpt lat="49.545346" lon="18.849897">
				<ele>565.000000</ele>
			</trkpt>
			<trkpt lat="49.545486" lon="18.850042">
				<ele>564.000000</ele>
			</trkpt>
			<trkpt lat="49.545918" lon="18.850526">
				<ele>563.000000</ele>
			</trkpt>
			<trkpt lat="49.546040" lon="18.850688">
				<ele>562.000000</ele>
			</trkpt>
			<trkpt lat="49.546157" lon="18.850885">
				<ele>561.000000</ele>
			</trkpt>
			<trkpt lat="49.546343" lon="18.851236">
				<ele>561.000000</ele>
			</trkpt>
			<trkpt lat="49.546698" lon="18.851677">
				<ele>559.000000</ele>
			</trkpt>
			<trkpt lat="49.546973" lon="18.852054">
				<ele>557.000000</ele>
			</trkpt>
			<trkpt lat="49.547206" lon="18.852449">
				<ele>556.000000</ele>
			</trkpt>
			<trkpt lat="49.547456" lon="18.852907">
				<ele>554.000000</ele>
			</trkpt>
			<trkpt lat="49.547579" lon="18.853159">
				<ele>552.000000</ele>
			</trkpt>
			<trkpt lat="49.547631" lon="18.853312">
				<ele>550.000000</ele>
			</trkpt>
			<trkpt lat="49.547649" lon="18.853383">
				<ele>550.000000</ele>
			</trkpt>
			<trkpt lat="49.547655" lon="18.853464">
				<ele>549.000000</ele>
			</trkpt>
			<trkpt lat="49.547655" lon="18.853536">
				<ele>549.000000</ele>
			</trkpt>
			<trkpt lat="49.547649" lon="18.853635">
				<ele>548.000000</ele>
			</trkpt>
			<trkpt lat="49.547555" lon="18.854300">
				<ele>543.000000</ele>
			</trkpt>
			<trkpt lat="49.547538" lon="18.854533">
				<ele>541.000000</ele>
			</trkpt>
			<trkpt lat="49.547532" lon="18.854740">
				<ele>540.000000</ele>
			</trkpt>
			<trkpt lat="49.547532" lon="18.855017">
				<ele>538.000000</ele>
			</trkpt>
			<trkpt lat="49.547555" lon="18.855323">
				<ele>536.000000</ele>
			</trkpt>
			<trkpt lat="49.547573" lon="18.855396">
				<ele>535.000000</ele>
			</trkpt>
			<trkpt lat="49.547590" lon="18.855449">
				<ele>535.000000</ele>
			</trkpt>
			<trkpt lat="49.547614" lon="18.855522">
				<ele>534.000000</ele>
			</trkpt>
			<trkpt lat="49.547649" lon="18.855566">
				<ele>534.000000</ele>
			</trkpt>
			<trkpt lat="49.547695" lon="18.855602">
				<ele>533.000000</ele>
			</trkpt>
			<trkpt lat="49.547736" lon="18.855629">
				<ele>533.000000</ele>
			</trkpt>
			<trkpt lat="49.548109" lon="18.855728">
				<ele>529.000000</ele>
			</trkpt>
			<trkpt lat="49.548348" lon="18.855826">
				<ele>526.000000</ele>
			</trkpt>
			<trkpt lat="49.548476" lon="18.855899">
				<ele>524.000000</ele>
			</trkpt>
			<trkpt lat="49.548570" lon="18.855962">
				<ele>523.000000</ele>
			</trkpt>
			<trkpt lat="49.548668" lon="18.856033">
				<ele>521.000000</ele>
			</trkpt>
			<trkpt lat="49.548774" lon="18.856141">
				<ele>513.000000</ele>
			</trkpt>
			<trkpt lat="49.548640" lon="18.856348">
				<ele>514.000000</ele>
			</trkpt>
			<trkpt lat="49.548523" lon="18.856564">
				<ele>514.000000</ele>
			</trkpt>
			<trkpt lat="49.548424" lon="18.856788">
				<ele>514.000000</ele>
			</trkpt>
			<trkpt lat="49.548348" lon="18.857048">
				<ele>514.000000</ele>
			</trkpt>
			<trkpt lat="49.548249" lon="18.857453">
				<ele>515.000000</ele>
			</trkpt>
			<trkpt lat="49.548173" lon="18.857902">
				<ele>514.000000</ele>
			</trkpt>
			<trkpt lat="49.548103" lon="18.858413">
				<ele>512.000000</ele>
			</trkpt>
			<trkpt lat="49.548039" lon="18.859015">
				<ele>510.000000</ele>
			</trkpt>
			<trkpt lat="49.549572" lon="18.859078">
				<ele>499.000000</ele>
			</trkpt>
			<trkpt lat="49.550615" lon="18.859151">
				<ele>490.000000</ele>
			</trkpt>
			<trkpt lat="49.550574" lon="18.859231">
				<ele>490.000000</ele>
			</trkpt>
			<trkpt lat="49.550574" lon="18.859231">
				<ele>494.000000</ele>
			</trkpt>
		</trkseg>
	</trk>
</gpx>

