<?xml version="1.0" encoding="utf-8"?>
<gpx xmlns="http://www.topografix.com/GPX/1/1" version="1.1" creator="https://mapy.com/">
	<trk>
		<name>17_Jižní Šumava</name>
		<trkseg>
			<trkpt lat="48.649703" lon="14.432315">
				<ele>674.000000</ele>
			</trkpt>
			<trkpt lat="48.649626" lon="14.432414">
				<ele>674.000000</ele>
			</trkpt>
			<trkpt lat="48.649489" lon="14.432630">
				<ele>674.000000</ele>
			</trkpt>
			<trkpt lat="48.649400" lon="14.432774">
				<ele>674.000000</ele>
			</trkpt>
			<trkpt lat="48.649323" lon="14.432881">
				<ele>673.000000</ele>
			</trkpt>
			<trkpt lat="48.649240" lon="14.432963">
				<ele>673.000000</ele>
			</trkpt>
			<trkpt lat="48.649127" lon="14.433070">
				<ele>673.000000</ele>
			</trkpt>
			<trkpt lat="48.648884" lon="14.433294">
				<ele>673.000000</ele>
			</trkpt>
			<trkpt lat="48.648290" lon="14.433816">
				<ele>672.000000</ele>
			</trkpt>
			<trkpt lat="48.648130" lon="14.433950">
				<ele>671.000000</ele>
			</trkpt>
			<trkpt lat="48.647952" lon="14.434058">
				<ele>671.000000</ele>
			</trkpt>
			<trkpt lat="48.647590" lon="14.434219">
				<ele>670.000000</ele>
			</trkpt>
			<trkpt lat="48.647519" lon="14.434256">
				<ele>670.000000</ele>
			</trkpt>
			<trkpt lat="48.647430" lon="14.434336">
				<ele>670.000000</ele>
			</trkpt>
			<trkpt lat="48.647169" lon="14.434544">
				<ele>672.000000</ele>
			</trkpt>
			<trkpt lat="48.647074" lon="14.434597">
				<ele>673.000000</ele>
			</trkpt>
			<trkpt lat="48.646955" lon="14.434661">
				<ele>674.000000</ele>
			</trkpt>
			<trkpt lat="48.646747" lon="14.434750">
				<ele>675.000000</ele>
			</trkpt>
			<trkpt lat="48.646605" lon="14.434768">
				<ele>676.000000</ele>
			</trkpt>
			<trkpt lat="48.645115" lon="14.434831">
				<ele>682.000000</ele>
			</trkpt>
			<trkpt lat="48.645038" lon="14.434840">
				<ele>682.000000</ele>
			</trkpt>
			<trkpt lat="48.644985" lon="14.434884">
				<ele>682.000000</ele>
			</trkpt>
			<trkpt lat="48.644824" lon="14.435047">
				<ele>682.000000</ele>
			</trkpt>
			<trkpt lat="48.644718" lon="14.435181">
				<ele>683.000000</ele>
			</trkpt>
			<trkpt lat="48.644812" lon="14.435703">
				<ele>683.000000</ele>
			</trkpt>
			<trkpt lat="48.644652" lon="14.435737">
				<ele>683.000000</ele>
			</trkpt>
			<trkpt lat="48.644445" lon="14.435837">
				<ele>682.000000</ele>
			</trkpt>
			<trkpt lat="48.644302" lon="14.435917">
				<ele>681.000000</ele>
			</trkpt>
			<trkpt lat="48.644136" lon="14.435990">
				<ele>680.000000</ele>
			</trkpt>
			<trkpt lat="48.643904" lon="14.436034">
				<ele>679.000000</ele>
			</trkpt>
			<trkpt lat="48.643590" lon="14.436106">
				<ele>677.000000</ele>
			</trkpt>
			<trkpt lat="48.643174" lon="14.436223">
				<ele>673.000000</ele>
			</trkpt>
			<trkpt lat="48.641785" lon="14.436619">
				<ele>666.000000</ele>
			</trkpt>
			<trkpt lat="48.641702" lon="14.436628">
				<ele>665.000000</ele>
			</trkpt>
			<trkpt lat="48.641643" lon="14.436619">
				<ele>665.000000</ele>
			</trkpt>
			<trkpt lat="48.641578" lon="14.436600">
				<ele>665.000000</ele>
			</trkpt>
			<trkpt lat="48.641488" lon="14.436546">
				<ele>665.000000</ele>
			</trkpt>
			<trkpt lat="48.639274" lon="14.435208">
				<ele>667.000000</ele>
			</trkpt>
			<trkpt lat="48.639150" lon="14.435127">
				<ele>668.000000</ele>
			</trkpt>
			<trkpt lat="48.639031" lon="14.435074">
				<ele>668.000000</ele>
			</trkpt>
			<trkpt lat="48.638918" lon="14.435028">
				<ele>668.000000</ele>
			</trkpt>
			<trkpt lat="48.638788" lon="14.435020">
				<ele>668.000000</ele>
			</trkpt>
			<trkpt lat="48.638520" lon="14.434992">
				<ele>668.000000</ele>
			</trkpt>
			<trkpt lat="48.637351" lon="14.434902">
				<ele>669.000000</ele>
			</trkpt>
			<trkpt lat="48.635992" lon="14.434804">
				<ele>673.000000</ele>
			</trkpt>
			<trkpt lat="48.635826" lon="14.434785">
				<ele>674.000000</ele>
			</trkpt>
			<trkpt lat="48.635630" lon="14.434705">
				<ele>675.000000</ele>
			</trkpt>
			<trkpt lat="48.635475" lon="14.434634">
				<ele>676.000000</ele>
			</trkpt>
			<trkpt lat="48.635226" lon="14.434508">
				<ele>677.000000</ele>
			</trkpt>
			<trkpt lat="48.634798" lon="14.434274">
				<ele>678.000000</ele>
			</trkpt>
			<trkpt lat="48.633754" lon="14.433789">
				<ele>684.000000</ele>
			</trkpt>
			<trkpt lat="48.633089" lon="14.433456">
				<ele>691.000000</ele>
			</trkpt>
			<trkpt lat="48.632584" lon="14.433177">
				<ele>696.000000</ele>
			</trkpt>
			<trkpt lat="48.632115" lon="14.432926">
				<ele>701.000000</ele>
			</trkpt>
			<trkpt lat="48.631652" lon="14.432693">
				<ele>706.000000</ele>
			</trkpt>
			<trkpt lat="48.630940" lon="14.432378">
				<ele>715.000000</ele>
			</trkpt>
			<trkpt lat="48.630411" lon="14.432100">
				<ele>725.000000</ele>
			</trkpt>
			<trkpt lat="48.630298" lon="14.432045">
				<ele>725.000000</ele>
			</trkpt>
			<trkpt lat="48.630204" lon="14.432019">
				<ele>725.000000</ele>
			</trkpt>
			<trkpt lat="48.630102" lon="14.432019">
				<ele>726.000000</ele>
			</trkpt>
			<trkpt lat="48.630002" lon="14.432019">
				<ele>726.000000</ele>
			</trkpt>
			<trkpt lat="48.629663" lon="14.432028">
				<ele>727.000000</ele>
			</trkpt>
			<trkpt lat="48.629004" lon="14.432037">
				<ele>728.000000</ele>
			</trkpt>
			<trkpt lat="48.628636" lon="14.432037">
				<ele>729.000000</ele>
			</trkpt>
			<trkpt lat="48.628428" lon="14.432028">
				<ele>729.000000</ele>
			</trkpt>
			<trkpt lat="48.628339" lon="14.432028">
				<ele>730.000000</ele>
			</trkpt>
			<trkpt lat="48.628250" lon="14.432055">
				<ele>730.000000</ele>
			</trkpt>
			<trkpt lat="48.628149" lon="14.432108">
				<ele>730.000000</ele>
			</trkpt>
			<trkpt lat="48.627947" lon="14.432252">
				<ele>732.000000</ele>
			</trkpt>
			<trkpt lat="48.627763" lon="14.432405">
				<ele>734.000000</ele>
			</trkpt>
			<trkpt lat="48.627217" lon="14.432908">
				<ele>740.000000</ele>
			</trkpt>
			<trkpt lat="48.627069" lon="14.433034">
				<ele>741.000000</ele>
			</trkpt>
			<trkpt lat="48.626944" lon="14.433106">
				<ele>742.000000</ele>
			</trkpt>
			<trkpt lat="48.626825" lon="14.433142">
				<ele>743.000000</ele>
			</trkpt>
			<trkpt lat="48.626701" lon="14.433142">
				<ele>744.000000</ele>
			</trkpt>
			<trkpt lat="48.626475" lon="14.433124">
				<ele>745.000000</ele>
			</trkpt>
			<trkpt lat="48.625976" lon="14.433034">
				<ele>746.000000</ele>
			</trkpt>
			<trkpt lat="48.624664" lon="14.432818">
				<ele>748.000000</ele>
			</trkpt>
			<trkpt lat="48.624129" lon="14.432728">
				<ele>749.000000</ele>
			</trkpt>
			<trkpt lat="48.623257" lon="14.432584">
				<ele>750.000000</ele>
			</trkpt>
			<trkpt lat="48.622746" lon="14.432521">
				<ele>750.000000</ele>
			</trkpt>
			<trkpt lat="48.622479" lon="14.432487">
				<ele>750.000000</ele>
			</trkpt>
			<trkpt lat="48.622348" lon="14.432477">
				<ele>750.000000</ele>
			</trkpt>
			<trkpt lat="48.622247" lon="14.432234">
				<ele>750.000000</ele>
			</trkpt>
			<trkpt lat="48.622122" lon="14.432045">
				<ele>748.000000</ele>
			</trkpt>
			<trkpt lat="48.622033" lon="14.431911">
				<ele>746.000000</ele>
			</trkpt>
			<trkpt lat="48.621926" lon="14.431812">
				<ele>744.000000</ele>
			</trkpt>
			<trkpt lat="48.621814" lon="14.431749">
				<ele>741.000000</ele>
			</trkpt>
			<trkpt lat="48.621641" lon="14.431686">
				<ele>738.000000</ele>
			</trkpt>
			<trkpt lat="48.621184" lon="14.431516">
				<ele>731.000000</ele>
			</trkpt>
			<trkpt lat="48.620554" lon="14.431328">
				<ele>722.000000</ele>
			</trkpt>
			<trkpt lat="48.620228" lon="14.431229">
				<ele>715.000000</ele>
			</trkpt>
			<trkpt lat="48.620121" lon="14.431175">
				<ele>713.000000</ele>
			</trkpt>
			<trkpt lat="48.619996" lon="14.431093">
				<ele>711.000000</ele>
			</trkpt>
			<trkpt lat="48.619907" lon="14.431022">
				<ele>708.000000</ele>
			</trkpt>
			<trkpt lat="48.619842" lon="14.430940">
				<ele>707.000000</ele>
			</trkpt>
			<trkpt lat="48.619795" lon="14.430860">
				<ele>705.000000</ele>
			</trkpt>
			<trkpt lat="48.619658" lon="14.430537">
				<ele>699.000000</ele>
			</trkpt>
			<trkpt lat="48.619343" lon="14.429944">
				<ele>691.000000</ele>
			</trkpt>
			<trkpt lat="48.618708" lon="14.428686">
				<ele>680.000000</ele>
			</trkpt>
			<trkpt lat="48.618613" lon="14.428542">
				<ele>680.000000</ele>
			</trkpt>
			<trkpt lat="48.618541" lon="14.428435">
				<ele>680.000000</ele>
			</trkpt>
			<trkpt lat="48.618476" lon="14.428353">
				<ele>680.000000</ele>
			</trkpt>
			<trkpt lat="48.618399" lon="14.428273">
				<ele>680.000000</ele>
			</trkpt>
			<trkpt lat="48.618191" lon="14.428103">
				<ele>680.000000</ele>
			</trkpt>
			<trkpt lat="48.617936" lon="14.427913">
				<ele>680.000000</ele>
			</trkpt>
			<trkpt lat="48.617585" lon="14.427671">
				<ele>683.000000</ele>
			</trkpt>
			<trkpt lat="48.616992" lon="14.427330">
				<ele>689.000000</ele>
			</trkpt>
			<trkpt lat="48.616422" lon="14.426988">
				<ele>692.000000</ele>
			</trkpt>
			<trkpt lat="48.615917" lon="14.426647">
				<ele>695.000000</ele>
			</trkpt>
			<trkpt lat="48.615382" lon="14.426269">
				<ele>703.000000</ele>
			</trkpt>
			<trkpt lat="48.615222" lon="14.426153">
				<ele>705.000000</ele>
			</trkpt>
			<trkpt lat="48.615038" lon="14.425992">
				<ele>706.000000</ele>
			</trkpt>
			<trkpt lat="48.614741" lon="14.425722">
				<ele>706.000000</ele>
			</trkpt>
			<trkpt lat="48.614515" lon="14.425497">
				<ele>707.000000</ele>
			</trkpt>
			<trkpt lat="48.614307" lon="14.425263">
				<ele>707.000000</ele>
			</trkpt>
			<trkpt lat="48.614069" lon="14.424994">
				<ele>708.000000</ele>
			</trkpt>
			<trkpt lat="48.613464" lon="14.424302">
				<ele>709.000000</ele>
			</trkpt>
			<trkpt lat="48.613013" lon="14.423826">
				<ele>710.000000</ele>
			</trkpt>
			<trkpt lat="48.612876" lon="14.423682">
				<ele>710.000000</ele>
			</trkpt>
			<trkpt lat="48.612781" lon="14.423548">
				<ele>711.000000</ele>
			</trkpt>
			<trkpt lat="48.612697" lon="14.423413">
				<ele>711.000000</ele>
			</trkpt>
			<trkpt lat="48.612614" lon="14.423225">
				<ele>712.000000</ele>
			</trkpt>
			<trkpt lat="48.612086" lon="14.421958">
				<ele>715.000000</ele>
			</trkpt>
			<trkpt lat="48.611807" lon="14.421302">
				<ele>715.000000</ele>
			</trkpt>
			<trkpt lat="48.611504" lon="14.420566">
				<ele>715.000000</ele>
			</trkpt>
			<trkpt lat="48.611356" lon="14.420242">
				<ele>715.000000</ele>
			</trkpt>
			<trkpt lat="48.611332" lon="14.420170">
				<ele>715.000000</ele>
			</trkpt>
			<trkpt lat="48.611284" lon="14.420134">
				<ele>715.000000</ele>
			</trkpt>
			<trkpt lat="48.611142" lon="14.420026">
				<ele>715.000000</ele>
			</trkpt>
			<trkpt lat="48.610963" lon="14.419892">
				<ele>715.000000</ele>
			</trkpt>
			<trkpt lat="48.610726" lon="14.419694">
				<ele>715.000000</ele>
			</trkpt>
			<trkpt lat="48.610637" lon="14.419596">
				<ele>715.000000</ele>
			</trkpt>
			<trkpt lat="48.610566" lon="14.419514">
				<ele>715.000000</ele>
			</trkpt>
			<trkpt lat="48.610500" lon="14.419434">
				<ele>714.000000</ele>
			</trkpt>
			<trkpt lat="48.610435" lon="14.419317">
				<ele>713.000000</ele>
			</trkpt>
			<trkpt lat="48.610346" lon="14.419128">
				<ele>711.000000</ele>
			</trkpt>
			<trkpt lat="48.610275" lon="14.418940">
				<ele>709.000000</ele>
			</trkpt>
			<trkpt lat="48.610114" lon="14.418418">
				<ele>704.000000</ele>
			</trkpt>
			<trkpt lat="48.610043" lon="14.418248">
				<ele>703.000000</ele>
			</trkpt>
			<trkpt lat="48.609972" lon="14.418086">
				<ele>702.000000</ele>
			</trkpt>
			<trkpt lat="48.609770" lon="14.417718">
				<ele>699.000000</ele>
			</trkpt>
			<trkpt lat="48.609716" lon="14.417637">
				<ele>698.000000</ele>
			</trkpt>
			<trkpt lat="48.609716" lon="14.417637">
				<ele>698.000000</ele>
			</trkpt>
			<trkpt lat="48.609609" lon="14.417476">
				<ele>696.000000</ele>
			</trkpt>
			<trkpt lat="48.609538" lon="14.417386">
				<ele>695.000000</ele>
			</trkpt>
			<trkpt lat="48.609443" lon="14.417287">
				<ele>693.000000</ele>
			</trkpt>
			<trkpt lat="48.609217" lon="14.417107">
				<ele>689.000000</ele>
			</trkpt>
			<trkpt lat="48.608783" lon="14.416810">
				<ele>685.000000</ele>
			</trkpt>
			<trkpt lat="48.608706" lon="14.416766">
				<ele>685.000000</ele>
			</trkpt>
			<trkpt lat="48.608623" lon="14.416747">
				<ele>685.000000</ele>
			</trkpt>
			<trkpt lat="48.608570" lon="14.416730">
				<ele>685.000000</ele>
			</trkpt>
			<trkpt lat="48.608309" lon="14.416784">
				<ele>685.000000</ele>
			</trkpt>
			<trkpt lat="48.608201" lon="14.416793">
				<ele>685.000000</ele>
			</trkpt>
			<trkpt lat="48.608101" lon="14.416793">
				<ele>685.000000</ele>
			</trkpt>
			<trkpt lat="48.607994" lon="14.416766">
				<ele>685.000000</ele>
			</trkpt>
			<trkpt lat="48.607833" lon="14.416730">
				<ele>685.000000</ele>
			</trkpt>
			<trkpt lat="48.607649" lon="14.416676">
				<ele>685.000000</ele>
			</trkpt>
			<trkpt lat="48.607501" lon="14.416676">
				<ele>685.000000</ele>
			</trkpt>
			<trkpt lat="48.607346" lon="14.416703">
				<ele>685.000000</ele>
			</trkpt>
			<trkpt lat="48.607174" lon="14.416757">
				<ele>685.000000</ele>
			</trkpt>
			<trkpt lat="48.606770" lon="14.417089">
				<ele>685.000000</ele>
			</trkpt>
			<trkpt lat="48.606586" lon="14.417260">
				<ele>685.000000</ele>
			</trkpt>
			<trkpt lat="48.606396" lon="14.417430">
				<ele>685.000000</ele>
			</trkpt>
			<trkpt lat="48.606343" lon="14.417493">
				<ele>685.000000</ele>
			</trkpt>
			<trkpt lat="48.606277" lon="14.417502">
				<ele>685.000000</ele>
			</trkpt>
			<trkpt lat="48.606206" lon="14.417502">
				<ele>685.000000</ele>
			</trkpt>
			<trkpt lat="48.606117" lon="14.417476">
				<ele>685.000000</ele>
			</trkpt>
			<trkpt lat="48.606069" lon="14.417367">
				<ele>685.000000</ele>
			</trkpt>
			<trkpt lat="48.606046" lon="14.417304">
				<ele>685.000000</ele>
			</trkpt>
			<trkpt lat="48.605938" lon="14.417143">
				<ele>685.000000</ele>
			</trkpt>
			<trkpt lat="48.605843" lon="14.417034">
				<ele>685.000000</ele>
			</trkpt>
			<trkpt lat="48.605724" lon="14.416873">
				<ele>683.000000</ele>
			</trkpt>
			<trkpt lat="48.605630" lon="14.416694">
				<ele>682.000000</ele>
			</trkpt>
			<trkpt lat="48.605511" lon="14.416424">
				<ele>680.000000</ele>
			</trkpt>
			<trkpt lat="48.605427" lon="14.416155">
				<ele>680.000000</ele>
			</trkpt>
			<trkpt lat="48.605333" lon="14.415778">
				<ele>680.000000</ele>
			</trkpt>
			<trkpt lat="48.605214" lon="14.415239">
				<ele>678.000000</ele>
			</trkpt>
			<trkpt lat="48.605113" lon="14.414860">
				<ele>675.000000</ele>
			</trkpt>
			<trkpt lat="48.605042" lon="14.414600">
				<ele>674.000000</ele>
			</trkpt>
			<trkpt lat="48.604988" lon="14.414331">
				<ele>673.000000</ele>
			</trkpt>
			<trkpt lat="48.604941" lon="14.414071">
				<ele>671.000000</ele>
			</trkpt>
			<trkpt lat="48.604911" lon="14.413900">
				<ele>671.000000</ele>
			</trkpt>
			<trkpt lat="48.604899" lon="14.413711">
				<ele>670.000000</ele>
			</trkpt>
			<trkpt lat="48.604893" lon="14.413487">
				<ele>670.000000</ele>
			</trkpt>
			<trkpt lat="48.604893" lon="14.413208">
				<ele>669.000000</ele>
			</trkpt>
			<trkpt lat="48.604869" lon="14.413029">
				<ele>669.000000</ele>
			</trkpt>
			<trkpt lat="48.604869" lon="14.412552">
				<ele>668.000000</ele>
			</trkpt>
			<trkpt lat="48.604857" lon="14.412176">
				<ele>667.000000</ele>
			</trkpt>
			<trkpt lat="48.604822" lon="14.411780">
				<ele>667.000000</ele>
			</trkpt>
			<trkpt lat="48.604756" lon="14.411250">
				<ele>666.000000</ele>
			</trkpt>
			<trkpt lat="48.604739" lon="14.411142">
				<ele>666.000000</ele>
			</trkpt>
			<trkpt lat="48.604679" lon="14.410648">
				<ele>664.000000</ele>
			</trkpt>
			<trkpt lat="48.604596" lon="14.409902">
				<ele>662.000000</ele>
			</trkpt>
			<trkpt lat="48.604578" lon="14.409650">
				<ele>661.000000</ele>
			</trkpt>
			<trkpt lat="48.604548" lon="14.409507">
				<ele>661.000000</ele>
			</trkpt>
			<trkpt lat="48.604519" lon="14.409382">
				<ele>660.000000</ele>
			</trkpt>
			<trkpt lat="48.604465" lon="14.409237">
				<ele>660.000000</ele>
			</trkpt>
			<trkpt lat="48.604436" lon="14.409157">
				<ele>659.000000</ele>
			</trkpt>
			<trkpt lat="48.604430" lon="14.409057">
				<ele>659.000000</ele>
			</trkpt>
			<trkpt lat="48.604430" lon="14.408968">
				<ele>658.000000</ele>
			</trkpt>
			<trkpt lat="48.604436" lon="14.408807">
				<ele>658.000000</ele>
			</trkpt>
			<trkpt lat="48.604513" lon="14.407989">
				<ele>655.000000</ele>
			</trkpt>
			<trkpt lat="48.604608" lon="14.407046">
				<ele>654.000000</ele>
			</trkpt>
			<trkpt lat="48.604388" lon="14.406767">
				<ele>653.000000</ele>
			</trkpt>
			<trkpt lat="48.604263" lon="14.406740">
				<ele>653.000000</ele>
			</trkpt>
			<trkpt lat="48.604163" lon="14.406704">
				<ele>653.000000</ele>
			</trkpt>
			<trkpt lat="48.604067" lon="14.406650">
				<ele>653.000000</ele>
			</trkpt>
			<trkpt lat="48.603937" lon="14.406552">
				<ele>653.000000</ele>
			</trkpt>
			<trkpt lat="48.603877" lon="14.406507">
				<ele>652.000000</ele>
			</trkpt>
			<trkpt lat="48.603806" lon="14.406480">
				<ele>652.000000</ele>
			</trkpt>
			<trkpt lat="48.603640" lon="14.406434">
				<ele>652.000000</ele>
			</trkpt>
			<trkpt lat="48.603675" lon="14.406057">
				<ele>652.000000</ele>
			</trkpt>
			<trkpt lat="48.603729" lon="14.405788">
				<ele>653.000000</ele>
			</trkpt>
			<trkpt lat="48.603746" lon="14.405717">
				<ele>653.000000</ele>
			</trkpt>
			<trkpt lat="48.603770" lon="14.405608">
				<ele>653.000000</ele>
			</trkpt>
			<trkpt lat="48.603860" lon="14.405312">
				<ele>653.000000</ele>
			</trkpt>
			<trkpt lat="48.603895" lon="14.405178">
				<ele>653.000000</ele>
			</trkpt>
			<trkpt lat="48.603931" lon="14.405052">
				<ele>653.000000</ele>
			</trkpt>
			<trkpt lat="48.603978" lon="14.404952">
				<ele>654.000000</ele>
			</trkpt>
			<trkpt lat="48.604049" lon="14.404845">
				<ele>654.000000</ele>
			</trkpt>
			<trkpt lat="48.604020" lon="14.404782">
				<ele>653.000000</ele>
			</trkpt>
			<trkpt lat="48.604002" lon="14.404728">
				<ele>653.000000</ele>
			</trkpt>
			<trkpt lat="48.603990" lon="14.404576">
				<ele>653.000000</ele>
			</trkpt>
			<trkpt lat="48.603984" lon="14.404495">
				<ele>652.000000</ele>
			</trkpt>
			<trkpt lat="48.603954" lon="14.404386">
				<ele>652.000000</ele>
			</trkpt>
			<trkpt lat="48.603937" lon="14.404315">
				<ele>652.000000</ele>
			</trkpt>
			<trkpt lat="48.603907" lon="14.404199">
				<ele>651.000000</ele>
			</trkpt>
			<trkpt lat="48.603901" lon="14.404090">
				<ele>651.000000</ele>
			</trkpt>
			<trkpt lat="48.603889" lon="14.403910">
				<ele>650.000000</ele>
			</trkpt>
			<trkpt lat="48.603854" lon="14.403776">
				<ele>650.000000</ele>
			</trkpt>
			<trkpt lat="48.603717" lon="14.403507">
				<ele>648.000000</ele>
			</trkpt>
			<trkpt lat="48.603669" lon="14.403371">
				<ele>648.000000</ele>
			</trkpt>
			<trkpt lat="48.603455" lon="14.403291">
				<ele>646.000000</ele>
			</trkpt>
			<trkpt lat="48.603004" lon="14.403201">
				<ele>645.000000</ele>
			</trkpt>
			<trkpt lat="48.602808" lon="14.403147">
				<ele>644.000000</ele>
			</trkpt>
			<trkpt lat="48.602671" lon="14.403102">
				<ele>644.000000</ele>
			</trkpt>
			<trkpt lat="48.602553" lon="14.403048">
				<ele>644.000000</ele>
			</trkpt>
			<trkpt lat="48.602434" lon="14.402968">
				<ele>644.000000</ele>
			</trkpt>
			<trkpt lat="48.602356" lon="14.402895">
				<ele>644.000000</ele>
			</trkpt>
			<trkpt lat="48.602273" lon="14.402805">
				<ele>643.000000</ele>
			</trkpt>
			<trkpt lat="48.602202" lon="14.402698">
				<ele>643.000000</ele>
			</trkpt>
			<trkpt lat="48.602125" lon="14.402572">
				<ele>643.000000</ele>
			</trkpt>
			<trkpt lat="48.602065" lon="14.402428">
				<ele>643.000000</ele>
			</trkpt>
			<trkpt lat="48.601971" lon="14.402213">
				<ele>643.000000</ele>
			</trkpt>
			<trkpt lat="48.601917" lon="14.402105">
				<ele>642.000000</ele>
			</trkpt>
			<trkpt lat="48.601857" lon="14.402006">
				<ele>642.000000</ele>
			</trkpt>
			<trkpt lat="48.601774" lon="14.401899">
				<ele>642.000000</ele>
			</trkpt>
			<trkpt lat="48.601483" lon="14.401593">
				<ele>642.000000</ele>
			</trkpt>
			<trkpt lat="48.601346" lon="14.401459">
				<ele>641.000000</ele>
			</trkpt>
			<trkpt lat="48.601287" lon="14.401377">
				<ele>641.000000</ele>
			</trkpt>
			<trkpt lat="48.601228" lon="14.401297">
				<ele>641.000000</ele>
			</trkpt>
			<trkpt lat="48.601175" lon="14.401189">
				<ele>641.000000</ele>
			</trkpt>
			<trkpt lat="48.601032" lon="14.400937">
				<ele>640.000000</ele>
			</trkpt>
			<trkpt lat="48.600949" lon="14.400811">
				<ele>640.000000</ele>
			</trkpt>
			<trkpt lat="48.600866" lon="14.400721">
				<ele>640.000000</ele>
			</trkpt>
			<trkpt lat="48.600776" lon="14.400641">
				<ele>640.000000</ele>
			</trkpt>
			<trkpt lat="48.600622" lon="14.400533">
				<ele>638.000000</ele>
			</trkpt>
			<trkpt lat="48.600236" lon="14.400308">
				<ele>633.000000</ele>
			</trkpt>
			<trkpt lat="48.600182" lon="14.400254">
				<ele>632.000000</ele>
			</trkpt>
			<trkpt lat="48.600129" lon="14.400174">
				<ele>631.000000</ele>
			</trkpt>
			<trkpt lat="48.600093" lon="14.400075">
				<ele>629.000000</ele>
			</trkpt>
			<trkpt lat="48.600070" lon="14.399967">
				<ele>629.000000</ele>
			</trkpt>
			<trkpt lat="48.600034" lon="14.399769">
				<ele>627.000000</ele>
			</trkpt>
			<trkpt lat="48.599998" lon="14.399644">
				<ele>626.000000</ele>
			</trkpt>
			<trkpt lat="48.599933" lon="14.399526">
				<ele>625.000000</ele>
			</trkpt>
			<trkpt lat="48.599826" lon="14.399419">
				<ele>625.000000</ele>
			</trkpt>
			<trkpt lat="48.599553" lon="14.399123">
				<ele>624.000000</ele>
			</trkpt>
			<trkpt lat="48.599398" lon="14.398960">
				<ele>623.000000</ele>
			</trkpt>
			<trkpt lat="48.599357" lon="14.398889">
				<ele>623.000000</ele>
			</trkpt>
			<trkpt lat="48.599327" lon="14.398853">
				<ele>623.000000</ele>
			</trkpt>
			<trkpt lat="48.599309" lon="14.398799">
				<ele>623.000000</ele>
			</trkpt>
			<trkpt lat="48.599291" lon="14.398727">
				<ele>623.000000</ele>
			</trkpt>
			<trkpt lat="48.599244" lon="14.398530">
				<ele>622.000000</ele>
			</trkpt>
			<trkpt lat="48.599202" lon="14.398377">
				<ele>622.000000</ele>
			</trkpt>
			<trkpt lat="48.599137" lon="14.398260">
				<ele>622.000000</ele>
			</trkpt>
			<trkpt lat="48.599054" lon="14.398161">
				<ele>621.000000</ele>
			</trkpt>
			<trkpt lat="48.598774" lon="14.397865">
				<ele>620.000000</ele>
			</trkpt>
			<trkpt lat="48.598234" lon="14.397317">
				<ele>618.000000</ele>
			</trkpt>
			<trkpt lat="48.598132" lon="14.397209">
				<ele>618.000000</ele>
			</trkpt>
			<trkpt lat="48.598085" lon="14.397128">
				<ele>618.000000</ele>
			</trkpt>
			<trkpt lat="48.598014" lon="14.396994">
				<ele>617.000000</ele>
			</trkpt>
			<trkpt lat="48.597949" lon="14.396849">
				<ele>617.000000</ele>
			</trkpt>
			<trkpt lat="48.597895" lon="14.396697">
				<ele>617.000000</ele>
			</trkpt>
			<trkpt lat="48.597860" lon="14.396562">
				<ele>617.000000</ele>
			</trkpt>
			<trkpt lat="48.597830" lon="14.396400">
				<ele>616.000000</ele>
			</trkpt>
			<trkpt lat="48.597812" lon="14.396186">
				<ele>616.000000</ele>
			</trkpt>
			<trkpt lat="48.597794" lon="14.395916">
				<ele>615.000000</ele>
			</trkpt>
			<trkpt lat="48.597782" lon="14.395593">
				<ele>615.000000</ele>
			</trkpt>
			<trkpt lat="48.597782" lon="14.395448">
				<ele>614.000000</ele>
			</trkpt>
			<trkpt lat="48.597788" lon="14.395368">
				<ele>614.000000</ele>
			</trkpt>
			<trkpt lat="48.597818" lon="14.395144">
				<ele>613.000000</ele>
			</trkpt>
			<trkpt lat="48.597836" lon="14.395044">
				<ele>613.000000</ele>
			</trkpt>
			<trkpt lat="48.597866" lon="14.394784">
				<ele>612.000000</ele>
			</trkpt>
			<trkpt lat="48.597878" lon="14.394541">
				<ele>611.000000</ele>
			</trkpt>
			<trkpt lat="48.597866" lon="14.394165">
				<ele>610.000000</ele>
			</trkpt>
			<trkpt lat="48.597853" lon="14.394012">
				<ele>609.000000</ele>
			</trkpt>
			<trkpt lat="48.597836" lon="14.393895">
				<ele>609.000000</ele>
			</trkpt>
			<trkpt lat="48.597806" lon="14.393769">
				<ele>609.000000</ele>
			</trkpt>
			<trkpt lat="48.597764" lon="14.393625">
				<ele>608.000000</ele>
			</trkpt>
			<trkpt lat="48.597717" lon="14.393446">
				<ele>607.000000</ele>
			</trkpt>
			<trkpt lat="48.597699" lon="14.393293">
				<ele>607.000000</ele>
			</trkpt>
			<trkpt lat="48.597687" lon="14.393131">
				<ele>606.000000</ele>
			</trkpt>
			<trkpt lat="48.597687" lon="14.392933">
				<ele>606.000000</ele>
			</trkpt>
			<trkpt lat="48.597693" lon="14.392717">
				<ele>605.000000</ele>
			</trkpt>
			<trkpt lat="48.597693" lon="14.392547">
				<ele>604.000000</ele>
			</trkpt>
			<trkpt lat="48.597693" lon="14.392377">
				<ele>603.000000</ele>
			</trkpt>
			<trkpt lat="48.597699" lon="14.392304">
				<ele>602.000000</ele>
			</trkpt>
			<trkpt lat="48.597717" lon="14.392241">
				<ele>602.000000</ele>
			</trkpt>
			<trkpt lat="48.597735" lon="14.392134">
				<ele>601.000000</ele>
			</trkpt>
			<trkpt lat="48.597729" lon="14.391954">
				<ele>600.000000</ele>
			</trkpt>
			<trkpt lat="48.597705" lon="14.391666">
				<ele>598.000000</ele>
			</trkpt>
			<trkpt lat="48.597669" lon="14.391218">
				<ele>594.000000</ele>
			</trkpt>
			<trkpt lat="48.597634" lon="14.390920">
				<ele>592.000000</ele>
			</trkpt>
			<trkpt lat="48.597586" lon="14.390670">
				<ele>591.000000</ele>
			</trkpt>
			<trkpt lat="48.597539" lon="14.390490">
				<ele>589.000000</ele>
			</trkpt>
			<trkpt lat="48.597485" lon="14.390320">
				<ele>588.000000</ele>
			</trkpt>
			<trkpt lat="48.597432" lon="14.390167">
				<ele>588.000000</ele>
			</trkpt>
			<trkpt lat="48.597330" lon="14.389951">
				<ele>586.000000</ele>
			</trkpt>
			<trkpt lat="48.597277" lon="14.389861">
				<ele>586.000000</ele>
			</trkpt>
			<trkpt lat="48.597259" lon="14.389789">
				<ele>585.000000</ele>
			</trkpt>
			<trkpt lat="48.597230" lon="14.389628">
				<ele>584.000000</ele>
			</trkpt>
			<trkpt lat="48.597218" lon="14.389492">
				<ele>582.000000</ele>
			</trkpt>
			<trkpt lat="48.597200" lon="14.389205">
				<ele>580.000000</ele>
			</trkpt>
			<trkpt lat="48.597182" lon="14.389098">
				<ele>580.000000</ele>
			</trkpt>
			<trkpt lat="48.597164" lon="14.389008">
				<ele>579.000000</ele>
			</trkpt>
			<trkpt lat="48.597087" lon="14.388702">
				<ele>578.000000</ele>
			</trkpt>
			<trkpt lat="48.597028" lon="14.388540">
				<ele>578.000000</ele>
			</trkpt>
			<trkpt lat="48.596897" lon="14.388325">
				<ele>577.000000</ele>
			</trkpt>
			<trkpt lat="48.596862" lon="14.388244">
				<ele>577.000000</ele>
			</trkpt>
			<trkpt lat="48.596832" lon="14.388154">
				<ele>577.000000</ele>
			</trkpt>
			<trkpt lat="48.596814" lon="14.388056">
				<ele>576.000000</ele>
			</trkpt>
			<trkpt lat="48.596808" lon="14.387920">
				<ele>576.000000</ele>
			</trkpt>
			<trkpt lat="48.596790" lon="14.387786">
				<ele>576.000000</ele>
			</trkpt>
			<trkpt lat="48.596725" lon="14.387570">
				<ele>575.000000</ele>
			</trkpt>
			<trkpt lat="48.596689" lon="14.387436">
				<ele>575.000000</ele>
			</trkpt>
			<trkpt lat="48.596606" lon="14.387247">
				<ele>575.000000</ele>
			</trkpt>
			<trkpt lat="48.596553" lon="14.387138">
				<ele>575.000000</ele>
			</trkpt>
			<trkpt lat="48.596469" lon="14.387031">
				<ele>575.000000</ele>
			</trkpt>
			<trkpt lat="48.596380" lon="14.386924">
				<ele>575.000000</ele>
			</trkpt>
			<trkpt lat="48.596285" lon="14.386842">
				<ele>575.000000</ele>
			</trkpt>
			<trkpt lat="48.596208" lon="14.386780">
				<ele>575.000000</ele>
			</trkpt>
			<trkpt lat="48.596131" lon="14.386672">
				<ele>575.000000</ele>
			</trkpt>
			<trkpt lat="48.596077" lon="14.386546">
				<ele>575.000000</ele>
			</trkpt>
			<trkpt lat="48.596024" lon="14.386385">
				<ele>575.000000</ele>
			</trkpt>
			<trkpt lat="48.595976" lon="14.386249">
				<ele>575.000000</ele>
			</trkpt>
			<trkpt lat="48.595917" lon="14.386133">
				<ele>575.000000</ele>
			</trkpt>
			<trkpt lat="48.595834" lon="14.386035">
				<ele>575.000000</ele>
			</trkpt>
			<trkpt lat="48.595745" lon="14.385945">
				<ele>575.000000</ele>
			</trkpt>
			<trkpt lat="48.595614" lon="14.385872">
				<ele>575.000000</ele>
			</trkpt>
			<trkpt lat="48.595578" lon="14.385846">
				<ele>575.000000</ele>
			</trkpt>
			<trkpt lat="48.595519" lon="14.385846">
				<ele>575.000000</ele>
			</trkpt>
			<trkpt lat="48.595311" lon="14.385882">
				<ele>575.000000</ele>
			</trkpt>
			<trkpt lat="48.595186" lon="14.385917">
				<ele>575.000000</ele>
			</trkpt>
			<trkpt lat="48.595121" lon="14.385962">
				<ele>575.000000</ele>
			</trkpt>
			<trkpt lat="48.595026" lon="14.386035">
				<ele>575.000000</ele>
			</trkpt>
			<trkpt lat="48.594943" lon="14.386070">
				<ele>575.000000</ele>
			</trkpt>
			<trkpt lat="48.594853" lon="14.386106">
				<ele>575.000000</ele>
			</trkpt>
			<trkpt lat="48.594717" lon="14.386115">
				<ele>575.000000</ele>
			</trkpt>
			<trkpt lat="48.594550" lon="14.386133">
				<ele>575.000000</ele>
			</trkpt>
			<trkpt lat="48.594212" lon="14.386125">
				<ele>575.000000</ele>
			</trkpt>
			<trkpt lat="48.594027" lon="14.386142">
				<ele>575.000000</ele>
			</trkpt>
			<trkpt lat="48.593534" lon="14.386241">
				<ele>575.000000</ele>
			</trkpt>
			<trkpt lat="48.593308" lon="14.386268">
				<ele>575.000000</ele>
			</trkpt>
			<trkpt lat="48.593036" lon="14.386286">
				<ele>575.000000</ele>
			</trkpt>
			<trkpt lat="48.592928" lon="14.386276">
				<ele>575.000000</ele>
			</trkpt>
			<trkpt lat="48.592810" lon="14.386249">
				<ele>575.000000</ele>
			</trkpt>
			<trkpt lat="48.592679" lon="14.386196">
				<ele>575.000000</ele>
			</trkpt>
			<trkpt lat="48.591930" lon="14.385720">
				<ele>575.000000</ele>
			</trkpt>
			<trkpt lat="48.591871" lon="14.385693">
				<ele>575.000000</ele>
			</trkpt>
			<trkpt lat="48.591799" lon="14.385675">
				<ele>575.000000</ele>
			</trkpt>
			<trkpt lat="48.591722" lon="14.385693">
				<ele>575.000000</ele>
			</trkpt>
			<trkpt lat="48.591621" lon="14.385720">
				<ele>575.000000</ele>
			</trkpt>
			<trkpt lat="48.591550" lon="14.385746">
				<ele>575.000000</ele>
			</trkpt>
			<trkpt lat="48.591342" lon="14.385819">
				<ele>575.000000</ele>
			</trkpt>
			<trkpt lat="48.591229" lon="14.385846">
				<ele>575.000000</ele>
			</trkpt>
			<trkpt lat="48.591057" lon="14.385846">
				<ele>575.000000</ele>
			</trkpt>
			<trkpt lat="48.590949" lon="14.385863">
				<ele>575.000000</ele>
			</trkpt>
			<trkpt lat="48.590748" lon="14.385945">
				<ele>575.000000</ele>
			</trkpt>
			<trkpt lat="48.590492" lon="14.386070">
				<ele>575.000000</ele>
			</trkpt>
			<trkpt lat="48.590409" lon="14.386106">
				<ele>575.000000</ele>
			</trkpt>
			<trkpt lat="48.590355" lon="14.386159">
				<ele>575.000000</ele>
			</trkpt>
			<trkpt lat="48.590308" lon="14.386214">
				<ele>575.000000</ele>
			</trkpt>
			<trkpt lat="48.590272" lon="14.386295">
				<ele>575.000000</ele>
			</trkpt>
			<trkpt lat="48.590237" lon="14.386375">
				<ele>575.000000</ele>
			</trkpt>
			<trkpt lat="48.590183" lon="14.386456">
				<ele>575.000000</ele>
			</trkpt>
			<trkpt lat="48.590124" lon="14.386555">
				<ele>575.000000</ele>
			</trkpt>
			<trkpt lat="48.590041" lon="14.386636">
				<ele>575.000000</ele>
			</trkpt>
			<trkpt lat="48.589969" lon="14.386691">
				<ele>575.000000</ele>
			</trkpt>
			<trkpt lat="48.589910" lon="14.386735">
				<ele>575.000000</ele>
			</trkpt>
			<trkpt lat="48.589844" lon="14.386744">
				<ele>575.000000</ele>
			</trkpt>
			<trkpt lat="48.589785" lon="14.386744">
				<ele>576.000000</ele>
			</trkpt>
			<trkpt lat="48.589470" lon="14.386725">
				<ele>577.000000</ele>
			</trkpt>
			<trkpt lat="48.589321" lon="14.386681">
				<ele>578.000000</ele>
			</trkpt>
			<trkpt lat="48.589090" lon="14.386582">
				<ele>579.000000</ele>
			</trkpt>
			<trkpt lat="48.588710" lon="14.386412">
				<ele>583.000000</ele>
			</trkpt>
			<trkpt lat="48.588519" lon="14.386331">
				<ele>585.000000</ele>
			</trkpt>
			<trkpt lat="48.588293" lon="14.386232">
				<ele>588.000000</ele>
			</trkpt>
			<trkpt lat="48.588104" lon="14.386142">
				<ele>591.000000</ele>
			</trkpt>
			<trkpt lat="48.587402" lon="14.385756">
				<ele>599.000000</ele>
			</trkpt>
			<trkpt lat="48.587093" lon="14.385576">
				<ele>603.000000</ele>
			</trkpt>
			<trkpt lat="48.586868" lon="14.385441">
				<ele>605.000000</ele>
			</trkpt>
			<trkpt lat="48.586796" lon="14.385414">
				<ele>606.000000</ele>
			</trkpt>
			<trkpt lat="48.586719" lon="14.385387">
				<ele>607.000000</ele>
			</trkpt>
			<trkpt lat="48.586357" lon="14.385297">
				<ele>610.000000</ele>
			</trkpt>
			<trkpt lat="48.586285" lon="14.385280">
				<ele>611.000000</ele>
			</trkpt>
			<trkpt lat="48.586238" lon="14.385262">
				<ele>612.000000</ele>
			</trkpt>
			<trkpt lat="48.586185" lon="14.385217">
				<ele>613.000000</ele>
			</trkpt>
			<trkpt lat="48.586148" lon="14.385163">
				<ele>614.000000</ele>
			</trkpt>
			<trkpt lat="48.586113" lon="14.385100">
				<ele>615.000000</ele>
			</trkpt>
			<trkpt lat="48.586095" lon="14.385028">
				<ele>615.000000</ele>
			</trkpt>
			<trkpt lat="48.586077" lon="14.384965">
				<ele>616.000000</ele>
			</trkpt>
			<trkpt lat="48.586077" lon="14.384867">
				<ele>616.000000</ele>
			</trkpt>
			<trkpt lat="48.586071" lon="14.384578">
				<ele>618.000000</ele>
			</trkpt>
			<trkpt lat="48.586101" lon="14.384211">
				<ele>620.000000</ele>
			</trkpt>
			<trkpt lat="48.586143" lon="14.383599">
				<ele>624.000000</ele>
			</trkpt>
			<trkpt lat="48.586172" lon="14.383169">
				<ele>626.000000</ele>
			</trkpt>
			<trkpt lat="48.586196" lon="14.382639">
				<ele>629.000000</ele>
			</trkpt>
			<trkpt lat="48.586226" lon="14.382234">
				<ele>630.000000</ele>
			</trkpt>
			<trkpt lat="48.586220" lon="14.382108">
				<ele>631.000000</ele>
			</trkpt>
			<trkpt lat="48.586214" lon="14.382073">
				<ele>631.000000</ele>
			</trkpt>
			<trkpt lat="48.586202" lon="14.382028">
				<ele>631.000000</ele>
			</trkpt>
			<trkpt lat="48.586185" lon="14.382001">
				<ele>631.000000</ele>
			</trkpt>
			<trkpt lat="48.586160" lon="14.381991">
				<ele>631.000000</ele>
			</trkpt>
			<trkpt lat="48.586089" lon="14.381974">
				<ele>631.000000</ele>
			</trkpt>
			<trkpt lat="48.585637" lon="14.382001">
				<ele>633.000000</ele>
			</trkpt>
			<trkpt lat="48.585495" lon="14.382010">
				<ele>634.000000</ele>
			</trkpt>
			<trkpt lat="48.585257" lon="14.382100">
				<ele>635.000000</ele>
			</trkpt>
			<trkpt lat="48.585002" lon="14.382171">
				<ele>637.000000</ele>
			</trkpt>
			<trkpt lat="48.584794" lon="14.382207">
				<ele>639.000000</ele>
			</trkpt>
			<trkpt lat="48.584603" lon="14.382225">
				<ele>640.000000</ele>
			</trkpt>
			<trkpt lat="48.584408" lon="14.382217">
				<ele>640.000000</ele>
			</trkpt>
			<trkpt lat="48.584253" lon="14.382180">
				<ele>640.000000</ele>
			</trkpt>
			<trkpt lat="48.584092" lon="14.382108">
				<ele>640.000000</ele>
			</trkpt>
			<trkpt lat="48.583819" lon="14.381991">
				<ele>640.000000</ele>
			</trkpt>
			<trkpt lat="48.583694" lon="14.381956">
				<ele>640.000000</ele>
			</trkpt>
			<trkpt lat="48.583569" lon="14.381928">
				<ele>640.000000</ele>
			</trkpt>
			<trkpt lat="48.583332" lon="14.381920">
				<ele>641.000000</ele>
			</trkpt>
			<trkpt lat="48.583118" lon="14.381867">
				<ele>642.000000</ele>
			</trkpt>
			<trkpt lat="48.582857" lon="14.381785">
				<ele>644.000000</ele>
			</trkpt>
			<trkpt lat="48.582714" lon="14.381758">
				<ele>645.000000</ele>
			</trkpt>
			<trkpt lat="48.582612" lon="14.381749">
				<ele>646.000000</ele>
			</trkpt>
			<trkpt lat="48.582541" lon="14.381722">
				<ele>646.000000</ele>
			</trkpt>
			<trkpt lat="48.582334" lon="14.381614">
				<ele>648.000000</ele>
			</trkpt>
			<trkpt lat="48.582114" lon="14.381471">
				<ele>650.000000</ele>
			</trkpt>
			<trkpt lat="48.582024" lon="14.381417">
				<ele>650.000000</ele>
			</trkpt>
			<trkpt lat="48.581935" lon="14.381391">
				<ele>650.000000</ele>
			</trkpt>
			<trkpt lat="48.581829" lon="14.381391">
				<ele>650.000000</ele>
			</trkpt>
			<trkpt lat="48.581692" lon="14.381391">
				<ele>650.000000</ele>
			</trkpt>
			<trkpt lat="48.581519" lon="14.381354">
				<ele>650.000000</ele>
			</trkpt>
			<trkpt lat="48.581163" lon="14.381264">
				<ele>650.000000</ele>
			</trkpt>
			<trkpt lat="48.580872" lon="14.381148">
				<ele>650.000000</ele>
			</trkpt>
			<trkpt lat="48.580569" lon="14.380976">
				<ele>650.000000</ele>
			</trkpt>
			<trkpt lat="48.580260" lon="14.380743">
				<ele>650.000000</ele>
			</trkpt>
			<trkpt lat="48.580046" lon="14.380590">
				<ele>650.000000</ele>
			</trkpt>
			<trkpt lat="48.579891" lon="14.380483">
				<ele>650.000000</ele>
			</trkpt>
			<trkpt lat="48.579724" lon="14.380410">
				<ele>650.000000</ele>
			</trkpt>
			<trkpt lat="48.579540" lon="14.380348">
				<ele>648.000000</ele>
			</trkpt>
			<trkpt lat="48.579356" lon="14.380285">
				<ele>646.000000</ele>
			</trkpt>
			<trkpt lat="48.579160" lon="14.380169">
				<ele>644.000000</ele>
			</trkpt>
			<trkpt lat="48.578987" lon="14.380033">
				<ele>642.000000</ele>
			</trkpt>
			<trkpt lat="48.578886" lon="14.379980">
				<ele>641.000000</ele>
			</trkpt>
			<trkpt lat="48.578732" lon="14.379907">
				<ele>640.000000</ele>
			</trkpt>
			<trkpt lat="48.578619" lon="14.379890">
				<ele>640.000000</ele>
			</trkpt>
			<trkpt lat="48.578495" lon="14.379890">
				<ele>640.000000</ele>
			</trkpt>
			<trkpt lat="48.578328" lon="14.379917">
				<ele>640.000000</ele>
			</trkpt>
			<trkpt lat="48.578257" lon="14.379943">
				<ele>640.000000</ele>
			</trkpt>
			<trkpt lat="48.578167" lon="14.380016">
				<ele>640.000000</ele>
			</trkpt>
			<trkpt lat="48.578114" lon="14.380043">
				<ele>640.000000</ele>
			</trkpt>
			<trkpt lat="48.578043" lon="14.380051">
				<ele>640.000000</ele>
			</trkpt>
			<trkpt lat="48.577644" lon="14.380106">
				<ele>643.000000</ele>
			</trkpt>
			<trkpt lat="48.577603" lon="14.380114">
				<ele>643.000000</ele>
			</trkpt>
			<trkpt lat="48.577573" lon="14.380087">
				<ele>643.000000</ele>
			</trkpt>
			<trkpt lat="48.577555" lon="14.380060">
				<ele>644.000000</ele>
			</trkpt>
			<trkpt lat="48.577549" lon="14.380024">
				<ele>644.000000</ele>
			</trkpt>
			<trkpt lat="48.577549" lon="14.379980">
				<ele>644.000000</ele>
			</trkpt>
			<trkpt lat="48.577573" lon="14.379872">
				<ele>645.000000</ele>
			</trkpt>
			<trkpt lat="48.577585" lon="14.379764">
				<ele>645.000000</ele>
			</trkpt>
			<trkpt lat="48.577591" lon="14.379441">
				<ele>646.000000</ele>
			</trkpt>
			<trkpt lat="48.577597" lon="14.379306">
				<ele>647.000000</ele>
			</trkpt>
			<trkpt lat="48.577669" lon="14.378668">
				<ele>649.000000</ele>
			</trkpt>
			<trkpt lat="48.577692" lon="14.378299">
				<ele>650.000000</ele>
			</trkpt>
			<trkpt lat="48.577680" lon="14.377779">
				<ele>650.000000</ele>
			</trkpt>
			<trkpt lat="48.577638" lon="14.376917">
				<ele>650.000000</ele>
			</trkpt>
			<trkpt lat="48.577627" lon="14.376538">
				<ele>650.000000</ele>
			</trkpt>
			<trkpt lat="48.577579" lon="14.374626">
				<ele>650.000000</ele>
			</trkpt>
			<trkpt lat="48.577573" lon="14.374311">
				<ele>650.000000</ele>
			</trkpt>
			<trkpt lat="48.577520" lon="14.373261">
				<ele>650.000000</ele>
			</trkpt>
			<trkpt lat="48.577478" lon="14.372156">
				<ele>650.000000</ele>
			</trkpt>
			<trkpt lat="48.577454" lon="14.371185">
				<ele>650.000000</ele>
			</trkpt>
			<trkpt lat="48.577424" lon="14.370332">
				<ele>650.000000</ele>
			</trkpt>
			<trkpt lat="48.577329" lon="14.368077">
				<ele>648.000000</ele>
			</trkpt>
			<trkpt lat="48.577329" lon="14.367933">
				<ele>647.000000</ele>
			</trkpt>
			<trkpt lat="48.577300" lon="14.367035">
				<ele>640.000000</ele>
			</trkpt>
			<trkpt lat="48.577282" lon="14.366361">
				<ele>633.000000</ele>
			</trkpt>
			<trkpt lat="48.577282" lon="14.366074">
				<ele>630.000000</ele>
			</trkpt>
			<trkpt lat="48.577300" lon="14.365517">
				<ele>630.000000</ele>
			</trkpt>
			<trkpt lat="48.577294" lon="14.365229">
				<ele>630.000000</ele>
			</trkpt>
			<trkpt lat="48.577306" lon="14.364852">
				<ele>632.000000</ele>
			</trkpt>
			<trkpt lat="48.577312" lon="14.364772">
				<ele>633.000000</ele>
			</trkpt>
			<trkpt lat="48.577329" lon="14.364690">
				<ele>634.000000</ele>
			</trkpt>
			<trkpt lat="48.577371" lon="14.364636">
				<ele>635.000000</ele>
			</trkpt>
			<trkpt lat="48.577418" lon="14.364619">
				<ele>635.000000</ele>
			</trkpt>
			<trkpt lat="48.577555" lon="14.364609">
				<ele>635.000000</ele>
			</trkpt>
			<trkpt lat="48.577799" lon="14.364546">
				<ele>634.000000</ele>
			</trkpt>
			<trkpt lat="48.577924" lon="14.364537">
				<ele>633.000000</ele>
			</trkpt>
			<trkpt lat="48.578084" lon="14.364519">
				<ele>632.000000</ele>
			</trkpt>
			<trkpt lat="48.578417" lon="14.364448">
				<ele>630.000000</ele>
			</trkpt>
			<trkpt lat="48.578595" lon="14.364420">
				<ele>630.000000</ele>
			</trkpt>
			<trkpt lat="48.578750" lon="14.364403">
				<ele>629.000000</ele>
			</trkpt>
			<trkpt lat="48.579029" lon="14.364286">
				<ele>628.000000</ele>
			</trkpt>
			<trkpt lat="48.579178" lon="14.364259">
				<ele>628.000000</ele>
			</trkpt>
			<trkpt lat="48.579267" lon="14.364240">
				<ele>627.000000</ele>
			</trkpt>
			<trkpt lat="48.579350" lon="14.364214">
				<ele>627.000000</ele>
			</trkpt>
			<trkpt lat="48.579635" lon="14.364089">
				<ele>626.000000</ele>
			</trkpt>
			<trkpt lat="48.579772" lon="14.364053">
				<ele>625.000000</ele>
			</trkpt>
			<trkpt lat="48.579932" lon="14.364007">
				<ele>625.000000</ele>
			</trkpt>
			<trkpt lat="48.580087" lon="14.363980">
				<ele>623.000000</ele>
			</trkpt>
			<trkpt lat="48.580247" lon="14.363971">
				<ele>622.000000</ele>
			</trkpt>
			<trkpt lat="48.580455" lon="14.363971">
				<ele>620.000000</ele>
			</trkpt>
			<trkpt lat="48.580538" lon="14.363990">
				<ele>620.000000</ele>
			</trkpt>
			<trkpt lat="48.580752" lon="14.364034">
				<ele>618.000000</ele>
			</trkpt>
			<trkpt lat="48.580824" lon="14.364026">
				<ele>617.000000</ele>
			</trkpt>
			<trkpt lat="48.580895" lon="14.363999">
				<ele>616.000000</ele>
			</trkpt>
			<trkpt lat="48.580978" lon="14.363927">
				<ele>616.000000</ele>
			</trkpt>
			<trkpt lat="48.581032" lon="14.363827">
				<ele>615.000000</ele>
			</trkpt>
			<trkpt lat="48.581055" lon="14.363720">
				<ele>614.000000</ele>
			</trkpt>
			<trkpt lat="48.581074" lon="14.363585">
				<ele>613.000000</ele>
			</trkpt>
			<trkpt lat="48.581055" lon="14.363531">
				<ele>613.000000</ele>
			</trkpt>
			<trkpt lat="48.581020" lon="14.363397">
				<ele>612.000000</ele>
			</trkpt>
			<trkpt lat="48.580990" lon="14.363244">
				<ele>611.000000</ele>
			</trkpt>
			<trkpt lat="48.580943" lon="14.362777">
				<ele>607.000000</ele>
			</trkpt>
			<trkpt lat="48.580895" lon="14.362336">
				<ele>602.000000</ele>
			</trkpt>
			<trkpt lat="48.580872" lon="14.362175">
				<ele>600.000000</ele>
			</trkpt>
			<trkpt lat="48.580830" lon="14.362032">
				<ele>598.000000</ele>
			</trkpt>
			<trkpt lat="48.580794" lon="14.361896">
				<ele>597.000000</ele>
			</trkpt>
			<trkpt lat="48.580741" lon="14.361762">
				<ele>596.000000</ele>
			</trkpt>
			<trkpt lat="48.580616" lon="14.361501">
				<ele>594.000000</ele>
			</trkpt>
			<trkpt lat="48.580575" lon="14.361411">
				<ele>593.000000</ele>
			</trkpt>
			<trkpt lat="48.580557" lon="14.361303">
				<ele>593.000000</ele>
			</trkpt>
			<trkpt lat="48.580557" lon="14.361196">
				<ele>592.000000</ele>
			</trkpt>
			<trkpt lat="48.580592" lon="14.360908">
				<ele>590.000000</ele>
			</trkpt>
			<trkpt lat="48.580610" lon="14.360666">
				<ele>589.000000</ele>
			</trkpt>
			<trkpt lat="48.580646" lon="14.360432">
				<ele>587.000000</ele>
			</trkpt>
			<trkpt lat="48.580687" lon="14.360225">
				<ele>585.000000</ele>
			</trkpt>
			<trkpt lat="48.580741" lon="14.360028">
				<ele>585.000000</ele>
			</trkpt>
			<trkpt lat="48.580800" lon="14.359848">
				<ele>585.000000</ele>
			</trkpt>
			<trkpt lat="48.580889" lon="14.359615">
				<ele>585.000000</ele>
			</trkpt>
			<trkpt lat="48.580907" lon="14.359561">
				<ele>585.000000</ele>
			</trkpt>
			<trkpt lat="48.580919" lon="14.359489">
				<ele>585.000000</ele>
			</trkpt>
			<trkpt lat="48.580919" lon="14.359382">
				<ele>585.000000</ele>
			</trkpt>
			<trkpt lat="48.580895" lon="14.359292">
				<ele>585.000000</ele>
			</trkpt>
			<trkpt lat="48.580824" lon="14.359085">
				<ele>585.000000</ele>
			</trkpt>
			<trkpt lat="48.580794" lon="14.358977">
				<ele>585.000000</ele>
			</trkpt>
			<trkpt lat="48.580789" lon="14.358896">
				<ele>585.000000</ele>
			</trkpt>
			<trkpt lat="48.580794" lon="14.358833">
				<ele>585.000000</ele>
			</trkpt>
			<trkpt lat="48.580812" lon="14.358761">
				<ele>585.000000</ele>
			</trkpt>
			<trkpt lat="48.580866" lon="14.358636">
				<ele>585.000000</ele>
			</trkpt>
			<trkpt lat="48.580990" lon="14.358357">
				<ele>585.000000</ele>
			</trkpt>
			<trkpt lat="48.581020" lon="14.358258">
				<ele>585.000000</ele>
			</trkpt>
			<trkpt lat="48.581038" lon="14.358160">
				<ele>585.000000</ele>
			</trkpt>
			<trkpt lat="48.581044" lon="14.358024">
				<ele>585.000000</ele>
			</trkpt>
			<trkpt lat="48.581026" lon="14.357837">
				<ele>585.000000</ele>
			</trkpt>
			<trkpt lat="48.580984" lon="14.357621">
				<ele>585.000000</ele>
			</trkpt>
			<trkpt lat="48.580931" lon="14.357558">
				<ele>585.000000</ele>
			</trkpt>
			<trkpt lat="48.580889" lon="14.357504">
				<ele>585.000000</ele>
			</trkpt>
			<trkpt lat="48.580872" lon="14.357450">
				<ele>585.000000</ele>
			</trkpt>
			<trkpt lat="48.580860" lon="14.357378">
				<ele>585.000000</ele>
			</trkpt>
			<trkpt lat="48.580628" lon="14.357369">
				<ele>585.000000</ele>
			</trkpt>
			<trkpt lat="48.580479" lon="14.357342">
				<ele>585.000000</ele>
			</trkpt>
			<trkpt lat="48.580075" lon="14.357271">
				<ele>585.000000</ele>
			</trkpt>
			<trkpt lat="48.579879" lon="14.357216">
				<ele>587.000000</ele>
			</trkpt>
			<trkpt lat="48.579249" lon="14.357036">
				<ele>592.000000</ele>
			</trkpt>
			<trkpt lat="48.578643" lon="14.356893">
				<ele>597.000000</ele>
			</trkpt>
			<trkpt lat="48.578084" lon="14.356758">
				<ele>601.000000</ele>
			</trkpt>
			<trkpt lat="48.577852" lon="14.356695">
				<ele>603.000000</ele>
			</trkpt>
			<trkpt lat="48.577746" lon="14.356642">
				<ele>603.000000</ele>
			</trkpt>
			<trkpt lat="48.577615" lon="14.356579">
				<ele>604.000000</ele>
			</trkpt>
			<trkpt lat="48.577329" lon="14.356416">
				<ele>606.000000</ele>
			</trkpt>
			<trkpt lat="48.577246" lon="14.356353">
				<ele>606.000000</ele>
			</trkpt>
			<trkpt lat="48.577175" lon="14.356273">
				<ele>607.000000</ele>
			</trkpt>
			<trkpt lat="48.576806" lon="14.355914">
				<ele>609.000000</ele>
			</trkpt>
			<trkpt lat="48.575909" lon="14.355051">
				<ele>614.000000</ele>
			</trkpt>
			<trkpt lat="48.575725" lon="14.354908">
				<ele>615.000000</ele>
			</trkpt>
			<trkpt lat="48.575457" lon="14.354745">
				<ele>617.000000</ele>
			</trkpt>
			<trkpt lat="48.575332" lon="14.354665">
				<ele>618.000000</ele>
			</trkpt>
			<trkpt lat="48.575237" lon="14.354602">
				<ele>619.000000</ele>
			</trkpt>
			<trkpt lat="48.575160" lon="14.354521">
				<ele>620.000000</ele>
			</trkpt>
			<trkpt lat="48.575065" lon="14.354405">
				<ele>621.000000</ele>
			</trkpt>
			<trkpt lat="48.574952" lon="14.354243">
				<ele>622.000000</ele>
			</trkpt>
			<trkpt lat="48.574857" lon="14.354162">
				<ele>623.000000</ele>
			</trkpt>
			<trkpt lat="48.574780" lon="14.354082">
				<ele>623.000000</ele>
			</trkpt>
			<trkpt lat="48.574709" lon="14.354027">
				<ele>624.000000</ele>
			</trkpt>
			<trkpt lat="48.574453" lon="14.353910">
				<ele>626.000000</ele>
			</trkpt>
			<trkpt lat="48.574316" lon="14.353856">
				<ele>627.000000</ele>
			</trkpt>
			<trkpt lat="48.574203" lon="14.353829">
				<ele>627.000000</ele>
			</trkpt>
			<trkpt lat="48.574102" lon="14.353829">
				<ele>628.000000</ele>
			</trkpt>
			<trkpt lat="48.573977" lon="14.353856">
				<ele>628.000000</ele>
			</trkpt>
			<trkpt lat="48.573651" lon="14.353956">
				<ele>630.000000</ele>
			</trkpt>
			<trkpt lat="48.573573" lon="14.353956">
				<ele>632.000000</ele>
			</trkpt>
			<trkpt lat="48.573490" lon="14.353937">
				<ele>633.000000</ele>
			</trkpt>
			<trkpt lat="48.573406" lon="14.353910">
				<ele>634.000000</ele>
			</trkpt>
			<trkpt lat="48.573317" lon="14.353856">
				<ele>635.000000</ele>
			</trkpt>
			<trkpt lat="48.573175" lon="14.353749">
				<ele>636.000000</ele>
			</trkpt>
			<trkpt lat="48.573050" lon="14.353614">
				<ele>637.000000</ele>
			</trkpt>
			<trkpt lat="48.572931" lon="14.353470">
				<ele>638.000000</ele>
			</trkpt>
			<trkpt lat="48.572759" lon="14.353183">
				<ele>639.000000</ele>
			</trkpt>
			<trkpt lat="48.572396" lon="14.352563">
				<ele>642.000000</ele>
			</trkpt>
			<trkpt lat="48.572224" lon="14.352239">
				<ele>644.000000</ele>
			</trkpt>
			<trkpt lat="48.572069" lon="14.351934">
				<ele>645.000000</ele>
			</trkpt>
			<trkpt lat="48.571778" lon="14.351323">
				<ele>645.000000</ele>
			</trkpt>
			<trkpt lat="48.571082" lon="14.349778">
				<ele>640.000000</ele>
			</trkpt>
			<trkpt lat="48.570655" lon="14.348845">
				<ele>640.000000</ele>
			</trkpt>
			<trkpt lat="48.569787" lon="14.346877">
				<ele>647.000000</ele>
			</trkpt>
			<trkpt lat="48.569341" lon="14.345897">
				<ele>651.000000</ele>
			</trkpt>
			<trkpt lat="48.569079" lon="14.345304">
				<ele>653.000000</ele>
			</trkpt>
			<trkpt lat="48.569008" lon="14.345143">
				<ele>654.000000</ele>
			</trkpt>
			<trkpt lat="48.568996" lon="14.345080">
				<ele>654.000000</ele>
			</trkpt>
			<trkpt lat="48.568996" lon="14.345026">
				<ele>654.000000</ele>
			</trkpt>
			<trkpt lat="48.568907" lon="14.344954">
				<ele>655.000000</ele>
			</trkpt>
			<trkpt lat="48.568806" lon="14.344910">
				<ele>655.000000</ele>
			</trkpt>
			<trkpt lat="48.568574" lon="14.344883">
				<ele>656.000000</ele>
			</trkpt>
			<trkpt lat="48.568336" lon="14.344864">
				<ele>657.000000</ele>
			</trkpt>
			<trkpt lat="48.567819" lon="14.344828">
				<ele>660.000000</ele>
			</trkpt>
			<trkpt lat="48.566333" lon="14.344711">
				<ele>668.000000</ele>
			</trkpt>
			<trkpt lat="48.565721" lon="14.344648">
				<ele>672.000000</ele>
			</trkpt>
			<trkpt lat="48.565305" lon="14.344604">
				<ele>674.000000</ele>
			</trkpt>
			<trkpt lat="48.565162" lon="14.344577">
				<ele>675.000000</ele>
			</trkpt>
			<trkpt lat="48.565061" lon="14.344541">
				<ele>675.000000</ele>
			</trkpt>
			<trkpt lat="48.564954" lon="14.344487">
				<ele>676.000000</ele>
			</trkpt>
			<trkpt lat="48.564835" lon="14.344388">
				<ele>677.000000</ele>
			</trkpt>
			<trkpt lat="48.564556" lon="14.344137">
				<ele>678.000000</ele>
			</trkpt>
			<trkpt lat="48.564258" lon="14.343858">
				<ele>680.000000</ele>
			</trkpt>
			<trkpt lat="48.564021" lon="14.343661">
				<ele>681.000000</ele>
			</trkpt>
			<trkpt lat="48.563795" lon="14.343482">
				<ele>682.000000</ele>
			</trkpt>
			<trkpt lat="48.563492" lon="14.343310">
				<ele>683.000000</ele>
			</trkpt>
			<trkpt lat="48.562677" lon="14.342861">
				<ele>685.000000</ele>
			</trkpt>
			<trkpt lat="48.561845" lon="14.342358">
				<ele>685.000000</ele>
			</trkpt>
			<trkpt lat="48.561679" lon="14.342268">
				<ele>685.000000</ele>
			</trkpt>
			<trkpt lat="48.561459" lon="14.342197">
				<ele>685.000000</ele>
			</trkpt>
			<trkpt lat="48.561333" lon="14.342161">
				<ele>685.000000</ele>
			</trkpt>
			<trkpt lat="48.561262" lon="14.342124">
				<ele>685.000000</ele>
			</trkpt>
			<trkpt lat="48.561191" lon="14.342053">
				<ele>684.000000</ele>
			</trkpt>
			<trkpt lat="48.561131" lon="14.341971">
				<ele>684.000000</ele>
			</trkpt>
			<trkpt lat="48.561090" lon="14.341891">
				<ele>684.000000</ele>
			</trkpt>
			<trkpt lat="48.560995" lon="14.341675">
				<ele>683.000000</ele>
			</trkpt>
			<trkpt lat="48.560870" lon="14.341371">
				<ele>682.000000</ele>
			</trkpt>
			<trkpt lat="48.560750" lon="14.341109">
				<ele>681.000000</ele>
			</trkpt>
			<trkpt lat="48.560626" lon="14.340893">
				<ele>680.000000</ele>
			</trkpt>
			<trkpt lat="48.560495" lon="14.340723">
				<ele>680.000000</ele>
			</trkpt>
			<trkpt lat="48.560382" lon="14.340589">
				<ele>680.000000</ele>
			</trkpt>
			<trkpt lat="48.560252" lon="14.340472">
				<ele>680.000000</ele>
			</trkpt>
			<trkpt lat="48.560061" lon="14.340337">
				<ele>681.000000</ele>
			</trkpt>
			<trkpt lat="48.559889" lon="14.340211">
				<ele>682.000000</ele>
			</trkpt>
			<trkpt lat="48.559710" lon="14.340113">
				<ele>683.000000</ele>
			</trkpt>
			<trkpt lat="48.559122" lon="14.339834">
				<ele>686.000000</ele>
			</trkpt>
			<trkpt lat="48.558735" lon="14.339645">
				<ele>688.000000</ele>
			</trkpt>
			<trkpt lat="48.558509" lon="14.339484">
				<ele>690.000000</ele>
			</trkpt>
			<trkpt lat="48.558390" lon="14.339394">
				<ele>691.000000</ele>
			</trkpt>
			<trkpt lat="48.558176" lon="14.339197">
				<ele>693.000000</ele>
			</trkpt>
			<trkpt lat="48.558016" lon="14.339017">
				<ele>695.000000</ele>
			</trkpt>
			<trkpt lat="48.557956" lon="14.338935">
				<ele>696.000000</ele>
			</trkpt>
			<trkpt lat="48.557903" lon="14.338845">
				<ele>697.000000</ele>
			</trkpt>
			<trkpt lat="48.557832" lon="14.338711">
				<ele>699.000000</ele>
			</trkpt>
			<trkpt lat="48.557742" lon="14.338495">
				<ele>701.000000</ele>
			</trkpt>
			<trkpt lat="48.557683" lon="14.338388">
				<ele>702.000000</ele>
			</trkpt>
			<trkpt lat="48.557624" lon="14.338289">
				<ele>703.000000</ele>
			</trkpt>
			<trkpt lat="48.557552" lon="14.338235">
				<ele>704.000000</ele>
			</trkpt>
			<trkpt lat="48.557433" lon="14.338163">
				<ele>705.000000</ele>
			</trkpt>
			<trkpt lat="48.557368" lon="14.338118">
				<ele>706.000000</ele>
			</trkpt>
			<trkpt lat="48.557326" lon="14.338065">
				<ele>707.000000</ele>
			</trkpt>
			<trkpt lat="48.557290" lon="14.338002">
				<ele>707.000000</ele>
			</trkpt>
			<trkpt lat="48.557243" lon="14.337903">
				<ele>708.000000</ele>
			</trkpt>
			<trkpt lat="48.556803" lon="14.336744">
				<ele>714.000000</ele>
			</trkpt>
			<trkpt lat="48.556702" lon="14.336474">
				<ele>716.000000</ele>
			</trkpt>
			<trkpt lat="48.556648" lon="14.336285">
				<ele>716.000000</ele>
			</trkpt>
			<trkpt lat="48.556583" lon="14.336069">
				<ele>717.000000</ele>
			</trkpt>
			<trkpt lat="48.556500" lon="14.335863">
				<ele>718.000000</ele>
			</trkpt>
			<trkpt lat="48.556345" lon="14.335531">
				<ele>719.000000</ele>
			</trkpt>
			<trkpt lat="48.556202" lon="14.335226">
				<ele>720.000000</ele>
			</trkpt>
			<trkpt lat="48.555685" lon="14.334237">
				<ele>722.000000</ele>
			</trkpt>
			<trkpt lat="48.555572" lon="14.334040">
				<ele>723.000000</ele>
			</trkpt>
			<trkpt lat="48.555483" lon="14.333887">
				<ele>723.000000</ele>
			</trkpt>
			<trkpt lat="48.555376" lon="14.333725">
				<ele>723.000000</ele>
			</trkpt>
			<trkpt lat="48.555245" lon="14.333564">
				<ele>724.000000</ele>
			</trkpt>
			<trkpt lat="48.554858" lon="14.333123">
				<ele>725.000000</ele>
			</trkpt>
			<trkpt lat="48.554270" lon="14.332495">
				<ele>725.000000</ele>
			</trkpt>
			<trkpt lat="48.553997" lon="14.332216">
				<ele>724.000000</ele>
			</trkpt>
			<trkpt lat="48.553336" lon="14.331570">
				<ele>721.000000</ele>
			</trkpt>
			<trkpt lat="48.553271" lon="14.331515">
				<ele>721.000000</ele>
			</trkpt>
			<trkpt lat="48.553218" lon="14.331480">
				<ele>721.000000</ele>
			</trkpt>
			<trkpt lat="48.553158" lon="14.331453">
				<ele>721.000000</ele>
			</trkpt>
			<trkpt lat="48.553087" lon="14.331444">
				<ele>720.000000</ele>
			</trkpt>
			<trkpt lat="48.552552" lon="14.331354">
				<ele>717.000000</ele>
			</trkpt>
			<trkpt lat="48.552475" lon="14.331704">
				<ele>715.000000</ele>
			</trkpt>
			<trkpt lat="48.552421" lon="14.331839">
				<ele>714.000000</ele>
			</trkpt>
			<trkpt lat="48.552314" lon="14.332117">
				<ele>712.000000</ele>
			</trkpt>
			<trkpt lat="48.552278" lon="14.332171">
				<ele>711.000000</ele>
			</trkpt>
			<trkpt lat="48.552243" lon="14.332226">
				<ele>711.000000</ele>
			</trkpt>
			<trkpt lat="48.552183" lon="14.332306">
				<ele>710.000000</ele>
			</trkpt>
			<trkpt lat="48.552147" lon="14.332387">
				<ele>710.000000</ele>
			</trkpt>
			<trkpt lat="48.552118" lon="14.332495">
				<ele>709.000000</ele>
			</trkpt>
			<trkpt lat="48.552094" lon="14.332675">
				<ele>708.000000</ele>
			</trkpt>
			<trkpt lat="48.552064" lon="14.332889">
				<ele>706.000000</ele>
			</trkpt>
			<trkpt lat="48.552064" lon="14.332889">
				<ele>706.000000</ele>
			</trkpt>
			<trkpt lat="48.552094" lon="14.332675">
				<ele>708.000000</ele>
			</trkpt>
			<trkpt lat="48.552118" lon="14.332495">
				<ele>709.000000</ele>
			</trkpt>
			<trkpt lat="48.552147" lon="14.332387">
				<ele>710.000000</ele>
			</trkpt>
			<trkpt lat="48.552183" lon="14.332306">
				<ele>710.000000</ele>
			</trkpt>
			<trkpt lat="48.552243" lon="14.332226">
				<ele>711.000000</ele>
			</trkpt>
			<trkpt lat="48.552278" lon="14.332171">
				<ele>711.000000</ele>
			</trkpt>
			<trkpt lat="48.552314" lon="14.332117">
				<ele>712.000000</ele>
			</trkpt>
			<trkpt lat="48.552421" lon="14.331839">
				<ele>714.000000</ele>
			</trkpt>
			<trkpt lat="48.552475" lon="14.331704">
				<ele>715.000000</ele>
			</trkpt>
			<trkpt lat="48.552552" lon="14.331354">
				<ele>717.000000</ele>
			</trkpt>
			<trkpt lat="48.553087" lon="14.331444">
				<ele>720.000000</ele>
			</trkpt>
			<trkpt lat="48.553158" lon="14.331453">
				<ele>721.000000</ele>
			</trkpt>
			<trkpt lat="48.553218" lon="14.331480">
				<ele>721.000000</ele>
			</trkpt>
			<trkpt lat="48.553271" lon="14.331515">
				<ele>721.000000</ele>
			</trkpt>
			<trkpt lat="48.553336" lon="14.331570">
				<ele>721.000000</ele>
			</trkpt>
			<trkpt lat="48.553997" lon="14.332216">
				<ele>724.000000</ele>
			</trkpt>
			<trkpt lat="48.554270" lon="14.332495">
				<ele>725.000000</ele>
			</trkpt>
			<trkpt lat="48.554858" lon="14.333123">
				<ele>725.000000</ele>
			</trkpt>
			<trkpt lat="48.555245" lon="14.333564">
				<ele>724.000000</ele>
			</trkpt>
			<trkpt lat="48.555376" lon="14.333725">
				<ele>723.000000</ele>
			</trkpt>
			<trkpt lat="48.555483" lon="14.333887">
				<ele>723.000000</ele>
			</trkpt>
			<trkpt lat="48.555572" lon="14.334040">
				<ele>723.000000</ele>
			</trkpt>
			<trkpt lat="48.555685" lon="14.334237">
				<ele>722.000000</ele>
			</trkpt>
			<trkpt lat="48.556202" lon="14.335226">
				<ele>720.000000</ele>
			</trkpt>
			<trkpt lat="48.556345" lon="14.335531">
				<ele>719.000000</ele>
			</trkpt>
			<trkpt lat="48.556500" lon="14.335863">
				<ele>718.000000</ele>
			</trkpt>
			<trkpt lat="48.556583" lon="14.336069">
				<ele>717.000000</ele>
			</trkpt>
			<trkpt lat="48.556648" lon="14.336285">
				<ele>716.000000</ele>
			</trkpt>
			<trkpt lat="48.556702" lon="14.336474">
				<ele>716.000000</ele>
			</trkpt>
			<trkpt lat="48.556803" lon="14.336744">
				<ele>714.000000</ele>
			</trkpt>
			<trkpt lat="48.557243" lon="14.337903">
				<ele>708.000000</ele>
			</trkpt>
			<trkpt lat="48.557290" lon="14.338002">
				<ele>707.000000</ele>
			</trkpt>
			<trkpt lat="48.557326" lon="14.338065">
				<ele>707.000000</ele>
			</trkpt>
			<trkpt lat="48.557368" lon="14.338118">
				<ele>706.000000</ele>
			</trkpt>
			<trkpt lat="48.557433" lon="14.338163">
				<ele>705.000000</ele>
			</trkpt>
			<trkpt lat="48.557552" lon="14.338235">
				<ele>704.000000</ele>
			</trkpt>
			<trkpt lat="48.557624" lon="14.338289">
				<ele>703.000000</ele>
			</trkpt>
			<trkpt lat="48.557683" lon="14.338388">
				<ele>702.000000</ele>
			</trkpt>
			<trkpt lat="48.557742" lon="14.338495">
				<ele>701.000000</ele>
			</trkpt>
			<trkpt lat="48.557832" lon="14.338711">
				<ele>699.000000</ele>
			</trkpt>
			<trkpt lat="48.557903" lon="14.338845">
				<ele>697.000000</ele>
			</trkpt>
			<trkpt lat="48.557956" lon="14.338935">
				<ele>696.000000</ele>
			</trkpt>
			<trkpt lat="48.558016" lon="14.339017">
				<ele>695.000000</ele>
			</trkpt>
			<trkpt lat="48.558176" lon="14.339197">
				<ele>693.000000</ele>
			</trkpt>
			<trkpt lat="48.558390" lon="14.339394">
				<ele>691.000000</ele>
			</trkpt>
			<trkpt lat="48.558509" lon="14.339484">
				<ele>690.000000</ele>
			</trkpt>
			<trkpt lat="48.558735" lon="14.339645">
				<ele>688.000000</ele>
			</trkpt>
			<trkpt lat="48.559122" lon="14.339834">
				<ele>686.000000</ele>
			</trkpt>
			<trkpt lat="48.559710" lon="14.340113">
				<ele>683.000000</ele>
			</trkpt>
			<trkpt lat="48.559889" lon="14.340211">
				<ele>682.000000</ele>
			</trkpt>
			<trkpt lat="48.560061" lon="14.340337">
				<ele>681.000000</ele>
			</trkpt>
			<trkpt lat="48.560252" lon="14.340472">
				<ele>680.000000</ele>
			</trkpt>
			<trkpt lat="48.560382" lon="14.340589">
				<ele>680.000000</ele>
			</trkpt>
			<trkpt lat="48.560495" lon="14.340723">
				<ele>680.000000</ele>
			</trkpt>
			<trkpt lat="48.560626" lon="14.340893">
				<ele>680.000000</ele>
			</trkpt>
			<trkpt lat="48.560750" lon="14.341109">
				<ele>681.000000</ele>
			</trkpt>
			<trkpt lat="48.560870" lon="14.341371">
				<ele>682.000000</ele>
			</trkpt>
			<trkpt lat="48.560995" lon="14.341675">
				<ele>683.000000</ele>
			</trkpt>
			<trkpt lat="48.561090" lon="14.341891">
				<ele>684.000000</ele>
			</trkpt>
			<trkpt lat="48.561131" lon="14.341971">
				<ele>684.000000</ele>
			</trkpt>
			<trkpt lat="48.561191" lon="14.342053">
				<ele>684.000000</ele>
			</trkpt>
			<trkpt lat="48.561262" lon="14.342124">
				<ele>685.000000</ele>
			</trkpt>
			<trkpt lat="48.561333" lon="14.342161">
				<ele>685.000000</ele>
			</trkpt>
			<trkpt lat="48.561459" lon="14.342197">
				<ele>685.000000</ele>
			</trkpt>
			<trkpt lat="48.561679" lon="14.342268">
				<ele>685.000000</ele>
			</trkpt>
			<trkpt lat="48.561845" lon="14.342358">
				<ele>685.000000</ele>
			</trkpt>
			<trkpt lat="48.562677" lon="14.342861">
				<ele>685.000000</ele>
			</trkpt>
			<trkpt lat="48.563492" lon="14.343310">
				<ele>683.000000</ele>
			</trkpt>
			<trkpt lat="48.563795" lon="14.343482">
				<ele>682.000000</ele>
			</trkpt>
			<trkpt lat="48.564021" lon="14.343661">
				<ele>681.000000</ele>
			</trkpt>
			<trkpt lat="48.564258" lon="14.343858">
				<ele>680.000000</ele>
			</trkpt>
			<trkpt lat="48.564556" lon="14.344137">
				<ele>678.000000</ele>
			</trkpt>
			<trkpt lat="48.564835" lon="14.344388">
				<ele>677.000000</ele>
			</trkpt>
			<trkpt lat="48.564954" lon="14.344487">
				<ele>676.000000</ele>
			</trkpt>
			<trkpt lat="48.565061" lon="14.344541">
				<ele>675.000000</ele>
			</trkpt>
			<trkpt lat="48.565162" lon="14.344577">
				<ele>675.000000</ele>
			</trkpt>
			<trkpt lat="48.565305" lon="14.344604">
				<ele>674.000000</ele>
			</trkpt>
			<trkpt lat="48.565721" lon="14.344648">
				<ele>672.000000</ele>
			</trkpt>
			<trkpt lat="48.566333" lon="14.344711">
				<ele>668.000000</ele>
			</trkpt>
			<trkpt lat="48.567819" lon="14.344828">
				<ele>660.000000</ele>
			</trkpt>
			<trkpt lat="48.568336" lon="14.344864">
				<ele>657.000000</ele>
			</trkpt>
			<trkpt lat="48.568574" lon="14.344883">
				<ele>656.000000</ele>
			</trkpt>
			<trkpt lat="48.568806" lon="14.344910">
				<ele>655.000000</ele>
			</trkpt>
			<trkpt lat="48.568907" lon="14.344954">
				<ele>655.000000</ele>
			</trkpt>
			<trkpt lat="48.568996" lon="14.345026">
				<ele>654.000000</ele>
			</trkpt>
			<trkpt lat="48.569014" lon="14.344973">
				<ele>654.000000</ele>
			</trkpt>
			<trkpt lat="48.569032" lon="14.344937">
				<ele>654.000000</ele>
			</trkpt>
			<trkpt lat="48.569067" lon="14.344910">
				<ele>654.000000</ele>
			</trkpt>
			<trkpt lat="48.569139" lon="14.344883">
				<ele>654.000000</ele>
			</trkpt>
			<trkpt lat="48.569442" lon="14.344684">
				<ele>653.000000</ele>
			</trkpt>
			<trkpt lat="48.569864" lon="14.344397">
				<ele>651.000000</ele>
			</trkpt>
			<trkpt lat="48.569971" lon="14.344317">
				<ele>651.000000</ele>
			</trkpt>
			<trkpt lat="48.570054" lon="14.344199">
				<ele>651.000000</ele>
			</trkpt>
			<trkpt lat="48.570113" lon="14.344092">
				<ele>650.000000</ele>
			</trkpt>
			<trkpt lat="48.570161" lon="14.344002">
				<ele>650.000000</ele>
			</trkpt>
			<trkpt lat="48.570185" lon="14.343895">
				<ele>650.000000</ele>
			</trkpt>
			<trkpt lat="48.570215" lon="14.343751">
				<ele>649.000000</ele>
			</trkpt>
			<trkpt lat="48.570221" lon="14.343633">
				<ele>648.000000</ele>
			</trkpt>
			<trkpt lat="48.570221" lon="14.343535">
				<ele>647.000000</ele>
			</trkpt>
			<trkpt lat="48.570209" lon="14.343427">
				<ele>646.000000</ele>
			</trkpt>
			<trkpt lat="48.570191" lon="14.343292">
				<ele>645.000000</ele>
			</trkpt>
			<trkpt lat="48.570156" lon="14.343130">
				<ele>643.000000</ele>
			</trkpt>
			<trkpt lat="48.570144" lon="14.342979">
				<ele>641.000000</ele>
			</trkpt>
			<trkpt lat="48.570156" lon="14.342916">
				<ele>640.000000</ele>
			</trkpt>
			<trkpt lat="48.570161" lon="14.342861">
				<ele>639.000000</ele>
			</trkpt>
			<trkpt lat="48.570227" lon="14.342763">
				<ele>637.000000</ele>
			</trkpt>
			<trkpt lat="48.570357" lon="14.342574">
				<ele>633.000000</ele>
			</trkpt>
			<trkpt lat="48.570405" lon="14.342493">
				<ele>632.000000</ele>
			</trkpt>
			<trkpt lat="48.570429" lon="14.342384">
				<ele>630.000000</ele>
			</trkpt>
			<trkpt lat="48.570459" lon="14.342277">
				<ele>629.000000</ele>
			</trkpt>
			<trkpt lat="48.570470" lon="14.342134">
				<ele>627.000000</ele>
			</trkpt>
			<trkpt lat="48.570500" lon="14.342044">
				<ele>626.000000</ele>
			</trkpt>
			<trkpt lat="48.570589" lon="14.341541">
				<ele>622.000000</ele>
			</trkpt>
			<trkpt lat="48.570631" lon="14.341226">
				<ele>621.000000</ele>
			</trkpt>
			<trkpt lat="48.570708" lon="14.340696">
				<ele>624.000000</ele>
			</trkpt>
			<trkpt lat="48.570744" lon="14.340562">
				<ele>625.000000</ele>
			</trkpt>
			<trkpt lat="48.570797" lon="14.340453">
				<ele>625.000000</ele>
			</trkpt>
			<trkpt lat="48.570868" lon="14.340355">
				<ele>625.000000</ele>
			</trkpt>
			<trkpt lat="48.570868" lon="14.340355">
				<ele>625.000000</ele>
			</trkpt>
			<trkpt lat="48.570868" lon="14.340355">
				<ele>625.000000</ele>
			</trkpt>
			<trkpt lat="48.570976" lon="14.340274">
				<ele>625.000000</ele>
			</trkpt>
			<trkpt lat="48.571082" lon="14.340203">
				<ele>625.000000</ele>
			</trkpt>
			<trkpt lat="48.571273" lon="14.340103">
				<ele>625.000000</ele>
			</trkpt>
			<trkpt lat="48.571350" lon="14.340067">
				<ele>625.000000</ele>
			</trkpt>
			<trkpt lat="48.571422" lon="14.340050">
				<ele>625.000000</ele>
			</trkpt>
			<trkpt lat="48.571665" lon="14.340004">
				<ele>626.000000</ele>
			</trkpt>
			<trkpt lat="48.571736" lon="14.340004">
				<ele>626.000000</ele>
			</trkpt>
			<trkpt lat="48.571802" lon="14.340004">
				<ele>626.000000</ele>
			</trkpt>
			<trkpt lat="48.571956" lon="14.340067">
				<ele>626.000000</ele>
			</trkpt>
			<trkpt lat="48.572182" lon="14.340149">
				<ele>627.000000</ele>
			</trkpt>
			<trkpt lat="48.572331" lon="14.340211">
				<ele>628.000000</ele>
			</trkpt>
			<trkpt lat="48.572480" lon="14.340239">
				<ele>628.000000</ele>
			</trkpt>
			<trkpt lat="48.572592" lon="14.340256">
				<ele>629.000000</ele>
			</trkpt>
			<trkpt lat="48.572699" lon="14.340239">
				<ele>629.000000</ele>
			</trkpt>
			<trkpt lat="48.572818" lon="14.340193">
				<ele>629.000000</ele>
			</trkpt>
			<trkpt lat="48.572955" lon="14.340113">
				<ele>630.000000</ele>
			</trkpt>
			<trkpt lat="48.573103" lon="14.340004">
				<ele>630.000000</ele>
			</trkpt>
			<trkpt lat="48.573223" lon="14.339933">
				<ele>631.000000</ele>
			</trkpt>
			<trkpt lat="48.573329" lon="14.339906">
				<ele>631.000000</ele>
			</trkpt>
			<trkpt lat="48.573454" lon="14.339906">
				<ele>631.000000</ele>
			</trkpt>
			<trkpt lat="48.573591" lon="14.339924">
				<ele>632.000000</ele>
			</trkpt>
			<trkpt lat="48.573692" lon="14.339969">
				<ele>632.000000</ele>
			</trkpt>
			<trkpt lat="48.573769" lon="14.340023">
				<ele>632.000000</ele>
			</trkpt>
			<trkpt lat="48.573846" lon="14.340086">
				<ele>632.000000</ele>
			</trkpt>
			<trkpt lat="48.573923" lon="14.340193">
				<ele>633.000000</ele>
			</trkpt>
			<trkpt lat="48.574090" lon="14.340400">
				<ele>633.000000</ele>
			</trkpt>
			<trkpt lat="48.574143" lon="14.340453">
				<ele>634.000000</ele>
			</trkpt>
			<trkpt lat="48.574197" lon="14.340490">
				<ele>634.000000</ele>
			</trkpt>
			<trkpt lat="48.574263" lon="14.340499">
				<ele>634.000000</ele>
			</trkpt>
			<trkpt lat="48.574369" lon="14.340526">
				<ele>634.000000</ele>
			</trkpt>
			<trkpt lat="48.574512" lon="14.340553">
				<ele>635.000000</ele>
			</trkpt>
			<trkpt lat="48.574595" lon="14.340553">
				<ele>635.000000</ele>
			</trkpt>
			<trkpt lat="48.574911" lon="14.340543">
				<ele>638.000000</ele>
			</trkpt>
			<trkpt lat="48.574988" lon="14.340543">
				<ele>639.000000</ele>
			</trkpt>
			<trkpt lat="48.575053" lon="14.340570">
				<ele>640.000000</ele>
			</trkpt>
			<trkpt lat="48.575226" lon="14.340679">
				<ele>642.000000</ele>
			</trkpt>
			<trkpt lat="48.575362" lon="14.340768">
				<ele>643.000000</ele>
			</trkpt>
			<trkpt lat="48.575529" lon="14.340866">
				<ele>645.000000</ele>
			</trkpt>
			<trkpt lat="48.575701" lon="14.340921">
				<ele>646.000000</ele>
			</trkpt>
			<trkpt lat="48.575790" lon="14.340939">
				<ele>646.000000</ele>
			</trkpt>
			<trkpt lat="48.575861" lon="14.340983">
				<ele>646.000000</ele>
			</trkpt>
			<trkpt lat="48.575921" lon="14.341046">
				<ele>646.000000</ele>
			</trkpt>
			<trkpt lat="48.575998" lon="14.341145">
				<ele>647.000000</ele>
			</trkpt>
			<trkpt lat="48.576117" lon="14.341316">
				<ele>647.000000</ele>
			</trkpt>
			<trkpt lat="48.576283" lon="14.341577">
				<ele>648.000000</ele>
			</trkpt>
			<trkpt lat="48.576403" lon="14.341747">
				<ele>649.000000</ele>
			</trkpt>
			<trkpt lat="48.576515" lon="14.341882">
				<ele>649.000000</ele>
			</trkpt>
			<trkpt lat="48.576664" lon="14.341990">
				<ele>650.000000</ele>
			</trkpt>
			<trkpt lat="48.576854" lon="14.342071">
				<ele>651.000000</ele>
			</trkpt>
			<trkpt lat="48.577109" lon="14.342143">
				<ele>654.000000</ele>
			</trkpt>
			<trkpt lat="48.577204" lon="14.342161">
				<ele>655.000000</ele>
			</trkpt>
			<trkpt lat="48.577282" lon="14.342161">
				<ele>656.000000</ele>
			</trkpt>
			<trkpt lat="48.577365" lon="14.342161">
				<ele>656.000000</ele>
			</trkpt>
			<trkpt lat="48.577437" lon="14.342124">
				<ele>656.000000</ele>
			</trkpt>
			<trkpt lat="48.577520" lon="14.342071">
				<ele>657.000000</ele>
			</trkpt>
			<trkpt lat="48.577591" lon="14.342017">
				<ele>657.000000</ele>
			</trkpt>
			<trkpt lat="48.577650" lon="14.341918">
				<ele>657.000000</ele>
			</trkpt>
			<trkpt lat="48.577704" lon="14.341828">
				<ele>658.000000</ele>
			</trkpt>
			<trkpt lat="48.577752" lon="14.341721">
				<ele>658.000000</ele>
			</trkpt>
			<trkpt lat="48.577781" lon="14.341585">
				<ele>659.000000</ele>
			</trkpt>
			<trkpt lat="48.577811" lon="14.341459">
				<ele>659.000000</ele>
			</trkpt>
			<trkpt lat="48.577817" lon="14.341298">
				<ele>659.000000</ele>
			</trkpt>
			<trkpt lat="48.577829" lon="14.341136">
				<ele>660.000000</ele>
			</trkpt>
			<trkpt lat="48.577817" lon="14.340983">
				<ele>661.000000</ele>
			</trkpt>
			<trkpt lat="48.577781" lon="14.340616">
				<ele>664.000000</ele>
			</trkpt>
			<trkpt lat="48.577715" lon="14.340203">
				<ele>668.000000</ele>
			</trkpt>
			<trkpt lat="48.577704" lon="14.340023">
				<ele>669.000000</ele>
			</trkpt>
			<trkpt lat="48.577704" lon="14.339861">
				<ele>671.000000</ele>
			</trkpt>
			<trkpt lat="48.577710" lon="14.339708">
				<ele>673.000000</ele>
			</trkpt>
			<trkpt lat="48.577728" lon="14.339564">
				<ele>674.000000</ele>
			</trkpt>
			<trkpt lat="48.577752" lon="14.339430">
				<ele>675.000000</ele>
			</trkpt>
			<trkpt lat="48.577787" lon="14.339258">
				<ele>677.000000</ele>
			</trkpt>
			<trkpt lat="48.577906" lon="14.338908">
				<ele>680.000000</ele>
			</trkpt>
			<trkpt lat="48.578179" lon="14.338118">
				<ele>683.000000</ele>
			</trkpt>
			<trkpt lat="48.578292" lon="14.337776">
				<ele>684.000000</ele>
			</trkpt>
			<trkpt lat="48.578387" lon="14.337409">
				<ele>685.000000</ele>
			</trkpt>
			<trkpt lat="48.578495" lon="14.336977">
				<ele>688.000000</ele>
			</trkpt>
			<trkpt lat="48.578566" lon="14.336690">
				<ele>690.000000</ele>
			</trkpt>
			<trkpt lat="48.578637" lon="14.336447">
				<ele>692.000000</ele>
			</trkpt>
			<trkpt lat="48.578714" lon="14.336205">
				<ele>693.000000</ele>
			</trkpt>
			<trkpt lat="48.578875" lon="14.335809">
				<ele>695.000000</ele>
			</trkpt>
			<trkpt lat="48.579000" lon="14.335531">
				<ele>695.000000</ele>
			</trkpt>
			<trkpt lat="48.579035" lon="14.335423">
				<ele>695.000000</ele>
			</trkpt>
			<trkpt lat="48.579059" lon="14.335297">
				<ele>695.000000</ele>
			</trkpt>
			<trkpt lat="48.579071" lon="14.335163">
				<ele>695.000000</ele>
			</trkpt>
			<trkpt lat="48.579071" lon="14.335073">
				<ele>695.000000</ele>
			</trkpt>
			<trkpt lat="48.579077" lon="14.334974">
				<ele>695.000000</ele>
			</trkpt>
			<trkpt lat="48.579095" lon="14.334786">
				<ele>695.000000</ele>
			</trkpt>
			<trkpt lat="48.579118" lon="14.334461">
				<ele>695.000000</ele>
			</trkpt>
			<trkpt lat="48.579154" lon="14.334220">
				<ele>695.000000</ele>
			</trkpt>
			<trkpt lat="48.579207" lon="14.333995">
				<ele>695.000000</ele>
			</trkpt>
			<trkpt lat="48.579285" lon="14.333779">
				<ele>695.000000</ele>
			</trkpt>
			<trkpt lat="48.579386" lon="14.333564">
				<ele>695.000000</ele>
			</trkpt>
			<trkpt lat="48.579606" lon="14.333123">
				<ele>693.000000</ele>
			</trkpt>
			<trkpt lat="48.579659" lon="14.332998">
				<ele>693.000000</ele>
			</trkpt>
			<trkpt lat="48.579712" lon="14.332836">
				<ele>692.000000</ele>
			</trkpt>
			<trkpt lat="48.579790" lon="14.332639">
				<ele>690.000000</ele>
			</trkpt>
			<trkpt lat="48.579879" lon="14.332413">
				<ele>690.000000</ele>
			</trkpt>
			<trkpt lat="48.579980" lon="14.332226">
				<ele>689.000000</ele>
			</trkpt>
			<trkpt lat="48.580087" lon="14.332046">
				<ele>688.000000</ele>
			</trkpt>
			<trkpt lat="48.580194" lon="14.331893">
				<ele>688.000000</ele>
			</trkpt>
			<trkpt lat="48.580319" lon="14.331750">
				<ele>687.000000</ele>
			</trkpt>
			<trkpt lat="48.580693" lon="14.331318">
				<ele>686.000000</ele>
			</trkpt>
			<trkpt lat="48.581080" lon="14.330931">
				<ele>684.000000</ele>
			</trkpt>
			<trkpt lat="48.581418" lon="14.330635">
				<ele>683.000000</ele>
			</trkpt>
			<trkpt lat="48.581769" lon="14.330375">
				<ele>682.000000</ele>
			</trkpt>
			<trkpt lat="48.582423" lon="14.329926">
				<ele>680.000000</ele>
			</trkpt>
			<trkpt lat="48.582601" lon="14.329845">
				<ele>679.000000</ele>
			</trkpt>
			<trkpt lat="48.582987" lon="14.329673">
				<ele>678.000000</ele>
			</trkpt>
			<trkpt lat="48.583124" lon="14.329620">
				<ele>678.000000</ele>
			</trkpt>
			<trkpt lat="48.583266" lon="14.329521">
				<ele>677.000000</ele>
			</trkpt>
			<trkpt lat="48.583380" lon="14.329459">
				<ele>677.000000</ele>
			</trkpt>
			<trkpt lat="48.583492" lon="14.329440">
				<ele>676.000000</ele>
			</trkpt>
			<trkpt lat="48.583600" lon="14.329450">
				<ele>676.000000</ele>
			</trkpt>
			<trkpt lat="48.583849" lon="14.329530">
				<ele>675.000000</ele>
			</trkpt>
			<trkpt lat="48.584247" lon="14.329602">
				<ele>672.000000</ele>
			</trkpt>
			<trkpt lat="48.584366" lon="14.329602">
				<ele>671.000000</ele>
			</trkpt>
			<trkpt lat="48.584615" lon="14.329637">
				<ele>669.000000</ele>
			</trkpt>
			<trkpt lat="48.584717" lon="14.329656">
				<ele>668.000000</ele>
			</trkpt>
			<trkpt lat="48.584841" lon="14.329637">
				<ele>667.000000</ele>
			</trkpt>
			<trkpt lat="48.584954" lon="14.329593">
				<ele>665.000000</ele>
			</trkpt>
			<trkpt lat="48.585197" lon="14.329459">
				<ele>663.000000</ele>
			</trkpt>
			<trkpt lat="48.585429" lon="14.329287">
				<ele>661.000000</ele>
			</trkpt>
			<trkpt lat="48.585531" lon="14.329197">
				<ele>660.000000</ele>
			</trkpt>
			<trkpt lat="48.585602" lon="14.329090">
				<ele>660.000000</ele>
			</trkpt>
			<trkpt lat="48.585655" lon="14.328937">
				<ele>659.000000</ele>
			</trkpt>
			<trkpt lat="48.585697" lon="14.328748">
				<ele>658.000000</ele>
			</trkpt>
			<trkpt lat="48.585768" lon="14.328471">
				<ele>657.000000</ele>
			</trkpt>
			<trkpt lat="48.585816" lon="14.328354">
				<ele>657.000000</ele>
			</trkpt>
			<trkpt lat="48.585851" lon="14.328255">
				<ele>656.000000</ele>
			</trkpt>
			<trkpt lat="48.585946" lon="14.328075">
				<ele>655.000000</ele>
			</trkpt>
			<trkpt lat="48.586101" lon="14.327886">
				<ele>655.000000</ele>
			</trkpt>
			<trkpt lat="48.586154" lon="14.327815">
				<ele>655.000000</ele>
			</trkpt>
			<trkpt lat="48.586231" lon="14.327679">
				<ele>655.000000</ele>
			</trkpt>
			<trkpt lat="48.586303" lon="14.327599">
				<ele>655.000000</ele>
			</trkpt>
			<trkpt lat="48.586476" lon="14.327446">
				<ele>655.000000</ele>
			</trkpt>
			<trkpt lat="48.586535" lon="14.327392">
				<ele>656.000000</ele>
			</trkpt>
			<trkpt lat="48.586588" lon="14.327320">
				<ele>656.000000</ele>
			</trkpt>
			<trkpt lat="48.586624" lon="14.327230">
				<ele>657.000000</ele>
			</trkpt>
			<trkpt lat="48.586677" lon="14.327042">
				<ele>659.000000</ele>
			</trkpt>
			<trkpt lat="48.586808" lon="14.326539">
				<ele>663.000000</ele>
			</trkpt>
			<trkpt lat="48.586820" lon="14.326503">
				<ele>664.000000</ele>
			</trkpt>
			<trkpt lat="48.586844" lon="14.326476">
				<ele>664.000000</ele>
			</trkpt>
			<trkpt lat="48.586915" lon="14.326440">
				<ele>665.000000</ele>
			</trkpt>
			<trkpt lat="48.587034" lon="14.326421">
				<ele>666.000000</ele>
			</trkpt>
			<trkpt lat="48.587117" lon="14.326377">
				<ele>666.000000</ele>
			</trkpt>
			<trkpt lat="48.587230" lon="14.326314">
				<ele>667.000000</ele>
			</trkpt>
			<trkpt lat="48.587373" lon="14.326197">
				<ele>668.000000</ele>
			</trkpt>
			<trkpt lat="48.587420" lon="14.326171">
				<ele>669.000000</ele>
			</trkpt>
			<trkpt lat="48.587539" lon="14.326134">
				<ele>670.000000</ele>
			</trkpt>
			<trkpt lat="48.587628" lon="14.326063">
				<ele>671.000000</ele>
			</trkpt>
			<trkpt lat="48.587699" lon="14.325955">
				<ele>671.000000</ele>
			</trkpt>
			<trkpt lat="48.587771" lon="14.325821">
				<ele>672.000000</ele>
			</trkpt>
			<trkpt lat="48.587866" lon="14.325568">
				<ele>674.000000</ele>
			</trkpt>
			<trkpt lat="48.587955" lon="14.325352">
				<ele>675.000000</ele>
			</trkpt>
			<trkpt lat="48.588133" lon="14.325469">
				<ele>675.000000</ele>
			</trkpt>
			<trkpt lat="48.588264" lon="14.325551">
				<ele>675.000000</ele>
			</trkpt>
			<trkpt lat="48.588407" lon="14.325605">
				<ele>675.000000</ele>
			</trkpt>
			<trkpt lat="48.588460" lon="14.325605">
				<ele>675.000000</ele>
			</trkpt>
			<trkpt lat="48.588525" lon="14.325587">
				<ele>675.000000</ele>
			</trkpt>
			<trkpt lat="48.588621" lon="14.325685">
				<ele>675.000000</ele>
			</trkpt>
			<trkpt lat="48.588721" lon="14.325767">
				<ele>675.000000</ele>
			</trkpt>
			<trkpt lat="48.588829" lon="14.325847">
				<ele>675.000000</ele>
			</trkpt>
			<trkpt lat="48.588941" lon="14.325892">
				<ele>675.000000</ele>
			</trkpt>
			<trkpt lat="48.589084" lon="14.325964">
				<ele>675.000000</ele>
			</trkpt>
			<trkpt lat="48.589221" lon="14.326000">
				<ele>675.000000</ele>
			</trkpt>
			<trkpt lat="48.589369" lon="14.326027">
				<ele>675.000000</ele>
			</trkpt>
			<trkpt lat="48.589607" lon="14.326063">
				<ele>675.000000</ele>
			</trkpt>
			<trkpt lat="48.590082" lon="14.326108">
				<ele>675.000000</ele>
			</trkpt>
			<trkpt lat="48.590415" lon="14.326117">
				<ele>675.000000</ele>
			</trkpt>
			<trkpt lat="48.590587" lon="14.326134">
				<ele>675.000000</ele>
			</trkpt>
			<trkpt lat="48.590783" lon="14.326144">
				<ele>675.000000</ele>
			</trkpt>
			<trkpt lat="48.590772" lon="14.325874">
				<ele>677.000000</ele>
			</trkpt>
			<trkpt lat="48.590754" lon="14.325685">
				<ele>678.000000</ele>
			</trkpt>
			<trkpt lat="48.590736" lon="14.325479">
				<ele>679.000000</ele>
			</trkpt>
			<trkpt lat="48.590652" lon="14.325002">
				<ele>682.000000</ele>
			</trkpt>
			<trkpt lat="48.590623" lon="14.324868">
				<ele>683.000000</ele>
			</trkpt>
			<trkpt lat="48.590569" lon="14.324572">
				<ele>685.000000</ele>
			</trkpt>
			<trkpt lat="48.590552" lon="14.324337">
				<ele>687.000000</ele>
			</trkpt>
			<trkpt lat="48.590540" lon="14.324123">
				<ele>689.000000</ele>
			</trkpt>
			<trkpt lat="48.590558" lon="14.323934">
				<ele>690.000000</ele>
			</trkpt>
			<trkpt lat="48.590635" lon="14.323295">
				<ele>695.000000</ele>
			</trkpt>
			<trkpt lat="48.590700" lon="14.322586">
				<ele>701.000000</ele>
			</trkpt>
			<trkpt lat="48.590777" lon="14.321777">
				<ele>705.000000</ele>
			</trkpt>
			<trkpt lat="48.590837" lon="14.321257">
				<ele>705.000000</ele>
			</trkpt>
			<trkpt lat="48.590897" lon="14.320853">
				<ele>705.000000</ele>
			</trkpt>
			<trkpt lat="48.590968" lon="14.320457">
				<ele>705.000000</ele>
			</trkpt>
			<trkpt lat="48.591098" lon="14.319901">
				<ele>706.000000</ele>
			</trkpt>
			<trkpt lat="48.591169" lon="14.319613">
				<ele>707.000000</ele>
			</trkpt>
			<trkpt lat="48.591241" lon="14.319370">
				<ele>708.000000</ele>
			</trkpt>
			<trkpt lat="48.591497" lon="14.318616">
				<ele>711.000000</ele>
			</trkpt>
			<trkpt lat="48.591591" lon="14.318364">
				<ele>712.000000</ele>
			</trkpt>
			<trkpt lat="48.591674" lon="14.318167">
				<ele>713.000000</ele>
			</trkpt>
			<trkpt lat="48.591764" lon="14.318005">
				<ele>714.000000</ele>
			</trkpt>
			<trkpt lat="48.591894" lon="14.317815">
				<ele>715.000000</ele>
			</trkpt>
			<trkpt lat="48.592316" lon="14.317241">
				<ele>717.000000</ele>
			</trkpt>
			<trkpt lat="48.592500" lon="14.316963">
				<ele>718.000000</ele>
			</trkpt>
			<trkpt lat="48.592661" lon="14.316693">
				<ele>719.000000</ele>
			</trkpt>
			<trkpt lat="48.592732" lon="14.316559">
				<ele>719.000000</ele>
			</trkpt>
			<trkpt lat="48.592804" lon="14.316379">
				<ele>720.000000</ele>
			</trkpt>
			<trkpt lat="48.592857" lon="14.316226">
				<ele>720.000000</ele>
			</trkpt>
			<trkpt lat="48.592922" lon="14.316037">
				<ele>721.000000</ele>
			</trkpt>
			<trkpt lat="48.593023" lon="14.315633">
				<ele>724.000000</ele>
			</trkpt>
			<trkpt lat="48.593142" lon="14.315104">
				<ele>728.000000</ele>
			</trkpt>
			<trkpt lat="48.593243" lon="14.314582">
				<ele>732.000000</ele>
			</trkpt>
			<trkpt lat="48.593356" lon="14.313999">
				<ele>738.000000</ele>
			</trkpt>
			<trkpt lat="48.593487" lon="14.313414">
				<ele>743.000000</ele>
			</trkpt>
			<trkpt lat="48.593552" lon="14.313144">
				<ele>745.000000</ele>
			</trkpt>
			<trkpt lat="48.593593" lon="14.312857">
				<ele>746.000000</ele>
			</trkpt>
			<trkpt lat="48.593724" lon="14.311905">
				<ele>751.000000</ele>
			</trkpt>
			<trkpt lat="48.593784" lon="14.311492">
				<ele>752.000000</ele>
			</trkpt>
			<trkpt lat="48.593790" lon="14.311349">
				<ele>752.000000</ele>
			</trkpt>
			<trkpt lat="48.593790" lon="14.311142">
				<ele>752.000000</ele>
			</trkpt>
			<trkpt lat="48.593772" lon="14.310917">
				<ele>753.000000</ele>
			</trkpt>
			<trkpt lat="48.593713" lon="14.310549">
				<ele>754.000000</ele>
			</trkpt>
			<trkpt lat="48.593695" lon="14.310341">
				<ele>754.000000</ele>
			</trkpt>
			<trkpt lat="48.593677" lon="14.310010">
				<ele>755.000000</ele>
			</trkpt>
			<trkpt lat="48.593683" lon="14.309839">
				<ele>755.000000</ele>
			</trkpt>
			<trkpt lat="48.593695" lon="14.309704">
				<ele>755.000000</ele>
			</trkpt>
			<trkpt lat="48.593707" lon="14.309588">
				<ele>755.000000</ele>
			</trkpt>
			<trkpt lat="48.593736" lon="14.309462">
				<ele>755.000000</ele>
			</trkpt>
			<trkpt lat="48.593772" lon="14.309354">
				<ele>755.000000</ele>
			</trkpt>
			<trkpt lat="48.593813" lon="14.309246">
				<ele>755.000000</ele>
			</trkpt>
			<trkpt lat="48.593950" lon="14.309022">
				<ele>755.000000</ele>
			</trkpt>
			<trkpt lat="48.594110" lon="14.308797">
				<ele>755.000000</ele>
			</trkpt>
			<trkpt lat="48.594687" lon="14.308024">
				<ele>755.000000</ele>
			</trkpt>
			<trkpt lat="48.594841" lon="14.307818">
				<ele>755.000000</ele>
			</trkpt>
			<trkpt lat="48.594984" lon="14.307603">
				<ele>755.000000</ele>
			</trkpt>
			<trkpt lat="48.595097" lon="14.307387">
				<ele>755.000000</ele>
			</trkpt>
			<trkpt lat="48.595150" lon="14.307261">
				<ele>755.000000</ele>
			</trkpt>
			<trkpt lat="48.595186" lon="14.307162">
				<ele>755.000000</ele>
			</trkpt>
			<trkpt lat="48.595216" lon="14.307054">
				<ele>755.000000</ele>
			</trkpt>
			<trkpt lat="48.595234" lon="14.306938">
				<ele>755.000000</ele>
			</trkpt>
			<trkpt lat="48.595240" lon="14.306812">
				<ele>755.000000</ele>
			</trkpt>
			<trkpt lat="48.595246" lon="14.306649">
				<ele>755.000000</ele>
			</trkpt>
			<trkpt lat="48.595269" lon="14.305662">
				<ele>755.000000</ele>
			</trkpt>
			<trkpt lat="48.595269" lon="14.305429">
				<ele>755.000000</ele>
			</trkpt>
			<trkpt lat="48.595275" lon="14.305347">
				<ele>755.000000</ele>
			</trkpt>
			<trkpt lat="48.595299" lon="14.305051">
				<ele>755.000000</ele>
			</trkpt>
			<trkpt lat="48.595364" lon="14.304764">
				<ele>755.000000</ele>
			</trkpt>
			<trkpt lat="48.595429" lon="14.304458">
				<ele>755.000000</ele>
			</trkpt>
			<trkpt lat="48.595566" lon="14.304028">
				<ele>755.000000</ele>
			</trkpt>
			<trkpt lat="48.595751" lon="14.303452">
				<ele>755.000000</ele>
			</trkpt>
			<trkpt lat="48.596059" lon="14.302599">
				<ele>755.000000</ele>
			</trkpt>
			<trkpt lat="48.596208" lon="14.302150">
				<ele>755.000000</ele>
			</trkpt>
			<trkpt lat="48.596475" lon="14.301278">
				<ele>755.000000</ele>
			</trkpt>
			<trkpt lat="48.596719" lon="14.300460">
				<ele>755.000000</ele>
			</trkpt>
			<trkpt lat="48.596909" lon="14.299733">
				<ele>755.000000</ele>
			</trkpt>
			<trkpt lat="48.597045" lon="14.299122">
				<ele>755.000000</ele>
			</trkpt>
			<trkpt lat="48.597117" lon="14.298754">
				<ele>755.000000</ele>
			</trkpt>
			<trkpt lat="48.597153" lon="14.298439">
				<ele>755.000000</ele>
			</trkpt>
			<trkpt lat="48.597206" lon="14.297630">
				<ele>757.000000</ele>
			</trkpt>
			<trkpt lat="48.597224" lon="14.297209">
				<ele>758.000000</ele>
			</trkpt>
			<trkpt lat="48.597242" lon="14.296894">
				<ele>759.000000</ele>
			</trkpt>
			<trkpt lat="48.597265" lon="14.296625">
				<ele>760.000000</ele>
			</trkpt>
			<trkpt lat="48.597307" lon="14.296382">
				<ele>760.000000</ele>
			</trkpt>
			<trkpt lat="48.597372" lon="14.296077">
				<ele>760.000000</ele>
			</trkpt>
			<trkpt lat="48.597467" lon="14.295628">
				<ele>760.000000</ele>
			</trkpt>
			<trkpt lat="48.597658" lon="14.294640">
				<ele>760.000000</ele>
			</trkpt>
			<trkpt lat="48.597735" lon="14.294317">
				<ele>760.000000</ele>
			</trkpt>
			<trkpt lat="48.597818" lon="14.294001">
				<ele>760.000000</ele>
			</trkpt>
			<trkpt lat="48.597889" lon="14.293751">
				<ele>759.000000</ele>
			</trkpt>
			<trkpt lat="48.597931" lon="14.293642">
				<ele>759.000000</ele>
			</trkpt>
			<trkpt lat="48.597990" lon="14.293535">
				<ele>759.000000</ele>
			</trkpt>
			<trkpt lat="48.598073" lon="14.293462">
				<ele>759.000000</ele>
			</trkpt>
			<trkpt lat="48.598210" lon="14.293355">
				<ele>759.000000</ele>
			</trkpt>
			<trkpt lat="48.598341" lon="14.293248">
				<ele>758.000000</ele>
			</trkpt>
			<trkpt lat="48.598466" lon="14.293112">
				<ele>758.000000</ele>
			</trkpt>
			<trkpt lat="48.598674" lon="14.292879">
				<ele>758.000000</ele>
			</trkpt>
			<trkpt lat="48.598923" lon="14.292600">
				<ele>757.000000</ele>
			</trkpt>
			<trkpt lat="48.599185" lon="14.292286">
				<ele>757.000000</ele>
			</trkpt>
			<trkpt lat="48.599742" lon="14.291630">
				<ele>756.000000</ele>
			</trkpt>
			<trkpt lat="48.600099" lon="14.291217">
				<ele>755.000000</ele>
			</trkpt>
			<trkpt lat="48.600147" lon="14.291136">
				<ele>754.000000</ele>
			</trkpt>
			<trkpt lat="48.600188" lon="14.291019">
				<ele>754.000000</ele>
			</trkpt>
			<trkpt lat="48.600218" lon="14.290849">
				<ele>753.000000</ele>
			</trkpt>
			<trkpt lat="48.600265" lon="14.290372">
				<ele>751.000000</ele>
			</trkpt>
			<trkpt lat="48.600271" lon="14.290283">
				<ele>750.000000</ele>
			</trkpt>
			<trkpt lat="48.600271" lon="14.290283">
				<ele>750.000000</ele>
			</trkpt>
			<trkpt lat="48.600284" lon="14.290183">
				<ele>750.000000</ele>
			</trkpt>
			<trkpt lat="48.600289" lon="14.289879">
				<ele>749.000000</ele>
			</trkpt>
			<trkpt lat="48.600384" lon="14.288845">
				<ele>743.000000</ele>
			</trkpt>
			<trkpt lat="48.600432" lon="14.288298">
				<ele>740.000000</ele>
			</trkpt>
			<trkpt lat="48.600491" lon="14.287346">
				<ele>736.000000</ele>
			</trkpt>
			<trkpt lat="48.600533" lon="14.286788">
				<ele>734.000000</ele>
			</trkpt>
			<trkpt lat="48.600575" lon="14.286231">
				<ele>732.000000</ele>
			</trkpt>
			<trkpt lat="48.600598" lon="14.286051">
				<ele>732.000000</ele>
			</trkpt>
			<trkpt lat="48.600646" lon="14.285864">
				<ele>731.000000</ele>
			</trkpt>
			<trkpt lat="48.600669" lon="14.285728">
				<ele>731.000000</ele>
			</trkpt>
			<trkpt lat="48.600776" lon="14.285414">
				<ele>730.000000</ele>
			</trkpt>
			<trkpt lat="48.600889" lon="14.284893">
				<ele>730.000000</ele>
			</trkpt>
			<trkpt lat="48.600937" lon="14.284722">
				<ele>730.000000</ele>
			</trkpt>
			<trkpt lat="48.601002" lon="14.284516">
				<ele>729.000000</ele>
			</trkpt>
			<trkpt lat="48.601109" lon="14.284300">
				<ele>729.000000</ele>
			</trkpt>
			<trkpt lat="48.601210" lon="14.284103">
				<ele>729.000000</ele>
			</trkpt>
			<trkpt lat="48.601263" lon="14.283959">
				<ele>729.000000</ele>
			</trkpt>
			<trkpt lat="48.601406" lon="14.283950">
				<ele>729.000000</ele>
			</trkpt>
			<trkpt lat="48.601543" lon="14.283940">
				<ele>728.000000</ele>
			</trkpt>
			<trkpt lat="48.601721" lon="14.283923">
				<ele>728.000000</ele>
			</trkpt>
			<trkpt lat="48.601929" lon="14.283940">
				<ele>727.000000</ele>
			</trkpt>
			<trkpt lat="48.602125" lon="14.283994">
				<ele>727.000000</ele>
			</trkpt>
			<trkpt lat="48.602327" lon="14.284103">
				<ele>726.000000</ele>
			</trkpt>
			<trkpt lat="48.602457" lon="14.284210">
				<ele>726.000000</ele>
			</trkpt>
			<trkpt lat="48.602523" lon="14.284273">
				<ele>726.000000</ele>
			</trkpt>
			<trkpt lat="48.602570" lon="14.284327">
				<ele>726.000000</ele>
			</trkpt>
			<trkpt lat="48.602606" lon="14.284399">
				<ele>726.000000</ele>
			</trkpt>
			<trkpt lat="48.602642" lon="14.284489">
				<ele>725.000000</ele>
			</trkpt>
			<trkpt lat="48.602707" lon="14.284696">
				<ele>725.000000</ele>
			</trkpt>
			<trkpt lat="48.602755" lon="14.284866">
				<ele>724.000000</ele>
			</trkpt>
			<trkpt lat="48.602796" lon="14.285001">
				<ele>723.000000</ele>
			</trkpt>
			<trkpt lat="48.602856" lon="14.285126">
				<ele>723.000000</ele>
			</trkpt>
			<trkpt lat="48.602945" lon="14.285270">
				<ele>722.000000</ele>
			</trkpt>
			<trkpt lat="48.603070" lon="14.285449">
				<ele>720.000000</ele>
			</trkpt>
			<trkpt lat="48.603355" lon="14.285801">
				<ele>719.000000</ele>
			</trkpt>
			<trkpt lat="48.603450" lon="14.285917">
				<ele>718.000000</ele>
			</trkpt>
			<trkpt lat="48.603563" lon="14.286007">
				<ele>718.000000</ele>
			</trkpt>
			<trkpt lat="48.603669" lon="14.286078">
				<ele>717.000000</ele>
			</trkpt>
			<trkpt lat="48.603794" lon="14.286141">
				<ele>717.000000</ele>
			</trkpt>
			<trkpt lat="48.603919" lon="14.286168">
				<ele>716.000000</ele>
			</trkpt>
			<trkpt lat="48.604020" lon="14.286195">
				<ele>716.000000</ele>
			</trkpt>
			<trkpt lat="48.604091" lon="14.286195">
				<ele>715.000000</ele>
			</trkpt>
			<trkpt lat="48.604174" lon="14.286177">
				<ele>715.000000</ele>
			</trkpt>
			<trkpt lat="48.604246" lon="14.286151">
				<ele>715.000000</ele>
			</trkpt>
			<trkpt lat="48.604323" lon="14.286097">
				<ele>714.000000</ele>
			</trkpt>
			<trkpt lat="48.604418" lon="14.286025">
				<ele>714.000000</ele>
			</trkpt>
			<trkpt lat="48.604495" lon="14.285925">
				<ele>713.000000</ele>
			</trkpt>
			<trkpt lat="48.604614" lon="14.285809">
				<ele>713.000000</ele>
			</trkpt>
			<trkpt lat="48.604721" lon="14.285711">
				<ele>712.000000</ele>
			</trkpt>
			<trkpt lat="48.604834" lon="14.285629">
				<ele>712.000000</ele>
			</trkpt>
			<trkpt lat="48.605024" lon="14.285531">
				<ele>711.000000</ele>
			</trkpt>
			<trkpt lat="48.605273" lon="14.285405">
				<ele>710.000000</ele>
			</trkpt>
			<trkpt lat="48.605445" lon="14.285333">
				<ele>709.000000</ele>
			</trkpt>
			<trkpt lat="48.605624" lon="14.285279">
				<ele>709.000000</ele>
			</trkpt>
			<trkpt lat="48.605855" lon="14.285208">
				<ele>708.000000</ele>
			</trkpt>
			<trkpt lat="48.606182" lon="14.285118">
				<ele>707.000000</ele>
			</trkpt>
			<trkpt lat="48.606390" lon="14.285063">
				<ele>707.000000</ele>
			</trkpt>
			<trkpt lat="48.606414" lon="14.284767">
				<ele>705.000000</ele>
			</trkpt>
			<trkpt lat="48.606431" lon="14.284669">
				<ele>705.000000</ele>
			</trkpt>
			<trkpt lat="48.606455" lon="14.284569">
				<ele>705.000000</ele>
			</trkpt>
			<trkpt lat="48.606491" lon="14.284435">
				<ele>706.000000</ele>
			</trkpt>
			<trkpt lat="48.606520" lon="14.284317">
				<ele>706.000000</ele>
			</trkpt>
			<trkpt lat="48.606526" lon="14.284193">
				<ele>707.000000</ele>
			</trkpt>
			<trkpt lat="48.606526" lon="14.284013">
				<ele>707.000000</ele>
			</trkpt>
			<trkpt lat="48.606526" lon="14.283841">
				<ele>708.000000</ele>
			</trkpt>
			<trkpt lat="48.606532" lon="14.283717">
				<ele>708.000000</ele>
			</trkpt>
			<trkpt lat="48.606538" lon="14.283627">
				<ele>708.000000</ele>
			</trkpt>
			<trkpt lat="48.606568" lon="14.283510">
				<ele>709.000000</ele>
			</trkpt>
			<trkpt lat="48.606592" lon="14.283375">
				<ele>709.000000</ele>
			</trkpt>
			<trkpt lat="48.606628" lon="14.283285">
				<ele>709.000000</ele>
			</trkpt>
			<trkpt lat="48.606657" lon="14.283177">
				<ele>710.000000</ele>
			</trkpt>
			<trkpt lat="48.606675" lon="14.283078">
				<ele>711.000000</ele>
			</trkpt>
			<trkpt lat="48.606675" lon="14.282998">
				<ele>712.000000</ele>
			</trkpt>
			<trkpt lat="48.606651" lon="14.282917">
				<ele>714.000000</ele>
			</trkpt>
			<trkpt lat="48.606628" lon="14.282818">
				<ele>716.000000</ele>
			</trkpt>
			<trkpt lat="48.606574" lon="14.282755">
				<ele>717.000000</ele>
			</trkpt>
			<trkpt lat="48.606497" lon="14.282701">
				<ele>718.000000</ele>
			</trkpt>
			<trkpt lat="48.606390" lon="14.282692">
				<ele>720.000000</ele>
			</trkpt>
			<trkpt lat="48.606265" lon="14.282665">
				<ele>723.000000</ele>
			</trkpt>
			<trkpt lat="48.606140" lon="14.282611">
				<ele>725.000000</ele>
			</trkpt>
			<trkpt lat="48.606010" lon="14.282548">
				<ele>728.000000</ele>
			</trkpt>
			<trkpt lat="48.605802" lon="14.282396">
				<ele>733.000000</ele>
			</trkpt>
			<trkpt lat="48.605766" lon="14.282369">
				<ele>734.000000</ele>
			</trkpt>
			<trkpt lat="48.605713" lon="14.282333">
				<ele>735.000000</ele>
			</trkpt>
			<trkpt lat="48.605671" lon="14.282261">
				<ele>736.000000</ele>
			</trkpt>
			<trkpt lat="48.605630" lon="14.282172">
				<ele>737.000000</ele>
			</trkpt>
			<trkpt lat="48.605624" lon="14.282046">
				<ele>738.000000</ele>
			</trkpt>
			<trkpt lat="48.605612" lon="14.281910">
				<ele>739.000000</ele>
			</trkpt>
			<trkpt lat="48.605618" lon="14.281614">
				<ele>741.000000</ele>
			</trkpt>
			<trkpt lat="48.605618" lon="14.281480">
				<ele>742.000000</ele>
			</trkpt>
			<trkpt lat="48.605606" lon="14.281219">
				<ele>743.000000</ele>
			</trkpt>
			<trkpt lat="48.605618" lon="14.280977">
				<ele>744.000000</ele>
			</trkpt>
			<trkpt lat="48.605635" lon="14.280743">
				<ele>745.000000</ele>
			</trkpt>
			<trkpt lat="48.605695" lon="14.280285">
				<ele>748.000000</ele>
			</trkpt>
			<trkpt lat="48.605665" lon="14.280096">
				<ele>749.000000</ele>
			</trkpt>
			<trkpt lat="48.605635" lon="14.279969">
				<ele>750.000000</ele>
			</trkpt>
			<trkpt lat="48.605529" lon="14.279556">
				<ele>753.000000</ele>
			</trkpt>
			<trkpt lat="48.605452" lon="14.279170">
				<ele>756.000000</ele>
			</trkpt>
			<trkpt lat="48.605398" lon="14.278866">
				<ele>758.000000</ele>
			</trkpt>
			<trkpt lat="48.605226" lon="14.277751">
				<ele>765.000000</ele>
			</trkpt>
			<trkpt lat="48.605178" lon="14.277482">
				<ele>767.000000</ele>
			</trkpt>
			<trkpt lat="48.605065" lon="14.276682">
				<ele>772.000000</ele>
			</trkpt>
			<trkpt lat="48.605024" lon="14.276440">
				<ele>774.000000</ele>
			</trkpt>
			<trkpt lat="48.604959" lon="14.276170">
				<ele>776.000000</ele>
			</trkpt>
			<trkpt lat="48.604893" lon="14.275937">
				<ele>777.000000</ele>
			</trkpt>
			<trkpt lat="48.604739" lon="14.275451">
				<ele>781.000000</ele>
			</trkpt>
			<trkpt lat="48.604679" lon="14.275254">
				<ele>782.000000</ele>
			</trkpt>
			<trkpt lat="48.604626" lon="14.275011">
				<ele>784.000000</ele>
			</trkpt>
			<trkpt lat="48.604590" lon="14.274751">
				<ele>785.000000</ele>
			</trkpt>
			<trkpt lat="48.604531" lon="14.274293">
				<ele>788.000000</ele>
			</trkpt>
			<trkpt lat="48.604501" lon="14.273969">
				<ele>790.000000</ele>
			</trkpt>
			<trkpt lat="48.604483" lon="14.273637">
				<ele>792.000000</ele>
			</trkpt>
			<trkpt lat="48.604459" lon="14.273260">
				<ele>795.000000</ele>
			</trkpt>
			<trkpt lat="48.604448" lon="14.272964">
				<ele>797.000000</ele>
			</trkpt>
			<trkpt lat="48.604459" lon="14.272748">
				<ele>798.000000</ele>
			</trkpt>
			<trkpt lat="48.604465" lon="14.272505">
				<ele>800.000000</ele>
			</trkpt>
			<trkpt lat="48.604489" lon="14.272298">
				<ele>801.000000</ele>
			</trkpt>
			<trkpt lat="48.604519" lon="14.272092">
				<ele>802.000000</ele>
			</trkpt>
			<trkpt lat="48.604560" lon="14.271885">
				<ele>803.000000</ele>
			</trkpt>
			<trkpt lat="48.604614" lon="14.271688">
				<ele>805.000000</ele>
			</trkpt>
			<trkpt lat="48.604685" lon="14.271409">
				<ele>807.000000</ele>
			</trkpt>
			<trkpt lat="48.604834" lon="14.270933">
				<ele>811.000000</ele>
			</trkpt>
			<trkpt lat="48.604947" lon="14.270619">
				<ele>813.000000</ele>
			</trkpt>
			<trkpt lat="48.605083" lon="14.270322">
				<ele>815.000000</ele>
			</trkpt>
			<trkpt lat="48.605261" lon="14.269981">
				<ele>818.000000</ele>
			</trkpt>
			<trkpt lat="48.605350" lon="14.269819">
				<ele>819.000000</ele>
			</trkpt>
			<trkpt lat="48.605398" lon="14.269666">
				<ele>821.000000</ele>
			</trkpt>
			<trkpt lat="48.605433" lon="14.269532">
				<ele>823.000000</ele>
			</trkpt>
			<trkpt lat="48.605445" lon="14.269369">
				<ele>824.000000</ele>
			</trkpt>
			<trkpt lat="48.605452" lon="14.269271">
				<ele>825.000000</ele>
			</trkpt>
			<trkpt lat="48.605481" lon="14.269190">
				<ele>826.000000</ele>
			</trkpt>
			<trkpt lat="48.605517" lon="14.269119">
				<ele>827.000000</ele>
			</trkpt>
			<trkpt lat="48.605612" lon="14.268975">
				<ele>829.000000</ele>
			</trkpt>
			<trkpt lat="48.605713" lon="14.268832">
				<ele>831.000000</ele>
			</trkpt>
			<trkpt lat="48.605784" lon="14.268742">
				<ele>832.000000</ele>
			</trkpt>
			<trkpt lat="48.605879" lon="14.268643">
				<ele>834.000000</ele>
			</trkpt>
			<trkpt lat="48.605962" lon="14.268570">
				<ele>835.000000</ele>
			</trkpt>
			<trkpt lat="48.606057" lon="14.268516">
				<ele>836.000000</ele>
			</trkpt>
			<trkpt lat="48.606158" lon="14.268490">
				<ele>836.000000</ele>
			</trkpt>
			<trkpt lat="48.606260" lon="14.268472">
				<ele>837.000000</ele>
			</trkpt>
			<trkpt lat="48.606366" lon="14.268472">
				<ele>837.000000</ele>
			</trkpt>
			<trkpt lat="48.606538" lon="14.268499">
				<ele>838.000000</ele>
			</trkpt>
			<trkpt lat="48.606699" lon="14.268562">
				<ele>839.000000</ele>
			</trkpt>
			<trkpt lat="48.606842" lon="14.268652">
				<ele>840.000000</ele>
			</trkpt>
			<trkpt lat="48.606978" lon="14.268786">
				<ele>841.000000</ele>
			</trkpt>
			<trkpt lat="48.607139" lon="14.268832">
				<ele>842.000000</ele>
			</trkpt>
			<trkpt lat="48.607393" lon="14.268921">
				<ele>843.000000</ele>
			</trkpt>
			<trkpt lat="48.607619" lon="14.269011">
				<ele>845.000000</ele>
			</trkpt>
			<trkpt lat="48.607703" lon="14.269046">
				<ele>845.000000</ele>
			</trkpt>
			<trkpt lat="48.607798" lon="14.269119">
				<ele>847.000000</ele>
			</trkpt>
			<trkpt lat="48.607929" lon="14.269199">
				<ele>848.000000</ele>
			</trkpt>
			<trkpt lat="48.608041" lon="14.269245">
				<ele>850.000000</ele>
			</trkpt>
			<trkpt lat="48.608172" lon="14.269262">
				<ele>851.000000</ele>
			</trkpt>
			<trkpt lat="48.608314" lon="14.269262">
				<ele>853.000000</ele>
			</trkpt>
			<trkpt lat="48.608421" lon="14.269245">
				<ele>854.000000</ele>
			</trkpt>
			<trkpt lat="48.608528" lon="14.269253">
				<ele>855.000000</ele>
			</trkpt>
			<trkpt lat="48.608635" lon="14.269280">
				<ele>856.000000</ele>
			</trkpt>
			<trkpt lat="48.608825" lon="14.269361">
				<ele>858.000000</ele>
			</trkpt>
			<trkpt lat="48.608932" lon="14.269388">
				<ele>859.000000</ele>
			</trkpt>
			<trkpt lat="48.609027" lon="14.269398">
				<ele>860.000000</ele>
			</trkpt>
			<trkpt lat="48.609134" lon="14.269379">
				<ele>862.000000</ele>
			</trkpt>
			<trkpt lat="48.609294" lon="14.269352">
				<ele>866.000000</ele>
			</trkpt>
			<trkpt lat="48.609401" lon="14.269335">
				<ele>869.000000</ele>
			</trkpt>
			<trkpt lat="48.609502" lon="14.269335">
				<ele>871.000000</ele>
			</trkpt>
			<trkpt lat="48.609591" lon="14.269361">
				<ele>873.000000</ele>
			</trkpt>
			<trkpt lat="48.609710" lon="14.269415">
				<ele>875.000000</ele>
			</trkpt>
			<trkpt lat="48.609823" lon="14.269469">
				<ele>877.000000</ele>
			</trkpt>
			<trkpt lat="48.609924" lon="14.269549">
				<ele>880.000000</ele>
			</trkpt>
			<trkpt lat="48.610031" lon="14.269612">
				<ele>882.000000</ele>
			</trkpt>
			<trkpt lat="48.610144" lon="14.269702">
				<ele>884.000000</ele>
			</trkpt>
			<trkpt lat="48.610227" lon="14.269837">
				<ele>885.000000</ele>
			</trkpt>
			<trkpt lat="48.610340" lon="14.270071">
				<ele>885.000000</ele>
			</trkpt>
			<trkpt lat="48.610678" lon="14.270798">
				<ele>885.000000</ele>
			</trkpt>
			<trkpt lat="48.610868" lon="14.271176">
				<ele>885.000000</ele>
			</trkpt>
			<trkpt lat="48.611065" lon="14.271499">
				<ele>885.000000</ele>
			</trkpt>
			<trkpt lat="48.611219" lon="14.271715">
				<ele>885.000000</ele>
			</trkpt>
			<trkpt lat="48.611290" lon="14.272145">
				<ele>885.000000</ele>
			</trkpt>
			<trkpt lat="48.611326" lon="14.272281">
				<ele>885.000000</ele>
			</trkpt>
			<trkpt lat="48.611391" lon="14.272461">
				<ele>885.000000</ele>
			</trkpt>
			<trkpt lat="48.611409" lon="14.272568">
				<ele>885.000000</ele>
			</trkpt>
			<trkpt lat="48.611427" lon="14.272675">
				<ele>885.000000</ele>
			</trkpt>
			<trkpt lat="48.611433" lon="14.272765">
				<ele>885.000000</ele>
			</trkpt>
			<trkpt lat="48.611433" lon="14.272891">
				<ele>885.000000</ele>
			</trkpt>
			<trkpt lat="48.611421" lon="14.273000">
				<ele>885.000000</ele>
			</trkpt>
			<trkpt lat="48.611421" lon="14.273090">
				<ele>885.000000</ele>
			</trkpt>
			<trkpt lat="48.611421" lon="14.273179">
				<ele>885.000000</ele>
			</trkpt>
			<trkpt lat="48.611444" lon="14.273241">
				<ele>885.000000</ele>
			</trkpt>
			<trkpt lat="48.611468" lon="14.273323">
				<ele>885.000000</ele>
			</trkpt>
			<trkpt lat="48.611533" lon="14.273503">
				<ele>885.000000</ele>
			</trkpt>
			<trkpt lat="48.611545" lon="14.273566">
				<ele>885.000000</ele>
			</trkpt>
			<trkpt lat="48.611545" lon="14.273637">
				<ele>885.000000</ele>
			</trkpt>
			<trkpt lat="48.611545" lon="14.273700">
				<ele>885.000000</ele>
			</trkpt>
			<trkpt lat="48.611552" lon="14.273772">
				<ele>885.000000</ele>
			</trkpt>
			<trkpt lat="48.611581" lon="14.273835">
				<ele>885.000000</ele>
			</trkpt>
			<trkpt lat="48.611617" lon="14.273889">
				<ele>885.000000</ele>
			</trkpt>
			<trkpt lat="48.611664" lon="14.273987">
				<ele>886.000000</ele>
			</trkpt>
			<trkpt lat="48.611682" lon="14.274023">
				<ele>886.000000</ele>
			</trkpt>
			<trkpt lat="48.611682" lon="14.274023">
				<ele>886.000000</ele>
			</trkpt>
			<trkpt lat="48.611664" lon="14.273987">
				<ele>886.000000</ele>
			</trkpt>
			<trkpt lat="48.611617" lon="14.273889">
				<ele>885.000000</ele>
			</trkpt>
			<trkpt lat="48.611581" lon="14.273835">
				<ele>885.000000</ele>
			</trkpt>
			<trkpt lat="48.611552" lon="14.273772">
				<ele>885.000000</ele>
			</trkpt>
			<trkpt lat="48.611545" lon="14.273700">
				<ele>885.000000</ele>
			</trkpt>
			<trkpt lat="48.611545" lon="14.273637">
				<ele>885.000000</ele>
			</trkpt>
			<trkpt lat="48.611545" lon="14.273566">
				<ele>885.000000</ele>
			</trkpt>
			<trkpt lat="48.611533" lon="14.273503">
				<ele>885.000000</ele>
			</trkpt>
			<trkpt lat="48.611468" lon="14.273323">
				<ele>885.000000</ele>
			</trkpt>
			<trkpt lat="48.611444" lon="14.273241">
				<ele>885.000000</ele>
			</trkpt>
			<trkpt lat="48.611421" lon="14.273179">
				<ele>885.000000</ele>
			</trkpt>
			<trkpt lat="48.611421" lon="14.273090">
				<ele>885.000000</ele>
			</trkpt>
			<trkpt lat="48.611421" lon="14.273000">
				<ele>885.000000</ele>
			</trkpt>
			<trkpt lat="48.611433" lon="14.272891">
				<ele>885.000000</ele>
			</trkpt>
			<trkpt lat="48.611433" lon="14.272765">
				<ele>885.000000</ele>
			</trkpt>
			<trkpt lat="48.611427" lon="14.272675">
				<ele>885.000000</ele>
			</trkpt>
			<trkpt lat="48.611409" lon="14.272568">
				<ele>885.000000</ele>
			</trkpt>
			<trkpt lat="48.611391" lon="14.272461">
				<ele>885.000000</ele>
			</trkpt>
			<trkpt lat="48.611326" lon="14.272281">
				<ele>885.000000</ele>
			</trkpt>
			<trkpt lat="48.611290" lon="14.272145">
				<ele>885.000000</ele>
			</trkpt>
			<trkpt lat="48.611219" lon="14.271715">
				<ele>885.000000</ele>
			</trkpt>
			<trkpt lat="48.611273" lon="14.271643">
				<ele>885.000000</ele>
			</trkpt>
			<trkpt lat="48.611308" lon="14.271562">
				<ele>885.000000</ele>
			</trkpt>
			<trkpt lat="48.611332" lon="14.271482">
				<ele>885.000000</ele>
			</trkpt>
			<trkpt lat="48.611350" lon="14.271373">
				<ele>885.000000</ele>
			</trkpt>
			<trkpt lat="48.611356" lon="14.271274">
				<ele>884.000000</ele>
			</trkpt>
			<trkpt lat="48.611350" lon="14.271140">
				<ele>884.000000</ele>
			</trkpt>
			<trkpt lat="48.611332" lon="14.271023">
				<ele>884.000000</ele>
			</trkpt>
			<trkpt lat="48.611284" lon="14.270879">
				<ele>884.000000</ele>
			</trkpt>
			<trkpt lat="48.611124" lon="14.270277">
				<ele>883.000000</ele>
			</trkpt>
			<trkpt lat="48.611065" lon="14.270098">
				<ele>883.000000</ele>
			</trkpt>
			<trkpt lat="48.610999" lon="14.269935">
				<ele>882.000000</ele>
			</trkpt>
			<trkpt lat="48.610951" lon="14.269819">
				<ele>882.000000</ele>
			</trkpt>
			<trkpt lat="48.610904" lon="14.269685">
				<ele>882.000000</ele>
			</trkpt>
			<trkpt lat="48.610815" lon="14.269289">
				<ele>881.000000</ele>
			</trkpt>
			<trkpt lat="48.610779" lon="14.269155">
				<ele>881.000000</ele>
			</trkpt>
			<trkpt lat="48.610720" lon="14.269002">
				<ele>881.000000</ele>
			</trkpt>
			<trkpt lat="48.610660" lon="14.268866">
				<ele>881.000000</ele>
			</trkpt>
			<trkpt lat="48.610613" lon="14.268732">
				<ele>880.000000</ele>
			</trkpt>
			<trkpt lat="48.610560" lon="14.268624">
				<ele>880.000000</ele>
			</trkpt>
			<trkpt lat="48.610494" lon="14.268534">
				<ele>880.000000</ele>
			</trkpt>
			<trkpt lat="48.610411" lon="14.268445">
				<ele>880.000000</ele>
			</trkpt>
			<trkpt lat="48.610340" lon="14.268390">
				<ele>880.000000</ele>
			</trkpt>
			<trkpt lat="48.610239" lon="14.268337">
				<ele>880.000000</ele>
			</trkpt>
			<trkpt lat="48.610150" lon="14.268319">
				<ele>880.000000</ele>
			</trkpt>
			<trkpt lat="48.610037" lon="14.268310">
				<ele>880.000000</ele>
			</trkpt>
			<trkpt lat="48.609864" lon="14.268301">
				<ele>880.000000</ele>
			</trkpt>
			<trkpt lat="48.609793" lon="14.268283">
				<ele>880.000000</ele>
			</trkpt>
			<trkpt lat="48.609728" lon="14.268247">
				<ele>880.000000</ele>
			</trkpt>
			<trkpt lat="48.609675" lon="14.268211">
				<ele>880.000000</ele>
			</trkpt>
			<trkpt lat="48.609621" lon="14.268157">
				<ele>880.000000</ele>
			</trkpt>
			<trkpt lat="48.609573" lon="14.268086">
				<ele>880.000000</ele>
			</trkpt>
			<trkpt lat="48.609520" lon="14.268004">
				<ele>880.000000</ele>
			</trkpt>
			<trkpt lat="48.609390" lon="14.267790">
				<ele>880.000000</ele>
			</trkpt>
			<trkpt lat="48.609282" lon="14.267600">
				<ele>880.000000</ele>
			</trkpt>
			<trkpt lat="48.609158" lon="14.267438">
				<ele>881.000000</ele>
			</trkpt>
			<trkpt lat="48.608985" lon="14.267214">
				<ele>882.000000</ele>
			</trkpt>
			<trkpt lat="48.608796" lon="14.266989">
				<ele>883.000000</ele>
			</trkpt>
			<trkpt lat="48.608629" lon="14.266837">
				<ele>884.000000</ele>
			</trkpt>
			<trkpt lat="48.608558" lon="14.266756">
				<ele>884.000000</ele>
			</trkpt>
			<trkpt lat="48.608433" lon="14.266558">
				<ele>885.000000</ele>
			</trkpt>
			<trkpt lat="48.608403" lon="14.266532">
				<ele>885.000000</ele>
			</trkpt>
			<trkpt lat="48.608374" lon="14.266505">
				<ele>885.000000</ele>
			</trkpt>
			<trkpt lat="48.608303" lon="14.266505">
				<ele>885.000000</ele>
			</trkpt>
			<trkpt lat="48.608267" lon="14.266522">
				<ele>885.000000</ele>
			</trkpt>
			<trkpt lat="48.608249" lon="14.266549">
				<ele>885.000000</ele>
			</trkpt>
			<trkpt lat="48.608226" lon="14.266576">
				<ele>885.000000</ele>
			</trkpt>
			<trkpt lat="48.608214" lon="14.266612">
				<ele>885.000000</ele>
			</trkpt>
			<trkpt lat="48.608189" lon="14.266765">
				<ele>885.000000</ele>
			</trkpt>
			<trkpt lat="48.608178" lon="14.266828">
				<ele>885.000000</ele>
			</trkpt>
			<trkpt lat="48.608142" lon="14.266882">
				<ele>885.000000</ele>
			</trkpt>
			<trkpt lat="48.608106" lon="14.266918">
				<ele>885.000000</ele>
			</trkpt>
			<trkpt lat="48.608047" lon="14.266926">
				<ele>885.000000</ele>
			</trkpt>
			<trkpt lat="48.607994" lon="14.266918">
				<ele>885.000000</ele>
			</trkpt>
			<trkpt lat="48.607958" lon="14.266899">
				<ele>885.000000</ele>
			</trkpt>
			<trkpt lat="48.607910" lon="14.266864">
				<ele>885.000000</ele>
			</trkpt>
			<trkpt lat="48.607786" lon="14.266685">
				<ele>885.000000</ele>
			</trkpt>
			<trkpt lat="48.607703" lon="14.266595">
				<ele>885.000000</ele>
			</trkpt>
			<trkpt lat="48.607602" lon="14.266532">
				<ele>885.000000</ele>
			</trkpt>
			<trkpt lat="48.607483" lon="14.266478">
				<ele>885.000000</ele>
			</trkpt>
			<trkpt lat="48.607269" lon="14.266423">
				<ele>885.000000</ele>
			</trkpt>
			<trkpt lat="48.607204" lon="14.266396">
				<ele>885.000000</ele>
			</trkpt>
			<trkpt lat="48.607133" lon="14.266343">
				<ele>885.000000</ele>
			</trkpt>
			<trkpt lat="48.607079" lon="14.266253">
				<ele>885.000000</ele>
			</trkpt>
			<trkpt lat="48.606978" lon="14.266037">
				<ele>885.000000</ele>
			</trkpt>
			<trkpt lat="48.606925" lon="14.265884">
				<ele>885.000000</ele>
			</trkpt>
			<trkpt lat="48.606889" lon="14.265714">
				<ele>885.000000</ele>
			</trkpt>
			<trkpt lat="48.606865" lon="14.265507">
				<ele>885.000000</ele>
			</trkpt>
			<trkpt lat="48.606848" lon="14.265264">
				<ele>885.000000</ele>
			</trkpt>
			<trkpt lat="48.606776" lon="14.264870">
				<ele>885.000000</ele>
			</trkpt>
			<trkpt lat="48.606699" lon="14.264511">
				<ele>885.000000</ele>
			</trkpt>
			<trkpt lat="48.606681" lon="14.264331">
				<ele>885.000000</ele>
			</trkpt>
			<trkpt lat="48.606669" lon="14.264124">
				<ele>885.000000</ele>
			</trkpt>
			<trkpt lat="48.606693" lon="14.263926">
				<ele>885.000000</ele>
			</trkpt>
			<trkpt lat="48.606817" lon="14.263297">
				<ele>880.000000</ele>
			</trkpt>
			<trkpt lat="48.606836" lon="14.263117">
				<ele>879.000000</ele>
			</trkpt>
			<trkpt lat="48.606842" lon="14.262920">
				<ele>877.000000</ele>
			</trkpt>
			<trkpt lat="48.606848" lon="14.262507">
				<ele>874.000000</ele>
			</trkpt>
			<trkpt lat="48.606871" lon="14.262075">
				<ele>872.000000</ele>
			</trkpt>
			<trkpt lat="48.606889" lon="14.261924">
				<ele>871.000000</ele>
			</trkpt>
			<trkpt lat="48.606919" lon="14.261788">
				<ele>870.000000</ele>
			</trkpt>
			<trkpt lat="48.606954" lon="14.261671">
				<ele>870.000000</ele>
			</trkpt>
			<trkpt lat="48.606978" lon="14.261555">
				<ele>869.000000</ele>
			</trkpt>
			<trkpt lat="48.607019" lon="14.261474">
				<ele>869.000000</ele>
			</trkpt>
			<trkpt lat="48.607073" lon="14.261393">
				<ele>868.000000</ele>
			</trkpt>
			<trkpt lat="48.607139" lon="14.261321">
				<ele>867.000000</ele>
			</trkpt>
			<trkpt lat="48.607222" lon="14.261268">
				<ele>867.000000</ele>
			</trkpt>
			<trkpt lat="48.607299" lon="14.261205">
				<ele>866.000000</ele>
			</trkpt>
			<trkpt lat="48.607370" lon="14.261106">
				<ele>865.000000</ele>
			</trkpt>
			<trkpt lat="48.607424" lon="14.260998">
				<ele>864.000000</ele>
			</trkpt>
			<trkpt lat="48.607471" lon="14.260890">
				<ele>864.000000</ele>
			</trkpt>
			<trkpt lat="48.607495" lon="14.260746">
				<ele>863.000000</ele>
			</trkpt>
			<trkpt lat="48.607501" lon="14.260584">
				<ele>862.000000</ele>
			</trkpt>
			<trkpt lat="48.607513" lon="14.260423">
				<ele>861.000000</ele>
			</trkpt>
			<trkpt lat="48.607489" lon="14.260253">
				<ele>860.000000</ele>
			</trkpt>
			<trkpt lat="48.607418" lon="14.259668">
				<ele>857.000000</ele>
			</trkpt>
			<trkpt lat="48.607393" lon="14.259371">
				<ele>856.000000</ele>
			</trkpt>
			<trkpt lat="48.607364" lon="14.258976">
				<ele>855.000000</ele>
			</trkpt>
			<trkpt lat="48.607328" lon="14.258635">
				<ele>855.000000</ele>
			</trkpt>
			<trkpt lat="48.607251" lon="14.258285">
				<ele>855.000000</ele>
			</trkpt>
			<trkpt lat="48.607114" lon="14.257727">
				<ele>855.000000</ele>
			</trkpt>
			<trkpt lat="48.607031" lon="14.257377">
				<ele>855.000000</ele>
			</trkpt>
			<trkpt lat="48.606978" lon="14.257207">
				<ele>856.000000</ele>
			</trkpt>
			<trkpt lat="48.606901" lon="14.257045">
				<ele>857.000000</ele>
			</trkpt>
			<trkpt lat="48.606806" lon="14.256911">
				<ele>858.000000</ele>
			</trkpt>
			<trkpt lat="48.606622" lon="14.256721">
				<ele>860.000000</ele>
			</trkpt>
			<trkpt lat="48.606556" lon="14.256641">
				<ele>860.000000</ele>
			</trkpt>
			<trkpt lat="48.606514" lon="14.256561">
				<ele>861.000000</ele>
			</trkpt>
			<trkpt lat="48.606497" lon="14.256461">
				<ele>861.000000</ele>
			</trkpt>
			<trkpt lat="48.606485" lon="14.256354">
				<ele>862.000000</ele>
			</trkpt>
			<trkpt lat="48.606491" lon="14.256075">
				<ele>863.000000</ele>
			</trkpt>
			<trkpt lat="48.606461" lon="14.255815">
				<ele>864.000000</ele>
			</trkpt>
			<trkpt lat="48.606426" lon="14.255653">
				<ele>865.000000</ele>
			</trkpt>
			<trkpt lat="48.606378" lon="14.255518">
				<ele>865.000000</ele>
			</trkpt>
			<trkpt lat="48.606319" lon="14.255392">
				<ele>866.000000</ele>
			</trkpt>
			<trkpt lat="48.606218" lon="14.255257">
				<ele>866.000000</ele>
			</trkpt>
			<trkpt lat="48.606164" lon="14.255167">
				<ele>866.000000</ele>
			</trkpt>
			<trkpt lat="48.606117" lon="14.255087">
				<ele>867.000000</ele>
			</trkpt>
			<trkpt lat="48.606081" lon="14.254987">
				<ele>867.000000</ele>
			</trkpt>
			<trkpt lat="48.606046" lon="14.254871">
				<ele>867.000000</ele>
			</trkpt>
			<trkpt lat="48.606028" lon="14.254773">
				<ele>868.000000</ele>
			</trkpt>
			<trkpt lat="48.606021" lon="14.254637">
				<ele>868.000000</ele>
			</trkpt>
			<trkpt lat="48.606021" lon="14.254530">
				<ele>868.000000</ele>
			</trkpt>
			<trkpt lat="48.606034" lon="14.254387">
				<ele>868.000000</ele>
			</trkpt>
			<trkpt lat="48.606194" lon="14.253146">
				<ele>873.000000</ele>
			</trkpt>
			<trkpt lat="48.606212" lon="14.252940">
				<ele>874.000000</ele>
			</trkpt>
			<trkpt lat="48.606212" lon="14.252796">
				<ele>874.000000</ele>
			</trkpt>
			<trkpt lat="48.606194" lon="14.252616">
				<ele>875.000000</ele>
			</trkpt>
			<trkpt lat="48.606152" lon="14.252383">
				<ele>876.000000</ele>
			</trkpt>
			<trkpt lat="48.606135" lon="14.252213">
				<ele>877.000000</ele>
			</trkpt>
			<trkpt lat="48.606140" lon="14.252033">
				<ele>878.000000</ele>
			</trkpt>
			<trkpt lat="48.606170" lon="14.251897">
				<ele>879.000000</ele>
			</trkpt>
			<trkpt lat="48.606229" lon="14.251610">
				<ele>881.000000</ele>
			</trkpt>
			<trkpt lat="48.606247" lon="14.251467">
				<ele>883.000000</ele>
			</trkpt>
			<trkpt lat="48.606247" lon="14.251242">
				<ele>884.000000</ele>
			</trkpt>
			<trkpt lat="48.606260" lon="14.251081">
				<ele>886.000000</ele>
			</trkpt>
			<trkpt lat="48.606289" lon="14.250918">
				<ele>888.000000</ele>
			</trkpt>
			<trkpt lat="48.606343" lon="14.250758">
				<ele>890.000000</ele>
			</trkpt>
			<trkpt lat="48.606437" lon="14.250496">
				<ele>892.000000</ele>
			</trkpt>
			<trkpt lat="48.606485" lon="14.250335">
				<ele>894.000000</ele>
			</trkpt>
			<trkpt lat="48.606526" lon="14.250047">
				<ele>896.000000</ele>
			</trkpt>
			<trkpt lat="48.606532" lon="14.249859">
				<ele>898.000000</ele>
			</trkpt>
			<trkpt lat="48.606520" lon="14.249626">
				<ele>900.000000</ele>
			</trkpt>
			<trkpt lat="48.606503" lon="14.249544">
				<ele>901.000000</ele>
			</trkpt>
			<trkpt lat="48.606479" lon="14.249463">
				<ele>902.000000</ele>
			</trkpt>
			<trkpt lat="48.606437" lon="14.249328">
				<ele>904.000000</ele>
			</trkpt>
			<trkpt lat="48.606414" lon="14.249221">
				<ele>905.000000</ele>
			</trkpt>
			<trkpt lat="48.606402" lon="14.249104">
				<ele>906.000000</ele>
			</trkpt>
			<trkpt lat="48.606390" lon="14.248951">
				<ele>908.000000</ele>
			</trkpt>
			<trkpt lat="48.606378" lon="14.248385">
				<ele>913.000000</ele>
			</trkpt>
			<trkpt lat="48.606360" lon="14.248152">
				<ele>915.000000</ele>
			</trkpt>
			<trkpt lat="48.606331" lon="14.247855">
				<ele>917.000000</ele>
			</trkpt>
			<trkpt lat="48.606312" lon="14.247666">
				<ele>918.000000</ele>
			</trkpt>
			<trkpt lat="48.606319" lon="14.247496">
				<ele>919.000000</ele>
			</trkpt>
			<trkpt lat="48.606337" lon="14.247334">
				<ele>919.000000</ele>
			</trkpt>
			<trkpt lat="48.606390" lon="14.247092">
				<ele>920.000000</ele>
			</trkpt>
			<trkpt lat="48.606408" lon="14.246984">
				<ele>920.000000</ele>
			</trkpt>
			<trkpt lat="48.606414" lon="14.246903">
				<ele>920.000000</ele>
			</trkpt>
			<trkpt lat="48.606396" lon="14.246697">
				<ele>920.000000</ele>
			</trkpt>
			<trkpt lat="48.606360" lon="14.246400">
				<ele>920.000000</ele>
			</trkpt>
			<trkpt lat="48.606283" lon="14.246121">
				<ele>920.000000</ele>
			</trkpt>
			<trkpt lat="48.606200" lon="14.245808">
				<ele>920.000000</ele>
			</trkpt>
			<trkpt lat="48.606135" lon="14.245492">
				<ele>920.000000</ele>
			</trkpt>
			<trkpt lat="48.606105" lon="14.245331">
				<ele>920.000000</ele>
			</trkpt>
			<trkpt lat="48.606081" lon="14.245223">
				<ele>920.000000</ele>
			</trkpt>
			<trkpt lat="48.606034" lon="14.245106">
				<ele>920.000000</ele>
			</trkpt>
			<trkpt lat="48.606004" lon="14.245008">
				<ele>919.000000</ele>
			</trkpt>
			<trkpt lat="48.605950" lon="14.244666">
				<ele>916.000000</ele>
			</trkpt>
			<trkpt lat="48.605873" lon="14.244154">
				<ele>911.000000</ele>
			</trkpt>
			<trkpt lat="48.605843" lon="14.243884">
				<ele>910.000000</ele>
			</trkpt>
			<trkpt lat="48.605808" lon="14.243723">
				<ele>909.000000</ele>
			</trkpt>
			<trkpt lat="48.605760" lon="14.243544">
				<ele>908.000000</ele>
			</trkpt>
			<trkpt lat="48.605683" lon="14.243355">
				<ele>908.000000</ele>
			</trkpt>
			<trkpt lat="48.605600" lon="14.243158">
				<ele>907.000000</ele>
			</trkpt>
			<trkpt lat="48.605552" lon="14.242968">
				<ele>906.000000</ele>
			</trkpt>
			<trkpt lat="48.605517" lon="14.242752">
				<ele>905.000000</ele>
			</trkpt>
			<trkpt lat="48.605493" lon="14.242492">
				<ele>905.000000</ele>
			</trkpt>
			<trkpt lat="48.605487" lon="14.242402">
				<ele>904.000000</ele>
			</trkpt>
			<trkpt lat="48.605469" lon="14.242322">
				<ele>904.000000</ele>
			</trkpt>
			<trkpt lat="48.605439" lon="14.242250">
				<ele>904.000000</ele>
			</trkpt>
			<trkpt lat="48.605404" lon="14.242169">
				<ele>904.000000</ele>
			</trkpt>
			<trkpt lat="48.605303" lon="14.242034">
				<ele>904.000000</ele>
			</trkpt>
			<trkpt lat="48.605125" lon="14.241846">
				<ele>903.000000</ele>
			</trkpt>
			<trkpt lat="48.605059" lon="14.241783">
				<ele>903.000000</ele>
			</trkpt>
			<trkpt lat="48.605024" lon="14.241737">
				<ele>903.000000</ele>
			</trkpt>
			<trkpt lat="48.604994" lon="14.241676">
				<ele>902.000000</ele>
			</trkpt>
			<trkpt lat="48.604988" lon="14.241594">
				<ele>902.000000</ele>
			</trkpt>
			<trkpt lat="48.604959" lon="14.241226">
				<ele>901.000000</ele>
			</trkpt>
			<trkpt lat="48.604947" lon="14.240884">
				<ele>901.000000</ele>
			</trkpt>
			<trkpt lat="48.604935" lon="14.240246">
				<ele>900.000000</ele>
			</trkpt>
			<trkpt lat="48.604941" lon="14.240058">
				<ele>899.000000</ele>
			</trkpt>
			<trkpt lat="48.604959" lon="14.239869">
				<ele>899.000000</ele>
			</trkpt>
			<trkpt lat="48.604970" lon="14.239653">
				<ele>899.000000</ele>
			</trkpt>
			<trkpt lat="48.604982" lon="14.239502">
				<ele>898.000000</ele>
			</trkpt>
			<trkpt lat="48.604976" lon="14.239079">
				<ele>898.000000</ele>
			</trkpt>
			<trkpt lat="48.604970" lon="14.239016">
				<ele>897.000000</ele>
			</trkpt>
			<trkpt lat="48.604953" lon="14.238944">
				<ele>897.000000</ele>
			</trkpt>
			<trkpt lat="48.604911" lon="14.238881">
				<ele>897.000000</ele>
			</trkpt>
			<trkpt lat="48.604851" lon="14.238783">
				<ele>897.000000</ele>
			</trkpt>
			<trkpt lat="48.604798" lon="14.238720">
				<ele>897.000000</ele>
			</trkpt>
			<trkpt lat="48.604715" lon="14.238657">
				<ele>896.000000</ele>
			</trkpt>
			<trkpt lat="48.604668" lon="14.238127">
				<ele>895.000000</ele>
			</trkpt>
			<trkpt lat="48.604620" lon="14.237678">
				<ele>894.000000</ele>
			</trkpt>
			<trkpt lat="48.604596" lon="14.237515">
				<ele>893.000000</ele>
			</trkpt>
			<trkpt lat="48.604596" lon="14.237355">
				<ele>893.000000</ele>
			</trkpt>
			<trkpt lat="48.604596" lon="14.237202">
				<ele>892.000000</ele>
			</trkpt>
			<trkpt lat="48.604602" lon="14.237030">
				<ele>891.000000</ele>
			</trkpt>
			<trkpt lat="48.604631" lon="14.236617">
				<ele>890.000000</ele>
			</trkpt>
			<trkpt lat="48.604643" lon="14.235980">
				<ele>888.000000</ele>
			</trkpt>
			<trkpt lat="48.604637" lon="14.235279">
				<ele>886.000000</ele>
			</trkpt>
			<trkpt lat="48.604596" lon="14.234372">
				<ele>885.000000</ele>
			</trkpt>
			<trkpt lat="48.604578" lon="14.234236">
				<ele>885.000000</ele>
			</trkpt>
			<trkpt lat="48.604560" lon="14.234139">
				<ele>885.000000</ele>
			</trkpt>
			<trkpt lat="48.604531" lon="14.234057">
				<ele>885.000000</ele>
			</trkpt>
			<trkpt lat="48.604495" lon="14.233986">
				<ele>885.000000</ele>
			</trkpt>
			<trkpt lat="48.604459" lon="14.233923">
				<ele>885.000000</ele>
			</trkpt>
			<trkpt lat="48.604412" lon="14.233860">
				<ele>885.000000</ele>
			</trkpt>
			<trkpt lat="48.604359" lon="14.233806">
				<ele>885.000000</ele>
			</trkpt>
			<trkpt lat="48.604293" lon="14.233760">
				<ele>886.000000</ele>
			</trkpt>
			<trkpt lat="48.604234" lon="14.233734">
				<ele>887.000000</ele>
			</trkpt>
			<trkpt lat="48.604168" lon="14.233724">
				<ele>888.000000</ele>
			</trkpt>
			<trkpt lat="48.604080" lon="14.233707">
				<ele>889.000000</ele>
			</trkpt>
			<trkpt lat="48.603800" lon="14.233689">
				<ele>890.000000</ele>
			</trkpt>
			<trkpt lat="48.603414" lon="14.233581">
				<ele>890.000000</ele>
			</trkpt>
			<trkpt lat="48.603224" lon="14.233536">
				<ele>891.000000</ele>
			</trkpt>
			<trkpt lat="48.603033" lon="14.233456">
				<ele>891.000000</ele>
			</trkpt>
			<trkpt lat="48.602386" lon="14.233177">
				<ele>891.000000</ele>
			</trkpt>
			<trkpt lat="48.601317" lon="14.232710">
				<ele>892.000000</ele>
			</trkpt>
			<trkpt lat="48.601204" lon="14.232655">
				<ele>892.000000</ele>
			</trkpt>
			<trkpt lat="48.601086" lon="14.232628">
				<ele>892.000000</ele>
			</trkpt>
			<trkpt lat="48.600984" lon="14.232620">
				<ele>892.000000</ele>
			</trkpt>
			<trkpt lat="48.600889" lon="14.232638">
				<ele>892.000000</ele>
			</trkpt>
			<trkpt lat="48.600788" lon="14.232674">
				<ele>892.000000</ele>
			</trkpt>
			<trkpt lat="48.600681" lon="14.232728">
				<ele>892.000000</ele>
			</trkpt>
			<trkpt lat="48.600575" lon="14.232818">
				<ele>892.000000</ele>
			</trkpt>
			<trkpt lat="48.600467" lon="14.232925">
				<ele>892.000000</ele>
			</trkpt>
			<trkpt lat="48.600218" lon="14.233204">
				<ele>893.000000</ele>
			</trkpt>
			<trkpt lat="48.600159" lon="14.233051">
				<ele>894.000000</ele>
			</trkpt>
			<trkpt lat="48.600105" lon="14.232862">
				<ele>896.000000</ele>
			</trkpt>
			<trkpt lat="48.600052" lon="14.232674">
				<ele>897.000000</ele>
			</trkpt>
			<trkpt lat="48.599987" lon="14.232386">
				<ele>898.000000</ele>
			</trkpt>
			<trkpt lat="48.599933" lon="14.232144">
				<ele>900.000000</ele>
			</trkpt>
			<trkpt lat="48.599891" lon="14.232055">
				<ele>901.000000</ele>
			</trkpt>
			<trkpt lat="48.599850" lon="14.231973">
				<ele>902.000000</ele>
			</trkpt>
			<trkpt lat="48.599773" lon="14.231875">
				<ele>903.000000</ele>
			</trkpt>
			<trkpt lat="48.599582" lon="14.231695">
				<ele>905.000000</ele>
			</trkpt>
			<trkpt lat="48.599470" lon="14.231542">
				<ele>907.000000</ele>
			</trkpt>
			<trkpt lat="48.599060" lon="14.231030">
				<ele>912.000000</ele>
			</trkpt>
			<trkpt lat="48.598869" lon="14.230778">
				<ele>914.000000</ele>
			</trkpt>
			<trkpt lat="48.598697" lon="14.230527">
				<ele>915.000000</ele>
			</trkpt>
			<trkpt lat="48.598507" lon="14.230212">
				<ele>915.000000</ele>
			</trkpt>
			<trkpt lat="48.598032" lon="14.229368">
				<ele>910.000000</ele>
			</trkpt>
			<trkpt lat="48.597824" lon="14.229036">
				<ele>909.000000</ele>
			</trkpt>
			<trkpt lat="48.597705" lon="14.228883">
				<ele>908.000000</ele>
			</trkpt>
			<trkpt lat="48.597521" lon="14.228659">
				<ele>907.000000</ele>
			</trkpt>
			<trkpt lat="48.597444" lon="14.228550">
				<ele>906.000000</ele>
			</trkpt>
			<trkpt lat="48.597367" lon="14.228443">
				<ele>906.000000</ele>
			</trkpt>
			<trkpt lat="48.597313" lon="14.228334">
				<ele>905.000000</ele>
			</trkpt>
			<trkpt lat="48.597247" lon="14.228200">
				<ele>905.000000</ele>
			</trkpt>
			<trkpt lat="48.597194" lon="14.228038">
				<ele>905.000000</ele>
			</trkpt>
			<trkpt lat="48.597164" lon="14.227877">
				<ele>905.000000</ele>
			</trkpt>
			<trkpt lat="48.597158" lon="14.227688">
				<ele>905.000000</ele>
			</trkpt>
			<trkpt lat="48.597182" lon="14.227464">
				<ele>906.000000</ele>
			</trkpt>
			<trkpt lat="48.597313" lon="14.226575">
				<ele>907.000000</ele>
			</trkpt>
			<trkpt lat="48.597378" lon="14.226189">
				<ele>907.000000</ele>
			</trkpt>
			<trkpt lat="48.597479" lon="14.225783">
				<ele>907.000000</ele>
			</trkpt>
			<trkpt lat="48.597562" lon="14.225478">
				<ele>908.000000</ele>
			</trkpt>
			<trkpt lat="48.597598" lon="14.225290">
				<ele>908.000000</ele>
			</trkpt>
			<trkpt lat="48.597616" lon="14.225101">
				<ele>908.000000</ele>
			</trkpt>
			<trkpt lat="48.597616" lon="14.224885">
				<ele>908.000000</ele>
			</trkpt>
			<trkpt lat="48.597575" lon="14.224428">
				<ele>909.000000</ele>
			</trkpt>
			<trkpt lat="48.597497" lon="14.223925">
				<ele>909.000000</ele>
			</trkpt>
			<trkpt lat="48.597461" lon="14.223663">
				<ele>910.000000</ele>
			</trkpt>
			<trkpt lat="48.597402" lon="14.223080">
				<ele>912.000000</ele>
			</trkpt>
			<trkpt lat="48.597367" lon="14.222801">
				<ele>913.000000</ele>
			</trkpt>
			<trkpt lat="48.597330" lon="14.222568">
				<ele>914.000000</ele>
			</trkpt>
			<trkpt lat="48.597206" lon="14.222038">
				<ele>916.000000</ele>
			</trkpt>
			<trkpt lat="48.597033" lon="14.221283">
				<ele>919.000000</ele>
			</trkpt>
			<trkpt lat="48.596974" lon="14.220960">
				<ele>920.000000</ele>
			</trkpt>
			<trkpt lat="48.596909" lon="14.220592">
				<ele>922.000000</ele>
			</trkpt>
			<trkpt lat="48.596873" lon="14.220313">
				<ele>923.000000</ele>
			</trkpt>
			<trkpt lat="48.596844" lon="14.219891">
				<ele>925.000000</ele>
			</trkpt>
			<trkpt lat="48.596826" lon="14.219675">
				<ele>926.000000</ele>
			</trkpt>
			<trkpt lat="48.596802" lon="14.219495">
				<ele>927.000000</ele>
			</trkpt>
			<trkpt lat="48.596778" lon="14.219334">
				<ele>928.000000</ele>
			</trkpt>
			<trkpt lat="48.596731" lon="14.219118">
				<ele>929.000000</ele>
			</trkpt>
			<trkpt lat="48.596547" lon="14.218399">
				<ele>935.000000</ele>
			</trkpt>
			<trkpt lat="48.596499" lon="14.218175">
				<ele>937.000000</ele>
			</trkpt>
			<trkpt lat="48.596463" lon="14.217906">
				<ele>939.000000</ele>
			</trkpt>
			<trkpt lat="48.596392" lon="14.217483">
				<ele>940.000000</ele>
			</trkpt>
			<trkpt lat="48.596428" lon="14.217438">
				<ele>940.000000</ele>
			</trkpt>
			<trkpt lat="48.596475" lon="14.217411">
				<ele>940.000000</ele>
			</trkpt>
			<trkpt lat="48.596648" lon="14.217384">
				<ele>940.000000</ele>
			</trkpt>
			<trkpt lat="48.596719" lon="14.217367">
				<ele>940.000000</ele>
			</trkpt>
			<trkpt lat="48.596832" lon="14.217304">
				<ele>940.000000</ele>
			</trkpt>
			<trkpt lat="48.596933" lon="14.217231">
				<ele>940.000000</ele>
			</trkpt>
			<trkpt lat="48.597200" lon="14.216998">
				<ele>940.000000</ele>
			</trkpt>
			<trkpt lat="48.597253" lon="14.216927">
				<ele>940.000000</ele>
			</trkpt>
			<trkpt lat="48.597378" lon="14.216738">
				<ele>940.000000</ele>
			</trkpt>
			<trkpt lat="48.597556" lon="14.216585">
				<ele>940.000000</ele>
			</trkpt>
			<trkpt lat="48.597699" lon="14.216459">
				<ele>939.000000</ele>
			</trkpt>
			<trkpt lat="48.597836" lon="14.216325">
				<ele>938.000000</ele>
			</trkpt>
			<trkpt lat="48.598014" lon="14.216126">
				<ele>936.000000</ele>
			</trkpt>
			<trkpt lat="48.598460" lon="14.215623">
				<ele>932.000000</ele>
			</trkpt>
			<trkpt lat="48.598739" lon="14.215273">
				<ele>929.000000</ele>
			</trkpt>
			<trkpt lat="48.598816" lon="14.215183">
				<ele>928.000000</ele>
			</trkpt>
			<trkpt lat="48.598994" lon="14.215004">
				<ele>927.000000</ele>
			</trkpt>
			<trkpt lat="48.599083" lon="14.214896">
				<ele>926.000000</ele>
			</trkpt>
			<trkpt lat="48.599256" lon="14.214690">
				<ele>925.000000</ele>
			</trkpt>
			<trkpt lat="48.599333" lon="14.214564">
				<ele>924.000000</ele>
			</trkpt>
			<trkpt lat="48.599487" lon="14.214304">
				<ele>923.000000</ele>
			</trkpt>
			<trkpt lat="48.599618" lon="14.214088">
				<ele>921.000000</ele>
			</trkpt>
			<trkpt lat="48.599826" lon="14.213801">
				<ele>920.000000</ele>
			</trkpt>
			<trkpt lat="48.599903" lon="14.213684">
				<ele>919.000000</ele>
			</trkpt>
			<trkpt lat="48.599968" lon="14.213575">
				<ele>919.000000</ele>
			</trkpt>
			<trkpt lat="48.600164" lon="14.213180">
				<ele>918.000000</ele>
			</trkpt>
			<trkpt lat="48.600373" lon="14.212794">
				<ele>916.000000</ele>
			</trkpt>
			<trkpt lat="48.600569" lon="14.212480">
				<ele>915.000000</ele>
			</trkpt>
			<trkpt lat="48.600764" lon="14.212193">
				<ele>913.000000</ele>
			</trkpt>
			<trkpt lat="48.600961" lon="14.211950">
				<ele>912.000000</ele>
			</trkpt>
			<trkpt lat="48.601899" lon="14.210818">
				<ele>905.000000</ele>
			</trkpt>
			<trkpt lat="48.602196" lon="14.210503">
				<ele>904.000000</ele>
			</trkpt>
			<trkpt lat="48.602505" lon="14.210170">
				<ele>902.000000</ele>
			</trkpt>
			<trkpt lat="48.602594" lon="14.210090">
				<ele>902.000000</ele>
			</trkpt>
			<trkpt lat="48.602677" lon="14.210046">
				<ele>901.000000</ele>
			</trkpt>
			<trkpt lat="48.602761" lon="14.210036">
				<ele>901.000000</ele>
			</trkpt>
			<trkpt lat="48.602832" lon="14.210063">
				<ele>901.000000</ele>
			</trkpt>
			<trkpt lat="48.602956" lon="14.210126">
				<ele>900.000000</ele>
			</trkpt>
			<trkpt lat="48.603182" lon="14.210288">
				<ele>900.000000</ele>
			</trkpt>
			<trkpt lat="48.603070" lon="14.209910">
				<ele>902.000000</ele>
			</trkpt>
			<trkpt lat="48.602987" lon="14.209543">
				<ele>904.000000</ele>
			</trkpt>
			<trkpt lat="48.602731" lon="14.208365">
				<ele>911.000000</ele>
			</trkpt>
			<trkpt lat="48.602636" lon="14.207996">
				<ele>913.000000</ele>
			</trkpt>
			<trkpt lat="48.602547" lon="14.207746">
				<ele>914.000000</ele>
			</trkpt>
			<trkpt lat="48.602445" lon="14.207503">
				<ele>915.000000</ele>
			</trkpt>
			<trkpt lat="48.602291" lon="14.207216">
				<ele>915.000000</ele>
			</trkpt>
			<trkpt lat="48.602208" lon="14.207072">
				<ele>916.000000</ele>
			</trkpt>
			<trkpt lat="48.602154" lon="14.206964">
				<ele>916.000000</ele>
			</trkpt>
			<trkpt lat="48.602095" lon="14.206811">
				<ele>916.000000</ele>
			</trkpt>
			<trkpt lat="48.602054" lon="14.206641">
				<ele>916.000000</ele>
			</trkpt>
			<trkpt lat="48.602315" lon="14.206776">
				<ele>917.000000</ele>
			</trkpt>
			<trkpt lat="48.602576" lon="14.206893">
				<ele>917.000000</ele>
			</trkpt>
			<trkpt lat="48.602838" lon="14.206964">
				<ele>918.000000</ele>
			</trkpt>
			<trkpt lat="48.603117" lon="14.207027">
				<ele>918.000000</ele>
			</trkpt>
			<trkpt lat="48.604163" lon="14.207270">
				<ele>920.000000</ele>
			</trkpt>
			<trkpt lat="48.604406" lon="14.207306">
				<ele>920.000000</ele>
			</trkpt>
			<trkpt lat="48.604691" lon="14.207342">
				<ele>922.000000</ele>
			</trkpt>
			<trkpt lat="48.604982" lon="14.207350">
				<ele>923.000000</ele>
			</trkpt>
			<trkpt lat="48.605219" lon="14.207333">
				<ele>924.000000</ele>
			</trkpt>
			<trkpt lat="48.605350" lon="14.207306">
				<ele>925.000000</ele>
			</trkpt>
			<trkpt lat="48.605517" lon="14.207252">
				<ele>926.000000</ele>
			</trkpt>
			<trkpt lat="48.605724" lon="14.207162">
				<ele>928.000000</ele>
			</trkpt>
			<trkpt lat="48.605843" lon="14.207126">
				<ele>929.000000</ele>
			</trkpt>
			<trkpt lat="48.605974" lon="14.207090">
				<ele>930.000000</ele>
			</trkpt>
			<trkpt lat="48.606111" lon="14.207090">
				<ele>929.000000</ele>
			</trkpt>
			<trkpt lat="48.606390" lon="14.207090">
				<ele>927.000000</ele>
			</trkpt>
			<trkpt lat="48.606532" lon="14.207072">
				<ele>926.000000</ele>
			</trkpt>
			<trkpt lat="48.606687" lon="14.207027">
				<ele>925.000000</ele>
			</trkpt>
			<trkpt lat="48.606823" lon="14.206946">
				<ele>924.000000</ele>
			</trkpt>
			<trkpt lat="48.607305" lon="14.206568">
				<ele>920.000000</ele>
			</trkpt>
			<trkpt lat="48.607513" lon="14.206417">
				<ele>919.000000</ele>
			</trkpt>
			<trkpt lat="48.607584" lon="14.206380">
				<ele>918.000000</ele>
			</trkpt>
			<trkpt lat="48.607661" lon="14.206354">
				<ele>918.000000</ele>
			</trkpt>
			<trkpt lat="48.607750" lon="14.206335">
				<ele>917.000000</ele>
			</trkpt>
			<trkpt lat="48.608006" lon="14.206327">
				<ele>915.000000</ele>
			</trkpt>
			<trkpt lat="48.608095" lon="14.206300">
				<ele>915.000000</ele>
			</trkpt>
			<trkpt lat="48.608184" lon="14.206264">
				<ele>914.000000</ele>
			</trkpt>
			<trkpt lat="48.608523" lon="14.206021">
				<ele>911.000000</ele>
			</trkpt>
			<trkpt lat="48.608700" lon="14.205912">
				<ele>909.000000</ele>
			</trkpt>
			<trkpt lat="48.608902" lon="14.205822">
				<ele>908.000000</ele>
			</trkpt>
			<trkpt lat="48.609105" lon="14.205769">
				<ele>906.000000</ele>
			</trkpt>
			<trkpt lat="48.609401" lon="14.205698">
				<ele>904.000000</ele>
			</trkpt>
			<trkpt lat="48.609591" lon="14.205625">
				<ele>903.000000</ele>
			</trkpt>
			<trkpt lat="48.609752" lon="14.205526">
				<ele>902.000000</ele>
			</trkpt>
			<trkpt lat="48.609930" lon="14.205375">
				<ele>901.000000</ele>
			</trkpt>
			<trkpt lat="48.610001" lon="14.205312">
				<ele>900.000000</ele>
			</trkpt>
			<trkpt lat="48.610090" lon="14.205249">
				<ele>899.000000</ele>
			</trkpt>
			<trkpt lat="48.610155" lon="14.205239">
				<ele>899.000000</ele>
			</trkpt>
			<trkpt lat="48.610245" lon="14.205239">
				<ele>898.000000</ele>
			</trkpt>
			<trkpt lat="48.610328" lon="14.205249">
				<ele>897.000000</ele>
			</trkpt>
			<trkpt lat="48.610429" lon="14.205275">
				<ele>896.000000</ele>
			</trkpt>
			<trkpt lat="48.610660" lon="14.205419">
				<ele>894.000000</ele>
			</trkpt>
			<trkpt lat="48.610868" lon="14.205536">
				<ele>892.000000</ele>
			</trkpt>
			<trkpt lat="48.610957" lon="14.205581">
				<ele>891.000000</ele>
			</trkpt>
			<trkpt lat="48.611059" lon="14.205589">
				<ele>890.000000</ele>
			</trkpt>
			<trkpt lat="48.611159" lon="14.205589">
				<ele>890.000000</ele>
			</trkpt>
			<trkpt lat="48.611248" lon="14.205562">
				<ele>889.000000</ele>
			</trkpt>
			<trkpt lat="48.611356" lon="14.205526">
				<ele>889.000000</ele>
			</trkpt>
			<trkpt lat="48.611462" lon="14.205499">
				<ele>888.000000</ele>
			</trkpt>
			<trkpt lat="48.611747" lon="14.205338">
				<ele>887.000000</ele>
			</trkpt>
			<trkpt lat="48.611872" lon="14.205266">
				<ele>886.000000</ele>
			</trkpt>
			<trkpt lat="48.612098" lon="14.205086">
				<ele>884.000000</ele>
			</trkpt>
			<trkpt lat="48.612187" lon="14.205033">
				<ele>882.000000</ele>
			</trkpt>
			<trkpt lat="48.612258" lon="14.205006">
				<ele>881.000000</ele>
			</trkpt>
			<trkpt lat="48.612341" lon="14.204996">
				<ele>880.000000</ele>
			</trkpt>
			<trkpt lat="48.612448" lon="14.205015">
				<ele>878.000000</ele>
			</trkpt>
			<trkpt lat="48.612710" lon="14.205050">
				<ele>875.000000</ele>
			</trkpt>
			<trkpt lat="48.613096" lon="14.205042">
				<ele>870.000000</ele>
			</trkpt>
			<trkpt lat="48.613333" lon="14.205042">
				<ele>867.000000</ele>
			</trkpt>
			<trkpt lat="48.613518" lon="14.204979">
				<ele>865.000000</ele>
			</trkpt>
			<trkpt lat="48.613689" lon="14.204898">
				<ele>863.000000</ele>
			</trkpt>
			<trkpt lat="48.613868" lon="14.204763">
				<ele>862.000000</ele>
			</trkpt>
			<trkpt lat="48.613992" lon="14.204646">
				<ele>861.000000</ele>
			</trkpt>
			<trkpt lat="48.614111" lon="14.204512">
				<ele>860.000000</ele>
			</trkpt>
			<trkpt lat="48.614432" lon="14.204017">
				<ele>860.000000</ele>
			</trkpt>
			<trkpt lat="48.614592" lon="14.203757">
				<ele>860.000000</ele>
			</trkpt>
			<trkpt lat="48.614699" lon="14.203631">
				<ele>860.000000</ele>
			</trkpt>
			<trkpt lat="48.614753" lon="14.203595">
				<ele>860.000000</ele>
			</trkpt>
			<trkpt lat="48.614812" lon="14.203595">
				<ele>860.000000</ele>
			</trkpt>
			<trkpt lat="48.614877" lon="14.203614">
				<ele>860.000000</ele>
			</trkpt>
			<trkpt lat="48.614943" lon="14.203685">
				<ele>860.000000</ele>
			</trkpt>
			<trkpt lat="48.615121" lon="14.203910">
				<ele>860.000000</ele>
			</trkpt>
			<trkpt lat="48.615466" lon="14.204377">
				<ele>860.000000</ele>
			</trkpt>
			<trkpt lat="48.615703" lon="14.204664">
				<ele>860.000000</ele>
			</trkpt>
			<trkpt lat="48.615786" lon="14.204746">
				<ele>860.000000</ele>
			</trkpt>
			<trkpt lat="48.615845" lon="14.204799">
				<ele>860.000000</ele>
			</trkpt>
			<trkpt lat="48.615923" lon="14.204826">
				<ele>860.000000</ele>
			</trkpt>
			<trkpt lat="48.616011" lon="14.204843">
				<ele>860.000000</ele>
			</trkpt>
			<trkpt lat="48.616154" lon="14.204870">
				<ele>860.000000</ele>
			</trkpt>
			<trkpt lat="48.616291" lon="14.204853">
				<ele>860.000000</ele>
			</trkpt>
			<trkpt lat="48.616416" lon="14.204817">
				<ele>860.000000</ele>
			</trkpt>
			<trkpt lat="48.616665" lon="14.204727">
				<ele>860.000000</ele>
			</trkpt>
			<trkpt lat="48.617063" lon="14.204583">
				<ele>860.000000</ele>
			</trkpt>
			<trkpt lat="48.617300" lon="14.204484">
				<ele>861.000000</ele>
			</trkpt>
			<trkpt lat="48.617526" lon="14.204386">
				<ele>862.000000</ele>
			</trkpt>
			<trkpt lat="48.617788" lon="14.204233">
				<ele>863.000000</ele>
			</trkpt>
			<trkpt lat="48.618084" lon="14.204071">
				<ele>864.000000</ele>
			</trkpt>
			<trkpt lat="48.618435" lon="14.203847">
				<ele>865.000000</ele>
			</trkpt>
			<trkpt lat="48.618482" lon="14.203380">
				<ele>865.000000</ele>
			</trkpt>
			<trkpt lat="48.618577" lon="14.202446">
				<ele>863.000000</ele>
			</trkpt>
			<trkpt lat="48.618613" lon="14.202212">
				<ele>862.000000</ele>
			</trkpt>
			<trkpt lat="48.618655" lon="14.201970">
				<ele>861.000000</ele>
			</trkpt>
			<trkpt lat="48.618785" lon="14.201331">
				<ele>857.000000</ele>
			</trkpt>
			<trkpt lat="48.618826" lon="14.201071">
				<ele>855.000000</ele>
			</trkpt>
			<trkpt lat="48.618850" lon="14.200855">
				<ele>853.000000</ele>
			</trkpt>
			<trkpt lat="48.618880" lon="14.200612">
				<ele>851.000000</ele>
			</trkpt>
			<trkpt lat="48.618886" lon="14.200308">
				<ele>849.000000</ele>
			</trkpt>
			<trkpt lat="48.618903" lon="14.199446">
				<ele>844.000000</ele>
			</trkpt>
			<trkpt lat="48.618903" lon="14.199310">
				<ele>843.000000</ele>
			</trkpt>
			<trkpt lat="48.618922" lon="14.199167">
				<ele>842.000000</ele>
			</trkpt>
			<trkpt lat="48.618999" lon="14.198654">
				<ele>840.000000</ele>
			</trkpt>
			<trkpt lat="48.618951" lon="14.198574">
				<ele>840.000000</ele>
			</trkpt>
			<trkpt lat="48.618928" lon="14.198501">
				<ele>840.000000</ele>
			</trkpt>
			<trkpt lat="48.618832" lon="14.198115">
				<ele>840.000000</ele>
			</trkpt>
			<trkpt lat="48.618672" lon="14.197352">
				<ele>842.000000</ele>
			</trkpt>
			<trkpt lat="48.618601" lon="14.197019">
				<ele>843.000000</ele>
			</trkpt>
			<trkpt lat="48.618535" lon="14.196777">
				<ele>844.000000</ele>
			</trkpt>
			<trkpt lat="48.618452" lon="14.196562">
				<ele>844.000000</ele>
			</trkpt>
			<trkpt lat="48.618346" lon="14.196319">
				<ele>845.000000</ele>
			</trkpt>
			<trkpt lat="48.618209" lon="14.196077">
				<ele>847.000000</ele>
			</trkpt>
			<trkpt lat="48.617888" lon="14.195520">
				<ele>850.000000</ele>
			</trkpt>
			<trkpt lat="48.617663" lon="14.195178">
				<ele>853.000000</ele>
			</trkpt>
			<trkpt lat="48.617460" lon="14.194882">
				<ele>855.000000</ele>
			</trkpt>
			<trkpt lat="48.616665" lon="14.193857">
				<ele>863.000000</ele>
			</trkpt>
			<trkpt lat="48.616499" lon="14.193614">
				<ele>865.000000</ele>
			</trkpt>
			<trkpt lat="48.616445" lon="14.193525">
				<ele>865.000000</ele>
			</trkpt>
			<trkpt lat="48.616410" lon="14.193417">
				<ele>865.000000</ele>
			</trkpt>
			<trkpt lat="48.616368" lon="14.193318">
				<ele>865.000000</ele>
			</trkpt>
			<trkpt lat="48.616350" lon="14.193211">
				<ele>865.000000</ele>
			</trkpt>
			<trkpt lat="48.616344" lon="14.193094">
				<ele>865.000000</ele>
			</trkpt>
			<trkpt lat="48.616344" lon="14.192968">
				<ele>864.000000</ele>
			</trkpt>
			<trkpt lat="48.616380" lon="14.192016">
				<ele>862.000000</ele>
			</trkpt>
			<trkpt lat="48.616410" lon="14.191217">
				<ele>859.000000</ele>
			</trkpt>
			<trkpt lat="48.616457" lon="14.190381">
				<ele>857.000000</ele>
			</trkpt>
			<trkpt lat="48.616534" lon="14.189295">
				<ele>854.000000</ele>
			</trkpt>
			<trkpt lat="48.616588" lon="14.188432">
				<ele>851.000000</ele>
			</trkpt>
			<trkpt lat="48.616772" lon="14.186006">
				<ele>844.000000</ele>
			</trkpt>
			<trkpt lat="48.616784" lon="14.185693">
				<ele>843.000000</ele>
			</trkpt>
			<trkpt lat="48.616790" lon="14.185404">
				<ele>843.000000</ele>
			</trkpt>
			<trkpt lat="48.616790" lon="14.185135">
				<ele>842.000000</ele>
			</trkpt>
			<trkpt lat="48.616778" lon="14.184874">
				<ele>841.000000</ele>
			</trkpt>
			<trkpt lat="48.616742" lon="14.184389">
				<ele>840.000000</ele>
			</trkpt>
			<trkpt lat="48.616605" lon="14.183213">
				<ele>836.000000</ele>
			</trkpt>
			<trkpt lat="48.616564" lon="14.182835">
				<ele>834.000000</ele>
			</trkpt>
			<trkpt lat="48.616546" lon="14.182414">
				<ele>833.000000</ele>
			</trkpt>
			<trkpt lat="48.616546" lon="14.182072">
				<ele>832.000000</ele>
			</trkpt>
			<trkpt lat="48.616552" lon="14.181695">
				<ele>831.000000</ele>
			</trkpt>
			<trkpt lat="48.616564" lon="14.181389">
				<ele>830.000000</ele>
			</trkpt>
			<trkpt lat="48.616599" lon="14.181012">
				<ele>829.000000</ele>
			</trkpt>
			<trkpt lat="48.616754" lon="14.179745">
				<ele>825.000000</ele>
			</trkpt>
			<trkpt lat="48.616831" lon="14.179135">
				<ele>822.000000</ele>
			</trkpt>
			<trkpt lat="48.616915" lon="14.178550">
				<ele>819.000000</ele>
			</trkpt>
			<trkpt lat="48.617217" lon="14.176727">
				<ele>815.000000</ele>
			</trkpt>
			<trkpt lat="48.617235" lon="14.176619">
				<ele>815.000000</ele>
			</trkpt>
			<trkpt lat="48.617324" lon="14.176466">
				<ele>815.000000</ele>
			</trkpt>
			<trkpt lat="48.617485" lon="14.176169">
				<ele>815.000000</ele>
			</trkpt>
			<trkpt lat="48.617562" lon="14.176045">
				<ele>815.000000</ele>
			</trkpt>
			<trkpt lat="48.617668" lon="14.175936">
				<ele>815.000000</ele>
			</trkpt>
			<trkpt lat="48.617740" lon="14.175892">
				<ele>815.000000</ele>
			</trkpt>
			<trkpt lat="48.617805" lon="14.175865">
				<ele>815.000000</ele>
			</trkpt>
			<trkpt lat="48.619498" lon="14.175209">
				<ele>815.000000</ele>
			</trkpt>
			<trkpt lat="48.619919" lon="14.175011">
				<ele>813.000000</ele>
			</trkpt>
			<trkpt lat="48.620080" lon="14.174957">
				<ele>812.000000</ele>
			</trkpt>
			<trkpt lat="48.620234" lon="14.174913">
				<ele>811.000000</ele>
			</trkpt>
			<trkpt lat="48.620560" lon="14.174867">
				<ele>809.000000</ele>
			</trkpt>
			<trkpt lat="48.620709" lon="14.174823">
				<ele>809.000000</ele>
			</trkpt>
			<trkpt lat="48.620834" lon="14.174787">
				<ele>808.000000</ele>
			</trkpt>
			<trkpt lat="48.620834" lon="14.174787">
				<ele>808.000000</ele>
			</trkpt>
			<trkpt lat="48.621125" lon="14.174697">
				<ele>807.000000</ele>
			</trkpt>
			<trkpt lat="48.621374" lon="14.174598">
				<ele>806.000000</ele>
			</trkpt>
			<trkpt lat="48.621618" lon="14.174490">
				<ele>806.000000</ele>
			</trkpt>
			<trkpt lat="48.622282" lon="14.174121">
				<ele>802.000000</ele>
			</trkpt>
			<trkpt lat="48.622496" lon="14.174014">
				<ele>801.000000</ele>
			</trkpt>
			<trkpt lat="48.622811" lon="14.173852">
				<ele>798.000000</ele>
			</trkpt>
			<trkpt lat="48.623060" lon="14.173691">
				<ele>795.000000</ele>
			</trkpt>
			<trkpt lat="48.623251" lon="14.173546">
				<ele>794.000000</ele>
			</trkpt>
			<trkpt lat="48.623393" lon="14.173456">
				<ele>794.000000</ele>
			</trkpt>
			<trkpt lat="48.623648" lon="14.173313">
				<ele>793.000000</ele>
			</trkpt>
			<trkpt lat="48.623719" lon="14.173259">
				<ele>793.000000</ele>
			</trkpt>
			<trkpt lat="48.623791" lon="14.173179">
				<ele>792.000000</ele>
			</trkpt>
			<trkpt lat="48.623827" lon="14.173106">
				<ele>792.000000</ele>
			</trkpt>
			<trkpt lat="48.623916" lon="14.172927">
				<ele>791.000000</ele>
			</trkpt>
			<trkpt lat="48.624147" lon="14.172504">
				<ele>790.000000</ele>
			</trkpt>
			<trkpt lat="48.624409" lon="14.172083">
				<ele>789.000000</ele>
			</trkpt>
			<trkpt lat="48.624486" lon="14.171930">
				<ele>788.000000</ele>
			</trkpt>
			<trkpt lat="48.624551" lon="14.171777">
				<ele>788.000000</ele>
			</trkpt>
			<trkpt lat="48.624580" lon="14.171642">
				<ele>788.000000</ele>
			</trkpt>
			<trkpt lat="48.624616" lon="14.171454">
				<ele>787.000000</ele>
			</trkpt>
			<trkpt lat="48.624664" lon="14.171192">
				<ele>787.000000</ele>
			</trkpt>
			<trkpt lat="48.624723" lon="14.170896">
				<ele>786.000000</ele>
			</trkpt>
			<trkpt lat="48.624824" lon="14.170420">
				<ele>785.000000</ele>
			</trkpt>
			<trkpt lat="48.624889" lon="14.170026">
				<ele>783.000000</ele>
			</trkpt>
			<trkpt lat="48.624931" lon="14.169630">
				<ele>782.000000</ele>
			</trkpt>
			<trkpt lat="48.624961" lon="14.169082">
				<ele>780.000000</ele>
			</trkpt>
			<trkpt lat="48.625121" lon="14.169091">
				<ele>779.000000</ele>
			</trkpt>
			<trkpt lat="48.625287" lon="14.169137">
				<ele>777.000000</ele>
			</trkpt>
			<trkpt lat="48.625394" lon="14.169190">
				<ele>776.000000</ele>
			</trkpt>
			<trkpt lat="48.625501" lon="14.169253">
				<ele>775.000000</ele>
			</trkpt>
			<trkpt lat="48.625911" lon="14.169540">
				<ele>773.000000</ele>
			</trkpt>
			<trkpt lat="48.626125" lon="14.169666">
				<ele>772.000000</ele>
			</trkpt>
			<trkpt lat="48.626225" lon="14.169711">
				<ele>771.000000</ele>
			</trkpt>
			<trkpt lat="48.626308" lon="14.169729">
				<ele>771.000000</ele>
			</trkpt>
			<trkpt lat="48.626385" lon="14.169737">
				<ele>771.000000</ele>
			</trkpt>
			<trkpt lat="48.626475" lon="14.169737">
				<ele>770.000000</ele>
			</trkpt>
			<trkpt lat="48.626558" lon="14.169720">
				<ele>770.000000</ele>
			</trkpt>
			<trkpt lat="48.626623" lon="14.169711">
				<ele>770.000000</ele>
			</trkpt>
			<trkpt lat="48.626748" lon="14.169639">
				<ele>769.000000</ele>
			</trkpt>
			<trkpt lat="48.626861" lon="14.169513">
				<ele>768.000000</ele>
			</trkpt>
			<trkpt lat="48.627448" lon="14.168768">
				<ele>764.000000</ele>
			</trkpt>
			<trkpt lat="48.627514" lon="14.168714">
				<ele>764.000000</ele>
			</trkpt>
			<trkpt lat="48.627603" lon="14.168660">
				<ele>763.000000</ele>
			</trkpt>
			<trkpt lat="48.627692" lon="14.168606">
				<ele>762.000000</ele>
			</trkpt>
			<trkpt lat="48.627775" lon="14.168588">
				<ele>761.000000</ele>
			</trkpt>
			<trkpt lat="48.627870" lon="14.168579">
				<ele>760.000000</ele>
			</trkpt>
			<trkpt lat="48.627959" lon="14.168571">
				<ele>760.000000</ele>
			</trkpt>
			<trkpt lat="48.628054" lon="14.168588">
				<ele>758.000000</ele>
			</trkpt>
			<trkpt lat="48.628132" lon="14.168624">
				<ele>757.000000</ele>
			</trkpt>
			<trkpt lat="48.628529" lon="14.168812">
				<ele>752.000000</ele>
			</trkpt>
			<trkpt lat="48.628713" lon="14.168875">
				<ele>749.000000</ele>
			</trkpt>
			<trkpt lat="48.629224" lon="14.169055">
				<ele>744.000000</ele>
			</trkpt>
			<trkpt lat="48.629443" lon="14.169163">
				<ele>742.000000</ele>
			</trkpt>
			<trkpt lat="48.629675" lon="14.169288">
				<ele>740.000000</ele>
			</trkpt>
			<trkpt lat="48.629990" lon="14.169433">
				<ele>738.000000</ele>
			</trkpt>
			<trkpt lat="48.630506" lon="14.169630">
				<ele>734.000000</ele>
			</trkpt>
			<trkpt lat="48.630886" lon="14.169774">
				<ele>732.000000</ele>
			</trkpt>
			<trkpt lat="48.630969" lon="14.169810">
				<ele>731.000000</ele>
			</trkpt>
			<trkpt lat="48.631028" lon="14.169837">
				<ele>731.000000</ele>
			</trkpt>
			<trkpt lat="48.631082" lon="14.169890">
				<ele>730.000000</ele>
			</trkpt>
			<trkpt lat="48.631142" lon="14.169963">
				<ele>730.000000</ele>
			</trkpt>
			<trkpt lat="48.631183" lon="14.169917">
				<ele>730.000000</ele>
			</trkpt>
			<trkpt lat="48.631230" lon="14.169917">
				<ele>730.000000</ele>
			</trkpt>
			<trkpt lat="48.631266" lon="14.169944">
				<ele>730.000000</ele>
			</trkpt>
			<trkpt lat="48.631290" lon="14.169980">
				<ele>730.000000</ele>
			</trkpt>
			<trkpt lat="48.631302" lon="14.170043">
				<ele>730.000000</ele>
			</trkpt>
			<trkpt lat="48.631302" lon="14.170097">
				<ele>730.000000</ele>
			</trkpt>
			<trkpt lat="48.631302" lon="14.170097">
				<ele>730.000000</ele>
			</trkpt>
			<trkpt lat="48.631302" lon="14.170043">
				<ele>730.000000</ele>
			</trkpt>
			<trkpt lat="48.631290" lon="14.169980">
				<ele>730.000000</ele>
			</trkpt>
			<trkpt lat="48.631266" lon="14.169944">
				<ele>730.000000</ele>
			</trkpt>
			<trkpt lat="48.631230" lon="14.169917">
				<ele>730.000000</ele>
			</trkpt>
			<trkpt lat="48.631254" lon="14.169684">
				<ele>731.000000</ele>
			</trkpt>
			<trkpt lat="48.631307" lon="14.169441">
				<ele>731.000000</ele>
			</trkpt>
			<trkpt lat="48.631344" lon="14.169261">
				<ele>732.000000</ele>
			</trkpt>
			<trkpt lat="48.631373" lon="14.169154">
				<ele>732.000000</ele>
			</trkpt>
			<trkpt lat="48.631421" lon="14.169074">
				<ele>732.000000</ele>
			</trkpt>
			<trkpt lat="48.631474" lon="14.168992">
				<ele>732.000000</ele>
			</trkpt>
			<trkpt lat="48.631581" lon="14.168858">
				<ele>733.000000</ele>
			</trkpt>
			<trkpt lat="48.631604" lon="14.168785">
				<ele>733.000000</ele>
			</trkpt>
			<trkpt lat="48.631640" lon="14.168714">
				<ele>733.000000</ele>
			</trkpt>
			<trkpt lat="48.631658" lon="14.168624">
				<ele>733.000000</ele>
			</trkpt>
			<trkpt lat="48.631670" lon="14.168516">
				<ele>734.000000</ele>
			</trkpt>
			<trkpt lat="48.631670" lon="14.168382">
				<ele>734.000000</ele>
			</trkpt>
			<trkpt lat="48.631658" lon="14.168229">
				<ele>734.000000</ele>
			</trkpt>
			<trkpt lat="48.631432" lon="14.166684">
				<ele>741.000000</ele>
			</trkpt>
			<trkpt lat="48.631242" lon="14.166495">
				<ele>743.000000</ele>
			</trkpt>
			<trkpt lat="48.630951" lon="14.166181">
				<ele>746.000000</ele>
			</trkpt>
			<trkpt lat="48.630874" lon="14.166100">
				<ele>746.000000</ele>
			</trkpt>
			<trkpt lat="48.630762" lon="14.165938">
				<ele>748.000000</ele>
			</trkpt>
			<trkpt lat="48.630649" lon="14.165776">
				<ele>749.000000</ele>
			</trkpt>
			<trkpt lat="48.630310" lon="14.165183">
				<ele>753.000000</ele>
			</trkpt>
			<trkpt lat="48.630287" lon="14.165129">
				<ele>753.000000</ele>
			</trkpt>
			<trkpt lat="48.630150" lon="14.164932">
				<ele>755.000000</ele>
			</trkpt>
			<trkpt lat="48.630096" lon="14.164860">
				<ele>755.000000</ele>
			</trkpt>
			<trkpt lat="48.630031" lon="14.164806">
				<ele>756.000000</ele>
			</trkpt>
			<trkpt lat="48.629960" lon="14.164753">
				<ele>757.000000</ele>
			</trkpt>
			<trkpt lat="48.629877" lon="14.164716">
				<ele>757.000000</ele>
			</trkpt>
			<trkpt lat="48.629681" lon="14.164636">
				<ele>759.000000</ele>
			</trkpt>
			<trkpt lat="48.629509" lon="14.164546">
				<ele>760.000000</ele>
			</trkpt>
			<trkpt lat="48.629343" lon="14.164483">
				<ele>761.000000</ele>
			</trkpt>
			<trkpt lat="48.629176" lon="14.164437">
				<ele>763.000000</ele>
			</trkpt>
			<trkpt lat="48.629004" lon="14.164447">
				<ele>764.000000</ele>
			</trkpt>
			<trkpt lat="48.628814" lon="14.164474">
				<ele>765.000000</ele>
			</trkpt>
			<trkpt lat="48.628499" lon="14.164563">
				<ele>767.000000</ele>
			</trkpt>
			<trkpt lat="48.628149" lon="14.164644">
				<ele>768.000000</ele>
			</trkpt>
			<trkpt lat="48.627870" lon="14.164689">
				<ele>770.000000</ele>
			</trkpt>
			<trkpt lat="48.627466" lon="14.164753">
				<ele>772.000000</ele>
			</trkpt>
			<trkpt lat="48.627276" lon="14.164770">
				<ele>773.000000</ele>
			</trkpt>
			<trkpt lat="48.627169" lon="14.164761">
				<ele>774.000000</ele>
			</trkpt>
			<trkpt lat="48.627104" lon="14.164743">
				<ele>774.000000</ele>
			</trkpt>
			<trkpt lat="48.627063" lon="14.164707">
				<ele>774.000000</ele>
			</trkpt>
			<trkpt lat="48.627015" lon="14.164671">
				<ele>775.000000</ele>
			</trkpt>
			<trkpt lat="48.626980" lon="14.164600">
				<ele>775.000000</ele>
			</trkpt>
			<trkpt lat="48.626706" lon="14.164051">
				<ele>779.000000</ele>
			</trkpt>
			<trkpt lat="48.626617" lon="14.163845">
				<ele>780.000000</ele>
			</trkpt>
			<trkpt lat="48.626534" lon="14.163621">
				<ele>781.000000</ele>
			</trkpt>
			<trkpt lat="48.626433" lon="14.163324">
				<ele>782.000000</ele>
			</trkpt>
			<trkpt lat="48.626333" lon="14.163036">
				<ele>783.000000</ele>
			</trkpt>
			<trkpt lat="48.626237" lon="14.162829">
				<ele>784.000000</ele>
			</trkpt>
			<trkpt lat="48.626219" lon="14.162766">
				<ele>784.000000</ele>
			</trkpt>
			<trkpt lat="48.626208" lon="14.162686">
				<ele>784.000000</ele>
			</trkpt>
			<trkpt lat="48.626178" lon="14.162372">
				<ele>785.000000</ele>
			</trkpt>
			<trkpt lat="48.626160" lon="14.162255">
				<ele>786.000000</ele>
			</trkpt>
			<trkpt lat="48.626094" lon="14.161940">
				<ele>787.000000</ele>
			</trkpt>
			<trkpt lat="48.625994" lon="14.161537">
				<ele>789.000000</ele>
			</trkpt>
			<trkpt lat="48.625881" lon="14.161114">
				<ele>791.000000</ele>
			</trkpt>
			<trkpt lat="48.625780" lon="14.160835">
				<ele>792.000000</ele>
			</trkpt>
			<trkpt lat="48.625685" lon="14.160701">
				<ele>793.000000</ele>
			</trkpt>
			<trkpt lat="48.625513" lon="14.160495">
				<ele>795.000000</ele>
			</trkpt>
			<trkpt lat="48.625453" lon="14.160405">
				<ele>795.000000</ele>
			</trkpt>
			<trkpt lat="48.625418" lon="14.160342">
				<ele>796.000000</ele>
			</trkpt>
			<trkpt lat="48.625358" lon="14.160269">
				<ele>797.000000</ele>
			</trkpt>
			<trkpt lat="48.625281" lon="14.160162">
				<ele>798.000000</ele>
			</trkpt>
			<trkpt lat="48.625174" lon="14.160055">
				<ele>800.000000</ele>
			</trkpt>
			<trkpt lat="48.625020" lon="14.159919">
				<ele>800.000000</ele>
			</trkpt>
			<trkpt lat="48.624931" lon="14.159829">
				<ele>800.000000</ele>
			</trkpt>
			<trkpt lat="48.624860" lon="14.159722">
				<ele>801.000000</ele>
			</trkpt>
			<trkpt lat="48.624800" lon="14.159605">
				<ele>801.000000</ele>
			</trkpt>
			<trkpt lat="48.624616" lon="14.159093">
				<ele>801.000000</ele>
			</trkpt>
			<trkpt lat="48.624527" lon="14.158805">
				<ele>802.000000</ele>
			</trkpt>
			<trkpt lat="48.624492" lon="14.158644">
				<ele>802.000000</ele>
			</trkpt>
			<trkpt lat="48.624468" lon="14.158491">
				<ele>802.000000</ele>
			</trkpt>
			<trkpt lat="48.624450" lon="14.158347">
				<ele>802.000000</ele>
			</trkpt>
			<trkpt lat="48.624438" lon="14.158168">
				<ele>802.000000</ele>
			</trkpt>
			<trkpt lat="48.624414" lon="14.157844">
				<ele>803.000000</ele>
			</trkpt>
			<trkpt lat="48.624313" lon="14.157072">
				<ele>804.000000</ele>
			</trkpt>
			<trkpt lat="48.624284" lon="14.156703">
				<ele>804.000000</ele>
			</trkpt>
			<trkpt lat="48.624212" lon="14.155472">
				<ele>806.000000</ele>
			</trkpt>
			<trkpt lat="48.624177" lon="14.155023">
				<ele>807.000000</ele>
			</trkpt>
			<trkpt lat="48.624124" lon="14.154512">
				<ele>809.000000</ele>
			</trkpt>
			<trkpt lat="48.624087" lon="14.154170">
				<ele>811.000000</ele>
			</trkpt>
			<trkpt lat="48.624087" lon="14.153954">
				<ele>812.000000</ele>
			</trkpt>
			<trkpt lat="48.624094" lon="14.153747">
				<ele>813.000000</ele>
			</trkpt>
			<trkpt lat="48.624135" lon="14.153533">
				<ele>814.000000</ele>
			</trkpt>
			<trkpt lat="48.624171" lon="14.153344">
				<ele>815.000000</ele>
			</trkpt>
			<trkpt lat="48.624189" lon="14.153137">
				<ele>816.000000</ele>
			</trkpt>
			<trkpt lat="48.624141" lon="14.152967">
				<ele>817.000000</ele>
			</trkpt>
			<trkpt lat="48.624087" lon="14.152787">
				<ele>819.000000</ele>
			</trkpt>
			<trkpt lat="48.624058" lon="14.152625">
				<ele>820.000000</ele>
			</trkpt>
			<trkpt lat="48.624041" lon="14.152463">
				<ele>821.000000</ele>
			</trkpt>
			<trkpt lat="48.624028" lon="14.152166">
				<ele>823.000000</ele>
			</trkpt>
			<trkpt lat="48.624016" lon="14.151673">
				<ele>826.000000</ele>
			</trkpt>
			<trkpt lat="48.624022" lon="14.151107">
				<ele>830.000000</ele>
			</trkpt>
			<trkpt lat="48.624035" lon="14.150945">
				<ele>831.000000</ele>
			</trkpt>
			<trkpt lat="48.624070" lon="14.150784">
				<ele>832.000000</ele>
			</trkpt>
			<trkpt lat="48.624124" lon="14.150640">
				<ele>832.000000</ele>
			</trkpt>
			<trkpt lat="48.624266" lon="14.150352">
				<ele>834.000000</ele>
			</trkpt>
			<trkpt lat="48.624331" lon="14.150208">
				<ele>834.000000</ele>
			</trkpt>
			<trkpt lat="48.624741" lon="14.148897">
				<ele>841.000000</ele>
			</trkpt>
			<trkpt lat="48.625085" lon="14.147711">
				<ele>846.000000</ele>
			</trkpt>
			<trkpt lat="48.625139" lon="14.147531">
				<ele>848.000000</ele>
			</trkpt>
			<trkpt lat="48.625180" lon="14.147271">
				<ele>849.000000</ele>
			</trkpt>
			<trkpt lat="48.625204" lon="14.147011">
				<ele>850.000000</ele>
			</trkpt>
			<trkpt lat="48.625216" lon="14.146336">
				<ele>851.000000</ele>
			</trkpt>
			<trkpt lat="48.625240" lon="14.145834">
				<ele>851.000000</ele>
			</trkpt>
			<trkpt lat="48.625233" lon="14.144981">
				<ele>852.000000</ele>
			</trkpt>
			<trkpt lat="48.625240" lon="14.144711">
				<ele>853.000000</ele>
			</trkpt>
			<trkpt lat="48.625246" lon="14.144459">
				<ele>853.000000</ele>
			</trkpt>
			<trkpt lat="48.625264" lon="14.144243">
				<ele>853.000000</ele>
			</trkpt>
			<trkpt lat="48.625293" lon="14.144082">
				<ele>854.000000</ele>
			</trkpt>
			<trkpt lat="48.625335" lon="14.143947">
				<ele>854.000000</ele>
			</trkpt>
			<trkpt lat="48.625388" lon="14.143822">
				<ele>854.000000</ele>
			</trkpt>
			<trkpt lat="48.625477" lon="14.143669">
				<ele>854.000000</ele>
			</trkpt>
			<trkpt lat="48.625750" lon="14.143273">
				<ele>855.000000</ele>
			</trkpt>
			<trkpt lat="48.625893" lon="14.143084">
				<ele>855.000000</ele>
			</trkpt>
			<trkpt lat="48.626285" lon="14.142492">
				<ele>859.000000</ele>
			</trkpt>
			<trkpt lat="48.626546" lon="14.142052">
				<ele>860.000000</ele>
			</trkpt>
			<trkpt lat="48.626670" lon="14.141899">
				<ele>861.000000</ele>
			</trkpt>
			<trkpt lat="48.626712" lon="14.141818">
				<ele>861.000000</ele>
			</trkpt>
			<trkpt lat="48.626748" lon="14.141738">
				<ele>861.000000</ele>
			</trkpt>
			<trkpt lat="48.626784" lon="14.141656">
				<ele>862.000000</ele>
			</trkpt>
			<trkpt lat="48.626801" lon="14.141558">
				<ele>862.000000</ele>
			</trkpt>
			<trkpt lat="48.626819" lon="14.141449">
				<ele>862.000000</ele>
			</trkpt>
			<trkpt lat="48.626825" lon="14.141342">
				<ele>862.000000</ele>
			</trkpt>
			<trkpt lat="48.626837" lon="14.141243">
				<ele>862.000000</ele>
			</trkpt>
			<trkpt lat="48.626861" lon="14.141162">
				<ele>863.000000</ele>
			</trkpt>
			<trkpt lat="48.626896" lon="14.141099">
				<ele>863.000000</ele>
			</trkpt>
			<trkpt lat="48.626949" lon="14.141036">
				<ele>863.000000</ele>
			</trkpt>
			<trkpt lat="48.627003" lon="14.141010">
				<ele>863.000000</ele>
			</trkpt>
			<trkpt lat="48.627069" lon="14.141000">
				<ele>863.000000</ele>
			</trkpt>
			<trkpt lat="48.627211" lon="14.140830">
				<ele>864.000000</ele>
			</trkpt>
			<trkpt lat="48.627300" lon="14.140669">
				<ele>864.000000</ele>
			</trkpt>
			<trkpt lat="48.627573" lon="14.140138">
				<ele>867.000000</ele>
			</trkpt>
			<trkpt lat="48.627698" lon="14.139851">
				<ele>870.000000</ele>
			</trkpt>
			<trkpt lat="48.627787" lon="14.139671">
				<ele>871.000000</ele>
			</trkpt>
			<trkpt lat="48.627953" lon="14.139365">
				<ele>873.000000</ele>
			</trkpt>
			<trkpt lat="48.628018" lon="14.139285">
				<ele>874.000000</ele>
			</trkpt>
			<trkpt lat="48.628078" lon="14.139204">
				<ele>875.000000</ele>
			</trkpt>
			<trkpt lat="48.628143" lon="14.139132">
				<ele>876.000000</ele>
			</trkpt>
			<trkpt lat="48.628203" lon="14.139105">
				<ele>877.000000</ele>
			</trkpt>
			<trkpt lat="48.628268" lon="14.139078">
				<ele>878.000000</ele>
			</trkpt>
			<trkpt lat="48.628339" lon="14.139078">
				<ele>879.000000</ele>
			</trkpt>
			<trkpt lat="48.628457" lon="14.139105">
				<ele>880.000000</ele>
			</trkpt>
			<trkpt lat="48.628630" lon="14.139168">
				<ele>882.000000</ele>
			</trkpt>
			<trkpt lat="48.628737" lon="14.139195">
				<ele>883.000000</ele>
			</trkpt>
			<trkpt lat="48.628879" lon="14.139186">
				<ele>884.000000</ele>
			</trkpt>
			<trkpt lat="48.629040" lon="14.139151">
				<ele>886.000000</ele>
			</trkpt>
			<trkpt lat="48.629218" lon="14.139078">
				<ele>887.000000</ele>
			</trkpt>
			<trkpt lat="48.629461" lon="14.138962">
				<ele>890.000000</ele>
			</trkpt>
			<trkpt lat="48.629544" lon="14.138916">
				<ele>890.000000</ele>
			</trkpt>
			<trkpt lat="48.629616" lon="14.138862">
				<ele>891.000000</ele>
			</trkpt>
			<trkpt lat="48.629800" lon="14.138702">
				<ele>892.000000</ele>
			</trkpt>
			<trkpt lat="48.629966" lon="14.138575">
				<ele>893.000000</ele>
			</trkpt>
			<trkpt lat="48.630114" lon="14.138476">
				<ele>894.000000</ele>
			</trkpt>
			<trkpt lat="48.630304" lon="14.138405">
				<ele>895.000000</ele>
			</trkpt>
			<trkpt lat="48.630500" lon="14.138306">
				<ele>897.000000</ele>
			</trkpt>
			<trkpt lat="48.630898" lon="14.138099">
				<ele>901.000000</ele>
			</trkpt>
			<trkpt lat="48.631112" lon="14.138010">
				<ele>902.000000</ele>
			</trkpt>
			<trkpt lat="48.631284" lon="14.137937">
				<ele>903.000000</ele>
			</trkpt>
			<trkpt lat="48.631462" lon="14.137857">
				<ele>904.000000</ele>
			</trkpt>
			<trkpt lat="48.631973" lon="14.137578">
				<ele>907.000000</ele>
			</trkpt>
			<trkpt lat="48.632157" lon="14.137480">
				<ele>909.000000</ele>
			</trkpt>
			<trkpt lat="48.632376" lon="14.137407">
				<ele>910.000000</ele>
			</trkpt>
			<trkpt lat="48.632608" lon="14.137344">
				<ele>912.000000</ele>
			</trkpt>
			<trkpt lat="48.632679" lon="14.137308">
				<ele>912.000000</ele>
			</trkpt>
			<trkpt lat="48.632715" lon="14.137281">
				<ele>913.000000</ele>
			</trkpt>
			<trkpt lat="48.632732" lon="14.137237">
				<ele>913.000000</ele>
			</trkpt>
			<trkpt lat="48.632768" lon="14.137157">
				<ele>914.000000</ele>
			</trkpt>
			<trkpt lat="48.632857" lon="14.136868">
				<ele>915.000000</ele>
			</trkpt>
			<trkpt lat="48.633053" lon="14.135099">
				<ele>910.000000</ele>
			</trkpt>
			<trkpt lat="48.633142" lon="14.134335">
				<ele>905.000000</ele>
			</trkpt>
			<trkpt lat="48.633160" lon="14.134138">
				<ele>905.000000</ele>
			</trkpt>
			<trkpt lat="48.633178" lon="14.134092">
				<ele>905.000000</ele>
			</trkpt>
			<trkpt lat="48.633214" lon="14.134039">
				<ele>905.000000</ele>
			</trkpt>
			<trkpt lat="48.633427" lon="14.133832">
				<ele>905.000000</ele>
			</trkpt>
			<trkpt lat="48.633617" lon="14.133652">
				<ele>905.000000</ele>
			</trkpt>
			<trkpt lat="48.634252" lon="14.133140">
				<ele>905.000000</ele>
			</trkpt>
			<trkpt lat="48.634430" lon="14.132970">
				<ele>905.000000</ele>
			</trkpt>
			<trkpt lat="48.634721" lon="14.132656">
				<ele>905.000000</ele>
			</trkpt>
			<trkpt lat="48.634893" lon="14.132503">
				<ele>906.000000</ele>
			</trkpt>
			<trkpt lat="48.635155" lon="14.132287">
				<ele>907.000000</ele>
			</trkpt>
			<trkpt lat="48.635386" lon="14.132098">
				<ele>908.000000</ele>
			</trkpt>
			<trkpt lat="48.635606" lon="14.131964">
				<ele>909.000000</ele>
			</trkpt>
			<trkpt lat="48.636152" lon="14.131614">
				<ele>911.000000</ele>
			</trkpt>
			<trkpt lat="48.636870" lon="14.131165">
				<ele>915.000000</ele>
			</trkpt>
			<trkpt lat="48.637363" lon="14.130876">
				<ele>916.000000</ele>
			</trkpt>
			<trkpt lat="48.637850" lon="14.130607">
				<ele>916.000000</ele>
			</trkpt>
			<trkpt lat="48.638141" lon="14.130427">
				<ele>917.000000</ele>
			</trkpt>
			<trkpt lat="48.638455" lon="14.130230">
				<ele>917.000000</ele>
			</trkpt>
			<trkpt lat="48.638788" lon="14.129996">
				<ele>917.000000</ele>
			</trkpt>
			<trkpt lat="48.638907" lon="14.129907">
				<ele>918.000000</ele>
			</trkpt>
			<trkpt lat="48.638978" lon="14.129817">
				<ele>918.000000</ele>
			</trkpt>
			<trkpt lat="48.638841" lon="14.129763">
				<ele>917.000000</ele>
			</trkpt>
			<trkpt lat="48.638901" lon="14.129475">
				<ele>916.000000</ele>
			</trkpt>
			<trkpt lat="48.639049" lon="14.128757">
				<ele>915.000000</ele>
			</trkpt>
			<trkpt lat="48.639114" lon="14.128388">
				<ele>916.000000</ele>
			</trkpt>
			<trkpt lat="48.639221" lon="14.127895">
				<ele>916.000000</ele>
			</trkpt>
			<trkpt lat="48.639186" lon="14.127840">
				<ele>916.000000</ele>
			</trkpt>
			<trkpt lat="48.639168" lon="14.127777">
				<ele>917.000000</ele>
			</trkpt>
			<trkpt lat="48.639168" lon="14.127696">
				<ele>917.000000</ele>
			</trkpt>
			<trkpt lat="48.639168" lon="14.127562">
				<ele>917.000000</ele>
			</trkpt>
			<trkpt lat="48.639162" lon="14.127463">
				<ele>917.000000</ele>
			</trkpt>
			<trkpt lat="48.639162" lon="14.127356">
				<ele>917.000000</ele>
			</trkpt>
			<trkpt lat="48.639096" lon="14.127086">
				<ele>917.000000</ele>
			</trkpt>
			<trkpt lat="48.639061" lon="14.126880">
				<ele>918.000000</ele>
			</trkpt>
			<trkpt lat="48.639031" lon="14.126708">
				<ele>918.000000</ele>
			</trkpt>
			<trkpt lat="48.638995" lon="14.126241">
				<ele>918.000000</ele>
			</trkpt>
			<trkpt lat="48.638954" lon="14.125811">
				<ele>919.000000</ele>
			</trkpt>
			<trkpt lat="48.638853" lon="14.124777">
				<ele>920.000000</ele>
			</trkpt>
			<trkpt lat="48.638829" lon="14.124480">
				<ele>921.000000</ele>
			</trkpt>
			<trkpt lat="48.638799" lon="14.124238">
				<ele>922.000000</ele>
			</trkpt>
			<trkpt lat="48.638740" lon="14.124004">
				<ele>923.000000</ele>
			</trkpt>
			<trkpt lat="48.638669" lon="14.123735">
				<ele>924.000000</ele>
			</trkpt>
			<trkpt lat="48.638556" lon="14.123402">
				<ele>927.000000</ele>
			</trkpt>
			<trkpt lat="48.638539" lon="14.123304">
				<ele>928.000000</ele>
			</trkpt>
			<trkpt lat="48.638526" lon="14.123188">
				<ele>929.000000</ele>
			</trkpt>
			<trkpt lat="48.638491" lon="14.122532">
				<ele>934.000000</ele>
			</trkpt>
			<trkpt lat="48.638479" lon="14.121750">
				<ele>940.000000</ele>
			</trkpt>
			<trkpt lat="48.638491" lon="14.121641">
				<ele>941.000000</ele>
			</trkpt>
			<trkpt lat="48.638514" lon="14.121553">
				<ele>942.000000</ele>
			</trkpt>
			<trkpt lat="48.638562" lon="14.121490">
				<ele>943.000000</ele>
			</trkpt>
			<trkpt lat="48.638669" lon="14.121318">
				<ele>945.000000</ele>
			</trkpt>
			<trkpt lat="48.638799" lon="14.121130">
				<ele>947.000000</ele>
			</trkpt>
			<trkpt lat="48.639096" lon="14.120788">
				<ele>951.000000</ele>
			</trkpt>
			<trkpt lat="48.639155" lon="14.120672">
				<ele>952.000000</ele>
			</trkpt>
			<trkpt lat="48.639203" lon="14.120582">
				<ele>953.000000</ele>
			</trkpt>
			<trkpt lat="48.639227" lon="14.120475">
				<ele>954.000000</ele>
			</trkpt>
			<trkpt lat="48.639239" lon="14.120349">
				<ele>956.000000</ele>
			</trkpt>
			<trkpt lat="48.639227" lon="14.120222">
				<ele>957.000000</ele>
			</trkpt>
			<trkpt lat="48.639191" lon="14.120133">
				<ele>958.000000</ele>
			</trkpt>
			<trkpt lat="48.639132" lon="14.120052">
				<ele>960.000000</ele>
			</trkpt>
			<trkpt lat="48.639025" lon="14.119935">
				<ele>962.000000</ele>
			</trkpt>
			<trkpt lat="48.638995" lon="14.119855">
				<ele>963.000000</ele>
			</trkpt>
			<trkpt lat="48.638995" lon="14.119800">
				<ele>963.000000</ele>
			</trkpt>
			<trkpt lat="48.639007" lon="14.119737">
				<ele>964.000000</ele>
			</trkpt>
			<trkpt lat="48.639043" lon="14.119630">
				<ele>965.000000</ele>
			</trkpt>
			<trkpt lat="48.639078" lon="14.119496">
				<ele>966.000000</ele>
			</trkpt>
			<trkpt lat="48.639132" lon="14.119387">
				<ele>968.000000</ele>
			</trkpt>
			<trkpt lat="48.639203" lon="14.119307">
				<ele>969.000000</ele>
			</trkpt>
			<trkpt lat="48.639328" lon="14.119180">
				<ele>971.000000</ele>
			</trkpt>
			<trkpt lat="48.639352" lon="14.119136">
				<ele>972.000000</ele>
			</trkpt>
			<trkpt lat="48.639363" lon="14.119081">
				<ele>972.000000</ele>
			</trkpt>
			<trkpt lat="48.639352" lon="14.119020">
				<ele>973.000000</ele>
			</trkpt>
			<trkpt lat="48.639334" lon="14.118920">
				<ele>974.000000</ele>
			</trkpt>
			<trkpt lat="48.639298" lon="14.118830">
				<ele>975.000000</ele>
			</trkpt>
			<trkpt lat="48.639251" lon="14.118758">
				<ele>975.000000</ele>
			</trkpt>
			<trkpt lat="48.639186" lon="14.118704">
				<ele>976.000000</ele>
			</trkpt>
			<trkpt lat="48.639096" lon="14.118651">
				<ele>976.000000</ele>
			</trkpt>
			<trkpt lat="48.638847" lon="14.118534">
				<ele>978.000000</ele>
			</trkpt>
			<trkpt lat="48.638402" lon="14.118381">
				<ele>980.000000</ele>
			</trkpt>
			<trkpt lat="48.638170" lon="14.118291">
				<ele>982.000000</ele>
			</trkpt>
			<trkpt lat="48.638052" lon="14.118228">
				<ele>983.000000</ele>
			</trkpt>
			<trkpt lat="48.637969" lon="14.118148">
				<ele>984.000000</ele>
			</trkpt>
			<trkpt lat="48.637903" lon="14.118049">
				<ele>984.000000</ele>
			</trkpt>
			<trkpt lat="48.637850" lon="14.117932">
				<ele>985.000000</ele>
			</trkpt>
			<trkpt lat="48.637749" lon="14.117662">
				<ele>988.000000</ele>
			</trkpt>
			<trkpt lat="48.637713" lon="14.117555">
				<ele>989.000000</ele>
			</trkpt>
			<trkpt lat="48.637696" lon="14.117429">
				<ele>990.000000</ele>
			</trkpt>
			<trkpt lat="48.637684" lon="14.117295">
				<ele>991.000000</ele>
			</trkpt>
			<trkpt lat="48.637684" lon="14.116970">
				<ele>993.000000</ele>
			</trkpt>
			<trkpt lat="48.637660" lon="14.116683">
				<ele>995.000000</ele>
			</trkpt>
			<trkpt lat="48.637577" lon="14.115462">
				<ele>995.000000</ele>
			</trkpt>
			<trkpt lat="48.637565" lon="14.114949">
				<ele>995.000000</ele>
			</trkpt>
			<trkpt lat="48.637565" lon="14.114473">
				<ele>995.000000</ele>
			</trkpt>
			<trkpt lat="48.637588" lon="14.114016">
				<ele>995.000000</ele>
			</trkpt>
			<trkpt lat="48.637630" lon="14.113099">
				<ele>993.000000</ele>
			</trkpt>
			<trkpt lat="48.637648" lon="14.112884">
				<ele>992.000000</ele>
			</trkpt>
			<trkpt lat="48.637636" lon="14.112677">
				<ele>991.000000</ele>
			</trkpt>
			<trkpt lat="48.637600" lon="14.112479">
				<ele>991.000000</ele>
			</trkpt>
			<trkpt lat="48.637547" lon="14.112272">
				<ele>990.000000</ele>
			</trkpt>
			<trkpt lat="48.637452" lon="14.112003">
				<ele>989.000000</ele>
			</trkpt>
			<trkpt lat="48.637381" lon="14.111760">
				<ele>988.000000</ele>
			</trkpt>
			<trkpt lat="48.637232" lon="14.111114">
				<ele>985.000000</ele>
			</trkpt>
			<trkpt lat="48.637405" lon="14.110647">
				<ele>983.000000</ele>
			</trkpt>
			<trkpt lat="48.637559" lon="14.110251">
				<ele>980.000000</ele>
			</trkpt>
			<trkpt lat="48.637796" lon="14.109695">
				<ele>979.000000</ele>
			</trkpt>
			<trkpt lat="48.637867" lon="14.109515">
				<ele>979.000000</ele>
			</trkpt>
			<trkpt lat="48.637909" lon="14.109433">
				<ele>979.000000</ele>
			</trkpt>
			<trkpt lat="48.637963" lon="14.109380">
				<ele>979.000000</ele>
			</trkpt>
			<trkpt lat="48.638046" lon="14.109335">
				<ele>978.000000</ele>
			</trkpt>
			<trkpt lat="48.638087" lon="14.108724">
				<ele>978.000000</ele>
			</trkpt>
			<trkpt lat="48.638093" lon="14.108338">
				<ele>977.000000</ele>
			</trkpt>
			<trkpt lat="48.638087" lon="14.107691">
				<ele>976.000000</ele>
			</trkpt>
			<trkpt lat="48.638081" lon="14.107349">
				<ele>976.000000</ele>
			</trkpt>
			<trkpt lat="48.638099" lon="14.107062">
				<ele>975.000000</ele>
			</trkpt>
			<trkpt lat="48.638135" lon="14.106783">
				<ele>975.000000</ele>
			</trkpt>
			<trkpt lat="48.638503" lon="14.105894">
				<ele>975.000000</ele>
			</trkpt>
			<trkpt lat="48.638675" lon="14.105527">
				<ele>975.000000</ele>
			</trkpt>
			<trkpt lat="48.638758" lon="14.105355">
				<ele>975.000000</ele>
			</trkpt>
			<trkpt lat="48.638841" lon="14.105221">
				<ele>975.000000</ele>
			</trkpt>
			<trkpt lat="48.638930" lon="14.105114">
				<ele>975.000000</ele>
			</trkpt>
			<trkpt lat="48.639025" lon="14.105024">
				<ele>975.000000</ele>
			</trkpt>
			<trkpt lat="48.639138" lon="14.104942">
				<ele>975.000000</ele>
			</trkpt>
			<trkpt lat="48.639429" lon="14.104798">
				<ele>975.000000</ele>
			</trkpt>
			<trkpt lat="48.639684" lon="14.104691">
				<ele>975.000000</ele>
			</trkpt>
			<trkpt lat="48.640165" lon="14.104493">
				<ele>975.000000</ele>
			</trkpt>
			<trkpt lat="48.640254" lon="14.104448">
				<ele>975.000000</ele>
			</trkpt>
			<trkpt lat="48.640319" lon="14.104475">
				<ele>976.000000</ele>
			</trkpt>
			<trkpt lat="48.640391" lon="14.104502">
				<ele>978.000000</ele>
			</trkpt>
			<trkpt lat="48.640574" lon="14.104638">
				<ele>980.000000</ele>
			</trkpt>
			<trkpt lat="48.640782" lon="14.104781">
				<ele>982.000000</ele>
			</trkpt>
			<trkpt lat="48.640996" lon="14.104907">
				<ele>983.000000</ele>
			</trkpt>
			<trkpt lat="48.641203" lon="14.105005">
				<ele>984.000000</ele>
			</trkpt>
			<trkpt lat="48.641411" lon="14.105077">
				<ele>985.000000</ele>
			</trkpt>
			<trkpt lat="48.641809" lon="14.105140">
				<ele>988.000000</ele>
			</trkpt>
			<trkpt lat="48.642070" lon="14.105167">
				<ele>990.000000</ele>
			</trkpt>
			<trkpt lat="48.642260" lon="14.105175">
				<ele>992.000000</ele>
			</trkpt>
			<trkpt lat="48.642439" lon="14.105158">
				<ele>994.000000</ele>
			</trkpt>
			<trkpt lat="48.642634" lon="14.105095">
				<ele>997.000000</ele>
			</trkpt>
			<trkpt lat="48.642925" lon="14.104969">
				<ele>1001.000000</ele>
			</trkpt>
			<trkpt lat="48.643055" lon="14.104915">
				<ele>1003.000000</ele>
			</trkpt>
			<trkpt lat="48.643192" lon="14.104835">
				<ele>1005.000000</ele>
			</trkpt>
			<trkpt lat="48.643542" lon="14.104583">
				<ele>1010.000000</ele>
			</trkpt>
			<trkpt lat="48.643744" lon="14.104412">
				<ele>1015.000000</ele>
			</trkpt>
			<trkpt lat="48.643798" lon="14.104385">
				<ele>1016.000000</ele>
			</trkpt>
			<trkpt lat="48.643910" lon="14.104341">
				<ele>1017.000000</ele>
			</trkpt>
			<trkpt lat="48.643969" lon="14.104313">
				<ele>1018.000000</ele>
			</trkpt>
			<trkpt lat="48.644035" lon="14.104269">
				<ele>1019.000000</ele>
			</trkpt>
			<trkpt lat="48.644148" lon="14.104152">
				<ele>1021.000000</ele>
			</trkpt>
			<trkpt lat="48.644219" lon="14.104089">
				<ele>1022.000000</ele>
			</trkpt>
			<trkpt lat="48.644326" lon="14.104053">
				<ele>1023.000000</ele>
			</trkpt>
			<trkpt lat="48.644569" lon="14.103990">
				<ele>1026.000000</ele>
			</trkpt>
			<trkpt lat="48.644688" lon="14.103919">
				<ele>1027.000000</ele>
			</trkpt>
			<trkpt lat="48.644801" lon="14.103829">
				<ele>1029.000000</ele>
			</trkpt>
			<trkpt lat="48.644872" lon="14.103756">
				<ele>1030.000000</ele>
			</trkpt>
			<trkpt lat="48.644901" lon="14.103712">
				<ele>1030.000000</ele>
			</trkpt>
			<trkpt lat="48.644901" lon="14.103712">
				<ele>1030.000000</ele>
			</trkpt>
			<trkpt lat="48.644872" lon="14.103756">
				<ele>1030.000000</ele>
			</trkpt>
			<trkpt lat="48.644801" lon="14.103829">
				<ele>1029.000000</ele>
			</trkpt>
			<trkpt lat="48.644688" lon="14.103919">
				<ele>1027.000000</ele>
			</trkpt>
			<trkpt lat="48.644569" lon="14.103990">
				<ele>1026.000000</ele>
			</trkpt>
			<trkpt lat="48.644326" lon="14.104053">
				<ele>1023.000000</ele>
			</trkpt>
			<trkpt lat="48.644219" lon="14.104089">
				<ele>1022.000000</ele>
			</trkpt>
			<trkpt lat="48.644148" lon="14.104152">
				<ele>1021.000000</ele>
			</trkpt>
			<trkpt lat="48.644035" lon="14.104269">
				<ele>1019.000000</ele>
			</trkpt>
			<trkpt lat="48.643969" lon="14.104313">
				<ele>1018.000000</ele>
			</trkpt>
			<trkpt lat="48.643910" lon="14.104341">
				<ele>1017.000000</ele>
			</trkpt>
			<trkpt lat="48.643798" lon="14.104385">
				<ele>1016.000000</ele>
			</trkpt>
			<trkpt lat="48.643744" lon="14.104412">
				<ele>1015.000000</ele>
			</trkpt>
			<trkpt lat="48.643542" lon="14.104583">
				<ele>1010.000000</ele>
			</trkpt>
			<trkpt lat="48.643192" lon="14.104835">
				<ele>1005.000000</ele>
			</trkpt>
			<trkpt lat="48.643055" lon="14.104915">
				<ele>1003.000000</ele>
			</trkpt>
			<trkpt lat="48.642925" lon="14.104969">
				<ele>1001.000000</ele>
			</trkpt>
			<trkpt lat="48.642634" lon="14.105095">
				<ele>997.000000</ele>
			</trkpt>
			<trkpt lat="48.642439" lon="14.105158">
				<ele>994.000000</ele>
			</trkpt>
			<trkpt lat="48.642260" lon="14.105175">
				<ele>992.000000</ele>
			</trkpt>
			<trkpt lat="48.642070" lon="14.105167">
				<ele>990.000000</ele>
			</trkpt>
			<trkpt lat="48.641809" lon="14.105140">
				<ele>988.000000</ele>
			</trkpt>
			<trkpt lat="48.641411" lon="14.105077">
				<ele>985.000000</ele>
			</trkpt>
			<trkpt lat="48.641203" lon="14.105005">
				<ele>984.000000</ele>
			</trkpt>
			<trkpt lat="48.640996" lon="14.104907">
				<ele>983.000000</ele>
			</trkpt>
			<trkpt lat="48.640782" lon="14.104781">
				<ele>982.000000</ele>
			</trkpt>
			<trkpt lat="48.640574" lon="14.104638">
				<ele>980.000000</ele>
			</trkpt>
			<trkpt lat="48.640391" lon="14.104502">
				<ele>978.000000</ele>
			</trkpt>
			<trkpt lat="48.640319" lon="14.104475">
				<ele>976.000000</ele>
			</trkpt>
			<trkpt lat="48.640254" lon="14.104448">
				<ele>975.000000</ele>
			</trkpt>
			<trkpt lat="48.640082" lon="14.104017">
				<ele>975.000000</ele>
			</trkpt>
			<trkpt lat="48.639998" lon="14.103747">
				<ele>975.000000</ele>
			</trkpt>
			<trkpt lat="48.639969" lon="14.103622">
				<ele>974.000000</ele>
			</trkpt>
			<trkpt lat="48.639963" lon="14.103532">
				<ele>973.000000</ele>
			</trkpt>
			<trkpt lat="48.642213" lon="14.098097">
				<ele>961.000000</ele>
			</trkpt>
			<trkpt lat="48.642129" lon="14.097909">
				<ele>960.000000</ele>
			</trkpt>
			<trkpt lat="48.642064" lon="14.097720">
				<ele>960.000000</ele>
			</trkpt>
			<trkpt lat="48.641892" lon="14.097145">
				<ele>959.000000</ele>
			</trkpt>
			<trkpt lat="48.641815" lon="14.096911">
				<ele>959.000000</ele>
			</trkpt>
			<trkpt lat="48.641708" lon="14.096687">
				<ele>959.000000</ele>
			</trkpt>
			<trkpt lat="48.641607" lon="14.096508">
				<ele>958.000000</ele>
			</trkpt>
			<trkpt lat="48.641494" lon="14.096363">
				<ele>958.000000</ele>
			</trkpt>
			<trkpt lat="48.641441" lon="14.096301">
				<ele>958.000000</ele>
			</trkpt>
			<trkpt lat="48.641382" lon="14.096256">
				<ele>958.000000</ele>
			</trkpt>
			<trkpt lat="48.641322" lon="14.096219">
				<ele>958.000000</ele>
			</trkpt>
			<trkpt lat="48.641269" lon="14.096202">
				<ele>958.000000</ele>
			</trkpt>
			<trkpt lat="48.641073" lon="14.096156">
				<ele>957.000000</ele>
			</trkpt>
			<trkpt lat="48.640794" lon="14.096093">
				<ele>957.000000</ele>
			</trkpt>
			<trkpt lat="48.640574" lon="14.096040">
				<ele>956.000000</ele>
			</trkpt>
			<trkpt lat="48.640408" lon="14.095950">
				<ele>956.000000</ele>
			</trkpt>
			<trkpt lat="48.640070" lon="14.095753">
				<ele>956.000000</ele>
			</trkpt>
			<trkpt lat="48.639915" lon="14.095645">
				<ele>955.000000</ele>
			</trkpt>
			<trkpt lat="48.639708" lon="14.095510">
				<ele>955.000000</ele>
			</trkpt>
			<trkpt lat="48.639500" lon="14.095411">
				<ele>955.000000</ele>
			</trkpt>
			<trkpt lat="48.639274" lon="14.095303">
				<ele>955.000000</ele>
			</trkpt>
			<trkpt lat="48.638942" lon="14.095187">
				<ele>955.000000</ele>
			</trkpt>
			<trkpt lat="48.638545" lon="14.095070">
				<ele>955.000000</ele>
			</trkpt>
			<trkpt lat="48.637790" lon="14.094881">
				<ele>955.000000</ele>
			</trkpt>
			<trkpt lat="48.637339" lon="14.094737">
				<ele>955.000000</ele>
			</trkpt>
			<trkpt lat="48.637185" lon="14.094693">
				<ele>955.000000</ele>
			</trkpt>
			<trkpt lat="48.637013" lon="14.094531">
				<ele>955.000000</ele>
			</trkpt>
			<trkpt lat="48.636912" lon="14.094424">
				<ele>955.000000</ele>
			</trkpt>
			<trkpt lat="48.636823" lon="14.094271">
				<ele>955.000000</ele>
			</trkpt>
			<trkpt lat="48.636739" lon="14.094118">
				<ele>955.000000</ele>
			</trkpt>
			<trkpt lat="48.636354" lon="14.093237">
				<ele>960.000000</ele>
			</trkpt>
			<trkpt lat="48.636087" lon="14.092609">
				<ele>964.000000</ele>
			</trkpt>
			<trkpt lat="48.635962" lon="14.092267">
				<ele>965.000000</ele>
			</trkpt>
			<trkpt lat="48.635802" lon="14.091835">
				<ele>966.000000</ele>
			</trkpt>
			<trkpt lat="48.635665" lon="14.091432">
				<ele>967.000000</ele>
			</trkpt>
			<trkpt lat="48.635553" lon="14.091145">
				<ele>968.000000</ele>
			</trkpt>
			<trkpt lat="48.635434" lon="14.090866">
				<ele>969.000000</ele>
			</trkpt>
			<trkpt lat="48.635279" lon="14.090516">
				<ele>970.000000</ele>
			</trkpt>
			<trkpt lat="48.635172" lon="14.090273">
				<ele>970.000000</ele>
			</trkpt>
			<trkpt lat="48.635077" lon="14.090057">
				<ele>970.000000</ele>
			</trkpt>
			<trkpt lat="48.634958" lon="14.089887">
				<ele>970.000000</ele>
			</trkpt>
			<trkpt lat="48.634632" lon="14.089411">
				<ele>970.000000</ele>
			</trkpt>
			<trkpt lat="48.634496" lon="14.089231">
				<ele>970.000000</ele>
			</trkpt>
			<trkpt lat="48.634448" lon="14.089132">
				<ele>970.000000</ele>
			</trkpt>
			<trkpt lat="48.634413" lon="14.089051">
				<ele>970.000000</ele>
			</trkpt>
			<trkpt lat="48.634389" lon="14.088971">
				<ele>970.000000</ele>
			</trkpt>
			<trkpt lat="48.634365" lon="14.088871">
				<ele>970.000000</ele>
			</trkpt>
			<trkpt lat="48.634359" lon="14.088764">
				<ele>970.000000</ele>
			</trkpt>
			<trkpt lat="48.634359" lon="14.088674">
				<ele>970.000000</ele>
			</trkpt>
			<trkpt lat="48.634395" lon="14.086950">
				<ele>967.000000</ele>
			</trkpt>
			<trkpt lat="48.634454" lon="14.085287">
				<ele>961.000000</ele>
			</trkpt>
			<trkpt lat="48.634644" lon="14.079413">
				<ele>942.000000</ele>
			</trkpt>
			<trkpt lat="48.634710" lon="14.077849">
				<ele>933.000000</ele>
			</trkpt>
			<trkpt lat="48.634787" lon="14.076287">
				<ele>923.000000</ele>
			</trkpt>
			<trkpt lat="48.634828" lon="14.075963">
				<ele>921.000000</ele>
			</trkpt>
			<trkpt lat="48.634917" lon="14.075514">
				<ele>918.000000</ele>
			</trkpt>
			<trkpt lat="48.634953" lon="14.075279">
				<ele>917.000000</ele>
			</trkpt>
			<trkpt lat="48.635048" lon="14.074696">
				<ele>914.000000</ele>
			</trkpt>
			<trkpt lat="48.635072" lon="14.074390">
				<ele>914.000000</ele>
			</trkpt>
			<trkpt lat="48.635101" lon="14.073987">
				<ele>913.000000</ele>
			</trkpt>
			<trkpt lat="48.635172" lon="14.073465">
				<ele>911.000000</ele>
			</trkpt>
			<trkpt lat="48.635220" lon="14.073088">
				<ele>910.000000</ele>
			</trkpt>
			<trkpt lat="48.635291" lon="14.072666">
				<ele>909.000000</ele>
			</trkpt>
			<trkpt lat="48.635315" lon="14.072558">
				<ele>909.000000</ele>
			</trkpt>
			<trkpt lat="48.635398" lon="14.072316">
				<ele>908.000000</ele>
			</trkpt>
			<trkpt lat="48.635463" lon="14.072092">
				<ele>908.000000</ele>
			</trkpt>
			<trkpt lat="48.635547" lon="14.071884">
				<ele>907.000000</ele>
			</trkpt>
			<trkpt lat="48.635624" lon="14.071687">
				<ele>907.000000</ele>
			</trkpt>
			<trkpt lat="48.635695" lon="14.071534">
				<ele>906.000000</ele>
			</trkpt>
			<trkpt lat="48.635772" lon="14.071381">
				<ele>906.000000</ele>
			</trkpt>
			<trkpt lat="48.635861" lon="14.071247">
				<ele>906.000000</ele>
			</trkpt>
			<trkpt lat="48.635950" lon="14.071121">
				<ele>905.000000</ele>
			</trkpt>
			<trkpt lat="48.636057" lon="14.071013">
				<ele>905.000000</ele>
			</trkpt>
			<trkpt lat="48.636146" lon="14.070914">
				<ele>904.000000</ele>
			</trkpt>
			<trkpt lat="48.636259" lon="14.070842">
				<ele>904.000000</ele>
			</trkpt>
			<trkpt lat="48.636366" lon="14.070771">
				<ele>904.000000</ele>
			</trkpt>
			<trkpt lat="48.636479" lon="14.070734">
				<ele>903.000000</ele>
			</trkpt>
			<trkpt lat="48.636585" lon="14.070717">
				<ele>903.000000</ele>
			</trkpt>
			<trkpt lat="48.636722" lon="14.070717">
				<ele>902.000000</ele>
			</trkpt>
			<trkpt lat="48.636858" lon="14.070725">
				<ele>902.000000</ele>
			</trkpt>
			<trkpt lat="48.637001" lon="14.070752">
				<ele>901.000000</ele>
			</trkpt>
			<trkpt lat="48.637446" lon="14.070905">
				<ele>900.000000</ele>
			</trkpt>
			<trkpt lat="48.637802" lon="14.071004">
				<ele>899.000000</ele>
			</trkpt>
			<trkpt lat="48.637969" lon="14.071084">
				<ele>898.000000</ele>
			</trkpt>
			<trkpt lat="48.638141" lon="14.071193">
				<ele>898.000000</ele>
			</trkpt>
			<trkpt lat="48.638384" lon="14.071400">
				<ele>897.000000</ele>
			</trkpt>
			<trkpt lat="48.638485" lon="14.071453">
				<ele>896.000000</ele>
			</trkpt>
			<trkpt lat="48.638574" lon="14.071489">
				<ele>896.000000</ele>
			</trkpt>
			<trkpt lat="48.638681" lon="14.071534">
				<ele>896.000000</ele>
			</trkpt>
			<trkpt lat="48.638907" lon="14.071552">
				<ele>895.000000</ele>
			</trkpt>
			<trkpt lat="48.639013" lon="14.071597">
				<ele>895.000000</ele>
			</trkpt>
			<trkpt lat="48.639126" lon="14.071633">
				<ele>894.000000</ele>
			</trkpt>
			<trkpt lat="48.639233" lon="14.071642">
				<ele>894.000000</ele>
			</trkpt>
			<trkpt lat="48.639328" lon="14.071633">
				<ele>894.000000</ele>
			</trkpt>
			<trkpt lat="48.639446" lon="14.071597">
				<ele>893.000000</ele>
			</trkpt>
			<trkpt lat="48.639779" lon="14.071471">
				<ele>892.000000</ele>
			</trkpt>
			<trkpt lat="48.640064" lon="14.071354">
				<ele>891.000000</ele>
			</trkpt>
			<trkpt lat="48.640355" lon="14.071220">
				<ele>890.000000</ele>
			</trkpt>
			<trkpt lat="48.640639" lon="14.071076">
				<ele>889.000000</ele>
			</trkpt>
			<trkpt lat="48.640830" lon="14.070977">
				<ele>888.000000</ele>
			</trkpt>
			<trkpt lat="48.640996" lon="14.070905">
				<ele>888.000000</ele>
			</trkpt>
			<trkpt lat="48.641286" lon="14.070797">
				<ele>887.000000</ele>
			</trkpt>
			<trkpt lat="48.641286" lon="14.070797">
				<ele>887.000000</ele>
			</trkpt>
			<trkpt lat="48.641602" lon="14.070690">
				<ele>886.000000</ele>
			</trkpt>
			<trkpt lat="48.641815" lon="14.070608">
				<ele>885.000000</ele>
			</trkpt>
			<trkpt lat="48.642076" lon="14.070465">
				<ele>884.000000</ele>
			</trkpt>
			<trkpt lat="48.642314" lon="14.070312">
				<ele>883.000000</ele>
			</trkpt>
			<trkpt lat="48.643091" lon="14.069765">
				<ele>880.000000</ele>
			</trkpt>
			<trkpt lat="48.643299" lon="14.069612">
				<ele>879.000000</ele>
			</trkpt>
			<trkpt lat="48.643459" lon="14.069459">
				<ele>878.000000</ele>
			</trkpt>
			<trkpt lat="48.643613" lon="14.069279">
				<ele>878.000000</ele>
			</trkpt>
			<trkpt lat="48.643756" lon="14.069073">
				<ele>877.000000</ele>
			</trkpt>
			<trkpt lat="48.643886" lon="14.068839">
				<ele>877.000000</ele>
			</trkpt>
			<trkpt lat="48.644017" lon="14.068551">
				<ele>876.000000</ele>
			</trkpt>
			<trkpt lat="48.644486" lon="14.067447">
				<ele>873.000000</ele>
			</trkpt>
			<trkpt lat="48.645026" lon="14.066226">
				<ele>870.000000</ele>
			</trkpt>
			<trkpt lat="48.645347" lon="14.065570">
				<ele>868.000000</ele>
			</trkpt>
			<trkpt lat="48.645525" lon="14.065218">
				<ele>867.000000</ele>
			</trkpt>
			<trkpt lat="48.645679" lon="14.064931">
				<ele>866.000000</ele>
			</trkpt>
			<trkpt lat="48.645815" lon="14.064707">
				<ele>866.000000</ele>
			</trkpt>
			<trkpt lat="48.645958" lon="14.064518">
				<ele>865.000000</ele>
			</trkpt>
			<trkpt lat="48.646100" lon="14.064348">
				<ele>865.000000</ele>
			</trkpt>
			<trkpt lat="48.646267" lon="14.064195">
				<ele>864.000000</ele>
			</trkpt>
			<trkpt lat="48.646469" lon="14.064042">
				<ele>863.000000</ele>
			</trkpt>
			<trkpt lat="48.646723" lon="14.063880">
				<ele>863.000000</ele>
			</trkpt>
			<trkpt lat="48.647050" lon="14.063683">
				<ele>862.000000</ele>
			</trkpt>
			<trkpt lat="48.647335" lon="14.063530">
				<ele>861.000000</ele>
			</trkpt>
			<trkpt lat="48.647602" lon="14.063413">
				<ele>860.000000</ele>
			</trkpt>
			<trkpt lat="48.647828" lon="14.063350">
				<ele>859.000000</ele>
			</trkpt>
			<trkpt lat="48.648053" lon="14.063306">
				<ele>859.000000</ele>
			</trkpt>
			<trkpt lat="48.648296" lon="14.063287">
				<ele>858.000000</ele>
			</trkpt>
			<trkpt lat="48.648557" lon="14.063297">
				<ele>857.000000</ele>
			</trkpt>
			<trkpt lat="48.648854" lon="14.063350">
				<ele>856.000000</ele>
			</trkpt>
			<trkpt lat="48.649044" lon="14.063386">
				<ele>855.000000</ele>
			</trkpt>
			<trkpt lat="48.649252" lon="14.063450">
				<ele>854.000000</ele>
			</trkpt>
			<trkpt lat="48.649412" lon="14.063513">
				<ele>854.000000</ele>
			</trkpt>
			<trkpt lat="48.649602" lon="14.063602">
				<ele>854.000000</ele>
			</trkpt>
			<trkpt lat="48.649893" lon="14.063790">
				<ele>853.000000</ele>
			</trkpt>
			<trkpt lat="48.650570" lon="14.064239">
				<ele>851.000000</ele>
			</trkpt>
			<trkpt lat="48.650866" lon="14.064429">
				<ele>850.000000</ele>
			</trkpt>
			<trkpt lat="48.651638" lon="14.064868">
				<ele>844.000000</ele>
			</trkpt>
			<trkpt lat="48.652486" lon="14.065390">
				<ele>840.000000</ele>
			</trkpt>
			<trkpt lat="48.652742" lon="14.065570">
				<ele>839.000000</ele>
			</trkpt>
			<trkpt lat="48.652985" lon="14.065758">
				<ele>838.000000</ele>
			</trkpt>
			<trkpt lat="48.653163" lon="14.065920">
				<ele>837.000000</ele>
			</trkpt>
			<trkpt lat="48.653662" lon="14.066377">
				<ele>836.000000</ele>
			</trkpt>
			<trkpt lat="48.654006" lon="14.066674">
				<ele>834.000000</ele>
			</trkpt>
			<trkpt lat="48.654409" lon="14.066989">
				<ele>832.000000</ele>
			</trkpt>
			<trkpt lat="48.655288" lon="14.067725">
				<ele>829.000000</ele>
			</trkpt>
			<trkpt lat="48.655572" lon="14.067950">
				<ele>828.000000</ele>
			</trkpt>
			<trkpt lat="48.655875" lon="14.068174">
				<ele>826.000000</ele>
			</trkpt>
			<trkpt lat="48.656896" lon="14.068902">
				<ele>823.000000</ele>
			</trkpt>
			<trkpt lat="48.657531" lon="14.069379">
				<ele>820.000000</ele>
			</trkpt>
			<trkpt lat="48.657756" lon="14.069549">
				<ele>819.000000</ele>
			</trkpt>
			<trkpt lat="48.658112" lon="14.069828">
				<ele>818.000000</ele>
			</trkpt>
			<trkpt lat="48.658391" lon="14.070069">
				<ele>817.000000</ele>
			</trkpt>
			<trkpt lat="48.658652" lon="14.070339">
				<ele>816.000000</ele>
			</trkpt>
			<trkpt lat="48.658907" lon="14.070627">
				<ele>815.000000</ele>
			</trkpt>
			<trkpt lat="48.659180" lon="14.070968">
				<ele>814.000000</ele>
			</trkpt>
			<trkpt lat="48.659352" lon="14.071210">
				<ele>814.000000</ele>
			</trkpt>
			<trkpt lat="48.659489" lon="14.071417">
				<ele>813.000000</ele>
			</trkpt>
			<trkpt lat="48.659607" lon="14.071650">
				<ele>813.000000</ele>
			</trkpt>
			<trkpt lat="48.659720" lon="14.071893">
				<ele>812.000000</ele>
			</trkpt>
			<trkpt lat="48.659803" lon="14.072163">
				<ele>812.000000</ele>
			</trkpt>
			<trkpt lat="48.659874" lon="14.072459">
				<ele>811.000000</ele>
			</trkpt>
			<trkpt lat="48.659922" lon="14.072747">
				<ele>810.000000</ele>
			</trkpt>
			<trkpt lat="48.659939" lon="14.072918">
				<ele>810.000000</ele>
			</trkpt>
			<trkpt lat="48.661909" lon="14.070510">
				<ele>781.000000</ele>
			</trkpt>
			<trkpt lat="48.664882" lon="14.066054">
				<ele>761.000000</ele>
			</trkpt>
			<trkpt lat="48.665351" lon="14.065335">
				<ele>760.000000</ele>
			</trkpt>
			<trkpt lat="48.665802" lon="14.064626">
				<ele>760.000000</ele>
			</trkpt>
			<trkpt lat="48.665938" lon="14.064392">
				<ele>760.000000</ele>
			</trkpt>
			<trkpt lat="48.666152" lon="14.064113">
				<ele>760.000000</ele>
			</trkpt>
			<trkpt lat="48.666549" lon="14.063547">
				<ele>760.000000</ele>
			</trkpt>
			<trkpt lat="48.666650" lon="14.063413">
				<ele>760.000000</ele>
			</trkpt>
			<trkpt lat="48.666757" lon="14.063287">
				<ele>760.000000</ele>
			</trkpt>
			<trkpt lat="48.666863" lon="14.063188">
				<ele>760.000000</ele>
			</trkpt>
			<trkpt lat="48.666959" lon="14.063117">
				<ele>760.000000</ele>
			</trkpt>
			<trkpt lat="48.667071" lon="14.063063">
				<ele>760.000000</ele>
			</trkpt>
			<trkpt lat="48.667178" lon="14.063036">
				<ele>760.000000</ele>
			</trkpt>
			<trkpt lat="48.667291" lon="14.063018">
				<ele>760.000000</ele>
			</trkpt>
			<trkpt lat="48.667409" lon="14.063018">
				<ele>760.000000</ele>
			</trkpt>
			<trkpt lat="48.667599" lon="14.063071">
				<ele>760.000000</ele>
			</trkpt>
			<trkpt lat="48.667789" lon="14.063144">
				<ele>760.000000</ele>
			</trkpt>
			<trkpt lat="48.668133" lon="14.063341">
				<ele>759.000000</ele>
			</trkpt>
			<trkpt lat="48.668442" lon="14.063557">
				<ele>756.000000</ele>
			</trkpt>
			<trkpt lat="48.668721" lon="14.063782">
				<ele>754.000000</ele>
			</trkpt>
			<trkpt lat="48.668928" lon="14.064006">
				<ele>753.000000</ele>
			</trkpt>
			<trkpt lat="48.669136" lon="14.064249">
				<ele>752.000000</ele>
			</trkpt>
			<trkpt lat="48.669332" lon="14.064545">
				<ele>751.000000</ele>
			</trkpt>
			<trkpt lat="48.669509" lon="14.064878">
				<ele>750.000000</ele>
			</trkpt>
			<trkpt lat="48.669694" lon="14.065273">
				<ele>748.000000</ele>
			</trkpt>
			<trkpt lat="48.670263" lon="14.066566">
				<ele>744.000000</ele>
			</trkpt>
			<trkpt lat="48.670411" lon="14.066863">
				<ele>743.000000</ele>
			</trkpt>
			<trkpt lat="48.670518" lon="14.067052">
				<ele>742.000000</ele>
			</trkpt>
			<trkpt lat="48.670619" lon="14.067186">
				<ele>741.000000</ele>
			</trkpt>
			<trkpt lat="48.670755" lon="14.067329">
				<ele>741.000000</ele>
			</trkpt>
			<trkpt lat="48.670892" lon="14.067447">
				<ele>740.000000</ele>
			</trkpt>
			<trkpt lat="48.671224" lon="14.067716">
				<ele>738.000000</ele>
			</trkpt>
			<trkpt lat="48.671461" lon="14.067914">
				<ele>736.000000</ele>
			</trkpt>
			<trkpt lat="48.671942" lon="14.068408">
				<ele>733.000000</ele>
			</trkpt>
			<trkpt lat="48.672149" lon="14.068578">
				<ele>731.000000</ele>
			</trkpt>
			<trkpt lat="48.672232" lon="14.068578">
				<ele>731.000000</ele>
			</trkpt>
			<trkpt lat="48.672298" lon="14.068560">
				<ele>731.000000</ele>
			</trkpt>
			<trkpt lat="48.672357" lon="14.068534">
				<ele>730.000000</ele>
			</trkpt>
			<trkpt lat="48.672422" lon="14.068480">
				<ele>730.000000</ele>
			</trkpt>
			<trkpt lat="48.672914" lon="14.065452">
				<ele>730.000000</ele>
			</trkpt>
			<trkpt lat="48.672992" lon="14.064976">
				<ele>730.000000</ele>
			</trkpt>
			<trkpt lat="48.673057" lon="14.064652">
				<ele>730.000000</ele>
			</trkpt>
			<trkpt lat="48.673116" lon="14.064392">
				<ele>730.000000</ele>
			</trkpt>
			<trkpt lat="48.673187" lon="14.064150">
				<ele>730.000000</ele>
			</trkpt>
			<trkpt lat="48.673264" lon="14.063916">
				<ele>730.000000</ele>
			</trkpt>
			<trkpt lat="48.673360" lon="14.063665">
				<ele>730.000000</ele>
			</trkpt>
			<trkpt lat="48.673484" lon="14.063423">
				<ele>730.000000</ele>
			</trkpt>
			<trkpt lat="48.673603" lon="14.063216">
				<ele>730.000000</ele>
			</trkpt>
			<trkpt lat="48.673710" lon="14.063054">
				<ele>730.000000</ele>
			</trkpt>
			<trkpt lat="48.673816" lon="14.062884">
				<ele>730.000000</ele>
			</trkpt>
			<trkpt lat="48.673929" lon="14.062748">
				<ele>730.000000</ele>
			</trkpt>
			<trkpt lat="48.674066" lon="14.062595">
				<ele>730.000000</ele>
			</trkpt>
			<trkpt lat="48.674190" lon="14.062488">
				<ele>730.000000</ele>
			</trkpt>
			<trkpt lat="48.674350" lon="14.062362">
				<ele>730.000000</ele>
			</trkpt>
			<trkpt lat="48.674653" lon="14.062138">
				<ele>730.000000</ele>
			</trkpt>
			<trkpt lat="48.675513" lon="14.061608">
				<ele>730.000000</ele>
			</trkpt>
			<trkpt lat="48.677921" lon="14.060144">
				<ele>731.000000</ele>
			</trkpt>
			<trkpt lat="48.680317" lon="14.058679">
				<ele>735.000000</ele>
			</trkpt>
			<trkpt lat="48.681397" lon="14.058006">
				<ele>735.000000</ele>
			</trkpt>
			<trkpt lat="48.682417" lon="14.057377">
				<ele>735.000000</ele>
			</trkpt>
			<trkpt lat="48.682790" lon="14.057134">
				<ele>735.000000</ele>
			</trkpt>
			<trkpt lat="48.683016" lon="14.056981">
				<ele>734.000000</ele>
			</trkpt>
			<trkpt lat="48.683140" lon="14.056874">
				<ele>734.000000</ele>
			</trkpt>
			<trkpt lat="48.683164" lon="14.056729">
				<ele>734.000000</ele>
			</trkpt>
			<trkpt lat="48.683182" lon="14.056639">
				<ele>734.000000</ele>
			</trkpt>
			<trkpt lat="48.683188" lon="14.056532">
				<ele>734.000000</ele>
			</trkpt>
			<trkpt lat="48.683182" lon="14.056425">
				<ele>735.000000</ele>
			</trkpt>
			<trkpt lat="48.683301" lon="14.056586">
				<ele>734.000000</ele>
			</trkpt>
			<trkpt lat="48.683342" lon="14.056442">
				<ele>734.000000</ele>
			</trkpt>
			<trkpt lat="48.683378" lon="14.056326">
				<ele>734.000000</ele>
			</trkpt>
			<trkpt lat="48.683401" lon="14.056173">
				<ele>734.000000</ele>
			</trkpt>
			<trkpt lat="48.683419" lon="14.055993">
				<ele>734.000000</ele>
			</trkpt>
			<trkpt lat="48.683455" lon="14.055777">
				<ele>735.000000</ele>
			</trkpt>
			<trkpt lat="48.683508" lon="14.055597">
				<ele>735.000000</ele>
			</trkpt>
			<trkpt lat="48.683567" lon="14.055436">
				<ele>735.000000</ele>
			</trkpt>
			<trkpt lat="48.683651" lon="14.055328">
				<ele>735.000000</ele>
			</trkpt>
			<trkpt lat="48.683811" lon="14.055148">
				<ele>735.000000</ele>
			</trkpt>
			<trkpt lat="48.683924" lon="14.054997">
				<ele>735.000000</ele>
			</trkpt>
			<trkpt lat="48.684030" lon="14.054844">
				<ele>735.000000</ele>
			</trkpt>
			<trkpt lat="48.684119" lon="14.054691">
				<ele>735.000000</ele>
			</trkpt>
			<trkpt lat="48.684208" lon="14.054528">
				<ele>735.000000</ele>
			</trkpt>
			<trkpt lat="48.684297" lon="14.054322">
				<ele>735.000000</ele>
			</trkpt>
			<trkpt lat="48.684368" lon="14.054115">
				<ele>735.000000</ele>
			</trkpt>
			<trkpt lat="48.684445" lon="14.053846">
				<ele>735.000000</ele>
			</trkpt>
			<trkpt lat="48.684576" lon="14.053478">
				<ele>735.000000</ele>
			</trkpt>
			<trkpt lat="48.684754" lon="14.053020">
				<ele>735.000000</ele>
			</trkpt>
			<trkpt lat="48.684931" lon="14.052570">
				<ele>735.000000</ele>
			</trkpt>
			<trkpt lat="48.685157" lon="14.052050">
				<ele>735.000000</ele>
			</trkpt>
			<trkpt lat="48.685300" lon="14.051691">
				<ele>735.000000</ele>
			</trkpt>
			<trkpt lat="48.685454" lon="14.051295">
				<ele>735.000000</ele>
			</trkpt>
			<trkpt lat="48.685566" lon="14.050926">
				<ele>735.000000</ele>
			</trkpt>
			<trkpt lat="48.685756" lon="14.050297">
				<ele>735.000000</ele>
			</trkpt>
			<trkpt lat="48.685898" lon="14.049894">
				<ele>735.000000</ele>
			</trkpt>
			<trkpt lat="48.686118" lon="14.049345">
				<ele>735.000000</ele>
			</trkpt>
			<trkpt lat="48.686213" lon="14.049112">
				<ele>735.000000</ele>
			</trkpt>
			<trkpt lat="48.686266" lon="14.048959">
				<ele>735.000000</ele>
			</trkpt>
			<trkpt lat="48.686301" lon="14.048798">
				<ele>735.000000</ele>
			</trkpt>
			<trkpt lat="48.686337" lon="14.048591">
				<ele>735.000000</ele>
			</trkpt>
			<trkpt lat="48.686462" lon="14.047720">
				<ele>735.000000</ele>
			</trkpt>
			<trkpt lat="48.686521" lon="14.047163">
				<ele>735.000000</ele>
			</trkpt>
			<trkpt lat="48.686557" lon="14.046821">
				<ele>735.000000</ele>
			</trkpt>
			<trkpt lat="48.686580" lon="14.046695">
				<ele>735.000000</ele>
			</trkpt>
			<trkpt lat="48.686598" lon="14.046605">
				<ele>735.000000</ele>
			</trkpt>
			<trkpt lat="48.686651" lon="14.046435">
				<ele>735.000000</ele>
			</trkpt>
			<trkpt lat="48.686728" lon="14.046202">
				<ele>735.000000</ele>
			</trkpt>
			<trkpt lat="48.687037" lon="14.045232">
				<ele>733.000000</ele>
			</trkpt>
			<trkpt lat="48.687310" lon="14.044360">
				<ele>730.000000</ele>
			</trkpt>
			<trkpt lat="48.687535" lon="14.043596">
				<ele>730.000000</ele>
			</trkpt>
			<trkpt lat="48.687773" lon="14.042762">
				<ele>730.000000</ele>
			</trkpt>
			<trkpt lat="48.687992" lon="14.042007">
				<ele>730.000000</ele>
			</trkpt>
			<trkpt lat="48.688235" lon="14.041242">
				<ele>730.000000</ele>
			</trkpt>
			<trkpt lat="48.688300" lon="14.041036">
				<ele>730.000000</ele>
			</trkpt>
			<trkpt lat="48.688342" lon="14.040865">
				<ele>730.000000</ele>
			</trkpt>
			<trkpt lat="48.688377" lon="14.040712">
				<ele>730.000000</ele>
			</trkpt>
			<trkpt lat="48.688395" lon="14.040551">
				<ele>730.000000</ele>
			</trkpt>
			<trkpt lat="48.688371" lon="14.040183">
				<ele>732.000000</ele>
			</trkpt>
			<trkpt lat="48.688371" lon="14.039886">
				<ele>733.000000</ele>
			</trkpt>
			<trkpt lat="48.688395" lon="14.039634">
				<ele>734.000000</ele>
			</trkpt>
			<trkpt lat="48.688419" lon="14.039517">
				<ele>735.000000</ele>
			</trkpt>
			<trkpt lat="48.688454" lon="14.039393">
				<ele>735.000000</ele>
			</trkpt>
			<trkpt lat="48.688603" lon="14.038925">
				<ele>736.000000</ele>
			</trkpt>
			<trkpt lat="48.688774" lon="14.038494">
				<ele>736.000000</ele>
			</trkpt>
			<trkpt lat="48.688822" lon="14.038341">
				<ele>736.000000</ele>
			</trkpt>
			<trkpt lat="48.688840" lon="14.038188">
				<ele>736.000000</ele>
			</trkpt>
			<trkpt lat="48.688840" lon="14.038036">
				<ele>737.000000</ele>
			</trkpt>
			<trkpt lat="48.688810" lon="14.037820">
				<ele>737.000000</ele>
			</trkpt>
			<trkpt lat="48.688774" lon="14.037460">
				<ele>737.000000</ele>
			</trkpt>
			<trkpt lat="48.688745" lon="14.037066">
				<ele>738.000000</ele>
			</trkpt>
			<trkpt lat="48.688739" lon="14.036967">
				<ele>738.000000</ele>
			</trkpt>
			<trkpt lat="48.688751" lon="14.036859">
				<ele>738.000000</ele>
			</trkpt>
			<trkpt lat="48.688792" lon="14.036626">
				<ele>738.000000</ele>
			</trkpt>
			<trkpt lat="48.688864" lon="14.036391">
				<ele>738.000000</ele>
			</trkpt>
			<trkpt lat="48.688970" lon="14.036158">
				<ele>739.000000</ele>
			</trkpt>
			<trkpt lat="48.689101" lon="14.035888">
				<ele>739.000000</ele>
			</trkpt>
			<trkpt lat="48.689261" lon="14.035548">
				<ele>739.000000</ele>
			</trkpt>
			<trkpt lat="48.689409" lon="14.035296">
				<ele>740.000000</ele>
			</trkpt>
			<trkpt lat="48.689581" lon="14.035080">
				<ele>740.000000</ele>
			</trkpt>
			<trkpt lat="48.689777" lon="14.034873">
				<ele>741.000000</ele>
			</trkpt>
			<trkpt lat="48.689919" lon="14.034722">
				<ele>742.000000</ele>
			</trkpt>
			<trkpt lat="48.690032" lon="14.034569">
				<ele>742.000000</ele>
			</trkpt>
			<trkpt lat="48.690133" lon="14.034424">
				<ele>743.000000</ele>
			</trkpt>
			<trkpt lat="48.690227" lon="14.034254">
				<ele>743.000000</ele>
			</trkpt>
			<trkpt lat="48.690317" lon="14.034101">
				<ele>744.000000</ele>
			</trkpt>
			<trkpt lat="48.690400" lon="14.033984">
				<ele>744.000000</ele>
			</trkpt>
			<trkpt lat="48.690488" lon="14.033930">
				<ele>745.000000</ele>
			</trkpt>
			<trkpt lat="48.690590" lon="14.033913">
				<ele>745.000000</ele>
			</trkpt>
			<trkpt lat="48.690738" lon="14.033904">
				<ele>745.000000</ele>
			</trkpt>
			<trkpt lat="48.690868" lon="14.033867">
				<ele>745.000000</ele>
			</trkpt>
			<trkpt lat="48.690993" lon="14.033831">
				<ele>745.000000</ele>
			</trkpt>
			<trkpt lat="48.691087" lon="14.033787">
				<ele>745.000000</ele>
			</trkpt>
			<trkpt lat="48.691200" lon="14.033733">
				<ele>745.000000</ele>
			</trkpt>
			<trkpt lat="48.691295" lon="14.033661">
				<ele>745.000000</ele>
			</trkpt>
			<trkpt lat="48.691402" lon="14.033562">
				<ele>745.000000</ele>
			</trkpt>
			<trkpt lat="48.691526" lon="14.033437">
				<ele>745.000000</ele>
			</trkpt>
			<trkpt lat="48.691615" lon="14.033365">
				<ele>745.000000</ele>
			</trkpt>
			<trkpt lat="48.691698" lon="14.033328">
				<ele>745.000000</ele>
			</trkpt>
			<trkpt lat="48.691787" lon="14.033311">
				<ele>745.000000</ele>
			</trkpt>
			<trkpt lat="48.691888" lon="14.033338">
				<ele>745.000000</ele>
			</trkpt>
			<trkpt lat="48.692077" lon="14.033401">
				<ele>745.000000</ele>
			</trkpt>
			<trkpt lat="48.692570" lon="14.033617">
				<ele>744.000000</ele>
			</trkpt>
			<trkpt lat="48.692611" lon="14.033634">
				<ele>744.000000</ele>
			</trkpt>
			<trkpt lat="48.692653" lon="14.033617">
				<ele>744.000000</ele>
			</trkpt>
			<trkpt lat="48.692688" lon="14.033617">
				<ele>744.000000</ele>
			</trkpt>
			<trkpt lat="48.692724" lon="14.033590">
				<ele>744.000000</ele>
			</trkpt>
			<trkpt lat="48.692789" lon="14.033491">
				<ele>744.000000</ele>
			</trkpt>
			<trkpt lat="48.692860" lon="14.033355">
				<ele>744.000000</ele>
			</trkpt>
			<trkpt lat="48.692955" lon="14.033175">
				<ele>743.000000</ele>
			</trkpt>
			<trkpt lat="48.693056" lon="14.033014">
				<ele>743.000000</ele>
			</trkpt>
			<trkpt lat="48.693151" lon="14.032879">
				<ele>743.000000</ele>
			</trkpt>
			<trkpt lat="48.693258" lon="14.032781">
				<ele>743.000000</ele>
			</trkpt>
			<trkpt lat="48.693625" lon="14.032422">
				<ele>742.000000</ele>
			</trkpt>
			<trkpt lat="48.693963" lon="14.032035">
				<ele>741.000000</ele>
			</trkpt>
			<trkpt lat="48.694129" lon="14.031829">
				<ele>741.000000</ele>
			</trkpt>
			<trkpt lat="48.694254" lon="14.031649">
				<ele>741.000000</ele>
			</trkpt>
			<trkpt lat="48.694372" lon="14.031424">
				<ele>740.000000</ele>
			</trkpt>
			<trkpt lat="48.694497" lon="14.031164">
				<ele>740.000000</ele>
			</trkpt>
			<trkpt lat="48.694983" lon="14.030059">
				<ele>738.000000</ele>
			</trkpt>
			<trkpt lat="48.695084" lon="14.029799">
				<ele>738.000000</ele>
			</trkpt>
			<trkpt lat="48.695173" lon="14.029538">
				<ele>738.000000</ele>
			</trkpt>
			<trkpt lat="48.695191" lon="14.029448">
				<ele>738.000000</ele>
			</trkpt>
			<trkpt lat="48.695191" lon="14.029448">
				<ele>738.000000</ele>
			</trkpt>
			<trkpt lat="48.695226" lon="14.029277">
				<ele>737.000000</ele>
			</trkpt>
			<trkpt lat="48.695279" lon="14.028944">
				<ele>737.000000</ele>
			</trkpt>
			<trkpt lat="48.695327" lon="14.028514">
				<ele>737.000000</ele>
			</trkpt>
			<trkpt lat="48.695350" lon="14.028406">
				<ele>736.000000</ele>
			</trkpt>
			<trkpt lat="48.695381" lon="14.028307">
				<ele>736.000000</ele>
			</trkpt>
			<trkpt lat="48.695422" lon="14.028227">
				<ele>736.000000</ele>
			</trkpt>
			<trkpt lat="48.695475" lon="14.028172">
				<ele>736.000000</ele>
			</trkpt>
			<trkpt lat="48.695540" lon="14.028127">
				<ele>736.000000</ele>
			</trkpt>
			<trkpt lat="48.695606" lon="14.028127">
				<ele>736.000000</ele>
			</trkpt>
			<trkpt lat="48.695955" lon="14.028118">
				<ele>735.000000</ele>
			</trkpt>
			<trkpt lat="48.696276" lon="14.028154">
				<ele>734.000000</ele>
			</trkpt>
			<trkpt lat="48.696584" lon="14.028200">
				<ele>732.000000</ele>
			</trkpt>
			<trkpt lat="48.697017" lon="14.028307">
				<ele>730.000000</ele>
			</trkpt>
			<trkpt lat="48.697782" lon="14.028523">
				<ele>730.000000</ele>
			</trkpt>
			<trkpt lat="48.698849" lon="14.028837">
				<ele>730.000000</ele>
			</trkpt>
			<trkpt lat="48.699074" lon="14.028917">
				<ele>730.000000</ele>
			</trkpt>
			<trkpt lat="48.699217" lon="14.028980">
				<ele>730.000000</ele>
			</trkpt>
			<trkpt lat="48.699353" lon="14.029043">
				<ele>730.000000</ele>
			</trkpt>
			<trkpt lat="48.699489" lon="14.029152">
				<ele>730.000000</ele>
			</trkpt>
			<trkpt lat="48.699887" lon="14.029502">
				<ele>730.000000</ele>
			</trkpt>
			<trkpt lat="48.700722" lon="14.030194">
				<ele>732.000000</ele>
			</trkpt>
			<trkpt lat="48.700966" lon="14.030374">
				<ele>733.000000</ele>
			</trkpt>
			<trkpt lat="48.701434" lon="14.030724">
				<ele>735.000000</ele>
			</trkpt>
			<trkpt lat="48.701648" lon="14.030894">
				<ele>736.000000</ele>
			</trkpt>
			<trkpt lat="48.702199" lon="14.031416">
				<ele>738.000000</ele>
			</trkpt>
			<trkpt lat="48.702578" lon="14.031757">
				<ele>740.000000</ele>
			</trkpt>
			<trkpt lat="48.702779" lon="14.031927">
				<ele>741.000000</ele>
			</trkpt>
			<trkpt lat="48.702857" lon="14.031999">
				<ele>742.000000</ele>
			</trkpt>
			<trkpt lat="48.702958" lon="14.032026">
				<ele>742.000000</ele>
			</trkpt>
			<trkpt lat="48.703064" lon="14.032017">
				<ele>743.000000</ele>
			</trkpt>
			<trkpt lat="48.703307" lon="14.031972">
				<ele>744.000000</ele>
			</trkpt>
			<trkpt lat="48.703675" lon="14.031936">
				<ele>746.000000</ele>
			</trkpt>
			<trkpt lat="48.703895" lon="14.031909">
				<ele>748.000000</ele>
			</trkpt>
			<trkpt lat="48.704108" lon="14.031864">
				<ele>750.000000</ele>
			</trkpt>
			<trkpt lat="48.704179" lon="14.031820">
				<ele>750.000000</ele>
			</trkpt>
			<trkpt lat="48.704250" lon="14.031766">
				<ele>751.000000</ele>
			</trkpt>
			<trkpt lat="48.704410" lon="14.031604">
				<ele>752.000000</ele>
			</trkpt>
			<trkpt lat="48.704505" lon="14.031514">
				<ele>753.000000</ele>
			</trkpt>
			<trkpt lat="48.704594" lon="14.031478">
				<ele>754.000000</ele>
			</trkpt>
			<trkpt lat="48.704689" lon="14.031443">
				<ele>754.000000</ele>
			</trkpt>
			<trkpt lat="48.704943" lon="14.031416">
				<ele>755.000000</ele>
			</trkpt>
			<trkpt lat="48.705193" lon="14.031353">
				<ele>756.000000</ele>
			</trkpt>
			<trkpt lat="48.705442" lon="14.031254">
				<ele>756.000000</ele>
			</trkpt>
			<trkpt lat="48.705767" lon="14.031083">
				<ele>757.000000</ele>
			</trkpt>
			<trkpt lat="48.706135" lon="14.030877">
				<ele>758.000000</ele>
			</trkpt>
			<trkpt lat="48.706930" lon="14.030382">
				<ele>759.000000</ele>
			</trkpt>
			<trkpt lat="48.707351" lon="14.030139">
				<ele>760.000000</ele>
			</trkpt>
			<trkpt lat="48.707487" lon="14.030076">
				<ele>760.000000</ele>
			</trkpt>
			<trkpt lat="48.707647" lon="14.030032">
				<ele>760.000000</ele>
			</trkpt>
			<trkpt lat="48.707771" lon="14.029996">
				<ele>760.000000</ele>
			</trkpt>
			<trkpt lat="48.707919" lon="14.030014">
				<ele>760.000000</ele>
			</trkpt>
			<trkpt lat="48.708062" lon="14.030032">
				<ele>760.000000</ele>
			</trkpt>
			<trkpt lat="48.708204" lon="14.030076">
				<ele>760.000000</ele>
			</trkpt>
			<trkpt lat="48.708376" lon="14.030149">
				<ele>760.000000</ele>
			</trkpt>
			<trkpt lat="48.708655" lon="14.030284">
				<ele>760.000000</ele>
			</trkpt>
			<trkpt lat="48.708755" lon="14.030319">
				<ele>760.000000</ele>
			</trkpt>
			<trkpt lat="48.709016" lon="14.030409">
				<ele>760.000000</ele>
			</trkpt>
			<trkpt lat="48.709117" lon="14.030445">
				<ele>760.000000</ele>
			</trkpt>
			<trkpt lat="48.709223" lon="14.030517">
				<ele>760.000000</ele>
			</trkpt>
			<trkpt lat="48.709325" lon="14.030625">
				<ele>760.000000</ele>
			</trkpt>
			<trkpt lat="48.709372" lon="14.030552">
				<ele>761.000000</ele>
			</trkpt>
			<trkpt lat="48.709431" lon="14.030508">
				<ele>761.000000</ele>
			</trkpt>
			<trkpt lat="48.709722" lon="14.030346">
				<ele>765.000000</ele>
			</trkpt>
			<trkpt lat="48.709781" lon="14.030284">
				<ele>765.000000</ele>
			</trkpt>
			<trkpt lat="48.709846" lon="14.030221">
				<ele>766.000000</ele>
			</trkpt>
			<trkpt lat="48.709905" lon="14.030122">
				<ele>767.000000</ele>
			</trkpt>
			<trkpt lat="48.709941" lon="14.030022">
				<ele>767.000000</ele>
			</trkpt>
			<trkpt lat="48.709959" lon="14.029888">
				<ele>768.000000</ele>
			</trkpt>
			<trkpt lat="48.709964" lon="14.029735">
				<ele>769.000000</ele>
			</trkpt>
			<trkpt lat="48.709941" lon="14.029034">
				<ele>772.000000</ele>
			</trkpt>
			<trkpt lat="48.709929" lon="14.028667">
				<ele>774.000000</ele>
			</trkpt>
			<trkpt lat="48.709935" lon="14.028558">
				<ele>774.000000</ele>
			</trkpt>
			<trkpt lat="48.709964" lon="14.028325">
				<ele>776.000000</ele>
			</trkpt>
			<trkpt lat="48.709964" lon="14.028235">
				<ele>776.000000</ele>
			</trkpt>
			<trkpt lat="48.709953" lon="14.028118">
				<ele>776.000000</ele>
			</trkpt>
			<trkpt lat="48.709918" lon="14.028028">
				<ele>777.000000</ele>
			</trkpt>
			<trkpt lat="48.709858" lon="14.027921">
				<ele>778.000000</ele>
			</trkpt>
			<trkpt lat="48.709822" lon="14.027812">
				<ele>778.000000</ele>
			</trkpt>
			<trkpt lat="48.709728" lon="14.027409">
				<ele>780.000000</ele>
			</trkpt>
			<trkpt lat="48.709692" lon="14.027301">
				<ele>781.000000</ele>
			</trkpt>
			<trkpt lat="48.709668" lon="14.027229">
				<ele>782.000000</ele>
			</trkpt>
			<trkpt lat="48.709639" lon="14.027193">
				<ele>782.000000</ele>
			</trkpt>
			<trkpt lat="48.709591" lon="14.027166">
				<ele>782.000000</ele>
			</trkpt>
			<trkpt lat="48.709413" lon="14.027049">
				<ele>784.000000</ele>
			</trkpt>
			<trkpt lat="48.709152" lon="14.026870">
				<ele>787.000000</ele>
			</trkpt>
			<trkpt lat="48.709070" lon="14.026807">
				<ele>788.000000</ele>
			</trkpt>
			<trkpt lat="48.708987" lon="14.026717">
				<ele>789.000000</ele>
			</trkpt>
			<trkpt lat="48.708933" lon="14.026619">
				<ele>790.000000</ele>
			</trkpt>
			<trkpt lat="48.708779" lon="14.026367">
				<ele>793.000000</ele>
			</trkpt>
			<trkpt lat="48.708678" lon="14.026214">
				<ele>794.000000</ele>
			</trkpt>
			<trkpt lat="48.708447" lon="14.025936">
				<ele>797.000000</ele>
			</trkpt>
			<trkpt lat="48.708388" lon="14.025846">
				<ele>798.000000</ele>
			</trkpt>
			<trkpt lat="48.708328" lon="14.025738">
				<ele>799.000000</ele>
			</trkpt>
			<trkpt lat="48.708287" lon="14.025612">
				<ele>800.000000</ele>
			</trkpt>
			<trkpt lat="48.708257" lon="14.025522">
				<ele>800.000000</ele>
			</trkpt>
			<trkpt lat="48.708228" lon="14.025370">
				<ele>800.000000</ele>
			</trkpt>
			<trkpt lat="48.708216" lon="14.025235">
				<ele>801.000000</ele>
			</trkpt>
			<trkpt lat="48.708216" lon="14.025028">
				<ele>801.000000</ele>
			</trkpt>
			<trkpt lat="48.708222" lon="14.024848">
				<ele>801.000000</ele>
			</trkpt>
			<trkpt lat="48.708257" lon="14.024659">
				<ele>801.000000</ele>
			</trkpt>
			<trkpt lat="48.708323" lon="14.024445">
				<ele>802.000000</ele>
			</trkpt>
			<trkpt lat="48.708352" lon="14.024346">
				<ele>802.000000</ele>
			</trkpt>
			<trkpt lat="48.708388" lon="14.024238">
				<ele>802.000000</ele>
			</trkpt>
			<trkpt lat="48.708601" lon="14.023852">
				<ele>802.000000</ele>
			</trkpt>
			<trkpt lat="48.708649" lon="14.023753">
				<ele>803.000000</ele>
			</trkpt>
			<trkpt lat="48.708690" lon="14.023644">
				<ele>803.000000</ele>
			</trkpt>
			<trkpt lat="48.708749" lon="14.023403">
				<ele>803.000000</ele>
			</trkpt>
			<trkpt lat="48.708779" lon="14.023214">
				<ele>803.000000</ele>
			</trkpt>
			<trkpt lat="48.708785" lon="14.023017">
				<ele>803.000000</ele>
			</trkpt>
			<trkpt lat="48.708755" lon="14.022791">
				<ele>804.000000</ele>
			</trkpt>
			<trkpt lat="48.708696" lon="14.022451">
				<ele>804.000000</ele>
			</trkpt>
			<trkpt lat="48.708548" lon="14.021785">
				<ele>805.000000</ele>
			</trkpt>
			<trkpt lat="48.708518" lon="14.021596">
				<ele>804.000000</ele>
			</trkpt>
			<trkpt lat="48.708489" lon="14.021363">
				<ele>803.000000</ele>
			</trkpt>
			<trkpt lat="48.708483" lon="14.021309">
				<ele>802.000000</ele>
			</trkpt>
			<trkpt lat="48.708465" lon="14.021174">
				<ele>802.000000</ele>
			</trkpt>
			<trkpt lat="48.708424" lon="14.020743">
				<ele>799.000000</ele>
			</trkpt>
			<trkpt lat="48.708424" lon="14.020671">
				<ele>798.000000</ele>
			</trkpt>
			<trkpt lat="48.708424" lon="14.020590">
				<ele>798.000000</ele>
			</trkpt>
			<trkpt lat="48.708447" lon="14.020456">
				<ele>796.000000</ele>
			</trkpt>
			<trkpt lat="48.708513" lon="14.020303">
				<ele>795.000000</ele>
			</trkpt>
			<trkpt lat="48.708613" lon="14.020141">
				<ele>793.000000</ele>
			</trkpt>
			<trkpt lat="48.708749" lon="14.019952">
				<ele>791.000000</ele>
			</trkpt>
			<trkpt lat="48.709016" lon="14.019602">
				<ele>787.000000</ele>
			</trkpt>
			<trkpt lat="48.709152" lon="14.019422">
				<ele>785.000000</ele>
			</trkpt>
			<trkpt lat="48.709212" lon="14.019369">
				<ele>785.000000</ele>
			</trkpt>
			<trkpt lat="48.709455" lon="14.019198">
				<ele>783.000000</ele>
			</trkpt>
			<trkpt lat="48.709586" lon="14.019090">
				<ele>782.000000</ele>
			</trkpt>
			<trkpt lat="48.709757" lon="14.018910">
				<ele>780.000000</ele>
			</trkpt>
			<trkpt lat="48.709964" lon="14.018713">
				<ele>778.000000</ele>
			</trkpt>
			<trkpt lat="48.710077" lon="14.018587">
				<ele>777.000000</ele>
			</trkpt>
			<trkpt lat="48.710231" lon="14.018399">
				<ele>776.000000</ele>
			</trkpt>
			<trkpt lat="48.710273" lon="14.018327">
				<ele>775.000000</ele>
			</trkpt>
			<trkpt lat="48.710308" lon="14.018246">
				<ele>775.000000</ele>
			</trkpt>
			<trkpt lat="48.710327" lon="14.018147">
				<ele>775.000000</ele>
			</trkpt>
			<trkpt lat="48.710344" lon="14.018040">
				<ele>775.000000</ele>
			</trkpt>
			<trkpt lat="48.710362" lon="14.017770">
				<ele>775.000000</ele>
			</trkpt>
			<trkpt lat="48.710338" lon="14.017311">
				<ele>774.000000</ele>
			</trkpt>
			<trkpt lat="48.710356" lon="14.017051">
				<ele>774.000000</ele>
			</trkpt>
			<trkpt lat="48.710362" lon="14.016925">
				<ele>774.000000</ele>
			</trkpt>
			<trkpt lat="48.710386" lon="14.016799">
				<ele>774.000000</ele>
			</trkpt>
			<trkpt lat="48.710421" lon="14.016665">
				<ele>774.000000</ele>
			</trkpt>
			<trkpt lat="48.710469" lon="14.016548">
				<ele>774.000000</ele>
			</trkpt>
			<trkpt lat="48.710510" lon="14.016449">
				<ele>774.000000</ele>
			</trkpt>
			<trkpt lat="48.710569" lon="14.016378">
				<ele>774.000000</ele>
			</trkpt>
			<trkpt lat="48.710652" lon="14.016350">
				<ele>774.000000</ele>
			</trkpt>
			<trkpt lat="48.710741" lon="14.016332">
				<ele>774.000000</ele>
			</trkpt>
			<trkpt lat="48.710842" lon="14.016350">
				<ele>774.000000</ele>
			</trkpt>
			<trkpt lat="48.711032" lon="14.016386">
				<ele>773.000000</ele>
			</trkpt>
			<trkpt lat="48.711114" lon="14.016396">
				<ele>773.000000</ele>
			</trkpt>
			<trkpt lat="48.711204" lon="14.016378">
				<ele>773.000000</ele>
			</trkpt>
			<trkpt lat="48.711713" lon="14.016225">
				<ele>773.000000</ele>
			</trkpt>
			<trkpt lat="48.712152" lon="14.016063">
				<ele>772.000000</ele>
			</trkpt>
			<trkpt lat="48.712698" lon="14.015839">
				<ele>772.000000</ele>
			</trkpt>
			<trkpt lat="48.712869" lon="14.015793">
				<ele>772.000000</ele>
			</trkpt>
			<trkpt lat="48.713053" lon="14.015784">
				<ele>771.000000</ele>
			</trkpt>
			<trkpt lat="48.713178" lon="14.015784">
				<ele>771.000000</ele>
			</trkpt>
			<trkpt lat="48.713284" lon="14.015812">
				<ele>771.000000</ele>
			</trkpt>
			<trkpt lat="48.713373" lon="14.015847">
				<ele>771.000000</ele>
			</trkpt>
			<trkpt lat="48.713468" lon="14.015902">
				<ele>771.000000</ele>
			</trkpt>
			<trkpt lat="48.713545" lon="14.015964">
				<ele>771.000000</ele>
			</trkpt>
			<trkpt lat="48.713640" lon="14.016072">
				<ele>771.000000</ele>
			</trkpt>
			<trkpt lat="48.713711" lon="14.016180">
				<ele>771.000000</ele>
			</trkpt>
			<trkpt lat="48.713794" lon="14.016332">
				<ele>771.000000</ele>
			</trkpt>
			<trkpt lat="48.713877" lon="14.016476">
				<ele>771.000000</ele>
			</trkpt>
			<trkpt lat="48.714001" lon="14.016629">
				<ele>770.000000</ele>
			</trkpt>
			<trkpt lat="48.714072" lon="14.016728">
				<ele>770.000000</ele>
			</trkpt>
			<trkpt lat="48.714120" lon="14.016835">
				<ele>770.000000</ele>
			</trkpt>
			<trkpt lat="48.714155" lon="14.016988">
				<ele>770.000000</ele>
			</trkpt>
			<trkpt lat="48.714203" lon="14.017248">
				<ele>770.000000</ele>
			</trkpt>
			<trkpt lat="48.714250" lon="14.017501">
				<ele>770.000000</ele>
			</trkpt>
			<trkpt lat="48.714316" lon="14.017716">
				<ele>770.000000</ele>
			</trkpt>
			<trkpt lat="48.714398" lon="14.017904">
				<ele>770.000000</ele>
			</trkpt>
			<trkpt lat="48.714511" lon="14.018111">
				<ele>770.000000</ele>
			</trkpt>
			<trkpt lat="48.714582" lon="14.018201">
				<ele>770.000000</ele>
			</trkpt>
			<trkpt lat="48.714671" lon="14.018300">
				<ele>770.000000</ele>
			</trkpt>
			<trkpt lat="48.714790" lon="14.018390">
				<ele>770.000000</ele>
			</trkpt>
			<trkpt lat="48.714938" lon="14.018480">
				<ele>770.000000</ele>
			</trkpt>
			<trkpt lat="48.715062" lon="14.018533">
				<ele>770.000000</ele>
			</trkpt>
			<trkpt lat="48.715199" lon="14.018587">
				<ele>770.000000</ele>
			</trkpt>
			<trkpt lat="48.715613" lon="14.018686">
				<ele>770.000000</ele>
			</trkpt>
			<trkpt lat="48.715756" lon="14.018740">
				<ele>770.000000</ele>
			</trkpt>
			<trkpt lat="48.715910" lon="14.018803">
				<ele>770.000000</ele>
			</trkpt>
			<trkpt lat="48.716052" lon="14.018893">
				<ele>770.000000</ele>
			</trkpt>
			<trkpt lat="48.716241" lon="14.019046">
				<ele>770.000000</ele>
			</trkpt>
			<trkpt lat="48.716598" lon="14.019378">
				<ele>770.000000</ele>
			</trkpt>
			<trkpt lat="48.716752" lon="14.019495">
				<ele>770.000000</ele>
			</trkpt>
			<trkpt lat="48.716852" lon="14.019575">
				<ele>770.000000</ele>
			</trkpt>
			<trkpt lat="48.716941" lon="14.019611">
				<ele>770.000000</ele>
			</trkpt>
			<trkpt lat="48.717149" lon="14.019692">
				<ele>770.000000</ele>
			</trkpt>
			<trkpt lat="48.717492" lon="14.019791">
				<ele>770.000000</ele>
			</trkpt>
			<trkpt lat="48.717652" lon="14.019872">
				<ele>770.000000</ele>
			</trkpt>
			<trkpt lat="48.717771" lon="14.019925">
				<ele>770.000000</ele>
			</trkpt>
			<trkpt lat="48.717884" lon="14.020007">
				<ele>770.000000</ele>
			</trkpt>
			<trkpt lat="48.717978" lon="14.020070">
				<ele>770.000000</ele>
			</trkpt>
			<trkpt lat="48.718073" lon="14.020160">
				<ele>770.000000</ele>
			</trkpt>
			<trkpt lat="48.718151" lon="14.020258">
				<ele>770.000000</ele>
			</trkpt>
			<trkpt lat="48.718227" lon="14.020348">
				<ele>770.000000</ele>
			</trkpt>
			<trkpt lat="48.718293" lon="14.020474">
				<ele>770.000000</ele>
			</trkpt>
			<trkpt lat="48.718346" lon="14.020590">
				<ele>770.000000</ele>
			</trkpt>
			<trkpt lat="48.718399" lon="14.020743">
				<ele>770.000000</ele>
			</trkpt>
			<trkpt lat="48.718446" lon="14.020887">
				<ele>770.000000</ele>
			</trkpt>
			<trkpt lat="48.718482" lon="14.021067">
				<ele>770.000000</ele>
			</trkpt>
			<trkpt lat="48.718512" lon="14.021256">
				<ele>770.000000</ele>
			</trkpt>
			<trkpt lat="48.718554" lon="14.021525">
				<ele>770.000000</ele>
			</trkpt>
			<trkpt lat="48.718600" lon="14.021946">
				<ele>770.000000</ele>
			</trkpt>
			<trkpt lat="48.718648" lon="14.022235">
				<ele>770.000000</ele>
			</trkpt>
			<trkpt lat="48.718696" lon="14.022396">
				<ele>770.000000</ele>
			</trkpt>
			<trkpt lat="48.718731" lon="14.022504">
				<ele>770.000000</ele>
			</trkpt>
			<trkpt lat="48.718778" lon="14.022594">
				<ele>770.000000</ele>
			</trkpt>
			<trkpt lat="48.718832" lon="14.022675">
				<ele>770.000000</ele>
			</trkpt>
			<trkpt lat="48.718885" lon="14.022755">
				<ele>770.000000</ele>
			</trkpt>
			<trkpt lat="48.718957" lon="14.022837">
				<ele>770.000000</ele>
			</trkpt>
			<trkpt lat="48.719093" lon="14.022927">
				<ele>770.000000</ele>
			</trkpt>
			<trkpt lat="48.719193" lon="14.022971">
				<ele>770.000000</ele>
			</trkpt>
			<trkpt lat="48.719300" lon="14.022988">
				<ele>770.000000</ele>
			</trkpt>
			<trkpt lat="48.719508" lon="14.023017">
				<ele>770.000000</ele>
			</trkpt>
			<trkpt lat="48.720343" lon="14.022998">
				<ele>770.000000</ele>
			</trkpt>
			<trkpt lat="48.720770" lon="14.023017">
				<ele>770.000000</ele>
			</trkpt>
			<trkpt lat="48.721220" lon="14.023051">
				<ele>770.000000</ele>
			</trkpt>
			<trkpt lat="48.721676" lon="14.023141">
				<ele>770.000000</ele>
			</trkpt>
			<trkpt lat="48.721759" lon="14.023133">
				<ele>770.000000</ele>
			</trkpt>
			<trkpt lat="48.721849" lon="14.023133">
				<ele>770.000000</ele>
			</trkpt>
			<trkpt lat="48.721931" lon="14.023114">
				<ele>770.000000</ele>
			</trkpt>
			<trkpt lat="48.722008" lon="14.023078">
				<ele>770.000000</ele>
			</trkpt>
			<trkpt lat="48.722133" lon="14.022988">
				<ele>770.000000</ele>
			</trkpt>
			<trkpt lat="48.722500" lon="14.022684">
				<ele>770.000000</ele>
			</trkpt>
			<trkpt lat="48.722637" lon="14.022602">
				<ele>770.000000</ele>
			</trkpt>
			<trkpt lat="48.722761" lon="14.022531">
				<ele>770.000000</ele>
			</trkpt>
			<trkpt lat="48.722879" lon="14.022477">
				<ele>770.000000</ele>
			</trkpt>
			<trkpt lat="48.722986" lon="14.022432">
				<ele>770.000000</ele>
			</trkpt>
			<trkpt lat="48.723099" lon="14.022414">
				<ele>770.000000</ele>
			</trkpt>
			<trkpt lat="48.723247" lon="14.022396">
				<ele>770.000000</ele>
			</trkpt>
			<trkpt lat="48.723561" lon="14.022424">
				<ele>770.000000</ele>
			</trkpt>
			<trkpt lat="48.723756" lon="14.022441">
				<ele>770.000000</ele>
			</trkpt>
			<trkpt lat="48.723958" lon="14.022495">
				<ele>770.000000</ele>
			</trkpt>
			<trkpt lat="48.724562" lon="14.022738">
				<ele>770.000000</ele>
			</trkpt>
			<trkpt lat="48.724829" lon="14.022827">
				<ele>770.000000</ele>
			</trkpt>
			<trkpt lat="48.724906" lon="14.022854">
				<ele>770.000000</ele>
			</trkpt>
			<trkpt lat="48.724959" lon="14.022881">
				<ele>771.000000</ele>
			</trkpt>
			<trkpt lat="48.725155" lon="14.023061">
				<ele>772.000000</ele>
			</trkpt>
			<trkpt lat="48.725220" lon="14.023097">
				<ele>772.000000</ele>
			</trkpt>
			<trkpt lat="48.725268" lon="14.023106">
				<ele>773.000000</ele>
			</trkpt>
			<trkpt lat="48.725309" lon="14.023124">
				<ele>773.000000</ele>
			</trkpt>
			<trkpt lat="48.725393" lon="14.023078">
				<ele>774.000000</ele>
			</trkpt>
			<trkpt lat="48.725055" lon="14.022558">
				<ele>774.000000</ele>
			</trkpt>
			<trkpt lat="48.724853" lon="14.022208">
				<ele>774.000000</ele>
			</trkpt>
			<trkpt lat="48.724764" lon="14.022019">
				<ele>774.000000</ele>
			</trkpt>
			<trkpt lat="48.724699" lon="14.021858">
				<ele>774.000000</ele>
			</trkpt>
			<trkpt lat="48.724616" lon="14.021642">
				<ele>774.000000</ele>
			</trkpt>
			<trkpt lat="48.724551" lon="14.021435">
				<ele>775.000000</ele>
			</trkpt>
			<trkpt lat="48.724261" lon="14.020464">
				<ele>775.000000</ele>
			</trkpt>
			<trkpt lat="48.724153" lon="14.020015">
				<ele>775.000000</ele>
			</trkpt>
			<trkpt lat="48.724071" lon="14.019692">
				<ele>775.000000</ele>
			</trkpt>
			<trkpt lat="48.724011" lon="14.019396">
				<ele>775.000000</ele>
			</trkpt>
			<trkpt lat="48.723964" lon="14.019126">
				<ele>775.000000</ele>
			</trkpt>
			<trkpt lat="48.723935" lon="14.018866">
				<ele>775.000000</ele>
			</trkpt>
			<trkpt lat="48.723917" lon="14.018596">
				<ele>775.000000</ele>
			</trkpt>
			<trkpt lat="48.723911" lon="14.018290">
				<ele>775.000000</ele>
			</trkpt>
			<trkpt lat="48.723899" lon="14.017841">
				<ele>775.000000</ele>
			</trkpt>
			<trkpt lat="48.723905" lon="14.017438">
				<ele>775.000000</ele>
			</trkpt>
			<trkpt lat="48.723911" lon="14.017141">
				<ele>775.000000</ele>
			</trkpt>
			<trkpt lat="48.723929" lon="14.016782">
				<ele>775.000000</ele>
			</trkpt>
			<trkpt lat="48.723940" lon="14.016619">
				<ele>775.000000</ele>
			</trkpt>
			<trkpt lat="48.723970" lon="14.016432">
				<ele>775.000000</ele>
			</trkpt>
			<trkpt lat="48.724047" lon="14.016045">
				<ele>775.000000</ele>
			</trkpt>
			<trkpt lat="48.724243" lon="14.015174">
				<ele>774.000000</ele>
			</trkpt>
			<trkpt lat="48.725789" lon="14.008193">
				<ele>771.000000</ele>
			</trkpt>
			<trkpt lat="48.725967" lon="14.007403">
				<ele>772.000000</ele>
			</trkpt>
			<trkpt lat="48.726465" lon="14.005301">
				<ele>775.000000</ele>
			</trkpt>
			<trkpt lat="48.726619" lon="14.004654">
				<ele>775.000000</ele>
			</trkpt>
			<trkpt lat="48.726678" lon="14.004411">
				<ele>775.000000</ele>
			</trkpt>
			<trkpt lat="48.726726" lon="14.004277">
				<ele>775.000000</ele>
			</trkpt>
			<trkpt lat="48.726767" lon="14.004178">
				<ele>775.000000</ele>
			</trkpt>
			<trkpt lat="48.726832" lon="14.004098">
				<ele>775.000000</ele>
			</trkpt>
			<trkpt lat="48.726921" lon="14.003998">
				<ele>775.000000</ele>
			</trkpt>
			<trkpt lat="48.727033" lon="14.003872">
				<ele>775.000000</ele>
			</trkpt>
			<trkpt lat="48.727200" lon="14.003748">
				<ele>775.000000</ele>
			</trkpt>
			<trkpt lat="48.727490" lon="14.003522">
				<ele>775.000000</ele>
			</trkpt>
			<trkpt lat="48.727614" lon="14.003451">
				<ele>775.000000</ele>
			</trkpt>
			<trkpt lat="48.727745" lon="14.003396">
				<ele>775.000000</ele>
			</trkpt>
			<trkpt lat="48.727946" lon="14.003325">
				<ele>775.000000</ele>
			</trkpt>
			<trkpt lat="48.728189" lon="14.003298">
				<ele>775.000000</ele>
			</trkpt>
			<trkpt lat="48.728450" lon="14.003245">
				<ele>773.000000</ele>
			</trkpt>
			<trkpt lat="48.728729" lon="14.003190">
				<ele>772.000000</ele>
			</trkpt>
			<trkpt lat="48.729025" lon="14.003100">
				<ele>770.000000</ele>
			</trkpt>
			<trkpt lat="48.729374" lon="14.002983">
				<ele>768.000000</ele>
			</trkpt>
			<trkpt lat="48.729138" lon="14.002264">
				<ele>770.000000</ele>
			</trkpt>
			<trkpt lat="48.729090" lon="14.002077">
				<ele>770.000000</ele>
			</trkpt>
			<trkpt lat="48.729060" lon="14.001878">
				<ele>770.000000</ele>
			</trkpt>
			<trkpt lat="48.728971" lon="14.001025">
				<ele>771.000000</ele>
			</trkpt>
			<trkpt lat="48.728942" lon="14.000629">
				<ele>772.000000</ele>
			</trkpt>
			<trkpt lat="48.728942" lon="14.000522">
				<ele>772.000000</ele>
			</trkpt>
			<trkpt lat="48.728948" lon="14.000406">
				<ele>772.000000</ele>
			</trkpt>
			<trkpt lat="48.729019" lon="14.000090">
				<ele>772.000000</ele>
			</trkpt>
			<trkpt lat="48.729072" lon="13.999840">
				<ele>772.000000</ele>
			</trkpt>
			<trkpt lat="48.729220" lon="13.999264">
				<ele>773.000000</ele>
			</trkpt>
			<trkpt lat="48.729268" lon="13.999013">
				<ele>773.000000</ele>
			</trkpt>
			<trkpt lat="48.729321" lon="13.998690">
				<ele>773.000000</ele>
			</trkpt>
			<trkpt lat="48.729362" lon="13.998295">
				<ele>774.000000</ele>
			</trkpt>
			<trkpt lat="48.729386" lon="13.997603">
				<ele>774.000000</ele>
			</trkpt>
			<trkpt lat="48.729392" lon="13.997423">
				<ele>775.000000</ele>
			</trkpt>
			<trkpt lat="48.729392" lon="13.997289">
				<ele>775.000000</ele>
			</trkpt>
			<trkpt lat="48.729368" lon="13.997136">
				<ele>775.000000</ele>
			</trkpt>
			<trkpt lat="48.729333" lon="13.996964">
				<ele>775.000000</ele>
			</trkpt>
			<trkpt lat="48.729155" lon="13.996282">
				<ele>776.000000</ele>
			</trkpt>
			<trkpt lat="48.728942" lon="13.995456">
				<ele>778.000000</ele>
			</trkpt>
			<trkpt lat="48.728865" lon="13.995150">
				<ele>778.000000</ele>
			</trkpt>
			<trkpt lat="48.728817" lon="13.994827">
				<ele>779.000000</ele>
			</trkpt>
			<trkpt lat="48.728800" lon="13.994540">
				<ele>779.000000</ele>
			</trkpt>
			<trkpt lat="48.728770" lon="13.994306">
				<ele>779.000000</ele>
			</trkpt>
			<trkpt lat="48.728735" lon="13.994117">
				<ele>780.000000</ele>
			</trkpt>
			<trkpt lat="48.728669" lon="13.993911">
				<ele>780.000000</ele>
			</trkpt>
			<trkpt lat="48.728586" lon="13.993687">
				<ele>780.000000</ele>
			</trkpt>
			<trkpt lat="48.728420" lon="13.993282">
				<ele>780.000000</ele>
			</trkpt>
			<trkpt lat="48.728373" lon="13.993121">
				<ele>780.000000</ele>
			</trkpt>
			<trkpt lat="48.728319" lon="13.992932">
				<ele>780.000000</ele>
			</trkpt>
			<trkpt lat="48.728047" lon="13.991656">
				<ele>780.000000</ele>
			</trkpt>
			<trkpt lat="48.727988" lon="13.991395">
				<ele>780.000000</ele>
			</trkpt>
			<trkpt lat="48.727935" lon="13.991234">
				<ele>780.000000</ele>
			</trkpt>
			<trkpt lat="48.727739" lon="13.990712">
				<ele>780.000000</ele>
			</trkpt>
			<trkpt lat="48.727668" lon="13.990551">
				<ele>780.000000</ele>
			</trkpt>
			<trkpt lat="48.727591" lon="13.990416">
				<ele>780.000000</ele>
			</trkpt>
			<trkpt lat="48.727513" lon="13.990308">
				<ele>780.000000</ele>
			</trkpt>
			<trkpt lat="48.727401" lon="13.990192">
				<ele>780.000000</ele>
			</trkpt>
			<trkpt lat="48.727104" lon="13.989868">
				<ele>780.000000</ele>
			</trkpt>
			<trkpt lat="48.726974" lon="13.989716">
				<ele>780.000000</ele>
			</trkpt>
			<trkpt lat="48.726850" lon="13.989536">
				<ele>780.000000</ele>
			</trkpt>
			<trkpt lat="48.726738" lon="13.989374">
				<ele>780.000000</ele>
			</trkpt>
			<trkpt lat="48.726672" lon="13.989239">
				<ele>780.000000</ele>
			</trkpt>
			<trkpt lat="48.726589" lon="13.988997">
				<ele>780.000000</ele>
			</trkpt>
			<trkpt lat="48.726453" lon="13.988656">
				<ele>780.000000</ele>
			</trkpt>
			<trkpt lat="48.726340" lon="13.988404">
				<ele>780.000000</ele>
			</trkpt>
			<trkpt lat="48.726162" lon="13.988108">
				<ele>780.000000</ele>
			</trkpt>
			<trkpt lat="48.725914" lon="13.987712">
				<ele>782.000000</ele>
			</trkpt>
			<trkpt lat="48.725759" lon="13.987461">
				<ele>784.000000</ele>
			</trkpt>
			<trkpt lat="48.725629" lon="13.987200">
				<ele>785.000000</ele>
			</trkpt>
			<trkpt lat="48.725404" lon="13.986733">
				<ele>787.000000</ele>
			</trkpt>
			<trkpt lat="48.725309" lon="13.986571">
				<ele>788.000000</ele>
			</trkpt>
			<trkpt lat="48.725256" lon="13.986509">
				<ele>789.000000</ele>
			</trkpt>
			<trkpt lat="48.725191" lon="13.986454">
				<ele>789.000000</ele>
			</trkpt>
			<trkpt lat="48.725072" lon="13.986356">
				<ele>790.000000</ele>
			</trkpt>
			<trkpt lat="48.724877" lon="13.986284">
				<ele>791.000000</ele>
			</trkpt>
			<trkpt lat="48.724776" lon="13.986230">
				<ele>792.000000</ele>
			</trkpt>
			<trkpt lat="48.724687" lon="13.986150">
				<ele>793.000000</ele>
			</trkpt>
			<trkpt lat="48.724616" lon="13.986060">
				<ele>793.000000</ele>
			</trkpt>
			<trkpt lat="48.724497" lon="13.985871">
				<ele>794.000000</ele>
			</trkpt>
			<trkpt lat="48.724017" lon="13.985089">
				<ele>800.000000</ele>
			</trkpt>
			<trkpt lat="48.723875" lon="13.984846">
				<ele>801.000000</ele>
			</trkpt>
			<trkpt lat="48.723762" lon="13.984712">
				<ele>801.000000</ele>
			</trkpt>
			<trkpt lat="48.724017" lon="13.982861">
				<ele>818.000000</ele>
			</trkpt>
			<trkpt lat="48.724059" lon="13.982582">
				<ele>820.000000</ele>
			</trkpt>
			<trkpt lat="48.724106" lon="13.982511">
				<ele>821.000000</ele>
			</trkpt>
			<trkpt lat="48.724106" lon="13.982511">
				<ele>821.000000</ele>
			</trkpt>
			<trkpt lat="48.724326" lon="13.982196">
				<ele>825.000000</ele>
			</trkpt>
			<trkpt lat="48.724094" lon="13.982295">
				<ele>825.000000</ele>
			</trkpt>
			<trkpt lat="48.723727" lon="13.982439">
				<ele>825.000000</ele>
			</trkpt>
			<trkpt lat="48.723537" lon="13.982529">
				<ele>825.000000</ele>
			</trkpt>
			<trkpt lat="48.723389" lon="13.982582">
				<ele>825.000000</ele>
			</trkpt>
			<trkpt lat="48.723277" lon="13.982618">
				<ele>825.000000</ele>
			</trkpt>
			<trkpt lat="48.723170" lon="13.982618">
				<ele>825.000000</ele>
			</trkpt>
			<trkpt lat="48.722856" lon="13.982565">
				<ele>825.000000</ele>
			</trkpt>
			<trkpt lat="48.722696" lon="13.982529">
				<ele>825.000000</ele>
			</trkpt>
			<trkpt lat="48.722370" lon="13.982439">
				<ele>825.000000</ele>
			</trkpt>
			<trkpt lat="48.722198" lon="13.982403">
				<ele>824.000000</ele>
			</trkpt>
			<trkpt lat="48.721961" lon="13.982331">
				<ele>824.000000</ele>
			</trkpt>
			<trkpt lat="48.721902" lon="13.982331">
				<ele>824.000000</ele>
			</trkpt>
			<trkpt lat="48.721849" lon="13.982331">
				<ele>824.000000</ele>
			</trkpt>
			<trkpt lat="48.721730" lon="13.982331">
				<ele>824.000000</ele>
			</trkpt>
			<trkpt lat="48.721641" lon="13.982322">
				<ele>824.000000</ele>
			</trkpt>
			<trkpt lat="48.721546" lon="13.982295">
				<ele>824.000000</ele>
			</trkpt>
			<trkpt lat="48.721422" lon="13.982232">
				<ele>824.000000</ele>
			</trkpt>
			<trkpt lat="48.721267" lon="13.982179">
				<ele>824.000000</ele>
			</trkpt>
			<trkpt lat="48.721078" lon="13.982142">
				<ele>823.000000</ele>
			</trkpt>
			<trkpt lat="48.720609" lon="13.982106">
				<ele>823.000000</ele>
			</trkpt>
			<trkpt lat="48.720491" lon="13.981926">
				<ele>824.000000</ele>
			</trkpt>
			<trkpt lat="48.720337" lon="13.981712">
				<ele>826.000000</ele>
			</trkpt>
			<trkpt lat="48.720153" lon="13.981479">
				<ele>827.000000</ele>
			</trkpt>
			<trkpt lat="48.719964" lon="13.981244">
				<ele>829.000000</ele>
			</trkpt>
			<trkpt lat="48.719893" lon="13.981163">
				<ele>829.000000</ele>
			</trkpt>
			<trkpt lat="48.719839" lon="13.981083">
				<ele>830.000000</ele>
			</trkpt>
			<trkpt lat="48.719803" lon="13.981010">
				<ele>830.000000</ele>
			</trkpt>
			<trkpt lat="48.719763" lon="13.980930">
				<ele>830.000000</ele>
			</trkpt>
			<trkpt lat="48.719744" lon="13.980850">
				<ele>831.000000</ele>
			</trkpt>
			<trkpt lat="48.719727" lon="13.980760">
				<ele>831.000000</ele>
			</trkpt>
			<trkpt lat="48.719709" lon="13.980498">
				<ele>833.000000</ele>
			</trkpt>
			<trkpt lat="48.719644" lon="13.979538">
				<ele>838.000000</ele>
			</trkpt>
			<trkpt lat="48.719620" lon="13.978837">
				<ele>842.000000</ele>
			</trkpt>
			<trkpt lat="48.719590" lon="13.978586">
				<ele>843.000000</ele>
			</trkpt>
			<trkpt lat="48.719555" lon="13.978343">
				<ele>844.000000</ele>
			</trkpt>
			<trkpt lat="48.719478" lon="13.978127">
				<ele>845.000000</ele>
			</trkpt>
			<trkpt lat="48.719389" lon="13.977938">
				<ele>847.000000</ele>
			</trkpt>
			<trkpt lat="48.718529" lon="13.976412">
				<ele>855.000000</ele>
			</trkpt>
			<trkpt lat="48.715412" lon="13.970878">
				<ele>851.000000</ele>
			</trkpt>
			<trkpt lat="48.715299" lon="13.970680">
				<ele>850.000000</ele>
			</trkpt>
			<trkpt lat="48.715234" lon="13.970554">
				<ele>850.000000</ele>
			</trkpt>
			<trkpt lat="48.715199" lon="13.970464">
				<ele>850.000000</ele>
			</trkpt>
			<trkpt lat="48.715175" lon="13.970366">
				<ele>850.000000</ele>
			</trkpt>
			<trkpt lat="48.715116" lon="13.970024">
				<ele>850.000000</ele>
			</trkpt>
			<trkpt lat="48.714316" lon="13.965910">
				<ele>856.000000</ele>
			</trkpt>
			<trkpt lat="48.714339" lon="13.965902">
				<ele>856.000000</ele>
			</trkpt>
			<trkpt lat="48.714357" lon="13.965883">
				<ele>856.000000</ele>
			</trkpt>
			<trkpt lat="48.714387" lon="13.965829">
				<ele>856.000000</ele>
			</trkpt>
			<trkpt lat="48.714387" lon="13.965730">
				<ele>857.000000</ele>
			</trkpt>
			<trkpt lat="48.714375" lon="13.965560">
				<ele>858.000000</ele>
			</trkpt>
			<trkpt lat="48.714363" lon="13.965515">
				<ele>858.000000</ele>
			</trkpt>
			<trkpt lat="48.714410" lon="13.965434">
				<ele>858.000000</ele>
			</trkpt>
			<trkpt lat="48.714446" lon="13.965309">
				<ele>859.000000</ele>
			</trkpt>
			<trkpt lat="48.714552" lon="13.964508">
				<ele>865.000000</ele>
			</trkpt>
			<trkpt lat="48.714588" lon="13.964311">
				<ele>866.000000</ele>
			</trkpt>
			<trkpt lat="48.714629" lon="13.964168">
				<ele>867.000000</ele>
			</trkpt>
			<trkpt lat="48.714695" lon="13.964015">
				<ele>868.000000</ele>
			</trkpt>
			<trkpt lat="48.714902" lon="13.963583">
				<ele>871.000000</ele>
			</trkpt>
			<trkpt lat="48.715057" lon="13.963395">
				<ele>873.000000</ele>
			</trkpt>
			<trkpt lat="48.715098" lon="13.963341">
				<ele>873.000000</ele>
			</trkpt>
			<trkpt lat="48.715181" lon="13.963215">
				<ele>874.000000</ele>
			</trkpt>
			<trkpt lat="48.715252" lon="13.963107">
				<ele>875.000000</ele>
			</trkpt>
			<trkpt lat="48.715311" lon="13.962982">
				<ele>876.000000</ele>
			</trkpt>
			<trkpt lat="48.715364" lon="13.962856">
				<ele>877.000000</ele>
			</trkpt>
			<trkpt lat="48.715466" lon="13.962613">
				<ele>878.000000</ele>
			</trkpt>
			<trkpt lat="48.715655" lon="13.961984">
				<ele>882.000000</ele>
			</trkpt>
			<trkpt lat="48.715761" lon="13.961670">
				<ele>883.000000</ele>
			</trkpt>
			<trkpt lat="48.715863" lon="13.961365">
				<ele>884.000000</ele>
			</trkpt>
			<trkpt lat="48.715928" lon="13.961212">
				<ele>886.000000</ele>
			</trkpt>
			<trkpt lat="48.715928" lon="13.961212">
				<ele>886.000000</ele>
			</trkpt>
			<trkpt lat="48.716325" lon="13.960223">
				<ele>893.000000</ele>
			</trkpt>
			<trkpt lat="48.716408" lon="13.960026">
				<ele>894.000000</ele>
			</trkpt>
			<trkpt lat="48.716491" lon="13.959873">
				<ele>896.000000</ele>
			</trkpt>
			<trkpt lat="48.716585" lon="13.959730">
				<ele>898.000000</ele>
			</trkpt>
			<trkpt lat="48.716728" lon="13.959541">
				<ele>902.000000</ele>
			</trkpt>
			<trkpt lat="48.717024" lon="13.959208">
				<ele>908.000000</ele>
			</trkpt>
			<trkpt lat="48.717552" lon="13.958652">
				<ele>918.000000</ele>
			</trkpt>
			<trkpt lat="48.717623" lon="13.958552">
				<ele>919.000000</ele>
			</trkpt>
			<trkpt lat="48.717682" lon="13.958445">
				<ele>921.000000</ele>
			</trkpt>
			<trkpt lat="48.717729" lon="13.958311">
				<ele>922.000000</ele>
			</trkpt>
			<trkpt lat="48.717794" lon="13.958059">
				<ele>924.000000</ele>
			</trkpt>
			<trkpt lat="48.717878" lon="13.957807">
				<ele>927.000000</ele>
			</trkpt>
			<trkpt lat="48.717961" lon="13.957583">
				<ele>929.000000</ele>
			</trkpt>
			<trkpt lat="48.718067" lon="13.957376">
				<ele>931.000000</ele>
			</trkpt>
			<trkpt lat="48.718263" lon="13.957044">
				<ele>935.000000</ele>
			</trkpt>
			<trkpt lat="48.718328" lon="13.956954">
				<ele>937.000000</ele>
			</trkpt>
			<trkpt lat="48.718387" lon="13.956883">
				<ele>938.000000</ele>
			</trkpt>
			<trkpt lat="48.718458" lon="13.956810">
				<ele>940.000000</ele>
			</trkpt>
			<trkpt lat="48.718577" lon="13.956730">
				<ele>941.000000</ele>
			</trkpt>
			<trkpt lat="48.718672" lon="13.956648">
				<ele>943.000000</ele>
			</trkpt>
			<trkpt lat="48.718879" lon="13.956460">
				<ele>946.000000</ele>
			</trkpt>
			<trkpt lat="48.719003" lon="13.956378">
				<ele>948.000000</ele>
			</trkpt>
			<trkpt lat="48.719164" lon="13.956244">
				<ele>952.000000</ele>
			</trkpt>
			<trkpt lat="48.719235" lon="13.956172">
				<ele>953.000000</ele>
			</trkpt>
			<trkpt lat="48.719300" lon="13.956091">
				<ele>954.000000</ele>
			</trkpt>
			<trkpt lat="48.719354" lon="13.956002">
				<ele>955.000000</ele>
			</trkpt>
			<trkpt lat="48.719413" lon="13.955894">
				<ele>956.000000</ele>
			</trkpt>
			<trkpt lat="48.719537" lon="13.955625">
				<ele>959.000000</ele>
			</trkpt>
			<trkpt lat="48.719596" lon="13.955472">
				<ele>960.000000</ele>
			</trkpt>
			<trkpt lat="48.719661" lon="13.955373">
				<ele>962.000000</ele>
			</trkpt>
			<trkpt lat="48.719732" lon="13.955301">
				<ele>963.000000</ele>
			</trkpt>
			<trkpt lat="48.719822" lon="13.955275">
				<ele>965.000000</ele>
			</trkpt>
			<trkpt lat="48.719922" lon="13.955247">
				<ele>967.000000</ele>
			</trkpt>
			<trkpt lat="48.720100" lon="13.955238">
				<ele>971.000000</ele>
			</trkpt>
			<trkpt lat="48.720201" lon="13.955229">
				<ele>973.000000</ele>
			</trkpt>
			<trkpt lat="48.720278" lon="13.955193">
				<ele>975.000000</ele>
			</trkpt>
			<trkpt lat="48.720349" lon="13.955157">
				<ele>976.000000</ele>
			</trkpt>
			<trkpt lat="48.720414" lon="13.955112">
				<ele>977.000000</ele>
			</trkpt>
			<trkpt lat="48.720479" lon="13.955040">
				<ele>978.000000</ele>
			</trkpt>
			<trkpt lat="48.720550" lon="13.954960">
				<ele>979.000000</ele>
			</trkpt>
			<trkpt lat="48.720604" lon="13.954879">
				<ele>980.000000</ele>
			</trkpt>
			<trkpt lat="48.720663" lon="13.954753">
				<ele>980.000000</ele>
			</trkpt>
			<trkpt lat="48.720841" lon="13.954420">
				<ele>983.000000</ele>
			</trkpt>
			<trkpt lat="48.721179" lon="13.953845">
				<ele>987.000000</ele>
			</trkpt>
			<trkpt lat="48.721866" lon="13.953585">
				<ele>997.000000</ele>
			</trkpt>
			<trkpt lat="48.722287" lon="13.953415">
				<ele>1002.000000</ele>
			</trkpt>
			<trkpt lat="48.722512" lon="13.953342">
				<ele>1005.000000</ele>
			</trkpt>
			<trkpt lat="48.722720" lon="13.953280">
				<ele>1007.000000</ele>
			</trkpt>
			<trkpt lat="48.723484" lon="13.953109">
				<ele>1015.000000</ele>
			</trkpt>
			<trkpt lat="48.724029" lon="13.953881">
				<ele>1019.000000</ele>
			</trkpt>
			<trkpt lat="48.724397" lon="13.954591">
				<ele>1023.000000</ele>
			</trkpt>
			<trkpt lat="48.724515" lon="13.954770">
				<ele>1024.000000</ele>
			</trkpt>
			<trkpt lat="48.724639" lon="13.954942">
				<ele>1025.000000</ele>
			</trkpt>
			<trkpt lat="48.724758" lon="13.955049">
				<ele>1025.000000</ele>
			</trkpt>
			<trkpt lat="48.724865" lon="13.955112">
				<ele>1026.000000</ele>
			</trkpt>
			<trkpt lat="48.724948" lon="13.955130">
				<ele>1026.000000</ele>
			</trkpt>
			<trkpt lat="48.725036" lon="13.955122">
				<ele>1027.000000</ele>
			</trkpt>
			<trkpt lat="48.725126" lon="13.955095">
				<ele>1027.000000</ele>
			</trkpt>
			<trkpt lat="48.725220" lon="13.955059">
				<ele>1028.000000</ele>
			</trkpt>
			<trkpt lat="48.725416" lon="13.954923">
				<ele>1029.000000</ele>
			</trkpt>
			<trkpt lat="48.725855" lon="13.954583">
				<ele>1032.000000</ele>
			</trkpt>
			<trkpt lat="48.726050" lon="13.954439">
				<ele>1033.000000</ele>
			</trkpt>
			<trkpt lat="48.726222" lon="13.954340">
				<ele>1035.000000</ele>
			</trkpt>
			<trkpt lat="48.726352" lon="13.954268">
				<ele>1036.000000</ele>
			</trkpt>
			<trkpt lat="48.726494" lon="13.954214">
				<ele>1037.000000</ele>
			</trkpt>
			<trkpt lat="48.726607" lon="13.954196">
				<ele>1038.000000</ele>
			</trkpt>
			<trkpt lat="48.726684" lon="13.954223">
				<ele>1038.000000</ele>
			</trkpt>
			<trkpt lat="48.726767" lon="13.954259">
				<ele>1039.000000</ele>
			</trkpt>
			<trkpt lat="48.726968" lon="13.954376">
				<ele>1041.000000</ele>
			</trkpt>
			<trkpt lat="48.727117" lon="13.953154">
				<ele>1053.000000</ele>
			</trkpt>
			<trkpt lat="48.727419" lon="13.951052">
				<ele>1071.000000</ele>
			</trkpt>
			<trkpt lat="48.727567" lon="13.949920">
				<ele>1081.000000</ele>
			</trkpt>
			<trkpt lat="48.727632" lon="13.949336">
				<ele>1086.000000</ele>
			</trkpt>
			<trkpt lat="48.727680" lon="13.949030">
				<ele>1089.000000</ele>
			</trkpt>
			<trkpt lat="48.727745" lon="13.948717">
				<ele>1090.000000</ele>
			</trkpt>
			<trkpt lat="48.727828" lon="13.948367">
				<ele>1092.000000</ele>
			</trkpt>
			<trkpt lat="48.728035" lon="13.947585">
				<ele>1095.000000</ele>
			</trkpt>
			<trkpt lat="48.728236" lon="13.946929">
				<ele>1097.000000</ele>
			</trkpt>
			<trkpt lat="48.728420" lon="13.946309">
				<ele>1097.000000</ele>
			</trkpt>
			<trkpt lat="48.728420" lon="13.946309">
				<ele>1097.000000</ele>
			</trkpt>
			<trkpt lat="48.728420" lon="13.946309">
				<ele>1099.000000</ele>
			</trkpt>
			<trkpt lat="48.728675" lon="13.945554">
				<ele>1101.000000</ele>
			</trkpt>
			<trkpt lat="48.728806" lon="13.945212">
				<ele>1103.000000</ele>
			</trkpt>
			<trkpt lat="48.728930" lon="13.944899">
				<ele>1104.000000</ele>
			</trkpt>
			<trkpt lat="48.729321" lon="13.944036">
				<ele>1106.000000</ele>
			</trkpt>
			<trkpt lat="48.729451" lon="13.943704">
				<ele>1106.000000</ele>
			</trkpt>
			<trkpt lat="48.729594" lon="13.943335">
				<ele>1107.000000</ele>
			</trkpt>
			<trkpt lat="48.729712" lon="13.942977">
				<ele>1107.000000</ele>
			</trkpt>
			<trkpt lat="48.729801" lon="13.942652">
				<ele>1108.000000</ele>
			</trkpt>
			<trkpt lat="48.729878" lon="13.942293">
				<ele>1108.000000</ele>
			</trkpt>
			<trkpt lat="48.729937" lon="13.941979">
				<ele>1109.000000</ele>
			</trkpt>
			<trkpt lat="48.730056" lon="13.941233">
				<ele>1110.000000</ele>
			</trkpt>
			<trkpt lat="48.730151" lon="13.940740">
				<ele>1111.000000</ele>
			</trkpt>
			<trkpt lat="48.730204" lon="13.940560">
				<ele>1112.000000</ele>
			</trkpt>
			<trkpt lat="48.730257" lon="13.940388">
				<ele>1112.000000</ele>
			</trkpt>
			<trkpt lat="48.730506" lon="13.939859">
				<ele>1113.000000</ele>
			</trkpt>
			<trkpt lat="48.730530" lon="13.939796">
				<ele>1113.000000</ele>
			</trkpt>
			<trkpt lat="48.730803" lon="13.939140">
				<ele>1115.000000</ele>
			</trkpt>
			<trkpt lat="48.731022" lon="13.938556">
				<ele>1116.000000</ele>
			</trkpt>
			<trkpt lat="48.731152" lon="13.938161">
				<ele>1117.000000</ele>
			</trkpt>
			<trkpt lat="48.731276" lon="13.937864">
				<ele>1118.000000</ele>
			</trkpt>
			<trkpt lat="48.731389" lon="13.937587">
				<ele>1119.000000</ele>
			</trkpt>
			<trkpt lat="48.731513" lon="13.937344">
				<ele>1119.000000</ele>
			</trkpt>
			<trkpt lat="48.731649" lon="13.937101">
				<ele>1120.000000</ele>
			</trkpt>
			<trkpt lat="48.731827" lon="13.936832">
				<ele>1120.000000</ele>
			</trkpt>
			<trkpt lat="48.731987" lon="13.936598">
				<ele>1120.000000</ele>
			</trkpt>
			<trkpt lat="48.732207" lon="13.936302">
				<ele>1120.000000</ele>
			</trkpt>
			<trkpt lat="48.732289" lon="13.936220">
				<ele>1120.000000</ele>
			</trkpt>
			<trkpt lat="48.732361" lon="13.936167">
				<ele>1120.000000</ele>
			</trkpt>
			<trkpt lat="48.732432" lon="13.936122">
				<ele>1120.000000</ele>
			</trkpt>
			<trkpt lat="48.732508" lon="13.936104">
				<ele>1120.000000</ele>
			</trkpt>
			<trkpt lat="48.732592" lon="13.936122">
				<ele>1120.000000</ele>
			</trkpt>
			<trkpt lat="48.732681" lon="13.936149">
				<ele>1121.000000</ele>
			</trkpt>
			<trkpt lat="48.732781" lon="13.936193">
				<ele>1122.000000</ele>
			</trkpt>
			<trkpt lat="48.732870" lon="13.936275">
				<ele>1124.000000</ele>
			</trkpt>
			<trkpt lat="48.733184" lon="13.936572">
				<ele>1127.000000</ele>
			</trkpt>
			<trkpt lat="48.733398" lon="13.936822">
				<ele>1128.000000</ele>
			</trkpt>
			<trkpt lat="48.733475" lon="13.936922">
				<ele>1129.000000</ele>
			</trkpt>
			<trkpt lat="48.733563" lon="13.936993">
				<ele>1129.000000</ele>
			</trkpt>
			<trkpt lat="48.733664" lon="13.937048">
				<ele>1130.000000</ele>
			</trkpt>
			<trkpt lat="48.733753" lon="13.937092">
				<ele>1131.000000</ele>
			</trkpt>
			<trkpt lat="48.733842" lon="13.937101">
				<ele>1131.000000</ele>
			</trkpt>
			<trkpt lat="48.733960" lon="13.937101">
				<ele>1133.000000</ele>
			</trkpt>
			<trkpt lat="48.734085" lon="13.937083">
				<ele>1134.000000</ele>
			</trkpt>
			<trkpt lat="48.734239" lon="13.937048">
				<ele>1135.000000</ele>
			</trkpt>
			<trkpt lat="48.734411" lon="13.936993">
				<ele>1137.000000</ele>
			</trkpt>
			<trkpt lat="48.734535" lon="13.936939">
				<ele>1138.000000</ele>
			</trkpt>
			<trkpt lat="48.734654" lon="13.936876">
				<ele>1139.000000</ele>
			</trkpt>
			<trkpt lat="48.734766" lon="13.936805">
				<ele>1140.000000</ele>
			</trkpt>
			<trkpt lat="48.734979" lon="13.936625">
				<ele>1141.000000</ele>
			</trkpt>
			<trkpt lat="48.735258" lon="13.936346">
				<ele>1143.000000</ele>
			</trkpt>
			<trkpt lat="48.735649" lon="13.935916">
				<ele>1146.000000</ele>
			</trkpt>
			<trkpt lat="48.736360" lon="13.935088">
				<ele>1150.000000</ele>
			</trkpt>
			<trkpt lat="48.736787" lon="13.934631">
				<ele>1153.000000</ele>
			</trkpt>
			<trkpt lat="48.736988" lon="13.934433">
				<ele>1154.000000</ele>
			</trkpt>
			<trkpt lat="48.737094" lon="13.934371">
				<ele>1155.000000</ele>
			</trkpt>
			<trkpt lat="48.737190" lon="13.934308">
				<ele>1155.000000</ele>
			</trkpt>
			<trkpt lat="48.737290" lon="13.934253">
				<ele>1155.000000</ele>
			</trkpt>
			<trkpt lat="48.737414" lon="13.934209">
				<ele>1155.000000</ele>
			</trkpt>
			<trkpt lat="48.737729" lon="13.934136">
				<ele>1157.000000</ele>
			</trkpt>
			<trkpt lat="48.738179" lon="13.934056">
				<ele>1160.000000</ele>
			</trkpt>
			<trkpt lat="48.738718" lon="13.934002">
				<ele>1162.000000</ele>
			</trkpt>
			<trkpt lat="48.738824" lon="13.933975">
				<ele>1163.000000</ele>
			</trkpt>
			<trkpt lat="48.739067" lon="13.933876">
				<ele>1164.000000</ele>
			</trkpt>
			<trkpt lat="48.739186" lon="13.933849">
				<ele>1165.000000</ele>
			</trkpt>
			<trkpt lat="48.739209" lon="13.933490">
				<ele>1170.000000</ele>
			</trkpt>
			<trkpt lat="48.739204" lon="13.933310">
				<ele>1173.000000</ele>
			</trkpt>
			<trkpt lat="48.739198" lon="13.933140">
				<ele>1176.000000</ele>
			</trkpt>
			<trkpt lat="48.739174" lon="13.932951">
				<ele>1179.000000</ele>
			</trkpt>
			<trkpt lat="48.739127" lon="13.932744">
				<ele>1185.000000</ele>
			</trkpt>
			<trkpt lat="48.739008" lon="13.932241">
				<ele>1191.000000</ele>
			</trkpt>
			<trkpt lat="48.738949" lon="13.932098">
				<ele>1192.000000</ele>
			</trkpt>
			<trkpt lat="48.738830" lon="13.931838">
				<ele>1195.000000</ele>
			</trkpt>
			<trkpt lat="48.738812" lon="13.931774">
				<ele>1196.000000</ele>
			</trkpt>
			<trkpt lat="48.738795" lon="13.931693">
				<ele>1197.000000</ele>
			</trkpt>
			<trkpt lat="48.738718" lon="13.931217">
				<ele>1203.000000</ele>
			</trkpt>
			<trkpt lat="48.738700" lon="13.931037">
				<ele>1205.000000</ele>
			</trkpt>
			<trkpt lat="48.738706" lon="13.930723">
				<ele>1210.000000</ele>
			</trkpt>
			<trkpt lat="48.738694" lon="13.930606">
				<ele>1211.000000</ele>
			</trkpt>
			<trkpt lat="48.738676" lon="13.930526">
				<ele>1212.000000</ele>
			</trkpt>
			<trkpt lat="48.738659" lon="13.930471">
				<ele>1212.000000</ele>
			</trkpt>
			<trkpt lat="48.738629" lon="13.930417">
				<ele>1213.000000</ele>
			</trkpt>
			<trkpt lat="48.738594" lon="13.930364">
				<ele>1214.000000</ele>
			</trkpt>
			<trkpt lat="48.738475" lon="13.930211">
				<ele>1216.000000</ele>
			</trkpt>
			<trkpt lat="48.738404" lon="13.930094">
				<ele>1218.000000</ele>
			</trkpt>
			<trkpt lat="48.738344" lon="13.929960">
				<ele>1219.000000</ele>
			</trkpt>
			<trkpt lat="48.738321" lon="13.929780">
				<ele>1222.000000</ele>
			</trkpt>
			<trkpt lat="48.738327" lon="13.929609">
				<ele>1225.000000</ele>
			</trkpt>
			<trkpt lat="48.738333" lon="13.929402">
				<ele>1227.000000</ele>
			</trkpt>
			<trkpt lat="48.738356" lon="13.929222">
				<ele>1230.000000</ele>
			</trkpt>
			<trkpt lat="48.738410" lon="13.929061">
				<ele>1232.000000</ele>
			</trkpt>
			<trkpt lat="48.738487" lon="13.928846">
				<ele>1235.000000</ele>
			</trkpt>
			<trkpt lat="48.738534" lon="13.928746">
				<ele>1237.000000</ele>
			</trkpt>
			<trkpt lat="48.738623" lon="13.928567">
				<ele>1240.000000</ele>
			</trkpt>
			<trkpt lat="48.738659" lon="13.928469">
				<ele>1241.000000</ele>
			</trkpt>
			<trkpt lat="48.738753" lon="13.928172">
				<ele>1244.000000</ele>
			</trkpt>
			<trkpt lat="48.738901" lon="13.927570">
				<ele>1250.000000</ele>
			</trkpt>
			<trkpt lat="48.738990" lon="13.927255">
				<ele>1254.000000</ele>
			</trkpt>
			<trkpt lat="48.739085" lon="13.926968">
				<ele>1257.000000</ele>
			</trkpt>
			<trkpt lat="48.739180" lon="13.926708">
				<ele>1260.000000</ele>
			</trkpt>
			<trkpt lat="48.739275" lon="13.926509">
				<ele>1262.000000</ele>
			</trkpt>
			<trkpt lat="48.739399" lon="13.926295">
				<ele>1265.000000</ele>
			</trkpt>
			<trkpt lat="48.739500" lon="13.926123">
				<ele>1268.000000</ele>
			</trkpt>
			<trkpt lat="48.739559" lon="13.925962">
				<ele>1269.000000</ele>
			</trkpt>
			<trkpt lat="48.739595" lon="13.925809">
				<ele>1271.000000</ele>
			</trkpt>
			<trkpt lat="48.739600" lon="13.925693">
				<ele>1272.000000</ele>
			</trkpt>
			<trkpt lat="48.739600" lon="13.925620">
				<ele>1273.000000</ele>
			</trkpt>
			<trkpt lat="48.739583" lon="13.925557">
				<ele>1274.000000</ele>
			</trkpt>
			<trkpt lat="48.739583" lon="13.925503">
				<ele>1274.000000</ele>
			</trkpt>
			<trkpt lat="48.739583" lon="13.925432">
				<ele>1275.000000</ele>
			</trkpt>
			<trkpt lat="48.739600" lon="13.925360">
				<ele>1276.000000</ele>
			</trkpt>
			<trkpt lat="48.739606" lon="13.925280">
				<ele>1276.000000</ele>
			</trkpt>
			<trkpt lat="48.739600" lon="13.925216">
				<ele>1277.000000</ele>
			</trkpt>
			<trkpt lat="48.739559" lon="13.925144">
				<ele>1277.000000</ele>
			</trkpt>
			<trkpt lat="48.739506" lon="13.925081">
				<ele>1278.000000</ele>
			</trkpt>
			<trkpt lat="48.739464" lon="13.925010">
				<ele>1279.000000</ele>
			</trkpt>
			<trkpt lat="48.739435" lon="13.924929">
				<ele>1280.000000</ele>
			</trkpt>
			<trkpt lat="48.739422" lon="13.924840">
				<ele>1280.000000</ele>
			</trkpt>
			<trkpt lat="48.739411" lon="13.924605">
				<ele>1283.000000</ele>
			</trkpt>
			<trkpt lat="48.739382" lon="13.924390">
				<ele>1285.000000</ele>
			</trkpt>
			<trkpt lat="48.739357" lon="13.924201">
				<ele>1288.000000</ele>
			</trkpt>
			<trkpt lat="48.739239" lon="13.923618">
				<ele>1296.000000</ele>
			</trkpt>
			<trkpt lat="48.739221" lon="13.923519">
				<ele>1297.000000</ele>
			</trkpt>
			<trkpt lat="48.739215" lon="13.923438">
				<ele>1298.000000</ele>
			</trkpt>
			<trkpt lat="48.739221" lon="13.923356">
				<ele>1299.000000</ele>
			</trkpt>
			<trkpt lat="48.739239" lon="13.923249">
				<ele>1301.000000</ele>
			</trkpt>
			<trkpt lat="48.739245" lon="13.923169">
				<ele>1302.000000</ele>
			</trkpt>
			<trkpt lat="48.739239" lon="13.923087">
				<ele>1303.000000</ele>
			</trkpt>
			<trkpt lat="48.739198" lon="13.922880">
				<ele>1305.000000</ele>
			</trkpt>
			<trkpt lat="48.739133" lon="13.922611">
				<ele>1309.000000</ele>
			</trkpt>
			<trkpt lat="48.739032" lon="13.922100">
				<ele>1317.000000</ele>
			</trkpt>
			<trkpt lat="48.739002" lon="13.921911">
				<ele>1319.000000</ele>
			</trkpt>
			<trkpt lat="48.738996" lon="13.921731">
				<ele>1321.000000</ele>
			</trkpt>
			<trkpt lat="48.739008" lon="13.921515">
				<ele>1322.000000</ele>
			</trkpt>
			<trkpt lat="48.739002" lon="13.921362">
				<ele>1324.000000</ele>
			</trkpt>
			<trkpt lat="48.738979" lon="13.921228">
				<ele>1325.000000</ele>
			</trkpt>
			<trkpt lat="48.738937" lon="13.921093">
				<ele>1325.000000</ele>
			</trkpt>
			<trkpt lat="48.738901" lon="13.920932">
				<ele>1325.000000</ele>
			</trkpt>
			<trkpt lat="48.738883" lon="13.920698">
				<ele>1325.000000</ele>
			</trkpt>
			<trkpt lat="48.738576" lon="13.920769">
				<ele>1326.000000</ele>
			</trkpt>
			<trkpt lat="48.738244" lon="13.920823">
				<ele>1327.000000</ele>
			</trkpt>
			<trkpt lat="48.737355" lon="13.920895">
				<ele>1330.000000</ele>
			</trkpt>
			<trkpt lat="48.737190" lon="13.920895">
				<ele>1330.000000</ele>
			</trkpt>
			<trkpt lat="48.736988" lon="13.920878">
				<ele>1330.000000</ele>
			</trkpt>
			<trkpt lat="48.737029" lon="13.920859">
				<ele>1330.000000</ele>
			</trkpt>
			<trkpt lat="48.736952" lon="13.920761">
				<ele>1330.000000</ele>
			</trkpt>
			<trkpt lat="48.736864" lon="13.920796">
				<ele>1330.000000</ele>
			</trkpt>
			<trkpt lat="48.736846" lon="13.920905">
				<ele>1329.000000</ele>
			</trkpt>
			<trkpt lat="48.736887" lon="13.920995">
				<ele>1329.000000</ele>
			</trkpt>
			<trkpt lat="48.736881" lon="13.921111">
				<ele>1328.000000</ele>
			</trkpt>
			<trkpt lat="48.736881" lon="13.921111">
				<ele>1328.000000</ele>
			</trkpt>
			<trkpt lat="48.736881" lon="13.921111">
				<ele>1328.000000</ele>
			</trkpt>
			<trkpt lat="48.736881" lon="13.921111">
				<ele>1328.000000</ele>
			</trkpt>
			<trkpt lat="48.736887" lon="13.920995">
				<ele>1329.000000</ele>
			</trkpt>
			<trkpt lat="48.736846" lon="13.920905">
				<ele>1329.000000</ele>
			</trkpt>
			<trkpt lat="48.736864" lon="13.920796">
				<ele>1330.000000</ele>
			</trkpt>
			<trkpt lat="48.736952" lon="13.920761">
				<ele>1330.000000</ele>
			</trkpt>
			<trkpt lat="48.737029" lon="13.920859">
				<ele>1330.000000</ele>
			</trkpt>
			<trkpt lat="48.736988" lon="13.920878">
				<ele>1330.000000</ele>
			</trkpt>
			<trkpt lat="48.737190" lon="13.920895">
				<ele>1330.000000</ele>
			</trkpt>
			<trkpt lat="48.737355" lon="13.920895">
				<ele>1330.000000</ele>
			</trkpt>
			<trkpt lat="48.738244" lon="13.920823">
				<ele>1327.000000</ele>
			</trkpt>
			<trkpt lat="48.738576" lon="13.920769">
				<ele>1326.000000</ele>
			</trkpt>
			<trkpt lat="48.738883" lon="13.920698">
				<ele>1325.000000</ele>
			</trkpt>
			<trkpt lat="48.739239" lon="13.920545">
				<ele>1323.000000</ele>
			</trkpt>
			<trkpt lat="48.739363" lon="13.920482">
				<ele>1323.000000</ele>
			</trkpt>
			<trkpt lat="48.739713" lon="13.920356">
				<ele>1320.000000</ele>
			</trkpt>
			<trkpt lat="48.740264" lon="13.920087">
				<ele>1317.000000</ele>
			</trkpt>
			<trkpt lat="48.740501" lon="13.919943">
				<ele>1315.000000</ele>
			</trkpt>
			<trkpt lat="48.740607" lon="13.919871">
				<ele>1314.000000</ele>
			</trkpt>
			<trkpt lat="48.740690" lon="13.919800">
				<ele>1314.000000</ele>
			</trkpt>
			<trkpt lat="48.740768" lon="13.919710">
				<ele>1313.000000</ele>
			</trkpt>
			<trkpt lat="48.740851" lon="13.919611">
				<ele>1312.000000</ele>
			</trkpt>
			<trkpt lat="48.741010" lon="13.919377">
				<ele>1310.000000</ele>
			</trkpt>
			<trkpt lat="48.741834" lon="13.917905">
				<ele>1298.000000</ele>
			</trkpt>
			<trkpt lat="48.742030" lon="13.917527">
				<ele>1296.000000</ele>
			</trkpt>
			<trkpt lat="48.742302" lon="13.916979">
				<ele>1293.000000</ele>
			</trkpt>
			<trkpt lat="48.742450" lon="13.916655">
				<ele>1291.000000</ele>
			</trkpt>
			<trkpt lat="48.742592" lon="13.916324">
				<ele>1290.000000</ele>
			</trkpt>
			<trkpt lat="48.742681" lon="13.916152">
				<ele>1289.000000</ele>
			</trkpt>
			<trkpt lat="48.742758" lon="13.916018">
				<ele>1288.000000</ele>
			</trkpt>
			<trkpt lat="48.742841" lon="13.915937">
				<ele>1287.000000</ele>
			</trkpt>
			<trkpt lat="48.742930" lon="13.915882">
				<ele>1286.000000</ele>
			</trkpt>
			<trkpt lat="48.742983" lon="13.915848">
				<ele>1286.000000</ele>
			</trkpt>
			<trkpt lat="48.743031" lon="13.915819">
				<ele>1286.000000</ele>
			</trkpt>
			<trkpt lat="48.743161" lon="13.915685">
				<ele>1284.000000</ele>
			</trkpt>
			<trkpt lat="48.743516" lon="13.915389">
				<ele>1279.000000</ele>
			</trkpt>
			<trkpt lat="48.743771" lon="13.915182">
				<ele>1276.000000</ele>
			</trkpt>
			<trkpt lat="48.743866" lon="13.915083">
				<ele>1275.000000</ele>
			</trkpt>
			<trkpt lat="48.743966" lon="13.914949">
				<ele>1274.000000</ele>
			</trkpt>
			<trkpt lat="48.744061" lon="13.914742">
				<ele>1273.000000</ele>
			</trkpt>
			<trkpt lat="48.744204" lon="13.914410">
				<ele>1271.000000</ele>
			</trkpt>
			<trkpt lat="48.744310" lon="13.914203">
				<ele>1270.000000</ele>
			</trkpt>
			<trkpt lat="48.744423" lon="13.914050">
				<ele>1269.000000</ele>
			</trkpt>
			<trkpt lat="48.744582" lon="13.913871">
				<ele>1268.000000</ele>
			</trkpt>
			<trkpt lat="48.745122" lon="13.913358">
				<ele>1264.000000</ele>
			</trkpt>
			<trkpt lat="48.745252" lon="13.913215">
				<ele>1262.000000</ele>
			</trkpt>
			<trkpt lat="48.745358" lon="13.913081">
				<ele>1260.000000</ele>
			</trkpt>
			<trkpt lat="48.745459" lon="13.912945">
				<ele>1259.000000</ele>
			</trkpt>
			<trkpt lat="48.745531" lon="13.912829">
				<ele>1258.000000</ele>
			</trkpt>
			<trkpt lat="48.745613" lon="13.912649">
				<ele>1256.000000</ele>
			</trkpt>
			<trkpt lat="48.745684" lon="13.912487">
				<ele>1255.000000</ele>
			</trkpt>
			<trkpt lat="48.745732" lon="13.912353">
				<ele>1254.000000</ele>
			</trkpt>
			<trkpt lat="48.745773" lon="13.912155">
				<ele>1253.000000</ele>
			</trkpt>
			<trkpt lat="48.745815" lon="13.911957">
				<ele>1252.000000</ele>
			</trkpt>
			<trkpt lat="48.745850" lon="13.911831">
				<ele>1251.000000</ele>
			</trkpt>
			<trkpt lat="48.745886" lon="13.911733">
				<ele>1250.000000</ele>
			</trkpt>
			<trkpt lat="48.745939" lon="13.911634">
				<ele>1250.000000</ele>
			</trkpt>
			<trkpt lat="48.746241" lon="13.911185">
				<ele>1245.000000</ele>
			</trkpt>
			<trkpt lat="48.746336" lon="13.911032">
				<ele>1245.000000</ele>
			</trkpt>
			<trkpt lat="48.746419" lon="13.910934">
				<ele>1245.000000</ele>
			</trkpt>
			<trkpt lat="48.746502" lon="13.910879">
				<ele>1245.000000</ele>
			</trkpt>
			<trkpt lat="48.746733" lon="13.910762">
				<ele>1245.000000</ele>
			</trkpt>
			<trkpt lat="48.746976" lon="13.910619">
				<ele>1245.000000</ele>
			</trkpt>
			<trkpt lat="48.747314" lon="13.910385">
				<ele>1245.000000</ele>
			</trkpt>
			<trkpt lat="48.747467" lon="13.910259">
				<ele>1245.000000</ele>
			</trkpt>
			<trkpt lat="48.747509" lon="13.910206">
				<ele>1245.000000</ele>
			</trkpt>
			<trkpt lat="48.747544" lon="13.910133">
				<ele>1245.000000</ele>
			</trkpt>
			<trkpt lat="48.747799" lon="13.909622">
				<ele>1245.000000</ele>
			</trkpt>
			<trkpt lat="48.747935" lon="13.909307">
				<ele>1245.000000</ele>
			</trkpt>
			<trkpt lat="48.748054" lon="13.908957">
				<ele>1247.000000</ele>
			</trkpt>
			<trkpt lat="48.748291" lon="13.908202">
				<ele>1253.000000</ele>
			</trkpt>
			<trkpt lat="48.748433" lon="13.907789">
				<ele>1259.000000</ele>
			</trkpt>
			<trkpt lat="48.748669" lon="13.907133">
				<ele>1267.000000</ele>
			</trkpt>
			<trkpt lat="48.748871" lon="13.906621">
				<ele>1271.000000</ele>
			</trkpt>
			<trkpt lat="48.749078" lon="13.906118">
				<ele>1272.000000</ele>
			</trkpt>
			<trkpt lat="48.749369" lon="13.905454">
				<ele>1274.000000</ele>
			</trkpt>
			<trkpt lat="48.749558" lon="13.905058">
				<ele>1275.000000</ele>
			</trkpt>
			<trkpt lat="48.749771" lon="13.904653">
				<ele>1275.000000</ele>
			</trkpt>
			<trkpt lat="48.749801" lon="13.904592">
				<ele>1275.000000</ele>
			</trkpt>
			<trkpt lat="48.749854" lon="13.904537">
				<ele>1275.000000</ele>
			</trkpt>
			<trkpt lat="48.750097" lon="13.904295">
				<ele>1272.000000</ele>
			</trkpt>
			<trkpt lat="48.750429" lon="13.903963">
				<ele>1260.000000</ele>
			</trkpt>
			<trkpt lat="48.750713" lon="13.903701">
				<ele>1248.000000</ele>
			</trkpt>
			<trkpt lat="48.750749" lon="13.903657">
				<ele>1246.000000</ele>
			</trkpt>
			<trkpt lat="48.751525" lon="13.902894">
				<ele>1213.000000</ele>
			</trkpt>
			<trkpt lat="48.751933" lon="13.902445">
				<ele>1202.000000</ele>
			</trkpt>
			<trkpt lat="48.752164" lon="13.902183">
				<ele>1196.000000</ele>
			</trkpt>
			<trkpt lat="48.752620" lon="13.901743">
				<ele>1185.000000</ele>
			</trkpt>
			<trkpt lat="48.752869" lon="13.901466">
				<ele>1178.000000</ele>
			</trkpt>
			<trkpt lat="48.753011" lon="13.901339">
				<ele>1175.000000</ele>
			</trkpt>
			<trkpt lat="48.753135" lon="13.901250">
				<ele>1172.000000</ele>
			</trkpt>
			<trkpt lat="48.753254" lon="13.901196">
				<ele>1169.000000</ele>
			</trkpt>
			<trkpt lat="48.753379" lon="13.901169">
				<ele>1166.000000</ele>
			</trkpt>
			<trkpt lat="48.753444" lon="13.901160">
				<ele>1165.000000</ele>
			</trkpt>
			<trkpt lat="48.753603" lon="13.901150">
				<ele>1162.000000</ele>
			</trkpt>
			<trkpt lat="48.753758" lon="13.901187">
				<ele>1160.000000</ele>
			</trkpt>
			<trkpt lat="48.753858" lon="13.901240">
				<ele>1159.000000</ele>
			</trkpt>
			<trkpt lat="48.753947" lon="13.901313">
				<ele>1158.000000</ele>
			</trkpt>
			<trkpt lat="48.754030" lon="13.901437">
				<ele>1156.000000</ele>
			</trkpt>
			<trkpt lat="48.754113" lon="13.901609">
				<ele>1155.000000</ele>
			</trkpt>
			<trkpt lat="48.754148" lon="13.901653">
				<ele>1155.000000</ele>
			</trkpt>
			<trkpt lat="48.754184" lon="13.901663">
				<ele>1154.000000</ele>
			</trkpt>
			<trkpt lat="48.754214" lon="13.901663">
				<ele>1154.000000</ele>
			</trkpt>
			<trkpt lat="48.754249" lon="13.901680">
				<ele>1154.000000</ele>
			</trkpt>
			<trkpt lat="48.754344" lon="13.901726">
				<ele>1152.000000</ele>
			</trkpt>
			<trkpt lat="48.754409" lon="13.901797">
				<ele>1152.000000</ele>
			</trkpt>
			<trkpt lat="48.754444" lon="13.901806">
				<ele>1151.000000</ele>
			</trkpt>
			<trkpt lat="48.754492" lon="13.901824">
				<ele>1151.000000</ele>
			</trkpt>
			<trkpt lat="48.754575" lon="13.901842">
				<ele>1150.000000</ele>
			</trkpt>
			<trkpt lat="48.754670" lon="13.901923">
				<ele>1149.000000</ele>
			</trkpt>
			<trkpt lat="48.754747" lon="13.901968">
				<ele>1148.000000</ele>
			</trkpt>
			<trkpt lat="48.754782" lon="13.901968">
				<ele>1148.000000</ele>
			</trkpt>
			<trkpt lat="48.754800" lon="13.901950">
				<ele>1148.000000</ele>
			</trkpt>
			<trkpt lat="48.754853" lon="13.901923">
				<ele>1147.000000</ele>
			</trkpt>
			<trkpt lat="48.754906" lon="13.901932">
				<ele>1147.000000</ele>
			</trkpt>
			<trkpt lat="48.754960" lon="13.901950">
				<ele>1146.000000</ele>
			</trkpt>
			<trkpt lat="48.754989" lon="13.901959">
				<ele>1146.000000</ele>
			</trkpt>
			<trkpt lat="48.755132" lon="13.901932">
				<ele>1145.000000</ele>
			</trkpt>
			<trkpt lat="48.755232" lon="13.901896">
				<ele>1145.000000</ele>
			</trkpt>
			<trkpt lat="48.755321" lon="13.901860">
				<ele>1145.000000</ele>
			</trkpt>
			<trkpt lat="48.755357" lon="13.901833">
				<ele>1145.000000</ele>
			</trkpt>
			<trkpt lat="48.755410" lon="13.901743">
				<ele>1145.000000</ele>
			</trkpt>
			<trkpt lat="48.755534" lon="13.901663">
				<ele>1145.000000</ele>
			</trkpt>
			<trkpt lat="48.755575" lon="13.901636">
				<ele>1145.000000</ele>
			</trkpt>
			<trkpt lat="48.755640" lon="13.901617">
				<ele>1145.000000</ele>
			</trkpt>
			<trkpt lat="48.755730" lon="13.901590">
				<ele>1145.000000</ele>
			</trkpt>
			<trkpt lat="48.755830" lon="13.901519">
				<ele>1145.000000</ele>
			</trkpt>
			<trkpt lat="48.755872" lon="13.901466">
				<ele>1145.000000</ele>
			</trkpt>
			<trkpt lat="48.755907" lon="13.901437">
				<ele>1145.000000</ele>
			</trkpt>
			<trkpt lat="48.755937" lon="13.901384">
				<ele>1145.000000</ele>
			</trkpt>
			<trkpt lat="48.755955" lon="13.901313">
				<ele>1145.000000</ele>
			</trkpt>
			<trkpt lat="48.756049" lon="13.900944">
				<ele>1147.000000</ele>
			</trkpt>
			<trkpt lat="48.756102" lon="13.900791">
				<ele>1147.000000</ele>
			</trkpt>
			<trkpt lat="48.756127" lon="13.900737">
				<ele>1148.000000</ele>
			</trkpt>
			<trkpt lat="48.756174" lon="13.900684">
				<ele>1148.000000</ele>
			</trkpt>
			<trkpt lat="48.756304" lon="13.900540">
				<ele>1149.000000</ele>
			</trkpt>
			<trkpt lat="48.756422" lon="13.900450">
				<ele>1150.000000</ele>
			</trkpt>
			<trkpt lat="48.756583" lon="13.900315">
				<ele>1151.000000</ele>
			</trkpt>
			<trkpt lat="48.756701" lon="13.900208">
				<ele>1152.000000</ele>
			</trkpt>
			<trkpt lat="48.756807" lon="13.900099">
				<ele>1153.000000</ele>
			</trkpt>
			<trkpt lat="48.756955" lon="13.899929">
				<ele>1154.000000</ele>
			</trkpt>
			<trkpt lat="48.757092" lon="13.899768">
				<ele>1155.000000</ele>
			</trkpt>
			<trkpt lat="48.757376" lon="13.899462">
				<ele>1155.000000</ele>
			</trkpt>
			<trkpt lat="48.757482" lon="13.899292">
				<ele>1155.000000</ele>
			</trkpt>
			<trkpt lat="48.757577" lon="13.899085">
				<ele>1155.000000</ele>
			</trkpt>
			<trkpt lat="48.757660" lon="13.898905">
				<ele>1155.000000</ele>
			</trkpt>
			<trkpt lat="48.757755" lon="13.898743">
				<ele>1155.000000</ele>
			</trkpt>
			<trkpt lat="48.757850" lon="13.898608">
				<ele>1155.000000</ele>
			</trkpt>
			<trkpt lat="48.758022" lon="13.898420">
				<ele>1154.000000</ele>
			</trkpt>
			<trkpt lat="48.758128" lon="13.898284">
				<ele>1151.000000</ele>
			</trkpt>
			<trkpt lat="48.758181" lon="13.898204">
				<ele>1150.000000</ele>
			</trkpt>
			<trkpt lat="48.758205" lon="13.898132">
				<ele>1149.000000</ele>
			</trkpt>
			<trkpt lat="48.758235" lon="13.898051">
				<ele>1148.000000</ele>
			</trkpt>
			<trkpt lat="48.758252" lon="13.897971">
				<ele>1147.000000</ele>
			</trkpt>
			<trkpt lat="48.758264" lon="13.897755">
				<ele>1144.000000</ele>
			</trkpt>
			<trkpt lat="48.758300" lon="13.896758">
				<ele>1135.000000</ele>
			</trkpt>
			<trkpt lat="48.758317" lon="13.896200">
				<ele>1131.000000</ele>
			</trkpt>
			<trkpt lat="48.758329" lon="13.895986">
				<ele>1129.000000</ele>
			</trkpt>
			<trkpt lat="48.758347" lon="13.895760">
				<ele>1128.000000</ele>
			</trkpt>
			<trkpt lat="48.758371" lon="13.895500">
				<ele>1126.000000</ele>
			</trkpt>
			<trkpt lat="48.758377" lon="13.895365">
				<ele>1125.000000</ele>
			</trkpt>
			<trkpt lat="48.758377" lon="13.895258">
				<ele>1124.000000</ele>
			</trkpt>
			<trkpt lat="48.758371" lon="13.895150">
				<ele>1124.000000</ele>
			</trkpt>
			<trkpt lat="48.758347" lon="13.895042">
				<ele>1123.000000</ele>
			</trkpt>
			<trkpt lat="48.758329" lon="13.894916">
				<ele>1122.000000</ele>
			</trkpt>
			<trkpt lat="48.758312" lon="13.894692">
				<ele>1121.000000</ele>
			</trkpt>
			<trkpt lat="48.758270" lon="13.894269">
				<ele>1118.000000</ele>
			</trkpt>
			<trkpt lat="48.758258" lon="13.894189">
				<ele>1118.000000</ele>
			</trkpt>
			<trkpt lat="48.758241" lon="13.894116">
				<ele>1117.000000</ele>
			</trkpt>
			<trkpt lat="48.758211" lon="13.894063">
				<ele>1117.000000</ele>
			</trkpt>
			<trkpt lat="48.758158" lon="13.893973">
				<ele>1116.000000</ele>
			</trkpt>
			<trkpt lat="48.758134" lon="13.893919">
				<ele>1116.000000</ele>
			</trkpt>
			<trkpt lat="48.758093" lon="13.893812">
				<ele>1115.000000</ele>
			</trkpt>
			<trkpt lat="48.758051" lon="13.893730">
				<ele>1115.000000</ele>
			</trkpt>
			<trkpt lat="48.758039" lon="13.893713">
				<ele>1114.000000</ele>
			</trkpt>
			<trkpt lat="48.758022" lon="13.893730">
				<ele>1114.000000</ele>
			</trkpt>
			<trkpt lat="48.757992" lon="13.893730">
				<ele>1114.000000</ele>
			</trkpt>
			<trkpt lat="48.757968" lon="13.893722">
				<ele>1114.000000</ele>
			</trkpt>
			<trkpt lat="48.757885" lon="13.893640">
				<ele>1113.000000</ele>
			</trkpt>
			<trkpt lat="48.757767" lon="13.893542">
				<ele>1112.000000</ele>
			</trkpt>
			<trkpt lat="48.757719" lon="13.893487">
				<ele>1111.000000</ele>
			</trkpt>
			<trkpt lat="48.757678" lon="13.893426">
				<ele>1111.000000</ele>
			</trkpt>
			<trkpt lat="48.757643" lon="13.893326">
				<ele>1110.000000</ele>
			</trkpt>
			<trkpt lat="48.757613" lon="13.893246">
				<ele>1109.000000</ele>
			</trkpt>
			<trkpt lat="48.757613" lon="13.893191">
				<ele>1109.000000</ele>
			</trkpt>
			<trkpt lat="48.757725" lon="13.892715">
				<ele>1106.000000</ele>
			</trkpt>
			<trkpt lat="48.758353" lon="13.889760">
				<ele>1081.000000</ele>
			</trkpt>
			<trkpt lat="48.758430" lon="13.889464">
				<ele>1079.000000</ele>
			</trkpt>
			<trkpt lat="48.758507" lon="13.889212">
				<ele>1076.000000</ele>
			</trkpt>
			<trkpt lat="48.758614" lon="13.888996">
				<ele>1074.000000</ele>
			</trkpt>
			<trkpt lat="48.758773" lon="13.888692">
				<ele>1071.000000</ele>
			</trkpt>
			<trkpt lat="48.759745" lon="13.886939">
				<ele>1052.000000</ele>
			</trkpt>
			<trkpt lat="48.760171" lon="13.886158">
				<ele>1043.000000</ele>
			</trkpt>
			<trkpt lat="48.760639" lon="13.885277">
				<ele>1034.000000</ele>
			</trkpt>
			<trkpt lat="48.760781" lon="13.884990">
				<ele>1031.000000</ele>
			</trkpt>
			<trkpt lat="48.760929" lon="13.884684">
				<ele>1028.000000</ele>
			</trkpt>
			<trkpt lat="48.761308" lon="13.883992">
				<ele>1023.000000</ele>
			</trkpt>
			<trkpt lat="48.761871" lon="13.883076">
				<ele>1020.000000</ele>
			</trkpt>
			<trkpt lat="48.762019" lon="13.882807">
				<ele>1020.000000</ele>
			</trkpt>
			<trkpt lat="48.762072" lon="13.882726">
				<ele>1020.000000</ele>
			</trkpt>
			<trkpt lat="48.762161" lon="13.882618">
				<ele>1020.000000</ele>
			</trkpt>
			<trkpt lat="48.762321" lon="13.882439">
				<ele>1020.000000</ele>
			</trkpt>
			<trkpt lat="48.762451" lon="13.882214">
				<ele>1020.000000</ele>
			</trkpt>
			<trkpt lat="48.762451" lon="13.882214">
				<ele>1020.000000</ele>
			</trkpt>
		</trkseg>
	</trk>
</gpx>

