<?xml version="1.0" encoding="utf-8"?>
<gpx xmlns="http://www.topografix.com/GPX/1/1" version="1.1" creator="https://mapy.com/">
	<trk>
		<name>18_Šumava</name>
		<trkseg>
			<trkpt lat="48.762060" lon="13.882394">
				<ele>1014.000000</ele>
			</trkpt>
			<trkpt lat="48.762078" lon="13.882394">
				<ele>1017.000000</ele>
			</trkpt>
			<trkpt lat="48.762149" lon="13.882403">
				<ele>1017.000000</ele>
			</trkpt>
			<trkpt lat="48.762220" lon="13.882447">
				<ele>1016.000000</ele>
			</trkpt>
			<trkpt lat="48.762339" lon="13.882294">
				<ele>1018.000000</ele>
			</trkpt>
			<trkpt lat="48.762321" lon="13.882439">
				<ele>1020.000000</ele>
			</trkpt>
			<trkpt lat="48.762451" lon="13.882214">
				<ele>1020.000000</ele>
			</trkpt>
			<trkpt lat="48.762623" lon="13.881963">
				<ele>1020.000000</ele>
			</trkpt>
			<trkpt lat="48.762872" lon="13.881621">
				<ele>1020.000000</ele>
			</trkpt>
			<trkpt lat="48.763138" lon="13.881235">
				<ele>1024.000000</ele>
			</trkpt>
			<trkpt lat="48.763280" lon="13.881038">
				<ele>1026.000000</ele>
			</trkpt>
			<trkpt lat="48.763529" lon="13.880642">
				<ele>1031.000000</ele>
			</trkpt>
			<trkpt lat="48.763671" lon="13.880444">
				<ele>1033.000000</ele>
			</trkpt>
			<trkpt lat="48.764079" lon="13.879851">
				<ele>1039.000000</ele>
			</trkpt>
			<trkpt lat="48.764405" lon="13.879384">
				<ele>1043.000000</ele>
			</trkpt>
			<trkpt lat="48.764565" lon="13.879151">
				<ele>1045.000000</ele>
			</trkpt>
			<trkpt lat="48.764749" lon="13.878855">
				<ele>1044.000000</ele>
			</trkpt>
			<trkpt lat="48.764855" lon="13.878675">
				<ele>1044.000000</ele>
			</trkpt>
			<trkpt lat="48.765115" lon="13.878306">
				<ele>1042.000000</ele>
			</trkpt>
			<trkpt lat="48.765364" lon="13.877956">
				<ele>1040.000000</ele>
			</trkpt>
			<trkpt lat="48.765506" lon="13.877749">
				<ele>1039.000000</ele>
			</trkpt>
			<trkpt lat="48.765707" lon="13.877436">
				<ele>1038.000000</ele>
			</trkpt>
			<trkpt lat="48.765885" lon="13.877157">
				<ele>1037.000000</ele>
			</trkpt>
			<trkpt lat="48.765933" lon="13.877094">
				<ele>1037.000000</ele>
			</trkpt>
			<trkpt lat="48.765998" lon="13.876897">
				<ele>1036.000000</ele>
			</trkpt>
			<trkpt lat="48.766033" lon="13.876842">
				<ele>1036.000000</ele>
			</trkpt>
			<trkpt lat="48.766116" lon="13.876770">
				<ele>1035.000000</ele>
			</trkpt>
			<trkpt lat="48.766152" lon="13.876734">
				<ele>1035.000000</ele>
			</trkpt>
			<trkpt lat="48.766282" lon="13.876555">
				<ele>1035.000000</ele>
			</trkpt>
			<trkpt lat="48.766596" lon="13.876124">
				<ele>1037.000000</ele>
			</trkpt>
			<trkpt lat="48.766655" lon="13.876025">
				<ele>1038.000000</ele>
			</trkpt>
			<trkpt lat="48.766720" lon="13.875899">
				<ele>1038.000000</ele>
			</trkpt>
			<trkpt lat="48.766780" lon="13.875765">
				<ele>1039.000000</ele>
			</trkpt>
			<trkpt lat="48.766981" lon="13.875243">
				<ele>1044.000000</ele>
			</trkpt>
			<trkpt lat="48.767218" lon="13.874641">
				<ele>1052.000000</ele>
			</trkpt>
			<trkpt lat="48.767283" lon="13.874488">
				<ele>1055.000000</ele>
			</trkpt>
			<trkpt lat="48.767366" lon="13.874210">
				<ele>1061.000000</ele>
			</trkpt>
			<trkpt lat="48.767448" lon="13.873994">
				<ele>1067.000000</ele>
			</trkpt>
			<trkpt lat="48.767573" lon="13.873744">
				<ele>1073.000000</ele>
			</trkpt>
			<trkpt lat="48.767667" lon="13.873528">
				<ele>1077.000000</ele>
			</trkpt>
			<trkpt lat="48.767792" lon="13.873212">
				<ele>1083.000000</ele>
			</trkpt>
			<trkpt lat="48.768017" lon="13.872593">
				<ele>1094.000000</ele>
			</trkpt>
			<trkpt lat="48.768106" lon="13.872360">
				<ele>1099.000000</ele>
			</trkpt>
			<trkpt lat="48.768177" lon="13.872197">
				<ele>1103.000000</ele>
			</trkpt>
			<trkpt lat="48.768372" lon="13.871740">
				<ele>1113.000000</ele>
			</trkpt>
			<trkpt lat="48.768449" lon="13.871560">
				<ele>1116.000000</ele>
			</trkpt>
			<trkpt lat="48.768508" lon="13.871398">
				<ele>1120.000000</ele>
			</trkpt>
			<trkpt lat="48.768621" lon="13.871012">
				<ele>1131.000000</ele>
			</trkpt>
			<trkpt lat="48.768674" lon="13.870904">
				<ele>1134.000000</ele>
			</trkpt>
			<trkpt lat="48.768739" lon="13.870778">
				<ele>1138.000000</ele>
			</trkpt>
			<trkpt lat="48.768781" lon="13.870671">
				<ele>1141.000000</ele>
			</trkpt>
			<trkpt lat="48.768846" lon="13.870482">
				<ele>1146.000000</ele>
			</trkpt>
			<trkpt lat="48.768911" lon="13.870285">
				<ele>1150.000000</ele>
			</trkpt>
			<trkpt lat="48.768976" lon="13.870069">
				<ele>1155.000000</ele>
			</trkpt>
			<trkpt lat="48.769012" lon="13.869970">
				<ele>1157.000000</ele>
			</trkpt>
			<trkpt lat="48.769065" lon="13.869862">
				<ele>1159.000000</ele>
			</trkpt>
			<trkpt lat="48.769178" lon="13.869637">
				<ele>1165.000000</ele>
			</trkpt>
			<trkpt lat="48.769219" lon="13.869520">
				<ele>1168.000000</ele>
			</trkpt>
			<trkpt lat="48.769266" lon="13.869396">
				<ele>1170.000000</ele>
			</trkpt>
			<trkpt lat="48.769284" lon="13.869287">
				<ele>1172.000000</ele>
			</trkpt>
			<trkpt lat="48.769308" lon="13.869233">
				<ele>1173.000000</ele>
			</trkpt>
			<trkpt lat="48.769343" lon="13.869170">
				<ele>1175.000000</ele>
			</trkpt>
			<trkpt lat="48.769379" lon="13.869063">
				<ele>1176.000000</ele>
			</trkpt>
			<trkpt lat="48.769402" lon="13.869000">
				<ele>1177.000000</ele>
			</trkpt>
			<trkpt lat="48.769450" lon="13.868937">
				<ele>1179.000000</ele>
			</trkpt>
			<trkpt lat="48.769485" lon="13.868883">
				<ele>1180.000000</ele>
			</trkpt>
			<trkpt lat="48.769503" lon="13.868820">
				<ele>1181.000000</ele>
			</trkpt>
			<trkpt lat="48.769509" lon="13.868767">
				<ele>1182.000000</ele>
			</trkpt>
			<trkpt lat="48.769538" lon="13.868704">
				<ele>1183.000000</ele>
			</trkpt>
			<trkpt lat="48.769574" lon="13.868641">
				<ele>1184.000000</ele>
			</trkpt>
			<trkpt lat="48.769580" lon="13.868541">
				<ele>1186.000000</ele>
			</trkpt>
			<trkpt lat="48.769598" lon="13.868389">
				<ele>1188.000000</ele>
			</trkpt>
			<trkpt lat="48.769603" lon="13.868354">
				<ele>1189.000000</ele>
			</trkpt>
			<trkpt lat="48.769634" lon="13.868201">
				<ele>1192.000000</ele>
			</trkpt>
			<trkpt lat="48.769628" lon="13.868084">
				<ele>1194.000000</ele>
			</trkpt>
			<trkpt lat="48.769621" lon="13.867886">
				<ele>1197.000000</ele>
			</trkpt>
			<trkpt lat="48.769609" lon="13.867805">
				<ele>1198.000000</ele>
			</trkpt>
			<trkpt lat="48.769609" lon="13.867742">
				<ele>1199.000000</ele>
			</trkpt>
			<trkpt lat="48.769598" lon="13.867662">
				<ele>1200.000000</ele>
			</trkpt>
			<trkpt lat="48.769580" lon="13.867536">
				<ele>1203.000000</ele>
			</trkpt>
			<trkpt lat="48.769580" lon="13.867482">
				<ele>1203.000000</ele>
			</trkpt>
			<trkpt lat="48.769598" lon="13.867428">
				<ele>1205.000000</ele>
			</trkpt>
			<trkpt lat="48.769603" lon="13.867383">
				<ele>1205.000000</ele>
			</trkpt>
			<trkpt lat="48.769603" lon="13.867275">
				<ele>1207.000000</ele>
			</trkpt>
			<trkpt lat="48.769603" lon="13.867222">
				<ele>1208.000000</ele>
			</trkpt>
			<trkpt lat="48.769586" lon="13.867159">
				<ele>1209.000000</ele>
			</trkpt>
			<trkpt lat="48.769574" lon="13.867086">
				<ele>1211.000000</ele>
			</trkpt>
			<trkpt lat="48.769574" lon="13.866979">
				<ele>1213.000000</ele>
			</trkpt>
			<trkpt lat="48.769574" lon="13.866897">
				<ele>1215.000000</ele>
			</trkpt>
			<trkpt lat="48.769580" lon="13.866853">
				<ele>1215.000000</ele>
			</trkpt>
			<trkpt lat="48.769592" lon="13.866799">
				<ele>1217.000000</ele>
			</trkpt>
			<trkpt lat="48.769592" lon="13.866746">
				<ele>1218.000000</ele>
			</trkpt>
			<trkpt lat="48.769580" lon="13.866637">
				<ele>1220.000000</ele>
			</trkpt>
			<trkpt lat="48.769580" lon="13.866511">
				<ele>1222.000000</ele>
			</trkpt>
			<trkpt lat="48.769586" lon="13.866341">
				<ele>1225.000000</ele>
			</trkpt>
			<trkpt lat="48.769592" lon="13.866170">
				<ele>1229.000000</ele>
			</trkpt>
			<trkpt lat="48.769592" lon="13.866080">
				<ele>1231.000000</ele>
			</trkpt>
			<trkpt lat="48.769592" lon="13.866035">
				<ele>1231.000000</ele>
			</trkpt>
			<trkpt lat="48.769580" lon="13.865972">
				<ele>1233.000000</ele>
			</trkpt>
			<trkpt lat="48.769592" lon="13.865891">
				<ele>1234.000000</ele>
			</trkpt>
			<trkpt lat="48.769598" lon="13.865820">
				<ele>1236.000000</ele>
			</trkpt>
			<trkpt lat="48.769598" lon="13.865784">
				<ele>1237.000000</ele>
			</trkpt>
			<trkpt lat="48.769580" lon="13.865685">
				<ele>1239.000000</ele>
			</trkpt>
			<trkpt lat="48.769598" lon="13.865532">
				<ele>1242.000000</ele>
			</trkpt>
			<trkpt lat="48.769603" lon="13.865442">
				<ele>1244.000000</ele>
			</trkpt>
			<trkpt lat="48.769586" lon="13.865289">
				<ele>1247.000000</ele>
			</trkpt>
			<trkpt lat="48.769580" lon="13.865182">
				<ele>1250.000000</ele>
			</trkpt>
			<trkpt lat="48.769592" lon="13.865083">
				<ele>1252.000000</ele>
			</trkpt>
			<trkpt lat="48.769598" lon="13.865029">
				<ele>1253.000000</ele>
			</trkpt>
			<trkpt lat="48.769592" lon="13.864949">
				<ele>1255.000000</ele>
			</trkpt>
			<trkpt lat="48.769580" lon="13.864840">
				<ele>1257.000000</ele>
			</trkpt>
			<trkpt lat="48.769586" lon="13.864733">
				<ele>1260.000000</ele>
			</trkpt>
			<trkpt lat="48.769586" lon="13.864662">
				<ele>1261.000000</ele>
			</trkpt>
			<trkpt lat="48.769586" lon="13.864607">
				<ele>1263.000000</ele>
			</trkpt>
			<trkpt lat="48.769586" lon="13.864517">
				<ele>1265.000000</ele>
			</trkpt>
			<trkpt lat="48.769574" lon="13.864473">
				<ele>1266.000000</ele>
			</trkpt>
			<trkpt lat="48.769569" lon="13.864436">
				<ele>1267.000000</ele>
			</trkpt>
			<trkpt lat="48.769574" lon="13.864364">
				<ele>1268.000000</ele>
			</trkpt>
			<trkpt lat="48.769592" lon="13.864266">
				<ele>1270.000000</ele>
			</trkpt>
			<trkpt lat="48.769580" lon="13.864149">
				<ele>1273.000000</ele>
			</trkpt>
			<trkpt lat="48.769580" lon="13.863996">
				<ele>1276.000000</ele>
			</trkpt>
			<trkpt lat="48.769580" lon="13.863933">
				<ele>1278.000000</ele>
			</trkpt>
			<trkpt lat="48.769569" lon="13.863844">
				<ele>1280.000000</ele>
			</trkpt>
			<trkpt lat="48.769580" lon="13.863709">
				<ele>1283.000000</ele>
			</trkpt>
			<trkpt lat="48.769574" lon="13.863511">
				<ele>1288.000000</ele>
			</trkpt>
			<trkpt lat="48.769574" lon="13.863178">
				<ele>1298.000000</ele>
			</trkpt>
			<trkpt lat="48.769569" lon="13.862991">
				<ele>1303.000000</ele>
			</trkpt>
			<trkpt lat="48.769562" lon="13.862855">
				<ele>1306.000000</ele>
			</trkpt>
			<trkpt lat="48.769550" lon="13.862748">
				<ele>1309.000000</ele>
			</trkpt>
			<trkpt lat="48.769556" lon="13.862612">
				<ele>1312.000000</ele>
			</trkpt>
			<trkpt lat="48.769544" lon="13.862433">
				<ele>1316.000000</ele>
			</trkpt>
			<trkpt lat="48.769527" lon="13.862226">
				<ele>1320.000000</ele>
			</trkpt>
			<trkpt lat="48.769509" lon="13.862136">
				<ele>1322.000000</ele>
			</trkpt>
			<trkpt lat="48.769509" lon="13.862056">
				<ele>1324.000000</ele>
			</trkpt>
			<trkpt lat="48.769515" lon="13.861975">
				<ele>1326.000000</ele>
			</trkpt>
			<trkpt lat="48.769533" lon="13.861876">
				<ele>1328.000000</ele>
			</trkpt>
			<trkpt lat="48.769592" lon="13.861687">
				<ele>1333.000000</ele>
			</trkpt>
			<trkpt lat="48.769699" lon="13.861383">
				<ele>1338.000000</ele>
			</trkpt>
			<trkpt lat="48.769787" lon="13.861157">
				<ele>1341.000000</ele>
			</trkpt>
			<trkpt lat="48.769858" lon="13.860970">
				<ele>1344.000000</ele>
			</trkpt>
			<trkpt lat="48.769994" lon="13.860664">
				<ele>1348.000000</ele>
			</trkpt>
			<trkpt lat="48.770065" lon="13.860501">
				<ele>1350.000000</ele>
			</trkpt>
			<trkpt lat="48.770119" lon="13.860404">
				<ele>1352.000000</ele>
			</trkpt>
			<trkpt lat="48.770172" lon="13.860314">
				<ele>1353.000000</ele>
			</trkpt>
			<trkpt lat="48.770226" lon="13.860142">
				<ele>1355.000000</ele>
			</trkpt>
			<trkpt lat="48.770350" lon="13.859792">
				<ele>1360.000000</ele>
			</trkpt>
			<trkpt lat="48.770421" lon="13.859595">
				<ele>1362.000000</ele>
			</trkpt>
			<trkpt lat="48.770468" lon="13.859459">
				<ele>1362.000000</ele>
			</trkpt>
			<trkpt lat="48.770551" lon="13.859235">
				<ele>1364.000000</ele>
			</trkpt>
			<trkpt lat="48.770705" lon="13.858840">
				<ele>1367.000000</ele>
			</trkpt>
			<trkpt lat="48.770841" lon="13.858507">
				<ele>1369.000000</ele>
			</trkpt>
			<trkpt lat="48.770912" lon="13.858346">
				<ele>1370.000000</ele>
			</trkpt>
			<trkpt lat="48.770959" lon="13.858184">
				<ele>1369.000000</ele>
			</trkpt>
			<trkpt lat="48.771007" lon="13.858058">
				<ele>1369.000000</ele>
			</trkpt>
			<trkpt lat="48.771025" lon="13.857978">
				<ele>1369.000000</ele>
			</trkpt>
			<trkpt lat="48.771048" lon="13.857878">
				<ele>1368.000000</ele>
			</trkpt>
			<trkpt lat="48.771101" lon="13.857754">
				<ele>1368.000000</ele>
			</trkpt>
			<trkpt lat="48.771172" lon="13.857618">
				<ele>1367.000000</ele>
			</trkpt>
			<trkpt lat="48.771191" lon="13.857591">
				<ele>1367.000000</ele>
			</trkpt>
			<trkpt lat="48.771197" lon="13.857564">
				<ele>1367.000000</ele>
			</trkpt>
			<trkpt lat="48.771226" lon="13.857546">
				<ele>1367.000000</ele>
			</trkpt>
			<trkpt lat="48.771273" lon="13.857538">
				<ele>1366.000000</ele>
			</trkpt>
			<trkpt lat="48.771297" lon="13.857519">
				<ele>1366.000000</ele>
			</trkpt>
			<trkpt lat="48.771327" lon="13.857519">
				<ele>1366.000000</ele>
			</trkpt>
			<trkpt lat="48.771344" lon="13.857511">
				<ele>1366.000000</ele>
			</trkpt>
			<trkpt lat="48.771398" lon="13.857438">
				<ele>1366.000000</ele>
			</trkpt>
			<trkpt lat="48.771404" lon="13.857412">
				<ele>1366.000000</ele>
			</trkpt>
			<trkpt lat="48.771404" lon="13.857366">
				<ele>1365.000000</ele>
			</trkpt>
			<trkpt lat="48.771398" lon="13.857339">
				<ele>1365.000000</ele>
			</trkpt>
			<trkpt lat="48.771404" lon="13.857312">
				<ele>1365.000000</ele>
			</trkpt>
			<trkpt lat="48.771439" lon="13.857331">
				<ele>1366.000000</ele>
			</trkpt>
			<trkpt lat="48.771469" lon="13.857331">
				<ele>1366.000000</ele>
			</trkpt>
			<trkpt lat="48.771504" lon="13.857286">
				<ele>1367.000000</ele>
			</trkpt>
			<trkpt lat="48.771528" lon="13.857232">
				<ele>1367.000000</ele>
			</trkpt>
			<trkpt lat="48.771557" lon="13.857205">
				<ele>1368.000000</ele>
			</trkpt>
			<trkpt lat="48.771582" lon="13.857188">
				<ele>1368.000000</ele>
			</trkpt>
			<trkpt lat="48.771682" lon="13.857133">
				<ele>1370.000000</ele>
			</trkpt>
			<trkpt lat="48.771759" lon="13.857106">
				<ele>1369.000000</ele>
			</trkpt>
			<trkpt lat="48.771848" lon="13.857016">
				<ele>1367.000000</ele>
			</trkpt>
			<trkpt lat="48.771978" lon="13.856936">
				<ele>1365.000000</ele>
			</trkpt>
			<trkpt lat="48.772031" lon="13.856909">
				<ele>1365.000000</ele>
			</trkpt>
			<trkpt lat="48.772108" lon="13.856872">
				<ele>1364.000000</ele>
			</trkpt>
			<trkpt lat="48.772244" lon="13.856819">
				<ele>1364.000000</ele>
			</trkpt>
			<trkpt lat="48.772310" lon="13.856800">
				<ele>1363.000000</ele>
			</trkpt>
			<trkpt lat="48.772363" lon="13.856765">
				<ele>1363.000000</ele>
			</trkpt>
			<trkpt lat="48.772505" lon="13.856702">
				<ele>1362.000000</ele>
			</trkpt>
			<trkpt lat="48.772599" lon="13.856649">
				<ele>1362.000000</ele>
			</trkpt>
			<trkpt lat="48.772836" lon="13.856496">
				<ele>1361.000000</ele>
			</trkpt>
			<trkpt lat="48.772890" lon="13.856423">
				<ele>1360.000000</ele>
			</trkpt>
			<trkpt lat="48.772967" lon="13.856379">
				<ele>1360.000000</ele>
			</trkpt>
			<trkpt lat="48.772996" lon="13.856396">
				<ele>1360.000000</ele>
			</trkpt>
			<trkpt lat="48.773097" lon="13.856387">
				<ele>1359.000000</ele>
			</trkpt>
			<trkpt lat="48.773239" lon="13.856352">
				<ele>1358.000000</ele>
			</trkpt>
			<trkpt lat="48.773357" lon="13.856316">
				<ele>1356.000000</ele>
			</trkpt>
			<trkpt lat="48.773470" lon="13.856235">
				<ele>1355.000000</ele>
			</trkpt>
			<trkpt lat="48.773594" lon="13.856172">
				<ele>1354.000000</ele>
			</trkpt>
			<trkpt lat="48.773660" lon="13.856136">
				<ele>1354.000000</ele>
			</trkpt>
			<trkpt lat="48.773730" lon="13.856046">
				<ele>1353.000000</ele>
			</trkpt>
			<trkpt lat="48.773772" lon="13.855911">
				<ele>1352.000000</ele>
			</trkpt>
			<trkpt lat="48.773784" lon="13.855848">
				<ele>1352.000000</ele>
			</trkpt>
			<trkpt lat="48.773790" lon="13.855678">
				<ele>1351.000000</ele>
			</trkpt>
			<trkpt lat="48.773813" lon="13.855597">
				<ele>1351.000000</ele>
			</trkpt>
			<trkpt lat="48.773849" lon="13.855543">
				<ele>1350.000000</ele>
			</trkpt>
			<trkpt lat="48.773937" lon="13.855490">
				<ele>1349.000000</ele>
			</trkpt>
			<trkpt lat="48.773955" lon="13.855435">
				<ele>1349.000000</ele>
			</trkpt>
			<trkpt lat="48.774008" lon="13.855391">
				<ele>1348.000000</ele>
			</trkpt>
			<trkpt lat="48.774044" lon="13.855364">
				<ele>1347.000000</ele>
			</trkpt>
			<trkpt lat="48.774091" lon="13.855345">
				<ele>1347.000000</ele>
			</trkpt>
			<trkpt lat="48.774127" lon="13.855337">
				<ele>1346.000000</ele>
			</trkpt>
			<trkpt lat="48.774251" lon="13.855372">
				<ele>1344.000000</ele>
			</trkpt>
			<trkpt lat="48.774311" lon="13.855372">
				<ele>1344.000000</ele>
			</trkpt>
			<trkpt lat="48.774506" lon="13.855328">
				<ele>1341.000000</ele>
			</trkpt>
			<trkpt lat="48.774594" lon="13.855318">
				<ele>1339.000000</ele>
			</trkpt>
			<trkpt lat="48.774642" lon="13.855345">
				<ele>1338.000000</ele>
			</trkpt>
			<trkpt lat="48.774660" lon="13.855337">
				<ele>1338.000000</ele>
			</trkpt>
			<trkpt lat="48.774696" lon="13.855282">
				<ele>1337.000000</ele>
			</trkpt>
			<trkpt lat="48.774719" lon="13.855255">
				<ele>1336.000000</ele>
			</trkpt>
			<trkpt lat="48.774755" lon="13.855238">
				<ele>1335.000000</ele>
			</trkpt>
			<trkpt lat="48.774801" lon="13.855220">
				<ele>1334.000000</ele>
			</trkpt>
			<trkpt lat="48.774920" lon="13.855220">
				<ele>1332.000000</ele>
			</trkpt>
			<trkpt lat="48.775009" lon="13.855247">
				<ele>1330.000000</ele>
			</trkpt>
			<trkpt lat="48.775074" lon="13.855310">
				<ele>1329.000000</ele>
			</trkpt>
			<trkpt lat="48.775175" lon="13.855462">
				<ele>1328.000000</ele>
			</trkpt>
			<trkpt lat="48.775216" lon="13.855498">
				<ele>1327.000000</ele>
			</trkpt>
			<trkpt lat="48.775311" lon="13.855534">
				<ele>1326.000000</ele>
			</trkpt>
			<trkpt lat="48.775353" lon="13.855580">
				<ele>1326.000000</ele>
			</trkpt>
			<trkpt lat="48.775418" lon="13.855641">
				<ele>1325.000000</ele>
			</trkpt>
			<trkpt lat="48.775536" lon="13.855804">
				<ele>1325.000000</ele>
			</trkpt>
			<trkpt lat="48.775601" lon="13.855857">
				<ele>1325.000000</ele>
			</trkpt>
			<trkpt lat="48.775672" lon="13.855911">
				<ele>1325.000000</ele>
			</trkpt>
			<trkpt lat="48.775826" lon="13.855993">
				<ele>1324.000000</ele>
			</trkpt>
			<trkpt lat="48.775897" lon="13.856028">
				<ele>1323.000000</ele>
			</trkpt>
			<trkpt lat="48.776086" lon="13.856172">
				<ele>1322.000000</ele>
			</trkpt>
			<trkpt lat="48.776216" lon="13.856280">
				<ele>1321.000000</ele>
			</trkpt>
			<trkpt lat="48.776353" lon="13.856387">
				<ele>1320.000000</ele>
			</trkpt>
			<trkpt lat="48.776412" lon="13.856442">
				<ele>1320.000000</ele>
			</trkpt>
			<trkpt lat="48.776459" lon="13.856504">
				<ele>1319.000000</ele>
			</trkpt>
			<trkpt lat="48.776513" lon="13.856603">
				<ele>1318.000000</ele>
			</trkpt>
			<trkpt lat="48.776542" lon="13.856738">
				<ele>1317.000000</ele>
			</trkpt>
			<trkpt lat="48.776554" lon="13.856792">
				<ele>1316.000000</ele>
			</trkpt>
			<trkpt lat="48.776572" lon="13.856882">
				<ele>1315.000000</ele>
			</trkpt>
			<trkpt lat="48.776584" lon="13.856962">
				<ele>1314.000000</ele>
			</trkpt>
			<trkpt lat="48.776572" lon="13.857043">
				<ele>1313.000000</ele>
			</trkpt>
			<trkpt lat="48.776560" lon="13.857222">
				<ele>1310.000000</ele>
			</trkpt>
			<trkpt lat="48.776542" lon="13.857375">
				<ele>1309.000000</ele>
			</trkpt>
			<trkpt lat="48.776678" lon="13.857511">
				<ele>1308.000000</ele>
			</trkpt>
			<trkpt lat="48.776696" lon="13.857511">
				<ele>1308.000000</ele>
			</trkpt>
			<trkpt lat="48.776696" lon="13.857511">
				<ele>1308.000000</ele>
			</trkpt>
			<trkpt lat="48.776678" lon="13.857511">
				<ele>1308.000000</ele>
			</trkpt>
			<trkpt lat="48.776542" lon="13.857375">
				<ele>1309.000000</ele>
			</trkpt>
			<trkpt lat="48.776560" lon="13.857222">
				<ele>1310.000000</ele>
			</trkpt>
			<trkpt lat="48.776572" lon="13.857043">
				<ele>1313.000000</ele>
			</trkpt>
			<trkpt lat="48.776584" lon="13.856962">
				<ele>1314.000000</ele>
			</trkpt>
			<trkpt lat="48.776572" lon="13.856882">
				<ele>1315.000000</ele>
			</trkpt>
			<trkpt lat="48.776554" lon="13.856792">
				<ele>1316.000000</ele>
			</trkpt>
			<trkpt lat="48.776542" lon="13.856738">
				<ele>1317.000000</ele>
			</trkpt>
			<trkpt lat="48.776513" lon="13.856603">
				<ele>1318.000000</ele>
			</trkpt>
			<trkpt lat="48.776459" lon="13.856504">
				<ele>1319.000000</ele>
			</trkpt>
			<trkpt lat="48.776412" lon="13.856442">
				<ele>1320.000000</ele>
			</trkpt>
			<trkpt lat="48.776353" lon="13.856387">
				<ele>1320.000000</ele>
			</trkpt>
			<trkpt lat="48.776216" lon="13.856280">
				<ele>1321.000000</ele>
			</trkpt>
			<trkpt lat="48.776086" lon="13.856172">
				<ele>1322.000000</ele>
			</trkpt>
			<trkpt lat="48.775897" lon="13.856028">
				<ele>1323.000000</ele>
			</trkpt>
			<trkpt lat="48.775826" lon="13.855993">
				<ele>1324.000000</ele>
			</trkpt>
			<trkpt lat="48.775672" lon="13.855911">
				<ele>1325.000000</ele>
			</trkpt>
			<trkpt lat="48.775601" lon="13.855857">
				<ele>1325.000000</ele>
			</trkpt>
			<trkpt lat="48.775536" lon="13.855804">
				<ele>1325.000000</ele>
			</trkpt>
			<trkpt lat="48.775418" lon="13.855641">
				<ele>1325.000000</ele>
			</trkpt>
			<trkpt lat="48.775353" lon="13.855580">
				<ele>1326.000000</ele>
			</trkpt>
			<trkpt lat="48.775311" lon="13.855534">
				<ele>1326.000000</ele>
			</trkpt>
			<trkpt lat="48.775216" lon="13.855498">
				<ele>1327.000000</ele>
			</trkpt>
			<trkpt lat="48.775175" lon="13.855462">
				<ele>1328.000000</ele>
			</trkpt>
			<trkpt lat="48.775074" lon="13.855310">
				<ele>1329.000000</ele>
			</trkpt>
			<trkpt lat="48.775009" lon="13.855247">
				<ele>1330.000000</ele>
			</trkpt>
			<trkpt lat="48.774920" lon="13.855220">
				<ele>1332.000000</ele>
			</trkpt>
			<trkpt lat="48.774801" lon="13.855220">
				<ele>1334.000000</ele>
			</trkpt>
			<trkpt lat="48.774755" lon="13.855238">
				<ele>1335.000000</ele>
			</trkpt>
			<trkpt lat="48.774719" lon="13.855255">
				<ele>1336.000000</ele>
			</trkpt>
			<trkpt lat="48.774696" lon="13.855282">
				<ele>1337.000000</ele>
			</trkpt>
			<trkpt lat="48.774660" lon="13.855337">
				<ele>1338.000000</ele>
			</trkpt>
			<trkpt lat="48.774642" lon="13.855345">
				<ele>1338.000000</ele>
			</trkpt>
			<trkpt lat="48.774594" lon="13.855318">
				<ele>1339.000000</ele>
			</trkpt>
			<trkpt lat="48.774506" lon="13.855328">
				<ele>1341.000000</ele>
			</trkpt>
			<trkpt lat="48.774311" lon="13.855372">
				<ele>1344.000000</ele>
			</trkpt>
			<trkpt lat="48.774251" lon="13.855372">
				<ele>1344.000000</ele>
			</trkpt>
			<trkpt lat="48.774127" lon="13.855337">
				<ele>1346.000000</ele>
			</trkpt>
			<trkpt lat="48.774091" lon="13.855345">
				<ele>1347.000000</ele>
			</trkpt>
			<trkpt lat="48.774044" lon="13.855364">
				<ele>1347.000000</ele>
			</trkpt>
			<trkpt lat="48.774008" lon="13.855391">
				<ele>1348.000000</ele>
			</trkpt>
			<trkpt lat="48.773955" lon="13.855435">
				<ele>1349.000000</ele>
			</trkpt>
			<trkpt lat="48.773937" lon="13.855490">
				<ele>1349.000000</ele>
			</trkpt>
			<trkpt lat="48.773849" lon="13.855543">
				<ele>1350.000000</ele>
			</trkpt>
			<trkpt lat="48.773813" lon="13.855597">
				<ele>1351.000000</ele>
			</trkpt>
			<trkpt lat="48.773790" lon="13.855678">
				<ele>1351.000000</ele>
			</trkpt>
			<trkpt lat="48.773784" lon="13.855848">
				<ele>1352.000000</ele>
			</trkpt>
			<trkpt lat="48.773772" lon="13.855911">
				<ele>1352.000000</ele>
			</trkpt>
			<trkpt lat="48.773730" lon="13.856046">
				<ele>1353.000000</ele>
			</trkpt>
			<trkpt lat="48.773660" lon="13.856136">
				<ele>1354.000000</ele>
			</trkpt>
			<trkpt lat="48.773594" lon="13.856172">
				<ele>1354.000000</ele>
			</trkpt>
			<trkpt lat="48.773470" lon="13.856235">
				<ele>1355.000000</ele>
			</trkpt>
			<trkpt lat="48.773357" lon="13.856316">
				<ele>1356.000000</ele>
			</trkpt>
			<trkpt lat="48.773239" lon="13.856352">
				<ele>1358.000000</ele>
			</trkpt>
			<trkpt lat="48.773097" lon="13.856387">
				<ele>1359.000000</ele>
			</trkpt>
			<trkpt lat="48.772996" lon="13.856396">
				<ele>1360.000000</ele>
			</trkpt>
			<trkpt lat="48.772967" lon="13.856379">
				<ele>1360.000000</ele>
			</trkpt>
			<trkpt lat="48.772890" lon="13.856423">
				<ele>1360.000000</ele>
			</trkpt>
			<trkpt lat="48.772836" lon="13.856496">
				<ele>1361.000000</ele>
			</trkpt>
			<trkpt lat="48.772599" lon="13.856649">
				<ele>1362.000000</ele>
			</trkpt>
			<trkpt lat="48.772505" lon="13.856702">
				<ele>1362.000000</ele>
			</trkpt>
			<trkpt lat="48.772363" lon="13.856765">
				<ele>1363.000000</ele>
			</trkpt>
			<trkpt lat="48.772310" lon="13.856800">
				<ele>1363.000000</ele>
			</trkpt>
			<trkpt lat="48.772244" lon="13.856819">
				<ele>1364.000000</ele>
			</trkpt>
			<trkpt lat="48.772108" lon="13.856872">
				<ele>1364.000000</ele>
			</trkpt>
			<trkpt lat="48.772031" lon="13.856909">
				<ele>1365.000000</ele>
			</trkpt>
			<trkpt lat="48.771978" lon="13.856936">
				<ele>1365.000000</ele>
			</trkpt>
			<trkpt lat="48.771848" lon="13.857016">
				<ele>1367.000000</ele>
			</trkpt>
			<trkpt lat="48.771759" lon="13.857106">
				<ele>1369.000000</ele>
			</trkpt>
			<trkpt lat="48.771682" lon="13.857133">
				<ele>1370.000000</ele>
			</trkpt>
			<trkpt lat="48.771582" lon="13.857188">
				<ele>1368.000000</ele>
			</trkpt>
			<trkpt lat="48.771557" lon="13.857205">
				<ele>1368.000000</ele>
			</trkpt>
			<trkpt lat="48.771528" lon="13.857232">
				<ele>1367.000000</ele>
			</trkpt>
			<trkpt lat="48.771504" lon="13.857286">
				<ele>1367.000000</ele>
			</trkpt>
			<trkpt lat="48.771469" lon="13.857331">
				<ele>1366.000000</ele>
			</trkpt>
			<trkpt lat="48.771439" lon="13.857331">
				<ele>1366.000000</ele>
			</trkpt>
			<trkpt lat="48.771404" lon="13.857312">
				<ele>1365.000000</ele>
			</trkpt>
			<trkpt lat="48.771409" lon="13.857249">
				<ele>1365.000000</ele>
			</trkpt>
			<trkpt lat="48.771421" lon="13.857205">
				<ele>1365.000000</ele>
			</trkpt>
			<trkpt lat="48.771409" lon="13.857178">
				<ele>1365.000000</ele>
			</trkpt>
			<trkpt lat="48.771344" lon="13.857043">
				<ele>1364.000000</ele>
			</trkpt>
			<trkpt lat="48.771339" lon="13.857016">
				<ele>1364.000000</ele>
			</trkpt>
			<trkpt lat="48.771339" lon="13.856989">
				<ele>1364.000000</ele>
			</trkpt>
			<trkpt lat="48.771356" lon="13.856918">
				<ele>1364.000000</ele>
			</trkpt>
			<trkpt lat="48.771344" lon="13.856836">
				<ele>1363.000000</ele>
			</trkpt>
			<trkpt lat="48.771315" lon="13.856720">
				<ele>1363.000000</ele>
			</trkpt>
			<trkpt lat="48.771297" lon="13.856639">
				<ele>1363.000000</ele>
			</trkpt>
			<trkpt lat="48.771309" lon="13.856567">
				<ele>1362.000000</ele>
			</trkpt>
			<trkpt lat="48.771321" lon="13.856496">
				<ele>1362.000000</ele>
			</trkpt>
			<trkpt lat="48.771321" lon="13.856433">
				<ele>1362.000000</ele>
			</trkpt>
			<trkpt lat="48.771344" lon="13.856064">
				<ele>1361.000000</ele>
			</trkpt>
			<trkpt lat="48.771368" lon="13.855543">
				<ele>1357.000000</ele>
			</trkpt>
			<trkpt lat="48.771380" lon="13.855220">
				<ele>1355.000000</ele>
			</trkpt>
			<trkpt lat="48.771380" lon="13.855121">
				<ele>1354.000000</ele>
			</trkpt>
			<trkpt lat="48.771362" lon="13.855058">
				<ele>1354.000000</ele>
			</trkpt>
			<trkpt lat="48.771262" lon="13.854762">
				<ele>1352.000000</ele>
			</trkpt>
			<trkpt lat="48.771208" lon="13.854582">
				<ele>1350.000000</ele>
			</trkpt>
			<trkpt lat="48.771119" lon="13.854330">
				<ele>1349.000000</ele>
			</trkpt>
			<trkpt lat="48.771013" lon="13.854033">
				<ele>1347.000000</ele>
			</trkpt>
			<trkpt lat="48.770948" lon="13.853783">
				<ele>1346.000000</ele>
			</trkpt>
			<trkpt lat="48.770853" lon="13.853557">
				<ele>1345.000000</ele>
			</trkpt>
			<trkpt lat="48.770758" lon="13.853270">
				<ele>1346.000000</ele>
			</trkpt>
			<trkpt lat="48.770670" lon="13.852974">
				<ele>1346.000000</ele>
			</trkpt>
			<trkpt lat="48.770628" lon="13.852867">
				<ele>1346.000000</ele>
			</trkpt>
			<trkpt lat="48.770592" lon="13.852830">
				<ele>1347.000000</ele>
			</trkpt>
			<trkpt lat="48.770569" lon="13.852785">
				<ele>1347.000000</ele>
			</trkpt>
			<trkpt lat="48.770551" lon="13.852731">
				<ele>1347.000000</ele>
			</trkpt>
			<trkpt lat="48.770486" lon="13.852507">
				<ele>1347.000000</ele>
			</trkpt>
			<trkpt lat="48.770444" lon="13.852381">
				<ele>1348.000000</ele>
			</trkpt>
			<trkpt lat="48.770356" lon="13.852165">
				<ele>1348.000000</ele>
			</trkpt>
			<trkpt lat="48.770308" lon="13.852049">
				<ele>1348.000000</ele>
			</trkpt>
			<trkpt lat="48.770243" lon="13.851762">
				<ele>1349.000000</ele>
			</trkpt>
			<trkpt lat="48.770202" lon="13.851609">
				<ele>1349.000000</ele>
			</trkpt>
			<trkpt lat="48.770184" lon="13.851528">
				<ele>1349.000000</ele>
			</trkpt>
			<trkpt lat="48.770101" lon="13.851383">
				<ele>1350.000000</ele>
			</trkpt>
			<trkpt lat="48.770059" lon="13.851249">
				<ele>1350.000000</ele>
			</trkpt>
			<trkpt lat="48.770036" lon="13.851123">
				<ele>1351.000000</ele>
			</trkpt>
			<trkpt lat="48.770036" lon="13.851060">
				<ele>1351.000000</ele>
			</trkpt>
			<trkpt lat="48.770006" lon="13.850980">
				<ele>1352.000000</ele>
			</trkpt>
			<trkpt lat="48.769953" lon="13.850719">
				<ele>1354.000000</ele>
			</trkpt>
			<trkpt lat="48.769935" lon="13.850593">
				<ele>1355.000000</ele>
			</trkpt>
			<trkpt lat="48.769912" lon="13.850404">
				<ele>1356.000000</ele>
			</trkpt>
			<trkpt lat="48.769864" lon="13.849955">
				<ele>1360.000000</ele>
			</trkpt>
			<trkpt lat="48.769835" lon="13.849659">
				<ele>1363.000000</ele>
			</trkpt>
			<trkpt lat="48.769793" lon="13.849012">
				<ele>1366.000000</ele>
			</trkpt>
			<trkpt lat="48.769781" lon="13.848815">
				<ele>1367.000000</ele>
			</trkpt>
			<trkpt lat="48.769781" lon="13.848698">
				<ele>1367.000000</ele>
			</trkpt>
			<trkpt lat="48.769787" lon="13.848572">
				<ele>1368.000000</ele>
			</trkpt>
			<trkpt lat="48.769805" lon="13.848446">
				<ele>1368.000000</ele>
			</trkpt>
			<trkpt lat="48.769829" lon="13.848356">
				<ele>1369.000000</ele>
			</trkpt>
			<trkpt lat="48.769858" lon="13.848284">
				<ele>1369.000000</ele>
			</trkpt>
			<trkpt lat="48.769935" lon="13.848123">
				<ele>1370.000000</ele>
			</trkpt>
			<trkpt lat="48.769971" lon="13.848051">
				<ele>1370.000000</ele>
			</trkpt>
			<trkpt lat="48.770024" lon="13.847871">
				<ele>1370.000000</ele>
			</trkpt>
			<trkpt lat="48.770059" lon="13.847791">
				<ele>1370.000000</ele>
			</trkpt>
			<trkpt lat="48.770130" lon="13.847638">
				<ele>1369.000000</ele>
			</trkpt>
			<trkpt lat="48.770226" lon="13.847395">
				<ele>1369.000000</ele>
			</trkpt>
			<trkpt lat="48.770267" lon="13.847297">
				<ele>1369.000000</ele>
			</trkpt>
			<trkpt lat="48.770368" lon="13.847090">
				<ele>1368.000000</ele>
			</trkpt>
			<trkpt lat="48.770421" lon="13.846991">
				<ele>1368.000000</ele>
			</trkpt>
			<trkpt lat="48.770456" lon="13.846938">
				<ele>1368.000000</ele>
			</trkpt>
			<trkpt lat="48.770492" lon="13.846829">
				<ele>1368.000000</ele>
			</trkpt>
			<trkpt lat="48.770533" lon="13.846695">
				<ele>1368.000000</ele>
			</trkpt>
			<trkpt lat="48.770557" lon="13.846668">
				<ele>1368.000000</ele>
			</trkpt>
			<trkpt lat="48.770586" lon="13.846632">
				<ele>1368.000000</ele>
			</trkpt>
			<trkpt lat="48.770676" lon="13.846569">
				<ele>1367.000000</ele>
			</trkpt>
			<trkpt lat="48.770747" lon="13.846470">
				<ele>1367.000000</ele>
			</trkpt>
			<trkpt lat="48.770942" lon="13.846138">
				<ele>1367.000000</ele>
			</trkpt>
			<trkpt lat="48.771030" lon="13.846003">
				<ele>1366.000000</ele>
			</trkpt>
			<trkpt lat="48.771161" lon="13.845850">
				<ele>1366.000000</ele>
			</trkpt>
			<trkpt lat="48.771374" lon="13.845599">
				<ele>1366.000000</ele>
			</trkpt>
			<trkpt lat="48.771877" lon="13.845041">
				<ele>1362.000000</ele>
			</trkpt>
			<trkpt lat="48.771948" lon="13.844961">
				<ele>1361.000000</ele>
			</trkpt>
			<trkpt lat="48.772061" lon="13.844764">
				<ele>1359.000000</ele>
			</trkpt>
			<trkpt lat="48.772215" lon="13.844584">
				<ele>1357.000000</ele>
			</trkpt>
			<trkpt lat="48.772321" lon="13.844458">
				<ele>1356.000000</ele>
			</trkpt>
			<trkpt lat="48.772434" lon="13.844278">
				<ele>1354.000000</ele>
			</trkpt>
			<trkpt lat="48.772540" lon="13.844116">
				<ele>1352.000000</ele>
			</trkpt>
			<trkpt lat="48.772564" lon="13.844072">
				<ele>1352.000000</ele>
			</trkpt>
			<trkpt lat="48.772576" lon="13.844018">
				<ele>1351.000000</ele>
			</trkpt>
			<trkpt lat="48.772593" lon="13.843758">
				<ele>1349.000000</ele>
			</trkpt>
			<trkpt lat="48.772599" lon="13.843605">
				<ele>1348.000000</ele>
			</trkpt>
			<trkpt lat="48.772593" lon="13.843353">
				<ele>1345.000000</ele>
			</trkpt>
			<trkpt lat="48.772587" lon="13.843254">
				<ele>1344.000000</ele>
			</trkpt>
			<trkpt lat="48.772546" lon="13.843137">
				<ele>1343.000000</ele>
			</trkpt>
			<trkpt lat="48.772457" lon="13.842796">
				<ele>1340.000000</ele>
			</trkpt>
			<trkpt lat="48.772428" lon="13.842724">
				<ele>1340.000000</ele>
			</trkpt>
			<trkpt lat="48.772363" lon="13.842590">
				<ele>1339.000000</ele>
			</trkpt>
			<trkpt lat="48.772244" lon="13.842257">
				<ele>1336.000000</ele>
			</trkpt>
			<trkpt lat="48.772162" lon="13.841942">
				<ele>1334.000000</ele>
			</trkpt>
			<trkpt lat="48.772049" lon="13.841485">
				<ele>1331.000000</ele>
			</trkpt>
			<trkpt lat="48.771972" lon="13.841116">
				<ele>1328.000000</ele>
			</trkpt>
			<trkpt lat="48.771907" lon="13.840783">
				<ele>1326.000000</ele>
			</trkpt>
			<trkpt lat="48.771865" lon="13.840604">
				<ele>1325.000000</ele>
			</trkpt>
			<trkpt lat="48.771812" lon="13.840370">
				<ele>1326.000000</ele>
			</trkpt>
			<trkpt lat="48.771735" lon="13.840020">
				<ele>1327.000000</ele>
			</trkpt>
			<trkpt lat="48.771676" lon="13.839804">
				<ele>1328.000000</ele>
			</trkpt>
			<trkpt lat="48.771634" lon="13.839643">
				<ele>1328.000000</ele>
			</trkpt>
			<trkpt lat="48.771611" lon="13.839544">
				<ele>1328.000000</ele>
			</trkpt>
			<trkpt lat="48.771593" lon="13.839517">
				<ele>1322.000000</ele>
			</trkpt>
			<trkpt lat="48.771409" lon="13.838879">
				<ele>1326.000000</ele>
			</trkpt>
			<trkpt lat="48.771268" lon="13.838376">
				<ele>1328.000000</ele>
			</trkpt>
			<trkpt lat="48.770812" lon="13.836867">
				<ele>1338.000000</ele>
			</trkpt>
			<trkpt lat="48.770711" lon="13.835097">
				<ele>1343.000000</ele>
			</trkpt>
			<trkpt lat="48.770676" lon="13.834307">
				<ele>1345.000000</ele>
			</trkpt>
			<trkpt lat="48.770699" lon="13.833669">
				<ele>1346.000000</ele>
			</trkpt>
			<trkpt lat="48.770729" lon="13.832888">
				<ele>1348.000000</ele>
			</trkpt>
			<trkpt lat="48.770758" lon="13.832294">
				<ele>1349.000000</ele>
			</trkpt>
			<trkpt lat="48.770782" lon="13.831611">
				<ele>1352.000000</ele>
			</trkpt>
			<trkpt lat="48.770794" lon="13.831387">
				<ele>1354.000000</ele>
			</trkpt>
			<trkpt lat="48.770859" lon="13.831064">
				<ele>1356.000000</ele>
			</trkpt>
			<trkpt lat="48.770965" lon="13.830569">
				<ele>1359.000000</ele>
			</trkpt>
			<trkpt lat="48.771297" lon="13.829051">
				<ele>1355.000000</ele>
			</trkpt>
			<trkpt lat="48.771368" lon="13.828818">
				<ele>1356.000000</ele>
			</trkpt>
			<trkpt lat="48.771658" lon="13.828045">
				<ele>1358.000000</ele>
			</trkpt>
			<trkpt lat="48.771806" lon="13.827632">
				<ele>1359.000000</ele>
			</trkpt>
			<trkpt lat="48.771913" lon="13.827390">
				<ele>1360.000000</ele>
			</trkpt>
			<trkpt lat="48.772001" lon="13.827210">
				<ele>1360.000000</ele>
			</trkpt>
			<trkpt lat="48.772019" lon="13.827166">
				<ele>1360.000000</ele>
			</trkpt>
			<trkpt lat="48.772025" lon="13.827112">
				<ele>1360.000000</ele>
			</trkpt>
			<trkpt lat="48.772043" lon="13.827013">
				<ele>1360.000000</ele>
			</trkpt>
			<trkpt lat="48.772090" lon="13.826923">
				<ele>1359.000000</ele>
			</trkpt>
			<trkpt lat="48.772120" lon="13.826824">
				<ele>1359.000000</ele>
			</trkpt>
			<trkpt lat="48.772137" lon="13.826698">
				<ele>1358.000000</ele>
			</trkpt>
			<trkpt lat="48.772137" lon="13.826636">
				<ele>1358.000000</ele>
			</trkpt>
			<trkpt lat="48.772132" lon="13.826590">
				<ele>1358.000000</ele>
			</trkpt>
			<trkpt lat="48.772108" lon="13.826554">
				<ele>1357.000000</ele>
			</trkpt>
			<trkpt lat="48.772084" lon="13.826510">
				<ele>1357.000000</ele>
			</trkpt>
			<trkpt lat="48.772067" lon="13.826500">
				<ele>1357.000000</ele>
			</trkpt>
			<trkpt lat="48.772055" lon="13.826474">
				<ele>1357.000000</ele>
			</trkpt>
			<trkpt lat="48.772055" lon="13.826374">
				<ele>1356.000000</ele>
			</trkpt>
			<trkpt lat="48.772078" lon="13.826168">
				<ele>1355.000000</ele>
			</trkpt>
			<trkpt lat="48.772096" lon="13.825944">
				<ele>1354.000000</ele>
			</trkpt>
			<trkpt lat="48.772120" lon="13.825791">
				<ele>1354.000000</ele>
			</trkpt>
			<trkpt lat="48.772155" lon="13.825585">
				<ele>1353.000000</ele>
			</trkpt>
			<trkpt lat="48.772179" lon="13.825395">
				<ele>1352.000000</ele>
			</trkpt>
			<trkpt lat="48.772185" lon="13.825288">
				<ele>1351.000000</ele>
			</trkpt>
			<trkpt lat="48.772215" lon="13.825189">
				<ele>1351.000000</ele>
			</trkpt>
			<trkpt lat="48.772233" lon="13.825090">
				<ele>1350.000000</ele>
			</trkpt>
			<trkpt lat="48.772221" lon="13.824956">
				<ele>1350.000000</ele>
			</trkpt>
			<trkpt lat="48.772221" lon="13.824848">
				<ele>1349.000000</ele>
			</trkpt>
			<trkpt lat="48.772221" lon="13.824730">
				<ele>1349.000000</ele>
			</trkpt>
			<trkpt lat="48.772250" lon="13.824524">
				<ele>1348.000000</ele>
			</trkpt>
			<trkpt lat="48.772286" lon="13.824273">
				<ele>1347.000000</ele>
			</trkpt>
			<trkpt lat="48.772310" lon="13.824164">
				<ele>1346.000000</ele>
			</trkpt>
			<trkpt lat="48.772321" lon="13.824084">
				<ele>1346.000000</ele>
			</trkpt>
			<trkpt lat="48.772327" lon="13.823850">
				<ele>1344.000000</ele>
			</trkpt>
			<trkpt lat="48.772345" lon="13.823680">
				<ele>1342.000000</ele>
			</trkpt>
			<trkpt lat="48.772357" lon="13.823537">
				<ele>1340.000000</ele>
			</trkpt>
			<trkpt lat="48.772357" lon="13.823420">
				<ele>1340.000000</ele>
			</trkpt>
			<trkpt lat="48.772345" lon="13.823212">
				<ele>1339.000000</ele>
			</trkpt>
			<trkpt lat="48.772351" lon="13.822952">
				<ele>1338.000000</ele>
			</trkpt>
			<trkpt lat="48.772369" lon="13.822503">
				<ele>1337.000000</ele>
			</trkpt>
			<trkpt lat="48.772375" lon="13.821550">
				<ele>1333.000000</ele>
			</trkpt>
			<trkpt lat="48.772375" lon="13.821336">
				<ele>1333.000000</ele>
			</trkpt>
			<trkpt lat="48.772380" lon="13.821200">
				<ele>1332.000000</ele>
			</trkpt>
			<trkpt lat="48.772386" lon="13.820976">
				<ele>1331.000000</ele>
			</trkpt>
			<trkpt lat="48.772392" lon="13.820860">
				<ele>1331.000000</ele>
			</trkpt>
			<trkpt lat="48.772440" lon="13.820707">
				<ele>1330.000000</ele>
			</trkpt>
			<trkpt lat="48.772618" lon="13.819996">
				<ele>1328.000000</ele>
			</trkpt>
			<trkpt lat="48.772878" lon="13.818982">
				<ele>1324.000000</ele>
			</trkpt>
			<trkpt lat="48.773061" lon="13.818271">
				<ele>1322.000000</ele>
			</trkpt>
			<trkpt lat="48.773292" lon="13.817256">
				<ele>1318.000000</ele>
			</trkpt>
			<trkpt lat="48.773351" lon="13.816996">
				<ele>1317.000000</ele>
			</trkpt>
			<trkpt lat="48.773405" lon="13.816763">
				<ele>1316.000000</ele>
			</trkpt>
			<trkpt lat="48.773499" lon="13.816323">
				<ele>1315.000000</ele>
			</trkpt>
			<trkpt lat="48.773612" lon="13.815847">
				<ele>1313.000000</ele>
			</trkpt>
			<trkpt lat="48.773635" lon="13.815711">
				<ele>1313.000000</ele>
			</trkpt>
			<trkpt lat="48.773671" lon="13.815524">
				<ele>1312.000000</ele>
			</trkpt>
			<trkpt lat="48.773754" lon="13.814849">
				<ele>1310.000000</ele>
			</trkpt>
			<trkpt lat="48.773955" lon="13.813430">
				<ele>1305.000000</ele>
			</trkpt>
			<trkpt lat="48.773973" lon="13.813296">
				<ele>1304.000000</ele>
			</trkpt>
			<trkpt lat="48.774026" lon="13.813151">
				<ele>1304.000000</ele>
			</trkpt>
			<trkpt lat="48.774068" lon="13.813088">
				<ele>1304.000000</ele>
			</trkpt>
			<trkpt lat="48.774133" lon="13.813017">
				<ele>1303.000000</ele>
			</trkpt>
			<trkpt lat="48.774399" lon="13.812730">
				<ele>1301.000000</ele>
			</trkpt>
			<trkpt lat="48.774476" lon="13.812640">
				<ele>1301.000000</ele>
			</trkpt>
			<trkpt lat="48.774696" lon="13.812468">
				<ele>1300.000000</ele>
			</trkpt>
			<trkpt lat="48.775145" lon="13.812082">
				<ele>1297.000000</ele>
			</trkpt>
			<trkpt lat="48.775690" lon="13.811589">
				<ele>1294.000000</ele>
			</trkpt>
			<trkpt lat="48.775826" lon="13.811453">
				<ele>1293.000000</ele>
			</trkpt>
			<trkpt lat="48.775992" lon="13.811256">
				<ele>1292.000000</ele>
			</trkpt>
			<trkpt lat="48.776181" lon="13.811023">
				<ele>1291.000000</ele>
			</trkpt>
			<trkpt lat="48.776329" lon="13.810789">
				<ele>1290.000000</ele>
			</trkpt>
			<trkpt lat="48.776365" lon="13.810734">
				<ele>1289.000000</ele>
			</trkpt>
			<trkpt lat="48.776412" lon="13.810708">
				<ele>1289.000000</ele>
			</trkpt>
			<trkpt lat="48.776471" lon="13.810690">
				<ele>1289.000000</ele>
			</trkpt>
			<trkpt lat="48.776542" lon="13.810610">
				<ele>1288.000000</ele>
			</trkpt>
			<trkpt lat="48.777057" lon="13.810008">
				<ele>1285.000000</ele>
			</trkpt>
			<trkpt lat="48.777318" lon="13.809721">
				<ele>1283.000000</ele>
			</trkpt>
			<trkpt lat="48.777525" lon="13.809505">
				<ele>1282.000000</ele>
			</trkpt>
			<trkpt lat="48.777987" lon="13.809019">
				<ele>1279.000000</ele>
			</trkpt>
			<trkpt lat="48.778253" lon="13.808768">
				<ele>1278.000000</ele>
			</trkpt>
			<trkpt lat="48.778449" lon="13.808561">
				<ele>1276.000000</ele>
			</trkpt>
			<trkpt lat="48.778549" lon="13.808436">
				<ele>1276.000000</ele>
			</trkpt>
			<trkpt lat="48.778662" lon="13.808283">
				<ele>1275.000000</ele>
			</trkpt>
			<trkpt lat="48.778703" lon="13.808210">
				<ele>1275.000000</ele>
			</trkpt>
			<trkpt lat="48.778786" lon="13.808058">
				<ele>1274.000000</ele>
			</trkpt>
			<trkpt lat="48.779182" lon="13.807384">
				<ele>1271.000000</ele>
			</trkpt>
			<trkpt lat="48.779437" lon="13.806918">
				<ele>1274.000000</ele>
			</trkpt>
			<trkpt lat="48.779757" lon="13.806352">
				<ele>1278.000000</ele>
			</trkpt>
			<trkpt lat="48.779786" lon="13.806279">
				<ele>1279.000000</ele>
			</trkpt>
			<trkpt lat="48.779798" lon="13.806226">
				<ele>1279.000000</ele>
			</trkpt>
			<trkpt lat="48.779798" lon="13.806172">
				<ele>1279.000000</ele>
			</trkpt>
			<trkpt lat="48.779792" lon="13.806118">
				<ele>1280.000000</ele>
			</trkpt>
			<trkpt lat="48.779845" lon="13.806100">
				<ele>1271.000000</ele>
			</trkpt>
			<trkpt lat="48.779893" lon="13.806037">
				<ele>1272.000000</ele>
			</trkpt>
			<trkpt lat="48.779929" lon="13.805983">
				<ele>1273.000000</ele>
			</trkpt>
			<trkpt lat="48.779952" lon="13.805929">
				<ele>1273.000000</ele>
			</trkpt>
			<trkpt lat="48.779975" lon="13.805839">
				<ele>1274.000000</ele>
			</trkpt>
			<trkpt lat="48.779969" lon="13.805813">
				<ele>1282.000000</ele>
			</trkpt>
			<trkpt lat="48.780041" lon="13.805776">
				<ele>1283.000000</ele>
			</trkpt>
			<trkpt lat="48.780082" lon="13.805732">
				<ele>1283.000000</ele>
			</trkpt>
			<trkpt lat="48.780130" lon="13.805660">
				<ele>1284.000000</ele>
			</trkpt>
			<trkpt lat="48.780207" lon="13.805524">
				<ele>1285.000000</ele>
			</trkpt>
			<trkpt lat="48.780425" lon="13.805111">
				<ele>1287.000000</ele>
			</trkpt>
			<trkpt lat="48.780550" lon="13.804878">
				<ele>1289.000000</ele>
			</trkpt>
			<trkpt lat="48.780651" lon="13.804725">
				<ele>1290.000000</ele>
			</trkpt>
			<trkpt lat="48.780692" lon="13.804644">
				<ele>1291.000000</ele>
			</trkpt>
			<trkpt lat="48.780704" lon="13.804545">
				<ele>1291.000000</ele>
			</trkpt>
			<trkpt lat="48.780698" lon="13.804447">
				<ele>1292.000000</ele>
			</trkpt>
			<trkpt lat="48.780751" lon="13.804384">
				<ele>1293.000000</ele>
			</trkpt>
			<trkpt lat="48.780798" lon="13.804294">
				<ele>1293.000000</ele>
			</trkpt>
			<trkpt lat="48.780822" lon="13.804214">
				<ele>1294.000000</ele>
			</trkpt>
			<trkpt lat="48.780834" lon="13.804124">
				<ele>1294.000000</ele>
			</trkpt>
			<trkpt lat="48.780822" lon="13.803809">
				<ele>1296.000000</ele>
			</trkpt>
			<trkpt lat="48.780828" lon="13.803737">
				<ele>1297.000000</ele>
			</trkpt>
			<trkpt lat="48.780863" lon="13.803683">
				<ele>1297.000000</ele>
			</trkpt>
			<trkpt lat="48.781005" lon="13.803746">
				<ele>1298.000000</ele>
			</trkpt>
			<trkpt lat="48.781053" lon="13.803792">
				<ele>1299.000000</ele>
			</trkpt>
			<trkpt lat="48.781070" lon="13.803818">
				<ele>1299.000000</ele>
			</trkpt>
			<trkpt lat="48.781083" lon="13.803855">
				<ele>1299.000000</ele>
			</trkpt>
			<trkpt lat="48.781083" lon="13.803979">
				<ele>1300.000000</ele>
			</trkpt>
			<trkpt lat="48.781095" lon="13.804042">
				<ele>1299.000000</ele>
			</trkpt>
			<trkpt lat="48.781112" lon="13.804088">
				<ele>1299.000000</ele>
			</trkpt>
			<trkpt lat="48.781213" lon="13.804303">
				<ele>1297.000000</ele>
			</trkpt>
			<trkpt lat="48.781444" lon="13.804771">
				<ele>1291.000000</ele>
			</trkpt>
			<trkpt lat="48.781532" lon="13.804950">
				<ele>1289.000000</ele>
			</trkpt>
			<trkpt lat="48.781710" lon="13.805283">
				<ele>1282.000000</ele>
			</trkpt>
			<trkpt lat="48.781995" lon="13.805830">
				<ele>1271.000000</ele>
			</trkpt>
			<trkpt lat="48.782249" lon="13.806289">
				<ele>1261.000000</ele>
			</trkpt>
			<trkpt lat="48.782580" lon="13.806872">
				<ele>1249.000000</ele>
			</trkpt>
			<trkpt lat="48.782722" lon="13.807124">
				<ele>1244.000000</ele>
			</trkpt>
			<trkpt lat="48.782852" lon="13.807394">
				<ele>1240.000000</ele>
			</trkpt>
			<trkpt lat="48.782965" lon="13.807608">
				<ele>1237.000000</ele>
			</trkpt>
			<trkpt lat="48.783071" lon="13.807753">
				<ele>1234.000000</ele>
			</trkpt>
			<trkpt lat="48.783184" lon="13.807906">
				<ele>1232.000000</ele>
			</trkpt>
			<trkpt lat="48.783285" lon="13.808076">
				<ele>1230.000000</ele>
			</trkpt>
			<trkpt lat="48.783338" lon="13.808157">
				<ele>1229.000000</ele>
			</trkpt>
			<trkpt lat="48.783391" lon="13.808210">
				<ele>1228.000000</ele>
			</trkpt>
			<trkpt lat="48.783563" lon="13.808327">
				<ele>1225.000000</ele>
			</trkpt>
			<trkpt lat="48.783681" lon="13.808390">
				<ele>1224.000000</ele>
			</trkpt>
			<trkpt lat="48.783746" lon="13.808444">
				<ele>1223.000000</ele>
			</trkpt>
			<trkpt lat="48.783930" lon="13.808606">
				<ele>1220.000000</ele>
			</trkpt>
			<trkpt lat="48.784030" lon="13.808687">
				<ele>1218.000000</ele>
			</trkpt>
			<trkpt lat="48.784498" lon="13.809055">
				<ele>1208.000000</ele>
			</trkpt>
			<trkpt lat="48.784669" lon="13.809172">
				<ele>1204.000000</ele>
			</trkpt>
			<trkpt lat="48.784859" lon="13.809289">
				<ele>1200.000000</ele>
			</trkpt>
			<trkpt lat="48.785208" lon="13.809505">
				<ele>1190.000000</ele>
			</trkpt>
			<trkpt lat="48.785439" lon="13.809621">
				<ele>1185.000000</ele>
			</trkpt>
			<trkpt lat="48.785623" lon="13.809692">
				<ele>1181.000000</ele>
			</trkpt>
			<trkpt lat="48.785729" lon="13.809738">
				<ele>1179.000000</ele>
			</trkpt>
			<trkpt lat="48.785847" lon="13.809801">
				<ele>1177.000000</ele>
			</trkpt>
			<trkpt lat="48.785877" lon="13.809810">
				<ele>1177.000000</ele>
			</trkpt>
			<trkpt lat="48.785900" lon="13.809810">
				<ele>1176.000000</ele>
			</trkpt>
			<trkpt lat="48.785919" lon="13.809801">
				<ele>1176.000000</ele>
			</trkpt>
			<trkpt lat="48.785936" lon="13.809774">
				<ele>1176.000000</ele>
			</trkpt>
			<trkpt lat="48.785954" lon="13.809747">
				<ele>1175.000000</ele>
			</trkpt>
			<trkpt lat="48.785972" lon="13.809729">
				<ele>1175.000000</ele>
			</trkpt>
			<trkpt lat="48.786037" lon="13.809729">
				<ele>1173.000000</ele>
			</trkpt>
			<trkpt lat="48.786214" lon="13.809747">
				<ele>1169.000000</ele>
			</trkpt>
			<trkpt lat="48.786475" lon="13.809810">
				<ele>1163.000000</ele>
			</trkpt>
			<trkpt lat="48.786723" lon="13.809872">
				<ele>1159.000000</ele>
			</trkpt>
			<trkpt lat="48.786800" lon="13.809927">
				<ele>1157.000000</ele>
			</trkpt>
			<trkpt lat="48.786848" lon="13.809935">
				<ele>1156.000000</ele>
			</trkpt>
			<trkpt lat="48.786901" lon="13.809935">
				<ele>1154.000000</ele>
			</trkpt>
			<trkpt lat="48.786949" lon="13.809900">
				<ele>1153.000000</ele>
			</trkpt>
			<trkpt lat="48.786966" lon="13.809872">
				<ele>1152.000000</ele>
			</trkpt>
			<trkpt lat="48.787002" lon="13.809855">
				<ele>1152.000000</ele>
			</trkpt>
			<trkpt lat="48.787073" lon="13.809864">
				<ele>1150.000000</ele>
			</trkpt>
			<trkpt lat="48.787333" lon="13.809945">
				<ele>1144.000000</ele>
			</trkpt>
			<trkpt lat="48.787510" lon="13.809981">
				<ele>1140.000000</ele>
			</trkpt>
			<trkpt lat="48.787759" lon="13.809990">
				<ele>1135.000000</ele>
			</trkpt>
			<trkpt lat="48.787830" lon="13.809998">
				<ele>1133.000000</ele>
			</trkpt>
			<trkpt lat="48.787889" lon="13.810034">
				<ele>1131.000000</ele>
			</trkpt>
			<trkpt lat="48.787948" lon="13.810088">
				<ele>1129.000000</ele>
			</trkpt>
			<trkpt lat="48.788008" lon="13.810197">
				<ele>1127.000000</ele>
			</trkpt>
			<trkpt lat="48.788055" lon="13.810241">
				<ele>1125.000000</ele>
			</trkpt>
			<trkpt lat="48.788073" lon="13.810250">
				<ele>1125.000000</ele>
			</trkpt>
			<trkpt lat="48.788109" lon="13.810250">
				<ele>1124.000000</ele>
			</trkpt>
			<trkpt lat="48.788174" lon="13.810205">
				<ele>1123.000000</ele>
			</trkpt>
			<trkpt lat="48.788298" lon="13.810107">
				<ele>1121.000000</ele>
			</trkpt>
			<trkpt lat="48.788369" lon="13.810071">
				<ele>1119.000000</ele>
			</trkpt>
			<trkpt lat="48.788434" lon="13.810052">
				<ele>1117.000000</ele>
			</trkpt>
			<trkpt lat="48.788493" lon="13.810061">
				<ele>1116.000000</ele>
			</trkpt>
			<trkpt lat="48.788570" lon="13.810107">
				<ele>1114.000000</ele>
			</trkpt>
			<trkpt lat="48.788760" lon="13.810205">
				<ele>1109.000000</ele>
			</trkpt>
			<trkpt lat="48.789026" lon="13.810340">
				<ele>1102.000000</ele>
			</trkpt>
			<trkpt lat="48.790233" lon="13.810897">
				<ele>1070.000000</ele>
			</trkpt>
			<trkpt lat="48.791316" lon="13.811445">
				<ele>1044.000000</ele>
			</trkpt>
			<trkpt lat="48.791363" lon="13.811463">
				<ele>1043.000000</ele>
			</trkpt>
			<trkpt lat="48.791405" lon="13.811508">
				<ele>1042.000000</ele>
			</trkpt>
			<trkpt lat="48.791441" lon="13.811562">
				<ele>1041.000000</ele>
			</trkpt>
			<trkpt lat="48.791482" lon="13.811625">
				<ele>1040.000000</ele>
			</trkpt>
			<trkpt lat="48.791523" lon="13.811776">
				<ele>1038.000000</ele>
			</trkpt>
			<trkpt lat="48.791594" lon="13.812092">
				<ele>1034.000000</ele>
			</trkpt>
			<trkpt lat="48.791648" lon="13.812388">
				<ele>1031.000000</ele>
			</trkpt>
			<trkpt lat="48.791689" lon="13.812550">
				<ele>1028.000000</ele>
			</trkpt>
			<trkpt lat="48.791789" lon="13.812747">
				<ele>1025.000000</ele>
			</trkpt>
			<trkpt lat="48.791937" lon="13.813044">
				<ele>1021.000000</ele>
			</trkpt>
			<trkpt lat="48.791991" lon="13.813197">
				<ele>1019.000000</ele>
			</trkpt>
			<trkpt lat="48.792009" lon="13.813260">
				<ele>1018.000000</ele>
			</trkpt>
			<trkpt lat="48.792009" lon="13.813340">
				<ele>1018.000000</ele>
			</trkpt>
			<trkpt lat="48.792009" lon="13.813430">
				<ele>1017.000000</ele>
			</trkpt>
			<trkpt lat="48.792002" lon="13.813520">
				<ele>1016.000000</ele>
			</trkpt>
			<trkpt lat="48.791925" lon="13.813834">
				<ele>1014.000000</ele>
			</trkpt>
			<trkpt lat="48.791902" lon="13.814005">
				<ele>1013.000000</ele>
			</trkpt>
			<trkpt lat="48.791902" lon="13.814149">
				<ele>1012.000000</ele>
			</trkpt>
			<trkpt lat="48.791931" lon="13.814310">
				<ele>1011.000000</ele>
			</trkpt>
			<trkpt lat="48.791961" lon="13.814463">
				<ele>1009.000000</ele>
			</trkpt>
			<trkpt lat="48.791967" lon="13.814616">
				<ele>1008.000000</ele>
			</trkpt>
			<trkpt lat="48.791973" lon="13.814759">
				<ele>1007.000000</ele>
			</trkpt>
			<trkpt lat="48.791967" lon="13.815047">
				<ele>1005.000000</ele>
			</trkpt>
			<trkpt lat="48.791967" lon="13.815254">
				<ele>1003.000000</ele>
			</trkpt>
			<trkpt lat="48.791979" lon="13.815388">
				<ele>1003.000000</ele>
			</trkpt>
			<trkpt lat="48.792002" lon="13.815505">
				<ele>1002.000000</ele>
			</trkpt>
			<trkpt lat="48.792062" lon="13.815631">
				<ele>1001.000000</ele>
			</trkpt>
			<trkpt lat="48.792180" lon="13.815820">
				<ele>999.000000</ele>
			</trkpt>
			<trkpt lat="48.792281" lon="13.815963">
				<ele>998.000000</ele>
			</trkpt>
			<trkpt lat="48.792405" lon="13.816098">
				<ele>996.000000</ele>
			</trkpt>
			<trkpt lat="48.792553" lon="13.816242">
				<ele>994.000000</ele>
			</trkpt>
			<trkpt lat="48.792683" lon="13.816403">
				<ele>993.000000</ele>
			</trkpt>
			<trkpt lat="48.792742" lon="13.816484">
				<ele>992.000000</ele>
			</trkpt>
			<trkpt lat="48.792825" lon="13.816637">
				<ele>991.000000</ele>
			</trkpt>
			<trkpt lat="48.792873" lon="13.816745">
				<ele>990.000000</ele>
			</trkpt>
			<trkpt lat="48.792949" lon="13.816960">
				<ele>989.000000</ele>
			</trkpt>
			<trkpt lat="48.793032" lon="13.817239">
				<ele>987.000000</ele>
			</trkpt>
			<trkpt lat="48.793068" lon="13.817392">
				<ele>987.000000</ele>
			</trkpt>
			<trkpt lat="48.793098" lon="13.817455">
				<ele>986.000000</ele>
			</trkpt>
			<trkpt lat="48.793133" lon="13.817508">
				<ele>986.000000</ele>
			</trkpt>
			<trkpt lat="48.793180" lon="13.817562">
				<ele>985.000000</ele>
			</trkpt>
			<trkpt lat="48.793240" lon="13.817634">
				<ele>985.000000</ele>
			</trkpt>
			<trkpt lat="48.793689" lon="13.818002">
				<ele>981.000000</ele>
			</trkpt>
			<trkpt lat="48.793802" lon="13.818092">
				<ele>981.000000</ele>
			</trkpt>
			<trkpt lat="48.794038" lon="13.818254">
				<ele>979.000000</ele>
			</trkpt>
			<trkpt lat="48.794186" lon="13.818388">
				<ele>978.000000</ele>
			</trkpt>
			<trkpt lat="48.794329" lon="13.818533">
				<ele>977.000000</ele>
			</trkpt>
			<trkpt lat="48.794482" lon="13.818640">
				<ele>976.000000</ele>
			</trkpt>
			<trkpt lat="48.794636" lon="13.818713">
				<ele>975.000000</ele>
			</trkpt>
			<trkpt lat="48.794872" lon="13.818793">
				<ele>974.000000</ele>
			</trkpt>
			<trkpt lat="48.795222" lon="13.818388">
				<ele>970.000000</ele>
			</trkpt>
			<trkpt lat="48.795506" lon="13.818065">
				<ele>969.000000</ele>
			</trkpt>
			<trkpt lat="48.795754" lon="13.817805">
				<ele>967.000000</ele>
			</trkpt>
			<trkpt lat="48.795974" lon="13.817608">
				<ele>966.000000</ele>
			</trkpt>
			<trkpt lat="48.796210" lon="13.817409">
				<ele>965.000000</ele>
			</trkpt>
			<trkpt lat="48.796956" lon="13.816835">
				<ele>961.000000</ele>
			</trkpt>
			<trkpt lat="48.797210" lon="13.816629">
				<ele>960.000000</ele>
			</trkpt>
			<trkpt lat="48.797429" lon="13.816430">
				<ele>959.000000</ele>
			</trkpt>
			<trkpt lat="48.797565" lon="13.816287">
				<ele>958.000000</ele>
			</trkpt>
			<trkpt lat="48.797677" lon="13.816197">
				<ele>958.000000</ele>
			</trkpt>
			<trkpt lat="48.797808" lon="13.816107">
				<ele>957.000000</ele>
			</trkpt>
			<trkpt lat="48.797932" lon="13.816063">
				<ele>957.000000</ele>
			</trkpt>
			<trkpt lat="48.798045" lon="13.816044">
				<ele>956.000000</ele>
			</trkpt>
			<trkpt lat="48.798163" lon="13.816063">
				<ele>956.000000</ele>
			</trkpt>
			<trkpt lat="48.798293" lon="13.816098">
				<ele>955.000000</ele>
			</trkpt>
			<trkpt lat="48.798447" lon="13.816161">
				<ele>954.000000</ele>
			</trkpt>
			<trkpt lat="48.798660" lon="13.816277">
				<ele>953.000000</ele>
			</trkpt>
			<trkpt lat="48.798867" lon="13.816394">
				<ele>952.000000</ele>
			</trkpt>
			<trkpt lat="48.799080" lon="13.816476">
				<ele>951.000000</ele>
			</trkpt>
			<trkpt lat="48.799269" lon="13.816520">
				<ele>950.000000</ele>
			</trkpt>
			<trkpt lat="48.799435" lon="13.816529">
				<ele>950.000000</ele>
			</trkpt>
			<trkpt lat="48.799607" lon="13.816512">
				<ele>949.000000</ele>
			</trkpt>
			<trkpt lat="48.799772" lon="13.816466">
				<ele>948.000000</ele>
			</trkpt>
			<trkpt lat="48.799938" lon="13.816394">
				<ele>947.000000</ele>
			</trkpt>
			<trkpt lat="48.800109" lon="13.816287">
				<ele>947.000000</ele>
			</trkpt>
			<trkpt lat="48.800530" lon="13.815946">
				<ele>945.000000</ele>
			</trkpt>
			<trkpt lat="48.800879" lon="13.815631">
				<ele>942.000000</ele>
			</trkpt>
			<trkpt lat="48.801234" lon="13.815262">
				<ele>940.000000</ele>
			</trkpt>
			<trkpt lat="48.801802" lon="13.814642">
				<ele>937.000000</ele>
			</trkpt>
			<trkpt lat="48.802068" lon="13.814365">
				<ele>936.000000</ele>
			</trkpt>
			<trkpt lat="48.802334" lon="13.814122">
				<ele>934.000000</ele>
			</trkpt>
			<trkpt lat="48.802630" lon="13.813916">
				<ele>932.000000</ele>
			</trkpt>
			<trkpt lat="48.802961" lon="13.813709">
				<ele>930.000000</ele>
			</trkpt>
			<trkpt lat="48.803210" lon="13.813574">
				<ele>928.000000</ele>
			</trkpt>
			<trkpt lat="48.803429" lon="13.813466">
				<ele>927.000000</ele>
			</trkpt>
			<trkpt lat="48.803625" lon="13.813413">
				<ele>925.000000</ele>
			</trkpt>
			<trkpt lat="48.803802" lon="13.813367">
				<ele>920.000000</ele>
			</trkpt>
			<trkpt lat="48.803973" lon="13.813358">
				<ele>920.000000</ele>
			</trkpt>
			<trkpt lat="48.804216" lon="13.813394">
				<ele>920.000000</ele>
			</trkpt>
			<trkpt lat="48.804346" lon="13.813403">
				<ele>920.000000</ele>
			</trkpt>
			<trkpt lat="48.804453" lon="13.813403">
				<ele>920.000000</ele>
			</trkpt>
			<trkpt lat="48.804553" lon="13.813384">
				<ele>920.000000</ele>
			</trkpt>
			<trkpt lat="48.804683" lon="13.813350">
				<ele>919.000000</ele>
			</trkpt>
			<trkpt lat="48.804832" lon="13.813260">
				<ele>919.000000</ele>
			</trkpt>
			<trkpt lat="48.804997" lon="13.813116">
				<ele>918.000000</ele>
			</trkpt>
			<trkpt lat="48.805192" lon="13.812954">
				<ele>917.000000</ele>
			</trkpt>
			<trkpt lat="48.805399" lon="13.812810">
				<ele>917.000000</ele>
			</trkpt>
			<trkpt lat="48.805553" lon="13.812711">
				<ele>916.000000</ele>
			</trkpt>
			<trkpt lat="48.805683" lon="13.812640">
				<ele>916.000000</ele>
			</trkpt>
			<trkpt lat="48.806133" lon="13.812451">
				<ele>914.000000</ele>
			</trkpt>
			<trkpt lat="48.806446" lon="13.812325">
				<ele>913.000000</ele>
			</trkpt>
			<trkpt lat="48.806672" lon="13.812254">
				<ele>912.000000</ele>
			</trkpt>
			<trkpt lat="48.806760" lon="13.812218">
				<ele>912.000000</ele>
			</trkpt>
			<trkpt lat="48.806831" lon="13.812218">
				<ele>912.000000</ele>
			</trkpt>
			<trkpt lat="48.806908" lon="13.812226">
				<ele>911.000000</ele>
			</trkpt>
			<trkpt lat="48.806985" lon="13.812254">
				<ele>911.000000</ele>
			</trkpt>
			<trkpt lat="48.807121" lon="13.812334">
				<ele>910.000000</ele>
			</trkpt>
			<trkpt lat="48.807121" lon="13.812334">
				<ele>910.000000</ele>
			</trkpt>
			<trkpt lat="48.807174" lon="13.812361">
				<ele>910.000000</ele>
			</trkpt>
			<trkpt lat="48.807346" lon="13.812478">
				<ele>910.000000</ele>
			</trkpt>
			<trkpt lat="48.807429" lon="13.812532">
				<ele>910.000000</ele>
			</trkpt>
			<trkpt lat="48.807494" lon="13.812558">
				<ele>910.000000</ele>
			</trkpt>
			<trkpt lat="48.807565" lon="13.812568">
				<ele>910.000000</ele>
			</trkpt>
			<trkpt lat="48.807636" lon="13.812568">
				<ele>910.000000</ele>
			</trkpt>
			<trkpt lat="48.807707" lon="13.812522">
				<ele>910.000000</ele>
			</trkpt>
			<trkpt lat="48.807801" lon="13.812468">
				<ele>910.000000</ele>
			</trkpt>
			<trkpt lat="48.808210" lon="13.812155">
				<ele>910.000000</ele>
			</trkpt>
			<trkpt lat="48.808754" lon="13.811768">
				<ele>914.000000</ele>
			</trkpt>
			<trkpt lat="48.809032" lon="13.811579">
				<ele>917.000000</ele>
			</trkpt>
			<trkpt lat="48.809239" lon="13.811480">
				<ele>919.000000</ele>
			</trkpt>
			<trkpt lat="48.809440" lon="13.811390">
				<ele>920.000000</ele>
			</trkpt>
			<trkpt lat="48.809594" lon="13.811292">
				<ele>921.000000</ele>
			</trkpt>
			<trkpt lat="48.809914" lon="13.811013">
				<ele>922.000000</ele>
			</trkpt>
			<trkpt lat="48.810138" lon="13.810834">
				<ele>922.000000</ele>
			</trkpt>
			<trkpt lat="48.810417" lon="13.810583">
				<ele>923.000000</ele>
			</trkpt>
			<trkpt lat="48.810612" lon="13.810376">
				<ele>924.000000</ele>
			</trkpt>
			<trkpt lat="48.810883" lon="13.810080">
				<ele>925.000000</ele>
			</trkpt>
			<trkpt lat="48.811109" lon="13.809845">
				<ele>926.000000</ele>
			</trkpt>
			<trkpt lat="48.811227" lon="13.809729">
				<ele>927.000000</ele>
			</trkpt>
			<trkpt lat="48.811304" lon="13.809658">
				<ele>927.000000</ele>
			</trkpt>
			<trkpt lat="48.811392" lon="13.809621">
				<ele>928.000000</ele>
			</trkpt>
			<trkpt lat="48.811493" lon="13.809585">
				<ele>928.000000</ele>
			</trkpt>
			<trkpt lat="48.811670" lon="13.809558">
				<ele>929.000000</ele>
			</trkpt>
			<trkpt lat="48.811860" lon="13.809541">
				<ele>930.000000</ele>
			</trkpt>
			<trkpt lat="48.812167" lon="13.809531">
				<ele>930.000000</ele>
			</trkpt>
			<trkpt lat="48.812428" lon="13.809514">
				<ele>930.000000</ele>
			</trkpt>
			<trkpt lat="48.812670" lon="13.809451">
				<ele>930.000000</ele>
			</trkpt>
			<trkpt lat="48.812930" lon="13.809352">
				<ele>930.000000</ele>
			</trkpt>
			<trkpt lat="48.813197" lon="13.809216">
				<ele>929.000000</ele>
			</trkpt>
			<trkpt lat="48.813948" lon="13.808795">
				<ele>926.000000</ele>
			</trkpt>
			<trkpt lat="48.814220" lon="13.808679">
				<ele>925.000000</ele>
			</trkpt>
			<trkpt lat="48.814522" lon="13.808579">
				<ele>923.000000</ele>
			</trkpt>
			<trkpt lat="48.815019" lon="13.808453">
				<ele>921.000000</ele>
			</trkpt>
			<trkpt lat="48.815190" lon="13.808409">
				<ele>921.000000</ele>
			</trkpt>
			<trkpt lat="48.815332" lon="13.808354">
				<ele>920.000000</ele>
			</trkpt>
			<trkpt lat="48.815977" lon="13.808050">
				<ele>916.000000</ele>
			</trkpt>
			<trkpt lat="48.816344" lon="13.807906">
				<ele>914.000000</ele>
			</trkpt>
			<trkpt lat="48.816681" lon="13.807807">
				<ele>913.000000</ele>
			</trkpt>
			<trkpt lat="48.817390" lon="13.807654">
				<ele>910.000000</ele>
			</trkpt>
			<trkpt lat="48.817597" lon="13.807591">
				<ele>908.000000</ele>
			</trkpt>
			<trkpt lat="48.817817" lon="13.807501">
				<ele>907.000000</ele>
			</trkpt>
			<trkpt lat="48.818100" lon="13.807375">
				<ele>905.000000</ele>
			</trkpt>
			<trkpt lat="48.818367" lon="13.807250">
				<ele>903.000000</ele>
			</trkpt>
			<trkpt lat="48.818935" lon="13.806918">
				<ele>898.000000</ele>
			</trkpt>
			<trkpt lat="48.819484" lon="13.806594">
				<ele>894.000000</ele>
			</trkpt>
			<trkpt lat="48.819934" lon="13.806360">
				<ele>890.000000</ele>
			</trkpt>
			<trkpt lat="48.820898" lon="13.805876">
				<ele>882.000000</ele>
			</trkpt>
			<trkpt lat="48.821206" lon="13.805704">
				<ele>879.000000</ele>
			</trkpt>
			<trkpt lat="48.821401" lon="13.805552">
				<ele>878.000000</ele>
			</trkpt>
			<trkpt lat="48.821507" lon="13.805453">
				<ele>877.000000</ele>
			</trkpt>
			<trkpt lat="48.821590" lon="13.805373">
				<ele>876.000000</ele>
			</trkpt>
			<trkpt lat="48.821678" lon="13.805264">
				<ele>875.000000</ele>
			</trkpt>
			<trkpt lat="48.821756" lon="13.805138">
				<ele>874.000000</ele>
			</trkpt>
			<trkpt lat="48.822022" lon="13.804717">
				<ele>872.000000</ele>
			</trkpt>
			<trkpt lat="48.822240" lon="13.804348">
				<ele>870.000000</ele>
			</trkpt>
			<trkpt lat="48.822412" lon="13.804034">
				<ele>868.000000</ele>
			</trkpt>
			<trkpt lat="48.823010" lon="13.802857">
				<ele>863.000000</ele>
			</trkpt>
			<trkpt lat="48.822891" lon="13.802480">
				<ele>862.000000</ele>
			</trkpt>
			<trkpt lat="48.822814" lon="13.802192">
				<ele>861.000000</ele>
			</trkpt>
			<trkpt lat="48.822755" lon="13.801922">
				<ele>860.000000</ele>
			</trkpt>
			<trkpt lat="48.822731" lon="13.801707">
				<ele>860.000000</ele>
			</trkpt>
			<trkpt lat="48.822696" lon="13.801213">
				<ele>859.000000</ele>
			</trkpt>
			<trkpt lat="48.822684" lon="13.801015">
				<ele>858.000000</ele>
			</trkpt>
			<trkpt lat="48.822690" lon="13.800818">
				<ele>858.000000</ele>
			</trkpt>
			<trkpt lat="48.822702" lon="13.800647">
				<ele>858.000000</ele>
			</trkpt>
			<trkpt lat="48.822726" lon="13.800476">
				<ele>857.000000</ele>
			</trkpt>
			<trkpt lat="48.822749" lon="13.800314">
				<ele>857.000000</ele>
			</trkpt>
			<trkpt lat="48.822785" lon="13.800180">
				<ele>857.000000</ele>
			</trkpt>
			<trkpt lat="48.822826" lon="13.800045">
				<ele>857.000000</ele>
			</trkpt>
			<trkpt lat="48.822873" lon="13.799928">
				<ele>856.000000</ele>
			</trkpt>
			<trkpt lat="48.823039" lon="13.799614">
				<ele>856.000000</ele>
			</trkpt>
			<trkpt lat="48.823104" lon="13.799515">
				<ele>855.000000</ele>
			</trkpt>
			<trkpt lat="48.823163" lon="13.799452">
				<ele>855.000000</ele>
			</trkpt>
			<trkpt lat="48.823246" lon="13.799407">
				<ele>855.000000</ele>
			</trkpt>
			<trkpt lat="48.823376" lon="13.799362">
				<ele>855.000000</ele>
			</trkpt>
			<trkpt lat="48.823802" lon="13.799255">
				<ele>854.000000</ele>
			</trkpt>
			<trkpt lat="48.824157" lon="13.799192">
				<ele>853.000000</ele>
			</trkpt>
			<trkpt lat="48.824642" lon="13.799084">
				<ele>852.000000</ele>
			</trkpt>
			<trkpt lat="48.824878" lon="13.799066">
				<ele>851.000000</ele>
			</trkpt>
			<trkpt lat="48.825470" lon="13.799021">
				<ele>850.000000</ele>
			</trkpt>
			<trkpt lat="48.825688" lon="13.799031">
				<ele>849.000000</ele>
			</trkpt>
			<trkpt lat="48.825902" lon="13.799039">
				<ele>848.000000</ele>
			</trkpt>
			<trkpt lat="48.826073" lon="13.799066">
				<ele>848.000000</ele>
			</trkpt>
			<trkpt lat="48.826191" lon="13.799120">
				<ele>847.000000</ele>
			</trkpt>
			<trkpt lat="48.826321" lon="13.799218">
				<ele>847.000000</ele>
			</trkpt>
			<trkpt lat="48.826516" lon="13.799425">
				<ele>846.000000</ele>
			</trkpt>
			<trkpt lat="48.826635" lon="13.799542">
				<ele>845.000000</ele>
			</trkpt>
			<trkpt lat="48.826765" lon="13.799650">
				<ele>844.000000</ele>
			</trkpt>
			<trkpt lat="48.826901" lon="13.799740">
				<ele>843.000000</ele>
			</trkpt>
			<trkpt lat="48.827055" lon="13.799821">
				<ele>842.000000</ele>
			</trkpt>
			<trkpt lat="48.827162" lon="13.799857">
				<ele>841.000000</ele>
			</trkpt>
			<trkpt lat="48.827250" lon="13.799884">
				<ele>840.000000</ele>
			</trkpt>
			<trkpt lat="48.827351" lon="13.799884">
				<ele>840.000000</ele>
			</trkpt>
			<trkpt lat="48.827475" lon="13.799874">
				<ele>839.000000</ele>
			</trkpt>
			<trkpt lat="48.827646" lon="13.799830">
				<ele>837.000000</ele>
			</trkpt>
			<trkpt lat="48.827776" lon="13.799784">
				<ele>836.000000</ele>
			</trkpt>
			<trkpt lat="48.827888" lon="13.799704">
				<ele>835.000000</ele>
			</trkpt>
			<trkpt lat="48.828013" lon="13.799578">
				<ele>834.000000</ele>
			</trkpt>
			<trkpt lat="48.828421" lon="13.799066">
				<ele>831.000000</ele>
			</trkpt>
			<trkpt lat="48.828504" lon="13.798976">
				<ele>830.000000</ele>
			</trkpt>
			<trkpt lat="48.828557" lon="13.798913">
				<ele>830.000000</ele>
			</trkpt>
			<trkpt lat="48.828616" lon="13.798868">
				<ele>830.000000</ele>
			</trkpt>
			<trkpt lat="48.828693" lon="13.798842">
				<ele>829.000000</ele>
			</trkpt>
			<trkpt lat="48.828870" lon="13.798752">
				<ele>828.000000</ele>
			</trkpt>
			<trkpt lat="48.828876" lon="13.798626">
				<ele>827.000000</ele>
			</trkpt>
			<trkpt lat="48.828900" lon="13.798518">
				<ele>827.000000</ele>
			</trkpt>
			<trkpt lat="48.828935" lon="13.798410">
				<ele>826.000000</ele>
			</trkpt>
			<trkpt lat="48.829024" lon="13.798222">
				<ele>825.000000</ele>
			</trkpt>
			<trkpt lat="48.829142" lon="13.797952">
				<ele>824.000000</ele>
			</trkpt>
			<trkpt lat="48.829225" lon="13.797719">
				<ele>823.000000</ele>
			</trkpt>
			<trkpt lat="48.829491" lon="13.797036">
				<ele>820.000000</ele>
			</trkpt>
			<trkpt lat="48.829716" lon="13.796461">
				<ele>817.000000</ele>
			</trkpt>
			<trkpt lat="48.829751" lon="13.796371">
				<ele>816.000000</ele>
			</trkpt>
			<trkpt lat="48.829781" lon="13.796281">
				<ele>816.000000</ele>
			</trkpt>
			<trkpt lat="48.829787" lon="13.796201">
				<ele>816.000000</ele>
			</trkpt>
			<trkpt lat="48.829793" lon="13.796102">
				<ele>815.000000</ele>
			</trkpt>
			<trkpt lat="48.829757" lon="13.795913">
				<ele>814.000000</ele>
			</trkpt>
			<trkpt lat="48.829728" lon="13.795832">
				<ele>814.000000</ele>
			</trkpt>
			<trkpt lat="48.829692" lon="13.795752">
				<ele>813.000000</ele>
			</trkpt>
			<trkpt lat="48.829610" lon="13.795599">
				<ele>812.000000</ele>
			</trkpt>
			<trkpt lat="48.829426" lon="13.795347">
				<ele>811.000000</ele>
			</trkpt>
			<trkpt lat="48.829344" lon="13.795230">
				<ele>810.000000</ele>
			</trkpt>
			<trkpt lat="48.829278" lon="13.795123">
				<ele>809.000000</ele>
			</trkpt>
			<trkpt lat="48.829219" lon="13.794987">
				<ele>808.000000</ele>
			</trkpt>
			<trkpt lat="48.829160" lon="13.794799">
				<ele>807.000000</ele>
			</trkpt>
			<trkpt lat="48.829077" lon="13.794547">
				<ele>805.000000</ele>
			</trkpt>
			<trkpt lat="48.829018" lon="13.794323">
				<ele>805.000000</ele>
			</trkpt>
			<trkpt lat="48.828935" lon="13.794008">
				<ele>804.000000</ele>
			</trkpt>
			<trkpt lat="48.829136" lon="13.793991">
				<ele>804.000000</ele>
			</trkpt>
			<trkpt lat="48.829249" lon="13.793991">
				<ele>803.000000</ele>
			</trkpt>
			<trkpt lat="48.829344" lon="13.794027">
				<ele>803.000000</ele>
			</trkpt>
			<trkpt lat="48.829415" lon="13.794081">
				<ele>803.000000</ele>
			</trkpt>
			<trkpt lat="48.829681" lon="13.794350">
				<ele>802.000000</ele>
			</trkpt>
			<trkpt lat="48.829941" lon="13.794637">
				<ele>801.000000</ele>
			</trkpt>
			<trkpt lat="48.830023" lon="13.794736">
				<ele>801.000000</ele>
			</trkpt>
			<trkpt lat="48.830089" lon="13.794773">
				<ele>801.000000</ele>
			</trkpt>
			<trkpt lat="48.830141" lon="13.794799">
				<ele>801.000000</ele>
			</trkpt>
			<trkpt lat="48.830177" lon="13.794799">
				<ele>800.000000</ele>
			</trkpt>
			<trkpt lat="48.830225" lon="13.794727">
				<ele>800.000000</ele>
			</trkpt>
			<trkpt lat="48.830231" lon="13.794647">
				<ele>800.000000</ele>
			</trkpt>
			<trkpt lat="48.830219" lon="13.794538">
				<ele>800.000000</ele>
			</trkpt>
			<trkpt lat="48.830172" lon="13.794413">
				<ele>800.000000</ele>
			</trkpt>
			<trkpt lat="48.830154" lon="13.794331">
				<ele>800.000000</ele>
			</trkpt>
			<trkpt lat="48.830141" lon="13.794242">
				<ele>800.000000</ele>
			</trkpt>
			<trkpt lat="48.830154" lon="13.794144">
				<ele>800.000000</ele>
			</trkpt>
			<trkpt lat="48.830172" lon="13.794044">
				<ele>800.000000</ele>
			</trkpt>
			<trkpt lat="48.830331" lon="13.793406">
				<ele>800.000000</ele>
			</trkpt>
			<trkpt lat="48.830396" lon="13.793128">
				<ele>800.000000</ele>
			</trkpt>
			<trkpt lat="48.830461" lon="13.792786">
				<ele>800.000000</ele>
			</trkpt>
			<trkpt lat="48.830491" lon="13.792652">
				<ele>800.000000</ele>
			</trkpt>
			<trkpt lat="48.830538" lon="13.792553">
				<ele>800.000000</ele>
			</trkpt>
			<trkpt lat="48.830603" lon="13.792446">
				<ele>800.000000</ele>
			</trkpt>
			<trkpt lat="48.830680" lon="13.792347">
				<ele>800.000000</ele>
			</trkpt>
			<trkpt lat="48.830827" lon="13.792194">
				<ele>801.000000</ele>
			</trkpt>
			<trkpt lat="48.830993" lon="13.791943">
				<ele>801.000000</ele>
			</trkpt>
			<trkpt lat="48.831141" lon="13.791681">
				<ele>802.000000</ele>
			</trkpt>
			<trkpt lat="48.831259" lon="13.791511">
				<ele>803.000000</ele>
			</trkpt>
			<trkpt lat="48.831383" lon="13.791358">
				<ele>803.000000</ele>
			</trkpt>
			<trkpt lat="48.831549" lon="13.791178">
				<ele>804.000000</ele>
			</trkpt>
			<trkpt lat="48.832034" lon="13.790694">
				<ele>806.000000</ele>
			</trkpt>
			<trkpt lat="48.832194" lon="13.790523">
				<ele>807.000000</ele>
			</trkpt>
			<trkpt lat="48.832235" lon="13.790469">
				<ele>807.000000</ele>
			</trkpt>
			<trkpt lat="48.832264" lon="13.790415">
				<ele>807.000000</ele>
			</trkpt>
			<trkpt lat="48.832324" lon="13.790236">
				<ele>808.000000</ele>
			</trkpt>
			<trkpt lat="48.832430" lon="13.789823">
				<ele>810.000000</ele>
			</trkpt>
			<trkpt lat="48.832495" lon="13.789444">
				<ele>812.000000</ele>
			</trkpt>
			<trkpt lat="48.832513" lon="13.789328">
				<ele>812.000000</ele>
			</trkpt>
			<trkpt lat="48.832537" lon="13.789265">
				<ele>813.000000</ele>
			</trkpt>
			<trkpt lat="48.832619" lon="13.789140">
				<ele>814.000000</ele>
			</trkpt>
			<trkpt lat="48.832690" lon="13.789041">
				<ele>814.000000</ele>
			</trkpt>
			<trkpt lat="48.832767" lon="13.788968">
				<ele>815.000000</ele>
			</trkpt>
			<trkpt lat="48.832885" lon="13.788888">
				<ele>816.000000</ele>
			</trkpt>
			<trkpt lat="48.832992" lon="13.788789">
				<ele>818.000000</ele>
			</trkpt>
			<trkpt lat="48.833074" lon="13.788681">
				<ele>819.000000</ele>
			</trkpt>
			<trkpt lat="48.833134" lon="13.788538">
				<ele>820.000000</ele>
			</trkpt>
			<trkpt lat="48.833211" lon="13.788268">
				<ele>820.000000</ele>
			</trkpt>
			<trkpt lat="48.833264" lon="13.788115">
				<ele>821.000000</ele>
			</trkpt>
			<trkpt lat="48.833353" lon="13.787836">
				<ele>821.000000</ele>
			</trkpt>
			<trkpt lat="48.833441" lon="13.787549">
				<ele>822.000000</ele>
			</trkpt>
			<trkpt lat="48.833500" lon="13.787262">
				<ele>823.000000</ele>
			</trkpt>
			<trkpt lat="48.833560" lon="13.786939">
				<ele>823.000000</ele>
			</trkpt>
			<trkpt lat="48.833666" lon="13.786238">
				<ele>824.000000</ele>
			</trkpt>
			<trkpt lat="48.833760" lon="13.785771">
				<ele>825.000000</ele>
			</trkpt>
			<trkpt lat="48.833897" lon="13.785089">
				<ele>826.000000</ele>
			</trkpt>
			<trkpt lat="48.834068" lon="13.784173">
				<ele>826.000000</ele>
			</trkpt>
			<trkpt lat="48.834222" lon="13.783364">
				<ele>827.000000</ele>
			</trkpt>
			<trkpt lat="48.834406" lon="13.782609">
				<ele>827.000000</ele>
			</trkpt>
			<trkpt lat="48.834559" lon="13.781962">
				<ele>827.000000</ele>
			</trkpt>
			<trkpt lat="48.834636" lon="13.781567">
				<ele>828.000000</ele>
			</trkpt>
			<trkpt lat="48.834695" lon="13.781207">
				<ele>828.000000</ele>
			</trkpt>
			<trkpt lat="48.834719" lon="13.780839">
				<ele>828.000000</ele>
			</trkpt>
			<trkpt lat="48.834725" lon="13.780515">
				<ele>828.000000</ele>
			</trkpt>
			<trkpt lat="48.834713" lon="13.780175">
				<ele>828.000000</ele>
			</trkpt>
			<trkpt lat="48.834695" lon="13.779662">
				<ele>829.000000</ele>
			</trkpt>
			<trkpt lat="48.834695" lon="13.779276">
				<ele>829.000000</ele>
			</trkpt>
			<trkpt lat="48.834707" lon="13.779070">
				<ele>829.000000</ele>
			</trkpt>
			<trkpt lat="48.834731" lon="13.778934">
				<ele>829.000000</ele>
			</trkpt>
			<trkpt lat="48.834766" lon="13.778827">
				<ele>829.000000</ele>
			</trkpt>
			<trkpt lat="48.834855" lon="13.778630">
				<ele>829.000000</ele>
			</trkpt>
			<trkpt lat="48.834872" lon="13.778567">
				<ele>829.000000</ele>
			</trkpt>
			<trkpt lat="48.834890" lon="13.778486">
				<ele>830.000000</ele>
			</trkpt>
			<trkpt lat="48.834973" lon="13.777785">
				<ele>830.000000</ele>
			</trkpt>
			<trkpt lat="48.835050" lon="13.777236">
				<ele>831.000000</ele>
			</trkpt>
			<trkpt lat="48.835126" lon="13.776815">
				<ele>832.000000</ele>
			</trkpt>
			<trkpt lat="48.835210" lon="13.776393">
				<ele>833.000000</ele>
			</trkpt>
			<trkpt lat="48.835304" lon="13.775988">
				<ele>834.000000</ele>
			</trkpt>
			<trkpt lat="48.835428" lon="13.775567">
				<ele>836.000000</ele>
			</trkpt>
			<trkpt lat="48.835564" lon="13.775144">
				<ele>836.000000</ele>
			</trkpt>
			<trkpt lat="48.835741" lon="13.774659">
				<ele>838.000000</ele>
			</trkpt>
			<trkpt lat="48.835913" lon="13.774219">
				<ele>839.000000</ele>
			</trkpt>
			<trkpt lat="48.836066" lon="13.773877">
				<ele>840.000000</ele>
			</trkpt>
			<trkpt lat="48.836250" lon="13.773500">
				<ele>841.000000</ele>
			</trkpt>
			<trkpt lat="48.836416" lon="13.773221">
				<ele>842.000000</ele>
			</trkpt>
			<trkpt lat="48.836587" lon="13.772961">
				<ele>842.000000</ele>
			</trkpt>
			<trkpt lat="48.836771" lon="13.772728">
				<ele>843.000000</ele>
			</trkpt>
			<trkpt lat="48.836960" lon="13.772521">
				<ele>844.000000</ele>
			</trkpt>
			<trkpt lat="48.837208" lon="13.772278">
				<ele>846.000000</ele>
			</trkpt>
			<trkpt lat="48.837563" lon="13.771955">
				<ele>848.000000</ele>
			</trkpt>
			<trkpt lat="48.837734" lon="13.771820">
				<ele>848.000000</ele>
			</trkpt>
			<trkpt lat="48.837929" lon="13.771703">
				<ele>849.000000</ele>
			</trkpt>
			<trkpt lat="48.838030" lon="13.771659">
				<ele>850.000000</ele>
			</trkpt>
			<trkpt lat="48.838118" lon="13.771632">
				<ele>851.000000</ele>
			</trkpt>
			<trkpt lat="48.838337" lon="13.771596">
				<ele>852.000000</ele>
			</trkpt>
			<trkpt lat="48.838562" lon="13.771596">
				<ele>854.000000</ele>
			</trkpt>
			<trkpt lat="48.838787" lon="13.771632">
				<ele>857.000000</ele>
			</trkpt>
			<trkpt lat="48.838976" lon="13.771676">
				<ele>859.000000</ele>
			</trkpt>
			<trkpt lat="48.839035" lon="13.771712">
				<ele>860.000000</ele>
			</trkpt>
			<trkpt lat="48.839118" lon="13.771766">
				<ele>861.000000</ele>
			</trkpt>
			<trkpt lat="48.839201" lon="13.771838">
				<ele>862.000000</ele>
			</trkpt>
			<trkpt lat="48.839283" lon="13.771928">
				<ele>863.000000</ele>
			</trkpt>
			<trkpt lat="48.839366" lon="13.772018">
				<ele>864.000000</ele>
			</trkpt>
			<trkpt lat="48.839573" lon="13.772278">
				<ele>867.000000</ele>
			</trkpt>
			<trkpt lat="48.839946" lon="13.772665">
				<ele>872.000000</ele>
			</trkpt>
			<trkpt lat="48.840111" lon="13.772835">
				<ele>874.000000</ele>
			</trkpt>
			<trkpt lat="48.840259" lon="13.773051">
				<ele>875.000000</ele>
			</trkpt>
			<trkpt lat="48.840342" lon="13.773167">
				<ele>876.000000</ele>
			</trkpt>
			<trkpt lat="48.840412" lon="13.773320">
				<ele>877.000000</ele>
			</trkpt>
			<trkpt lat="48.840607" lon="13.773697">
				<ele>879.000000</ele>
			</trkpt>
			<trkpt lat="48.840791" lon="13.774020">
				<ele>881.000000</ele>
			</trkpt>
			<trkpt lat="48.841536" lon="13.775099">
				<ele>885.000000</ele>
			</trkpt>
			<trkpt lat="48.841985" lon="13.774129">
				<ele>885.000000</ele>
			</trkpt>
			<trkpt lat="48.842110" lon="13.773877">
				<ele>885.000000</ele>
			</trkpt>
			<trkpt lat="48.842246" lon="13.773626">
				<ele>885.000000</ele>
			</trkpt>
			<trkpt lat="48.842376" lon="13.773420">
				<ele>885.000000</ele>
			</trkpt>
			<trkpt lat="48.842553" lon="13.773185">
				<ele>885.000000</ele>
			</trkpt>
			<trkpt lat="48.842630" lon="13.773033">
				<ele>885.000000</ele>
			</trkpt>
			<trkpt lat="48.842683" lon="13.772898">
				<ele>885.000000</ele>
			</trkpt>
			<trkpt lat="48.842754" lon="13.772691">
				<ele>885.000000</ele>
			</trkpt>
			<trkpt lat="48.842920" lon="13.772108">
				<ele>885.000000</ele>
			</trkpt>
			<trkpt lat="48.842973" lon="13.771883">
				<ele>884.000000</ele>
			</trkpt>
			<trkpt lat="48.843073" lon="13.771389">
				<ele>883.000000</ele>
			</trkpt>
			<trkpt lat="48.843126" lon="13.771191">
				<ele>883.000000</ele>
			</trkpt>
			<trkpt lat="48.843180" lon="13.770984">
				<ele>883.000000</ele>
			</trkpt>
			<trkpt lat="48.843262" lon="13.770778">
				<ele>882.000000</ele>
			</trkpt>
			<trkpt lat="48.843363" lon="13.770491">
				<ele>881.000000</ele>
			</trkpt>
			<trkpt lat="48.843428" lon="13.770221">
				<ele>881.000000</ele>
			</trkpt>
			<trkpt lat="48.843475" lon="13.769961">
				<ele>880.000000</ele>
			</trkpt>
			<trkpt lat="48.843558" lon="13.769341">
				<ele>879.000000</ele>
			</trkpt>
			<trkpt lat="48.843617" lon="13.768999">
				<ele>879.000000</ele>
			</trkpt>
			<trkpt lat="48.843699" lon="13.768649">
				<ele>878.000000</ele>
			</trkpt>
			<trkpt lat="48.843789" lon="13.768353">
				<ele>877.000000</ele>
			</trkpt>
			<trkpt lat="48.843877" lon="13.768120">
				<ele>877.000000</ele>
			</trkpt>
			<trkpt lat="48.844173" lon="13.767311">
				<ele>875.000000</ele>
			</trkpt>
			<trkpt lat="48.844244" lon="13.767122">
				<ele>875.000000</ele>
			</trkpt>
			<trkpt lat="48.844338" lon="13.766925">
				<ele>875.000000</ele>
			</trkpt>
			<trkpt lat="48.844439" lon="13.766762">
				<ele>875.000000</ele>
			</trkpt>
			<trkpt lat="48.844545" lon="13.766609">
				<ele>875.000000</ele>
			</trkpt>
			<trkpt lat="48.844658" lon="13.766485">
				<ele>875.000000</ele>
			</trkpt>
			<trkpt lat="48.844776" lon="13.766359">
				<ele>876.000000</ele>
			</trkpt>
			<trkpt lat="48.845201" lon="13.765990">
				<ele>877.000000</ele>
			</trkpt>
			<trkpt lat="48.845378" lon="13.765820">
				<ele>878.000000</ele>
			</trkpt>
			<trkpt lat="48.845568" lon="13.765657">
				<ele>878.000000</ele>
			</trkpt>
			<trkpt lat="48.845763" lon="13.765496">
				<ele>879.000000</ele>
			</trkpt>
			<trkpt lat="48.845952" lon="13.765388">
				<ele>880.000000</ele>
			</trkpt>
			<trkpt lat="48.846129" lon="13.765317">
				<ele>880.000000</ele>
			</trkpt>
			<trkpt lat="48.846301" lon="13.765271">
				<ele>882.000000</ele>
			</trkpt>
			<trkpt lat="48.846490" lon="13.765235">
				<ele>883.000000</ele>
			</trkpt>
			<trkpt lat="48.846715" lon="13.765244">
				<ele>884.000000</ele>
			</trkpt>
			<trkpt lat="48.847045" lon="13.765263">
				<ele>887.000000</ele>
			</trkpt>
			<trkpt lat="48.847265" lon="13.765271">
				<ele>889.000000</ele>
			</trkpt>
			<trkpt lat="48.847436" lon="13.765254">
				<ele>890.000000</ele>
			</trkpt>
			<trkpt lat="48.847607" lon="13.765200">
				<ele>891.000000</ele>
			</trkpt>
			<trkpt lat="48.847750" lon="13.765128">
				<ele>892.000000</ele>
			</trkpt>
			<trkpt lat="48.847897" lon="13.765001">
				<ele>893.000000</ele>
			</trkpt>
			<trkpt lat="48.848057" lon="13.764814">
				<ele>894.000000</ele>
			</trkpt>
			<trkpt lat="48.848234" lon="13.764598">
				<ele>896.000000</ele>
			</trkpt>
			<trkpt lat="48.848405" lon="13.764346">
				<ele>898.000000</ele>
			</trkpt>
			<trkpt lat="48.848624" lon="13.764022">
				<ele>900.000000</ele>
			</trkpt>
			<trkpt lat="48.848743" lon="13.763888">
				<ele>901.000000</ele>
			</trkpt>
			<trkpt lat="48.848849" lon="13.763772">
				<ele>901.000000</ele>
			</trkpt>
			<trkpt lat="48.848955" lon="13.763672">
				<ele>901.000000</ele>
			</trkpt>
			<trkpt lat="48.849062" lon="13.763592">
				<ele>901.000000</ele>
			</trkpt>
			<trkpt lat="48.849168" lon="13.763520">
				<ele>902.000000</ele>
			</trkpt>
			<trkpt lat="48.849286" lon="13.763466">
				<ele>902.000000</ele>
			</trkpt>
			<trkpt lat="48.849392" lon="13.763420">
				<ele>902.000000</ele>
			</trkpt>
			<trkpt lat="48.849516" lon="13.763403">
				<ele>903.000000</ele>
			</trkpt>
			<trkpt lat="48.849647" lon="13.763385">
				<ele>903.000000</ele>
			</trkpt>
			<trkpt lat="48.849824" lon="13.763385">
				<ele>903.000000</ele>
			</trkpt>
			<trkpt lat="48.850167" lon="13.763412">
				<ele>904.000000</ele>
			</trkpt>
			<trkpt lat="48.850575" lon="13.763483">
				<ele>905.000000</ele>
			</trkpt>
			<trkpt lat="48.851071" lon="13.763600">
				<ele>909.000000</ele>
			</trkpt>
			<trkpt lat="48.851367" lon="13.763699">
				<ele>910.000000</ele>
			</trkpt>
			<trkpt lat="48.851503" lon="13.763753">
				<ele>910.000000</ele>
			</trkpt>
			<trkpt lat="48.851609" lon="13.763816">
				<ele>911.000000</ele>
			</trkpt>
			<trkpt lat="48.851722" lon="13.763879">
				<ele>911.000000</ele>
			</trkpt>
			<trkpt lat="48.851828" lon="13.763959">
				<ele>911.000000</ele>
			</trkpt>
			<trkpt lat="48.851958" lon="13.764076">
				<ele>911.000000</ele>
			</trkpt>
			<trkpt lat="48.852076" lon="13.764229">
				<ele>912.000000</ele>
			</trkpt>
			<trkpt lat="48.852201" lon="13.764401">
				<ele>912.000000</ele>
			</trkpt>
			<trkpt lat="48.852313" lon="13.764588">
				<ele>912.000000</ele>
			</trkpt>
			<trkpt lat="48.852449" lon="13.764831">
				<ele>913.000000</ele>
			</trkpt>
			<trkpt lat="48.852596" lon="13.765047">
				<ele>913.000000</ele>
			</trkpt>
			<trkpt lat="48.852797" lon="13.765298">
				<ele>914.000000</ele>
			</trkpt>
			<trkpt lat="48.852999" lon="13.765514">
				<ele>914.000000</ele>
			</trkpt>
			<trkpt lat="48.853217" lon="13.765711">
				<ele>915.000000</ele>
			</trkpt>
			<trkpt lat="48.853732" lon="13.766179">
				<ele>915.000000</ele>
			</trkpt>
			<trkpt lat="48.853974" lon="13.765963">
				<ele>914.000000</ele>
			</trkpt>
			<trkpt lat="48.854240" lon="13.765739">
				<ele>913.000000</ele>
			</trkpt>
			<trkpt lat="48.854500" lon="13.765559">
				<ele>912.000000</ele>
			</trkpt>
			<trkpt lat="48.855061" lon="13.765173">
				<ele>910.000000</ele>
			</trkpt>
			<trkpt lat="48.855345" lon="13.764948">
				<ele>909.000000</ele>
			</trkpt>
			<trkpt lat="48.855652" lon="13.764697">
				<ele>908.000000</ele>
			</trkpt>
			<trkpt lat="48.855924" lon="13.764409">
				<ele>907.000000</ele>
			</trkpt>
			<trkpt lat="48.856031" lon="13.764311">
				<ele>907.000000</ele>
			</trkpt>
			<trkpt lat="48.856320" lon="13.764059">
				<ele>906.000000</ele>
			</trkpt>
			<trkpt lat="48.856391" lon="13.763969">
				<ele>906.000000</ele>
			</trkpt>
			<trkpt lat="48.856445" lon="13.763896">
				<ele>906.000000</ele>
			</trkpt>
			<trkpt lat="48.856498" lon="13.763789">
				<ele>906.000000</ele>
			</trkpt>
			<trkpt lat="48.856533" lon="13.763682">
				<ele>906.000000</ele>
			</trkpt>
			<trkpt lat="48.856557" lon="13.763529">
				<ele>905.000000</ele>
			</trkpt>
			<trkpt lat="48.856563" lon="13.763393">
				<ele>905.000000</ele>
			</trkpt>
			<trkpt lat="48.856551" lon="13.762810">
				<ele>902.000000</ele>
			</trkpt>
			<trkpt lat="48.856557" lon="13.762558">
				<ele>901.000000</ele>
			</trkpt>
			<trkpt lat="48.856569" lon="13.762317">
				<ele>900.000000</ele>
			</trkpt>
			<trkpt lat="48.856592" lon="13.762127">
				<ele>899.000000</ele>
			</trkpt>
			<trkpt lat="48.856645" lon="13.761875">
				<ele>898.000000</ele>
			</trkpt>
			<trkpt lat="48.856716" lon="13.761669">
				<ele>897.000000</ele>
			</trkpt>
			<trkpt lat="48.856840" lon="13.761409">
				<ele>896.000000</ele>
			</trkpt>
			<trkpt lat="48.856970" lon="13.761156">
				<ele>895.000000</ele>
			</trkpt>
			<trkpt lat="48.857218" lon="13.760709">
				<ele>893.000000</ele>
			</trkpt>
			<trkpt lat="48.857467" lon="13.760223">
				<ele>891.000000</ele>
			</trkpt>
			<trkpt lat="48.857686" lon="13.759738">
				<ele>889.000000</ele>
			</trkpt>
			<trkpt lat="48.858247" lon="13.758472">
				<ele>885.000000</ele>
			</trkpt>
			<trkpt lat="48.858460" lon="13.758040">
				<ele>885.000000</ele>
			</trkpt>
			<trkpt lat="48.858696" lon="13.757573">
				<ele>885.000000</ele>
			</trkpt>
			<trkpt lat="48.858773" lon="13.757393">
				<ele>885.000000</ele>
			</trkpt>
			<trkpt lat="48.858903" lon="13.756980">
				<ele>885.000000</ele>
			</trkpt>
			<trkpt lat="48.858968" lon="13.756827">
				<ele>885.000000</ele>
			</trkpt>
			<trkpt lat="48.859021" lon="13.756764">
				<ele>885.000000</ele>
			</trkpt>
			<trkpt lat="48.859062" lon="13.756719">
				<ele>885.000000</ele>
			</trkpt>
			<trkpt lat="48.859115" lon="13.756692">
				<ele>886.000000</ele>
			</trkpt>
			<trkpt lat="48.859193" lon="13.756675">
				<ele>887.000000</ele>
			</trkpt>
			<trkpt lat="48.859423" lon="13.756684">
				<ele>890.000000</ele>
			</trkpt>
			<trkpt lat="48.859506" lon="13.756692">
				<ele>891.000000</ele>
			</trkpt>
			<trkpt lat="48.859577" lon="13.756719">
				<ele>891.000000</ele>
			</trkpt>
			<trkpt lat="48.859648" lon="13.756774">
				<ele>892.000000</ele>
			</trkpt>
			<trkpt lat="48.859724" lon="13.756827">
				<ele>894.000000</ele>
			</trkpt>
			<trkpt lat="48.859795" lon="13.756890">
				<ele>895.000000</ele>
			</trkpt>
			<trkpt lat="48.859860" lon="13.756971">
				<ele>896.000000</ele>
			</trkpt>
			<trkpt lat="48.860085" lon="13.757214">
				<ele>899.000000</ele>
			</trkpt>
			<trkpt lat="48.860321" lon="13.757430">
				<ele>902.000000</ele>
			</trkpt>
			<trkpt lat="48.860522" lon="13.757573">
				<ele>904.000000</ele>
			</trkpt>
			<trkpt lat="48.860664" lon="13.757644">
				<ele>906.000000</ele>
			</trkpt>
			<trkpt lat="48.861030" lon="13.757780">
				<ele>908.000000</ele>
			</trkpt>
			<trkpt lat="48.861616" lon="13.757941">
				<ele>910.000000</ele>
			</trkpt>
			<trkpt lat="48.861675" lon="13.757950">
				<ele>910.000000</ele>
			</trkpt>
			<trkpt lat="48.861734" lon="13.757950">
				<ele>910.000000</ele>
			</trkpt>
			<trkpt lat="48.861911" lon="13.757887">
				<ele>910.000000</ele>
			</trkpt>
			<trkpt lat="48.862171" lon="13.757789">
				<ele>909.000000</ele>
			</trkpt>
			<trkpt lat="48.862384" lon="13.757717">
				<ele>908.000000</ele>
			</trkpt>
			<trkpt lat="48.862331" lon="13.757375">
				<ele>907.000000</ele>
			</trkpt>
			<trkpt lat="48.862272" lon="13.757051">
				<ele>907.000000</ele>
			</trkpt>
			<trkpt lat="48.862248" lon="13.756801">
				<ele>906.000000</ele>
			</trkpt>
			<trkpt lat="48.862236" lon="13.756585">
				<ele>906.000000</ele>
			</trkpt>
			<trkpt lat="48.862248" lon="13.756369">
				<ele>906.000000</ele>
			</trkpt>
			<trkpt lat="48.862278" lon="13.756298">
				<ele>905.000000</ele>
			</trkpt>
			<trkpt lat="48.862337" lon="13.756243">
				<ele>905.000000</ele>
			</trkpt>
			<trkpt lat="48.862408" lon="13.756189">
				<ele>905.000000</ele>
			</trkpt>
			<trkpt lat="48.862514" lon="13.756145">
				<ele>904.000000</ele>
			</trkpt>
			<trkpt lat="48.862881" lon="13.755956">
				<ele>901.000000</ele>
			</trkpt>
			<trkpt lat="48.863093" lon="13.755866">
				<ele>898.000000</ele>
			</trkpt>
			<trkpt lat="48.863259" lon="13.755822">
				<ele>897.000000</ele>
			</trkpt>
			<trkpt lat="48.863406" lon="13.755776">
				<ele>895.000000</ele>
			</trkpt>
			<trkpt lat="48.863572" lon="13.755749">
				<ele>893.000000</ele>
			</trkpt>
			<trkpt lat="48.863761" lon="13.755732">
				<ele>891.000000</ele>
			</trkpt>
			<trkpt lat="48.864110" lon="13.755722">
				<ele>887.000000</ele>
			</trkpt>
			<trkpt lat="48.864570" lon="13.755749">
				<ele>882.000000</ele>
			</trkpt>
			<trkpt lat="48.864778" lon="13.755759">
				<ele>879.000000</ele>
			</trkpt>
			<trkpt lat="48.865156" lon="13.755749">
				<ele>874.000000</ele>
			</trkpt>
			<trkpt lat="48.865315" lon="13.755759">
				<ele>873.000000</ele>
			</trkpt>
			<trkpt lat="48.865475" lon="13.755767">
				<ele>872.000000</ele>
			</trkpt>
			<trkpt lat="48.865628" lon="13.755822">
				<ele>871.000000</ele>
			</trkpt>
			<trkpt lat="48.865782" lon="13.755902">
				<ele>869.000000</ele>
			</trkpt>
			<trkpt lat="48.865877" lon="13.755983">
				<ele>868.000000</ele>
			</trkpt>
			<trkpt lat="48.865930" lon="13.756028">
				<ele>868.000000</ele>
			</trkpt>
			<trkpt lat="48.866013" lon="13.756135">
				<ele>867.000000</ele>
			</trkpt>
			<trkpt lat="48.866077" lon="13.756216">
				<ele>866.000000</ele>
			</trkpt>
			<trkpt lat="48.866178" lon="13.756405">
				<ele>865.000000</ele>
			</trkpt>
			<trkpt lat="48.866243" lon="13.756512">
				<ele>865.000000</ele>
			</trkpt>
			<trkpt lat="48.866326" lon="13.756585">
				<ele>865.000000</ele>
			</trkpt>
			<trkpt lat="48.866432" lon="13.756629">
				<ele>865.000000</ele>
			</trkpt>
			<trkpt lat="48.866550" lon="13.756684">
				<ele>865.000000</ele>
			</trkpt>
			<trkpt lat="48.866793" lon="13.756719">
				<ele>865.000000</ele>
			</trkpt>
			<trkpt lat="48.867555" lon="13.756791">
				<ele>866.000000</ele>
			</trkpt>
			<trkpt lat="48.867791" lon="13.756845">
				<ele>867.000000</ele>
			</trkpt>
			<trkpt lat="48.868028" lon="13.756908">
				<ele>869.000000</ele>
			</trkpt>
			<trkpt lat="48.868217" lon="13.756971">
				<ele>871.000000</ele>
			</trkpt>
			<trkpt lat="48.868370" lon="13.756998">
				<ele>872.000000</ele>
			</trkpt>
			<trkpt lat="48.868494" lon="13.756988">
				<ele>873.000000</ele>
			</trkpt>
			<trkpt lat="48.868612" lon="13.756971">
				<ele>874.000000</ele>
			</trkpt>
			<trkpt lat="48.868730" lon="13.756927">
				<ele>875.000000</ele>
			</trkpt>
			<trkpt lat="48.868854" lon="13.756864">
				<ele>875.000000</ele>
			</trkpt>
			<trkpt lat="48.868985" lon="13.756747">
				<ele>876.000000</ele>
			</trkpt>
			<trkpt lat="48.869132" lon="13.756602">
				<ele>877.000000</ele>
			</trkpt>
			<trkpt lat="48.869351" lon="13.756388">
				<ele>879.000000</ele>
			</trkpt>
			<trkpt lat="48.869558" lon="13.756198">
				<ele>880.000000</ele>
			</trkpt>
			<trkpt lat="48.869789" lon="13.756028">
				<ele>880.000000</ele>
			</trkpt>
			<trkpt lat="48.870432" lon="13.755552">
				<ele>880.000000</ele>
			</trkpt>
			<trkpt lat="48.870639" lon="13.755380">
				<ele>880.000000</ele>
			</trkpt>
			<trkpt lat="48.870857" lon="13.755174">
				<ele>880.000000</ele>
			</trkpt>
			<trkpt lat="48.871201" lon="13.754833">
				<ele>880.000000</ele>
			</trkpt>
			<trkpt lat="48.871543" lon="13.754527">
				<ele>880.000000</ele>
			</trkpt>
			<trkpt lat="48.871892" lon="13.754231">
				<ele>880.000000</ele>
			</trkpt>
			<trkpt lat="48.872288" lon="13.753935">
				<ele>880.000000</ele>
			</trkpt>
			<trkpt lat="48.872979" lon="13.753405">
				<ele>878.000000</ele>
			</trkpt>
			<trkpt lat="48.873328" lon="13.753135">
				<ele>876.000000</ele>
			</trkpt>
			<trkpt lat="48.873658" lon="13.752856">
				<ele>875.000000</ele>
			</trkpt>
			<trkpt lat="48.874704" lon="13.751967">
				<ele>873.000000</ele>
			</trkpt>
			<trkpt lat="48.875703" lon="13.751151">
				<ele>872.000000</ele>
			</trkpt>
			<trkpt lat="48.876648" lon="13.750405">
				<ele>871.000000</ele>
			</trkpt>
			<trkpt lat="48.878362" lon="13.749065">
				<ele>875.000000</ele>
			</trkpt>
			<trkpt lat="48.879324" lon="13.748311">
				<ele>872.000000</ele>
			</trkpt>
			<trkpt lat="48.879643" lon="13.748051">
				<ele>870.000000</ele>
			</trkpt>
			<trkpt lat="48.879874" lon="13.747853">
				<ele>869.000000</ele>
			</trkpt>
			<trkpt lat="48.880145" lon="13.747629">
				<ele>868.000000</ele>
			</trkpt>
			<trkpt lat="48.880677" lon="13.747224">
				<ele>865.000000</ele>
			</trkpt>
			<trkpt lat="48.880955" lon="13.747000">
				<ele>864.000000</ele>
			</trkpt>
			<trkpt lat="48.881002" lon="13.746954">
				<ele>863.000000</ele>
			</trkpt>
			<trkpt lat="48.881445" lon="13.746577">
				<ele>861.000000</ele>
			</trkpt>
			<trkpt lat="48.882473" lon="13.745787">
				<ele>856.000000</ele>
			</trkpt>
			<trkpt lat="48.882893" lon="13.745463">
				<ele>854.000000</ele>
			</trkpt>
			<trkpt lat="48.883826" lon="13.744772">
				<ele>847.000000</ele>
			</trkpt>
			<trkpt lat="48.884293" lon="13.744403">
				<ele>843.000000</ele>
			</trkpt>
			<trkpt lat="48.884558" lon="13.744197">
				<ele>841.000000</ele>
			</trkpt>
			<trkpt lat="48.885143" lon="13.743748">
				<ele>835.000000</ele>
			</trkpt>
			<trkpt lat="48.885143" lon="13.743748">
				<ele>835.000000</ele>
			</trkpt>
			<trkpt lat="48.885226" lon="13.743685">
				<ele>835.000000</ele>
			</trkpt>
			<trkpt lat="48.885445" lon="13.743514">
				<ele>833.000000</ele>
			</trkpt>
			<trkpt lat="48.885681" lon="13.743308">
				<ele>831.000000</ele>
			</trkpt>
			<trkpt lat="48.885822" lon="13.743155">
				<ele>830.000000</ele>
			</trkpt>
			<trkpt lat="48.885929" lon="13.743002">
				<ele>829.000000</ele>
			</trkpt>
			<trkpt lat="48.886011" lon="13.742849">
				<ele>828.000000</ele>
			</trkpt>
			<trkpt lat="48.886070" lon="13.742679">
				<ele>827.000000</ele>
			</trkpt>
			<trkpt lat="48.886106" lon="13.742508">
				<ele>827.000000</ele>
			</trkpt>
			<trkpt lat="48.886112" lon="13.742356">
				<ele>826.000000</ele>
			</trkpt>
			<trkpt lat="48.886135" lon="13.742185">
				<ele>825.000000</ele>
			</trkpt>
			<trkpt lat="48.886171" lon="13.742040">
				<ele>824.000000</ele>
			</trkpt>
			<trkpt lat="48.886667" lon="13.740145">
				<ele>815.000000</ele>
			</trkpt>
			<trkpt lat="48.887134" lon="13.738430">
				<ele>810.000000</ele>
			</trkpt>
			<trkpt lat="48.887529" lon="13.736983">
				<ele>810.000000</ele>
			</trkpt>
			<trkpt lat="48.888846" lon="13.732331">
				<ele>813.000000</ele>
			</trkpt>
			<trkpt lat="48.888965" lon="13.731890">
				<ele>813.000000</ele>
			</trkpt>
			<trkpt lat="48.889071" lon="13.731450">
				<ele>813.000000</ele>
			</trkpt>
			<trkpt lat="48.889166" lon="13.731090">
				<ele>814.000000</ele>
			</trkpt>
			<trkpt lat="48.889408" lon="13.730264">
				<ele>815.000000</ele>
			</trkpt>
			<trkpt lat="48.889514" lon="13.729905">
				<ele>815.000000</ele>
			</trkpt>
			<trkpt lat="48.889550" lon="13.729797">
				<ele>816.000000</ele>
			</trkpt>
			<trkpt lat="48.889597" lon="13.729698">
				<ele>816.000000</ele>
			</trkpt>
			<trkpt lat="48.889650" lon="13.729618">
				<ele>816.000000</ele>
			</trkpt>
			<trkpt lat="48.889715" lon="13.729536">
				<ele>816.000000</ele>
			</trkpt>
			<trkpt lat="48.889786" lon="13.729455">
				<ele>817.000000</ele>
			</trkpt>
			<trkpt lat="48.889874" lon="13.729366">
				<ele>817.000000</ele>
			</trkpt>
			<trkpt lat="48.890430" lon="13.728899">
				<ele>819.000000</ele>
			</trkpt>
			<trkpt lat="48.890819" lon="13.728593">
				<ele>820.000000</ele>
			</trkpt>
			<trkpt lat="48.891103" lon="13.728377">
				<ele>821.000000</ele>
			</trkpt>
			<trkpt lat="48.891345" lon="13.728171">
				<ele>822.000000</ele>
			</trkpt>
			<trkpt lat="48.891464" lon="13.728045">
				<ele>822.000000</ele>
			</trkpt>
			<trkpt lat="48.891558" lon="13.727893">
				<ele>823.000000</ele>
			</trkpt>
			<trkpt lat="48.891641" lon="13.727721">
				<ele>823.000000</ele>
			</trkpt>
			<trkpt lat="48.891741" lon="13.727452">
				<ele>824.000000</ele>
			</trkpt>
			<trkpt lat="48.891883" lon="13.726985">
				<ele>825.000000</ele>
			</trkpt>
			<trkpt lat="48.892054" lon="13.726347">
				<ele>827.000000</ele>
			</trkpt>
			<trkpt lat="48.892078" lon="13.726240">
				<ele>828.000000</ele>
			</trkpt>
			<trkpt lat="48.892089" lon="13.726150">
				<ele>828.000000</ele>
			</trkpt>
			<trkpt lat="48.892095" lon="13.726050">
				<ele>828.000000</ele>
			</trkpt>
			<trkpt lat="48.892083" lon="13.725970">
				<ele>829.000000</ele>
			</trkpt>
			<trkpt lat="48.892078" lon="13.725889">
				<ele>829.000000</ele>
			</trkpt>
			<trkpt lat="48.892060" lon="13.725836">
				<ele>829.000000</ele>
			</trkpt>
			<trkpt lat="48.892030" lon="13.725781">
				<ele>830.000000</ele>
			</trkpt>
			<trkpt lat="48.891995" lon="13.725737">
				<ele>830.000000</ele>
			</trkpt>
			<trkpt lat="48.891912" lon="13.725656">
				<ele>830.000000</ele>
			</trkpt>
			<trkpt lat="48.891676" lon="13.725503">
				<ele>830.000000</ele>
			</trkpt>
			<trkpt lat="48.891622" lon="13.725450">
				<ele>830.000000</ele>
			</trkpt>
			<trkpt lat="48.891558" lon="13.725377">
				<ele>830.000000</ele>
			</trkpt>
			<trkpt lat="48.891410" lon="13.725224">
				<ele>830.000000</ele>
			</trkpt>
			<trkpt lat="48.891221" lon="13.724982">
				<ele>829.000000</ele>
			</trkpt>
			<trkpt lat="48.890554" lon="13.724138">
				<ele>823.000000</ele>
			</trkpt>
			<trkpt lat="48.890265" lon="13.723760">
				<ele>820.000000</ele>
			</trkpt>
			<trkpt lat="48.890246" lon="13.723725">
				<ele>820.000000</ele>
			</trkpt>
			<trkpt lat="48.890223" lon="13.723679">
				<ele>820.000000</ele>
			</trkpt>
			<trkpt lat="48.890223" lon="13.723643">
				<ele>820.000000</ele>
			</trkpt>
			<trkpt lat="48.890223" lon="13.723589">
				<ele>820.000000</ele>
			</trkpt>
			<trkpt lat="48.890234" lon="13.723536">
				<ele>820.000000</ele>
			</trkpt>
			<trkpt lat="48.890259" lon="13.723482">
				<ele>820.000000</ele>
			</trkpt>
			<trkpt lat="48.890329" lon="13.723366">
				<ele>820.000000</ele>
			</trkpt>
			<trkpt lat="48.890394" lon="13.723293">
				<ele>820.000000</ele>
			</trkpt>
			<trkpt lat="48.890436" lon="13.723213">
				<ele>820.000000</ele>
			</trkpt>
			<trkpt lat="48.890471" lon="13.723140">
				<ele>820.000000</ele>
			</trkpt>
			<trkpt lat="48.890501" lon="13.723050">
				<ele>820.000000</ele>
			</trkpt>
			<trkpt lat="48.890595" lon="13.722737">
				<ele>821.000000</ele>
			</trkpt>
			<trkpt lat="48.890619" lon="13.722332">
				<ele>821.000000</ele>
			</trkpt>
			<trkpt lat="48.890648" lon="13.721991">
				<ele>821.000000</ele>
			</trkpt>
			<trkpt lat="48.890784" lon="13.720652">
				<ele>822.000000</ele>
			</trkpt>
			<trkpt lat="48.890843" lon="13.720131">
				<ele>822.000000</ele>
			</trkpt>
			<trkpt lat="48.890943" lon="13.719368">
				<ele>822.000000</ele>
			</trkpt>
			<trkpt lat="48.890973" lon="13.719108">
				<ele>822.000000</ele>
			</trkpt>
			<trkpt lat="48.891020" lon="13.718873">
				<ele>822.000000</ele>
			</trkpt>
			<trkpt lat="48.891067" lon="13.718666">
				<ele>823.000000</ele>
			</trkpt>
			<trkpt lat="48.891132" lon="13.718425">
				<ele>823.000000</ele>
			</trkpt>
			<trkpt lat="48.891197" lon="13.718146">
				<ele>823.000000</ele>
			</trkpt>
			<trkpt lat="48.891339" lon="13.717553">
				<ele>823.000000</ele>
			</trkpt>
			<trkpt lat="48.891404" lon="13.717284">
				<ele>823.000000</ele>
			</trkpt>
			<trkpt lat="48.891498" lon="13.716995">
				<ele>823.000000</ele>
			</trkpt>
			<trkpt lat="48.891588" lon="13.716771">
				<ele>823.000000</ele>
			</trkpt>
			<trkpt lat="48.891687" lon="13.716555">
				<ele>823.000000</ele>
			</trkpt>
			<trkpt lat="48.891841" lon="13.716223">
				<ele>824.000000</ele>
			</trkpt>
			<trkpt lat="48.892095" lon="13.715685">
				<ele>824.000000</ele>
			</trkpt>
			<trkpt lat="48.892957" lon="13.713502">
				<ele>825.000000</ele>
			</trkpt>
			<trkpt lat="48.893170" lon="13.713511">
				<ele>825.000000</ele>
			</trkpt>
			<trkpt lat="48.893359" lon="13.713546">
				<ele>826.000000</ele>
			</trkpt>
			<trkpt lat="48.893560" lon="13.713628">
				<ele>828.000000</ele>
			</trkpt>
			<trkpt lat="48.893879" lon="13.713798">
				<ele>831.000000</ele>
			</trkpt>
			<trkpt lat="48.894446" lon="13.714094">
				<ele>837.000000</ele>
			</trkpt>
			<trkpt lat="48.894788" lon="13.714247">
				<ele>840.000000</ele>
			</trkpt>
			<trkpt lat="48.895113" lon="13.714345">
				<ele>843.000000</ele>
			</trkpt>
			<trkpt lat="48.895467" lon="13.714435">
				<ele>846.000000</ele>
			</trkpt>
			<trkpt lat="48.895704" lon="13.714454">
				<ele>848.000000</ele>
			</trkpt>
			<trkpt lat="48.895899" lon="13.714463">
				<ele>850.000000</ele>
			</trkpt>
			<trkpt lat="48.896070" lon="13.714418">
				<ele>851.000000</ele>
			</trkpt>
			<trkpt lat="48.896241" lon="13.714364">
				<ele>851.000000</ele>
			</trkpt>
			<trkpt lat="48.896336" lon="13.714292">
				<ele>851.000000</ele>
			</trkpt>
			<trkpt lat="48.896436" lon="13.714221">
				<ele>852.000000</ele>
			</trkpt>
			<trkpt lat="48.896536" lon="13.714121">
				<ele>852.000000</ele>
			</trkpt>
			<trkpt lat="48.896643" lon="13.714014">
				<ele>852.000000</ele>
			</trkpt>
			<trkpt lat="48.897032" lon="13.713519">
				<ele>854.000000</ele>
			</trkpt>
			<trkpt lat="48.897139" lon="13.713393">
				<ele>854.000000</ele>
			</trkpt>
			<trkpt lat="48.897234" lon="13.713313">
				<ele>855.000000</ele>
			</trkpt>
			<trkpt lat="48.897334" lon="13.713242">
				<ele>855.000000</ele>
			</trkpt>
			<trkpt lat="48.897440" lon="13.713196">
				<ele>856.000000</ele>
			</trkpt>
			<trkpt lat="48.897564" lon="13.713178">
				<ele>858.000000</ele>
			</trkpt>
			<trkpt lat="48.897694" lon="13.713178">
				<ele>859.000000</ele>
			</trkpt>
			<trkpt lat="48.897883" lon="13.713196">
				<ele>862.000000</ele>
			</trkpt>
			<trkpt lat="48.898296" lon="13.713187">
				<ele>866.000000</ele>
			</trkpt>
			<trkpt lat="48.898503" lon="13.713213">
				<ele>868.000000</ele>
			</trkpt>
			<trkpt lat="48.898639" lon="13.713205">
				<ele>870.000000</ele>
			</trkpt>
			<trkpt lat="48.898757" lon="13.713205">
				<ele>870.000000</ele>
			</trkpt>
			<trkpt lat="48.898869" lon="13.713178">
				<ele>871.000000</ele>
			</trkpt>
			<trkpt lat="48.898981" lon="13.713115">
				<ele>871.000000</ele>
			</trkpt>
			<trkpt lat="48.899076" lon="13.713062">
				<ele>872.000000</ele>
			</trkpt>
			<trkpt lat="48.899194" lon="13.712963">
				<ele>872.000000</ele>
			</trkpt>
			<trkpt lat="48.899318" lon="13.712846">
				<ele>873.000000</ele>
			</trkpt>
			<trkpt lat="48.899442" lon="13.712710">
				<ele>873.000000</ele>
			</trkpt>
			<trkpt lat="48.899755" lon="13.712343">
				<ele>875.000000</ele>
			</trkpt>
			<trkpt lat="48.899914" lon="13.712163">
				<ele>876.000000</ele>
			</trkpt>
			<trkpt lat="48.900091" lon="13.712010">
				<ele>877.000000</ele>
			</trkpt>
			<trkpt lat="48.900287" lon="13.711857">
				<ele>879.000000</ele>
			</trkpt>
			<trkpt lat="48.900440" lon="13.711758">
				<ele>880.000000</ele>
			</trkpt>
			<trkpt lat="48.900570" lon="13.711687">
				<ele>880.000000</ele>
			</trkpt>
			<trkpt lat="48.900706" lon="13.711615">
				<ele>881.000000</ele>
			</trkpt>
			<trkpt lat="48.900794" lon="13.711579">
				<ele>881.000000</ele>
			</trkpt>
			<trkpt lat="48.900871" lon="13.711579">
				<ele>881.000000</ele>
			</trkpt>
			<trkpt lat="48.900948" lon="13.711634">
				<ele>881.000000</ele>
			</trkpt>
			<trkpt lat="48.900912" lon="13.711571">
				<ele>881.000000</ele>
			</trkpt>
			<trkpt lat="48.900895" lon="13.711517">
				<ele>882.000000</ele>
			</trkpt>
			<trkpt lat="48.900877" lon="13.711444">
				<ele>882.000000</ele>
			</trkpt>
			<trkpt lat="48.900877" lon="13.711345">
				<ele>882.000000</ele>
			</trkpt>
			<trkpt lat="48.900865" lon="13.711184">
				<ele>882.000000</ele>
			</trkpt>
			<trkpt lat="48.900806" lon="13.710833">
				<ele>883.000000</ele>
			</trkpt>
			<trkpt lat="48.900794" lon="13.710699">
				<ele>883.000000</ele>
			</trkpt>
			<trkpt lat="48.900741" lon="13.710591">
				<ele>883.000000</ele>
			</trkpt>
			<trkpt lat="48.900682" lon="13.710456">
				<ele>884.000000</ele>
			</trkpt>
			<trkpt lat="48.900535" lon="13.710060">
				<ele>885.000000</ele>
			</trkpt>
			<trkpt lat="48.900481" lon="13.709917">
				<ele>885.000000</ele>
			</trkpt>
			<trkpt lat="48.900405" lon="13.709783">
				<ele>885.000000</ele>
			</trkpt>
			<trkpt lat="48.900304" lon="13.709630">
				<ele>885.000000</ele>
			</trkpt>
			<trkpt lat="48.900015" lon="13.709244">
				<ele>885.000000</ele>
			</trkpt>
			<trkpt lat="48.899826" lon="13.709001">
				<ele>885.000000</ele>
			</trkpt>
			<trkpt lat="48.899625" lon="13.708812">
				<ele>885.000000</ele>
			</trkpt>
			<trkpt lat="48.899395" lon="13.708632">
				<ele>885.000000</ele>
			</trkpt>
			<trkpt lat="48.899088" lon="13.708389">
				<ele>882.000000</ele>
			</trkpt>
			<trkpt lat="48.898899" lon="13.708219">
				<ele>880.000000</ele>
			</trkpt>
			<trkpt lat="48.898716" lon="13.708022">
				<ele>880.000000</ele>
			</trkpt>
			<trkpt lat="48.898532" lon="13.707779">
				<ele>880.000000</ele>
			</trkpt>
			<trkpt lat="48.898066" lon="13.707051">
				<ele>880.000000</ele>
			</trkpt>
			<trkpt lat="48.897936" lon="13.706881">
				<ele>881.000000</ele>
			</trkpt>
			<trkpt lat="48.897771" lon="13.706693">
				<ele>883.000000</ele>
			</trkpt>
			<trkpt lat="48.897582" lon="13.706468">
				<ele>884.000000</ele>
			</trkpt>
			<trkpt lat="48.897434" lon="13.706252">
				<ele>886.000000</ele>
			</trkpt>
			<trkpt lat="48.897316" lon="13.706037">
				<ele>889.000000</ele>
			</trkpt>
			<trkpt lat="48.897186" lon="13.705731">
				<ele>890.000000</ele>
			</trkpt>
			<trkpt lat="48.897051" lon="13.705416">
				<ele>890.000000</ele>
			</trkpt>
			<trkpt lat="48.896879" lon="13.705039">
				<ele>890.000000</ele>
			</trkpt>
			<trkpt lat="48.896778" lon="13.704779">
				<ele>890.000000</ele>
			</trkpt>
			<trkpt lat="48.896690" lon="13.704527">
				<ele>890.000000</ele>
			</trkpt>
			<trkpt lat="48.896595" lon="13.704231">
				<ele>890.000000</ele>
			</trkpt>
			<trkpt lat="48.896566" lon="13.703997">
				<ele>890.000000</ele>
			</trkpt>
			<trkpt lat="48.896554" lon="13.703808">
				<ele>890.000000</ele>
			</trkpt>
			<trkpt lat="48.896548" lon="13.703611">
				<ele>890.000000</ele>
			</trkpt>
			<trkpt lat="48.896566" lon="13.703477">
				<ele>890.000000</ele>
			</trkpt>
			<trkpt lat="48.896595" lon="13.703324">
				<ele>890.000000</ele>
			</trkpt>
			<trkpt lat="48.896637" lon="13.703207">
				<ele>890.000000</ele>
			</trkpt>
			<trkpt lat="48.896708" lon="13.703081">
				<ele>890.000000</ele>
			</trkpt>
			<trkpt lat="48.896767" lon="13.702982">
				<ele>890.000000</ele>
			</trkpt>
			<trkpt lat="48.897026" lon="13.702676">
				<ele>890.000000</ele>
			</trkpt>
			<trkpt lat="48.897268" lon="13.702407">
				<ele>890.000000</ele>
			</trkpt>
			<trkpt lat="48.897517" lon="13.702156">
				<ele>890.000000</ele>
			</trkpt>
			<trkpt lat="48.897889" lon="13.701779">
				<ele>890.000000</ele>
			</trkpt>
			<trkpt lat="48.898131" lon="13.701527">
				<ele>890.000000</ele>
			</trkpt>
			<trkpt lat="48.898521" lon="13.701095">
				<ele>890.000000</ele>
			</trkpt>
			<trkpt lat="48.898591" lon="13.700997">
				<ele>890.000000</ele>
			</trkpt>
			<trkpt lat="48.898644" lon="13.700871">
				<ele>890.000000</ele>
			</trkpt>
			<trkpt lat="48.898686" lon="13.700745">
				<ele>889.000000</ele>
			</trkpt>
			<trkpt lat="48.898745" lon="13.700485">
				<ele>888.000000</ele>
			</trkpt>
			<trkpt lat="48.898852" lon="13.700089">
				<ele>886.000000</ele>
			</trkpt>
			<trkpt lat="48.898899" lon="13.699847">
				<ele>885.000000</ele>
			</trkpt>
			<trkpt lat="48.898934" lon="13.699703">
				<ele>885.000000</ele>
			</trkpt>
			<trkpt lat="48.898981" lon="13.699605">
				<ele>885.000000</ele>
			</trkpt>
			<trkpt lat="48.899041" lon="13.699515">
				<ele>885.000000</ele>
			</trkpt>
			<trkpt lat="48.899159" lon="13.699370">
				<ele>885.000000</ele>
			</trkpt>
			<trkpt lat="48.899318" lon="13.699147">
				<ele>885.000000</ele>
			</trkpt>
			<trkpt lat="48.899466" lon="13.698877">
				<ele>885.000000</ele>
			</trkpt>
			<trkpt lat="48.899519" lon="13.698751">
				<ele>885.000000</ele>
			</trkpt>
			<trkpt lat="48.899554" lon="13.698634">
				<ele>885.000000</ele>
			</trkpt>
			<trkpt lat="48.899590" lon="13.698527">
				<ele>885.000000</ele>
			</trkpt>
			<trkpt lat="48.899625" lon="13.698365">
				<ele>885.000000</ele>
			</trkpt>
			<trkpt lat="48.899654" lon="13.698212">
				<ele>885.000000</ele>
			</trkpt>
			<trkpt lat="48.899702" lon="13.698087">
				<ele>885.000000</ele>
			</trkpt>
			<trkpt lat="48.899773" lon="13.697961">
				<ele>885.000000</ele>
			</trkpt>
			<trkpt lat="48.899861" lon="13.697844">
				<ele>885.000000</ele>
			</trkpt>
			<trkpt lat="48.899921" lon="13.697754">
				<ele>885.000000</ele>
			</trkpt>
			<trkpt lat="48.899967" lon="13.697673">
				<ele>885.000000</ele>
			</trkpt>
			<trkpt lat="48.900085" lon="13.697412">
				<ele>885.000000</ele>
			</trkpt>
			<trkpt lat="48.900340" lon="13.696793">
				<ele>885.000000</ele>
			</trkpt>
			<trkpt lat="48.900446" lon="13.696496">
				<ele>885.000000</ele>
			</trkpt>
			<trkpt lat="48.900481" lon="13.696353">
				<ele>885.000000</ele>
			</trkpt>
			<trkpt lat="48.900517" lon="13.696200">
				<ele>885.000000</ele>
			</trkpt>
			<trkpt lat="48.900546" lon="13.695894">
				<ele>885.000000</ele>
			</trkpt>
			<trkpt lat="48.900558" lon="13.695437">
				<ele>885.000000</ele>
			</trkpt>
			<trkpt lat="48.900576" lon="13.694529">
				<ele>885.000000</ele>
			</trkpt>
			<trkpt lat="48.900582" lon="13.693973">
				<ele>884.000000</ele>
			</trkpt>
			<trkpt lat="48.900570" lon="13.693631">
				<ele>882.000000</ele>
			</trkpt>
			<trkpt lat="48.900558" lon="13.693397">
				<ele>881.000000</ele>
			</trkpt>
			<trkpt lat="48.900535" lon="13.693254">
				<ele>881.000000</ele>
			</trkpt>
			<trkpt lat="48.900517" lon="13.693128">
				<ele>880.000000</ele>
			</trkpt>
			<trkpt lat="48.900517" lon="13.692975">
				<ele>880.000000</ele>
			</trkpt>
			<trkpt lat="48.900517" lon="13.692338">
				<ele>880.000000</ele>
			</trkpt>
			<trkpt lat="48.900523" lon="13.692023">
				<ele>881.000000</ele>
			</trkpt>
			<trkpt lat="48.900546" lon="13.691600">
				<ele>884.000000</ele>
			</trkpt>
			<trkpt lat="48.900558" lon="13.691340">
				<ele>886.000000</ele>
			</trkpt>
			<trkpt lat="48.900558" lon="13.691107">
				<ele>888.000000</ele>
			</trkpt>
			<trkpt lat="48.900552" lon="13.690837">
				<ele>890.000000</ele>
			</trkpt>
			<trkpt lat="48.900570" lon="13.690657">
				<ele>892.000000</ele>
			</trkpt>
			<trkpt lat="48.900605" lon="13.690495">
				<ele>893.000000</ele>
			</trkpt>
			<trkpt lat="48.900664" lon="13.690352">
				<ele>894.000000</ele>
			</trkpt>
			<trkpt lat="48.900788" lon="13.690065">
				<ele>897.000000</ele>
			</trkpt>
			<trkpt lat="48.900859" lon="13.689885">
				<ele>899.000000</ele>
			</trkpt>
			<trkpt lat="48.900895" lon="13.689732">
				<ele>900.000000</ele>
			</trkpt>
			<trkpt lat="48.900906" lon="13.689598">
				<ele>902.000000</ele>
			</trkpt>
			<trkpt lat="48.900906" lon="13.689436">
				<ele>903.000000</ele>
			</trkpt>
			<trkpt lat="48.900883" lon="13.688825">
				<ele>906.000000</ele>
			</trkpt>
			<trkpt lat="48.900871" lon="13.688520">
				<ele>907.000000</ele>
			</trkpt>
			<trkpt lat="48.900842" lon="13.688286">
				<ele>908.000000</ele>
			</trkpt>
			<trkpt lat="48.900753" lon="13.687774">
				<ele>908.000000</ele>
			</trkpt>
			<trkpt lat="48.900753" lon="13.687774">
				<ele>908.000000</ele>
			</trkpt>
			<trkpt lat="48.900753" lon="13.687774">
				<ele>909.000000</ele>
			</trkpt>
			<trkpt lat="48.900706" lon="13.687334">
				<ele>910.000000</ele>
			</trkpt>
			<trkpt lat="48.900676" lon="13.687189">
				<ele>910.000000</ele>
			</trkpt>
			<trkpt lat="48.900635" lon="13.687055">
				<ele>910.000000</ele>
			</trkpt>
			<trkpt lat="48.900617" lon="13.687001">
				<ele>910.000000</ele>
			</trkpt>
			<trkpt lat="48.900387" lon="13.686229">
				<ele>910.000000</ele>
			</trkpt>
			<trkpt lat="48.900263" lon="13.685860">
				<ele>910.000000</ele>
			</trkpt>
			<trkpt lat="48.900234" lon="13.685753">
				<ele>910.000000</ele>
			</trkpt>
			<trkpt lat="48.900216" lon="13.685617">
				<ele>910.000000</ele>
			</trkpt>
			<trkpt lat="48.900216" lon="13.685491">
				<ele>910.000000</ele>
			</trkpt>
			<trkpt lat="48.900210" lon="13.685097">
				<ele>910.000000</ele>
			</trkpt>
			<trkpt lat="48.900210" lon="13.684935">
				<ele>910.000000</ele>
			</trkpt>
			<trkpt lat="48.900222" lon="13.684755">
				<ele>910.000000</ele>
			</trkpt>
			<trkpt lat="48.900269" lon="13.684575">
				<ele>910.000000</ele>
			</trkpt>
			<trkpt lat="48.900594" lon="13.683346">
				<ele>908.000000</ele>
			</trkpt>
			<trkpt lat="48.900700" lon="13.682941">
				<ele>908.000000</ele>
			</trkpt>
			<trkpt lat="48.900818" lon="13.682393">
				<ele>907.000000</ele>
			</trkpt>
			<trkpt lat="48.900948" lon="13.681738">
				<ele>907.000000</ele>
			</trkpt>
			<trkpt lat="48.901107" lon="13.680847">
				<ele>906.000000</ele>
			</trkpt>
			<trkpt lat="48.901149" lon="13.680506">
				<ele>906.000000</ele>
			</trkpt>
			<trkpt lat="48.901160" lon="13.680327">
				<ele>906.000000</ele>
			</trkpt>
			<trkpt lat="48.901160" lon="13.680174">
				<ele>905.000000</ele>
			</trkpt>
			<trkpt lat="48.901160" lon="13.680012">
				<ele>905.000000</ele>
			</trkpt>
			<trkpt lat="48.901149" lon="13.679824">
				<ele>905.000000</ele>
			</trkpt>
			<trkpt lat="48.901089" lon="13.679438">
				<ele>903.000000</ele>
			</trkpt>
			<trkpt lat="48.900877" lon="13.678260">
				<ele>895.000000</ele>
			</trkpt>
			<trkpt lat="48.900859" lon="13.678107">
				<ele>895.000000</ele>
			</trkpt>
			<trkpt lat="48.900847" lon="13.677928">
				<ele>895.000000</ele>
			</trkpt>
			<trkpt lat="48.900836" lon="13.677497">
				<ele>895.000000</ele>
			</trkpt>
			<trkpt lat="48.900842" lon="13.677254">
				<ele>895.000000</ele>
			</trkpt>
			<trkpt lat="48.900847" lon="13.677075">
				<ele>895.000000</ele>
			</trkpt>
			<trkpt lat="48.900865" lon="13.676914">
				<ele>895.000000</ele>
			</trkpt>
			<trkpt lat="48.900895" lon="13.676734">
				<ele>895.000000</ele>
			</trkpt>
			<trkpt lat="48.901066" lon="13.675835">
				<ele>895.000000</ele>
			</trkpt>
			<trkpt lat="48.901119" lon="13.675620">
				<ele>895.000000</ele>
			</trkpt>
			<trkpt lat="48.901190" lon="13.675440">
				<ele>895.000000</ele>
			</trkpt>
			<trkpt lat="48.901267" lon="13.675287">
				<ele>896.000000</ele>
			</trkpt>
			<trkpt lat="48.901408" lon="13.675054">
				<ele>898.000000</ele>
			</trkpt>
			<trkpt lat="48.901733" lon="13.674514">
				<ele>902.000000</ele>
			</trkpt>
			<trkpt lat="48.901893" lon="13.674272">
				<ele>904.000000</ele>
			</trkpt>
			<trkpt lat="48.901981" lon="13.674119">
				<ele>905.000000</ele>
			</trkpt>
			<trkpt lat="48.902200" lon="13.673679">
				<ele>906.000000</ele>
			</trkpt>
			<trkpt lat="48.902412" lon="13.673365">
				<ele>908.000000</ele>
			</trkpt>
			<trkpt lat="48.902501" lon="13.673185">
				<ele>908.000000</ele>
			</trkpt>
			<trkpt lat="48.902678" lon="13.672727">
				<ele>909.000000</ele>
			</trkpt>
			<trkpt lat="48.902755" lon="13.672574">
				<ele>910.000000</ele>
			</trkpt>
			<trkpt lat="48.902979" lon="13.672197">
				<ele>913.000000</ele>
			</trkpt>
			<trkpt lat="48.903039" lon="13.672134">
				<ele>914.000000</ele>
			</trkpt>
			<trkpt lat="48.903109" lon="13.672071">
				<ele>914.000000</ele>
			</trkpt>
			<trkpt lat="48.903174" lon="13.672044">
				<ele>915.000000</ele>
			</trkpt>
			<trkpt lat="48.903227" lon="13.671990">
				<ele>915.000000</ele>
			</trkpt>
			<trkpt lat="48.903375" lon="13.671811">
				<ele>916.000000</ele>
			</trkpt>
			<trkpt lat="48.903499" lon="13.671640">
				<ele>916.000000</ele>
			</trkpt>
			<trkpt lat="48.903599" lon="13.671488">
				<ele>916.000000</ele>
			</trkpt>
			<trkpt lat="48.903688" lon="13.671352">
				<ele>916.000000</ele>
			</trkpt>
			<trkpt lat="48.903859" lon="13.670661">
				<ele>917.000000</ele>
			</trkpt>
			<trkpt lat="48.903912" lon="13.670427">
				<ele>918.000000</ele>
			</trkpt>
			<trkpt lat="48.903936" lon="13.670239">
				<ele>918.000000</ele>
			</trkpt>
			<trkpt lat="48.903977" lon="13.669880">
				<ele>918.000000</ele>
			</trkpt>
			<trkpt lat="48.904042" lon="13.669538">
				<ele>919.000000</ele>
			</trkpt>
			<trkpt lat="48.904255" lon="13.669241">
				<ele>919.000000</ele>
			</trkpt>
			<trkpt lat="48.904662" lon="13.668721">
				<ele>921.000000</ele>
			</trkpt>
			<trkpt lat="48.904875" lon="13.668424">
				<ele>922.000000</ele>
			</trkpt>
			<trkpt lat="48.905028" lon="13.668190">
				<ele>924.000000</ele>
			</trkpt>
			<trkpt lat="48.905329" lon="13.667796">
				<ele>926.000000</ele>
			</trkpt>
			<trkpt lat="48.905459" lon="13.667606">
				<ele>927.000000</ele>
			</trkpt>
			<trkpt lat="48.905931" lon="13.666933">
				<ele>931.000000</ele>
			</trkpt>
			<trkpt lat="48.906044" lon="13.666753">
				<ele>932.000000</ele>
			</trkpt>
			<trkpt lat="48.906162" lon="13.666547">
				<ele>933.000000</ele>
			</trkpt>
			<trkpt lat="48.906451" lon="13.665989">
				<ele>936.000000</ele>
			</trkpt>
			<trkpt lat="48.906564" lon="13.665774">
				<ele>937.000000</ele>
			</trkpt>
			<trkpt lat="48.906676" lon="13.665513">
				<ele>939.000000</ele>
			</trkpt>
			<trkpt lat="48.906800" lon="13.665190">
				<ele>942.000000</ele>
			</trkpt>
			<trkpt lat="48.906870" lon="13.664956">
				<ele>944.000000</ele>
			</trkpt>
			<trkpt lat="48.906947" lon="13.664669">
				<ele>945.000000</ele>
			</trkpt>
			<trkpt lat="48.907024" lon="13.664381">
				<ele>945.000000</ele>
			</trkpt>
			<trkpt lat="48.907101" lon="13.664121">
				<ele>944.000000</ele>
			</trkpt>
			<trkpt lat="48.907148" lon="13.663995">
				<ele>944.000000</ele>
			</trkpt>
			<trkpt lat="48.907207" lon="13.663897">
				<ele>944.000000</ele>
			</trkpt>
			<trkpt lat="48.907290" lon="13.663798">
				<ele>943.000000</ele>
			</trkpt>
			<trkpt lat="48.907414" lon="13.663672">
				<ele>942.000000</ele>
			</trkpt>
			<trkpt lat="48.907537" lon="13.663538">
				<ele>942.000000</ele>
			</trkpt>
			<trkpt lat="48.907667" lon="13.663411">
				<ele>941.000000</ele>
			</trkpt>
			<trkpt lat="48.907804" lon="13.663285">
				<ele>940.000000</ele>
			</trkpt>
			<trkpt lat="48.907928" lon="13.663187">
				<ele>939.000000</ele>
			</trkpt>
			<trkpt lat="48.908086" lon="13.663098">
				<ele>939.000000</ele>
			</trkpt>
			<trkpt lat="48.908223" lon="13.663043">
				<ele>938.000000</ele>
			</trkpt>
			<trkpt lat="48.908394" lon="13.662980">
				<ele>937.000000</ele>
			</trkpt>
			<trkpt lat="48.908547" lon="13.662953">
				<ele>936.000000</ele>
			</trkpt>
			<trkpt lat="48.908736" lon="13.662926">
				<ele>935.000000</ele>
			</trkpt>
			<trkpt lat="48.908949" lon="13.662926">
				<ele>935.000000</ele>
			</trkpt>
			<trkpt lat="48.909173" lon="13.662935">
				<ele>934.000000</ele>
			</trkpt>
			<trkpt lat="48.909764" lon="13.663043">
				<ele>934.000000</ele>
			</trkpt>
			<trkpt lat="48.909970" lon="13.663061">
				<ele>933.000000</ele>
			</trkpt>
			<trkpt lat="48.910177" lon="13.663069">
				<ele>933.000000</ele>
			</trkpt>
			<trkpt lat="48.910354" lon="13.663061">
				<ele>933.000000</ele>
			</trkpt>
			<trkpt lat="48.910466" lon="13.663025">
				<ele>933.000000</ele>
			</trkpt>
			<trkpt lat="48.910649" lon="13.662918">
				<ele>932.000000</ele>
			</trkpt>
			<trkpt lat="48.910714" lon="13.662890">
				<ele>932.000000</ele>
			</trkpt>
			<trkpt lat="48.910956" lon="13.662819">
				<ele>932.000000</ele>
			</trkpt>
			<trkpt lat="48.911163" lon="13.662729">
				<ele>932.000000</ele>
			</trkpt>
			<trkpt lat="48.911370" lon="13.662603">
				<ele>931.000000</ele>
			</trkpt>
			<trkpt lat="48.911553" lon="13.662477">
				<ele>931.000000</ele>
			</trkpt>
			<trkpt lat="48.911718" lon="13.662343">
				<ele>931.000000</ele>
			</trkpt>
			<trkpt lat="48.911860" lon="13.662190">
				<ele>930.000000</ele>
			</trkpt>
			<trkpt lat="48.911936" lon="13.662064">
				<ele>930.000000</ele>
			</trkpt>
			<trkpt lat="48.912066" lon="13.661830">
				<ele>930.000000</ele>
			</trkpt>
			<trkpt lat="48.912226" lon="13.661525">
				<ele>929.000000</ele>
			</trkpt>
			<trkpt lat="48.912332" lon="13.661318">
				<ele>929.000000</ele>
			</trkpt>
			<trkpt lat="48.912403" lon="13.661165">
				<ele>928.000000</ele>
			</trkpt>
			<trkpt lat="48.912586" lon="13.660834">
				<ele>928.000000</ele>
			</trkpt>
			<trkpt lat="48.912692" lon="13.660626">
				<ele>927.000000</ele>
			</trkpt>
			<trkpt lat="48.912922" lon="13.660249">
				<ele>926.000000</ele>
			</trkpt>
			<trkpt lat="48.913028" lon="13.660043">
				<ele>926.000000</ele>
			</trkpt>
			<trkpt lat="48.913087" lon="13.659917">
				<ele>925.000000</ele>
			</trkpt>
			<trkpt lat="48.913153" lon="13.659836">
				<ele>925.000000</ele>
			</trkpt>
			<trkpt lat="48.913223" lon="13.659764">
				<ele>925.000000</ele>
			</trkpt>
			<trkpt lat="48.913324" lon="13.659719">
				<ele>925.000000</ele>
			</trkpt>
			<trkpt lat="48.913554" lon="13.659612">
				<ele>924.000000</ele>
			</trkpt>
			<trkpt lat="48.913778" lon="13.659467">
				<ele>924.000000</ele>
			</trkpt>
			<trkpt lat="48.913991" lon="13.659324">
				<ele>923.000000</ele>
			</trkpt>
			<trkpt lat="48.914481" lon="13.658956">
				<ele>922.000000</ele>
			</trkpt>
			<trkpt lat="48.914770" lon="13.658767">
				<ele>922.000000</ele>
			</trkpt>
			<trkpt lat="48.914929" lon="13.658660">
				<ele>921.000000</ele>
			</trkpt>
			<trkpt lat="48.915065" lon="13.658561">
				<ele>921.000000</ele>
			</trkpt>
			<trkpt lat="48.915178" lon="13.658461">
				<ele>921.000000</ele>
			</trkpt>
			<trkpt lat="48.915461" lon="13.658148">
				<ele>920.000000</ele>
			</trkpt>
			<trkpt lat="48.915650" lon="13.657959">
				<ele>920.000000</ele>
			</trkpt>
			<trkpt lat="48.915797" lon="13.657788">
				<ele>919.000000</ele>
			</trkpt>
			<trkpt lat="48.915951" lon="13.657662">
				<ele>919.000000</ele>
			</trkpt>
			<trkpt lat="48.916086" lon="13.657572">
				<ele>918.000000</ele>
			</trkpt>
			<trkpt lat="48.916222" lon="13.657500">
				<ele>918.000000</ele>
			</trkpt>
			<trkpt lat="48.916364" lon="13.657456">
				<ele>917.000000</ele>
			</trkpt>
			<trkpt lat="48.916523" lon="13.657429">
				<ele>917.000000</ele>
			</trkpt>
			<trkpt lat="48.916671" lon="13.657410">
				<ele>917.000000</ele>
			</trkpt>
			<trkpt lat="48.916694" lon="13.657393">
				<ele>917.000000</ele>
			</trkpt>
			<trkpt lat="48.916730" lon="13.657356">
				<ele>916.000000</ele>
			</trkpt>
			<trkpt lat="48.916730" lon="13.657330">
				<ele>917.000000</ele>
			</trkpt>
			<trkpt lat="48.916730" lon="13.657285">
				<ele>917.000000</ele>
			</trkpt>
			<trkpt lat="48.916683" lon="13.657186">
				<ele>919.000000</ele>
			</trkpt>
			<trkpt lat="48.916435" lon="13.656638">
				<ele>921.000000</ele>
			</trkpt>
			<trkpt lat="48.916187" lon="13.656161">
				<ele>922.000000</ele>
			</trkpt>
			<trkpt lat="48.916122" lon="13.656045">
				<ele>923.000000</ele>
			</trkpt>
			<trkpt lat="48.916075" lon="13.655920">
				<ele>923.000000</ele>
			</trkpt>
			<trkpt lat="48.916057" lon="13.655830">
				<ele>923.000000</ele>
			</trkpt>
			<trkpt lat="48.916045" lon="13.655731">
				<ele>924.000000</ele>
			</trkpt>
			<trkpt lat="48.916075" lon="13.655272">
				<ele>925.000000</ele>
			</trkpt>
			<trkpt lat="48.916092" lon="13.655093">
				<ele>925.000000</ele>
			</trkpt>
			<trkpt lat="48.916092" lon="13.654968">
				<ele>925.000000</ele>
			</trkpt>
			<trkpt lat="48.916075" lon="13.654869">
				<ele>925.000000</ele>
			</trkpt>
			<trkpt lat="48.916033" lon="13.654733">
				<ele>926.000000</ele>
			</trkpt>
			<trkpt lat="48.915856" lon="13.654240">
				<ele>927.000000</ele>
			</trkpt>
			<trkpt lat="48.915768" lon="13.653997">
				<ele>927.000000</ele>
			</trkpt>
			<trkpt lat="48.915709" lon="13.653871">
				<ele>928.000000</ele>
			</trkpt>
			<trkpt lat="48.915638" lon="13.653781">
				<ele>928.000000</ele>
			</trkpt>
			<trkpt lat="48.915538" lon="13.653701">
				<ele>928.000000</ele>
			</trkpt>
			<trkpt lat="48.915094" lon="13.653414">
				<ele>930.000000</ele>
			</trkpt>
			<trkpt lat="48.914799" lon="13.653198">
				<ele>931.000000</ele>
			</trkpt>
			<trkpt lat="48.914658" lon="13.653108">
				<ele>932.000000</ele>
			</trkpt>
			<trkpt lat="48.914622" lon="13.653027">
				<ele>932.000000</ele>
			</trkpt>
			<trkpt lat="48.914593" lon="13.652964">
				<ele>932.000000</ele>
			</trkpt>
			<trkpt lat="48.914581" lon="13.652884">
				<ele>932.000000</ele>
			</trkpt>
			<trkpt lat="48.914593" lon="13.652766">
				<ele>932.000000</ele>
			</trkpt>
			<trkpt lat="48.915343" lon="13.651779">
				<ele>937.000000</ele>
			</trkpt>
			<trkpt lat="48.915768" lon="13.651213">
				<ele>941.000000</ele>
			</trkpt>
			<trkpt lat="48.916966" lon="13.649542">
				<ele>963.000000</ele>
			</trkpt>
			<trkpt lat="48.917019" lon="13.649479">
				<ele>964.000000</ele>
			</trkpt>
			<trkpt lat="48.917073" lon="13.649452">
				<ele>965.000000</ele>
			</trkpt>
			<trkpt lat="48.917113" lon="13.649452">
				<ele>965.000000</ele>
			</trkpt>
			<trkpt lat="48.917143" lon="13.649452">
				<ele>965.000000</ele>
			</trkpt>
			<trkpt lat="48.917179" lon="13.649479">
				<ele>965.000000</ele>
			</trkpt>
			<trkpt lat="48.917208" lon="13.649515">
				<ele>966.000000</ele>
			</trkpt>
			<trkpt lat="48.917244" lon="13.649569">
				<ele>966.000000</ele>
			</trkpt>
			<trkpt lat="48.917279" lon="13.649595">
				<ele>966.000000</ele>
			</trkpt>
			<trkpt lat="48.917315" lon="13.649613">
				<ele>966.000000</ele>
			</trkpt>
			<trkpt lat="48.917368" lon="13.649613">
				<ele>966.000000</ele>
			</trkpt>
			<trkpt lat="48.917745" lon="13.649542">
				<ele>968.000000</ele>
			</trkpt>
			<trkpt lat="48.917881" lon="13.649496">
				<ele>969.000000</ele>
			</trkpt>
			<trkpt lat="48.918005" lon="13.649442">
				<ele>969.000000</ele>
			</trkpt>
			<trkpt lat="48.918141" lon="13.649353">
				<ele>970.000000</ele>
			</trkpt>
			<trkpt lat="48.918271" lon="13.649253">
				<ele>970.000000</ele>
			</trkpt>
			<trkpt lat="48.918371" lon="13.649173">
				<ele>971.000000</ele>
			</trkpt>
			<trkpt lat="48.918601" lon="13.648930">
				<ele>973.000000</ele>
			</trkpt>
			<trkpt lat="48.918684" lon="13.648877">
				<ele>973.000000</ele>
			</trkpt>
			<trkpt lat="48.918778" lon="13.648823">
				<ele>974.000000</ele>
			</trkpt>
			<trkpt lat="48.919865" lon="13.648337">
				<ele>984.000000</ele>
			</trkpt>
			<trkpt lat="48.920148" lon="13.648185">
				<ele>988.000000</ele>
			</trkpt>
			<trkpt lat="48.920472" lon="13.647970">
				<ele>992.000000</ele>
			</trkpt>
			<trkpt lat="48.920585" lon="13.647871">
				<ele>993.000000</ele>
			</trkpt>
			<trkpt lat="48.920667" lon="13.647762">
				<ele>994.000000</ele>
			</trkpt>
			<trkpt lat="48.920703" lon="13.647691">
				<ele>994.000000</ele>
			</trkpt>
			<trkpt lat="48.920738" lon="13.647611">
				<ele>995.000000</ele>
			</trkpt>
			<trkpt lat="48.920791" lon="13.647412">
				<ele>996.000000</ele>
			</trkpt>
			<trkpt lat="48.920803" lon="13.647269">
				<ele>997.000000</ele>
			</trkpt>
			<trkpt lat="48.920821" lon="13.647142">
				<ele>998.000000</ele>
			</trkpt>
			<trkpt lat="48.920844" lon="13.646550">
				<ele>1002.000000</ele>
			</trkpt>
			<trkpt lat="48.920856" lon="13.646389">
				<ele>1003.000000</ele>
			</trkpt>
			<trkpt lat="48.920886" lon="13.646253">
				<ele>1004.000000</ele>
			</trkpt>
			<trkpt lat="48.920927" lon="13.646127">
				<ele>1005.000000</ele>
			</trkpt>
			<trkpt lat="48.920980" lon="13.645976">
				<ele>1007.000000</ele>
			</trkpt>
			<trkpt lat="48.921152" lon="13.645535">
				<ele>1011.000000</ele>
			</trkpt>
			<trkpt lat="48.921222" lon="13.645382">
				<ele>1012.000000</ele>
			</trkpt>
			<trkpt lat="48.921287" lon="13.645284">
				<ele>1013.000000</ele>
			</trkpt>
			<trkpt lat="48.921358" lon="13.645248">
				<ele>1014.000000</ele>
			</trkpt>
			<trkpt lat="48.921435" lon="13.645211">
				<ele>1015.000000</ele>
			</trkpt>
			<trkpt lat="48.921517" lon="13.645238">
				<ele>1016.000000</ele>
			</trkpt>
			<trkpt lat="48.921736" lon="13.645347">
				<ele>1018.000000</ele>
			</trkpt>
			<trkpt lat="48.922108" lon="13.645526">
				<ele>1021.000000</ele>
			</trkpt>
			<trkpt lat="48.922367" lon="13.645624">
				<ele>1023.000000</ele>
			</trkpt>
			<trkpt lat="48.922639" lon="13.645697">
				<ele>1025.000000</ele>
			</trkpt>
			<trkpt lat="48.922710" lon="13.645724">
				<ele>1025.000000</ele>
			</trkpt>
			<trkpt lat="48.922792" lon="13.645724">
				<ele>1025.000000</ele>
			</trkpt>
			<trkpt lat="48.922934" lon="13.645706">
				<ele>1025.000000</ele>
			</trkpt>
			<trkpt lat="48.923099" lon="13.645643">
				<ele>1025.000000</ele>
			</trkpt>
			<trkpt lat="48.923412" lon="13.645500">
				<ele>1025.000000</ele>
			</trkpt>
			<trkpt lat="48.923536" lon="13.645427">
				<ele>1025.000000</ele>
			</trkpt>
			<trkpt lat="48.923637" lon="13.645347">
				<ele>1025.000000</ele>
			</trkpt>
			<trkpt lat="48.923725" lon="13.645248">
				<ele>1025.000000</ele>
			</trkpt>
			<trkpt lat="48.923926" lon="13.644987">
				<ele>1025.000000</ele>
			</trkpt>
			<trkpt lat="48.924050" lon="13.644852">
				<ele>1025.000000</ele>
			</trkpt>
			<trkpt lat="48.924309" lon="13.644601">
				<ele>1025.000000</ele>
			</trkpt>
			<trkpt lat="48.924622" lon="13.644223">
				<ele>1025.000000</ele>
			</trkpt>
			<trkpt lat="48.924805" lon="13.644035">
				<ele>1025.000000</ele>
			</trkpt>
			<trkpt lat="48.925112" lon="13.643774">
				<ele>1027.000000</ele>
			</trkpt>
			<trkpt lat="48.925242" lon="13.643649">
				<ele>1029.000000</ele>
			</trkpt>
			<trkpt lat="48.925277" lon="13.643603">
				<ele>1029.000000</ele>
			</trkpt>
			<trkpt lat="48.925324" lon="13.643594">
				<ele>1029.000000</ele>
			</trkpt>
			<trkpt lat="48.925360" lon="13.643577">
				<ele>1030.000000</ele>
			</trkpt>
			<trkpt lat="48.925401" lon="13.643594">
				<ele>1030.000000</ele>
			</trkpt>
			<trkpt lat="48.925448" lon="13.643603">
				<ele>1031.000000</ele>
			</trkpt>
			<trkpt lat="48.925484" lon="13.643640">
				<ele>1031.000000</ele>
			</trkpt>
			<trkpt lat="48.925566" lon="13.643739">
				<ele>1032.000000</ele>
			</trkpt>
			<trkpt lat="48.925684" lon="13.643953">
				<ele>1035.000000</ele>
			</trkpt>
			<trkpt lat="48.925761" lon="13.644062">
				<ele>1036.000000</ele>
			</trkpt>
			<trkpt lat="48.925832" lon="13.644152">
				<ele>1037.000000</ele>
			</trkpt>
			<trkpt lat="48.925914" lon="13.644205">
				<ele>1038.000000</ele>
			</trkpt>
			<trkpt lat="48.926334" lon="13.644511">
				<ele>1040.000000</ele>
			</trkpt>
			<trkpt lat="48.926269" lon="13.644278">
				<ele>1040.000000</ele>
			</trkpt>
			<trkpt lat="48.926228" lon="13.644125">
				<ele>1040.000000</ele>
			</trkpt>
			<trkpt lat="48.926216" lon="13.644008">
				<ele>1040.000000</ele>
			</trkpt>
			<trkpt lat="48.926228" lon="13.643829">
				<ele>1040.000000</ele>
			</trkpt>
			<trkpt lat="48.926234" lon="13.643594">
				<ele>1040.000000</ele>
			</trkpt>
			<trkpt lat="48.926222" lon="13.643361">
				<ele>1040.000000</ele>
			</trkpt>
			<trkpt lat="48.926216" lon="13.643118">
				<ele>1040.000000</ele>
			</trkpt>
			<trkpt lat="48.926222" lon="13.642903">
				<ele>1040.000000</ele>
			</trkpt>
			<trkpt lat="48.926239" lon="13.642777">
				<ele>1040.000000</ele>
			</trkpt>
			<trkpt lat="48.926239" lon="13.642670">
				<ele>1040.000000</ele>
			</trkpt>
			<trkpt lat="48.926228" lon="13.642561">
				<ele>1040.000000</ele>
			</trkpt>
			<trkpt lat="48.926210" lon="13.642481">
				<ele>1040.000000</ele>
			</trkpt>
			<trkpt lat="48.926192" lon="13.642400">
				<ele>1040.000000</ele>
			</trkpt>
			<trkpt lat="48.926180" lon="13.642311">
				<ele>1040.000000</ele>
			</trkpt>
			<trkpt lat="48.926186" lon="13.642256">
				<ele>1040.000000</ele>
			</trkpt>
			<trkpt lat="48.926204" lon="13.642194">
				<ele>1040.000000</ele>
			</trkpt>
			<trkpt lat="48.926234" lon="13.642121">
				<ele>1040.000000</ele>
			</trkpt>
			<trkpt lat="48.926275" lon="13.642068">
				<ele>1040.000000</ele>
			</trkpt>
			<trkpt lat="48.926411" lon="13.641924">
				<ele>1040.000000</ele>
			</trkpt>
			<trkpt lat="48.926989" lon="13.641349">
				<ele>1040.000000</ele>
			</trkpt>
			<trkpt lat="48.927237" lon="13.641142">
				<ele>1040.000000</ele>
			</trkpt>
			<trkpt lat="48.927496" lon="13.640926">
				<ele>1040.000000</ele>
			</trkpt>
			<trkpt lat="48.928004" lon="13.640540">
				<ele>1040.000000</ele>
			</trkpt>
			<trkpt lat="48.928122" lon="13.640433">
				<ele>1040.000000</ele>
			</trkpt>
			<trkpt lat="48.928216" lon="13.640334">
				<ele>1040.000000</ele>
			</trkpt>
			<trkpt lat="48.928322" lon="13.640190">
				<ele>1040.000000</ele>
			</trkpt>
			<trkpt lat="48.928440" lon="13.640028">
				<ele>1040.000000</ele>
			</trkpt>
			<trkpt lat="48.928771" lon="13.639445">
				<ele>1040.000000</ele>
			</trkpt>
			<trkpt lat="48.929155" lon="13.638753">
				<ele>1042.000000</ele>
			</trkpt>
			<trkpt lat="48.930040" lon="13.637072">
				<ele>1045.000000</ele>
			</trkpt>
			<trkpt lat="48.930400" lon="13.636408">
				<ele>1045.000000</ele>
			</trkpt>
			<trkpt lat="48.930677" lon="13.635976">
				<ele>1045.000000</ele>
			</trkpt>
			<trkpt lat="48.930819" lon="13.635770">
				<ele>1044.000000</ele>
			</trkpt>
			<trkpt lat="48.930966" lon="13.635563">
				<ele>1044.000000</ele>
			</trkpt>
			<trkpt lat="48.931138" lon="13.635357">
				<ele>1043.000000</ele>
			</trkpt>
			<trkpt lat="48.931333" lon="13.635133">
				<ele>1043.000000</ele>
			</trkpt>
			<trkpt lat="48.931823" lon="13.634621">
				<ele>1041.000000</ele>
			</trkpt>
			<trkpt lat="48.932035" lon="13.634368">
				<ele>1040.000000</ele>
			</trkpt>
			<trkpt lat="48.932360" lon="13.633965">
				<ele>1039.000000</ele>
			</trkpt>
			<trkpt lat="48.932625" lon="13.633686">
				<ele>1037.000000</ele>
			</trkpt>
			<trkpt lat="48.932896" lon="13.633435">
				<ele>1036.000000</ele>
			</trkpt>
			<trkpt lat="48.933262" lon="13.633166">
				<ele>1034.000000</ele>
			</trkpt>
			<trkpt lat="48.933510" lon="13.633022">
				<ele>1033.000000</ele>
			</trkpt>
			<trkpt lat="48.933575" lon="13.632976">
				<ele>1033.000000</ele>
			</trkpt>
			<trkpt lat="48.933628" lon="13.632904">
				<ele>1033.000000</ele>
			</trkpt>
			<trkpt lat="48.933970" lon="13.632447">
				<ele>1031.000000</ele>
			</trkpt>
			<trkpt lat="48.934177" lon="13.632160">
				<ele>1030.000000</ele>
			</trkpt>
			<trkpt lat="48.934289" lon="13.631961">
				<ele>1028.000000</ele>
			</trkpt>
			<trkpt lat="48.934402" lon="13.631755">
				<ele>1027.000000</ele>
			</trkpt>
			<trkpt lat="48.934643" lon="13.631269">
				<ele>1025.000000</ele>
			</trkpt>
			<trkpt lat="48.934992" lon="13.630452">
				<ele>1023.000000</ele>
			</trkpt>
			<trkpt lat="48.935257" lon="13.629887">
				<ele>1021.000000</ele>
			</trkpt>
			<trkpt lat="48.935316" lon="13.629751">
				<ele>1021.000000</ele>
			</trkpt>
			<trkpt lat="48.935369" lon="13.629581">
				<ele>1021.000000</ele>
			</trkpt>
			<trkpt lat="48.935499" lon="13.629131">
				<ele>1020.000000</ele>
			</trkpt>
			<trkpt lat="48.935552" lon="13.628961">
				<ele>1020.000000</ele>
			</trkpt>
			<trkpt lat="48.935617" lon="13.628799">
				<ele>1019.000000</ele>
			</trkpt>
			<trkpt lat="48.935717" lon="13.628629">
				<ele>1019.000000</ele>
			</trkpt>
			<trkpt lat="48.935841" lon="13.628449">
				<ele>1019.000000</ele>
			</trkpt>
			<trkpt lat="48.935983" lon="13.628288">
				<ele>1019.000000</ele>
			</trkpt>
			<trkpt lat="48.936124" lon="13.628143">
				<ele>1018.000000</ele>
			</trkpt>
			<trkpt lat="48.936278" lon="13.628026">
				<ele>1018.000000</ele>
			</trkpt>
			<trkpt lat="48.936425" lon="13.627928">
				<ele>1018.000000</ele>
			</trkpt>
			<trkpt lat="48.936614" lon="13.627856">
				<ele>1017.000000</ele>
			</trkpt>
			<trkpt lat="48.936821" lon="13.627793">
				<ele>1017.000000</ele>
			</trkpt>
			<trkpt lat="48.937093" lon="13.627730">
				<ele>1017.000000</ele>
			</trkpt>
			<trkpt lat="48.937152" lon="13.627703">
				<ele>1016.000000</ele>
			</trkpt>
			<trkpt lat="48.937205" lon="13.627676">
				<ele>1016.000000</ele>
			</trkpt>
			<trkpt lat="48.937251" lon="13.627623">
				<ele>1016.000000</ele>
			</trkpt>
			<trkpt lat="48.937287" lon="13.627569">
				<ele>1016.000000</ele>
			</trkpt>
			<trkpt lat="48.937358" lon="13.627416">
				<ele>1016.000000</ele>
			</trkpt>
			<trkpt lat="48.937476" lon="13.627030">
				<ele>1016.000000</ele>
			</trkpt>
			<trkpt lat="48.937600" lon="13.626652">
				<ele>1015.000000</ele>
			</trkpt>
			<trkpt lat="48.937694" lon="13.626355">
				<ele>1015.000000</ele>
			</trkpt>
			<trkpt lat="48.937783" lon="13.626032">
				<ele>1015.000000</ele>
			</trkpt>
			<trkpt lat="48.937877" lon="13.625629">
				<ele>1016.000000</ele>
			</trkpt>
			<trkpt lat="48.937901" lon="13.625512">
				<ele>1016.000000</ele>
			</trkpt>
			<trkpt lat="48.937942" lon="13.625403">
				<ele>1016.000000</ele>
			</trkpt>
			<trkpt lat="48.937995" lon="13.625323">
				<ele>1016.000000</ele>
			</trkpt>
			<trkpt lat="48.938060" lon="13.625250">
				<ele>1016.000000</ele>
			</trkpt>
			<trkpt lat="48.938131" lon="13.625197">
				<ele>1016.000000</ele>
			</trkpt>
			<trkpt lat="48.938219" lon="13.625134">
				<ele>1017.000000</ele>
			</trkpt>
			<trkpt lat="48.938320" lon="13.625107">
				<ele>1017.000000</ele>
			</trkpt>
			<trkpt lat="48.938438" lon="13.625080">
				<ele>1017.000000</ele>
			</trkpt>
			<trkpt lat="48.938662" lon="13.625053">
				<ele>1017.000000</ele>
			</trkpt>
			<trkpt lat="48.938839" lon="13.625063">
				<ele>1018.000000</ele>
			</trkpt>
			<trkpt lat="48.939028" lon="13.625116">
				<ele>1018.000000</ele>
			</trkpt>
			<trkpt lat="48.939246" lon="13.625233">
				<ele>1018.000000</ele>
			</trkpt>
			<trkpt lat="48.939588" lon="13.625395">
				<ele>1019.000000</ele>
			</trkpt>
			<trkpt lat="48.939747" lon="13.625466">
				<ele>1019.000000</ele>
			</trkpt>
			<trkpt lat="48.939901" lon="13.625502">
				<ele>1020.000000</ele>
			</trkpt>
			<trkpt lat="48.940202" lon="13.625575">
				<ele>1019.000000</ele>
			</trkpt>
			<trkpt lat="48.940644" lon="13.625619">
				<ele>1015.000000</ele>
			</trkpt>
			<trkpt lat="48.941152" lon="13.625629">
				<ele>1013.000000</ele>
			</trkpt>
			<trkpt lat="48.941288" lon="13.625655">
				<ele>1012.000000</ele>
			</trkpt>
			<trkpt lat="48.941429" lon="13.625700">
				<ele>1012.000000</ele>
			</trkpt>
			<trkpt lat="48.941772" lon="13.625871">
				<ele>1010.000000</ele>
			</trkpt>
			<trkpt lat="48.942037" lon="13.626032">
				<ele>1009.000000</ele>
			</trkpt>
			<trkpt lat="48.942320" lon="13.626239">
				<ele>1008.000000</ele>
			</trkpt>
			<trkpt lat="48.942627" lon="13.626518">
				<ele>1006.000000</ele>
			</trkpt>
			<trkpt lat="48.942745" lon="13.626634">
				<ele>1006.000000</ele>
			</trkpt>
			<trkpt lat="48.942839" lon="13.626787">
				<ele>1005.000000</ele>
			</trkpt>
			<trkpt lat="48.942881" lon="13.626868">
				<ele>1005.000000</ele>
			</trkpt>
			<trkpt lat="48.942910" lon="13.626948">
				<ele>1004.000000</ele>
			</trkpt>
			<trkpt lat="48.942957" lon="13.627137">
				<ele>1004.000000</ele>
			</trkpt>
			<trkpt lat="48.943064" lon="13.627667">
				<ele>1002.000000</ele>
			</trkpt>
			<trkpt lat="48.943111" lon="13.628063">
				<ele>1001.000000</ele>
			</trkpt>
			<trkpt lat="48.943164" lon="13.628566">
				<ele>1000.000000</ele>
			</trkpt>
			<trkpt lat="48.943223" lon="13.629518">
				<ele>995.000000</ele>
			</trkpt>
			<trkpt lat="48.943241" lon="13.629697">
				<ele>994.000000</ele>
			</trkpt>
			<trkpt lat="48.943270" lon="13.629778">
				<ele>994.000000</ele>
			</trkpt>
			<trkpt lat="48.943294" lon="13.629860">
				<ele>993.000000</ele>
			</trkpt>
			<trkpt lat="48.943335" lon="13.629923">
				<ele>992.000000</ele>
			</trkpt>
			<trkpt lat="48.943388" lon="13.629994">
				<ele>992.000000</ele>
			</trkpt>
			<trkpt lat="48.943524" lon="13.630137">
				<ele>990.000000</ele>
			</trkpt>
			<trkpt lat="48.943577" lon="13.630183">
				<ele>990.000000</ele>
			</trkpt>
			<trkpt lat="48.943642" lon="13.630227">
				<ele>989.000000</ele>
			</trkpt>
			<trkpt lat="48.943713" lon="13.630246">
				<ele>989.000000</ele>
			</trkpt>
			<trkpt lat="48.943777" lon="13.630254">
				<ele>989.000000</ele>
			</trkpt>
			<trkpt lat="48.943895" lon="13.630254">
				<ele>988.000000</ele>
			</trkpt>
			<trkpt lat="48.944226" lon="13.630192">
				<ele>987.000000</ele>
			</trkpt>
			<trkpt lat="48.944538" lon="13.630156">
				<ele>985.000000</ele>
			</trkpt>
			<trkpt lat="48.944633" lon="13.630164">
				<ele>984.000000</ele>
			</trkpt>
			<trkpt lat="48.944734" lon="13.630192">
				<ele>983.000000</ele>
			</trkpt>
			<trkpt lat="48.944993" lon="13.630263">
				<ele>981.000000</ele>
			</trkpt>
			<trkpt lat="48.945471" lon="13.630470">
				<ele>976.000000</ele>
			</trkpt>
			<trkpt lat="48.945725" lon="13.630569">
				<ele>974.000000</ele>
			</trkpt>
			<trkpt lat="48.945813" lon="13.630623">
				<ele>974.000000</ele>
			</trkpt>
			<trkpt lat="48.945896" lon="13.630703">
				<ele>973.000000</ele>
			</trkpt>
			<trkpt lat="48.945972" lon="13.630758">
				<ele>973.000000</ele>
			</trkpt>
			<trkpt lat="48.946031" lon="13.630793">
				<ele>973.000000</ele>
			</trkpt>
			<trkpt lat="48.946244" lon="13.630856">
				<ele>971.000000</ele>
			</trkpt>
			<trkpt lat="48.946928" lon="13.631099">
				<ele>967.000000</ele>
			</trkpt>
			<trkpt lat="48.947099" lon="13.631135">
				<ele>966.000000</ele>
			</trkpt>
			<trkpt lat="48.947217" lon="13.631162">
				<ele>965.000000</ele>
			</trkpt>
			<trkpt lat="48.947335" lon="13.631171">
				<ele>965.000000</ele>
			</trkpt>
			<trkpt lat="48.947459" lon="13.631162">
				<ele>966.000000</ele>
			</trkpt>
			<trkpt lat="48.947595" lon="13.631135">
				<ele>967.000000</ele>
			</trkpt>
			<trkpt lat="48.947701" lon="13.631116">
				<ele>967.000000</ele>
			</trkpt>
			<trkpt lat="48.948161" lon="13.631009">
				<ele>970.000000</ele>
			</trkpt>
			<trkpt lat="48.948368" lon="13.630965">
				<ele>970.000000</ele>
			</trkpt>
			<trkpt lat="48.948562" lon="13.630875">
				<ele>970.000000</ele>
			</trkpt>
			<trkpt lat="48.948651" lon="13.630856">
				<ele>970.000000</ele>
			</trkpt>
			<trkpt lat="48.948757" lon="13.630856">
				<ele>970.000000</ele>
			</trkpt>
			<trkpt lat="48.948857" lon="13.630866">
				<ele>970.000000</ele>
			</trkpt>
			<trkpt lat="48.948952" lon="13.630892">
				<ele>970.000000</ele>
			</trkpt>
			<trkpt lat="48.949093" lon="13.630875">
				<ele>970.000000</ele>
			</trkpt>
			<trkpt lat="48.949146" lon="13.630875">
				<ele>970.000000</ele>
			</trkpt>
			<trkpt lat="48.949193" lon="13.630848">
				<ele>970.000000</ele>
			</trkpt>
			<trkpt lat="48.949247" lon="13.630785">
				<ele>970.000000</ele>
			</trkpt>
			<trkpt lat="48.949305" lon="13.630703">
				<ele>970.000000</ele>
			</trkpt>
			<trkpt lat="48.949465" lon="13.630470">
				<ele>970.000000</ele>
			</trkpt>
			<trkpt lat="48.949636" lon="13.630200">
				<ele>970.000000</ele>
			</trkpt>
			<trkpt lat="48.949707" lon="13.630074">
				<ele>970.000000</ele>
			</trkpt>
			<trkpt lat="48.949819" lon="13.629841">
				<ele>971.000000</ele>
			</trkpt>
			<trkpt lat="48.949889" lon="13.629626">
				<ele>972.000000</ele>
			</trkpt>
			<trkpt lat="48.950026" lon="13.629194">
				<ele>974.000000</ele>
			</trkpt>
			<trkpt lat="48.950150" lon="13.628799">
				<ele>977.000000</ele>
			</trkpt>
			<trkpt lat="48.950232" lon="13.628449">
				<ele>979.000000</ele>
			</trkpt>
			<trkpt lat="48.950285" lon="13.628305">
				<ele>980.000000</ele>
			</trkpt>
			<trkpt lat="48.950391" lon="13.628108">
				<ele>980.000000</ele>
			</trkpt>
			<trkpt lat="48.950532" lon="13.627874">
				<ele>980.000000</ele>
			</trkpt>
			<trkpt lat="48.950663" lon="13.627694">
				<ele>980.000000</ele>
			</trkpt>
			<trkpt lat="48.950716" lon="13.627604">
				<ele>980.000000</ele>
			</trkpt>
			<trkpt lat="48.950763" lon="13.627506">
				<ele>980.000000</ele>
			</trkpt>
			<trkpt lat="48.950852" lon="13.627273">
				<ele>980.000000</ele>
			</trkpt>
			<trkpt lat="48.950934" lon="13.627003">
				<ele>980.000000</ele>
			</trkpt>
			<trkpt lat="48.950964" lon="13.626886">
				<ele>980.000000</ele>
			</trkpt>
			<trkpt lat="48.950969" lon="13.626797">
				<ele>980.000000</ele>
			</trkpt>
			<trkpt lat="48.951023" lon="13.626051">
				<ele>982.000000</ele>
			</trkpt>
			<trkpt lat="48.951040" lon="13.625852">
				<ele>984.000000</ele>
			</trkpt>
			<trkpt lat="48.951076" lon="13.625655">
				<ele>985.000000</ele>
			</trkpt>
			<trkpt lat="48.951087" lon="13.625466">
				<ele>986.000000</ele>
			</trkpt>
			<trkpt lat="48.951123" lon="13.625242">
				<ele>986.000000</ele>
			</trkpt>
			<trkpt lat="48.951129" lon="13.625134">
				<ele>987.000000</ele>
			</trkpt>
			<trkpt lat="48.951158" lon="13.625053">
				<ele>987.000000</ele>
			</trkpt>
			<trkpt lat="48.951182" lon="13.624946">
				<ele>987.000000</ele>
			</trkpt>
			<trkpt lat="48.951205" lon="13.624837">
				<ele>988.000000</ele>
			</trkpt>
			<trkpt lat="48.951217" lon="13.624739">
				<ele>988.000000</ele>
			</trkpt>
			<trkpt lat="48.951211" lon="13.624613">
				<ele>988.000000</ele>
			</trkpt>
			<trkpt lat="48.951211" lon="13.624497">
				<ele>989.000000</ele>
			</trkpt>
			<trkpt lat="48.951211" lon="13.624424">
				<ele>989.000000</ele>
			</trkpt>
			<trkpt lat="48.951235" lon="13.624271">
				<ele>990.000000</ele>
			</trkpt>
			<trkpt lat="48.951247" lon="13.624120">
				<ele>990.000000</ele>
			</trkpt>
			<trkpt lat="48.951270" lon="13.623957">
				<ele>990.000000</ele>
			</trkpt>
			<trkpt lat="48.951312" lon="13.623805">
				<ele>991.000000</ele>
			</trkpt>
			<trkpt lat="48.951406" lon="13.623571">
				<ele>992.000000</ele>
			</trkpt>
			<trkpt lat="48.951530" lon="13.623265">
				<ele>993.000000</ele>
			</trkpt>
			<trkpt lat="48.951607" lon="13.623050">
				<ele>994.000000</ele>
			</trkpt>
			<trkpt lat="48.951654" lon="13.622925">
				<ele>994.000000</ele>
			</trkpt>
			<trkpt lat="48.951695" lon="13.622843">
				<ele>994.000000</ele>
			</trkpt>
			<trkpt lat="48.951742" lon="13.622772">
				<ele>995.000000</ele>
			</trkpt>
			<trkpt lat="48.951801" lon="13.622690">
				<ele>995.000000</ele>
			</trkpt>
			<trkpt lat="48.952167" lon="13.622296">
				<ele>996.000000</ele>
			</trkpt>
			<trkpt lat="48.952273" lon="13.622170">
				<ele>997.000000</ele>
			</trkpt>
			<trkpt lat="48.952362" lon="13.622026">
				<ele>997.000000</ele>
			</trkpt>
			<trkpt lat="48.952421" lon="13.621891">
				<ele>997.000000</ele>
			</trkpt>
			<trkpt lat="48.952456" lon="13.621711">
				<ele>998.000000</ele>
			</trkpt>
			<trkpt lat="48.952533" lon="13.621244">
				<ele>999.000000</ele>
			</trkpt>
			<trkpt lat="48.952539" lon="13.621110">
				<ele>999.000000</ele>
			</trkpt>
			<trkpt lat="48.952539" lon="13.620975">
				<ele>999.000000</ele>
			</trkpt>
			<trkpt lat="48.952539" lon="13.620849">
				<ele>999.000000</ele>
			</trkpt>
			<trkpt lat="48.952550" lon="13.620661">
				<ele>1000.000000</ele>
			</trkpt>
			<trkpt lat="48.952568" lon="13.620373">
				<ele>1000.000000</ele>
			</trkpt>
			<trkpt lat="48.952609" lon="13.620095">
				<ele>1001.000000</ele>
			</trkpt>
			<trkpt lat="48.952633" lon="13.619969">
				<ele>1001.000000</ele>
			</trkpt>
			<trkpt lat="48.952639" lon="13.619852">
				<ele>1002.000000</ele>
			</trkpt>
			<trkpt lat="48.952639" lon="13.619726">
				<ele>1002.000000</ele>
			</trkpt>
			<trkpt lat="48.952621" lon="13.619537">
				<ele>1003.000000</ele>
			</trkpt>
			<trkpt lat="48.952592" lon="13.619384">
				<ele>1003.000000</ele>
			</trkpt>
			<trkpt lat="48.952550" lon="13.619277">
				<ele>1003.000000</ele>
			</trkpt>
			<trkpt lat="48.952450" lon="13.619053">
				<ele>1004.000000</ele>
			</trkpt>
			<trkpt lat="48.952350" lon="13.618765">
				<ele>1005.000000</ele>
			</trkpt>
			<trkpt lat="48.952291" lon="13.618604">
				<ele>1006.000000</ele>
			</trkpt>
			<trkpt lat="48.952208" lon="13.618424">
				<ele>1007.000000</ele>
			</trkpt>
			<trkpt lat="48.952055" lon="13.618046">
				<ele>1011.000000</ele>
			</trkpt>
			<trkpt lat="48.951866" lon="13.617552">
				<ele>1015.000000</ele>
			</trkpt>
			<trkpt lat="48.951819" lon="13.617426">
				<ele>1016.000000</ele>
			</trkpt>
			<trkpt lat="48.951766" lon="13.617363">
				<ele>1016.000000</ele>
			</trkpt>
			<trkpt lat="48.951713" lon="13.617310">
				<ele>1017.000000</ele>
			</trkpt>
			<trkpt lat="48.951666" lon="13.617239">
				<ele>1017.000000</ele>
			</trkpt>
			<trkpt lat="48.951630" lon="13.617157">
				<ele>1017.000000</ele>
			</trkpt>
			<trkpt lat="48.951583" lon="13.617023">
				<ele>1018.000000</ele>
			</trkpt>
			<trkpt lat="48.951524" lon="13.616860">
				<ele>1019.000000</ele>
			</trkpt>
			<trkpt lat="48.951489" lon="13.616797">
				<ele>1019.000000</ele>
			</trkpt>
			<trkpt lat="48.951477" lon="13.616717">
				<ele>1019.000000</ele>
			</trkpt>
			<trkpt lat="48.951477" lon="13.616618">
				<ele>1020.000000</ele>
			</trkpt>
			<trkpt lat="48.951506" lon="13.616537">
				<ele>1020.000000</ele>
			</trkpt>
			<trkpt lat="48.951530" lon="13.616457">
				<ele>1020.000000</ele>
			</trkpt>
			<trkpt lat="48.951548" lon="13.616411">
				<ele>1020.000000</ele>
			</trkpt>
			<trkpt lat="48.951583" lon="13.616384">
				<ele>1020.000000</ele>
			</trkpt>
			<trkpt lat="48.951612" lon="13.616367">
				<ele>1020.000000</ele>
			</trkpt>
			<trkpt lat="48.951636" lon="13.616411">
				<ele>1020.000000</ele>
			</trkpt>
			<trkpt lat="48.951654" lon="13.616447">
				<ele>1020.000000</ele>
			</trkpt>
			<trkpt lat="48.951719" lon="13.616627">
				<ele>1020.000000</ele>
			</trkpt>
			<trkpt lat="48.951748" lon="13.616681">
				<ele>1020.000000</ele>
			</trkpt>
			<trkpt lat="48.951778" lon="13.616717">
				<ele>1020.000000</ele>
			</trkpt>
			<trkpt lat="48.951884" lon="13.616807">
				<ele>1020.000000</ele>
			</trkpt>
			<trkpt lat="48.952002" lon="13.616879">
				<ele>1020.000000</ele>
			</trkpt>
			<trkpt lat="48.952191" lon="13.616942">
				<ele>1020.000000</ele>
			</trkpt>
			<trkpt lat="48.952273" lon="13.616969">
				<ele>1020.000000</ele>
			</trkpt>
			<trkpt lat="48.952851" lon="13.617193">
				<ele>1020.000000</ele>
			</trkpt>
			<trkpt lat="48.952975" lon="13.617176">
				<ele>1020.000000</ele>
			</trkpt>
			<trkpt lat="48.953069" lon="13.617157">
				<ele>1020.000000</ele>
			</trkpt>
			<trkpt lat="48.953176" lon="13.617103">
				<ele>1020.000000</ele>
			</trkpt>
			<trkpt lat="48.953264" lon="13.617059">
				<ele>1020.000000</ele>
			</trkpt>
			<trkpt lat="48.953382" lon="13.616977">
				<ele>1020.000000</ele>
			</trkpt>
			<trkpt lat="48.953512" lon="13.616852">
				<ele>1020.000000</ele>
			</trkpt>
			<trkpt lat="48.953618" lon="13.616681">
				<ele>1020.000000</ele>
			</trkpt>
			<trkpt lat="48.953665" lon="13.616636">
				<ele>1020.000000</ele>
			</trkpt>
			<trkpt lat="48.953706" lon="13.616610">
				<ele>1020.000000</ele>
			</trkpt>
			<trkpt lat="48.953760" lon="13.616591">
				<ele>1020.000000</ele>
			</trkpt>
			<trkpt lat="48.953807" lon="13.616610">
				<ele>1020.000000</ele>
			</trkpt>
			<trkpt lat="48.954025" lon="13.616681">
				<ele>1020.000000</ele>
			</trkpt>
			<trkpt lat="48.954131" lon="13.616753">
				<ele>1020.000000</ele>
			</trkpt>
			<trkpt lat="48.954190" lon="13.616789">
				<ele>1020.000000</ele>
			</trkpt>
			<trkpt lat="48.954226" lon="13.616843">
				<ele>1019.000000</ele>
			</trkpt>
			<trkpt lat="48.954261" lon="13.616906">
				<ele>1019.000000</ele>
			</trkpt>
			<trkpt lat="48.954290" lon="13.616986">
				<ele>1019.000000</ele>
			</trkpt>
			<trkpt lat="48.954338" lon="13.617166">
				<ele>1019.000000</ele>
			</trkpt>
			<trkpt lat="48.954361" lon="13.617239">
				<ele>1019.000000</ele>
			</trkpt>
			<trkpt lat="48.954408" lon="13.617300">
				<ele>1019.000000</ele>
			</trkpt>
			<trkpt lat="48.954461" lon="13.617355">
				<ele>1019.000000</ele>
			</trkpt>
			<trkpt lat="48.954591" lon="13.617418">
				<ele>1019.000000</ele>
			</trkpt>
			<trkpt lat="48.954709" lon="13.617445">
				<ele>1018.000000</ele>
			</trkpt>
			<trkpt lat="48.954815" lon="13.617426">
				<ele>1018.000000</ele>
			</trkpt>
			<trkpt lat="48.955057" lon="13.617382">
				<ele>1018.000000</ele>
			</trkpt>
			<trkpt lat="48.955163" lon="13.617363">
				<ele>1018.000000</ele>
			</trkpt>
			<trkpt lat="48.955618" lon="13.617319">
				<ele>1017.000000</ele>
			</trkpt>
			<trkpt lat="48.955623" lon="13.617157">
				<ele>1017.000000</ele>
			</trkpt>
			<trkpt lat="48.955653" lon="13.616762">
				<ele>1018.000000</ele>
			</trkpt>
			<trkpt lat="48.955665" lon="13.616403">
				<ele>1019.000000</ele>
			</trkpt>
			<trkpt lat="48.955665" lon="13.615639">
				<ele>1020.000000</ele>
			</trkpt>
			<trkpt lat="48.955682" lon="13.615342">
				<ele>1020.000000</ele>
			</trkpt>
			<trkpt lat="48.955712" lon="13.615036">
				<ele>1021.000000</ele>
			</trkpt>
			<trkpt lat="48.955765" lon="13.614713">
				<ele>1021.000000</ele>
			</trkpt>
			<trkpt lat="48.955842" lon="13.614390">
				<ele>1022.000000</ele>
			</trkpt>
			<trkpt lat="48.956013" lon="13.613707">
				<ele>1023.000000</ele>
			</trkpt>
			<trkpt lat="48.956178" lon="13.613151">
				<ele>1024.000000</ele>
			</trkpt>
			<trkpt lat="48.956231" lon="13.612989">
				<ele>1024.000000</ele>
			</trkpt>
			<trkpt lat="48.956261" lon="13.612809">
				<ele>1025.000000</ele>
			</trkpt>
			<trkpt lat="48.956290" lon="13.612656">
				<ele>1025.000000</ele>
			</trkpt>
			<trkpt lat="48.956314" lon="13.612495">
				<ele>1025.000000</ele>
			</trkpt>
			<trkpt lat="48.956343" lon="13.612235">
				<ele>1025.000000</ele>
			</trkpt>
			<trkpt lat="48.956402" lon="13.611849">
				<ele>1025.000000</ele>
			</trkpt>
			<trkpt lat="48.956455" lon="13.611579">
				<ele>1025.000000</ele>
			</trkpt>
			<trkpt lat="48.956550" lon="13.611220">
				<ele>1025.000000</ele>
			</trkpt>
			<trkpt lat="48.956603" lon="13.611021">
				<ele>1025.000000</ele>
			</trkpt>
			<trkpt lat="48.956591" lon="13.610833">
				<ele>1024.000000</ele>
			</trkpt>
			<trkpt lat="48.956603" lon="13.610411">
				<ele>1023.000000</ele>
			</trkpt>
			<trkpt lat="48.956603" lon="13.610258">
				<ele>1022.000000</ele>
			</trkpt>
			<trkpt lat="48.956591" lon="13.610151">
				<ele>1022.000000</ele>
			</trkpt>
			<trkpt lat="48.956573" lon="13.610061">
				<ele>1021.000000</ele>
			</trkpt>
			<trkpt lat="48.956508" lon="13.609826">
				<ele>1021.000000</ele>
			</trkpt>
			<trkpt lat="48.956467" lon="13.609702">
				<ele>1020.000000</ele>
			</trkpt>
			<trkpt lat="48.956420" lon="13.609612">
				<ele>1020.000000</ele>
			</trkpt>
			<trkpt lat="48.956367" lon="13.609512">
				<ele>1019.000000</ele>
			</trkpt>
			<trkpt lat="48.956314" lon="13.609449">
				<ele>1019.000000</ele>
			</trkpt>
			<trkpt lat="48.956119" lon="13.609233">
				<ele>1017.000000</ele>
			</trkpt>
			<trkpt lat="48.955971" lon="13.609019">
				<ele>1016.000000</ele>
			</trkpt>
			<trkpt lat="48.955848" lon="13.608803">
				<ele>1015.000000</ele>
			</trkpt>
			<trkpt lat="48.955806" lon="13.608694">
				<ele>1015.000000</ele>
			</trkpt>
			<trkpt lat="48.955771" lon="13.608605">
				<ele>1015.000000</ele>
			</trkpt>
			<trkpt lat="48.955753" lon="13.608507">
				<ele>1015.000000</ele>
			</trkpt>
			<trkpt lat="48.955753" lon="13.608417">
				<ele>1015.000000</ele>
			</trkpt>
			<trkpt lat="48.955747" lon="13.608291">
				<ele>1015.000000</ele>
			</trkpt>
			<trkpt lat="48.955759" lon="13.608191">
				<ele>1015.000000</ele>
			</trkpt>
			<trkpt lat="48.955771" lon="13.608031">
				<ele>1015.000000</ele>
			</trkpt>
			<trkpt lat="48.955783" lon="13.607895">
				<ele>1015.000000</ele>
			</trkpt>
			<trkpt lat="48.955777" lon="13.607770">
				<ele>1015.000000</ele>
			</trkpt>
			<trkpt lat="48.955759" lon="13.607635">
				<ele>1015.000000</ele>
			</trkpt>
			<trkpt lat="48.955730" lon="13.607482">
				<ele>1015.000000</ele>
			</trkpt>
			<trkpt lat="48.955718" lon="13.607348">
				<ele>1016.000000</ele>
			</trkpt>
			<trkpt lat="48.955706" lon="13.606845">
				<ele>1018.000000</ele>
			</trkpt>
			<trkpt lat="48.955682" lon="13.606503">
				<ele>1020.000000</ele>
			</trkpt>
			<trkpt lat="48.955635" lon="13.606207">
				<ele>1021.000000</ele>
			</trkpt>
			<trkpt lat="48.955576" lon="13.605946">
				<ele>1023.000000</ele>
			</trkpt>
			<trkpt lat="48.955464" lon="13.605650">
				<ele>1025.000000</ele>
			</trkpt>
			<trkpt lat="48.955287" lon="13.605075">
				<ele>1027.000000</ele>
			</trkpt>
			<trkpt lat="48.955193" lon="13.604428">
				<ele>1030.000000</ele>
			</trkpt>
			<trkpt lat="48.955140" lon="13.604015">
				<ele>1031.000000</ele>
			</trkpt>
			<trkpt lat="48.955110" lon="13.603637">
				<ele>1032.000000</ele>
			</trkpt>
			<trkpt lat="48.955093" lon="13.603188">
				<ele>1034.000000</ele>
			</trkpt>
			<trkpt lat="48.955099" lon="13.602857">
				<ele>1035.000000</ele>
			</trkpt>
			<trkpt lat="48.955181" lon="13.602155">
				<ele>1037.000000</ele>
			</trkpt>
			<trkpt lat="48.955187" lon="13.601994">
				<ele>1037.000000</ele>
			</trkpt>
			<trkpt lat="48.955193" lon="13.601805">
				<ele>1038.000000</ele>
			</trkpt>
			<trkpt lat="48.955181" lon="13.601545">
				<ele>1039.000000</ele>
			</trkpt>
			<trkpt lat="48.955158" lon="13.601104">
				<ele>1040.000000</ele>
			</trkpt>
			<trkpt lat="48.955158" lon="13.600889">
				<ele>1041.000000</ele>
			</trkpt>
			<trkpt lat="48.955152" lon="13.600646">
				<ele>1043.000000</ele>
			</trkpt>
			<trkpt lat="48.955169" lon="13.600394">
				<ele>1045.000000</ele>
			</trkpt>
			<trkpt lat="48.955193" lon="13.600161">
				<ele>1045.000000</ele>
			</trkpt>
			<trkpt lat="48.955234" lon="13.599901">
				<ele>1045.000000</ele>
			</trkpt>
			<trkpt lat="48.955311" lon="13.599792">
				<ele>1045.000000</ele>
			</trkpt>
			<trkpt lat="48.955311" lon="13.599792">
				<ele>1045.000000</ele>
			</trkpt>
			<trkpt lat="48.955464" lon="13.599586">
				<ele>1045.000000</ele>
			</trkpt>
			<trkpt lat="48.955629" lon="13.599344">
				<ele>1045.000000</ele>
			</trkpt>
			<trkpt lat="48.955977" lon="13.598859">
				<ele>1045.000000</ele>
			</trkpt>
			<trkpt lat="48.956084" lon="13.598688">
				<ele>1045.000000</ele>
			</trkpt>
			<trkpt lat="48.956190" lon="13.598499">
				<ele>1045.000000</ele>
			</trkpt>
			<trkpt lat="48.956243" lon="13.598409">
				<ele>1045.000000</ele>
			</trkpt>
			<trkpt lat="48.956302" lon="13.598346">
				<ele>1045.000000</ele>
			</trkpt>
			<trkpt lat="48.956355" lon="13.598302">
				<ele>1045.000000</ele>
			</trkpt>
			<trkpt lat="48.956437" lon="13.598274">
				<ele>1045.000000</ele>
			</trkpt>
			<trkpt lat="48.956502" lon="13.598257">
				<ele>1045.000000</ele>
			</trkpt>
			<trkpt lat="48.956561" lon="13.598203">
				<ele>1045.000000</ele>
			</trkpt>
			<trkpt lat="48.956614" lon="13.598130">
				<ele>1045.000000</ele>
			</trkpt>
			<trkpt lat="48.956679" lon="13.598004">
				<ele>1045.000000</ele>
			</trkpt>
			<trkpt lat="48.956809" lon="13.597646">
				<ele>1045.000000</ele>
			</trkpt>
			<trkpt lat="48.956850" lon="13.597574">
				<ele>1045.000000</ele>
			</trkpt>
			<trkpt lat="48.956915" lon="13.597493">
				<ele>1045.000000</ele>
			</trkpt>
			<trkpt lat="48.956992" lon="13.597385">
				<ele>1045.000000</ele>
			</trkpt>
			<trkpt lat="48.957063" lon="13.597287">
				<ele>1045.000000</ele>
			</trkpt>
			<trkpt lat="48.957257" lon="13.596838">
				<ele>1047.000000</ele>
			</trkpt>
			<trkpt lat="48.957281" lon="13.596801">
				<ele>1048.000000</ele>
			</trkpt>
			<trkpt lat="48.957310" lon="13.596775">
				<ele>1048.000000</ele>
			</trkpt>
			<trkpt lat="48.957335" lon="13.596756">
				<ele>1048.000000</ele>
			</trkpt>
			<trkpt lat="48.957381" lon="13.596756">
				<ele>1048.000000</ele>
			</trkpt>
			<trkpt lat="48.957464" lon="13.596784">
				<ele>1049.000000</ele>
			</trkpt>
			<trkpt lat="48.957599" lon="13.596846">
				<ele>1050.000000</ele>
			</trkpt>
			<trkpt lat="48.957700" lon="13.596882">
				<ele>1051.000000</ele>
			</trkpt>
			<trkpt lat="48.957788" lon="13.596891">
				<ele>1052.000000</ele>
			</trkpt>
			<trkpt lat="48.957877" lon="13.596891">
				<ele>1053.000000</ele>
			</trkpt>
			<trkpt lat="48.958084" lon="13.596855">
				<ele>1055.000000</ele>
			</trkpt>
			<trkpt lat="48.958177" lon="13.596855">
				<ele>1055.000000</ele>
			</trkpt>
			<trkpt lat="48.958255" lon="13.596882">
				<ele>1056.000000</ele>
			</trkpt>
			<trkpt lat="48.958337" lon="13.596936">
				<ele>1057.000000</ele>
			</trkpt>
			<trkpt lat="48.958520" lon="13.597080">
				<ele>1058.000000</ele>
			</trkpt>
			<trkpt lat="48.958668" lon="13.597170">
				<ele>1059.000000</ele>
			</trkpt>
			<trkpt lat="48.958803" lon="13.597224">
				<ele>1060.000000</ele>
			</trkpt>
			<trkpt lat="48.958962" lon="13.597232">
				<ele>1062.000000</ele>
			</trkpt>
			<trkpt lat="48.959216" lon="13.597205">
				<ele>1064.000000</ele>
			</trkpt>
			<trkpt lat="48.959700" lon="13.597170">
				<ele>1067.000000</ele>
			</trkpt>
			<trkpt lat="48.959911" lon="13.597125">
				<ele>1069.000000</ele>
			</trkpt>
			<trkpt lat="48.960166" lon="13.597044">
				<ele>1070.000000</ele>
			</trkpt>
			<trkpt lat="48.960284" lon="13.596999">
				<ele>1071.000000</ele>
			</trkpt>
			<trkpt lat="48.960360" lon="13.596945">
				<ele>1071.000000</ele>
			</trkpt>
			<trkpt lat="48.960431" lon="13.596873">
				<ele>1072.000000</ele>
			</trkpt>
			<trkpt lat="48.960531" lon="13.596748">
				<ele>1073.000000</ele>
			</trkpt>
			<trkpt lat="48.960590" lon="13.596675">
				<ele>1073.000000</ele>
			</trkpt>
			<trkpt lat="48.960655" lon="13.596622">
				<ele>1074.000000</ele>
			</trkpt>
			<trkpt lat="48.960921" lon="13.596406">
				<ele>1076.000000</ele>
			</trkpt>
			<trkpt lat="48.961316" lon="13.596029">
				<ele>1079.000000</ele>
			</trkpt>
			<trkpt lat="48.961481" lon="13.595885">
				<ele>1081.000000</ele>
			</trkpt>
			<trkpt lat="48.961546" lon="13.595849">
				<ele>1082.000000</ele>
			</trkpt>
			<trkpt lat="48.961617" lon="13.595831">
				<ele>1083.000000</ele>
			</trkpt>
			<trkpt lat="48.961681" lon="13.595813">
				<ele>1084.000000</ele>
			</trkpt>
			<trkpt lat="48.961876" lon="13.595813">
				<ele>1086.000000</ele>
			</trkpt>
			<trkpt lat="48.962065" lon="13.595822">
				<ele>1088.000000</ele>
			</trkpt>
			<trkpt lat="48.962177" lon="13.595840">
				<ele>1089.000000</ele>
			</trkpt>
			<trkpt lat="48.962283" lon="13.595903">
				<ele>1090.000000</ele>
			</trkpt>
			<trkpt lat="48.962377" lon="13.596010">
				<ele>1091.000000</ele>
			</trkpt>
			<trkpt lat="48.962548" lon="13.596226">
				<ele>1092.000000</ele>
			</trkpt>
			<trkpt lat="48.962613" lon="13.596280">
				<ele>1093.000000</ele>
			</trkpt>
			<trkpt lat="48.962678" lon="13.596307">
				<ele>1093.000000</ele>
			</trkpt>
			<trkpt lat="48.962749" lon="13.596280">
				<ele>1094.000000</ele>
			</trkpt>
			<trkpt lat="48.962802" lon="13.596218">
				<ele>1094.000000</ele>
			</trkpt>
			<trkpt lat="48.962861" lon="13.596083">
				<ele>1095.000000</ele>
			</trkpt>
			<trkpt lat="48.962967" lon="13.595804">
				<ele>1097.000000</ele>
			</trkpt>
			<trkpt lat="48.963026" lon="13.595670">
				<ele>1098.000000</ele>
			</trkpt>
			<trkpt lat="48.963097" lon="13.595517">
				<ele>1099.000000</ele>
			</trkpt>
			<trkpt lat="48.963185" lon="13.595391">
				<ele>1100.000000</ele>
			</trkpt>
			<trkpt lat="48.963516" lon="13.594915">
				<ele>1104.000000</ele>
			</trkpt>
			<trkpt lat="48.963604" lon="13.594817">
				<ele>1105.000000</ele>
			</trkpt>
			<trkpt lat="48.963681" lon="13.594735">
				<ele>1106.000000</ele>
			</trkpt>
			<trkpt lat="48.963769" lon="13.594681">
				<ele>1107.000000</ele>
			</trkpt>
			<trkpt lat="48.963934" lon="13.594618">
				<ele>1109.000000</ele>
			</trkpt>
			<trkpt lat="48.963993" lon="13.594574">
				<ele>1109.000000</ele>
			</trkpt>
			<trkpt lat="48.964046" lon="13.594528">
				<ele>1110.000000</ele>
			</trkpt>
			<trkpt lat="48.964094" lon="13.594465">
				<ele>1110.000000</ele>
			</trkpt>
			<trkpt lat="48.964147" lon="13.594367">
				<ele>1111.000000</ele>
			</trkpt>
			<trkpt lat="48.964253" lon="13.594161">
				<ele>1112.000000</ele>
			</trkpt>
			<trkpt lat="48.964394" lon="13.593918">
				<ele>1114.000000</ele>
			</trkpt>
			<trkpt lat="48.964559" lon="13.593612">
				<ele>1117.000000</ele>
			</trkpt>
			<trkpt lat="48.964689" lon="13.593298">
				<ele>1119.000000</ele>
			</trkpt>
			<trkpt lat="48.964854" lon="13.592857">
				<ele>1122.000000</ele>
			</trkpt>
			<trkpt lat="48.964925" lon="13.592704">
				<ele>1123.000000</ele>
			</trkpt>
			<trkpt lat="48.965008" lon="13.592561">
				<ele>1124.000000</ele>
			</trkpt>
			<trkpt lat="48.965155" lon="13.592291">
				<ele>1126.000000</ele>
			</trkpt>
			<trkpt lat="48.965261" lon="13.592041">
				<ele>1128.000000</ele>
			</trkpt>
			<trkpt lat="48.965314" lon="13.591897">
				<ele>1129.000000</ele>
			</trkpt>
			<trkpt lat="48.965326" lon="13.591834">
				<ele>1129.000000</ele>
			</trkpt>
			<trkpt lat="48.965338" lon="13.591762">
				<ele>1130.000000</ele>
			</trkpt>
			<trkpt lat="48.965344" lon="13.591672">
				<ele>1130.000000</ele>
			</trkpt>
			<trkpt lat="48.965373" lon="13.591582">
				<ele>1131.000000</ele>
			</trkpt>
			<trkpt lat="48.965409" lon="13.591519">
				<ele>1131.000000</ele>
			</trkpt>
			<trkpt lat="48.965468" lon="13.591456">
				<ele>1132.000000</ele>
			</trkpt>
			<trkpt lat="48.965550" lon="13.591385">
				<ele>1133.000000</ele>
			</trkpt>
			<trkpt lat="48.965674" lon="13.591312">
				<ele>1135.000000</ele>
			</trkpt>
			<trkpt lat="48.965839" lon="13.591699">
				<ele>1137.000000</ele>
			</trkpt>
			<trkpt lat="48.966022" lon="13.592085">
				<ele>1139.000000</ele>
			</trkpt>
			<trkpt lat="48.966164" lon="13.592373">
				<ele>1140.000000</ele>
			</trkpt>
			<trkpt lat="48.966234" lon="13.592490">
				<ele>1141.000000</ele>
			</trkpt>
			<trkpt lat="48.966299" lon="13.592597">
				<ele>1141.000000</ele>
			</trkpt>
			<trkpt lat="48.966376" lon="13.592704">
				<ele>1142.000000</ele>
			</trkpt>
			<trkpt lat="48.966458" lon="13.592786">
				<ele>1143.000000</ele>
			</trkpt>
			<trkpt lat="48.966612" lon="13.592930">
				<ele>1144.000000</ele>
			</trkpt>
			<trkpt lat="48.966895" lon="13.593146">
				<ele>1146.000000</ele>
			</trkpt>
			<trkpt lat="48.966948" lon="13.593190">
				<ele>1146.000000</ele>
			</trkpt>
			<trkpt lat="48.966995" lon="13.593244">
				<ele>1147.000000</ele>
			</trkpt>
			<trkpt lat="48.967131" lon="13.593450">
				<ele>1148.000000</ele>
			</trkpt>
			<trkpt lat="48.967196" lon="13.593532">
				<ele>1149.000000</ele>
			</trkpt>
			<trkpt lat="48.967355" lon="13.593702">
				<ele>1150.000000</ele>
			</trkpt>
			<trkpt lat="48.967597" lon="13.593918">
				<ele>1152.000000</ele>
			</trkpt>
			<trkpt lat="48.967632" lon="13.593954">
				<ele>1152.000000</ele>
			</trkpt>
			<trkpt lat="48.968092" lon="13.594322">
				<ele>1156.000000</ele>
			</trkpt>
			<trkpt lat="48.968139" lon="13.593666">
				<ele>1162.000000</ele>
			</trkpt>
			<trkpt lat="48.968151" lon="13.593253">
				<ele>1165.000000</ele>
			</trkpt>
			<trkpt lat="48.968139" lon="13.592993">
				<ele>1166.000000</ele>
			</trkpt>
			<trkpt lat="48.968098" lon="13.592670">
				<ele>1167.000000</ele>
			</trkpt>
			<trkpt lat="48.968080" lon="13.592490">
				<ele>1167.000000</ele>
			</trkpt>
			<trkpt lat="48.968080" lon="13.592346">
				<ele>1168.000000</ele>
			</trkpt>
			<trkpt lat="48.968086" lon="13.592220">
				<ele>1168.000000</ele>
			</trkpt>
			<trkpt lat="48.968122" lon="13.592085">
				<ele>1168.000000</ele>
			</trkpt>
			<trkpt lat="48.968304" lon="13.591465">
				<ele>1170.000000</ele>
			</trkpt>
			<trkpt lat="48.968422" lon="13.591025">
				<ele>1170.000000</ele>
			</trkpt>
			<trkpt lat="48.968517" lon="13.590666">
				<ele>1170.000000</ele>
			</trkpt>
			<trkpt lat="48.968552" lon="13.590576">
				<ele>1170.000000</ele>
			</trkpt>
			<trkpt lat="48.968576" lon="13.590513">
				<ele>1170.000000</ele>
			</trkpt>
			<trkpt lat="48.968623" lon="13.590441">
				<ele>1170.000000</ele>
			</trkpt>
			<trkpt lat="48.968753" lon="13.590243">
				<ele>1170.000000</ele>
			</trkpt>
			<trkpt lat="48.968894" lon="13.590083">
				<ele>1170.000000</ele>
			</trkpt>
			<trkpt lat="48.969047" lon="13.589920">
				<ele>1170.000000</ele>
			</trkpt>
			<trkpt lat="48.969236" lon="13.589758">
				<ele>1170.000000</ele>
			</trkpt>
			<trkpt lat="48.969419" lon="13.589588">
				<ele>1170.000000</ele>
			</trkpt>
			<trkpt lat="48.969637" lon="13.589427">
				<ele>1170.000000</ele>
			</trkpt>
			<trkpt lat="48.970321" lon="13.588941">
				<ele>1170.000000</ele>
			</trkpt>
			<trkpt lat="48.970610" lon="13.588744">
				<ele>1170.000000</ele>
			</trkpt>
			<trkpt lat="48.970858" lon="13.588599">
				<ele>1170.000000</ele>
			</trkpt>
			<trkpt lat="48.971123" lon="13.588475">
				<ele>1172.000000</ele>
			</trkpt>
			<trkpt lat="48.971536" lon="13.588295">
				<ele>1175.000000</ele>
			</trkpt>
			<trkpt lat="48.971737" lon="13.588205">
				<ele>1177.000000</ele>
			</trkpt>
			<trkpt lat="48.972533" lon="13.587854">
				<ele>1186.000000</ele>
			</trkpt>
			<trkpt lat="48.972981" lon="13.587693">
				<ele>1191.000000</ele>
			</trkpt>
			<trkpt lat="48.973434" lon="13.587549">
				<ele>1195.000000</ele>
			</trkpt>
			<trkpt lat="48.973989" lon="13.587423">
				<ele>1201.000000</ele>
			</trkpt>
			<trkpt lat="48.973783" lon="13.586687">
				<ele>1205.000000</ele>
			</trkpt>
			<trkpt lat="48.973481" lon="13.585590">
				<ele>1210.000000</ele>
			</trkpt>
			<trkpt lat="48.973340" lon="13.585087">
				<ele>1212.000000</ele>
			</trkpt>
			<trkpt lat="48.973211" lon="13.584603">
				<ele>1215.000000</ele>
			</trkpt>
			<trkpt lat="48.973134" lon="13.584243">
				<ele>1217.000000</ele>
			</trkpt>
			<trkpt lat="48.973075" lon="13.583884">
				<ele>1219.000000</ele>
			</trkpt>
			<trkpt lat="48.973046" lon="13.583561">
				<ele>1221.000000</ele>
			</trkpt>
			<trkpt lat="48.973046" lon="13.583561">
				<ele>1221.000000</ele>
			</trkpt>
			<trkpt lat="48.973034" lon="13.583443">
				<ele>1222.000000</ele>
			</trkpt>
			<trkpt lat="48.972939" lon="13.582186">
				<ele>1230.000000</ele>
			</trkpt>
			<trkpt lat="48.972886" lon="13.581521">
				<ele>1234.000000</ele>
			</trkpt>
			<trkpt lat="48.972851" lon="13.581098">
				<ele>1238.000000</ele>
			</trkpt>
			<trkpt lat="48.972839" lon="13.580739">
				<ele>1241.000000</ele>
			</trkpt>
			<trkpt lat="48.972816" lon="13.579733">
				<ele>1248.000000</ele>
			</trkpt>
			<trkpt lat="48.972822" lon="13.579490">
				<ele>1250.000000</ele>
			</trkpt>
			<trkpt lat="48.972851" lon="13.579293">
				<ele>1251.000000</ele>
			</trkpt>
			<trkpt lat="48.972892" lon="13.579114">
				<ele>1253.000000</ele>
			</trkpt>
			<trkpt lat="48.972981" lon="13.578880">
				<ele>1254.000000</ele>
			</trkpt>
			<trkpt lat="48.973287" lon="13.578233">
				<ele>1255.000000</ele>
			</trkpt>
			<trkpt lat="48.973417" lon="13.577955">
				<ele>1255.000000</ele>
			</trkpt>
			<trkpt lat="48.973523" lon="13.577695">
				<ele>1255.000000</ele>
			</trkpt>
			<trkpt lat="48.973624" lon="13.577398">
				<ele>1255.000000</ele>
			</trkpt>
			<trkpt lat="48.973671" lon="13.577236">
				<ele>1255.000000</ele>
			</trkpt>
			<trkpt lat="48.973711" lon="13.577056">
				<ele>1255.000000</ele>
			</trkpt>
			<trkpt lat="48.973736" lon="13.576877">
				<ele>1255.000000</ele>
			</trkpt>
			<trkpt lat="48.973753" lon="13.576714">
				<ele>1254.000000</ele>
			</trkpt>
			<trkpt lat="48.973747" lon="13.576490">
				<ele>1253.000000</ele>
			</trkpt>
			<trkpt lat="48.973736" lon="13.576221">
				<ele>1251.000000</ele>
			</trkpt>
			<trkpt lat="48.973741" lon="13.575961">
				<ele>1249.000000</ele>
			</trkpt>
			<trkpt lat="48.973770" lon="13.575098">
				<ele>1244.000000</ele>
			</trkpt>
			<trkpt lat="48.973770" lon="13.574667">
				<ele>1241.000000</ele>
			</trkpt>
			<trkpt lat="48.973770" lon="13.574487">
				<ele>1240.000000</ele>
			</trkpt>
			<trkpt lat="48.973789" lon="13.574334">
				<ele>1238.000000</ele>
			</trkpt>
			<trkpt lat="48.973818" lon="13.574200">
				<ele>1237.000000</ele>
			</trkpt>
			<trkpt lat="48.973871" lon="13.574030">
				<ele>1236.000000</ele>
			</trkpt>
			<trkpt lat="48.973924" lon="13.573894">
				<ele>1234.000000</ele>
			</trkpt>
			<trkpt lat="48.974065" lon="13.573634">
				<ele>1232.000000</ele>
			</trkpt>
			<trkpt lat="48.974089" lon="13.573544">
				<ele>1231.000000</ele>
			</trkpt>
			<trkpt lat="48.974124" lon="13.573454">
				<ele>1230.000000</ele>
			</trkpt>
			<trkpt lat="48.974177" lon="13.573175">
				<ele>1228.000000</ele>
			</trkpt>
			<trkpt lat="48.974207" lon="13.572942">
				<ele>1227.000000</ele>
			</trkpt>
			<trkpt lat="48.974207" lon="13.572709">
				<ele>1225.000000</ele>
			</trkpt>
			<trkpt lat="48.974177" lon="13.572439">
				<ele>1223.000000</ele>
			</trkpt>
			<trkpt lat="48.974036" lon="13.571334">
				<ele>1215.000000</ele>
			</trkpt>
			<trkpt lat="48.973995" lon="13.571074">
				<ele>1213.000000</ele>
			</trkpt>
			<trkpt lat="48.973947" lon="13.570804">
				<ele>1211.000000</ele>
			</trkpt>
			<trkpt lat="48.973871" lon="13.570490">
				<ele>1209.000000</ele>
			</trkpt>
			<trkpt lat="48.973783" lon="13.570238">
				<ele>1207.000000</ele>
			</trkpt>
			<trkpt lat="48.973658" lon="13.569995">
				<ele>1205.000000</ele>
			</trkpt>
			<trkpt lat="48.973494" lon="13.569726">
				<ele>1203.000000</ele>
			</trkpt>
			<trkpt lat="48.973034" lon="13.568944">
				<ele>1196.000000</ele>
			</trkpt>
			<trkpt lat="48.972934" lon="13.568801">
				<ele>1194.000000</ele>
			</trkpt>
			<trkpt lat="48.972833" lon="13.568674">
				<ele>1193.000000</ele>
			</trkpt>
			<trkpt lat="48.972727" lon="13.568567">
				<ele>1192.000000</ele>
			</trkpt>
			<trkpt lat="48.972615" lon="13.568495">
				<ele>1191.000000</ele>
			</trkpt>
			<trkpt lat="48.972497" lon="13.568414">
				<ele>1190.000000</ele>
			</trkpt>
			<trkpt lat="48.972373" lon="13.568361">
				<ele>1188.000000</ele>
			</trkpt>
			<trkpt lat="48.972297" lon="13.568324">
				<ele>1188.000000</ele>
			</trkpt>
			<trkpt lat="48.972244" lon="13.568280">
				<ele>1187.000000</ele>
			</trkpt>
			<trkpt lat="48.972208" lon="13.568235">
				<ele>1187.000000</ele>
			</trkpt>
			<trkpt lat="48.972179" lon="13.568190">
				<ele>1186.000000</ele>
			</trkpt>
			<trkpt lat="48.972161" lon="13.568109">
				<ele>1186.000000</ele>
			</trkpt>
			<trkpt lat="48.972132" lon="13.568028">
				<ele>1185.000000</ele>
			</trkpt>
			<trkpt lat="48.971807" lon="13.566456">
				<ele>1173.000000</ele>
			</trkpt>
			<trkpt lat="48.971577" lon="13.565271">
				<ele>1166.000000</ele>
			</trkpt>
			<trkpt lat="48.971536" lon="13.565028">
				<ele>1165.000000</ele>
			</trkpt>
			<trkpt lat="48.971518" lon="13.564821">
				<ele>1165.000000</ele>
			</trkpt>
			<trkpt lat="48.971518" lon="13.564632">
				<ele>1165.000000</ele>
			</trkpt>
			<trkpt lat="48.971542" lon="13.564453">
				<ele>1165.000000</ele>
			</trkpt>
			<trkpt lat="48.971601" lon="13.564175">
				<ele>1165.000000</ele>
			</trkpt>
			<trkpt lat="48.971660" lon="13.563932">
				<ele>1165.000000</ele>
			</trkpt>
			<trkpt lat="48.971731" lon="13.563707">
				<ele>1165.000000</ele>
			</trkpt>
			<trkpt lat="48.971849" lon="13.563403">
				<ele>1165.000000</ele>
			</trkpt>
			<trkpt lat="48.971896" lon="13.563267">
				<ele>1165.000000</ele>
			</trkpt>
			<trkpt lat="48.971919" lon="13.563141">
				<ele>1165.000000</ele>
			</trkpt>
			<trkpt lat="48.971978" lon="13.562701">
				<ele>1165.000000</ele>
			</trkpt>
			<trkpt lat="48.972238" lon="13.562684">
				<ele>1165.000000</ele>
			</trkpt>
			<trkpt lat="48.972326" lon="13.562648">
				<ele>1165.000000</ele>
			</trkpt>
			<trkpt lat="48.972432" lon="13.562611">
				<ele>1165.000000</ele>
			</trkpt>
			<trkpt lat="48.972621" lon="13.562521">
				<ele>1165.000000</ele>
			</trkpt>
			<trkpt lat="48.972692" lon="13.562504">
				<ele>1165.000000</ele>
			</trkpt>
			<trkpt lat="48.972786" lon="13.562504">
				<ele>1166.000000</ele>
			</trkpt>
			<trkpt lat="48.973027" lon="13.562512">
				<ele>1166.000000</ele>
			</trkpt>
			<trkpt lat="48.973128" lon="13.562504">
				<ele>1167.000000</ele>
			</trkpt>
			<trkpt lat="48.973181" lon="13.562504">
				<ele>1167.000000</ele>
			</trkpt>
			<trkpt lat="48.973240" lon="13.562477">
				<ele>1167.000000</ele>
			</trkpt>
			<trkpt lat="48.973305" lon="13.562432">
				<ele>1167.000000</ele>
			</trkpt>
			<trkpt lat="48.973494" lon="13.562261">
				<ele>1168.000000</ele>
			</trkpt>
			<trkpt lat="48.973565" lon="13.562181">
				<ele>1168.000000</ele>
			</trkpt>
			<trkpt lat="48.973635" lon="13.562082">
				<ele>1169.000000</ele>
			</trkpt>
			<trkpt lat="48.973741" lon="13.561902">
				<ele>1169.000000</ele>
			</trkpt>
			<trkpt lat="48.973848" lon="13.561669">
				<ele>1170.000000</ele>
			</trkpt>
			<trkpt lat="48.973930" lon="13.561462">
				<ele>1170.000000</ele>
			</trkpt>
			<trkpt lat="48.974030" lon="13.561290">
				<ele>1170.000000</ele>
			</trkpt>
			<trkpt lat="48.974124" lon="13.561166">
				<ele>1170.000000</ele>
			</trkpt>
			<trkpt lat="48.974266" lon="13.561021">
				<ele>1169.000000</ele>
			</trkpt>
			<trkpt lat="48.974484" lon="13.560850">
				<ele>1169.000000</ele>
			</trkpt>
			<trkpt lat="48.974661" lon="13.560743">
				<ele>1169.000000</ele>
			</trkpt>
			<trkpt lat="48.974743" lon="13.560698">
				<ele>1169.000000</ele>
			</trkpt>
			<trkpt lat="48.974850" lon="13.560635">
				<ele>1169.000000</ele>
			</trkpt>
			<trkpt lat="48.974850" lon="13.560635">
				<ele>1169.000000</ele>
			</trkpt>
			<trkpt lat="48.974743" lon="13.560698">
				<ele>1169.000000</ele>
			</trkpt>
			<trkpt lat="48.974661" lon="13.560743">
				<ele>1169.000000</ele>
			</trkpt>
			<trkpt lat="48.974484" lon="13.560850">
				<ele>1169.000000</ele>
			</trkpt>
			<trkpt lat="48.974266" lon="13.561021">
				<ele>1169.000000</ele>
			</trkpt>
			<trkpt lat="48.974124" lon="13.561166">
				<ele>1170.000000</ele>
			</trkpt>
			<trkpt lat="48.974030" lon="13.561290">
				<ele>1170.000000</ele>
			</trkpt>
			<trkpt lat="48.973930" lon="13.561462">
				<ele>1170.000000</ele>
			</trkpt>
			<trkpt lat="48.973848" lon="13.561669">
				<ele>1170.000000</ele>
			</trkpt>
			<trkpt lat="48.973741" lon="13.561902">
				<ele>1169.000000</ele>
			</trkpt>
			<trkpt lat="48.973635" lon="13.562082">
				<ele>1169.000000</ele>
			</trkpt>
			<trkpt lat="48.973565" lon="13.562181">
				<ele>1168.000000</ele>
			</trkpt>
			<trkpt lat="48.973494" lon="13.562261">
				<ele>1168.000000</ele>
			</trkpt>
			<trkpt lat="48.973305" lon="13.562432">
				<ele>1167.000000</ele>
			</trkpt>
			<trkpt lat="48.973240" lon="13.562477">
				<ele>1167.000000</ele>
			</trkpt>
			<trkpt lat="48.973181" lon="13.562504">
				<ele>1167.000000</ele>
			</trkpt>
			<trkpt lat="48.973128" lon="13.562504">
				<ele>1167.000000</ele>
			</trkpt>
			<trkpt lat="48.973027" lon="13.562512">
				<ele>1166.000000</ele>
			</trkpt>
			<trkpt lat="48.972786" lon="13.562504">
				<ele>1166.000000</ele>
			</trkpt>
			<trkpt lat="48.972692" lon="13.562504">
				<ele>1165.000000</ele>
			</trkpt>
			<trkpt lat="48.972621" lon="13.562521">
				<ele>1165.000000</ele>
			</trkpt>
			<trkpt lat="48.972432" lon="13.562611">
				<ele>1165.000000</ele>
			</trkpt>
			<trkpt lat="48.972326" lon="13.562648">
				<ele>1165.000000</ele>
			</trkpt>
			<trkpt lat="48.972238" lon="13.562684">
				<ele>1165.000000</ele>
			</trkpt>
			<trkpt lat="48.971978" lon="13.562701">
				<ele>1165.000000</ele>
			</trkpt>
			<trkpt lat="48.971577" lon="13.562567">
				<ele>1165.000000</ele>
			</trkpt>
			<trkpt lat="48.971424" lon="13.562504">
				<ele>1165.000000</ele>
			</trkpt>
			<trkpt lat="48.971271" lon="13.562422">
				<ele>1165.000000</ele>
			</trkpt>
			<trkpt lat="48.971153" lon="13.562342">
				<ele>1165.000000</ele>
			</trkpt>
			<trkpt lat="48.970982" lon="13.562216">
				<ele>1165.000000</ele>
			</trkpt>
			<trkpt lat="48.970828" lon="13.562055">
				<ele>1165.000000</ele>
			</trkpt>
			<trkpt lat="48.970687" lon="13.561875">
				<ele>1165.000000</ele>
			</trkpt>
			<trkpt lat="48.970545" lon="13.561642">
				<ele>1165.000000</ele>
			</trkpt>
			<trkpt lat="48.970480" lon="13.561533">
				<ele>1165.000000</ele>
			</trkpt>
			<trkpt lat="48.970416" lon="13.561435">
				<ele>1165.000000</ele>
			</trkpt>
			<trkpt lat="48.970333" lon="13.561353">
				<ele>1165.000000</ele>
			</trkpt>
			<trkpt lat="48.970233" lon="13.561273">
				<ele>1165.000000</ele>
			</trkpt>
			<trkpt lat="48.970138" lon="13.561174">
				<ele>1165.000000</ele>
			</trkpt>
			<trkpt lat="48.970056" lon="13.561066">
				<ele>1165.000000</ele>
			</trkpt>
			<trkpt lat="48.969997" lon="13.560931">
				<ele>1166.000000</ele>
			</trkpt>
			<trkpt lat="48.969885" lon="13.560644">
				<ele>1166.000000</ele>
			</trkpt>
			<trkpt lat="48.969826" lon="13.560500">
				<ele>1167.000000</ele>
			</trkpt>
			<trkpt lat="48.969779" lon="13.560357">
				<ele>1167.000000</ele>
			</trkpt>
			<trkpt lat="48.969655" lon="13.559862">
				<ele>1168.000000</ele>
			</trkpt>
			<trkpt lat="48.969584" lon="13.559629">
				<ele>1168.000000</ele>
			</trkpt>
			<trkpt lat="48.969443" lon="13.559261">
				<ele>1169.000000</ele>
			</trkpt>
			<trkpt lat="48.969136" lon="13.558605">
				<ele>1171.000000</ele>
			</trkpt>
			<trkpt lat="48.969018" lon="13.558263">
				<ele>1172.000000</ele>
			</trkpt>
			<trkpt lat="48.968977" lon="13.558120">
				<ele>1173.000000</ele>
			</trkpt>
			<trkpt lat="48.968977" lon="13.557967">
				<ele>1173.000000</ele>
			</trkpt>
			<trkpt lat="48.968983" lon="13.557860">
				<ele>1174.000000</ele>
			</trkpt>
			<trkpt lat="48.969012" lon="13.557734">
				<ele>1174.000000</ele>
			</trkpt>
			<trkpt lat="48.969095" lon="13.557374">
				<ele>1176.000000</ele>
			</trkpt>
			<trkpt lat="48.969154" lon="13.557114">
				<ele>1178.000000</ele>
			</trkpt>
			<trkpt lat="48.969207" lon="13.556853">
				<ele>1180.000000</ele>
			</trkpt>
			<trkpt lat="48.969230" lon="13.556646">
				<ele>1182.000000</ele>
			</trkpt>
			<trkpt lat="48.969289" lon="13.556153">
				<ele>1185.000000</ele>
			</trkpt>
			<trkpt lat="48.969319" lon="13.555892">
				<ele>1186.000000</ele>
			</trkpt>
			<trkpt lat="48.969342" lon="13.555730">
				<ele>1187.000000</ele>
			</trkpt>
			<trkpt lat="48.969437" lon="13.555245">
				<ele>1189.000000</ele>
			</trkpt>
			<trkpt lat="48.969496" lon="13.554931">
				<ele>1191.000000</ele>
			</trkpt>
			<trkpt lat="48.969572" lon="13.554617">
				<ele>1193.000000</ele>
			</trkpt>
			<trkpt lat="48.969667" lon="13.554292">
				<ele>1195.000000</ele>
			</trkpt>
			<trkpt lat="48.969773" lon="13.553942">
				<ele>1198.000000</ele>
			</trkpt>
			<trkpt lat="48.969849" lon="13.553619">
				<ele>1200.000000</ele>
			</trkpt>
			<trkpt lat="48.969908" lon="13.553350">
				<ele>1202.000000</ele>
			</trkpt>
			<trkpt lat="48.969973" lon="13.553017">
				<ele>1204.000000</ele>
			</trkpt>
			<trkpt lat="48.970032" lon="13.552650">
				<ele>1215.000000</ele>
			</trkpt>
			<trkpt lat="48.970056" lon="13.552415">
				<ele>1215.000000</ele>
			</trkpt>
			<trkpt lat="48.970074" lon="13.552191">
				<ele>1215.000000</ele>
			</trkpt>
			<trkpt lat="48.970074" lon="13.551975">
				<ele>1215.000000</ele>
			</trkpt>
			<trkpt lat="48.970062" lon="13.551787">
				<ele>1215.000000</ele>
			</trkpt>
			<trkpt lat="48.970050" lon="13.551598">
				<ele>1215.000000</ele>
			</trkpt>
			<trkpt lat="48.970020" lon="13.551365">
				<ele>1215.000000</ele>
			</trkpt>
			<trkpt lat="48.969891" lon="13.550592">
				<ele>1219.000000</ele>
			</trkpt>
			<trkpt lat="48.969755" lon="13.549837">
				<ele>1224.000000</ele>
			</trkpt>
			<trkpt lat="48.969720" lon="13.549587">
				<ele>1225.000000</ele>
			</trkpt>
			<trkpt lat="48.969678" lon="13.549271">
				<ele>1227.000000</ele>
			</trkpt>
			<trkpt lat="48.969667" lon="13.548939">
				<ele>1229.000000</ele>
			</trkpt>
			<trkpt lat="48.969661" lon="13.548751">
				<ele>1230.000000</ele>
			</trkpt>
			<trkpt lat="48.969667" lon="13.548562">
				<ele>1231.000000</ele>
			</trkpt>
			<trkpt lat="48.969684" lon="13.548436">
				<ele>1232.000000</ele>
			</trkpt>
			<trkpt lat="48.969684" lon="13.548436">
				<ele>1232.000000</ele>
			</trkpt>
			<trkpt lat="48.969708" lon="13.548229">
				<ele>1233.000000</ele>
			</trkpt>
			<trkpt lat="48.969749" lon="13.548023">
				<ele>1234.000000</ele>
			</trkpt>
			<trkpt lat="48.969932" lon="13.547331">
				<ele>1237.000000</ele>
			</trkpt>
			<trkpt lat="48.970032" lon="13.546981">
				<ele>1239.000000</ele>
			</trkpt>
			<trkpt lat="48.970150" lon="13.546684">
				<ele>1240.000000</ele>
			</trkpt>
			<trkpt lat="48.970221" lon="13.546549">
				<ele>1241.000000</ele>
			</trkpt>
			<trkpt lat="48.970298" lon="13.546397">
				<ele>1242.000000</ele>
			</trkpt>
			<trkpt lat="48.970510" lon="13.546073">
				<ele>1244.000000</ele>
			</trkpt>
			<trkpt lat="48.970817" lon="13.545570">
				<ele>1246.000000</ele>
			</trkpt>
			<trkpt lat="48.970952" lon="13.545382">
				<ele>1247.000000</ele>
			</trkpt>
			<trkpt lat="48.971047" lon="13.545256">
				<ele>1247.000000</ele>
			</trkpt>
			<trkpt lat="48.971153" lon="13.545139">
				<ele>1248.000000</ele>
			</trkpt>
			<trkpt lat="48.971253" lon="13.545040">
				<ele>1248.000000</ele>
			</trkpt>
			<trkpt lat="48.971377" lon="13.544941">
				<ele>1249.000000</ele>
			</trkpt>
			<trkpt lat="48.972196" lon="13.544277">
				<ele>1252.000000</ele>
			</trkpt>
			<trkpt lat="48.972533" lon="13.544008">
				<ele>1254.000000</ele>
			</trkpt>
			<trkpt lat="48.972704" lon="13.543908">
				<ele>1254.000000</ele>
			</trkpt>
			<trkpt lat="48.972863" lon="13.543845">
				<ele>1255.000000</ele>
			</trkpt>
			<trkpt lat="48.973016" lon="13.543828">
				<ele>1256.000000</ele>
			</trkpt>
			<trkpt lat="48.973187" lon="13.543837">
				<ele>1258.000000</ele>
			</trkpt>
			<trkpt lat="48.973529" lon="13.543899">
				<ele>1261.000000</ele>
			</trkpt>
			<trkpt lat="48.973677" lon="13.543908">
				<ele>1262.000000</ele>
			</trkpt>
			<trkpt lat="48.974407" lon="13.543935">
				<ele>1266.000000</ele>
			</trkpt>
			<trkpt lat="48.974709" lon="13.543971">
				<ele>1267.000000</ele>
			</trkpt>
			<trkpt lat="48.975026" lon="13.544025">
				<ele>1269.000000</ele>
			</trkpt>
			<trkpt lat="48.975386" lon="13.544142">
				<ele>1270.000000</ele>
			</trkpt>
			<trkpt lat="48.975457" lon="13.544151">
				<ele>1270.000000</ele>
			</trkpt>
			<trkpt lat="48.975522" lon="13.544151">
				<ele>1270.000000</ele>
			</trkpt>
			<trkpt lat="48.975593" lon="13.544134">
				<ele>1270.000000</ele>
			</trkpt>
			<trkpt lat="48.975646" lon="13.544107">
				<ele>1270.000000</ele>
			</trkpt>
			<trkpt lat="48.975722" lon="13.544061">
				<ele>1270.000000</ele>
			</trkpt>
			<trkpt lat="48.975793" lon="13.543981">
				<ele>1270.000000</ele>
			</trkpt>
			<trkpt lat="48.975870" lon="13.543881">
				<ele>1270.000000</ele>
			</trkpt>
			<trkpt lat="48.975958" lon="13.543747">
				<ele>1270.000000</ele>
			</trkpt>
			<trkpt lat="48.975993" lon="13.543684">
				<ele>1270.000000</ele>
			</trkpt>
			<trkpt lat="48.976282" lon="13.543216">
				<ele>1270.000000</ele>
			</trkpt>
			<trkpt lat="48.976595" lon="13.542795">
				<ele>1270.000000</ele>
			</trkpt>
			<trkpt lat="48.976913" lon="13.542400">
				<ele>1270.000000</ele>
			</trkpt>
			<trkpt lat="48.977332" lon="13.541941">
				<ele>1270.000000</ele>
			</trkpt>
			<trkpt lat="48.977686" lon="13.541573">
				<ele>1270.000000</ele>
			</trkpt>
			<trkpt lat="48.977821" lon="13.541438">
				<ele>1270.000000</ele>
			</trkpt>
			<trkpt lat="48.977928" lon="13.541294">
				<ele>1270.000000</ele>
			</trkpt>
			<trkpt lat="48.978022" lon="13.541151">
				<ele>1270.000000</ele>
			</trkpt>
			<trkpt lat="48.978116" lon="13.540998">
				<ele>1269.000000</ele>
			</trkpt>
			<trkpt lat="48.978258" lon="13.540719">
				<ele>1268.000000</ele>
			</trkpt>
			<trkpt lat="48.978387" lon="13.540405">
				<ele>1267.000000</ele>
			</trkpt>
			<trkpt lat="48.978511" lon="13.540010">
				<ele>1266.000000</ele>
			</trkpt>
			<trkpt lat="48.978647" lon="13.539480">
				<ele>1264.000000</ele>
			</trkpt>
			<trkpt lat="48.978830" lon="13.538797">
				<ele>1260.000000</ele>
			</trkpt>
			<trkpt lat="48.978942" lon="13.538419">
				<ele>1257.000000</ele>
			</trkpt>
			<trkpt lat="48.979071" lon="13.538025">
				<ele>1255.000000</ele>
			</trkpt>
			<trkpt lat="48.979478" lon="13.536821">
				<ele>1247.000000</ele>
			</trkpt>
			<trkpt lat="48.979696" lon="13.536210">
				<ele>1243.000000</ele>
			</trkpt>
			<trkpt lat="48.980068" lon="13.535249">
				<ele>1235.000000</ele>
			</trkpt>
			<trkpt lat="48.980245" lon="13.534763">
				<ele>1231.000000</ele>
			</trkpt>
			<trkpt lat="48.980775" lon="13.533272">
				<ele>1219.000000</ele>
			</trkpt>
			<trkpt lat="48.981011" lon="13.532662">
				<ele>1214.000000</ele>
			</trkpt>
			<trkpt lat="48.981235" lon="13.532105">
				<ele>1210.000000</ele>
			</trkpt>
			<trkpt lat="48.981483" lon="13.531593">
				<ele>1206.000000</ele>
			</trkpt>
			<trkpt lat="48.981760" lon="13.531044">
				<ele>1202.000000</ele>
			</trkpt>
			<trkpt lat="48.981902" lon="13.530775">
				<ele>1200.000000</ele>
			</trkpt>
			<trkpt lat="48.981990" lon="13.530614">
				<ele>1199.000000</ele>
			</trkpt>
			<trkpt lat="48.982343" lon="13.529976">
				<ele>1195.000000</ele>
			</trkpt>
			<trkpt lat="48.982603" lon="13.529499">
				<ele>1192.000000</ele>
			</trkpt>
			<trkpt lat="48.982933" lon="13.528970">
				<ele>1189.000000</ele>
			</trkpt>
			<trkpt lat="48.983222" lon="13.528520">
				<ele>1187.000000</ele>
			</trkpt>
			<trkpt lat="48.984318" lon="13.526895">
				<ele>1178.000000</ele>
			</trkpt>
			<trkpt lat="48.984425" lon="13.526723">
				<ele>1177.000000</ele>
			</trkpt>
			<trkpt lat="48.984820" lon="13.526140">
				<ele>1174.000000</ele>
			</trkpt>
			<trkpt lat="48.985026" lon="13.525817">
				<ele>1172.000000</ele>
			</trkpt>
			<trkpt lat="48.985132" lon="13.525628">
				<ele>1171.000000</ele>
			</trkpt>
			<trkpt lat="48.985215" lon="13.525448">
				<ele>1170.000000</ele>
			</trkpt>
			<trkpt lat="48.985297" lon="13.525251">
				<ele>1169.000000</ele>
			</trkpt>
			<trkpt lat="48.985380" lon="13.525026">
				<ele>1168.000000</ele>
			</trkpt>
			<trkpt lat="48.985580" lon="13.524460">
				<ele>1165.000000</ele>
			</trkpt>
			<trkpt lat="48.985922" lon="13.523444">
				<ele>1162.000000</ele>
			</trkpt>
			<trkpt lat="48.986087" lon="13.522995">
				<ele>1160.000000</ele>
			</trkpt>
			<trkpt lat="48.986294" lon="13.522475">
				<ele>1159.000000</ele>
			</trkpt>
			<trkpt lat="48.986441" lon="13.522169">
				<ele>1158.000000</ele>
			</trkpt>
			<trkpt lat="48.986577" lon="13.521909">
				<ele>1157.000000</ele>
			</trkpt>
			<trkpt lat="48.987190" lon="13.520794">
				<ele>1153.000000</ele>
			</trkpt>
			<trkpt lat="48.987236" lon="13.520714">
				<ele>1153.000000</ele>
			</trkpt>
			<trkpt lat="48.987260" lon="13.520643">
				<ele>1153.000000</ele>
			</trkpt>
			<trkpt lat="48.987278" lon="13.520561">
				<ele>1153.000000</ele>
			</trkpt>
			<trkpt lat="48.987295" lon="13.520463">
				<ele>1153.000000</ele>
			</trkpt>
			<trkpt lat="48.987302" lon="13.520274">
				<ele>1153.000000</ele>
			</trkpt>
			<trkpt lat="48.987278" lon="13.519941">
				<ele>1152.000000</ele>
			</trkpt>
			<trkpt lat="48.987266" lon="13.519708">
				<ele>1152.000000</ele>
			</trkpt>
			<trkpt lat="48.987249" lon="13.519538">
				<ele>1151.000000</ele>
			</trkpt>
			<trkpt lat="48.987219" lon="13.519358">
				<ele>1151.000000</ele>
			</trkpt>
			<trkpt lat="48.987160" lon="13.519088">
				<ele>1151.000000</ele>
			</trkpt>
			<trkpt lat="48.987143" lon="13.519007">
				<ele>1150.000000</ele>
			</trkpt>
			<trkpt lat="48.987143" lon="13.518926">
				<ele>1150.000000</ele>
			</trkpt>
			<trkpt lat="48.987148" lon="13.518729">
				<ele>1150.000000</ele>
			</trkpt>
			<trkpt lat="48.987177" lon="13.518523">
				<ele>1150.000000</ele>
			</trkpt>
			<trkpt lat="48.987243" lon="13.518333">
				<ele>1149.000000</ele>
			</trkpt>
			<trkpt lat="48.987378" lon="13.517947">
				<ele>1148.000000</ele>
			</trkpt>
			<trkpt lat="48.987543" lon="13.517489">
				<ele>1148.000000</ele>
			</trkpt>
			<trkpt lat="48.987926" lon="13.516339">
				<ele>1145.000000</ele>
			</trkpt>
			<trkpt lat="48.988180" lon="13.515666">
				<ele>1144.000000</ele>
			</trkpt>
			<trkpt lat="48.988221" lon="13.515540">
				<ele>1144.000000</ele>
			</trkpt>
			<trkpt lat="48.988333" lon="13.515307">
				<ele>1143.000000</ele>
			</trkpt>
			<trkpt lat="48.988451" lon="13.515100">
				<ele>1143.000000</ele>
			</trkpt>
			<trkpt lat="48.988563" lon="13.514947">
				<ele>1142.000000</ele>
			</trkpt>
			<trkpt lat="48.988911" lon="13.514498">
				<ele>1141.000000</ele>
			</trkpt>
			<trkpt lat="48.988964" lon="13.514435">
				<ele>1141.000000</ele>
			</trkpt>
			<trkpt lat="48.989017" lon="13.514381">
				<ele>1141.000000</ele>
			</trkpt>
			<trkpt lat="48.989312" lon="13.514211">
				<ele>1140.000000</ele>
			</trkpt>
			<trkpt lat="48.989371" lon="13.514156">
				<ele>1140.000000</ele>
			</trkpt>
			<trkpt lat="48.989441" lon="13.514093">
				<ele>1140.000000</ele>
			</trkpt>
			<trkpt lat="48.989559" lon="13.513932">
				<ele>1139.000000</ele>
			</trkpt>
			<trkpt lat="48.989671" lon="13.513725">
				<ele>1139.000000</ele>
			</trkpt>
			<trkpt lat="48.989748" lon="13.513509">
				<ele>1139.000000</ele>
			</trkpt>
			<trkpt lat="48.989813" lon="13.513294">
				<ele>1139.000000</ele>
			</trkpt>
			<trkpt lat="48.989854" lon="13.513060">
				<ele>1138.000000</ele>
			</trkpt>
			<trkpt lat="48.989878" lon="13.512800">
				<ele>1138.000000</ele>
			</trkpt>
			<trkpt lat="48.989889" lon="13.512494">
				<ele>1138.000000</ele>
			</trkpt>
			<trkpt lat="48.989883" lon="13.512064">
				<ele>1137.000000</ele>
			</trkpt>
			<trkpt lat="48.989925" lon="13.511678">
				<ele>1137.000000</ele>
			</trkpt>
			<trkpt lat="48.989606" lon="13.511578">
				<ele>1137.000000</ele>
			</trkpt>
			<trkpt lat="48.988469" lon="13.511129">
				<ele>1135.000000</ele>
			</trkpt>
			<trkpt lat="48.988215" lon="13.511012">
				<ele>1134.000000</ele>
			</trkpt>
			<trkpt lat="48.987914" lon="13.510877">
				<ele>1133.000000</ele>
			</trkpt>
			<trkpt lat="48.987572" lon="13.510725">
				<ele>1132.000000</ele>
			</trkpt>
			<trkpt lat="48.986812" lon="13.510401">
				<ele>1130.000000</ele>
			</trkpt>
			<trkpt lat="48.986571" lon="13.510284">
				<ele>1130.000000</ele>
			</trkpt>
			<trkpt lat="48.986335" lon="13.510141">
				<ele>1130.000000</ele>
			</trkpt>
			<trkpt lat="48.986252" lon="13.510078">
				<ele>1130.000000</ele>
			</trkpt>
			<trkpt lat="48.986182" lon="13.509988">
				<ele>1130.000000</ele>
			</trkpt>
			<trkpt lat="48.986117" lon="13.509880">
				<ele>1130.000000</ele>
			</trkpt>
			<trkpt lat="48.986052" lon="13.509718">
				<ele>1130.000000</ele>
			</trkpt>
			<trkpt lat="48.985993" lon="13.509521">
				<ele>1130.000000</ele>
			</trkpt>
			<trkpt lat="48.985934" lon="13.509324">
				<ele>1131.000000</ele>
			</trkpt>
			<trkpt lat="48.985887" lon="13.509081">
				<ele>1132.000000</ele>
			</trkpt>
			<trkpt lat="48.985851" lon="13.508802">
				<ele>1133.000000</ele>
			</trkpt>
			<trkpt lat="48.985745" lon="13.507904">
				<ele>1138.000000</ele>
			</trkpt>
			<trkpt lat="48.985598" lon="13.506242">
				<ele>1145.000000</ele>
			</trkpt>
			<trkpt lat="48.985509" lon="13.505416">
				<ele>1149.000000</ele>
			</trkpt>
			<trkpt lat="48.985468" lon="13.505020">
				<ele>1150.000000</ele>
			</trkpt>
			<trkpt lat="48.985433" lon="13.504651">
				<ele>1150.000000</ele>
			</trkpt>
			<trkpt lat="48.985392" lon="13.503583">
				<ele>1150.000000</ele>
			</trkpt>
			<trkpt lat="48.985392" lon="13.503368">
				<ele>1150.000000</ele>
			</trkpt>
			<trkpt lat="48.985392" lon="13.503188">
				<ele>1150.000000</ele>
			</trkpt>
			<trkpt lat="48.985403" lon="13.503026">
				<ele>1150.000000</ele>
			</trkpt>
			<trkpt lat="48.985421" lon="13.502873">
				<ele>1150.000000</ele>
			</trkpt>
			<trkpt lat="48.985456" lon="13.502720">
				<ele>1150.000000</ele>
			</trkpt>
			<trkpt lat="48.985498" lon="13.502559">
				<ele>1150.000000</ele>
			</trkpt>
			<trkpt lat="48.985610" lon="13.502200">
				<ele>1150.000000</ele>
			</trkpt>
			<trkpt lat="48.985698" lon="13.501948">
				<ele>1150.000000</ele>
			</trkpt>
			<trkpt lat="48.985775" lon="13.501714">
				<ele>1150.000000</ele>
			</trkpt>
			<trkpt lat="48.985828" lon="13.501481">
				<ele>1150.000000</ele>
			</trkpt>
			<trkpt lat="48.985869" lon="13.501284">
				<ele>1150.000000</ele>
			</trkpt>
			<trkpt lat="48.985881" lon="13.501077">
				<ele>1150.000000</ele>
			</trkpt>
			<trkpt lat="48.985899" lon="13.500879">
				<ele>1150.000000</ele>
			</trkpt>
			<trkpt lat="48.985887" lon="13.500655">
				<ele>1150.000000</ele>
			</trkpt>
			<trkpt lat="48.985875" lon="13.500412">
				<ele>1150.000000</ele>
			</trkpt>
			<trkpt lat="48.985851" lon="13.500206">
				<ele>1150.000000</ele>
			</trkpt>
			<trkpt lat="48.985816" lon="13.499999">
				<ele>1150.000000</ele>
			</trkpt>
			<trkpt lat="48.985787" lon="13.499837">
				<ele>1150.000000</ele>
			</trkpt>
			<trkpt lat="48.985739" lon="13.499649">
				<ele>1150.000000</ele>
			</trkpt>
			<trkpt lat="48.985616" lon="13.499317">
				<ele>1150.000000</ele>
			</trkpt>
			<trkpt lat="48.985403" lon="13.498768">
				<ele>1150.000000</ele>
			</trkpt>
			<trkpt lat="48.985356" lon="13.498651">
				<ele>1150.000000</ele>
			</trkpt>
			<trkpt lat="48.985327" lon="13.498525">
				<ele>1150.000000</ele>
			</trkpt>
			<trkpt lat="48.985309" lon="13.498409">
				<ele>1150.000000</ele>
			</trkpt>
			<trkpt lat="48.985309" lon="13.498283">
				<ele>1150.000000</ele>
			</trkpt>
			<trkpt lat="48.985303" lon="13.498158">
				<ele>1150.000000</ele>
			</trkpt>
			<trkpt lat="48.985321" lon="13.498022">
				<ele>1149.000000</ele>
			</trkpt>
			<trkpt lat="48.985397" lon="13.497627">
				<ele>1148.000000</ele>
			</trkpt>
			<trkpt lat="48.985492" lon="13.497169">
				<ele>1146.000000</ele>
			</trkpt>
			<trkpt lat="48.985574" lon="13.496783">
				<ele>1145.000000</ele>
			</trkpt>
			<trkpt lat="48.985680" lon="13.496370">
				<ele>1143.000000</ele>
			</trkpt>
			<trkpt lat="48.985851" lon="13.495722">
				<ele>1139.000000</ele>
			</trkpt>
			<trkpt lat="48.985887" lon="13.495588">
				<ele>1139.000000</ele>
			</trkpt>
			<trkpt lat="48.985899" lon="13.495445">
				<ele>1138.000000</ele>
			</trkpt>
			<trkpt lat="48.985899" lon="13.495309">
				<ele>1137.000000</ele>
			</trkpt>
			<trkpt lat="48.985881" lon="13.495202">
				<ele>1137.000000</ele>
			</trkpt>
			<trkpt lat="48.985857" lon="13.495093">
				<ele>1136.000000</ele>
			</trkpt>
			<trkpt lat="48.985822" lon="13.495004">
				<ele>1135.000000</ele>
			</trkpt>
			<trkpt lat="48.985769" lon="13.494923">
				<ele>1135.000000</ele>
			</trkpt>
			<trkpt lat="48.985704" lon="13.494843">
				<ele>1134.000000</ele>
			</trkpt>
			<trkpt lat="48.985138" lon="13.494340">
				<ele>1128.000000</ele>
			</trkpt>
			<trkpt lat="48.984336" lon="13.493693">
				<ele>1118.000000</ele>
			</trkpt>
			<trkpt lat="48.984218" lon="13.493575">
				<ele>1116.000000</ele>
			</trkpt>
			<trkpt lat="48.984100" lon="13.493451">
				<ele>1113.000000</ele>
			</trkpt>
			<trkpt lat="48.984000" lon="13.493334">
				<ele>1112.000000</ele>
			</trkpt>
			<trkpt lat="48.983912" lon="13.493198">
				<ele>1110.000000</ele>
			</trkpt>
			<trkpt lat="48.983829" lon="13.493064">
				<ele>1109.000000</ele>
			</trkpt>
			<trkpt lat="48.983741" lon="13.492875">
				<ele>1108.000000</ele>
			</trkpt>
			<trkpt lat="48.983676" lon="13.492713">
				<ele>1107.000000</ele>
			</trkpt>
			<trkpt lat="48.983611" lon="13.492506">
				<ele>1106.000000</ele>
			</trkpt>
			<trkpt lat="48.983558" lon="13.492319">
				<ele>1105.000000</ele>
			</trkpt>
			<trkpt lat="48.983511" lon="13.492093">
				<ele>1104.000000</ele>
			</trkpt>
			<trkpt lat="48.983287" lon="13.492237">
				<ele>1104.000000</ele>
			</trkpt>
			<trkpt lat="48.983133" lon="13.492363">
				<ele>1105.000000</ele>
			</trkpt>
			<trkpt lat="48.982980" lon="13.492498">
				<ele>1105.000000</ele>
			</trkpt>
			<trkpt lat="48.982921" lon="13.492533">
				<ele>1105.000000</ele>
			</trkpt>
			<trkpt lat="48.982868" lon="13.492561">
				<ele>1105.000000</ele>
			</trkpt>
			<trkpt lat="48.982816" lon="13.492561">
				<ele>1105.000000</ele>
			</trkpt>
			<trkpt lat="48.982750" lon="13.492552">
				<ele>1105.000000</ele>
			</trkpt>
			<trkpt lat="48.982679" lon="13.492525">
				<ele>1105.000000</ele>
			</trkpt>
			<trkpt lat="48.982597" lon="13.492489">
				<ele>1105.000000</ele>
			</trkpt>
			<trkpt lat="48.982049" lon="13.492147">
				<ele>1106.000000</ele>
			</trkpt>
			<trkpt lat="48.981925" lon="13.492067">
				<ele>1106.000000</ele>
			</trkpt>
			<trkpt lat="48.981778" lon="13.492004">
				<ele>1107.000000</ele>
			</trkpt>
			<trkpt lat="48.981501" lon="13.491877">
				<ele>1108.000000</ele>
			</trkpt>
			<trkpt lat="48.981017" lon="13.491590">
				<ele>1109.000000</ele>
			</trkpt>
			<trkpt lat="48.980946" lon="13.491554">
				<ele>1109.000000</ele>
			</trkpt>
			<trkpt lat="48.980882" lon="13.491527">
				<ele>1109.000000</ele>
			</trkpt>
			<trkpt lat="48.980823" lon="13.491519">
				<ele>1110.000000</ele>
			</trkpt>
			<trkpt lat="48.980740" lon="13.491527">
				<ele>1110.000000</ele>
			</trkpt>
			<trkpt lat="48.980498" lon="13.491564">
				<ele>1110.000000</ele>
			</trkpt>
			<trkpt lat="48.980033" lon="13.491671">
				<ele>1112.000000</ele>
			</trkpt>
			<trkpt lat="48.979832" lon="13.491707">
				<ele>1112.000000</ele>
			</trkpt>
			<trkpt lat="48.979602" lon="13.491726">
				<ele>1113.000000</ele>
			</trkpt>
			<trkpt lat="48.979354" lon="13.491726">
				<ele>1113.000000</ele>
			</trkpt>
			<trkpt lat="48.979219" lon="13.491699">
				<ele>1114.000000</ele>
			</trkpt>
			<trkpt lat="48.979130" lon="13.491663">
				<ele>1114.000000</ele>
			</trkpt>
			<trkpt lat="48.979048" lon="13.491600">
				<ele>1114.000000</ele>
			</trkpt>
			<trkpt lat="48.978965" lon="13.491491">
				<ele>1114.000000</ele>
			</trkpt>
			<trkpt lat="48.978783" lon="13.491195">
				<ele>1115.000000</ele>
			</trkpt>
			<trkpt lat="48.978694" lon="13.491088">
				<ele>1115.000000</ele>
			</trkpt>
			<trkpt lat="48.978617" lon="13.490998">
				<ele>1116.000000</ele>
			</trkpt>
			<trkpt lat="48.978535" lon="13.490925">
				<ele>1116.000000</ele>
			</trkpt>
			<trkpt lat="48.978452" lon="13.490890">
				<ele>1116.000000</ele>
			</trkpt>
			<trkpt lat="48.978358" lon="13.490835">
				<ele>1116.000000</ele>
			</trkpt>
			<trkpt lat="48.978264" lon="13.490827">
				<ele>1116.000000</ele>
			</trkpt>
			<trkpt lat="48.978163" lon="13.490801">
				<ele>1116.000000</ele>
			</trkpt>
			<trkpt lat="48.978075" lon="13.490764">
				<ele>1117.000000</ele>
			</trkpt>
			<trkpt lat="48.977987" lon="13.490711">
				<ele>1117.000000</ele>
			</trkpt>
			<trkpt lat="48.977874" lon="13.490629">
				<ele>1117.000000</ele>
			</trkpt>
			<trkpt lat="48.977568" lon="13.490396">
				<ele>1118.000000</ele>
			</trkpt>
			<trkpt lat="48.977238" lon="13.490189">
				<ele>1118.000000</ele>
			</trkpt>
			<trkpt lat="48.975716" lon="13.489290">
				<ele>1122.000000</ele>
			</trkpt>
			<trkpt lat="48.975393" lon="13.489111">
				<ele>1123.000000</ele>
			</trkpt>
			<trkpt lat="48.975163" lon="13.488994">
				<ele>1124.000000</ele>
			</trkpt>
			<trkpt lat="48.974933" lon="13.488923">
				<ele>1124.000000</ele>
			</trkpt>
			<trkpt lat="48.974650" lon="13.488860">
				<ele>1125.000000</ele>
			</trkpt>
			<trkpt lat="48.974072" lon="13.488770">
				<ele>1126.000000</ele>
			</trkpt>
			<trkpt lat="48.973894" lon="13.488716">
				<ele>1126.000000</ele>
			</trkpt>
			<trkpt lat="48.973694" lon="13.488653">
				<ele>1127.000000</ele>
			</trkpt>
			<trkpt lat="48.973605" lon="13.488600">
				<ele>1127.000000</ele>
			</trkpt>
			<trkpt lat="48.973506" lon="13.488554">
				<ele>1127.000000</ele>
			</trkpt>
			<trkpt lat="48.973423" lon="13.488483">
				<ele>1127.000000</ele>
			</trkpt>
			<trkpt lat="48.973340" lon="13.488411">
				<ele>1127.000000</ele>
			</trkpt>
			<trkpt lat="48.973204" lon="13.488231">
				<ele>1128.000000</ele>
			</trkpt>
			<trkpt lat="48.973010" lon="13.487908">
				<ele>1128.000000</ele>
			</trkpt>
			<trkpt lat="48.972851" lon="13.487656">
				<ele>1128.000000</ele>
			</trkpt>
			<trkpt lat="48.972668" lon="13.487405">
				<ele>1129.000000</ele>
			</trkpt>
			<trkpt lat="48.972320" lon="13.486910">
				<ele>1130.000000</ele>
			</trkpt>
			<trkpt lat="48.971819" lon="13.486156">
				<ele>1131.000000</ele>
			</trkpt>
			<trkpt lat="48.971754" lon="13.486075">
				<ele>1131.000000</ele>
			</trkpt>
			<trkpt lat="48.971689" lon="13.486011">
				<ele>1131.000000</ele>
			</trkpt>
			<trkpt lat="48.971619" lon="13.485940">
				<ele>1131.000000</ele>
			</trkpt>
			<trkpt lat="48.971542" lon="13.485895">
				<ele>1132.000000</ele>
			</trkpt>
			<trkpt lat="48.971459" lon="13.485851">
				<ele>1132.000000</ele>
			</trkpt>
			<trkpt lat="48.971371" lon="13.485833">
				<ele>1132.000000</ele>
			</trkpt>
			<trkpt lat="48.971271" lon="13.485805">
				<ele>1132.000000</ele>
			</trkpt>
			<trkpt lat="48.971182" lon="13.485797">
				<ele>1132.000000</ele>
			</trkpt>
			<trkpt lat="48.971005" lon="13.485814">
				<ele>1133.000000</ele>
			</trkpt>
			<trkpt lat="48.970840" lon="13.485841">
				<ele>1133.000000</ele>
			</trkpt>
			<trkpt lat="48.970699" lon="13.485914">
				<ele>1133.000000</ele>
			</trkpt>
			<trkpt lat="48.970351" lon="13.486101">
				<ele>1134.000000</ele>
			</trkpt>
			<trkpt lat="48.970127" lon="13.486191">
				<ele>1134.000000</ele>
			</trkpt>
			<trkpt lat="48.969891" lon="13.486273">
				<ele>1135.000000</ele>
			</trkpt>
			<trkpt lat="48.969024" lon="13.486461">
				<ele>1137.000000</ele>
			</trkpt>
			<trkpt lat="48.968959" lon="13.486480">
				<ele>1137.000000</ele>
			</trkpt>
			<trkpt lat="48.968888" lon="13.486461">
				<ele>1137.000000</ele>
			</trkpt>
			<trkpt lat="48.968841" lon="13.486453">
				<ele>1137.000000</ele>
			</trkpt>
			<trkpt lat="48.968788" lon="13.486426">
				<ele>1137.000000</ele>
			</trkpt>
			<trkpt lat="48.968741" lon="13.486371">
				<ele>1137.000000</ele>
			</trkpt>
			<trkpt lat="48.968699" lon="13.486317">
				<ele>1137.000000</ele>
			</trkpt>
			<trkpt lat="48.968576" lon="13.486120">
				<ele>1138.000000</ele>
			</trkpt>
			<trkpt lat="48.968357" lon="13.485688">
				<ele>1139.000000</ele>
			</trkpt>
			<trkpt lat="48.968257" lon="13.485474">
				<ele>1139.000000</ele>
			</trkpt>
			<trkpt lat="48.968181" lon="13.485285">
				<ele>1139.000000</ele>
			</trkpt>
			<trkpt lat="48.967974" lon="13.484755">
				<ele>1140.000000</ele>
			</trkpt>
			<trkpt lat="48.967797" lon="13.484296">
				<ele>1142.000000</ele>
			</trkpt>
			<trkpt lat="48.967732" lon="13.484153">
				<ele>1143.000000</ele>
			</trkpt>
			<trkpt lat="48.967703" lon="13.484053">
				<ele>1143.000000</ele>
			</trkpt>
			<trkpt lat="48.967697" lon="13.483927">
				<ele>1143.000000</ele>
			</trkpt>
			<trkpt lat="48.967721" lon="13.483820">
				<ele>1144.000000</ele>
			</trkpt>
			<trkpt lat="48.967744" lon="13.483766">
				<ele>1144.000000</ele>
			</trkpt>
			<trkpt lat="48.967774" lon="13.483713">
				<ele>1144.000000</ele>
			</trkpt>
			<trkpt lat="48.967815" lon="13.483686">
				<ele>1145.000000</ele>
			</trkpt>
			<trkpt lat="48.967868" lon="13.483650">
				<ele>1145.000000</ele>
			</trkpt>
			<trkpt lat="48.967968" lon="13.483614">
				<ele>1145.000000</ele>
			</trkpt>
			<trkpt lat="48.967968" lon="13.483614">
				<ele>1145.000000</ele>
			</trkpt>
			<trkpt lat="48.968015" lon="13.483596">
				<ele>1145.000000</ele>
			</trkpt>
			<trkpt lat="48.968228" lon="13.483533">
				<ele>1145.000000</ele>
			</trkpt>
			<trkpt lat="48.968894" lon="13.483361">
				<ele>1145.000000</ele>
			</trkpt>
			<trkpt lat="48.969036" lon="13.483317">
				<ele>1145.000000</ele>
			</trkpt>
			<trkpt lat="48.969100" lon="13.483272">
				<ele>1146.000000</ele>
			</trkpt>
			<trkpt lat="48.969159" lon="13.483218">
				<ele>1147.000000</ele>
			</trkpt>
			<trkpt lat="48.969213" lon="13.483164">
				<ele>1148.000000</ele>
			</trkpt>
			<trkpt lat="48.969266" lon="13.483093">
				<ele>1149.000000</ele>
			</trkpt>
			<trkpt lat="48.969354" lon="13.482940">
				<ele>1150.000000</ele>
			</trkpt>
			<trkpt lat="48.969389" lon="13.482859">
				<ele>1151.000000</ele>
			</trkpt>
			<trkpt lat="48.969431" lon="13.482787">
				<ele>1152.000000</ele>
			</trkpt>
			<trkpt lat="48.969478" lon="13.482742">
				<ele>1152.000000</ele>
			</trkpt>
			<trkpt lat="48.969531" lon="13.482688">
				<ele>1153.000000</ele>
			</trkpt>
			<trkpt lat="48.969667" lon="13.482598">
				<ele>1155.000000</ele>
			</trkpt>
			<trkpt lat="48.969891" lon="13.482527">
				<ele>1158.000000</ele>
			</trkpt>
			<trkpt lat="48.969997" lon="13.482464">
				<ele>1160.000000</ele>
			</trkpt>
			<trkpt lat="48.970074" lon="13.482428">
				<ele>1161.000000</ele>
			</trkpt>
			<trkpt lat="48.970138" lon="13.482365">
				<ele>1162.000000</ele>
			</trkpt>
			<trkpt lat="48.970262" lon="13.482230">
				<ele>1164.000000</ele>
			</trkpt>
			<trkpt lat="48.970368" lon="13.482132">
				<ele>1165.000000</ele>
			</trkpt>
			<trkpt lat="48.970469" lon="13.482059">
				<ele>1166.000000</ele>
			</trkpt>
			<trkpt lat="48.970569" lon="13.482023">
				<ele>1168.000000</ele>
			</trkpt>
			<trkpt lat="48.970675" lon="13.482042">
				<ele>1169.000000</ele>
			</trkpt>
			<trkpt lat="48.971070" lon="13.482105">
				<ele>1174.000000</ele>
			</trkpt>
			<trkpt lat="48.971277" lon="13.482158">
				<ele>1177.000000</ele>
			</trkpt>
			<trkpt lat="48.971353" lon="13.482168">
				<ele>1178.000000</ele>
			</trkpt>
			<trkpt lat="48.971495" lon="13.482195">
				<ele>1180.000000</ele>
			</trkpt>
			<trkpt lat="48.971961" lon="13.482258">
				<ele>1187.000000</ele>
			</trkpt>
			<trkpt lat="48.973110" lon="13.482445">
				<ele>1199.000000</ele>
			</trkpt>
			<trkpt lat="48.973658" lon="13.482509">
				<ele>1205.000000</ele>
			</trkpt>
			<trkpt lat="48.974089" lon="13.482535">
				<ele>1211.000000</ele>
			</trkpt>
			<trkpt lat="48.974532" lon="13.482545">
				<ele>1216.000000</ele>
			</trkpt>
			<trkpt lat="48.975115" lon="13.482545">
				<ele>1222.000000</ele>
			</trkpt>
			<trkpt lat="48.975315" lon="13.482527">
				<ele>1224.000000</ele>
			</trkpt>
			<trkpt lat="48.975492" lon="13.482491">
				<ele>1226.000000</ele>
			</trkpt>
			<trkpt lat="48.975651" lon="13.482464">
				<ele>1227.000000</ele>
			</trkpt>
			<trkpt lat="48.975817" lon="13.482401">
				<ele>1229.000000</ele>
			</trkpt>
			<trkpt lat="48.975958" lon="13.482329">
				<ele>1230.000000</ele>
			</trkpt>
			<trkpt lat="48.976117" lon="13.482230">
				<ele>1232.000000</ele>
			</trkpt>
			<trkpt lat="48.976294" lon="13.482095">
				<ele>1234.000000</ele>
			</trkpt>
			<trkpt lat="48.976530" lon="13.481925">
				<ele>1236.000000</ele>
			</trkpt>
			<trkpt lat="48.976760" lon="13.481753">
				<ele>1237.000000</ele>
			</trkpt>
			<trkpt lat="48.977267" lon="13.481430">
				<ele>1241.000000</ele>
			</trkpt>
			<trkpt lat="48.977474" lon="13.481269">
				<ele>1242.000000</ele>
			</trkpt>
			<trkpt lat="48.977715" lon="13.481063">
				<ele>1244.000000</ele>
			</trkpt>
			<trkpt lat="48.977857" lon="13.480901">
				<ele>1245.000000</ele>
			</trkpt>
			<trkpt lat="48.977969" lon="13.480766">
				<ele>1246.000000</ele>
			</trkpt>
			<trkpt lat="48.978104" lon="13.480595">
				<ele>1247.000000</ele>
			</trkpt>
			<trkpt lat="48.978376" lon="13.480209">
				<ele>1250.000000</ele>
			</trkpt>
			<trkpt lat="48.978500" lon="13.480038">
				<ele>1250.000000</ele>
			</trkpt>
			<trkpt lat="48.978588" lon="13.479948">
				<ele>1250.000000</ele>
			</trkpt>
			<trkpt lat="48.978688" lon="13.479868">
				<ele>1250.000000</ele>
			</trkpt>
			<trkpt lat="48.978794" lon="13.479778">
				<ele>1250.000000</ele>
			</trkpt>
			<trkpt lat="48.978895" lon="13.479724">
				<ele>1250.000000</ele>
			</trkpt>
			<trkpt lat="48.979814" lon="13.479248">
				<ele>1250.000000</ele>
			</trkpt>
			<trkpt lat="48.979885" lon="13.479203">
				<ele>1250.000000</ele>
			</trkpt>
			<trkpt lat="48.979956" lon="13.479132">
				<ele>1250.000000</ele>
			</trkpt>
			<trkpt lat="48.980009" lon="13.479077">
				<ele>1250.000000</ele>
			</trkpt>
			<trkpt lat="48.980068" lon="13.478987">
				<ele>1250.000000</ele>
			</trkpt>
			<trkpt lat="48.980168" lon="13.478807">
				<ele>1250.000000</ele>
			</trkpt>
			<trkpt lat="48.980292" lon="13.478503">
				<ele>1250.000000</ele>
			</trkpt>
			<trkpt lat="48.980386" lon="13.478260">
				<ele>1250.000000</ele>
			</trkpt>
			<trkpt lat="48.980587" lon="13.477811">
				<ele>1250.000000</ele>
			</trkpt>
			<trkpt lat="48.980781" lon="13.477451">
				<ele>1248.000000</ele>
			</trkpt>
			<trkpt lat="48.980994" lon="13.477119">
				<ele>1246.000000</ele>
			</trkpt>
			<trkpt lat="48.981318" lon="13.476669">
				<ele>1242.000000</ele>
			</trkpt>
			<trkpt lat="48.981654" lon="13.476266">
				<ele>1237.000000</ele>
			</trkpt>
			<trkpt lat="48.981760" lon="13.476113">
				<ele>1236.000000</ele>
			</trkpt>
			<trkpt lat="48.981813" lon="13.476014">
				<ele>1235.000000</ele>
			</trkpt>
			<trkpt lat="48.981866" lon="13.475906">
				<ele>1234.000000</ele>
			</trkpt>
			<trkpt lat="48.981919" lon="13.475790">
				<ele>1234.000000</ele>
			</trkpt>
			<trkpt lat="48.981955" lon="13.475664">
				<ele>1233.000000</ele>
			</trkpt>
			<trkpt lat="48.982031" lon="13.475421">
				<ele>1232.000000</ele>
			</trkpt>
			<trkpt lat="48.982102" lon="13.475241">
				<ele>1231.000000</ele>
			</trkpt>
			<trkpt lat="48.982178" lon="13.475071">
				<ele>1230.000000</ele>
			</trkpt>
			<trkpt lat="48.982303" lon="13.474882">
				<ele>1229.000000</ele>
			</trkpt>
			<trkpt lat="48.982691" lon="13.474343">
				<ele>1225.000000</ele>
			</trkpt>
			<trkpt lat="48.982821" lon="13.474190">
				<ele>1223.000000</ele>
			</trkpt>
			<trkpt lat="48.982957" lon="13.474056">
				<ele>1222.000000</ele>
			</trkpt>
			<trkpt lat="48.983092" lon="13.473939">
				<ele>1220.000000</ele>
			</trkpt>
			<trkpt lat="48.983222" lon="13.473840">
				<ele>1219.000000</ele>
			</trkpt>
			<trkpt lat="48.983393" lon="13.473750">
				<ele>1217.000000</ele>
			</trkpt>
			<trkpt lat="48.983552" lon="13.473687">
				<ele>1216.000000</ele>
			</trkpt>
			<trkpt lat="48.983682" lon="13.473660">
				<ele>1215.000000</ele>
			</trkpt>
			<trkpt lat="48.983823" lon="13.473642">
				<ele>1214.000000</ele>
			</trkpt>
			<trkpt lat="48.983929" lon="13.473642">
				<ele>1213.000000</ele>
			</trkpt>
			<trkpt lat="48.984059" lon="13.473660">
				<ele>1212.000000</ele>
			</trkpt>
			<trkpt lat="48.984165" lon="13.473687">
				<ele>1212.000000</ele>
			</trkpt>
			<trkpt lat="48.984283" lon="13.473742">
				<ele>1211.000000</ele>
			</trkpt>
			<trkpt lat="48.984702" lon="13.473948">
				<ele>1209.000000</ele>
			</trkpt>
			<trkpt lat="48.985297" lon="13.474199">
				<ele>1206.000000</ele>
			</trkpt>
			<trkpt lat="48.985504" lon="13.474298">
				<ele>1205.000000</ele>
			</trkpt>
			<trkpt lat="48.985621" lon="13.474379">
				<ele>1205.000000</ele>
			</trkpt>
			<trkpt lat="48.985739" lon="13.474459">
				<ele>1204.000000</ele>
			</trkpt>
			<trkpt lat="48.985857" lon="13.474568">
				<ele>1203.000000</ele>
			</trkpt>
			<trkpt lat="48.985969" lon="13.474666">
				<ele>1203.000000</ele>
			</trkpt>
			<trkpt lat="48.986081" lon="13.474792">
				<ele>1202.000000</ele>
			</trkpt>
			<trkpt lat="48.986152" lon="13.474845">
				<ele>1202.000000</ele>
			</trkpt>
			<trkpt lat="48.986235" lon="13.474882">
				<ele>1201.000000</ele>
			</trkpt>
			<trkpt lat="48.986311" lon="13.474891">
				<ele>1201.000000</ele>
			</trkpt>
			<trkpt lat="48.986618" lon="13.474900">
				<ele>1199.000000</ele>
			</trkpt>
			<trkpt lat="48.986753" lon="13.474918">
				<ele>1198.000000</ele>
			</trkpt>
			<trkpt lat="48.986907" lon="13.474954">
				<ele>1198.000000</ele>
			</trkpt>
			<trkpt lat="48.987072" lon="13.475017">
				<ele>1197.000000</ele>
			</trkpt>
			<trkpt lat="48.987426" lon="13.475197">
				<ele>1195.000000</ele>
			</trkpt>
			<trkpt lat="48.987779" lon="13.475411">
				<ele>1194.000000</ele>
			</trkpt>
			<trkpt lat="48.988138" lon="13.475627">
				<ele>1193.000000</ele>
			</trkpt>
			<trkpt lat="48.988221" lon="13.475664">
				<ele>1193.000000</ele>
			</trkpt>
			<trkpt lat="48.988292" lon="13.475690">
				<ele>1193.000000</ele>
			</trkpt>
			<trkpt lat="48.988368" lon="13.475708">
				<ele>1193.000000</ele>
			</trkpt>
			<trkpt lat="48.988474" lon="13.475700">
				<ele>1193.000000</ele>
			</trkpt>
			<trkpt lat="48.988869" lon="13.475700">
				<ele>1192.000000</ele>
			</trkpt>
			<trkpt lat="48.988999" lon="13.475708">
				<ele>1191.000000</ele>
			</trkpt>
			<trkpt lat="48.989111" lon="13.475727">
				<ele>1191.000000</ele>
			</trkpt>
			<trkpt lat="48.989229" lon="13.475771">
				<ele>1191.000000</ele>
			</trkpt>
			<trkpt lat="48.989329" lon="13.475826">
				<ele>1191.000000</ele>
			</trkpt>
			<trkpt lat="48.989447" lon="13.475906">
				<ele>1190.000000</ele>
			</trkpt>
			<trkpt lat="48.989559" lon="13.476014">
				<ele>1190.000000</ele>
			</trkpt>
			<trkpt lat="48.989630" lon="13.476077">
				<ele>1190.000000</ele>
			</trkpt>
			<trkpt lat="48.989724" lon="13.476130">
				<ele>1189.000000</ele>
			</trkpt>
			<trkpt lat="48.989795" lon="13.476166">
				<ele>1189.000000</ele>
			</trkpt>
			<trkpt lat="48.989878" lon="13.476193">
				<ele>1188.000000</ele>
			</trkpt>
			<trkpt lat="48.989966" lon="13.476203">
				<ele>1188.000000</ele>
			</trkpt>
			<trkpt lat="48.990054" lon="13.476203">
				<ele>1187.000000</ele>
			</trkpt>
			<trkpt lat="48.990332" lon="13.476149">
				<ele>1185.000000</ele>
			</trkpt>
			<trkpt lat="48.990514" lon="13.476103">
				<ele>1184.000000</ele>
			</trkpt>
			<trkpt lat="48.990691" lon="13.476032">
				<ele>1183.000000</ele>
			</trkpt>
			<trkpt lat="48.991239" lon="13.475798">
				<ele>1179.000000</ele>
			</trkpt>
			<trkpt lat="48.991487" lon="13.475708">
				<ele>1177.000000</ele>
			</trkpt>
			<trkpt lat="48.991623" lon="13.475664">
				<ele>1176.000000</ele>
			</trkpt>
			<trkpt lat="48.991764" lon="13.475646">
				<ele>1174.000000</ele>
			</trkpt>
			<trkpt lat="48.992153" lon="13.475654">
				<ele>1170.000000</ele>
			</trkpt>
			<trkpt lat="48.992424" lon="13.475637">
				<ele>1168.000000</ele>
			</trkpt>
			<trkpt lat="48.992666" lon="13.475600">
				<ele>1166.000000</ele>
			</trkpt>
			<trkpt lat="48.992890" lon="13.475556">
				<ele>1164.000000</ele>
			</trkpt>
			<trkpt lat="48.993231" lon="13.475457">
				<ele>1162.000000</ele>
			</trkpt>
			<trkpt lat="48.993338" lon="13.475430">
				<ele>1162.000000</ele>
			</trkpt>
			<trkpt lat="48.993461" lon="13.475367">
				<ele>1161.000000</ele>
			</trkpt>
			<trkpt lat="48.993803" lon="13.475170">
				<ele>1159.000000</ele>
			</trkpt>
			<trkpt lat="48.993939" lon="13.475098">
				<ele>1158.000000</ele>
			</trkpt>
			<trkpt lat="48.994069" lon="13.475053">
				<ele>1157.000000</ele>
			</trkpt>
			<trkpt lat="48.994234" lon="13.475017">
				<ele>1156.000000</ele>
			</trkpt>
			<trkpt lat="48.994634" lon="13.474954">
				<ele>1153.000000</ele>
			</trkpt>
			<trkpt lat="48.994764" lon="13.474963">
				<ele>1152.000000</ele>
			</trkpt>
			<trkpt lat="48.994887" lon="13.474998">
				<ele>1151.000000</ele>
			</trkpt>
			<trkpt lat="48.995189" lon="13.475115">
				<ele>1149.000000</ele>
			</trkpt>
			<trkpt lat="48.995913" lon="13.475403">
				<ele>1141.000000</ele>
			</trkpt>
			<trkpt lat="48.996143" lon="13.475493">
				<ele>1138.000000</ele>
			</trkpt>
			<trkpt lat="48.996414" lon="13.475556">
				<ele>1135.000000</ele>
			</trkpt>
			<trkpt lat="48.996532" lon="13.475574">
				<ele>1134.000000</ele>
			</trkpt>
			<trkpt lat="48.996644" lon="13.475574">
				<ele>1133.000000</ele>
			</trkpt>
			<trkpt lat="48.996786" lon="13.475556">
				<ele>1131.000000</ele>
			</trkpt>
			<trkpt lat="48.996974" lon="13.475484">
				<ele>1130.000000</ele>
			</trkpt>
			<trkpt lat="48.996980" lon="13.475484">
				<ele>1130.000000</ele>
			</trkpt>
			<trkpt lat="48.997257" lon="13.475377">
				<ele>1127.000000</ele>
			</trkpt>
			<trkpt lat="48.997634" lon="13.475268">
				<ele>1124.000000</ele>
			</trkpt>
			<trkpt lat="48.997894" lon="13.475205">
				<ele>1122.000000</ele>
			</trkpt>
			<trkpt lat="48.998130" lon="13.475205">
				<ele>1120.000000</ele>
			</trkpt>
			<trkpt lat="48.998301" lon="13.475178">
				<ele>1118.000000</ele>
			</trkpt>
			<trkpt lat="48.998453" lon="13.475134">
				<ele>1117.000000</ele>
			</trkpt>
			<trkpt lat="48.998559" lon="13.475107">
				<ele>1116.000000</ele>
			</trkpt>
			<trkpt lat="48.998683" lon="13.475107">
				<ele>1115.000000</ele>
			</trkpt>
			<trkpt lat="48.998778" lon="13.475115">
				<ele>1114.000000</ele>
			</trkpt>
			<trkpt lat="48.998866" lon="13.475124">
				<ele>1113.000000</ele>
			</trkpt>
			<trkpt lat="48.998937" lon="13.475107">
				<ele>1113.000000</ele>
			</trkpt>
			<trkpt lat="48.999178" lon="13.475008">
				<ele>1111.000000</ele>
			</trkpt>
			<trkpt lat="48.999508" lon="13.474874">
				<ele>1108.000000</ele>
			</trkpt>
			<trkpt lat="48.999732" lon="13.474784">
				<ele>1107.000000</ele>
			</trkpt>
			<trkpt lat="48.999903" lon="13.474711">
				<ele>1106.000000</ele>
			</trkpt>
			<trkpt lat="49.000063" lon="13.474595">
				<ele>1104.000000</ele>
			</trkpt>
			<trkpt lat="49.000163" lon="13.474541">
				<ele>1103.000000</ele>
			</trkpt>
			<trkpt lat="49.000233" lon="13.474495">
				<ele>1103.000000</ele>
			</trkpt>
			<trkpt lat="49.000304" lon="13.474469">
				<ele>1102.000000</ele>
			</trkpt>
			<trkpt lat="49.000404" lon="13.474451">
				<ele>1101.000000</ele>
			</trkpt>
			<trkpt lat="49.000416" lon="13.474451">
				<ele>1101.000000</ele>
			</trkpt>
			<trkpt lat="49.000422" lon="13.474432">
				<ele>1101.000000</ele>
			</trkpt>
			<trkpt lat="49.000799" lon="13.474406">
				<ele>1098.000000</ele>
			</trkpt>
			<trkpt lat="49.000923" lon="13.474388">
				<ele>1097.000000</ele>
			</trkpt>
			<trkpt lat="49.001053" lon="13.474361">
				<ele>1096.000000</ele>
			</trkpt>
			<trkpt lat="49.001165" lon="13.474298">
				<ele>1095.000000</ele>
			</trkpt>
			<trkpt lat="49.001294" lon="13.474226">
				<ele>1094.000000</ele>
			</trkpt>
			<trkpt lat="49.001418" lon="13.474145">
				<ele>1093.000000</ele>
			</trkpt>
			<trkpt lat="49.001524" lon="13.474046">
				<ele>1092.000000</ele>
			</trkpt>
			<trkpt lat="49.001625" lon="13.473956">
				<ele>1092.000000</ele>
			</trkpt>
			<trkpt lat="49.001712" lon="13.473885">
				<ele>1091.000000</ele>
			</trkpt>
			<trkpt lat="49.001801" lon="13.473849">
				<ele>1090.000000</ele>
			</trkpt>
			<trkpt lat="49.001889" lon="13.473803">
				<ele>1090.000000</ele>
			</trkpt>
			<trkpt lat="49.002031" lon="13.473786">
				<ele>1089.000000</ele>
			</trkpt>
			<trkpt lat="49.002196" lon="13.473803">
				<ele>1088.000000</ele>
			</trkpt>
			<trkpt lat="49.002402" lon="13.473866">
				<ele>1087.000000</ele>
			</trkpt>
			<trkpt lat="49.002603" lon="13.473948">
				<ele>1085.000000</ele>
			</trkpt>
			<trkpt lat="49.002638" lon="13.473966">
				<ele>1085.000000</ele>
			</trkpt>
			<trkpt lat="49.002768" lon="13.473992">
				<ele>1085.000000</ele>
			</trkpt>
			<trkpt lat="49.002938" lon="13.474082">
				<ele>1086.000000</ele>
			</trkpt>
			<trkpt lat="49.003109" lon="13.474145">
				<ele>1086.000000</ele>
			</trkpt>
			<trkpt lat="49.003274" lon="13.474226">
				<ele>1086.000000</ele>
			</trkpt>
			<trkpt lat="49.003487" lon="13.474369">
				<ele>1087.000000</ele>
			</trkpt>
			<trkpt lat="49.003745" lon="13.474568">
				<ele>1087.000000</ele>
			</trkpt>
			<trkpt lat="49.003870" lon="13.474666">
				<ele>1088.000000</ele>
			</trkpt>
			<trkpt lat="49.003999" lon="13.474738">
				<ele>1088.000000</ele>
			</trkpt>
			<trkpt lat="49.004117" lon="13.474756">
				<ele>1088.000000</ele>
			</trkpt>
			<trkpt lat="49.004258" lon="13.474738">
				<ele>1088.000000</ele>
			</trkpt>
			<trkpt lat="49.004771" lon="13.474631">
				<ele>1090.000000</ele>
			</trkpt>
			<trkpt lat="49.005060" lon="13.474549">
				<ele>1090.000000</ele>
			</trkpt>
			<trkpt lat="49.005148" lon="13.474532">
				<ele>1091.000000</ele>
			</trkpt>
			<trkpt lat="49.005272" lon="13.474505">
				<ele>1093.000000</ele>
			</trkpt>
			<trkpt lat="49.005360" lon="13.474514">
				<ele>1093.000000</ele>
			</trkpt>
			<trkpt lat="49.005455" lon="13.474568">
				<ele>1094.000000</ele>
			</trkpt>
			<trkpt lat="49.005537" lon="13.474648">
				<ele>1095.000000</ele>
			</trkpt>
			<trkpt lat="49.005702" lon="13.474837">
				<ele>1096.000000</ele>
			</trkpt>
			<trkpt lat="49.005856" lon="13.475035">
				<ele>1097.000000</ele>
			</trkpt>
			<trkpt lat="49.006103" lon="13.475394">
				<ele>1099.000000</ele>
			</trkpt>
			<trkpt lat="49.006256" lon="13.475619">
				<ele>1100.000000</ele>
			</trkpt>
			<trkpt lat="49.006398" lon="13.475826">
				<ele>1101.000000</ele>
			</trkpt>
			<trkpt lat="49.006527" lon="13.476040">
				<ele>1102.000000</ele>
			</trkpt>
			<trkpt lat="49.006657" lon="13.476283">
				<ele>1104.000000</ele>
			</trkpt>
			<trkpt lat="49.006780" lon="13.476382">
				<ele>1104.000000</ele>
			</trkpt>
			<trkpt lat="49.006898" lon="13.476463">
				<ele>1105.000000</ele>
			</trkpt>
			<trkpt lat="49.007016" lon="13.476516">
				<ele>1106.000000</ele>
			</trkpt>
			<trkpt lat="49.007352" lon="13.476643">
				<ele>1109.000000</ele>
			</trkpt>
			<trkpt lat="49.007458" lon="13.476706">
				<ele>1110.000000</ele>
			</trkpt>
			<trkpt lat="49.007558" lon="13.476769">
				<ele>1111.000000</ele>
			</trkpt>
			<trkpt lat="49.007989" lon="13.477074">
				<ele>1116.000000</ele>
			</trkpt>
			<trkpt lat="49.008189" lon="13.477245">
				<ele>1118.000000</ele>
			</trkpt>
			<trkpt lat="49.008325" lon="13.477379">
				<ele>1119.000000</ele>
			</trkpt>
			<trkpt lat="49.008442" lon="13.477541">
				<ele>1120.000000</ele>
			</trkpt>
			<trkpt lat="49.008554" lon="13.477703">
				<ele>1121.000000</ele>
			</trkpt>
			<trkpt lat="49.008655" lon="13.477900">
				<ele>1121.000000</ele>
			</trkpt>
			<trkpt lat="49.008719" lon="13.478027">
				<ele>1122.000000</ele>
			</trkpt>
			<trkpt lat="49.008932" lon="13.478386">
				<ele>1123.000000</ele>
			</trkpt>
			<trkpt lat="49.009114" lon="13.478637">
				<ele>1124.000000</ele>
			</trkpt>
			<trkpt lat="49.009261" lon="13.478826">
				<ele>1124.000000</ele>
			</trkpt>
			<trkpt lat="49.009291" lon="13.478897">
				<ele>1125.000000</ele>
			</trkpt>
			<trkpt lat="49.009314" lon="13.478987">
				<ele>1125.000000</ele>
			</trkpt>
			<trkpt lat="49.009467" lon="13.479625">
				<ele>1126.000000</ele>
			</trkpt>
			<trkpt lat="49.009515" lon="13.479787">
				<ele>1127.000000</ele>
			</trkpt>
			<trkpt lat="49.009556" lon="13.479912">
				<ele>1127.000000</ele>
			</trkpt>
			<trkpt lat="49.009597" lon="13.480002">
				<ele>1127.000000</ele>
			</trkpt>
			<trkpt lat="49.009662" lon="13.480128">
				<ele>1128.000000</ele>
			</trkpt>
			<trkpt lat="49.009839" lon="13.480398">
				<ele>1129.000000</ele>
			</trkpt>
			<trkpt lat="49.009939" lon="13.480541">
				<ele>1129.000000</ele>
			</trkpt>
			<trkpt lat="49.010004" lon="13.480614">
				<ele>1129.000000</ele>
			</trkpt>
			<trkpt lat="49.010092" lon="13.480658">
				<ele>1130.000000</ele>
			</trkpt>
			<trkpt lat="49.010157" lon="13.480703">
				<ele>1130.000000</ele>
			</trkpt>
			<trkpt lat="49.010210" lon="13.480766">
				<ele>1130.000000</ele>
			</trkpt>
			<trkpt lat="49.010257" lon="13.480847">
				<ele>1130.000000</ele>
			</trkpt>
			<trkpt lat="49.010298" lon="13.480954">
				<ele>1130.000000</ele>
			</trkpt>
			<trkpt lat="49.010428" lon="13.481359">
				<ele>1130.000000</ele>
			</trkpt>
			<trkpt lat="49.010475" lon="13.481539">
				<ele>1130.000000</ele>
			</trkpt>
			<trkpt lat="49.010534" lon="13.481753">
				<ele>1130.000000</ele>
			</trkpt>
			<trkpt lat="49.010587" lon="13.481916">
				<ele>1130.000000</ele>
			</trkpt>
			<trkpt lat="49.010652" lon="13.482069">
				<ele>1130.000000</ele>
			</trkpt>
			<trkpt lat="49.010770" lon="13.482285">
				<ele>1130.000000</ele>
			</trkpt>
			<trkpt lat="49.010847" lon="13.482419">
				<ele>1130.000000</ele>
			</trkpt>
			<trkpt lat="49.010917" lon="13.482535">
				<ele>1130.000000</ele>
			</trkpt>
			<trkpt lat="49.010993" lon="13.482635">
				<ele>1130.000000</ele>
			</trkpt>
			<trkpt lat="49.011076" lon="13.482706">
				<ele>1130.000000</ele>
			</trkpt>
			<trkpt lat="49.011230" lon="13.482814">
				<ele>1130.000000</ele>
			</trkpt>
			<trkpt lat="49.011630" lon="13.483011">
				<ele>1130.000000</ele>
			</trkpt>
			<trkpt lat="49.011718" lon="13.483057">
				<ele>1130.000000</ele>
			</trkpt>
			<trkpt lat="49.011801" lon="13.483128">
				<ele>1130.000000</ele>
			</trkpt>
			<trkpt lat="49.012290" lon="13.483560">
				<ele>1130.000000</ele>
			</trkpt>
			<trkpt lat="49.012720" lon="13.483919">
				<ele>1130.000000</ele>
			</trkpt>
			<trkpt lat="49.014016" lon="13.484943">
				<ele>1127.000000</ele>
			</trkpt>
			<trkpt lat="49.014364" lon="13.485222">
				<ele>1125.000000</ele>
			</trkpt>
			<trkpt lat="49.014653" lon="13.485401">
				<ele>1123.000000</ele>
			</trkpt>
			<trkpt lat="49.014835" lon="13.485527">
				<ele>1121.000000</ele>
			</trkpt>
			<trkpt lat="49.014989" lon="13.485644">
				<ele>1120.000000</ele>
			</trkpt>
			<trkpt lat="49.015271" lon="13.485904">
				<ele>1116.000000</ele>
			</trkpt>
			<trkpt lat="49.015483" lon="13.486156">
				<ele>1113.000000</ele>
			</trkpt>
			<trkpt lat="49.015719" lon="13.486470">
				<ele>1109.000000</ele>
			</trkpt>
			<trkpt lat="49.015849" lon="13.486623">
				<ele>1108.000000</ele>
			</trkpt>
			<trkpt lat="49.015996" lon="13.486776">
				<ele>1106.000000</ele>
			</trkpt>
			<trkpt lat="49.016125" lon="13.486875">
				<ele>1104.000000</ele>
			</trkpt>
			<trkpt lat="49.016485" lon="13.487143">
				<ele>1101.000000</ele>
			</trkpt>
			<trkpt lat="49.016579" lon="13.487252">
				<ele>1101.000000</ele>
			</trkpt>
			<trkpt lat="49.016668" lon="13.487395">
				<ele>1100.000000</ele>
			</trkpt>
			<trkpt lat="49.016844" lon="13.487674">
				<ele>1099.000000</ele>
			</trkpt>
			<trkpt lat="49.016909" lon="13.487755">
				<ele>1098.000000</ele>
			</trkpt>
			<trkpt lat="49.016992" lon="13.487835">
				<ele>1098.000000</ele>
			</trkpt>
			<trkpt lat="49.017062" lon="13.487917">
				<ele>1097.000000</ele>
			</trkpt>
			<trkpt lat="49.017127" lon="13.488015">
				<ele>1097.000000</ele>
			</trkpt>
			<trkpt lat="49.017174" lon="13.488124">
				<ele>1097.000000</ele>
			</trkpt>
			<trkpt lat="49.017245" lon="13.488294">
				<ele>1096.000000</ele>
			</trkpt>
			<trkpt lat="49.017315" lon="13.488455">
				<ele>1096.000000</ele>
			</trkpt>
			<trkpt lat="49.017451" lon="13.488797">
				<ele>1094.000000</ele>
			</trkpt>
			<trkpt lat="49.017539" lon="13.489120">
				<ele>1092.000000</ele>
			</trkpt>
			<trkpt lat="49.017616" lon="13.489462">
				<ele>1091.000000</ele>
			</trkpt>
			<trkpt lat="49.017669" lon="13.489659">
				<ele>1089.000000</ele>
			</trkpt>
			<trkpt lat="49.017734" lon="13.489839">
				<ele>1087.000000</ele>
			</trkpt>
			<trkpt lat="49.017828" lon="13.490046">
				<ele>1085.000000</ele>
			</trkpt>
			<trkpt lat="49.017987" lon="13.490378">
				<ele>1082.000000</ele>
			</trkpt>
			<trkpt lat="49.018087" lon="13.490621">
				<ele>1080.000000</ele>
			</trkpt>
			<trkpt lat="49.018170" lon="13.490864">
				<ele>1078.000000</ele>
			</trkpt>
			<trkpt lat="49.018246" lon="13.491133">
				<ele>1076.000000</ele>
			</trkpt>
			<trkpt lat="49.018323" lon="13.491527">
				<ele>1073.000000</ele>
			</trkpt>
			<trkpt lat="49.018411" lon="13.491995">
				<ele>1071.000000</ele>
			</trkpt>
			<trkpt lat="49.018441" lon="13.492202">
				<ele>1070.000000</ele>
			</trkpt>
			<trkpt lat="49.018482" lon="13.492346">
				<ele>1069.000000</ele>
			</trkpt>
			<trkpt lat="49.018518" lon="13.492480">
				<ele>1068.000000</ele>
			</trkpt>
			<trkpt lat="49.018582" lon="13.492659">
				<ele>1068.000000</ele>
			</trkpt>
			<trkpt lat="49.018794" lon="13.493198">
				<ele>1064.000000</ele>
			</trkpt>
			<trkpt lat="49.018853" lon="13.493288">
				<ele>1063.000000</ele>
			</trkpt>
			<trkpt lat="49.018895" lon="13.493361">
				<ele>1063.000000</ele>
			</trkpt>
			<trkpt lat="49.018959" lon="13.493424">
				<ele>1062.000000</ele>
			</trkpt>
			<trkpt lat="49.019041" lon="13.493477">
				<ele>1061.000000</ele>
			</trkpt>
			<trkpt lat="49.019407" lon="13.493630">
				<ele>1056.000000</ele>
			</trkpt>
			<trkpt lat="49.019595" lon="13.493747">
				<ele>1053.000000</ele>
			</trkpt>
			<trkpt lat="49.019831" lon="13.493908">
				<ele>1049.000000</ele>
			</trkpt>
			<trkpt lat="49.020067" lon="13.494007">
				<ele>1046.000000</ele>
			</trkpt>
			<trkpt lat="49.020232" lon="13.494070">
				<ele>1043.000000</ele>
			</trkpt>
			<trkpt lat="49.020544" lon="13.494240">
				<ele>1038.000000</ele>
			</trkpt>
			<trkpt lat="49.020656" lon="13.494277">
				<ele>1036.000000</ele>
			</trkpt>
			<trkpt lat="49.020756" lon="13.494304">
				<ele>1035.000000</ele>
			</trkpt>
			<trkpt lat="49.020851" lon="13.494313">
				<ele>1034.000000</ele>
			</trkpt>
			<trkpt lat="49.020986" lon="13.494313">
				<ele>1032.000000</ele>
			</trkpt>
			<trkpt lat="49.021545" lon="13.494277">
				<ele>1025.000000</ele>
			</trkpt>
			<trkpt lat="49.022370" lon="13.494267">
				<ele>1010.000000</ele>
			</trkpt>
			<trkpt lat="49.022465" lon="13.494267">
				<ele>1008.000000</ele>
			</trkpt>
			<trkpt lat="49.022518" lon="13.494304">
				<ele>1007.000000</ele>
			</trkpt>
			<trkpt lat="49.022582" lon="13.494259">
				<ele>1006.000000</ele>
			</trkpt>
			<trkpt lat="49.022606" lon="13.494250">
				<ele>1006.000000</ele>
			</trkpt>
			<trkpt lat="49.022636" lon="13.494250">
				<ele>1005.000000</ele>
			</trkpt>
			<trkpt lat="49.022659" lon="13.494259">
				<ele>1005.000000</ele>
			</trkpt>
			<trkpt lat="49.022694" lon="13.494294">
				<ele>1004.000000</ele>
			</trkpt>
			<trkpt lat="49.022742" lon="13.494349">
				<ele>1003.000000</ele>
			</trkpt>
			<trkpt lat="49.022795" lon="13.494393">
				<ele>1003.000000</ele>
			</trkpt>
			<trkpt lat="49.022859" lon="13.494447">
				<ele>1001.000000</ele>
			</trkpt>
			<trkpt lat="49.022924" lon="13.494483">
				<ele>1000.000000</ele>
			</trkpt>
			<trkpt lat="49.022989" lon="13.494493">
				<ele>999.000000</ele>
			</trkpt>
			<trkpt lat="49.023042" lon="13.494493">
				<ele>999.000000</ele>
			</trkpt>
			<trkpt lat="49.023124" lon="13.494474">
				<ele>997.000000</ele>
			</trkpt>
			<trkpt lat="49.023177" lon="13.494466">
				<ele>997.000000</ele>
			</trkpt>
			<trkpt lat="49.023242" lon="13.494483">
				<ele>996.000000</ele>
			</trkpt>
			<trkpt lat="49.023313" lon="13.494537">
				<ele>994.000000</ele>
			</trkpt>
			<trkpt lat="49.023366" lon="13.494556">
				<ele>993.000000</ele>
			</trkpt>
			<trkpt lat="49.023413" lon="13.494546">
				<ele>992.000000</ele>
			</trkpt>
			<trkpt lat="49.023436" lon="13.494564">
				<ele>992.000000</ele>
			</trkpt>
			<trkpt lat="49.023472" lon="13.494573">
				<ele>991.000000</ele>
			</trkpt>
			<trkpt lat="49.023513" lon="13.494591">
				<ele>991.000000</ele>
			</trkpt>
			<trkpt lat="49.023554" lon="13.494600">
				<ele>990.000000</ele>
			</trkpt>
			<trkpt lat="49.023584" lon="13.494627">
				<ele>989.000000</ele>
			</trkpt>
			<trkpt lat="49.023595" lon="13.494753">
				<ele>988.000000</ele>
			</trkpt>
			<trkpt lat="49.023601" lon="13.494780">
				<ele>987.000000</ele>
			</trkpt>
			<trkpt lat="49.023619" lon="13.494806">
				<ele>987.000000</ele>
			</trkpt>
			<trkpt lat="49.023737" lon="13.494843">
				<ele>985.000000</ele>
			</trkpt>
			<trkpt lat="49.023766" lon="13.494869">
				<ele>985.000000</ele>
			</trkpt>
			<trkpt lat="49.023796" lon="13.494906">
				<ele>984.000000</ele>
			</trkpt>
			<trkpt lat="49.023855" lon="13.494977">
				<ele>984.000000</ele>
			</trkpt>
			<trkpt lat="49.023849" lon="13.494887">
				<ele>983.000000</ele>
			</trkpt>
			<trkpt lat="49.023849" lon="13.494887">
				<ele>983.000000</ele>
			</trkpt>
			<trkpt lat="49.023831" lon="13.494556">
				<ele>983.000000</ele>
			</trkpt>
			<trkpt lat="49.023802" lon="13.494223">
				<ele>982.000000</ele>
			</trkpt>
			<trkpt lat="49.023790" lon="13.494061">
				<ele>982.000000</ele>
			</trkpt>
			<trkpt lat="49.023796" lon="13.493935">
				<ele>982.000000</ele>
			</trkpt>
			<trkpt lat="49.023825" lon="13.493827">
				<ele>982.000000</ele>
			</trkpt>
			<trkpt lat="49.023867" lon="13.493747">
				<ele>982.000000</ele>
			</trkpt>
			<trkpt lat="49.023872" lon="13.493594">
				<ele>981.000000</ele>
			</trkpt>
			<trkpt lat="49.023867" lon="13.493459">
				<ele>981.000000</ele>
			</trkpt>
			<trkpt lat="49.023855" lon="13.493334">
				<ele>981.000000</ele>
			</trkpt>
			<trkpt lat="49.023825" lon="13.493208">
				<ele>981.000000</ele>
			</trkpt>
			<trkpt lat="49.023760" lon="13.492965">
				<ele>980.000000</ele>
			</trkpt>
			<trkpt lat="49.023572" lon="13.492462">
				<ele>980.000000</ele>
			</trkpt>
			<trkpt lat="49.023525" lon="13.492327">
				<ele>980.000000</ele>
			</trkpt>
			<trkpt lat="49.023495" lon="13.492219">
				<ele>980.000000</ele>
			</trkpt>
			<trkpt lat="49.023495" lon="13.492103">
				<ele>981.000000</ele>
			</trkpt>
			<trkpt lat="49.023495" lon="13.491977">
				<ele>981.000000</ele>
			</trkpt>
			<trkpt lat="49.023548" lon="13.491456">
				<ele>982.000000</ele>
			</trkpt>
			<trkpt lat="49.023590" lon="13.490944">
				<ele>983.000000</ele>
			</trkpt>
			<trkpt lat="49.023601" lon="13.490728">
				<ele>983.000000</ele>
			</trkpt>
			<trkpt lat="49.023590" lon="13.490512">
				<ele>983.000000</ele>
			</trkpt>
			<trkpt lat="49.023590" lon="13.490432">
				<ele>984.000000</ele>
			</trkpt>
			<trkpt lat="49.023607" lon="13.490369">
				<ele>984.000000</ele>
			</trkpt>
			<trkpt lat="49.023625" lon="13.490333">
				<ele>984.000000</ele>
			</trkpt>
			<trkpt lat="49.023660" lon="13.490288">
				<ele>984.000000</ele>
			</trkpt>
			<trkpt lat="49.023867" lon="13.490189">
				<ele>984.000000</ele>
			</trkpt>
			<trkpt lat="49.023931" lon="13.490145">
				<ele>985.000000</ele>
			</trkpt>
			<trkpt lat="49.024061" lon="13.490072">
				<ele>985.000000</ele>
			</trkpt>
			<trkpt lat="49.024172" lon="13.490028">
				<ele>985.000000</ele>
			</trkpt>
			<trkpt lat="49.024261" lon="13.490001">
				<ele>985.000000</ele>
			</trkpt>
			<trkpt lat="49.024308" lon="13.489642">
				<ele>986.000000</ele>
			</trkpt>
			<trkpt lat="49.024361" lon="13.489354">
				<ele>986.000000</ele>
			</trkpt>
			<trkpt lat="49.024462" lon="13.488950">
				<ele>986.000000</ele>
			</trkpt>
			<trkpt lat="49.024521" lon="13.488617">
				<ele>987.000000</ele>
			</trkpt>
			<trkpt lat="49.024821" lon="13.486982">
				<ele>989.000000</ele>
			</trkpt>
			<trkpt lat="49.024874" lon="13.486623">
				<ele>989.000000</ele>
			</trkpt>
			<trkpt lat="49.024927" lon="13.486129">
				<ele>989.000000</ele>
			</trkpt>
			<trkpt lat="49.025015" lon="13.485159">
				<ele>990.000000</ele>
			</trkpt>
			<trkpt lat="49.025062" lon="13.484692">
				<ele>990.000000</ele>
			</trkpt>
			<trkpt lat="49.025145" lon="13.484116">
				<ele>991.000000</ele>
			</trkpt>
			<trkpt lat="49.025263" lon="13.483344">
				<ele>991.000000</ele>
			</trkpt>
			<trkpt lat="49.025557" lon="13.481440">
				<ele>992.000000</ele>
			</trkpt>
			<trkpt lat="49.025616" lon="13.481090">
				<ele>992.000000</ele>
			</trkpt>
			<trkpt lat="49.025710" lon="13.480667">
				<ele>993.000000</ele>
			</trkpt>
			<trkpt lat="49.025781" lon="13.480443">
				<ele>993.000000</ele>
			</trkpt>
			<trkpt lat="49.025858" lon="13.480254">
				<ele>993.000000</ele>
			</trkpt>
			<trkpt lat="49.025958" lon="13.480029">
				<ele>993.000000</ele>
			</trkpt>
			<trkpt lat="49.026034" lon="13.479858">
				<ele>993.000000</ele>
			</trkpt>
			<trkpt lat="49.026281" lon="13.479401">
				<ele>993.000000</ele>
			</trkpt>
			<trkpt lat="49.026393" lon="13.479266">
				<ele>994.000000</ele>
			</trkpt>
			<trkpt lat="49.026529" lon="13.479132">
				<ele>994.000000</ele>
			</trkpt>
			<trkpt lat="49.026682" lon="13.479023">
				<ele>994.000000</ele>
			</trkpt>
			<trkpt lat="49.026829" lon="13.478960">
				<ele>994.000000</ele>
			</trkpt>
			<trkpt lat="49.027531" lon="13.478709">
				<ele>995.000000</ele>
			</trkpt>
			<trkpt lat="49.027990" lon="13.478583">
				<ele>995.000000</ele>
			</trkpt>
			<trkpt lat="49.028202" lon="13.478537">
				<ele>995.000000</ele>
			</trkpt>
			<trkpt lat="49.028608" lon="13.478484">
				<ele>995.000000</ele>
			</trkpt>
			<trkpt lat="49.028779" lon="13.478448">
				<ele>995.000000</ele>
			</trkpt>
			<trkpt lat="49.028985" lon="13.478377">
				<ele>996.000000</ele>
			</trkpt>
			<trkpt lat="49.029192" lon="13.478277">
				<ele>996.000000</ele>
			</trkpt>
			<trkpt lat="49.029662" lon="13.477990">
				<ele>996.000000</ele>
			</trkpt>
			<trkpt lat="49.030069" lon="13.477685">
				<ele>996.000000</ele>
			</trkpt>
			<trkpt lat="49.030487" lon="13.477335">
				<ele>997.000000</ele>
			</trkpt>
			<trkpt lat="49.030993" lon="13.476849">
				<ele>997.000000</ele>
			</trkpt>
			<trkpt lat="49.031288" lon="13.476579">
				<ele>997.000000</ele>
			</trkpt>
			<trkpt lat="49.031412" lon="13.476499">
				<ele>997.000000</ele>
			</trkpt>
			<trkpt lat="49.031530" lon="13.476427">
				<ele>997.000000</ele>
			</trkpt>
			<trkpt lat="49.031647" lon="13.476364">
				<ele>997.000000</ele>
			</trkpt>
			<trkpt lat="49.031771" lon="13.476310">
				<ele>997.000000</ele>
			</trkpt>
			<trkpt lat="49.031913" lon="13.476274">
				<ele>997.000000</ele>
			</trkpt>
			<trkpt lat="49.032095" lon="13.476229">
				<ele>998.000000</ele>
			</trkpt>
			<trkpt lat="49.033462" lon="13.475996">
				<ele>998.000000</ele>
			</trkpt>
			<trkpt lat="49.033550" lon="13.475977">
				<ele>998.000000</ele>
			</trkpt>
			<trkpt lat="49.033685" lon="13.475933">
				<ele>999.000000</ele>
			</trkpt>
			<trkpt lat="49.033756" lon="13.475879">
				<ele>999.000000</ele>
			</trkpt>
			<trkpt lat="49.033862" lon="13.475763">
				<ele>999.000000</ele>
			</trkpt>
			<trkpt lat="49.034262" lon="13.475331">
				<ele>999.000000</ele>
			</trkpt>
			<trkpt lat="49.034763" lon="13.474765">
				<ele>999.000000</ele>
			</trkpt>
			<trkpt lat="49.034904" lon="13.474612">
				<ele>999.000000</ele>
			</trkpt>
			<trkpt lat="49.034993" lon="13.474495">
				<ele>999.000000</ele>
			</trkpt>
			<trkpt lat="49.035187" lon="13.474182">
				<ele>1000.000000</ele>
			</trkpt>
			<trkpt lat="49.035223" lon="13.474182">
				<ele>1000.000000</ele>
			</trkpt>
			<trkpt lat="49.035269" lon="13.474163">
				<ele>1000.000000</ele>
			</trkpt>
			<trkpt lat="49.035369" lon="13.474092">
				<ele>1001.000000</ele>
			</trkpt>
			<trkpt lat="49.035481" lon="13.473948">
				<ele>1002.000000</ele>
			</trkpt>
			<trkpt lat="49.035670" lon="13.473669">
				<ele>1004.000000</ele>
			</trkpt>
			<trkpt lat="49.036618" lon="13.472205">
				<ele>1027.000000</ele>
			</trkpt>
			<trkpt lat="49.037201" lon="13.471325">
				<ele>1042.000000</ele>
			</trkpt>
			<trkpt lat="49.037301" lon="13.471182">
				<ele>1044.000000</ele>
			</trkpt>
			<trkpt lat="49.037449" lon="13.470947">
				<ele>1047.000000</ele>
			</trkpt>
			<trkpt lat="49.037572" lon="13.470696">
				<ele>1049.000000</ele>
			</trkpt>
			<trkpt lat="49.037678" lon="13.470408">
				<ele>1051.000000</ele>
			</trkpt>
			<trkpt lat="49.037837" lon="13.469897">
				<ele>1054.000000</ele>
			</trkpt>
			<trkpt lat="49.037884" lon="13.469788">
				<ele>1055.000000</ele>
			</trkpt>
			<trkpt lat="49.037937" lon="13.469690">
				<ele>1055.000000</ele>
			</trkpt>
			<trkpt lat="49.037979" lon="13.469608">
				<ele>1056.000000</ele>
			</trkpt>
			<trkpt lat="49.038044" lon="13.469519">
				<ele>1057.000000</ele>
			</trkpt>
			<trkpt lat="49.038114" lon="13.469465">
				<ele>1058.000000</ele>
			</trkpt>
			<trkpt lat="49.038184" lon="13.469402">
				<ele>1058.000000</ele>
			</trkpt>
			<trkpt lat="49.038432" lon="13.469258">
				<ele>1061.000000</ele>
			</trkpt>
			<trkpt lat="49.039139" lon="13.468899">
				<ele>1067.000000</ele>
			</trkpt>
			<trkpt lat="49.039786" lon="13.468593">
				<ele>1070.000000</ele>
			</trkpt>
			<trkpt lat="49.040187" lon="13.468379">
				<ele>1069.000000</ele>
			</trkpt>
			<trkpt lat="49.040499" lon="13.468190">
				<ele>1068.000000</ele>
			</trkpt>
			<trkpt lat="49.040669" lon="13.468127">
				<ele>1068.000000</ele>
			</trkpt>
			<trkpt lat="49.040964" lon="13.467966">
				<ele>1067.000000</ele>
			</trkpt>
			<trkpt lat="49.041029" lon="13.468037">
				<ele>1067.000000</ele>
			</trkpt>
			<trkpt lat="49.041064" lon="13.468117">
				<ele>1067.000000</ele>
			</trkpt>
			<trkpt lat="49.041347" lon="13.468324">
				<ele>1066.000000</ele>
			</trkpt>
			<trkpt lat="49.041418" lon="13.468405">
				<ele>1066.000000</ele>
			</trkpt>
			<trkpt lat="49.041553" lon="13.468540">
				<ele>1066.000000</ele>
			</trkpt>
			<trkpt lat="49.041636" lon="13.468503">
				<ele>1066.000000</ele>
			</trkpt>
			<trkpt lat="49.041689" lon="13.468532">
				<ele>1066.000000</ele>
			</trkpt>
			<trkpt lat="49.041724" lon="13.468532">
				<ele>1066.000000</ele>
			</trkpt>
			<trkpt lat="49.041783" lon="13.468540">
				<ele>1066.000000</ele>
			</trkpt>
			<trkpt lat="49.041783" lon="13.468540">
				<ele>1066.000000</ele>
			</trkpt>
			<trkpt lat="49.041724" lon="13.468532">
				<ele>1066.000000</ele>
			</trkpt>
			<trkpt lat="49.041689" lon="13.468532">
				<ele>1066.000000</ele>
			</trkpt>
			<trkpt lat="49.041636" lon="13.468503">
				<ele>1066.000000</ele>
			</trkpt>
			<trkpt lat="49.041553" lon="13.468540">
				<ele>1066.000000</ele>
			</trkpt>
			<trkpt lat="49.041418" lon="13.468405">
				<ele>1066.000000</ele>
			</trkpt>
			<trkpt lat="49.041347" lon="13.468324">
				<ele>1066.000000</ele>
			</trkpt>
			<trkpt lat="49.041064" lon="13.468117">
				<ele>1067.000000</ele>
			</trkpt>
			<trkpt lat="49.041029" lon="13.468037">
				<ele>1067.000000</ele>
			</trkpt>
			<trkpt lat="49.040964" lon="13.467966">
				<ele>1067.000000</ele>
			</trkpt>
			<trkpt lat="49.040669" lon="13.468127">
				<ele>1068.000000</ele>
			</trkpt>
			<trkpt lat="49.040629" lon="13.467713">
				<ele>1069.000000</ele>
			</trkpt>
			<trkpt lat="49.040622" lon="13.467400">
				<ele>1069.000000</ele>
			</trkpt>
			<trkpt lat="49.040629" lon="13.467165">
				<ele>1070.000000</ele>
			</trkpt>
			<trkpt lat="49.040664" lon="13.466968">
				<ele>1070.000000</ele>
			</trkpt>
			<trkpt lat="49.040722" lon="13.466771">
				<ele>1070.000000</ele>
			</trkpt>
			<trkpt lat="49.040828" lon="13.466492">
				<ele>1071.000000</ele>
			</trkpt>
			<trkpt lat="49.040905" lon="13.466312">
				<ele>1071.000000</ele>
			</trkpt>
			<trkpt lat="49.041247" lon="13.465566">
				<ele>1072.000000</ele>
			</trkpt>
			<trkpt lat="49.041977" lon="13.463895">
				<ele>1074.000000</ele>
			</trkpt>
			<trkpt lat="49.042218" lon="13.463383">
				<ele>1075.000000</ele>
			</trkpt>
			<trkpt lat="49.042507" lon="13.462800">
				<ele>1075.000000</ele>
			</trkpt>
			<trkpt lat="49.042542" lon="13.462719">
				<ele>1075.000000</ele>
			</trkpt>
			<trkpt lat="49.042554" lon="13.462637">
				<ele>1076.000000</ele>
			</trkpt>
			<trkpt lat="49.042572" lon="13.462557">
				<ele>1076.000000</ele>
			</trkpt>
			<trkpt lat="49.042583" lon="13.462458">
				<ele>1076.000000</ele>
			</trkpt>
			<trkpt lat="49.042601" lon="13.462602">
				<ele>1076.000000</ele>
			</trkpt>
			<trkpt lat="49.042601" lon="13.462602">
				<ele>1076.000000</ele>
			</trkpt>
			<trkpt lat="49.042583" lon="13.462458">
				<ele>1076.000000</ele>
			</trkpt>
			<trkpt lat="49.042578" lon="13.462324">
				<ele>1076.000000</ele>
			</trkpt>
			<trkpt lat="49.042536" lon="13.461937">
				<ele>1076.000000</ele>
			</trkpt>
			<trkpt lat="49.042507" lon="13.461623">
				<ele>1076.000000</ele>
			</trkpt>
			<trkpt lat="49.042460" lon="13.461255">
				<ele>1077.000000</ele>
			</trkpt>
			<trkpt lat="49.042407" lon="13.460958">
				<ele>1077.000000</ele>
			</trkpt>
			<trkpt lat="49.042342" lon="13.460635">
				<ele>1077.000000</ele>
			</trkpt>
			<trkpt lat="49.042248" lon="13.460293">
				<ele>1078.000000</ele>
			</trkpt>
			<trkpt lat="49.042124" lon="13.459943">
				<ele>1078.000000</ele>
			</trkpt>
			<trkpt lat="49.041947" lon="13.459539">
				<ele>1078.000000</ele>
			</trkpt>
			<trkpt lat="49.041400" lon="13.458290">
				<ele>1080.000000</ele>
			</trkpt>
			<trkpt lat="49.041282" lon="13.458020">
				<ele>1080.000000</ele>
			</trkpt>
			<trkpt lat="49.041223" lon="13.457850">
				<ele>1080.000000</ele>
			</trkpt>
			<trkpt lat="49.041170" lon="13.457643">
				<ele>1080.000000</ele>
			</trkpt>
			<trkpt lat="49.041117" lon="13.457356">
				<ele>1080.000000</ele>
			</trkpt>
			<trkpt lat="49.040758" lon="13.454804">
				<ele>1080.000000</ele>
			</trkpt>
			<trkpt lat="49.040699" lon="13.454418">
				<ele>1080.000000</ele>
			</trkpt>
			<trkpt lat="49.040652" lon="13.454140">
				<ele>1080.000000</ele>
			</trkpt>
			<trkpt lat="49.040587" lon="13.453871">
				<ele>1080.000000</ele>
			</trkpt>
			<trkpt lat="49.040499" lon="13.453574">
				<ele>1080.000000</ele>
			</trkpt>
			<trkpt lat="49.040311" lon="13.452972">
				<ele>1079.000000</ele>
			</trkpt>
			<trkpt lat="49.039963" lon="13.451894">
				<ele>1077.000000</ele>
			</trkpt>
			<trkpt lat="49.039615" lon="13.450699">
				<ele>1074.000000</ele>
			</trkpt>
			<trkpt lat="49.039475" lon="13.450152">
				<ele>1073.000000</ele>
			</trkpt>
			<trkpt lat="49.039369" lon="13.449684">
				<ele>1073.000000</ele>
			</trkpt>
			<trkpt lat="49.039291" lon="13.449271">
				<ele>1072.000000</ele>
			</trkpt>
			<trkpt lat="49.039115" lon="13.448112">
				<ele>1070.000000</ele>
			</trkpt>
			<trkpt lat="49.039039" lon="13.447689">
				<ele>1068.000000</ele>
			</trkpt>
			<trkpt lat="49.039009" lon="13.447429">
				<ele>1067.000000</ele>
			</trkpt>
			<trkpt lat="49.038991" lon="13.447178">
				<ele>1066.000000</ele>
			</trkpt>
			<trkpt lat="49.038997" lon="13.446890">
				<ele>1064.000000</ele>
			</trkpt>
			<trkpt lat="49.039003" lon="13.446666">
				<ele>1063.000000</ele>
			</trkpt>
			<trkpt lat="49.038986" lon="13.446460">
				<ele>1062.000000</ele>
			</trkpt>
			<trkpt lat="49.038956" lon="13.446288">
				<ele>1061.000000</ele>
			</trkpt>
			<trkpt lat="49.038909" lon="13.446110">
				<ele>1060.000000</ele>
			</trkpt>
			<trkpt lat="49.038850" lon="13.445947">
				<ele>1060.000000</ele>
			</trkpt>
			<trkpt lat="49.038785" lon="13.445794">
				<ele>1059.000000</ele>
			</trkpt>
			<trkpt lat="49.038444" lon="13.445085">
				<ele>1054.000000</ele>
			</trkpt>
			<trkpt lat="49.038343" lon="13.444869">
				<ele>1053.000000</ele>
			</trkpt>
			<trkpt lat="49.038220" lon="13.444636">
				<ele>1051.000000</ele>
			</trkpt>
			<trkpt lat="49.038090" lon="13.444420">
				<ele>1050.000000</ele>
			</trkpt>
			<trkpt lat="49.037972" lon="13.444249">
				<ele>1048.000000</ele>
			</trkpt>
			<trkpt lat="49.037737" lon="13.443953">
				<ele>1046.000000</ele>
			</trkpt>
			<trkpt lat="49.037272" lon="13.443441">
				<ele>1041.000000</ele>
			</trkpt>
			<trkpt lat="49.037030" lon="13.443171">
				<ele>1038.000000</ele>
			</trkpt>
			<trkpt lat="49.036960" lon="13.443055">
				<ele>1037.000000</ele>
			</trkpt>
			<trkpt lat="49.036930" lon="13.442965">
				<ele>1036.000000</ele>
			</trkpt>
			<trkpt lat="49.036912" lon="13.442884">
				<ele>1035.000000</ele>
			</trkpt>
			<trkpt lat="49.036901" lon="13.442794">
				<ele>1034.000000</ele>
			</trkpt>
			<trkpt lat="49.036901" lon="13.442722">
				<ele>1034.000000</ele>
			</trkpt>
			<trkpt lat="49.036907" lon="13.442641">
				<ele>1033.000000</ele>
			</trkpt>
			<trkpt lat="49.036924" lon="13.442569">
				<ele>1032.000000</ele>
			</trkpt>
			<trkpt lat="49.036960" lon="13.442489">
				<ele>1032.000000</ele>
			</trkpt>
			<trkpt lat="49.037007" lon="13.442435">
				<ele>1031.000000</ele>
			</trkpt>
			<trkpt lat="49.037378" lon="13.442202">
				<ele>1031.000000</ele>
			</trkpt>
			<trkpt lat="49.037596" lon="13.442049">
				<ele>1032.000000</ele>
			</trkpt>
			<trkpt lat="49.037796" lon="13.441833">
				<ele>1032.000000</ele>
			</trkpt>
			<trkpt lat="49.037860" lon="13.441762">
				<ele>1032.000000</ele>
			</trkpt>
			<trkpt lat="49.037919" lon="13.441662">
				<ele>1032.000000</ele>
			</trkpt>
			<trkpt lat="49.037972" lon="13.441573">
				<ele>1032.000000</ele>
			</trkpt>
			<trkpt lat="49.038025" lon="13.441456">
				<ele>1032.000000</ele>
			</trkpt>
			<trkpt lat="49.038061" lon="13.441330">
				<ele>1032.000000</ele>
			</trkpt>
			<trkpt lat="49.038102" lon="13.441196">
				<ele>1032.000000</ele>
			</trkpt>
			<trkpt lat="49.038308" lon="13.440207">
				<ele>1033.000000</ele>
			</trkpt>
			<trkpt lat="49.038644" lon="13.438536">
				<ele>1034.000000</ele>
			</trkpt>
			<trkpt lat="49.039692" lon="13.438447">
				<ele>1035.000000</ele>
			</trkpt>
			<trkpt lat="49.041665" lon="13.438240">
				<ele>1043.000000</ele>
			</trkpt>
			<trkpt lat="49.042578" lon="13.438114">
				<ele>1048.000000</ele>
			</trkpt>
			<trkpt lat="49.042990" lon="13.438070">
				<ele>1052.000000</ele>
			</trkpt>
			<trkpt lat="49.043667" lon="13.438024">
				<ele>1058.000000</ele>
			</trkpt>
			<trkpt lat="49.044915" lon="13.437871">
				<ele>1071.000000</ele>
			</trkpt>
			<trkpt lat="49.044968" lon="13.437871">
				<ele>1072.000000</ele>
			</trkpt>
			<trkpt lat="49.045204" lon="13.437835">
				<ele>1074.000000</ele>
			</trkpt>
			<trkpt lat="49.045922" lon="13.437791">
				<ele>1081.000000</ele>
			</trkpt>
			<trkpt lat="49.046134" lon="13.437772">
				<ele>1083.000000</ele>
			</trkpt>
			<trkpt lat="49.047158" lon="13.437638">
				<ele>1098.000000</ele>
			</trkpt>
			<trkpt lat="49.047259" lon="13.437620">
				<ele>1100.000000</ele>
			</trkpt>
			<trkpt lat="49.047359" lon="13.437592">
				<ele>1101.000000</ele>
			</trkpt>
			<trkpt lat="49.047429" lon="13.437565">
				<ele>1101.000000</ele>
			</trkpt>
			<trkpt lat="49.047518" lon="13.437504">
				<ele>1102.000000</ele>
			</trkpt>
			<trkpt lat="49.047600" lon="13.437449">
				<ele>1103.000000</ele>
			</trkpt>
			<trkpt lat="49.047677" lon="13.437368">
				<ele>1104.000000</ele>
			</trkpt>
			<trkpt lat="49.047906" lon="13.437099">
				<ele>1106.000000</ele>
			</trkpt>
			<trkpt lat="49.048200" lon="13.436749">
				<ele>1107.000000</ele>
			</trkpt>
			<trkpt lat="49.048448" lon="13.436506">
				<ele>1108.000000</ele>
			</trkpt>
			<trkpt lat="49.048713" lon="13.436290">
				<ele>1110.000000</ele>
			</trkpt>
			<trkpt lat="49.049072" lon="13.436047">
				<ele>1112.000000</ele>
			</trkpt>
			<trkpt lat="49.049466" lon="13.435778">
				<ele>1115.000000</ele>
			</trkpt>
			<trkpt lat="49.049614" lon="13.435680">
				<ele>1116.000000</ele>
			</trkpt>
			<trkpt lat="49.049784" lon="13.435590">
				<ele>1117.000000</ele>
			</trkpt>
			<trkpt lat="49.049991" lon="13.435527">
				<ele>1118.000000</ele>
			</trkpt>
			<trkpt lat="49.050197" lon="13.435464">
				<ele>1119.000000</ele>
			</trkpt>
			<trkpt lat="49.050402" lon="13.435365">
				<ele>1120.000000</ele>
			</trkpt>
			<trkpt lat="49.050656" lon="13.435221">
				<ele>1121.000000</ele>
			</trkpt>
			<trkpt lat="49.051404" lon="13.434646">
				<ele>1123.000000</ele>
			</trkpt>
			<trkpt lat="49.051550" lon="13.434548">
				<ele>1124.000000</ele>
			</trkpt>
			<trkpt lat="49.051686" lon="13.434476">
				<ele>1124.000000</ele>
			</trkpt>
			<trkpt lat="49.051821" lon="13.434412">
				<ele>1124.000000</ele>
			</trkpt>
			<trkpt lat="49.051974" lon="13.434359">
				<ele>1125.000000</ele>
			</trkpt>
			<trkpt lat="49.052251" lon="13.434305">
				<ele>1127.000000</ele>
			</trkpt>
			<trkpt lat="49.052810" lon="13.434278">
				<ele>1131.000000</ele>
			</trkpt>
			<trkpt lat="49.053264" lon="13.434233">
				<ele>1134.000000</ele>
			</trkpt>
			<trkpt lat="49.053653" lon="13.434225">
				<ele>1137.000000</ele>
			</trkpt>
			<trkpt lat="49.054076" lon="13.434225">
				<ele>1141.000000</ele>
			</trkpt>
			<trkpt lat="49.054600" lon="13.434233">
				<ele>1143.000000</ele>
			</trkpt>
			<trkpt lat="49.054753" lon="13.434252">
				<ele>1144.000000</ele>
			</trkpt>
			<trkpt lat="49.054877" lon="13.434278">
				<ele>1145.000000</ele>
			</trkpt>
			<trkpt lat="49.055013" lon="13.434341">
				<ele>1145.000000</ele>
			</trkpt>
			<trkpt lat="49.055148" lon="13.434422">
				<ele>1145.000000</ele>
			</trkpt>
			<trkpt lat="49.055242" lon="13.434485">
				<ele>1145.000000</ele>
			</trkpt>
			<trkpt lat="49.055401" lon="13.434592">
				<ele>1146.000000</ele>
			</trkpt>
			<trkpt lat="49.056301" lon="13.435168">
				<ele>1147.000000</ele>
			</trkpt>
			<trkpt lat="49.057261" lon="13.435751">
				<ele>1148.000000</ele>
			</trkpt>
			<trkpt lat="49.057390" lon="13.435833">
				<ele>1148.000000</ele>
			</trkpt>
			<trkpt lat="49.057491" lon="13.435877">
				<ele>1148.000000</ele>
			</trkpt>
			<trkpt lat="49.057591" lon="13.435904">
				<ele>1148.000000</ele>
			</trkpt>
			<trkpt lat="49.057714" lon="13.435931">
				<ele>1148.000000</ele>
			</trkpt>
			<trkpt lat="49.057950" lon="13.435957">
				<ele>1148.000000</ele>
			</trkpt>
			<trkpt lat="49.058133" lon="13.435984">
				<ele>1149.000000</ele>
			</trkpt>
			<trkpt lat="49.058292" lon="13.435976">
				<ele>1149.000000</ele>
			</trkpt>
			<trkpt lat="49.058456" lon="13.435957">
				<ele>1149.000000</ele>
			</trkpt>
			<trkpt lat="49.058615" lon="13.435940">
				<ele>1149.000000</ele>
			</trkpt>
			<trkpt lat="49.058774" lon="13.435896">
				<ele>1149.000000</ele>
			</trkpt>
			<trkpt lat="49.059203" lon="13.435760">
				<ele>1150.000000</ele>
			</trkpt>
			<trkpt lat="49.059510" lon="13.435626">
				<ele>1150.000000</ele>
			</trkpt>
			<trkpt lat="49.059728" lon="13.435518">
				<ele>1150.000000</ele>
			</trkpt>
			<trkpt lat="49.059928" lon="13.435383">
				<ele>1150.000000</ele>
			</trkpt>
			<trkpt lat="49.060152" lon="13.435177">
				<ele>1150.000000</ele>
			</trkpt>
			<trkpt lat="49.060252" lon="13.435095">
				<ele>1150.000000</ele>
			</trkpt>
			<trkpt lat="49.060358" lon="13.434970">
				<ele>1150.000000</ele>
			</trkpt>
			<trkpt lat="49.060504" lon="13.434754">
				<ele>1150.000000</ele>
			</trkpt>
			<trkpt lat="49.060658" lon="13.434494">
				<ele>1150.000000</ele>
			</trkpt>
			<trkpt lat="49.060875" lon="13.434045">
				<ele>1150.000000</ele>
			</trkpt>
			<trkpt lat="49.061076" lon="13.433586">
				<ele>1150.000000</ele>
			</trkpt>
			<trkpt lat="49.061241" lon="13.433173">
				<ele>1150.000000</ele>
			</trkpt>
			<trkpt lat="49.061370" lon="13.432831">
				<ele>1150.000000</ele>
			</trkpt>
			<trkpt lat="49.061729" lon="13.431835">
				<ele>1150.000000</ele>
			</trkpt>
			<trkpt lat="49.061752" lon="13.431762">
				<ele>1150.000000</ele>
			</trkpt>
			<trkpt lat="49.061811" lon="13.431655">
				<ele>1150.000000</ele>
			</trkpt>
			<trkpt lat="49.061900" lon="13.431556">
				<ele>1151.000000</ele>
			</trkpt>
			<trkpt lat="49.061994" lon="13.431485">
				<ele>1151.000000</ele>
			</trkpt>
			<trkpt lat="49.062100" lon="13.431439">
				<ele>1151.000000</ele>
			</trkpt>
			<trkpt lat="49.062206" lon="13.431430">
				<ele>1152.000000</ele>
			</trkpt>
			<trkpt lat="49.062341" lon="13.431439">
				<ele>1152.000000</ele>
			</trkpt>
			<trkpt lat="49.062489" lon="13.431475">
				<ele>1153.000000</ele>
			</trkpt>
			<trkpt lat="49.062647" lon="13.431538">
				<ele>1154.000000</ele>
			</trkpt>
			<trkpt lat="49.062724" lon="13.431565">
				<ele>1154.000000</ele>
			</trkpt>
			<trkpt lat="49.062794" lon="13.431592">
				<ele>1154.000000</ele>
			</trkpt>
			<trkpt lat="49.062994" lon="13.431610">
				<ele>1155.000000</ele>
			</trkpt>
			<trkpt lat="49.063442" lon="13.431602">
				<ele>1157.000000</ele>
			</trkpt>
			<trkpt lat="49.063630" lon="13.431610">
				<ele>1158.000000</ele>
			</trkpt>
			<trkpt lat="49.063830" lon="13.431655">
				<ele>1160.000000</ele>
			</trkpt>
			<trkpt lat="49.063930" lon="13.431691">
				<ele>1160.000000</ele>
			</trkpt>
			<trkpt lat="49.064030" lon="13.431745">
				<ele>1161.000000</ele>
			</trkpt>
			<trkpt lat="49.064348" lon="13.431952">
				<ele>1163.000000</ele>
			</trkpt>
			<trkpt lat="49.064619" lon="13.432149">
				<ele>1164.000000</ele>
			</trkpt>
			<trkpt lat="49.064837" lon="13.432338">
				<ele>1166.000000</ele>
			</trkpt>
			<trkpt lat="49.065584" lon="13.432994">
				<ele>1170.000000</ele>
			</trkpt>
			<trkpt lat="49.065690" lon="13.433066">
				<ele>1171.000000</ele>
			</trkpt>
			<trkpt lat="49.065790" lon="13.433101">
				<ele>1171.000000</ele>
			</trkpt>
			<trkpt lat="49.065890" lon="13.433110">
				<ele>1172.000000</ele>
			</trkpt>
			<trkpt lat="49.066090" lon="13.433093">
				<ele>1173.000000</ele>
			</trkpt>
			<trkpt lat="49.066373" lon="13.433066">
				<ele>1175.000000</ele>
			</trkpt>
			<trkpt lat="49.066620" lon="13.433030">
				<ele>1177.000000</ele>
			</trkpt>
			<trkpt lat="49.067414" lon="13.432858">
				<ele>1182.000000</ele>
			</trkpt>
			<trkpt lat="49.067414" lon="13.432858">
				<ele>1182.000000</ele>
			</trkpt>
			<trkpt lat="49.067414" lon="13.432858">
				<ele>1182.000000</ele>
			</trkpt>
			<trkpt lat="49.067526" lon="13.432823">
				<ele>1183.000000</ele>
			</trkpt>
			<trkpt lat="49.067409" lon="13.432472">
				<ele>1185.000000</ele>
			</trkpt>
			<trkpt lat="49.067297" lon="13.432149">
				<ele>1187.000000</ele>
			</trkpt>
			<trkpt lat="49.067250" lon="13.432024">
				<ele>1188.000000</ele>
			</trkpt>
			<trkpt lat="49.067185" lon="13.431879">
				<ele>1189.000000</ele>
			</trkpt>
			<trkpt lat="49.067115" lon="13.431754">
				<ele>1190.000000</ele>
			</trkpt>
			<trkpt lat="49.067050" lon="13.431646">
				<ele>1190.000000</ele>
			</trkpt>
			<trkpt lat="49.066914" lon="13.431475">
				<ele>1191.000000</ele>
			</trkpt>
			<trkpt lat="49.066508" lon="13.430999">
				<ele>1192.000000</ele>
			</trkpt>
			<trkpt lat="49.066420" lon="13.430873">
				<ele>1193.000000</ele>
			</trkpt>
			<trkpt lat="49.066355" lon="13.430757">
				<ele>1193.000000</ele>
			</trkpt>
			<trkpt lat="49.066297" lon="13.430631">
				<ele>1193.000000</ele>
			</trkpt>
			<trkpt lat="49.066244" lon="13.430470">
				<ele>1194.000000</ele>
			</trkpt>
			<trkpt lat="49.066214" lon="13.430334">
				<ele>1194.000000</ele>
			</trkpt>
			<trkpt lat="49.066173" lon="13.430154">
				<ele>1194.000000</ele>
			</trkpt>
			<trkpt lat="49.066096" lon="13.429544">
				<ele>1196.000000</ele>
			</trkpt>
			<trkpt lat="49.066026" lon="13.429068">
				<ele>1198.000000</ele>
			</trkpt>
			<trkpt lat="49.065990" lon="13.428709">
				<ele>1200.000000</ele>
			</trkpt>
			<trkpt lat="49.065979" lon="13.428340">
				<ele>1201.000000</ele>
			</trkpt>
			<trkpt lat="49.065984" lon="13.427891">
				<ele>1202.000000</ele>
			</trkpt>
			<trkpt lat="49.066014" lon="13.427101">
				<ele>1204.000000</ele>
			</trkpt>
			<trkpt lat="49.066102" lon="13.425573">
				<ele>1209.000000</ele>
			</trkpt>
			<trkpt lat="49.066138" lon="13.424783">
				<ele>1210.000000</ele>
			</trkpt>
			<trkpt lat="49.066132" lon="13.424550">
				<ele>1210.000000</ele>
			</trkpt>
			<trkpt lat="49.066102" lon="13.424342">
				<ele>1210.000000</ele>
			</trkpt>
			<trkpt lat="49.066049" lon="13.424154">
				<ele>1211.000000</ele>
			</trkpt>
			<trkpt lat="49.065937" lon="13.423866">
				<ele>1211.000000</ele>
			</trkpt>
			<trkpt lat="49.065890" lon="13.423723">
				<ele>1211.000000</ele>
			</trkpt>
			<trkpt lat="49.065802" lon="13.423516">
				<ele>1211.000000</ele>
			</trkpt>
			<trkpt lat="49.065714" lon="13.423336">
				<ele>1211.000000</ele>
			</trkpt>
			<trkpt lat="49.065619" lon="13.423193">
				<ele>1211.000000</ele>
			</trkpt>
			<trkpt lat="49.065519" lon="13.423076">
				<ele>1211.000000</ele>
			</trkpt>
			<trkpt lat="49.065420" lon="13.422950">
				<ele>1212.000000</ele>
			</trkpt>
			<trkpt lat="49.065290" lon="13.422824">
				<ele>1212.000000</ele>
			</trkpt>
			<trkpt lat="49.064784" lon="13.422403">
				<ele>1212.000000</ele>
			</trkpt>
			<trkpt lat="49.064619" lon="13.422267">
				<ele>1212.000000</ele>
			</trkpt>
			<trkpt lat="49.064449" lon="13.422178">
				<ele>1213.000000</ele>
			</trkpt>
			<trkpt lat="49.064284" lon="13.422115">
				<ele>1213.000000</ele>
			</trkpt>
			<trkpt lat="49.064025" lon="13.422052">
				<ele>1213.000000</ele>
			</trkpt>
			<trkpt lat="49.063742" lon="13.421990">
				<ele>1213.000000</ele>
			</trkpt>
			<trkpt lat="49.063489" lon="13.421891">
				<ele>1214.000000</ele>
			</trkpt>
			<trkpt lat="49.063254" lon="13.421765">
				<ele>1214.000000</ele>
			</trkpt>
			<trkpt lat="49.062900" lon="13.421531">
				<ele>1214.000000</ele>
			</trkpt>
			<trkpt lat="49.062635" lon="13.421315">
				<ele>1215.000000</ele>
			</trkpt>
			<trkpt lat="49.062406" lon="13.421118">
				<ele>1215.000000</ele>
			</trkpt>
			<trkpt lat="49.062200" lon="13.420920">
				<ele>1215.000000</ele>
			</trkpt>
			<trkpt lat="49.061735" lon="13.420444">
				<ele>1217.000000</ele>
			</trkpt>
			<trkpt lat="49.061458" lon="13.420174">
				<ele>1218.000000</ele>
			</trkpt>
			<trkpt lat="49.061323" lon="13.420040">
				<ele>1219.000000</ele>
			</trkpt>
			<trkpt lat="49.061211" lon="13.419923">
				<ele>1219.000000</ele>
			</trkpt>
			<trkpt lat="49.061123" lon="13.419788">
				<ele>1220.000000</ele>
			</trkpt>
			<trkpt lat="49.061040" lon="13.419644">
				<ele>1220.000000</ele>
			</trkpt>
			<trkpt lat="49.060934" lon="13.419438">
				<ele>1220.000000</ele>
			</trkpt>
			<trkpt lat="49.060840" lon="13.419187">
				<ele>1221.000000</ele>
			</trkpt>
			<trkpt lat="49.060769" lon="13.418998">
				<ele>1221.000000</ele>
			</trkpt>
			<trkpt lat="49.060687" lon="13.418818">
				<ele>1221.000000</ele>
			</trkpt>
			<trkpt lat="49.060593" lon="13.418656">
				<ele>1222.000000</ele>
			</trkpt>
			<trkpt lat="49.060345" lon="13.418252">
				<ele>1222.000000</ele>
			</trkpt>
			<trkpt lat="49.060269" lon="13.418109">
				<ele>1223.000000</ele>
			</trkpt>
			<trkpt lat="49.060187" lon="13.417929">
				<ele>1223.000000</ele>
			</trkpt>
			<trkpt lat="49.060093" lon="13.417704">
				<ele>1223.000000</ele>
			</trkpt>
			<trkpt lat="49.059998" lon="13.417426">
				<ele>1224.000000</ele>
			</trkpt>
			<trkpt lat="49.059934" lon="13.417210">
				<ele>1224.000000</ele>
			</trkpt>
			<trkpt lat="49.059869" lon="13.416958">
				<ele>1225.000000</ele>
			</trkpt>
			<trkpt lat="49.059822" lon="13.416698">
				<ele>1225.000000</ele>
			</trkpt>
			<trkpt lat="49.059769" lon="13.416438">
				<ele>1225.000000</ele>
			</trkpt>
			<trkpt lat="49.059651" lon="13.415575">
				<ele>1225.000000</ele>
			</trkpt>
			<trkpt lat="49.059592" lon="13.415117">
				<ele>1225.000000</ele>
			</trkpt>
			<trkpt lat="49.059539" lon="13.414830">
				<ele>1225.000000</ele>
			</trkpt>
			<trkpt lat="49.059492" lon="13.414569">
				<ele>1225.000000</ele>
			</trkpt>
			<trkpt lat="49.059410" lon="13.414291">
				<ele>1224.000000</ele>
			</trkpt>
			<trkpt lat="49.058927" lon="13.412566">
				<ele>1220.000000</ele>
			</trkpt>
			<trkpt lat="49.058727" lon="13.411901">
				<ele>1220.000000</ele>
			</trkpt>
			<trkpt lat="49.058686" lon="13.411641">
				<ele>1220.000000</ele>
			</trkpt>
			<trkpt lat="49.058686" lon="13.411407">
				<ele>1220.000000</ele>
			</trkpt>
			<trkpt lat="49.058774" lon="13.411210">
				<ele>1221.000000</ele>
			</trkpt>
			<trkpt lat="49.058886" lon="13.410912">
				<ele>1223.000000</ele>
			</trkpt>
			<trkpt lat="49.058962" lon="13.410725">
				<ele>1225.000000</ele>
			</trkpt>
			<trkpt lat="49.059033" lon="13.410545">
				<ele>1226.000000</ele>
			</trkpt>
			<trkpt lat="49.059092" lon="13.410383">
				<ele>1226.000000</ele>
			</trkpt>
			<trkpt lat="49.059203" lon="13.409952">
				<ele>1228.000000</ele>
			</trkpt>
			<trkpt lat="49.059480" lon="13.408874">
				<ele>1232.000000</ele>
			</trkpt>
			<trkpt lat="49.059592" lon="13.408505">
				<ele>1233.000000</ele>
			</trkpt>
			<trkpt lat="49.059716" lon="13.408092">
				<ele>1234.000000</ele>
			</trkpt>
			<trkpt lat="49.059804" lon="13.407786">
				<ele>1235.000000</ele>
			</trkpt>
			<trkpt lat="49.059993" lon="13.407050">
				<ele>1236.000000</ele>
			</trkpt>
			<trkpt lat="49.060081" lon="13.406736">
				<ele>1237.000000</ele>
			</trkpt>
			<trkpt lat="49.060334" lon="13.405864">
				<ele>1238.000000</ele>
			</trkpt>
			<trkpt lat="49.060781" lon="13.404239">
				<ele>1241.000000</ele>
			</trkpt>
			<trkpt lat="49.060899" lon="13.403798">
				<ele>1244.000000</ele>
			</trkpt>
			<trkpt lat="49.060934" lon="13.403646">
				<ele>1245.000000</ele>
			</trkpt>
			<trkpt lat="49.060952" lon="13.403493">
				<ele>1246.000000</ele>
			</trkpt>
			<trkpt lat="49.060958" lon="13.403358">
				<ele>1247.000000</ele>
			</trkpt>
			<trkpt lat="49.060946" lon="13.403205">
				<ele>1248.000000</ele>
			</trkpt>
			<trkpt lat="49.060928" lon="13.403052">
				<ele>1249.000000</ele>
			</trkpt>
			<trkpt lat="49.060887" lon="13.402846">
				<ele>1251.000000</ele>
			</trkpt>
			<trkpt lat="49.060463" lon="13.401004">
				<ele>1265.000000</ele>
			</trkpt>
			<trkpt lat="49.060263" lon="13.400161">
				<ele>1271.000000</ele>
			</trkpt>
			<trkpt lat="49.060199" lon="13.399819">
				<ele>1273.000000</ele>
			</trkpt>
			<trkpt lat="49.060157" lon="13.399549">
				<ele>1275.000000</ele>
			</trkpt>
			<trkpt lat="49.060140" lon="13.399316">
				<ele>1277.000000</ele>
			</trkpt>
			<trkpt lat="49.060093" lon="13.398714">
				<ele>1281.000000</ele>
			</trkpt>
			<trkpt lat="49.060081" lon="13.398553">
				<ele>1282.000000</ele>
			</trkpt>
			<trkpt lat="49.060087" lon="13.398400">
				<ele>1283.000000</ele>
			</trkpt>
			<trkpt lat="49.060116" lon="13.397725">
				<ele>1286.000000</ele>
			</trkpt>
			<trkpt lat="49.060104" lon="13.397429">
				<ele>1287.000000</ele>
			</trkpt>
			<trkpt lat="49.060081" lon="13.397322">
				<ele>1288.000000</ele>
			</trkpt>
			<trkpt lat="49.060063" lon="13.397214">
				<ele>1288.000000</ele>
			</trkpt>
			<trkpt lat="49.060034" lon="13.397096">
				<ele>1288.000000</ele>
			</trkpt>
			<trkpt lat="49.059987" lon="13.396980">
				<ele>1289.000000</ele>
			</trkpt>
			<trkpt lat="49.059869" lon="13.396710">
				<ele>1290.000000</ele>
			</trkpt>
			<trkpt lat="49.060228" lon="13.396639">
				<ele>1292.000000</ele>
			</trkpt>
			<trkpt lat="49.061040" lon="13.396450">
				<ele>1296.000000</ele>
			</trkpt>
			<trkpt lat="49.062206" lon="13.396207">
				<ele>1303.000000</ele>
			</trkpt>
			<trkpt lat="49.062682" lon="13.396109">
				<ele>1306.000000</ele>
			</trkpt>
			<trkpt lat="49.062918" lon="13.396064">
				<ele>1308.000000</ele>
			</trkpt>
			<trkpt lat="49.063112" lon="13.395993">
				<ele>1309.000000</ele>
			</trkpt>
			<trkpt lat="49.063301" lon="13.395884">
				<ele>1310.000000</ele>
			</trkpt>
			<trkpt lat="49.063407" lon="13.395803">
				<ele>1310.000000</ele>
			</trkpt>
			<trkpt lat="49.063495" lon="13.395731">
				<ele>1310.000000</ele>
			</trkpt>
			<trkpt lat="49.063765" lon="13.395461">
				<ele>1310.000000</ele>
			</trkpt>
			<trkpt lat="49.063765" lon="13.395461">
				<ele>1310.000000</ele>
			</trkpt>
			<trkpt lat="49.063495" lon="13.395731">
				<ele>1310.000000</ele>
			</trkpt>
			<trkpt lat="49.063407" lon="13.395803">
				<ele>1310.000000</ele>
			</trkpt>
			<trkpt lat="49.063301" lon="13.395884">
				<ele>1310.000000</ele>
			</trkpt>
			<trkpt lat="49.063112" lon="13.395993">
				<ele>1309.000000</ele>
			</trkpt>
			<trkpt lat="49.062918" lon="13.396064">
				<ele>1308.000000</ele>
			</trkpt>
			<trkpt lat="49.062682" lon="13.396109">
				<ele>1306.000000</ele>
			</trkpt>
			<trkpt lat="49.062206" lon="13.396207">
				<ele>1303.000000</ele>
			</trkpt>
			<trkpt lat="49.061040" lon="13.396450">
				<ele>1296.000000</ele>
			</trkpt>
			<trkpt lat="49.060228" lon="13.396639">
				<ele>1292.000000</ele>
			</trkpt>
			<trkpt lat="49.059869" lon="13.396710">
				<ele>1290.000000</ele>
			</trkpt>
			<trkpt lat="49.059987" lon="13.396980">
				<ele>1289.000000</ele>
			</trkpt>
			<trkpt lat="49.060034" lon="13.397096">
				<ele>1288.000000</ele>
			</trkpt>
			<trkpt lat="49.060063" lon="13.397214">
				<ele>1288.000000</ele>
			</trkpt>
			<trkpt lat="49.060081" lon="13.397322">
				<ele>1288.000000</ele>
			</trkpt>
			<trkpt lat="49.060104" lon="13.397429">
				<ele>1287.000000</ele>
			</trkpt>
			<trkpt lat="49.060116" lon="13.397725">
				<ele>1286.000000</ele>
			</trkpt>
			<trkpt lat="49.060087" lon="13.398400">
				<ele>1283.000000</ele>
			</trkpt>
			<trkpt lat="49.060081" lon="13.398553">
				<ele>1282.000000</ele>
			</trkpt>
			<trkpt lat="49.060093" lon="13.398714">
				<ele>1281.000000</ele>
			</trkpt>
			<trkpt lat="49.060140" lon="13.399316">
				<ele>1277.000000</ele>
			</trkpt>
			<trkpt lat="49.060157" lon="13.399549">
				<ele>1275.000000</ele>
			</trkpt>
			<trkpt lat="49.060199" lon="13.399819">
				<ele>1273.000000</ele>
			</trkpt>
			<trkpt lat="49.060263" lon="13.400161">
				<ele>1271.000000</ele>
			</trkpt>
			<trkpt lat="49.060463" lon="13.401004">
				<ele>1265.000000</ele>
			</trkpt>
			<trkpt lat="49.060887" lon="13.402846">
				<ele>1251.000000</ele>
			</trkpt>
			<trkpt lat="49.060928" lon="13.403052">
				<ele>1249.000000</ele>
			</trkpt>
			<trkpt lat="49.060946" lon="13.403205">
				<ele>1248.000000</ele>
			</trkpt>
			<trkpt lat="49.060958" lon="13.403358">
				<ele>1247.000000</ele>
			</trkpt>
			<trkpt lat="49.060952" lon="13.403493">
				<ele>1246.000000</ele>
			</trkpt>
			<trkpt lat="49.060934" lon="13.403646">
				<ele>1245.000000</ele>
			</trkpt>
			<trkpt lat="49.060899" lon="13.403798">
				<ele>1244.000000</ele>
			</trkpt>
			<trkpt lat="49.060781" lon="13.404239">
				<ele>1241.000000</ele>
			</trkpt>
			<trkpt lat="49.060334" lon="13.405864">
				<ele>1238.000000</ele>
			</trkpt>
			<trkpt lat="49.060081" lon="13.406736">
				<ele>1237.000000</ele>
			</trkpt>
			<trkpt lat="49.059993" lon="13.407050">
				<ele>1236.000000</ele>
			</trkpt>
			<trkpt lat="49.059804" lon="13.407786">
				<ele>1235.000000</ele>
			</trkpt>
			<trkpt lat="49.059716" lon="13.408092">
				<ele>1234.000000</ele>
			</trkpt>
			<trkpt lat="49.060799" lon="13.411218">
				<ele>1231.000000</ele>
			</trkpt>
			<trkpt lat="49.060911" lon="13.411587">
				<ele>1228.000000</ele>
			</trkpt>
			<trkpt lat="49.060946" lon="13.411677">
				<ele>1227.000000</ele>
			</trkpt>
			<trkpt lat="49.060993" lon="13.411757">
				<ele>1226.000000</ele>
			</trkpt>
			<trkpt lat="49.061129" lon="13.411954">
				<ele>1223.000000</ele>
			</trkpt>
			<trkpt lat="49.061211" lon="13.412036">
				<ele>1222.000000</ele>
			</trkpt>
			<trkpt lat="49.061275" lon="13.412107">
				<ele>1220.000000</ele>
			</trkpt>
			<trkpt lat="49.061423" lon="13.412197">
				<ele>1218.000000</ele>
			</trkpt>
			<trkpt lat="49.061611" lon="13.412260">
				<ele>1215.000000</ele>
			</trkpt>
			<trkpt lat="49.061917" lon="13.412314">
				<ele>1210.000000</ele>
			</trkpt>
			<trkpt lat="49.062447" lon="13.412386">
				<ele>1201.000000</ele>
			</trkpt>
			<trkpt lat="49.062594" lon="13.412396">
				<ele>1198.000000</ele>
			</trkpt>
			<trkpt lat="49.062712" lon="13.412404">
				<ele>1195.000000</ele>
			</trkpt>
			<trkpt lat="49.062818" lon="13.412386">
				<ele>1193.000000</ele>
			</trkpt>
			<trkpt lat="49.062918" lon="13.412369">
				<ele>1192.000000</ele>
			</trkpt>
			<trkpt lat="49.063112" lon="13.412279">
				<ele>1188.000000</ele>
			</trkpt>
			<trkpt lat="49.063371" lon="13.412134">
				<ele>1182.000000</ele>
			</trkpt>
			<trkpt lat="49.064095" lon="13.411631">
				<ele>1172.000000</ele>
			</trkpt>
			<trkpt lat="49.064413" lon="13.411417">
				<ele>1168.000000</ele>
			</trkpt>
			<trkpt lat="49.064542" lon="13.411362">
				<ele>1166.000000</ele>
			</trkpt>
			<trkpt lat="49.064648" lon="13.411290">
				<ele>1165.000000</ele>
			</trkpt>
			<trkpt lat="49.064872" lon="13.411182">
				<ele>1161.000000</ele>
			</trkpt>
			<trkpt lat="49.065066" lon="13.411138">
				<ele>1159.000000</ele>
			</trkpt>
			<trkpt lat="49.065272" lon="13.411120">
				<ele>1157.000000</ele>
			</trkpt>
			<trkpt lat="49.065625" lon="13.411120">
				<ele>1154.000000</ele>
			</trkpt>
			<trkpt lat="49.065879" lon="13.411138">
				<ele>1151.000000</ele>
			</trkpt>
			<trkpt lat="49.066102" lon="13.411174">
				<ele>1149.000000</ele>
			</trkpt>
			<trkpt lat="49.066932" lon="13.411354">
				<ele>1144.000000</ele>
			</trkpt>
			<trkpt lat="49.067644" lon="13.411478">
				<ele>1141.000000</ele>
			</trkpt>
			<trkpt lat="49.067897" lon="13.411514">
				<ele>1139.000000</ele>
			</trkpt>
			<trkpt lat="49.068162" lon="13.411514">
				<ele>1135.000000</ele>
			</trkpt>
			<trkpt lat="49.068357" lon="13.411506">
				<ele>1134.000000</ele>
			</trkpt>
			<trkpt lat="49.068545" lon="13.411488">
				<ele>1132.000000</ele>
			</trkpt>
			<trkpt lat="49.069233" lon="13.411308">
				<ele>1127.000000</ele>
			</trkpt>
			<trkpt lat="49.069368" lon="13.411290">
				<ele>1126.000000</ele>
			</trkpt>
			<trkpt lat="49.069610" lon="13.411237">
				<ele>1124.000000</ele>
			</trkpt>
			<trkpt lat="49.069857" lon="13.411191">
				<ele>1121.000000</ele>
			</trkpt>
			<trkpt lat="49.070599" lon="13.410958">
				<ele>1114.000000</ele>
			</trkpt>
			<trkpt lat="49.070752" lon="13.410912">
				<ele>1113.000000</ele>
			</trkpt>
			<trkpt lat="49.071117" lon="13.410796">
				<ele>1110.000000</ele>
			</trkpt>
			<trkpt lat="49.071322" lon="13.410706">
				<ele>1108.000000</ele>
			</trkpt>
			<trkpt lat="49.071611" lon="13.410572">
				<ele>1106.000000</ele>
			</trkpt>
			<trkpt lat="49.071994" lon="13.410356">
				<ele>1103.000000</ele>
			</trkpt>
			<trkpt lat="49.072647" lon="13.409960">
				<ele>1097.000000</ele>
			</trkpt>
			<trkpt lat="49.072906" lon="13.409817">
				<ele>1095.000000</ele>
			</trkpt>
			<trkpt lat="49.073170" lon="13.409683">
				<ele>1093.000000</ele>
			</trkpt>
			<trkpt lat="49.073618" lon="13.409493">
				<ele>1090.000000</ele>
			</trkpt>
			<trkpt lat="49.074059" lon="13.409341">
				<ele>1087.000000</ele>
			</trkpt>
			<trkpt lat="49.074471" lon="13.409233">
				<ele>1084.000000</ele>
			</trkpt>
			<trkpt lat="49.075295" lon="13.409044">
				<ele>1078.000000</ele>
			</trkpt>
			<trkpt lat="49.075812" lon="13.408901">
				<ele>1073.000000</ele>
			</trkpt>
			<trkpt lat="49.076713" lon="13.408631">
				<ele>1064.000000</ele>
			</trkpt>
			<trkpt lat="49.077025" lon="13.408551">
				<ele>1060.000000</ele>
			</trkpt>
			<trkpt lat="49.077331" lon="13.408470">
				<ele>1057.000000</ele>
			</trkpt>
			<trkpt lat="49.077449" lon="13.408470">
				<ele>1056.000000</ele>
			</trkpt>
			<trkpt lat="49.077572" lon="13.408461">
				<ele>1054.000000</ele>
			</trkpt>
			<trkpt lat="49.077778" lon="13.408497">
				<ele>1052.000000</ele>
			</trkpt>
			<trkpt lat="49.077966" lon="13.408524">
				<ele>1050.000000</ele>
			</trkpt>
			<trkpt lat="49.078137" lon="13.408514">
				<ele>1048.000000</ele>
			</trkpt>
			<trkpt lat="49.078290" lon="13.408478">
				<ele>1046.000000</ele>
			</trkpt>
			<trkpt lat="49.078478" lon="13.408425">
				<ele>1043.000000</ele>
			</trkpt>
			<trkpt lat="49.079537" lon="13.408002">
				<ele>1031.000000</ele>
			</trkpt>
			<trkpt lat="49.080061" lon="13.407796">
				<ele>1026.000000</ele>
			</trkpt>
			<trkpt lat="49.080432" lon="13.407616">
				<ele>1023.000000</ele>
			</trkpt>
			<trkpt lat="49.081085" lon="13.407266">
				<ele>1017.000000</ele>
			</trkpt>
			<trkpt lat="49.081226" lon="13.407193">
				<ele>1016.000000</ele>
			</trkpt>
			<trkpt lat="49.081350" lon="13.407122">
				<ele>1014.000000</ele>
			</trkpt>
			<trkpt lat="49.081467" lon="13.407041">
				<ele>1013.000000</ele>
			</trkpt>
			<trkpt lat="49.081579" lon="13.406924">
				<ele>1011.000000</ele>
			</trkpt>
			<trkpt lat="49.081768" lon="13.406717">
				<ele>1009.000000</ele>
			</trkpt>
			<trkpt lat="49.082067" lon="13.406377">
				<ele>1004.000000</ele>
			</trkpt>
			<trkpt lat="49.082697" lon="13.405604">
				<ele>995.000000</ele>
			</trkpt>
			<trkpt lat="49.082585" lon="13.405595">
				<ele>996.000000</ele>
			</trkpt>
			<trkpt lat="49.082474" lon="13.405612">
				<ele>997.000000</ele>
			</trkpt>
			<trkpt lat="49.082338" lon="13.405658">
				<ele>997.000000</ele>
			</trkpt>
			<trkpt lat="49.082156" lon="13.405730">
				<ele>998.000000</ele>
			</trkpt>
			<trkpt lat="49.081550" lon="13.406008">
				<ele>1002.000000</ele>
			</trkpt>
			<trkpt lat="49.081173" lon="13.406197">
				<ele>1005.000000</ele>
			</trkpt>
			<trkpt lat="49.080908" lon="13.406358">
				<ele>1007.000000</ele>
			</trkpt>
			<trkpt lat="49.080844" lon="13.406404">
				<ele>1007.000000</ele>
			</trkpt>
			<trkpt lat="49.080785" lon="13.406386">
				<ele>1008.000000</ele>
			</trkpt>
			<trkpt lat="49.080720" lon="13.406340">
				<ele>1008.000000</ele>
			</trkpt>
			<trkpt lat="49.080661" lon="13.406241">
				<ele>1009.000000</ele>
			</trkpt>
			<trkpt lat="49.080461" lon="13.405855">
				<ele>1012.000000</ele>
			</trkpt>
			<trkpt lat="49.080349" lon="13.405667">
				<ele>1014.000000</ele>
			</trkpt>
			<trkpt lat="49.080284" lon="13.405585">
				<ele>1014.000000</ele>
			</trkpt>
			<trkpt lat="49.080214" lon="13.405505">
				<ele>1015.000000</ele>
			</trkpt>
			<trkpt lat="49.079996" lon="13.405316">
				<ele>1018.000000</ele>
			</trkpt>
			<trkpt lat="49.079920" lon="13.405254">
				<ele>1019.000000</ele>
			</trkpt>
			<trkpt lat="49.079849" lon="13.405172">
				<ele>1020.000000</ele>
			</trkpt>
			<trkpt lat="49.079785" lon="13.405083">
				<ele>1021.000000</ele>
			</trkpt>
			<trkpt lat="49.079720" lon="13.404975">
				<ele>1022.000000</ele>
			</trkpt>
			<trkpt lat="49.079620" lon="13.404813">
				<ele>1024.000000</ele>
			</trkpt>
			<trkpt lat="49.079478" lon="13.404633">
				<ele>1026.000000</ele>
			</trkpt>
			<trkpt lat="49.079272" lon="13.404373">
				<ele>1028.000000</ele>
			</trkpt>
			<trkpt lat="49.079061" lon="13.404167">
				<ele>1029.000000</ele>
			</trkpt>
			<trkpt lat="49.078831" lon="13.403987">
				<ele>1031.000000</ele>
			</trkpt>
			<trkpt lat="49.078466" lon="13.403736">
				<ele>1034.000000</ele>
			</trkpt>
			<trkpt lat="49.078214" lon="13.403538">
				<ele>1036.000000</ele>
			</trkpt>
			<trkpt lat="49.078125" lon="13.403493">
				<ele>1036.000000</ele>
			</trkpt>
			<trkpt lat="49.078031" lon="13.403466">
				<ele>1037.000000</ele>
			</trkpt>
			<trkpt lat="49.077896" lon="13.403430">
				<ele>1038.000000</ele>
			</trkpt>
			<trkpt lat="49.077760" lon="13.403421">
				<ele>1038.000000</ele>
			</trkpt>
			<trkpt lat="49.077631" lon="13.403421">
				<ele>1039.000000</ele>
			</trkpt>
			<trkpt lat="49.077296" lon="13.403457">
				<ele>1043.000000</ele>
			</trkpt>
			<trkpt lat="49.077178" lon="13.403466">
				<ele>1045.000000</ele>
			</trkpt>
			<trkpt lat="49.076936" lon="13.403511">
				<ele>1048.000000</ele>
			</trkpt>
			<trkpt lat="49.076783" lon="13.403501">
				<ele>1050.000000</ele>
			</trkpt>
			<trkpt lat="49.076696" lon="13.403466">
				<ele>1051.000000</ele>
			</trkpt>
			<trkpt lat="49.076518" lon="13.403331">
				<ele>1052.000000</ele>
			</trkpt>
			<trkpt lat="49.076448" lon="13.403295">
				<ele>1053.000000</ele>
			</trkpt>
			<trkpt lat="49.076313" lon="13.403260">
				<ele>1054.000000</ele>
			</trkpt>
			<trkpt lat="49.076148" lon="13.403224">
				<ele>1056.000000</ele>
			</trkpt>
			<trkpt lat="49.076013" lon="13.403224">
				<ele>1059.000000</ele>
			</trkpt>
			<trkpt lat="49.075971" lon="13.403134">
				<ele>1061.000000</ele>
			</trkpt>
			<trkpt lat="49.075924" lon="13.403008">
				<ele>1063.000000</ele>
			</trkpt>
			<trkpt lat="49.075818" lon="13.402711">
				<ele>1067.000000</ele>
			</trkpt>
			<trkpt lat="49.075706" lon="13.402388">
				<ele>1073.000000</ele>
			</trkpt>
			<trkpt lat="49.075672" lon="13.402325">
				<ele>1074.000000</ele>
			</trkpt>
			<trkpt lat="49.075624" lon="13.402245">
				<ele>1075.000000</ele>
			</trkpt>
			<trkpt lat="49.075489" lon="13.402082">
				<ele>1076.000000</ele>
			</trkpt>
			<trkpt lat="49.075383" lon="13.401948">
				<ele>1077.000000</ele>
			</trkpt>
			<trkpt lat="49.075342" lon="13.401893">
				<ele>1078.000000</ele>
			</trkpt>
			<trkpt lat="49.075342" lon="13.401849">
				<ele>1078.000000</ele>
			</trkpt>
			<trkpt lat="49.075371" lon="13.401660">
				<ele>1079.000000</ele>
			</trkpt>
			<trkpt lat="49.075383" lon="13.401643">
				<ele>1079.000000</ele>
			</trkpt>
			<trkpt lat="49.075424" lon="13.401633">
				<ele>1079.000000</ele>
			</trkpt>
			<trkpt lat="49.075507" lon="13.401490">
				<ele>1080.000000</ele>
			</trkpt>
			<trkpt lat="49.075524" lon="13.401463">
				<ele>1080.000000</ele>
			</trkpt>
			<trkpt lat="49.075542" lon="13.401463">
				<ele>1080.000000</ele>
			</trkpt>
			<trkpt lat="49.075566" lon="13.401472">
				<ele>1080.000000</ele>
			</trkpt>
			<trkpt lat="49.075595" lon="13.401499">
				<ele>1080.000000</ele>
			</trkpt>
			<trkpt lat="49.075660" lon="13.401570">
				<ele>1080.000000</ele>
			</trkpt>
			<trkpt lat="49.075730" lon="13.401606">
				<ele>1080.000000</ele>
			</trkpt>
			<trkpt lat="49.075877" lon="13.401687">
				<ele>1080.000000</ele>
			</trkpt>
			<trkpt lat="49.075924" lon="13.401696">
				<ele>1079.000000</ele>
			</trkpt>
			<trkpt lat="49.075977" lon="13.401679">
				<ele>1079.000000</ele>
			</trkpt>
			<trkpt lat="49.076071" lon="13.401624">
				<ele>1077.000000</ele>
			</trkpt>
			<trkpt lat="49.076189" lon="13.401553">
				<ele>1075.000000</ele>
			</trkpt>
			<trkpt lat="49.076289" lon="13.401490">
				<ele>1075.000000</ele>
			</trkpt>
			<trkpt lat="49.076413" lon="13.401490">
				<ele>1075.000000</ele>
			</trkpt>
			<trkpt lat="49.076654" lon="13.401480">
				<ele>1075.000000</ele>
			</trkpt>
			<trkpt lat="49.076701" lon="13.401490">
				<ele>1075.000000</ele>
			</trkpt>
			<trkpt lat="49.076736" lon="13.401543">
				<ele>1075.000000</ele>
			</trkpt>
			<trkpt lat="49.076777" lon="13.401589">
				<ele>1075.000000</ele>
			</trkpt>
			<trkpt lat="49.076813" lon="13.401616">
				<ele>1074.000000</ele>
			</trkpt>
			<trkpt lat="49.076854" lon="13.401616">
				<ele>1073.000000</ele>
			</trkpt>
			<trkpt lat="49.076919" lon="13.401580">
				<ele>1071.000000</ele>
			</trkpt>
			<trkpt lat="49.077019" lon="13.401553">
				<ele>1069.000000</ele>
			</trkpt>
			<trkpt lat="49.077107" lon="13.401534">
				<ele>1067.000000</ele>
			</trkpt>
			<trkpt lat="49.077172" lon="13.401562">
				<ele>1066.000000</ele>
			</trkpt>
			<trkpt lat="49.077243" lon="13.401624">
				<ele>1065.000000</ele>
			</trkpt>
			<trkpt lat="49.077372" lon="13.401750">
				<ele>1064.000000</ele>
			</trkpt>
			<trkpt lat="49.077407" lon="13.401769">
				<ele>1064.000000</ele>
			</trkpt>
			<trkpt lat="49.077443" lon="13.401786">
				<ele>1064.000000</ele>
			</trkpt>
			<trkpt lat="49.077561" lon="13.401777">
				<ele>1063.000000</ele>
			</trkpt>
			<trkpt lat="49.077625" lon="13.401777">
				<ele>1063.000000</ele>
			</trkpt>
			<trkpt lat="49.077660" lon="13.401769">
				<ele>1062.000000</ele>
			</trkpt>
			<trkpt lat="49.077701" lon="13.401732">
				<ele>1062.000000</ele>
			</trkpt>
			<trkpt lat="49.077731" lon="13.401696">
				<ele>1062.000000</ele>
			</trkpt>
			<trkpt lat="49.077807" lon="13.401543">
				<ele>1061.000000</ele>
			</trkpt>
			<trkpt lat="49.077878" lon="13.401444">
				<ele>1061.000000</ele>
			</trkpt>
			<trkpt lat="49.077949" lon="13.401354">
				<ele>1060.000000</ele>
			</trkpt>
			<trkpt lat="49.078060" lon="13.401301">
				<ele>1059.000000</ele>
			</trkpt>
			<trkpt lat="49.078155" lon="13.401256">
				<ele>1059.000000</ele>
			</trkpt>
			<trkpt lat="49.078272" lon="13.401184">
				<ele>1058.000000</ele>
			</trkpt>
			<trkpt lat="49.078478" lon="13.401014">
				<ele>1057.000000</ele>
			</trkpt>
			<trkpt lat="49.078619" lon="13.400888">
				<ele>1056.000000</ele>
			</trkpt>
			<trkpt lat="49.078737" lon="13.400816">
				<ele>1055.000000</ele>
			</trkpt>
			<trkpt lat="49.078825" lon="13.400780">
				<ele>1055.000000</ele>
			</trkpt>
			<trkpt lat="49.078925" lon="13.400780">
				<ele>1054.000000</ele>
			</trkpt>
			<trkpt lat="49.079031" lon="13.400735">
				<ele>1053.000000</ele>
			</trkpt>
			<trkpt lat="49.079167" lon="13.400690">
				<ele>1053.000000</ele>
			</trkpt>
			<trkpt lat="49.079272" lon="13.400681">
				<ele>1052.000000</ele>
			</trkpt>
			<trkpt lat="49.079437" lon="13.400690">
				<ele>1051.000000</ele>
			</trkpt>
			<trkpt lat="49.079543" lon="13.400717">
				<ele>1050.000000</ele>
			</trkpt>
			<trkpt lat="49.079726" lon="13.400771">
				<ele>1049.000000</ele>
			</trkpt>
			<trkpt lat="49.079826" lon="13.400807">
				<ele>1048.000000</ele>
			</trkpt>
			<trkpt lat="49.079949" lon="13.400878">
				<ele>1046.000000</ele>
			</trkpt>
			<trkpt lat="49.080061" lon="13.400906">
				<ele>1045.000000</ele>
			</trkpt>
			<trkpt lat="49.080190" lon="13.400906">
				<ele>1043.000000</ele>
			</trkpt>
			<trkpt lat="49.080308" lon="13.400924">
				<ele>1042.000000</ele>
			</trkpt>
			<trkpt lat="49.080626" lon="13.400968">
				<ele>1039.000000</ele>
			</trkpt>
			<trkpt lat="49.080791" lon="13.400996">
				<ele>1037.000000</ele>
			</trkpt>
			<trkpt lat="49.080884" lon="13.401031">
				<ele>1036.000000</ele>
			</trkpt>
			<trkpt lat="49.081014" lon="13.401086">
				<ele>1034.000000</ele>
			</trkpt>
			<trkpt lat="49.081149" lon="13.401175">
				<ele>1031.000000</ele>
			</trkpt>
			<trkpt lat="49.081232" lon="13.401256">
				<ele>1029.000000</ele>
			</trkpt>
			<trkpt lat="49.081379" lon="13.401409">
				<ele>1026.000000</ele>
			</trkpt>
			<trkpt lat="49.081526" lon="13.401589">
				<ele>1023.000000</ele>
			</trkpt>
			<trkpt lat="49.081626" lon="13.401652">
				<ele>1021.000000</ele>
			</trkpt>
			<trkpt lat="49.081709" lon="13.401679">
				<ele>1020.000000</ele>
			</trkpt>
			<trkpt lat="49.081815" lon="13.401669">
				<ele>1019.000000</ele>
			</trkpt>
			<trkpt lat="49.082109" lon="13.401624">
				<ele>1016.000000</ele>
			</trkpt>
			<trkpt lat="49.082256" lon="13.401606">
				<ele>1015.000000</ele>
			</trkpt>
			<trkpt lat="49.082326" lon="13.401589">
				<ele>1015.000000</ele>
			</trkpt>
			<trkpt lat="49.082502" lon="13.401543">
				<ele>1015.000000</ele>
			</trkpt>
			<trkpt lat="49.082597" lon="13.401526">
				<ele>1015.000000</ele>
			</trkpt>
			<trkpt lat="49.082685" lon="13.401553">
				<ele>1015.000000</ele>
			</trkpt>
			<trkpt lat="49.082850" lon="13.401597">
				<ele>1014.000000</ele>
			</trkpt>
			<trkpt lat="49.082944" lon="13.401624">
				<ele>1014.000000</ele>
			</trkpt>
			<trkpt lat="49.083138" lon="13.401633">
				<ele>1014.000000</ele>
			</trkpt>
			<trkpt lat="49.083333" lon="13.401652">
				<ele>1014.000000</ele>
			</trkpt>
			<trkpt lat="49.083433" lon="13.401660">
				<ele>1014.000000</ele>
			</trkpt>
			<trkpt lat="49.083497" lon="13.401643">
				<ele>1014.000000</ele>
			</trkpt>
			<trkpt lat="49.083556" lon="13.401616">
				<ele>1014.000000</ele>
			</trkpt>
			<trkpt lat="49.083756" lon="13.401490">
				<ele>1013.000000</ele>
			</trkpt>
			<trkpt lat="49.083862" lon="13.401417">
				<ele>1013.000000</ele>
			</trkpt>
			<trkpt lat="49.084091" lon="13.401211">
				<ele>1013.000000</ele>
			</trkpt>
			<trkpt lat="49.084309" lon="13.401040">
				<ele>1013.000000</ele>
			</trkpt>
			<trkpt lat="49.084468" lon="13.400914">
				<ele>1013.000000</ele>
			</trkpt>
			<trkpt lat="49.084986" lon="13.400547">
				<ele>1012.000000</ele>
			</trkpt>
			<trkpt lat="49.085056" lon="13.400474">
				<ele>1012.000000</ele>
			</trkpt>
			<trkpt lat="49.085144" lon="13.400304">
				<ele>1012.000000</ele>
			</trkpt>
			<trkpt lat="49.085144" lon="13.400304">
				<ele>1012.000000</ele>
			</trkpt>
			<trkpt lat="49.085144" lon="13.400304">
				<ele>1012.000000</ele>
			</trkpt>
			<trkpt lat="49.085203" lon="13.400205">
				<ele>1012.000000</ele>
			</trkpt>
			<trkpt lat="49.085238" lon="13.400106">
				<ele>1012.000000</ele>
			</trkpt>
			<trkpt lat="49.085280" lon="13.399998">
				<ele>1012.000000</ele>
			</trkpt>
			<trkpt lat="49.085327" lon="13.399945">
				<ele>1011.000000</ele>
			</trkpt>
			<trkpt lat="49.085468" lon="13.399801">
				<ele>1011.000000</ele>
			</trkpt>
			<trkpt lat="49.085509" lon="13.399774">
				<ele>1011.000000</ele>
			</trkpt>
			<trkpt lat="49.085568" lon="13.399756">
				<ele>1011.000000</ele>
			</trkpt>
			<trkpt lat="49.085851" lon="13.399693">
				<ele>1011.000000</ele>
			</trkpt>
			<trkpt lat="49.086203" lon="13.399630">
				<ele>1011.000000</ele>
			</trkpt>
			<trkpt lat="49.086339" lon="13.399612">
				<ele>1010.000000</ele>
			</trkpt>
			<trkpt lat="49.086663" lon="13.399612">
				<ele>1010.000000</ele>
			</trkpt>
			<trkpt lat="49.086769" lon="13.399595">
				<ele>1010.000000</ele>
			</trkpt>
			<trkpt lat="49.087009" lon="13.399522">
				<ele>1009.000000</ele>
			</trkpt>
			<trkpt lat="49.087127" lon="13.399505">
				<ele>1008.000000</ele>
			</trkpt>
			<trkpt lat="49.087345" lon="13.399469">
				<ele>1007.000000</ele>
			</trkpt>
			<trkpt lat="49.087480" lon="13.399423">
				<ele>1007.000000</ele>
			</trkpt>
			<trkpt lat="49.087645" lon="13.399360">
				<ele>1006.000000</ele>
			</trkpt>
			<trkpt lat="49.087827" lon="13.399325">
				<ele>1005.000000</ele>
			</trkpt>
			<trkpt lat="49.088404" lon="13.399217">
				<ele>1000.000000</ele>
			</trkpt>
			<trkpt lat="49.088592" lon="13.399180">
				<ele>998.000000</ele>
			</trkpt>
			<trkpt lat="49.088780" lon="13.399119">
				<ele>996.000000</ele>
			</trkpt>
			<trkpt lat="49.089063" lon="13.399001">
				<ele>993.000000</ele>
			</trkpt>
			<trkpt lat="49.089162" lon="13.398974">
				<ele>992.000000</ele>
			</trkpt>
			<trkpt lat="49.089234" lon="13.398966">
				<ele>992.000000</ele>
			</trkpt>
			<trkpt lat="49.089304" lon="13.398966">
				<ele>991.000000</ele>
			</trkpt>
			<trkpt lat="49.089380" lon="13.398974">
				<ele>990.000000</ele>
			</trkpt>
			<trkpt lat="49.089457" lon="13.399001">
				<ele>989.000000</ele>
			</trkpt>
			<trkpt lat="49.089575" lon="13.399056">
				<ele>986.000000</ele>
			</trkpt>
			<trkpt lat="49.089675" lon="13.399064">
				<ele>985.000000</ele>
			</trkpt>
			<trkpt lat="49.089775" lon="13.399064">
				<ele>984.000000</ele>
			</trkpt>
			<trkpt lat="49.089881" lon="13.399029">
				<ele>983.000000</ele>
			</trkpt>
			<trkpt lat="49.090145" lon="13.398939">
				<ele>980.000000</ele>
			</trkpt>
			<trkpt lat="49.090310" lon="13.398893">
				<ele>980.000000</ele>
			</trkpt>
			<trkpt lat="49.090463" lon="13.398849">
				<ele>979.000000</ele>
			</trkpt>
			<trkpt lat="49.090727" lon="13.398759">
				<ele>979.000000</ele>
			</trkpt>
			<trkpt lat="49.090874" lon="13.398696">
				<ele>978.000000</ele>
			</trkpt>
			<trkpt lat="49.090969" lon="13.398651">
				<ele>978.000000</ele>
			</trkpt>
			<trkpt lat="49.091057" lon="13.398580">
				<ele>978.000000</ele>
			</trkpt>
			<trkpt lat="49.091145" lon="13.398480">
				<ele>977.000000</ele>
			</trkpt>
			<trkpt lat="49.091586" lon="13.397959">
				<ele>976.000000</ele>
			</trkpt>
			<trkpt lat="49.091916" lon="13.397591">
				<ele>975.000000</ele>
			</trkpt>
			<trkpt lat="49.092169" lon="13.397241">
				<ele>974.000000</ele>
			</trkpt>
			<trkpt lat="49.092257" lon="13.397115">
				<ele>974.000000</ele>
			</trkpt>
			<trkpt lat="49.092363" lon="13.397006">
				<ele>973.000000</ele>
			</trkpt>
			<trkpt lat="49.092722" lon="13.396648">
				<ele>972.000000</ele>
			</trkpt>
			<trkpt lat="49.092816" lon="13.396540">
				<ele>972.000000</ele>
			</trkpt>
			<trkpt lat="49.093080" lon="13.396243">
				<ele>971.000000</ele>
			</trkpt>
			<trkpt lat="49.093375" lon="13.395974">
				<ele>970.000000</ele>
			</trkpt>
			<trkpt lat="49.093704" lon="13.395714">
				<ele>968.000000</ele>
			</trkpt>
			<trkpt lat="49.094086" lon="13.395444">
				<ele>965.000000</ele>
			</trkpt>
			<trkpt lat="49.094269" lon="13.395354">
				<ele>964.000000</ele>
			</trkpt>
			<trkpt lat="49.094428" lon="13.395228">
				<ele>963.000000</ele>
			</trkpt>
			<trkpt lat="49.094580" lon="13.395085">
				<ele>961.000000</ele>
			</trkpt>
			<trkpt lat="49.095022" lon="13.394635">
				<ele>957.000000</ele>
			</trkpt>
			<trkpt lat="49.095175" lon="13.394492">
				<ele>956.000000</ele>
			</trkpt>
			<trkpt lat="49.095316" lon="13.394393">
				<ele>955.000000</ele>
			</trkpt>
			<trkpt lat="49.095451" lon="13.394303">
				<ele>954.000000</ele>
			</trkpt>
			<trkpt lat="49.095951" lon="13.394016">
				<ele>949.000000</ele>
			</trkpt>
			<trkpt lat="49.096298" lon="13.393827">
				<ele>947.000000</ele>
			</trkpt>
			<trkpt lat="49.096675" lon="13.393674">
				<ele>944.000000</ele>
			</trkpt>
			<trkpt lat="49.097127" lon="13.393513">
				<ele>941.000000</ele>
			</trkpt>
			<trkpt lat="49.097416" lon="13.393414">
				<ele>939.000000</ele>
			</trkpt>
			<trkpt lat="49.097621" lon="13.393369">
				<ele>939.000000</ele>
			</trkpt>
			<trkpt lat="49.097827" lon="13.393333">
				<ele>938.000000</ele>
			</trkpt>
			<trkpt lat="49.098063" lon="13.393314">
				<ele>937.000000</ele>
			</trkpt>
			<trkpt lat="49.098116" lon="13.393297">
				<ele>937.000000</ele>
			</trkpt>
			<trkpt lat="49.098151" lon="13.393270">
				<ele>937.000000</ele>
			</trkpt>
			<trkpt lat="49.098269" lon="13.393171">
				<ele>936.000000</ele>
			</trkpt>
			<trkpt lat="49.098463" lon="13.392983">
				<ele>936.000000</ele>
			</trkpt>
			<trkpt lat="49.098504" lon="13.392920">
				<ele>935.000000</ele>
			</trkpt>
			<trkpt lat="49.098539" lon="13.392857">
				<ele>935.000000</ele>
			</trkpt>
			<trkpt lat="49.098621" lon="13.392624">
				<ele>934.000000</ele>
			</trkpt>
			<trkpt lat="49.098939" lon="13.391671">
				<ele>931.000000</ele>
			</trkpt>
			<trkpt lat="49.098998" lon="13.391465">
				<ele>931.000000</ele>
			</trkpt>
			<trkpt lat="49.099051" lon="13.391230">
				<ele>930.000000</ele>
			</trkpt>
			<trkpt lat="49.099128" lon="13.390872">
				<ele>928.000000</ele>
			</trkpt>
			<trkpt lat="49.099263" lon="13.390278">
				<ele>924.000000</ele>
			</trkpt>
			<trkpt lat="49.099286" lon="13.390207">
				<ele>924.000000</ele>
			</trkpt>
			<trkpt lat="49.099315" lon="13.390161">
				<ele>924.000000</ele>
			</trkpt>
			<trkpt lat="49.099351" lon="13.390127">
				<ele>923.000000</ele>
			</trkpt>
			<trkpt lat="49.099392" lon="13.390090">
				<ele>923.000000</ele>
			</trkpt>
			<trkpt lat="49.099627" lon="13.390000">
				<ele>921.000000</ele>
			</trkpt>
			<trkpt lat="49.099680" lon="13.389991">
				<ele>921.000000</ele>
			</trkpt>
			<trkpt lat="49.100157" lon="13.389838">
				<ele>917.000000</ele>
			</trkpt>
			<trkpt lat="49.100227" lon="13.389794">
				<ele>916.000000</ele>
			</trkpt>
			<trkpt lat="49.100263" lon="13.389748">
				<ele>916.000000</ele>
			</trkpt>
			<trkpt lat="49.100316" lon="13.389641">
				<ele>915.000000</ele>
			</trkpt>
			<trkpt lat="49.100339" lon="13.389461">
				<ele>914.000000</ele>
			</trkpt>
			<trkpt lat="49.100351" lon="13.389282">
				<ele>913.000000</ele>
			</trkpt>
			<trkpt lat="49.100386" lon="13.388976">
				<ele>910.000000</ele>
			</trkpt>
			<trkpt lat="49.100451" lon="13.388553">
				<ele>908.000000</ele>
			</trkpt>
			<trkpt lat="49.100457" lon="13.388473">
				<ele>908.000000</ele>
			</trkpt>
			<trkpt lat="49.100451" lon="13.388383">
				<ele>907.000000</ele>
			</trkpt>
			<trkpt lat="49.100427" lon="13.388320">
				<ele>907.000000</ele>
			</trkpt>
			<trkpt lat="49.100374" lon="13.388186">
				<ele>906.000000</ele>
			</trkpt>
			<trkpt lat="49.100210" lon="13.387808">
				<ele>904.000000</ele>
			</trkpt>
			<trkpt lat="49.100151" lon="13.387656">
				<ele>903.000000</ele>
			</trkpt>
			<trkpt lat="49.100139" lon="13.387593">
				<ele>903.000000</ele>
			</trkpt>
			<trkpt lat="49.100139" lon="13.387530">
				<ele>903.000000</ele>
			</trkpt>
			<trkpt lat="49.100157" lon="13.387467">
				<ele>902.000000</ele>
			</trkpt>
			<trkpt lat="49.100186" lon="13.387395">
				<ele>902.000000</ele>
			</trkpt>
			<trkpt lat="49.100292" lon="13.387242">
				<ele>901.000000</ele>
			</trkpt>
			<trkpt lat="49.100580" lon="13.386848">
				<ele>897.000000</ele>
			</trkpt>
			<trkpt lat="49.101768" lon="13.385437">
				<ele>883.000000</ele>
			</trkpt>
			<trkpt lat="49.102003" lon="13.385113">
				<ele>881.000000</ele>
			</trkpt>
			<trkpt lat="49.102068" lon="13.385050">
				<ele>880.000000</ele>
			</trkpt>
			<trkpt lat="49.102127" lon="13.385006">
				<ele>879.000000</ele>
			</trkpt>
			<trkpt lat="49.102691" lon="13.384557">
				<ele>875.000000</ele>
			</trkpt>
			<trkpt lat="49.103127" lon="13.384188">
				<ele>872.000000</ele>
			</trkpt>
			<trkpt lat="49.103339" lon="13.384008">
				<ele>870.000000</ele>
			</trkpt>
			<trkpt lat="49.103562" lon="13.383819">
				<ele>869.000000</ele>
			</trkpt>
			<trkpt lat="49.103856" lon="13.383595">
				<ele>867.000000</ele>
			</trkpt>
			<trkpt lat="49.103868" lon="13.383416">
				<ele>867.000000</ele>
			</trkpt>
			<trkpt lat="49.103897" lon="13.383245">
				<ele>866.000000</ele>
			</trkpt>
			<trkpt lat="49.104015" lon="13.382706">
				<ele>865.000000</ele>
			</trkpt>
			<trkpt lat="49.104150" lon="13.382113">
				<ele>865.000000</ele>
			</trkpt>
			<trkpt lat="49.104179" lon="13.381951">
				<ele>865.000000</ele>
			</trkpt>
			<trkpt lat="49.104226" lon="13.381808">
				<ele>865.000000</ele>
			</trkpt>
			<trkpt lat="49.104268" lon="13.381718">
				<ele>865.000000</ele>
			</trkpt>
			<trkpt lat="49.104332" lon="13.381619">
				<ele>865.000000</ele>
			</trkpt>
			<trkpt lat="49.104568" lon="13.381161">
				<ele>865.000000</ele>
			</trkpt>
			<trkpt lat="49.104662" lon="13.380963">
				<ele>865.000000</ele>
			</trkpt>
			<trkpt lat="49.104715" lon="13.380810">
				<ele>865.000000</ele>
			</trkpt>
			<trkpt lat="49.104738" lon="13.380613">
				<ele>866.000000</ele>
			</trkpt>
			<trkpt lat="49.104756" lon="13.380370">
				<ele>867.000000</ele>
			</trkpt>
			<trkpt lat="49.104761" lon="13.380110">
				<ele>868.000000</ele>
			</trkpt>
			<trkpt lat="49.104761" lon="13.379823">
				<ele>869.000000</ele>
			</trkpt>
			<trkpt lat="49.104761" lon="13.379490">
				<ele>871.000000</ele>
			</trkpt>
			<trkpt lat="49.104744" lon="13.379202">
				<ele>873.000000</ele>
			</trkpt>
			<trkpt lat="49.104756" lon="13.379041">
				<ele>874.000000</ele>
			</trkpt>
			<trkpt lat="49.104761" lon="13.378932">
				<ele>874.000000</ele>
			</trkpt>
			<trkpt lat="49.104785" lon="13.378834">
				<ele>875.000000</ele>
			</trkpt>
			<trkpt lat="49.104850" lon="13.378726">
				<ele>875.000000</ele>
			</trkpt>
			<trkpt lat="49.104838" lon="13.378555">
				<ele>877.000000</ele>
			</trkpt>
			<trkpt lat="49.104850" lon="13.378395">
				<ele>878.000000</ele>
			</trkpt>
			<trkpt lat="49.104909" lon="13.378116">
				<ele>881.000000</ele>
			</trkpt>
			<trkpt lat="49.104979" lon="13.377756">
				<ele>884.000000</ele>
			</trkpt>
			<trkpt lat="49.105032" lon="13.377576">
				<ele>886.000000</ele>
			</trkpt>
			<trkpt lat="49.105150" lon="13.377208">
				<ele>889.000000</ele>
			</trkpt>
			<trkpt lat="49.105356" lon="13.377298">
				<ele>890.000000</ele>
			</trkpt>
			<trkpt lat="49.105491" lon="13.377343">
				<ele>890.000000</ele>
			</trkpt>
			<trkpt lat="49.105773" lon="13.377433">
				<ele>890.000000</ele>
			</trkpt>
			<trkpt lat="49.106026" lon="13.377559">
				<ele>890.000000</ele>
			</trkpt>
			<trkpt lat="49.106109" lon="13.377567">
				<ele>890.000000</ele>
			</trkpt>
			<trkpt lat="49.106196" lon="13.377567">
				<ele>890.000000</ele>
			</trkpt>
			<trkpt lat="49.106291" lon="13.377523">
				<ele>890.000000</ele>
			</trkpt>
			<trkpt lat="49.106367" lon="13.377469">
				<ele>890.000000</ele>
			</trkpt>
			<trkpt lat="49.106538" lon="13.377307">
				<ele>890.000000</ele>
			</trkpt>
			<trkpt lat="49.106644" lon="13.377208">
				<ele>890.000000</ele>
			</trkpt>
			<trkpt lat="49.106732" lon="13.377154">
				<ele>891.000000</ele>
			</trkpt>
			<trkpt lat="49.106832" lon="13.377091">
				<ele>891.000000</ele>
			</trkpt>
			<trkpt lat="49.106973" lon="13.377020">
				<ele>892.000000</ele>
			</trkpt>
			<trkpt lat="49.107432" lon="13.376777">
				<ele>895.000000</ele>
			</trkpt>
			<trkpt lat="49.108090" lon="13.376400">
				<ele>901.000000</ele>
			</trkpt>
			<trkpt lat="49.108108" lon="13.376382">
				<ele>901.000000</ele>
			</trkpt>
			<trkpt lat="49.108285" lon="13.376265">
				<ele>903.000000</ele>
			</trkpt>
			<trkpt lat="49.108614" lon="13.376049">
				<ele>907.000000</ele>
			</trkpt>
			<trkpt lat="49.108837" lon="13.375896">
				<ele>911.000000</ele>
			</trkpt>
			<trkpt lat="49.109066" lon="13.375708">
				<ele>914.000000</ele>
			</trkpt>
			<trkpt lat="49.109302" lon="13.375492">
				<ele>919.000000</ele>
			</trkpt>
			<trkpt lat="49.109414" lon="13.375385">
				<ele>921.000000</ele>
			</trkpt>
			<trkpt lat="49.109514" lon="13.375268">
				<ele>923.000000</ele>
			</trkpt>
			<trkpt lat="49.109608" lon="13.375124">
				<ele>926.000000</ele>
			</trkpt>
			<trkpt lat="49.109743" lon="13.374936">
				<ele>928.000000</ele>
			</trkpt>
			<trkpt lat="49.109872" lon="13.374737">
				<ele>932.000000</ele>
			</trkpt>
			<trkpt lat="49.109972" lon="13.374613">
				<ele>935.000000</ele>
			</trkpt>
			<trkpt lat="49.110078" lon="13.374513">
				<ele>938.000000</ele>
			</trkpt>
			<trkpt lat="49.110213" lon="13.374424">
				<ele>941.000000</ele>
			</trkpt>
			<trkpt lat="49.110389" lon="13.374297">
				<ele>944.000000</ele>
			</trkpt>
			<trkpt lat="49.110525" lon="13.374154">
				<ele>947.000000</ele>
			</trkpt>
			<trkpt lat="49.110637" lon="13.373984">
				<ele>949.000000</ele>
			</trkpt>
			<trkpt lat="49.110778" lon="13.373732">
				<ele>952.000000</ele>
			</trkpt>
			<trkpt lat="49.110831" lon="13.373632">
				<ele>953.000000</ele>
			</trkpt>
			<trkpt lat="49.110890" lon="13.373525">
				<ele>954.000000</ele>
			</trkpt>
			<trkpt lat="49.110954" lon="13.373435">
				<ele>955.000000</ele>
			</trkpt>
			<trkpt lat="49.111024" lon="13.373372">
				<ele>955.000000</ele>
			</trkpt>
			<trkpt lat="49.111177" lon="13.373255">
				<ele>956.000000</ele>
			</trkpt>
			<trkpt lat="49.111407" lon="13.373121">
				<ele>956.000000</ele>
			</trkpt>
			<trkpt lat="49.112077" lon="13.372797">
				<ele>957.000000</ele>
			</trkpt>
			<trkpt lat="49.112313" lon="13.372680">
				<ele>958.000000</ele>
			</trkpt>
			<trkpt lat="49.112577" lon="13.372510">
				<ele>958.000000</ele>
			</trkpt>
			<trkpt lat="49.112848" lon="13.372313">
				<ele>959.000000</ele>
			</trkpt>
			<trkpt lat="49.113065" lon="13.372106">
				<ele>959.000000</ele>
			</trkpt>
			<trkpt lat="49.113200" lon="13.371944">
				<ele>960.000000</ele>
			</trkpt>
			<trkpt lat="49.113306" lon="13.371747">
				<ele>960.000000</ele>
			</trkpt>
			<trkpt lat="49.113436" lon="13.371450">
				<ele>962.000000</ele>
			</trkpt>
			<trkpt lat="49.113594" lon="13.371055">
				<ele>965.000000</ele>
			</trkpt>
			<trkpt lat="49.113653" lon="13.370839">
				<ele>967.000000</ele>
			</trkpt>
			<trkpt lat="49.113747" lon="13.370479">
				<ele>970.000000</ele>
			</trkpt>
			<trkpt lat="49.113847" lon="13.370166">
				<ele>973.000000</ele>
			</trkpt>
			<trkpt lat="49.113953" lon="13.369879">
				<ele>976.000000</ele>
			</trkpt>
			<trkpt lat="49.114135" lon="13.369402">
				<ele>980.000000</ele>
			</trkpt>
			<trkpt lat="49.114324" lon="13.368926">
				<ele>985.000000</ele>
			</trkpt>
			<trkpt lat="49.114394" lon="13.368800">
				<ele>985.000000</ele>
			</trkpt>
			<trkpt lat="49.114459" lon="13.368692">
				<ele>985.000000</ele>
			</trkpt>
			<trkpt lat="49.114517" lon="13.368621">
				<ele>985.000000</ele>
			</trkpt>
			<trkpt lat="49.114582" lon="13.368567">
				<ele>985.000000</ele>
			</trkpt>
			<trkpt lat="49.114653" lon="13.368521">
				<ele>985.000000</ele>
			</trkpt>
			<trkpt lat="49.114753" lon="13.368477">
				<ele>985.000000</ele>
			</trkpt>
			<trkpt lat="49.114923" lon="13.368431">
				<ele>985.000000</ele>
			</trkpt>
			<trkpt lat="49.115152" lon="13.368368">
				<ele>985.000000</ele>
			</trkpt>
			<trkpt lat="49.115370" lon="13.368324">
				<ele>985.000000</ele>
			</trkpt>
			<trkpt lat="49.115558" lon="13.368297">
				<ele>985.000000</ele>
			</trkpt>
			<trkpt lat="49.115723" lon="13.368297">
				<ele>985.000000</ele>
			</trkpt>
			<trkpt lat="49.115911" lon="13.368305">
				<ele>985.000000</ele>
			</trkpt>
			<trkpt lat="49.116046" lon="13.368288">
				<ele>985.000000</ele>
			</trkpt>
			<trkpt lat="49.116193" lon="13.368458">
				<ele>982.000000</ele>
			</trkpt>
			<trkpt lat="49.116428" lon="13.368684">
				<ele>976.000000</ele>
			</trkpt>
			<trkpt lat="49.116499" lon="13.368764">
				<ele>975.000000</ele>
			</trkpt>
			<trkpt lat="49.116581" lon="13.368818">
				<ele>974.000000</ele>
			</trkpt>
			<trkpt lat="49.116828" lon="13.368917">
				<ele>972.000000</ele>
			</trkpt>
			<trkpt lat="49.117028" lon="13.369015">
				<ele>971.000000</ele>
			</trkpt>
			<trkpt lat="49.117463" lon="13.369267">
				<ele>968.000000</ele>
			</trkpt>
			<trkpt lat="49.117722" lon="13.369240">
				<ele>966.000000</ele>
			</trkpt>
			<trkpt lat="49.117992" lon="13.369276">
				<ele>965.000000</ele>
			</trkpt>
			<trkpt lat="49.118228" lon="13.369294">
				<ele>964.000000</ele>
			</trkpt>
			<trkpt lat="49.118327" lon="13.369294">
				<ele>964.000000</ele>
			</trkpt>
			<trkpt lat="49.118433" lon="13.369276">
				<ele>963.000000</ele>
			</trkpt>
			<trkpt lat="49.118574" lon="13.369231">
				<ele>963.000000</ele>
			</trkpt>
			<trkpt lat="49.118704" lon="13.369187">
				<ele>963.000000</ele>
			</trkpt>
			<trkpt lat="49.118816" lon="13.369123">
				<ele>962.000000</ele>
			</trkpt>
			<trkpt lat="49.118951" lon="13.369043">
				<ele>962.000000</ele>
			</trkpt>
			<trkpt lat="49.119245" lon="13.368863">
				<ele>961.000000</ele>
			</trkpt>
			<trkpt lat="49.119504" lon="13.368674">
				<ele>960.000000</ele>
			</trkpt>
			<trkpt lat="49.119568" lon="13.368647">
				<ele>960.000000</ele>
			</trkpt>
			<trkpt lat="49.119638" lon="13.368629">
				<ele>959.000000</ele>
			</trkpt>
			<trkpt lat="49.119727" lon="13.368647">
				<ele>958.000000</ele>
			</trkpt>
			<trkpt lat="49.119827" lon="13.368692">
				<ele>957.000000</ele>
			</trkpt>
			<trkpt lat="49.119939" lon="13.368728">
				<ele>955.000000</ele>
			</trkpt>
			<trkpt lat="49.120021" lon="13.368747">
				<ele>955.000000</ele>
			</trkpt>
			<trkpt lat="49.120109" lon="13.368701">
				<ele>954.000000</ele>
			</trkpt>
			<trkpt lat="49.120215" lon="13.368629">
				<ele>953.000000</ele>
			</trkpt>
			<trkpt lat="49.120497" lon="13.368395">
				<ele>952.000000</ele>
			</trkpt>
			<trkpt lat="49.120609" lon="13.368324">
				<ele>951.000000</ele>
			</trkpt>
			<trkpt lat="49.120715" lon="13.368279">
				<ele>950.000000</ele>
			</trkpt>
			<trkpt lat="49.120832" lon="13.368234">
				<ele>949.000000</ele>
			</trkpt>
			<trkpt lat="49.120938" lon="13.368216">
				<ele>948.000000</ele>
			</trkpt>
			<trkpt lat="49.121061" lon="13.368198">
				<ele>946.000000</ele>
			</trkpt>
			<trkpt lat="49.121179" lon="13.368225">
				<ele>945.000000</ele>
			</trkpt>
			<trkpt lat="49.121279" lon="13.368252">
				<ele>943.000000</ele>
			</trkpt>
			<trkpt lat="49.121490" lon="13.368342">
				<ele>941.000000</ele>
			</trkpt>
			<trkpt lat="49.121567" lon="13.368360">
				<ele>940.000000</ele>
			</trkpt>
			<trkpt lat="49.121626" lon="13.368360">
				<ele>939.000000</ele>
			</trkpt>
			<trkpt lat="49.121667" lon="13.368351">
				<ele>939.000000</ele>
			</trkpt>
			<trkpt lat="49.121767" lon="13.368288">
				<ele>938.000000</ele>
			</trkpt>
			<trkpt lat="49.121996" lon="13.368091">
				<ele>936.000000</ele>
			</trkpt>
			<trkpt lat="49.122478" lon="13.367623">
				<ele>932.000000</ele>
			</trkpt>
			<trkpt lat="49.122549" lon="13.367552">
				<ele>931.000000</ele>
			</trkpt>
			<trkpt lat="49.122620" lon="13.367506">
				<ele>931.000000</ele>
			</trkpt>
			<trkpt lat="49.122678" lon="13.367479">
				<ele>930.000000</ele>
			</trkpt>
			<trkpt lat="49.122743" lon="13.367462">
				<ele>929.000000</ele>
			</trkpt>
			<trkpt lat="49.122860" lon="13.367462">
				<ele>928.000000</ele>
			</trkpt>
			<trkpt lat="49.123272" lon="13.367470">
				<ele>923.000000</ele>
			</trkpt>
			<trkpt lat="49.123354" lon="13.367479">
				<ele>922.000000</ele>
			</trkpt>
			<trkpt lat="49.123436" lon="13.367497">
				<ele>921.000000</ele>
			</trkpt>
			<trkpt lat="49.123501" lon="13.367533">
				<ele>920.000000</ele>
			</trkpt>
			<trkpt lat="49.123583" lon="13.367596">
				<ele>919.000000</ele>
			</trkpt>
			<trkpt lat="49.123689" lon="13.367695">
				<ele>917.000000</ele>
			</trkpt>
			<trkpt lat="49.123736" lon="13.367713">
				<ele>916.000000</ele>
			</trkpt>
			<trkpt lat="49.123772" lon="13.367731">
				<ele>916.000000</ele>
			</trkpt>
			<trkpt lat="49.123819" lon="13.367713">
				<ele>915.000000</ele>
			</trkpt>
			<trkpt lat="49.123854" lon="13.367695">
				<ele>915.000000</ele>
			</trkpt>
			<trkpt lat="49.123954" lon="13.367642">
				<ele>915.000000</ele>
			</trkpt>
			<trkpt lat="49.124154" lon="13.367443">
				<ele>914.000000</ele>
			</trkpt>
			<trkpt lat="49.124301" lon="13.367345">
				<ele>913.000000</ele>
			</trkpt>
			<trkpt lat="49.124424" lon="13.367273">
				<ele>913.000000</ele>
			</trkpt>
			<trkpt lat="49.124530" lon="13.367237">
				<ele>912.000000</ele>
			</trkpt>
			<trkpt lat="49.124836" lon="13.367219">
				<ele>911.000000</ele>
			</trkpt>
			<trkpt lat="49.124936" lon="13.367210">
				<ele>911.000000</ele>
			</trkpt>
			<trkpt lat="49.125024" lon="13.367219">
				<ele>910.000000</ele>
			</trkpt>
			<trkpt lat="49.125123" lon="13.367246">
				<ele>910.000000</ele>
			</trkpt>
			<trkpt lat="49.125218" lon="13.367282">
				<ele>909.000000</ele>
			</trkpt>
			<trkpt lat="49.125453" lon="13.367426">
				<ele>907.000000</ele>
			</trkpt>
			<trkpt lat="49.125870" lon="13.367731">
				<ele>902.000000</ele>
			</trkpt>
			<trkpt lat="49.125994" lon="13.367848">
				<ele>901.000000</ele>
			</trkpt>
			<trkpt lat="49.126153" lon="13.368009">
				<ele>900.000000</ele>
			</trkpt>
			<trkpt lat="49.126434" lon="13.368342">
				<ele>896.000000</ele>
			</trkpt>
			<trkpt lat="49.126782" lon="13.368800">
				<ele>892.000000</ele>
			</trkpt>
			<trkpt lat="49.127169" lon="13.369294">
				<ele>891.000000</ele>
			</trkpt>
			<trkpt lat="49.127416" lon="13.369554">
				<ele>892.000000</ele>
			</trkpt>
			<trkpt lat="49.127405" lon="13.369527">
				<ele>892.000000</ele>
			</trkpt>
			<trkpt lat="49.127405" lon="13.369527">
				<ele>892.000000</ele>
			</trkpt>
			<trkpt lat="49.127358" lon="13.369393">
				<ele>893.000000</ele>
			</trkpt>
			<trkpt lat="49.127328" lon="13.369231">
				<ele>894.000000</ele>
			</trkpt>
			<trkpt lat="49.127328" lon="13.369070">
				<ele>895.000000</ele>
			</trkpt>
			<trkpt lat="49.127352" lon="13.368898">
				<ele>898.000000</ele>
			</trkpt>
			<trkpt lat="49.127505" lon="13.368225">
				<ele>905.000000</ele>
			</trkpt>
			<trkpt lat="49.127528" lon="13.368072">
				<ele>907.000000</ele>
			</trkpt>
			<trkpt lat="49.127528" lon="13.367919">
				<ele>908.000000</ele>
			</trkpt>
			<trkpt lat="49.127505" lon="13.367803">
				<ele>909.000000</ele>
			</trkpt>
			<trkpt lat="49.127458" lon="13.367659">
				<ele>910.000000</ele>
			</trkpt>
			<trkpt lat="49.127199" lon="13.367120">
				<ele>913.000000</ele>
			</trkpt>
			<trkpt lat="49.126917" lon="13.366573">
				<ele>916.000000</ele>
			</trkpt>
			<trkpt lat="49.126740" lon="13.366221">
				<ele>918.000000</ele>
			</trkpt>
			<trkpt lat="49.126564" lon="13.365799">
				<ele>920.000000</ele>
			</trkpt>
			<trkpt lat="49.126487" lon="13.365629">
				<ele>921.000000</ele>
			</trkpt>
			<trkpt lat="49.126393" lon="13.365468">
				<ele>922.000000</ele>
			</trkpt>
			<trkpt lat="49.126329" lon="13.365359">
				<ele>923.000000</ele>
			</trkpt>
			<trkpt lat="49.126176" lon="13.365126">
				<ele>925.000000</ele>
			</trkpt>
			<trkpt lat="49.126082" lon="13.364937">
				<ele>926.000000</ele>
			</trkpt>
			<trkpt lat="49.126035" lon="13.364820">
				<ele>927.000000</ele>
			</trkpt>
			<trkpt lat="49.126000" lon="13.364695">
				<ele>928.000000</ele>
			</trkpt>
			<trkpt lat="49.125911" lon="13.364263">
				<ele>931.000000</ele>
			</trkpt>
			<trkpt lat="49.125864" lon="13.364093">
				<ele>932.000000</ele>
			</trkpt>
			<trkpt lat="49.125805" lon="13.363958">
				<ele>933.000000</ele>
			</trkpt>
			<trkpt lat="49.125752" lon="13.363841">
				<ele>934.000000</ele>
			</trkpt>
			<trkpt lat="49.125612" lon="13.363598">
				<ele>936.000000</ele>
			</trkpt>
			<trkpt lat="49.125512" lon="13.363410">
				<ele>938.000000</ele>
			</trkpt>
			<trkpt lat="49.125429" lon="13.363221">
				<ele>939.000000</ele>
			</trkpt>
			<trkpt lat="49.125353" lon="13.363032">
				<ele>941.000000</ele>
			</trkpt>
			<trkpt lat="49.125247" lon="13.362718">
				<ele>943.000000</ele>
			</trkpt>
			<trkpt lat="49.125130" lon="13.362342">
				<ele>946.000000</ele>
			</trkpt>
			<trkpt lat="49.124994" lon="13.361990">
				<ele>948.000000</ele>
			</trkpt>
			<trkpt lat="49.124659" lon="13.361164">
				<ele>953.000000</ele>
			</trkpt>
			<trkpt lat="49.124624" lon="13.361057">
				<ele>954.000000</ele>
			</trkpt>
			<trkpt lat="49.124594" lon="13.360975">
				<ele>955.000000</ele>
			</trkpt>
			<trkpt lat="49.124583" lon="13.360886">
				<ele>955.000000</ele>
			</trkpt>
			<trkpt lat="49.124583" lon="13.360797">
				<ele>955.000000</ele>
			</trkpt>
			<trkpt lat="49.124594" lon="13.360491">
				<ele>956.000000</ele>
			</trkpt>
			<trkpt lat="49.124594" lon="13.360311">
				<ele>956.000000</ele>
			</trkpt>
			<trkpt lat="49.124577" lon="13.360149">
				<ele>957.000000</ele>
			</trkpt>
			<trkpt lat="49.124547" lon="13.359969">
				<ele>957.000000</ele>
			</trkpt>
			<trkpt lat="49.124442" lon="13.359539">
				<ele>958.000000</ele>
			</trkpt>
			<trkpt lat="49.124389" lon="13.359269">
				<ele>959.000000</ele>
			</trkpt>
			<trkpt lat="49.124354" lon="13.358990">
				<ele>959.000000</ele>
			</trkpt>
			<trkpt lat="49.124318" lon="13.358676">
				<ele>960.000000</ele>
			</trkpt>
			<trkpt lat="49.124307" lon="13.358560">
				<ele>960.000000</ele>
			</trkpt>
			<trkpt lat="49.124289" lon="13.358353">
				<ele>959.000000</ele>
			</trkpt>
			<trkpt lat="49.124260" lon="13.358173">
				<ele>959.000000</ele>
			</trkpt>
			<trkpt lat="49.124112" lon="13.357409">
				<ele>957.000000</ele>
			</trkpt>
			<trkpt lat="49.124095" lon="13.357256">
				<ele>957.000000</ele>
			</trkpt>
			<trkpt lat="49.124101" lon="13.357122">
				<ele>956.000000</ele>
			</trkpt>
			<trkpt lat="49.124136" lon="13.356996">
				<ele>956.000000</ele>
			</trkpt>
			<trkpt lat="49.124195" lon="13.356843">
				<ele>956.000000</ele>
			</trkpt>
			<trkpt lat="49.124342" lon="13.356484">
				<ele>954.000000</ele>
			</trkpt>
			<trkpt lat="49.124430" lon="13.356223">
				<ele>952.000000</ele>
			</trkpt>
			<trkpt lat="49.124454" lon="13.356097">
				<ele>951.000000</ele>
			</trkpt>
			<trkpt lat="49.124489" lon="13.355944">
				<ele>950.000000</ele>
			</trkpt>
			<trkpt lat="49.124518" lon="13.355613">
				<ele>948.000000</ele>
			</trkpt>
			<trkpt lat="49.124536" lon="13.355433">
				<ele>947.000000</ele>
			</trkpt>
			<trkpt lat="49.124566" lon="13.355281">
				<ele>946.000000</ele>
			</trkpt>
			<trkpt lat="49.124613" lon="13.355137">
				<ele>945.000000</ele>
			</trkpt>
			<trkpt lat="49.124694" lon="13.354841">
				<ele>943.000000</ele>
			</trkpt>
			<trkpt lat="49.124789" lon="13.354535">
				<ele>941.000000</ele>
			</trkpt>
			<trkpt lat="49.124824" lon="13.354382">
				<ele>940.000000</ele>
			</trkpt>
			<trkpt lat="49.124842" lon="13.354239">
				<ele>939.000000</ele>
			</trkpt>
			<trkpt lat="49.124847" lon="13.354059">
				<ele>938.000000</ele>
			</trkpt>
			<trkpt lat="49.124836" lon="13.353834">
				<ele>937.000000</ele>
			</trkpt>
			<trkpt lat="49.124836" lon="13.353673">
				<ele>937.000000</ele>
			</trkpt>
			<trkpt lat="49.124847" lon="13.353547">
				<ele>936.000000</ele>
			</trkpt>
			<trkpt lat="49.124877" lon="13.353447">
				<ele>936.000000</ele>
			</trkpt>
			<trkpt lat="49.124906" lon="13.353340">
				<ele>935.000000</ele>
			</trkpt>
			<trkpt lat="49.124953" lon="13.353241">
				<ele>934.000000</ele>
			</trkpt>
			<trkpt lat="49.125165" lon="13.352828">
				<ele>931.000000</ele>
			</trkpt>
			<trkpt lat="49.125276" lon="13.352612">
				<ele>930.000000</ele>
			</trkpt>
			<trkpt lat="49.125400" lon="13.352432">
				<ele>930.000000</ele>
			</trkpt>
			<trkpt lat="49.125541" lon="13.352289">
				<ele>930.000000</ele>
			</trkpt>
			<trkpt lat="49.125647" lon="13.352208">
				<ele>930.000000</ele>
			</trkpt>
			<trkpt lat="49.125864" lon="13.352019">
				<ele>930.000000</ele>
			</trkpt>
			<trkpt lat="49.126029" lon="13.351876">
				<ele>928.000000</ele>
			</trkpt>
			<trkpt lat="49.126164" lon="13.351741">
				<ele>927.000000</ele>
			</trkpt>
			<trkpt lat="49.126276" lon="13.351597">
				<ele>926.000000</ele>
			</trkpt>
			<trkpt lat="49.126393" lon="13.351445">
				<ele>925.000000</ele>
			</trkpt>
			<trkpt lat="49.126499" lon="13.351256">
				<ele>924.000000</ele>
			</trkpt>
			<trkpt lat="49.126605" lon="13.351049">
				<ele>923.000000</ele>
			</trkpt>
			<trkpt lat="49.126711" lon="13.350816">
				<ele>922.000000</ele>
			</trkpt>
			<trkpt lat="49.126976" lon="13.350151">
				<ele>919.000000</ele>
			</trkpt>
			<trkpt lat="49.127546" lon="13.348893">
				<ele>912.000000</ele>
			</trkpt>
			<trkpt lat="49.127816" lon="13.348229">
				<ele>910.000000</ele>
			</trkpt>
			<trkpt lat="49.127934" lon="13.347896">
				<ele>910.000000</ele>
			</trkpt>
			<trkpt lat="49.128022" lon="13.347698">
				<ele>910.000000</ele>
			</trkpt>
			<trkpt lat="49.128110" lon="13.347528">
				<ele>910.000000</ele>
			</trkpt>
			<trkpt lat="49.128221" lon="13.347348">
				<ele>910.000000</ele>
			</trkpt>
			<trkpt lat="49.128392" lon="13.347115">
				<ele>910.000000</ele>
			</trkpt>
			<trkpt lat="49.128516" lon="13.346981">
				<ele>910.000000</ele>
			</trkpt>
			<trkpt lat="49.128580" lon="13.346926">
				<ele>910.000000</ele>
			</trkpt>
			<trkpt lat="49.128651" lon="13.346881">
				<ele>910.000000</ele>
			</trkpt>
			<trkpt lat="49.128809" lon="13.346828">
				<ele>910.000000</ele>
			</trkpt>
			<trkpt lat="49.128980" lon="13.346765">
				<ele>911.000000</ele>
			</trkpt>
			<trkpt lat="49.129086" lon="13.346719">
				<ele>912.000000</ele>
			</trkpt>
			<trkpt lat="49.129186" lon="13.346656">
				<ele>913.000000</ele>
			</trkpt>
			<trkpt lat="49.129268" lon="13.346575">
				<ele>914.000000</ele>
			</trkpt>
			<trkpt lat="49.129309" lon="13.346522">
				<ele>915.000000</ele>
			</trkpt>
			<trkpt lat="49.129356" lon="13.346459">
				<ele>916.000000</ele>
			</trkpt>
			<trkpt lat="49.129415" lon="13.346297">
				<ele>918.000000</ele>
			</trkpt>
			<trkpt lat="49.129679" lon="13.345480">
				<ele>926.000000</ele>
			</trkpt>
			<trkpt lat="49.129791" lon="13.345048">
				<ele>931.000000</ele>
			</trkpt>
			<trkpt lat="49.129850" lon="13.344797">
				<ele>934.000000</ele>
			</trkpt>
			<trkpt lat="49.129885" lon="13.344581">
				<ele>936.000000</ele>
			</trkpt>
			<trkpt lat="49.129915" lon="13.344348">
				<ele>938.000000</ele>
			</trkpt>
			<trkpt lat="49.129950" lon="13.344088">
				<ele>939.000000</ele>
			</trkpt>
			<trkpt lat="49.129962" lon="13.343799">
				<ele>941.000000</ele>
			</trkpt>
			<trkpt lat="49.129950" lon="13.343675">
				<ele>942.000000</ele>
			</trkpt>
			<trkpt lat="49.129944" lon="13.343575">
				<ele>943.000000</ele>
			</trkpt>
			<trkpt lat="49.129921" lon="13.343467">
				<ele>944.000000</ele>
			</trkpt>
			<trkpt lat="49.129897" lon="13.343377">
				<ele>944.000000</ele>
			</trkpt>
			<trkpt lat="49.129856" lon="13.343270">
				<ele>945.000000</ele>
			</trkpt>
			<trkpt lat="49.129809" lon="13.343170">
				<ele>945.000000</ele>
			</trkpt>
			<trkpt lat="49.129215" lon="13.341985">
				<ele>949.000000</ele>
			</trkpt>
			<trkpt lat="49.129115" lon="13.341769">
				<ele>950.000000</ele>
			</trkpt>
			<trkpt lat="49.129050" lon="13.341591">
				<ele>951.000000</ele>
			</trkpt>
			<trkpt lat="49.129003" lon="13.341419">
				<ele>953.000000</ele>
			</trkpt>
			<trkpt lat="49.128962" lon="13.341195">
				<ele>954.000000</ele>
			</trkpt>
			<trkpt lat="49.128921" lon="13.340970">
				<ele>955.000000</ele>
			</trkpt>
			<trkpt lat="49.128874" lon="13.340763">
				<ele>957.000000</ele>
			</trkpt>
			<trkpt lat="49.128827" lon="13.340557">
				<ele>959.000000</ele>
			</trkpt>
			<trkpt lat="49.128733" lon="13.340260">
				<ele>961.000000</ele>
			</trkpt>
			<trkpt lat="49.128445" lon="13.339417">
				<ele>967.000000</ele>
			</trkpt>
			<trkpt lat="49.128374" lon="13.339191">
				<ele>968.000000</ele>
			</trkpt>
			<trkpt lat="49.128327" lon="13.338958">
				<ele>970.000000</ele>
			</trkpt>
			<trkpt lat="49.128181" lon="13.338195">
				<ele>977.000000</ele>
			</trkpt>
			<trkpt lat="49.128151" lon="13.337979">
				<ele>978.000000</ele>
			</trkpt>
			<trkpt lat="49.128140" lon="13.337799">
				<ele>980.000000</ele>
			</trkpt>
			<trkpt lat="49.128140" lon="13.337593">
				<ele>981.000000</ele>
			</trkpt>
			<trkpt lat="49.128145" lon="13.337404">
				<ele>983.000000</ele>
			</trkpt>
			<trkpt lat="49.128157" lon="13.337197">
				<ele>984.000000</ele>
			</trkpt>
			<trkpt lat="49.128198" lon="13.336973">
				<ele>986.000000</ele>
			</trkpt>
			<trkpt lat="49.128157" lon="13.336910">
				<ele>986.000000</ele>
			</trkpt>
			<trkpt lat="49.128128" lon="13.336784">
				<ele>986.000000</ele>
			</trkpt>
			<trkpt lat="49.128116" lon="13.336649">
				<ele>987.000000</ele>
			</trkpt>
			<trkpt lat="49.128122" lon="13.336488">
				<ele>987.000000</ele>
			</trkpt>
			<trkpt lat="49.128187" lon="13.335436">
				<ele>990.000000</ele>
			</trkpt>
			<trkpt lat="49.128210" lon="13.335194">
				<ele>991.000000</ele>
			</trkpt>
			<trkpt lat="49.128245" lon="13.334943">
				<ele>992.000000</ele>
			</trkpt>
			<trkpt lat="49.128280" lon="13.334557">
				<ele>993.000000</ele>
			</trkpt>
			<trkpt lat="49.128304" lon="13.334117">
				<ele>994.000000</ele>
			</trkpt>
			<trkpt lat="49.128304" lon="13.333981">
				<ele>995.000000</ele>
			</trkpt>
			<trkpt lat="49.128298" lon="13.333882">
				<ele>995.000000</ele>
			</trkpt>
			<trkpt lat="49.128280" lon="13.333792">
				<ele>996.000000</ele>
			</trkpt>
			<trkpt lat="49.128263" lon="13.333685">
				<ele>996.000000</ele>
			</trkpt>
			<trkpt lat="49.128140" lon="13.333262">
				<ele>998.000000</ele>
			</trkpt>
			<trkpt lat="49.127969" lon="13.332607">
				<ele>1002.000000</ele>
			</trkpt>
			<trkpt lat="49.127845" lon="13.332239">
				<ele>1004.000000</ele>
			</trkpt>
			<trkpt lat="49.127751" lon="13.331915">
				<ele>1006.000000</ele>
			</trkpt>
			<trkpt lat="49.127664" lon="13.331565">
				<ele>1008.000000</ele>
			</trkpt>
			<trkpt lat="49.127616" lon="13.331404">
				<ele>1009.000000</ele>
			</trkpt>
			<trkpt lat="49.127587" lon="13.331358">
				<ele>1009.000000</ele>
			</trkpt>
			<trkpt lat="49.127564" lon="13.331322">
				<ele>1010.000000</ele>
			</trkpt>
			<trkpt lat="49.127522" lon="13.331268">
				<ele>1010.000000</ele>
			</trkpt>
			<trkpt lat="49.127487" lon="13.331169">
				<ele>1010.000000</ele>
			</trkpt>
			<trkpt lat="49.127446" lon="13.330954">
				<ele>1010.000000</ele>
			</trkpt>
			<trkpt lat="49.127434" lon="13.330901">
				<ele>1011.000000</ele>
			</trkpt>
			<trkpt lat="49.127434" lon="13.330901">
				<ele>1011.000000</ele>
			</trkpt>
			<trkpt lat="49.127399" lon="13.330748">
				<ele>1011.000000</ele>
			</trkpt>
			<trkpt lat="49.127387" lon="13.330631">
				<ele>1011.000000</ele>
			</trkpt>
			<trkpt lat="49.127269" lon="13.330442">
				<ele>1011.000000</ele>
			</trkpt>
			<trkpt lat="49.127216" lon="13.330388">
				<ele>1012.000000</ele>
			</trkpt>
			<trkpt lat="49.127158" lon="13.330335">
				<ele>1012.000000</ele>
			</trkpt>
			<trkpt lat="49.127016" lon="13.330253">
				<ele>1012.000000</ele>
			</trkpt>
			<trkpt lat="49.126764" lon="13.330172">
				<ele>1013.000000</ele>
			</trkpt>
			<trkpt lat="49.126376" lon="13.330083">
				<ele>1012.000000</ele>
			</trkpt>
			<trkpt lat="49.126276" lon="13.330046">
				<ele>1012.000000</ele>
			</trkpt>
			<trkpt lat="49.126194" lon="13.330010">
				<ele>1012.000000</ele>
			</trkpt>
			<trkpt lat="49.126111" lon="13.329930">
				<ele>1012.000000</ele>
			</trkpt>
			<trkpt lat="49.126017" lon="13.329840">
				<ele>1011.000000</ele>
			</trkpt>
			<trkpt lat="49.125771" lon="13.329490">
				<ele>1011.000000</ele>
			</trkpt>
			<trkpt lat="49.125671" lon="13.329381">
				<ele>1011.000000</ele>
			</trkpt>
			<trkpt lat="49.125571" lon="13.329301">
				<ele>1010.000000</ele>
			</trkpt>
			<trkpt lat="49.125482" lon="13.329238">
				<ele>1010.000000</ele>
			</trkpt>
			<trkpt lat="49.125371" lon="13.329211">
				<ele>1010.000000</ele>
			</trkpt>
			<trkpt lat="49.125059" lon="13.329167">
				<ele>1008.000000</ele>
			</trkpt>
			<trkpt lat="49.124694" lon="13.329140">
				<ele>1006.000000</ele>
			</trkpt>
			<trkpt lat="49.124460" lon="13.329121">
				<ele>1004.000000</ele>
			</trkpt>
			<trkpt lat="49.124383" lon="13.329094">
				<ele>1004.000000</ele>
			</trkpt>
			<trkpt lat="49.124283" lon="13.329058">
				<ele>1003.000000</ele>
			</trkpt>
			<trkpt lat="49.124183" lon="13.328995">
				<ele>1003.000000</ele>
			</trkpt>
			<trkpt lat="49.124036" lon="13.328905">
				<ele>1002.000000</ele>
			</trkpt>
			<trkpt lat="49.123965" lon="13.328851">
				<ele>1001.000000</ele>
			</trkpt>
			<trkpt lat="49.123889" lon="13.328825">
				<ele>1001.000000</ele>
			</trkpt>
			<trkpt lat="49.123819" lon="13.328815">
				<ele>1001.000000</ele>
			</trkpt>
			<trkpt lat="49.123713" lon="13.328807">
				<ele>1000.000000</ele>
			</trkpt>
			<trkpt lat="49.123578" lon="13.328754">
				<ele>1000.000000</ele>
			</trkpt>
			<trkpt lat="49.123419" lon="13.328645">
				<ele>1000.000000</ele>
			</trkpt>
			<trkpt lat="49.123149" lon="13.328429">
				<ele>1000.000000</ele>
			</trkpt>
			<trkpt lat="49.122754" lon="13.328052">
				<ele>1001.000000</ele>
			</trkpt>
			<trkpt lat="49.122667" lon="13.327972">
				<ele>1001.000000</ele>
			</trkpt>
			<trkpt lat="49.122572" lon="13.327926">
				<ele>1002.000000</ele>
			</trkpt>
			<trkpt lat="49.122484" lon="13.327882">
				<ele>1002.000000</ele>
			</trkpt>
			<trkpt lat="49.122390" lon="13.327872">
				<ele>1002.000000</ele>
			</trkpt>
			<trkpt lat="49.122284" lon="13.327882">
				<ele>1003.000000</ele>
			</trkpt>
			<trkpt lat="49.122196" lon="13.327909">
				<ele>1003.000000</ele>
			</trkpt>
			<trkpt lat="49.122043" lon="13.327972">
				<ele>1003.000000</ele>
			</trkpt>
			<trkpt lat="49.121990" lon="13.327953">
				<ele>1004.000000</ele>
			</trkpt>
			<trkpt lat="49.121955" lon="13.327945">
				<ele>1004.000000</ele>
			</trkpt>
			<trkpt lat="49.121749" lon="13.327729">
				<ele>1004.000000</ele>
			</trkpt>
			<trkpt lat="49.121632" lon="13.327630">
				<ele>1005.000000</ele>
			</trkpt>
			<trkpt lat="49.121514" lon="13.327576">
				<ele>1005.000000</ele>
			</trkpt>
			<trkpt lat="49.121414" lon="13.327567">
				<ele>1006.000000</ele>
			</trkpt>
			<trkpt lat="49.121344" lon="13.327567">
				<ele>1006.000000</ele>
			</trkpt>
			<trkpt lat="49.121103" lon="13.327622">
				<ele>1008.000000</ele>
			</trkpt>
			<trkpt lat="49.120961" lon="13.327622">
				<ele>1008.000000</ele>
			</trkpt>
			<trkpt lat="49.120844" lon="13.327595">
				<ele>1009.000000</ele>
			</trkpt>
			<trkpt lat="49.120732" lon="13.327532">
				<ele>1009.000000</ele>
			</trkpt>
			<trkpt lat="49.120621" lon="13.327423">
				<ele>1010.000000</ele>
			</trkpt>
			<trkpt lat="49.120150" lon="13.326947">
				<ele>1014.000000</ele>
			</trkpt>
			<trkpt lat="49.120039" lon="13.326849">
				<ele>1014.000000</ele>
			</trkpt>
			<trkpt lat="49.119909" lon="13.326767">
				<ele>1015.000000</ele>
			</trkpt>
			<trkpt lat="49.119815" lon="13.326741">
				<ele>1016.000000</ele>
			</trkpt>
			<trkpt lat="49.119686" lon="13.326723">
				<ele>1016.000000</ele>
			</trkpt>
			<trkpt lat="49.119562" lon="13.326741">
				<ele>1017.000000</ele>
			</trkpt>
			<trkpt lat="49.119433" lon="13.326786">
				<ele>1018.000000</ele>
			</trkpt>
			<trkpt lat="49.119274" lon="13.326857">
				<ele>1019.000000</ele>
			</trkpt>
			<trkpt lat="49.119045" lon="13.326983">
				<ele>1020.000000</ele>
			</trkpt>
			<trkpt lat="49.118786" lon="13.327109">
				<ele>1022.000000</ele>
			</trkpt>
			<trkpt lat="49.118657" lon="13.327154">
				<ele>1023.000000</ele>
			</trkpt>
			<trkpt lat="49.118521" lon="13.327180">
				<ele>1024.000000</ele>
			</trkpt>
			<trkpt lat="49.118274" lon="13.327207">
				<ele>1025.000000</ele>
			</trkpt>
			<trkpt lat="49.117769" lon="13.327235">
				<ele>1029.000000</ele>
			</trkpt>
			<trkpt lat="49.117645" lon="13.327243">
				<ele>1030.000000</ele>
			</trkpt>
			<trkpt lat="49.117552" lon="13.327270">
				<ele>1031.000000</ele>
			</trkpt>
			<trkpt lat="49.117475" lon="13.327316">
				<ele>1031.000000</ele>
			</trkpt>
			<trkpt lat="49.117375" lon="13.327370">
				<ele>1032.000000</ele>
			</trkpt>
			<trkpt lat="49.116957" lon="13.327729">
				<ele>1036.000000</ele>
			</trkpt>
			<trkpt lat="49.116923" lon="13.327773">
				<ele>1036.000000</ele>
			</trkpt>
			<trkpt lat="49.116875" lon="13.327828">
				<ele>1037.000000</ele>
			</trkpt>
			<trkpt lat="49.116858" lon="13.327882">
				<ele>1037.000000</ele>
			</trkpt>
			<trkpt lat="49.116846" lon="13.327953">
				<ele>1038.000000</ele>
			</trkpt>
			<trkpt lat="49.116828" lon="13.328115">
				<ele>1039.000000</ele>
			</trkpt>
			<trkpt lat="49.116834" lon="13.328375">
				<ele>1041.000000</ele>
			</trkpt>
			<trkpt lat="49.116852" lon="13.328654">
				<ele>1043.000000</ele>
			</trkpt>
			<trkpt lat="49.116893" lon="13.328878">
				<ele>1044.000000</ele>
			</trkpt>
			<trkpt lat="49.116957" lon="13.329130">
				<ele>1046.000000</ele>
			</trkpt>
			<trkpt lat="49.117093" lon="13.329490">
				<ele>1050.000000</ele>
			</trkpt>
			<trkpt lat="49.117099" lon="13.329543">
				<ele>1050.000000</ele>
			</trkpt>
			<trkpt lat="49.117099" lon="13.329616">
				<ele>1051.000000</ele>
			</trkpt>
			<trkpt lat="49.117093" lon="13.329660">
				<ele>1051.000000</ele>
			</trkpt>
			<trkpt lat="49.117069" lon="13.329714">
				<ele>1051.000000</ele>
			</trkpt>
			<trkpt lat="49.117040" lon="13.329741">
				<ele>1052.000000</ele>
			</trkpt>
			<trkpt lat="49.117004" lon="13.329769">
				<ele>1052.000000</ele>
			</trkpt>
			<trkpt lat="49.116828" lon="13.329813">
				<ele>1054.000000</ele>
			</trkpt>
			<trkpt lat="49.116522" lon="13.329885">
				<ele>1056.000000</ele>
			</trkpt>
			<trkpt lat="49.116393" lon="13.329939">
				<ele>1057.000000</ele>
			</trkpt>
			<trkpt lat="49.116252" lon="13.330029">
				<ele>1058.000000</ele>
			</trkpt>
			<trkpt lat="49.116093" lon="13.330127">
				<ele>1058.000000</ele>
			</trkpt>
			<trkpt lat="49.115923" lon="13.330272">
				<ele>1059.000000</ele>
			</trkpt>
			<trkpt lat="49.115229" lon="13.330882">
				<ele>1068.000000</ele>
			</trkpt>
			<trkpt lat="49.114894" lon="13.331161">
				<ele>1071.000000</ele>
			</trkpt>
			<trkpt lat="49.114776" lon="13.331232">
				<ele>1072.000000</ele>
			</trkpt>
			<trkpt lat="49.114670" lon="13.331287">
				<ele>1072.000000</ele>
			</trkpt>
			<trkpt lat="49.114564" lon="13.331331">
				<ele>1073.000000</ele>
			</trkpt>
			<trkpt lat="49.114441" lon="13.331367">
				<ele>1074.000000</ele>
			</trkpt>
			<trkpt lat="49.114441" lon="13.331367">
				<ele>1074.000000</ele>
			</trkpt>
			<trkpt lat="49.114435" lon="13.331367">
				<ele>1074.000000</ele>
			</trkpt>
			<trkpt lat="49.114318" lon="13.331367">
				<ele>1074.000000</ele>
			</trkpt>
			<trkpt lat="49.114194" lon="13.331367">
				<ele>1075.000000</ele>
			</trkpt>
			<trkpt lat="49.113771" lon="13.331314">
				<ele>1077.000000</ele>
			</trkpt>
			<trkpt lat="49.113353" lon="13.331259">
				<ele>1079.000000</ele>
			</trkpt>
			<trkpt lat="49.113241" lon="13.331268">
				<ele>1080.000000</ele>
			</trkpt>
			<trkpt lat="49.113141" lon="13.331268">
				<ele>1080.000000</ele>
			</trkpt>
			<trkpt lat="49.112948" lon="13.331125">
				<ele>1081.000000</ele>
			</trkpt>
			<trkpt lat="49.112895" lon="13.331088">
				<ele>1081.000000</ele>
			</trkpt>
			<trkpt lat="49.112824" lon="13.331062">
				<ele>1081.000000</ele>
			</trkpt>
			<trkpt lat="49.112783" lon="13.330936">
				<ele>1081.000000</ele>
			</trkpt>
			<trkpt lat="49.112736" lon="13.330828">
				<ele>1082.000000</ele>
			</trkpt>
			<trkpt lat="49.112695" lon="13.330765">
				<ele>1082.000000</ele>
			</trkpt>
			<trkpt lat="49.112630" lon="13.330693">
				<ele>1082.000000</ele>
			</trkpt>
			<trkpt lat="49.112406" lon="13.330486">
				<ele>1082.000000</ele>
			</trkpt>
			<trkpt lat="49.112207" lon="13.330316">
				<ele>1083.000000</ele>
			</trkpt>
			<trkpt lat="49.112007" lon="13.330146">
				<ele>1083.000000</ele>
			</trkpt>
			<trkpt lat="49.111801" lon="13.329983">
				<ele>1084.000000</ele>
			</trkpt>
			<trkpt lat="49.111865" lon="13.329796">
				<ele>1084.000000</ele>
			</trkpt>
			<trkpt lat="49.111971" lon="13.329444">
				<ele>1085.000000</ele>
			</trkpt>
			<trkpt lat="49.111989" lon="13.329364">
				<ele>1085.000000</ele>
			</trkpt>
			<trkpt lat="49.111995" lon="13.329283">
				<ele>1085.000000</ele>
			</trkpt>
			<trkpt lat="49.111995" lon="13.329211">
				<ele>1085.000000</ele>
			</trkpt>
			<trkpt lat="49.111983" lon="13.329130">
				<ele>1085.000000</ele>
			</trkpt>
			<trkpt lat="49.111954" lon="13.328978">
				<ele>1085.000000</ele>
			</trkpt>
			<trkpt lat="49.111860" lon="13.328754">
				<ele>1085.000000</ele>
			</trkpt>
			<trkpt lat="49.111801" lon="13.328708">
				<ele>1085.000000</ele>
			</trkpt>
			<trkpt lat="49.111742" lon="13.328654">
				<ele>1085.000000</ele>
			</trkpt>
			<trkpt lat="49.111771" lon="13.328591">
				<ele>1085.000000</ele>
			</trkpt>
			<trkpt lat="49.111712" lon="13.328457">
				<ele>1085.000000</ele>
			</trkpt>
			<trkpt lat="49.111742" lon="13.328412">
				<ele>1085.000000</ele>
			</trkpt>
			<trkpt lat="49.111848" lon="13.328241">
				<ele>1085.000000</ele>
			</trkpt>
			<trkpt lat="49.111948" lon="13.328295">
				<ele>1085.000000</ele>
			</trkpt>
			<trkpt lat="49.112201" lon="13.328394">
				<ele>1085.000000</ele>
			</trkpt>
			<trkpt lat="49.112353" lon="13.328448">
				<ele>1085.000000</ele>
			</trkpt>
			<trkpt lat="49.112571" lon="13.328492">
				<ele>1085.000000</ele>
			</trkpt>
			<trkpt lat="49.112712" lon="13.328492">
				<ele>1085.000000</ele>
			</trkpt>
			<trkpt lat="49.112901" lon="13.328457">
				<ele>1085.000000</ele>
			</trkpt>
			<trkpt lat="49.112965" lon="13.328438">
				<ele>1085.000000</ele>
			</trkpt>
			<trkpt lat="49.113018" lon="13.328448">
				<ele>1085.000000</ele>
			</trkpt>
			<trkpt lat="49.113183" lon="13.328501">
				<ele>1085.000000</ele>
			</trkpt>
			<trkpt lat="49.113241" lon="13.328511">
				<ele>1085.000000</ele>
			</trkpt>
			<trkpt lat="49.113300" lon="13.328511">
				<ele>1085.000000</ele>
			</trkpt>
			<trkpt lat="49.113471" lon="13.328465">
				<ele>1085.000000</ele>
			</trkpt>
			<trkpt lat="49.113559" lon="13.328421">
				<ele>1085.000000</ele>
			</trkpt>
			<trkpt lat="49.113630" lon="13.328358">
				<ele>1085.000000</ele>
			</trkpt>
			<trkpt lat="49.113665" lon="13.328322">
				<ele>1085.000000</ele>
			</trkpt>
			<trkpt lat="49.113689" lon="13.328268">
				<ele>1085.000000</ele>
			</trkpt>
			<trkpt lat="49.113729" lon="13.328062">
				<ele>1085.000000</ele>
			</trkpt>
			<trkpt lat="49.113747" lon="13.327972">
				<ele>1085.000000</ele>
			</trkpt>
			<trkpt lat="49.113782" lon="13.327909">
				<ele>1085.000000</ele>
			</trkpt>
			<trkpt lat="49.113829" lon="13.327846">
				<ele>1085.000000</ele>
			</trkpt>
			<trkpt lat="49.113888" lon="13.327792">
				<ele>1085.000000</ele>
			</trkpt>
			<trkpt lat="49.113976" lon="13.327702">
				<ele>1085.000000</ele>
			</trkpt>
			<trkpt lat="49.114047" lon="13.327603">
				<ele>1085.000000</ele>
			</trkpt>
			<trkpt lat="49.114100" lon="13.327513">
				<ele>1085.000000</ele>
			</trkpt>
			<trkpt lat="49.114129" lon="13.327396">
				<ele>1085.000000</ele>
			</trkpt>
			<trkpt lat="49.114135" lon="13.327280">
				<ele>1085.000000</ele>
			</trkpt>
			<trkpt lat="49.114129" lon="13.327056">
				<ele>1085.000000</ele>
			</trkpt>
			<trkpt lat="49.114118" lon="13.326867">
				<ele>1085.000000</ele>
			</trkpt>
			<trkpt lat="49.114129" lon="13.326759">
				<ele>1085.000000</ele>
			</trkpt>
			<trkpt lat="49.114200" lon="13.326255">
				<ele>1085.000000</ele>
			</trkpt>
			<trkpt lat="49.114218" lon="13.326175">
				<ele>1085.000000</ele>
			</trkpt>
			<trkpt lat="49.114241" lon="13.326104">
				<ele>1085.000000</ele>
			</trkpt>
			<trkpt lat="49.114288" lon="13.326041">
				<ele>1085.000000</ele>
			</trkpt>
			<trkpt lat="49.114358" lon="13.325968">
				<ele>1085.000000</ele>
			</trkpt>
			<trkpt lat="49.114423" lon="13.325897">
				<ele>1085.000000</ele>
			</trkpt>
			<trkpt lat="49.114482" lon="13.325771">
				<ele>1085.000000</ele>
			</trkpt>
			<trkpt lat="49.114576" lon="13.325564">
				<ele>1085.000000</ele>
			</trkpt>
			<trkpt lat="49.114735" lon="13.325232">
				<ele>1085.000000</ele>
			</trkpt>
			<trkpt lat="49.114770" lon="13.325133">
				<ele>1085.000000</ele>
			</trkpt>
			<trkpt lat="49.114788" lon="13.325062">
				<ele>1085.000000</ele>
			</trkpt>
			<trkpt lat="49.114794" lon="13.324899">
				<ele>1085.000000</ele>
			</trkpt>
			<trkpt lat="49.114835" lon="13.324576">
				<ele>1085.000000</ele>
			</trkpt>
			<trkpt lat="49.114853" lon="13.324486">
				<ele>1085.000000</ele>
			</trkpt>
			<trkpt lat="49.114870" lon="13.324441">
				<ele>1085.000000</ele>
			</trkpt>
			<trkpt lat="49.114888" lon="13.324423">
				<ele>1085.000000</ele>
			</trkpt>
			<trkpt lat="49.114923" lon="13.324396">
				<ele>1085.000000</ele>
			</trkpt>
			<trkpt lat="49.114946" lon="13.324396">
				<ele>1085.000000</ele>
			</trkpt>
			<trkpt lat="49.115046" lon="13.324433">
				<ele>1085.000000</ele>
			</trkpt>
			<trkpt lat="49.115094" lon="13.324459">
				<ele>1085.000000</ele>
			</trkpt>
			<trkpt lat="49.115141" lon="13.324540">
				<ele>1085.000000</ele>
			</trkpt>
			<trkpt lat="49.115276" lon="13.324773">
				<ele>1085.000000</ele>
			</trkpt>
			<trkpt lat="49.115341" lon="13.324855">
				<ele>1085.000000</ele>
			</trkpt>
			<trkpt lat="49.115405" lon="13.324935">
				<ele>1085.000000</ele>
			</trkpt>
			<trkpt lat="49.115623" lon="13.325115">
				<ele>1085.000000</ele>
			</trkpt>
			<trkpt lat="49.115687" lon="13.325151">
				<ele>1085.000000</ele>
			</trkpt>
			<trkpt lat="49.115740" lon="13.325196">
				<ele>1085.000000</ele>
			</trkpt>
			<trkpt lat="49.115876" lon="13.325213">
				<ele>1085.000000</ele>
			</trkpt>
			<trkpt lat="49.115929" lon="13.325025">
				<ele>1085.000000</ele>
			</trkpt>
			<trkpt lat="49.116076" lon="13.324675">
				<ele>1087.000000</ele>
			</trkpt>
			<trkpt lat="49.116252" lon="13.324217">
				<ele>1093.000000</ele>
			</trkpt>
			<trkpt lat="49.116293" lon="13.324081">
				<ele>1095.000000</ele>
			</trkpt>
			<trkpt lat="49.116358" lon="13.323804">
				<ele>1099.000000</ele>
			</trkpt>
			<trkpt lat="49.116469" lon="13.323399">
				<ele>1105.000000</ele>
			</trkpt>
			<trkpt lat="49.116534" lon="13.323219">
				<ele>1109.000000</ele>
			</trkpt>
			<trkpt lat="49.116475" lon="13.323157">
				<ele>1109.000000</ele>
			</trkpt>
			<trkpt lat="49.116440" lon="13.323075">
				<ele>1110.000000</ele>
			</trkpt>
			<trkpt lat="49.116422" lon="13.322968">
				<ele>1110.000000</ele>
			</trkpt>
			<trkpt lat="49.116434" lon="13.322851">
				<ele>1111.000000</ele>
			</trkpt>
			<trkpt lat="49.116464" lon="13.322815">
				<ele>1111.000000</ele>
			</trkpt>
			<trkpt lat="49.116505" lon="13.322752">
				<ele>1111.000000</ele>
			</trkpt>
			<trkpt lat="49.116564" lon="13.322725">
				<ele>1111.000000</ele>
			</trkpt>
			<trkpt lat="49.116675" lon="13.322672">
				<ele>1112.000000</ele>
			</trkpt>
			<trkpt lat="49.116775" lon="13.322626">
				<ele>1113.000000</ele>
			</trkpt>
			<trkpt lat="49.116881" lon="13.322536">
				<ele>1113.000000</ele>
			</trkpt>
			<trkpt lat="49.116970" lon="13.322456">
				<ele>1114.000000</ele>
			</trkpt>
			<trkpt lat="49.117051" lon="13.322366">
				<ele>1114.000000</ele>
			</trkpt>
			<trkpt lat="49.117122" lon="13.322259">
				<ele>1115.000000</ele>
			</trkpt>
			<trkpt lat="49.117181" lon="13.322142">
				<ele>1115.000000</ele>
			</trkpt>
			<trkpt lat="49.117234" lon="13.322033">
				<ele>1116.000000</ele>
			</trkpt>
			<trkpt lat="49.117269" lon="13.321890">
				<ele>1117.000000</ele>
			</trkpt>
			<trkpt lat="49.117422" lon="13.321243">
				<ele>1120.000000</ele>
			</trkpt>
			<trkpt lat="49.117469" lon="13.320964">
				<ele>1121.000000</ele>
			</trkpt>
			<trkpt lat="49.117510" lon="13.320641">
				<ele>1122.000000</ele>
			</trkpt>
			<trkpt lat="49.117533" lon="13.320255">
				<ele>1123.000000</ele>
			</trkpt>
			<trkpt lat="49.117575" lon="13.319635">
				<ele>1125.000000</ele>
			</trkpt>
			<trkpt lat="49.117599" lon="13.319375">
				<ele>1126.000000</ele>
			</trkpt>
			<trkpt lat="49.117639" lon="13.319150">
				<ele>1127.000000</ele>
			</trkpt>
			<trkpt lat="49.117692" lon="13.318934">
				<ele>1128.000000</ele>
			</trkpt>
			<trkpt lat="49.117786" lon="13.318611">
				<ele>1129.000000</ele>
			</trkpt>
			<trkpt lat="49.117998" lon="13.317802">
				<ele>1133.000000</ele>
			</trkpt>
			<trkpt lat="49.118140" lon="13.317318">
				<ele>1135.000000</ele>
			</trkpt>
			<trkpt lat="49.118221" lon="13.316967">
				<ele>1136.000000</ele>
			</trkpt>
			<trkpt lat="49.118280" lon="13.316689">
				<ele>1137.000000</ele>
			</trkpt>
			<trkpt lat="49.118333" lon="13.316401">
				<ele>1139.000000</ele>
			</trkpt>
			<trkpt lat="49.118369" lon="13.316104">
				<ele>1140.000000</ele>
			</trkpt>
			<trkpt lat="49.118392" lon="13.315781">
				<ele>1141.000000</ele>
			</trkpt>
			<trkpt lat="49.118404" lon="13.315431">
				<ele>1142.000000</ele>
			</trkpt>
			<trkpt lat="49.118410" lon="13.315098">
				<ele>1143.000000</ele>
			</trkpt>
			<trkpt lat="49.118398" lon="13.314290">
				<ele>1146.000000</ele>
			</trkpt>
			<trkpt lat="49.118380" lon="13.313787">
				<ele>1147.000000</ele>
			</trkpt>
			<trkpt lat="49.118333" lon="13.313338">
				<ele>1149.000000</ele>
			</trkpt>
			<trkpt lat="49.118293" lon="13.313060">
				<ele>1150.000000</ele>
			</trkpt>
			<trkpt lat="49.118251" lon="13.312825">
				<ele>1151.000000</ele>
			</trkpt>
			<trkpt lat="49.118216" lon="13.312638">
				<ele>1151.000000</ele>
			</trkpt>
			<trkpt lat="49.118051" lon="13.311945">
				<ele>1154.000000</ele>
			</trkpt>
			<trkpt lat="49.117963" lon="13.311676">
				<ele>1155.000000</ele>
			</trkpt>
			<trkpt lat="49.117887" lon="13.311416">
				<ele>1156.000000</ele>
			</trkpt>
			<trkpt lat="49.117381" lon="13.309825">
				<ele>1163.000000</ele>
			</trkpt>
			<trkpt lat="49.117316" lon="13.309582">
				<ele>1164.000000</ele>
			</trkpt>
			<trkpt lat="49.117263" lon="13.309359">
				<ele>1165.000000</ele>
			</trkpt>
			<trkpt lat="49.117234" lon="13.309106">
				<ele>1166.000000</ele>
			</trkpt>
			<trkpt lat="49.117204" lon="13.308712">
				<ele>1167.000000</ele>
			</trkpt>
			<trkpt lat="49.117157" lon="13.307984">
				<ele>1170.000000</ele>
			</trkpt>
			<trkpt lat="49.117104" lon="13.306835">
				<ele>1174.000000</ele>
			</trkpt>
			<trkpt lat="49.117099" lon="13.306538">
				<ele>1176.000000</ele>
			</trkpt>
			<trkpt lat="49.117104" lon="13.306277">
				<ele>1176.000000</ele>
			</trkpt>
			<trkpt lat="49.117134" lon="13.306016">
				<ele>1177.000000</ele>
			</trkpt>
			<trkpt lat="49.117181" lon="13.305630">
				<ele>1179.000000</ele>
			</trkpt>
			<trkpt lat="49.117234" lon="13.305298">
				<ele>1180.000000</ele>
			</trkpt>
			<trkpt lat="49.117505" lon="13.303106">
				<ele>1190.000000</ele>
			</trkpt>
			<trkpt lat="49.117569" lon="13.302495">
				<ele>1193.000000</ele>
			</trkpt>
			<trkpt lat="49.117675" lon="13.301722">
				<ele>1195.000000</ele>
			</trkpt>
			<trkpt lat="49.117722" lon="13.301336">
				<ele>1196.000000</ele>
			</trkpt>
			<trkpt lat="49.118098" lon="13.298210">
				<ele>1199.000000</ele>
			</trkpt>
			<trkpt lat="49.118163" lon="13.297716">
				<ele>1198.000000</ele>
			</trkpt>
			<trkpt lat="49.118204" lon="13.297437">
				<ele>1197.000000</ele>
			</trkpt>
			<trkpt lat="49.118257" lon="13.297231">
				<ele>1196.000000</ele>
			</trkpt>
			<trkpt lat="49.118310" lon="13.297105">
				<ele>1196.000000</ele>
			</trkpt>
			<trkpt lat="49.118363" lon="13.296980">
				<ele>1195.000000</ele>
			</trkpt>
			<trkpt lat="49.118439" lon="13.296845">
				<ele>1195.000000</ele>
			</trkpt>
			<trkpt lat="49.118521" lon="13.296719">
				<ele>1194.000000</ele>
			</trkpt>
			<trkpt lat="49.119021" lon="13.295956">
				<ele>1191.000000</ele>
			</trkpt>
			<trkpt lat="49.119398" lon="13.295353">
				<ele>1189.000000</ele>
			</trkpt>
			<trkpt lat="49.119485" lon="13.295200">
				<ele>1188.000000</ele>
			</trkpt>
			<trkpt lat="49.119591" lon="13.295066">
				<ele>1188.000000</ele>
			</trkpt>
			<trkpt lat="49.119691" lon="13.294931">
				<ele>1188.000000</ele>
			</trkpt>
			<trkpt lat="49.119815" lon="13.294806">
				<ele>1187.000000</ele>
			</trkpt>
			<trkpt lat="49.120186" lon="13.294428">
				<ele>1186.000000</ele>
			</trkpt>
			<trkpt lat="49.120309" lon="13.294267">
				<ele>1185.000000</ele>
			</trkpt>
			<trkpt lat="49.120426" lon="13.294114">
				<ele>1184.000000</ele>
			</trkpt>
			<trkpt lat="49.120826" lon="13.293529">
				<ele>1181.000000</ele>
			</trkpt>
			<trkpt lat="49.121144" lon="13.293108">
				<ele>1180.000000</ele>
			</trkpt>
			<trkpt lat="49.121473" lon="13.292695">
				<ele>1178.000000</ele>
			</trkpt>
			<trkpt lat="49.121943" lon="13.292129">
				<ele>1177.000000</ele>
			</trkpt>
			<trkpt lat="49.122225" lon="13.291805">
				<ele>1176.000000</ele>
			</trkpt>
			<trkpt lat="49.122537" lon="13.291464">
				<ele>1174.000000</ele>
			</trkpt>
			<trkpt lat="49.123654" lon="13.290359">
				<ele>1166.000000</ele>
			</trkpt>
			<trkpt lat="49.123689" lon="13.290313">
				<ele>1165.000000</ele>
			</trkpt>
			<trkpt lat="49.124007" lon="13.289990">
				<ele>1163.000000</ele>
			</trkpt>
			<trkpt lat="49.124248" lon="13.289739">
				<ele>1161.000000</ele>
			</trkpt>
			<trkpt lat="49.124389" lon="13.289550">
				<ele>1160.000000</ele>
			</trkpt>
			<trkpt lat="49.124536" lon="13.289353">
				<ele>1159.000000</ele>
			</trkpt>
			<trkpt lat="49.124677" lon="13.289128">
				<ele>1157.000000</ele>
			</trkpt>
			<trkpt lat="49.124771" lon="13.288948">
				<ele>1157.000000</ele>
			</trkpt>
			<trkpt lat="49.124859" lon="13.288769">
				<ele>1156.000000</ele>
			</trkpt>
			<trkpt lat="49.124930" lon="13.288589">
				<ele>1155.000000</ele>
			</trkpt>
			<trkpt lat="49.124989" lon="13.288409">
				<ele>1154.000000</ele>
			</trkpt>
			<trkpt lat="49.125059" lon="13.288158">
				<ele>1152.000000</ele>
			</trkpt>
			<trkpt lat="49.125123" lon="13.287826">
				<ele>1150.000000</ele>
			</trkpt>
			<trkpt lat="49.125453" lon="13.285661">
				<ele>1137.000000</ele>
			</trkpt>
			<trkpt lat="49.125600" lon="13.284646">
				<ele>1132.000000</ele>
			</trkpt>
			<trkpt lat="49.125629" lon="13.284358">
				<ele>1130.000000</ele>
			</trkpt>
			<trkpt lat="49.125653" lon="13.284053">
				<ele>1129.000000</ele>
			</trkpt>
			<trkpt lat="49.125659" lon="13.283820">
				<ele>1128.000000</ele>
			</trkpt>
			<trkpt lat="49.125653" lon="13.283532">
				<ele>1126.000000</ele>
			</trkpt>
			<trkpt lat="49.125635" lon="13.283199">
				<ele>1125.000000</ele>
			</trkpt>
			<trkpt lat="49.125594" lon="13.282633">
				<ele>1122.000000</ele>
			</trkpt>
			<trkpt lat="49.125594" lon="13.282436">
				<ele>1120.000000</ele>
			</trkpt>
			<trkpt lat="49.125600" lon="13.282247">
				<ele>1119.000000</ele>
			</trkpt>
			<trkpt lat="49.125618" lon="13.282050">
				<ele>1119.000000</ele>
			</trkpt>
			<trkpt lat="49.125647" lon="13.281861">
				<ele>1118.000000</ele>
			</trkpt>
			<trkpt lat="49.125688" lon="13.281663">
				<ele>1117.000000</ele>
			</trkpt>
			<trkpt lat="49.125741" lon="13.281484">
				<ele>1116.000000</ele>
			</trkpt>
			<trkpt lat="49.125811" lon="13.281250">
				<ele>1114.000000</ele>
			</trkpt>
			<trkpt lat="49.126011" lon="13.280721">
				<ele>1111.000000</ele>
			</trkpt>
			<trkpt lat="49.126129" lon="13.280379">
				<ele>1109.000000</ele>
			</trkpt>
			<trkpt lat="49.126258" lon="13.280055">
				<ele>1107.000000</ele>
			</trkpt>
			<trkpt lat="49.126400" lon="13.279776">
				<ele>1104.000000</ele>
			</trkpt>
			<trkpt lat="49.126699" lon="13.279229">
				<ele>1099.000000</ele>
			</trkpt>
			<trkpt lat="49.126793" lon="13.279050">
				<ele>1097.000000</ele>
			</trkpt>
			<trkpt lat="49.126899" lon="13.278824">
				<ele>1095.000000</ele>
			</trkpt>
			<trkpt lat="49.126987" lon="13.278618">
				<ele>1093.000000</ele>
			</trkpt>
			<trkpt lat="49.127063" lon="13.278411">
				<ele>1091.000000</ele>
			</trkpt>
			<trkpt lat="49.127181" lon="13.278034">
				<ele>1087.000000</ele>
			</trkpt>
			<trkpt lat="49.127499" lon="13.276947">
				<ele>1079.000000</ele>
			</trkpt>
			<trkpt lat="49.127592" lon="13.276597">
				<ele>1076.000000</ele>
			</trkpt>
			<trkpt lat="49.127681" lon="13.276264">
				<ele>1074.000000</ele>
			</trkpt>
			<trkpt lat="49.127757" lon="13.275897">
				<ele>1071.000000</ele>
			</trkpt>
			<trkpt lat="49.127840" lon="13.275421">
				<ele>1068.000000</ele>
			</trkpt>
			<trkpt lat="49.127892" lon="13.275052">
				<ele>1066.000000</ele>
			</trkpt>
			<trkpt lat="49.127934" lon="13.274710">
				<ele>1064.000000</ele>
			</trkpt>
			<trkpt lat="49.127945" lon="13.274378">
				<ele>1061.000000</ele>
			</trkpt>
			<trkpt lat="49.127951" lon="13.274100">
				<ele>1060.000000</ele>
			</trkpt>
			<trkpt lat="49.127922" lon="13.273830">
				<ele>1058.000000</ele>
			</trkpt>
			<trkpt lat="49.127881" lon="13.273560">
				<ele>1056.000000</ele>
			</trkpt>
			<trkpt lat="49.127816" lon="13.273281">
				<ele>1054.000000</ele>
			</trkpt>
			<trkpt lat="49.127722" lon="13.272985">
				<ele>1051.000000</ele>
			</trkpt>
			<trkpt lat="49.126811" lon="13.270524">
				<ele>1035.000000</ele>
			</trkpt>
			<trkpt lat="49.126481" lon="13.269589">
				<ele>1028.000000</ele>
			</trkpt>
			<trkpt lat="49.126288" lon="13.269105">
				<ele>1025.000000</ele>
			</trkpt>
			<trkpt lat="49.125952" lon="13.268333">
				<ele>1020.000000</ele>
			</trkpt>
			<trkpt lat="49.125553" lon="13.267470">
				<ele>1015.000000</ele>
			</trkpt>
			<trkpt lat="49.125429" lon="13.267218">
				<ele>1013.000000</ele>
			</trkpt>
			<trkpt lat="49.125306" lon="13.266913">
				<ele>1011.000000</ele>
			</trkpt>
			<trkpt lat="49.125206" lon="13.266643">
				<ele>1010.000000</ele>
			</trkpt>
			<trkpt lat="49.125112" lon="13.266373">
				<ele>1008.000000</ele>
			</trkpt>
			<trkpt lat="49.125036" lon="13.266104">
				<ele>1007.000000</ele>
			</trkpt>
			<trkpt lat="49.124959" lon="13.265817">
				<ele>1006.000000</ele>
			</trkpt>
			<trkpt lat="49.124759" lon="13.264937">
				<ele>1001.000000</ele>
			</trkpt>
			<trkpt lat="49.124641" lon="13.264496">
				<ele>998.000000</ele>
			</trkpt>
			<trkpt lat="49.124518" lon="13.264083">
				<ele>996.000000</ele>
			</trkpt>
			<trkpt lat="49.124371" lon="13.263715">
				<ele>993.000000</ele>
			</trkpt>
			<trkpt lat="49.124060" lon="13.262997">
				<ele>988.000000</ele>
			</trkpt>
			<trkpt lat="49.123918" lon="13.262637">
				<ele>985.000000</ele>
			</trkpt>
			<trkpt lat="49.123801" lon="13.262278">
				<ele>983.000000</ele>
			</trkpt>
			<trkpt lat="49.123754" lon="13.262089">
				<ele>981.000000</ele>
			</trkpt>
			<trkpt lat="49.123713" lon="13.261901">
				<ele>980.000000</ele>
			</trkpt>
			<trkpt lat="49.123642" lon="13.261343">
				<ele>977.000000</ele>
			</trkpt>
			<trkpt lat="49.123601" lon="13.261012">
				<ele>976.000000</ele>
			</trkpt>
			<trkpt lat="49.123560" lon="13.260580">
				<ele>973.000000</ele>
			</trkpt>
			<trkpt lat="49.123525" lon="13.260373">
				<ele>971.000000</ele>
			</trkpt>
			<trkpt lat="49.123495" lon="13.260167">
				<ele>970.000000</ele>
			</trkpt>
			<trkpt lat="49.123389" lon="13.259628">
				<ele>966.000000</ele>
			</trkpt>
			<trkpt lat="49.123290" lon="13.258999">
				<ele>962.000000</ele>
			</trkpt>
			<trkpt lat="49.123149" lon="13.258056">
				<ele>955.000000</ele>
			</trkpt>
			<trkpt lat="49.123107" lon="13.257741">
				<ele>952.000000</ele>
			</trkpt>
			<trkpt lat="49.123090" lon="13.257444">
				<ele>950.000000</ele>
			</trkpt>
			<trkpt lat="49.123066" lon="13.257184">
				<ele>948.000000</ele>
			</trkpt>
			<trkpt lat="49.123072" lon="13.256978">
				<ele>946.000000</ele>
			</trkpt>
			<trkpt lat="49.123125" lon="13.256205">
				<ele>941.000000</ele>
			</trkpt>
			<trkpt lat="49.123143" lon="13.255846">
				<ele>938.000000</ele>
			</trkpt>
			<trkpt lat="49.123143" lon="13.255559">
				<ele>936.000000</ele>
			</trkpt>
			<trkpt lat="49.123119" lon="13.255289">
				<ele>934.000000</ele>
			</trkpt>
			<trkpt lat="49.123060" lon="13.254920">
				<ele>932.000000</ele>
			</trkpt>
			<trkpt lat="49.122978" lon="13.254427">
				<ele>928.000000</ele>
			</trkpt>
			<trkpt lat="49.122937" lon="13.254049">
				<ele>925.000000</ele>
			</trkpt>
			<trkpt lat="49.122919" lon="13.253628">
				<ele>923.000000</ele>
			</trkpt>
			<trkpt lat="49.122931" lon="13.253133">
				<ele>920.000000</ele>
			</trkpt>
			<trkpt lat="49.122966" lon="13.252253">
				<ele>916.000000</ele>
			</trkpt>
			<trkpt lat="49.123007" lon="13.251552">
				<ele>914.000000</ele>
			</trkpt>
			<trkpt lat="49.123084" lon="13.250806">
				<ele>911.000000</ele>
			</trkpt>
			<trkpt lat="49.123190" lon="13.249944">
				<ele>907.000000</ele>
			</trkpt>
			<trkpt lat="49.123260" lon="13.249414">
				<ele>903.000000</ele>
			</trkpt>
			<trkpt lat="49.123336" lon="13.249028">
				<ele>900.000000</ele>
			</trkpt>
			<trkpt lat="49.123378" lon="13.248875">
				<ele>899.000000</ele>
			</trkpt>
			<trkpt lat="49.123430" lon="13.248722">
				<ele>898.000000</ele>
			</trkpt>
			<trkpt lat="49.123478" lon="13.248596">
				<ele>898.000000</ele>
			</trkpt>
			<trkpt lat="49.123536" lon="13.248488">
				<ele>897.000000</ele>
			</trkpt>
			<trkpt lat="49.123607" lon="13.248362">
				<ele>896.000000</ele>
			</trkpt>
			<trkpt lat="49.123825" lon="13.248030">
				<ele>894.000000</ele>
			</trkpt>
			<trkpt lat="49.123942" lon="13.247833">
				<ele>893.000000</ele>
			</trkpt>
			<trkpt lat="49.124112" lon="13.247509">
				<ele>891.000000</ele>
			</trkpt>
			<trkpt lat="49.124183" lon="13.247339">
				<ele>890.000000</ele>
			</trkpt>
			<trkpt lat="49.124236" lon="13.247204">
				<ele>889.000000</ele>
			</trkpt>
			<trkpt lat="49.124330" lon="13.246898">
				<ele>887.000000</ele>
			</trkpt>
			<trkpt lat="49.124413" lon="13.246512">
				<ele>885.000000</ele>
			</trkpt>
			<trkpt lat="49.124494" lon="13.246018">
				<ele>881.000000</ele>
			</trkpt>
			<trkpt lat="49.124653" lon="13.244985">
				<ele>874.000000</ele>
			</trkpt>
			<trkpt lat="49.124659" lon="13.244814">
				<ele>873.000000</ele>
			</trkpt>
			<trkpt lat="49.124647" lon="13.244626">
				<ele>872.000000</ele>
			</trkpt>
			<trkpt lat="49.124618" lon="13.244437">
				<ele>870.000000</ele>
			</trkpt>
			<trkpt lat="49.124577" lon="13.244257">
				<ele>869.000000</ele>
			</trkpt>
			<trkpt lat="49.124283" lon="13.243198">
				<ele>863.000000</ele>
			</trkpt>
			<trkpt lat="49.124189" lon="13.242820">
				<ele>862.000000</ele>
			</trkpt>
			<trkpt lat="49.124130" lon="13.242613">
				<ele>861.000000</ele>
			</trkpt>
			<trkpt lat="49.123931" lon="13.241787">
				<ele>855.000000</ele>
			</trkpt>
			<trkpt lat="49.123795" lon="13.241240">
				<ele>852.000000</ele>
			</trkpt>
			<trkpt lat="49.123701" lon="13.240808">
				<ele>849.000000</ele>
			</trkpt>
			<trkpt lat="49.123631" lon="13.240368">
				<ele>846.000000</ele>
			</trkpt>
			<trkpt lat="49.123589" lon="13.239946">
				<ele>844.000000</ele>
			</trkpt>
			<trkpt lat="49.123572" lon="13.239577">
				<ele>842.000000</ele>
			</trkpt>
			<trkpt lat="49.123578" lon="13.239209">
				<ele>840.000000</ele>
			</trkpt>
			<trkpt lat="49.123607" lon="13.238823">
				<ele>837.000000</ele>
			</trkpt>
			<trkpt lat="49.123654" lon="13.238427">
				<ele>835.000000</ele>
			</trkpt>
			<trkpt lat="49.123736" lon="13.237996">
				<ele>832.000000</ele>
			</trkpt>
			<trkpt lat="49.123831" lon="13.237619">
				<ele>830.000000</ele>
			</trkpt>
			<trkpt lat="49.123948" lon="13.237223">
				<ele>827.000000</ele>
			</trkpt>
			<trkpt lat="49.124089" lon="13.236774">
				<ele>825.000000</ele>
			</trkpt>
			<trkpt lat="49.124165" lon="13.236460">
				<ele>823.000000</ele>
			</trkpt>
			<trkpt lat="49.124254" lon="13.236056">
				<ele>821.000000</ele>
			</trkpt>
			<trkpt lat="49.124360" lon="13.235688">
				<ele>819.000000</ele>
			</trkpt>
			<trkpt lat="49.124518" lon="13.235148">
				<ele>816.000000</ele>
			</trkpt>
			<trkpt lat="49.124665" lon="13.234753">
				<ele>814.000000</ele>
			</trkpt>
			<trkpt lat="49.124847" lon="13.234259">
				<ele>811.000000</ele>
			</trkpt>
			<trkpt lat="49.124924" lon="13.234043">
				<ele>810.000000</ele>
			</trkpt>
			<trkpt lat="49.124994" lon="13.233810">
				<ele>809.000000</ele>
			</trkpt>
			<trkpt lat="49.125165" lon="13.233145">
				<ele>806.000000</ele>
			</trkpt>
			<trkpt lat="49.125259" lon="13.232751">
				<ele>805.000000</ele>
			</trkpt>
			<trkpt lat="49.125388" lon="13.232642">
				<ele>804.000000</ele>
			</trkpt>
			<trkpt lat="49.125559" lon="13.232535">
				<ele>804.000000</ele>
			</trkpt>
			<trkpt lat="49.125870" lon="13.232355">
				<ele>804.000000</ele>
			</trkpt>
			<trkpt lat="49.126247" lon="13.232193">
				<ele>803.000000</ele>
			</trkpt>
			<trkpt lat="49.126729" lon="13.232040">
				<ele>802.000000</ele>
			</trkpt>
			<trkpt lat="49.126982" lon="13.231959">
				<ele>802.000000</ele>
			</trkpt>
			<trkpt lat="49.127369" lon="13.231852">
				<ele>801.000000</ele>
			</trkpt>
			<trkpt lat="49.127511" lon="13.231806">
				<ele>801.000000</ele>
			</trkpt>
			<trkpt lat="49.127745" lon="13.231726">
				<ele>800.000000</ele>
			</trkpt>
			<trkpt lat="49.127957" lon="13.231627">
				<ele>800.000000</ele>
			</trkpt>
			<trkpt lat="49.128339" lon="13.231430">
				<ele>798.000000</ele>
			</trkpt>
			<trkpt lat="49.128457" lon="13.231357">
				<ele>798.000000</ele>
			</trkpt>
			<trkpt lat="49.128574" lon="13.231267">
				<ele>797.000000</ele>
			</trkpt>
			<trkpt lat="49.128757" lon="13.231116">
				<ele>796.000000</ele>
			</trkpt>
			<trkpt lat="49.128822" lon="13.231043">
				<ele>796.000000</ele>
			</trkpt>
			<trkpt lat="49.129045" lon="13.230854">
				<ele>795.000000</ele>
			</trkpt>
			<trkpt lat="49.129139" lon="13.230774">
				<ele>794.000000</ele>
			</trkpt>
			<trkpt lat="49.129239" lon="13.230711">
				<ele>794.000000</ele>
			</trkpt>
			<trkpt lat="49.129326" lon="13.230667">
				<ele>793.000000</ele>
			</trkpt>
			<trkpt lat="49.129426" lon="13.230648">
				<ele>793.000000</ele>
			</trkpt>
			<trkpt lat="49.129526" lon="13.230640">
				<ele>792.000000</ele>
			</trkpt>
			<trkpt lat="49.129609" lon="13.230648">
				<ele>792.000000</ele>
			</trkpt>
			<trkpt lat="49.130021" lon="13.230728">
				<ele>790.000000</ele>
			</trkpt>
			<trkpt lat="49.130308" lon="13.230801">
				<ele>789.000000</ele>
			</trkpt>
			<trkpt lat="49.130690" lon="13.230927">
				<ele>787.000000</ele>
			</trkpt>
			<trkpt lat="49.130773" lon="13.230971">
				<ele>786.000000</ele>
			</trkpt>
			<trkpt lat="49.130920" lon="13.231088">
				<ele>785.000000</ele>
			</trkpt>
			<trkpt lat="49.131043" lon="13.231214">
				<ele>785.000000</ele>
			</trkpt>
			<trkpt lat="49.131166" lon="13.231340">
				<ele>784.000000</ele>
			</trkpt>
			<trkpt lat="49.131502" lon="13.231753">
				<ele>781.000000</ele>
			</trkpt>
			<trkpt lat="49.131678" lon="13.231942">
				<ele>780.000000</ele>
			</trkpt>
			<trkpt lat="49.131761" lon="13.232005">
				<ele>780.000000</ele>
			</trkpt>
			<trkpt lat="49.131848" lon="13.232059">
				<ele>779.000000</ele>
			</trkpt>
			<trkpt lat="49.131948" lon="13.232085">
				<ele>779.000000</ele>
			</trkpt>
			<trkpt lat="49.132060" lon="13.232095">
				<ele>778.000000</ele>
			</trkpt>
			<trkpt lat="49.132184" lon="13.232076">
				<ele>777.000000</ele>
			</trkpt>
			<trkpt lat="49.132325" lon="13.232040">
				<ele>777.000000</ele>
			</trkpt>
			<trkpt lat="49.132524" lon="13.231978">
				<ele>775.000000</ele>
			</trkpt>
			<trkpt lat="49.132695" lon="13.231906">
				<ele>774.000000</ele>
			</trkpt>
			<trkpt lat="49.133230" lon="13.231646">
				<ele>770.000000</ele>
			</trkpt>
			<trkpt lat="49.133283" lon="13.231609">
				<ele>768.000000</ele>
			</trkpt>
			<trkpt lat="49.133347" lon="13.231592">
				<ele>765.000000</ele>
			</trkpt>
			<trkpt lat="49.133471" lon="13.231619">
				<ele>765.000000</ele>
			</trkpt>
			<trkpt lat="49.133553" lon="13.231672">
				<ele>765.000000</ele>
			</trkpt>
			<trkpt lat="49.133635" lon="13.231762">
				<ele>765.000000</ele>
			</trkpt>
			<trkpt lat="49.133712" lon="13.231869">
				<ele>765.000000</ele>
			</trkpt>
			<trkpt lat="49.133941" lon="13.232248">
				<ele>765.000000</ele>
			</trkpt>
			<trkpt lat="49.133970" lon="13.232275">
				<ele>765.000000</ele>
			</trkpt>
			<trkpt lat="49.134006" lon="13.232283">
				<ele>765.000000</ele>
			</trkpt>
			<trkpt lat="49.134029" lon="13.232283">
				<ele>765.000000</ele>
			</trkpt>
			<trkpt lat="49.134076" lon="13.232265">
				<ele>765.000000</ele>
			</trkpt>
			<trkpt lat="49.134135" lon="13.232229">
				<ele>765.000000</ele>
			</trkpt>
			<trkpt lat="49.134205" lon="13.232112">
				<ele>764.000000</ele>
			</trkpt>
			<trkpt lat="49.134293" lon="13.232265">
				<ele>764.000000</ele>
			</trkpt>
			<trkpt lat="49.134411" lon="13.232571">
				<ele>765.000000</ele>
			</trkpt>
			<trkpt lat="49.134470" lon="13.232696">
				<ele>765.000000</ele>
			</trkpt>
			<trkpt lat="49.134523" lon="13.232777">
				<ele>765.000000</ele>
			</trkpt>
			<trkpt lat="49.134599" lon="13.232885">
				<ele>765.000000</ele>
			</trkpt>
			<trkpt lat="49.134652" lon="13.232948">
				<ele>765.000000</ele>
			</trkpt>
			<trkpt lat="49.134717" lon="13.233001">
				<ele>765.000000</ele>
			</trkpt>
			<trkpt lat="49.134781" lon="13.233038">
				<ele>765.000000</ele>
			</trkpt>
			<trkpt lat="49.134887" lon="13.233091">
				<ele>765.000000</ele>
			</trkpt>
			<trkpt lat="49.134981" lon="13.233172">
				<ele>765.000000</ele>
			</trkpt>
			<trkpt lat="49.135064" lon="13.233244">
				<ele>765.000000</ele>
			</trkpt>
			<trkpt lat="49.135228" lon="13.233477">
				<ele>765.000000</ele>
			</trkpt>
			<trkpt lat="49.135440" lon="13.233676">
				<ele>765.000000</ele>
			</trkpt>
			<trkpt lat="49.135575" lon="13.233766">
				<ele>765.000000</ele>
			</trkpt>
			<trkpt lat="49.135657" lon="13.233801">
				<ele>765.000000</ele>
			</trkpt>
			<trkpt lat="49.136133" lon="13.233980">
				<ele>765.000000</ele>
			</trkpt>
			<trkpt lat="49.136397" lon="13.234133">
				<ele>765.000000</ele>
			</trkpt>
			<trkpt lat="49.136509" lon="13.234214">
				<ele>765.000000</ele>
			</trkpt>
			<trkpt lat="49.136609" lon="13.234233">
				<ele>765.000000</ele>
			</trkpt>
			<trkpt lat="49.136715" lon="13.234259">
				<ele>766.000000</ele>
			</trkpt>
			<trkpt lat="49.136856" lon="13.234250">
				<ele>767.000000</ele>
			</trkpt>
			<trkpt lat="49.137039" lon="13.234250">
				<ele>769.000000</ele>
			</trkpt>
			<trkpt lat="49.137209" lon="13.234242">
				<ele>770.000000</ele>
			</trkpt>
			<trkpt lat="49.137220" lon="13.234510">
				<ele>770.000000</ele>
			</trkpt>
			<trkpt lat="49.137232" lon="13.234690">
				<ele>771.000000</ele>
			</trkpt>
			<trkpt lat="49.137073" lon="13.234709">
				<ele>770.000000</ele>
			</trkpt>
			<trkpt lat="49.137032" lon="13.235005">
				<ele>769.000000</ele>
			</trkpt>
			<trkpt lat="49.137026" lon="13.235059">
				<ele>769.000000</ele>
			</trkpt>
			<trkpt lat="49.137015" lon="13.235185">
				<ele>769.000000</ele>
			</trkpt>
			<trkpt lat="49.137044" lon="13.235301">
				<ele>770.000000</ele>
			</trkpt>
			<trkpt lat="49.137056" lon="13.235374">
				<ele>770.000000</ele>
			</trkpt>
			<trkpt lat="49.137132" lon="13.235741">
				<ele>770.000000</ele>
			</trkpt>
			<trkpt lat="49.137179" lon="13.235904">
				<ele>771.000000</ele>
			</trkpt>
			<trkpt lat="49.137138" lon="13.236028">
				<ele>770.000000</ele>
			</trkpt>
			<trkpt lat="49.137085" lon="13.236127">
				<ele>770.000000</ele>
			</trkpt>
			<trkpt lat="49.137032" lon="13.236164">
				<ele>770.000000</ele>
			</trkpt>
			<trkpt lat="49.136968" lon="13.236200">
				<ele>770.000000</ele>
			</trkpt>
			<trkpt lat="49.136927" lon="13.236181">
				<ele>770.000000</ele>
			</trkpt>
			<trkpt lat="49.136744" lon="13.236191">
				<ele>770.000000</ele>
			</trkpt>
			<trkpt lat="49.136574" lon="13.236208">
				<ele>770.000000</ele>
			</trkpt>
			<trkpt lat="49.136469" lon="13.236254">
				<ele>770.000000</ele>
			</trkpt>
			<trkpt lat="49.136374" lon="13.236298">
				<ele>770.000000</ele>
			</trkpt>
			<trkpt lat="49.136286" lon="13.236388">
				<ele>770.000000</ele>
			</trkpt>
			<trkpt lat="49.136198" lon="13.236496">
				<ele>770.000000</ele>
			</trkpt>
			<trkpt lat="49.136139" lon="13.236613">
				<ele>771.000000</ele>
			</trkpt>
			<trkpt lat="49.136216" lon="13.236756">
				<ele>771.000000</ele>
			</trkpt>
		</trkseg>
	</trk>
</gpx>

