<?xml version="1.0" encoding="utf-8"?>
<gpx xmlns="http://www.topografix.com/GPX/1/1" version="1.1" creator="https://mapy.cz/">
	<trk>
		<name>1. Nejsevernější bod ČR -  Šluknov</name>
		<trkseg>
			<trkpt lat="51.055727" lon="14.315517">
				<ele>433.000000</ele>
			</trkpt>
			<trkpt lat="51.055727" lon="14.315534">
				<ele>433.000000</ele>
			</trkpt>
			<trkpt lat="51.055704" lon="14.315876">
				<ele>435.000000</ele>
			</trkpt>
			<trkpt lat="51.055676" lon="14.316136">
				<ele>435.000000</ele>
			</trkpt>
			<trkpt lat="51.055636" lon="14.316379">
				<ele>432.000000</ele>
			</trkpt>
			<trkpt lat="51.055557" lon="14.316676">
				<ele>431.000000</ele>
			</trkpt>
			<trkpt lat="51.055517" lon="14.316810">
				<ele>435.000000</ele>
			</trkpt>
			<trkpt lat="51.055484" lon="14.316909">
				<ele>432.000000</ele>
			</trkpt>
			<trkpt lat="51.055433" lon="14.316989">
				<ele>431.000000</ele>
			</trkpt>
			<trkpt lat="51.055370" lon="14.317079">
				<ele>431.000000</ele>
			</trkpt>
			<trkpt lat="51.055286" lon="14.317178">
				<ele>431.000000</ele>
			</trkpt>
			<trkpt lat="51.055100" lon="14.317368">
				<ele>429.000000</ele>
			</trkpt>
			<trkpt lat="51.055009" lon="14.317484">
				<ele>431.000000</ele>
			</trkpt>
			<trkpt lat="51.054941" lon="14.317601">
				<ele>437.000000</ele>
			</trkpt>
			<trkpt lat="51.054868" lon="14.317727">
				<ele>435.000000</ele>
			</trkpt>
			<trkpt lat="51.054806" lon="14.317915">
				<ele>430.000000</ele>
			</trkpt>
			<trkpt lat="51.054772" lon="14.317987">
				<ele>432.000000</ele>
			</trkpt>
			<trkpt lat="51.054744" lon="14.318031">
				<ele>435.000000</ele>
			</trkpt>
			<trkpt lat="51.054676" lon="14.318104">
				<ele>426.000000</ele>
			</trkpt>
			<trkpt lat="51.054591" lon="14.318148">
				<ele>426.000000</ele>
			</trkpt>
			<trkpt lat="51.054394" lon="14.318220">
				<ele>426.000000</ele>
			</trkpt>
			<trkpt lat="51.054286" lon="14.318293">
				<ele>425.000000</ele>
			</trkpt>
			<trkpt lat="51.054218" lon="14.318320">
				<ele>424.000000</ele>
			</trkpt>
			<trkpt lat="51.054145" lon="14.318355">
				<ele>424.000000</ele>
			</trkpt>
			<trkpt lat="51.054083" lon="14.318337">
				<ele>424.000000</ele>
			</trkpt>
			<trkpt lat="51.053908" lon="14.318301">
				<ele>424.000000</ele>
			</trkpt>
			<trkpt lat="51.053863" lon="14.318301">
				<ele>424.000000</ele>
			</trkpt>
			<trkpt lat="51.053812" lon="14.318310">
				<ele>424.000000</ele>
			</trkpt>
			<trkpt lat="51.053779" lon="14.318347">
				<ele>424.000000</ele>
			</trkpt>
			<trkpt lat="51.053739" lon="14.318391">
				<ele>423.000000</ele>
			</trkpt>
			<trkpt lat="51.053677" lon="14.318490">
				<ele>422.000000</ele>
			</trkpt>
			<trkpt lat="51.053586" lon="14.318706">
				<ele>422.000000</ele>
			</trkpt>
			<trkpt lat="51.053535" lon="14.318823">
				<ele>421.000000</ele>
			</trkpt>
			<trkpt lat="51.053394" lon="14.319073">
				<ele>424.000000</ele>
			</trkpt>
			<trkpt lat="51.053292" lon="14.319280">
				<ele>420.000000</ele>
			</trkpt>
			<trkpt lat="51.053231" lon="14.319397">
				<ele>421.000000</ele>
			</trkpt>
			<trkpt lat="51.053168" lon="14.319496">
				<ele>422.000000</ele>
			</trkpt>
			<trkpt lat="51.053117" lon="14.319613">
				<ele>420.000000</ele>
			</trkpt>
			<trkpt lat="51.053089" lon="14.319712">
				<ele>420.000000</ele>
			</trkpt>
			<trkpt lat="51.053056" lon="14.319855">
				<ele>420.000000</ele>
			</trkpt>
			<trkpt lat="51.053022" lon="14.320026">
				<ele>421.000000</ele>
			</trkpt>
			<trkpt lat="51.052959" lon="14.320152">
				<ele>421.000000</ele>
			</trkpt>
			<trkpt lat="51.052886" lon="14.320268">
				<ele>420.000000</ele>
			</trkpt>
			<trkpt lat="51.052683" lon="14.320511">
				<ele>419.000000</ele>
			</trkpt>
			<trkpt lat="51.052502" lon="14.320790">
				<ele>419.000000</ele>
			</trkpt>
			<trkpt lat="51.052361" lon="14.321050">
				<ele>419.000000</ele>
			</trkpt>
			<trkpt lat="51.052254" lon="14.321274">
				<ele>420.000000</ele>
			</trkpt>
			<trkpt lat="51.051971" lon="14.321949">
				<ele>417.000000</ele>
			</trkpt>
			<trkpt lat="51.051921" lon="14.322056">
				<ele>417.000000</ele>
			</trkpt>
			<trkpt lat="51.051864" lon="14.322136">
				<ele>415.000000</ele>
			</trkpt>
			<trkpt lat="51.051757" lon="14.322272">
				<ele>415.000000</ele>
			</trkpt>
			<trkpt lat="51.051638" lon="14.322371">
				<ele>414.000000</ele>
			</trkpt>
			<trkpt lat="51.051344" lon="14.322559">
				<ele>415.000000</ele>
			</trkpt>
			<trkpt lat="51.051294" lon="14.322605">
				<ele>415.000000</ele>
			</trkpt>
			<trkpt lat="51.051249" lon="14.322658">
				<ele>415.000000</ele>
			</trkpt>
			<trkpt lat="51.051220" lon="14.322721">
				<ele>415.000000</ele>
			</trkpt>
			<trkpt lat="51.051192" lon="14.322792">
				<ele>414.000000</ele>
			</trkpt>
			<trkpt lat="51.051158" lon="14.322964">
				<ele>416.000000</ele>
			</trkpt>
			<trkpt lat="51.051113" lon="14.323323">
				<ele>415.000000</ele>
			</trkpt>
			<trkpt lat="51.051079" lon="14.323547">
				<ele>425.000000</ele>
			</trkpt>
			<trkpt lat="51.051039" lon="14.323736">
				<ele>422.000000</ele>
			</trkpt>
			<trkpt lat="51.050983" lon="14.323924">
				<ele>418.000000</ele>
			</trkpt>
			<trkpt lat="51.050904" lon="14.324104">
				<ele>419.000000</ele>
			</trkpt>
			<trkpt lat="51.050831" lon="14.324247">
				<ele>419.000000</ele>
			</trkpt>
			<trkpt lat="51.050729" lon="14.324392">
				<ele>420.000000</ele>
			</trkpt>
			<trkpt lat="51.050622" lon="14.324526">
				<ele>420.000000</ele>
			</trkpt>
			<trkpt lat="51.050475" lon="14.324670">
				<ele>420.000000</ele>
			</trkpt>
			<trkpt lat="51.050379" lon="14.324769">
				<ele>422.000000</ele>
			</trkpt>
			<trkpt lat="51.050300" lon="14.324868">
				<ele>422.000000</ele>
			</trkpt>
			<trkpt lat="51.050227" lon="14.324985">
				<ele>422.000000</ele>
			</trkpt>
			<trkpt lat="51.050136" lon="14.325155">
				<ele>422.000000</ele>
			</trkpt>
			<trkpt lat="51.050046" lon="14.325344">
				<ele>422.000000</ele>
			</trkpt>
			<trkpt lat="51.049950" lon="14.325559">
				<ele>424.000000</ele>
			</trkpt>
			<trkpt lat="51.049803" lon="14.325945">
				<ele>427.000000</ele>
			</trkpt>
			<trkpt lat="51.049667" lon="14.326234">
				<ele>421.000000</ele>
			</trkpt>
			<trkpt lat="51.049549" lon="14.326440">
				<ele>419.000000</ele>
			</trkpt>
			<trkpt lat="51.049470" lon="14.326566">
				<ele>417.000000</ele>
			</trkpt>
			<trkpt lat="51.049374" lon="14.326656">
				<ele>416.000000</ele>
			</trkpt>
			<trkpt lat="51.049255" lon="14.326727">
				<ele>415.000000</ele>
			</trkpt>
			<trkpt lat="51.048871" lon="14.326907">
				<ele>407.000000</ele>
			</trkpt>
			<trkpt lat="51.048595" lon="14.326997">
				<ele>405.000000</ele>
			</trkpt>
			<trkpt lat="51.048306" lon="14.327069">
				<ele>405.000000</ele>
			</trkpt>
			<trkpt lat="51.048024" lon="14.327105">
				<ele>410.000000</ele>
			</trkpt>
			<trkpt lat="51.047764" lon="14.327132">
				<ele>411.000000</ele>
			</trkpt>
			<trkpt lat="51.047341" lon="14.327140">
				<ele>409.000000</ele>
			</trkpt>
			<trkpt lat="51.047341" lon="14.327140">
				<ele>409.000000</ele>
			</trkpt>
			<trkpt lat="51.047341" lon="14.327140">
				<ele>409.000000</ele>
			</trkpt>
			<trkpt lat="51.047290" lon="14.327069">
				<ele>411.000000</ele>
			</trkpt>
			<trkpt lat="51.047245" lon="14.327023">
				<ele>411.000000</ele>
			</trkpt>
			<trkpt lat="51.047188" lon="14.326997">
				<ele>411.000000</ele>
			</trkpt>
			<trkpt lat="51.047143" lon="14.326970">
				<ele>411.000000</ele>
			</trkpt>
			<trkpt lat="51.047092" lon="14.326970">
				<ele>411.000000</ele>
			</trkpt>
			<trkpt lat="51.047047" lon="14.326987">
				<ele>412.000000</ele>
			</trkpt>
			<trkpt lat="51.046991" lon="14.327015">
				<ele>412.000000</ele>
			</trkpt>
			<trkpt lat="51.046940" lon="14.327060">
				<ele>412.000000</ele>
			</trkpt>
			<trkpt lat="51.046544" lon="14.327725">
				<ele>417.000000</ele>
			</trkpt>
			<trkpt lat="51.045816" lon="14.328847">
				<ele>427.000000</ele>
			</trkpt>
			<trkpt lat="51.045477" lon="14.329396">
				<ele>433.000000</ele>
			</trkpt>
			<trkpt lat="51.045432" lon="14.329467">
				<ele>433.000000</ele>
			</trkpt>
			<trkpt lat="51.045381" lon="14.329620">
				<ele>434.000000</ele>
			</trkpt>
			<trkpt lat="51.045341" lon="14.329692">
				<ele>434.000000</ele>
			</trkpt>
			<trkpt lat="51.045155" lon="14.329952">
				<ele>438.000000</ele>
			</trkpt>
			<trkpt lat="51.044997" lon="14.330159">
				<ele>440.000000</ele>
			</trkpt>
			<trkpt lat="51.044827" lon="14.330348">
				<ele>444.000000</ele>
			</trkpt>
			<trkpt lat="51.044573" lon="14.330591">
				<ele>446.000000</ele>
			</trkpt>
			<trkpt lat="51.044494" lon="14.330662">
				<ele>448.000000</ele>
			</trkpt>
			<trkpt lat="51.044342" lon="14.330707">
				<ele>450.000000</ele>
			</trkpt>
			<trkpt lat="51.044235" lon="14.330725">
				<ele>452.000000</ele>
			</trkpt>
			<trkpt lat="51.044025" lon="14.330769">
				<ele>456.000000</ele>
			</trkpt>
			<trkpt lat="51.043850" lon="14.330769">
				<ele>458.000000</ele>
			</trkpt>
			<trkpt lat="51.043760" lon="14.330805">
				<ele>459.000000</ele>
			</trkpt>
			<trkpt lat="51.043568" lon="14.330859">
				<ele>462.000000</ele>
			</trkpt>
			<trkpt lat="51.043291" lon="14.331004">
				<ele>466.000000</ele>
			</trkpt>
			<trkpt lat="51.043246" lon="14.331039">
				<ele>466.000000</ele>
			</trkpt>
			<trkpt lat="51.043195" lon="14.331084">
				<ele>466.000000</ele>
			</trkpt>
			<trkpt lat="51.043133" lon="14.331138">
				<ele>467.000000</ele>
			</trkpt>
			<trkpt lat="51.043088" lon="14.331192">
				<ele>467.000000</ele>
			</trkpt>
			<trkpt lat="51.042963" lon="14.331408">
				<ele>469.000000</ele>
			</trkpt>
			<trkpt lat="51.042902" lon="14.331497">
				<ele>469.000000</ele>
			</trkpt>
			<trkpt lat="51.042619" lon="14.331830">
				<ele>469.000000</ele>
			</trkpt>
			<trkpt lat="51.042382" lon="14.332109">
				<ele>472.000000</ele>
			</trkpt>
			<trkpt lat="51.042077" lon="14.332423">
				<ele>473.000000</ele>
			</trkpt>
			<trkpt lat="51.041524" lon="14.332916">
				<ele>468.000000</ele>
			</trkpt>
			<trkpt lat="51.041235" lon="14.333195">
				<ele>469.000000</ele>
			</trkpt>
			<trkpt lat="51.040270" lon="14.334174">
				<ele>468.000000</ele>
			</trkpt>
			<trkpt lat="51.039790" lon="14.334677">
				<ele>462.000000</ele>
			</trkpt>
			<trkpt lat="51.039750" lon="14.334740">
				<ele>461.000000</ele>
			</trkpt>
			<trkpt lat="51.039704" lon="14.334794">
				<ele>460.000000</ele>
			</trkpt>
			<trkpt lat="51.039405" lon="14.335629">
				<ele>448.000000</ele>
			</trkpt>
			<trkpt lat="51.039173" lon="14.336214">
				<ele>442.000000</ele>
			</trkpt>
			<trkpt lat="51.039123" lon="14.336375">
				<ele>442.000000</ele>
			</trkpt>
			<trkpt lat="51.039077" lon="14.336573">
				<ele>450.000000</ele>
			</trkpt>
			<trkpt lat="51.039055" lon="14.336761">
				<ele>444.000000</ele>
			</trkpt>
			<trkpt lat="51.038660" lon="14.338989">
				<ele>428.000000</ele>
			</trkpt>
			<trkpt lat="51.038467" lon="14.340094">
				<ele>420.000000</ele>
			</trkpt>
			<trkpt lat="51.038462" lon="14.340220">
				<ele>420.000000</ele>
			</trkpt>
			<trkpt lat="51.038450" lon="14.340445">
				<ele>420.000000</ele>
			</trkpt>
			<trkpt lat="51.038485" lon="14.340929">
				<ele>422.000000</ele>
			</trkpt>
			<trkpt lat="51.038518" lon="14.341316">
				<ele>427.000000</ele>
			</trkpt>
			<trkpt lat="51.038558" lon="14.341684">
				<ele>437.000000</ele>
			</trkpt>
			<trkpt lat="51.038625" lon="14.342115">
				<ele>440.000000</ele>
			</trkpt>
			<trkpt lat="51.038705" lon="14.342457">
				<ele>445.000000</ele>
			</trkpt>
			<trkpt lat="51.038761" lon="14.342726">
				<ele>450.000000</ele>
			</trkpt>
			<trkpt lat="51.038818" lon="14.343040">
				<ele>454.000000</ele>
			</trkpt>
			<trkpt lat="51.038863" lon="14.343382">
				<ele>466.000000</ele>
			</trkpt>
			<trkpt lat="51.038886" lon="14.343625">
				<ele>468.000000</ele>
			</trkpt>
			<trkpt lat="51.038902" lon="14.343822">
				<ele>470.000000</ele>
			</trkpt>
			<trkpt lat="51.038919" lon="14.344550">
				<ele>458.000000</ele>
			</trkpt>
			<trkpt lat="51.038947" lon="14.344910">
				<ele>457.000000</ele>
			</trkpt>
			<trkpt lat="51.038965" lon="14.345035">
				<ele>456.000000</ele>
			</trkpt>
			<trkpt lat="51.039004" lon="14.345179">
				<ele>455.000000</ele>
			</trkpt>
			<trkpt lat="51.039026" lon="14.345214">
				<ele>456.000000</ele>
			</trkpt>
			<trkpt lat="51.039185" lon="14.345359">
				<ele>457.000000</ele>
			</trkpt>
			<trkpt lat="51.039433" lon="14.345529">
				<ele>453.000000</ele>
			</trkpt>
			<trkpt lat="51.039823" lon="14.345780">
				<ele>454.000000</ele>
			</trkpt>
			<trkpt lat="51.040699" lon="14.346346">
				<ele>450.000000</ele>
			</trkpt>
			<trkpt lat="51.041230" lon="14.346724">
				<ele>453.000000</ele>
			</trkpt>
			<trkpt lat="51.041422" lon="14.346868">
				<ele>454.000000</ele>
			</trkpt>
			<trkpt lat="51.041359" lon="14.347084">
				<ele>449.000000</ele>
			</trkpt>
			<trkpt lat="51.041343" lon="14.347182">
				<ele>449.000000</ele>
			</trkpt>
			<trkpt lat="51.041343" lon="14.347298">
				<ele>454.000000</ele>
			</trkpt>
			<trkpt lat="51.041359" lon="14.347478">
				<ele>452.000000</ele>
			</trkpt>
			<trkpt lat="51.041382" lon="14.347820">
				<ele>455.000000</ele>
			</trkpt>
			<trkpt lat="51.041399" lon="14.347963">
				<ele>458.000000</ele>
			</trkpt>
			<trkpt lat="51.041427" lon="14.348107">
				<ele>460.000000</ele>
			</trkpt>
			<trkpt lat="51.041484" lon="14.348269">
				<ele>454.000000</ele>
			</trkpt>
			<trkpt lat="51.041681" lon="14.348745">
				<ele>457.000000</ele>
			</trkpt>
			<trkpt lat="51.041890" lon="14.349203">
				<ele>453.000000</ele>
			</trkpt>
			<trkpt lat="51.042438" lon="14.350263">
				<ele>456.000000</ele>
			</trkpt>
			<trkpt lat="51.042692" lon="14.350803">
				<ele>456.000000</ele>
			</trkpt>
			<trkpt lat="51.042783" lon="14.351019">
				<ele>455.000000</ele>
			</trkpt>
			<trkpt lat="51.042839" lon="14.351242">
				<ele>458.000000</ele>
			</trkpt>
			<trkpt lat="51.043229" lon="14.353147">
				<ele>458.000000</ele>
			</trkpt>
			<trkpt lat="51.043257" lon="14.353336">
				<ele>461.000000</ele>
			</trkpt>
			<trkpt lat="51.043286" lon="14.353506">
				<ele>458.000000</ele>
			</trkpt>
			<trkpt lat="51.043286" lon="14.353757">
				<ele>457.000000</ele>
			</trkpt>
			<trkpt lat="51.043274" lon="14.353929">
				<ele>455.000000</ele>
			</trkpt>
			<trkpt lat="51.043223" lon="14.354306">
				<ele>455.000000</ele>
			</trkpt>
			<trkpt lat="51.043189" lon="14.354621">
				<ele>453.000000</ele>
			</trkpt>
			<trkpt lat="51.043128" lon="14.355007">
				<ele>458.000000</ele>
			</trkpt>
			<trkpt lat="51.043060" lon="14.355447">
				<ele>454.000000</ele>
			</trkpt>
			<trkpt lat="51.043032" lon="14.355573">
				<ele>451.000000</ele>
			</trkpt>
			<trkpt lat="51.043037" lon="14.355663">
				<ele>451.000000</ele>
			</trkpt>
			<trkpt lat="51.043037" lon="14.355743">
				<ele>451.000000</ele>
			</trkpt>
			<trkpt lat="51.043042" lon="14.355833">
				<ele>450.000000</ele>
			</trkpt>
			<trkpt lat="51.043099" lon="14.356057">
				<ele>454.000000</ele>
			</trkpt>
			<trkpt lat="51.043167" lon="14.356353">
				<ele>454.000000</ele>
			</trkpt>
			<trkpt lat="51.043246" lon="14.356669">
				<ele>451.000000</ele>
			</trkpt>
			<trkpt lat="51.043494" lon="14.357684">
				<ele>447.000000</ele>
			</trkpt>
			<trkpt lat="51.043580" lon="14.357935">
				<ele>449.000000</ele>
			</trkpt>
			<trkpt lat="51.043675" lon="14.358231">
				<ele>447.000000</ele>
			</trkpt>
			<trkpt lat="51.043980" lon="14.358969">
				<ele>446.000000</ele>
			</trkpt>
			<trkpt lat="51.044816" lon="14.360881">
				<ele>451.000000</ele>
			</trkpt>
			<trkpt lat="51.045279" lon="14.362022">
				<ele>443.000000</ele>
			</trkpt>
			<trkpt lat="51.045301" lon="14.362076">
				<ele>444.000000</ele>
			</trkpt>
			<trkpt lat="51.045291" lon="14.362148">
				<ele>440.000000</ele>
			</trkpt>
			<trkpt lat="51.044969" lon="14.362777">
				<ele>443.000000</ele>
			</trkpt>
			<trkpt lat="51.044364" lon="14.364034">
				<ele>441.000000</ele>
			</trkpt>
			<trkpt lat="51.044048" lon="14.364663">
				<ele>437.000000</ele>
			</trkpt>
			<trkpt lat="51.043879" lon="14.364959">
				<ele>435.000000</ele>
			</trkpt>
			<trkpt lat="51.043692" lon="14.365283">
				<ele>432.000000</ele>
			</trkpt>
			<trkpt lat="51.043415" lon="14.365724">
				<ele>429.000000</ele>
			</trkpt>
			<trkpt lat="51.043263" lon="14.365984">
				<ele>428.000000</ele>
			</trkpt>
			<trkpt lat="51.043122" lon="14.366263">
				<ele>427.000000</ele>
			</trkpt>
			<trkpt lat="51.042969" lon="14.366577">
				<ele>428.000000</ele>
			</trkpt>
			<trkpt lat="51.042935" lon="14.366657">
				<ele>428.000000</ele>
			</trkpt>
			<trkpt lat="51.042907" lon="14.366756">
				<ele>428.000000</ele>
			</trkpt>
			<trkpt lat="51.042834" lon="14.367089">
				<ele>431.000000</ele>
			</trkpt>
			<trkpt lat="51.042800" lon="14.367215">
				<ele>428.000000</ele>
			</trkpt>
			<trkpt lat="51.042613" lon="14.367835">
				<ele>432.000000</ele>
			</trkpt>
			<trkpt lat="51.042387" lon="14.368508">
				<ele>437.000000</ele>
			</trkpt>
			<trkpt lat="51.042161" lon="14.369154">
				<ele>436.000000</ele>
			</trkpt>
			<trkpt lat="51.042020" lon="14.369541">
				<ele>436.000000</ele>
			</trkpt>
			<trkpt lat="51.041879" lon="14.369900">
				<ele>435.000000</ele>
			</trkpt>
			<trkpt lat="51.041704" lon="14.370296">
				<ele>437.000000</ele>
			</trkpt>
			<trkpt lat="51.041613" lon="14.370412">
				<ele>435.000000</ele>
			</trkpt>
			<trkpt lat="51.040710" lon="14.371508">
				<ele>431.000000</ele>
			</trkpt>
			<trkpt lat="51.040275" lon="14.372074">
				<ele>433.000000</ele>
			</trkpt>
			<trkpt lat="51.040060" lon="14.372362">
				<ele>434.000000</ele>
			</trkpt>
			<trkpt lat="51.039648" lon="14.372955">
				<ele>432.000000</ele>
			</trkpt>
			<trkpt lat="51.039383" lon="14.373296">
				<ele>434.000000</ele>
			</trkpt>
			<trkpt lat="51.039309" lon="14.373385">
				<ele>434.000000</ele>
			</trkpt>
			<trkpt lat="51.039185" lon="14.373548">
				<ele>435.000000</ele>
			</trkpt>
			<trkpt lat="51.038953" lon="14.373799">
				<ele>438.000000</ele>
			</trkpt>
			<trkpt lat="51.038744" lon="14.374006">
				<ele>441.000000</ele>
			</trkpt>
			<trkpt lat="51.038648" lon="14.374131">
				<ele>442.000000</ele>
			</trkpt>
			<trkpt lat="51.038648" lon="14.374194">
				<ele>442.000000</ele>
			</trkpt>
			<trkpt lat="51.038660" lon="14.374248">
				<ele>444.000000</ele>
			</trkpt>
			<trkpt lat="51.038727" lon="14.374446">
				<ele>441.000000</ele>
			</trkpt>
			<trkpt lat="51.038897" lon="14.374833">
				<ele>448.000000</ele>
			</trkpt>
			<trkpt lat="51.038987" lon="14.375075">
				<ele>450.000000</ele>
			</trkpt>
			<trkpt lat="51.039094" lon="14.375496">
				<ele>446.000000</ele>
			</trkpt>
			<trkpt lat="51.039224" lon="14.376054">
				<ele>440.000000</ele>
			</trkpt>
			<trkpt lat="51.039236" lon="14.376108">
				<ele>440.000000</ele>
			</trkpt>
			<trkpt lat="51.039224" lon="14.376198">
				<ele>440.000000</ele>
			</trkpt>
			<trkpt lat="51.039202" lon="14.376467">
				<ele>440.000000</ele>
			</trkpt>
			<trkpt lat="51.039128" lon="14.377043">
				<ele>439.000000</ele>
			</trkpt>
			<trkpt lat="51.039004" lon="14.378183">
				<ele>442.000000</ele>
			</trkpt>
			<trkpt lat="51.038823" lon="14.379737">
				<ele>449.000000</ele>
			</trkpt>
			<trkpt lat="51.038699" lon="14.380770">
				<ele>455.000000</ele>
			</trkpt>
			<trkpt lat="51.038631" lon="14.381452">
				<ele>458.000000</ele>
			</trkpt>
			<trkpt lat="51.038631" lon="14.381452">
				<ele>458.000000</ele>
			</trkpt>
			<trkpt lat="51.038614" lon="14.381597">
				<ele>459.000000</ele>
			</trkpt>
			<trkpt lat="51.038564" lon="14.382010">
				<ele>461.000000</ele>
			</trkpt>
			<trkpt lat="51.038530" lon="14.382154">
				<ele>457.000000</ele>
			</trkpt>
			<trkpt lat="51.038496" lon="14.382280">
				<ele>463.000000</ele>
			</trkpt>
			<trkpt lat="51.038428" lon="14.382396">
				<ele>463.000000</ele>
			</trkpt>
			<trkpt lat="51.038326" lon="14.382567">
				<ele>464.000000</ele>
			</trkpt>
			<trkpt lat="51.038281" lon="14.382612">
				<ele>464.000000</ele>
			</trkpt>
			<trkpt lat="51.038224" lon="14.382630">
				<ele>465.000000</ele>
			</trkpt>
			<trkpt lat="51.037830" lon="14.382557">
				<ele>470.000000</ele>
			</trkpt>
			<trkpt lat="51.037400" lon="14.382540">
				<ele>474.000000</ele>
			</trkpt>
			<trkpt lat="51.037327" lon="14.382540">
				<ele>474.000000</ele>
			</trkpt>
			<trkpt lat="51.037247" lon="14.382584">
				<ele>474.000000</ele>
			</trkpt>
			<trkpt lat="51.037112" lon="14.382674">
				<ele>474.000000</ele>
			</trkpt>
			<trkpt lat="51.036796" lon="14.382899">
				<ele>473.000000</ele>
			</trkpt>
			<trkpt lat="51.036688" lon="14.382962">
				<ele>473.000000</ele>
			</trkpt>
			<trkpt lat="51.036570" lon="14.382989">
				<ele>474.000000</ele>
			</trkpt>
			<trkpt lat="51.036016" lon="14.383070">
				<ele>473.000000</ele>
			</trkpt>
			<trkpt lat="51.035169" lon="14.383267">
				<ele>481.000000</ele>
			</trkpt>
			<trkpt lat="51.034785" lon="14.383330">
				<ele>478.000000</ele>
			</trkpt>
			<trkpt lat="51.034237" lon="14.383366">
				<ele>471.000000</ele>
			</trkpt>
			<trkpt lat="51.033293" lon="14.383375">
				<ele>462.000000</ele>
			</trkpt>
			<trkpt lat="51.033208" lon="14.383366">
				<ele>461.000000</ele>
			</trkpt>
			<trkpt lat="51.033186" lon="14.383339">
				<ele>461.000000</ele>
			</trkpt>
			<trkpt lat="51.033112" lon="14.383205">
				<ele>460.000000</ele>
			</trkpt>
			<trkpt lat="51.033084" lon="14.383178">
				<ele>460.000000</ele>
			</trkpt>
			<trkpt lat="51.032892" lon="14.383070">
				<ele>458.000000</ele>
			</trkpt>
			<trkpt lat="51.032672" lon="14.382970">
				<ele>456.000000</ele>
			</trkpt>
			<trkpt lat="51.032570" lon="14.382944">
				<ele>456.000000</ele>
			</trkpt>
			<trkpt lat="51.032446" lon="14.382935">
				<ele>455.000000</ele>
			</trkpt>
			<trkpt lat="51.031813" lon="14.382944">
				<ele>451.000000</ele>
			</trkpt>
			<trkpt lat="51.030943" lon="14.382998">
				<ele>448.000000</ele>
			</trkpt>
			<trkpt lat="51.030655" lon="14.383025">
				<ele>447.000000</ele>
			</trkpt>
			<trkpt lat="51.030440" lon="14.383060">
				<ele>446.000000</ele>
			</trkpt>
			<trkpt lat="51.030305" lon="14.383088">
				<ele>447.000000</ele>
			</trkpt>
			<trkpt lat="51.030186" lon="14.383150">
				<ele>446.000000</ele>
			</trkpt>
			<trkpt lat="51.029949" lon="14.383295">
				<ele>446.000000</ele>
			</trkpt>
			<trkpt lat="51.029858" lon="14.383322">
				<ele>446.000000</ele>
			</trkpt>
			<trkpt lat="51.029774" lon="14.383339">
				<ele>446.000000</ele>
			</trkpt>
			<trkpt lat="51.029378" lon="14.383357">
				<ele>444.000000</ele>
			</trkpt>
			<trkpt lat="51.029265" lon="14.383357">
				<ele>444.000000</ele>
			</trkpt>
			<trkpt lat="51.029147" lon="14.383330">
				<ele>445.000000</ele>
			</trkpt>
			<trkpt lat="51.029084" lon="14.383303">
				<ele>445.000000</ele>
			</trkpt>
			<trkpt lat="51.029028" lon="14.383276">
				<ele>445.000000</ele>
			</trkpt>
			<trkpt lat="51.028841" lon="14.383096">
				<ele>446.000000</ele>
			</trkpt>
			<trkpt lat="51.028751" lon="14.383070">
				<ele>446.000000</ele>
			</trkpt>
			<trkpt lat="51.028649" lon="14.383052">
				<ele>446.000000</ele>
			</trkpt>
			<trkpt lat="51.028480" lon="14.383025">
				<ele>447.000000</ele>
			</trkpt>
			<trkpt lat="51.028361" lon="14.383043">
				<ele>445.000000</ele>
			</trkpt>
			<trkpt lat="51.028327" lon="14.383070">
				<ele>446.000000</ele>
			</trkpt>
			<trkpt lat="51.028237" lon="14.383249">
				<ele>447.000000</ele>
			</trkpt>
			<trkpt lat="51.028107" lon="14.383519">
				<ele>447.000000</ele>
			</trkpt>
			<trkpt lat="51.028096" lon="14.383519">
				<ele>447.000000</ele>
			</trkpt>
			<trkpt lat="51.027892" lon="14.383932">
				<ele>446.000000</ele>
			</trkpt>
			<trkpt lat="51.027819" lon="14.384031">
				<ele>444.000000</ele>
			</trkpt>
			<trkpt lat="51.027740" lon="14.384138">
				<ele>446.000000</ele>
			</trkpt>
			<trkpt lat="51.027531" lon="14.384264">
				<ele>446.000000</ele>
			</trkpt>
			<trkpt lat="51.026960" lon="14.384588">
				<ele>445.000000</ele>
			</trkpt>
			<trkpt lat="51.026904" lon="14.384633">
				<ele>445.000000</ele>
			</trkpt>
			<trkpt lat="51.026869" lon="14.384777">
				<ele>444.000000</ele>
			</trkpt>
			<trkpt lat="51.026836" lon="14.384930">
				<ele>442.000000</ele>
			</trkpt>
			<trkpt lat="51.026808" lon="14.385100">
				<ele>441.000000</ele>
			</trkpt>
			<trkpt lat="51.026739" lon="14.385603">
				<ele>433.000000</ele>
			</trkpt>
			<trkpt lat="51.026711" lon="14.385765">
				<ele>430.000000</ele>
			</trkpt>
			<trkpt lat="51.026672" lon="14.385917">
				<ele>430.000000</ele>
			</trkpt>
			<trkpt lat="51.026615" lon="14.385989">
				<ele>428.000000</ele>
			</trkpt>
			<trkpt lat="51.025954" lon="14.386825">
				<ele>421.000000</ele>
			</trkpt>
			<trkpt lat="51.025536" lon="14.387328">
				<ele>417.000000</ele>
			</trkpt>
			<trkpt lat="51.025446" lon="14.387417">
				<ele>415.000000</ele>
			</trkpt>
			<trkpt lat="51.025259" lon="14.387580">
				<ele>414.000000</ele>
			</trkpt>
			<trkpt lat="51.025338" lon="14.387660">
				<ele>414.000000</ele>
			</trkpt>
			<trkpt lat="51.025321" lon="14.387696">
				<ele>414.000000</ele>
			</trkpt>
			<trkpt lat="51.025321" lon="14.387696">
				<ele>414.000000</ele>
			</trkpt>
			<trkpt lat="51.024530" lon="14.389188">
				<ele>419.000000</ele>
			</trkpt>
			<trkpt lat="51.023897" lon="14.390301">
				<ele>434.000000</ele>
			</trkpt>
			<trkpt lat="51.023688" lon="14.392142">
				<ele>461.000000</ele>
			</trkpt>
			<trkpt lat="51.022999" lon="14.394236">
				<ele>458.000000</ele>
			</trkpt>
			<trkpt lat="51.022519" lon="14.395467">
				<ele>445.000000</ele>
			</trkpt>
			<trkpt lat="51.022304" lon="14.395870">
				<ele>435.000000</ele>
			</trkpt>
			<trkpt lat="51.022276" lon="14.396670">
				<ele>446.000000</ele>
			</trkpt>
			<trkpt lat="51.022265" lon="14.396886">
				<ele>445.000000</ele>
			</trkpt>
			<trkpt lat="51.022214" lon="14.397658">
				<ele>434.000000</ele>
			</trkpt>
			<trkpt lat="51.022179" lon="14.399312">
				<ele>434.000000</ele>
			</trkpt>
			<trkpt lat="51.022090" lon="14.400596">
				<ele>428.000000</ele>
			</trkpt>
			<trkpt lat="51.021666" lon="14.402213">
				<ele>423.000000</ele>
			</trkpt>
			<trkpt lat="51.021027" lon="14.404710">
				<ele>425.000000</ele>
			</trkpt>
			<trkpt lat="51.020948" lon="14.404971">
				<ele>426.000000</ele>
			</trkpt>
			<trkpt lat="51.020880" lon="14.405168">
				<ele>426.000000</ele>
			</trkpt>
			<trkpt lat="51.020789" lon="14.405348">
				<ele>425.000000</ele>
			</trkpt>
			<trkpt lat="51.020671" lon="14.405528">
				<ele>425.000000</ele>
			</trkpt>
			<trkpt lat="51.020270" lon="14.406138">
				<ele>431.000000</ele>
			</trkpt>
			<trkpt lat="51.020100" lon="14.406390">
				<ele>433.000000</ele>
			</trkpt>
			<trkpt lat="51.019942" lon="14.406677">
				<ele>436.000000</ele>
			</trkpt>
			<trkpt lat="51.019761" lon="14.407028">
				<ele>438.000000</ele>
			</trkpt>
			<trkpt lat="51.019558" lon="14.407459">
				<ele>439.000000</ele>
			</trkpt>
			<trkpt lat="51.019445" lon="14.407675">
				<ele>440.000000</ele>
			</trkpt>
			<trkpt lat="51.019320" lon="14.407855">
				<ele>441.000000</ele>
			</trkpt>
			<trkpt lat="51.019168" lon="14.408042">
				<ele>441.000000</ele>
			</trkpt>
			<trkpt lat="51.018959" lon="14.408250">
				<ele>441.000000</ele>
			</trkpt>
			<trkpt lat="51.018863" lon="14.408375">
				<ele>440.000000</ele>
			</trkpt>
			<trkpt lat="51.018835" lon="14.408447">
				<ele>440.000000</ele>
			</trkpt>
			<trkpt lat="51.018801" lon="14.408518">
				<ele>439.000000</ele>
			</trkpt>
			<trkpt lat="51.018784" lon="14.408608">
				<ele>438.000000</ele>
			</trkpt>
			<trkpt lat="51.018766" lon="14.408707">
				<ele>438.000000</ele>
			</trkpt>
			<trkpt lat="51.018750" lon="14.409103">
				<ele>434.000000</ele>
			</trkpt>
			<trkpt lat="51.018501" lon="14.409363">
				<ele>432.000000</ele>
			</trkpt>
			<trkpt lat="51.018258" lon="14.409623">
				<ele>431.000000</ele>
			</trkpt>
			<trkpt lat="51.017343" lon="14.410675">
				<ele>428.000000</ele>
			</trkpt>
			<trkpt lat="51.017167" lon="14.411007">
				<ele>426.000000</ele>
			</trkpt>
			<trkpt lat="51.017060" lon="14.411223">
				<ele>426.000000</ele>
			</trkpt>
			<trkpt lat="51.016964" lon="14.411466">
				<ele>425.000000</ele>
			</trkpt>
			<trkpt lat="51.016873" lon="14.411734">
				<ele>425.000000</ele>
			</trkpt>
			<trkpt lat="51.016732" lon="14.412220">
				<ele>423.000000</ele>
			</trkpt>
			<trkpt lat="51.016642" lon="14.412472">
				<ele>423.000000</ele>
			</trkpt>
			<trkpt lat="51.016574" lon="14.412615">
				<ele>423.000000</ele>
			</trkpt>
			<trkpt lat="51.016501" lon="14.412723">
				<ele>422.000000</ele>
			</trkpt>
			<trkpt lat="51.016410" lon="14.412831">
				<ele>422.000000</ele>
			</trkpt>
			<trkpt lat="51.016303" lon="14.412912">
				<ele>422.000000</ele>
			</trkpt>
			<trkpt lat="51.015975" lon="14.413432">
				<ele>420.000000</ele>
			</trkpt>
			<trkpt lat="51.015772" lon="14.413792">
				<ele>419.000000</ele>
			</trkpt>
			<trkpt lat="51.015653" lon="14.413990">
				<ele>418.000000</ele>
			</trkpt>
			<trkpt lat="51.015472" lon="14.414206">
				<ele>417.000000</ele>
			</trkpt>
			<trkpt lat="51.015421" lon="14.414304">
				<ele>417.000000</ele>
			</trkpt>
			<trkpt lat="51.015348" lon="14.414439">
				<ele>416.000000</ele>
			</trkpt>
			<trkpt lat="51.015286" lon="14.414610">
				<ele>416.000000</ele>
			</trkpt>
			<trkpt lat="51.015144" lon="14.415193">
				<ele>416.000000</ele>
			</trkpt>
			<trkpt lat="51.015093" lon="14.415365">
				<ele>415.000000</ele>
			</trkpt>
			<trkpt lat="51.015031" lon="14.415571">
				<ele>415.000000</ele>
			</trkpt>
			<trkpt lat="51.014935" lon="14.415751">
				<ele>414.000000</ele>
			</trkpt>
			<trkpt lat="51.014687" lon="14.416181">
				<ele>413.000000</ele>
			</trkpt>
			<trkpt lat="51.014602" lon="14.416298">
				<ele>413.000000</ele>
			</trkpt>
			<trkpt lat="51.014522" lon="14.416415">
				<ele>413.000000</ele>
			</trkpt>
			<trkpt lat="51.014432" lon="14.416514">
				<ele>412.000000</ele>
			</trkpt>
			<trkpt lat="51.014341" lon="14.416586">
				<ele>412.000000</ele>
			</trkpt>
			<trkpt lat="51.014257" lon="14.416648">
				<ele>411.000000</ele>
			</trkpt>
			<trkpt lat="51.014138" lon="14.416703">
				<ele>411.000000</ele>
			</trkpt>
			<trkpt lat="51.014223" lon="14.416990">
				<ele>411.000000</ele>
			</trkpt>
			<trkpt lat="51.014257" lon="14.417206">
				<ele>411.000000</ele>
			</trkpt>
			<trkpt lat="51.014285" lon="14.417386">
				<ele>412.000000</ele>
			</trkpt>
			<trkpt lat="51.014285" lon="14.417574">
				<ele>412.000000</ele>
			</trkpt>
			<trkpt lat="51.014280" lon="14.417772">
				<ele>412.000000</ele>
			</trkpt>
			<trkpt lat="51.014252" lon="14.417969">
				<ele>411.000000</ele>
			</trkpt>
			<trkpt lat="51.014206" lon="14.418202">
				<ele>411.000000</ele>
			</trkpt>
			<trkpt lat="51.014150" lon="14.418472">
				<ele>412.000000</ele>
			</trkpt>
			<trkpt lat="51.014071" lon="14.418841">
				<ele>412.000000</ele>
			</trkpt>
			<trkpt lat="51.014048" lon="14.418958">
				<ele>412.000000</ele>
			</trkpt>
			<trkpt lat="51.014042" lon="14.419101">
				<ele>412.000000</ele>
			</trkpt>
			<trkpt lat="51.014042" lon="14.419218">
				<ele>412.000000</ele>
			</trkpt>
			<trkpt lat="51.014059" lon="14.419326">
				<ele>412.000000</ele>
			</trkpt>
			<trkpt lat="51.014082" lon="14.419443">
				<ele>412.000000</ele>
			</trkpt>
			<trkpt lat="51.014110" lon="14.419560">
				<ele>413.000000</ele>
			</trkpt>
			<trkpt lat="51.014189" lon="14.419784">
				<ele>413.000000</ele>
			</trkpt>
			<trkpt lat="51.014308" lon="14.420009">
				<ele>413.000000</ele>
			</trkpt>
			<trkpt lat="51.014460" lon="14.420250">
				<ele>413.000000</ele>
			</trkpt>
			<trkpt lat="51.014658" lon="14.420502">
				<ele>413.000000</ele>
			</trkpt>
			<trkpt lat="51.014839" lon="14.420692">
				<ele>411.000000</ele>
			</trkpt>
			<trkpt lat="51.014885" lon="14.420745">
				<ele>410.000000</ele>
			</trkpt>
			<trkpt lat="51.014924" lon="14.420816">
				<ele>410.000000</ele>
			</trkpt>
			<trkpt lat="51.014958" lon="14.420925">
				<ele>409.000000</ele>
			</trkpt>
			<trkpt lat="51.015003" lon="14.421086">
				<ele>407.000000</ele>
			</trkpt>
			<trkpt lat="51.015178" lon="14.421841">
				<ele>404.000000</ele>
			</trkpt>
			<trkpt lat="51.015235" lon="14.422093">
				<ele>402.000000</ele>
			</trkpt>
			<trkpt lat="51.015280" lon="14.422326">
				<ele>401.000000</ele>
			</trkpt>
			<trkpt lat="51.015365" lon="14.423045">
				<ele>398.000000</ele>
			</trkpt>
			<trkpt lat="51.015381" lon="14.423143">
				<ele>397.000000</ele>
			</trkpt>
			<trkpt lat="51.015404" lon="14.423242">
				<ele>397.000000</ele>
			</trkpt>
			<trkpt lat="51.015438" lon="14.423315">
				<ele>397.000000</ele>
			</trkpt>
			<trkpt lat="51.015483" lon="14.423405">
				<ele>395.000000</ele>
			</trkpt>
			<trkpt lat="51.015546" lon="14.423476">
				<ele>395.000000</ele>
			</trkpt>
			<trkpt lat="51.015613" lon="14.423529">
				<ele>394.000000</ele>
			</trkpt>
			<trkpt lat="51.015817" lon="14.423709">
				<ele>391.000000</ele>
			</trkpt>
			<trkpt lat="51.016145" lon="14.423952">
				<ele>387.000000</ele>
			</trkpt>
			<trkpt lat="51.016269" lon="14.424078">
				<ele>386.000000</ele>
			</trkpt>
			<trkpt lat="51.016326" lon="14.424150">
				<ele>385.000000</ele>
			</trkpt>
			<trkpt lat="51.016354" lon="14.424221">
				<ele>385.000000</ele>
			</trkpt>
			<trkpt lat="51.016371" lon="14.424294">
				<ele>384.000000</ele>
			</trkpt>
			<trkpt lat="51.016382" lon="14.424374">
				<ele>384.000000</ele>
			</trkpt>
			<trkpt lat="51.016382" lon="14.424464">
				<ele>384.000000</ele>
			</trkpt>
			<trkpt lat="51.016365" lon="14.424563">
				<ele>383.000000</ele>
			</trkpt>
			<trkpt lat="51.016303" lon="14.424877">
				<ele>383.000000</ele>
			</trkpt>
			<trkpt lat="51.016212" lon="14.425372">
				<ele>382.000000</ele>
			</trkpt>
			<trkpt lat="51.016133" lon="14.425659">
				<ele>382.000000</ele>
			</trkpt>
			<trkpt lat="51.016031" lon="14.426081">
				<ele>382.000000</ele>
			</trkpt>
			<trkpt lat="51.016031" lon="14.426081">
				<ele>382.000000</ele>
			</trkpt>
			<trkpt lat="51.016020" lon="14.426135">
				<ele>382.000000</ele>
			</trkpt>
			<trkpt lat="51.016189" lon="14.426234">
				<ele>381.000000</ele>
			</trkpt>
			<trkpt lat="51.016252" lon="14.426269">
				<ele>380.000000</ele>
			</trkpt>
			<trkpt lat="51.016320" lon="14.426359">
				<ele>380.000000</ele>
			</trkpt>
			<trkpt lat="51.016851" lon="14.427007">
				<ele>375.000000</ele>
			</trkpt>
			<trkpt lat="51.016941" lon="14.427150">
				<ele>375.000000</ele>
			</trkpt>
			<trkpt lat="51.017179" lon="14.427474">
				<ele>374.000000</ele>
			</trkpt>
			<trkpt lat="51.017422" lon="14.427869">
				<ele>373.000000</ele>
			</trkpt>
			<trkpt lat="51.017501" lon="14.427994">
				<ele>373.000000</ele>
			</trkpt>
			<trkpt lat="51.017546" lon="14.428039">
				<ele>373.000000</ele>
			</trkpt>
			<trkpt lat="51.017586" lon="14.428049">
				<ele>373.000000</ele>
			</trkpt>
			<trkpt lat="51.017767" lon="14.428848">
				<ele>373.000000</ele>
			</trkpt>
			<trkpt lat="51.017925" lon="14.429674">
				<ele>372.000000</ele>
			</trkpt>
			<trkpt lat="51.017970" lon="14.429988">
				<ele>372.000000</ele>
			</trkpt>
			<trkpt lat="51.017981" lon="14.430231">
				<ele>372.000000</ele>
			</trkpt>
			<trkpt lat="51.017964" lon="14.430500">
				<ele>372.000000</ele>
			</trkpt>
			<trkpt lat="51.017913" lon="14.430797">
				<ele>372.000000</ele>
			</trkpt>
			<trkpt lat="51.017897" lon="14.430940">
				<ele>372.000000</ele>
			</trkpt>
			<trkpt lat="51.017885" lon="14.431076">
				<ele>373.000000</ele>
			</trkpt>
			<trkpt lat="51.017925" lon="14.431542">
				<ele>373.000000</ele>
			</trkpt>
			<trkpt lat="51.017964" lon="14.432171">
				<ele>370.000000</ele>
			</trkpt>
			<trkpt lat="51.018088" lon="14.433366">
				<ele>369.000000</ele>
			</trkpt>
			<trkpt lat="51.018128" lon="14.434005">
				<ele>372.000000</ele>
			</trkpt>
			<trkpt lat="51.018145" lon="14.434301">
				<ele>372.000000</ele>
			</trkpt>
			<trkpt lat="51.018156" lon="14.434516">
				<ele>372.000000</ele>
			</trkpt>
			<trkpt lat="51.018156" lon="14.434687">
				<ele>371.000000</ele>
			</trkpt>
			<trkpt lat="51.018139" lon="14.434858">
				<ele>371.000000</ele>
			</trkpt>
			<trkpt lat="51.018105" lon="14.435028">
				<ele>371.000000</ele>
			</trkpt>
			<trkpt lat="51.018049" lon="14.435288">
				<ele>370.000000</ele>
			</trkpt>
			<trkpt lat="51.018032" lon="14.435387">
				<ele>369.000000</ele>
			</trkpt>
			<trkpt lat="51.018044" lon="14.435414">
				<ele>369.000000</ele>
			</trkpt>
			<trkpt lat="51.018055" lon="14.435450">
				<ele>370.000000</ele>
			</trkpt>
			<trkpt lat="51.018105" lon="14.435513">
				<ele>371.000000</ele>
			</trkpt>
			<trkpt lat="51.018190" lon="14.435630">
				<ele>371.000000</ele>
			</trkpt>
			<trkpt lat="51.018258" lon="14.435747">
				<ele>372.000000</ele>
			</trkpt>
			<trkpt lat="51.018326" lon="14.435873">
				<ele>373.000000</ele>
			</trkpt>
			<trkpt lat="51.018433" lon="14.436142">
				<ele>372.000000</ele>
			</trkpt>
			<trkpt lat="51.018524" lon="14.436366">
				<ele>372.000000</ele>
			</trkpt>
			<trkpt lat="51.018631" lon="14.436538">
				<ele>372.000000</ele>
			</trkpt>
			<trkpt lat="51.018744" lon="14.436663">
				<ele>372.000000</ele>
			</trkpt>
			<trkpt lat="51.018885" lon="14.436808">
				<ele>371.000000</ele>
			</trkpt>
			<trkpt lat="51.018976" lon="14.436861">
				<ele>370.000000</ele>
			</trkpt>
			<trkpt lat="51.019049" lon="14.436906">
				<ele>369.000000</ele>
			</trkpt>
			<trkpt lat="51.019111" lon="14.436932">
				<ele>369.000000</ele>
			</trkpt>
			<trkpt lat="51.019185" lon="14.436932">
				<ele>369.000000</ele>
			</trkpt>
			<trkpt lat="51.019264" lon="14.436915">
				<ele>369.000000</ele>
			</trkpt>
			<trkpt lat="51.019343" lon="14.436869">
				<ele>369.000000</ele>
			</trkpt>
			<trkpt lat="51.019434" lon="14.437058">
				<ele>366.000000</ele>
			</trkpt>
			<trkpt lat="51.019462" lon="14.437139">
				<ele>365.000000</ele>
			</trkpt>
			<trkpt lat="51.019490" lon="14.437256">
				<ele>365.000000</ele>
			</trkpt>
			<trkpt lat="51.019518" lon="14.437454">
				<ele>362.000000</ele>
			</trkpt>
			<trkpt lat="51.019541" lon="14.437885">
				<ele>360.000000</ele>
			</trkpt>
			<trkpt lat="51.019546" lon="14.438118">
				<ele>360.000000</ele>
			</trkpt>
			<trkpt lat="51.019541" lon="14.438326">
				<ele>361.000000</ele>
			</trkpt>
			<trkpt lat="51.019524" lon="14.438523">
				<ele>361.000000</ele>
			</trkpt>
			<trkpt lat="51.019490" lon="14.438739">
				<ele>363.000000</ele>
			</trkpt>
			<trkpt lat="51.019439" lon="14.438747">
				<ele>363.000000</ele>
			</trkpt>
			<trkpt lat="51.019439" lon="14.438747">
				<ele>363.000000</ele>
			</trkpt>
			<trkpt lat="51.019366" lon="14.438766">
				<ele>363.000000</ele>
			</trkpt>
			<trkpt lat="51.019298" lon="14.438766">
				<ele>363.000000</ele>
			</trkpt>
			<trkpt lat="51.019145" lon="14.438739">
				<ele>364.000000</ele>
			</trkpt>
			<trkpt lat="51.018976" lon="14.438703">
				<ele>364.000000</ele>
			</trkpt>
			<trkpt lat="51.018806" lon="14.438676">
				<ele>364.000000</ele>
			</trkpt>
			<trkpt lat="51.018591" lon="14.438676">
				<ele>364.000000</ele>
			</trkpt>
			<trkpt lat="51.018394" lon="14.438693">
				<ele>363.000000</ele>
			</trkpt>
			<trkpt lat="51.018156" lon="14.438739">
				<ele>362.000000</ele>
			</trkpt>
			<trkpt lat="51.017789" lon="14.438829">
				<ele>361.000000</ele>
			</trkpt>
			<trkpt lat="51.017586" lon="14.438892">
				<ele>359.000000</ele>
			</trkpt>
			<trkpt lat="51.017411" lon="14.438972">
				<ele>358.000000</ele>
			</trkpt>
			<trkpt lat="51.017315" lon="14.439043">
				<ele>358.000000</ele>
			</trkpt>
			<trkpt lat="51.017128" lon="14.439206">
				<ele>357.000000</ele>
			</trkpt>
			<trkpt lat="51.017020" lon="14.439269">
				<ele>356.000000</ele>
			</trkpt>
			<trkpt lat="51.016919" lon="14.439322">
				<ele>356.000000</ele>
			</trkpt>
			<trkpt lat="51.016704" lon="14.439484">
				<ele>355.000000</ele>
			</trkpt>
			<trkpt lat="51.016631" lon="14.439529">
				<ele>354.000000</ele>
			</trkpt>
			<trkpt lat="51.016568" lon="14.439538">
				<ele>353.000000</ele>
			</trkpt>
			<trkpt lat="51.016540" lon="14.439484">
				<ele>353.000000</ele>
			</trkpt>
			<trkpt lat="51.016517" lon="14.439412">
				<ele>353.000000</ele>
			</trkpt>
			<trkpt lat="51.016461" lon="14.439403">
				<ele>352.000000</ele>
			</trkpt>
			<trkpt lat="51.016399" lon="14.439403">
				<ele>352.000000</ele>
			</trkpt>
			<trkpt lat="51.016252" lon="14.439403">
				<ele>351.000000</ele>
			</trkpt>
			<trkpt lat="51.016110" lon="14.439395">
				<ele>350.000000</ele>
			</trkpt>
			<trkpt lat="51.016003" lon="14.439376">
				<ele>348.000000</ele>
			</trkpt>
			<trkpt lat="51.015879" lon="14.439322">
				<ele>346.000000</ele>
			</trkpt>
			<trkpt lat="51.015760" lon="14.439269">
				<ele>345.000000</ele>
			</trkpt>
			<trkpt lat="51.015642" lon="14.439179">
				<ele>345.000000</ele>
			</trkpt>
			<trkpt lat="51.015251" lon="14.438892">
				<ele>345.000000</ele>
			</trkpt>
			<trkpt lat="51.014783" lon="14.438540">
				<ele>349.000000</ele>
			</trkpt>
			<trkpt lat="51.014478" lon="14.438326">
				<ele>350.000000</ele>
			</trkpt>
			<trkpt lat="51.014206" lon="14.438154">
				<ele>351.000000</ele>
			</trkpt>
			<trkpt lat="51.013935" lon="14.438001">
				<ele>352.000000</ele>
			</trkpt>
			<trkpt lat="51.013624" lon="14.437850">
				<ele>353.000000</ele>
			</trkpt>
			<trkpt lat="51.013454" lon="14.438200">
				<ele>352.000000</ele>
			</trkpt>
			<trkpt lat="51.013353" lon="14.438424">
				<ele>351.000000</ele>
			</trkpt>
			<trkpt lat="51.013195" lon="14.438829">
				<ele>352.000000</ele>
			</trkpt>
			<trkpt lat="51.012957" lon="14.439403">
				<ele>354.000000</ele>
			</trkpt>
			<trkpt lat="51.012827" lon="14.439672">
				<ele>356.000000</ele>
			</trkpt>
			<trkpt lat="51.012714" lon="14.439915">
				<ele>358.000000</ele>
			</trkpt>
			<trkpt lat="51.012590" lon="14.440148">
				<ele>359.000000</ele>
			</trkpt>
			<trkpt lat="51.012454" lon="14.440364">
				<ele>360.000000</ele>
			</trkpt>
			<trkpt lat="51.011685" lon="14.441550">
				<ele>359.000000</ele>
			</trkpt>
			<trkpt lat="51.011217" lon="14.442259">
				<ele>356.000000</ele>
			</trkpt>
			<trkpt lat="51.011019" lon="14.442521">
				<ele>355.000000</ele>
			</trkpt>
			<trkpt lat="51.010821" lon="14.442762">
				<ele>355.000000</ele>
			</trkpt>
			<trkpt lat="51.010498" lon="14.443177">
				<ele>352.000000</ele>
			</trkpt>
			<trkpt lat="51.010250" lon="14.443553">
				<ele>354.000000</ele>
			</trkpt>
			<trkpt lat="51.009821" lon="14.444074">
				<ele>357.000000</ele>
			</trkpt>
			<trkpt lat="51.009300" lon="14.444730">
				<ele>363.000000</ele>
			</trkpt>
			<trkpt lat="51.008741" lon="14.445467">
				<ele>367.000000</ele>
			</trkpt>
			<trkpt lat="51.008311" lon="14.446060">
				<ele>369.000000</ele>
			</trkpt>
			<trkpt lat="51.007763" lon="14.446859">
				<ele>364.000000</ele>
			</trkpt>
			<trkpt lat="51.007192" lon="14.447739">
				<ele>356.000000</ele>
			</trkpt>
			<trkpt lat="51.007107" lon="14.447884">
				<ele>356.000000</ele>
			</trkpt>
			<trkpt lat="51.006802" lon="14.448314">
				<ele>352.000000</ele>
			</trkpt>
			<trkpt lat="51.006632" lon="14.448584">
				<ele>350.000000</ele>
			</trkpt>
			<trkpt lat="51.006525" lon="14.448781">
				<ele>350.000000</ele>
			</trkpt>
			<trkpt lat="51.006417" lon="14.449024">
				<ele>349.000000</ele>
			</trkpt>
			<trkpt lat="51.006265" lon="14.449419">
				<ele>347.000000</ele>
			</trkpt>
			<trkpt lat="51.006107" lon="14.449886">
				<ele>345.000000</ele>
			</trkpt>
			<trkpt lat="51.006028" lon="14.450102">
				<ele>344.000000</ele>
			</trkpt>
			<trkpt lat="51.005982" lon="14.450174">
				<ele>343.000000</ele>
			</trkpt>
			<trkpt lat="51.005937" lon="14.450245">
				<ele>343.000000</ele>
			</trkpt>
			<trkpt lat="51.005801" lon="14.450408">
				<ele>341.000000</ele>
			</trkpt>
			<trkpt lat="51.005677" lon="14.450515">
				<ele>340.000000</ele>
			</trkpt>
			<trkpt lat="51.005508" lon="14.450677">
				<ele>339.000000</ele>
			</trkpt>
			<trkpt lat="51.005349" lon="14.450865">
				<ele>339.000000</ele>
			</trkpt>
			<trkpt lat="51.005287" lon="14.450955">
				<ele>339.000000</ele>
			</trkpt>
			<trkpt lat="51.005259" lon="14.451010">
				<ele>339.000000</ele>
			</trkpt>
			<trkpt lat="51.005242" lon="14.451064">
				<ele>339.000000</ele>
			</trkpt>
			<trkpt lat="51.005242" lon="14.451135">
				<ele>339.000000</ele>
			</trkpt>
			<trkpt lat="51.005253" lon="14.451377">
				<ele>339.000000</ele>
			</trkpt>
			<trkpt lat="51.005270" lon="14.451540">
				<ele>339.000000</ele>
			</trkpt>
			<trkpt lat="51.005033" lon="14.451521">
				<ele>340.000000</ele>
			</trkpt>
			<trkpt lat="51.004948" lon="14.451494">
				<ele>341.000000</ele>
			</trkpt>
			<trkpt lat="51.004875" lon="14.451458">
				<ele>341.000000</ele>
			</trkpt>
			<trkpt lat="51.004829" lon="14.451513">
				<ele>341.000000</ele>
			</trkpt>
			<trkpt lat="51.004801" lon="14.451603">
				<ele>342.000000</ele>
			</trkpt>
			<trkpt lat="51.004722" lon="14.451943">
				<ele>343.000000</ele>
			</trkpt>
			<trkpt lat="51.004688" lon="14.452087">
				<ele>344.000000</ele>
			</trkpt>
			<trkpt lat="51.004643" lon="14.452159">
				<ele>344.000000</ele>
			</trkpt>
			<trkpt lat="51.004598" lon="14.452204">
				<ele>344.000000</ele>
			</trkpt>
			<trkpt lat="51.004547" lon="14.452213">
				<ele>344.000000</ele>
			</trkpt>
			<trkpt lat="51.004428" lon="14.452204">
				<ele>344.000000</ele>
			</trkpt>
			<trkpt lat="51.004337" lon="14.452519">
				<ele>345.000000</ele>
			</trkpt>
			<trkpt lat="51.004230" lon="14.452204">
				<ele>345.000000</ele>
			</trkpt>
			<trkpt lat="51.003925" lon="14.452438">
				<ele>347.000000</ele>
			</trkpt>
			<trkpt lat="51.003586" lon="14.452698">
				<ele>349.000000</ele>
			</trkpt>
			<trkpt lat="51.003738" lon="14.453264">
				<ele>348.000000</ele>
			</trkpt>
			<trkpt lat="51.003738" lon="14.453264">
				<ele>348.000000</ele>
			</trkpt>
			<trkpt lat="51.003738" lon="14.453264">
				<ele>348.000000</ele>
			</trkpt>
			<trkpt lat="51.003603" lon="14.453335">
				<ele>350.000000</ele>
			</trkpt>
			<trkpt lat="51.003535" lon="14.453354">
				<ele>350.000000</ele>
			</trkpt>
			<trkpt lat="51.003478" lon="14.453327">
				<ele>350.000000</ele>
			</trkpt>
			<trkpt lat="51.003461" lon="14.453542">
				<ele>351.000000</ele>
			</trkpt>
			<trkpt lat="51.003371" lon="14.453641">
				<ele>351.000000</ele>
			</trkpt>
			<trkpt lat="51.003094" lon="14.453901">
				<ele>353.000000</ele>
			</trkpt>
			<trkpt lat="51.002879" lon="14.454163">
				<ele>354.000000</ele>
			</trkpt>
			<trkpt lat="51.002495" lon="14.454773">
				<ele>356.000000</ele>
			</trkpt>
			<trkpt lat="51.002370" lon="14.454989">
				<ele>357.000000</ele>
			</trkpt>
			<trkpt lat="51.002218" lon="14.455178">
				<ele>358.000000</ele>
			</trkpt>
			<trkpt lat="51.002110" lon="14.455295">
				<ele>358.000000</ele>
			</trkpt>
			<trkpt lat="51.002014" lon="14.455366">
				<ele>359.000000</ele>
			</trkpt>
			<trkpt lat="51.001895" lon="14.455438">
				<ele>360.000000</ele>
			</trkpt>
			<trkpt lat="51.001675" lon="14.455528">
				<ele>362.000000</ele>
			</trkpt>
			<trkpt lat="51.001613" lon="14.455572">
				<ele>363.000000</ele>
			</trkpt>
			<trkpt lat="51.001556" lon="14.455626">
				<ele>363.000000</ele>
			</trkpt>
			<trkpt lat="51.001138" lon="14.456075">
				<ele>367.000000</ele>
			</trkpt>
			<trkpt lat="51.000635" lon="14.456668">
				<ele>373.000000</ele>
			</trkpt>
			<trkpt lat="51.000205" lon="14.457136">
				<ele>377.000000</ele>
			</trkpt>
			<trkpt lat="51.000024" lon="14.457324">
				<ele>378.000000</ele>
			</trkpt>
			<trkpt lat="50.999809" lon="14.457532">
				<ele>378.000000</ele>
			</trkpt>
			<trkpt lat="50.999668" lon="14.457648">
				<ele>379.000000</ele>
			</trkpt>
			<trkpt lat="50.999272" lon="14.458061">
				<ele>378.000000</ele>
			</trkpt>
			<trkpt lat="50.998317" lon="14.459130">
				<ele>371.000000</ele>
			</trkpt>
			<trkpt lat="50.998006" lon="14.459436">
				<ele>368.000000</ele>
			</trkpt>
			<trkpt lat="50.997367" lon="14.460056">
				<ele>363.000000</ele>
			</trkpt>
			<trkpt lat="50.997028" lon="14.460352">
				<ele>360.000000</ele>
			</trkpt>
			<trkpt lat="50.996870" lon="14.460486">
				<ele>359.000000</ele>
			</trkpt>
			<trkpt lat="50.996688" lon="14.460603">
				<ele>359.000000</ele>
			</trkpt>
			<trkpt lat="50.996151" lon="14.460935">
				<ele>355.000000</ele>
			</trkpt>
			<trkpt lat="50.995897" lon="14.461098">
				<ele>354.000000</ele>
			</trkpt>
			<trkpt lat="50.995699" lon="14.461178">
				<ele>354.000000</ele>
			</trkpt>
			<trkpt lat="50.995586" lon="14.461196">
				<ele>353.000000</ele>
			</trkpt>
			<trkpt lat="50.995484" lon="14.461214">
				<ele>353.000000</ele>
			</trkpt>
			<trkpt lat="50.995314" lon="14.461241">
				<ele>353.000000</ele>
			</trkpt>
			<trkpt lat="50.995196" lon="14.461285">
				<ele>353.000000</ele>
			</trkpt>
			<trkpt lat="50.995072" lon="14.461349">
				<ele>354.000000</ele>
			</trkpt>
			<trkpt lat="50.994936" lon="14.461430">
				<ele>354.000000</ele>
			</trkpt>
			<trkpt lat="50.994732" lon="14.461564">
				<ele>354.000000</ele>
			</trkpt>
			<trkpt lat="50.994399" lon="14.461754">
				<ele>357.000000</ele>
			</trkpt>
			<trkpt lat="50.994167" lon="14.461914">
				<ele>358.000000</ele>
			</trkpt>
			<trkpt lat="50.994088" lon="14.462031">
				<ele>359.000000</ele>
			</trkpt>
			<trkpt lat="50.993981" lon="14.462176">
				<ele>360.000000</ele>
			</trkpt>
			<trkpt lat="50.993845" lon="14.462319">
				<ele>361.000000</ele>
			</trkpt>
			<trkpt lat="50.993613" lon="14.462562">
				<ele>364.000000</ele>
			</trkpt>
			<trkpt lat="50.993336" lon="14.462849">
				<ele>366.000000</ele>
			</trkpt>
			<trkpt lat="50.993245" lon="14.462975">
				<ele>367.000000</ele>
			</trkpt>
			<trkpt lat="50.993093" lon="14.463190">
				<ele>369.000000</ele>
			</trkpt>
			<trkpt lat="50.992578" lon="14.463954">
				<ele>375.000000</ele>
			</trkpt>
			<trkpt lat="50.991950" lon="14.464861">
				<ele>380.000000</ele>
			</trkpt>
			<trkpt lat="50.991877" lon="14.464978">
				<ele>381.000000</ele>
			</trkpt>
			<trkpt lat="50.991719" lon="14.465293">
				<ele>381.000000</ele>
			</trkpt>
			<trkpt lat="50.991657" lon="14.465364">
				<ele>381.000000</ele>
			</trkpt>
			<trkpt lat="50.991578" lon="14.465436">
				<ele>380.000000</ele>
			</trkpt>
			<trkpt lat="50.991453" lon="14.465966">
				<ele>380.000000</ele>
			</trkpt>
			<trkpt lat="50.990678" lon="14.467493">
				<ele>369.000000</ele>
			</trkpt>
			<trkpt lat="50.990198" lon="14.468616">
				<ele>362.000000</ele>
			</trkpt>
			<trkpt lat="50.990198" lon="14.468616">
				<ele>362.000000</ele>
			</trkpt>
			<trkpt lat="50.990198" lon="14.468616">
				<ele>362.000000</ele>
			</trkpt>
			<trkpt lat="50.990169" lon="14.468715">
				<ele>362.000000</ele>
			</trkpt>
			<trkpt lat="50.990158" lon="14.468788">
				<ele>362.000000</ele>
			</trkpt>
			<trkpt lat="50.990107" lon="14.468759">
				<ele>362.000000</ele>
			</trkpt>
			<trkpt lat="50.990067" lon="14.468715">
				<ele>362.000000</ele>
			</trkpt>
			<trkpt lat="50.990051" lon="14.468670">
				<ele>362.000000</ele>
			</trkpt>
			<trkpt lat="50.990034" lon="14.468599">
				<ele>362.000000</ele>
			</trkpt>
			<trkpt lat="50.990017" lon="14.468490">
				<ele>362.000000</ele>
			</trkpt>
			<trkpt lat="50.989977" lon="14.468401">
				<ele>363.000000</ele>
			</trkpt>
			<trkpt lat="50.989927" lon="14.468346">
				<ele>363.000000</ele>
			</trkpt>
			<trkpt lat="50.989864" lon="14.468320">
				<ele>363.000000</ele>
			</trkpt>
			<trkpt lat="50.989627" lon="14.468320">
				<ele>364.000000</ele>
			</trkpt>
			<trkpt lat="50.989248" lon="14.468383">
				<ele>364.000000</ele>
			</trkpt>
			<trkpt lat="50.989197" lon="14.468383">
				<ele>365.000000</ele>
			</trkpt>
			<trkpt lat="50.989140" lon="14.468365">
				<ele>365.000000</ele>
			</trkpt>
			<trkpt lat="50.989090" lon="14.468338">
				<ele>365.000000</ele>
			</trkpt>
			<trkpt lat="50.989005" lon="14.468283">
				<ele>365.000000</ele>
			</trkpt>
			<trkpt lat="50.988960" lon="14.468257">
				<ele>365.000000</ele>
			</trkpt>
			<trkpt lat="50.988920" lon="14.468239">
				<ele>366.000000</ele>
			</trkpt>
			<trkpt lat="50.988835" lon="14.468239">
				<ele>366.000000</ele>
			</trkpt>
			<trkpt lat="50.988739" lon="14.468248">
				<ele>366.000000</ele>
			</trkpt>
			<trkpt lat="50.988558" lon="14.468185">
				<ele>367.000000</ele>
			</trkpt>
			<trkpt lat="50.988433" lon="14.468149">
				<ele>367.000000</ele>
			</trkpt>
			<trkpt lat="50.988179" lon="14.467979">
				<ele>368.000000</ele>
			</trkpt>
			<trkpt lat="50.988043" lon="14.467924">
				<ele>369.000000</ele>
			</trkpt>
			<trkpt lat="50.987970" lon="14.467897">
				<ele>369.000000</ele>
			</trkpt>
			<trkpt lat="50.987908" lon="14.467826">
				<ele>369.000000</ele>
			</trkpt>
			<trkpt lat="50.987863" lon="14.467746">
				<ele>369.000000</ele>
			</trkpt>
			<trkpt lat="50.987828" lon="14.467628">
				<ele>369.000000</ele>
			</trkpt>
			<trkpt lat="50.987806" lon="14.467574">
				<ele>369.000000</ele>
			</trkpt>
			<trkpt lat="50.987784" lon="14.467530">
				<ele>370.000000</ele>
			</trkpt>
			<trkpt lat="50.987744" lon="14.467511">
				<ele>370.000000</ele>
			</trkpt>
			<trkpt lat="50.987693" lon="14.467503">
				<ele>370.000000</ele>
			</trkpt>
			<trkpt lat="50.987619" lon="14.467476">
				<ele>370.000000</ele>
			</trkpt>
			<trkpt lat="50.987585" lon="14.467448">
				<ele>370.000000</ele>
			</trkpt>
			<trkpt lat="50.987545" lon="14.467404">
				<ele>371.000000</ele>
			</trkpt>
			<trkpt lat="50.987466" lon="14.467304">
				<ele>371.000000</ele>
			</trkpt>
			<trkpt lat="50.987348" lon="14.467206">
				<ele>372.000000</ele>
			</trkpt>
			<trkpt lat="50.987212" lon="14.467090">
				<ele>372.000000</ele>
			</trkpt>
			<trkpt lat="50.987087" lon="14.466954">
				<ele>373.000000</ele>
			</trkpt>
			<trkpt lat="50.986986" lon="14.466784">
				<ele>373.000000</ele>
			</trkpt>
			<trkpt lat="50.986850" lon="14.466496">
				<ele>374.000000</ele>
			</trkpt>
			<trkpt lat="50.986805" lon="14.466442">
				<ele>374.000000</ele>
			</trkpt>
			<trkpt lat="50.986760" lon="14.466415">
				<ele>374.000000</ele>
			</trkpt>
			<trkpt lat="50.986579" lon="14.466406">
				<ele>375.000000</ele>
			</trkpt>
			<trkpt lat="50.986488" lon="14.466406">
				<ele>375.000000</ele>
			</trkpt>
			<trkpt lat="50.986397" lon="14.466415">
				<ele>376.000000</ele>
			</trkpt>
			<trkpt lat="50.986121" lon="14.466505">
				<ele>381.000000</ele>
			</trkpt>
			<trkpt lat="50.985979" lon="14.466541">
				<ele>383.000000</ele>
			</trkpt>
			<trkpt lat="50.985804" lon="14.466012">
				<ele>384.000000</ele>
			</trkpt>
			<trkpt lat="50.985702" lon="14.465688">
				<ele>383.000000</ele>
			</trkpt>
			<trkpt lat="50.985651" lon="14.465472">
				<ele>383.000000</ele>
			</trkpt>
			<trkpt lat="50.985583" lon="14.465293">
				<ele>383.000000</ele>
			</trkpt>
			<trkpt lat="50.985510" lon="14.465104">
				<ele>383.000000</ele>
			</trkpt>
			<trkpt lat="50.985402" lon="14.464906">
				<ele>384.000000</ele>
			</trkpt>
			<trkpt lat="50.985261" lon="14.464637">
				<ele>384.000000</ele>
			</trkpt>
			<trkpt lat="50.984877" lon="14.463972">
				<ele>386.000000</ele>
			</trkpt>
			<trkpt lat="50.984752" lon="14.463702">
				<ele>386.000000</ele>
			</trkpt>
			<trkpt lat="50.984633" lon="14.463415">
				<ele>386.000000</ele>
			</trkpt>
			<trkpt lat="50.984571" lon="14.463262">
				<ele>386.000000</ele>
			</trkpt>
			<trkpt lat="50.984503" lon="14.463146">
				<ele>386.000000</ele>
			</trkpt>
			<trkpt lat="50.984435" lon="14.463046">
				<ele>386.000000</ele>
			</trkpt>
			<trkpt lat="50.984334" lon="14.462948">
				<ele>386.000000</ele>
			</trkpt>
			<trkpt lat="50.983655" lon="14.462301">
				<ele>389.000000</ele>
			</trkpt>
			<trkpt lat="50.983243" lon="14.461941">
				<ele>391.000000</ele>
			</trkpt>
			<trkpt lat="50.983061" lon="14.461771">
				<ele>392.000000</ele>
			</trkpt>
			<trkpt lat="50.982909" lon="14.461555">
				<ele>393.000000</ele>
			</trkpt>
			<trkpt lat="50.982779" lon="14.461375">
				<ele>393.000000</ele>
			</trkpt>
			<trkpt lat="50.982462" lon="14.460819">
				<ele>394.000000</ele>
			</trkpt>
			<trkpt lat="50.982383" lon="14.460693">
				<ele>395.000000</ele>
			</trkpt>
			<trkpt lat="50.982145" lon="14.460253">
				<ele>397.000000</ele>
			</trkpt>
			<trkpt lat="50.981924" lon="14.459830">
				<ele>398.000000</ele>
			</trkpt>
			<trkpt lat="50.982054" lon="14.459706">
				<ele>398.000000</ele>
			</trkpt>
			<trkpt lat="50.982151" lon="14.459616">
				<ele>399.000000</ele>
			</trkpt>
			<trkpt lat="50.982253" lon="14.459570">
				<ele>400.000000</ele>
			</trkpt>
			<trkpt lat="50.982349" lon="14.459543">
				<ele>401.000000</ele>
			</trkpt>
			<trkpt lat="50.982303" lon="14.459454">
				<ele>401.000000</ele>
			</trkpt>
			<trkpt lat="50.982303" lon="14.459454">
				<ele>401.000000</ele>
			</trkpt>
			<trkpt lat="50.981975" lon="14.458780">
				<ele>403.000000</ele>
			</trkpt>
			<trkpt lat="50.981224" lon="14.457306">
				<ele>410.000000</ele>
			</trkpt>
			<trkpt lat="50.981025" lon="14.456876">
				<ele>412.000000</ele>
			</trkpt>
			<trkpt lat="50.980890" lon="14.456580">
				<ele>413.000000</ele>
			</trkpt>
			<trkpt lat="50.980816" lon="14.456372">
				<ele>413.000000</ele>
			</trkpt>
			<trkpt lat="50.980771" lon="14.456165">
				<ele>413.000000</ele>
			</trkpt>
			<trkpt lat="50.980759" lon="14.456085">
				<ele>414.000000</ele>
			</trkpt>
			<trkpt lat="50.980748" lon="14.455995">
				<ele>414.000000</ele>
			</trkpt>
			<trkpt lat="50.980759" lon="14.455914">
				<ele>414.000000</ele>
			</trkpt>
			<trkpt lat="50.980776" lon="14.455815">
				<ele>414.000000</ele>
			</trkpt>
			<trkpt lat="50.980827" lon="14.455626">
				<ele>415.000000</ele>
			</trkpt>
			<trkpt lat="50.980906" lon="14.455429">
				<ele>416.000000</ele>
			</trkpt>
			<trkpt lat="50.980969" lon="14.455295">
				<ele>416.000000</ele>
			</trkpt>
			<trkpt lat="50.981042" lon="14.455186">
				<ele>416.000000</ele>
			</trkpt>
			<trkpt lat="50.981122" lon="14.455043">
				<ele>417.000000</ele>
			</trkpt>
			<trkpt lat="50.981212" lon="14.454926">
				<ele>417.000000</ele>
			</trkpt>
			<trkpt lat="50.981500" lon="14.454612">
				<ele>420.000000</ele>
			</trkpt>
			<trkpt lat="50.981608" lon="14.454467">
				<ele>421.000000</ele>
			</trkpt>
			<trkpt lat="50.981675" lon="14.454297">
				<ele>421.000000</ele>
			</trkpt>
			<trkpt lat="50.981812" lon="14.453866">
				<ele>421.000000</ele>
			</trkpt>
			<trkpt lat="50.981891" lon="14.453651">
				<ele>421.000000</ele>
			</trkpt>
			<trkpt lat="50.982015" lon="14.453417">
				<ele>422.000000</ele>
			</trkpt>
			<trkpt lat="50.982128" lon="14.453246">
				<ele>422.000000</ele>
			</trkpt>
			<trkpt lat="50.982247" lon="14.453102">
				<ele>423.000000</ele>
			</trkpt>
			<trkpt lat="50.982400" lon="14.452985">
				<ele>424.000000</ele>
			</trkpt>
			<trkpt lat="50.982473" lon="14.452932">
				<ele>424.000000</ele>
			</trkpt>
			<trkpt lat="50.982535" lon="14.452859">
				<ele>425.000000</ele>
			</trkpt>
			<trkpt lat="50.982581" lon="14.452788">
				<ele>425.000000</ele>
			</trkpt>
			<trkpt lat="50.982614" lon="14.452716">
				<ele>426.000000</ele>
			</trkpt>
			<trkpt lat="50.982643" lon="14.452645">
				<ele>426.000000</ele>
			</trkpt>
			<trkpt lat="50.982648" lon="14.452545">
				<ele>425.000000</ele>
			</trkpt>
			<trkpt lat="50.982677" lon="14.452258">
				<ele>426.000000</ele>
			</trkpt>
			<trkpt lat="50.982688" lon="14.451790">
				<ele>426.000000</ele>
			</trkpt>
			<trkpt lat="50.982716" lon="14.451503">
				<ele>427.000000</ele>
			</trkpt>
			<trkpt lat="50.982739" lon="14.451243">
				<ele>427.000000</ele>
			</trkpt>
			<trkpt lat="50.982795" lon="14.450928">
				<ele>428.000000</ele>
			</trkpt>
			<trkpt lat="50.982943" lon="14.449959">
				<ele>430.000000</ele>
			</trkpt>
			<trkpt lat="50.982993" lon="14.449706">
				<ele>430.000000</ele>
			</trkpt>
			<trkpt lat="50.983067" lon="14.449464">
				<ele>430.000000</ele>
			</trkpt>
			<trkpt lat="50.983095" lon="14.449374">
				<ele>430.000000</ele>
			</trkpt>
			<trkpt lat="50.983197" lon="14.448988">
				<ele>431.000000</ele>
			</trkpt>
			<trkpt lat="50.983276" lon="14.448601">
				<ele>431.000000</ele>
			</trkpt>
			<trkpt lat="50.983338" lon="14.448332">
				<ele>430.000000</ele>
			</trkpt>
			<trkpt lat="50.983412" lon="14.448117">
				<ele>430.000000</ele>
			</trkpt>
			<trkpt lat="50.983508" lon="14.447946">
				<ele>430.000000</ele>
			</trkpt>
			<trkpt lat="50.983650" lon="14.447731">
				<ele>431.000000</ele>
			</trkpt>
			<trkpt lat="50.983751" lon="14.447569">
				<ele>431.000000</ele>
			</trkpt>
			<trkpt lat="50.983836" lon="14.447372">
				<ele>432.000000</ele>
			</trkpt>
			<trkpt lat="50.983910" lon="14.447156">
				<ele>432.000000</ele>
			</trkpt>
			<trkpt lat="50.983989" lon="14.446859">
				<ele>431.000000</ele>
			</trkpt>
			<trkpt lat="50.984062" lon="14.446616">
				<ele>430.000000</ele>
			</trkpt>
			<trkpt lat="50.984130" lon="14.446401">
				<ele>430.000000</ele>
			</trkpt>
			<trkpt lat="50.984413" lon="14.445674">
				<ele>427.000000</ele>
			</trkpt>
			<trkpt lat="50.984549" lon="14.445295">
				<ele>425.000000</ele>
			</trkpt>
			<trkpt lat="50.984243" lon="14.444999">
				<ele>423.000000</ele>
			</trkpt>
			<trkpt lat="50.984040" lon="14.444775">
				<ele>423.000000</ele>
			</trkpt>
			<trkpt lat="50.983870" lon="14.444595">
				<ele>423.000000</ele>
			</trkpt>
			<trkpt lat="50.983847" lon="14.444578">
				<ele>423.000000</ele>
			</trkpt>
			<trkpt lat="50.983847" lon="14.444578">
				<ele>423.000000</ele>
			</trkpt>
			<trkpt lat="50.983734" lon="14.444452">
				<ele>423.000000</ele>
			</trkpt>
			<trkpt lat="50.983564" lon="14.444282">
				<ele>422.000000</ele>
			</trkpt>
			<trkpt lat="50.983401" lon="14.444146">
				<ele>422.000000</ele>
			</trkpt>
			<trkpt lat="50.983011" lon="14.443832">
				<ele>421.000000</ele>
			</trkpt>
			<trkpt lat="50.982897" lon="14.443733">
				<ele>421.000000</ele>
			</trkpt>
			<trkpt lat="50.982784" lon="14.443626">
				<ele>421.000000</ele>
			</trkpt>
			<trkpt lat="50.982688" lon="14.443500">
				<ele>421.000000</ele>
			</trkpt>
			<trkpt lat="50.982581" lon="14.443311">
				<ele>421.000000</ele>
			</trkpt>
			<trkpt lat="50.982451" lon="14.443104">
				<ele>421.000000</ele>
			</trkpt>
			<trkpt lat="50.982253" lon="14.442745">
				<ele>422.000000</ele>
			</trkpt>
			<trkpt lat="50.982168" lon="14.442619">
				<ele>422.000000</ele>
			</trkpt>
			<trkpt lat="50.982072" lon="14.442494">
				<ele>424.000000</ele>
			</trkpt>
			<trkpt lat="50.981936" lon="14.442349">
				<ele>424.000000</ele>
			</trkpt>
			<trkpt lat="50.981891" lon="14.442314">
				<ele>425.000000</ele>
			</trkpt>
			<trkpt lat="50.981812" lon="14.442251">
				<ele>425.000000</ele>
			</trkpt>
			<trkpt lat="50.981738" lon="14.442224">
				<ele>425.000000</ele>
			</trkpt>
			<trkpt lat="50.981647" lon="14.442215">
				<ele>426.000000</ele>
			</trkpt>
			<trkpt lat="50.981557" lon="14.442242">
				<ele>427.000000</ele>
			</trkpt>
			<trkpt lat="50.981466" lon="14.442314">
				<ele>429.000000</ele>
			</trkpt>
			<trkpt lat="50.981387" lon="14.442412">
				<ele>430.000000</ele>
			</trkpt>
			<trkpt lat="50.981314" lon="14.442548">
				<ele>431.000000</ele>
			</trkpt>
			<trkpt lat="50.981217" lon="14.442727">
				<ele>432.000000</ele>
			</trkpt>
			<trkpt lat="50.981138" lon="14.442835">
				<ele>433.000000</ele>
			</trkpt>
			<trkpt lat="50.981020" lon="14.442907">
				<ele>434.000000</ele>
			</trkpt>
			<trkpt lat="50.980861" lon="14.442951">
				<ele>435.000000</ele>
			</trkpt>
			<trkpt lat="50.980759" lon="14.442951">
				<ele>435.000000</ele>
			</trkpt>
			<trkpt lat="50.980641" lon="14.442951">
				<ele>435.000000</ele>
			</trkpt>
			<trkpt lat="50.980516" lon="14.442907">
				<ele>436.000000</ele>
			</trkpt>
			<trkpt lat="50.980397" lon="14.442852">
				<ele>437.000000</ele>
			</trkpt>
			<trkpt lat="50.980183" lon="14.442700">
				<ele>437.000000</ele>
			</trkpt>
			<trkpt lat="50.979572" lon="14.442224">
				<ele>441.000000</ele>
			</trkpt>
			<trkpt lat="50.978548" lon="14.441469">
				<ele>447.000000</ele>
			</trkpt>
			<trkpt lat="50.978639" lon="14.441209">
				<ele>448.000000</ele>
			</trkpt>
			<trkpt lat="50.978684" lon="14.441020">
				<ele>450.000000</ele>
			</trkpt>
			<trkpt lat="50.978718" lon="14.440867">
				<ele>451.000000</ele>
			</trkpt>
			<trkpt lat="50.978724" lon="14.440750">
				<ele>451.000000</ele>
			</trkpt>
			<trkpt lat="50.978724" lon="14.440643">
				<ele>452.000000</ele>
			</trkpt>
			<trkpt lat="50.978718" lon="14.440508">
				<ele>453.000000</ele>
			</trkpt>
			<trkpt lat="50.978695" lon="14.440382">
				<ele>454.000000</ele>
			</trkpt>
			<trkpt lat="50.978650" lon="14.440194">
				<ele>455.000000</ele>
			</trkpt>
			<trkpt lat="50.978604" lon="14.440085">
				<ele>456.000000</ele>
			</trkpt>
			<trkpt lat="50.978559" lon="14.439961">
				<ele>458.000000</ele>
			</trkpt>
			<trkpt lat="50.978497" lon="14.439798">
				<ele>460.000000</ele>
			</trkpt>
			<trkpt lat="50.978452" lon="14.439672">
				<ele>461.000000</ele>
			</trkpt>
			<trkpt lat="50.978441" lon="14.439645">
				<ele>461.000000</ele>
			</trkpt>
			<trkpt lat="50.978362" lon="14.439376">
				<ele>463.000000</ele>
			</trkpt>
			<trkpt lat="50.978220" lon="14.438882">
				<ele>469.000000</ele>
			</trkpt>
			<trkpt lat="50.978175" lon="14.438676">
				<ele>470.000000</ele>
			</trkpt>
			<trkpt lat="50.978095" lon="14.438307">
				<ele>473.000000</ele>
			</trkpt>
			<trkpt lat="50.978028" lon="14.437938">
				<ele>477.000000</ele>
			</trkpt>
			<trkpt lat="50.977926" lon="14.437211">
				<ele>481.000000</ele>
			</trkpt>
			<trkpt lat="50.977863" lon="14.436861">
				<ele>484.000000</ele>
			</trkpt>
			<trkpt lat="50.977807" lon="14.436519">
				<ele>485.000000</ele>
			</trkpt>
			<trkpt lat="50.977688" lon="14.435720">
				<ele>490.000000</ele>
			</trkpt>
			<trkpt lat="50.977649" lon="14.435513">
				<ele>491.000000</ele>
			</trkpt>
			<trkpt lat="50.977592" lon="14.435271">
				<ele>493.000000</ele>
			</trkpt>
			<trkpt lat="50.977530" lon="14.435037">
				<ele>495.000000</ele>
			</trkpt>
			<trkpt lat="50.977468" lon="14.434867">
				<ele>497.000000</ele>
			</trkpt>
			<trkpt lat="50.977394" lon="14.434695">
				<ele>498.000000</ele>
			</trkpt>
			<trkpt lat="50.977287" lon="14.434516">
				<ele>499.000000</ele>
			</trkpt>
			<trkpt lat="50.977281" lon="14.434462">
				<ele>499.000000</ele>
			</trkpt>
			<trkpt lat="50.977275" lon="14.434399">
				<ele>500.000000</ele>
			</trkpt>
			<trkpt lat="50.977247" lon="14.434328">
				<ele>500.000000</ele>
			</trkpt>
			<trkpt lat="50.977219" lon="14.434274">
				<ele>501.000000</ele>
			</trkpt>
			<trkpt lat="50.976704" lon="14.433573">
				<ele>508.000000</ele>
			</trkpt>
			<trkpt lat="50.976580" lon="14.433357">
				<ele>510.000000</ele>
			</trkpt>
			<trkpt lat="50.976438" lon="14.433114">
				<ele>513.000000</ele>
			</trkpt>
			<trkpt lat="50.976252" lon="14.432917">
				<ele>516.000000</ele>
			</trkpt>
			<trkpt lat="50.976105" lon="14.432747">
				<ele>518.000000</ele>
			</trkpt>
			<trkpt lat="50.975992" lon="14.432611">
				<ele>522.000000</ele>
			</trkpt>
			<trkpt lat="50.975890" lon="14.432468">
				<ele>524.000000</ele>
			</trkpt>
			<trkpt lat="50.975799" lon="14.432297">
				<ele>527.000000</ele>
			</trkpt>
			<trkpt lat="50.975709" lon="14.432127">
				<ele>530.000000</ele>
			</trkpt>
			<trkpt lat="50.975624" lon="14.431929">
				<ele>533.000000</ele>
			</trkpt>
			<trkpt lat="50.975545" lon="14.431686">
				<ele>537.000000</ele>
			</trkpt>
			<trkpt lat="50.975392" lon="14.431875">
				<ele>538.000000</ele>
			</trkpt>
			<trkpt lat="50.975358" lon="14.431795">
				<ele>540.000000</ele>
			</trkpt>
			<trkpt lat="50.975539" lon="14.431238">
				<ele>544.000000</ele>
			</trkpt>
			<trkpt lat="50.975709" lon="14.430716">
				<ele>547.000000</ele>
			</trkpt>
			<trkpt lat="50.975850" lon="14.430250">
				<ele>552.000000</ele>
			</trkpt>
			<trkpt lat="50.975912" lon="14.430034">
				<ele>554.000000</ele>
			</trkpt>
			<trkpt lat="50.975777" lon="14.430034">
				<ele>559.000000</ele>
			</trkpt>
			<trkpt lat="50.975669" lon="14.430051">
				<ele>563.000000</ele>
			</trkpt>
			<trkpt lat="50.975556" lon="14.430078">
				<ele>568.000000</ele>
			</trkpt>
			<trkpt lat="50.975421" lon="14.430150">
				<ele>575.000000</ele>
			</trkpt>
			<trkpt lat="50.975126" lon="14.430294">
				<ele>586.000000</ele>
			</trkpt>
			<trkpt lat="50.974871" lon="14.430384">
				<ele>592.000000</ele>
			</trkpt>
			<trkpt lat="50.974600" lon="14.430492">
				<ele>597.000000</ele>
			</trkpt>
			<trkpt lat="50.974340" lon="14.430617">
				<ele>599.000000</ele>
			</trkpt>
			<trkpt lat="50.974255" lon="14.431022">
				<ele>595.000000</ele>
			</trkpt>
			<trkpt lat="50.974176" lon="14.431292">
				<ele>593.000000</ele>
			</trkpt>
			<trkpt lat="50.974079" lon="14.431552">
				<ele>590.000000</ele>
			</trkpt>
			<trkpt lat="50.973933" lon="14.431866">
				<ele>587.000000</ele>
			</trkpt>
			<trkpt lat="50.973865" lon="14.431984">
				<ele>586.000000</ele>
			</trkpt>
			<trkpt lat="50.973803" lon="14.432064">
				<ele>585.000000</ele>
			</trkpt>
			<trkpt lat="50.973758" lon="14.432108">
				<ele>583.000000</ele>
			</trkpt>
			<trkpt lat="50.973729" lon="14.432108">
				<ele>583.000000</ele>
			</trkpt>
			<trkpt lat="50.973712" lon="14.432100">
				<ele>583.000000</ele>
			</trkpt>
			<trkpt lat="50.973712" lon="14.432100">
				<ele>583.000000</ele>
			</trkpt>
			<trkpt lat="50.973712" lon="14.432100">
				<ele>583.000000</ele>
			</trkpt>
			<trkpt lat="50.973531" lon="14.431911">
				<ele>581.000000</ele>
			</trkpt>
			<trkpt lat="50.973259" lon="14.431569">
				<ele>575.000000</ele>
			</trkpt>
			<trkpt lat="50.973135" lon="14.431435">
				<ele>572.000000</ele>
			</trkpt>
			<trkpt lat="50.973033" lon="14.431309">
				<ele>570.000000</ele>
			</trkpt>
			<trkpt lat="50.972756" lon="14.431183">
				<ele>564.000000</ele>
			</trkpt>
			<trkpt lat="50.972643" lon="14.431139">
				<ele>561.000000</ele>
			</trkpt>
			<trkpt lat="50.972383" lon="14.431076">
				<ele>556.000000</ele>
			</trkpt>
			<trkpt lat="50.972241" lon="14.431013">
				<ele>554.000000</ele>
			</trkpt>
			<trkpt lat="50.972123" lon="14.431003">
				<ele>553.000000</ele>
			</trkpt>
			<trkpt lat="50.971942" lon="14.431003">
				<ele>551.000000</ele>
			</trkpt>
			<trkpt lat="50.971834" lon="14.430995">
				<ele>550.000000</ele>
			</trkpt>
			<trkpt lat="50.971647" lon="14.430950">
				<ele>548.000000</ele>
			</trkpt>
			<trkpt lat="50.971466" lon="14.431093">
				<ele>547.000000</ele>
			</trkpt>
			<trkpt lat="50.971201" lon="14.431345">
				<ele>545.000000</ele>
			</trkpt>
			<trkpt lat="50.970884" lon="14.431615">
				<ele>543.000000</ele>
			</trkpt>
			<trkpt lat="50.970788" lon="14.431686">
				<ele>543.000000</ele>
			</trkpt>
			<trkpt lat="50.970669" lon="14.431776">
				<ele>542.000000</ele>
			</trkpt>
			<trkpt lat="50.970318" lon="14.431956">
				<ele>542.000000</ele>
			</trkpt>
			<trkpt lat="50.970233" lon="14.431992">
				<ele>542.000000</ele>
			</trkpt>
			<trkpt lat="50.970177" lon="14.432028">
				<ele>542.000000</ele>
			</trkpt>
			<trkpt lat="50.970188" lon="14.431938">
				<ele>542.000000</ele>
			</trkpt>
			<trkpt lat="50.970177" lon="14.431894">
				<ele>542.000000</ele>
			</trkpt>
			<trkpt lat="50.970159" lon="14.431866">
				<ele>542.000000</ele>
			</trkpt>
			<trkpt lat="50.969831" lon="14.430833">
				<ele>539.000000</ele>
			</trkpt>
			<trkpt lat="50.969730" lon="14.430563">
				<ele>537.000000</ele>
			</trkpt>
			<trkpt lat="50.969622" lon="14.430313">
				<ele>536.000000</ele>
			</trkpt>
			<trkpt lat="50.969566" lon="14.430213">
				<ele>536.000000</ele>
			</trkpt>
			<trkpt lat="50.969509" lon="14.430141">
				<ele>535.000000</ele>
			</trkpt>
			<trkpt lat="50.969458" lon="14.430078">
				<ele>534.000000</ele>
			</trkpt>
			<trkpt lat="50.969385" lon="14.430016">
				<ele>534.000000</ele>
			</trkpt>
			<trkpt lat="50.969243" lon="14.429988">
				<ele>534.000000</ele>
			</trkpt>
			<trkpt lat="50.969186" lon="14.429971">
				<ele>534.000000</ele>
			</trkpt>
			<trkpt lat="50.969045" lon="14.429998">
				<ele>533.000000</ele>
			</trkpt>
			<trkpt lat="50.968893" lon="14.430034">
				<ele>534.000000</ele>
			</trkpt>
			<trkpt lat="50.968763" lon="14.430078">
				<ele>533.000000</ele>
			</trkpt>
			<trkpt lat="50.968604" lon="14.430150">
				<ele>534.000000</ele>
			</trkpt>
			<trkpt lat="50.968468" lon="14.430267">
				<ele>534.000000</ele>
			</trkpt>
			<trkpt lat="50.968332" lon="14.430420">
				<ele>535.000000</ele>
			</trkpt>
			<trkpt lat="50.968174" lon="14.430672">
				<ele>535.000000</ele>
			</trkpt>
			<trkpt lat="50.968067" lon="14.430852">
				<ele>535.000000</ele>
			</trkpt>
			<trkpt lat="50.967800" lon="14.431345">
				<ele>535.000000</ele>
			</trkpt>
			<trkpt lat="50.967710" lon="14.431471">
				<ele>535.000000</ele>
			</trkpt>
			<trkpt lat="50.967591" lon="14.431615">
				<ele>535.000000</ele>
			</trkpt>
			<trkpt lat="50.967326" lon="14.431902">
				<ele>535.000000</ele>
			</trkpt>
			<trkpt lat="50.967184" lon="14.432037">
				<ele>535.000000</ele>
			</trkpt>
			<trkpt lat="50.967031" lon="14.432135">
				<ele>535.000000</ele>
			</trkpt>
			<trkpt lat="50.966941" lon="14.432181">
				<ele>535.000000</ele>
			</trkpt>
			<trkpt lat="50.966822" lon="14.432208">
				<ele>534.000000</ele>
			</trkpt>
			<trkpt lat="50.966528" lon="14.432297">
				<ele>534.000000</ele>
			</trkpt>
			<trkpt lat="50.966437" lon="14.432342">
				<ele>534.000000</ele>
			</trkpt>
			<trkpt lat="50.966347" lon="14.432397">
				<ele>534.000000</ele>
			</trkpt>
			<trkpt lat="50.966256" lon="14.432460">
				<ele>534.000000</ele>
			</trkpt>
			<trkpt lat="50.966172" lon="14.432540">
				<ele>534.000000</ele>
			</trkpt>
			<trkpt lat="50.966086" lon="14.432648">
				<ele>534.000000</ele>
			</trkpt>
			<trkpt lat="50.966019" lon="14.432756">
				<ele>534.000000</ele>
			</trkpt>
			<trkpt lat="50.965713" lon="14.433223">
				<ele>534.000000</ele>
			</trkpt>
			<trkpt lat="50.965447" lon="14.433708">
				<ele>533.000000</ele>
			</trkpt>
			<trkpt lat="50.965357" lon="14.433896">
				<ele>533.000000</ele>
			</trkpt>
			<trkpt lat="50.965283" lon="14.434076">
				<ele>532.000000</ele>
			</trkpt>
			<trkpt lat="50.965232" lon="14.434274">
				<ele>532.000000</ele>
			</trkpt>
			<trkpt lat="50.965164" lon="14.434661">
				<ele>532.000000</ele>
			</trkpt>
			<trkpt lat="50.965107" lon="14.434902">
				<ele>531.000000</ele>
			</trkpt>
			<trkpt lat="50.965056" lon="14.435288">
				<ele>530.000000</ele>
			</trkpt>
			<trkpt lat="50.965023" lon="14.435523">
				<ele>530.000000</ele>
			</trkpt>
			<trkpt lat="50.964972" lon="14.435703">
				<ele>530.000000</ele>
			</trkpt>
			<trkpt lat="50.964910" lon="14.435863">
				<ele>529.000000</ele>
			</trkpt>
			<trkpt lat="50.964808" lon="14.436034">
				<ele>528.000000</ele>
			</trkpt>
			<trkpt lat="50.964712" lon="14.436152">
				<ele>527.000000</ele>
			</trkpt>
			<trkpt lat="50.964604" lon="14.436269">
				<ele>526.000000</ele>
			</trkpt>
			<trkpt lat="50.964185" lon="14.436672">
				<ele>524.000000</ele>
			</trkpt>
			<trkpt lat="50.964050" lon="14.436726">
				<ele>524.000000</ele>
			</trkpt>
			<trkpt lat="50.963976" lon="14.436753">
				<ele>524.000000</ele>
			</trkpt>
			<trkpt lat="50.963976" lon="14.436753">
				<ele>524.000000</ele>
			</trkpt>
			<trkpt lat="50.963976" lon="14.436753">
				<ele>524.000000</ele>
			</trkpt>
			<trkpt lat="50.963976" lon="14.436753">
				<ele>524.000000</ele>
			</trkpt>
			<trkpt lat="50.963886" lon="14.436745">
				<ele>524.000000</ele>
			</trkpt>
			<trkpt lat="50.963275" lon="14.436582">
				<ele>526.000000</ele>
			</trkpt>
			<trkpt lat="50.963003" lon="14.436529">
				<ele>528.000000</ele>
			</trkpt>
			<trkpt lat="50.962907" lon="14.436529">
				<ele>528.000000</ele>
			</trkpt>
			<trkpt lat="50.962805" lon="14.436546">
				<ele>528.000000</ele>
			</trkpt>
			<trkpt lat="50.962692" lon="14.436556">
				<ele>529.000000</ele>
			</trkpt>
			<trkpt lat="50.962590" lon="14.436573">
				<ele>530.000000</ele>
			</trkpt>
			<trkpt lat="50.962482" lon="14.436546">
				<ele>530.000000</ele>
			</trkpt>
			<trkpt lat="50.962313" lon="14.436519">
				<ele>532.000000</ele>
			</trkpt>
			<trkpt lat="50.962189" lon="14.436483">
				<ele>532.000000</ele>
			</trkpt>
			<trkpt lat="50.961962" lon="14.436366">
				<ele>535.000000</ele>
			</trkpt>
			<trkpt lat="50.961877" lon="14.436366">
				<ele>536.000000</ele>
			</trkpt>
			<trkpt lat="50.961657" lon="14.436376">
				<ele>537.000000</ele>
			</trkpt>
			<trkpt lat="50.960882" lon="14.436349">
				<ele>543.000000</ele>
			</trkpt>
			<trkpt lat="50.960469" lon="14.436358">
				<ele>545.000000</ele>
			</trkpt>
			<trkpt lat="50.960332" lon="14.436358">
				<ele>545.000000</ele>
			</trkpt>
			<trkpt lat="50.960151" lon="14.436358">
				<ele>545.000000</ele>
			</trkpt>
			<trkpt lat="50.959936" lon="14.436349">
				<ele>545.000000</ele>
			</trkpt>
			<trkpt lat="50.959767" lon="14.436322">
				<ele>544.000000</ele>
			</trkpt>
			<trkpt lat="50.959620" lon="14.436269">
				<ele>543.000000</ele>
			</trkpt>
			<trkpt lat="50.959490" lon="14.436187">
				<ele>542.000000</ele>
			</trkpt>
			<trkpt lat="50.959082" lon="14.435837">
				<ele>539.000000</ele>
			</trkpt>
			<trkpt lat="50.958963" lon="14.435737">
				<ele>538.000000</ele>
			</trkpt>
			<trkpt lat="50.958856" lon="14.435666">
				<ele>537.000000</ele>
			</trkpt>
			<trkpt lat="50.958782" lon="14.435621">
				<ele>536.000000</ele>
			</trkpt>
			<trkpt lat="50.958708" lon="14.435594">
				<ele>536.000000</ele>
			</trkpt>
			<trkpt lat="50.958629" lon="14.435594">
				<ele>535.000000</ele>
			</trkpt>
			<trkpt lat="50.958511" lon="14.435586">
				<ele>534.000000</ele>
			</trkpt>
			<trkpt lat="50.958222" lon="14.435550">
				<ele>531.000000</ele>
			</trkpt>
			<trkpt lat="50.957809" lon="14.435567">
				<ele>525.000000</ele>
			</trkpt>
			<trkpt lat="50.957701" lon="14.435540">
				<ele>522.000000</ele>
			</trkpt>
			<trkpt lat="50.957594" lon="14.435496">
				<ele>521.000000</ele>
			</trkpt>
			<trkpt lat="50.957475" lon="14.435441">
				<ele>518.000000</ele>
			</trkpt>
			<trkpt lat="50.957396" lon="14.435414">
				<ele>517.000000</ele>
			</trkpt>
			<trkpt lat="50.957316" lon="14.435387">
				<ele>516.000000</ele>
			</trkpt>
			<trkpt lat="50.957255" lon="14.435343">
				<ele>514.000000</ele>
			</trkpt>
			<trkpt lat="50.957153" lon="14.435288">
				<ele>513.000000</ele>
			</trkpt>
			<trkpt lat="50.957090" lon="14.435271">
				<ele>512.000000</ele>
			</trkpt>
			<trkpt lat="50.957028" lon="14.435261">
				<ele>511.000000</ele>
			</trkpt>
			<trkpt lat="50.956954" lon="14.435261">
				<ele>510.000000</ele>
			</trkpt>
			<trkpt lat="50.956768" lon="14.435307">
				<ele>507.000000</ele>
			</trkpt>
			<trkpt lat="50.956598" lon="14.434095">
				<ele>511.000000</ele>
			</trkpt>
			<trkpt lat="50.956581" lon="14.433986">
				<ele>511.000000</ele>
			</trkpt>
			<trkpt lat="50.956564" lon="14.433923">
				<ele>511.000000</ele>
			</trkpt>
			<trkpt lat="50.956524" lon="14.433888">
				<ele>511.000000</ele>
			</trkpt>
			<trkpt lat="50.956490" lon="14.433869">
				<ele>510.000000</ele>
			</trkpt>
			<trkpt lat="50.956411" lon="14.433888">
				<ele>509.000000</ele>
			</trkpt>
			<trkpt lat="50.956355" lon="14.433905">
				<ele>509.000000</ele>
			</trkpt>
			<trkpt lat="50.956292" lon="14.433942">
				<ele>507.000000</ele>
			</trkpt>
			<trkpt lat="50.956196" lon="14.434032">
				<ele>505.000000</ele>
			</trkpt>
			<trkpt lat="50.956004" lon="14.434219">
				<ele>500.000000</ele>
			</trkpt>
			<trkpt lat="50.955879" lon="14.434364">
				<ele>497.000000</ele>
			</trkpt>
			<trkpt lat="50.955755" lon="14.434534">
				<ele>494.000000</ele>
			</trkpt>
			<trkpt lat="50.955613" lon="14.434768">
				<ele>491.000000</ele>
			</trkpt>
			<trkpt lat="50.955104" lon="14.435613">
				<ele>482.000000</ele>
			</trkpt>
			<trkpt lat="50.954917" lon="14.435927">
				<ele>479.000000</ele>
			</trkpt>
			<trkpt lat="50.954736" lon="14.436160">
				<ele>476.000000</ele>
			</trkpt>
			<trkpt lat="50.954657" lon="14.436259">
				<ele>474.000000</ele>
			</trkpt>
			<trkpt lat="50.954436" lon="14.436600">
				<ele>470.000000</ele>
			</trkpt>
			<trkpt lat="50.954334" lon="14.436718">
				<ele>468.000000</ele>
			</trkpt>
			<trkpt lat="50.954227" lon="14.436816">
				<ele>466.000000</ele>
			</trkpt>
			<trkpt lat="50.954012" lon="14.437032">
				<ele>461.000000</ele>
			</trkpt>
			<trkpt lat="50.953916" lon="14.437104">
				<ele>459.000000</ele>
			</trkpt>
			<trkpt lat="50.953854" lon="14.437148">
				<ele>457.000000</ele>
			</trkpt>
			<trkpt lat="50.953797" lon="14.437211">
				<ele>456.000000</ele>
			</trkpt>
			<trkpt lat="50.953684" lon="14.437364">
				<ele>451.000000</ele>
			</trkpt>
			<trkpt lat="50.953593" lon="14.437498">
				<ele>449.000000</ele>
			</trkpt>
			<trkpt lat="50.953503" lon="14.437571">
				<ele>446.000000</ele>
			</trkpt>
			<trkpt lat="50.953441" lon="14.437598">
				<ele>445.000000</ele>
			</trkpt>
			<trkpt lat="50.953378" lon="14.437615">
				<ele>444.000000</ele>
			</trkpt>
			<trkpt lat="50.953316" lon="14.437598">
				<ele>443.000000</ele>
			</trkpt>
			<trkpt lat="50.953237" lon="14.437588">
				<ele>441.000000</ele>
			</trkpt>
			<trkpt lat="50.952694" lon="14.437535">
				<ele>433.000000</ele>
			</trkpt>
			<trkpt lat="50.952541" lon="14.437525">
				<ele>432.000000</ele>
			</trkpt>
			<trkpt lat="50.952450" lon="14.437508">
				<ele>431.000000</ele>
			</trkpt>
			<trkpt lat="50.952354" lon="14.437462">
				<ele>430.000000</ele>
			</trkpt>
			<trkpt lat="50.952246" lon="14.437408">
				<ele>430.000000</ele>
			</trkpt>
			<trkpt lat="50.952190" lon="14.437372">
				<ele>428.000000</ele>
			</trkpt>
			<trkpt lat="50.952144" lon="14.437355">
				<ele>428.000000</ele>
			</trkpt>
			<trkpt lat="50.952099" lon="14.437355">
				<ele>428.000000</ele>
			</trkpt>
			<trkpt lat="50.952054" lon="14.437372">
				<ele>428.000000</ele>
			</trkpt>
			<trkpt lat="50.952009" lon="14.437400">
				<ele>429.000000</ele>
			</trkpt>
			<trkpt lat="50.951963" lon="14.437454">
				<ele>429.000000</ele>
			</trkpt>
			<trkpt lat="50.951924" lon="14.437517">
				<ele>429.000000</ele>
			</trkpt>
			<trkpt lat="50.951884" lon="14.437588">
				<ele>430.000000</ele>
			</trkpt>
			<trkpt lat="50.951822" lon="14.437714">
				<ele>430.000000</ele>
			</trkpt>
			<trkpt lat="50.951692" lon="14.437957">
				<ele>430.000000</ele>
			</trkpt>
			<trkpt lat="50.951629" lon="14.438074">
				<ele>429.000000</ele>
			</trkpt>
			<trkpt lat="50.951584" lon="14.438190">
				<ele>429.000000</ele>
			</trkpt>
			<trkpt lat="50.951556" lon="14.438298">
				<ele>428.000000</ele>
			</trkpt>
			<trkpt lat="50.951522" lon="14.438460">
				<ele>428.000000</ele>
			</trkpt>
			<trkpt lat="50.951471" lon="14.438829">
				<ele>428.000000</ele>
			</trkpt>
			<trkpt lat="50.951397" lon="14.439403">
				<ele>429.000000</ele>
			</trkpt>
			<trkpt lat="50.950203" lon="14.439655">
				<ele>423.000000</ele>
			</trkpt>
			<trkpt lat="50.949434" lon="14.439835">
				<ele>418.000000</ele>
			</trkpt>
			<trkpt lat="50.949332" lon="14.439852">
				<ele>417.000000</ele>
			</trkpt>
			<trkpt lat="50.949235" lon="14.439879">
				<ele>417.000000</ele>
			</trkpt>
			<trkpt lat="50.949173" lon="14.439924">
				<ele>417.000000</ele>
			</trkpt>
			<trkpt lat="50.949111" lon="14.439995">
				<ele>416.000000</ele>
			</trkpt>
			<trkpt lat="50.949066" lon="14.440068">
				<ele>416.000000</ele>
			</trkpt>
			<trkpt lat="50.949020" lon="14.440167">
				<ele>415.000000</ele>
			</trkpt>
			<trkpt lat="50.948913" lon="14.440500">
				<ele>414.000000</ele>
			</trkpt>
			<trkpt lat="50.948817" lon="14.440796">
				<ele>412.000000</ele>
			</trkpt>
			<trkpt lat="50.948727" lon="14.441003">
				<ele>411.000000</ele>
			</trkpt>
			<trkpt lat="50.948636" lon="14.441154">
				<ele>410.000000</ele>
			</trkpt>
			<trkpt lat="50.948556" lon="14.441253">
				<ele>408.000000</ele>
			</trkpt>
			<trkpt lat="50.948398" lon="14.441433">
				<ele>405.000000</ele>
			</trkpt>
			<trkpt lat="50.947753" lon="14.441452">
				<ele>400.000000</ele>
			</trkpt>
			<trkpt lat="50.947753" lon="14.441452">
				<ele>400.000000</ele>
			</trkpt>
			<trkpt lat="50.947747" lon="14.441452">
				<ele>400.000000</ele>
			</trkpt>
			<trkpt lat="50.947776" lon="14.441748">
				<ele>400.000000</ele>
			</trkpt>
			<trkpt lat="50.947798" lon="14.441919">
				<ele>400.000000</ele>
			</trkpt>
			<trkpt lat="50.947827" lon="14.442259">
				<ele>400.000000</ele>
			</trkpt>
			<trkpt lat="50.947990" lon="14.442871">
				<ele>403.000000</ele>
			</trkpt>
			<trkpt lat="50.947821" lon="14.443041">
				<ele>408.000000</ele>
			</trkpt>
			<trkpt lat="50.948002" lon="14.443670">
				<ele>411.000000</ele>
			</trkpt>
			<trkpt lat="50.948092" lon="14.443949">
				<ele>412.000000</ele>
			</trkpt>
			<trkpt lat="50.948115" lon="14.444012">
				<ele>411.000000</ele>
			</trkpt>
			<trkpt lat="50.948121" lon="14.444066">
				<ele>412.000000</ele>
			</trkpt>
			<trkpt lat="50.948115" lon="14.444119">
				<ele>413.000000</ele>
			</trkpt>
			<trkpt lat="50.948098" lon="14.444182">
				<ele>414.000000</ele>
			</trkpt>
			<trkpt lat="50.948059" lon="14.444282">
				<ele>415.000000</ele>
			</trkpt>
			<trkpt lat="50.948053" lon="14.444380">
				<ele>417.000000</ele>
			</trkpt>
			<trkpt lat="50.948053" lon="14.444496">
				<ele>417.000000</ele>
			</trkpt>
			<trkpt lat="50.948064" lon="14.444640">
				<ele>418.000000</ele>
			</trkpt>
			<trkpt lat="50.948098" lon="14.444874">
				<ele>419.000000</ele>
			</trkpt>
			<trkpt lat="50.948098" lon="14.445108">
				<ele>421.000000</ele>
			</trkpt>
			<trkpt lat="50.948098" lon="14.445224">
				<ele>422.000000</ele>
			</trkpt>
			<trkpt lat="50.948110" lon="14.445287">
				<ele>423.000000</ele>
			</trkpt>
			<trkpt lat="50.948126" lon="14.445359">
				<ele>424.000000</ele>
			</trkpt>
			<trkpt lat="50.948155" lon="14.445404">
				<ele>424.000000</ele>
			</trkpt>
			<trkpt lat="50.948279" lon="14.445574">
				<ele>427.000000</ele>
			</trkpt>
			<trkpt lat="50.948336" lon="14.445655">
				<ele>428.000000</ele>
			</trkpt>
			<trkpt lat="50.948364" lon="14.445745">
				<ele>429.000000</ele>
			</trkpt>
			<trkpt lat="50.948364" lon="14.445844">
				<ele>431.000000</ele>
			</trkpt>
			<trkpt lat="50.948336" lon="14.445997">
				<ele>434.000000</ele>
			</trkpt>
			<trkpt lat="50.948251" lon="14.446338">
				<ele>438.000000</ele>
			</trkpt>
			<trkpt lat="50.948200" lon="14.446689">
				<ele>441.000000</ele>
			</trkpt>
			<trkpt lat="50.948155" lon="14.446932">
				<ele>444.000000</ele>
			</trkpt>
			<trkpt lat="50.948143" lon="14.447012">
				<ele>444.000000</ele>
			</trkpt>
			<trkpt lat="50.948126" lon="14.447282">
				<ele>445.000000</ele>
			</trkpt>
			<trkpt lat="50.948087" lon="14.447524">
				<ele>445.000000</ele>
			</trkpt>
			<trkpt lat="50.947996" lon="14.447865">
				<ele>445.000000</ele>
			</trkpt>
			<trkpt lat="50.947968" lon="14.448027">
				<ele>444.000000</ele>
			</trkpt>
			<trkpt lat="50.947917" lon="14.448351">
				<ele>442.000000</ele>
			</trkpt>
			<trkpt lat="50.947911" lon="14.448467">
				<ele>441.000000</ele>
			</trkpt>
			<trkpt lat="50.947911" lon="14.448593">
				<ele>440.000000</ele>
			</trkpt>
			<trkpt lat="50.947911" lon="14.448764">
				<ele>439.000000</ele>
			</trkpt>
			<trkpt lat="50.947894" lon="14.448926">
				<ele>438.000000</ele>
			</trkpt>
			<trkpt lat="50.947860" lon="14.449077">
				<ele>437.000000</ele>
			</trkpt>
			<trkpt lat="50.947798" lon="14.449293">
				<ele>437.000000</ele>
			</trkpt>
			<trkpt lat="50.947679" lon="14.449482">
				<ele>436.000000</ele>
			</trkpt>
			<trkpt lat="50.947554" lon="14.449635">
				<ele>435.000000</ele>
			</trkpt>
			<trkpt lat="50.947413" lon="14.449788">
				<ele>434.000000</ele>
			</trkpt>
			<trkpt lat="50.947221" lon="14.449959">
				<ele>432.000000</ele>
			</trkpt>
			<trkpt lat="50.946938" lon="14.450174">
				<ele>430.000000</ele>
			</trkpt>
			<trkpt lat="50.946774" lon="14.450345">
				<ele>429.000000</ele>
			</trkpt>
			<trkpt lat="50.946632" lon="14.450488">
				<ele>429.000000</ele>
			</trkpt>
			<trkpt lat="50.946542" lon="14.450551">
				<ele>428.000000</ele>
			</trkpt>
			<trkpt lat="50.946496" lon="14.450561">
				<ele>428.000000</ele>
			</trkpt>
			<trkpt lat="50.946462" lon="14.450561">
				<ele>428.000000</ele>
			</trkpt>
			<trkpt lat="50.946429" lon="14.450551">
				<ele>428.000000</ele>
			</trkpt>
			<trkpt lat="50.946389" lon="14.450506">
				<ele>427.000000</ele>
			</trkpt>
			<trkpt lat="50.946264" lon="14.450398">
				<ele>427.000000</ele>
			</trkpt>
			<trkpt lat="50.946100" lon="14.450282">
				<ele>425.000000</ele>
			</trkpt>
			<trkpt lat="50.945936" lon="14.451135">
				<ele>427.000000</ele>
			</trkpt>
			<trkpt lat="50.945845" lon="14.451693">
				<ele>428.000000</ele>
			</trkpt>
			<trkpt lat="50.945766" lon="14.452169">
				<ele>428.000000</ele>
			</trkpt>
			<trkpt lat="50.945687" lon="14.452582">
				<ele>427.000000</ele>
			</trkpt>
			<trkpt lat="50.945647" lon="14.452735">
				<ele>427.000000</ele>
			</trkpt>
			<trkpt lat="50.945529" lon="14.453121">
				<ele>426.000000</ele>
			</trkpt>
			<trkpt lat="50.945450" lon="14.453461">
				<ele>423.000000</ele>
			</trkpt>
			<trkpt lat="50.945489" lon="14.453677">
				<ele>423.000000</ele>
			</trkpt>
			<trkpt lat="50.945534" lon="14.453830">
				<ele>422.000000</ele>
			</trkpt>
			<trkpt lat="50.945608" lon="14.453991">
				<ele>422.000000</ele>
			</trkpt>
			<trkpt lat="50.945698" lon="14.454127">
				<ele>422.000000</ele>
			</trkpt>
			<trkpt lat="50.945868" lon="14.454369">
				<ele>422.000000</ele>
			</trkpt>
			<trkpt lat="50.945914" lon="14.454467">
				<ele>421.000000</ele>
			</trkpt>
			<trkpt lat="50.945947" lon="14.454567">
				<ele>422.000000</ele>
			</trkpt>
			<trkpt lat="50.945976" lon="14.454683">
				<ele>420.000000</ele>
			</trkpt>
			<trkpt lat="50.945998" lon="14.454809">
				<ele>419.000000</ele>
			</trkpt>
			<trkpt lat="50.946004" lon="14.454972">
				<ele>418.000000</ele>
			</trkpt>
			<trkpt lat="50.946004" lon="14.455123">
				<ele>418.000000</ele>
			</trkpt>
			<trkpt lat="50.945965" lon="14.456022">
				<ele>420.000000</ele>
			</trkpt>
			<trkpt lat="50.945958" lon="14.456381">
				<ele>424.000000</ele>
			</trkpt>
			<trkpt lat="50.945958" lon="14.456758">
				<ele>429.000000</ele>
			</trkpt>
			<trkpt lat="50.945970" lon="14.457145">
				<ele>433.000000</ele>
			</trkpt>
			<trkpt lat="50.945993" lon="14.457702">
				<ele>438.000000</ele>
			</trkpt>
			<trkpt lat="50.946021" lon="14.457855">
				<ele>439.000000</ele>
			</trkpt>
			<trkpt lat="50.946055" lon="14.458043">
				<ele>441.000000</ele>
			</trkpt>
			<trkpt lat="50.946100" lon="14.458268">
				<ele>443.000000</ele>
			</trkpt>
			<trkpt lat="50.946123" lon="14.458456">
				<ele>444.000000</ele>
			</trkpt>
			<trkpt lat="50.946128" lon="14.458627">
				<ele>445.000000</ele>
			</trkpt>
			<trkpt lat="50.946134" lon="14.458798">
				<ele>446.000000</ele>
			</trkpt>
			<trkpt lat="50.946117" lon="14.458968">
				<ele>448.000000</ele>
			</trkpt>
			<trkpt lat="50.946078" lon="14.459148">
				<ele>450.000000</ele>
			</trkpt>
			<trkpt lat="50.946038" lon="14.459319">
				<ele>451.000000</ele>
			</trkpt>
			<trkpt lat="50.945965" lon="14.459534">
				<ele>452.000000</ele>
			</trkpt>
			<trkpt lat="50.945744" lon="14.460064">
				<ele>456.000000</ele>
			</trkpt>
			<trkpt lat="50.945557" lon="14.460478">
				<ele>459.000000</ele>
			</trkpt>
			<trkpt lat="50.945325" lon="14.460899">
				<ele>462.000000</ele>
			</trkpt>
			<trkpt lat="50.945019" lon="14.461367">
				<ele>466.000000</ele>
			</trkpt>
			<trkpt lat="50.944866" lon="14.461582">
				<ele>467.000000</ele>
			</trkpt>
			<trkpt lat="50.944725" lon="14.461744">
				<ele>469.000000</ele>
			</trkpt>
			<trkpt lat="50.944583" lon="14.461843">
				<ele>471.000000</ele>
			</trkpt>
			<trkpt lat="50.944391" lon="14.461951">
				<ele>474.000000</ele>
			</trkpt>
			<trkpt lat="50.944436" lon="14.462104">
				<ele>474.000000</ele>
			</trkpt>
			<trkpt lat="50.944448" lon="14.462220">
				<ele>474.000000</ele>
			</trkpt>
			<trkpt lat="50.944448" lon="14.462328">
				<ele>474.000000</ele>
			</trkpt>
			<trkpt lat="50.944442" lon="14.462427">
				<ele>474.000000</ele>
			</trkpt>
			<trkpt lat="50.944402" lon="14.462633">
				<ele>475.000000</ele>
			</trkpt>
			<trkpt lat="50.944379" lon="14.462733">
				<ele>475.000000</ele>
			</trkpt>
			<trkpt lat="50.944317" lon="14.462813">
				<ele>476.000000</ele>
			</trkpt>
			<trkpt lat="50.944255" lon="14.462832">
				<ele>477.000000</ele>
			</trkpt>
			<trkpt lat="50.944198" lon="14.462876">
				<ele>478.000000</ele>
			</trkpt>
			<trkpt lat="50.943955" lon="14.463092">
				<ele>481.000000</ele>
			</trkpt>
			<trkpt lat="50.943768" lon="14.463280">
				<ele>483.000000</ele>
			</trkpt>
			<trkpt lat="50.943598" lon="14.463459">
				<ele>485.000000</ele>
			</trkpt>
			<trkpt lat="50.943440" lon="14.463666">
				<ele>486.000000</ele>
			</trkpt>
			<trkpt lat="50.943321" lon="14.463819">
				<ele>487.000000</ele>
			</trkpt>
			<trkpt lat="50.943259" lon="14.463891">
				<ele>487.000000</ele>
			</trkpt>
			<trkpt lat="50.943134" lon="14.463864">
				<ele>489.000000</ele>
			</trkpt>
			<trkpt lat="50.942987" lon="14.463882">
				<ele>491.000000</ele>
			</trkpt>
			<trkpt lat="50.942828" lon="14.463945">
				<ele>494.000000</ele>
			</trkpt>
			<trkpt lat="50.942659" lon="14.464025">
				<ele>497.000000</ele>
			</trkpt>
			<trkpt lat="50.942557" lon="14.464088">
				<ele>500.000000</ele>
			</trkpt>
			<trkpt lat="50.942404" lon="14.464214">
				<ele>505.000000</ele>
			</trkpt>
			<trkpt lat="50.942342" lon="14.464260">
				<ele>507.000000</ele>
			</trkpt>
			<trkpt lat="50.942262" lon="14.464295">
				<ele>509.000000</ele>
			</trkpt>
			<trkpt lat="50.942234" lon="14.464295">
				<ele>510.000000</ele>
			</trkpt>
			<trkpt lat="50.942200" lon="14.464277">
				<ele>511.000000</ele>
			</trkpt>
			<trkpt lat="50.942144" lon="14.464232">
				<ele>512.000000</ele>
			</trkpt>
			<trkpt lat="50.942099" lon="14.464224">
				<ele>513.000000</ele>
			</trkpt>
			<trkpt lat="50.942048" lon="14.464232">
				<ele>514.000000</ele>
			</trkpt>
			<trkpt lat="50.941985" lon="14.464277">
				<ele>516.000000</ele>
			</trkpt>
			<trkpt lat="50.941895" lon="14.464377">
				<ele>519.000000</ele>
			</trkpt>
			<trkpt lat="50.941589" lon="14.464754">
				<ele>528.000000</ele>
			</trkpt>
			<trkpt lat="50.941464" lon="14.464897">
				<ele>530.000000</ele>
			</trkpt>
			<trkpt lat="50.941369" lon="14.465014">
				<ele>532.000000</ele>
			</trkpt>
			<trkpt lat="50.941267" lon="14.465104">
				<ele>535.000000</ele>
			</trkpt>
			<trkpt lat="50.941153" lon="14.465176">
				<ele>538.000000</ele>
			</trkpt>
			<trkpt lat="50.941006" lon="14.465247">
				<ele>541.000000</ele>
			</trkpt>
			<trkpt lat="50.940938" lon="14.465274">
				<ele>542.000000</ele>
			</trkpt>
			<trkpt lat="50.940757" lon="14.465320">
				<ele>544.000000</ele>
			</trkpt>
			<trkpt lat="50.940683" lon="14.465364">
				<ele>545.000000</ele>
			</trkpt>
			<trkpt lat="50.940621" lon="14.465419">
				<ele>547.000000</ele>
			</trkpt>
			<trkpt lat="50.940479" lon="14.465625">
				<ele>553.000000</ele>
			</trkpt>
			<trkpt lat="50.940434" lon="14.465661">
				<ele>555.000000</ele>
			</trkpt>
			<trkpt lat="50.940389" lon="14.465679">
				<ele>557.000000</ele>
			</trkpt>
			<trkpt lat="50.940361" lon="14.465661">
				<ele>558.000000</ele>
			</trkpt>
			<trkpt lat="50.940344" lon="14.465652">
				<ele>559.000000</ele>
			</trkpt>
			<trkpt lat="50.940298" lon="14.465562">
				<ele>559.000000</ele>
			</trkpt>
			<trkpt lat="50.940202" lon="14.465283">
				<ele>560.000000</ele>
			</trkpt>
			<trkpt lat="50.940163" lon="14.465212">
				<ele>561.000000</ele>
			</trkpt>
			<trkpt lat="50.940112" lon="14.465157">
				<ele>563.000000</ele>
			</trkpt>
			<trkpt lat="50.940089" lon="14.465140">
				<ele>565.000000</ele>
			</trkpt>
			<trkpt lat="50.940044" lon="14.465130">
				<ele>567.000000</ele>
			</trkpt>
			<trkpt lat="50.939999" lon="14.465140">
				<ele>570.000000</ele>
			</trkpt>
			<trkpt lat="50.939964" lon="14.465185">
				<ele>572.000000</ele>
			</trkpt>
			<trkpt lat="50.939936" lon="14.465239">
				<ele>573.000000</ele>
			</trkpt>
			<trkpt lat="50.939840" lon="14.465589">
				<ele>577.000000</ele>
			</trkpt>
			<trkpt lat="50.939806" lon="14.465670">
				<ele>577.000000</ele>
			</trkpt>
			<trkpt lat="50.939761" lon="14.465742">
				<ele>578.000000</ele>
			</trkpt>
			<trkpt lat="50.939687" lon="14.465832">
				<ele>579.000000</ele>
			</trkpt>
			<trkpt lat="50.939681" lon="14.465759">
				<ele>579.000000</ele>
			</trkpt>
			<trkpt lat="50.939681" lon="14.465759">
				<ele>579.000000</ele>
			</trkpt>
			<trkpt lat="50.939687" lon="14.465832">
				<ele>579.000000</ele>
			</trkpt>
			<trkpt lat="50.939665" lon="14.465876">
				<ele>579.000000</ele>
			</trkpt>
			<trkpt lat="50.939647" lon="14.465939">
				<ele>578.000000</ele>
			</trkpt>
			<trkpt lat="50.939636" lon="14.466048">
				<ele>576.000000</ele>
			</trkpt>
			<trkpt lat="50.939630" lon="14.466272">
				<ele>572.000000</ele>
			</trkpt>
			<trkpt lat="50.939614" lon="14.466344">
				<ele>570.000000</ele>
			</trkpt>
			<trkpt lat="50.939591" lon="14.466415">
				<ele>568.000000</ele>
			</trkpt>
			<trkpt lat="50.939557" lon="14.466442">
				<ele>568.000000</ele>
			</trkpt>
			<trkpt lat="50.939512" lon="14.466461">
				<ele>567.000000</ele>
			</trkpt>
			<trkpt lat="50.939478" lon="14.466442">
				<ele>567.000000</ele>
			</trkpt>
			<trkpt lat="50.939449" lon="14.466388">
				<ele>568.000000</ele>
			</trkpt>
			<trkpt lat="50.939421" lon="14.466335">
				<ele>569.000000</ele>
			</trkpt>
			<trkpt lat="50.939370" lon="14.466272">
				<ele>569.000000</ele>
			</trkpt>
			<trkpt lat="50.939285" lon="14.466235">
				<ele>567.000000</ele>
			</trkpt>
			<trkpt lat="50.939257" lon="14.466191">
				<ele>566.000000</ele>
			</trkpt>
			<trkpt lat="50.939234" lon="14.466146">
				<ele>566.000000</ele>
			</trkpt>
			<trkpt lat="50.939206" lon="14.466146">
				<ele>565.000000</ele>
			</trkpt>
			<trkpt lat="50.939178" lon="14.466164">
				<ele>563.000000</ele>
			</trkpt>
			<trkpt lat="50.939160" lon="14.466235">
				<ele>561.000000</ele>
			</trkpt>
			<trkpt lat="50.939144" lon="14.466316">
				<ele>559.000000</ele>
			</trkpt>
			<trkpt lat="50.939116" lon="14.466352">
				<ele>558.000000</ele>
			</trkpt>
			<trkpt lat="50.939087" lon="14.466362">
				<ele>556.000000</ele>
			</trkpt>
			<trkpt lat="50.939070" lon="14.466362">
				<ele>555.000000</ele>
			</trkpt>
			<trkpt lat="50.939042" lon="14.466335">
				<ele>554.000000</ele>
			</trkpt>
			<trkpt lat="50.939025" lon="14.466308">
				<ele>554.000000</ele>
			</trkpt>
			<trkpt lat="50.938997" lon="14.466235">
				<ele>553.000000</ele>
			</trkpt>
			<trkpt lat="50.938974" lon="14.466191">
				<ele>552.000000</ele>
			</trkpt>
			<trkpt lat="50.938946" lon="14.466191">
				<ele>551.000000</ele>
			</trkpt>
			<trkpt lat="50.938934" lon="14.466209">
				<ele>550.000000</ele>
			</trkpt>
			<trkpt lat="50.938912" lon="14.466308">
				<ele>548.000000</ele>
			</trkpt>
			<trkpt lat="50.938900" lon="14.466335">
				<ele>547.000000</ele>
			</trkpt>
			<trkpt lat="50.938872" lon="14.466352">
				<ele>546.000000</ele>
			</trkpt>
			<trkpt lat="50.938844" lon="14.466325">
				<ele>545.000000</ele>
			</trkpt>
			<trkpt lat="50.938793" lon="14.466235">
				<ele>543.000000</ele>
			</trkpt>
			<trkpt lat="50.938691" lon="14.466038">
				<ele>540.000000</ele>
			</trkpt>
			<trkpt lat="50.938640" lon="14.465985">
				<ele>538.000000</ele>
			</trkpt>
			<trkpt lat="50.938555" lon="14.465912">
				<ele>536.000000</ele>
			</trkpt>
			<trkpt lat="50.938538" lon="14.465903">
				<ele>536.000000</ele>
			</trkpt>
			<trkpt lat="50.938487" lon="14.465903">
				<ele>535.000000</ele>
			</trkpt>
			<trkpt lat="50.938430" lon="14.465912">
				<ele>534.000000</ele>
			</trkpt>
			<trkpt lat="50.938232" lon="14.466029">
				<ele>529.000000</ele>
			</trkpt>
			<trkpt lat="50.938170" lon="14.466029">
				<ele>527.000000</ele>
			</trkpt>
			<trkpt lat="50.938108" lon="14.466020">
				<ele>526.000000</ele>
			</trkpt>
			<trkpt lat="50.938034" lon="14.465903">
				<ele>525.000000</ele>
			</trkpt>
			<trkpt lat="50.937927" lon="14.465769">
				<ele>523.000000</ele>
			</trkpt>
			<trkpt lat="50.937847" lon="14.465679">
				<ele>523.000000</ele>
			</trkpt>
			<trkpt lat="50.937762" lon="14.465625">
				<ele>521.000000</ele>
			</trkpt>
			<trkpt lat="50.937683" lon="14.465607">
				<ele>520.000000</ele>
			</trkpt>
			<trkpt lat="50.937514" lon="14.465598">
				<ele>517.000000</ele>
			</trkpt>
			<trkpt lat="50.937451" lon="14.465572">
				<ele>516.000000</ele>
			</trkpt>
			<trkpt lat="50.937383" lon="14.465526">
				<ele>515.000000</ele>
			</trkpt>
			<trkpt lat="50.937304" lon="14.465446">
				<ele>515.000000</ele>
			</trkpt>
			<trkpt lat="50.937151" lon="14.465176">
				<ele>512.000000</ele>
			</trkpt>
			<trkpt lat="50.936613" lon="14.464331">
				<ele>506.000000</ele>
			</trkpt>
			<trkpt lat="50.936489" lon="14.464115">
				<ele>505.000000</ele>
			</trkpt>
			<trkpt lat="50.935843" lon="14.463073">
				<ele>494.000000</ele>
			</trkpt>
			<trkpt lat="50.935713" lon="14.463172">
				<ele>493.000000</ele>
			</trkpt>
			<trkpt lat="50.935566" lon="14.463298">
				<ele>491.000000</ele>
			</trkpt>
			<trkpt lat="50.935436" lon="14.463459">
				<ele>491.000000</ele>
			</trkpt>
			<trkpt lat="50.935130" lon="14.463918">
				<ele>490.000000</ele>
			</trkpt>
			<trkpt lat="50.935051" lon="14.464017">
				<ele>490.000000</ele>
			</trkpt>
			<trkpt lat="50.934960" lon="14.464107">
				<ele>490.000000</ele>
			</trkpt>
			<trkpt lat="50.934881" lon="14.464134">
				<ele>488.000000</ele>
			</trkpt>
			<trkpt lat="50.934751" lon="14.464107">
				<ele>488.000000</ele>
			</trkpt>
			<trkpt lat="50.934689" lon="14.463964">
				<ele>487.000000</ele>
			</trkpt>
			<trkpt lat="50.934609" lon="14.463864">
				<ele>486.000000</ele>
			</trkpt>
			<trkpt lat="50.934507" lon="14.463756">
				<ele>485.000000</ele>
			</trkpt>
			<trkpt lat="50.934371" lon="14.463568">
				<ele>484.000000</ele>
			</trkpt>
			<trkpt lat="50.934264" lon="14.463433">
				<ele>483.000000</ele>
			</trkpt>
			<trkpt lat="50.934174" lon="14.463316">
				<ele>483.000000</ele>
			</trkpt>
			<trkpt lat="50.933579" lon="14.463505">
				<ele>481.000000</ele>
			</trkpt>
			<trkpt lat="50.933364" lon="14.463585">
				<ele>480.000000</ele>
			</trkpt>
			<trkpt lat="50.933171" lon="14.463666">
				<ele>480.000000</ele>
			</trkpt>
			<trkpt lat="50.932962" lon="14.463801">
				<ele>479.000000</ele>
			</trkpt>
			<trkpt lat="50.932684" lon="14.463999">
				<ele>478.000000</ele>
			</trkpt>
			<trkpt lat="50.932588" lon="14.464062">
				<ele>478.000000</ele>
			</trkpt>
			<trkpt lat="50.932503" lon="14.464107">
				<ele>477.000000</ele>
			</trkpt>
			<trkpt lat="50.932424" lon="14.464134">
				<ele>477.000000</ele>
			</trkpt>
			<trkpt lat="50.932362" lon="14.464134">
				<ele>477.000000</ele>
			</trkpt>
			<trkpt lat="50.932305" lon="14.464134">
				<ele>477.000000</ele>
			</trkpt>
			<trkpt lat="50.932271" lon="14.464161">
				<ele>476.000000</ele>
			</trkpt>
			<trkpt lat="50.932243" lon="14.464205">
				<ele>476.000000</ele>
			</trkpt>
			<trkpt lat="50.932220" lon="14.464295">
				<ele>476.000000</ele>
			</trkpt>
			<trkpt lat="50.932141" lon="14.464493">
				<ele>476.000000</ele>
			</trkpt>
			<trkpt lat="50.931965" lon="14.464385">
				<ele>475.000000</ele>
			</trkpt>
			<trkpt lat="50.931982" lon="14.464314">
				<ele>475.000000</ele>
			</trkpt>
			<trkpt lat="50.931982" lon="14.464314">
				<ele>475.000000</ele>
			</trkpt>
			<trkpt lat="50.931965" lon="14.464385">
				<ele>475.000000</ele>
			</trkpt>
			<trkpt lat="50.931863" lon="14.464763">
				<ele>474.000000</ele>
			</trkpt>
			<trkpt lat="50.931745" lon="14.465140">
				<ele>473.000000</ele>
			</trkpt>
			<trkpt lat="50.931535" lon="14.464717">
				<ele>474.000000</ele>
			</trkpt>
			<trkpt lat="50.931235" lon="14.464205">
				<ele>473.000000</ele>
			</trkpt>
			<trkpt lat="50.931065" lon="14.464377">
				<ele>472.000000</ele>
			</trkpt>
			<trkpt lat="50.930923" lon="14.464564">
				<ele>471.000000</ele>
			</trkpt>
			<trkpt lat="50.930816" lon="14.464717">
				<ele>471.000000</ele>
			</trkpt>
			<trkpt lat="50.930765" lon="14.464880">
				<ele>470.000000</ele>
			</trkpt>
			<trkpt lat="50.930629" lon="14.465239">
				<ele>469.000000</ele>
			</trkpt>
			<trkpt lat="50.930584" lon="14.465337">
				<ele>468.000000</ele>
			</trkpt>
			<trkpt lat="50.930522" lon="14.465419">
				<ele>468.000000</ele>
			</trkpt>
			<trkpt lat="50.930459" lon="14.465490">
				<ele>468.000000</ele>
			</trkpt>
			<trkpt lat="50.930392" lon="14.465553">
				<ele>467.000000</ele>
			</trkpt>
			<trkpt lat="50.930290" lon="14.465607">
				<ele>466.000000</ele>
			</trkpt>
			<trkpt lat="50.930182" lon="14.465643">
				<ele>465.000000</ele>
			</trkpt>
			<trkpt lat="50.929938" lon="14.465715">
				<ele>463.000000</ele>
			</trkpt>
			<trkpt lat="50.929678" lon="14.465759">
				<ele>460.000000</ele>
			</trkpt>
			<trkpt lat="50.929384" lon="14.465786">
				<ele>454.000000</ele>
			</trkpt>
			<trkpt lat="50.928789" lon="14.465822">
				<ele>439.000000</ele>
			</trkpt>
			<trkpt lat="50.928744" lon="14.465822">
				<ele>438.000000</ele>
			</trkpt>
			<trkpt lat="50.928698" lon="14.465859">
				<ele>438.000000</ele>
			</trkpt>
			<trkpt lat="50.928648" lon="14.465885">
				<ele>437.000000</ele>
			</trkpt>
			<trkpt lat="50.928603" lon="14.465939">
				<ele>436.000000</ele>
			</trkpt>
			<trkpt lat="50.928540" lon="14.466038">
				<ele>434.000000</ele>
			</trkpt>
			<trkpt lat="50.928523" lon="14.466101">
				<ele>434.000000</ele>
			</trkpt>
			<trkpt lat="50.928511" lon="14.466155">
				<ele>434.000000</ele>
			</trkpt>
			<trkpt lat="50.928489" lon="14.466451">
				<ele>432.000000</ele>
			</trkpt>
			<trkpt lat="50.928444" lon="14.467197">
				<ele>427.000000</ele>
			</trkpt>
			<trkpt lat="50.928409" lon="14.467566">
				<ele>425.000000</ele>
			</trkpt>
			<trkpt lat="50.928387" lon="14.467736">
				<ele>424.000000</ele>
			</trkpt>
			<trkpt lat="50.928342" lon="14.467880">
				<ele>423.000000</ele>
			</trkpt>
			<trkpt lat="50.928297" lon="14.468006">
				<ele>422.000000</ele>
			</trkpt>
			<trkpt lat="50.928234" lon="14.468122">
				<ele>421.000000</ele>
			</trkpt>
			<trkpt lat="50.927906" lon="14.468679">
				<ele>419.000000</ele>
			</trkpt>
			<trkpt lat="50.927753" lon="14.468967">
				<ele>419.000000</ele>
			</trkpt>
			<trkpt lat="50.927595" lon="14.469299">
				<ele>418.000000</ele>
			</trkpt>
			<trkpt lat="50.927459" lon="14.469587">
				<ele>416.000000</ele>
			</trkpt>
			<trkpt lat="50.927323" lon="14.469901">
				<ele>415.000000</ele>
			</trkpt>
			<trkpt lat="50.927198" lon="14.470197">
				<ele>408.000000</ele>
			</trkpt>
			<trkpt lat="50.927113" lon="14.470457">
				<ele>405.000000</ele>
			</trkpt>
			<trkpt lat="50.926887" lon="14.470270">
				<ele>404.000000</ele>
			</trkpt>
			<trkpt lat="50.926779" lon="14.470206">
				<ele>403.000000</ele>
			</trkpt>
			<trkpt lat="50.926620" lon="14.470673">
				<ele>402.000000</ele>
			</trkpt>
			<trkpt lat="50.926564" lon="14.470790">
				<ele>404.000000</ele>
			</trkpt>
			<trkpt lat="50.926502" lon="14.470907">
				<ele>406.000000</ele>
			</trkpt>
			<trkpt lat="50.925986" lon="14.471688">
				<ele>421.000000</ele>
			</trkpt>
			<trkpt lat="50.925851" lon="14.471922">
				<ele>426.000000</ele>
			</trkpt>
			<trkpt lat="50.925715" lon="14.472191">
				<ele>429.000000</ele>
			</trkpt>
			<trkpt lat="50.925432" lon="14.472838">
				<ele>438.000000</ele>
			</trkpt>
			<trkpt lat="50.925364" lon="14.473036">
				<ele>441.000000</ele>
			</trkpt>
			<trkpt lat="50.925273" lon="14.473296">
				<ele>448.000000</ele>
			</trkpt>
			<trkpt lat="50.925211" lon="14.473467">
				<ele>452.000000</ele>
			</trkpt>
			<trkpt lat="50.925012" lon="14.473853">
				<ele>459.000000</ele>
			</trkpt>
			<trkpt lat="50.924927" lon="14.474051">
				<ele>459.000000</ele>
			</trkpt>
			<trkpt lat="50.924978" lon="14.474149">
				<ele>460.000000</ele>
			</trkpt>
			<trkpt lat="50.924996" lon="14.474195">
				<ele>461.000000</ele>
			</trkpt>
			<trkpt lat="50.925007" lon="14.474267">
				<ele>462.000000</ele>
			</trkpt>
			<trkpt lat="50.925007" lon="14.474392">
				<ele>462.000000</ele>
			</trkpt>
			<trkpt lat="50.924990" lon="14.474715">
				<ele>463.000000</ele>
			</trkpt>
			<trkpt lat="50.924984" lon="14.474833">
				<ele>463.000000</ele>
			</trkpt>
			<trkpt lat="50.924967" lon="14.474922">
				<ele>464.000000</ele>
			</trkpt>
			<trkpt lat="50.924882" lon="14.475130">
				<ele>464.000000</ele>
			</trkpt>
			<trkpt lat="50.924803" lon="14.475336">
				<ele>464.000000</ele>
			</trkpt>
			<trkpt lat="50.924752" lon="14.475488">
				<ele>464.000000</ele>
			</trkpt>
			<trkpt lat="50.924701" lon="14.475686">
				<ele>464.000000</ele>
			</trkpt>
			<trkpt lat="50.924661" lon="14.475847">
				<ele>465.000000</ele>
			</trkpt>
			<trkpt lat="50.924639" lon="14.476036">
				<ele>465.000000</ele>
			</trkpt>
			<trkpt lat="50.924628" lon="14.476207">
				<ele>466.000000</ele>
			</trkpt>
			<trkpt lat="50.924622" lon="14.476378">
				<ele>466.000000</ele>
			</trkpt>
			<trkpt lat="50.924628" lon="14.476558">
				<ele>467.000000</ele>
			</trkpt>
			<trkpt lat="50.924112" lon="14.476710">
				<ele>465.000000</ele>
			</trkpt>
			<trkpt lat="50.923812" lon="14.476799">
				<ele>464.000000</ele>
			</trkpt>
			<trkpt lat="50.923551" lon="14.476899">
				<ele>463.000000</ele>
			</trkpt>
			<trkpt lat="50.923331" lon="14.477015">
				<ele>464.000000</ele>
			</trkpt>
			<trkpt lat="50.923121" lon="14.477141">
				<ele>464.000000</ele>
			</trkpt>
			<trkpt lat="50.922918" lon="14.477294">
				<ele>464.000000</ele>
			</trkpt>
			<trkpt lat="50.922708" lon="14.477465">
				<ele>463.000000</ele>
			</trkpt>
			<trkpt lat="50.922493" lon="14.477654">
				<ele>462.000000</ele>
			</trkpt>
			<trkpt lat="50.922680" lon="14.478193">
				<ele>460.000000</ele>
			</trkpt>
			<trkpt lat="50.922731" lon="14.478399">
				<ele>460.000000</ele>
			</trkpt>
			<trkpt lat="50.922787" lon="14.478696">
				<ele>461.000000</ele>
			</trkpt>
			<trkpt lat="50.923144" lon="14.480617">
				<ele>454.000000</ele>
			</trkpt>
			<trkpt lat="50.923183" lon="14.480816">
				<ele>453.000000</ele>
			</trkpt>
			<trkpt lat="50.923274" lon="14.481210">
				<ele>449.000000</ele>
			</trkpt>
			<trkpt lat="50.923183" lon="14.481210">
				<ele>449.000000</ele>
			</trkpt>
			<trkpt lat="50.923093" lon="14.481229">
				<ele>448.000000</ele>
			</trkpt>
			<trkpt lat="50.922680" lon="14.481273">
				<ele>447.000000</ele>
			</trkpt>
			<trkpt lat="50.922504" lon="14.481409">
				<ele>446.000000</ele>
			</trkpt>
			<trkpt lat="50.922340" lon="14.481552">
				<ele>447.000000</ele>
			</trkpt>
			<trkpt lat="50.922210" lon="14.481696">
				<ele>447.000000</ele>
			</trkpt>
			<trkpt lat="50.921909" lon="14.482055">
				<ele>446.000000</ele>
			</trkpt>
			<trkpt lat="50.921779" lon="14.482208">
				<ele>444.000000</ele>
			</trkpt>
			<trkpt lat="50.921320" lon="14.482711">
				<ele>439.000000</ele>
			</trkpt>
			<trkpt lat="50.921122" lon="14.482917">
				<ele>437.000000</ele>
			</trkpt>
			<trkpt lat="50.921122" lon="14.482917">
				<ele>437.000000</ele>
			</trkpt>
			<trkpt lat="50.921122" lon="14.482917">
				<ele>437.000000</ele>
			</trkpt>
			<trkpt lat="50.921145" lon="14.483061">
				<ele>437.000000</ele>
			</trkpt>
			<trkpt lat="50.921145" lon="14.483286">
				<ele>435.000000</ele>
			</trkpt>
			<trkpt lat="50.921145" lon="14.483384">
				<ele>434.000000</ele>
			</trkpt>
			<trkpt lat="50.921162" lon="14.483483">
				<ele>433.000000</ele>
			</trkpt>
			<trkpt lat="50.921269" lon="14.483797">
				<ele>427.000000</ele>
			</trkpt>
			<trkpt lat="50.921298" lon="14.483950">
				<ele>425.000000</ele>
			</trkpt>
			<trkpt lat="50.921309" lon="14.484112">
				<ele>423.000000</ele>
			</trkpt>
			<trkpt lat="50.921304" lon="14.484247">
				<ele>423.000000</ele>
			</trkpt>
			<trkpt lat="50.921247" lon="14.484598">
				<ele>419.000000</ele>
			</trkpt>
			<trkpt lat="50.921230" lon="14.484804">
				<ele>419.000000</ele>
			</trkpt>
			<trkpt lat="50.921241" lon="14.484992">
				<ele>419.000000</ele>
			</trkpt>
			<trkpt lat="50.921269" lon="14.485191">
				<ele>418.000000</ele>
			</trkpt>
			<trkpt lat="50.921332" lon="14.485415">
				<ele>415.000000</ele>
			</trkpt>
			<trkpt lat="50.921377" lon="14.485577">
				<ele>414.000000</ele>
			</trkpt>
			<trkpt lat="50.921406" lon="14.485747">
				<ele>413.000000</ele>
			</trkpt>
			<trkpt lat="50.921428" lon="14.485918">
				<ele>411.000000</ele>
			</trkpt>
			<trkpt lat="50.921434" lon="14.486089">
				<ele>408.000000</ele>
			</trkpt>
			<trkpt lat="50.921434" lon="14.486260">
				<ele>405.000000</ele>
			</trkpt>
			<trkpt lat="50.921428" lon="14.486457">
				<ele>402.000000</ele>
			</trkpt>
			<trkpt lat="50.921400" lon="14.486655">
				<ele>400.000000</ele>
			</trkpt>
			<trkpt lat="50.921366" lon="14.486852">
				<ele>399.000000</ele>
			</trkpt>
			<trkpt lat="50.921343" lon="14.487139">
				<ele>399.000000</ele>
			</trkpt>
			<trkpt lat="50.921332" lon="14.487256">
				<ele>399.000000</ele>
			</trkpt>
			<trkpt lat="50.921343" lon="14.487365">
				<ele>400.000000</ele>
			</trkpt>
			<trkpt lat="50.921377" lon="14.487697">
				<ele>401.000000</ele>
			</trkpt>
			<trkpt lat="50.921457" lon="14.488334">
				<ele>404.000000</ele>
			</trkpt>
			<trkpt lat="50.921473" lon="14.488441">
				<ele>403.000000</ele>
			</trkpt>
			<trkpt lat="50.921507" lon="14.488560">
				<ele>404.000000</ele>
			</trkpt>
			<trkpt lat="50.921490" lon="14.488649">
				<ele>404.000000</ele>
			</trkpt>
			<trkpt lat="50.921473" lon="14.488783">
				<ele>403.000000</ele>
			</trkpt>
			<trkpt lat="50.921439" lon="14.488918">
				<ele>403.000000</ele>
			</trkpt>
			<trkpt lat="50.921394" lon="14.489044">
				<ele>402.000000</ele>
			</trkpt>
			<trkpt lat="50.921343" lon="14.489134">
				<ele>402.000000</ele>
			</trkpt>
			<trkpt lat="50.921190" lon="14.489376">
				<ele>400.000000</ele>
			</trkpt>
			<trkpt lat="50.921173" lon="14.489520">
				<ele>400.000000</ele>
			</trkpt>
			<trkpt lat="50.921128" lon="14.489655">
				<ele>401.000000</ele>
			</trkpt>
			<trkpt lat="50.920834" lon="14.490589">
				<ele>403.000000</ele>
			</trkpt>
			<trkpt lat="50.920720" lon="14.490913">
				<ele>404.000000</ele>
			</trkpt>
			<trkpt lat="50.920516" lon="14.491460">
				<ele>407.000000</ele>
			</trkpt>
			<trkpt lat="50.920437" lon="14.491631">
				<ele>408.000000</ele>
			</trkpt>
			<trkpt lat="50.920380" lon="14.491712">
				<ele>408.000000</ele>
			</trkpt>
			<trkpt lat="50.920318" lon="14.491802">
				<ele>409.000000</ele>
			</trkpt>
			<trkpt lat="50.920244" lon="14.491856">
				<ele>408.000000</ele>
			</trkpt>
			<trkpt lat="50.920160" lon="14.491919">
				<ele>408.000000</ele>
			</trkpt>
			<trkpt lat="50.919746" lon="14.492152">
				<ele>408.000000</ele>
			</trkpt>
			<trkpt lat="50.919599" lon="14.492223">
				<ele>408.000000</ele>
			</trkpt>
			<trkpt lat="50.919423" lon="14.492278">
				<ele>406.000000</ele>
			</trkpt>
			<trkpt lat="50.919423" lon="14.492341">
				<ele>407.000000</ele>
			</trkpt>
			<trkpt lat="50.919412" lon="14.492376">
				<ele>408.000000</ele>
			</trkpt>
			<trkpt lat="50.919395" lon="14.492422">
				<ele>408.000000</ele>
			</trkpt>
			<trkpt lat="50.919361" lon="14.492449">
				<ele>408.000000</ele>
			</trkpt>
			<trkpt lat="50.919197" lon="14.492539">
				<ele>408.000000</ele>
			</trkpt>
			<trkpt lat="50.918863" lon="14.492700">
				<ele>408.000000</ele>
			</trkpt>
			<trkpt lat="50.918410" lon="14.492961">
				<ele>409.000000</ele>
			</trkpt>
			<trkpt lat="50.918200" lon="14.493078">
				<ele>409.000000</ele>
			</trkpt>
			<trkpt lat="50.918132" lon="14.493105">
				<ele>409.000000</ele>
			</trkpt>
			<trkpt lat="50.918047" lon="14.493105">
				<ele>409.000000</ele>
			</trkpt>
			<trkpt lat="50.917979" lon="14.493122">
				<ele>408.000000</ele>
			</trkpt>
			<trkpt lat="50.917911" lon="14.493149">
				<ele>408.000000</ele>
			</trkpt>
			<trkpt lat="50.917849" lon="14.493212">
				<ele>407.000000</ele>
			</trkpt>
			<trkpt lat="50.917798" lon="14.493294">
				<ele>407.000000</ele>
			</trkpt>
			<trkpt lat="50.917770" lon="14.493437">
				<ele>409.000000</ele>
			</trkpt>
			<trkpt lat="50.917752" lon="14.493680">
				<ele>409.000000</ele>
			</trkpt>
			<trkpt lat="50.917719" lon="14.494263">
				<ele>409.000000</ele>
			</trkpt>
			<trkpt lat="50.917701" lon="14.494550">
				<ele>409.000000</ele>
			</trkpt>
			<trkpt lat="50.917645" lon="14.494963">
				<ele>409.000000</ele>
			</trkpt>
			<trkpt lat="50.917628" lon="14.495171">
				<ele>410.000000</ele>
			</trkpt>
			<trkpt lat="50.917599" lon="14.495341">
				<ele>411.000000</ele>
			</trkpt>
			<trkpt lat="50.917583" lon="14.495476">
				<ele>411.000000</ele>
			</trkpt>
			<trkpt lat="50.917549" lon="14.495575">
				<ele>411.000000</ele>
			</trkpt>
			<trkpt lat="50.917486" lon="14.495728">
				<ele>411.000000</ele>
			</trkpt>
			<trkpt lat="50.917362" lon="14.496015">
				<ele>411.000000</ele>
			</trkpt>
			<trkpt lat="50.917254" lon="14.496204">
				<ele>411.000000</ele>
			</trkpt>
			<trkpt lat="50.917073" lon="14.496473">
				<ele>410.000000</ele>
			</trkpt>
			<trkpt lat="50.916858" lon="14.496751">
				<ele>410.000000</ele>
			</trkpt>
			<trkpt lat="50.916427" lon="14.497290">
				<ele>410.000000</ele>
			</trkpt>
			<trkpt lat="50.916297" lon="14.497462">
				<ele>409.000000</ele>
			</trkpt>
			<trkpt lat="50.916252" lon="14.497479">
				<ele>409.000000</ele>
			</trkpt>
			<trkpt lat="50.916212" lon="14.497479">
				<ele>409.000000</ele>
			</trkpt>
			<trkpt lat="50.916173" lon="14.497479">
				<ele>409.000000</ele>
			</trkpt>
			<trkpt lat="50.916133" lon="14.497452">
				<ele>409.000000</ele>
			</trkpt>
			<trkpt lat="50.916042" lon="14.497676">
				<ele>410.000000</ele>
			</trkpt>
			<trkpt lat="50.915946" lon="14.497856">
				<ele>410.000000</ele>
			</trkpt>
			<trkpt lat="50.915793" lon="14.497586">
				<ele>411.000000</ele>
			</trkpt>
			<trkpt lat="50.915482" lon="14.498126">
				<ele>412.000000</ele>
			</trkpt>
			<trkpt lat="50.915312" lon="14.498441">
				<ele>412.000000</ele>
			</trkpt>
			<trkpt lat="50.915176" lon="14.498701">
				<ele>412.000000</ele>
			</trkpt>
			<trkpt lat="50.915096" lon="14.498961">
				<ele>412.000000</ele>
			</trkpt>
			<trkpt lat="50.915012" lon="14.499330">
				<ele>412.000000</ele>
			</trkpt>
			<trkpt lat="50.914966" lon="14.499581">
				<ele>412.000000</ele>
			</trkpt>
			<trkpt lat="50.915045" lon="14.499671">
				<ele>412.000000</ele>
			</trkpt>
			<trkpt lat="50.915012" lon="14.499779">
				<ele>412.000000</ele>
			</trkpt>
			<trkpt lat="50.914994" lon="14.499896">
				<ele>412.000000</ele>
			</trkpt>
			<trkpt lat="50.914842" lon="14.501701">
				<ele>414.000000</ele>
			</trkpt>
			<trkpt lat="50.914813" lon="14.502160">
				<ele>414.000000</ele>
			</trkpt>
			<trkpt lat="50.914791" lon="14.502500">
				<ele>414.000000</ele>
			</trkpt>
			<trkpt lat="50.914751" lon="14.502636">
				<ele>414.000000</ele>
			</trkpt>
			<trkpt lat="50.914711" lon="14.502770">
				<ele>414.000000</ele>
			</trkpt>
			<trkpt lat="50.914502" lon="14.503273">
				<ele>415.000000</ele>
			</trkpt>
			<trkpt lat="50.913850" lon="14.504234">
				<ele>417.000000</ele>
			</trkpt>
			<trkpt lat="50.913765" lon="14.504423">
				<ele>417.000000</ele>
			</trkpt>
			<trkpt lat="50.913709" lon="14.504576">
				<ele>418.000000</ele>
			</trkpt>
			<trkpt lat="50.913675" lon="14.504747">
				<ele>418.000000</ele>
			</trkpt>
			<trkpt lat="50.913658" lon="14.504989">
				<ele>418.000000</ele>
			</trkpt>
			<trkpt lat="50.913675" lon="14.505250">
				<ele>418.000000</ele>
			</trkpt>
			<trkpt lat="50.913641" lon="14.505303">
				<ele>417.000000</ele>
			</trkpt>
			<trkpt lat="50.913612" lon="14.505357">
				<ele>417.000000</ele>
			</trkpt>
			<trkpt lat="50.913596" lon="14.505502">
				<ele>417.000000</ele>
			</trkpt>
			<trkpt lat="50.913590" lon="14.505743">
				<ele>418.000000</ele>
			</trkpt>
			<trkpt lat="50.913561" lon="14.506139">
				<ele>418.000000</ele>
			</trkpt>
			<trkpt lat="50.913556" lon="14.506355">
				<ele>418.000000</ele>
			</trkpt>
			<trkpt lat="50.913567" lon="14.506525">
				<ele>418.000000</ele>
			</trkpt>
			<trkpt lat="50.913584" lon="14.506668">
				<ele>418.000000</ele>
			</trkpt>
			<trkpt lat="50.913612" lon="14.506795">
				<ele>418.000000</ele>
			</trkpt>
			<trkpt lat="50.913641" lon="14.506894">
				<ele>418.000000</ele>
			</trkpt>
			<trkpt lat="50.913658" lon="14.506984">
				<ele>418.000000</ele>
			</trkpt>
			<trkpt lat="50.913658" lon="14.507082">
				<ele>418.000000</ele>
			</trkpt>
			<trkpt lat="50.913658" lon="14.507163">
				<ele>418.000000</ele>
			</trkpt>
			<trkpt lat="50.913579" lon="14.507082">
				<ele>418.000000</ele>
			</trkpt>
			<trkpt lat="50.913386" lon="14.506813">
				<ele>418.000000</ele>
			</trkpt>
			<trkpt lat="50.913386" lon="14.507001">
				<ele>419.000000</ele>
			</trkpt>
			<trkpt lat="50.913386" lon="14.507001">
				<ele>419.000000</ele>
			</trkpt>
			<trkpt lat="50.913386" lon="14.506813">
				<ele>418.000000</ele>
			</trkpt>
			<trkpt lat="50.913307" lon="14.506875">
				<ele>418.000000</ele>
			</trkpt>
			<trkpt lat="50.913227" lon="14.506903">
				<ele>419.000000</ele>
			</trkpt>
			<trkpt lat="50.913142" lon="14.506875">
				<ele>420.000000</ele>
			</trkpt>
			<trkpt lat="50.913052" lon="14.506804">
				<ele>420.000000</ele>
			</trkpt>
			<trkpt lat="50.912989" lon="14.506947">
				<ele>420.000000</ele>
			</trkpt>
			<trkpt lat="50.912876" lon="14.506921">
				<ele>421.000000</ele>
			</trkpt>
			<trkpt lat="50.912831" lon="14.506930">
				<ele>421.000000</ele>
			</trkpt>
			<trkpt lat="50.912344" lon="14.507010">
				<ele>422.000000</ele>
			</trkpt>
			<trkpt lat="50.912208" lon="14.507028">
				<ele>422.000000</ele>
			</trkpt>
			<trkpt lat="50.912095" lon="14.507028">
				<ele>423.000000</ele>
			</trkpt>
			<trkpt lat="50.911455" lon="14.506947">
				<ele>429.000000</ele>
			</trkpt>
			<trkpt lat="50.911290" lon="14.506903">
				<ele>431.000000</ele>
			</trkpt>
			<trkpt lat="50.911211" lon="14.506867">
				<ele>431.000000</ele>
			</trkpt>
			<trkpt lat="50.911137" lon="14.506821">
				<ele>431.000000</ele>
			</trkpt>
			<trkpt lat="50.911001" lon="14.506714">
				<ele>433.000000</ele>
			</trkpt>
			<trkpt lat="50.910684" lon="14.506372">
				<ele>433.000000</ele>
			</trkpt>
			<trkpt lat="50.910406" lon="14.506068">
				<ele>433.000000</ele>
			</trkpt>
			<trkpt lat="50.910362" lon="14.506022">
				<ele>432.000000</ele>
			</trkpt>
			<trkpt lat="50.910316" lon="14.505995">
				<ele>433.000000</ele>
			</trkpt>
			<trkpt lat="50.910260" lon="14.505995">
				<ele>433.000000</ele>
			</trkpt>
			<trkpt lat="50.910209" lon="14.506005">
				<ele>433.000000</ele>
			</trkpt>
			<trkpt lat="50.910152" lon="14.506022">
				<ele>432.000000</ele>
			</trkpt>
			<trkpt lat="50.910101" lon="14.506068">
				<ele>432.000000</ele>
			</trkpt>
			<trkpt lat="50.909931" lon="14.506219">
				<ele>432.000000</ele>
			</trkpt>
			<trkpt lat="50.909024" lon="14.507100">
				<ele>433.000000</ele>
			</trkpt>
			<trkpt lat="50.908809" lon="14.507307">
				<ele>433.000000</ele>
			</trkpt>
			<trkpt lat="50.908623" lon="14.507477">
				<ele>432.000000</ele>
			</trkpt>
			<trkpt lat="50.908073" lon="14.507863">
				<ele>431.000000</ele>
			</trkpt>
			<trkpt lat="50.907915" lon="14.507963">
				<ele>432.000000</ele>
			</trkpt>
			<trkpt lat="50.907688" lon="14.508070">
				<ele>432.000000</ele>
			</trkpt>
			<trkpt lat="50.907642" lon="14.508097">
				<ele>432.000000</ele>
			</trkpt>
			<trkpt lat="50.907609" lon="14.508142">
				<ele>432.000000</ele>
			</trkpt>
			<trkpt lat="50.907580" lon="14.508213">
				<ele>432.000000</ele>
			</trkpt>
			<trkpt lat="50.907563" lon="14.508313">
				<ele>432.000000</ele>
			</trkpt>
			<trkpt lat="50.907529" lon="14.508582">
				<ele>434.000000</ele>
			</trkpt>
			<trkpt lat="50.907484" lon="14.508808">
				<ele>437.000000</ele>
			</trkpt>
			<trkpt lat="50.907433" lon="14.509014">
				<ele>438.000000</ele>
			</trkpt>
			<trkpt lat="50.907371" lon="14.509211">
				<ele>439.000000</ele>
			</trkpt>
			<trkpt lat="50.907263" lon="14.509481">
				<ele>440.000000</ele>
			</trkpt>
			<trkpt lat="50.907082" lon="14.509301">
				<ele>439.000000</ele>
			</trkpt>
			<trkpt lat="50.906651" lon="14.508808">
				<ele>438.000000</ele>
			</trkpt>
			<trkpt lat="50.906566" lon="14.508718">
				<ele>438.000000</ele>
			</trkpt>
			<trkpt lat="50.906481" lon="14.508689">
				<ele>439.000000</ele>
			</trkpt>
			<trkpt lat="50.905739" lon="14.508475">
				<ele>441.000000</ele>
			</trkpt>
			<trkpt lat="50.905479" lon="14.508492">
				<ele>442.000000</ele>
			</trkpt>
			<trkpt lat="50.904708" lon="14.508655">
				<ele>445.000000</ele>
			</trkpt>
			<trkpt lat="50.904278" lon="14.508726">
				<ele>446.000000</ele>
			</trkpt>
			<trkpt lat="50.904148" lon="14.508744">
				<ele>447.000000</ele>
			</trkpt>
			<trkpt lat="50.904017" lon="14.508735">
				<ele>448.000000</ele>
			</trkpt>
			<trkpt lat="50.903836" lon="14.508735">
				<ele>449.000000</ele>
			</trkpt>
			<trkpt lat="50.903683" lon="14.508753">
				<ele>450.000000</ele>
			</trkpt>
			<trkpt lat="50.903116" lon="14.508825">
				<ele>453.000000</ele>
			</trkpt>
			<trkpt lat="50.903042" lon="14.508825">
				<ele>454.000000</ele>
			</trkpt>
			<trkpt lat="50.902975" lon="14.508816">
				<ele>454.000000</ele>
			</trkpt>
			<trkpt lat="50.902845" lon="14.508762">
				<ele>455.000000</ele>
			</trkpt>
			<trkpt lat="50.902731" lon="14.508672">
				<ele>455.000000</ele>
			</trkpt>
			<trkpt lat="50.902465" lon="14.508421">
				<ele>457.000000</ele>
			</trkpt>
			<trkpt lat="50.902340" lon="14.508322">
				<ele>458.000000</ele>
			</trkpt>
			<trkpt lat="50.902176" lon="14.508213">
				<ele>459.000000</ele>
			</trkpt>
			<trkpt lat="50.902080" lon="14.508116">
				<ele>459.000000</ele>
			</trkpt>
			<trkpt lat="50.901864" lon="14.507900">
				<ele>461.000000</ele>
			</trkpt>
			<trkpt lat="50.901383" lon="14.507370">
				<ele>464.000000</ele>
			</trkpt>
			<trkpt lat="50.901196" lon="14.507154">
				<ele>464.000000</ele>
			</trkpt>
			<trkpt lat="50.901015" lon="14.506930">
				<ele>465.000000</ele>
			</trkpt>
			<trkpt lat="50.900624" lon="14.506408">
				<ele>469.000000</ele>
			</trkpt>
			<trkpt lat="50.899932" lon="14.504926">
				<ele>471.000000</ele>
			</trkpt>
			<trkpt lat="50.899888" lon="14.504819">
				<ele>471.000000</ele>
			</trkpt>
			<trkpt lat="50.899888" lon="14.504819">
				<ele>471.000000</ele>
			</trkpt>
			<trkpt lat="50.899808" lon="14.504639">
				<ele>472.000000</ele>
			</trkpt>
			<trkpt lat="50.899717" lon="14.504387">
				<ele>473.000000</ele>
			</trkpt>
			<trkpt lat="50.899632" lon="14.504127">
				<ele>473.000000</ele>
			</trkpt>
			<trkpt lat="50.899525" lon="14.503731">
				<ele>474.000000</ele>
			</trkpt>
			<trkpt lat="50.899479" lon="14.503507">
				<ele>475.000000</ele>
			</trkpt>
			<trkpt lat="50.899349" lon="14.503049">
				<ele>476.000000</ele>
			</trkpt>
			<trkpt lat="50.899287" lon="14.502806">
				<ele>476.000000</ele>
			</trkpt>
			<trkpt lat="50.899224" lon="14.502626">
				<ele>477.000000</ele>
			</trkpt>
			<trkpt lat="50.899139" lon="14.502473">
				<ele>477.000000</ele>
			</trkpt>
			<trkpt lat="50.899032" lon="14.502313">
				<ele>478.000000</ele>
			</trkpt>
			<trkpt lat="50.898970" lon="14.502240">
				<ele>478.000000</ele>
			</trkpt>
			<trkpt lat="50.898907" lon="14.502186">
				<ele>478.000000</ele>
			</trkpt>
			<trkpt lat="50.898697" lon="14.502060">
				<ele>478.000000</ele>
			</trkpt>
			<trkpt lat="50.898357" lon="14.501836">
				<ele>479.000000</ele>
			</trkpt>
			<trkpt lat="50.898131" lon="14.501710">
				<ele>479.000000</ele>
			</trkpt>
			<trkpt lat="50.897944" lon="14.501603">
				<ele>480.000000</ele>
			</trkpt>
			<trkpt lat="50.897814" lon="14.501504">
				<ele>481.000000</ele>
			</trkpt>
			<trkpt lat="50.897706" lon="14.501378">
				<ele>482.000000</ele>
			</trkpt>
			<trkpt lat="50.897610" lon="14.501225">
				<ele>483.000000</ele>
			</trkpt>
			<trkpt lat="50.896953" lon="14.499976">
				<ele>492.000000</ele>
			</trkpt>
			<trkpt lat="50.896782" lon="14.499626">
				<ele>494.000000</ele>
			</trkpt>
			<trkpt lat="50.896652" lon="14.499339">
				<ele>496.000000</ele>
			</trkpt>
			<trkpt lat="50.896527" lon="14.499024">
				<ele>499.000000</ele>
			</trkpt>
			<trkpt lat="50.896380" lon="14.498647">
				<ele>502.000000</ele>
			</trkpt>
			<trkpt lat="50.896335" lon="14.498521">
				<ele>502.000000</ele>
			</trkpt>
			<trkpt lat="50.896318" lon="14.498422">
				<ele>502.000000</ele>
			</trkpt>
			<trkpt lat="50.896301" lon="14.498261">
				<ele>503.000000</ele>
			</trkpt>
			<trkpt lat="50.896289" lon="14.498055">
				<ele>503.000000</ele>
			</trkpt>
			<trkpt lat="50.896091" lon="14.493221">
				<ele>508.000000</ele>
			</trkpt>
			<trkpt lat="50.896069" lon="14.492539">
				<ele>508.000000</ele>
			</trkpt>
			<trkpt lat="50.896057" lon="14.491892">
				<ele>509.000000</ele>
			</trkpt>
			<trkpt lat="50.896057" lon="14.490078">
				<ele>510.000000</ele>
			</trkpt>
			<trkpt lat="50.896046" lon="14.489673">
				<ele>511.000000</ele>
			</trkpt>
			<trkpt lat="50.896018" lon="14.489296">
				<ele>511.000000</ele>
			</trkpt>
			<trkpt lat="50.895882" lon="14.488352">
				<ele>510.000000</ele>
			</trkpt>
			<trkpt lat="50.895876" lon="14.488352">
				<ele>510.000000</ele>
			</trkpt>
			<trkpt lat="50.895876" lon="14.488352">
				<ele>510.000000</ele>
			</trkpt>
			<trkpt lat="50.895882" lon="14.488352">
				<ele>510.000000</ele>
			</trkpt>
			<trkpt lat="50.895780" lon="14.488441">
				<ele>510.000000</ele>
			</trkpt>
			<trkpt lat="50.895683" lon="14.488505">
				<ele>510.000000</ele>
			</trkpt>
			<trkpt lat="50.895360" lon="14.488676">
				<ele>512.000000</ele>
			</trkpt>
			<trkpt lat="50.895162" lon="14.488774">
				<ele>512.000000</ele>
			</trkpt>
			<trkpt lat="50.895043" lon="14.488864">
				<ele>513.000000</ele>
			</trkpt>
			<trkpt lat="50.894947" lon="14.488954">
				<ele>513.000000</ele>
			</trkpt>
			<trkpt lat="50.894839" lon="14.489062">
				<ele>513.000000</ele>
			</trkpt>
			<trkpt lat="50.894499" lon="14.489709">
				<ele>517.000000</ele>
			</trkpt>
			<trkpt lat="50.894402" lon="14.489898">
				<ele>518.000000</ele>
			</trkpt>
			<trkpt lat="50.894284" lon="14.490049">
				<ele>518.000000</ele>
			</trkpt>
			<trkpt lat="50.894170" lon="14.490212">
				<ele>519.000000</ele>
			</trkpt>
			<trkpt lat="50.894052" lon="14.490328">
				<ele>520.000000</ele>
			</trkpt>
			<trkpt lat="50.893927" lon="14.490436">
				<ele>520.000000</ele>
			</trkpt>
			<trkpt lat="50.893791" lon="14.490544">
				<ele>521.000000</ele>
			</trkpt>
			<trkpt lat="50.893536" lon="14.490715">
				<ele>522.000000</ele>
			</trkpt>
			<trkpt lat="50.893400" lon="14.490787">
				<ele>523.000000</ele>
			</trkpt>
			<trkpt lat="50.893252" lon="14.490850">
				<ele>524.000000</ele>
			</trkpt>
			<trkpt lat="50.893100" lon="14.490877">
				<ele>524.000000</ele>
			</trkpt>
			<trkpt lat="50.892714" lon="14.490894">
				<ele>527.000000</ele>
			</trkpt>
			<trkpt lat="50.892607" lon="14.490921">
				<ele>527.000000</ele>
			</trkpt>
			<trkpt lat="50.892493" lon="14.490984">
				<ele>528.000000</ele>
			</trkpt>
			<trkpt lat="50.892300" lon="14.491101">
				<ele>530.000000</ele>
			</trkpt>
			<trkpt lat="50.892000" lon="14.491317">
				<ele>533.000000</ele>
			</trkpt>
			<trkpt lat="50.891853" lon="14.491416">
				<ele>535.000000</ele>
			</trkpt>
			<trkpt lat="50.891569" lon="14.491604">
				<ele>537.000000</ele>
			</trkpt>
			<trkpt lat="50.891094" lon="14.491982">
				<ele>541.000000</ele>
			</trkpt>
			<trkpt lat="50.890816" lon="14.492179">
				<ele>543.000000</ele>
			</trkpt>
			<trkpt lat="50.890697" lon="14.492242">
				<ele>544.000000</ele>
			</trkpt>
			<trkpt lat="50.890561" lon="14.492278">
				<ele>546.000000</ele>
			</trkpt>
			<trkpt lat="50.890323" lon="14.492359">
				<ele>547.000000</ele>
			</trkpt>
			<trkpt lat="50.890238" lon="14.492403">
				<ele>547.000000</ele>
			</trkpt>
			<trkpt lat="50.890170" lon="14.492476">
				<ele>547.000000</ele>
			</trkpt>
			<trkpt lat="50.889989" lon="14.492646">
				<ele>547.000000</ele>
			</trkpt>
			<trkpt lat="50.889881" lon="14.492772">
				<ele>547.000000</ele>
			</trkpt>
			<trkpt lat="50.889773" lon="14.492889">
				<ele>547.000000</ele>
			</trkpt>
			<trkpt lat="50.889682" lon="14.492978">
				<ele>546.000000</ele>
			</trkpt>
			<trkpt lat="50.889598" lon="14.493051">
				<ele>546.000000</ele>
			</trkpt>
			<trkpt lat="50.889490" lon="14.493105">
				<ele>546.000000</ele>
			</trkpt>
			<trkpt lat="50.888124" lon="14.493770">
				<ele>545.000000</ele>
			</trkpt>
			<trkpt lat="50.887926" lon="14.493877">
				<ele>544.000000</ele>
			</trkpt>
			<trkpt lat="50.887807" lon="14.493904">
				<ele>544.000000</ele>
			</trkpt>
			<trkpt lat="50.887699" lon="14.493921">
				<ele>544.000000</ele>
			</trkpt>
			<trkpt lat="50.887586" lon="14.493894">
				<ele>544.000000</ele>
			</trkpt>
			<trkpt lat="50.887206" lon="14.493797">
				<ele>544.000000</ele>
			</trkpt>
			<trkpt lat="50.887087" lon="14.493770">
				<ele>545.000000</ele>
			</trkpt>
			<trkpt lat="50.886804" lon="14.494218">
				<ele>541.000000</ele>
			</trkpt>
			<trkpt lat="50.886725" lon="14.494371">
				<ele>539.000000</ele>
			</trkpt>
			<trkpt lat="50.886634" lon="14.494560">
				<ele>538.000000</ele>
			</trkpt>
			<trkpt lat="50.886441" lon="14.494973">
				<ele>536.000000</ele>
			</trkpt>
			<trkpt lat="50.886277" lon="14.495269">
				<ele>534.000000</ele>
			</trkpt>
			<trkpt lat="50.886118" lon="14.495575">
				<ele>532.000000</ele>
			</trkpt>
			<trkpt lat="50.885902" lon="14.495934">
				<ele>531.000000</ele>
			</trkpt>
			<trkpt lat="50.885687" lon="14.496284">
				<ele>528.000000</ele>
			</trkpt>
			<trkpt lat="50.885620" lon="14.496420">
				<ele>527.000000</ele>
			</trkpt>
			<trkpt lat="50.885557" lon="14.496563">
				<ele>526.000000</ele>
			</trkpt>
			<trkpt lat="50.885500" lon="14.496689">
				<ele>525.000000</ele>
			</trkpt>
			<trkpt lat="50.885467" lon="14.496814">
				<ele>525.000000</ele>
			</trkpt>
			<trkpt lat="50.885280" lon="14.497470">
				<ele>521.000000</ele>
			</trkpt>
			<trkpt lat="50.885155" lon="14.497973">
				<ele>518.000000</ele>
			</trkpt>
			<trkpt lat="50.885042" lon="14.498494">
				<ele>515.000000</ele>
			</trkpt>
			<trkpt lat="50.884928" lon="14.499150">
				<ele>511.000000</ele>
			</trkpt>
			<trkpt lat="50.884803" lon="14.499833">
				<ele>508.000000</ele>
			</trkpt>
			<trkpt lat="50.884543" lon="14.501234">
				<ele>502.000000</ele>
			</trkpt>
			<trkpt lat="50.884469" lon="14.501630">
				<ele>500.000000</ele>
			</trkpt>
			<trkpt lat="50.884413" lon="14.502106">
				<ele>498.000000</ele>
			</trkpt>
			<trkpt lat="50.884356" lon="14.502402">
				<ele>497.000000</ele>
			</trkpt>
			<trkpt lat="50.884152" lon="14.502590">
				<ele>498.000000</ele>
			</trkpt>
			<trkpt lat="50.884016" lon="14.502699">
				<ele>498.000000</ele>
			</trkpt>
			<trkpt lat="50.883902" lon="14.502762">
				<ele>498.000000</ele>
			</trkpt>
			<trkpt lat="50.883800" lon="14.502806">
				<ele>498.000000</ele>
			</trkpt>
			<trkpt lat="50.883556" lon="14.502852">
				<ele>498.000000</ele>
			</trkpt>
			<trkpt lat="50.883466" lon="14.502869">
				<ele>497.000000</ele>
			</trkpt>
			<trkpt lat="50.883341" lon="14.502824">
				<ele>496.000000</ele>
			</trkpt>
			<trkpt lat="50.883143" lon="14.502797">
				<ele>495.000000</ele>
			</trkpt>
			<trkpt lat="50.882922" lon="14.502762">
				<ele>494.000000</ele>
			</trkpt>
			<trkpt lat="50.882893" lon="14.502869">
				<ele>493.000000</ele>
			</trkpt>
			<trkpt lat="50.882876" lon="14.502913">
				<ele>493.000000</ele>
			</trkpt>
			<trkpt lat="50.882837" lon="14.502959">
				<ele>493.000000</ele>
			</trkpt>
			<trkpt lat="50.882769" lon="14.503003">
				<ele>493.000000</ele>
			</trkpt>
			<trkpt lat="50.882615" lon="14.503085">
				<ele>492.000000</ele>
			</trkpt>
			<trkpt lat="50.882128" lon="14.503336">
				<ele>481.000000</ele>
			</trkpt>
			<trkpt lat="50.882003" lon="14.503418">
				<ele>477.000000</ele>
			</trkpt>
			<trkpt lat="50.882003" lon="14.503418">
				<ele>477.000000</ele>
			</trkpt>
			<trkpt lat="50.882003" lon="14.503418">
				<ele>477.000000</ele>
			</trkpt>
			<trkpt lat="50.881817" lon="14.503192">
				<ele>478.000000</ele>
			</trkpt>
			<trkpt lat="50.881641" lon="14.502968">
				<ele>478.000000</ele>
			</trkpt>
			<trkpt lat="50.881216" lon="14.502393">
				<ele>480.000000</ele>
			</trkpt>
			<trkpt lat="50.881062" lon="14.502267">
				<ele>479.000000</ele>
			</trkpt>
			<trkpt lat="50.880785" lon="14.502043">
				<ele>478.000000</ele>
			</trkpt>
			<trkpt lat="50.880643" lon="14.501917">
				<ele>478.000000</ele>
			</trkpt>
			<trkpt lat="50.880354" lon="14.501575">
				<ele>477.000000</ele>
			</trkpt>
			<trkpt lat="50.880252" lon="14.501494">
				<ele>477.000000</ele>
			</trkpt>
			<trkpt lat="50.880133" lon="14.501423">
				<ele>476.000000</ele>
			</trkpt>
			<trkpt lat="50.879884" lon="14.501279">
				<ele>476.000000</ele>
			</trkpt>
			<trkpt lat="50.879430" lon="14.501001">
				<ele>476.000000</ele>
			</trkpt>
			<trkpt lat="50.879164" lon="14.500865">
				<ele>476.000000</ele>
			</trkpt>
			<trkpt lat="50.879051" lon="14.500794">
				<ele>476.000000</ele>
			</trkpt>
			<trkpt lat="50.878943" lon="14.500722">
				<ele>476.000000</ele>
			</trkpt>
			<trkpt lat="50.878852" lon="14.500623">
				<ele>476.000000</ele>
			</trkpt>
			<trkpt lat="50.878722" lon="14.500471">
				<ele>476.000000</ele>
			</trkpt>
			<trkpt lat="50.878546" lon="14.500255">
				<ele>477.000000</ele>
			</trkpt>
			<trkpt lat="50.878404" lon="14.500093">
				<ele>476.000000</ele>
			</trkpt>
			<trkpt lat="50.878268" lon="14.499976">
				<ele>476.000000</ele>
			</trkpt>
			<trkpt lat="50.878144" lon="14.499896">
				<ele>476.000000</ele>
			</trkpt>
			<trkpt lat="50.878013" lon="14.499842">
				<ele>476.000000</ele>
			</trkpt>
			<trkpt lat="50.877889" lon="14.499797">
				<ele>476.000000</ele>
			</trkpt>
			<trkpt lat="50.877753" lon="14.499726">
				<ele>476.000000</ele>
			</trkpt>
			<trkpt lat="50.877639" lon="14.499663">
				<ele>476.000000</ele>
			</trkpt>
			<trkpt lat="50.877520" lon="14.499563">
				<ele>476.000000</ele>
			</trkpt>
			<trkpt lat="50.877413" lon="14.499447">
				<ele>477.000000</ele>
			</trkpt>
			<trkpt lat="50.877282" lon="14.499303">
				<ele>478.000000</ele>
			</trkpt>
			<trkpt lat="50.877157" lon="14.499150">
				<ele>479.000000</ele>
			</trkpt>
			<trkpt lat="50.877004" lon="14.498925">
				<ele>480.000000</ele>
			</trkpt>
			<trkpt lat="50.876829" lon="14.498504">
				<ele>482.000000</ele>
			</trkpt>
			<trkpt lat="50.876670" lon="14.498118">
				<ele>483.000000</ele>
			</trkpt>
			<trkpt lat="50.876477" lon="14.497739">
				<ele>485.000000</ele>
			</trkpt>
			<trkpt lat="50.876222" lon="14.497282">
				<ele>486.000000</ele>
			</trkpt>
			<trkpt lat="50.875950" lon="14.496806">
				<ele>487.000000</ele>
			</trkpt>
			<trkpt lat="50.875746" lon="14.496437">
				<ele>487.000000</ele>
			</trkpt>
			<trkpt lat="50.875673" lon="14.496267">
				<ele>487.000000</ele>
			</trkpt>
			<trkpt lat="50.875604" lon="14.496114">
				<ele>487.000000</ele>
			</trkpt>
			<trkpt lat="50.875559" lon="14.495944">
				<ele>486.000000</ele>
			</trkpt>
			<trkpt lat="50.875536" lon="14.495772">
				<ele>487.000000</ele>
			</trkpt>
			<trkpt lat="50.875530" lon="14.495512">
				<ele>487.000000</ele>
			</trkpt>
			<trkpt lat="50.875502" lon="14.495116">
				<ele>487.000000</ele>
			</trkpt>
			<trkpt lat="50.875485" lon="14.494873">
				<ele>486.000000</ele>
			</trkpt>
			<trkpt lat="50.875468" lon="14.494722">
				<ele>485.000000</ele>
			</trkpt>
			<trkpt lat="50.875423" lon="14.494577">
				<ele>485.000000</ele>
			</trkpt>
			<trkpt lat="50.875366" lon="14.494434">
				<ele>484.000000</ele>
			</trkpt>
			<trkpt lat="50.874941" lon="14.493661">
				<ele>476.000000</ele>
			</trkpt>
			<trkpt lat="50.874805" lon="14.493392">
				<ele>476.000000</ele>
			</trkpt>
			<trkpt lat="50.874742" lon="14.493320">
				<ele>476.000000</ele>
			</trkpt>
			<trkpt lat="50.874675" lon="14.493265">
				<ele>475.000000</ele>
			</trkpt>
			<trkpt lat="50.874363" lon="14.493059">
				<ele>474.000000</ele>
			</trkpt>
			<trkpt lat="50.874057" lon="14.492871">
				<ele>472.000000</ele>
			</trkpt>
			<trkpt lat="50.873037" lon="14.492376">
				<ele>462.000000</ele>
			</trkpt>
			<trkpt lat="50.872894" lon="14.492305">
				<ele>462.000000</ele>
			</trkpt>
			<trkpt lat="50.872804" lon="14.492233">
				<ele>461.000000</ele>
			</trkpt>
			<trkpt lat="50.872719" lon="14.492152">
				<ele>461.000000</ele>
			</trkpt>
			<trkpt lat="50.872640" lon="14.492036">
				<ele>459.000000</ele>
			</trkpt>
			<trkpt lat="50.872538" lon="14.491883">
				<ele>458.000000</ele>
			</trkpt>
			<trkpt lat="50.872430" lon="14.491757">
				<ele>456.000000</ele>
			</trkpt>
			<trkpt lat="50.872118" lon="14.491416">
				<ele>450.000000</ele>
			</trkpt>
			<trkpt lat="50.871970" lon="14.491244">
				<ele>447.000000</ele>
			</trkpt>
			<trkpt lat="50.871880" lon="14.491120">
				<ele>445.000000</ele>
			</trkpt>
			<trkpt lat="50.871818" lon="14.490975">
				<ele>444.000000</ele>
			</trkpt>
			<trkpt lat="50.871761" lon="14.490795">
				<ele>442.000000</ele>
			</trkpt>
			<trkpt lat="50.871681" lon="14.490436">
				<ele>440.000000</ele>
			</trkpt>
			<trkpt lat="50.871579" lon="14.490113">
				<ele>437.000000</ele>
			</trkpt>
			<trkpt lat="50.871472" lon="14.489816">
				<ele>433.000000</ele>
			</trkpt>
			<trkpt lat="50.871251" lon="14.489223">
				<ele>427.000000</ele>
			</trkpt>
			<trkpt lat="50.871149" lon="14.488954">
				<ele>423.000000</ele>
			</trkpt>
			<trkpt lat="50.871115" lon="14.488883">
				<ele>421.000000</ele>
			</trkpt>
			<trkpt lat="50.871069" lon="14.488828">
				<ele>420.000000</ele>
			</trkpt>
			<trkpt lat="50.871007" lon="14.488757">
				<ele>418.000000</ele>
			</trkpt>
			<trkpt lat="50.870962" lon="14.488657">
				<ele>416.000000</ele>
			</trkpt>
			<trkpt lat="50.870944" lon="14.488560">
				<ele>415.000000</ele>
			</trkpt>
			<trkpt lat="50.870944" lon="14.488441">
				<ele>415.000000</ele>
			</trkpt>
			<trkpt lat="50.870951" lon="14.488091">
				<ele>414.000000</ele>
			</trkpt>
			<trkpt lat="50.870933" lon="14.487822">
				<ele>412.000000</ele>
			</trkpt>
			<trkpt lat="50.870911" lon="14.487678">
				<ele>411.000000</ele>
			</trkpt>
			<trkpt lat="50.870877" lon="14.487526">
				<ele>410.000000</ele>
			</trkpt>
			<trkpt lat="50.870786" lon="14.487212">
				<ele>408.000000</ele>
			</trkpt>
			<trkpt lat="50.870701" lon="14.486986">
				<ele>406.000000</ele>
			</trkpt>
			<trkpt lat="50.870627" lon="14.486843">
				<ele>405.000000</ele>
			</trkpt>
			<trkpt lat="50.870537" lon="14.486726">
				<ele>405.000000</ele>
			</trkpt>
			<trkpt lat="50.870429" lon="14.486663">
				<ele>404.000000</ele>
			</trkpt>
			<trkpt lat="50.869482" lon="14.486160">
				<ele>400.000000</ele>
			</trkpt>
			<trkpt lat="50.867855" lon="14.485352">
				<ele>397.000000</ele>
			</trkpt>
			<trkpt lat="50.867657" lon="14.485244">
				<ele>396.000000</ele>
			</trkpt>
			<trkpt lat="50.867458" lon="14.485118">
				<ele>395.000000</ele>
			</trkpt>
			<trkpt lat="50.866908" lon="14.484705">
				<ele>388.000000</ele>
			</trkpt>
			<trkpt lat="50.866545" lon="14.484669">
				<ele>384.000000</ele>
			</trkpt>
			<trkpt lat="50.866454" lon="14.484633">
				<ele>382.000000</ele>
			</trkpt>
			<trkpt lat="50.866364" lon="14.484562">
				<ele>381.000000</ele>
			</trkpt>
			<trkpt lat="50.866239" lon="14.484445">
				<ele>379.000000</ele>
			</trkpt>
			<trkpt lat="50.866143" lon="14.484319">
				<ele>377.000000</ele>
			</trkpt>
			<trkpt lat="50.866041" lon="14.484175">
				<ele>376.000000</ele>
			</trkpt>
			<trkpt lat="50.865893" lon="14.483923">
				<ele>373.000000</ele>
			</trkpt>
			<trkpt lat="50.865825" lon="14.483770">
				<ele>372.000000</ele>
			</trkpt>
			<trkpt lat="50.865786" lon="14.483699">
				<ele>371.000000</ele>
			</trkpt>
			<trkpt lat="50.865734" lon="14.483627">
				<ele>371.000000</ele>
			</trkpt>
			<trkpt lat="50.865604" lon="14.483520">
				<ele>368.000000</ele>
			</trkpt>
			<trkpt lat="50.865525" lon="14.483447">
				<ele>367.000000</ele>
			</trkpt>
			<trkpt lat="50.864981" lon="14.483044">
				<ele>360.000000</ele>
			</trkpt>
			<trkpt lat="50.864380" lon="14.482567">
				<ele>355.000000</ele>
			</trkpt>
			<trkpt lat="50.864141" lon="14.482369">
				<ele>352.000000</ele>
			</trkpt>
			<trkpt lat="50.864000" lon="14.482271">
				<ele>351.000000</ele>
			</trkpt>
			<trkpt lat="50.863954" lon="14.482252">
				<ele>350.000000</ele>
			</trkpt>
			<trkpt lat="50.863920" lon="14.482279">
				<ele>350.000000</ele>
			</trkpt>
			<trkpt lat="50.863881" lon="14.482325">
				<ele>350.000000</ele>
			</trkpt>
			<trkpt lat="50.863841" lon="14.482396">
				<ele>349.000000</ele>
			</trkpt>
			<trkpt lat="50.863796" lon="14.482468">
				<ele>349.000000</ele>
			</trkpt>
			<trkpt lat="50.863750" lon="14.482531">
				<ele>349.000000</ele>
			</trkpt>
			<trkpt lat="50.863705" lon="14.482558">
				<ele>349.000000</ele>
			</trkpt>
			<trkpt lat="50.863648" lon="14.482585">
				<ele>348.000000</ele>
			</trkpt>
			<trkpt lat="50.863228" lon="14.482747">
				<ele>341.000000</ele>
			</trkpt>
			<trkpt lat="50.863149" lon="14.482576">
				<ele>341.000000</ele>
			</trkpt>
			<trkpt lat="50.863132" lon="14.482522">
				<ele>341.000000</ele>
			</trkpt>
			<trkpt lat="50.863132" lon="14.482522">
				<ele>341.000000</ele>
			</trkpt>
			<trkpt lat="50.863149" lon="14.482576">
				<ele>341.000000</ele>
			</trkpt>
			<trkpt lat="50.863041" lon="14.482639">
				<ele>341.000000</ele>
			</trkpt>
			<trkpt lat="50.862979" lon="14.482694">
				<ele>342.000000</ele>
			</trkpt>
			<trkpt lat="50.862871" lon="14.482810">
				<ele>343.000000</ele>
			</trkpt>
			<trkpt lat="50.862781" lon="14.482765">
				<ele>343.000000</ele>
			</trkpt>
			<trkpt lat="50.862644" lon="14.482765">
				<ele>343.000000</ele>
			</trkpt>
			<trkpt lat="50.862571" lon="14.482765">
				<ele>343.000000</ele>
			</trkpt>
			<trkpt lat="50.862508" lon="14.482801">
				<ele>343.000000</ele>
			</trkpt>
			<trkpt lat="50.862412" lon="14.482837">
				<ele>343.000000</ele>
			</trkpt>
			<trkpt lat="50.862327" lon="14.482873">
				<ele>343.000000</ele>
			</trkpt>
			<trkpt lat="50.862219" lon="14.482917">
				<ele>343.000000</ele>
			</trkpt>
			<trkpt lat="50.862196" lon="14.482927">
				<ele>344.000000</ele>
			</trkpt>
			<trkpt lat="50.862168" lon="14.482971">
				<ele>344.000000</ele>
			</trkpt>
			<trkpt lat="50.862027" lon="14.483196">
				<ele>345.000000</ele>
			</trkpt>
			<trkpt lat="50.861924" lon="14.483340">
				<ele>345.000000</ele>
			</trkpt>
			<trkpt lat="50.861601" lon="14.483474">
				<ele>346.000000</ele>
			</trkpt>
			<trkpt lat="50.861363" lon="14.483564">
				<ele>347.000000</ele>
			</trkpt>
			<trkpt lat="50.861261" lon="14.483591">
				<ele>347.000000</ele>
			</trkpt>
			<trkpt lat="50.861199" lon="14.483646">
				<ele>348.000000</ele>
			</trkpt>
			<trkpt lat="50.860853" lon="14.484094">
				<ele>350.000000</ele>
			</trkpt>
			<trkpt lat="50.860807" lon="14.484040">
				<ele>350.000000</ele>
			</trkpt>
			<trkpt lat="50.860660" lon="14.483950">
				<ele>350.000000</ele>
			</trkpt>
			<trkpt lat="50.860536" lon="14.483887">
				<ele>350.000000</ele>
			</trkpt>
			<trkpt lat="50.860416" lon="14.483843">
				<ele>350.000000</ele>
			</trkpt>
			<trkpt lat="50.860286" lon="14.483833">
				<ele>350.000000</ele>
			</trkpt>
			<trkpt lat="50.860042" lon="14.483843">
				<ele>350.000000</ele>
			</trkpt>
			<trkpt lat="50.859940" lon="14.483833">
				<ele>350.000000</ele>
			</trkpt>
			<trkpt lat="50.859860" lon="14.483825">
				<ele>350.000000</ele>
			</trkpt>
			<trkpt lat="50.859617" lon="14.483707">
				<ele>353.000000</ele>
			</trkpt>
			<trkpt lat="50.859497" lon="14.483627">
				<ele>354.000000</ele>
			</trkpt>
			<trkpt lat="50.859089" lon="14.484202">
				<ele>354.000000</ele>
			</trkpt>
			<trkpt lat="50.858590" lon="14.484885">
				<ele>355.000000</ele>
			</trkpt>
			<trkpt lat="50.858295" lon="14.485289">
				<ele>356.000000</ele>
			</trkpt>
			<trkpt lat="50.858216" lon="14.485415">
				<ele>356.000000</ele>
			</trkpt>
			<trkpt lat="50.858126" lon="14.485604">
				<ele>356.000000</ele>
			</trkpt>
			<trkpt lat="50.858085" lon="14.485585">
				<ele>357.000000</ele>
			</trkpt>
			<trkpt lat="50.858052" lon="14.485585">
				<ele>357.000000</ele>
			</trkpt>
			<trkpt lat="50.858018" lon="14.485604">
				<ele>357.000000</ele>
			</trkpt>
			<trkpt lat="50.857961" lon="14.485648">
				<ele>357.000000</ele>
			</trkpt>
			<trkpt lat="50.857893" lon="14.485720">
				<ele>357.000000</ele>
			</trkpt>
			<trkpt lat="50.857847" lon="14.485791">
				<ele>357.000000</ele>
			</trkpt>
			<trkpt lat="50.857802" lon="14.485873">
				<ele>358.000000</ele>
			</trkpt>
			<trkpt lat="50.857740" lon="14.486044">
				<ele>357.000000</ele>
			</trkpt>
			<trkpt lat="50.857632" lon="14.486206">
				<ele>358.000000</ele>
			</trkpt>
			<trkpt lat="50.857496" lon="14.486160">
				<ele>360.000000</ele>
			</trkpt>
			<trkpt lat="50.857184" lon="14.486053">
				<ele>362.000000</ele>
			</trkpt>
			<trkpt lat="50.856792" lon="14.485873">
				<ele>364.000000</ele>
			</trkpt>
			<trkpt lat="50.856697" lon="14.485791">
				<ele>365.000000</ele>
			</trkpt>
			<trkpt lat="50.856611" lon="14.485702">
				<ele>365.000000</ele>
			</trkpt>
			<trkpt lat="50.856566" lon="14.485594">
				<ele>366.000000</ele>
			</trkpt>
			<trkpt lat="50.856543" lon="14.485451">
				<ele>366.000000</ele>
			</trkpt>
			<trkpt lat="50.856487" lon="14.484992">
				<ele>367.000000</ele>
			</trkpt>
			<trkpt lat="50.856464" lon="14.484741">
				<ele>368.000000</ele>
			</trkpt>
			<trkpt lat="50.856446" lon="14.484625">
				<ele>368.000000</ele>
			</trkpt>
			<trkpt lat="50.856430" lon="14.484525">
				<ele>368.000000</ele>
			</trkpt>
			<trkpt lat="50.856390" lon="14.484453">
				<ele>368.000000</ele>
			</trkpt>
			<trkpt lat="50.856339" lon="14.484399">
				<ele>369.000000</ele>
			</trkpt>
			<trkpt lat="50.856259" lon="14.484328">
				<ele>370.000000</ele>
			</trkpt>
			<trkpt lat="50.856186" lon="14.484292">
				<ele>370.000000</ele>
			</trkpt>
			<trkpt lat="50.856107" lon="14.484256">
				<ele>370.000000</ele>
			</trkpt>
			<trkpt lat="50.856016" lon="14.484247">
				<ele>370.000000</ele>
			</trkpt>
			<trkpt lat="50.855590" lon="14.484212">
				<ele>372.000000</ele>
			</trkpt>
			<trkpt lat="50.855324" lon="14.484212">
				<ele>373.000000</ele>
			</trkpt>
			<trkpt lat="50.855052" lon="14.484247">
				<ele>374.000000</ele>
			</trkpt>
			<trkpt lat="50.854757" lon="14.484319">
				<ele>375.000000</ele>
			</trkpt>
			<trkpt lat="50.854224" lon="14.484436">
				<ele>375.000000</ele>
			</trkpt>
			<trkpt lat="50.853793" lon="14.484499">
				<ele>376.000000</ele>
			</trkpt>
			<trkpt lat="50.853362" lon="14.484516">
				<ele>378.000000</ele>
			</trkpt>
			<trkpt lat="50.852789" lon="14.484499">
				<ele>383.000000</ele>
			</trkpt>
			<trkpt lat="50.851484" lon="14.484382">
				<ele>395.000000</ele>
			</trkpt>
			<trkpt lat="50.850815" lon="14.484346">
				<ele>406.000000</ele>
			</trkpt>
			<trkpt lat="50.850708" lon="14.484336">
				<ele>409.000000</ele>
			</trkpt>
			<trkpt lat="50.850662" lon="14.484336">
				<ele>410.000000</ele>
			</trkpt>
			<trkpt lat="50.850617" lon="14.484292">
				<ele>411.000000</ele>
			</trkpt>
			<trkpt lat="50.850583" lon="14.484247">
				<ele>412.000000</ele>
			</trkpt>
			<trkpt lat="50.849976" lon="14.483007">
				<ele>420.000000</ele>
			</trkpt>
			<trkpt lat="50.849709" lon="14.482495">
				<ele>431.000000</ele>
			</trkpt>
			<trkpt lat="50.849420" lon="14.481975">
				<ele>440.000000</ele>
			</trkpt>
			<trkpt lat="50.849068" lon="14.481426">
				<ele>447.000000</ele>
			</trkpt>
			<trkpt lat="50.849068" lon="14.481426">
				<ele>447.000000</ele>
			</trkpt>
			<trkpt lat="50.849068" lon="14.481426">
				<ele>447.000000</ele>
			</trkpt>
			<trkpt lat="50.849068" lon="14.481606">
				<ele>448.000000</ele>
			</trkpt>
			<trkpt lat="50.849040" lon="14.481822">
				<ele>450.000000</ele>
			</trkpt>
			<trkpt lat="50.848763" lon="14.483259">
				<ele>464.000000</ele>
			</trkpt>
			<trkpt lat="50.848604" lon="14.484103">
				<ele>471.000000</ele>
			</trkpt>
			<trkpt lat="50.848553" lon="14.484426">
				<ele>473.000000</ele>
			</trkpt>
			<trkpt lat="50.848535" lon="14.484723">
				<ele>475.000000</ele>
			</trkpt>
			<trkpt lat="50.848524" lon="14.485038">
				<ele>478.000000</ele>
			</trkpt>
			<trkpt lat="50.848535" lon="14.485433">
				<ele>480.000000</ele>
			</trkpt>
			<trkpt lat="50.848575" lon="14.486133">
				<ele>482.000000</ele>
			</trkpt>
			<trkpt lat="50.848626" lon="14.486915">
				<ele>483.000000</ele>
			</trkpt>
			<trkpt lat="50.848655" lon="14.487355">
				<ele>483.000000</ele>
			</trkpt>
			<trkpt lat="50.848655" lon="14.487625">
				<ele>483.000000</ele>
			</trkpt>
			<trkpt lat="50.848626" lon="14.487876">
				<ele>483.000000</ele>
			</trkpt>
			<trkpt lat="50.848604" lon="14.488020">
				<ele>483.000000</ele>
			</trkpt>
			<trkpt lat="50.848569" lon="14.488145">
				<ele>483.000000</ele>
			</trkpt>
			<trkpt lat="50.848354" lon="14.488946">
				<ele>486.000000</ele>
			</trkpt>
			<trkpt lat="50.848291" lon="14.489152">
				<ele>487.000000</ele>
			</trkpt>
			<trkpt lat="50.848246" lon="14.489349">
				<ele>487.000000</ele>
			</trkpt>
			<trkpt lat="50.848223" lon="14.489529">
				<ele>486.000000</ele>
			</trkpt>
			<trkpt lat="50.848207" lon="14.489718">
				<ele>485.000000</ele>
			</trkpt>
			<trkpt lat="50.848025" lon="14.489960">
				<ele>489.000000</ele>
			</trkpt>
			<trkpt lat="50.847849" lon="14.490158">
				<ele>491.000000</ele>
			</trkpt>
			<trkpt lat="50.847696" lon="14.490292">
				<ele>493.000000</ele>
			</trkpt>
			<trkpt lat="50.847622" lon="14.490338">
				<ele>494.000000</ele>
			</trkpt>
			<trkpt lat="50.847560" lon="14.490365">
				<ele>495.000000</ele>
			</trkpt>
			<trkpt lat="50.847486" lon="14.490374">
				<ele>496.000000</ele>
			</trkpt>
			<trkpt lat="50.847424" lon="14.490382">
				<ele>497.000000</ele>
			</trkpt>
			<trkpt lat="50.847356" lon="14.490365">
				<ele>499.000000</ele>
			</trkpt>
			<trkpt lat="50.847271" lon="14.490338">
				<ele>501.000000</ele>
			</trkpt>
			<trkpt lat="50.846681" lon="14.490104">
				<ele>511.000000</ele>
			</trkpt>
			<trkpt lat="50.846363" lon="14.489952">
				<ele>515.000000</ele>
			</trkpt>
			<trkpt lat="50.846108" lon="14.489799">
				<ele>519.000000</ele>
			</trkpt>
			<trkpt lat="50.845893" lon="14.489646">
				<ele>522.000000</ele>
			</trkpt>
			<trkpt lat="50.845677" lon="14.489457">
				<ele>525.000000</ele>
			</trkpt>
			<trkpt lat="50.845404" lon="14.489206">
				<ele>529.000000</ele>
			</trkpt>
			<trkpt lat="50.845246" lon="14.489080">
				<ele>531.000000</ele>
			</trkpt>
			<trkpt lat="50.845098" lon="14.488999">
				<ele>532.000000</ele>
			</trkpt>
			<trkpt lat="50.845008" lon="14.488981">
				<ele>533.000000</ele>
			</trkpt>
			<trkpt lat="50.844911" lon="14.488981">
				<ele>534.000000</ele>
			</trkpt>
			<trkpt lat="50.844814" lon="14.489026">
				<ele>534.000000</ele>
			</trkpt>
			<trkpt lat="50.844724" lon="14.489097">
				<ele>535.000000</ele>
			</trkpt>
			<trkpt lat="50.844571" lon="14.489260">
				<ele>538.000000</ele>
			</trkpt>
			<trkpt lat="50.844435" lon="14.489430">
				<ele>541.000000</ele>
			</trkpt>
			<trkpt lat="50.844321" lon="14.489628">
				<ele>543.000000</ele>
			</trkpt>
			<trkpt lat="50.844151" lon="14.489960">
				<ele>546.000000</ele>
			</trkpt>
			<trkpt lat="50.844230" lon="14.490015">
				<ele>545.000000</ele>
			</trkpt>
			<trkpt lat="50.844276" lon="14.490086">
				<ele>545.000000</ele>
			</trkpt>
			<trkpt lat="50.844316" lon="14.490167">
				<ele>544.000000</ele>
			</trkpt>
			<trkpt lat="50.844332" lon="14.490257">
				<ele>544.000000</ele>
			</trkpt>
			<trkpt lat="50.844332" lon="14.490374">
				<ele>544.000000</ele>
			</trkpt>
			<trkpt lat="50.844316" lon="14.490554">
				<ele>544.000000</ele>
			</trkpt>
			<trkpt lat="50.844236" lon="14.491460">
				<ele>545.000000</ele>
			</trkpt>
			<trkpt lat="50.844230" lon="14.491747">
				<ele>545.000000</ele>
			</trkpt>
			<trkpt lat="50.844230" lon="14.492089">
				<ele>544.000000</ele>
			</trkpt>
			<trkpt lat="50.844225" lon="14.492628">
				<ele>543.000000</ele>
			</trkpt>
			<trkpt lat="50.844219" lon="14.492781">
				<ele>542.000000</ele>
			</trkpt>
			<trkpt lat="50.844202" lon="14.492952">
				<ele>542.000000</ele>
			</trkpt>
			<trkpt lat="50.844179" lon="14.493114">
				<ele>542.000000</ele>
			</trkpt>
			<trkpt lat="50.844145" lon="14.493257">
				<ele>542.000000</ele>
			</trkpt>
			<trkpt lat="50.844100" lon="14.493428">
				<ele>541.000000</ele>
			</trkpt>
			<trkpt lat="50.844049" lon="14.493571">
				<ele>542.000000</ele>
			</trkpt>
			<trkpt lat="50.843958" lon="14.493797">
				<ele>542.000000</ele>
			</trkpt>
			<trkpt lat="50.843873" lon="14.493994">
				<ele>541.000000</ele>
			</trkpt>
			<trkpt lat="50.843782" lon="14.494164">
				<ele>541.000000</ele>
			</trkpt>
			<trkpt lat="50.843703" lon="14.494299">
				<ele>540.000000</ele>
			</trkpt>
			<trkpt lat="50.843624" lon="14.494407">
				<ele>539.000000</ele>
			</trkpt>
			<trkpt lat="50.843522" lon="14.494523">
				<ele>539.000000</ele>
			</trkpt>
			<trkpt lat="50.843425" lon="14.494623">
				<ele>539.000000</ele>
			</trkpt>
			<trkpt lat="50.843306" lon="14.494730">
				<ele>538.000000</ele>
			</trkpt>
			<trkpt lat="50.843164" lon="14.494829">
				<ele>538.000000</ele>
			</trkpt>
			<trkpt lat="50.842779" lon="14.495089">
				<ele>537.000000</ele>
			</trkpt>
			<trkpt lat="50.842472" lon="14.495278">
				<ele>534.000000</ele>
			</trkpt>
			<trkpt lat="50.842189" lon="14.495422">
				<ele>531.000000</ele>
			</trkpt>
			<trkpt lat="50.841933" lon="14.495539">
				<ele>529.000000</ele>
			</trkpt>
			<trkpt lat="50.841684" lon="14.495628">
				<ele>527.000000</ele>
			</trkpt>
			<trkpt lat="50.841423" lon="14.495701">
				<ele>524.000000</ele>
			</trkpt>
			<trkpt lat="50.841128" lon="14.495755">
				<ele>523.000000</ele>
			</trkpt>
			<trkpt lat="50.840867" lon="14.495791">
				<ele>521.000000</ele>
			</trkpt>
			<trkpt lat="50.840713" lon="14.495818">
				<ele>519.000000</ele>
			</trkpt>
			<trkpt lat="50.840651" lon="14.495818">
				<ele>519.000000</ele>
			</trkpt>
			<trkpt lat="50.840589" lon="14.495791">
				<ele>519.000000</ele>
			</trkpt>
			<trkpt lat="50.840526" lon="14.495755">
				<ele>520.000000</ele>
			</trkpt>
			<trkpt lat="50.840351" lon="14.495584">
				<ele>521.000000</ele>
			</trkpt>
			<trkpt lat="50.840265" lon="14.495468">
				<ele>522.000000</ele>
			</trkpt>
			<trkpt lat="50.840197" lon="14.495368">
				<ele>522.000000</ele>
			</trkpt>
			<trkpt lat="50.840129" lon="14.495288">
				<ele>523.000000</ele>
			</trkpt>
			<trkpt lat="50.839948" lon="14.495135">
				<ele>521.000000</ele>
			</trkpt>
			<trkpt lat="50.839205" lon="14.494542">
				<ele>518.000000</ele>
			</trkpt>
			<trkpt lat="50.838847" lon="14.494236">
				<ele>517.000000</ele>
			</trkpt>
			<trkpt lat="50.838501" lon="14.493957">
				<ele>517.000000</ele>
			</trkpt>
			<trkpt lat="50.838393" lon="14.493868">
				<ele>517.000000</ele>
			</trkpt>
			<trkpt lat="50.838274" lon="14.493733">
				<ele>517.000000</ele>
			</trkpt>
			<trkpt lat="50.838161" lon="14.493571">
				<ele>517.000000</ele>
			</trkpt>
			<trkpt lat="50.838121" lon="14.493491">
				<ele>517.000000</ele>
			</trkpt>
			<trkpt lat="50.838098" lon="14.493464">
				<ele>517.000000</ele>
			</trkpt>
			<trkpt lat="50.837916" lon="14.493383">
				<ele>516.000000</ele>
			</trkpt>
			<trkpt lat="50.837843" lon="14.493355">
				<ele>516.000000</ele>
			</trkpt>
			<trkpt lat="50.837764" lon="14.493355">
				<ele>516.000000</ele>
			</trkpt>
			<trkpt lat="50.837582" lon="14.493338">
				<ele>515.000000</ele>
			</trkpt>
			<trkpt lat="50.837531" lon="14.493328">
				<ele>515.000000</ele>
			</trkpt>
			<trkpt lat="50.837475" lon="14.493302">
				<ele>515.000000</ele>
			</trkpt>
			<trkpt lat="50.837401" lon="14.493257">
				<ele>515.000000</ele>
			</trkpt>
			<trkpt lat="50.837349" lon="14.493231">
				<ele>515.000000</ele>
			</trkpt>
			<trkpt lat="50.837287" lon="14.493231">
				<ele>515.000000</ele>
			</trkpt>
			<trkpt lat="50.837224" lon="14.493248">
				<ele>515.000000</ele>
			</trkpt>
			<trkpt lat="50.837321" lon="14.493554">
				<ele>515.000000</ele>
			</trkpt>
			<trkpt lat="50.837009" lon="14.493670">
				<ele>516.000000</ele>
			</trkpt>
			<trkpt lat="50.836918" lon="14.493688">
				<ele>517.000000</ele>
			</trkpt>
			<trkpt lat="50.836811" lon="14.493680">
				<ele>517.000000</ele>
			</trkpt>
			<trkpt lat="50.836107" lon="14.493554">
				<ele>520.000000</ele>
			</trkpt>
			<trkpt lat="50.835767" lon="14.493464">
				<ele>522.000000</ele>
			</trkpt>
			<trkpt lat="50.835647" lon="14.493428">
				<ele>523.000000</ele>
			</trkpt>
			<trkpt lat="50.835568" lon="14.493418">
				<ele>524.000000</ele>
			</trkpt>
			<trkpt lat="50.835506" lon="14.493437">
				<ele>524.000000</ele>
			</trkpt>
			<trkpt lat="50.835449" lon="14.493473">
				<ele>524.000000</ele>
			</trkpt>
			<trkpt lat="50.835398" lon="14.493544">
				<ele>525.000000</ele>
			</trkpt>
			<trkpt lat="50.835370" lon="14.493617">
				<ele>526.000000</ele>
			</trkpt>
			<trkpt lat="50.835347" lon="14.493707">
				<ele>526.000000</ele>
			</trkpt>
			<trkpt lat="50.835319" lon="14.493831">
				<ele>526.000000</ele>
			</trkpt>
			<trkpt lat="50.835290" lon="14.494020">
				<ele>526.000000</ele>
			</trkpt>
			<trkpt lat="50.835273" lon="14.494093">
				<ele>526.000000</ele>
			</trkpt>
			<trkpt lat="50.835239" lon="14.494129">
				<ele>526.000000</ele>
			</trkpt>
			<trkpt lat="50.835205" lon="14.494164">
				<ele>526.000000</ele>
			</trkpt>
			<trkpt lat="50.835177" lon="14.494164">
				<ele>526.000000</ele>
			</trkpt>
			<trkpt lat="50.835148" lon="14.494147">
				<ele>527.000000</ele>
			</trkpt>
			<trkpt lat="50.835086" lon="14.494066">
				<ele>527.000000</ele>
			</trkpt>
			<trkpt lat="50.835029" lon="14.493976">
				<ele>528.000000</ele>
			</trkpt>
			<trkpt lat="50.834950" lon="14.493868">
				<ele>529.000000</ele>
			</trkpt>
			<trkpt lat="50.834859" lon="14.493778">
				<ele>530.000000</ele>
			</trkpt>
			<trkpt lat="50.834768" lon="14.493715">
				<ele>530.000000</ele>
			</trkpt>
			<trkpt lat="50.834660" lon="14.493670">
				<ele>531.000000</ele>
			</trkpt>
			<trkpt lat="50.834019" lon="14.493410">
				<ele>533.000000</ele>
			</trkpt>
			<trkpt lat="50.833843" lon="14.493311">
				<ele>533.000000</ele>
			</trkpt>
			<trkpt lat="50.833707" lon="14.493239">
				<ele>534.000000</ele>
			</trkpt>
			<trkpt lat="50.833588" lon="14.493141">
				<ele>533.000000</ele>
			</trkpt>
			<trkpt lat="50.833469" lon="14.493032">
				<ele>533.000000</ele>
			</trkpt>
			<trkpt lat="50.833129" lon="14.492682">
				<ele>533.000000</ele>
			</trkpt>
			<trkpt lat="50.832765" lon="14.492260">
				<ele>534.000000</ele>
			</trkpt>
			<trkpt lat="50.832425" lon="14.491837">
				<ele>535.000000</ele>
			</trkpt>
			<trkpt lat="50.832152" lon="14.491541">
				<ele>535.000000</ele>
			</trkpt>
			<trkpt lat="50.832152" lon="14.491541">
				<ele>535.000000</ele>
			</trkpt>
			<trkpt lat="50.832152" lon="14.491541">
				<ele>535.000000</ele>
			</trkpt>
			<trkpt lat="50.832175" lon="14.491173">
				<ele>536.000000</ele>
			</trkpt>
			<trkpt lat="50.832295" lon="14.491299">
				<ele>535.000000</ele>
			</trkpt>
			<trkpt lat="50.832352" lon="14.491334">
				<ele>535.000000</ele>
			</trkpt>
			<trkpt lat="50.832544" lon="14.490984">
				<ele>537.000000</ele>
			</trkpt>
			<trkpt lat="50.832919" lon="14.490265">
				<ele>539.000000</ele>
			</trkpt>
			<trkpt lat="50.833242" lon="14.489691">
				<ele>539.000000</ele>
			</trkpt>
			<trkpt lat="50.833384" lon="14.489422">
				<ele>540.000000</ele>
			</trkpt>
			<trkpt lat="50.833497" lon="14.489179">
				<ele>540.000000</ele>
			</trkpt>
			<trkpt lat="50.833599" lon="14.488936">
				<ele>539.000000</ele>
			</trkpt>
			<trkpt lat="50.833701" lon="14.488621">
				<ele>539.000000</ele>
			</trkpt>
			<trkpt lat="50.833855" lon="14.488110">
				<ele>539.000000</ele>
			</trkpt>
			<trkpt lat="50.834002" lon="14.487499">
				<ele>538.000000</ele>
			</trkpt>
			<trkpt lat="50.834076" lon="14.487158">
				<ele>538.000000</ele>
			</trkpt>
			<trkpt lat="50.834121" lon="14.486933">
				<ele>537.000000</ele>
			</trkpt>
			<trkpt lat="50.834144" lon="14.486736">
				<ele>537.000000</ele>
			</trkpt>
			<trkpt lat="50.834144" lon="14.486493">
				<ele>538.000000</ele>
			</trkpt>
			<trkpt lat="50.834150" lon="14.485514">
				<ele>536.000000</ele>
			</trkpt>
			<trkpt lat="50.834173" lon="14.484499">
				<ele>533.000000</ele>
			</trkpt>
			<trkpt lat="50.834173" lon="14.484103">
				<ele>532.000000</ele>
			</trkpt>
			<trkpt lat="50.834127" lon="14.484049">
				<ele>533.000000</ele>
			</trkpt>
			<trkpt lat="50.834088" lon="14.483996">
				<ele>534.000000</ele>
			</trkpt>
			<trkpt lat="50.834059" lon="14.483906">
				<ele>534.000000</ele>
			</trkpt>
			<trkpt lat="50.834025" lon="14.483762">
				<ele>534.000000</ele>
			</trkpt>
			<trkpt lat="50.833951" lon="14.483510">
				<ele>534.000000</ele>
			</trkpt>
			<trkpt lat="50.833849" lon="14.483286">
				<ele>536.000000</ele>
			</trkpt>
			<trkpt lat="50.833781" lon="14.483124">
				<ele>536.000000</ele>
			</trkpt>
			<trkpt lat="50.833724" lon="14.482998">
				<ele>537.000000</ele>
			</trkpt>
			<trkpt lat="50.833679" lon="14.482845">
				<ele>538.000000</ele>
			</trkpt>
			<trkpt lat="50.833605" lon="14.482594">
				<ele>538.000000</ele>
			</trkpt>
			<trkpt lat="50.833514" lon="14.482181">
				<ele>538.000000</ele>
			</trkpt>
			<trkpt lat="50.833469" lon="14.482038">
				<ele>538.000000</ele>
			</trkpt>
			<trkpt lat="50.833412" lon="14.481885">
				<ele>539.000000</ele>
			</trkpt>
			<trkpt lat="50.833339" lon="14.481741">
				<ele>540.000000</ele>
			</trkpt>
			<trkpt lat="50.832850" lon="14.480923">
				<ele>546.000000</ele>
			</trkpt>
			<trkpt lat="50.832590" lon="14.480483">
				<ele>548.000000</ele>
			</trkpt>
			<trkpt lat="50.832374" lon="14.480187">
				<ele>552.000000</ele>
			</trkpt>
			<trkpt lat="50.832136" lon="14.479925">
				<ele>556.000000</ele>
			</trkpt>
			<trkpt lat="50.831829" lon="14.479638">
				<ele>561.000000</ele>
			</trkpt>
			<trkpt lat="50.831710" lon="14.479531">
				<ele>563.000000</ele>
			</trkpt>
			<trkpt lat="50.831596" lon="14.479405">
				<ele>565.000000</ele>
			</trkpt>
			<trkpt lat="50.831478" lon="14.479279">
				<ele>566.000000</ele>
			</trkpt>
			<trkpt lat="50.831387" lon="14.479136">
				<ele>567.000000</ele>
			</trkpt>
			<trkpt lat="50.831296" lon="14.478983">
				<ele>568.000000</ele>
			</trkpt>
			<trkpt lat="50.831193" lon="14.478794">
				<ele>569.000000</ele>
			</trkpt>
			<trkpt lat="50.830978" lon="14.478300">
				<ele>571.000000</ele>
			</trkpt>
			<trkpt lat="50.830859" lon="14.477977">
				<ele>572.000000</ele>
			</trkpt>
			<trkpt lat="50.830808" lon="14.477851">
				<ele>572.000000</ele>
			</trkpt>
			<trkpt lat="50.830762" lon="14.477780">
				<ele>572.000000</ele>
			</trkpt>
			<trkpt lat="50.830717" lon="14.477725">
				<ele>572.000000</ele>
			</trkpt>
			<trkpt lat="50.830672" lon="14.477680">
				<ele>572.000000</ele>
			</trkpt>
			<trkpt lat="50.830615" lon="14.477635">
				<ele>572.000000</ele>
			</trkpt>
			<trkpt lat="50.830496" lon="14.477600">
				<ele>573.000000</ele>
			</trkpt>
			<trkpt lat="50.830280" lon="14.477591">
				<ele>572.000000</ele>
			</trkpt>
			<trkpt lat="50.830019" lon="14.477564">
				<ele>571.000000</ele>
			</trkpt>
			<trkpt lat="50.829951" lon="14.477537">
				<ele>570.000000</ele>
			</trkpt>
			<trkpt lat="50.829860" lon="14.477491">
				<ele>569.000000</ele>
			</trkpt>
			<trkpt lat="50.829787" lon="14.477438">
				<ele>568.000000</ele>
			</trkpt>
			<trkpt lat="50.829736" lon="14.477384">
				<ele>568.000000</ele>
			</trkpt>
			<trkpt lat="50.829679" lon="14.477294">
				<ele>568.000000</ele>
			</trkpt>
			<trkpt lat="50.829634" lon="14.477168">
				<ele>570.000000</ele>
			</trkpt>
			<trkpt lat="50.829514" lon="14.476881">
				<ele>574.000000</ele>
			</trkpt>
			<trkpt lat="50.829390" lon="14.476620">
				<ele>578.000000</ele>
			</trkpt>
			<trkpt lat="50.829254" lon="14.476359">
				<ele>581.000000</ele>
			</trkpt>
			<trkpt lat="50.829077" lon="14.476109">
				<ele>582.000000</ele>
			</trkpt>
			<trkpt lat="50.828680" lon="14.475560">
				<ele>583.000000</ele>
			</trkpt>
			<trkpt lat="50.828612" lon="14.475461">
				<ele>584.000000</ele>
			</trkpt>
			<trkpt lat="50.828527" lon="14.475407">
				<ele>584.000000</ele>
			</trkpt>
			<trkpt lat="50.828436" lon="14.475354">
				<ele>583.000000</ele>
			</trkpt>
			<trkpt lat="50.828283" lon="14.475309">
				<ele>583.000000</ele>
			</trkpt>
			<trkpt lat="50.828045" lon="14.475210">
				<ele>582.000000</ele>
			</trkpt>
			<trkpt lat="50.827851" lon="14.475111">
				<ele>582.000000</ele>
			</trkpt>
			<trkpt lat="50.827653" lon="14.474977">
				<ele>581.000000</ele>
			</trkpt>
			<trkpt lat="50.827438" lon="14.474778">
				<ele>582.000000</ele>
			</trkpt>
			<trkpt lat="50.827296" lon="14.474635">
				<ele>581.000000</ele>
			</trkpt>
			<trkpt lat="50.827194" lon="14.474528">
				<ele>581.000000</ele>
			</trkpt>
			<trkpt lat="50.827092" lon="14.474401">
				<ele>581.000000</ele>
			</trkpt>
			<trkpt lat="50.827012" lon="14.474258">
				<ele>581.000000</ele>
			</trkpt>
			<trkpt lat="50.826938" lon="14.474114">
				<ele>581.000000</ele>
			</trkpt>
			<trkpt lat="50.826859" lon="14.473916">
				<ele>582.000000</ele>
			</trkpt>
			<trkpt lat="50.826802" lon="14.473746">
				<ele>583.000000</ele>
			</trkpt>
			<trkpt lat="50.826728" lon="14.473512">
				<ele>583.000000</ele>
			</trkpt>
			<trkpt lat="50.826620" lon="14.473126">
				<ele>585.000000</ele>
			</trkpt>
			<trkpt lat="50.826410" lon="14.472281">
				<ele>586.000000</ele>
			</trkpt>
			<trkpt lat="50.826246" lon="14.471725">
				<ele>585.000000</ele>
			</trkpt>
			<trkpt lat="50.826189" lon="14.471617">
				<ele>585.000000</ele>
			</trkpt>
			<trkpt lat="50.826138" lon="14.471527">
				<ele>584.000000</ele>
			</trkpt>
			<trkpt lat="50.826064" lon="14.471455">
				<ele>583.000000</ele>
			</trkpt>
			<trkpt lat="50.825945" lon="14.471375">
				<ele>582.000000</ele>
			</trkpt>
			<trkpt lat="50.825877" lon="14.471320">
				<ele>581.000000</ele>
			</trkpt>
			<trkpt lat="50.825804" lon="14.471230">
				<ele>581.000000</ele>
			</trkpt>
			<trkpt lat="50.825747" lon="14.471149">
				<ele>580.000000</ele>
			</trkpt>
			<trkpt lat="50.825696" lon="14.471051">
				<ele>580.000000</ele>
			</trkpt>
			<trkpt lat="50.825656" lon="14.470933">
				<ele>580.000000</ele>
			</trkpt>
			<trkpt lat="50.825622" lon="14.470799">
				<ele>580.000000</ele>
			</trkpt>
			<trkpt lat="50.825594" lon="14.470637">
				<ele>580.000000</ele>
			</trkpt>
			<trkpt lat="50.825565" lon="14.470457">
				<ele>580.000000</ele>
			</trkpt>
			<trkpt lat="50.825435" lon="14.469505">
				<ele>579.000000</ele>
			</trkpt>
			<trkpt lat="50.825401" lon="14.469218">
				<ele>579.000000</ele>
			</trkpt>
			<trkpt lat="50.825344" lon="14.468949">
				<ele>579.000000</ele>
			</trkpt>
			<trkpt lat="50.825276" lon="14.468670">
				<ele>578.000000</ele>
			</trkpt>
			<trkpt lat="50.825242" lon="14.468572">
				<ele>578.000000</ele>
			</trkpt>
			<trkpt lat="50.825196" lon="14.468482">
				<ele>578.000000</ele>
			</trkpt>
			<trkpt lat="50.825173" lon="14.468490">
				<ele>578.000000</ele>
			</trkpt>
			<trkpt lat="50.825173" lon="14.468490">
				<ele>578.000000</ele>
			</trkpt>
			<trkpt lat="50.825196" lon="14.468482">
				<ele>578.000000</ele>
			</trkpt>
			<trkpt lat="50.825213" lon="14.468401">
				<ele>578.000000</ele>
			</trkpt>
			<trkpt lat="50.825224" lon="14.468329">
				<ele>578.000000</ele>
			</trkpt>
			<trkpt lat="50.825224" lon="14.468248">
				<ele>578.000000</ele>
			</trkpt>
			<trkpt lat="50.825213" lon="14.468159">
				<ele>578.000000</ele>
			</trkpt>
			<trkpt lat="50.825128" lon="14.467448">
				<ele>576.000000</ele>
			</trkpt>
			<trkpt lat="50.825083" lon="14.467134">
				<ele>576.000000</ele>
			</trkpt>
			<trkpt lat="50.825071" lon="14.467027">
				<ele>575.000000</ele>
			</trkpt>
			<trkpt lat="50.825066" lon="14.466901">
				<ele>575.000000</ele>
			</trkpt>
			<trkpt lat="50.825071" lon="14.466757">
				<ele>575.000000</ele>
			</trkpt>
			<trkpt lat="50.825088" lon="14.466641">
				<ele>574.000000</ele>
			</trkpt>
			<trkpt lat="50.825117" lon="14.466496">
				<ele>574.000000</ele>
			</trkpt>
			<trkpt lat="50.825150" lon="14.466388">
				<ele>574.000000</ele>
			</trkpt>
			<trkpt lat="50.825196" lon="14.466281">
				<ele>574.000000</ele>
			</trkpt>
			<trkpt lat="50.825247" lon="14.466182">
				<ele>574.000000</ele>
			</trkpt>
			<trkpt lat="50.825338" lon="14.466029">
				<ele>573.000000</ele>
			</trkpt>
			<trkpt lat="50.825553" lon="14.465643">
				<ele>572.000000</ele>
			</trkpt>
			<trkpt lat="50.825616" lon="14.465517">
				<ele>572.000000</ele>
			</trkpt>
			<trkpt lat="50.825661" lon="14.465400">
				<ele>572.000000</ele>
			</trkpt>
			<trkpt lat="50.825701" lon="14.465256">
				<ele>572.000000</ele>
			</trkpt>
			<trkpt lat="50.825741" lon="14.465113">
				<ele>571.000000</ele>
			</trkpt>
			<trkpt lat="50.825758" lon="14.464987">
				<ele>570.000000</ele>
			</trkpt>
			<trkpt lat="50.825781" lon="14.464673">
				<ele>568.000000</ele>
			</trkpt>
			<trkpt lat="50.825809" lon="14.464493">
				<ele>567.000000</ele>
			</trkpt>
			<trkpt lat="50.825855" lon="14.464287">
				<ele>567.000000</ele>
			</trkpt>
			<trkpt lat="50.825894" lon="14.464161">
				<ele>566.000000</ele>
			</trkpt>
			<trkpt lat="50.825894" lon="14.464161">
				<ele>566.000000</ele>
			</trkpt>
			<trkpt lat="50.825956" lon="14.463972">
				<ele>565.000000</ele>
			</trkpt>
			<trkpt lat="50.825899" lon="14.463163">
				<ele>557.000000</ele>
			</trkpt>
			<trkpt lat="50.825906" lon="14.462660">
				<ele>553.000000</ele>
			</trkpt>
			<trkpt lat="50.825894" lon="14.462328">
				<ele>551.000000</ele>
			</trkpt>
			<trkpt lat="50.825877" lon="14.461618">
				<ele>546.000000</ele>
			</trkpt>
			<trkpt lat="50.825866" lon="14.460899">
				<ele>541.000000</ele>
			</trkpt>
			<trkpt lat="50.825860" lon="14.460729">
				<ele>540.000000</ele>
			</trkpt>
			<trkpt lat="50.825843" lon="14.460595">
				<ele>539.000000</ele>
			</trkpt>
			<trkpt lat="50.825815" lon="14.460459">
				<ele>538.000000</ele>
			</trkpt>
			<trkpt lat="50.825781" lon="14.460316">
				<ele>537.000000</ele>
			</trkpt>
			<trkpt lat="50.825502" lon="14.459354">
				<ele>527.000000</ele>
			</trkpt>
			<trkpt lat="50.825457" lon="14.459193">
				<ele>525.000000</ele>
			</trkpt>
			<trkpt lat="50.825395" lon="14.459085">
				<ele>522.000000</ele>
			</trkpt>
			<trkpt lat="50.825327" lon="14.459014">
				<ele>520.000000</ele>
			</trkpt>
			<trkpt lat="50.825287" lon="14.459004">
				<ele>520.000000</ele>
			</trkpt>
			<trkpt lat="50.825236" lon="14.458987">
				<ele>519.000000</ele>
			</trkpt>
			<trkpt lat="50.825009" lon="14.458951">
				<ele>513.000000</ele>
			</trkpt>
			<trkpt lat="50.824935" lon="14.458932">
				<ele>511.000000</ele>
			</trkpt>
			<trkpt lat="50.824884" lon="14.458878">
				<ele>510.000000</ele>
			</trkpt>
			<trkpt lat="50.824844" lon="14.458807">
				<ele>510.000000</ele>
			</trkpt>
			<trkpt lat="50.824799" lon="14.458635">
				<ele>508.000000</ele>
			</trkpt>
			<trkpt lat="50.824703" lon="14.458295">
				<ele>506.000000</ele>
			</trkpt>
			<trkpt lat="50.824634" lon="14.458124">
				<ele>505.000000</ele>
			</trkpt>
			<trkpt lat="50.824453" lon="14.457648">
				<ele>499.000000</ele>
			</trkpt>
			<trkpt lat="50.824362" lon="14.457360">
				<ele>496.000000</ele>
			</trkpt>
			<trkpt lat="50.824271" lon="14.457100">
				<ele>493.000000</ele>
			</trkpt>
			<trkpt lat="50.824209" lon="14.456956">
				<ele>492.000000</ele>
			</trkpt>
			<trkpt lat="50.824135" lon="14.456857">
				<ele>490.000000</ele>
			</trkpt>
			<trkpt lat="50.824039" lon="14.456758">
				<ele>489.000000</ele>
			</trkpt>
			<trkpt lat="50.823840" lon="14.456561">
				<ele>484.000000</ele>
			</trkpt>
			<trkpt lat="50.823721" lon="14.456417">
				<ele>483.000000</ele>
			</trkpt>
			<trkpt lat="50.823613" lon="14.456291">
				<ele>481.000000</ele>
			</trkpt>
			<trkpt lat="50.823511" lon="14.456192">
				<ele>480.000000</ele>
			</trkpt>
			<trkpt lat="50.823397" lon="14.456111">
				<ele>479.000000</ele>
			</trkpt>
			<trkpt lat="50.823261" lon="14.456040">
				<ele>478.000000</ele>
			</trkpt>
			<trkpt lat="50.823097" lon="14.455941">
				<ele>476.000000</ele>
			</trkpt>
			<trkpt lat="50.822926" lon="14.455834">
				<ele>473.000000</ele>
			</trkpt>
			<trkpt lat="50.822790" lon="14.455725">
				<ele>471.000000</ele>
			</trkpt>
			<trkpt lat="50.822648" lon="14.455582">
				<ele>469.000000</ele>
			</trkpt>
			<trkpt lat="50.822512" lon="14.455429">
				<ele>468.000000</ele>
			</trkpt>
			<trkpt lat="50.822382" lon="14.455240">
				<ele>466.000000</ele>
			</trkpt>
			<trkpt lat="50.822228" lon="14.455016">
				<ele>465.000000</ele>
			</trkpt>
			<trkpt lat="50.821996" lon="14.454639">
				<ele>461.000000</ele>
			</trkpt>
			<trkpt lat="50.821621" lon="14.454064">
				<ele>458.000000</ele>
			</trkpt>
			<trkpt lat="50.821178" lon="14.453408">
				<ele>453.000000</ele>
			</trkpt>
			<trkpt lat="50.820645" lon="14.452680">
				<ele>448.000000</ele>
			</trkpt>
			<trkpt lat="50.820599" lon="14.452635">
				<ele>447.000000</ele>
			</trkpt>
			<trkpt lat="50.820554" lon="14.452599">
				<ele>447.000000</ele>
			</trkpt>
			<trkpt lat="50.820350" lon="14.452500">
				<ele>446.000000</ele>
			</trkpt>
			<trkpt lat="50.820247" lon="14.452410">
				<ele>445.000000</ele>
			</trkpt>
			<trkpt lat="50.820168" lon="14.452330">
				<ele>444.000000</ele>
			</trkpt>
			<trkpt lat="50.820094" lon="14.452204">
				<ele>443.000000</ele>
			</trkpt>
			<trkpt lat="50.820021" lon="14.452060">
				<ele>442.000000</ele>
			</trkpt>
			<trkpt lat="50.819970" lon="14.451953">
				<ele>441.000000</ele>
			</trkpt>
			<trkpt lat="50.819879" lon="14.451737">
				<ele>441.000000</ele>
			</trkpt>
			<trkpt lat="50.819777" lon="14.451584">
				<ele>441.000000</ele>
			</trkpt>
			<trkpt lat="50.819669" lon="14.451467">
				<ele>441.000000</ele>
			</trkpt>
			<trkpt lat="50.819516" lon="14.451333">
				<ele>439.000000</ele>
			</trkpt>
			<trkpt lat="50.819436" lon="14.451261">
				<ele>437.000000</ele>
			</trkpt>
			<trkpt lat="50.819368" lon="14.451180">
				<ele>435.000000</ele>
			</trkpt>
			<trkpt lat="50.819124" lon="14.450848">
				<ele>434.000000</ele>
			</trkpt>
			<trkpt lat="50.819169" lon="14.450578">
				<ele>432.000000</ele>
			</trkpt>
			<trkpt lat="50.819181" lon="14.450479">
				<ele>432.000000</ele>
			</trkpt>
			<trkpt lat="50.819169" lon="14.450372">
				<ele>432.000000</ele>
			</trkpt>
			<trkpt lat="50.819147" lon="14.450174">
				<ele>432.000000</ele>
			</trkpt>
			<trkpt lat="50.819113" lon="14.449976">
				<ele>434.000000</ele>
			</trkpt>
			<trkpt lat="50.819079" lon="14.449788">
				<ele>436.000000</ele>
			</trkpt>
			<trkpt lat="50.819010" lon="14.449509">
				<ele>440.000000</ele>
			</trkpt>
			<trkpt lat="50.818959" lon="14.449320">
				<ele>441.000000</ele>
			</trkpt>
			<trkpt lat="50.818931" lon="14.449167">
				<ele>442.000000</ele>
			</trkpt>
			<trkpt lat="50.818931" lon="14.449033">
				<ele>442.000000</ele>
			</trkpt>
			<trkpt lat="50.818948" lon="14.448898">
				<ele>443.000000</ele>
			</trkpt>
			<trkpt lat="50.819050" lon="14.448270">
				<ele>446.000000</ele>
			</trkpt>
			<trkpt lat="50.819198" lon="14.447569">
				<ele>450.000000</ele>
			</trkpt>
			<trkpt lat="50.819238" lon="14.447469">
				<ele>451.000000</ele>
			</trkpt>
			<trkpt lat="50.819260" lon="14.447398">
				<ele>451.000000</ele>
			</trkpt>
			<trkpt lat="50.819306" lon="14.447353">
				<ele>452.000000</ele>
			</trkpt>
			<trkpt lat="50.819362" lon="14.447345">
				<ele>453.000000</ele>
			</trkpt>
			<trkpt lat="50.819277" lon="14.447192">
				<ele>452.000000</ele>
			</trkpt>
			<trkpt lat="50.819187" lon="14.447048">
				<ele>451.000000</ele>
			</trkpt>
			<trkpt lat="50.818829" lon="14.446572">
				<ele>446.000000</ele>
			</trkpt>
			<trkpt lat="50.818738" lon="14.446410">
				<ele>444.000000</ele>
			</trkpt>
			<trkpt lat="50.818664" lon="14.446257">
				<ele>443.000000</ele>
			</trkpt>
			<trkpt lat="50.818579" lon="14.446033">
				<ele>441.000000</ele>
			</trkpt>
			<trkpt lat="50.818517" lon="14.445808">
				<ele>439.000000</ele>
			</trkpt>
			<trkpt lat="50.818482" lon="14.445611">
				<ele>438.000000</ele>
			</trkpt>
			<trkpt lat="50.818409" lon="14.445125">
				<ele>433.000000</ele>
			</trkpt>
			<trkpt lat="50.818358" lon="14.444874">
				<ele>431.000000</ele>
			</trkpt>
			<trkpt lat="50.818233" lon="14.444290">
				<ele>425.000000</ele>
			</trkpt>
			<trkpt lat="50.818131" lon="14.443922">
				<ele>423.000000</ele>
			</trkpt>
			<trkpt lat="50.818012" lon="14.443553">
				<ele>419.000000</ele>
			</trkpt>
			<trkpt lat="50.817864" lon="14.443185">
				<ele>417.000000</ele>
			</trkpt>
			<trkpt lat="50.817768" lon="14.442942">
				<ele>414.000000</ele>
			</trkpt>
			<trkpt lat="50.817676" lon="14.442708">
				<ele>407.000000</ele>
			</trkpt>
			<trkpt lat="50.817603" lon="14.442466">
				<ele>402.000000</ele>
			</trkpt>
			<trkpt lat="50.817501" lon="14.442080">
				<ele>394.000000</ele>
			</trkpt>
			<trkpt lat="50.817387" lon="14.442089">
				<ele>393.000000</ele>
			</trkpt>
			<trkpt lat="50.817251" lon="14.442062">
				<ele>393.000000</ele>
			</trkpt>
			<trkpt lat="50.817121" lon="14.441999">
				<ele>392.000000</ele>
			</trkpt>
			<trkpt lat="50.816791" lon="14.441838">
				<ele>390.000000</ele>
			</trkpt>
			<trkpt lat="50.816780" lon="14.441640">
				<ele>389.000000</ele>
			</trkpt>
			<trkpt lat="50.816752" lon="14.441469">
				<ele>389.000000</ele>
			</trkpt>
			<trkpt lat="50.816695" lon="14.441299">
				<ele>388.000000</ele>
			</trkpt>
			<trkpt lat="50.816632" lon="14.441127">
				<ele>388.000000</ele>
			</trkpt>
			<trkpt lat="50.816661" lon="14.441047">
				<ele>388.000000</ele>
			</trkpt>
			<trkpt lat="50.816667" lon="14.440948">
				<ele>387.000000</ele>
			</trkpt>
			<trkpt lat="50.816661" lon="14.440831">
				<ele>387.000000</ele>
			</trkpt>
			<trkpt lat="50.816638" lon="14.440687">
				<ele>387.000000</ele>
			</trkpt>
			<trkpt lat="50.816547" lon="14.440095">
				<ele>387.000000</ele>
			</trkpt>
			<trkpt lat="50.816508" lon="14.439708">
				<ele>387.000000</ele>
			</trkpt>
			<trkpt lat="50.816496" lon="14.439332">
				<ele>387.000000</ele>
			</trkpt>
			<trkpt lat="50.816513" lon="14.438919">
				<ele>387.000000</ele>
			</trkpt>
			<trkpt lat="50.816264" lon="14.438676">
				<ele>387.000000</ele>
			</trkpt>
			<trkpt lat="50.816172" lon="14.438640">
				<ele>387.000000</ele>
			</trkpt>
			<trkpt lat="50.816065" lon="14.438613">
				<ele>387.000000</ele>
			</trkpt>
			<trkpt lat="50.815855" lon="14.438586">
				<ele>387.000000</ele>
			</trkpt>
			<trkpt lat="50.815775" lon="14.438559">
				<ele>387.000000</ele>
			</trkpt>
			<trkpt lat="50.815696" lon="14.438514">
				<ele>387.000000</ele>
			</trkpt>
			<trkpt lat="50.815605" lon="14.438433">
				<ele>387.000000</ele>
			</trkpt>
			<trkpt lat="50.815423" lon="14.438217">
				<ele>389.000000</ele>
			</trkpt>
			<trkpt lat="50.815117" lon="14.437840">
				<ele>390.000000</ele>
			</trkpt>
			<trkpt lat="50.815032" lon="14.437724">
				<ele>390.000000</ele>
			</trkpt>
			<trkpt lat="50.814969" lon="14.437624">
				<ele>390.000000</ele>
			</trkpt>
			<trkpt lat="50.814890" lon="14.437445">
				<ele>389.000000</ele>
			</trkpt>
			<trkpt lat="50.814827" lon="14.437229">
				<ele>390.000000</ele>
			</trkpt>
			<trkpt lat="50.814776" lon="14.436959">
				<ele>389.000000</ele>
			</trkpt>
			<trkpt lat="50.814748" lon="14.436609">
				<ele>388.000000</ele>
			</trkpt>
			<trkpt lat="50.814691" lon="14.436089">
				<ele>386.000000</ele>
			</trkpt>
			<trkpt lat="50.814629" lon="14.435550">
				<ele>384.000000</ele>
			</trkpt>
			<trkpt lat="50.814589" lon="14.435316">
				<ele>385.000000</ele>
			</trkpt>
			<trkpt lat="50.814555" lon="14.435163">
				<ele>386.000000</ele>
			</trkpt>
			<trkpt lat="50.814498" lon="14.435037">
				<ele>387.000000</ele>
			</trkpt>
			<trkpt lat="50.814424" lon="14.434921">
				<ele>386.000000</ele>
			</trkpt>
			<trkpt lat="50.814300" lon="14.434785">
				<ele>385.000000</ele>
			</trkpt>
			<trkpt lat="50.814186" lon="14.434687">
				<ele>382.000000</ele>
			</trkpt>
			<trkpt lat="50.814056" lon="14.434634">
				<ele>379.000000</ele>
			</trkpt>
			<trkpt lat="50.813880" lon="14.434588">
				<ele>378.000000</ele>
			</trkpt>
			<trkpt lat="50.813823" lon="14.434588">
				<ele>378.000000</ele>
			</trkpt>
			<trkpt lat="50.813687" lon="14.434561">
				<ele>380.000000</ele>
			</trkpt>
			<trkpt lat="50.813488" lon="14.434508">
				<ele>383.000000</ele>
			</trkpt>
			<trkpt lat="50.813284" lon="14.434408">
				<ele>384.000000</ele>
			</trkpt>
			<trkpt lat="50.813046" lon="14.434246">
				<ele>383.000000</ele>
			</trkpt>
			<trkpt lat="50.812761" lon="14.434022">
				<ele>381.000000</ele>
			</trkpt>
			<trkpt lat="50.812608" lon="14.433905">
				<ele>382.000000</ele>
			</trkpt>
			<trkpt lat="50.812506" lon="14.433852">
				<ele>383.000000</ele>
			</trkpt>
			<trkpt lat="50.812409" lon="14.433842">
				<ele>384.000000</ele>
			</trkpt>
			<trkpt lat="50.812302" lon="14.433869">
				<ele>386.000000</ele>
			</trkpt>
			<trkpt lat="50.812183" lon="14.433932">
				<ele>387.000000</ele>
			</trkpt>
			<trkpt lat="50.811888" lon="14.434121">
				<ele>391.000000</ele>
			</trkpt>
			<trkpt lat="50.811814" lon="14.434148">
				<ele>391.000000</ele>
			</trkpt>
			<trkpt lat="50.811751" lon="14.434156">
				<ele>392.000000</ele>
			</trkpt>
			<trkpt lat="50.811688" lon="14.434166">
				<ele>392.000000</ele>
			</trkpt>
			<trkpt lat="50.811615" lon="14.434129">
				<ele>393.000000</ele>
			</trkpt>
			<trkpt lat="50.811485" lon="14.434049">
				<ele>393.000000</ele>
			</trkpt>
			<trkpt lat="50.811382" lon="14.434013">
				<ele>393.000000</ele>
			</trkpt>
			<trkpt lat="50.811303" lon="14.433986">
				<ele>392.000000</ele>
			</trkpt>
			<trkpt lat="50.811184" lon="14.433969">
				<ele>392.000000</ele>
			</trkpt>
			<trkpt lat="50.811070" lon="14.433969">
				<ele>391.000000</ele>
			</trkpt>
			<trkpt lat="50.811025" lon="14.433959">
				<ele>391.000000</ele>
			</trkpt>
			<trkpt lat="50.810962" lon="14.433932">
				<ele>390.000000</ele>
			</trkpt>
			<trkpt lat="50.810923" lon="14.433888">
				<ele>389.000000</ele>
			</trkpt>
			<trkpt lat="50.810871" lon="14.433816">
				<ele>389.000000</ele>
			</trkpt>
			<trkpt lat="50.810797" lon="14.433672">
				<ele>387.000000</ele>
			</trkpt>
			<trkpt lat="50.810707" lon="14.433474">
				<ele>386.000000</ele>
			</trkpt>
			<trkpt lat="50.810599" lon="14.433313">
				<ele>384.000000</ele>
			</trkpt>
			<trkpt lat="50.810491" lon="14.433187">
				<ele>384.000000</ele>
			</trkpt>
			<trkpt lat="50.810327" lon="14.433016">
				<ele>385.000000</ele>
			</trkpt>
			<trkpt lat="50.810298" lon="14.432990">
				<ele>386.000000</ele>
			</trkpt>
			<trkpt lat="50.810139" lon="14.432846">
				<ele>387.000000</ele>
			</trkpt>
			<trkpt lat="50.810037" lon="14.432737">
				<ele>389.000000</ele>
			</trkpt>
			<trkpt lat="50.809963" lon="14.432621">
				<ele>391.000000</ele>
			</trkpt>
			<trkpt lat="50.809918" lon="14.432521">
				<ele>392.000000</ele>
			</trkpt>
			<trkpt lat="50.809889" lon="14.432397">
				<ele>393.000000</ele>
			</trkpt>
			<trkpt lat="50.809781" lon="14.431884">
				<ele>395.000000</ele>
			</trkpt>
			<trkpt lat="50.809725" lon="14.431506">
				<ele>395.000000</ele>
			</trkpt>
			<trkpt lat="50.809714" lon="14.431445">
				<ele>396.000000</ele>
			</trkpt>
			<trkpt lat="50.809696" lon="14.431390">
				<ele>396.000000</ele>
			</trkpt>
			<trkpt lat="50.809651" lon="14.431318">
				<ele>399.000000</ele>
			</trkpt>
			<trkpt lat="50.809583" lon="14.431265">
				<ele>401.000000</ele>
			</trkpt>
			<trkpt lat="50.809452" lon="14.431210">
				<ele>404.000000</ele>
			</trkpt>
			<trkpt lat="50.809384" lon="14.431192">
				<ele>405.000000</ele>
			</trkpt>
			<trkpt lat="50.809311" lon="14.431210">
				<ele>406.000000</ele>
			</trkpt>
			<trkpt lat="50.809203" lon="14.431255">
				<ele>409.000000</ele>
			</trkpt>
			<trkpt lat="50.808998" lon="14.431372">
				<ele>413.000000</ele>
			</trkpt>
			<trkpt lat="50.808896" lon="14.431418">
				<ele>415.000000</ele>
			</trkpt>
			<trkpt lat="50.808720" lon="14.431445">
				<ele>418.000000</ele>
			</trkpt>
			<trkpt lat="50.808527" lon="14.431435">
				<ele>423.000000</ele>
			</trkpt>
			<trkpt lat="50.808504" lon="14.431418">
				<ele>423.000000</ele>
			</trkpt>
			<trkpt lat="50.808448" lon="14.431363">
				<ele>425.000000</ele>
			</trkpt>
			<trkpt lat="50.808328" lon="14.431210">
				<ele>429.000000</ele>
			</trkpt>
			<trkpt lat="50.808312" lon="14.431166">
				<ele>430.000000</ele>
			</trkpt>
			<trkpt lat="50.808294" lon="14.431120">
				<ele>431.000000</ele>
			</trkpt>
			<trkpt lat="50.808294" lon="14.430968">
				<ele>433.000000</ele>
			</trkpt>
			<trkpt lat="50.808294" lon="14.430968">
				<ele>433.000000</ele>
			</trkpt>
			<trkpt lat="50.808294" lon="14.430968">
				<ele>433.000000</ele>
			</trkpt>
			<trkpt lat="50.808294" lon="14.430968">
				<ele>433.000000</ele>
			</trkpt>
			<trkpt lat="50.808345" lon="14.430842">
				<ele>433.000000</ele>
			</trkpt>
			<trkpt lat="50.808487" lon="14.430537">
				<ele>434.000000</ele>
			</trkpt>
			<trkpt lat="50.808692" lon="14.430141">
				<ele>434.000000</ele>
			</trkpt>
			<trkpt lat="50.808737" lon="14.430024">
				<ele>434.000000</ele>
			</trkpt>
			<trkpt lat="50.808771" lon="14.429908">
				<ele>435.000000</ele>
			</trkpt>
			<trkpt lat="50.808811" lon="14.429737">
				<ele>436.000000</ele>
			</trkpt>
			<trkpt lat="50.808828" lon="14.429602">
				<ele>436.000000</ele>
			</trkpt>
			<trkpt lat="50.808816" lon="14.429458">
				<ele>437.000000</ele>
			</trkpt>
			<trkpt lat="50.808777" lon="14.429261">
				<ele>438.000000</ele>
			</trkpt>
			<trkpt lat="50.808692" lon="14.429504">
				<ele>440.000000</ele>
			</trkpt>
			<trkpt lat="50.808612" lon="14.429512">
				<ele>442.000000</ele>
			</trkpt>
			<trkpt lat="50.808556" lon="14.429504">
				<ele>443.000000</ele>
			</trkpt>
			<trkpt lat="50.808504" lon="14.429477">
				<ele>445.000000</ele>
			</trkpt>
			<trkpt lat="50.808413" lon="14.429387">
				<ele>448.000000</ele>
			</trkpt>
			<trkpt lat="50.808283" lon="14.429305">
				<ele>453.000000</ele>
			</trkpt>
			<trkpt lat="50.808169" lon="14.429261">
				<ele>457.000000</ele>
			</trkpt>
			<trkpt lat="50.808067" lon="14.429279">
				<ele>460.000000</ele>
			</trkpt>
			<trkpt lat="50.808022" lon="14.429297">
				<ele>461.000000</ele>
			</trkpt>
			<trkpt lat="50.807976" lon="14.429324">
				<ele>462.000000</ele>
			</trkpt>
			<trkpt lat="50.807755" lon="14.429558">
				<ele>466.000000</ele>
			</trkpt>
			<trkpt lat="50.807681" lon="14.429611">
				<ele>467.000000</ele>
			</trkpt>
			<trkpt lat="50.807619" lon="14.429630">
				<ele>468.000000</ele>
			</trkpt>
			<trkpt lat="50.807550" lon="14.429611">
				<ele>470.000000</ele>
			</trkpt>
			<trkpt lat="50.807460" lon="14.429575">
				<ele>472.000000</ele>
			</trkpt>
			<trkpt lat="50.807380" lon="14.429512">
				<ele>473.000000</ele>
			</trkpt>
			<trkpt lat="50.807295" lon="14.429432">
				<ele>472.000000</ele>
			</trkpt>
			<trkpt lat="50.807244" lon="14.429332">
				<ele>472.000000</ele>
			</trkpt>
			<trkpt lat="50.807131" lon="14.429108">
				<ele>470.000000</ele>
			</trkpt>
			<trkpt lat="50.807080" lon="14.428992">
				<ele>468.000000</ele>
			</trkpt>
			<trkpt lat="50.807040" lon="14.428884">
				<ele>468.000000</ele>
			</trkpt>
			<trkpt lat="50.807034" lon="14.428758">
				<ele>468.000000</ele>
			</trkpt>
			<trkpt lat="50.807023" lon="14.428623">
				<ele>467.000000</ele>
			</trkpt>
			<trkpt lat="50.807040" lon="14.428453">
				<ele>466.000000</ele>
			</trkpt>
			<trkpt lat="50.807074" lon="14.428255">
				<ele>463.000000</ele>
			</trkpt>
			<trkpt lat="50.807091" lon="14.428129">
				<ele>460.000000</ele>
			</trkpt>
			<trkpt lat="50.807091" lon="14.428003">
				<ele>458.000000</ele>
			</trkpt>
			<trkpt lat="50.807051" lon="14.427563">
				<ele>453.000000</ele>
			</trkpt>
			<trkpt lat="50.807006" lon="14.427563">
				<ele>455.000000</ele>
			</trkpt>
			<trkpt lat="50.806989" lon="14.427546">
				<ele>456.000000</ele>
			</trkpt>
			<trkpt lat="50.806972" lon="14.427537">
				<ele>456.000000</ele>
			</trkpt>
			<trkpt lat="50.806943" lon="14.427474">
				<ele>457.000000</ele>
			</trkpt>
			<trkpt lat="50.806898" lon="14.427437">
				<ele>458.000000</ele>
			</trkpt>
			<trkpt lat="50.806846" lon="14.427411">
				<ele>460.000000</ele>
			</trkpt>
			<trkpt lat="50.806784" lon="14.427384">
				<ele>462.000000</ele>
			</trkpt>
			<trkpt lat="50.806699" lon="14.427384">
				<ele>466.000000</ele>
			</trkpt>
			<trkpt lat="50.806631" lon="14.427366">
				<ele>468.000000</ele>
			</trkpt>
			<trkpt lat="50.806557" lon="14.427338">
				<ele>471.000000</ele>
			</trkpt>
			<trkpt lat="50.806551" lon="14.427330">
				<ele>471.000000</ele>
			</trkpt>
			<trkpt lat="50.806551" lon="14.427330">
				<ele>471.000000</ele>
			</trkpt>
			<trkpt lat="50.806557" lon="14.427338">
				<ele>471.000000</ele>
			</trkpt>
			<trkpt lat="50.806631" lon="14.427366">
				<ele>468.000000</ele>
			</trkpt>
			<trkpt lat="50.806699" lon="14.427384">
				<ele>466.000000</ele>
			</trkpt>
			<trkpt lat="50.806784" lon="14.427384">
				<ele>462.000000</ele>
			</trkpt>
			<trkpt lat="50.806846" lon="14.427411">
				<ele>460.000000</ele>
			</trkpt>
			<trkpt lat="50.806898" lon="14.427437">
				<ele>458.000000</ele>
			</trkpt>
			<trkpt lat="50.806943" lon="14.427474">
				<ele>457.000000</ele>
			</trkpt>
			<trkpt lat="50.806972" lon="14.427537">
				<ele>456.000000</ele>
			</trkpt>
			<trkpt lat="50.806989" lon="14.427546">
				<ele>456.000000</ele>
			</trkpt>
			<trkpt lat="50.807006" lon="14.427563">
				<ele>455.000000</ele>
			</trkpt>
			<trkpt lat="50.807051" lon="14.427563">
				<ele>453.000000</ele>
			</trkpt>
			<trkpt lat="50.807080" lon="14.427537">
				<ele>451.000000</ele>
			</trkpt>
			<trkpt lat="50.807097" lon="14.427491">
				<ele>450.000000</ele>
			</trkpt>
			<trkpt lat="50.807113" lon="14.427347">
				<ele>447.000000</ele>
			</trkpt>
			<trkpt lat="50.807125" lon="14.427321">
				<ele>446.000000</ele>
			</trkpt>
			<trkpt lat="50.807154" lon="14.427303">
				<ele>445.000000</ele>
			</trkpt>
			<trkpt lat="50.807198" lon="14.427303">
				<ele>443.000000</ele>
			</trkpt>
			<trkpt lat="50.807198" lon="14.427303">
				<ele>443.000000</ele>
			</trkpt>
			<trkpt lat="50.807198" lon="14.427303">
				<ele>443.000000</ele>
			</trkpt>
			<trkpt lat="50.807250" lon="14.427321">
				<ele>442.000000</ele>
			</trkpt>
			<trkpt lat="50.807295" lon="14.427374">
				<ele>441.000000</ele>
			</trkpt>
			<trkpt lat="50.807329" lon="14.427428">
				<ele>441.000000</ele>
			</trkpt>
			<trkpt lat="50.807369" lon="14.427527">
				<ele>441.000000</ele>
			</trkpt>
			<trkpt lat="50.807403" lon="14.427554">
				<ele>441.000000</ele>
			</trkpt>
			<trkpt lat="50.807420" lon="14.427554">
				<ele>441.000000</ele>
			</trkpt>
			<trkpt lat="50.807437" lon="14.427527">
				<ele>440.000000</ele>
			</trkpt>
			<trkpt lat="50.807449" lon="14.427474">
				<ele>438.000000</ele>
			</trkpt>
			<trkpt lat="50.807465" lon="14.427384">
				<ele>436.000000</ele>
			</trkpt>
			<trkpt lat="50.807494" lon="14.427330">
				<ele>435.000000</ele>
			</trkpt>
			<trkpt lat="50.807539" lon="14.427284">
				<ele>434.000000</ele>
			</trkpt>
			<trkpt lat="50.807601" lon="14.427267">
				<ele>432.000000</ele>
			</trkpt>
			<trkpt lat="50.807630" lon="14.427258">
				<ele>431.000000</ele>
			</trkpt>
			<trkpt lat="50.807653" lon="14.427213">
				<ele>430.000000</ele>
			</trkpt>
			<trkpt lat="50.807664" lon="14.427168">
				<ele>430.000000</ele>
			</trkpt>
			<trkpt lat="50.807653" lon="14.427141">
				<ele>429.000000</ele>
			</trkpt>
			<trkpt lat="50.807647" lon="14.427087">
				<ele>428.000000</ele>
			</trkpt>
			<trkpt lat="50.807653" lon="14.427042">
				<ele>427.000000</ele>
			</trkpt>
			<trkpt lat="50.807681" lon="14.426997">
				<ele>427.000000</ele>
			</trkpt>
			<trkpt lat="50.807715" lon="14.426944">
				<ele>426.000000</ele>
			</trkpt>
			<trkpt lat="50.807750" lon="14.426890">
				<ele>426.000000</ele>
			</trkpt>
			<trkpt lat="50.807750" lon="14.426854">
				<ele>425.000000</ele>
			</trkpt>
			<trkpt lat="50.807750" lon="14.426800">
				<ele>425.000000</ele>
			</trkpt>
			<trkpt lat="50.807721" lon="14.426701">
				<ele>423.000000</ele>
			</trkpt>
			<trkpt lat="50.807658" lon="14.426548">
				<ele>420.000000</ele>
			</trkpt>
			<trkpt lat="50.807596" lon="14.426359">
				<ele>417.000000</ele>
			</trkpt>
			<trkpt lat="50.807539" lon="14.426189">
				<ele>414.000000</ele>
			</trkpt>
			<trkpt lat="50.807506" lon="14.426028">
				<ele>410.000000</ele>
			</trkpt>
			<trkpt lat="50.807460" lon="14.425739">
				<ele>405.000000</ele>
			</trkpt>
			<trkpt lat="50.807398" lon="14.425668">
				<ele>404.000000</ele>
			</trkpt>
			<trkpt lat="50.807312" lon="14.425569">
				<ele>402.000000</ele>
			</trkpt>
			<trkpt lat="50.807216" lon="14.425462">
				<ele>402.000000</ele>
			</trkpt>
			<trkpt lat="50.807108" lon="14.425363">
				<ele>400.000000</ele>
			</trkpt>
			<trkpt lat="50.806989" lon="14.425309">
				<ele>399.000000</ele>
			</trkpt>
			<trkpt lat="50.806761" lon="14.425210">
				<ele>396.000000</ele>
			</trkpt>
			<trkpt lat="50.806665" lon="14.425156">
				<ele>395.000000</ele>
			</trkpt>
			<trkpt lat="50.806580" lon="14.425084">
				<ele>394.000000</ele>
			</trkpt>
			<trkpt lat="50.806500" lon="14.424986">
				<ele>393.000000</ele>
			</trkpt>
			<trkpt lat="50.806381" lon="14.424806">
				<ele>392.000000</ele>
			</trkpt>
			<trkpt lat="50.806319" lon="14.424688">
				<ele>390.000000</ele>
			</trkpt>
			<trkpt lat="50.806273" lon="14.424563">
				<ele>390.000000</ele>
			</trkpt>
			<trkpt lat="50.806183" lon="14.424275">
				<ele>388.000000</ele>
			</trkpt>
			<trkpt lat="50.806120" lon="14.424114">
				<ele>387.000000</ele>
			</trkpt>
			<trkpt lat="50.805984" lon="14.423772">
				<ele>385.000000</ele>
			</trkpt>
			<trkpt lat="50.805853" lon="14.423521">
				<ele>382.000000</ele>
			</trkpt>
			<trkpt lat="50.805700" lon="14.423252">
				<ele>381.000000</ele>
			</trkpt>
			<trkpt lat="50.805513" lon="14.422963">
				<ele>380.000000</ele>
			</trkpt>
			<trkpt lat="50.805320" lon="14.422676">
				<ele>377.000000</ele>
			</trkpt>
			<trkpt lat="50.804723" lon="14.421715">
				<ele>366.000000</ele>
			</trkpt>
			<trkpt lat="50.804587" lon="14.421491">
				<ele>363.000000</ele>
			</trkpt>
			<trkpt lat="50.804514" lon="14.421338">
				<ele>361.000000</ele>
			</trkpt>
			<trkpt lat="50.804230" lon="14.420305">
				<ele>354.000000</ele>
			</trkpt>
			<trkpt lat="50.804156" lon="14.420340">
				<ele>353.000000</ele>
			</trkpt>
			<trkpt lat="50.804105" lon="14.420403">
				<ele>353.000000</ele>
			</trkpt>
			<trkpt lat="50.804060" lon="14.420476">
				<ele>353.000000</ele>
			</trkpt>
			<trkpt lat="50.804008" lon="14.420592">
				<ele>353.000000</ele>
			</trkpt>
			<trkpt lat="50.803832" lon="14.420305">
				<ele>347.000000</ele>
			</trkpt>
			<trkpt lat="50.803696" lon="14.420053">
				<ele>342.000000</ele>
			</trkpt>
			<trkpt lat="50.803662" lon="14.420000">
				<ele>341.000000</ele>
			</trkpt>
			<trkpt lat="50.803605" lon="14.419937">
				<ele>339.000000</ele>
			</trkpt>
			<trkpt lat="50.803497" lon="14.419847">
				<ele>335.000000</ele>
			</trkpt>
			<trkpt lat="50.803219" lon="14.419623">
				<ele>328.000000</ele>
			</trkpt>
			<trkpt lat="50.803140" lon="14.419577">
				<ele>326.000000</ele>
			</trkpt>
			<trkpt lat="50.802901" lon="14.419424">
				<ele>324.000000</ele>
			</trkpt>
			<trkpt lat="50.802714" lon="14.419298">
				<ele>321.000000</ele>
			</trkpt>
			<trkpt lat="50.802742" lon="14.419181">
				<ele>321.000000</ele>
			</trkpt>
			<trkpt lat="50.802765" lon="14.419057">
				<ele>320.000000</ele>
			</trkpt>
			<trkpt lat="50.802776" lon="14.418940">
				<ele>320.000000</ele>
			</trkpt>
			<trkpt lat="50.802776" lon="14.418831">
				<ele>319.000000</ele>
			</trkpt>
			<trkpt lat="50.802753" lon="14.418634">
				<ele>317.000000</ele>
			</trkpt>
			<trkpt lat="50.802720" lon="14.418374">
				<ele>315.000000</ele>
			</trkpt>
			<trkpt lat="50.802651" lon="14.417933">
				<ele>313.000000</ele>
			</trkpt>
			<trkpt lat="50.802470" lon="14.416946">
				<ele>308.000000</ele>
			</trkpt>
			<trkpt lat="50.802362" lon="14.416963">
				<ele>307.000000</ele>
			</trkpt>
			<trkpt lat="50.802242" lon="14.416981">
				<ele>305.000000</ele>
			</trkpt>
			<trkpt lat="50.802083" lon="14.416963">
				<ele>304.000000</ele>
			</trkpt>
			<trkpt lat="50.801414" lon="14.416891">
				<ele>299.000000</ele>
			</trkpt>
			<trkpt lat="50.800301" lon="14.416684">
				<ele>294.000000</ele>
			</trkpt>
			<trkpt lat="50.800164" lon="14.416694">
				<ele>294.000000</ele>
			</trkpt>
			<trkpt lat="50.799966" lon="14.416676">
				<ele>294.000000</ele>
			</trkpt>
			<trkpt lat="50.799858" lon="14.416621">
				<ele>293.000000</ele>
			</trkpt>
			<trkpt lat="50.799517" lon="14.416631">
				<ele>294.000000</ele>
			</trkpt>
			<trkpt lat="50.799364" lon="14.416631">
				<ele>294.000000</ele>
			</trkpt>
			<trkpt lat="50.799364" lon="14.416621">
				<ele>294.000000</ele>
			</trkpt>
			<trkpt lat="50.799364" lon="14.416621">
				<ele>294.000000</ele>
			</trkpt>
			<trkpt lat="50.799364" lon="14.416631">
				<ele>294.000000</ele>
			</trkpt>
			<trkpt lat="50.799285" lon="14.416757">
				<ele>295.000000</ele>
			</trkpt>
			<trkpt lat="50.799250" lon="14.416784">
				<ele>295.000000</ele>
			</trkpt>
			<trkpt lat="50.799211" lon="14.416820">
				<ele>297.000000</ele>
			</trkpt>
			<trkpt lat="50.798990" lon="14.416891">
				<ele>298.000000</ele>
			</trkpt>
			<trkpt lat="50.798836" lon="14.416936">
				<ele>299.000000</ele>
			</trkpt>
			<trkpt lat="50.798762" lon="14.416963">
				<ele>300.000000</ele>
			</trkpt>
			<trkpt lat="50.798694" lon="14.417008">
				<ele>300.000000</ele>
			</trkpt>
			<trkpt lat="50.798631" lon="14.417063">
				<ele>301.000000</ele>
			</trkpt>
			<trkpt lat="50.798575" lon="14.417134">
				<ele>303.000000</ele>
			</trkpt>
			<trkpt lat="50.798467" lon="14.417304">
				<ele>304.000000</ele>
			</trkpt>
			<trkpt lat="50.798422" lon="14.417376">
				<ele>304.000000</ele>
			</trkpt>
			<trkpt lat="50.798359" lon="14.417439">
				<ele>305.000000</ele>
			</trkpt>
			<trkpt lat="50.798297" lon="14.417466">
				<ele>305.000000</ele>
			</trkpt>
			<trkpt lat="50.797842" lon="14.417583">
				<ele>308.000000</ele>
			</trkpt>
			<trkpt lat="50.797632" lon="14.417655">
				<ele>310.000000</ele>
			</trkpt>
			<trkpt lat="50.797445" lon="14.417718">
				<ele>311.000000</ele>
			</trkpt>
			<trkpt lat="50.797275" lon="14.417808">
				<ele>311.000000</ele>
			</trkpt>
			<trkpt lat="50.797116" lon="14.417889">
				<ele>311.000000</ele>
			</trkpt>
			<trkpt lat="50.796951" lon="14.417996">
				<ele>313.000000</ele>
			</trkpt>
			<trkpt lat="50.796764" lon="14.418139">
				<ele>315.000000</ele>
			</trkpt>
			<trkpt lat="50.796360" lon="14.418481">
				<ele>318.000000</ele>
			</trkpt>
			<trkpt lat="50.796281" lon="14.418554">
				<ele>318.000000</ele>
			</trkpt>
			<trkpt lat="50.796701" lon="14.420539">
				<ele>311.000000</ele>
			</trkpt>
			<trkpt lat="50.796753" lon="14.420934">
				<ele>312.000000</ele>
			</trkpt>
			<trkpt lat="50.796809" lon="14.421275">
				<ele>313.000000</ele>
			</trkpt>
			<trkpt lat="50.796860" lon="14.421545">
				<ele>315.000000</ele>
			</trkpt>
			<trkpt lat="50.796934" lon="14.421778">
				<ele>317.000000</ele>
			</trkpt>
			<trkpt lat="50.797019" lon="14.422066">
				<ele>318.000000</ele>
			</trkpt>
			<trkpt lat="50.797053" lon="14.422308">
				<ele>318.000000</ele>
			</trkpt>
			<trkpt lat="50.797076" lon="14.422577">
				<ele>319.000000</ele>
			</trkpt>
			<trkpt lat="50.797064" lon="14.422856">
				<ele>321.000000</ele>
			</trkpt>
			<trkpt lat="50.796871" lon="14.423000">
				<ele>322.000000</ele>
			</trkpt>
			<trkpt lat="50.796707" lon="14.423116">
				<ele>325.000000</ele>
			</trkpt>
			<trkpt lat="50.796599" lon="14.423216">
				<ele>327.000000</ele>
			</trkpt>
			<trkpt lat="50.796457" lon="14.423359">
				<ele>328.000000</ele>
			</trkpt>
			<trkpt lat="50.796150" lon="14.423611">
				<ele>331.000000</ele>
			</trkpt>
			<trkpt lat="50.795623" lon="14.424051">
				<ele>337.000000</ele>
			</trkpt>
			<trkpt lat="50.794811" lon="14.424806">
				<ele>348.000000</ele>
			</trkpt>
			<trkpt lat="50.794685" lon="14.424913">
				<ele>349.000000</ele>
			</trkpt>
			<trkpt lat="50.794577" lon="14.425030">
				<ele>352.000000</ele>
			</trkpt>
			<trkpt lat="50.794487" lon="14.425147">
				<ele>353.000000</ele>
			</trkpt>
			<trkpt lat="50.794418" lon="14.425263">
				<ele>355.000000</ele>
			</trkpt>
			<trkpt lat="50.794345" lon="14.425407">
				<ele>357.000000</ele>
			</trkpt>
			<trkpt lat="50.794294" lon="14.425560">
				<ele>358.000000</ele>
			</trkpt>
			<trkpt lat="50.794237" lon="14.425722">
				<ele>360.000000</ele>
			</trkpt>
			<trkpt lat="50.794192" lon="14.425902">
				<ele>361.000000</ele>
			</trkpt>
			<trkpt lat="50.794072" lon="14.426485">
				<ele>367.000000</ele>
			</trkpt>
			<trkpt lat="50.793976" lon="14.426845">
				<ele>370.000000</ele>
			</trkpt>
			<trkpt lat="50.793919" lon="14.426997">
				<ele>373.000000</ele>
			</trkpt>
			<trkpt lat="50.793873" lon="14.427070">
				<ele>375.000000</ele>
			</trkpt>
			<trkpt lat="50.793822" lon="14.427141">
				<ele>376.000000</ele>
			</trkpt>
			<trkpt lat="50.793771" lon="14.427195">
				<ele>378.000000</ele>
			</trkpt>
			<trkpt lat="50.793698" lon="14.427258">
				<ele>379.000000</ele>
			</trkpt>
			<trkpt lat="50.791994" lon="14.428372">
				<ele>406.000000</ele>
			</trkpt>
			<trkpt lat="50.791607" lon="14.428632">
				<ele>410.000000</ele>
			</trkpt>
			<trkpt lat="50.791176" lon="14.428929">
				<ele>411.000000</ele>
			</trkpt>
			<trkpt lat="50.791176" lon="14.428929">
				<ele>411.000000</ele>
			</trkpt>
			<trkpt lat="50.791176" lon="14.428929">
				<ele>411.000000</ele>
			</trkpt>
			<trkpt lat="50.791159" lon="14.429162">
				<ele>415.000000</ele>
			</trkpt>
			<trkpt lat="50.791165" lon="14.429261">
				<ele>417.000000</ele>
			</trkpt>
			<trkpt lat="50.791182" lon="14.429305">
				<ele>418.000000</ele>
			</trkpt>
			<trkpt lat="50.791199" lon="14.429332">
				<ele>419.000000</ele>
			</trkpt>
			<trkpt lat="50.791227" lon="14.429342">
				<ele>420.000000</ele>
			</trkpt>
			<trkpt lat="50.791250" lon="14.429342">
				<ele>420.000000</ele>
			</trkpt>
			<trkpt lat="50.791324" lon="14.429332">
				<ele>420.000000</ele>
			</trkpt>
			<trkpt lat="50.791420" lon="14.429271">
				<ele>420.000000</ele>
			</trkpt>
			<trkpt lat="50.791449" lon="14.429288">
				<ele>421.000000</ele>
			</trkpt>
			<trkpt lat="50.791466" lon="14.429324">
				<ele>422.000000</ele>
			</trkpt>
			<trkpt lat="50.791477" lon="14.429422">
				<ele>423.000000</ele>
			</trkpt>
			<trkpt lat="50.791471" lon="14.429521">
				<ele>425.000000</ele>
			</trkpt>
			<trkpt lat="50.791455" lon="14.429630">
				<ele>427.000000</ele>
			</trkpt>
			<trkpt lat="50.791409" lon="14.429711">
				<ele>429.000000</ele>
			</trkpt>
			<trkpt lat="50.790864" lon="14.430582">
				<ele>441.000000</ele>
			</trkpt>
			<trkpt lat="50.790682" lon="14.430913">
				<ele>443.000000</ele>
			</trkpt>
			<trkpt lat="50.790659" lon="14.431022">
				<ele>445.000000</ele>
			</trkpt>
			<trkpt lat="50.790665" lon="14.431139">
				<ele>447.000000</ele>
			</trkpt>
			<trkpt lat="50.790688" lon="14.431210">
				<ele>449.000000</ele>
			</trkpt>
			<trkpt lat="50.790705" lon="14.431265">
				<ele>451.000000</ele>
			</trkpt>
			<trkpt lat="50.790733" lon="14.431282">
				<ele>453.000000</ele>
			</trkpt>
			<trkpt lat="50.790750" lon="14.431265">
				<ele>453.000000</ele>
			</trkpt>
			<trkpt lat="50.790801" lon="14.431219">
				<ele>454.000000</ele>
			</trkpt>
			<trkpt lat="50.790818" lon="14.431219">
				<ele>455.000000</ele>
			</trkpt>
			<trkpt lat="50.790830" lon="14.431238">
				<ele>455.000000</ele>
			</trkpt>
			<trkpt lat="50.790858" lon="14.431292">
				<ele>458.000000</ele>
			</trkpt>
			<trkpt lat="50.790858" lon="14.431345">
				<ele>459.000000</ele>
			</trkpt>
			<trkpt lat="50.790830" lon="14.431506">
				<ele>462.000000</ele>
			</trkpt>
			<trkpt lat="50.790830" lon="14.431552">
				<ele>463.000000</ele>
			</trkpt>
			<trkpt lat="50.790852" lon="14.431579">
				<ele>465.000000</ele>
			</trkpt>
			<trkpt lat="50.790870" lon="14.431588">
				<ele>466.000000</ele>
			</trkpt>
			<trkpt lat="50.790892" lon="14.431588">
				<ele>466.000000</ele>
			</trkpt>
			<trkpt lat="50.790915" lon="14.431579">
				<ele>467.000000</ele>
			</trkpt>
			<trkpt lat="50.790932" lon="14.431561">
				<ele>467.000000</ele>
			</trkpt>
			<trkpt lat="50.790995" lon="14.431471">
				<ele>467.000000</ele>
			</trkpt>
			<trkpt lat="50.791023" lon="14.431471">
				<ele>468.000000</ele>
			</trkpt>
			<trkpt lat="50.791040" lon="14.431489">
				<ele>470.000000</ele>
			</trkpt>
			<trkpt lat="50.791062" lon="14.431542">
				<ele>472.000000</ele>
			</trkpt>
			<trkpt lat="50.791068" lon="14.431615">
				<ele>475.000000</ele>
			</trkpt>
			<trkpt lat="50.791068" lon="14.431741">
				<ele>478.000000</ele>
			</trkpt>
			<trkpt lat="50.791074" lon="14.431776">
				<ele>479.000000</ele>
			</trkpt>
			<trkpt lat="50.791091" lon="14.431785">
				<ele>480.000000</ele>
			</trkpt>
			<trkpt lat="50.791131" lon="14.431804">
				<ele>483.000000</ele>
			</trkpt>
			<trkpt lat="50.791159" lon="14.431785">
				<ele>484.000000</ele>
			</trkpt>
			<trkpt lat="50.791182" lon="14.431758">
				<ele>484.000000</ele>
			</trkpt>
			<trkpt lat="50.791244" lon="14.431659">
				<ele>484.000000</ele>
			</trkpt>
			<trkpt lat="50.791261" lon="14.431659">
				<ele>485.000000</ele>
			</trkpt>
			<trkpt lat="50.791284" lon="14.431669">
				<ele>486.000000</ele>
			</trkpt>
			<trkpt lat="50.791307" lon="14.431722">
				<ele>489.000000</ele>
			</trkpt>
			<trkpt lat="50.791307" lon="14.431795">
				<ele>491.000000</ele>
			</trkpt>
			<trkpt lat="50.791267" lon="14.432082">
				<ele>501.000000</ele>
			</trkpt>
			<trkpt lat="50.791255" lon="14.432307">
				<ele>506.000000</ele>
			</trkpt>
			<trkpt lat="50.791239" lon="14.432603">
				<ele>514.000000</ele>
			</trkpt>
			<trkpt lat="50.791244" lon="14.432774">
				<ele>520.000000</ele>
			</trkpt>
			<trkpt lat="50.791284" lon="14.432693">
				<ele>518.000000</ele>
			</trkpt>
			<trkpt lat="50.791330" lon="14.432648">
				<ele>518.000000</ele>
			</trkpt>
			<trkpt lat="50.791375" lon="14.432630">
				<ele>519.000000</ele>
			</trkpt>
			<trkpt lat="50.791420" lon="14.432621">
				<ele>519.000000</ele>
			</trkpt>
			<trkpt lat="50.791460" lon="14.432630">
				<ele>519.000000</ele>
			</trkpt>
			<trkpt lat="50.791494" lon="14.432657">
				<ele>519.000000</ele>
			</trkpt>
			<trkpt lat="50.791522" lon="14.432701">
				<ele>520.000000</ele>
			</trkpt>
			<trkpt lat="50.791540" lon="14.432756">
				<ele>522.000000</ele>
			</trkpt>
			<trkpt lat="50.791568" lon="14.432900">
				<ele>525.000000</ele>
			</trkpt>
			<trkpt lat="50.791568" lon="14.433070">
				<ele>529.000000</ele>
			</trkpt>
			<trkpt lat="50.791568" lon="14.433070">
				<ele>529.000000</ele>
			</trkpt>
			<trkpt lat="50.791568" lon="14.432900">
				<ele>525.000000</ele>
			</trkpt>
			<trkpt lat="50.791540" lon="14.432756">
				<ele>522.000000</ele>
			</trkpt>
			<trkpt lat="50.791522" lon="14.432701">
				<ele>520.000000</ele>
			</trkpt>
			<trkpt lat="50.791494" lon="14.432657">
				<ele>519.000000</ele>
			</trkpt>
			<trkpt lat="50.791460" lon="14.432630">
				<ele>519.000000</ele>
			</trkpt>
			<trkpt lat="50.791420" lon="14.432621">
				<ele>519.000000</ele>
			</trkpt>
			<trkpt lat="50.791375" lon="14.432630">
				<ele>519.000000</ele>
			</trkpt>
			<trkpt lat="50.791330" lon="14.432648">
				<ele>518.000000</ele>
			</trkpt>
			<trkpt lat="50.791284" lon="14.432693">
				<ele>518.000000</ele>
			</trkpt>
			<trkpt lat="50.791244" lon="14.432774">
				<ele>520.000000</ele>
			</trkpt>
			<trkpt lat="50.791239" lon="14.432603">
				<ele>514.000000</ele>
			</trkpt>
			<trkpt lat="50.791255" lon="14.432307">
				<ele>506.000000</ele>
			</trkpt>
			<trkpt lat="50.791267" lon="14.432082">
				<ele>501.000000</ele>
			</trkpt>
			<trkpt lat="50.791307" lon="14.431795">
				<ele>491.000000</ele>
			</trkpt>
			<trkpt lat="50.791307" lon="14.431722">
				<ele>489.000000</ele>
			</trkpt>
			<trkpt lat="50.791284" lon="14.431669">
				<ele>486.000000</ele>
			</trkpt>
			<trkpt lat="50.791261" lon="14.431659">
				<ele>485.000000</ele>
			</trkpt>
			<trkpt lat="50.791244" lon="14.431659">
				<ele>484.000000</ele>
			</trkpt>
			<trkpt lat="50.791182" lon="14.431758">
				<ele>484.000000</ele>
			</trkpt>
			<trkpt lat="50.791159" lon="14.431785">
				<ele>484.000000</ele>
			</trkpt>
			<trkpt lat="50.791131" lon="14.431804">
				<ele>483.000000</ele>
			</trkpt>
			<trkpt lat="50.791091" lon="14.431785">
				<ele>480.000000</ele>
			</trkpt>
			<trkpt lat="50.791074" lon="14.431776">
				<ele>479.000000</ele>
			</trkpt>
			<trkpt lat="50.791068" lon="14.431741">
				<ele>478.000000</ele>
			</trkpt>
			<trkpt lat="50.791068" lon="14.431615">
				<ele>475.000000</ele>
			</trkpt>
			<trkpt lat="50.791062" lon="14.431542">
				<ele>472.000000</ele>
			</trkpt>
			<trkpt lat="50.791040" lon="14.431489">
				<ele>470.000000</ele>
			</trkpt>
			<trkpt lat="50.791023" lon="14.431471">
				<ele>468.000000</ele>
			</trkpt>
			<trkpt lat="50.790995" lon="14.431471">
				<ele>467.000000</ele>
			</trkpt>
			<trkpt lat="50.790932" lon="14.431561">
				<ele>467.000000</ele>
			</trkpt>
			<trkpt lat="50.790915" lon="14.431579">
				<ele>467.000000</ele>
			</trkpt>
			<trkpt lat="50.790892" lon="14.431588">
				<ele>466.000000</ele>
			</trkpt>
			<trkpt lat="50.790870" lon="14.431588">
				<ele>466.000000</ele>
			</trkpt>
			<trkpt lat="50.790852" lon="14.431579">
				<ele>465.000000</ele>
			</trkpt>
			<trkpt lat="50.790830" lon="14.431552">
				<ele>463.000000</ele>
			</trkpt>
			<trkpt lat="50.790830" lon="14.431506">
				<ele>462.000000</ele>
			</trkpt>
			<trkpt lat="50.790858" lon="14.431345">
				<ele>459.000000</ele>
			</trkpt>
			<trkpt lat="50.790858" lon="14.431292">
				<ele>458.000000</ele>
			</trkpt>
			<trkpt lat="50.790830" lon="14.431238">
				<ele>455.000000</ele>
			</trkpt>
			<trkpt lat="50.790818" lon="14.431219">
				<ele>455.000000</ele>
			</trkpt>
			<trkpt lat="50.790801" lon="14.431219">
				<ele>454.000000</ele>
			</trkpt>
			<trkpt lat="50.790750" lon="14.431265">
				<ele>453.000000</ele>
			</trkpt>
			<trkpt lat="50.790733" lon="14.431282">
				<ele>453.000000</ele>
			</trkpt>
			<trkpt lat="50.790705" lon="14.431265">
				<ele>451.000000</ele>
			</trkpt>
			<trkpt lat="50.790688" lon="14.431210">
				<ele>449.000000</ele>
			</trkpt>
			<trkpt lat="50.790665" lon="14.431139">
				<ele>447.000000</ele>
			</trkpt>
			<trkpt lat="50.790659" lon="14.431022">
				<ele>445.000000</ele>
			</trkpt>
			<trkpt lat="50.790682" lon="14.430913">
				<ele>443.000000</ele>
			</trkpt>
			<trkpt lat="50.790864" lon="14.430582">
				<ele>441.000000</ele>
			</trkpt>
			<trkpt lat="50.791409" lon="14.429711">
				<ele>429.000000</ele>
			</trkpt>
			<trkpt lat="50.791455" lon="14.429630">
				<ele>427.000000</ele>
			</trkpt>
			<trkpt lat="50.791471" lon="14.429521">
				<ele>425.000000</ele>
			</trkpt>
			<trkpt lat="50.791477" lon="14.429422">
				<ele>423.000000</ele>
			</trkpt>
			<trkpt lat="50.791466" lon="14.429324">
				<ele>422.000000</ele>
			</trkpt>
			<trkpt lat="50.791449" lon="14.429288">
				<ele>421.000000</ele>
			</trkpt>
			<trkpt lat="50.791420" lon="14.429271">
				<ele>420.000000</ele>
			</trkpt>
			<trkpt lat="50.791324" lon="14.429332">
				<ele>420.000000</ele>
			</trkpt>
			<trkpt lat="50.791250" lon="14.429342">
				<ele>420.000000</ele>
			</trkpt>
			<trkpt lat="50.791227" lon="14.429342">
				<ele>420.000000</ele>
			</trkpt>
			<trkpt lat="50.791199" lon="14.429332">
				<ele>419.000000</ele>
			</trkpt>
			<trkpt lat="50.791182" lon="14.429305">
				<ele>418.000000</ele>
			</trkpt>
			<trkpt lat="50.791165" lon="14.429261">
				<ele>417.000000</ele>
			</trkpt>
			<trkpt lat="50.791159" lon="14.429162">
				<ele>415.000000</ele>
			</trkpt>
			<trkpt lat="50.791176" lon="14.428929">
				<ele>411.000000</ele>
			</trkpt>
			<trkpt lat="50.791137" lon="14.428974">
				<ele>411.000000</ele>
			</trkpt>
			<trkpt lat="50.790989" lon="14.429091">
				<ele>412.000000</ele>
			</trkpt>
			<trkpt lat="50.790881" lon="14.429234">
				<ele>412.000000</ele>
			</trkpt>
			<trkpt lat="50.790785" lon="14.429422">
				<ele>415.000000</ele>
			</trkpt>
			<trkpt lat="50.790642" lon="14.429737">
				<ele>418.000000</ele>
			</trkpt>
			<trkpt lat="50.790262" lon="14.430403">
				<ele>422.000000</ele>
			</trkpt>
			<trkpt lat="50.790029" lon="14.430779">
				<ele>422.000000</ele>
			</trkpt>
			<trkpt lat="50.789887" lon="14.430995">
				<ele>421.000000</ele>
			</trkpt>
			<trkpt lat="50.789785" lon="14.431192">
				<ele>422.000000</ele>
			</trkpt>
			<trkpt lat="50.789700" lon="14.431418">
				<ele>422.000000</ele>
			</trkpt>
			<trkpt lat="50.789609" lon="14.431686">
				<ele>422.000000</ele>
			</trkpt>
			<trkpt lat="50.789512" lon="14.432064">
				<ele>424.000000</ele>
			</trkpt>
			<trkpt lat="50.789256" lon="14.432998">
				<ele>428.000000</ele>
			</trkpt>
			<trkpt lat="50.789081" lon="14.433573">
				<ele>430.000000</ele>
			</trkpt>
			<trkpt lat="50.788893" lon="14.434095">
				<ele>430.000000</ele>
			</trkpt>
			<trkpt lat="50.788785" lon="14.434364">
				<ele>430.000000</ele>
			</trkpt>
			<trkpt lat="50.788655" lon="14.434624">
				<ele>428.000000</ele>
			</trkpt>
			<trkpt lat="50.788485" lon="14.434894">
				<ele>423.000000</ele>
			</trkpt>
			<trkpt lat="50.788393" lon="14.435037">
				<ele>421.000000</ele>
			</trkpt>
			<trkpt lat="50.788343" lon="14.435163">
				<ele>420.000000</ele>
			</trkpt>
			<trkpt lat="50.788331" lon="14.435226">
				<ele>419.000000</ele>
			</trkpt>
			<trkpt lat="50.788325" lon="14.435298">
				<ele>418.000000</ele>
			</trkpt>
			<trkpt lat="50.788325" lon="14.435370">
				<ele>417.000000</ele>
			</trkpt>
			<trkpt lat="50.788331" lon="14.435441">
				<ele>417.000000</ele>
			</trkpt>
			<trkpt lat="50.788359" lon="14.435550">
				<ele>416.000000</ele>
			</trkpt>
			<trkpt lat="50.788400" lon="14.435648">
				<ele>415.000000</ele>
			</trkpt>
			<trkpt lat="50.788552" lon="14.436043">
				<ele>414.000000</ele>
			</trkpt>
			<trkpt lat="50.788763" lon="14.436556">
				<ele>413.000000</ele>
			</trkpt>
			<trkpt lat="50.788825" lon="14.436779">
				<ele>412.000000</ele>
			</trkpt>
			<trkpt lat="50.788853" lon="14.436888">
				<ele>411.000000</ele>
			</trkpt>
			<trkpt lat="50.788860" lon="14.437022">
				<ele>410.000000</ele>
			</trkpt>
			<trkpt lat="50.788865" lon="14.437158">
				<ele>409.000000</ele>
			</trkpt>
			<trkpt lat="50.788853" lon="14.437301">
				<ele>408.000000</ele>
			</trkpt>
			<trkpt lat="50.788837" lon="14.437490">
				<ele>406.000000</ele>
			</trkpt>
			<trkpt lat="50.788837" lon="14.437642">
				<ele>404.000000</ele>
			</trkpt>
			<trkpt lat="50.788860" lon="14.437787">
				<ele>404.000000</ele>
			</trkpt>
			<trkpt lat="50.788910" lon="14.438028">
				<ele>402.000000</ele>
			</trkpt>
			<trkpt lat="50.788922" lon="14.438137">
				<ele>401.000000</ele>
			</trkpt>
			<trkpt lat="50.788922" lon="14.438271">
				<ele>400.000000</ele>
			</trkpt>
			<trkpt lat="50.788904" lon="14.438397">
				<ele>399.000000</ele>
			</trkpt>
			<trkpt lat="50.788870" lon="14.438567">
				<ele>398.000000</ele>
			</trkpt>
			<trkpt lat="50.788734" lon="14.439152">
				<ele>394.000000</ele>
			</trkpt>
			<trkpt lat="50.788473" lon="14.440328">
				<ele>390.000000</ele>
			</trkpt>
			<trkpt lat="50.788365" lon="14.440787">
				<ele>389.000000</ele>
			</trkpt>
			<trkpt lat="50.788246" lon="14.441244">
				<ele>388.000000</ele>
			</trkpt>
			<trkpt lat="50.788172" lon="14.441622">
				<ele>387.000000</ele>
			</trkpt>
			<trkpt lat="50.788127" lon="14.441712">
				<ele>387.000000</ele>
			</trkpt>
			<trkpt lat="50.788104" lon="14.441766">
				<ele>387.000000</ele>
			</trkpt>
			<trkpt lat="50.788025" lon="14.442026">
				<ele>388.000000</ele>
			</trkpt>
			<trkpt lat="50.787922" lon="14.442278">
				<ele>388.000000</ele>
			</trkpt>
			<trkpt lat="50.787837" lon="14.442439">
				<ele>388.000000</ele>
			</trkpt>
			<trkpt lat="50.787593" lon="14.442835">
				<ele>388.000000</ele>
			</trkpt>
			<trkpt lat="50.787434" lon="14.443095">
				<ele>389.000000</ele>
			</trkpt>
			<trkpt lat="50.787372" lon="14.443221">
				<ele>389.000000</ele>
			</trkpt>
			<trkpt lat="50.787320" lon="14.443337">
				<ele>390.000000</ele>
			</trkpt>
			<trkpt lat="50.787280" lon="14.443454">
				<ele>390.000000</ele>
			</trkpt>
			<trkpt lat="50.787241" lon="14.443580">
				<ele>390.000000</ele>
			</trkpt>
			<trkpt lat="50.787178" lon="14.443894">
				<ele>391.000000</ele>
			</trkpt>
			<trkpt lat="50.787161" lon="14.444039">
				<ele>392.000000</ele>
			</trkpt>
			<trkpt lat="50.787144" lon="14.444245">
				<ele>392.000000</ele>
			</trkpt>
			<trkpt lat="50.787115" lon="14.444586">
				<ele>393.000000</ele>
			</trkpt>
			<trkpt lat="50.787082" lon="14.444874">
				<ele>394.000000</ele>
			</trkpt>
			<trkpt lat="50.787042" lon="14.445152">
				<ele>396.000000</ele>
			</trkpt>
			<trkpt lat="50.786934" lon="14.445664">
				<ele>398.000000</ele>
			</trkpt>
			<trkpt lat="50.786866" lon="14.446068">
				<ele>399.000000</ele>
			</trkpt>
			<trkpt lat="50.786820" lon="14.446437">
				<ele>400.000000</ele>
			</trkpt>
			<trkpt lat="50.786804" lon="14.446752">
				<ele>401.000000</ele>
			</trkpt>
			<trkpt lat="50.786763" lon="14.447515">
				<ele>404.000000</ele>
			</trkpt>
			<trkpt lat="50.786735" lon="14.448000">
				<ele>406.000000</ele>
			</trkpt>
			<trkpt lat="50.786712" lon="14.448305">
				<ele>408.000000</ele>
			</trkpt>
			<trkpt lat="50.786678" lon="14.448574">
				<ele>410.000000</ele>
			</trkpt>
			<trkpt lat="50.786627" lon="14.448880">
				<ele>412.000000</ele>
			</trkpt>
			<trkpt lat="50.786491" lon="14.449429">
				<ele>416.000000</ele>
			</trkpt>
			<trkpt lat="50.786440" lon="14.449662">
				<ele>416.000000</ele>
			</trkpt>
			<trkpt lat="50.785986" lon="14.449194">
				<ele>417.000000</ele>
			</trkpt>
			<trkpt lat="50.785542" lon="14.448710">
				<ele>418.000000</ele>
			</trkpt>
			<trkpt lat="50.785412" lon="14.448548">
				<ele>419.000000</ele>
			</trkpt>
			<trkpt lat="50.785264" lon="14.448360">
				<ele>420.000000</ele>
			</trkpt>
			<trkpt lat="50.785151" lon="14.448368">
				<ele>421.000000</ele>
			</trkpt>
			<trkpt lat="50.784952" lon="14.448341">
				<ele>425.000000</ele>
			</trkpt>
			<trkpt lat="50.784867" lon="14.448341">
				<ele>425.000000</ele>
			</trkpt>
			<trkpt lat="50.784759" lon="14.448404">
				<ele>427.000000</ele>
			</trkpt>
			<trkpt lat="50.784674" lon="14.448485">
				<ele>430.000000</ele>
			</trkpt>
			<trkpt lat="50.784634" lon="14.448557">
				<ele>431.000000</ele>
			</trkpt>
			<trkpt lat="50.784435" lon="14.449177">
				<ele>437.000000</ele>
			</trkpt>
			<trkpt lat="50.784361" lon="14.449446">
				<ele>439.000000</ele>
			</trkpt>
			<trkpt lat="50.784293" lon="14.449769">
				<ele>442.000000</ele>
			</trkpt>
			<trkpt lat="50.784247" lon="14.450138">
				<ele>443.000000</ele>
			</trkpt>
			<trkpt lat="50.784213" lon="14.450578">
				<ele>444.000000</ele>
			</trkpt>
			<trkpt lat="50.784196" lon="14.450964">
				<ele>444.000000</ele>
			</trkpt>
			<trkpt lat="50.784203" lon="14.451333">
				<ele>444.000000</ele>
			</trkpt>
			<trkpt lat="50.784219" lon="14.452150">
				<ele>443.000000</ele>
			</trkpt>
			<trkpt lat="50.784225" lon="14.452635">
				<ele>443.000000</ele>
			</trkpt>
			<trkpt lat="50.784208" lon="14.453094">
				<ele>443.000000</ele>
			</trkpt>
			<trkpt lat="50.784162" lon="14.453588">
				<ele>444.000000</ele>
			</trkpt>
			<trkpt lat="50.784151" lon="14.453947">
				<ele>443.000000</ele>
			</trkpt>
			<trkpt lat="50.784151" lon="14.454117">
				<ele>443.000000</ele>
			</trkpt>
			<trkpt lat="50.784168" lon="14.454243">
				<ele>443.000000</ele>
			</trkpt>
			<trkpt lat="50.784185" lon="14.454369">
				<ele>442.000000</ele>
			</trkpt>
			<trkpt lat="50.784225" lon="14.454495">
				<ele>442.000000</ele>
			</trkpt>
			<trkpt lat="50.784270" lon="14.454620">
				<ele>441.000000</ele>
			</trkpt>
			<trkpt lat="50.784333" lon="14.454737">
				<ele>440.000000</ele>
			</trkpt>
			<trkpt lat="50.784486" lon="14.454989">
				<ele>438.000000</ele>
			</trkpt>
			<trkpt lat="50.784532" lon="14.455106">
				<ele>438.000000</ele>
			</trkpt>
			<trkpt lat="50.784577" lon="14.455213">
				<ele>438.000000</ele>
			</trkpt>
			<trkpt lat="50.784594" lon="14.455385">
				<ele>437.000000</ele>
			</trkpt>
			<trkpt lat="50.784628" lon="14.455851">
				<ele>436.000000</ele>
			</trkpt>
			<trkpt lat="50.784634" lon="14.456048">
				<ele>435.000000</ele>
			</trkpt>
			<trkpt lat="50.784663" lon="14.456337">
				<ele>434.000000</ele>
			</trkpt>
			<trkpt lat="50.784702" lon="14.456641">
				<ele>433.000000</ele>
			</trkpt>
			<trkpt lat="50.784759" lon="14.457046">
				<ele>431.000000</ele>
			</trkpt>
			<trkpt lat="50.784810" lon="14.457379">
				<ele>430.000000</ele>
			</trkpt>
			<trkpt lat="50.784895" lon="14.457746">
				<ele>428.000000</ele>
			</trkpt>
			<trkpt lat="50.784997" lon="14.458188">
				<ele>427.000000</ele>
			</trkpt>
			<trkpt lat="50.785026" lon="14.458285">
				<ele>426.000000</ele>
			</trkpt>
			<trkpt lat="50.785026" lon="14.458375">
				<ele>426.000000</ele>
			</trkpt>
			<trkpt lat="50.785015" lon="14.458456">
				<ele>426.000000</ele>
			</trkpt>
			<trkpt lat="50.784997" lon="14.458546">
				<ele>426.000000</ele>
			</trkpt>
			<trkpt lat="50.784946" lon="14.458717">
				<ele>427.000000</ele>
			</trkpt>
			<trkpt lat="50.784912" lon="14.458897">
				<ele>427.000000</ele>
			</trkpt>
			<trkpt lat="50.783958" lon="14.459750">
				<ele>432.000000</ele>
			</trkpt>
			<trkpt lat="50.783492" lon="14.460146">
				<ele>436.000000</ele>
			</trkpt>
			<trkpt lat="50.782436" lon="14.461098">
				<ele>445.000000</ele>
			</trkpt>
			<trkpt lat="50.782629" lon="14.461645">
				<ele>442.000000</ele>
			</trkpt>
			<trkpt lat="50.782754" lon="14.462041">
				<ele>440.000000</ele>
			</trkpt>
			<trkpt lat="50.782851" lon="14.462472">
				<ele>437.000000</ele>
			</trkpt>
			<trkpt lat="50.782941" lon="14.462966">
				<ele>435.000000</ele>
			</trkpt>
			<trkpt lat="50.782959" lon="14.463119">
				<ele>434.000000</ele>
			</trkpt>
			<trkpt lat="50.782970" lon="14.463245">
				<ele>433.000000</ele>
			</trkpt>
			<trkpt lat="50.782959" lon="14.463388">
				<ele>433.000000</ele>
			</trkpt>
			<trkpt lat="50.782941" lon="14.463514">
				<ele>433.000000</ele>
			</trkpt>
			<trkpt lat="50.782907" lon="14.463658">
				<ele>433.000000</ele>
			</trkpt>
			<trkpt lat="50.782862" lon="14.463792">
				<ele>432.000000</ele>
			</trkpt>
			<trkpt lat="50.782561" lon="14.464385">
				<ele>432.000000</ele>
			</trkpt>
			<trkpt lat="50.782515" lon="14.464475">
				<ele>432.000000</ele>
			</trkpt>
			<trkpt lat="50.782499" lon="14.464556">
				<ele>432.000000</ele>
			</trkpt>
			<trkpt lat="50.782493" lon="14.464654">
				<ele>432.000000</ele>
			</trkpt>
			<trkpt lat="50.782493" lon="14.464754">
				<ele>432.000000</ele>
			</trkpt>
			<trkpt lat="50.782481" lon="14.464853">
				<ele>432.000000</ele>
			</trkpt>
			<trkpt lat="50.782436" lon="14.464969">
				<ele>432.000000</ele>
			</trkpt>
			<trkpt lat="50.781522" lon="14.466738">
				<ele>432.000000</ele>
			</trkpt>
			<trkpt lat="50.781396" lon="14.467000">
				<ele>431.000000</ele>
			</trkpt>
			<trkpt lat="50.781340" lon="14.467080">
				<ele>431.000000</ele>
			</trkpt>
			<trkpt lat="50.781272" lon="14.467180">
				<ele>431.000000</ele>
			</trkpt>
			<trkpt lat="50.781226" lon="14.467241">
				<ele>430.000000</ele>
			</trkpt>
			<trkpt lat="50.781198" lon="14.467314">
				<ele>430.000000</ele>
			</trkpt>
			<trkpt lat="50.781198" lon="14.467386">
				<ele>429.000000</ele>
			</trkpt>
			<trkpt lat="50.781209" lon="14.467448">
				<ele>429.000000</ele>
			</trkpt>
			<trkpt lat="50.781237" lon="14.467520">
				<ele>430.000000</ele>
			</trkpt>
			<trkpt lat="50.781283" lon="14.467547">
				<ele>429.000000</ele>
			</trkpt>
			<trkpt lat="50.781334" lon="14.467547">
				<ele>429.000000</ele>
			</trkpt>
			<trkpt lat="50.781396" lon="14.467538">
				<ele>428.000000</ele>
			</trkpt>
			<trkpt lat="50.781641" lon="14.467493">
				<ele>427.000000</ele>
			</trkpt>
			<trkpt lat="50.781686" lon="14.467691">
				<ele>425.000000</ele>
			</trkpt>
			<trkpt lat="50.781743" lon="14.468159">
				<ele>423.000000</ele>
			</trkpt>
			<trkpt lat="50.781760" lon="14.468230">
				<ele>422.000000</ele>
			</trkpt>
			<trkpt lat="50.781789" lon="14.468293">
				<ele>422.000000</ele>
			</trkpt>
			<trkpt lat="50.781823" lon="14.468365">
				<ele>422.000000</ele>
			</trkpt>
			<trkpt lat="50.781879" lon="14.468436">
				<ele>422.000000</ele>
			</trkpt>
			<trkpt lat="50.781709" lon="14.468670">
				<ele>424.000000</ele>
			</trkpt>
			<trkpt lat="50.781635" lon="14.468796">
				<ele>426.000000</ele>
			</trkpt>
			<trkpt lat="50.781573" lon="14.468912">
				<ele>426.000000</ele>
			</trkpt>
			<trkpt lat="50.781527" lon="14.469021">
				<ele>427.000000</ele>
			</trkpt>
			<trkpt lat="50.781516" lon="14.469075">
				<ele>428.000000</ele>
			</trkpt>
			<trkpt lat="50.781516" lon="14.469075">
				<ele>428.000000</ele>
			</trkpt>
			<trkpt lat="50.781510" lon="14.469092">
				<ele>428.000000</ele>
			</trkpt>
			<trkpt lat="50.781402" lon="14.469138">
				<ele>430.000000</ele>
			</trkpt>
			<trkpt lat="50.781147" lon="14.469254">
				<ele>434.000000</ele>
			</trkpt>
			<trkpt lat="50.781101" lon="14.469281">
				<ele>435.000000</ele>
			</trkpt>
			<trkpt lat="50.781072" lon="14.469299">
				<ele>435.000000</ele>
			</trkpt>
			<trkpt lat="50.781044" lon="14.469354">
				<ele>436.000000</ele>
			</trkpt>
			<trkpt lat="50.780931" lon="14.469568">
				<ele>440.000000</ele>
			</trkpt>
			<trkpt lat="50.780897" lon="14.469614">
				<ele>441.000000</ele>
			</trkpt>
			<trkpt lat="50.780869" lon="14.469641">
				<ele>441.000000</ele>
			</trkpt>
			<trkpt lat="50.780789" lon="14.469658">
				<ele>442.000000</ele>
			</trkpt>
			<trkpt lat="50.780669" lon="14.469667">
				<ele>442.000000</ele>
			</trkpt>
			<trkpt lat="50.780641" lon="14.469658">
				<ele>443.000000</ele>
			</trkpt>
			<trkpt lat="50.780607" lon="14.469587">
				<ele>444.000000</ele>
			</trkpt>
			<trkpt lat="50.780442" lon="14.469335">
				<ele>450.000000</ele>
			</trkpt>
			<trkpt lat="50.780408" lon="14.469291">
				<ele>450.000000</ele>
			</trkpt>
			<trkpt lat="50.780368" lon="14.469245">
				<ele>451.000000</ele>
			</trkpt>
			<trkpt lat="50.780334" lon="14.469254">
				<ele>452.000000</ele>
			</trkpt>
			<trkpt lat="50.780300" lon="14.469254">
				<ele>452.000000</ele>
			</trkpt>
			<trkpt lat="50.779897" lon="14.469344">
				<ele>459.000000</ele>
			</trkpt>
			<trkpt lat="50.779812" lon="14.469344">
				<ele>460.000000</ele>
			</trkpt>
			<trkpt lat="50.779743" lon="14.469325">
				<ele>461.000000</ele>
			</trkpt>
			<trkpt lat="50.779687" lon="14.469299">
				<ele>461.000000</ele>
			</trkpt>
			<trkpt lat="50.779624" lon="14.469227">
				<ele>462.000000</ele>
			</trkpt>
			<trkpt lat="50.779562" lon="14.469174">
				<ele>463.000000</ele>
			</trkpt>
			<trkpt lat="50.779488" lon="14.469119">
				<ele>464.000000</ele>
			</trkpt>
			<trkpt lat="50.779409" lon="14.469075">
				<ele>466.000000</ele>
			</trkpt>
			<trkpt lat="50.779306" lon="14.469065">
				<ele>467.000000</ele>
			</trkpt>
			<trkpt lat="50.779175" lon="14.469065">
				<ele>470.000000</ele>
			</trkpt>
			<trkpt lat="50.778840" lon="14.469029">
				<ele>474.000000</ele>
			</trkpt>
			<trkpt lat="50.778744" lon="14.469029">
				<ele>475.000000</ele>
			</trkpt>
			<trkpt lat="50.778658" lon="14.469012">
				<ele>476.000000</ele>
			</trkpt>
			<trkpt lat="50.778454" lon="14.468931">
				<ele>476.000000</ele>
			</trkpt>
			<trkpt lat="50.777960" lon="14.468725">
				<ele>479.000000</ele>
			</trkpt>
			<trkpt lat="50.777699" lon="14.468652">
				<ele>480.000000</ele>
			</trkpt>
			<trkpt lat="50.777653" lon="14.468599">
				<ele>480.000000</ele>
			</trkpt>
			<trkpt lat="50.777579" lon="14.468545">
				<ele>480.000000</ele>
			</trkpt>
			<trkpt lat="50.777307" lon="14.468346">
				<ele>481.000000</ele>
			</trkpt>
			<trkpt lat="50.777176" lon="14.468545">
				<ele>484.000000</ele>
			</trkpt>
			<trkpt lat="50.777097" lon="14.468662">
				<ele>485.000000</ele>
			</trkpt>
			<trkpt lat="50.777068" lon="14.468706">
				<ele>485.000000</ele>
			</trkpt>
			<trkpt lat="50.777034" lon="14.468778">
				<ele>486.000000</ele>
			</trkpt>
			<trkpt lat="50.776971" lon="14.468859">
				<ele>487.000000</ele>
			</trkpt>
			<trkpt lat="50.776864" lon="14.468967">
				<ele>487.000000</ele>
			</trkpt>
			<trkpt lat="50.776716" lon="14.469038">
				<ele>488.000000</ele>
			</trkpt>
			<trkpt lat="50.776665" lon="14.469075">
				<ele>488.000000</ele>
			</trkpt>
			<trkpt lat="50.776602" lon="14.469146">
				<ele>489.000000</ele>
			</trkpt>
			<trkpt lat="50.776568" lon="14.469218">
				<ele>489.000000</ele>
			</trkpt>
			<trkpt lat="50.776466" lon="14.469264">
				<ele>490.000000</ele>
			</trkpt>
			<trkpt lat="50.776187" lon="14.469308">
				<ele>491.000000</ele>
			</trkpt>
			<trkpt lat="50.776012" lon="14.469524">
				<ele>493.000000</ele>
			</trkpt>
			<trkpt lat="50.775813" lon="14.469631">
				<ele>495.000000</ele>
			</trkpt>
			<trkpt lat="50.775733" lon="14.469685">
				<ele>495.000000</ele>
			</trkpt>
			<trkpt lat="50.775654" lon="14.469757">
				<ele>496.000000</ele>
			</trkpt>
			<trkpt lat="50.775580" lon="14.469856">
				<ele>497.000000</ele>
			</trkpt>
			<trkpt lat="50.775472" lon="14.470071">
				<ele>499.000000</ele>
			</trkpt>
			<trkpt lat="50.775375" lon="14.470243">
				<ele>501.000000</ele>
			</trkpt>
			<trkpt lat="50.775279" lon="14.470359">
				<ele>502.000000</ele>
			</trkpt>
			<trkpt lat="50.775177" lon="14.470440">
				<ele>503.000000</ele>
			</trkpt>
			<trkpt lat="50.775063" lon="14.470503">
				<ele>504.000000</ele>
			</trkpt>
			<trkpt lat="50.774909" lon="14.470530">
				<ele>505.000000</ele>
			</trkpt>
			<trkpt lat="50.774768" lon="14.470557">
				<ele>506.000000</ele>
			</trkpt>
			<trkpt lat="50.774711" lon="14.470593">
				<ele>507.000000</ele>
			</trkpt>
			<trkpt lat="50.774665" lon="14.470620">
				<ele>508.000000</ele>
			</trkpt>
			<trkpt lat="50.774631" lon="14.470664">
				<ele>508.000000</ele>
			</trkpt>
			<trkpt lat="50.774597" lon="14.470719">
				<ele>509.000000</ele>
			</trkpt>
			<trkpt lat="50.774575" lon="14.470772">
				<ele>509.000000</ele>
			</trkpt>
			<trkpt lat="50.774569" lon="14.470844">
				<ele>509.000000</ele>
			</trkpt>
			<trkpt lat="50.774534" lon="14.471132">
				<ele>512.000000</ele>
			</trkpt>
			<trkpt lat="50.774523" lon="14.471329">
				<ele>514.000000</ele>
			</trkpt>
			<trkpt lat="50.774512" lon="14.471895">
				<ele>518.000000</ele>
			</trkpt>
			<trkpt lat="50.774484" lon="14.472038">
				<ele>519.000000</ele>
			</trkpt>
			<trkpt lat="50.774455" lon="14.472183">
				<ele>520.000000</ele>
			</trkpt>
			<trkpt lat="50.774415" lon="14.472308">
				<ele>520.000000</ele>
			</trkpt>
			<trkpt lat="50.774376" lon="14.472362">
				<ele>521.000000</ele>
			</trkpt>
			<trkpt lat="50.774330" lon="14.472434">
				<ele>522.000000</ele>
			</trkpt>
			<trkpt lat="50.774290" lon="14.472480">
				<ele>522.000000</ele>
			</trkpt>
			<trkpt lat="50.774120" lon="14.472551">
				<ele>523.000000</ele>
			</trkpt>
			<trkpt lat="50.773973" lon="14.472596">
				<ele>524.000000</ele>
			</trkpt>
			<trkpt lat="50.773688" lon="14.472659">
				<ele>525.000000</ele>
			</trkpt>
			<trkpt lat="50.773472" lon="14.472686">
				<ele>526.000000</ele>
			</trkpt>
			<trkpt lat="50.773194" lon="14.472704">
				<ele>527.000000</ele>
			</trkpt>
			<trkpt lat="50.772870" lon="14.472650">
				<ele>526.000000</ele>
			</trkpt>
			<trkpt lat="50.772785" lon="14.472650">
				<ele>526.000000</ele>
			</trkpt>
			<trkpt lat="50.772581" lon="14.472614">
				<ele>527.000000</ele>
			</trkpt>
			<trkpt lat="50.772489" lon="14.473000">
				<ele>528.000000</ele>
			</trkpt>
			<trkpt lat="50.772416" lon="14.473440">
				<ele>531.000000</ele>
			</trkpt>
			<trkpt lat="50.772353" lon="14.473952">
				<ele>533.000000</ele>
			</trkpt>
			<trkpt lat="50.772206" lon="14.475012">
				<ele>538.000000</ele>
			</trkpt>
			<trkpt lat="50.772092" lon="14.475839">
				<ele>541.000000</ele>
			</trkpt>
			<trkpt lat="50.772007" lon="14.476503">
				<ele>544.000000</ele>
			</trkpt>
			<trkpt lat="50.771927" lon="14.477141">
				<ele>546.000000</ele>
			</trkpt>
			<trkpt lat="50.771768" lon="14.478166">
				<ele>552.000000</ele>
			</trkpt>
			<trkpt lat="50.771717" lon="14.478525">
				<ele>554.000000</ele>
			</trkpt>
			<trkpt lat="50.771660" lon="14.478579">
				<ele>554.000000</ele>
			</trkpt>
			<trkpt lat="50.771620" lon="14.478794">
				<ele>555.000000</ele>
			</trkpt>
			<trkpt lat="50.771524" lon="14.479118">
				<ele>556.000000</ele>
			</trkpt>
			<trkpt lat="50.771183" lon="14.479665">
				<ele>559.000000</ele>
			</trkpt>
			<trkpt lat="50.770689" lon="14.480465">
				<ele>564.000000</ele>
			</trkpt>
			<trkpt lat="50.770524" lon="14.480734">
				<ele>565.000000</ele>
			</trkpt>
			<trkpt lat="50.770268" lon="14.481031">
				<ele>567.000000</ele>
			</trkpt>
			<trkpt lat="50.769939" lon="14.481409">
				<ele>569.000000</ele>
			</trkpt>
			<trkpt lat="50.769626" lon="14.481749">
				<ele>570.000000</ele>
			</trkpt>
			<trkpt lat="50.769393" lon="14.482019">
				<ele>572.000000</ele>
			</trkpt>
			<trkpt lat="50.769064" lon="14.482478">
				<ele>574.000000</ele>
			</trkpt>
			<trkpt lat="50.768973" lon="14.482612">
				<ele>574.000000</ele>
			</trkpt>
			<trkpt lat="50.768893" lon="14.482755">
				<ele>575.000000</ele>
			</trkpt>
			<trkpt lat="50.768819" lon="14.482935">
				<ele>575.000000</ele>
			</trkpt>
			<trkpt lat="50.768905" lon="14.483061">
				<ele>576.000000</ele>
			</trkpt>
			<trkpt lat="50.768996" lon="14.483259">
				<ele>577.000000</ele>
			</trkpt>
			<trkpt lat="50.769069" lon="14.483403">
				<ele>578.000000</ele>
			</trkpt>
			<trkpt lat="50.769149" lon="14.483528">
				<ele>578.000000</ele>
			</trkpt>
			<trkpt lat="50.769257" lon="14.483673">
				<ele>579.000000</ele>
			</trkpt>
			<trkpt lat="50.769382" lon="14.483825">
				<ele>579.000000</ele>
			</trkpt>
			<trkpt lat="50.769490" lon="14.483870">
				<ele>579.000000</ele>
			</trkpt>
			<trkpt lat="50.769655" lon="14.483896">
				<ele>578.000000</ele>
			</trkpt>
			<trkpt lat="50.769700" lon="14.483933">
				<ele>578.000000</ele>
			</trkpt>
			<trkpt lat="50.769774" lon="14.484049">
				<ele>578.000000</ele>
			</trkpt>
			<trkpt lat="50.769842" lon="14.484183">
				<ele>578.000000</ele>
			</trkpt>
			<trkpt lat="50.769904" lon="14.484319">
				<ele>578.000000</ele>
			</trkpt>
			<trkpt lat="50.769961" lon="14.484481">
				<ele>578.000000</ele>
			</trkpt>
			<trkpt lat="50.770098" lon="14.484948">
				<ele>578.000000</ele>
			</trkpt>
			<trkpt lat="50.770154" lon="14.485091">
				<ele>577.000000</ele>
			</trkpt>
			<trkpt lat="50.770228" lon="14.485244">
				<ele>577.000000</ele>
			</trkpt>
			<trkpt lat="50.770535" lon="14.485783">
				<ele>572.000000</ele>
			</trkpt>
			<trkpt lat="50.770626" lon="14.485927">
				<ele>571.000000</ele>
			</trkpt>
			<trkpt lat="50.770717" lon="14.486044">
				<ele>571.000000</ele>
			</trkpt>
			<trkpt lat="50.770717" lon="14.486044">
				<ele>571.000000</ele>
			</trkpt>
			<trkpt lat="50.770722" lon="14.486053">
				<ele>571.000000</ele>
			</trkpt>
			<trkpt lat="50.770893" lon="14.486187">
				<ele>569.000000</ele>
			</trkpt>
			<trkpt lat="50.771069" lon="14.486340">
				<ele>568.000000</ele>
			</trkpt>
			<trkpt lat="50.771052" lon="14.486483">
				<ele>568.000000</ele>
			</trkpt>
			<trkpt lat="50.771035" lon="14.486573">
				<ele>568.000000</ele>
			</trkpt>
			<trkpt lat="50.770660" lon="14.487778">
				<ele>569.000000</ele>
			</trkpt>
			<trkpt lat="50.770643" lon="14.487868">
				<ele>569.000000</ele>
			</trkpt>
			<trkpt lat="50.770632" lon="14.487939">
				<ele>569.000000</ele>
			</trkpt>
			<trkpt lat="50.770632" lon="14.488020">
				<ele>569.000000</ele>
			</trkpt>
			<trkpt lat="50.770655" lon="14.488110">
				<ele>569.000000</ele>
			</trkpt>
			<trkpt lat="50.770421" lon="14.488837">
				<ele>568.000000</ele>
			</trkpt>
			<trkpt lat="50.770246" lon="14.489457">
				<ele>568.000000</ele>
			</trkpt>
			<trkpt lat="50.770103" lon="14.490401">
				<ele>567.000000</ele>
			</trkpt>
			<trkpt lat="50.770620" lon="14.490678">
				<ele>568.000000</ele>
			</trkpt>
			<trkpt lat="50.770820" lon="14.490795">
				<ele>569.000000</ele>
			</trkpt>
			<trkpt lat="50.771007" lon="14.490940">
				<ele>569.000000</ele>
			</trkpt>
			<trkpt lat="50.771501" lon="14.491370">
				<ele>571.000000</ele>
			</trkpt>
			<trkpt lat="50.771558" lon="14.491416">
				<ele>571.000000</ele>
			</trkpt>
			<trkpt lat="50.771632" lon="14.491514">
				<ele>572.000000</ele>
			</trkpt>
			<trkpt lat="50.771813" lon="14.491810">
				<ele>574.000000</ele>
			</trkpt>
			<trkpt lat="50.772029" lon="14.492152">
				<ele>577.000000</ele>
			</trkpt>
			<trkpt lat="50.772183" lon="14.492332">
				<ele>578.000000</ele>
			</trkpt>
			<trkpt lat="50.772319" lon="14.492512">
				<ele>579.000000</ele>
			</trkpt>
			<trkpt lat="50.772365" lon="14.492602">
				<ele>580.000000</ele>
			</trkpt>
			<trkpt lat="50.772416" lon="14.492700">
				<ele>580.000000</ele>
			</trkpt>
			<trkpt lat="50.772478" lon="14.492852">
				<ele>582.000000</ele>
			</trkpt>
			<trkpt lat="50.772546" lon="14.492969">
				<ele>582.000000</ele>
			</trkpt>
			<trkpt lat="50.772626" lon="14.493059">
				<ele>583.000000</ele>
			</trkpt>
			<trkpt lat="50.772745" lon="14.493194">
				<ele>585.000000</ele>
			</trkpt>
			<trkpt lat="50.773472" lon="14.493949">
				<ele>591.000000</ele>
			</trkpt>
			<trkpt lat="50.773728" lon="14.494218">
				<ele>592.000000</ele>
			</trkpt>
			<trkpt lat="50.774017" lon="14.494550">
				<ele>593.000000</ele>
			</trkpt>
			<trkpt lat="50.774296" lon="14.494946">
				<ele>594.000000</ele>
			</trkpt>
			<trkpt lat="50.774398" lon="14.495116">
				<ele>594.000000</ele>
			</trkpt>
			<trkpt lat="50.774523" lon="14.495395">
				<ele>594.000000</ele>
			</trkpt>
			<trkpt lat="50.774626" lon="14.495619">
				<ele>593.000000</ele>
			</trkpt>
			<trkpt lat="50.774705" lon="14.495781">
				<ele>593.000000</ele>
			</trkpt>
			<trkpt lat="50.774796" lon="14.495915">
				<ele>593.000000</ele>
			</trkpt>
			<trkpt lat="50.774898" lon="14.496042">
				<ele>594.000000</ele>
			</trkpt>
			<trkpt lat="50.775228" lon="14.496437">
				<ele>595.000000</ele>
			</trkpt>
			<trkpt lat="50.775449" lon="14.496734">
				<ele>597.000000</ele>
			</trkpt>
			<trkpt lat="50.775511" lon="14.496850">
				<ele>598.000000</ele>
			</trkpt>
			<trkpt lat="50.775563" lon="14.496958">
				<ele>598.000000</ele>
			</trkpt>
			<trkpt lat="50.775608" lon="14.497102">
				<ele>599.000000</ele>
			</trkpt>
			<trkpt lat="50.775660" lon="14.497282">
				<ele>600.000000</ele>
			</trkpt>
			<trkpt lat="50.775739" lon="14.497569">
				<ele>603.000000</ele>
			</trkpt>
			<trkpt lat="50.775796" lon="14.497749">
				<ele>606.000000</ele>
			</trkpt>
			<trkpt lat="50.775864" lon="14.497892">
				<ele>607.000000</ele>
			</trkpt>
			<trkpt lat="50.775966" lon="14.498018">
				<ele>609.000000</ele>
			</trkpt>
			<trkpt lat="50.776216" lon="14.498315">
				<ele>613.000000</ele>
			</trkpt>
			<trkpt lat="50.776330" lon="14.498458">
				<ele>614.000000</ele>
			</trkpt>
			<trkpt lat="50.776415" lon="14.498611">
				<ele>615.000000</ele>
			</trkpt>
			<trkpt lat="50.776506" lon="14.498827">
				<ele>617.000000</ele>
			</trkpt>
			<trkpt lat="50.776574" lon="14.498934">
				<ele>618.000000</ele>
			</trkpt>
			<trkpt lat="50.776699" lon="14.499114">
				<ele>620.000000</ele>
			</trkpt>
			<trkpt lat="50.776824" lon="14.499347">
				<ele>622.000000</ele>
			</trkpt>
			<trkpt lat="50.776864" lon="14.499429">
				<ele>623.000000</ele>
			</trkpt>
			<trkpt lat="50.776892" lon="14.499527">
				<ele>624.000000</ele>
			</trkpt>
			<trkpt lat="50.777046" lon="14.500112">
				<ele>629.000000</ele>
			</trkpt>
			<trkpt lat="50.777154" lon="14.500479">
				<ele>630.000000</ele>
			</trkpt>
			<trkpt lat="50.777262" lon="14.500802">
				<ele>628.000000</ele>
			</trkpt>
			<trkpt lat="50.777465" lon="14.501305">
				<ele>626.000000</ele>
			</trkpt>
			<trkpt lat="50.777517" lon="14.501423">
				<ele>625.000000</ele>
			</trkpt>
			<trkpt lat="50.777573" lon="14.501504">
				<ele>625.000000</ele>
			</trkpt>
			<trkpt lat="50.777773" lon="14.501728">
				<ele>624.000000</ele>
			</trkpt>
			<trkpt lat="50.777977" lon="14.501971">
				<ele>624.000000</ele>
			</trkpt>
			<trkpt lat="50.778239" lon="14.502276">
				<ele>624.000000</ele>
			</trkpt>
			<trkpt lat="50.778449" lon="14.502573">
				<ele>624.000000</ele>
			</trkpt>
			<trkpt lat="50.778630" lon="14.502896">
				<ele>623.000000</ele>
			</trkpt>
			<trkpt lat="50.778801" lon="14.503265">
				<ele>622.000000</ele>
			</trkpt>
			<trkpt lat="50.779102" lon="14.503984">
				<ele>624.000000</ele>
			</trkpt>
			<trkpt lat="50.779323" lon="14.504567">
				<ele>624.000000</ele>
			</trkpt>
			<trkpt lat="50.779494" lon="14.505087">
				<ele>624.000000</ele>
			</trkpt>
			<trkpt lat="50.779624" lon="14.505573">
				<ele>625.000000</ele>
			</trkpt>
			<trkpt lat="50.779704" lon="14.505968">
				<ele>625.000000</ele>
			</trkpt>
			<trkpt lat="50.779778" lon="14.506372">
				<ele>625.000000</ele>
			</trkpt>
			<trkpt lat="50.779846" lon="14.506831">
				<ele>625.000000</ele>
			</trkpt>
			<trkpt lat="50.779897" lon="14.507280">
				<ele>627.000000</ele>
			</trkpt>
			<trkpt lat="50.779897" lon="14.507280">
				<ele>627.000000</ele>
			</trkpt>
			<trkpt lat="50.779897" lon="14.507280">
				<ele>627.000000</ele>
			</trkpt>
			<trkpt lat="50.779948" lon="14.507710">
				<ele>628.000000</ele>
			</trkpt>
			<trkpt lat="50.779948" lon="14.507882">
				<ele>629.000000</ele>
			</trkpt>
			<trkpt lat="50.779948" lon="14.508062">
				<ele>631.000000</ele>
			</trkpt>
			<trkpt lat="50.779948" lon="14.508187">
				<ele>633.000000</ele>
			</trkpt>
			<trkpt lat="50.779959" lon="14.508303">
				<ele>633.000000</ele>
			</trkpt>
			<trkpt lat="50.779977" lon="14.508402">
				<ele>633.000000</ele>
			</trkpt>
			<trkpt lat="50.780005" lon="14.508529">
				<ele>633.000000</ele>
			</trkpt>
			<trkpt lat="50.780022" lon="14.508628">
				<ele>633.000000</ele>
			</trkpt>
			<trkpt lat="50.780039" lon="14.508718">
				<ele>632.000000</ele>
			</trkpt>
			<trkpt lat="50.780039" lon="14.508924">
				<ele>635.000000</ele>
			</trkpt>
			<trkpt lat="50.780044" lon="14.509221">
				<ele>637.000000</ele>
			</trkpt>
			<trkpt lat="50.780067" lon="14.509490">
				<ele>638.000000</ele>
			</trkpt>
			<trkpt lat="50.780096" lon="14.509804">
				<ele>638.000000</ele>
			</trkpt>
			<trkpt lat="50.780107" lon="14.510190">
				<ele>640.000000</ele>
			</trkpt>
			<trkpt lat="50.780118" lon="14.510387">
				<ele>640.000000</ele>
			</trkpt>
			<trkpt lat="50.780164" lon="14.510829">
				<ele>639.000000</ele>
			</trkpt>
			<trkpt lat="50.780244" lon="14.512058">
				<ele>634.000000</ele>
			</trkpt>
			<trkpt lat="50.780255" lon="14.512445">
				<ele>632.000000</ele>
			</trkpt>
			<trkpt lat="50.780266" lon="14.512886">
				<ele>631.000000</ele>
			</trkpt>
			<trkpt lat="50.780255" lon="14.513353">
				<ele>629.000000</ele>
			</trkpt>
			<trkpt lat="50.780266" lon="14.513576">
				<ele>627.000000</ele>
			</trkpt>
			<trkpt lat="50.780278" lon="14.513792">
				<ele>626.000000</ele>
			</trkpt>
			<trkpt lat="50.780289" lon="14.513963">
				<ele>626.000000</ele>
			</trkpt>
			<trkpt lat="50.780323" lon="14.514089">
				<ele>626.000000</ele>
			</trkpt>
			<trkpt lat="50.780368" lon="14.514224">
				<ele>626.000000</ele>
			</trkpt>
			<trkpt lat="50.780414" lon="14.514358">
				<ele>625.000000</ele>
			</trkpt>
			<trkpt lat="50.780448" lon="14.514467">
				<ele>624.000000</ele>
			</trkpt>
			<trkpt lat="50.780471" lon="14.514592">
				<ele>624.000000</ele>
			</trkpt>
			<trkpt lat="50.780488" lon="14.514781">
				<ele>623.000000</ele>
			</trkpt>
			<trkpt lat="50.780516" lon="14.515005">
				<ele>622.000000</ele>
			</trkpt>
			<trkpt lat="50.780550" lon="14.515230">
				<ele>621.000000</ele>
			</trkpt>
			<trkpt lat="50.780295" lon="14.515787">
				<ele>621.000000</ele>
			</trkpt>
			<trkpt lat="50.780329" lon="14.515886">
				<ele>621.000000</ele>
			</trkpt>
			<trkpt lat="50.780352" lon="14.515976">
				<ele>620.000000</ele>
			</trkpt>
			<trkpt lat="50.780340" lon="14.516047">
				<ele>620.000000</ele>
			</trkpt>
			<trkpt lat="50.780323" lon="14.516129">
				<ele>620.000000</ele>
			</trkpt>
			<trkpt lat="50.780396" lon="14.516353">
				<ele>620.000000</ele>
			</trkpt>
			<trkpt lat="50.780488" lon="14.516721">
				<ele>619.000000</ele>
			</trkpt>
			<trkpt lat="50.780550" lon="14.516919">
				<ele>619.000000</ele>
			</trkpt>
			<trkpt lat="50.780607" lon="14.517062">
				<ele>619.000000</ele>
			</trkpt>
			<trkpt lat="50.780669" lon="14.517179">
				<ele>618.000000</ele>
			</trkpt>
			<trkpt lat="50.780761" lon="14.517260">
				<ele>618.000000</ele>
			</trkpt>
			<trkpt lat="50.780902" lon="14.517385">
				<ele>619.000000</ele>
			</trkpt>
			<trkpt lat="50.781095" lon="14.517611">
				<ele>620.000000</ele>
			</trkpt>
			<trkpt lat="50.781101" lon="14.517628">
				<ele>620.000000</ele>
			</trkpt>
			<trkpt lat="50.781232" lon="14.517808">
				<ele>620.000000</ele>
			</trkpt>
			<trkpt lat="50.781294" lon="14.517880">
				<ele>621.000000</ele>
			</trkpt>
			<trkpt lat="50.781357" lon="14.517916">
				<ele>621.000000</ele>
			</trkpt>
			<trkpt lat="50.781419" lon="14.517961">
				<ele>621.000000</ele>
			</trkpt>
			<trkpt lat="50.781481" lon="14.517987">
				<ele>621.000000</ele>
			</trkpt>
			<trkpt lat="50.781555" lon="14.518014">
				<ele>622.000000</ele>
			</trkpt>
			<trkpt lat="50.781652" lon="14.518014">
				<ele>622.000000</ele>
			</trkpt>
			<trkpt lat="50.782470" lon="14.518077">
				<ele>622.000000</ele>
			</trkpt>
			<trkpt lat="50.782606" lon="14.518077">
				<ele>620.000000</ele>
			</trkpt>
			<trkpt lat="50.782714" lon="14.518104">
				<ele>620.000000</ele>
			</trkpt>
			<trkpt lat="50.782810" lon="14.518150">
				<ele>618.000000</ele>
			</trkpt>
			<trkpt lat="50.782918" lon="14.518203">
				<ele>618.000000</ele>
			</trkpt>
			<trkpt lat="50.783049" lon="14.518284">
				<ele>617.000000</ele>
			</trkpt>
			<trkpt lat="50.783140" lon="14.518374">
				<ele>617.000000</ele>
			</trkpt>
			<trkpt lat="50.783219" lon="14.518455">
				<ele>617.000000</ele>
			</trkpt>
			<trkpt lat="50.783311" lon="14.518580">
				<ele>616.000000</ele>
			</trkpt>
			<trkpt lat="50.783401" lon="14.518697">
				<ele>615.000000</ele>
			</trkpt>
			<trkpt lat="50.783606" lon="14.518850">
				<ele>612.000000</ele>
			</trkpt>
			<trkpt lat="50.783651" lon="14.518922">
				<ele>611.000000</ele>
			</trkpt>
			<trkpt lat="50.783691" lon="14.519003">
				<ele>610.000000</ele>
			</trkpt>
			<trkpt lat="50.783765" lon="14.519353">
				<ele>607.000000</ele>
			</trkpt>
			<trkpt lat="50.783816" lon="14.519542">
				<ele>605.000000</ele>
			</trkpt>
			<trkpt lat="50.783873" lon="14.519712">
				<ele>603.000000</ele>
			</trkpt>
			<trkpt lat="50.783946" lon="14.519838">
				<ele>602.000000</ele>
			</trkpt>
			<trkpt lat="50.784038" lon="14.519991">
				<ele>600.000000</ele>
			</trkpt>
			<trkpt lat="50.784270" lon="14.520333">
				<ele>597.000000</ele>
			</trkpt>
			<trkpt lat="50.784344" lon="14.520413">
				<ele>597.000000</ele>
			</trkpt>
			<trkpt lat="50.784435" lon="14.520511">
				<ele>596.000000</ele>
			</trkpt>
			<trkpt lat="50.784520" lon="14.520584">
				<ele>596.000000</ele>
			</trkpt>
			<trkpt lat="50.784606" lon="14.520637">
				<ele>595.000000</ele>
			</trkpt>
			<trkpt lat="50.784674" lon="14.520664">
				<ele>594.000000</ele>
			</trkpt>
			<trkpt lat="50.784759" lon="14.520683">
				<ele>593.000000</ele>
			</trkpt>
			<trkpt lat="50.784884" lon="14.521492">
				<ele>592.000000</ele>
			</trkpt>
			<trkpt lat="50.784958" lon="14.521985">
				<ele>591.000000</ele>
			</trkpt>
			<trkpt lat="50.785026" lon="14.522507">
				<ele>588.000000</ele>
			</trkpt>
			<trkpt lat="50.785037" lon="14.522677">
				<ele>587.000000</ele>
			</trkpt>
			<trkpt lat="50.785037" lon="14.522848">
				<ele>586.000000</ele>
			</trkpt>
			<trkpt lat="50.785020" lon="14.523000">
				<ele>585.000000</ele>
			</trkpt>
			<trkpt lat="50.784992" lon="14.523135">
				<ele>585.000000</ele>
			</trkpt>
			<trkpt lat="50.784958" lon="14.523270">
				<ele>584.000000</ele>
			</trkpt>
			<trkpt lat="50.784901" lon="14.523404">
				<ele>583.000000</ele>
			</trkpt>
			<trkpt lat="50.784838" lon="14.523549">
				<ele>582.000000</ele>
			</trkpt>
			<trkpt lat="50.784753" lon="14.523683">
				<ele>582.000000</ele>
			</trkpt>
			<trkpt lat="50.784571" lon="14.523943">
				<ele>580.000000</ele>
			</trkpt>
			<trkpt lat="50.784526" lon="14.524033">
				<ele>579.000000</ele>
			</trkpt>
			<trkpt lat="50.784503" lon="14.524105">
				<ele>578.000000</ele>
			</trkpt>
			<trkpt lat="50.784486" lon="14.524169">
				<ele>577.000000</ele>
			</trkpt>
			<trkpt lat="50.784475" lon="14.524240">
				<ele>577.000000</ele>
			</trkpt>
			<trkpt lat="50.784475" lon="14.524329">
				<ele>576.000000</ele>
			</trkpt>
			<trkpt lat="50.784492" lon="14.524411">
				<ele>575.000000</ele>
			</trkpt>
			<trkpt lat="50.784532" lon="14.524536">
				<ele>574.000000</ele>
			</trkpt>
			<trkpt lat="50.784583" lon="14.524635">
				<ele>574.000000</ele>
			</trkpt>
			<trkpt lat="50.784640" lon="14.524734">
				<ele>572.000000</ele>
			</trkpt>
			<trkpt lat="50.784713" lon="14.524824">
				<ele>571.000000</ele>
			</trkpt>
			<trkpt lat="50.784793" lon="14.524878">
				<ele>570.000000</ele>
			</trkpt>
			<trkpt lat="50.784872" lon="14.524932">
				<ele>569.000000</ele>
			</trkpt>
			<trkpt lat="50.785179" lon="14.525075">
				<ele>566.000000</ele>
			</trkpt>
			<trkpt lat="50.785332" lon="14.525138">
				<ele>565.000000</ele>
			</trkpt>
			<trkpt lat="50.785542" lon="14.525237">
				<ele>563.000000</ele>
			</trkpt>
			<trkpt lat="50.785719" lon="14.525363">
				<ele>561.000000</ele>
			</trkpt>
			<trkpt lat="50.785872" lon="14.525488">
				<ele>560.000000</ele>
			</trkpt>
			<trkpt lat="50.785992" lon="14.525633">
				<ele>559.000000</ele>
			</trkpt>
			<trkpt lat="50.786054" lon="14.525731">
				<ele>558.000000</ele>
			</trkpt>
			<trkpt lat="50.786110" lon="14.525830">
				<ele>557.000000</ele>
			</trkpt>
			<trkpt lat="50.786156" lon="14.525947">
				<ele>557.000000</ele>
			</trkpt>
			<trkpt lat="50.786184" lon="14.526054">
				<ele>556.000000</ele>
			</trkpt>
			<trkpt lat="50.786201" lon="14.526199">
				<ele>556.000000</ele>
			</trkpt>
			<trkpt lat="50.786201" lon="14.526316">
				<ele>555.000000</ele>
			</trkpt>
			<trkpt lat="50.786201" lon="14.526440">
				<ele>555.000000</ele>
			</trkpt>
			<trkpt lat="50.786184" lon="14.526585">
				<ele>554.000000</ele>
			</trkpt>
			<trkpt lat="50.786139" lon="14.526819">
				<ele>553.000000</ele>
			</trkpt>
			<trkpt lat="50.786071" lon="14.527151">
				<ele>552.000000</ele>
			</trkpt>
			<trkpt lat="50.786014" lon="14.527276">
				<ele>551.000000</ele>
			</trkpt>
			<trkpt lat="50.785951" lon="14.527366">
				<ele>550.000000</ele>
			</trkpt>
			<trkpt lat="50.785974" lon="14.527438">
				<ele>550.000000</ele>
			</trkpt>
			<trkpt lat="50.785980" lon="14.527492">
				<ele>550.000000</ele>
			</trkpt>
			<trkpt lat="50.785992" lon="14.527564">
				<ele>550.000000</ele>
			</trkpt>
			<trkpt lat="50.785980" lon="14.527662">
				<ele>549.000000</ele>
			</trkpt>
			<trkpt lat="50.785929" lon="14.528085">
				<ele>547.000000</ele>
			</trkpt>
			<trkpt lat="50.785884" lon="14.528498">
				<ele>545.000000</ele>
			</trkpt>
			<trkpt lat="50.785849" lon="14.528866">
				<ele>542.000000</ele>
			</trkpt>
			<trkpt lat="50.785832" lon="14.529235">
				<ele>539.000000</ele>
			</trkpt>
			<trkpt lat="50.785827" lon="14.529603">
				<ele>536.000000</ele>
			</trkpt>
			<trkpt lat="50.785821" lon="14.529773">
				<ele>535.000000</ele>
			</trkpt>
			<trkpt lat="50.785781" lon="14.529935">
				<ele>534.000000</ele>
			</trkpt>
			<trkpt lat="50.785781" lon="14.529935">
				<ele>534.000000</ele>
			</trkpt>
			<trkpt lat="50.785781" lon="14.529935">
				<ele>534.000000</ele>
			</trkpt>
			<trkpt lat="50.785849" lon="14.530016">
				<ele>532.000000</ele>
			</trkpt>
			<trkpt lat="50.785884" lon="14.530142">
				<ele>532.000000</ele>
			</trkpt>
			<trkpt lat="50.785940" lon="14.530501">
				<ele>529.000000</ele>
			</trkpt>
			<trkpt lat="50.785974" lon="14.530654">
				<ele>528.000000</ele>
			</trkpt>
			<trkpt lat="50.786031" lon="14.530771">
				<ele>527.000000</ele>
			</trkpt>
			<trkpt lat="50.786093" lon="14.530851">
				<ele>527.000000</ele>
			</trkpt>
			<trkpt lat="50.786281" lon="14.531121">
				<ele>524.000000</ele>
			</trkpt>
			<trkpt lat="50.786411" lon="14.531319">
				<ele>523.000000</ele>
			</trkpt>
			<trkpt lat="50.786503" lon="14.531516">
				<ele>521.000000</ele>
			</trkpt>
			<trkpt lat="50.786537" lon="14.531616">
				<ele>519.000000</ele>
			</trkpt>
			<trkpt lat="50.786565" lon="14.531723">
				<ele>519.000000</ele>
			</trkpt>
			<trkpt lat="50.786599" lon="14.531956">
				<ele>518.000000</ele>
			</trkpt>
			<trkpt lat="50.786610" lon="14.532208">
				<ele>516.000000</ele>
			</trkpt>
			<trkpt lat="50.786604" lon="14.532505">
				<ele>515.000000</ele>
			</trkpt>
			<trkpt lat="50.786604" lon="14.532693">
				<ele>514.000000</ele>
			</trkpt>
			<trkpt lat="50.786633" lon="14.532872">
				<ele>513.000000</ele>
			</trkpt>
			<trkpt lat="50.786678" lon="14.533044">
				<ele>513.000000</ele>
			</trkpt>
			<trkpt lat="50.786804" lon="14.533430">
				<ele>511.000000</ele>
			</trkpt>
			<trkpt lat="50.786860" lon="14.533637">
				<ele>510.000000</ele>
			</trkpt>
			<trkpt lat="50.786889" lon="14.533824">
				<ele>509.000000</ele>
			</trkpt>
			<trkpt lat="50.786923" lon="14.534149">
				<ele>507.000000</ele>
			</trkpt>
			<trkpt lat="50.786934" lon="14.534660">
				<ele>504.000000</ele>
			</trkpt>
			<trkpt lat="50.786945" lon="14.534885">
				<ele>503.000000</ele>
			</trkpt>
			<trkpt lat="50.786974" lon="14.535442">
				<ele>501.000000</ele>
			</trkpt>
			<trkpt lat="50.786985" lon="14.535738">
				<ele>500.000000</ele>
			</trkpt>
			<trkpt lat="50.786968" lon="14.536088">
				<ele>498.000000</ele>
			</trkpt>
			<trkpt lat="50.786963" lon="14.536304">
				<ele>497.000000</ele>
			</trkpt>
			<trkpt lat="50.786945" lon="14.536493">
				<ele>496.000000</ele>
			</trkpt>
			<trkpt lat="50.786906" lon="14.536673">
				<ele>496.000000</ele>
			</trkpt>
			<trkpt lat="50.786866" lon="14.536870">
				<ele>494.000000</ele>
			</trkpt>
			<trkpt lat="50.786820" lon="14.537032">
				<ele>494.000000</ele>
			</trkpt>
			<trkpt lat="50.786758" lon="14.537203">
				<ele>493.000000</ele>
			</trkpt>
			<trkpt lat="50.786696" lon="14.537346">
				<ele>493.000000</ele>
			</trkpt>
			<trkpt lat="50.786616" lon="14.537499">
				<ele>492.000000</ele>
			</trkpt>
			<trkpt lat="50.786514" lon="14.537669">
				<ele>492.000000</ele>
			</trkpt>
			<trkpt lat="50.786400" lon="14.537841">
				<ele>491.000000</ele>
			</trkpt>
			<trkpt lat="50.786258" lon="14.538011">
				<ele>490.000000</ele>
			</trkpt>
			<trkpt lat="50.786093" lon="14.538218">
				<ele>490.000000</ele>
			</trkpt>
			<trkpt lat="50.785935" lon="14.538415">
				<ele>489.000000</ele>
			</trkpt>
			<trkpt lat="50.785650" lon="14.538784">
				<ele>487.000000</ele>
			</trkpt>
			<trkpt lat="50.785526" lon="14.538945">
				<ele>486.000000</ele>
			</trkpt>
			<trkpt lat="50.785395" lon="14.539071">
				<ele>484.000000</ele>
			</trkpt>
			<trkpt lat="50.785270" lon="14.539170">
				<ele>483.000000</ele>
			</trkpt>
			<trkpt lat="50.785139" lon="14.539277">
				<ele>481.000000</ele>
			</trkpt>
			<trkpt lat="50.784679" lon="14.539566">
				<ele>478.000000</ele>
			</trkpt>
			<trkpt lat="50.784225" lon="14.539826">
				<ele>476.000000</ele>
			</trkpt>
			<trkpt lat="50.784095" lon="14.539880">
				<ele>474.000000</ele>
			</trkpt>
			<trkpt lat="50.783838" lon="14.540006">
				<ele>473.000000</ele>
			</trkpt>
			<trkpt lat="50.783748" lon="14.540050">
				<ele>473.000000</ele>
			</trkpt>
			<trkpt lat="50.783645" lon="14.540122">
				<ele>472.000000</ele>
			</trkpt>
			<trkpt lat="50.783606" lon="14.540167">
				<ele>471.000000</ele>
			</trkpt>
			<trkpt lat="50.783504" lon="14.540283">
				<ele>470.000000</ele>
			</trkpt>
			<trkpt lat="50.783470" lon="14.540338">
				<ele>469.000000</ele>
			</trkpt>
			<trkpt lat="50.783441" lon="14.540409">
				<ele>469.000000</ele>
			</trkpt>
			<trkpt lat="50.783407" lon="14.540598">
				<ele>468.000000</ele>
			</trkpt>
			<trkpt lat="50.783362" lon="14.540904">
				<ele>467.000000</ele>
			</trkpt>
			<trkpt lat="50.783327" lon="14.541147">
				<ele>466.000000</ele>
			</trkpt>
			<trkpt lat="50.783293" lon="14.541335">
				<ele>466.000000</ele>
			</trkpt>
			<trkpt lat="50.783242" lon="14.541488">
				<ele>466.000000</ele>
			</trkpt>
			<trkpt lat="50.783180" lon="14.541604">
				<ele>465.000000</ele>
			</trkpt>
			<trkpt lat="50.783367" lon="14.541703">
				<ele>466.000000</ele>
			</trkpt>
			<trkpt lat="50.783600" lon="14.541811">
				<ele>468.000000</ele>
			</trkpt>
			<trkpt lat="50.783657" lon="14.541838">
				<ele>468.000000</ele>
			</trkpt>
			<trkpt lat="50.783515" lon="14.542485">
				<ele>467.000000</ele>
			</trkpt>
			<trkpt lat="50.783458" lon="14.542656">
				<ele>467.000000</ele>
			</trkpt>
			<trkpt lat="50.783407" lon="14.542809">
				<ele>466.000000</ele>
			</trkpt>
			<trkpt lat="50.783327" lon="14.543006">
				<ele>465.000000</ele>
			</trkpt>
			<trkpt lat="50.783282" lon="14.543105">
				<ele>465.000000</ele>
			</trkpt>
			<trkpt lat="50.783208" lon="14.543195">
				<ele>465.000000</ele>
			</trkpt>
			<trkpt lat="50.783123" lon="14.543266">
				<ele>464.000000</ele>
			</trkpt>
			<trkpt lat="50.782998" lon="14.543338">
				<ele>464.000000</ele>
			</trkpt>
			<trkpt lat="50.782879" lon="14.543438">
				<ele>463.000000</ele>
			</trkpt>
			<trkpt lat="50.782754" lon="14.543581">
				<ele>462.000000</ele>
			</trkpt>
			<trkpt lat="50.782674" lon="14.543698">
				<ele>461.000000</ele>
			</trkpt>
			<trkpt lat="50.782532" lon="14.543895">
				<ele>460.000000</ele>
			</trkpt>
			<trkpt lat="50.782470" lon="14.543967">
				<ele>459.000000</ele>
			</trkpt>
			<trkpt lat="50.782396" lon="14.544012">
				<ele>459.000000</ele>
			</trkpt>
			<trkpt lat="50.782242" lon="14.544093">
				<ele>458.000000</ele>
			</trkpt>
			<trkpt lat="50.782322" lon="14.544237">
				<ele>458.000000</ele>
			</trkpt>
			<trkpt lat="50.782413" lon="14.544353">
				<ele>459.000000</ele>
			</trkpt>
			<trkpt lat="50.782521" lon="14.544461">
				<ele>460.000000</ele>
			</trkpt>
			<trkpt lat="50.782686" lon="14.544650">
				<ele>462.000000</ele>
			</trkpt>
			<trkpt lat="50.782805" lon="14.544811">
				<ele>463.000000</ele>
			</trkpt>
			<trkpt lat="50.782941" lon="14.545027">
				<ele>465.000000</ele>
			</trkpt>
			<trkpt lat="50.783072" lon="14.545206">
				<ele>467.000000</ele>
			</trkpt>
			<trkpt lat="50.783407" lon="14.545619">
				<ele>470.000000</ele>
			</trkpt>
			<trkpt lat="50.783498" lon="14.545719">
				<ele>471.000000</ele>
			</trkpt>
			<trkpt lat="50.783805" lon="14.546078">
				<ele>474.000000</ele>
			</trkpt>
			<trkpt lat="50.783987" lon="14.546338">
				<ele>476.000000</ele>
			</trkpt>
			<trkpt lat="50.784077" lon="14.546474">
				<ele>477.000000</ele>
			</trkpt>
			<trkpt lat="50.784168" lon="14.546644">
				<ele>477.000000</ele>
			</trkpt>
			<trkpt lat="50.784339" lon="14.547030">
				<ele>480.000000</ele>
			</trkpt>
			<trkpt lat="50.784441" lon="14.547254">
				<ele>483.000000</ele>
			</trkpt>
			<trkpt lat="50.784713" lon="14.547919">
				<ele>487.000000</ele>
			</trkpt>
			<trkpt lat="50.784929" lon="14.548485">
				<ele>489.000000</ele>
			</trkpt>
			<trkpt lat="50.784997" lon="14.548683">
				<ele>491.000000</ele>
			</trkpt>
			<trkpt lat="50.785043" lon="14.548889">
				<ele>493.000000</ele>
			</trkpt>
			<trkpt lat="50.785066" lon="14.549105">
				<ele>493.000000</ele>
			</trkpt>
			<trkpt lat="50.785100" lon="14.549518">
				<ele>496.000000</ele>
			</trkpt>
			<trkpt lat="50.785100" lon="14.549743">
				<ele>496.000000</ele>
			</trkpt>
			<trkpt lat="50.785082" lon="14.549941">
				<ele>498.000000</ele>
			</trkpt>
			<trkpt lat="50.785043" lon="14.550130">
				<ele>499.000000</ele>
			</trkpt>
			<trkpt lat="50.784974" lon="14.550336">
				<ele>500.000000</ele>
			</trkpt>
			<trkpt lat="50.784821" lon="14.550713">
				<ele>502.000000</ele>
			</trkpt>
			<trkpt lat="50.784759" lon="14.550839">
				<ele>503.000000</ele>
			</trkpt>
			<trkpt lat="50.784691" lon="14.550956">
				<ele>504.000000</ele>
			</trkpt>
			<trkpt lat="50.784606" lon="14.551063">
				<ele>505.000000</ele>
			</trkpt>
			<trkpt lat="50.784526" lon="14.551172">
				<ele>507.000000</ele>
			</trkpt>
			<trkpt lat="50.784441" lon="14.551252">
				<ele>508.000000</ele>
			</trkpt>
			<trkpt lat="50.784310" lon="14.551369">
				<ele>510.000000</ele>
			</trkpt>
			<trkpt lat="50.784139" lon="14.551512">
				<ele>512.000000</ele>
			</trkpt>
			<trkpt lat="50.784060" lon="14.551585">
				<ele>513.000000</ele>
			</trkpt>
			<trkpt lat="50.784009" lon="14.551612">
				<ele>514.000000</ele>
			</trkpt>
			<trkpt lat="50.783981" lon="14.551638">
				<ele>515.000000</ele>
			</trkpt>
			<trkpt lat="50.783952" lon="14.551701">
				<ele>515.000000</ele>
			</trkpt>
			<trkpt lat="50.783935" lon="14.551738">
				<ele>515.000000</ele>
			</trkpt>
			<trkpt lat="50.783918" lon="14.551801">
				<ele>515.000000</ele>
			</trkpt>
			<trkpt lat="50.783901" lon="14.552070">
				<ele>516.000000</ele>
			</trkpt>
			<trkpt lat="50.783913" lon="14.552267">
				<ele>517.000000</ele>
			</trkpt>
			<trkpt lat="50.783946" lon="14.552447">
				<ele>517.000000</ele>
			</trkpt>
			<trkpt lat="50.784009" lon="14.552663">
				<ele>517.000000</ele>
			</trkpt>
			<trkpt lat="50.784219" lon="14.553183">
				<ele>518.000000</ele>
			</trkpt>
			<trkpt lat="50.784412" lon="14.553633">
				<ele>519.000000</ele>
			</trkpt>
			<trkpt lat="50.785156" lon="14.555259">
				<ele>523.000000</ele>
			</trkpt>
			<trkpt lat="50.785435" lon="14.555915">
				<ele>526.000000</ele>
			</trkpt>
			<trkpt lat="50.785599" lon="14.556309">
				<ele>528.000000</ele>
			</trkpt>
			<trkpt lat="50.785747" lon="14.556705">
				<ele>531.000000</ele>
			</trkpt>
			<trkpt lat="50.785900" lon="14.557172">
				<ele>534.000000</ele>
			</trkpt>
			<trkpt lat="50.786116" lon="14.557873">
				<ele>539.000000</ele>
			</trkpt>
			<trkpt lat="50.786230" lon="14.558304">
				<ele>542.000000</ele>
			</trkpt>
			<trkpt lat="50.786349" lon="14.558843">
				<ele>545.000000</ele>
			</trkpt>
			<trkpt lat="50.786400" lon="14.559022">
				<ele>546.000000</ele>
			</trkpt>
			<trkpt lat="50.786446" lon="14.559175">
				<ele>547.000000</ele>
			</trkpt>
			<trkpt lat="50.786491" lon="14.559319">
				<ele>548.000000</ele>
			</trkpt>
			<trkpt lat="50.786508" lon="14.559491">
				<ele>548.000000</ele>
			</trkpt>
			<trkpt lat="50.786519" lon="14.559814">
				<ele>550.000000</ele>
			</trkpt>
			<trkpt lat="50.786508" lon="14.560424">
				<ele>556.000000</ele>
			</trkpt>
			<trkpt lat="50.786508" lon="14.560990">
				<ele>561.000000</ele>
			</trkpt>
			<trkpt lat="50.786519" lon="14.561160">
				<ele>562.000000</ele>
			</trkpt>
			<trkpt lat="50.786542" lon="14.561359">
				<ele>564.000000</ele>
			</trkpt>
			<trkpt lat="50.786593" lon="14.561664">
				<ele>567.000000</ele>
			</trkpt>
			<trkpt lat="50.786599" lon="14.561862">
				<ele>569.000000</ele>
			</trkpt>
			<trkpt lat="50.786599" lon="14.562032">
				<ele>571.000000</ele>
			</trkpt>
			<trkpt lat="50.786582" lon="14.562202">
				<ele>571.000000</ele>
			</trkpt>
			<trkpt lat="50.786559" lon="14.562374">
				<ele>572.000000</ele>
			</trkpt>
			<trkpt lat="50.786525" lon="14.562554">
				<ele>573.000000</ele>
			</trkpt>
			<trkpt lat="50.786372" lon="14.563110">
				<ele>575.000000</ele>
			</trkpt>
			<trkpt lat="50.786344" lon="14.563280">
				<ele>575.000000</ele>
			</trkpt>
			<trkpt lat="50.786338" lon="14.563407">
				<ele>576.000000</ele>
			</trkpt>
			<trkpt lat="50.786349" lon="14.563559">
				<ele>576.000000</ele>
			</trkpt>
			<trkpt lat="50.786366" lon="14.563730">
				<ele>577.000000</ele>
			</trkpt>
			<trkpt lat="50.786383" lon="14.563846">
				<ele>578.000000</ele>
			</trkpt>
			<trkpt lat="50.786383" lon="14.563946">
				<ele>578.000000</ele>
			</trkpt>
			<trkpt lat="50.786377" lon="14.564072">
				<ele>578.000000</ele>
			</trkpt>
			<trkpt lat="50.786349" lon="14.564215">
				<ele>578.000000</ele>
			</trkpt>
			<trkpt lat="50.786332" lon="14.564368">
				<ele>579.000000</ele>
			</trkpt>
			<trkpt lat="50.786332" lon="14.564431">
				<ele>579.000000</ele>
			</trkpt>
			<trkpt lat="50.786349" lon="14.564466">
				<ele>579.000000</ele>
			</trkpt>
			<trkpt lat="50.786411" lon="14.564583">
				<ele>580.000000</ele>
			</trkpt>
			<trkpt lat="50.786485" lon="14.564655">
				<ele>581.000000</ele>
			</trkpt>
			<trkpt lat="50.786548" lon="14.564728">
				<ele>581.000000</ele>
			</trkpt>
			<trkpt lat="50.786718" lon="14.564852">
				<ele>583.000000</ele>
			</trkpt>
			<trkpt lat="50.786781" lon="14.564888">
				<ele>584.000000</ele>
			</trkpt>
			<trkpt lat="50.786889" lon="14.564988">
				<ele>585.000000</ele>
			</trkpt>
			<trkpt lat="50.787002" lon="14.565087">
				<ele>586.000000</ele>
			</trkpt>
			<trkpt lat="50.787133" lon="14.565212">
				<ele>587.000000</ele>
			</trkpt>
			<trkpt lat="50.788143" lon="14.566030">
				<ele>593.000000</ele>
			</trkpt>
			<trkpt lat="50.788269" lon="14.566137">
				<ele>594.000000</ele>
			</trkpt>
			<trkpt lat="50.788371" lon="14.566272">
				<ele>593.000000</ele>
			</trkpt>
			<trkpt lat="50.788462" lon="14.566399">
				<ele>592.000000</ele>
			</trkpt>
			<trkpt lat="50.788615" lon="14.566659">
				<ele>589.000000</ele>
			</trkpt>
			<trkpt lat="50.788740" lon="14.566875">
				<ele>589.000000</ele>
			</trkpt>
			<trkpt lat="50.788876" lon="14.567099">
				<ele>590.000000</ele>
			</trkpt>
			<trkpt lat="50.788904" lon="14.567125">
				<ele>591.000000</ele>
			</trkpt>
			<trkpt lat="50.788933" lon="14.567143">
				<ele>591.000000</ele>
			</trkpt>
			<trkpt lat="50.789007" lon="14.567368">
				<ele>593.000000</ele>
			</trkpt>
			<trkpt lat="50.789041" lon="14.567557">
				<ele>595.000000</ele>
			</trkpt>
			<trkpt lat="50.789058" lon="14.567655">
				<ele>595.000000</ele>
			</trkpt>
			<trkpt lat="50.789075" lon="14.567718">
				<ele>595.000000</ele>
			</trkpt>
			<trkpt lat="50.789115" lon="14.567791">
				<ele>595.000000</ele>
			</trkpt>
			<trkpt lat="50.789160" lon="14.567854">
				<ele>595.000000</ele>
			</trkpt>
			<trkpt lat="50.789268" lon="14.567978">
				<ele>594.000000</ele>
			</trkpt>
			<trkpt lat="50.789330" lon="14.568087">
				<ele>593.000000</ele>
			</trkpt>
			<trkpt lat="50.789523" lon="14.568473">
				<ele>594.000000</ele>
			</trkpt>
			<trkpt lat="50.789620" lon="14.568707">
				<ele>595.000000</ele>
			</trkpt>
			<trkpt lat="50.789711" lon="14.568976">
				<ele>598.000000</ele>
			</trkpt>
			<trkpt lat="50.789757" lon="14.569138">
				<ele>600.000000</ele>
			</trkpt>
			<trkpt lat="50.789802" lon="14.569273">
				<ele>601.000000</ele>
			</trkpt>
			<trkpt lat="50.789813" lon="14.569336">
				<ele>601.000000</ele>
			</trkpt>
			<trkpt lat="50.789813" lon="14.569372">
				<ele>602.000000</ele>
			</trkpt>
			<trkpt lat="50.789796" lon="14.569407">
				<ele>603.000000</ele>
			</trkpt>
			<trkpt lat="50.789739" lon="14.569435">
				<ele>603.000000</ele>
			</trkpt>
			<trkpt lat="50.789734" lon="14.569462">
				<ele>604.000000</ele>
			</trkpt>
			<trkpt lat="50.789739" lon="14.569506">
				<ele>604.000000</ele>
			</trkpt>
			<trkpt lat="50.789768" lon="14.569533">
				<ele>605.000000</ele>
			</trkpt>
			<trkpt lat="50.789796" lon="14.569578">
				<ele>605.000000</ele>
			</trkpt>
			<trkpt lat="50.789802" lon="14.569632">
				<ele>606.000000</ele>
			</trkpt>
			<trkpt lat="50.789796" lon="14.569676">
				<ele>606.000000</ele>
			</trkpt>
			<trkpt lat="50.789768" lon="14.569704">
				<ele>607.000000</ele>
			</trkpt>
			<trkpt lat="50.789723" lon="14.569749">
				<ele>607.000000</ele>
			</trkpt>
			<trkpt lat="50.789716" lon="14.569758">
				<ele>607.000000</ele>
			</trkpt>
			<trkpt lat="50.789705" lon="14.569785">
				<ele>608.000000</ele>
			</trkpt>
			<trkpt lat="50.789723" lon="14.569829">
				<ele>609.000000</ele>
			</trkpt>
			<trkpt lat="50.789779" lon="14.569883">
				<ele>610.000000</ele>
			</trkpt>
			<trkpt lat="50.789830" lon="14.570001">
				<ele>612.000000</ele>
			</trkpt>
			<trkpt lat="50.789859" lon="14.570117">
				<ele>614.000000</ele>
			</trkpt>
			<trkpt lat="50.789859" lon="14.570242">
				<ele>617.000000</ele>
			</trkpt>
			<trkpt lat="50.789836" lon="14.570368">
				<ele>620.000000</ele>
			</trkpt>
			<trkpt lat="50.789824" lon="14.570449">
				<ele>622.000000</ele>
			</trkpt>
			<trkpt lat="50.789824" lon="14.570557">
				<ele>625.000000</ele>
			</trkpt>
			<trkpt lat="50.789865" lon="14.570683">
				<ele>627.000000</ele>
			</trkpt>
			<trkpt lat="50.789932" lon="14.570917">
				<ele>628.000000</ele>
			</trkpt>
			<trkpt lat="50.789927" lon="14.570953">
				<ele>629.000000</ele>
			</trkpt>
			<trkpt lat="50.789927" lon="14.571024">
				<ele>630.000000</ele>
			</trkpt>
			<trkpt lat="50.789972" lon="14.571320">
				<ele>633.000000</ele>
			</trkpt>
			<trkpt lat="50.790001" lon="14.571554">
				<ele>634.000000</ele>
			</trkpt>
			<trkpt lat="50.790029" lon="14.572165">
				<ele>638.000000</ele>
			</trkpt>
			<trkpt lat="50.790040" lon="14.572452">
				<ele>638.000000</ele>
			</trkpt>
			<trkpt lat="50.790024" lon="14.572668">
				<ele>639.000000</ele>
			</trkpt>
			<trkpt lat="50.789995" lon="14.572875">
				<ele>641.000000</ele>
			</trkpt>
			<trkpt lat="50.789944" lon="14.573135">
				<ele>643.000000</ele>
			</trkpt>
			<trkpt lat="50.789853" lon="14.573458">
				<ele>648.000000</ele>
			</trkpt>
			<trkpt lat="50.789711" lon="14.573899">
				<ele>654.000000</ele>
			</trkpt>
			<trkpt lat="50.789643" lon="14.574106">
				<ele>655.000000</ele>
			</trkpt>
			<trkpt lat="50.789558" lon="14.574259">
				<ele>658.000000</ele>
			</trkpt>
			<trkpt lat="50.789490" lon="14.574375">
				<ele>660.000000</ele>
			</trkpt>
			<trkpt lat="50.789291" lon="14.574672">
				<ele>665.000000</ele>
			</trkpt>
			<trkpt lat="50.789256" lon="14.574699">
				<ele>666.000000</ele>
			</trkpt>
			<trkpt lat="50.789183" lon="14.574716">
				<ele>669.000000</ele>
			</trkpt>
			<trkpt lat="50.789149" lon="14.574716">
				<ele>671.000000</ele>
			</trkpt>
			<trkpt lat="50.789120" lon="14.574689">
				<ele>673.000000</ele>
			</trkpt>
			<trkpt lat="50.789120" lon="14.574636">
				<ele>675.000000</ele>
			</trkpt>
			<trkpt lat="50.789149" lon="14.574573">
				<ele>676.000000</ele>
			</trkpt>
			<trkpt lat="50.789274" lon="14.574223">
				<ele>680.000000</ele>
			</trkpt>
			<trkpt lat="50.789325" lon="14.574033">
				<ele>681.000000</ele>
			</trkpt>
			<trkpt lat="50.789359" lon="14.573881">
				<ele>683.000000</ele>
			</trkpt>
			<trkpt lat="50.789376" lon="14.573720">
				<ele>686.000000</ele>
			</trkpt>
			<trkpt lat="50.789393" lon="14.573548">
				<ele>687.000000</ele>
			</trkpt>
			<trkpt lat="50.789405" lon="14.573368">
				<ele>689.000000</ele>
			</trkpt>
			<trkpt lat="50.789393" lon="14.573135">
				<ele>692.000000</ele>
			</trkpt>
			<trkpt lat="50.789382" lon="14.572911">
				<ele>694.000000</ele>
			</trkpt>
			<trkpt lat="50.789359" lon="14.572712">
				<ele>697.000000</ele>
			</trkpt>
			<trkpt lat="50.789320" lon="14.572498">
				<ele>700.000000</ele>
			</trkpt>
			<trkpt lat="50.789256" lon="14.572246">
				<ele>704.000000</ele>
			</trkpt>
			<trkpt lat="50.789183" lon="14.572022">
				<ele>705.000000</ele>
			</trkpt>
			<trkpt lat="50.789138" lon="14.571932">
				<ele>706.000000</ele>
			</trkpt>
			<trkpt lat="50.789092" lon="14.571869">
				<ele>707.000000</ele>
			</trkpt>
			<trkpt lat="50.789086" lon="14.571850">
				<ele>707.000000</ele>
			</trkpt>
			<trkpt lat="50.789063" lon="14.571850">
				<ele>709.000000</ele>
			</trkpt>
			<trkpt lat="50.789047" lon="14.571869">
				<ele>711.000000</ele>
			</trkpt>
			<trkpt lat="50.789047" lon="14.571896">
				<ele>712.000000</ele>
			</trkpt>
			<trkpt lat="50.789086" lon="14.572075">
				<ele>715.000000</ele>
			</trkpt>
			<trkpt lat="50.789092" lon="14.572219">
				<ele>717.000000</ele>
			</trkpt>
			<trkpt lat="50.789092" lon="14.572345">
				<ele>718.000000</ele>
			</trkpt>
			<trkpt lat="50.789075" lon="14.572489">
				<ele>721.000000</ele>
			</trkpt>
			<trkpt lat="50.789007" lon="14.572857">
				<ele>727.000000</ele>
			</trkpt>
			<trkpt lat="50.788961" lon="14.573028">
				<ele>729.000000</ele>
			</trkpt>
			<trkpt lat="50.788899" lon="14.573198">
				<ele>731.000000</ele>
			</trkpt>
			<trkpt lat="50.788819" lon="14.573360">
				<ele>733.000000</ele>
			</trkpt>
			<trkpt lat="50.788803" lon="14.573387">
				<ele>733.000000</ele>
			</trkpt>
			<trkpt lat="50.788774" lon="14.573396">
				<ele>735.000000</ele>
			</trkpt>
			<trkpt lat="50.788678" lon="14.573414">
				<ele>738.000000</ele>
			</trkpt>
			<trkpt lat="50.788638" lon="14.573404">
				<ele>740.000000</ele>
			</trkpt>
			<trkpt lat="50.788615" lon="14.573360">
				<ele>742.000000</ele>
			</trkpt>
			<trkpt lat="50.788603" lon="14.573288">
				<ele>744.000000</ele>
			</trkpt>
			<trkpt lat="50.788609" lon="14.573217">
				<ele>746.000000</ele>
			</trkpt>
			<trkpt lat="50.788649" lon="14.573099">
				<ele>748.000000</ele>
			</trkpt>
			<trkpt lat="50.788666" lon="14.573001">
				<ele>749.000000</ele>
			</trkpt>
			<trkpt lat="50.788666" lon="14.572902">
				<ele>751.000000</ele>
			</trkpt>
			<trkpt lat="50.788649" lon="14.572776">
				<ele>753.000000</ele>
			</trkpt>
			<trkpt lat="50.788649" lon="14.572776">
				<ele>753.000000</ele>
			</trkpt>
			<trkpt lat="50.788666" lon="14.572902">
				<ele>751.000000</ele>
			</trkpt>
			<trkpt lat="50.788666" lon="14.573001">
				<ele>749.000000</ele>
			</trkpt>
			<trkpt lat="50.788649" lon="14.573099">
				<ele>748.000000</ele>
			</trkpt>
			<trkpt lat="50.788609" lon="14.573217">
				<ele>746.000000</ele>
			</trkpt>
			<trkpt lat="50.788603" lon="14.573288">
				<ele>744.000000</ele>
			</trkpt>
			<trkpt lat="50.788615" lon="14.573360">
				<ele>742.000000</ele>
			</trkpt>
			<trkpt lat="50.788638" lon="14.573404">
				<ele>740.000000</ele>
			</trkpt>
			<trkpt lat="50.788678" lon="14.573414">
				<ele>738.000000</ele>
			</trkpt>
			<trkpt lat="50.788774" lon="14.573396">
				<ele>735.000000</ele>
			</trkpt>
			<trkpt lat="50.788803" lon="14.573387">
				<ele>733.000000</ele>
			</trkpt>
			<trkpt lat="50.788819" lon="14.573360">
				<ele>733.000000</ele>
			</trkpt>
			<trkpt lat="50.788899" lon="14.573198">
				<ele>731.000000</ele>
			</trkpt>
			<trkpt lat="50.788961" lon="14.573028">
				<ele>729.000000</ele>
			</trkpt>
			<trkpt lat="50.789007" lon="14.572857">
				<ele>727.000000</ele>
			</trkpt>
			<trkpt lat="50.789075" lon="14.572489">
				<ele>721.000000</ele>
			</trkpt>
			<trkpt lat="50.789092" lon="14.572345">
				<ele>718.000000</ele>
			</trkpt>
			<trkpt lat="50.789092" lon="14.572219">
				<ele>717.000000</ele>
			</trkpt>
			<trkpt lat="50.789086" lon="14.572075">
				<ele>715.000000</ele>
			</trkpt>
			<trkpt lat="50.789047" lon="14.571896">
				<ele>712.000000</ele>
			</trkpt>
			<trkpt lat="50.789047" lon="14.571869">
				<ele>711.000000</ele>
			</trkpt>
			<trkpt lat="50.789063" lon="14.571850">
				<ele>709.000000</ele>
			</trkpt>
			<trkpt lat="50.789086" lon="14.571850">
				<ele>707.000000</ele>
			</trkpt>
			<trkpt lat="50.789092" lon="14.571869">
				<ele>707.000000</ele>
			</trkpt>
			<trkpt lat="50.789138" lon="14.571932">
				<ele>706.000000</ele>
			</trkpt>
			<trkpt lat="50.789183" lon="14.572022">
				<ele>705.000000</ele>
			</trkpt>
			<trkpt lat="50.789256" lon="14.572246">
				<ele>704.000000</ele>
			</trkpt>
			<trkpt lat="50.789320" lon="14.572498">
				<ele>700.000000</ele>
			</trkpt>
			<trkpt lat="50.789359" lon="14.572712">
				<ele>697.000000</ele>
			</trkpt>
			<trkpt lat="50.789382" lon="14.572911">
				<ele>694.000000</ele>
			</trkpt>
			<trkpt lat="50.789393" lon="14.573135">
				<ele>692.000000</ele>
			</trkpt>
			<trkpt lat="50.789405" lon="14.573368">
				<ele>689.000000</ele>
			</trkpt>
			<trkpt lat="50.789393" lon="14.573548">
				<ele>687.000000</ele>
			</trkpt>
			<trkpt lat="50.789376" lon="14.573720">
				<ele>686.000000</ele>
			</trkpt>
			<trkpt lat="50.789359" lon="14.573881">
				<ele>683.000000</ele>
			</trkpt>
			<trkpt lat="50.789325" lon="14.574033">
				<ele>681.000000</ele>
			</trkpt>
			<trkpt lat="50.789274" lon="14.574223">
				<ele>680.000000</ele>
			</trkpt>
			<trkpt lat="50.789149" lon="14.574573">
				<ele>676.000000</ele>
			</trkpt>
			<trkpt lat="50.789120" lon="14.574636">
				<ele>675.000000</ele>
			</trkpt>
			<trkpt lat="50.789120" lon="14.574689">
				<ele>673.000000</ele>
			</trkpt>
			<trkpt lat="50.789149" lon="14.574716">
				<ele>671.000000</ele>
			</trkpt>
			<trkpt lat="50.789183" lon="14.574716">
				<ele>669.000000</ele>
			</trkpt>
			<trkpt lat="50.789256" lon="14.574699">
				<ele>666.000000</ele>
			</trkpt>
			<trkpt lat="50.789291" lon="14.574672">
				<ele>665.000000</ele>
			</trkpt>
			<trkpt lat="50.789490" lon="14.574375">
				<ele>660.000000</ele>
			</trkpt>
			<trkpt lat="50.789558" lon="14.574259">
				<ele>658.000000</ele>
			</trkpt>
			<trkpt lat="50.789643" lon="14.574106">
				<ele>655.000000</ele>
			</trkpt>
			<trkpt lat="50.789711" lon="14.573899">
				<ele>654.000000</ele>
			</trkpt>
			<trkpt lat="50.789853" lon="14.573458">
				<ele>648.000000</ele>
			</trkpt>
			<trkpt lat="50.789944" lon="14.573135">
				<ele>643.000000</ele>
			</trkpt>
			<trkpt lat="50.789995" lon="14.572875">
				<ele>641.000000</ele>
			</trkpt>
			<trkpt lat="50.790024" lon="14.572668">
				<ele>639.000000</ele>
			</trkpt>
			<trkpt lat="50.790040" lon="14.572452">
				<ele>638.000000</ele>
			</trkpt>
			<trkpt lat="50.790029" lon="14.572165">
				<ele>638.000000</ele>
			</trkpt>
			<trkpt lat="50.790001" lon="14.571554">
				<ele>634.000000</ele>
			</trkpt>
			<trkpt lat="50.789972" lon="14.571320">
				<ele>633.000000</ele>
			</trkpt>
			<trkpt lat="50.789927" lon="14.571024">
				<ele>630.000000</ele>
			</trkpt>
			<trkpt lat="50.789927" lon="14.570953">
				<ele>629.000000</ele>
			</trkpt>
			<trkpt lat="50.789932" lon="14.570917">
				<ele>628.000000</ele>
			</trkpt>
			<trkpt lat="50.789865" lon="14.570683">
				<ele>627.000000</ele>
			</trkpt>
			<trkpt lat="50.789824" lon="14.570557">
				<ele>625.000000</ele>
			</trkpt>
			<trkpt lat="50.789824" lon="14.570449">
				<ele>622.000000</ele>
			</trkpt>
			<trkpt lat="50.789836" lon="14.570368">
				<ele>620.000000</ele>
			</trkpt>
			<trkpt lat="50.789859" lon="14.570242">
				<ele>617.000000</ele>
			</trkpt>
			<trkpt lat="50.789859" lon="14.570117">
				<ele>614.000000</ele>
			</trkpt>
			<trkpt lat="50.789830" lon="14.570001">
				<ele>612.000000</ele>
			</trkpt>
			<trkpt lat="50.789779" lon="14.569883">
				<ele>610.000000</ele>
			</trkpt>
			<trkpt lat="50.789723" lon="14.569829">
				<ele>609.000000</ele>
			</trkpt>
			<trkpt lat="50.789705" lon="14.569785">
				<ele>608.000000</ele>
			</trkpt>
			<trkpt lat="50.789716" lon="14.569758">
				<ele>607.000000</ele>
			</trkpt>
			<trkpt lat="50.789723" lon="14.569749">
				<ele>607.000000</ele>
			</trkpt>
			<trkpt lat="50.789768" lon="14.569704">
				<ele>607.000000</ele>
			</trkpt>
			<trkpt lat="50.789796" lon="14.569676">
				<ele>606.000000</ele>
			</trkpt>
			<trkpt lat="50.789802" lon="14.569632">
				<ele>606.000000</ele>
			</trkpt>
			<trkpt lat="50.789796" lon="14.569578">
				<ele>605.000000</ele>
			</trkpt>
			<trkpt lat="50.789768" lon="14.569533">
				<ele>605.000000</ele>
			</trkpt>
			<trkpt lat="50.789739" lon="14.569506">
				<ele>604.000000</ele>
			</trkpt>
			<trkpt lat="50.789734" lon="14.569462">
				<ele>604.000000</ele>
			</trkpt>
			<trkpt lat="50.789739" lon="14.569435">
				<ele>603.000000</ele>
			</trkpt>
			<trkpt lat="50.789796" lon="14.569407">
				<ele>603.000000</ele>
			</trkpt>
			<trkpt lat="50.789813" lon="14.569372">
				<ele>602.000000</ele>
			</trkpt>
			<trkpt lat="50.789813" lon="14.569336">
				<ele>601.000000</ele>
			</trkpt>
			<trkpt lat="50.789802" lon="14.569273">
				<ele>601.000000</ele>
			</trkpt>
			<trkpt lat="50.789757" lon="14.569138">
				<ele>600.000000</ele>
			</trkpt>
			<trkpt lat="50.789711" lon="14.568976">
				<ele>598.000000</ele>
			</trkpt>
			<trkpt lat="50.789620" lon="14.568707">
				<ele>595.000000</ele>
			</trkpt>
			<trkpt lat="50.789467" lon="14.568751">
				<ele>596.000000</ele>
			</trkpt>
			<trkpt lat="50.789308" lon="14.568760">
				<ele>594.000000</ele>
			</trkpt>
			<trkpt lat="50.789109" lon="14.568733">
				<ele>589.000000</ele>
			</trkpt>
			<trkpt lat="50.788882" lon="14.568670">
				<ele>583.000000</ele>
			</trkpt>
			<trkpt lat="50.788587" lon="14.568581">
				<ele>575.000000</ele>
			</trkpt>
			<trkpt lat="50.788405" lon="14.568536">
				<ele>569.000000</ele>
			</trkpt>
			<trkpt lat="50.788246" lon="14.568527">
				<ele>563.000000</ele>
			</trkpt>
			<trkpt lat="50.788110" lon="14.568554">
				<ele>559.000000</ele>
			</trkpt>
			<trkpt lat="50.787928" lon="14.568626">
				<ele>554.000000</ele>
			</trkpt>
			<trkpt lat="50.787786" lon="14.568653">
				<ele>550.000000</ele>
			</trkpt>
			<trkpt lat="50.787650" lon="14.568689">
				<ele>547.000000</ele>
			</trkpt>
			<trkpt lat="50.787536" lon="14.568733">
				<ele>545.000000</ele>
			</trkpt>
			<trkpt lat="50.787416" lon="14.568787">
				<ele>542.000000</ele>
			</trkpt>
			<trkpt lat="50.787218" lon="14.568904">
				<ele>538.000000</ele>
			</trkpt>
			<trkpt lat="50.787121" lon="14.568931">
				<ele>535.000000</ele>
			</trkpt>
			<trkpt lat="50.787025" lon="14.568931">
				<ele>533.000000</ele>
			</trkpt>
			<trkpt lat="50.786917" lon="14.568896">
				<ele>531.000000</ele>
			</trkpt>
			<trkpt lat="50.786718" lon="14.568796">
				<ele>528.000000</ele>
			</trkpt>
			<trkpt lat="50.786627" lon="14.568724">
				<ele>527.000000</ele>
			</trkpt>
			<trkpt lat="50.786474" lon="14.568554">
				<ele>529.000000</ele>
			</trkpt>
			<trkpt lat="50.786429" lon="14.568527">
				<ele>529.000000</ele>
			</trkpt>
			<trkpt lat="50.786383" lon="14.568500">
				<ele>530.000000</ele>
			</trkpt>
			<trkpt lat="50.786303" lon="14.568500">
				<ele>530.000000</ele>
			</trkpt>
			<trkpt lat="50.786230" lon="14.568518">
				<ele>529.000000</ele>
			</trkpt>
			<trkpt lat="50.785997" lon="14.568634">
				<ele>528.000000</ele>
			</trkpt>
			<trkpt lat="50.785531" lon="14.568806">
				<ele>527.000000</ele>
			</trkpt>
			<trkpt lat="50.785412" lon="14.568850">
				<ele>527.000000</ele>
			</trkpt>
			<trkpt lat="50.785208" lon="14.568923">
				<ele>525.000000</ele>
			</trkpt>
			<trkpt lat="50.785026" lon="14.568967">
				<ele>524.000000</ele>
			</trkpt>
			<trkpt lat="50.784821" lon="14.568994">
				<ele>524.000000</ele>
			</trkpt>
			<trkpt lat="50.784594" lon="14.569030">
				<ele>523.000000</ele>
			</trkpt>
			<trkpt lat="50.784304" lon="14.569039">
				<ele>522.000000</ele>
			</trkpt>
			<trkpt lat="50.784054" lon="14.569102">
				<ele>520.000000</ele>
			</trkpt>
			<trkpt lat="50.783470" lon="14.569282">
				<ele>518.000000</ele>
			</trkpt>
			<trkpt lat="50.782458" lon="14.569586">
				<ele>504.000000</ele>
			</trkpt>
			<trkpt lat="50.782385" lon="14.569596">
				<ele>503.000000</ele>
			</trkpt>
			<trkpt lat="50.782322" lon="14.569569">
				<ele>503.000000</ele>
			</trkpt>
			<trkpt lat="50.782260" lon="14.569542">
				<ele>502.000000</ele>
			</trkpt>
			<trkpt lat="50.782169" lon="14.569443">
				<ele>499.000000</ele>
			</trkpt>
			<trkpt lat="50.782061" lon="14.569336">
				<ele>498.000000</ele>
			</trkpt>
			<trkpt lat="50.781976" lon="14.569192">
				<ele>496.000000</ele>
			</trkpt>
			<trkpt lat="50.781913" lon="14.569049">
				<ele>496.000000</ele>
			</trkpt>
			<trkpt lat="50.781817" lon="14.568751">
				<ele>496.000000</ele>
			</trkpt>
			<trkpt lat="50.781391" lon="14.567584">
				<ele>492.000000</ele>
			</trkpt>
			<trkpt lat="50.781300" lon="14.567341">
				<ele>490.000000</ele>
			</trkpt>
			<trkpt lat="50.781209" lon="14.567152">
				<ele>489.000000</ele>
			</trkpt>
			<trkpt lat="50.781107" lon="14.566991">
				<ele>487.000000</ele>
			</trkpt>
			<trkpt lat="50.780970" lon="14.566775">
				<ele>484.000000</ele>
			</trkpt>
			<trkpt lat="50.780936" lon="14.566766">
				<ele>483.000000</ele>
			</trkpt>
			<trkpt lat="50.780919" lon="14.566730">
				<ele>483.000000</ele>
			</trkpt>
			<trkpt lat="50.779409" lon="14.564502">
				<ele>471.000000</ele>
			</trkpt>
			<trkpt lat="50.779334" lon="14.564403">
				<ele>470.000000</ele>
			</trkpt>
			<trkpt lat="50.779261" lon="14.564314">
				<ele>469.000000</ele>
			</trkpt>
			<trkpt lat="50.779073" lon="14.563927">
				<ele>469.000000</ele>
			</trkpt>
			<trkpt lat="50.779000" lon="14.563783">
				<ele>469.000000</ele>
			</trkpt>
			<trkpt lat="50.778948" lon="14.563703">
				<ele>469.000000</ele>
			</trkpt>
			<trkpt lat="50.778909" lon="14.563604">
				<ele>469.000000</ele>
			</trkpt>
			<trkpt lat="50.778880" lon="14.563506">
				<ele>468.000000</ele>
			</trkpt>
			<trkpt lat="50.778863" lon="14.563416">
				<ele>468.000000</ele>
			</trkpt>
			<trkpt lat="50.778835" lon="14.563191">
				<ele>469.000000</ele>
			</trkpt>
			<trkpt lat="50.778823" lon="14.562741">
				<ele>470.000000</ele>
			</trkpt>
			<trkpt lat="50.778807" lon="14.562571">
				<ele>470.000000</ele>
			</trkpt>
			<trkpt lat="50.778789" lon="14.562445">
				<ele>471.000000</ele>
			</trkpt>
			<trkpt lat="50.778761" lon="14.562301">
				<ele>470.000000</ele>
			</trkpt>
			<trkpt lat="50.778727" lon="14.562185">
				<ele>469.000000</ele>
			</trkpt>
			<trkpt lat="50.778687" lon="14.562086">
				<ele>469.000000</ele>
			</trkpt>
			<trkpt lat="50.778642" lon="14.561988">
				<ele>469.000000</ele>
			</trkpt>
			<trkpt lat="50.778579" lon="14.561888">
				<ele>468.000000</ele>
			</trkpt>
			<trkpt lat="50.778499" lon="14.561781">
				<ele>467.000000</ele>
			</trkpt>
			<trkpt lat="50.778318" lon="14.561565">
				<ele>465.000000</ele>
			</trkpt>
			<trkpt lat="50.778153" lon="14.561395">
				<ele>463.000000</ele>
			</trkpt>
			<trkpt lat="50.777687" lon="14.560990">
				<ele>458.000000</ele>
			</trkpt>
			<trkpt lat="50.777227" lon="14.560586">
				<ele>453.000000</ele>
			</trkpt>
			<trkpt lat="50.776830" lon="14.560208">
				<ele>450.000000</ele>
			</trkpt>
			<trkpt lat="50.775375" lon="14.558816">
				<ele>441.000000</ele>
			</trkpt>
			<trkpt lat="50.775313" lon="14.558762">
				<ele>440.000000</ele>
			</trkpt>
			<trkpt lat="50.775256" lon="14.558726">
				<ele>440.000000</ele>
			</trkpt>
			<trkpt lat="50.775210" lon="14.558745">
				<ele>440.000000</ele>
			</trkpt>
			<trkpt lat="50.775159" lon="14.558772">
				<ele>439.000000</ele>
			</trkpt>
			<trkpt lat="50.775080" lon="14.558862">
				<ele>437.000000</ele>
			</trkpt>
			<trkpt lat="50.775001" lon="14.558915">
				<ele>436.000000</ele>
			</trkpt>
			<trkpt lat="50.774915" lon="14.558978">
				<ele>435.000000</ele>
			</trkpt>
			<trkpt lat="50.774773" lon="14.559032">
				<ele>433.000000</ele>
			</trkpt>
			<trkpt lat="50.774728" lon="14.559059">
				<ele>433.000000</ele>
			</trkpt>
			<trkpt lat="50.774693" lon="14.559122">
				<ele>432.000000</ele>
			</trkpt>
			<trkpt lat="50.774660" lon="14.559202">
				<ele>432.000000</ele>
			</trkpt>
			<trkpt lat="50.774575" lon="14.559364">
				<ele>431.000000</ele>
			</trkpt>
			<trkpt lat="50.774512" lon="14.559499">
				<ele>430.000000</ele>
			</trkpt>
			<trkpt lat="50.774472" lon="14.559669">
				<ele>429.000000</ele>
			</trkpt>
			<trkpt lat="50.774410" lon="14.559975">
				<ele>427.000000</ele>
			</trkpt>
			<trkpt lat="50.774370" lon="14.560056">
				<ele>427.000000</ele>
			</trkpt>
			<trkpt lat="50.774319" lon="14.560128">
				<ele>426.000000</ele>
			</trkpt>
			<trkpt lat="50.774256" lon="14.560154">
				<ele>426.000000</ele>
			</trkpt>
			<trkpt lat="50.774177" lon="14.560173">
				<ele>425.000000</ele>
			</trkpt>
			<trkpt lat="50.774120" lon="14.560173">
				<ele>424.000000</ele>
			</trkpt>
			<trkpt lat="50.774052" lon="14.560145">
				<ele>424.000000</ele>
			</trkpt>
			<trkpt lat="50.773983" lon="14.560118">
				<ele>424.000000</ele>
			</trkpt>
			<trkpt lat="50.773938" lon="14.560065">
				<ele>424.000000</ele>
			</trkpt>
			<trkpt lat="50.773887" lon="14.559975">
				<ele>424.000000</ele>
			</trkpt>
			<trkpt lat="50.773688" lon="14.559571">
				<ele>424.000000</ele>
			</trkpt>
			<trkpt lat="50.773626" lon="14.559544">
				<ele>423.000000</ele>
			</trkpt>
			<trkpt lat="50.773580" lon="14.559499">
				<ele>423.000000</ele>
			</trkpt>
			<trkpt lat="50.773535" lon="14.559445">
				<ele>423.000000</ele>
			</trkpt>
			<trkpt lat="50.773489" lon="14.559346">
				<ele>422.000000</ele>
			</trkpt>
			<trkpt lat="50.773461" lon="14.559275">
				<ele>422.000000</ele>
			</trkpt>
			<trkpt lat="50.773427" lon="14.559229">
				<ele>421.000000</ele>
			</trkpt>
			<trkpt lat="50.773387" lon="14.559202">
				<ele>420.000000</ele>
			</trkpt>
			<trkpt lat="50.773336" lon="14.559175">
				<ele>420.000000</ele>
			</trkpt>
			<trkpt lat="50.772995" lon="14.559068">
				<ele>418.000000</ele>
			</trkpt>
			<trkpt lat="50.772893" lon="14.559022">
				<ele>418.000000</ele>
			</trkpt>
			<trkpt lat="50.772831" lon="14.558978">
				<ele>418.000000</ele>
			</trkpt>
			<trkpt lat="50.772796" lon="14.558925">
				<ele>418.000000</ele>
			</trkpt>
			<trkpt lat="50.772757" lon="14.558825">
				<ele>419.000000</ele>
			</trkpt>
			<trkpt lat="50.772751" lon="14.558772">
				<ele>419.000000</ele>
			</trkpt>
			<trkpt lat="50.772751" lon="14.558709">
				<ele>419.000000</ele>
			</trkpt>
			<trkpt lat="50.772774" lon="14.558537">
				<ele>421.000000</ele>
			</trkpt>
			<trkpt lat="50.772910" lon="14.558089">
				<ele>423.000000</ele>
			</trkpt>
			<trkpt lat="50.772978" lon="14.557774">
				<ele>424.000000</ele>
			</trkpt>
			<trkpt lat="50.772842" lon="14.557756">
				<ele>424.000000</ele>
			</trkpt>
			<trkpt lat="50.772745" lon="14.557730">
				<ele>423.000000</ele>
			</trkpt>
			<trkpt lat="50.772654" lon="14.557675">
				<ele>423.000000</ele>
			</trkpt>
			<trkpt lat="50.772546" lon="14.557567">
				<ele>423.000000</ele>
			</trkpt>
			<trkpt lat="50.772381" lon="14.557397">
				<ele>422.000000</ele>
			</trkpt>
			<trkpt lat="50.772240" lon="14.557244">
				<ele>422.000000</ele>
			</trkpt>
			<trkpt lat="50.772121" lon="14.557145">
				<ele>422.000000</ele>
			</trkpt>
			<trkpt lat="50.771978" lon="14.556992">
				<ele>422.000000</ele>
			</trkpt>
			<trkpt lat="50.771808" lon="14.556751">
				<ele>422.000000</ele>
			</trkpt>
			<trkpt lat="50.771746" lon="14.556678">
				<ele>422.000000</ele>
			</trkpt>
			<trkpt lat="50.771677" lon="14.556633">
				<ele>422.000000</ele>
			</trkpt>
			<trkpt lat="50.771609" lon="14.556606">
				<ele>422.000000</ele>
			</trkpt>
			<trkpt lat="50.771444" lon="14.556579">
				<ele>422.000000</ele>
			</trkpt>
			<trkpt lat="50.771200" lon="14.556516">
				<ele>421.000000</ele>
			</trkpt>
			<trkpt lat="50.771069" lon="14.556445">
				<ele>420.000000</ele>
			</trkpt>
			<trkpt lat="50.771013" lon="14.556426">
				<ele>420.000000</ele>
			</trkpt>
			<trkpt lat="50.771024" lon="14.556328">
				<ele>419.000000</ele>
			</trkpt>
			<trkpt lat="50.771024" lon="14.556246">
				<ele>419.000000</ele>
			</trkpt>
			<trkpt lat="50.770995" lon="14.556157">
				<ele>417.000000</ele>
			</trkpt>
			<trkpt lat="50.770956" lon="14.556059">
				<ele>416.000000</ele>
			</trkpt>
			<trkpt lat="50.770876" lon="14.555923">
				<ele>414.000000</ele>
			</trkpt>
			<trkpt lat="50.770757" lon="14.555762">
				<ele>412.000000</ele>
			</trkpt>
			<trkpt lat="50.770712" lon="14.555709">
				<ele>411.000000</ele>
			</trkpt>
			<trkpt lat="50.770649" lon="14.555636">
				<ele>410.000000</ele>
			</trkpt>
			<trkpt lat="50.770552" lon="14.555501">
				<ele>409.000000</ele>
			</trkpt>
			<trkpt lat="50.770405" lon="14.555214">
				<ele>408.000000</ele>
			</trkpt>
			<trkpt lat="50.770336" lon="14.555106">
				<ele>407.000000</ele>
			</trkpt>
			<trkpt lat="50.770143" lon="14.554783">
				<ele>406.000000</ele>
			</trkpt>
			<trkpt lat="50.769711" lon="14.554028">
				<ele>402.000000</ele>
			</trkpt>
			<trkpt lat="50.769336" lon="14.553543">
				<ele>398.000000</ele>
			</trkpt>
			<trkpt lat="50.769104" lon="14.553210">
				<ele>395.000000</ele>
			</trkpt>
			<trkpt lat="50.768518" lon="14.552411">
				<ele>390.000000</ele>
			</trkpt>
			<trkpt lat="50.768047" lon="14.551692">
				<ele>388.000000</ele>
			</trkpt>
			<trkpt lat="50.767990" lon="14.551594">
				<ele>387.000000</ele>
			</trkpt>
			<trkpt lat="50.767962" lon="14.551468">
				<ele>387.000000</ele>
			</trkpt>
			<trkpt lat="50.767803" lon="14.551495">
				<ele>386.000000</ele>
			</trkpt>
			<trkpt lat="50.767138" lon="14.551549">
				<ele>384.000000</ele>
			</trkpt>
			<trkpt lat="50.766995" lon="14.551575">
				<ele>382.000000</ele>
			</trkpt>
			<trkpt lat="50.766859" lon="14.551621">
				<ele>381.000000</ele>
			</trkpt>
			<trkpt lat="50.766717" lon="14.551692">
				<ele>380.000000</ele>
			</trkpt>
			<trkpt lat="50.766552" lon="14.551791">
				<ele>379.000000</ele>
			</trkpt>
			<trkpt lat="50.766478" lon="14.551854">
				<ele>379.000000</ele>
			</trkpt>
			<trkpt lat="50.766377" lon="14.551954">
				<ele>379.000000</ele>
			</trkpt>
			<trkpt lat="50.766246" lon="14.552097">
				<ele>378.000000</ele>
			</trkpt>
			<trkpt lat="50.766007" lon="14.552375">
				<ele>378.000000</ele>
			</trkpt>
			<trkpt lat="50.765740" lon="14.552690">
				<ele>376.000000</ele>
			</trkpt>
			<trkpt lat="50.765405" lon="14.553040">
				<ele>376.000000</ele>
			</trkpt>
			<trkpt lat="50.765291" lon="14.553139">
				<ele>375.000000</ele>
			</trkpt>
			<trkpt lat="50.765183" lon="14.553193">
				<ele>374.000000</ele>
			</trkpt>
			<trkpt lat="50.764916" lon="14.553336">
				<ele>373.000000</ele>
			</trkpt>
			<trkpt lat="50.764052" lon="14.553831">
				<ele>370.000000</ele>
			</trkpt>
			<trkpt lat="50.763899" lon="14.553921">
				<ele>370.000000</ele>
			</trkpt>
			<trkpt lat="50.763763" lon="14.553975">
				<ele>370.000000</ele>
			</trkpt>
			<trkpt lat="50.763649" lon="14.554001">
				<ele>369.000000</ele>
			</trkpt>
			<trkpt lat="50.763547" lon="14.554019">
				<ele>369.000000</ele>
			</trkpt>
			<trkpt lat="50.763388" lon="14.553651">
				<ele>369.000000</ele>
			</trkpt>
			<trkpt lat="50.763285" lon="14.553722">
				<ele>368.000000</ele>
			</trkpt>
			<trkpt lat="50.763161" lon="14.553785">
				<ele>368.000000</ele>
			</trkpt>
			<trkpt lat="50.762587" lon="14.553929">
				<ele>365.000000</ele>
			</trkpt>
			<trkpt lat="50.762495" lon="14.553956">
				<ele>365.000000</ele>
			</trkpt>
			<trkpt lat="50.762405" lon="14.554001">
				<ele>364.000000</ele>
			</trkpt>
			<trkpt lat="50.762336" lon="14.554072">
				<ele>365.000000</ele>
			</trkpt>
			<trkpt lat="50.762194" lon="14.554199">
				<ele>364.000000</ele>
			</trkpt>
			<trkpt lat="50.762013" lon="14.554378">
				<ele>364.000000</ele>
			</trkpt>
			<trkpt lat="50.761876" lon="14.554504">
				<ele>363.000000</ele>
			</trkpt>
			<trkpt lat="50.761769" lon="14.554585">
				<ele>363.000000</ele>
			</trkpt>
			<trkpt lat="50.761700" lon="14.554630">
				<ele>363.000000</ele>
			</trkpt>
			<trkpt lat="50.761553" lon="14.554648">
				<ele>363.000000</ele>
			</trkpt>
			<trkpt lat="50.761382" lon="14.554638">
				<ele>363.000000</ele>
			</trkpt>
			<trkpt lat="50.761285" lon="14.554621">
				<ele>363.000000</ele>
			</trkpt>
			<trkpt lat="50.761240" lon="14.554908">
				<ele>363.000000</ele>
			</trkpt>
			<trkpt lat="50.761103" lon="14.554864">
				<ele>363.000000</ele>
			</trkpt>
			<trkpt lat="50.761024" lon="14.554864">
				<ele>363.000000</ele>
			</trkpt>
			<trkpt lat="50.760944" lon="14.554881">
				<ele>363.000000</ele>
			</trkpt>
			<trkpt lat="50.760871" lon="14.554935">
				<ele>363.000000</ele>
			</trkpt>
			<trkpt lat="50.760467" lon="14.555286">
				<ele>363.000000</ele>
			</trkpt>
			<trkpt lat="50.760325" lon="14.555411">
				<ele>364.000000</ele>
			</trkpt>
			<trkpt lat="50.760194" lon="14.555556">
				<ele>366.000000</ele>
			</trkpt>
			<trkpt lat="50.760075" lon="14.555680">
				<ele>365.000000</ele>
			</trkpt>
			<trkpt lat="50.759984" lon="14.555843">
				<ele>365.000000</ele>
			</trkpt>
			<trkpt lat="50.759916" lon="14.556013">
				<ele>365.000000</ele>
			</trkpt>
			<trkpt lat="50.759870" lon="14.556185">
				<ele>365.000000</ele>
			</trkpt>
			<trkpt lat="50.759734" lon="14.556363">
				<ele>364.000000</ele>
			</trkpt>
			<trkpt lat="50.759654" lon="14.556678">
				<ele>364.000000</ele>
			</trkpt>
			<trkpt lat="50.759672" lon="14.556688">
				<ele>364.000000</ele>
			</trkpt>
		</trkseg>
	</trk>
</gpx>

