<?xml version="1.0" encoding="utf-8"?>
<gpx xmlns="http://www.topografix.com/GPX/1/1" version="1.1" creator="https://mapy.cz/">
	<trk>
		<name>5. Nový Bor - Zákupy</name>
		<trkseg>
			<trkpt lat="50.759672" lon="14.556688">
				<ele>364.000000</ele>
			</trkpt>
			<trkpt lat="50.759654" lon="14.556678">
				<ele>364.000000</ele>
			</trkpt>
			<trkpt lat="50.759587" lon="14.557038">
				<ele>364.000000</ele>
			</trkpt>
			<trkpt lat="50.759552" lon="14.557191">
				<ele>363.000000</ele>
			</trkpt>
			<trkpt lat="50.759507" lon="14.557334">
				<ele>363.000000</ele>
			</trkpt>
			<trkpt lat="50.759461" lon="14.557514">
				<ele>362.000000</ele>
			</trkpt>
			<trkpt lat="50.759029" lon="14.559221">
				<ele>353.000000</ele>
			</trkpt>
			<trkpt lat="50.758967" lon="14.559319">
				<ele>352.000000</ele>
			</trkpt>
			<trkpt lat="50.758876" lon="14.559525">
				<ele>352.000000</ele>
			</trkpt>
			<trkpt lat="50.758842" lon="14.559634">
				<ele>352.000000</ele>
			</trkpt>
			<trkpt lat="50.758473" lon="14.560622">
				<ele>349.000000</ele>
			</trkpt>
			<trkpt lat="50.758393" lon="14.560820">
				<ele>349.000000</ele>
			</trkpt>
			<trkpt lat="50.758290" lon="14.561170">
				<ele>349.000000</ele>
			</trkpt>
			<trkpt lat="50.758268" lon="14.561259">
				<ele>349.000000</ele>
			</trkpt>
			<trkpt lat="50.758262" lon="14.561332">
				<ele>349.000000</ele>
			</trkpt>
			<trkpt lat="50.758274" lon="14.561403">
				<ele>349.000000</ele>
			</trkpt>
			<trkpt lat="50.758290" lon="14.561466">
				<ele>349.000000</ele>
			</trkpt>
			<trkpt lat="50.758336" lon="14.561565">
				<ele>349.000000</ele>
			</trkpt>
			<trkpt lat="50.758398" lon="14.561664">
				<ele>349.000000</ele>
			</trkpt>
			<trkpt lat="50.758893" lon="14.562401">
				<ele>351.000000</ele>
			</trkpt>
			<trkpt lat="50.759132" lon="14.562652">
				<ele>353.000000</ele>
			</trkpt>
			<trkpt lat="50.759376" lon="14.562904">
				<ele>350.000000</ele>
			</trkpt>
			<trkpt lat="50.759734" lon="14.563101">
				<ele>351.000000</ele>
			</trkpt>
			<trkpt lat="50.760177" lon="14.563307">
				<ele>354.000000</ele>
			</trkpt>
			<trkpt lat="50.760354" lon="14.563451">
				<ele>353.000000</ele>
			</trkpt>
			<trkpt lat="50.760456" lon="14.563523">
				<ele>353.000000</ele>
			</trkpt>
			<trkpt lat="50.760234" lon="14.564458">
				<ele>353.000000</ele>
			</trkpt>
			<trkpt lat="50.760388" lon="14.564701">
				<ele>353.000000</ele>
			</trkpt>
			<trkpt lat="50.760552" lon="14.565024">
				<ele>354.000000</ele>
			</trkpt>
			<trkpt lat="50.760967" lon="14.566129">
				<ele>361.000000</ele>
			</trkpt>
			<trkpt lat="50.761188" lon="14.566722">
				<ele>364.000000</ele>
			</trkpt>
			<trkpt lat="50.761223" lon="14.566856">
				<ele>365.000000</ele>
			</trkpt>
			<trkpt lat="50.761263" lon="14.566999">
				<ele>365.000000</ele>
			</trkpt>
			<trkpt lat="50.761280" lon="14.567143">
				<ele>366.000000</ele>
			</trkpt>
			<trkpt lat="50.761280" lon="14.567315">
				<ele>368.000000</ele>
			</trkpt>
			<trkpt lat="50.761280" lon="14.567538">
				<ele>369.000000</ele>
			</trkpt>
			<trkpt lat="50.761274" lon="14.567682">
				<ele>370.000000</ele>
			</trkpt>
			<trkpt lat="50.761911" lon="14.567871">
				<ele>367.000000</ele>
			</trkpt>
			<trkpt lat="50.762587" lon="14.568024">
				<ele>367.000000</ele>
			</trkpt>
			<trkpt lat="50.763007" lon="14.568123">
				<ele>373.000000</ele>
			</trkpt>
			<trkpt lat="50.763575" lon="14.568240">
				<ele>380.000000</ele>
			</trkpt>
			<trkpt lat="50.763621" lon="14.568257">
				<ele>381.000000</ele>
			</trkpt>
			<trkpt lat="50.763893" lon="14.568383">
				<ele>382.000000</ele>
			</trkpt>
			<trkpt lat="50.764109" lon="14.568518">
				<ele>382.000000</ele>
			</trkpt>
			<trkpt lat="50.764331" lon="14.568670">
				<ele>383.000000</ele>
			</trkpt>
			<trkpt lat="50.764530" lon="14.568770">
				<ele>383.000000</ele>
			</trkpt>
			<trkpt lat="50.764757" lon="14.568841">
				<ele>383.000000</ele>
			</trkpt>
			<trkpt lat="50.765115" lon="14.568923">
				<ele>381.000000</ele>
			</trkpt>
			<trkpt lat="50.765194" lon="14.568931">
				<ele>381.000000</ele>
			</trkpt>
			<trkpt lat="50.765269" lon="14.568967">
				<ele>380.000000</ele>
			</trkpt>
			<trkpt lat="50.765343" lon="14.569020">
				<ele>379.000000</ele>
			</trkpt>
			<trkpt lat="50.765371" lon="14.569020">
				<ele>378.000000</ele>
			</trkpt>
			<trkpt lat="50.765387" lon="14.568994">
				<ele>378.000000</ele>
			</trkpt>
			<trkpt lat="50.765405" lon="14.568949">
				<ele>378.000000</ele>
			</trkpt>
			<trkpt lat="50.765410" lon="14.568877">
				<ele>378.000000</ele>
			</trkpt>
			<trkpt lat="50.765410" lon="14.568806">
				<ele>378.000000</ele>
			</trkpt>
			<trkpt lat="50.765405" lon="14.568751">
				<ele>378.000000</ele>
			</trkpt>
			<trkpt lat="50.765365" lon="14.568626">
				<ele>377.000000</ele>
			</trkpt>
			<trkpt lat="50.765274" lon="14.568410">
				<ele>377.000000</ele>
			</trkpt>
			<trkpt lat="50.765194" lon="14.568185">
				<ele>376.000000</ele>
			</trkpt>
			<trkpt lat="50.765138" lon="14.567970">
				<ele>376.000000</ele>
			</trkpt>
			<trkpt lat="50.765013" lon="14.567422">
				<ele>375.000000</ele>
			</trkpt>
			<trkpt lat="50.765092" lon="14.567422">
				<ele>374.000000</ele>
			</trkpt>
			<trkpt lat="50.765155" lon="14.567431">
				<ele>372.000000</ele>
			</trkpt>
			<trkpt lat="50.765229" lon="14.567458">
				<ele>371.000000</ele>
			</trkpt>
			<trkpt lat="50.765337" lon="14.567530">
				<ele>368.000000</ele>
			</trkpt>
			<trkpt lat="50.765678" lon="14.567728">
				<ele>357.000000</ele>
			</trkpt>
			<trkpt lat="50.766342" lon="14.568041">
				<ele>349.000000</ele>
			</trkpt>
			<trkpt lat="50.766411" lon="14.568068">
				<ele>349.000000</ele>
			</trkpt>
			<trkpt lat="50.766450" lon="14.568087">
				<ele>349.000000</ele>
			</trkpt>
			<trkpt lat="50.766524" lon="14.568114">
				<ele>350.000000</ele>
			</trkpt>
			<trkpt lat="50.766643" lon="14.568185">
				<ele>350.000000</ele>
			</trkpt>
			<trkpt lat="50.766740" lon="14.568294">
				<ele>350.000000</ele>
			</trkpt>
			<trkpt lat="50.767087" lon="14.568760">
				<ele>349.000000</ele>
			</trkpt>
			<trkpt lat="50.767155" lon="14.568859">
				<ele>349.000000</ele>
			</trkpt>
			<trkpt lat="50.767211" lon="14.568913">
				<ele>349.000000</ele>
			</trkpt>
			<trkpt lat="50.767274" lon="14.568959">
				<ele>349.000000</ele>
			</trkpt>
			<trkpt lat="50.767348" lon="14.568986">
				<ele>349.000000</ele>
			</trkpt>
			<trkpt lat="50.767769" lon="14.569120">
				<ele>353.000000</ele>
			</trkpt>
			<trkpt lat="50.767831" lon="14.569156">
				<ele>353.000000</ele>
			</trkpt>
			<trkpt lat="50.767848" lon="14.569183">
				<ele>353.000000</ele>
			</trkpt>
			<trkpt lat="50.767871" lon="14.569210">
				<ele>353.000000</ele>
			</trkpt>
			<trkpt lat="50.767922" lon="14.569407">
				<ele>355.000000</ele>
			</trkpt>
			<trkpt lat="50.767979" lon="14.569533">
				<ele>356.000000</ele>
			</trkpt>
			<trkpt lat="50.768104" lon="14.569946">
				<ele>360.000000</ele>
			</trkpt>
			<trkpt lat="50.768149" lon="14.570028">
				<ele>361.000000</ele>
			</trkpt>
			<trkpt lat="50.768189" lon="14.570099">
				<ele>362.000000</ele>
			</trkpt>
			<trkpt lat="50.768234" lon="14.570152">
				<ele>363.000000</ele>
			</trkpt>
			<trkpt lat="50.768268" lon="14.570171">
				<ele>363.000000</ele>
			</trkpt>
			<trkpt lat="50.768280" lon="14.570341">
				<ele>363.000000</ele>
			</trkpt>
			<trkpt lat="50.768297" lon="14.570449">
				<ele>363.000000</ele>
			</trkpt>
			<trkpt lat="50.768325" lon="14.570594">
				<ele>362.000000</ele>
			</trkpt>
			<trkpt lat="50.768371" lon="14.570746">
				<ele>362.000000</ele>
			</trkpt>
			<trkpt lat="50.768399" lon="14.570818">
				<ele>362.000000</ele>
			</trkpt>
			<trkpt lat="50.768445" lon="14.570934">
				<ele>361.000000</ele>
			</trkpt>
			<trkpt lat="50.768496" lon="14.571015">
				<ele>361.000000</ele>
			</trkpt>
			<trkpt lat="50.768660" lon="14.571213">
				<ele>360.000000</ele>
			</trkpt>
			<trkpt lat="50.768859" lon="14.571437">
				<ele>357.000000</ele>
			</trkpt>
			<trkpt lat="50.769019" lon="14.571590">
				<ele>357.000000</ele>
			</trkpt>
			<trkpt lat="50.769075" lon="14.571653">
				<ele>357.000000</ele>
			</trkpt>
			<trkpt lat="50.769263" lon="14.571806">
				<ele>358.000000</ele>
			</trkpt>
			<trkpt lat="50.769410" lon="14.571949">
				<ele>359.000000</ele>
			</trkpt>
			<trkpt lat="50.769751" lon="14.572309">
				<ele>359.000000</ele>
			</trkpt>
			<trkpt lat="50.769848" lon="14.572399">
				<ele>359.000000</ele>
			</trkpt>
			<trkpt lat="50.769939" lon="14.572452">
				<ele>360.000000</ele>
			</trkpt>
			<trkpt lat="50.770103" lon="14.572525">
				<ele>361.000000</ele>
			</trkpt>
			<trkpt lat="50.770228" lon="14.572578">
				<ele>362.000000</ele>
			</trkpt>
			<trkpt lat="50.770354" lon="14.572615">
				<ele>363.000000</ele>
			</trkpt>
			<trkpt lat="50.770478" lon="14.572632">
				<ele>364.000000</ele>
			</trkpt>
			<trkpt lat="50.770660" lon="14.572632">
				<ele>363.000000</ele>
			</trkpt>
			<trkpt lat="50.770797" lon="14.572641">
				<ele>362.000000</ele>
			</trkpt>
			<trkpt lat="50.770876" lon="14.572668">
				<ele>361.000000</ele>
			</trkpt>
			<trkpt lat="50.770938" lon="14.572722">
				<ele>361.000000</ele>
			</trkpt>
			<trkpt lat="50.770995" lon="14.572821">
				<ele>360.000000</ele>
			</trkpt>
			<trkpt lat="50.771018" lon="14.572892">
				<ele>359.000000</ele>
			</trkpt>
			<trkpt lat="50.771041" lon="14.572982">
				<ele>359.000000</ele>
			</trkpt>
			<trkpt lat="50.771069" lon="14.573207">
				<ele>358.000000</ele>
			</trkpt>
			<trkpt lat="50.771149" lon="14.574213">
				<ele>356.000000</ele>
			</trkpt>
			<trkpt lat="50.771172" lon="14.574393">
				<ele>356.000000</ele>
			</trkpt>
			<trkpt lat="50.771188" lon="14.574483">
				<ele>355.000000</ele>
			</trkpt>
			<trkpt lat="50.771217" lon="14.574555">
				<ele>355.000000</ele>
			</trkpt>
			<trkpt lat="50.771245" lon="14.574662">
				<ele>355.000000</ele>
			</trkpt>
			<trkpt lat="50.771251" lon="14.574779">
				<ele>355.000000</ele>
			</trkpt>
			<trkpt lat="50.771234" lon="14.574905">
				<ele>355.000000</ele>
			</trkpt>
			<trkpt lat="50.771126" lon="14.575265">
				<ele>354.000000</ele>
			</trkpt>
			<trkpt lat="50.771001" lon="14.575561">
				<ele>354.000000</ele>
			</trkpt>
			<trkpt lat="50.770950" lon="14.575660">
				<ele>354.000000</ele>
			</trkpt>
			<trkpt lat="50.770899" lon="14.575731">
				<ele>353.000000</ele>
			</trkpt>
			<trkpt lat="50.770842" lon="14.575777">
				<ele>353.000000</ele>
			</trkpt>
			<trkpt lat="50.770779" lon="14.575804">
				<ele>353.000000</ele>
			</trkpt>
			<trkpt lat="50.770689" lon="14.575831">
				<ele>352.000000</ele>
			</trkpt>
			<trkpt lat="50.770626" lon="14.575875">
				<ele>352.000000</ele>
			</trkpt>
			<trkpt lat="50.770563" lon="14.575938">
				<ele>351.000000</ele>
			</trkpt>
			<trkpt lat="50.770513" lon="14.576037">
				<ele>351.000000</ele>
			</trkpt>
			<trkpt lat="50.770223" lon="14.576576">
				<ele>350.000000</ele>
			</trkpt>
			<trkpt lat="50.770126" lon="14.576773">
				<ele>350.000000</ele>
			</trkpt>
			<trkpt lat="50.770064" lon="14.576899">
				<ele>350.000000</ele>
			</trkpt>
			<trkpt lat="50.770018" lon="14.577060">
				<ele>350.000000</ele>
			</trkpt>
			<trkpt lat="50.769973" lon="14.577213">
				<ele>350.000000</ele>
			</trkpt>
			<trkpt lat="50.769814" lon="14.577852">
				<ele>350.000000</ele>
			</trkpt>
			<trkpt lat="50.769729" lon="14.578282">
				<ele>349.000000</ele>
			</trkpt>
			<trkpt lat="50.769637" lon="14.578723">
				<ele>347.000000</ele>
			</trkpt>
			<trkpt lat="50.769558" lon="14.579207">
				<ele>347.000000</ele>
			</trkpt>
			<trkpt lat="50.769495" lon="14.579549">
				<ele>346.000000</ele>
			</trkpt>
			<trkpt lat="50.769439" lon="14.579800">
				<ele>346.000000</ele>
			</trkpt>
			<trkpt lat="50.769382" lon="14.579989">
				<ele>346.000000</ele>
			</trkpt>
			<trkpt lat="50.769365" lon="14.580142">
				<ele>346.000000</ele>
			</trkpt>
			<trkpt lat="50.769365" lon="14.580268">
				<ele>346.000000</ele>
			</trkpt>
			<trkpt lat="50.769371" lon="14.581391">
				<ele>344.000000</ele>
			</trkpt>
			<trkpt lat="50.769371" lon="14.581643">
				<ele>343.000000</ele>
			</trkpt>
			<trkpt lat="50.769354" lon="14.581813">
				<ele>342.000000</ele>
			</trkpt>
			<trkpt lat="50.769308" lon="14.581974">
				<ele>341.000000</ele>
			</trkpt>
			<trkpt lat="50.769246" lon="14.582119">
				<ele>342.000000</ele>
			</trkpt>
			<trkpt lat="50.768996" lon="14.582559">
				<ele>340.000000</ele>
			</trkpt>
			<trkpt lat="50.768933" lon="14.582685">
				<ele>339.000000</ele>
			</trkpt>
			<trkpt lat="50.768882" lon="14.582810">
				<ele>338.000000</ele>
			</trkpt>
			<trkpt lat="50.768825" lon="14.582954">
				<ele>338.000000</ele>
			</trkpt>
			<trkpt lat="50.768780" lon="14.583079">
				<ele>337.000000</ele>
			</trkpt>
			<trkpt lat="50.768757" lon="14.583215">
				<ele>336.000000</ele>
			</trkpt>
			<trkpt lat="50.768729" lon="14.583349">
				<ele>335.000000</ele>
			</trkpt>
			<trkpt lat="50.768723" lon="14.583484">
				<ele>333.000000</ele>
			</trkpt>
			<trkpt lat="50.768695" lon="14.583727">
				<ele>331.000000</ele>
			</trkpt>
			<trkpt lat="50.768706" lon="14.584050">
				<ele>330.000000</ele>
			</trkpt>
			<trkpt lat="50.768660" lon="14.584077">
				<ele>330.000000</ele>
			</trkpt>
			<trkpt lat="50.768626" lon="14.584121">
				<ele>330.000000</ele>
			</trkpt>
			<trkpt lat="50.768569" lon="14.584220">
				<ele>330.000000</ele>
			</trkpt>
			<trkpt lat="50.768189" lon="14.585002">
				<ele>330.000000</ele>
			</trkpt>
			<trkpt lat="50.767985" lon="14.585460">
				<ele>329.000000</ele>
			</trkpt>
			<trkpt lat="50.767899" lon="14.585639">
				<ele>329.000000</ele>
			</trkpt>
			<trkpt lat="50.767865" lon="14.585775">
				<ele>330.000000</ele>
			</trkpt>
			<trkpt lat="50.767859" lon="14.585901">
				<ele>330.000000</ele>
			</trkpt>
			<trkpt lat="50.767865" lon="14.586071">
				<ele>330.000000</ele>
			</trkpt>
			<trkpt lat="50.767916" lon="14.586736">
				<ele>333.000000</ele>
			</trkpt>
			<trkpt lat="50.767916" lon="14.586736">
				<ele>333.000000</ele>
			</trkpt>
			<trkpt lat="50.767916" lon="14.586736">
				<ele>333.000000</ele>
			</trkpt>
			<trkpt lat="50.767944" lon="14.586978">
				<ele>335.000000</ele>
			</trkpt>
			<trkpt lat="50.767967" lon="14.587221">
				<ele>335.000000</ele>
			</trkpt>
			<trkpt lat="50.767990" lon="14.587400">
				<ele>335.000000</ele>
			</trkpt>
			<trkpt lat="50.767990" lon="14.587553">
				<ele>335.000000</ele>
			</trkpt>
			<trkpt lat="50.767979" lon="14.587697">
				<ele>335.000000</ele>
			</trkpt>
			<trkpt lat="50.767956" lon="14.587868">
				<ele>335.000000</ele>
			</trkpt>
			<trkpt lat="50.767848" lon="14.588371">
				<ele>336.000000</ele>
			</trkpt>
			<trkpt lat="50.767609" lon="14.589503">
				<ele>342.000000</ele>
			</trkpt>
			<trkpt lat="50.767484" lon="14.590132">
				<ele>345.000000</ele>
			</trkpt>
			<trkpt lat="50.767263" lon="14.591255">
				<ele>345.000000</ele>
			</trkpt>
			<trkpt lat="50.767160" lon="14.591650">
				<ele>345.000000</ele>
			</trkpt>
			<trkpt lat="50.767115" lon="14.591794">
				<ele>345.000000</ele>
			</trkpt>
			<trkpt lat="50.767052" lon="14.591937">
				<ele>345.000000</ele>
			</trkpt>
			<trkpt lat="50.766831" lon="14.592458">
				<ele>343.000000</ele>
			</trkpt>
			<trkpt lat="50.766694" lon="14.592727">
				<ele>342.000000</ele>
			</trkpt>
			<trkpt lat="50.766632" lon="14.592826">
				<ele>341.000000</ele>
			</trkpt>
			<trkpt lat="50.766478" lon="14.593015">
				<ele>339.000000</ele>
			</trkpt>
			<trkpt lat="50.766428" lon="14.593042">
				<ele>339.000000</ele>
			</trkpt>
			<trkpt lat="50.766342" lon="14.593033">
				<ele>339.000000</ele>
			</trkpt>
			<trkpt lat="50.766155" lon="14.592989">
				<ele>338.000000</ele>
			</trkpt>
			<trkpt lat="50.766064" lon="14.592979">
				<ele>338.000000</ele>
			</trkpt>
			<trkpt lat="50.765888" lon="14.592989">
				<ele>338.000000</ele>
			</trkpt>
			<trkpt lat="50.765786" lon="14.593024">
				<ele>336.000000</ele>
			</trkpt>
			<trkpt lat="50.765706" lon="14.593096">
				<ele>334.000000</ele>
			</trkpt>
			<trkpt lat="50.765626" lon="14.593195">
				<ele>334.000000</ele>
			</trkpt>
			<trkpt lat="50.765530" lon="14.593339">
				<ele>333.000000</ele>
			</trkpt>
			<trkpt lat="50.765456" lon="14.593465">
				<ele>333.000000</ele>
			</trkpt>
			<trkpt lat="50.765394" lon="14.593616">
				<ele>333.000000</ele>
			</trkpt>
			<trkpt lat="50.765348" lon="14.593805">
				<ele>332.000000</ele>
			</trkpt>
			<trkpt lat="50.765189" lon="14.593922">
				<ele>331.000000</ele>
			</trkpt>
			<trkpt lat="50.765115" lon="14.593994">
				<ele>331.000000</ele>
			</trkpt>
			<trkpt lat="50.765035" lon="14.594075">
				<ele>330.000000</ele>
			</trkpt>
			<trkpt lat="50.764962" lon="14.594192">
				<ele>328.000000</ele>
			</trkpt>
			<trkpt lat="50.764820" lon="14.594434">
				<ele>327.000000</ele>
			</trkpt>
			<trkpt lat="50.764695" lon="14.594686">
				<ele>326.000000</ele>
			</trkpt>
			<trkpt lat="50.764569" lon="14.594928">
				<ele>326.000000</ele>
			</trkpt>
			<trkpt lat="50.764445" lon="14.595117">
				<ele>326.000000</ele>
			</trkpt>
			<trkpt lat="50.764309" lon="14.595260">
				<ele>326.000000</ele>
			</trkpt>
			<trkpt lat="50.764121" lon="14.595404">
				<ele>326.000000</ele>
			</trkpt>
			<trkpt lat="50.763666" lon="14.595377">
				<ele>326.000000</ele>
			</trkpt>
			<trkpt lat="50.763297" lon="14.595350">
				<ele>325.000000</ele>
			</trkpt>
			<trkpt lat="50.763212" lon="14.595342">
				<ele>325.000000</ele>
			</trkpt>
			<trkpt lat="50.763064" lon="14.595314">
				<ele>325.000000</ele>
			</trkpt>
			<trkpt lat="50.762899" lon="14.595260">
				<ele>325.000000</ele>
			</trkpt>
			<trkpt lat="50.762780" lon="14.595207">
				<ele>326.000000</ele>
			</trkpt>
			<trkpt lat="50.762541" lon="14.595134">
				<ele>326.000000</ele>
			</trkpt>
			<trkpt lat="50.762297" lon="14.595037">
				<ele>323.000000</ele>
			</trkpt>
			<trkpt lat="50.762132" lon="14.594937">
				<ele>322.000000</ele>
			</trkpt>
			<trkpt lat="50.761956" lon="14.594830">
				<ele>321.000000</ele>
			</trkpt>
			<trkpt lat="50.761649" lon="14.594650">
				<ele>319.000000</ele>
			</trkpt>
			<trkpt lat="50.761410" lon="14.594524">
				<ele>320.000000</ele>
			</trkpt>
			<trkpt lat="50.761325" lon="14.594452">
				<ele>320.000000</ele>
			</trkpt>
			<trkpt lat="50.761234" lon="14.594362">
				<ele>320.000000</ele>
			</trkpt>
			<trkpt lat="50.761144" lon="14.594237">
				<ele>320.000000</ele>
			</trkpt>
			<trkpt lat="50.760979" lon="14.593941">
				<ele>316.000000</ele>
			</trkpt>
			<trkpt lat="50.760899" lon="14.593769">
				<ele>314.000000</ele>
			</trkpt>
			<trkpt lat="50.760842" lon="14.593644">
				<ele>313.000000</ele>
			</trkpt>
			<trkpt lat="50.760779" lon="14.593563">
				<ele>312.000000</ele>
			</trkpt>
			<trkpt lat="50.760717" lon="14.593492">
				<ele>310.000000</ele>
			</trkpt>
			<trkpt lat="50.760615" lon="14.593446">
				<ele>310.000000</ele>
			</trkpt>
			<trkpt lat="50.760456" lon="14.593446">
				<ele>310.000000</ele>
			</trkpt>
			<trkpt lat="50.760120" lon="14.593482">
				<ele>307.000000</ele>
			</trkpt>
			<trkpt lat="50.759927" lon="14.593482">
				<ele>306.000000</ele>
			</trkpt>
			<trkpt lat="50.759638" lon="14.593455">
				<ele>305.000000</ele>
			</trkpt>
			<trkpt lat="50.759512" lon="14.593429">
				<ele>305.000000</ele>
			</trkpt>
			<trkpt lat="50.759393" lon="14.593392">
				<ele>305.000000</ele>
			</trkpt>
			<trkpt lat="50.759279" lon="14.593320">
				<ele>305.000000</ele>
			</trkpt>
			<trkpt lat="50.759149" lon="14.593222">
				<ele>305.000000</ele>
			</trkpt>
			<trkpt lat="50.759086" lon="14.593150">
				<ele>305.000000</ele>
			</trkpt>
			<trkpt lat="50.758950" lon="14.592979">
				<ele>304.000000</ele>
			</trkpt>
			<trkpt lat="50.758654" lon="14.592557">
				<ele>304.000000</ele>
			</trkpt>
			<trkpt lat="50.758501" lon="14.592360">
				<ele>304.000000</ele>
			</trkpt>
			<trkpt lat="50.758427" lon="14.592305">
				<ele>304.000000</ele>
			</trkpt>
			<trkpt lat="50.758347" lon="14.592260">
				<ele>304.000000</ele>
			</trkpt>
			<trkpt lat="50.758041" lon="14.592108">
				<ele>303.000000</ele>
			</trkpt>
			<trkpt lat="50.757870" lon="14.592008">
				<ele>302.000000</ele>
			</trkpt>
			<trkpt lat="50.757734" lon="14.591973">
				<ele>302.000000</ele>
			</trkpt>
			<trkpt lat="50.757637" lon="14.591955">
				<ele>302.000000</ele>
			</trkpt>
			<trkpt lat="50.757518" lon="14.591973">
				<ele>302.000000</ele>
			</trkpt>
			<trkpt lat="50.757404" lon="14.592027">
				<ele>301.000000</ele>
			</trkpt>
			<trkpt lat="50.757330" lon="14.592071">
				<ele>301.000000</ele>
			</trkpt>
			<trkpt lat="50.757177" lon="14.592171">
				<ele>301.000000</ele>
			</trkpt>
			<trkpt lat="50.757080" lon="14.592234">
				<ele>301.000000</ele>
			</trkpt>
			<trkpt lat="50.756978" lon="14.592278">
				<ele>301.000000</ele>
			</trkpt>
			<trkpt lat="50.756882" lon="14.592305">
				<ele>301.000000</ele>
			</trkpt>
			<trkpt lat="50.756774" lon="14.592305">
				<ele>301.000000</ele>
			</trkpt>
			<trkpt lat="50.755585" lon="14.592171">
				<ele>301.000000</ele>
			</trkpt>
			<trkpt lat="50.755432" lon="14.592161">
				<ele>300.000000</ele>
			</trkpt>
			<trkpt lat="50.755256" lon="14.592153">
				<ele>300.000000</ele>
			</trkpt>
			<trkpt lat="50.755154" lon="14.592161">
				<ele>300.000000</ele>
			</trkpt>
			<trkpt lat="50.755080" lon="14.592188">
				<ele>300.000000</ele>
			</trkpt>
			<trkpt lat="50.755046" lon="14.592234">
				<ele>300.000000</ele>
			</trkpt>
			<trkpt lat="50.755011" lon="14.592278">
				<ele>300.000000</ele>
			</trkpt>
			<trkpt lat="50.754966" lon="14.592350">
				<ele>300.000000</ele>
			</trkpt>
			<trkpt lat="50.754915" lon="14.592450">
				<ele>301.000000</ele>
			</trkpt>
			<trkpt lat="50.754858" lon="14.592503">
				<ele>301.000000</ele>
			</trkpt>
			<trkpt lat="50.754807" lon="14.592547">
				<ele>302.000000</ele>
			</trkpt>
			<trkpt lat="50.754716" lon="14.592593">
				<ele>302.000000</ele>
			</trkpt>
			<trkpt lat="50.754472" lon="14.592692">
				<ele>302.000000</ele>
			</trkpt>
			<trkpt lat="50.754409" lon="14.592737">
				<ele>302.000000</ele>
			</trkpt>
			<trkpt lat="50.754301" lon="14.592809">
				<ele>303.000000</ele>
			</trkpt>
			<trkpt lat="50.754233" lon="14.592836">
				<ele>303.000000</ele>
			</trkpt>
			<trkpt lat="50.754177" lon="14.592853">
				<ele>303.000000</ele>
			</trkpt>
			<trkpt lat="50.754113" lon="14.592853">
				<ele>303.000000</ele>
			</trkpt>
			<trkpt lat="50.754057" lon="14.592836">
				<ele>303.000000</ele>
			</trkpt>
			<trkpt lat="50.753994" lon="14.592800">
				<ele>304.000000</ele>
			</trkpt>
			<trkpt lat="50.753915" lon="14.592746">
				<ele>304.000000</ele>
			</trkpt>
			<trkpt lat="50.753852" lon="14.592683">
				<ele>305.000000</ele>
			</trkpt>
			<trkpt lat="50.753796" lon="14.592610">
				<ele>306.000000</ele>
			</trkpt>
			<trkpt lat="50.753727" lon="14.592521">
				<ele>308.000000</ele>
			</trkpt>
			<trkpt lat="50.753670" lon="14.592423">
				<ele>308.000000</ele>
			</trkpt>
			<trkpt lat="50.753619" lon="14.592360">
				<ele>309.000000</ele>
			</trkpt>
			<trkpt lat="50.753562" lon="14.592323">
				<ele>310.000000</ele>
			</trkpt>
			<trkpt lat="50.753500" lon="14.592305">
				<ele>311.000000</ele>
			</trkpt>
			<trkpt lat="50.753051" lon="14.592243">
				<ele>310.000000</ele>
			</trkpt>
			<trkpt lat="50.752898" lon="14.592216">
				<ele>309.000000</ele>
			</trkpt>
			<trkpt lat="50.752733" lon="14.592171">
				<ele>307.000000</ele>
			</trkpt>
			<trkpt lat="50.752636" lon="14.592171">
				<ele>307.000000</ele>
			</trkpt>
			<trkpt lat="50.752528" lon="14.592188">
				<ele>307.000000</ele>
			</trkpt>
			<trkpt lat="50.752432" lon="14.592197">
				<ele>307.000000</ele>
			</trkpt>
			<trkpt lat="50.752324" lon="14.592243">
				<ele>305.000000</ele>
			</trkpt>
			<trkpt lat="50.752204" lon="14.592305">
				<ele>304.000000</ele>
			</trkpt>
			<trkpt lat="50.752107" lon="14.592360">
				<ele>303.000000</ele>
			</trkpt>
			<trkpt lat="50.751988" lon="14.592458">
				<ele>302.000000</ele>
			</trkpt>
			<trkpt lat="50.751749" lon="14.592673">
				<ele>301.000000</ele>
			</trkpt>
			<trkpt lat="50.751801" lon="14.592800">
				<ele>302.000000</ele>
			</trkpt>
			<trkpt lat="50.751829" lon="14.592916">
				<ele>303.000000</ele>
			</trkpt>
			<trkpt lat="50.751829" lon="14.593060">
				<ele>304.000000</ele>
			</trkpt>
			<trkpt lat="50.751812" lon="14.593230">
				<ele>305.000000</ele>
			</trkpt>
			<trkpt lat="50.751732" lon="14.593706">
				<ele>307.000000</ele>
			</trkpt>
			<trkpt lat="50.751710" lon="14.593913">
				<ele>308.000000</ele>
			</trkpt>
			<trkpt lat="50.751716" lon="14.594147">
				<ele>308.000000</ele>
			</trkpt>
			<trkpt lat="50.751738" lon="14.594578">
				<ele>309.000000</ele>
			</trkpt>
			<trkpt lat="50.751727" lon="14.594803">
				<ele>310.000000</ele>
			</trkpt>
			<trkpt lat="50.751693" lon="14.595073">
				<ele>310.000000</ele>
			</trkpt>
			<trkpt lat="50.751511" lon="14.596303">
				<ele>307.000000</ele>
			</trkpt>
			<trkpt lat="50.751374" lon="14.597255">
				<ele>307.000000</ele>
			</trkpt>
			<trkpt lat="50.751113" lon="14.598818">
				<ele>304.000000</ele>
			</trkpt>
			<trkpt lat="50.751079" lon="14.599016">
				<ele>304.000000</ele>
			</trkpt>
			<trkpt lat="50.750999" lon="14.599572">
				<ele>303.000000</ele>
			</trkpt>
			<trkpt lat="50.750920" lon="14.600228">
				<ele>303.000000</ele>
			</trkpt>
			<trkpt lat="50.750795" lon="14.601136">
				<ele>305.000000</ele>
			</trkpt>
			<trkpt lat="50.750743" lon="14.601459">
				<ele>306.000000</ele>
			</trkpt>
			<trkpt lat="50.750676" lon="14.601774">
				<ele>306.000000</ele>
			</trkpt>
			<trkpt lat="50.750619" lon="14.601918">
				<ele>306.000000</ele>
			</trkpt>
			<trkpt lat="50.750556" lon="14.602088">
				<ele>306.000000</ele>
			</trkpt>
			<trkpt lat="50.750448" lon="14.602312">
				<ele>306.000000</ele>
			</trkpt>
			<trkpt lat="50.750323" lon="14.602555">
				<ele>306.000000</ele>
			</trkpt>
			<trkpt lat="50.750175" lon="14.602797">
				<ele>306.000000</ele>
			</trkpt>
			<trkpt lat="50.750010" lon="14.603040">
				<ele>305.000000</ele>
			</trkpt>
			<trkpt lat="50.749862" lon="14.603292">
				<ele>306.000000</ele>
			</trkpt>
			<trkpt lat="50.749442" lon="14.602618">
				<ele>304.000000</ele>
			</trkpt>
			<trkpt lat="50.749271" lon="14.602375">
				<ele>304.000000</ele>
			</trkpt>
			<trkpt lat="50.749113" lon="14.602169">
				<ele>303.000000</ele>
			</trkpt>
			<trkpt lat="50.748936" lon="14.601971">
				<ele>303.000000</ele>
			</trkpt>
			<trkpt lat="50.748783" lon="14.601818">
				<ele>302.000000</ele>
			</trkpt>
			<trkpt lat="50.748629" lon="14.601675">
				<ele>302.000000</ele>
			</trkpt>
			<trkpt lat="50.748152" lon="14.601279">
				<ele>302.000000</ele>
			</trkpt>
			<trkpt lat="50.748044" lon="14.601180">
				<ele>302.000000</ele>
			</trkpt>
			<trkpt lat="50.747947" lon="14.601082">
				<ele>302.000000</ele>
			</trkpt>
			<trkpt lat="50.747873" lon="14.600983">
				<ele>302.000000</ele>
			</trkpt>
			<trkpt lat="50.747794" lon="14.600849">
				<ele>302.000000</ele>
			</trkpt>
			<trkpt lat="50.747731" lon="14.600704">
				<ele>302.000000</ele>
			</trkpt>
			<trkpt lat="50.747674" lon="14.600534">
				<ele>302.000000</ele>
			</trkpt>
			<trkpt lat="50.747492" lon="14.599941">
				<ele>302.000000</ele>
			</trkpt>
			<trkpt lat="50.747447" lon="14.599788">
				<ele>302.000000</ele>
			</trkpt>
			<trkpt lat="50.747373" lon="14.599627">
				<ele>302.000000</ele>
			</trkpt>
			<trkpt lat="50.747305" lon="14.599474">
				<ele>302.000000</ele>
			</trkpt>
			<trkpt lat="50.747220" lon="14.599348">
				<ele>301.000000</ele>
			</trkpt>
			<trkpt lat="50.747066" lon="14.599151">
				<ele>301.000000</ele>
			</trkpt>
			<trkpt lat="50.746754" lon="14.598818">
				<ele>302.000000</ele>
			</trkpt>
			<trkpt lat="50.746600" lon="14.598629">
				<ele>301.000000</ele>
			</trkpt>
			<trkpt lat="50.746469" lon="14.598476">
				<ele>301.000000</ele>
			</trkpt>
			<trkpt lat="50.746373" lon="14.598324">
				<ele>301.000000</ele>
			</trkpt>
			<trkpt lat="50.746230" lon="14.598297">
				<ele>301.000000</ele>
			</trkpt>
			<trkpt lat="50.745923" lon="14.598297">
				<ele>302.000000</ele>
			</trkpt>
			<trkpt lat="50.745884" lon="14.598279">
				<ele>302.000000</ele>
			</trkpt>
			<trkpt lat="50.745850" lon="14.598252">
				<ele>302.000000</ele>
			</trkpt>
			<trkpt lat="50.745821" lon="14.598226">
				<ele>303.000000</ele>
			</trkpt>
			<trkpt lat="50.745793" lon="14.598172">
				<ele>303.000000</ele>
			</trkpt>
			<trkpt lat="50.745770" lon="14.598100">
				<ele>303.000000</ele>
			</trkpt>
			<trkpt lat="50.745747" lon="14.598019">
				<ele>303.000000</ele>
			</trkpt>
			<trkpt lat="50.745713" lon="14.597813">
				<ele>303.000000</ele>
			</trkpt>
			<trkpt lat="50.745668" lon="14.597461">
				<ele>304.000000</ele>
			</trkpt>
			<trkpt lat="50.745577" lon="14.596985">
				<ele>306.000000</ele>
			</trkpt>
			<trkpt lat="50.745560" lon="14.596824">
				<ele>307.000000</ele>
			</trkpt>
			<trkpt lat="50.745565" lon="14.596771">
				<ele>307.000000</ele>
			</trkpt>
			<trkpt lat="50.745577" lon="14.596725">
				<ele>307.000000</ele>
			</trkpt>
			<trkpt lat="50.745719" lon="14.596356">
				<ele>307.000000</ele>
			</trkpt>
			<trkpt lat="50.745815" lon="14.596087">
				<ele>308.000000</ele>
			</trkpt>
			<trkpt lat="50.745878" lon="14.595863">
				<ele>308.000000</ele>
			</trkpt>
			<trkpt lat="50.745861" lon="14.595692">
				<ele>308.000000</ele>
			</trkpt>
			<trkpt lat="50.745838" lon="14.595647">
				<ele>308.000000</ele>
			</trkpt>
			<trkpt lat="50.745821" lon="14.595610">
				<ele>308.000000</ele>
			</trkpt>
			<trkpt lat="50.745821" lon="14.595610">
				<ele>308.000000</ele>
			</trkpt>
			<trkpt lat="50.745821" lon="14.595602">
				<ele>308.000000</ele>
			</trkpt>
			<trkpt lat="50.745821" lon="14.595404">
				<ele>308.000000</ele>
			</trkpt>
			<trkpt lat="50.745810" lon="14.595180">
				<ele>308.000000</ele>
			</trkpt>
			<trkpt lat="50.745776" lon="14.594964">
				<ele>307.000000</ele>
			</trkpt>
			<trkpt lat="50.745719" lon="14.594713">
				<ele>306.000000</ele>
			</trkpt>
			<trkpt lat="50.745622" lon="14.594272">
				<ele>304.000000</ele>
			</trkpt>
			<trkpt lat="50.745475" lon="14.593652">
				<ele>299.000000</ele>
			</trkpt>
			<trkpt lat="50.745327" lon="14.593087">
				<ele>296.000000</ele>
			</trkpt>
			<trkpt lat="50.745264" lon="14.592844">
				<ele>296.000000</ele>
			</trkpt>
			<trkpt lat="50.745213" lon="14.592737">
				<ele>296.000000</ele>
			</trkpt>
			<trkpt lat="50.745156" lon="14.592602">
				<ele>296.000000</ele>
			</trkpt>
			<trkpt lat="50.744986" lon="14.592305">
				<ele>295.000000</ele>
			</trkpt>
			<trkpt lat="50.744775" lon="14.591947">
				<ele>295.000000</ele>
			</trkpt>
			<trkpt lat="50.744702" lon="14.591802">
				<ele>295.000000</ele>
			</trkpt>
			<trkpt lat="50.744650" lon="14.591658">
				<ele>295.000000</ele>
			</trkpt>
			<trkpt lat="50.744236" lon="14.592018">
				<ele>294.000000</ele>
			</trkpt>
			<trkpt lat="50.744030" lon="14.592180">
				<ele>294.000000</ele>
			</trkpt>
			<trkpt lat="50.743906" lon="14.592260">
				<ele>294.000000</ele>
			</trkpt>
			<trkpt lat="50.743786" lon="14.592305">
				<ele>294.000000</ele>
			</trkpt>
			<trkpt lat="50.743678" lon="14.592333">
				<ele>294.000000</ele>
			</trkpt>
			<trkpt lat="50.743599" lon="14.592333">
				<ele>294.000000</ele>
			</trkpt>
			<trkpt lat="50.743445" lon="14.592494">
				<ele>294.000000</ele>
			</trkpt>
			<trkpt lat="50.743212" lon="14.592746">
				<ele>294.000000</ele>
			</trkpt>
			<trkpt lat="50.743167" lon="14.592790">
				<ele>294.000000</ele>
			</trkpt>
			<trkpt lat="50.743116" lon="14.592817">
				<ele>294.000000</ele>
			</trkpt>
			<trkpt lat="50.743053" lon="14.592817">
				<ele>294.000000</ele>
			</trkpt>
			<trkpt lat="50.742979" lon="14.592809">
				<ele>294.000000</ele>
			</trkpt>
			<trkpt lat="50.742837" lon="14.592754">
				<ele>295.000000</ele>
			</trkpt>
			<trkpt lat="50.742672" lon="14.592629">
				<ele>296.000000</ele>
			</trkpt>
			<trkpt lat="50.742575" lon="14.592700">
				<ele>297.000000</ele>
			</trkpt>
			<trkpt lat="50.742518" lon="14.592637">
				<ele>297.000000</ele>
			</trkpt>
			<trkpt lat="50.742473" lon="14.592584">
				<ele>297.000000</ele>
			</trkpt>
			<trkpt lat="50.742451" lon="14.592530">
				<ele>297.000000</ele>
			</trkpt>
			<trkpt lat="50.742422" lon="14.592458">
				<ele>297.000000</ele>
			</trkpt>
			<trkpt lat="50.742394" lon="14.592377">
				<ele>298.000000</ele>
			</trkpt>
			<trkpt lat="50.742343" lon="14.592287">
				<ele>298.000000</ele>
			</trkpt>
			<trkpt lat="50.742178" lon="14.592054">
				<ele>297.000000</ele>
			</trkpt>
			<trkpt lat="50.742115" lon="14.591937">
				<ele>296.000000</ele>
			</trkpt>
			<trkpt lat="50.741979" lon="14.591668">
				<ele>294.000000</ele>
			</trkpt>
			<trkpt lat="50.741916" lon="14.591740">
				<ele>295.000000</ele>
			</trkpt>
			<trkpt lat="50.741842" lon="14.591758">
				<ele>295.000000</ele>
			</trkpt>
			<trkpt lat="50.741421" lon="14.591748">
				<ele>294.000000</ele>
			</trkpt>
			<trkpt lat="50.741285" lon="14.591731">
				<ele>294.000000</ele>
			</trkpt>
			<trkpt lat="50.741171" lon="14.591694">
				<ele>293.000000</ele>
			</trkpt>
			<trkpt lat="50.741069" lon="14.591650">
				<ele>293.000000</ele>
			</trkpt>
			<trkpt lat="50.740995" lon="14.591605">
				<ele>293.000000</ele>
			</trkpt>
			<trkpt lat="50.740944" lon="14.591524">
				<ele>293.000000</ele>
			</trkpt>
			<trkpt lat="50.740881" lon="14.591398">
				<ele>292.000000</ele>
			</trkpt>
			<trkpt lat="50.740819" lon="14.591236">
				<ele>292.000000</ele>
			</trkpt>
			<trkpt lat="50.740774" lon="14.591065">
				<ele>291.000000</ele>
			</trkpt>
			<trkpt lat="50.740733" lon="14.590886">
				<ele>292.000000</ele>
			</trkpt>
			<trkpt lat="50.740717" lon="14.590643">
				<ele>292.000000</ele>
			</trkpt>
			<trkpt lat="50.740483" lon="14.590760">
				<ele>292.000000</ele>
			</trkpt>
			<trkpt lat="50.740358" lon="14.590787">
				<ele>293.000000</ele>
			</trkpt>
			<trkpt lat="50.740228" lon="14.590787">
				<ele>293.000000</ele>
			</trkpt>
			<trkpt lat="50.740114" lon="14.590752">
				<ele>293.000000</ele>
			</trkpt>
			<trkpt lat="50.740023" lon="14.590697">
				<ele>294.000000</ele>
			</trkpt>
			<trkpt lat="50.739972" lon="14.590635">
				<ele>294.000000</ele>
			</trkpt>
			<trkpt lat="50.739881" lon="14.590536">
				<ele>294.000000</ele>
			</trkpt>
			<trkpt lat="50.739773" lon="14.590373">
				<ele>294.000000</ele>
			</trkpt>
			<trkpt lat="50.739682" lon="14.590213">
				<ele>294.000000</ele>
			</trkpt>
			<trkpt lat="50.739597" lon="14.590113">
				<ele>294.000000</ele>
			</trkpt>
			<trkpt lat="50.739517" lon="14.590033">
				<ele>294.000000</ele>
			</trkpt>
			<trkpt lat="50.739437" lon="14.589979">
				<ele>294.000000</ele>
			</trkpt>
			<trkpt lat="50.739193" lon="14.589880">
				<ele>293.000000</ele>
			</trkpt>
			<trkpt lat="50.739085" lon="14.589808">
				<ele>293.000000</ele>
			</trkpt>
			<trkpt lat="50.738778" lon="14.589574">
				<ele>292.000000</ele>
			</trkpt>
			<trkpt lat="50.738659" lon="14.589484">
				<ele>292.000000</ele>
			</trkpt>
			<trkpt lat="50.738454" lon="14.589358">
				<ele>291.000000</ele>
			</trkpt>
			<trkpt lat="50.738335" lon="14.589278">
				<ele>291.000000</ele>
			</trkpt>
			<trkpt lat="50.738255" lon="14.589207">
				<ele>291.000000</ele>
			</trkpt>
			<trkpt lat="50.738181" lon="14.589125">
				<ele>291.000000</ele>
			</trkpt>
			<trkpt lat="50.738119" lon="14.589027">
				<ele>291.000000</ele>
			</trkpt>
			<trkpt lat="50.738044" lon="14.588882">
				<ele>291.000000</ele>
			</trkpt>
			<trkpt lat="50.737965" lon="14.588731">
				<ele>290.000000</ele>
			</trkpt>
			<trkpt lat="50.737891" lon="14.588613">
				<ele>290.000000</ele>
			</trkpt>
			<trkpt lat="50.737812" lon="14.588559">
				<ele>290.000000</ele>
			</trkpt>
			<trkpt lat="50.737721" lon="14.588515">
				<ele>289.000000</ele>
			</trkpt>
			<trkpt lat="50.737243" lon="14.588379">
				<ele>291.000000</ele>
			</trkpt>
			<trkpt lat="50.736982" lon="14.588299">
				<ele>291.000000</ele>
			</trkpt>
			<trkpt lat="50.736896" lon="14.588299">
				<ele>290.000000</ele>
			</trkpt>
			<trkpt lat="50.736822" lon="14.588272">
				<ele>290.000000</ele>
			</trkpt>
			<trkpt lat="50.736766" lon="14.588226">
				<ele>290.000000</ele>
			</trkpt>
			<trkpt lat="50.736731" lon="14.588173">
				<ele>289.000000</ele>
			</trkpt>
			<trkpt lat="50.736589" lon="14.587903">
				<ele>288.000000</ele>
			</trkpt>
			<trkpt lat="50.736521" lon="14.587733">
				<ele>287.000000</ele>
			</trkpt>
			<trkpt lat="50.736498" lon="14.587563">
				<ele>287.000000</ele>
			</trkpt>
			<trkpt lat="50.736493" lon="14.587392">
				<ele>287.000000</ele>
			</trkpt>
			<trkpt lat="50.736493" lon="14.587167">
				<ele>287.000000</ele>
			</trkpt>
			<trkpt lat="50.736487" lon="14.587041">
				<ele>288.000000</ele>
			</trkpt>
			<trkpt lat="50.736464" lon="14.586943">
				<ele>288.000000</ele>
			</trkpt>
			<trkpt lat="50.736413" lon="14.586718">
				<ele>289.000000</ele>
			</trkpt>
			<trkpt lat="50.736310" lon="14.586448">
				<ele>289.000000</ele>
			</trkpt>
			<trkpt lat="50.736174" lon="14.586107">
				<ele>287.000000</ele>
			</trkpt>
			<trkpt lat="50.736094" lon="14.585936">
				<ele>287.000000</ele>
			</trkpt>
			<trkpt lat="50.736021" lon="14.585828">
				<ele>286.000000</ele>
			</trkpt>
			<trkpt lat="50.735941" lon="14.585756">
				<ele>286.000000</ele>
			</trkpt>
			<trkpt lat="50.735862" lon="14.585702">
				<ele>286.000000</ele>
			</trkpt>
			<trkpt lat="50.735771" lon="14.585658">
				<ele>287.000000</ele>
			</trkpt>
			<trkpt lat="50.735679" lon="14.585631">
				<ele>287.000000</ele>
			</trkpt>
			<trkpt lat="50.735617" lon="14.585586">
				<ele>287.000000</ele>
			</trkpt>
			<trkpt lat="50.735571" lon="14.585550">
				<ele>287.000000</ele>
			</trkpt>
			<trkpt lat="50.735526" lon="14.585478">
				<ele>287.000000</ele>
			</trkpt>
			<trkpt lat="50.735492" lon="14.585415">
				<ele>287.000000</ele>
			</trkpt>
			<trkpt lat="50.735447" lon="14.585316">
				<ele>287.000000</ele>
			</trkpt>
			<trkpt lat="50.735298" lon="14.584894">
				<ele>285.000000</ele>
			</trkpt>
			<trkpt lat="50.735264" lon="14.584769">
				<ele>285.000000</ele>
			</trkpt>
			<trkpt lat="50.735236" lon="14.584643">
				<ele>284.000000</ele>
			</trkpt>
			<trkpt lat="50.735236" lon="14.584517">
				<ele>284.000000</ele>
			</trkpt>
			<trkpt lat="50.735241" lon="14.584391">
				<ele>284.000000</ele>
			</trkpt>
			<trkpt lat="50.735020" lon="14.584293">
				<ele>283.000000</ele>
			</trkpt>
			<trkpt lat="50.734787" lon="14.584176">
				<ele>283.000000</ele>
			</trkpt>
			<trkpt lat="50.734702" lon="14.584140">
				<ele>283.000000</ele>
			</trkpt>
			<trkpt lat="50.734639" lon="14.584121">
				<ele>283.000000</ele>
			</trkpt>
			<trkpt lat="50.734588" lon="14.584113">
				<ele>284.000000</ele>
			</trkpt>
			<trkpt lat="50.734542" lon="14.584094">
				<ele>284.000000</ele>
			</trkpt>
			<trkpt lat="50.734514" lon="14.584050">
				<ele>285.000000</ele>
			</trkpt>
			<trkpt lat="50.734486" lon="14.583997">
				<ele>285.000000</ele>
			</trkpt>
			<trkpt lat="50.734378" lon="14.583744">
				<ele>285.000000</ele>
			</trkpt>
			<trkpt lat="50.734326" lon="14.583655">
				<ele>285.000000</ele>
			</trkpt>
			<trkpt lat="50.734287" lon="14.583601">
				<ele>285.000000</ele>
			</trkpt>
			<trkpt lat="50.733809" lon="14.583349">
				<ele>294.000000</ele>
			</trkpt>
			<trkpt lat="50.733587" lon="14.583223">
				<ele>298.000000</ele>
			</trkpt>
			<trkpt lat="50.733388" lon="14.583115">
				<ele>303.000000</ele>
			</trkpt>
			<trkpt lat="50.733326" lon="14.583098">
				<ele>305.000000</ele>
			</trkpt>
			<trkpt lat="50.733252" lon="14.583089">
				<ele>308.000000</ele>
			</trkpt>
			<trkpt lat="50.733189" lon="14.583089">
				<ele>310.000000</ele>
			</trkpt>
			<trkpt lat="50.733110" lon="14.583106">
				<ele>312.000000</ele>
			</trkpt>
			<trkpt lat="50.732894" lon="14.583089">
				<ele>320.000000</ele>
			</trkpt>
			<trkpt lat="50.732854" lon="14.583062">
				<ele>321.000000</ele>
			</trkpt>
			<trkpt lat="50.732831" lon="14.583016">
				<ele>321.000000</ele>
			</trkpt>
			<trkpt lat="50.732791" lon="14.582836">
				<ele>322.000000</ele>
			</trkpt>
			<trkpt lat="50.732734" lon="14.582540">
				<ele>326.000000</ele>
			</trkpt>
			<trkpt lat="50.732700" lon="14.582379">
				<ele>325.000000</ele>
			</trkpt>
			<trkpt lat="50.732695" lon="14.582370">
				<ele>325.000000</ele>
			</trkpt>
			<trkpt lat="50.732695" lon="14.582370">
				<ele>325.000000</ele>
			</trkpt>
			<trkpt lat="50.732700" lon="14.582379">
				<ele>325.000000</ele>
			</trkpt>
			<trkpt lat="50.732638" lon="14.582613">
				<ele>328.000000</ele>
			</trkpt>
			<trkpt lat="50.732621" lon="14.582666">
				<ele>328.000000</ele>
			</trkpt>
			<trkpt lat="50.732569" lon="14.582865">
				<ele>331.000000</ele>
			</trkpt>
			<trkpt lat="50.732530" lon="14.583062">
				<ele>336.000000</ele>
			</trkpt>
			<trkpt lat="50.732496" lon="14.583251">
				<ele>340.000000</ele>
			</trkpt>
			<trkpt lat="50.732473" lon="14.583492">
				<ele>344.000000</ele>
			</trkpt>
			<trkpt lat="50.732496" lon="14.583592">
				<ele>345.000000</ele>
			</trkpt>
			<trkpt lat="50.732564" lon="14.583771">
				<ele>349.000000</ele>
			</trkpt>
			<trkpt lat="50.732626" lon="14.583915">
				<ele>351.000000</ele>
			</trkpt>
			<trkpt lat="50.732706" lon="14.583997">
				<ele>352.000000</ele>
			</trkpt>
			<trkpt lat="50.732814" lon="14.584050">
				<ele>353.000000</ele>
			</trkpt>
			<trkpt lat="50.732996" lon="14.584113">
				<ele>353.000000</ele>
			</trkpt>
			<trkpt lat="50.733047" lon="14.584140">
				<ele>354.000000</ele>
			</trkpt>
			<trkpt lat="50.733149" lon="14.584211">
				<ele>355.000000</ele>
			</trkpt>
			<trkpt lat="50.733280" lon="14.584337">
				<ele>357.000000</ele>
			</trkpt>
			<trkpt lat="50.733326" lon="14.584391">
				<ele>358.000000</ele>
			</trkpt>
			<trkpt lat="50.733354" lon="14.584473">
				<ele>358.000000</ele>
			</trkpt>
			<trkpt lat="50.733371" lon="14.584571">
				<ele>359.000000</ele>
			</trkpt>
			<trkpt lat="50.733383" lon="14.584723">
				<ele>360.000000</ele>
			</trkpt>
			<trkpt lat="50.733383" lon="14.584723">
				<ele>360.000000</ele>
			</trkpt>
			<trkpt lat="50.733383" lon="14.584733">
				<ele>360.000000</ele>
			</trkpt>
			<trkpt lat="50.733269" lon="14.584742">
				<ele>361.000000</ele>
			</trkpt>
			<trkpt lat="50.733161" lon="14.584786">
				<ele>361.000000</ele>
			</trkpt>
			<trkpt lat="50.733070" lon="14.584859">
				<ele>361.000000</ele>
			</trkpt>
			<trkpt lat="50.732962" lon="14.584957">
				<ele>362.000000</ele>
			</trkpt>
			<trkpt lat="50.732592" lon="14.585308">
				<ele>359.000000</ele>
			</trkpt>
			<trkpt lat="50.732433" lon="14.585460">
				<ele>357.000000</ele>
			</trkpt>
			<trkpt lat="50.732280" lon="14.585622">
				<ele>356.000000</ele>
			</trkpt>
			<trkpt lat="50.732154" lon="14.585694">
				<ele>355.000000</ele>
			</trkpt>
			<trkpt lat="50.731716" lon="14.586547">
				<ele>352.000000</ele>
			</trkpt>
			<trkpt lat="50.731608" lon="14.586924">
				<ele>357.000000</ele>
			</trkpt>
			<trkpt lat="50.731546" lon="14.587184">
				<ele>362.000000</ele>
			</trkpt>
			<trkpt lat="50.731449" lon="14.587553">
				<ele>374.000000</ele>
			</trkpt>
			<trkpt lat="50.731415" lon="14.587652">
				<ele>377.000000</ele>
			</trkpt>
			<trkpt lat="50.731364" lon="14.587769">
				<ele>380.000000</ele>
			</trkpt>
			<trkpt lat="50.731120" lon="14.588146">
				<ele>393.000000</ele>
			</trkpt>
			<trkpt lat="50.731012" lon="14.588352">
				<ele>399.000000</ele>
			</trkpt>
			<trkpt lat="50.730926" lon="14.588505">
				<ele>401.000000</ele>
			</trkpt>
			<trkpt lat="50.731177" lon="14.588712">
				<ele>403.000000</ele>
			</trkpt>
			<trkpt lat="50.731273" lon="14.588811">
				<ele>403.000000</ele>
			</trkpt>
			<trkpt lat="50.731364" lon="14.588910">
				<ele>404.000000</ele>
			</trkpt>
			<trkpt lat="50.731438" lon="14.589027">
				<ele>405.000000</ele>
			</trkpt>
			<trkpt lat="50.731518" lon="14.589134">
				<ele>406.000000</ele>
			</trkpt>
			<trkpt lat="50.731671" lon="14.589431">
				<ele>408.000000</ele>
			</trkpt>
			<trkpt lat="50.731449" lon="14.591918">
				<ele>422.000000</ele>
			</trkpt>
			<trkpt lat="50.731421" lon="14.592323">
				<ele>425.000000</ele>
			</trkpt>
			<trkpt lat="50.731387" lon="14.592700">
				<ele>430.000000</ele>
			</trkpt>
			<trkpt lat="50.731353" lon="14.593276">
				<ele>433.000000</ele>
			</trkpt>
			<trkpt lat="50.731347" lon="14.593769">
				<ele>434.000000</ele>
			</trkpt>
			<trkpt lat="50.731342" lon="14.594182">
				<ele>437.000000</ele>
			</trkpt>
			<trkpt lat="50.731330" lon="14.594281">
				<ele>438.000000</ele>
			</trkpt>
			<trkpt lat="50.731307" lon="14.594542">
				<ele>440.000000</ele>
			</trkpt>
			<trkpt lat="50.731324" lon="14.594721">
				<ele>441.000000</ele>
			</trkpt>
			<trkpt lat="50.731313" lon="14.594937">
				<ele>442.000000</ele>
			</trkpt>
			<trkpt lat="50.731296" lon="14.595252">
				<ele>445.000000</ele>
			</trkpt>
			<trkpt lat="50.731256" lon="14.595584">
				<ele>446.000000</ele>
			</trkpt>
			<trkpt lat="50.731205" lon="14.596142">
				<ele>450.000000</ele>
			</trkpt>
			<trkpt lat="50.731182" lon="14.596294">
				<ele>452.000000</ele>
			</trkpt>
			<trkpt lat="50.731148" lon="14.596384">
				<ele>452.000000</ele>
			</trkpt>
			<trkpt lat="50.731108" lon="14.596851">
				<ele>456.000000</ele>
			</trkpt>
			<trkpt lat="50.731097" lon="14.597337">
				<ele>461.000000</ele>
			</trkpt>
			<trkpt lat="50.731108" lon="14.597974">
				<ele>463.000000</ele>
			</trkpt>
			<trkpt lat="50.731103" lon="14.598136">
				<ele>462.000000</ele>
			</trkpt>
			<trkpt lat="50.731074" lon="14.598297">
				<ele>461.000000</ele>
			</trkpt>
			<trkpt lat="50.731028" lon="14.598495">
				<ele>460.000000</ele>
			</trkpt>
			<trkpt lat="50.730705" lon="14.599690">
				<ele>472.000000</ele>
			</trkpt>
			<trkpt lat="50.730505" lon="14.600310">
				<ele>487.000000</ele>
			</trkpt>
			<trkpt lat="50.730460" lon="14.600480">
				<ele>492.000000</ele>
			</trkpt>
			<trkpt lat="50.730443" lon="14.600624">
				<ele>495.000000</ele>
			</trkpt>
			<trkpt lat="50.730443" lon="14.600750">
				<ele>498.000000</ele>
			</trkpt>
			<trkpt lat="50.730483" lon="14.600884">
				<ele>499.000000</ele>
			</trkpt>
			<trkpt lat="50.730546" lon="14.601090">
				<ele>499.000000</ele>
			</trkpt>
			<trkpt lat="50.730574" lon="14.601216">
				<ele>499.000000</ele>
			</trkpt>
			<trkpt lat="50.730579" lon="14.601333">
				<ele>500.000000</ele>
			</trkpt>
			<trkpt lat="50.730574" lon="14.601476">
				<ele>502.000000</ele>
			</trkpt>
			<trkpt lat="50.730528" lon="14.601872">
				<ele>507.000000</ele>
			</trkpt>
			<trkpt lat="50.730511" lon="14.602268">
				<ele>511.000000</ele>
			</trkpt>
			<trkpt lat="50.730505" lon="14.602250">
				<ele>511.000000</ele>
			</trkpt>
			<trkpt lat="50.730340" lon="14.602241">
				<ele>522.000000</ele>
			</trkpt>
			<trkpt lat="50.730187" lon="14.602169">
				<ele>527.000000</ele>
			</trkpt>
			<trkpt lat="50.730108" lon="14.602132">
				<ele>529.000000</ele>
			</trkpt>
			<trkpt lat="50.730051" lon="14.602132">
				<ele>528.000000</ele>
			</trkpt>
			<trkpt lat="50.730051" lon="14.602132">
				<ele>528.000000</ele>
			</trkpt>
			<trkpt lat="50.730108" lon="14.602132">
				<ele>529.000000</ele>
			</trkpt>
			<trkpt lat="50.730187" lon="14.602169">
				<ele>527.000000</ele>
			</trkpt>
			<trkpt lat="50.730340" lon="14.602241">
				<ele>522.000000</ele>
			</trkpt>
			<trkpt lat="50.730505" lon="14.602250">
				<ele>511.000000</ele>
			</trkpt>
			<trkpt lat="50.730511" lon="14.602268">
				<ele>511.000000</ele>
			</trkpt>
			<trkpt lat="50.730505" lon="14.602321">
				<ele>512.000000</ele>
			</trkpt>
			<trkpt lat="50.730494" lon="14.602367">
				<ele>513.000000</ele>
			</trkpt>
			<trkpt lat="50.730466" lon="14.602411">
				<ele>515.000000</ele>
			</trkpt>
			<trkpt lat="50.730432" lon="14.602438">
				<ele>517.000000</ele>
			</trkpt>
			<trkpt lat="50.730324" lon="14.602484">
				<ele>522.000000</ele>
			</trkpt>
			<trkpt lat="50.730261" lon="14.602537">
				<ele>524.000000</ele>
			</trkpt>
			<trkpt lat="50.730090" lon="14.602734">
				<ele>525.000000</ele>
			</trkpt>
			<trkpt lat="50.729920" lon="14.603013">
				<ele>519.000000</ele>
			</trkpt>
			<trkpt lat="50.729914" lon="14.603023">
				<ele>519.000000</ele>
			</trkpt>
			<trkpt lat="50.729732" lon="14.603363">
				<ele>510.000000</ele>
			</trkpt>
			<trkpt lat="50.729590" lon="14.603650">
				<ele>500.000000</ele>
			</trkpt>
			<trkpt lat="50.729465" lon="14.603920">
				<ele>494.000000</ele>
			</trkpt>
			<trkpt lat="50.729334" lon="14.604262">
				<ele>488.000000</ele>
			</trkpt>
			<trkpt lat="50.729278" lon="14.604379">
				<ele>486.000000</ele>
			</trkpt>
			<trkpt lat="50.729226" lon="14.604459">
				<ele>485.000000</ele>
			</trkpt>
			<trkpt lat="50.729152" lon="14.604549">
				<ele>483.000000</ele>
			</trkpt>
			<trkpt lat="50.729044" lon="14.604648">
				<ele>481.000000</ele>
			</trkpt>
			<trkpt lat="50.728765" lon="14.604872">
				<ele>476.000000</ele>
			</trkpt>
			<trkpt lat="50.728561" lon="14.605044">
				<ele>475.000000</ele>
			</trkpt>
			<trkpt lat="50.728464" lon="14.605187">
				<ele>476.000000</ele>
			</trkpt>
			<trkpt lat="50.728407" lon="14.605250">
				<ele>477.000000</ele>
			</trkpt>
			<trkpt lat="50.728356" lon="14.605287">
				<ele>478.000000</ele>
			</trkpt>
			<trkpt lat="50.728231" lon="14.605348">
				<ele>480.000000</ele>
			</trkpt>
			<trkpt lat="50.728032" lon="14.605403">
				<ele>481.000000</ele>
			</trkpt>
			<trkpt lat="50.727799" lon="14.605474">
				<ele>477.000000</ele>
			</trkpt>
			<trkpt lat="50.727617" lon="14.605556">
				<ele>474.000000</ele>
			</trkpt>
			<trkpt lat="50.727566" lon="14.605438">
				<ele>474.000000</ele>
			</trkpt>
			<trkpt lat="50.727509" lon="14.605340">
				<ele>472.000000</ele>
			</trkpt>
			<trkpt lat="50.727373" lon="14.605161">
				<ele>467.000000</ele>
			</trkpt>
			<trkpt lat="50.727213" lon="14.604990">
				<ele>461.000000</ele>
			</trkpt>
			<trkpt lat="50.726969" lon="14.604792">
				<ele>453.000000</ele>
			</trkpt>
			<trkpt lat="50.726719" lon="14.604549">
				<ele>442.000000</ele>
			</trkpt>
			<trkpt lat="50.726542" lon="14.604388">
				<ele>432.000000</ele>
			</trkpt>
			<trkpt lat="50.726491" lon="14.604316">
				<ele>429.000000</ele>
			</trkpt>
			<trkpt lat="50.726445" lon="14.604226">
				<ele>427.000000</ele>
			</trkpt>
			<trkpt lat="50.726445" lon="14.604226">
				<ele>427.000000</ele>
			</trkpt>
			<trkpt lat="50.726445" lon="14.604226">
				<ele>427.000000</ele>
			</trkpt>
			<trkpt lat="50.726633" lon="14.603713">
				<ele>421.000000</ele>
			</trkpt>
			<trkpt lat="50.726701" lon="14.603480">
				<ele>418.000000</ele>
			</trkpt>
			<trkpt lat="50.726758" lon="14.603264">
				<ele>414.000000</ele>
			</trkpt>
			<trkpt lat="50.726809" lon="14.603004">
				<ele>412.000000</ele>
			</trkpt>
			<trkpt lat="50.726855" lon="14.602734">
				<ele>411.000000</ele>
			</trkpt>
			<trkpt lat="50.726889" lon="14.602438">
				<ele>409.000000</ele>
			</trkpt>
			<trkpt lat="50.726917" lon="14.602097">
				<ele>406.000000</ele>
			</trkpt>
			<trkpt lat="50.726974" lon="14.601432">
				<ele>399.000000</ele>
			</trkpt>
			<trkpt lat="50.727071" lon="14.600669">
				<ele>391.000000</ele>
			</trkpt>
			<trkpt lat="50.727100" lon="14.600408">
				<ele>389.000000</ele>
			</trkpt>
			<trkpt lat="50.727088" lon="14.600184">
				<ele>389.000000</ele>
			</trkpt>
			<trkpt lat="50.727059" lon="14.599977">
				<ele>387.000000</ele>
			</trkpt>
			<trkpt lat="50.727008" lon="14.599734">
				<ele>386.000000</ele>
			</trkpt>
			<trkpt lat="50.726832" lon="14.599249">
				<ele>382.000000</ele>
			</trkpt>
			<trkpt lat="50.726667" lon="14.598675">
				<ele>377.000000</ele>
			</trkpt>
			<trkpt lat="50.726314" lon="14.597345">
				<ele>370.000000</ele>
			</trkpt>
			<trkpt lat="50.726269" lon="14.597174">
				<ele>370.000000</ele>
			</trkpt>
			<trkpt lat="50.726252" lon="14.597048">
				<ele>370.000000</ele>
			</trkpt>
			<trkpt lat="50.726252" lon="14.596878">
				<ele>370.000000</ele>
			</trkpt>
			<trkpt lat="50.726275" lon="14.596626">
				<ele>369.000000</ele>
			</trkpt>
			<trkpt lat="50.726184" lon="14.596653">
				<ele>370.000000</ele>
			</trkpt>
			<trkpt lat="50.726087" lon="14.596671">
				<ele>370.000000</ele>
			</trkpt>
			<trkpt lat="50.725951" lon="14.596708">
				<ele>370.000000</ele>
			</trkpt>
			<trkpt lat="50.725837" lon="14.596771">
				<ele>371.000000</ele>
			</trkpt>
			<trkpt lat="50.725729" lon="14.596851">
				<ele>372.000000</ele>
			</trkpt>
			<trkpt lat="50.725592" lon="14.596995">
				<ele>373.000000</ele>
			</trkpt>
			<trkpt lat="50.725371" lon="14.597255">
				<ele>374.000000</ele>
			</trkpt>
			<trkpt lat="50.725172" lon="14.597497">
				<ele>374.000000</ele>
			</trkpt>
			<trkpt lat="50.724643" lon="14.598234">
				<ele>374.000000</ele>
			</trkpt>
			<trkpt lat="50.724427" lon="14.598513">
				<ele>372.000000</ele>
			</trkpt>
			<trkpt lat="50.724222" lon="14.598719">
				<ele>371.000000</ele>
			</trkpt>
			<trkpt lat="50.724080" lon="14.598855">
				<ele>371.000000</ele>
			</trkpt>
			<trkpt lat="50.723927" lon="14.598926">
				<ele>371.000000</ele>
			</trkpt>
			<trkpt lat="50.723773" lon="14.598971">
				<ele>372.000000</ele>
			</trkpt>
			<trkpt lat="50.723568" lon="14.598998">
				<ele>373.000000</ele>
			</trkpt>
			<trkpt lat="50.723215" lon="14.598998">
				<ele>374.000000</ele>
			</trkpt>
			<trkpt lat="50.722715" lon="14.598979">
				<ele>374.000000</ele>
			</trkpt>
			<trkpt lat="50.721987" lon="14.598979">
				<ele>373.000000</ele>
			</trkpt>
			<trkpt lat="50.721555" lon="14.598971">
				<ele>372.000000</ele>
			</trkpt>
			<trkpt lat="50.721259" lon="14.598971">
				<ele>372.000000</ele>
			</trkpt>
			<trkpt lat="50.720395" lon="14.598944">
				<ele>370.000000</ele>
			</trkpt>
			<trkpt lat="50.720139" lon="14.598916">
				<ele>369.000000</ele>
			</trkpt>
			<trkpt lat="50.719900" lon="14.598863">
				<ele>368.000000</ele>
			</trkpt>
			<trkpt lat="50.719689" lon="14.598773">
				<ele>366.000000</ele>
			</trkpt>
			<trkpt lat="50.719598" lon="14.598765">
				<ele>364.000000</ele>
			</trkpt>
			<trkpt lat="50.719513" lon="14.598765">
				<ele>364.000000</ele>
			</trkpt>
			<trkpt lat="50.719422" lon="14.598782">
				<ele>363.000000</ele>
			</trkpt>
			<trkpt lat="50.719422" lon="14.598836">
				<ele>363.000000</ele>
			</trkpt>
			<trkpt lat="50.719422" lon="14.598836">
				<ele>363.000000</ele>
			</trkpt>
			<trkpt lat="50.719422" lon="14.598782">
				<ele>363.000000</ele>
			</trkpt>
			<trkpt lat="50.719331" lon="14.598855">
				<ele>363.000000</ele>
			</trkpt>
			<trkpt lat="50.719223" lon="14.598953">
				<ele>363.000000</ele>
			</trkpt>
			<trkpt lat="50.719115" lon="14.599079">
				<ele>362.000000</ele>
			</trkpt>
			<trkpt lat="50.719001" lon="14.599249">
				<ele>362.000000</ele>
			</trkpt>
			<trkpt lat="50.718938" lon="14.599392">
				<ele>361.000000</ele>
			</trkpt>
			<trkpt lat="50.718830" lon="14.599635">
				<ele>361.000000</ele>
			</trkpt>
			<trkpt lat="50.718706" lon="14.599914">
				<ele>359.000000</ele>
			</trkpt>
			<trkpt lat="50.718529" lon="14.600228">
				<ele>359.000000</ele>
			</trkpt>
			<trkpt lat="50.718342" lon="14.600587">
				<ele>358.000000</ele>
			</trkpt>
			<trkpt lat="50.718188" lon="14.600929">
				<ele>357.000000</ele>
			</trkpt>
			<trkpt lat="50.718028" lon="14.601316">
				<ele>356.000000</ele>
			</trkpt>
			<trkpt lat="50.717886" lon="14.601585">
				<ele>355.000000</ele>
			</trkpt>
			<trkpt lat="50.717170" lon="14.600677">
				<ele>345.000000</ele>
			</trkpt>
			<trkpt lat="50.716709" lon="14.600121">
				<ele>338.000000</ele>
			</trkpt>
			<trkpt lat="50.716476" lon="14.599824">
				<ele>336.000000</ele>
			</trkpt>
			<trkpt lat="50.716357" lon="14.599698">
				<ele>335.000000</ele>
			</trkpt>
			<trkpt lat="50.716277" lon="14.599645">
				<ele>335.000000</ele>
			</trkpt>
			<trkpt lat="50.716180" lon="14.599608">
				<ele>334.000000</ele>
			</trkpt>
			<trkpt lat="50.716061" lon="14.599618">
				<ele>334.000000</ele>
			</trkpt>
			<trkpt lat="50.715941" lon="14.599645">
				<ele>333.000000</ele>
			</trkpt>
			<trkpt lat="50.715720" lon="14.599717">
				<ele>333.000000</ele>
			</trkpt>
			<trkpt lat="50.715469" lon="14.599807">
				<ele>333.000000</ele>
			</trkpt>
			<trkpt lat="50.715378" lon="14.599815">
				<ele>332.000000</ele>
			</trkpt>
			<trkpt lat="50.715299" lon="14.599815">
				<ele>332.000000</ele>
			</trkpt>
			<trkpt lat="50.715219" lon="14.599807">
				<ele>332.000000</ele>
			</trkpt>
			<trkpt lat="50.715145" lon="14.599780">
				<ele>331.000000</ele>
			</trkpt>
			<trkpt lat="50.715054" lon="14.599725">
				<ele>331.000000</ele>
			</trkpt>
			<trkpt lat="50.714980" lon="14.599662">
				<ele>330.000000</ele>
			</trkpt>
			<trkpt lat="50.714781" lon="14.599482">
				<ele>329.000000</ele>
			</trkpt>
			<trkpt lat="50.714593" lon="14.599375">
				<ele>327.000000</ele>
			</trkpt>
			<trkpt lat="50.714394" lon="14.599276">
				<ele>325.000000</ele>
			</trkpt>
			<trkpt lat="50.714303" lon="14.599222">
				<ele>323.000000</ele>
			</trkpt>
			<trkpt lat="50.714195" lon="14.599132">
				<ele>322.000000</ele>
			</trkpt>
			<trkpt lat="50.714098" lon="14.599006">
				<ele>321.000000</ele>
			</trkpt>
			<trkpt lat="50.713961" lon="14.598836">
				<ele>319.000000</ele>
			</trkpt>
			<trkpt lat="50.713911" lon="14.598800">
				<ele>318.000000</ele>
			</trkpt>
			<trkpt lat="50.713837" lon="14.598773">
				<ele>318.000000</ele>
			</trkpt>
			<trkpt lat="50.713592" lon="14.598675">
				<ele>315.000000</ele>
			</trkpt>
			<trkpt lat="50.713467" lon="14.598620">
				<ele>313.000000</ele>
			</trkpt>
			<trkpt lat="50.713359" lon="14.598549">
				<ele>312.000000</ele>
			</trkpt>
			<trkpt lat="50.713268" lon="14.598476">
				<ele>311.000000</ele>
			</trkpt>
			<trkpt lat="50.713171" lon="14.598396">
				<ele>310.000000</ele>
			</trkpt>
			<trkpt lat="50.713006" lon="14.598226">
				<ele>308.000000</ele>
			</trkpt>
			<trkpt lat="50.712927" lon="14.598153">
				<ele>307.000000</ele>
			</trkpt>
			<trkpt lat="50.712500" lon="14.597830">
				<ele>303.000000</ele>
			</trkpt>
			<trkpt lat="50.712352" lon="14.597731">
				<ele>301.000000</ele>
			</trkpt>
			<trkpt lat="50.712187" lon="14.597633">
				<ele>300.000000</ele>
			</trkpt>
			<trkpt lat="50.711982" lon="14.597524">
				<ele>299.000000</ele>
			</trkpt>
			<trkpt lat="50.711874" lon="14.597497">
				<ele>298.000000</ele>
			</trkpt>
			<trkpt lat="50.711784" lon="14.597480">
				<ele>298.000000</ele>
			</trkpt>
			<trkpt lat="50.711197" lon="14.597417">
				<ele>295.000000</ele>
			</trkpt>
			<trkpt lat="50.710799" lon="14.597381">
				<ele>293.000000</ele>
			</trkpt>
			<trkpt lat="50.710332" lon="14.597354">
				<ele>291.000000</ele>
			</trkpt>
			<trkpt lat="50.710270" lon="14.597371">
				<ele>291.000000</ele>
			</trkpt>
			<trkpt lat="50.710225" lon="14.597371">
				<ele>291.000000</ele>
			</trkpt>
			<trkpt lat="50.710100" lon="14.597444">
				<ele>290.000000</ele>
			</trkpt>
			<trkpt lat="50.709860" lon="14.597597">
				<ele>287.000000</ele>
			</trkpt>
			<trkpt lat="50.709713" lon="14.597695">
				<ele>286.000000</ele>
			</trkpt>
			<trkpt lat="50.709428" lon="14.597884">
				<ele>288.000000</ele>
			</trkpt>
			<trkpt lat="50.709286" lon="14.598000">
				<ele>289.000000</ele>
			</trkpt>
			<trkpt lat="50.709166" lon="14.598073">
				<ele>290.000000</ele>
			</trkpt>
			<trkpt lat="50.709104" lon="14.598144">
				<ele>291.000000</ele>
			</trkpt>
			<trkpt lat="50.709042" lon="14.598216">
				<ele>292.000000</ele>
			</trkpt>
			<trkpt lat="50.708979" lon="14.598316">
				<ele>292.000000</ele>
			</trkpt>
			<trkpt lat="50.708791" lon="14.598683">
				<ele>294.000000</ele>
			</trkpt>
			<trkpt lat="50.708700" lon="14.598845">
				<ele>294.000000</ele>
			</trkpt>
			<trkpt lat="50.708603" lon="14.598979">
				<ele>295.000000</ele>
			</trkpt>
			<trkpt lat="50.708467" lon="14.599115">
				<ele>296.000000</ele>
			</trkpt>
			<trkpt lat="50.708103" lon="14.599411">
				<ele>297.000000</ele>
			</trkpt>
			<trkpt lat="50.707984" lon="14.599501">
				<ele>297.000000</ele>
			</trkpt>
			<trkpt lat="50.707858" lon="14.599572">
				<ele>297.000000</ele>
			</trkpt>
			<trkpt lat="50.707767" lon="14.599600">
				<ele>297.000000</ele>
			</trkpt>
			<trkpt lat="50.707699" lon="14.599618">
				<ele>296.000000</ele>
			</trkpt>
			<trkpt lat="50.707619" lon="14.599600">
				<ele>296.000000</ele>
			</trkpt>
			<trkpt lat="50.707545" lon="14.599591">
				<ele>296.000000</ele>
			</trkpt>
			<trkpt lat="50.707483" lon="14.599545">
				<ele>296.000000</ele>
			</trkpt>
			<trkpt lat="50.707426" lon="14.599492">
				<ele>296.000000</ele>
			</trkpt>
			<trkpt lat="50.707363" lon="14.599421">
				<ele>295.000000</ele>
			</trkpt>
			<trkpt lat="50.707301" lon="14.599321">
				<ele>295.000000</ele>
			</trkpt>
			<trkpt lat="50.707045" lon="14.598855">
				<ele>294.000000</ele>
			</trkpt>
			<trkpt lat="50.706880" lon="14.599455">
				<ele>295.000000</ele>
			</trkpt>
			<trkpt lat="50.706738" lon="14.599923">
				<ele>295.000000</ele>
			</trkpt>
			<trkpt lat="50.706504" lon="14.600759">
				<ele>296.000000</ele>
			</trkpt>
			<trkpt lat="50.706390" lon="14.601145">
				<ele>297.000000</ele>
			</trkpt>
			<trkpt lat="50.706237" lon="14.601585">
				<ele>298.000000</ele>
			</trkpt>
			<trkpt lat="50.706044" lon="14.602052">
				<ele>299.000000</ele>
			</trkpt>
			<trkpt lat="50.705861" lon="14.602421">
				<ele>301.000000</ele>
			</trkpt>
			<trkpt lat="50.705822" lon="14.602537">
				<ele>301.000000</ele>
			</trkpt>
			<trkpt lat="50.705781" lon="14.602663">
				<ele>301.000000</ele>
			</trkpt>
			<trkpt lat="50.705634" lon="14.602906">
				<ele>301.000000</ele>
			</trkpt>
			<trkpt lat="50.705515" lon="14.603130">
				<ele>301.000000</ele>
			</trkpt>
			<trkpt lat="50.705452" lon="14.603247">
				<ele>301.000000</ele>
			</trkpt>
			<trkpt lat="50.705401" lon="14.603373">
				<ele>301.000000</ele>
			</trkpt>
			<trkpt lat="50.705366" lon="14.603516">
				<ele>301.000000</ele>
			</trkpt>
			<trkpt lat="50.705309" lon="14.603713">
				<ele>301.000000</ele>
			</trkpt>
			<trkpt lat="50.705150" lon="14.604405">
				<ele>300.000000</ele>
			</trkpt>
			<trkpt lat="50.705042" lon="14.605008">
				<ele>297.000000</ele>
			</trkpt>
			<trkpt lat="50.705002" lon="14.605134">
				<ele>297.000000</ele>
			</trkpt>
			<trkpt lat="50.704928" lon="14.605250">
				<ele>296.000000</ele>
			</trkpt>
			<trkpt lat="50.704883" lon="14.605277">
				<ele>296.000000</ele>
			</trkpt>
			<trkpt lat="50.704849" lon="14.605304">
				<ele>296.000000</ele>
			</trkpt>
			<trkpt lat="50.704803" lon="14.605304">
				<ele>296.000000</ele>
			</trkpt>
			<trkpt lat="50.704741" lon="14.605304">
				<ele>297.000000</ele>
			</trkpt>
			<trkpt lat="50.704542" lon="14.605224">
				<ele>297.000000</ele>
			</trkpt>
			<trkpt lat="50.704496" lon="14.605224">
				<ele>297.000000</ele>
			</trkpt>
			<trkpt lat="50.704445" lon="14.605232">
				<ele>296.000000</ele>
			</trkpt>
			<trkpt lat="50.704308" lon="14.605268">
				<ele>296.000000</ele>
			</trkpt>
			<trkpt lat="50.704228" lon="14.605295">
				<ele>296.000000</ele>
			</trkpt>
			<trkpt lat="50.704200" lon="14.605321">
				<ele>296.000000</ele>
			</trkpt>
			<trkpt lat="50.704183" lon="14.605376">
				<ele>296.000000</ele>
			</trkpt>
			<trkpt lat="50.704183" lon="14.605448">
				<ele>296.000000</ele>
			</trkpt>
			<trkpt lat="50.704194" lon="14.605537">
				<ele>296.000000</ele>
			</trkpt>
			<trkpt lat="50.704240" lon="14.605763">
				<ele>296.000000</ele>
			</trkpt>
			<trkpt lat="50.704274" lon="14.605879">
				<ele>295.000000</ele>
			</trkpt>
			<trkpt lat="50.704308" lon="14.605933">
				<ele>294.000000</ele>
			</trkpt>
			<trkpt lat="50.704348" lon="14.605977">
				<ele>294.000000</ele>
			</trkpt>
			<trkpt lat="50.704393" lon="14.605987">
				<ele>293.000000</ele>
			</trkpt>
			<trkpt lat="50.704445" lon="14.605987">
				<ele>293.000000</ele>
			</trkpt>
			<trkpt lat="50.704741" lon="14.605996">
				<ele>289.000000</ele>
			</trkpt>
			<trkpt lat="50.704888" lon="14.606013">
				<ele>289.000000</ele>
			</trkpt>
			<trkpt lat="50.705042" lon="14.606067">
				<ele>288.000000</ele>
			</trkpt>
			<trkpt lat="50.705190" lon="14.606149">
				<ele>287.000000</ele>
			</trkpt>
			<trkpt lat="50.705293" lon="14.606300">
				<ele>286.000000</ele>
			</trkpt>
			<trkpt lat="50.705372" lon="14.606463">
				<ele>286.000000</ele>
			</trkpt>
			<trkpt lat="50.705429" lon="14.606616">
				<ele>286.000000</ele>
			</trkpt>
			<trkpt lat="50.705463" lon="14.606813">
				<ele>286.000000</ele>
			</trkpt>
			<trkpt lat="50.705520" lon="14.607182">
				<ele>288.000000</ele>
			</trkpt>
			<trkpt lat="50.705559" lon="14.607595">
				<ele>289.000000</ele>
			</trkpt>
			<trkpt lat="50.705559" lon="14.607694">
				<ele>290.000000</ele>
			</trkpt>
			<trkpt lat="50.705559" lon="14.607792">
				<ele>291.000000</ele>
			</trkpt>
			<trkpt lat="50.705543" lon="14.607891">
				<ele>293.000000</ele>
			</trkpt>
			<trkpt lat="50.705503" lon="14.608044">
				<ele>294.000000</ele>
			</trkpt>
			<trkpt lat="50.705321" lon="14.608709">
				<ele>298.000000</ele>
			</trkpt>
			<trkpt lat="50.705281" lon="14.608897">
				<ele>298.000000</ele>
			</trkpt>
			<trkpt lat="50.705247" lon="14.609095">
				<ele>298.000000</ele>
			</trkpt>
			<trkpt lat="50.705230" lon="14.609338">
				<ele>299.000000</ele>
			</trkpt>
			<trkpt lat="50.705224" lon="14.609634">
				<ele>300.000000</ele>
			</trkpt>
			<trkpt lat="50.705224" lon="14.609858">
				<ele>301.000000</ele>
			</trkpt>
			<trkpt lat="50.705258" lon="14.610074">
				<ele>302.000000</ele>
			</trkpt>
			<trkpt lat="50.705304" lon="14.610281">
				<ele>302.000000</ele>
			</trkpt>
			<trkpt lat="50.705412" lon="14.610694">
				<ele>305.000000</ele>
			</trkpt>
			<trkpt lat="50.705440" lon="14.610847">
				<ele>306.000000</ele>
			</trkpt>
			<trkpt lat="50.705469" lon="14.611036">
				<ele>307.000000</ele>
			</trkpt>
			<trkpt lat="50.705492" lon="14.611359">
				<ele>308.000000</ele>
			</trkpt>
			<trkpt lat="50.705497" lon="14.611484">
				<ele>308.000000</ele>
			</trkpt>
			<trkpt lat="50.705497" lon="14.611484">
				<ele>308.000000</ele>
			</trkpt>
			<trkpt lat="50.705497" lon="14.611484">
				<ele>309.000000</ele>
			</trkpt>
			<trkpt lat="50.705327" lon="14.611260">
				<ele>308.000000</ele>
			</trkpt>
			<trkpt lat="50.705218" lon="14.611080">
				<ele>307.000000</ele>
			</trkpt>
			<trkpt lat="50.705144" lon="14.610963">
				<ele>306.000000</ele>
			</trkpt>
			<trkpt lat="50.704991" lon="14.610757">
				<ele>305.000000</ele>
			</trkpt>
			<trkpt lat="50.704911" lon="14.610613">
				<ele>305.000000</ele>
			</trkpt>
			<trkpt lat="50.704792" lon="14.610298">
				<ele>304.000000</ele>
			</trkpt>
			<trkpt lat="50.704741" lon="14.610200">
				<ele>304.000000</ele>
			</trkpt>
			<trkpt lat="50.704700" lon="14.610145">
				<ele>304.000000</ele>
			</trkpt>
			<trkpt lat="50.704655" lon="14.610111">
				<ele>303.000000</ele>
			</trkpt>
			<trkpt lat="50.704610" lon="14.610074">
				<ele>303.000000</ele>
			</trkpt>
			<trkpt lat="50.704558" lon="14.610065">
				<ele>304.000000</ele>
			</trkpt>
			<trkpt lat="50.704377" lon="14.610082">
				<ele>304.000000</ele>
			</trkpt>
			<trkpt lat="50.704171" lon="14.610128">
				<ele>304.000000</ele>
			</trkpt>
			<trkpt lat="50.704092" lon="14.610254">
				<ele>304.000000</ele>
			</trkpt>
			<trkpt lat="50.704001" lon="14.610424">
				<ele>303.000000</ele>
			</trkpt>
			<trkpt lat="50.703921" lon="14.610577">
				<ele>302.000000</ele>
			</trkpt>
			<trkpt lat="50.703859" lon="14.610738">
				<ele>301.000000</ele>
			</trkpt>
			<trkpt lat="50.703734" lon="14.611090">
				<ele>299.000000</ele>
			</trkpt>
			<trkpt lat="50.703529" lon="14.611753">
				<ele>297.000000</ele>
			</trkpt>
			<trkpt lat="50.703466" lon="14.611960">
				<ele>295.000000</ele>
			</trkpt>
			<trkpt lat="50.703443" lon="14.612113">
				<ele>293.000000</ele>
			</trkpt>
			<trkpt lat="50.703426" lon="14.612292">
				<ele>292.000000</ele>
			</trkpt>
			<trkpt lat="50.703426" lon="14.612482">
				<ele>291.000000</ele>
			</trkpt>
			<trkpt lat="50.703466" lon="14.613587">
				<ele>292.000000</ele>
			</trkpt>
			<trkpt lat="50.703466" lon="14.614000">
				<ele>292.000000</ele>
			</trkpt>
			<trkpt lat="50.703466" lon="14.614099">
				<ele>292.000000</ele>
			</trkpt>
			<trkpt lat="50.703449" lon="14.614170">
				<ele>291.000000</ele>
			</trkpt>
			<trkpt lat="50.703409" lon="14.614233">
				<ele>291.000000</ele>
			</trkpt>
			<trkpt lat="50.703375" lon="14.614296">
				<ele>291.000000</ele>
			</trkpt>
			<trkpt lat="50.703324" lon="14.614323">
				<ele>290.000000</ele>
			</trkpt>
			<trkpt lat="50.703261" lon="14.614350">
				<ele>290.000000</ele>
			</trkpt>
			<trkpt lat="50.703170" lon="14.614369">
				<ele>290.000000</ele>
			</trkpt>
			<trkpt lat="50.703108" lon="14.614395">
				<ele>290.000000</ele>
			</trkpt>
			<trkpt lat="50.703051" lon="14.614449">
				<ele>290.000000</ele>
			</trkpt>
			<trkpt lat="50.702989" lon="14.614539">
				<ele>290.000000</ele>
			</trkpt>
			<trkpt lat="50.702829" lon="14.614826">
				<ele>290.000000</ele>
			</trkpt>
			<trkpt lat="50.702715" lon="14.615006">
				<ele>290.000000</ele>
			</trkpt>
			<trkpt lat="50.702596" lon="14.615168">
				<ele>290.000000</ele>
			</trkpt>
			<trkpt lat="50.702453" lon="14.615338">
				<ele>290.000000</ele>
			</trkpt>
			<trkpt lat="50.702300" lon="14.615535">
				<ele>290.000000</ele>
			</trkpt>
			<trkpt lat="50.701970" lon="14.615948">
				<ele>291.000000</ele>
			</trkpt>
			<trkpt lat="50.701873" lon="14.616093">
				<ele>292.000000</ele>
			</trkpt>
			<trkpt lat="50.701799" lon="14.616218">
				<ele>292.000000</ele>
			</trkpt>
			<trkpt lat="50.701748" lon="14.616371">
				<ele>293.000000</ele>
			</trkpt>
			<trkpt lat="50.701702" lon="14.616542">
				<ele>294.000000</ele>
			</trkpt>
			<trkpt lat="50.701509" lon="14.617638">
				<ele>297.000000</ele>
			</trkpt>
			<trkpt lat="50.701401" lon="14.618222">
				<ele>299.000000</ele>
			</trkpt>
			<trkpt lat="50.701395" lon="14.618330">
				<ele>299.000000</ele>
			</trkpt>
			<trkpt lat="50.701384" lon="14.618374">
				<ele>299.000000</ele>
			</trkpt>
			<trkpt lat="50.701367" lon="14.618428">
				<ele>300.000000</ele>
			</trkpt>
			<trkpt lat="50.701350" lon="14.618455">
				<ele>300.000000</ele>
			</trkpt>
			<trkpt lat="50.701310" lon="14.618474">
				<ele>300.000000</ele>
			</trkpt>
			<trkpt lat="50.701276" lon="14.618474">
				<ele>300.000000</ele>
			</trkpt>
			<trkpt lat="50.701133" lon="14.618447">
				<ele>302.000000</ele>
			</trkpt>
			<trkpt lat="50.701054" lon="14.618447">
				<ele>303.000000</ele>
			</trkpt>
			<trkpt lat="50.700980" lon="14.618474">
				<ele>305.000000</ele>
			</trkpt>
			<trkpt lat="50.700917" lon="14.618518">
				<ele>305.000000</ele>
			</trkpt>
			<trkpt lat="50.700855" lon="14.618581">
				<ele>306.000000</ele>
			</trkpt>
			<trkpt lat="50.700713" lon="14.618635">
				<ele>309.000000</ele>
			</trkpt>
			<trkpt lat="50.700530" lon="14.618707">
				<ele>312.000000</ele>
			</trkpt>
			<trkpt lat="50.700434" lon="14.618797">
				<ele>314.000000</ele>
			</trkpt>
			<trkpt lat="50.699910" lon="14.619336">
				<ele>321.000000</ele>
			</trkpt>
			<trkpt lat="50.699763" lon="14.619506">
				<ele>321.000000</ele>
			</trkpt>
			<trkpt lat="50.699592" lon="14.619730">
				<ele>320.000000</ele>
			</trkpt>
			<trkpt lat="50.699387" lon="14.619946">
				<ele>320.000000</ele>
			</trkpt>
			<trkpt lat="50.699278" lon="14.620090">
				<ele>320.000000</ele>
			</trkpt>
			<trkpt lat="50.699125" lon="14.620332">
				<ele>321.000000</ele>
			</trkpt>
			<trkpt lat="50.699091" lon="14.620378">
				<ele>322.000000</ele>
			</trkpt>
			<trkpt lat="50.699051" lon="14.620359">
				<ele>322.000000</ele>
			</trkpt>
			<trkpt lat="50.698818" lon="14.620235">
				<ele>323.000000</ele>
			</trkpt>
			<trkpt lat="50.698721" lon="14.620180">
				<ele>323.000000</ele>
			</trkpt>
			<trkpt lat="50.698619" lon="14.620171">
				<ele>324.000000</ele>
			</trkpt>
			<trkpt lat="50.698505" lon="14.620198">
				<ele>324.000000</ele>
			</trkpt>
			<trkpt lat="50.698380" lon="14.620225">
				<ele>325.000000</ele>
			</trkpt>
			<trkpt lat="50.698459" lon="14.620737">
				<ele>326.000000</ele>
			</trkpt>
			<trkpt lat="50.698476" lon="14.620917">
				<ele>326.000000</ele>
			</trkpt>
			<trkpt lat="50.698482" lon="14.621105">
				<ele>327.000000</ele>
			</trkpt>
			<trkpt lat="50.698454" lon="14.621554">
				<ele>329.000000</ele>
			</trkpt>
			<trkpt lat="50.698419" lon="14.621994">
				<ele>331.000000</ele>
			</trkpt>
			<trkpt lat="50.698391" lon="14.622139">
				<ele>332.000000</ele>
			</trkpt>
			<trkpt lat="50.698346" lon="14.622264">
				<ele>333.000000</ele>
			</trkpt>
			<trkpt lat="50.698323" lon="14.622390">
				<ele>333.000000</ele>
			</trkpt>
			<trkpt lat="50.698323" lon="14.622506">
				<ele>334.000000</ele>
			</trkpt>
			<trkpt lat="50.698334" lon="14.622885">
				<ele>337.000000</ele>
			</trkpt>
			<trkpt lat="50.698368" lon="14.623422">
				<ele>341.000000</ele>
			</trkpt>
			<trkpt lat="50.698397" lon="14.623711">
				<ele>344.000000</ele>
			</trkpt>
			<trkpt lat="50.698482" lon="14.624114">
				<ele>349.000000</ele>
			</trkpt>
			<trkpt lat="50.698573" lon="14.624510">
				<ele>349.000000</ele>
			</trkpt>
			<trkpt lat="50.698602" lon="14.624627">
				<ele>349.000000</ele>
			</trkpt>
			<trkpt lat="50.698607" lon="14.624743">
				<ele>350.000000</ele>
			</trkpt>
			<trkpt lat="50.698607" lon="14.624843">
				<ele>350.000000</ele>
			</trkpt>
			<trkpt lat="50.698602" lon="14.625013">
				<ele>350.000000</ele>
			</trkpt>
			<trkpt lat="50.698533" lon="14.625804">
				<ele>351.000000</ele>
			</trkpt>
			<trkpt lat="50.698511" lon="14.625956">
				<ele>351.000000</ele>
			</trkpt>
			<trkpt lat="50.698476" lon="14.626072">
				<ele>351.000000</ele>
			</trkpt>
			<trkpt lat="50.698425" lon="14.626154">
				<ele>352.000000</ele>
			</trkpt>
			<trkpt lat="50.698351" lon="14.626217">
				<ele>353.000000</ele>
			</trkpt>
			<trkpt lat="50.698106" lon="14.626217">
				<ele>356.000000</ele>
			</trkpt>
			<trkpt lat="50.697993" lon="14.626244">
				<ele>358.000000</ele>
			</trkpt>
			<trkpt lat="50.697742" lon="14.626280">
				<ele>360.000000</ele>
			</trkpt>
			<trkpt lat="50.697651" lon="14.626307">
				<ele>361.000000</ele>
			</trkpt>
			<trkpt lat="50.697589" lon="14.626361">
				<ele>361.000000</ele>
			</trkpt>
			<trkpt lat="50.697532" lon="14.626460">
				<ele>362.000000</ele>
			</trkpt>
			<trkpt lat="50.697122" lon="14.627412">
				<ele>367.000000</ele>
			</trkpt>
			<trkpt lat="50.696900" lon="14.627986">
				<ele>367.000000</ele>
			</trkpt>
			<trkpt lat="50.696838" lon="14.628166">
				<ele>367.000000</ele>
			</trkpt>
			<trkpt lat="50.696803" lon="14.628319">
				<ele>367.000000</ele>
			</trkpt>
			<trkpt lat="50.696787" lon="14.628508">
				<ele>366.000000</ele>
			</trkpt>
			<trkpt lat="50.696787" lon="14.628705">
				<ele>363.000000</ele>
			</trkpt>
			<trkpt lat="50.696803" lon="14.629055">
				<ele>359.000000</ele>
			</trkpt>
			<trkpt lat="50.696803" lon="14.629271">
				<ele>358.000000</ele>
			</trkpt>
			<trkpt lat="50.696809" lon="14.629414">
				<ele>357.000000</ele>
			</trkpt>
			<trkpt lat="50.696787" lon="14.629558">
				<ele>357.000000</ele>
			</trkpt>
			<trkpt lat="50.696769" lon="14.629693">
				<ele>356.000000</ele>
			</trkpt>
			<trkpt lat="50.696524" lon="14.631005">
				<ele>352.000000</ele>
			</trkpt>
			<trkpt lat="50.696382" lon="14.631697">
				<ele>351.000000</ele>
			</trkpt>
			<trkpt lat="50.696274" lon="14.632137">
				<ele>349.000000</ele>
			</trkpt>
			<trkpt lat="50.696240" lon="14.632263">
				<ele>349.000000</ele>
			</trkpt>
			<trkpt lat="50.696195" lon="14.632388">
				<ele>349.000000</ele>
			</trkpt>
			<trkpt lat="50.696132" lon="14.632504">
				<ele>348.000000</ele>
			</trkpt>
			<trkpt lat="50.696081" lon="14.632594">
				<ele>348.000000</ele>
			</trkpt>
			<trkpt lat="50.696007" lon="14.632693">
				<ele>348.000000</ele>
			</trkpt>
			<trkpt lat="50.695938" lon="14.632774">
				<ele>349.000000</ele>
			</trkpt>
			<trkpt lat="50.695739" lon="14.632946">
				<ele>350.000000</ele>
			</trkpt>
			<trkpt lat="50.695631" lon="14.633062">
				<ele>350.000000</ele>
			</trkpt>
			<trkpt lat="50.695535" lon="14.633206">
				<ele>350.000000</ele>
			</trkpt>
			<trkpt lat="50.695432" lon="14.633376">
				<ele>350.000000</ele>
			</trkpt>
			<trkpt lat="50.695165" lon="14.633844">
				<ele>348.000000</ele>
			</trkpt>
			<trkpt lat="50.694977" lon="14.634104">
				<ele>346.000000</ele>
			</trkpt>
			<trkpt lat="50.694800" lon="14.634328">
				<ele>344.000000</ele>
			</trkpt>
			<trkpt lat="50.694567" lon="14.634544">
				<ele>342.000000</ele>
			</trkpt>
			<trkpt lat="50.694402" lon="14.634661">
				<ele>341.000000</ele>
			</trkpt>
			<trkpt lat="50.694271" lon="14.634741">
				<ele>339.000000</ele>
			</trkpt>
			<trkpt lat="50.693640" lon="14.635083">
				<ele>329.000000</ele>
			</trkpt>
			<trkpt lat="50.693173" lon="14.635370">
				<ele>325.000000</ele>
			</trkpt>
			<trkpt lat="50.693031" lon="14.635487">
				<ele>323.000000</ele>
			</trkpt>
			<trkpt lat="50.692894" lon="14.635604">
				<ele>322.000000</ele>
			</trkpt>
			<trkpt lat="50.692769" lon="14.635748">
				<ele>321.000000</ele>
			</trkpt>
			<trkpt lat="50.692672" lon="14.635892">
				<ele>320.000000</ele>
			</trkpt>
			<trkpt lat="50.692558" lon="14.636089">
				<ele>318.000000</ele>
			</trkpt>
			<trkpt lat="50.692456" lon="14.636286">
				<ele>316.000000</ele>
			</trkpt>
			<trkpt lat="50.692370" lon="14.636485">
				<ele>316.000000</ele>
			</trkpt>
			<trkpt lat="50.692137" lon="14.637051">
				<ele>312.000000</ele>
			</trkpt>
			<trkpt lat="50.691921" lon="14.637617">
				<ele>310.000000</ele>
			</trkpt>
			<trkpt lat="50.691255" lon="14.639584">
				<ele>302.000000</ele>
			</trkpt>
			<trkpt lat="50.690891" lon="14.640814">
				<ele>294.000000</ele>
			</trkpt>
			<trkpt lat="50.690720" lon="14.641479">
				<ele>290.000000</ele>
			</trkpt>
			<trkpt lat="50.690640" lon="14.641838">
				<ele>286.000000</ele>
			</trkpt>
			<trkpt lat="50.690595" lon="14.642072">
				<ele>285.000000</ele>
			</trkpt>
			<trkpt lat="50.690561" lon="14.642314">
				<ele>283.000000</ele>
			</trkpt>
			<trkpt lat="50.690544" lon="14.642611">
				<ele>282.000000</ele>
			</trkpt>
			<trkpt lat="50.690527" lon="14.642917">
				<ele>279.000000</ele>
			</trkpt>
			<trkpt lat="50.690493" lon="14.643114">
				<ele>278.000000</ele>
			</trkpt>
			<trkpt lat="50.690436" lon="14.643366">
				<ele>276.000000</ele>
			</trkpt>
			<trkpt lat="50.690367" lon="14.643563">
				<ele>275.000000</ele>
			</trkpt>
			<trkpt lat="50.690276" lon="14.643752">
				<ele>275.000000</ele>
			</trkpt>
			<trkpt lat="50.690134" lon="14.643492">
				<ele>275.000000</ele>
			</trkpt>
			<trkpt lat="50.690134" lon="14.643509">
				<ele>275.000000</ele>
			</trkpt>
			<trkpt lat="50.690054" lon="14.643626">
				<ele>274.000000</ele>
			</trkpt>
			<trkpt lat="50.690009" lon="14.643725">
				<ele>273.000000</ele>
			</trkpt>
			<trkpt lat="50.689981" lon="14.643823">
				<ele>273.000000</ele>
			</trkpt>
			<trkpt lat="50.689992" lon="14.643932">
				<ele>273.000000</ele>
			</trkpt>
			<trkpt lat="50.690066" lon="14.644668">
				<ele>271.000000</ele>
			</trkpt>
			<trkpt lat="50.690129" lon="14.645108">
				<ele>270.000000</ele>
			</trkpt>
			<trkpt lat="50.690174" lon="14.645396">
				<ele>270.000000</ele>
			</trkpt>
			<trkpt lat="50.690191" lon="14.645603">
				<ele>270.000000</ele>
			</trkpt>
			<trkpt lat="50.690083" lon="14.645567">
				<ele>268.000000</ele>
			</trkpt>
			<trkpt lat="50.689941" lon="14.645521">
				<ele>267.000000</ele>
			</trkpt>
			<trkpt lat="50.689525" lon="14.645341">
				<ele>266.000000</ele>
			</trkpt>
			<trkpt lat="50.689320" lon="14.645243">
				<ele>266.000000</ele>
			</trkpt>
			<trkpt lat="50.689258" lon="14.645225">
				<ele>266.000000</ele>
			</trkpt>
			<trkpt lat="50.689184" lon="14.645234">
				<ele>266.000000</ele>
			</trkpt>
			<trkpt lat="50.689047" lon="14.645234">
				<ele>266.000000</ele>
			</trkpt>
			<trkpt lat="50.688939" lon="14.645217">
				<ele>266.000000</ele>
			</trkpt>
			<trkpt lat="50.688854" lon="14.645180">
				<ele>266.000000</ele>
			</trkpt>
			<trkpt lat="50.688745" lon="14.645117">
				<ele>267.000000</ele>
			</trkpt>
			<trkpt lat="50.688472" lon="14.644920">
				<ele>267.000000</ele>
			</trkpt>
			<trkpt lat="50.687727" lon="14.644381">
				<ele>268.000000</ele>
			</trkpt>
			<trkpt lat="50.687533" lon="14.644264">
				<ele>271.000000</ele>
			</trkpt>
			<trkpt lat="50.687471" lon="14.644255">
				<ele>272.000000</ele>
			</trkpt>
			<trkpt lat="50.687391" lon="14.644238">
				<ele>272.000000</ele>
			</trkpt>
			<trkpt lat="50.686976" lon="14.644228">
				<ele>270.000000</ele>
			</trkpt>
			<trkpt lat="50.686782" lon="14.644201">
				<ele>271.000000</ele>
			</trkpt>
			<trkpt lat="50.686708" lon="14.644183">
				<ele>271.000000</ele>
			</trkpt>
			<trkpt lat="50.686509" lon="14.644102">
				<ele>272.000000</ele>
			</trkpt>
			<trkpt lat="50.686412" lon="14.644075">
				<ele>271.000000</ele>
			</trkpt>
			<trkpt lat="50.686338" lon="14.644093">
				<ele>272.000000</ele>
			</trkpt>
			<trkpt lat="50.686287" lon="14.644120">
				<ele>272.000000</ele>
			</trkpt>
			<trkpt lat="50.686116" lon="14.644264">
				<ele>271.000000</ele>
			</trkpt>
			<trkpt lat="50.685928" lon="14.644435">
				<ele>271.000000</ele>
			</trkpt>
			<trkpt lat="50.685741" lon="14.644588">
				<ele>271.000000</ele>
			</trkpt>
			<trkpt lat="50.685576" lon="14.644677">
				<ele>271.000000</ele>
			</trkpt>
			<trkpt lat="50.685155" lon="14.644865">
				<ele>270.000000</ele>
			</trkpt>
			<trkpt lat="50.684545" lon="14.645135">
				<ele>269.000000</ele>
			</trkpt>
			<trkpt lat="50.684545" lon="14.645010">
				<ele>269.000000</ele>
			</trkpt>
			<trkpt lat="50.684522" lon="14.644892">
				<ele>269.000000</ele>
			</trkpt>
			<trkpt lat="50.684505" lon="14.644749">
				<ele>270.000000</ele>
			</trkpt>
			<trkpt lat="50.684505" lon="14.644749">
				<ele>270.000000</ele>
			</trkpt>
			<trkpt lat="50.684522" lon="14.644892">
				<ele>269.000000</ele>
			</trkpt>
			<trkpt lat="50.684318" lon="14.645054">
				<ele>269.000000</ele>
			</trkpt>
			<trkpt lat="50.684221" lon="14.645144">
				<ele>269.000000</ele>
			</trkpt>
			<trkpt lat="50.684176" lon="14.645207">
				<ele>269.000000</ele>
			</trkpt>
			<trkpt lat="50.684158" lon="14.645297">
				<ele>269.000000</ele>
			</trkpt>
			<trkpt lat="50.684158" lon="14.645414">
				<ele>268.000000</ele>
			</trkpt>
			<trkpt lat="50.684187" lon="14.645548">
				<ele>268.000000</ele>
			</trkpt>
			<trkpt lat="50.683942" lon="14.645720">
				<ele>268.000000</ele>
			</trkpt>
			<trkpt lat="50.683583" lon="14.646024">
				<ele>267.000000</ele>
			</trkpt>
			<trkpt lat="50.683350" lon="14.646222">
				<ele>267.000000</ele>
			</trkpt>
			<trkpt lat="50.683225" lon="14.646339">
				<ele>267.000000</ele>
			</trkpt>
			<trkpt lat="50.682991" lon="14.646590">
				<ele>266.000000</ele>
			</trkpt>
			<trkpt lat="50.682627" lon="14.646968">
				<ele>266.000000</ele>
			</trkpt>
			<trkpt lat="50.682383" lon="14.647211">
				<ele>266.000000</ele>
			</trkpt>
			<trkpt lat="50.682206" lon="14.647408">
				<ele>266.000000</ele>
			</trkpt>
			<trkpt lat="50.682143" lon="14.647515">
				<ele>266.000000</ele>
			</trkpt>
			<trkpt lat="50.682087" lon="14.647632">
				<ele>266.000000</ele>
			</trkpt>
			<trkpt lat="50.681944" lon="14.648001">
				<ele>266.000000</ele>
			</trkpt>
			<trkpt lat="50.681864" lon="14.648171">
				<ele>265.000000</ele>
			</trkpt>
			<trkpt lat="50.681790" lon="14.648316">
				<ele>265.000000</ele>
			</trkpt>
			<trkpt lat="50.681694" lon="14.648441">
				<ele>265.000000</ele>
			</trkpt>
			<trkpt lat="50.681580" lon="14.648584">
				<ele>265.000000</ele>
			</trkpt>
			<trkpt lat="50.680646" lon="14.649509">
				<ele>265.000000</ele>
			</trkpt>
			<trkpt lat="50.680459" lon="14.649681">
				<ele>265.000000</ele>
			</trkpt>
			<trkpt lat="50.680248" lon="14.649825">
				<ele>264.000000</ele>
			</trkpt>
			<trkpt lat="50.680015" lon="14.649941">
				<ele>264.000000</ele>
			</trkpt>
			<trkpt lat="50.679713" lon="14.650067">
				<ele>264.000000</ele>
			</trkpt>
			<trkpt lat="50.679531" lon="14.650130">
				<ele>264.000000</ele>
			</trkpt>
			<trkpt lat="50.678859" lon="14.650400">
				<ele>265.000000</ele>
			</trkpt>
			<trkpt lat="50.678847" lon="14.650400">
				<ele>265.000000</ele>
			</trkpt>
			<trkpt lat="50.678847" lon="14.650400">
				<ele>265.000000</ele>
			</trkpt>
			<trkpt lat="50.678734" lon="14.650444">
				<ele>265.000000</ele>
			</trkpt>
			<trkpt lat="50.678660" lon="14.650507">
				<ele>265.000000</ele>
			</trkpt>
			<trkpt lat="50.678591" lon="14.650588">
				<ele>265.000000</ele>
			</trkpt>
			<trkpt lat="50.678546" lon="14.650704">
				<ele>265.000000</ele>
			</trkpt>
			<trkpt lat="50.678381" lon="14.650651">
				<ele>265.000000</ele>
			</trkpt>
			<trkpt lat="50.678267" lon="14.650633">
				<ele>264.000000</ele>
			</trkpt>
			<trkpt lat="50.677493" lon="14.650641">
				<ele>263.000000</ele>
			</trkpt>
			<trkpt lat="50.677390" lon="14.650624">
				<ele>263.000000</ele>
			</trkpt>
			<trkpt lat="50.677288" lon="14.650615">
				<ele>263.000000</ele>
			</trkpt>
			<trkpt lat="50.677202" lon="14.650588">
				<ele>263.000000</ele>
			</trkpt>
			<trkpt lat="50.677111" lon="14.650543">
				<ele>263.000000</ele>
			</trkpt>
			<trkpt lat="50.676941" lon="14.650417">
				<ele>263.000000</ele>
			</trkpt>
			<trkpt lat="50.676679" lon="14.650175">
				<ele>262.000000</ele>
			</trkpt>
			<trkpt lat="50.676537" lon="14.650049">
				<ele>262.000000</ele>
			</trkpt>
			<trkpt lat="50.675705" lon="14.649312">
				<ele>262.000000</ele>
			</trkpt>
			<trkpt lat="50.674994" lon="14.648666">
				<ele>263.000000</ele>
			</trkpt>
			<trkpt lat="50.674778" lon="14.648477">
				<ele>263.000000</ele>
			</trkpt>
			<trkpt lat="50.674578" lon="14.648351">
				<ele>263.000000</ele>
			</trkpt>
			<trkpt lat="50.674390" lon="14.648288">
				<ele>263.000000</ele>
			</trkpt>
			<trkpt lat="50.674151" lon="14.648243">
				<ele>263.000000</ele>
			</trkpt>
			<trkpt lat="50.673753" lon="14.648180">
				<ele>263.000000</ele>
			</trkpt>
			<trkpt lat="50.673582" lon="14.648136">
				<ele>263.000000</ele>
			</trkpt>
			<trkpt lat="50.673417" lon="14.648064">
				<ele>263.000000</ele>
			</trkpt>
			<trkpt lat="50.673269" lon="14.647991">
				<ele>263.000000</ele>
			</trkpt>
			<trkpt lat="50.673041" lon="14.647857">
				<ele>263.000000</ele>
			</trkpt>
			<trkpt lat="50.672489" lon="14.647480">
				<ele>263.000000</ele>
			</trkpt>
			<trkpt lat="50.672210" lon="14.647309">
				<ele>262.000000</ele>
			</trkpt>
			<trkpt lat="50.671943" lon="14.647175">
				<ele>262.000000</ele>
			</trkpt>
			<trkpt lat="50.671430" lon="14.646905">
				<ele>262.000000</ele>
			</trkpt>
			<trkpt lat="50.671168" lon="14.646779">
				<ele>262.000000</ele>
			</trkpt>
			<trkpt lat="50.670844" lon="14.646555">
				<ele>262.000000</ele>
			</trkpt>
			<trkpt lat="50.670377" lon="14.646232">
				<ele>262.000000</ele>
			</trkpt>
			<trkpt lat="50.670246" lon="14.646150">
				<ele>262.000000</ele>
			</trkpt>
			<trkpt lat="50.670132" lon="14.646123">
				<ele>262.000000</ele>
			</trkpt>
			<trkpt lat="50.670007" lon="14.646123">
				<ele>262.000000</ele>
			</trkpt>
			<trkpt lat="50.669842" lon="14.646150">
				<ele>262.000000</ele>
			</trkpt>
			<trkpt lat="50.669523" lon="14.646259">
				<ele>262.000000</ele>
			</trkpt>
			<trkpt lat="50.668720" lon="14.646500">
				<ele>262.000000</ele>
			</trkpt>
			<trkpt lat="50.668452" lon="14.646572">
				<ele>262.000000</ele>
			</trkpt>
			<trkpt lat="50.668236" lon="14.646618">
				<ele>262.000000</ele>
			</trkpt>
			<trkpt lat="50.667849" lon="14.646680">
				<ele>262.000000</ele>
			</trkpt>
			<trkpt lat="50.667541" lon="14.646680">
				<ele>262.000000</ele>
			</trkpt>
			<trkpt lat="50.667040" lon="14.646653">
				<ele>262.000000</ele>
			</trkpt>
			<trkpt lat="50.666830" lon="14.646618">
				<ele>263.000000</ele>
			</trkpt>
			<trkpt lat="50.666562" lon="14.646563">
				<ele>264.000000</ele>
			</trkpt>
			<trkpt lat="50.666403" lon="14.646509">
				<ele>264.000000</ele>
			</trkpt>
			<trkpt lat="50.666295" lon="14.646446">
				<ele>264.000000</ele>
			</trkpt>
			<trkpt lat="50.666186" lon="14.646349">
				<ele>265.000000</ele>
			</trkpt>
			<trkpt lat="50.665959" lon="14.646142">
				<ele>265.000000</ele>
			</trkpt>
			<trkpt lat="50.665788" lon="14.645989">
				<ele>266.000000</ele>
			</trkpt>
			<trkpt lat="50.665646" lon="14.645846">
				<ele>266.000000</ele>
			</trkpt>
			<trkpt lat="50.665514" lon="14.645701">
				<ele>266.000000</ele>
			</trkpt>
			<trkpt lat="50.665406" lon="14.645548">
				<ele>266.000000</ele>
			</trkpt>
			<trkpt lat="50.665207" lon="14.645251">
				<ele>265.000000</ele>
			</trkpt>
			<trkpt lat="50.664939" lon="14.644794">
				<ele>263.000000</ele>
			</trkpt>
			<trkpt lat="50.664666" lon="14.644299">
				<ele>262.000000</ele>
			</trkpt>
			<trkpt lat="50.664421" lon="14.643833">
				<ele>261.000000</ele>
			</trkpt>
			<trkpt lat="50.664205" lon="14.643383">
				<ele>260.000000</ele>
			</trkpt>
			<trkpt lat="50.663989" lon="14.642898">
				<ele>259.000000</ele>
			</trkpt>
			<trkpt lat="50.663755" lon="14.642368">
				<ele>259.000000</ele>
			</trkpt>
			<trkpt lat="50.662781" lon="14.640006">
				<ele>259.000000</ele>
			</trkpt>
			<trkpt lat="50.662684" lon="14.639800">
				<ele>259.000000</ele>
			</trkpt>
			<trkpt lat="50.662639" lon="14.639898">
				<ele>260.000000</ele>
			</trkpt>
			<trkpt lat="50.662559" lon="14.640114">
				<ele>260.000000</ele>
			</trkpt>
			<trkpt lat="50.662497" lon="14.640221">
				<ele>260.000000</ele>
			</trkpt>
			<trkpt lat="50.662377" lon="14.640383">
				<ele>260.000000</ele>
			</trkpt>
			<trkpt lat="50.662263" lon="14.640509">
				<ele>261.000000</ele>
			</trkpt>
			<trkpt lat="50.661905" lon="14.640842">
				<ele>261.000000</ele>
			</trkpt>
			<trkpt lat="50.661716" lon="14.640967">
				<ele>262.000000</ele>
			</trkpt>
			<trkpt lat="50.661455" lon="14.641110">
				<ele>264.000000</ele>
			</trkpt>
			<trkpt lat="50.661363" lon="14.641110">
				<ele>264.000000</ele>
			</trkpt>
			<trkpt lat="50.661249" lon="14.641030">
				<ele>265.000000</ele>
			</trkpt>
			<trkpt lat="50.661016" lon="14.640833">
				<ele>266.000000</ele>
			</trkpt>
			<trkpt lat="50.660868" lon="14.640743">
				<ele>267.000000</ele>
			</trkpt>
			<trkpt lat="50.660697" lon="14.640680">
				<ele>268.000000</ele>
			</trkpt>
			<trkpt lat="50.660481" lon="14.640626">
				<ele>268.000000</ele>
			</trkpt>
			<trkpt lat="50.660356" lon="14.640590">
				<ele>269.000000</ele>
			</trkpt>
			<trkpt lat="50.660224" lon="14.640599">
				<ele>269.000000</ele>
			</trkpt>
			<trkpt lat="50.660116" lon="14.640607">
				<ele>269.000000</ele>
			</trkpt>
			<trkpt lat="50.659997" lon="14.640653">
				<ele>270.000000</ele>
			</trkpt>
			<trkpt lat="50.659900" lon="14.640706">
				<ele>270.000000</ele>
			</trkpt>
			<trkpt lat="50.659609" lon="14.640913">
				<ele>271.000000</ele>
			</trkpt>
			<trkpt lat="50.659513" lon="14.640959">
				<ele>271.000000</ele>
			</trkpt>
			<trkpt lat="50.659421" lon="14.640985">
				<ele>272.000000</ele>
			</trkpt>
			<trkpt lat="50.659045" lon="14.641075">
				<ele>275.000000</ele>
			</trkpt>
			<trkpt lat="50.658801" lon="14.641120">
				<ele>278.000000</ele>
			</trkpt>
			<trkpt lat="50.658282" lon="14.641138">
				<ele>285.000000</ele>
			</trkpt>
			<trkpt lat="50.658135" lon="14.641165">
				<ele>288.000000</ele>
			</trkpt>
			<trkpt lat="50.657787" lon="14.641219">
				<ele>290.000000</ele>
			</trkpt>
			<trkpt lat="50.657667" lon="14.641236">
				<ele>290.000000</ele>
			</trkpt>
			<trkpt lat="50.657542" lon="14.641236">
				<ele>291.000000</ele>
			</trkpt>
			<trkpt lat="50.657474" lon="14.641228">
				<ele>292.000000</ele>
			</trkpt>
			<trkpt lat="50.657411" lon="14.641200">
				<ele>292.000000</ele>
			</trkpt>
			<trkpt lat="50.657349" lon="14.641138">
				<ele>293.000000</ele>
			</trkpt>
			<trkpt lat="50.657292" lon="14.640886">
				<ele>295.000000</ele>
			</trkpt>
			<trkpt lat="50.657263" lon="14.640814">
				<ele>295.000000</ele>
			</trkpt>
			<trkpt lat="50.657229" lon="14.640743">
				<ele>295.000000</ele>
			</trkpt>
			<trkpt lat="50.657166" lon="14.640680">
				<ele>297.000000</ele>
			</trkpt>
			<trkpt lat="50.656984" lon="14.640491">
				<ele>298.000000</ele>
			</trkpt>
			<trkpt lat="50.656865" lon="14.640366">
				<ele>298.000000</ele>
			</trkpt>
			<trkpt lat="50.656767" lon="14.640213">
				<ele>298.000000</ele>
			</trkpt>
			<trkpt lat="50.656648" lon="14.640014">
				<ele>296.000000</ele>
			</trkpt>
			<trkpt lat="50.656631" lon="14.639898">
				<ele>296.000000</ele>
			</trkpt>
			<trkpt lat="50.656586" lon="14.639764">
				<ele>295.000000</ele>
			</trkpt>
			<trkpt lat="50.656523" lon="14.639548">
				<ele>294.000000</ele>
			</trkpt>
			<trkpt lat="50.656511" lon="14.639458">
				<ele>294.000000</ele>
			</trkpt>
			<trkpt lat="50.656511" lon="14.639458">
				<ele>294.000000</ele>
			</trkpt>
			<trkpt lat="50.656506" lon="14.639431">
				<ele>294.000000</ele>
			</trkpt>
			<trkpt lat="50.656591" lon="14.639234">
				<ele>294.000000</ele>
			</trkpt>
			<trkpt lat="50.656665" lon="14.639054">
				<ele>293.000000</ele>
			</trkpt>
			<trkpt lat="50.656716" lon="14.638865">
				<ele>292.000000</ele>
			</trkpt>
			<trkpt lat="50.656745" lon="14.638712">
				<ele>292.000000</ele>
			</trkpt>
			<trkpt lat="50.656762" lon="14.638559">
				<ele>290.000000</ele>
			</trkpt>
			<trkpt lat="50.656762" lon="14.638389">
				<ele>289.000000</ele>
			</trkpt>
			<trkpt lat="50.656733" lon="14.638200">
				<ele>289.000000</ele>
			</trkpt>
			<trkpt lat="50.656699" lon="14.638047">
				<ele>287.000000</ele>
			</trkpt>
			<trkpt lat="50.656625" lon="14.637832">
				<ele>285.000000</ele>
			</trkpt>
			<trkpt lat="50.656591" lon="14.637670">
				<ele>284.000000</ele>
			</trkpt>
			<trkpt lat="50.656580" lon="14.637500">
				<ele>283.000000</ele>
			</trkpt>
			<trkpt lat="50.656586" lon="14.637311">
				<ele>282.000000</ele>
			</trkpt>
			<trkpt lat="50.656602" lon="14.637041">
				<ele>281.000000</ele>
			</trkpt>
			<trkpt lat="50.656614" lon="14.636862">
				<ele>280.000000</ele>
			</trkpt>
			<trkpt lat="50.656602" lon="14.636691">
				<ele>280.000000</ele>
			</trkpt>
			<trkpt lat="50.656586" lon="14.636521">
				<ele>278.000000</ele>
			</trkpt>
			<trkpt lat="50.656557" lon="14.636376">
				<ele>278.000000</ele>
			</trkpt>
			<trkpt lat="50.656511" lon="14.636225">
				<ele>277.000000</ele>
			</trkpt>
			<trkpt lat="50.656386" lon="14.635883">
				<ele>275.000000</ele>
			</trkpt>
			<trkpt lat="50.656278" lon="14.635586">
				<ele>274.000000</ele>
			</trkpt>
			<trkpt lat="50.655896" lon="14.634697">
				<ele>269.000000</ele>
			</trkpt>
			<trkpt lat="50.655748" lon="14.634338">
				<ele>269.000000</ele>
			</trkpt>
			<trkpt lat="50.655623" lon="14.634041">
				<ele>268.000000</ele>
			</trkpt>
			<trkpt lat="50.655515" lon="14.633844">
				<ele>267.000000</ele>
			</trkpt>
			<trkpt lat="50.655395" lon="14.633655">
				<ele>266.000000</ele>
			</trkpt>
			<trkpt lat="50.655224" lon="14.633448">
				<ele>266.000000</ele>
			</trkpt>
			<trkpt lat="50.655082" lon="14.633296">
				<ele>266.000000</ele>
			</trkpt>
			<trkpt lat="50.654974" lon="14.633152">
				<ele>265.000000</ele>
			</trkpt>
			<trkpt lat="50.654882" lon="14.633009">
				<ele>265.000000</ele>
			</trkpt>
			<trkpt lat="50.654775" lon="14.632802">
				<ele>264.000000</ele>
			</trkpt>
			<trkpt lat="50.654661" lon="14.632774">
				<ele>264.000000</ele>
			</trkpt>
			<trkpt lat="50.654552" lon="14.632747">
				<ele>264.000000</ele>
			</trkpt>
			<trkpt lat="50.654444" lon="14.632684">
				<ele>264.000000</ele>
			</trkpt>
			<trkpt lat="50.654313" lon="14.632622">
				<ele>264.000000</ele>
			</trkpt>
			<trkpt lat="50.654216" lon="14.632550">
				<ele>264.000000</ele>
			</trkpt>
			<trkpt lat="50.654097" lon="14.632433">
				<ele>264.000000</ele>
			</trkpt>
			<trkpt lat="50.653880" lon="14.632200">
				<ele>263.000000</ele>
			</trkpt>
			<trkpt lat="50.653795" lon="14.632101">
				<ele>263.000000</ele>
			</trkpt>
			<trkpt lat="50.653368" lon="14.631525">
				<ele>261.000000</ele>
			</trkpt>
			<trkpt lat="50.652536" lon="14.630313">
				<ele>258.000000</ele>
			</trkpt>
			<trkpt lat="50.652365" lon="14.630070">
				<ele>257.000000</ele>
			</trkpt>
			<trkpt lat="50.652291" lon="14.629944">
				<ele>257.000000</ele>
			</trkpt>
			<trkpt lat="50.652240" lon="14.629819">
				<ele>257.000000</ele>
			</trkpt>
			<trkpt lat="50.652177" lon="14.629676">
				<ele>256.000000</ele>
			</trkpt>
			<trkpt lat="50.652137" lon="14.629567">
				<ele>256.000000</ele>
			</trkpt>
			<trkpt lat="50.652103" lon="14.629424">
				<ele>256.000000</ele>
			</trkpt>
			<trkpt lat="50.652086" lon="14.629298">
				<ele>256.000000</ele>
			</trkpt>
			<trkpt lat="50.652046" lon="14.629082">
				<ele>255.000000</ele>
			</trkpt>
			<trkpt lat="50.651938" lon="14.628382">
				<ele>255.000000</ele>
			</trkpt>
			<trkpt lat="50.651807" lon="14.627403">
				<ele>255.000000</ele>
			</trkpt>
			<trkpt lat="50.651773" lon="14.627169">
				<ele>256.000000</ele>
			</trkpt>
			<trkpt lat="50.651716" lon="14.626936">
				<ele>258.000000</ele>
			</trkpt>
			<trkpt lat="50.651642" lon="14.626711">
				<ele>259.000000</ele>
			</trkpt>
			<trkpt lat="50.651551" lon="14.626504">
				<ele>261.000000</ele>
			</trkpt>
			<trkpt lat="50.651437" lon="14.626280">
				<ele>261.000000</ele>
			</trkpt>
			<trkpt lat="50.651272" lon="14.626019">
				<ele>261.000000</ele>
			</trkpt>
			<trkpt lat="50.651135" lon="14.625785">
				<ele>261.000000</ele>
			</trkpt>
			<trkpt lat="50.650936" lon="14.625462">
				<ele>261.000000</ele>
			</trkpt>
			<trkpt lat="50.650719" lon="14.625175">
				<ele>260.000000</ele>
			</trkpt>
			<trkpt lat="50.650502" lon="14.624942">
				<ele>260.000000</ele>
			</trkpt>
			<trkpt lat="50.650064" lon="14.624493">
				<ele>260.000000</ele>
			</trkpt>
			<trkpt lat="50.649910" lon="14.624321">
				<ele>259.000000</ele>
			</trkpt>
			<trkpt lat="50.649745" lon="14.624348">
				<ele>259.000000</ele>
			</trkpt>
			<trkpt lat="50.649534" lon="14.624357">
				<ele>260.000000</ele>
			</trkpt>
			<trkpt lat="50.649415" lon="14.624366">
				<ele>260.000000</ele>
			</trkpt>
			<trkpt lat="50.649301" lon="14.624438">
				<ele>260.000000</ele>
			</trkpt>
			<trkpt lat="50.649278" lon="14.624438">
				<ele>260.000000</ele>
			</trkpt>
			<trkpt lat="50.649255" lon="14.624429">
				<ele>260.000000</ele>
			</trkpt>
			<trkpt lat="50.649193" lon="14.624384">
				<ele>260.000000</ele>
			</trkpt>
			<trkpt lat="50.649130" lon="14.624384">
				<ele>260.000000</ele>
			</trkpt>
			<trkpt lat="50.648589" lon="14.624546">
				<ele>264.000000</ele>
			</trkpt>
			<trkpt lat="50.648236" lon="14.624644">
				<ele>266.000000</ele>
			</trkpt>
			<trkpt lat="50.647871" lon="14.624716">
				<ele>268.000000</ele>
			</trkpt>
			<trkpt lat="50.647484" lon="14.624780">
				<ele>269.000000</ele>
			</trkpt>
			<trkpt lat="50.647051" lon="14.624824">
				<ele>272.000000</ele>
			</trkpt>
			<trkpt lat="50.646401" lon="14.624816">
				<ele>272.000000</ele>
			</trkpt>
			<trkpt lat="50.646276" lon="14.624816">
				<ele>272.000000</ele>
			</trkpt>
			<trkpt lat="50.646026" lon="14.624780">
				<ele>272.000000</ele>
			</trkpt>
			<trkpt lat="50.645872" lon="14.624780">
				<ele>272.000000</ele>
			</trkpt>
			<trkpt lat="50.645656" lon="14.624806">
				<ele>272.000000</ele>
			</trkpt>
			<trkpt lat="50.645479" lon="14.624852">
				<ele>272.000000</ele>
			</trkpt>
			<trkpt lat="50.645228" lon="14.624914">
				<ele>272.000000</ele>
			</trkpt>
			<trkpt lat="50.644869" lon="14.625040">
				<ele>272.000000</ele>
			</trkpt>
			<trkpt lat="50.644732" lon="14.625085">
				<ele>272.000000</ele>
			</trkpt>
			<trkpt lat="50.644659" lon="14.625103">
				<ele>272.000000</ele>
			</trkpt>
			<trkpt lat="50.644590" lon="14.625103">
				<ele>272.000000</ele>
			</trkpt>
			<trkpt lat="50.644357" lon="14.625058">
				<ele>272.000000</ele>
			</trkpt>
			<trkpt lat="50.644266" lon="14.625058">
				<ele>272.000000</ele>
			</trkpt>
			<trkpt lat="50.644186" lon="14.625076">
				<ele>272.000000</ele>
			</trkpt>
			<trkpt lat="50.644100" lon="14.625103">
				<ele>272.000000</ele>
			</trkpt>
			<trkpt lat="50.643906" lon="14.625202">
				<ele>273.000000</ele>
			</trkpt>
			<trkpt lat="50.643827" lon="14.625238">
				<ele>273.000000</ele>
			</trkpt>
			<trkpt lat="50.643627" lon="14.625292">
				<ele>273.000000</ele>
			</trkpt>
			<trkpt lat="50.643195" lon="14.625390">
				<ele>273.000000</ele>
			</trkpt>
			<trkpt lat="50.643058" lon="14.625435">
				<ele>272.000000</ele>
			</trkpt>
			<trkpt lat="50.642915" lon="14.625498">
				<ele>272.000000</ele>
			</trkpt>
			<trkpt lat="50.642551" lon="14.625678">
				<ele>271.000000</ele>
			</trkpt>
			<trkpt lat="50.642255" lon="14.625858">
				<ele>270.000000</ele>
			</trkpt>
			<trkpt lat="50.641964" lon="14.626037">
				<ele>270.000000</ele>
			</trkpt>
			<trkpt lat="50.641577" lon="14.626324">
				<ele>269.000000</ele>
			</trkpt>
			<trkpt lat="50.641383" lon="14.626487">
				<ele>268.000000</ele>
			</trkpt>
			<trkpt lat="50.641212" lon="14.626638">
				<ele>268.000000</ele>
			</trkpt>
			<trkpt lat="50.640716" lon="14.627124">
				<ele>267.000000</ele>
			</trkpt>
			<trkpt lat="50.640540" lon="14.627313">
				<ele>267.000000</ele>
			</trkpt>
			<trkpt lat="50.640335" lon="14.627483">
				<ele>267.000000</ele>
			</trkpt>
			<trkpt lat="50.640124" lon="14.627627">
				<ele>266.000000</ele>
			</trkpt>
			<trkpt lat="50.639919" lon="14.627753">
				<ele>266.000000</ele>
			</trkpt>
			<trkpt lat="50.639685" lon="14.627843">
				<ele>266.000000</ele>
			</trkpt>
			<trkpt lat="50.639526" lon="14.627896">
				<ele>266.000000</ele>
			</trkpt>
			<trkpt lat="50.639150" lon="14.627969">
				<ele>266.000000</ele>
			</trkpt>
			<trkpt lat="50.639025" lon="14.628013">
				<ele>266.000000</ele>
			</trkpt>
			<trkpt lat="50.638905" lon="14.628076">
				<ele>266.000000</ele>
			</trkpt>
			<trkpt lat="50.638751" lon="14.628158">
				<ele>267.000000</ele>
			</trkpt>
			<trkpt lat="50.638597" lon="14.628256">
				<ele>267.000000</ele>
			</trkpt>
			<trkpt lat="50.638050" lon="14.628669">
				<ele>267.000000</ele>
			</trkpt>
			<trkpt lat="50.637793" lon="14.628858">
				<ele>267.000000</ele>
			</trkpt>
			<trkpt lat="50.637361" lon="14.629091">
				<ele>268.000000</ele>
			</trkpt>
			<trkpt lat="50.636529" lon="14.629504">
				<ele>268.000000</ele>
			</trkpt>
			<trkpt lat="50.636102" lon="14.629747">
				<ele>268.000000</ele>
			</trkpt>
			<trkpt lat="50.636022" lon="14.629810">
				<ele>268.000000</ele>
			</trkpt>
			<trkpt lat="50.635953" lon="14.629864">
				<ele>268.000000</ele>
			</trkpt>
			<trkpt lat="50.634974" lon="14.630835">
				<ele>269.000000</ele>
			</trkpt>
			<trkpt lat="50.634569" lon="14.631175">
				<ele>270.000000</ele>
			</trkpt>
			<trkpt lat="50.634443" lon="14.631265">
				<ele>270.000000</ele>
			</trkpt>
			<trkpt lat="50.634318" lon="14.631338">
				<ele>270.000000</ele>
			</trkpt>
			<trkpt lat="50.634193" lon="14.631364">
				<ele>270.000000</ele>
			</trkpt>
			<trkpt lat="50.634062" lon="14.631382">
				<ele>270.000000</ele>
			</trkpt>
			<trkpt lat="50.634062" lon="14.631382">
				<ele>270.000000</ele>
			</trkpt>
			<trkpt lat="50.634034" lon="14.631391">
				<ele>270.000000</ele>
			</trkpt>
			<trkpt lat="50.633920" lon="14.631912">
				<ele>270.000000</ele>
			</trkpt>
			<trkpt lat="50.633828" lon="14.632397">
				<ele>270.000000</ele>
			</trkpt>
			<trkpt lat="50.633749" lon="14.632882">
				<ele>270.000000</ele>
			</trkpt>
			<trkpt lat="50.633646" lon="14.633619">
				<ele>271.000000</ele>
			</trkpt>
			<trkpt lat="50.633475" lon="14.634804">
				<ele>271.000000</ele>
			</trkpt>
			<trkpt lat="50.633361" lon="14.635720">
				<ele>272.000000</ele>
			</trkpt>
			<trkpt lat="50.633344" lon="14.635919">
				<ele>272.000000</ele>
			</trkpt>
			<trkpt lat="50.633327" lon="14.636332">
				<ele>272.000000</ele>
			</trkpt>
			<trkpt lat="50.633309" lon="14.636521">
				<ele>273.000000</ele>
			</trkpt>
			<trkpt lat="50.633287" lon="14.636682">
				<ele>273.000000</ele>
			</trkpt>
			<trkpt lat="50.633224" lon="14.636997">
				<ele>273.000000</ele>
			</trkpt>
			<trkpt lat="50.633195" lon="14.637185">
				<ele>274.000000</ele>
			</trkpt>
			<trkpt lat="50.633167" lon="14.637464">
				<ele>274.000000</ele>
			</trkpt>
			<trkpt lat="50.633150" lon="14.637733">
				<ele>274.000000</ele>
			</trkpt>
			<trkpt lat="50.633122" lon="14.638578">
				<ele>275.000000</ele>
			</trkpt>
			<trkpt lat="50.633105" lon="14.638964">
				<ele>275.000000</ele>
			</trkpt>
			<trkpt lat="50.633059" lon="14.639475">
				<ele>276.000000</ele>
			</trkpt>
			<trkpt lat="50.632962" lon="14.640464">
				<ele>276.000000</ele>
			</trkpt>
			<trkpt lat="50.632923" lon="14.640976">
				<ele>276.000000</ele>
			</trkpt>
			<trkpt lat="50.632888" lon="14.641525">
				<ele>276.000000</ele>
			</trkpt>
			<trkpt lat="50.632820" lon="14.642773">
				<ele>277.000000</ele>
			</trkpt>
			<trkpt lat="50.632809" lon="14.642980">
				<ele>277.000000</ele>
			</trkpt>
			<trkpt lat="50.632786" lon="14.643150">
				<ele>277.000000</ele>
			</trkpt>
			<trkpt lat="50.632740" lon="14.643410">
				<ele>277.000000</ele>
			</trkpt>
			<trkpt lat="50.632649" lon="14.643743">
				<ele>277.000000</ele>
			</trkpt>
			<trkpt lat="50.632398" lon="14.644695">
				<ele>276.000000</ele>
			</trkpt>
			<trkpt lat="50.631777" lon="14.646995">
				<ele>274.000000</ele>
			</trkpt>
			<trkpt lat="50.631589" lon="14.647758">
				<ele>274.000000</ele>
			</trkpt>
			<trkpt lat="50.631390" lon="14.648620">
				<ele>274.000000</ele>
			</trkpt>
			<trkpt lat="50.630996" lon="14.650310">
				<ele>274.000000</ele>
			</trkpt>
			<trkpt lat="50.630882" lon="14.650840">
				<ele>275.000000</ele>
			</trkpt>
			<trkpt lat="50.630774" lon="14.651352">
				<ele>275.000000</ele>
			</trkpt>
			<trkpt lat="50.630672" lon="14.651890">
				<ele>276.000000</ele>
			</trkpt>
			<trkpt lat="50.630592" lon="14.652375">
				<ele>276.000000</ele>
			</trkpt>
			<trkpt lat="50.630501" lon="14.652978">
				<ele>277.000000</ele>
			</trkpt>
			<trkpt lat="50.630421" lon="14.653544">
				<ele>277.000000</ele>
			</trkpt>
			<trkpt lat="50.630398" lon="14.653831">
				<ele>277.000000</ele>
			</trkpt>
			<trkpt lat="50.630358" lon="14.654146">
				<ele>276.000000</ele>
			</trkpt>
			<trkpt lat="50.630341" lon="14.654442">
				<ele>276.000000</ele>
			</trkpt>
			<trkpt lat="50.630336" lon="14.654720">
				<ele>275.000000</ele>
			</trkpt>
			<trkpt lat="50.630336" lon="14.655205">
				<ele>274.000000</ele>
			</trkpt>
			<trkpt lat="50.630358" lon="14.656616">
				<ele>271.000000</ele>
			</trkpt>
			<trkpt lat="50.630387" lon="14.657379">
				<ele>272.000000</ele>
			</trkpt>
			<trkpt lat="50.630261" lon="14.657523">
				<ele>273.000000</ele>
			</trkpt>
			<trkpt lat="50.630176" lon="14.657675">
				<ele>273.000000</ele>
			</trkpt>
			<trkpt lat="50.630090" lon="14.657865">
				<ele>273.000000</ele>
			</trkpt>
			<trkpt lat="50.629988" lon="14.658178">
				<ele>274.000000</ele>
			</trkpt>
			<trkpt lat="50.629948" lon="14.658287">
				<ele>275.000000</ele>
			</trkpt>
			<trkpt lat="50.629145" lon="14.660415">
				<ele>278.000000</ele>
			</trkpt>
			<trkpt lat="50.628842" lon="14.661270">
				<ele>281.000000</ele>
			</trkpt>
			<trkpt lat="50.628826" lon="14.661377">
				<ele>281.000000</ele>
			</trkpt>
			<trkpt lat="50.628791" lon="14.661476">
				<ele>281.000000</ele>
			</trkpt>
			<trkpt lat="50.628648" lon="14.661807">
				<ele>283.000000</ele>
			</trkpt>
			<trkpt lat="50.628586" lon="14.661960">
				<ele>284.000000</ele>
			</trkpt>
			<trkpt lat="50.628529" lon="14.662140">
				<ele>285.000000</ele>
			</trkpt>
			<trkpt lat="50.628477" lon="14.662338">
				<ele>287.000000</ele>
			</trkpt>
			<trkpt lat="50.628370" lon="14.662652">
				<ele>289.000000</ele>
			</trkpt>
			<trkpt lat="50.628318" lon="14.662841">
				<ele>290.000000</ele>
			</trkpt>
			<trkpt lat="50.628290" lon="14.662967">
				<ele>290.000000</ele>
			</trkpt>
			<trkpt lat="50.628267" lon="14.663138">
				<ele>291.000000</ele>
			</trkpt>
			<trkpt lat="50.628210" lon="14.663335">
				<ele>292.000000</ele>
			</trkpt>
			<trkpt lat="50.628176" lon="14.663488">
				<ele>294.000000</ele>
			</trkpt>
			<trkpt lat="50.628158" lon="14.663658">
				<ele>295.000000</ele>
			</trkpt>
			<trkpt lat="50.628147" lon="14.663775">
				<ele>297.000000</ele>
			</trkpt>
			<trkpt lat="50.628124" lon="14.663857">
				<ele>297.000000</ele>
			</trkpt>
			<trkpt lat="50.628096" lon="14.663946">
				<ele>298.000000</ele>
			</trkpt>
			<trkpt lat="50.628050" lon="14.664054">
				<ele>299.000000</ele>
			</trkpt>
			<trkpt lat="50.627954" lon="14.664297">
				<ele>299.000000</ele>
			</trkpt>
			<trkpt lat="50.627879" lon="14.664520">
				<ele>301.000000</ele>
			</trkpt>
			<trkpt lat="50.627828" lon="14.664692">
				<ele>302.000000</ele>
			</trkpt>
			<trkpt lat="50.627749" lon="14.664862">
				<ele>303.000000</ele>
			</trkpt>
			<trkpt lat="50.627703" lon="14.664962">
				<ele>304.000000</ele>
			</trkpt>
			<trkpt lat="50.627703" lon="14.664962">
				<ele>304.000000</ele>
			</trkpt>
			<trkpt lat="50.627686" lon="14.665006">
				<ele>304.000000</ele>
			</trkpt>
			<trkpt lat="50.627594" lon="14.665249">
				<ele>305.000000</ele>
			</trkpt>
			<trkpt lat="50.627469" lon="14.665491">
				<ele>305.000000</ele>
			</trkpt>
			<trkpt lat="50.627344" lon="14.665698">
				<ele>305.000000</ele>
			</trkpt>
			<trkpt lat="50.627247" lon="14.665914">
				<ele>305.000000</ele>
			</trkpt>
			<trkpt lat="50.627138" lon="14.666138">
				<ele>305.000000</ele>
			</trkpt>
			<trkpt lat="50.627024" lon="14.666425">
				<ele>306.000000</ele>
			</trkpt>
			<trkpt lat="50.626888" lon="14.666740">
				<ele>307.000000</ele>
			</trkpt>
			<trkpt lat="50.626802" lon="14.666937">
				<ele>308.000000</ele>
			</trkpt>
			<trkpt lat="50.626682" lon="14.667107">
				<ele>307.000000</ele>
			</trkpt>
			<trkpt lat="50.626552" lon="14.667260">
				<ele>307.000000</ele>
			</trkpt>
			<trkpt lat="50.626364" lon="14.667459">
				<ele>306.000000</ele>
			</trkpt>
			<trkpt lat="50.626273" lon="14.667557">
				<ele>306.000000</ele>
			</trkpt>
			<trkpt lat="50.626175" lon="14.667629">
				<ele>305.000000</ele>
			</trkpt>
			<trkpt lat="50.626068" lon="14.667692">
				<ele>305.000000</ele>
			</trkpt>
			<trkpt lat="50.625714" lon="14.667836">
				<ele>304.000000</ele>
			</trkpt>
			<trkpt lat="50.625509" lon="14.667916">
				<ele>304.000000</ele>
			</trkpt>
			<trkpt lat="50.625309" lon="14.667962">
				<ele>304.000000</ele>
			</trkpt>
			<trkpt lat="50.625093" lon="14.667998">
				<ele>304.000000</ele>
			</trkpt>
			<trkpt lat="50.624791" lon="14.668365">
				<ele>305.000000</ele>
			</trkpt>
			<trkpt lat="50.624523" lon="14.668744">
				<ele>306.000000</ele>
			</trkpt>
			<trkpt lat="50.624278" lon="14.669057">
				<ele>308.000000</ele>
			</trkpt>
			<trkpt lat="50.624090" lon="14.669273">
				<ele>308.000000</ele>
			</trkpt>
			<trkpt lat="50.623959" lon="14.669390">
				<ele>308.000000</ele>
			</trkpt>
			<trkpt lat="50.623816" lon="14.669470">
				<ele>308.000000</ele>
			</trkpt>
			<trkpt lat="50.623651" lon="14.669534">
				<ele>308.000000</ele>
			</trkpt>
			<trkpt lat="50.623480" lon="14.669570">
				<ele>309.000000</ele>
			</trkpt>
			<trkpt lat="50.623240" lon="14.669551">
				<ele>309.000000</ele>
			</trkpt>
			<trkpt lat="50.623138" lon="14.669560">
				<ele>310.000000</ele>
			</trkpt>
			<trkpt lat="50.623041" lon="14.669587">
				<ele>310.000000</ele>
			</trkpt>
			<trkpt lat="50.622944" lon="14.669660">
				<ele>310.000000</ele>
			</trkpt>
			<trkpt lat="50.622853" lon="14.669749">
				<ele>310.000000</ele>
			</trkpt>
			<trkpt lat="50.622773" lon="14.669830">
				<ele>311.000000</ele>
			</trkpt>
			<trkpt lat="50.622568" lon="14.670144">
				<ele>312.000000</ele>
			</trkpt>
			<trkpt lat="50.622420" lon="14.670342">
				<ele>313.000000</ele>
			</trkpt>
			<trkpt lat="50.622335" lon="14.670459">
				<ele>313.000000</ele>
			</trkpt>
			<trkpt lat="50.622232" lon="14.670531">
				<ele>315.000000</ele>
			</trkpt>
			<trkpt lat="50.622118" lon="14.670602">
				<ele>315.000000</ele>
			</trkpt>
			<trkpt lat="50.621901" lon="14.670702">
				<ele>316.000000</ele>
			</trkpt>
			<trkpt lat="50.621838" lon="14.670755">
				<ele>316.000000</ele>
			</trkpt>
			<trkpt lat="50.621765" lon="14.670828">
				<ele>317.000000</ele>
			</trkpt>
			<trkpt lat="50.621713" lon="14.670918">
				<ele>317.000000</ele>
			</trkpt>
			<trkpt lat="50.621679" lon="14.670944">
				<ele>317.000000</ele>
			</trkpt>
			<trkpt lat="50.621496" lon="14.671088">
				<ele>319.000000</ele>
			</trkpt>
			<trkpt lat="50.621343" lon="14.671186">
				<ele>320.000000</ele>
			</trkpt>
			<trkpt lat="50.621195" lon="14.671276">
				<ele>321.000000</ele>
			</trkpt>
			<trkpt lat="50.621006" lon="14.671357">
				<ele>324.000000</ele>
			</trkpt>
			<trkpt lat="50.620744" lon="14.671455">
				<ele>325.000000</ele>
			</trkpt>
			<trkpt lat="50.620636" lon="14.671501">
				<ele>326.000000</ele>
			</trkpt>
			<trkpt lat="50.620574" lon="14.671545">
				<ele>327.000000</ele>
			</trkpt>
			<trkpt lat="50.620511" lon="14.671591">
				<ele>327.000000</ele>
			</trkpt>
			<trkpt lat="50.620448" lon="14.671671">
				<ele>327.000000</ele>
			</trkpt>
			<trkpt lat="50.620055" lon="14.672184">
				<ele>329.000000</ele>
			</trkpt>
			<trkpt lat="50.619935" lon="14.672327">
				<ele>329.000000</ele>
			</trkpt>
			<trkpt lat="50.619804" lon="14.672453">
				<ele>329.000000</ele>
			</trkpt>
			<trkpt lat="50.619758" lon="14.672497">
				<ele>328.000000</ele>
			</trkpt>
			<trkpt lat="50.619576" lon="14.672686">
				<ele>328.000000</ele>
			</trkpt>
			<trkpt lat="50.619514" lon="14.672786">
				<ele>328.000000</ele>
			</trkpt>
			<trkpt lat="50.619445" lon="14.672893">
				<ele>328.000000</ele>
			</trkpt>
			<trkpt lat="50.618909" lon="14.673801">
				<ele>330.000000</ele>
			</trkpt>
			<trkpt lat="50.618664" lon="14.674205">
				<ele>329.000000</ele>
			</trkpt>
			<trkpt lat="50.618602" lon="14.674277">
				<ele>329.000000</ele>
			</trkpt>
			<trkpt lat="50.618550" lon="14.674312">
				<ele>329.000000</ele>
			</trkpt>
			<trkpt lat="50.618493" lon="14.674331">
				<ele>329.000000</ele>
			</trkpt>
			<trkpt lat="50.618442" lon="14.674348">
				<ele>329.000000</ele>
			</trkpt>
			<trkpt lat="50.618305" lon="14.674331">
				<ele>329.000000</ele>
			</trkpt>
			<trkpt lat="50.617849" lon="14.675184">
				<ele>329.000000</ele>
			</trkpt>
			<trkpt lat="50.617672" lon="14.675480">
				<ele>330.000000</ele>
			</trkpt>
			<trkpt lat="50.617456" lon="14.675822">
				<ele>330.000000</ele>
			</trkpt>
			<trkpt lat="50.617193" lon="14.676189">
				<ele>330.000000</ele>
			</trkpt>
			<trkpt lat="50.616897" lon="14.676531">
				<ele>329.000000</ele>
			</trkpt>
			<trkpt lat="50.616783" lon="14.676702">
				<ele>329.000000</ele>
			</trkpt>
			<trkpt lat="50.616675" lon="14.676891">
				<ele>330.000000</ele>
			</trkpt>
			<trkpt lat="50.616566" lon="14.677124">
				<ele>330.000000</ele>
			</trkpt>
			<trkpt lat="50.616418" lon="14.677510">
				<ele>330.000000</ele>
			</trkpt>
			<trkpt lat="50.616407" lon="14.677537">
				<ele>330.000000</ele>
			</trkpt>
			<trkpt lat="50.616265" lon="14.677654">
				<ele>330.000000</ele>
			</trkpt>
			<trkpt lat="50.616156" lon="14.677771">
				<ele>328.000000</ele>
			</trkpt>
			<trkpt lat="50.616048" lon="14.677906">
				<ele>328.000000</ele>
			</trkpt>
			<trkpt lat="50.615939" lon="14.678122">
				<ele>328.000000</ele>
			</trkpt>
			<trkpt lat="50.615826" lon="14.678292">
				<ele>326.000000</ele>
			</trkpt>
			<trkpt lat="50.615746" lon="14.678481">
				<ele>323.000000</ele>
			</trkpt>
			<trkpt lat="50.615672" lon="14.678642">
				<ele>322.000000</ele>
			</trkpt>
			<trkpt lat="50.615649" lon="14.678688">
				<ele>322.000000</ele>
			</trkpt>
			<trkpt lat="50.615609" lon="14.678732">
				<ele>322.000000</ele>
			</trkpt>
			<trkpt lat="50.615358" lon="14.678957">
				<ele>323.000000</ele>
			</trkpt>
			<trkpt lat="50.615227" lon="14.679092">
				<ele>322.000000</ele>
			</trkpt>
			<trkpt lat="50.615107" lon="14.679244">
				<ele>321.000000</ele>
			</trkpt>
			<trkpt lat="50.614982" lon="14.679460">
				<ele>322.000000</ele>
			</trkpt>
			<trkpt lat="50.614885" lon="14.679640">
				<ele>324.000000</ele>
			</trkpt>
			<trkpt lat="50.614794" lon="14.679765">
				<ele>325.000000</ele>
			</trkpt>
			<trkpt lat="50.614515" lon="14.680124">
				<ele>324.000000</ele>
			</trkpt>
			<trkpt lat="50.614303" lon="14.680367">
				<ele>323.000000</ele>
			</trkpt>
			<trkpt lat="50.614212" lon="14.680484">
				<ele>321.000000</ele>
			</trkpt>
			<trkpt lat="50.614132" lon="14.680619">
				<ele>321.000000</ele>
			</trkpt>
			<trkpt lat="50.614059" lon="14.680789">
				<ele>321.000000</ele>
			</trkpt>
			<trkpt lat="50.613961" lon="14.681076">
				<ele>322.000000</ele>
			</trkpt>
			<trkpt lat="50.613722" lon="14.681822">
				<ele>321.000000</ele>
			</trkpt>
			<trkpt lat="50.613357" lon="14.682747">
				<ele>316.000000</ele>
			</trkpt>
			<trkpt lat="50.613318" lon="14.682631">
				<ele>317.000000</ele>
			</trkpt>
			<trkpt lat="50.613272" lon="14.682451">
				<ele>318.000000</ele>
			</trkpt>
			<trkpt lat="50.613255" lon="14.682334">
				<ele>319.000000</ele>
			</trkpt>
			<trkpt lat="50.613192" lon="14.682110">
				<ele>320.000000</ele>
			</trkpt>
			<trkpt lat="50.613163" lon="14.681931">
				<ele>322.000000</ele>
			</trkpt>
			<trkpt lat="50.613163" lon="14.681715">
				<ele>324.000000</ele>
			</trkpt>
			<trkpt lat="50.613192" lon="14.681472">
				<ele>324.000000</ele>
			</trkpt>
			<trkpt lat="50.613215" lon="14.681266">
				<ele>326.000000</ele>
			</trkpt>
			<trkpt lat="50.613215" lon="14.681113">
				<ele>327.000000</ele>
			</trkpt>
			<trkpt lat="50.613209" lon="14.680979">
				<ele>328.000000</ele>
			</trkpt>
			<trkpt lat="50.613163" lon="14.680843">
				<ele>329.000000</ele>
			</trkpt>
			<trkpt lat="50.613078" lon="14.680655">
				<ele>330.000000</ele>
			</trkpt>
			<trkpt lat="50.612981" lon="14.680484">
				<ele>330.000000</ele>
			</trkpt>
			<trkpt lat="50.612878" lon="14.680331">
				<ele>331.000000</ele>
			</trkpt>
			<trkpt lat="50.612673" lon="14.680061">
				<ele>334.000000</ele>
			</trkpt>
			<trkpt lat="50.612593" lon="14.679981">
				<ele>334.000000</ele>
			</trkpt>
			<trkpt lat="50.612531" lon="14.679910">
				<ele>333.000000</ele>
			</trkpt>
			<trkpt lat="50.612445" lon="14.679855">
				<ele>331.000000</ele>
			</trkpt>
			<trkpt lat="50.612377" lon="14.679828">
				<ele>330.000000</ele>
			</trkpt>
			<trkpt lat="50.612314" lon="14.679801">
				<ele>330.000000</ele>
			</trkpt>
			<trkpt lat="50.612235" lon="14.679801">
				<ele>330.000000</ele>
			</trkpt>
			<trkpt lat="50.612160" lon="14.679801">
				<ele>330.000000</ele>
			</trkpt>
			<trkpt lat="50.612064" lon="14.679828">
				<ele>330.000000</ele>
			</trkpt>
			<trkpt lat="50.611317" lon="14.680080">
				<ele>322.000000</ele>
			</trkpt>
			<trkpt lat="50.611208" lon="14.680116">
				<ele>321.000000</ele>
			</trkpt>
			<trkpt lat="50.611100" lon="14.680179">
				<ele>321.000000</ele>
			</trkpt>
			<trkpt lat="50.611009" lon="14.680250">
				<ele>320.000000</ele>
			</trkpt>
			<trkpt lat="50.610912" lon="14.680350">
				<ele>320.000000</ele>
			</trkpt>
			<trkpt lat="50.610832" lon="14.680430">
				<ele>320.000000</ele>
			</trkpt>
			<trkpt lat="50.610741" lon="14.680547">
				<ele>320.000000</ele>
			</trkpt>
			<trkpt lat="50.610439" lon="14.680996">
				<ele>320.000000</ele>
			</trkpt>
			<trkpt lat="50.610268" lon="14.681283">
				<ele>320.000000</ele>
			</trkpt>
			<trkpt lat="50.610114" lon="14.681579">
				<ele>320.000000</ele>
			</trkpt>
			<trkpt lat="50.609988" lon="14.681876">
				<ele>320.000000</ele>
			</trkpt>
			<trkpt lat="50.609766" lon="14.682505">
				<ele>320.000000</ele>
			</trkpt>
			<trkpt lat="50.609732" lon="14.682604">
				<ele>320.000000</ele>
			</trkpt>
			<trkpt lat="50.609675" lon="14.682711">
				<ele>320.000000</ele>
			</trkpt>
			<trkpt lat="50.609612" lon="14.682801">
				<ele>320.000000</ele>
			</trkpt>
			<trkpt lat="50.609549" lon="14.682873">
				<ele>320.000000</ele>
			</trkpt>
			<trkpt lat="50.609487" lon="14.682927">
				<ele>320.000000</ele>
			</trkpt>
			<trkpt lat="50.609401" lon="14.682981">
				<ele>321.000000</ele>
			</trkpt>
			<trkpt lat="50.609184" lon="14.683089">
				<ele>322.000000</ele>
			</trkpt>
			<trkpt lat="50.609059" lon="14.683143">
				<ele>323.000000</ele>
			</trkpt>
			<trkpt lat="50.608940" lon="14.683233">
				<ele>322.000000</ele>
			</trkpt>
			<trkpt lat="50.608826" lon="14.683332">
				<ele>320.000000</ele>
			</trkpt>
			<trkpt lat="50.608637" lon="14.683512">
				<ele>316.000000</ele>
			</trkpt>
			<trkpt lat="50.608557" lon="14.683602">
				<ele>313.000000</ele>
			</trkpt>
			<trkpt lat="50.608455" lon="14.683655">
				<ele>313.000000</ele>
			</trkpt>
			<trkpt lat="50.608375" lon="14.683700">
				<ele>312.000000</ele>
			</trkpt>
			<trkpt lat="50.608278" lon="14.683726">
				<ele>311.000000</ele>
			</trkpt>
			<trkpt lat="50.608187" lon="14.683726">
				<ele>312.000000</ele>
			</trkpt>
			<trkpt lat="50.608090" lon="14.683718">
				<ele>312.000000</ele>
			</trkpt>
			<trkpt lat="50.607771" lon="14.683646">
				<ele>315.000000</ele>
			</trkpt>
			<trkpt lat="50.607628" lon="14.683619">
				<ele>316.000000</ele>
			</trkpt>
			<trkpt lat="50.607520" lon="14.683619">
				<ele>316.000000</ele>
			</trkpt>
			<trkpt lat="50.607395" lon="14.683619">
				<ele>316.000000</ele>
			</trkpt>
			<trkpt lat="50.607297" lon="14.683646">
				<ele>316.000000</ele>
			</trkpt>
			<trkpt lat="50.607178" lon="14.683692">
				<ele>315.000000</ele>
			</trkpt>
			<trkpt lat="50.607092" lon="14.683763">
				<ele>314.000000</ele>
			</trkpt>
			<trkpt lat="50.606990" lon="14.683852">
				<ele>313.000000</ele>
			</trkpt>
			<trkpt lat="50.606882" lon="14.683952">
				<ele>313.000000</ele>
			</trkpt>
			<trkpt lat="50.606733" lon="14.684158">
				<ele>312.000000</ele>
			</trkpt>
			<trkpt lat="50.606597" lon="14.684374">
				<ele>311.000000</ele>
			</trkpt>
			<trkpt lat="50.606499" lon="14.684589">
				<ele>309.000000</ele>
			</trkpt>
			<trkpt lat="50.606220" lon="14.685210">
				<ele>303.000000</ele>
			</trkpt>
			<trkpt lat="50.606094" lon="14.685506">
				<ele>301.000000</ele>
			</trkpt>
			<trkpt lat="50.606015" lon="14.685739">
				<ele>300.000000</ele>
			</trkpt>
			<trkpt lat="50.605992" lon="14.685865">
				<ele>300.000000</ele>
			</trkpt>
			<trkpt lat="50.605969" lon="14.685990">
				<ele>300.000000</ele>
			</trkpt>
			<trkpt lat="50.605952" lon="14.686134">
				<ele>300.000000</ele>
			</trkpt>
			<trkpt lat="50.605952" lon="14.686287">
				<ele>300.000000</ele>
			</trkpt>
			<trkpt lat="50.605952" lon="14.686313">
				<ele>300.000000</ele>
			</trkpt>
			<trkpt lat="50.605952" lon="14.686323">
				<ele>300.000000</ele>
			</trkpt>
			<trkpt lat="50.605952" lon="14.686323">
				<ele>300.000000</ele>
			</trkpt>
			<trkpt lat="50.605952" lon="14.686313">
				<ele>300.000000</ele>
			</trkpt>
			<trkpt lat="50.605946" lon="14.686313">
				<ele>300.000000</ele>
			</trkpt>
			<trkpt lat="50.605804" lon="14.686107">
				<ele>300.000000</ele>
			</trkpt>
			<trkpt lat="50.605479" lon="14.685667">
				<ele>299.000000</ele>
			</trkpt>
			<trkpt lat="50.605303" lon="14.685416">
				<ele>302.000000</ele>
			</trkpt>
			<trkpt lat="50.605171" lon="14.685218">
				<ele>306.000000</ele>
			</trkpt>
			<trkpt lat="50.605023" lon="14.685065">
				<ele>310.000000</ele>
			</trkpt>
			<trkpt lat="50.604869" lon="14.684940">
				<ele>310.000000</ele>
			</trkpt>
			<trkpt lat="50.604567" lon="14.684742">
				<ele>310.000000</ele>
			</trkpt>
			<trkpt lat="50.604430" lon="14.684644">
				<ele>310.000000</ele>
			</trkpt>
			<trkpt lat="50.604333" lon="14.684535">
				<ele>310.000000</ele>
			</trkpt>
			<trkpt lat="50.604230" lon="14.684374">
				<ele>310.000000</ele>
			</trkpt>
			<trkpt lat="50.604094" lon="14.684113">
				<ele>311.000000</ele>
			</trkpt>
			<trkpt lat="50.604059" lon="14.683996">
				<ele>311.000000</ele>
			</trkpt>
			<trkpt lat="50.604008" lon="14.683916">
				<ele>311.000000</ele>
			</trkpt>
			<trkpt lat="50.603962" lon="14.683843">
				<ele>310.000000</ele>
			</trkpt>
			<trkpt lat="50.603888" lon="14.683789">
				<ele>310.000000</ele>
			</trkpt>
			<trkpt lat="50.603825" lon="14.683745">
				<ele>310.000000</ele>
			</trkpt>
			<trkpt lat="50.603746" lon="14.683718">
				<ele>310.000000</ele>
			</trkpt>
			<trkpt lat="50.603672" lon="14.683700">
				<ele>310.000000</ele>
			</trkpt>
			<trkpt lat="50.603575" lon="14.683700">
				<ele>310.000000</ele>
			</trkpt>
			<trkpt lat="50.603267" lon="14.683736">
				<ele>310.000000</ele>
			</trkpt>
			<trkpt lat="50.603068" lon="14.683763">
				<ele>310.000000</ele>
			</trkpt>
			<trkpt lat="50.602919" lon="14.683808">
				<ele>310.000000</ele>
			</trkpt>
			<trkpt lat="50.602765" lon="14.683862">
				<ele>312.000000</ele>
			</trkpt>
			<trkpt lat="50.602622" lon="14.683960">
				<ele>319.000000</ele>
			</trkpt>
			<trkpt lat="50.602503" lon="14.684059">
				<ele>322.000000</ele>
			</trkpt>
			<trkpt lat="50.602372" lon="14.684229">
				<ele>320.000000</ele>
			</trkpt>
			<trkpt lat="50.602264" lon="14.684401">
				<ele>320.000000</ele>
			</trkpt>
			<trkpt lat="50.602109" lon="14.684661">
				<ele>320.000000</ele>
			</trkpt>
			<trkpt lat="50.601984" lon="14.684841">
				<ele>320.000000</ele>
			</trkpt>
			<trkpt lat="50.601859" lon="14.685003">
				<ele>320.000000</ele>
			</trkpt>
			<trkpt lat="50.601733" lon="14.685147">
				<ele>320.000000</ele>
			</trkpt>
			<trkpt lat="50.601602" lon="14.685271">
				<ele>321.000000</ele>
			</trkpt>
			<trkpt lat="50.601465" lon="14.685397">
				<ele>321.000000</ele>
			</trkpt>
			<trkpt lat="50.601283" lon="14.685541">
				<ele>327.000000</ele>
			</trkpt>
			<trkpt lat="50.601077" lon="14.685686">
				<ele>337.000000</ele>
			</trkpt>
			<trkpt lat="50.600900" lon="14.685757">
				<ele>345.000000</ele>
			</trkpt>
			<trkpt lat="50.600861" lon="14.685802">
				<ele>347.000000</ele>
			</trkpt>
			<trkpt lat="50.600855" lon="14.685856">
				<ele>347.000000</ele>
			</trkpt>
			<trkpt lat="50.600861" lon="14.685910">
				<ele>347.000000</ele>
			</trkpt>
			<trkpt lat="50.600872" lon="14.685937">
				<ele>347.000000</ele>
			</trkpt>
			<trkpt lat="50.600963" lon="14.686063">
				<ele>344.000000</ele>
			</trkpt>
			<trkpt lat="50.600998" lon="14.686162">
				<ele>344.000000</ele>
			</trkpt>
			<trkpt lat="50.601009" lon="14.686260">
				<ele>345.000000</ele>
			</trkpt>
			<trkpt lat="50.600998" lon="14.686376">
				<ele>347.000000</ele>
			</trkpt>
			<trkpt lat="50.600975" lon="14.686529">
				<ele>349.000000</ele>
			</trkpt>
			<trkpt lat="50.600929" lon="14.686521">
				<ele>350.000000</ele>
			</trkpt>
			<trkpt lat="50.600872" lon="14.686503">
				<ele>351.000000</ele>
			</trkpt>
			<trkpt lat="50.600741" lon="14.686503">
				<ele>352.000000</ele>
			</trkpt>
			<trkpt lat="50.600621" lon="14.686548">
				<ele>354.000000</ele>
			</trkpt>
			<trkpt lat="50.600296" lon="14.686682">
				<ele>357.000000</ele>
			</trkpt>
			<trkpt lat="50.600154" lon="14.686736">
				<ele>360.000000</ele>
			</trkpt>
			<trkpt lat="50.599994" lon="14.686781">
				<ele>362.000000</ele>
			</trkpt>
			<trkpt lat="50.599897" lon="14.686781">
				<ele>363.000000</ele>
			</trkpt>
			<trkpt lat="50.599806" lon="14.686781">
				<ele>364.000000</ele>
			</trkpt>
			<trkpt lat="50.599715" lon="14.686755">
				<ele>364.000000</ele>
			</trkpt>
			<trkpt lat="50.599624" lon="14.686709">
				<ele>364.000000</ele>
			</trkpt>
			<trkpt lat="50.599555" lon="14.686673">
				<ele>363.000000</ele>
			</trkpt>
			<trkpt lat="50.599510" lon="14.686611">
				<ele>363.000000</ele>
			</trkpt>
			<trkpt lat="50.599481" lon="14.686556">
				<ele>363.000000</ele>
			</trkpt>
			<trkpt lat="50.599481" lon="14.686503">
				<ele>363.000000</ele>
			</trkpt>
			<trkpt lat="50.599498" lon="14.686413">
				<ele>363.000000</ele>
			</trkpt>
			<trkpt lat="50.599532" lon="14.686332">
				<ele>364.000000</ele>
			</trkpt>
			<trkpt lat="50.599606" lon="14.686206">
				<ele>364.000000</ele>
			</trkpt>
			<trkpt lat="50.599777" lon="14.685919">
				<ele>365.000000</ele>
			</trkpt>
			<trkpt lat="50.599874" lon="14.685721">
				<ele>365.000000</ele>
			</trkpt>
			<trkpt lat="50.599954" lon="14.685479">
				<ele>365.000000</ele>
			</trkpt>
			<trkpt lat="50.600034" lon="14.685227">
				<ele>365.000000</ele>
			</trkpt>
			<trkpt lat="50.600114" lon="14.684885">
				<ele>362.000000</ele>
			</trkpt>
			<trkpt lat="50.600205" lon="14.684598">
				<ele>360.000000</ele>
			</trkpt>
			<trkpt lat="50.600302" lon="14.684374">
				<ele>360.000000</ele>
			</trkpt>
			<trkpt lat="50.600428" lon="14.684131">
				<ele>360.000000</ele>
			</trkpt>
			<trkpt lat="50.600519" lon="14.683952">
				<ele>360.000000</ele>
			</trkpt>
			<trkpt lat="50.600587" lon="14.683763">
				<ele>362.000000</ele>
			</trkpt>
			<trkpt lat="50.600644" lon="14.683565">
				<ele>364.000000</ele>
			</trkpt>
			<trkpt lat="50.600684" lon="14.683367">
				<ele>364.000000</ele>
			</trkpt>
			<trkpt lat="50.600713" lon="14.683160">
				<ele>364.000000</ele>
			</trkpt>
			<trkpt lat="50.600713" lon="14.682927">
				<ele>364.000000</ele>
			</trkpt>
			<trkpt lat="50.600701" lon="14.682721">
				<ele>365.000000</ele>
			</trkpt>
			<trkpt lat="50.600667" lon="14.682523">
				<ele>366.000000</ele>
			</trkpt>
			<trkpt lat="50.600581" lon="14.682334">
				<ele>368.000000</ele>
			</trkpt>
			<trkpt lat="50.600530" lon="14.682254">
				<ele>368.000000</ele>
			</trkpt>
			<trkpt lat="50.600501" lon="14.682227">
				<ele>368.000000</ele>
			</trkpt>
			<trkpt lat="50.600467" lon="14.682208">
				<ele>369.000000</ele>
			</trkpt>
			<trkpt lat="50.600376" lon="14.682208">
				<ele>369.000000</ele>
			</trkpt>
			<trkpt lat="50.600239" lon="14.682254">
				<ele>372.000000</ele>
			</trkpt>
			<trkpt lat="50.600114" lon="14.682298">
				<ele>374.000000</ele>
			</trkpt>
			<trkpt lat="50.600000" lon="14.682371">
				<ele>375.000000</ele>
			</trkpt>
			<trkpt lat="50.599903" lon="14.682470">
				<ele>375.000000</ele>
			</trkpt>
			<trkpt lat="50.599749" lon="14.682640">
				<ele>374.000000</ele>
			</trkpt>
			<trkpt lat="50.599692" lon="14.682694">
				<ele>373.000000</ele>
			</trkpt>
			<trkpt lat="50.599629" lon="14.682711">
				<ele>372.000000</ele>
			</trkpt>
			<trkpt lat="50.599561" lon="14.682711">
				<ele>370.000000</ele>
			</trkpt>
			<trkpt lat="50.599481" lon="14.682667">
				<ele>370.000000</ele>
			</trkpt>
			<trkpt lat="50.599441" lon="14.682640">
				<ele>369.000000</ele>
			</trkpt>
			<trkpt lat="50.599418" lon="14.682604">
				<ele>369.000000</ele>
			</trkpt>
			<trkpt lat="50.599378" lon="14.682505">
				<ele>370.000000</ele>
			</trkpt>
			<trkpt lat="50.599361" lon="14.682371">
				<ele>371.000000</ele>
			</trkpt>
			<trkpt lat="50.599361" lon="14.682173">
				<ele>373.000000</ele>
			</trkpt>
			<trkpt lat="50.599418" lon="14.681005">
				<ele>382.000000</ele>
			</trkpt>
			<trkpt lat="50.599418" lon="14.680862">
				<ele>382.000000</ele>
			</trkpt>
			<trkpt lat="50.599401" lon="14.680736">
				<ele>382.000000</ele>
			</trkpt>
			<trkpt lat="50.599373" lon="14.680619">
				<ele>382.000000</ele>
			</trkpt>
			<trkpt lat="50.599327" lon="14.680493">
				<ele>380.000000</ele>
			</trkpt>
			<trkpt lat="50.599264" lon="14.680394">
				<ele>378.000000</ele>
			</trkpt>
			<trkpt lat="50.599201" lon="14.680358">
				<ele>375.000000</ele>
			</trkpt>
			<trkpt lat="50.599121" lon="14.680331">
				<ele>373.000000</ele>
			</trkpt>
			<trkpt lat="50.599025" lon="14.680358">
				<ele>371.000000</ele>
			</trkpt>
			<trkpt lat="50.598899" lon="14.680413">
				<ele>373.000000</ele>
			</trkpt>
			<trkpt lat="50.598688" lon="14.680529">
				<ele>376.000000</ele>
			</trkpt>
			<trkpt lat="50.598620" lon="14.680547">
				<ele>377.000000</ele>
			</trkpt>
			<trkpt lat="50.598546" lon="14.680529">
				<ele>378.000000</ele>
			</trkpt>
			<trkpt lat="50.598494" lon="14.680476">
				<ele>380.000000</ele>
			</trkpt>
			<trkpt lat="50.598437" lon="14.680386">
				<ele>382.000000</ele>
			</trkpt>
			<trkpt lat="50.598386" lon="14.680250">
				<ele>384.000000</ele>
			</trkpt>
			<trkpt lat="50.598363" lon="14.680107">
				<ele>385.000000</ele>
			</trkpt>
			<trkpt lat="50.598358" lon="14.679963">
				<ele>387.000000</ele>
			</trkpt>
			<trkpt lat="50.598374" lon="14.679667">
				<ele>387.000000</ele>
			</trkpt>
			<trkpt lat="50.598380" lon="14.679442">
				<ele>388.000000</ele>
			</trkpt>
			<trkpt lat="50.598363" lon="14.679244">
				<ele>390.000000</ele>
			</trkpt>
			<trkpt lat="50.598306" lon="14.679029">
				<ele>391.000000</ele>
			</trkpt>
			<trkpt lat="50.598226" lon="14.678795">
				<ele>392.000000</ele>
			</trkpt>
			<trkpt lat="50.598432" lon="14.678202">
				<ele>386.000000</ele>
			</trkpt>
			<trkpt lat="50.598586" lon="14.677834">
				<ele>382.000000</ele>
			</trkpt>
			<trkpt lat="50.598757" lon="14.677466">
				<ele>377.000000</ele>
			</trkpt>
			<trkpt lat="50.598950" lon="14.677124">
				<ele>370.000000</ele>
			</trkpt>
			<trkpt lat="50.598950" lon="14.677124">
				<ele>370.000000</ele>
			</trkpt>
			<trkpt lat="50.598962" lon="14.677107">
				<ele>370.000000</ele>
			</trkpt>
			<trkpt lat="50.599048" lon="14.676954">
				<ele>370.000000</ele>
			</trkpt>
			<trkpt lat="50.599127" lon="14.676810">
				<ele>370.000000</ele>
			</trkpt>
			<trkpt lat="50.599184" lon="14.676666">
				<ele>370.000000</ele>
			</trkpt>
			<trkpt lat="50.599230" lon="14.676486">
				<ele>370.000000</ele>
			</trkpt>
			<trkpt lat="50.599253" lon="14.676271">
				<ele>370.000000</ele>
			</trkpt>
			<trkpt lat="50.599270" lon="14.676028">
				<ele>370.000000</ele>
			</trkpt>
			<trkpt lat="50.599287" lon="14.675579">
				<ele>370.000000</ele>
			</trkpt>
			<trkpt lat="50.599304" lon="14.675355">
				<ele>370.000000</ele>
			</trkpt>
			<trkpt lat="50.599333" lon="14.675094">
				<ele>370.000000</ele>
			</trkpt>
			<trkpt lat="50.599378" lon="14.674933">
				<ele>370.000000</ele>
			</trkpt>
			<trkpt lat="50.599441" lon="14.674797">
				<ele>370.000000</ele>
			</trkpt>
			<trkpt lat="50.599549" lon="14.674644">
				<ele>370.000000</ele>
			</trkpt>
			<trkpt lat="50.599754" lon="14.674402">
				<ele>368.000000</ele>
			</trkpt>
			<trkpt lat="50.599925" lon="14.674250">
				<ele>367.000000</ele>
			</trkpt>
			<trkpt lat="50.600023" lon="14.674187">
				<ele>367.000000</ele>
			</trkpt>
			<trkpt lat="50.600085" lon="14.674160">
				<ele>366.000000</ele>
			</trkpt>
			<trkpt lat="50.600148" lon="14.674160">
				<ele>365.000000</ele>
			</trkpt>
			<trkpt lat="50.600291" lon="14.674187">
				<ele>365.000000</ele>
			</trkpt>
			<trkpt lat="50.600644" lon="14.674285">
				<ele>362.000000</ele>
			</trkpt>
			<trkpt lat="50.600735" lon="14.674294">
				<ele>360.000000</ele>
			</trkpt>
			<trkpt lat="50.600798" lon="14.674312">
				<ele>359.000000</ele>
			</trkpt>
			<trkpt lat="50.600849" lon="14.674294">
				<ele>358.000000</ele>
			</trkpt>
			<trkpt lat="50.600884" lon="14.674268">
				<ele>358.000000</ele>
			</trkpt>
			<trkpt lat="50.600923" lon="14.674223">
				<ele>357.000000</ele>
			</trkpt>
			<trkpt lat="50.600957" lon="14.674187">
				<ele>356.000000</ele>
			</trkpt>
			<trkpt lat="50.601134" lon="14.673855">
				<ele>356.000000</ele>
			</trkpt>
			<trkpt lat="50.601197" lon="14.673755">
				<ele>357.000000</ele>
			</trkpt>
			<trkpt lat="50.601260" lon="14.673684">
				<ele>357.000000</ele>
			</trkpt>
			<trkpt lat="50.601442" lon="14.673531">
				<ele>359.000000</ele>
			</trkpt>
			<trkpt lat="50.601476" lon="14.673486">
				<ele>359.000000</ele>
			</trkpt>
			<trkpt lat="50.601522" lon="14.673405">
				<ele>360.000000</ele>
			</trkpt>
			<trkpt lat="50.601556" lon="14.673306">
				<ele>360.000000</ele>
			</trkpt>
			<trkpt lat="50.601590" lon="14.673172">
				<ele>360.000000</ele>
			</trkpt>
			<trkpt lat="50.601653" lon="14.672973">
				<ele>360.000000</ele>
			</trkpt>
			<trkpt lat="50.601716" lon="14.672794">
				<ele>360.000000</ele>
			</trkpt>
			<trkpt lat="50.601745" lon="14.672669">
				<ele>360.000000</ele>
			</trkpt>
			<trkpt lat="50.601750" lon="14.672552">
				<ele>360.000000</ele>
			</trkpt>
			<trkpt lat="50.601745" lon="14.672130">
				<ele>362.000000</ele>
			</trkpt>
			<trkpt lat="50.601761" lon="14.671878">
				<ele>362.000000</ele>
			</trkpt>
			<trkpt lat="50.601750" lon="14.671744">
				<ele>362.000000</ele>
			</trkpt>
			<trkpt lat="50.601767" lon="14.671608">
				<ele>361.000000</ele>
			</trkpt>
			<trkpt lat="50.601813" lon="14.671447">
				<ele>361.000000</ele>
			</trkpt>
			<trkpt lat="50.601859" lon="14.671276">
				<ele>361.000000</ele>
			</trkpt>
			<trkpt lat="50.601921" lon="14.671105">
				<ele>361.000000</ele>
			</trkpt>
			<trkpt lat="50.602001" lon="14.670944">
				<ele>361.000000</ele>
			</trkpt>
			<trkpt lat="50.602093" lon="14.670773">
				<ele>362.000000</ele>
			</trkpt>
			<trkpt lat="50.602252" lon="14.670486">
				<ele>363.000000</ele>
			</trkpt>
			<trkpt lat="50.602423" lon="14.670172">
				<ele>365.000000</ele>
			</trkpt>
			<trkpt lat="50.602634" lon="14.669677">
				<ele>366.000000</ele>
			</trkpt>
			<trkpt lat="50.602725" lon="14.669488">
				<ele>366.000000</ele>
			</trkpt>
			<trkpt lat="50.602816" lon="14.669327">
				<ele>366.000000</ele>
			</trkpt>
			<trkpt lat="50.603084" lon="14.668851">
				<ele>371.000000</ele>
			</trkpt>
			<trkpt lat="50.603136" lon="14.668770">
				<ele>371.000000</ele>
			</trkpt>
			<trkpt lat="50.603170" lon="14.668671">
				<ele>372.000000</ele>
			</trkpt>
			<trkpt lat="50.603198" lon="14.668572">
				<ele>372.000000</ele>
			</trkpt>
			<trkpt lat="50.603227" lon="14.668474">
				<ele>372.000000</ele>
			</trkpt>
			<trkpt lat="50.603250" lon="14.668222">
				<ele>372.000000</ele>
			</trkpt>
			<trkpt lat="50.603296" lon="14.667692">
				<ele>374.000000</ele>
			</trkpt>
			<trkpt lat="50.603347" lon="14.667099">
				<ele>373.000000</ele>
			</trkpt>
			<trkpt lat="50.603444" lon="14.666362">
				<ele>372.000000</ele>
			</trkpt>
			<trkpt lat="50.603444" lon="14.666255">
				<ele>372.000000</ele>
			</trkpt>
			<trkpt lat="50.603426" lon="14.666128">
				<ele>372.000000</ele>
			</trkpt>
			<trkpt lat="50.603335" lon="14.665644">
				<ele>370.000000</ele>
			</trkpt>
			<trkpt lat="50.603296" lon="14.665392">
				<ele>369.000000</ele>
			</trkpt>
			<trkpt lat="50.603250" lon="14.665105">
				<ele>367.000000</ele>
			</trkpt>
			<trkpt lat="50.603250" lon="14.664970">
				<ele>365.000000</ele>
			</trkpt>
			<trkpt lat="50.603261" lon="14.664853">
				<ele>364.000000</ele>
			</trkpt>
			<trkpt lat="50.603296" lon="14.664773">
				<ele>363.000000</ele>
			</trkpt>
			<trkpt lat="50.603358" lon="14.664727">
				<ele>362.000000</ele>
			</trkpt>
			<trkpt lat="50.603449" lon="14.664710">
				<ele>361.000000</ele>
			</trkpt>
			<trkpt lat="50.603529" lon="14.664736">
				<ele>361.000000</ele>
			</trkpt>
			<trkpt lat="50.603609" lon="14.664809">
				<ele>359.000000</ele>
			</trkpt>
			<trkpt lat="50.603774" lon="14.664962">
				<ele>357.000000</ele>
			</trkpt>
			<trkpt lat="50.603825" lon="14.665006">
				<ele>356.000000</ele>
			</trkpt>
			<trkpt lat="50.603882" lon="14.665015">
				<ele>356.000000</ele>
			</trkpt>
			<trkpt lat="50.603928" lon="14.665015">
				<ele>356.000000</ele>
			</trkpt>
			<trkpt lat="50.603968" lon="14.664962">
				<ele>356.000000</ele>
			</trkpt>
			<trkpt lat="50.603980" lon="14.664934">
				<ele>356.000000</ele>
			</trkpt>
			<trkpt lat="50.603991" lon="14.664889">
				<ele>356.000000</ele>
			</trkpt>
			<trkpt lat="50.603980" lon="14.664809">
				<ele>356.000000</ele>
			</trkpt>
			<trkpt lat="50.603945" lon="14.664683">
				<ele>357.000000</ele>
			</trkpt>
			<trkpt lat="50.603871" lon="14.664457">
				<ele>356.000000</ele>
			</trkpt>
			<trkpt lat="50.603797" lon="14.664270">
				<ele>357.000000</ele>
			</trkpt>
			<trkpt lat="50.603638" lon="14.663937">
				<ele>350.000000</ele>
			</trkpt>
			<trkpt lat="50.603518" lon="14.663677">
				<ele>341.000000</ele>
			</trkpt>
			<trkpt lat="50.603501" lon="14.663595">
				<ele>340.000000</ele>
			</trkpt>
			<trkpt lat="50.603483" lon="14.663524">
				<ele>339.000000</ele>
			</trkpt>
			<trkpt lat="50.603483" lon="14.663470">
				<ele>338.000000</ele>
			</trkpt>
			<trkpt lat="50.603501" lon="14.663425">
				<ele>336.000000</ele>
			</trkpt>
			<trkpt lat="50.603535" lon="14.663371">
				<ele>334.000000</ele>
			</trkpt>
			<trkpt lat="50.603586" lon="14.663308">
				<ele>332.000000</ele>
			</trkpt>
			<trkpt lat="50.603695" lon="14.663228">
				<ele>331.000000</ele>
			</trkpt>
			<trkpt lat="50.603837" lon="14.663182">
				<ele>333.000000</ele>
			</trkpt>
			<trkpt lat="50.603877" lon="14.663155">
				<ele>334.000000</ele>
			</trkpt>
			<trkpt lat="50.603900" lon="14.663102">
				<ele>336.000000</ele>
			</trkpt>
			<trkpt lat="50.603923" lon="14.663029">
				<ele>341.000000</ele>
			</trkpt>
			<trkpt lat="50.603911" lon="14.662967">
				<ele>343.000000</ele>
			</trkpt>
			<trkpt lat="50.603894" lon="14.662939">
				<ele>343.000000</ele>
			</trkpt>
			<trkpt lat="50.603866" lon="14.662904">
				<ele>343.000000</ele>
			</trkpt>
			<trkpt lat="50.603820" lon="14.662859">
				<ele>341.000000</ele>
			</trkpt>
			<trkpt lat="50.603774" lon="14.662832">
				<ele>340.000000</ele>
			</trkpt>
			<trkpt lat="50.603586" lon="14.662733">
				<ele>334.000000</ele>
			</trkpt>
			<trkpt lat="50.603524" lon="14.662662">
				<ele>333.000000</ele>
			</trkpt>
			<trkpt lat="50.603444" lon="14.662580">
				<ele>330.000000</ele>
			</trkpt>
			<trkpt lat="50.603324" lon="14.662419">
				<ele>327.000000</ele>
			</trkpt>
			<trkpt lat="50.603227" lon="14.662230">
				<ele>325.000000</ele>
			</trkpt>
			<trkpt lat="50.603170" lon="14.662096">
				<ele>324.000000</ele>
			</trkpt>
			<trkpt lat="50.603136" lon="14.661997">
				<ele>323.000000</ele>
			</trkpt>
			<trkpt lat="50.603107" lon="14.661889">
				<ele>322.000000</ele>
			</trkpt>
			<trkpt lat="50.603090" lon="14.661773">
				<ele>322.000000</ele>
			</trkpt>
			<trkpt lat="50.602999" lon="14.661081">
				<ele>318.000000</ele>
			</trkpt>
			<trkpt lat="50.602930" lon="14.660685">
				<ele>318.000000</ele>
			</trkpt>
			<trkpt lat="50.602879" lon="14.660452">
				<ele>319.000000</ele>
			</trkpt>
			<trkpt lat="50.602839" lon="14.660289">
				<ele>320.000000</ele>
			</trkpt>
			<trkpt lat="50.602788" lon="14.660138">
				<ele>320.000000</ele>
			</trkpt>
			<trkpt lat="50.602714" lon="14.659966">
				<ele>320.000000</ele>
			</trkpt>
			<trkpt lat="50.602634" lon="14.659813">
				<ele>320.000000</ele>
			</trkpt>
			<trkpt lat="50.602543" lon="14.659706">
				<ele>318.000000</ele>
			</trkpt>
			<trkpt lat="50.602451" lon="14.659616">
				<ele>315.000000</ele>
			</trkpt>
			<trkpt lat="50.602337" lon="14.659562">
				<ele>313.000000</ele>
			</trkpt>
			<trkpt lat="50.602275" lon="14.659562">
				<ele>311.000000</ele>
			</trkpt>
			<trkpt lat="50.602218" lon="14.659562">
				<ele>311.000000</ele>
			</trkpt>
			<trkpt lat="50.602030" lon="14.659633">
				<ele>310.000000</ele>
			</trkpt>
			<trkpt lat="50.601932" lon="14.659652">
				<ele>310.000000</ele>
			</trkpt>
			<trkpt lat="50.601733" lon="14.659679">
				<ele>307.000000</ele>
			</trkpt>
			<trkpt lat="50.601665" lon="14.659679">
				<ele>305.000000</ele>
			</trkpt>
			<trkpt lat="50.601590" lon="14.659652">
				<ele>305.000000</ele>
			</trkpt>
			<trkpt lat="50.601528" lon="14.659580">
				<ele>305.000000</ele>
			</trkpt>
			<trkpt lat="50.601403" lon="14.659383">
				<ele>306.000000</ele>
			</trkpt>
			<trkpt lat="50.601237" lon="14.659059">
				<ele>308.000000</ele>
			</trkpt>
			<trkpt lat="50.601157" lon="14.658907">
				<ele>308.000000</ele>
			</trkpt>
			<trkpt lat="50.600957" lon="14.658565">
				<ele>305.000000</ele>
			</trkpt>
			<trkpt lat="50.600849" lon="14.658404">
				<ele>303.000000</ele>
			</trkpt>
			<trkpt lat="50.600724" lon="14.658260">
				<ele>301.000000</ele>
			</trkpt>
			<trkpt lat="50.600587" lon="14.658134">
				<ele>300.000000</ele>
			</trkpt>
			<trkpt lat="50.600319" lon="14.657936">
				<ele>300.000000</ele>
			</trkpt>
			<trkpt lat="50.600273" lon="14.657891">
				<ele>300.000000</ele>
			</trkpt>
			<trkpt lat="50.600216" lon="14.657882">
				<ele>300.000000</ele>
			</trkpt>
			<trkpt lat="50.600182" lon="14.657909">
				<ele>300.000000</ele>
			</trkpt>
			<trkpt lat="50.600154" lon="14.657936">
				<ele>300.000000</ele>
			</trkpt>
			<trkpt lat="50.600068" lon="14.658107">
				<ele>300.000000</ele>
			</trkpt>
			<trkpt lat="50.600005" lon="14.658205">
				<ele>299.000000</ele>
			</trkpt>
			<trkpt lat="50.599948" lon="14.658278">
				<ele>298.000000</ele>
			</trkpt>
			<trkpt lat="50.599868" lon="14.658350">
				<ele>294.000000</ele>
			</trkpt>
			<trkpt lat="50.599772" lon="14.658421">
				<ele>291.000000</ele>
			</trkpt>
			<trkpt lat="50.599709" lon="14.658448">
				<ele>291.000000</ele>
			</trkpt>
			<trkpt lat="50.599646" lon="14.658467">
				<ele>290.000000</ele>
			</trkpt>
			<trkpt lat="50.599583" lon="14.658448">
				<ele>290.000000</ele>
			</trkpt>
			<trkpt lat="50.599430" lon="14.658412">
				<ele>290.000000</ele>
			</trkpt>
			<trkpt lat="50.599339" lon="14.658394">
				<ele>290.000000</ele>
			</trkpt>
			<trkpt lat="50.599247" lon="14.658412">
				<ele>290.000000</ele>
			</trkpt>
			<trkpt lat="50.599150" lon="14.658440">
				<ele>290.000000</ele>
			</trkpt>
			<trkpt lat="50.598934" lon="14.658511">
				<ele>290.000000</ele>
			</trkpt>
			<trkpt lat="50.598882" lon="14.658557">
				<ele>290.000000</ele>
			</trkpt>
			<trkpt lat="50.598825" lon="14.658610">
				<ele>290.000000</ele>
			</trkpt>
			<trkpt lat="50.598757" lon="14.658700">
				<ele>290.000000</ele>
			</trkpt>
			<trkpt lat="50.598694" lon="14.658744">
				<ele>289.000000</ele>
			</trkpt>
			<trkpt lat="50.598631" lon="14.658771">
				<ele>288.000000</ele>
			</trkpt>
			<trkpt lat="50.598546" lon="14.658781">
				<ele>286.000000</ele>
			</trkpt>
			<trkpt lat="50.598466" lon="14.658754">
				<ele>284.000000</ele>
			</trkpt>
			<trkpt lat="50.598358" lon="14.658673">
				<ele>282.000000</ele>
			</trkpt>
			<trkpt lat="50.598260" lon="14.658251">
				<ele>281.000000</ele>
			</trkpt>
			<trkpt lat="50.598203" lon="14.657999">
				<ele>282.000000</ele>
			</trkpt>
			<trkpt lat="50.598175" lon="14.657802">
				<ele>283.000000</ele>
			</trkpt>
			<trkpt lat="50.598158" lon="14.657604">
				<ele>283.000000</ele>
			</trkpt>
			<trkpt lat="50.598158" lon="14.657469">
				<ele>282.000000</ele>
			</trkpt>
			<trkpt lat="50.598164" lon="14.657316">
				<ele>282.000000</ele>
			</trkpt>
			<trkpt lat="50.598203" lon="14.657002">
				<ele>280.000000</ele>
			</trkpt>
			<trkpt lat="50.598260" lon="14.656652">
				<ele>279.000000</ele>
			</trkpt>
			<trkpt lat="50.598278" lon="14.656526">
				<ele>279.000000</ele>
			</trkpt>
			<trkpt lat="50.598289" lon="14.656400">
				<ele>279.000000</ele>
			</trkpt>
			<trkpt lat="50.598272" lon="14.656274">
				<ele>279.000000</ele>
			</trkpt>
			<trkpt lat="50.598141" lon="14.655664">
				<ele>275.000000</ele>
			</trkpt>
			<trkpt lat="50.598089" lon="14.655394">
				<ele>274.000000</ele>
			</trkpt>
			<trkpt lat="50.598044" lon="14.655098">
				<ele>273.000000</ele>
			</trkpt>
			<trkpt lat="50.598016" lon="14.654775">
				<ele>272.000000</ele>
			</trkpt>
			<trkpt lat="50.597975" lon="14.654595">
				<ele>272.000000</ele>
			</trkpt>
			<trkpt lat="50.597941" lon="14.654406">
				<ele>272.000000</ele>
			</trkpt>
			<trkpt lat="50.597879" lon="14.653886">
				<ele>271.000000</ele>
			</trkpt>
			<trkpt lat="50.598118" lon="14.652771">
				<ele>270.000000</ele>
			</trkpt>
			<trkpt lat="50.598198" lon="14.652412">
				<ele>270.000000</ele>
			</trkpt>
			<trkpt lat="50.598301" lon="14.652043">
				<ele>270.000000</ele>
			</trkpt>
			<trkpt lat="50.598455" lon="14.651352">
				<ele>270.000000</ele>
			</trkpt>
			<trkpt lat="50.598483" lon="14.651172">
				<ele>270.000000</ele>
			</trkpt>
			<trkpt lat="50.598478" lon="14.651028">
				<ele>270.000000</ele>
			</trkpt>
			<trkpt lat="50.598455" lon="14.650903">
				<ele>270.000000</ele>
			</trkpt>
			<trkpt lat="50.598409" lon="14.650714">
				<ele>270.000000</ele>
			</trkpt>
			<trkpt lat="50.598346" lon="14.650507">
				<ele>270.000000</ele>
			</trkpt>
			<trkpt lat="50.598323" lon="14.650408">
				<ele>270.000000</ele>
			</trkpt>
			<trkpt lat="50.598317" lon="14.650291">
				<ele>270.000000</ele>
			</trkpt>
			<trkpt lat="50.598317" lon="14.650085">
				<ele>269.000000</ele>
			</trkpt>
			<trkpt lat="50.598352" lon="14.649752">
				<ele>269.000000</ele>
			</trkpt>
			<trkpt lat="50.598392" lon="14.649402">
				<ele>269.000000</ele>
			</trkpt>
			<trkpt lat="50.598500" lon="14.648666">
				<ele>269.000000</ele>
			</trkpt>
			<trkpt lat="50.598535" lon="14.648261">
				<ele>269.000000</ele>
			</trkpt>
			<trkpt lat="50.598643" lon="14.648127">
				<ele>268.000000</ele>
			</trkpt>
			<trkpt lat="50.599036" lon="14.647641">
				<ele>268.000000</ele>
			</trkpt>
			<trkpt lat="50.599082" lon="14.646995">
				<ele>268.000000</ele>
			</trkpt>
			<trkpt lat="50.599116" lon="14.646357">
				<ele>268.000000</ele>
			</trkpt>
			<trkpt lat="50.599127" lon="14.645809">
				<ele>267.000000</ele>
			</trkpt>
			<trkpt lat="50.599150" lon="14.644264">
				<ele>268.000000</ele>
			</trkpt>
			<trkpt lat="50.599150" lon="14.643968">
				<ele>268.000000</ele>
			</trkpt>
			<trkpt lat="50.599139" lon="14.643689">
				<ele>268.000000</ele>
			</trkpt>
			<trkpt lat="50.599116" lon="14.643437">
				<ele>268.000000</ele>
			</trkpt>
			<trkpt lat="50.599076" lon="14.643196">
				<ele>268.000000</ele>
			</trkpt>
			<trkpt lat="50.598996" lon="14.643240">
				<ele>268.000000</ele>
			</trkpt>
			<trkpt lat="50.598859" lon="14.643339">
				<ele>268.000000</ele>
			</trkpt>
			<trkpt lat="50.598814" lon="14.643366">
				<ele>268.000000</ele>
			</trkpt>
			<trkpt lat="50.598763" lon="14.643383">
				<ele>268.000000</ele>
			</trkpt>
			<trkpt lat="50.598717" lon="14.643383">
				<ele>268.000000</ele>
			</trkpt>
			<trkpt lat="50.598671" lon="14.643366">
				<ele>268.000000</ele>
			</trkpt>
			<trkpt lat="50.598574" lon="14.643293">
				<ele>268.000000</ele>
			</trkpt>
			<trkpt lat="50.598392" lon="14.643114">
				<ele>268.000000</ele>
			</trkpt>
			<trkpt lat="50.598266" lon="14.643016">
				<ele>268.000000</ele>
			</trkpt>
			<trkpt lat="50.598158" lon="14.642961">
				<ele>269.000000</ele>
			</trkpt>
			<trkpt lat="50.598061" lon="14.642961">
				<ele>269.000000</ele>
			</trkpt>
			<trkpt lat="50.597941" lon="14.643006">
				<ele>268.000000</ele>
			</trkpt>
			<trkpt lat="50.597719" lon="14.643133">
				<ele>269.000000</ele>
			</trkpt>
			<trkpt lat="50.597308" lon="14.643420">
				<ele>269.000000</ele>
			</trkpt>
			<trkpt lat="50.597223" lon="14.643446">
				<ele>270.000000</ele>
			</trkpt>
			<trkpt lat="50.597155" lon="14.643464">
				<ele>270.000000</ele>
			</trkpt>
			<trkpt lat="50.597075" lon="14.643437">
				<ele>270.000000</ele>
			</trkpt>
			<trkpt lat="50.596984" lon="14.643383">
				<ele>270.000000</ele>
			</trkpt>
			<trkpt lat="50.596875" lon="14.643320">
				<ele>270.000000</ele>
			</trkpt>
			<trkpt lat="50.596818" lon="14.643320">
				<ele>270.000000</ele>
			</trkpt>
			<trkpt lat="50.596772" lon="14.643330">
				<ele>270.000000</ele>
			</trkpt>
			<trkpt lat="50.596721" lon="14.643339">
				<ele>270.000000</ele>
			</trkpt>
			<trkpt lat="50.596675" lon="14.643366">
				<ele>269.000000</ele>
			</trkpt>
			<trkpt lat="50.596584" lon="14.643437">
				<ele>269.000000</ele>
			</trkpt>
			<trkpt lat="50.596162" lon="14.643896">
				<ele>269.000000</ele>
			</trkpt>
			<trkpt lat="50.596065" lon="14.643976">
				<ele>269.000000</ele>
			</trkpt>
			<trkpt lat="50.595985" lon="14.644012">
				<ele>269.000000</ele>
			</trkpt>
			<trkpt lat="50.595905" lon="14.644022">
				<ele>269.000000</ele>
			</trkpt>
			<trkpt lat="50.595780" lon="14.644012">
				<ele>269.000000</ele>
			</trkpt>
			<trkpt lat="50.595661" lon="14.643995">
				<ele>268.000000</ele>
			</trkpt>
			<trkpt lat="50.595552" lon="14.643940">
				<ele>268.000000</ele>
			</trkpt>
			<trkpt lat="50.595455" lon="14.643869">
				<ele>268.000000</ele>
			</trkpt>
			<trkpt lat="50.595375" lon="14.643788">
				<ele>268.000000</ele>
			</trkpt>
			<trkpt lat="50.595290" lon="14.643643">
				<ele>268.000000</ele>
			</trkpt>
			<trkpt lat="50.594634" lon="14.642377">
				<ele>267.000000</ele>
			</trkpt>
			<trkpt lat="50.594423" lon="14.642647">
				<ele>267.000000</ele>
			</trkpt>
			<trkpt lat="50.594246" lon="14.642907">
				<ele>267.000000</ele>
			</trkpt>
			<trkpt lat="50.593648" lon="14.643886">
				<ele>267.000000</ele>
			</trkpt>
			<trkpt lat="50.593534" lon="14.644058">
				<ele>267.000000</ele>
			</trkpt>
			<trkpt lat="50.593488" lon="14.644138">
				<ele>267.000000</ele>
			</trkpt>
			<trkpt lat="50.593425" lon="14.644299">
				<ele>267.000000</ele>
			</trkpt>
			<trkpt lat="50.593396" lon="14.644372">
				<ele>267.000000</ele>
			</trkpt>
			<trkpt lat="50.593351" lon="14.644498">
				<ele>267.000000</ele>
			</trkpt>
			<trkpt lat="50.593322" lon="14.644551">
				<ele>267.000000</ele>
			</trkpt>
			<trkpt lat="50.593288" lon="14.644578">
				<ele>267.000000</ele>
			</trkpt>
			<trkpt lat="50.593254" lon="14.644596">
				<ele>267.000000</ele>
			</trkpt>
			<trkpt lat="50.593208" lon="14.644605">
				<ele>267.000000</ele>
			</trkpt>
			<trkpt lat="50.593100" lon="14.644578">
				<ele>267.000000</ele>
			</trkpt>
			<trkpt lat="50.592958" lon="14.644488">
				<ele>267.000000</ele>
			</trkpt>
			<trkpt lat="50.592901" lon="14.644389">
				<ele>268.000000</ele>
			</trkpt>
			<trkpt lat="50.592849" lon="14.644299">
				<ele>268.000000</ele>
			</trkpt>
			<trkpt lat="50.592359" lon="14.643725">
				<ele>280.000000</ele>
			</trkpt>
			<trkpt lat="50.592290" lon="14.643626">
				<ele>281.000000</ele>
			</trkpt>
			<trkpt lat="50.592216" lon="14.643519">
				<ele>282.000000</ele>
			</trkpt>
			<trkpt lat="50.592119" lon="14.643293">
				<ele>283.000000</ele>
			</trkpt>
			<trkpt lat="50.592091" lon="14.643249">
				<ele>283.000000</ele>
			</trkpt>
			<trkpt lat="50.592034" lon="14.643133">
				<ele>282.000000</ele>
			</trkpt>
			<trkpt lat="50.591982" lon="14.642953">
				<ele>283.000000</ele>
			</trkpt>
			<trkpt lat="50.591959" lon="14.642854">
				<ele>284.000000</ele>
			</trkpt>
			<trkpt lat="50.591942" lon="14.642737">
				<ele>284.000000</ele>
			</trkpt>
			<trkpt lat="50.591925" lon="14.642431">
				<ele>284.000000</ele>
			</trkpt>
			<trkpt lat="50.591914" lon="14.642090">
				<ele>283.000000</ele>
			</trkpt>
			<trkpt lat="50.591914" lon="14.642090">
				<ele>283.000000</ele>
			</trkpt>
			<trkpt lat="50.591914" lon="14.642064">
				<ele>283.000000</ele>
			</trkpt>
			<trkpt lat="50.591902" lon="14.641596">
				<ele>285.000000</ele>
			</trkpt>
			<trkpt lat="50.591874" lon="14.640932">
				<ele>287.000000</ele>
			</trkpt>
			<trkpt lat="50.591885" lon="14.640733">
				<ele>287.000000</ele>
			</trkpt>
			<trkpt lat="50.591902" lon="14.640517">
				<ele>288.000000</ele>
			</trkpt>
			<trkpt lat="50.591942" lon="14.640141">
				<ele>289.000000</ele>
			</trkpt>
			<trkpt lat="50.591954" lon="14.639871">
				<ele>291.000000</ele>
			</trkpt>
			<trkpt lat="50.591959" lon="14.639674">
				<ele>292.000000</ele>
			</trkpt>
			<trkpt lat="50.592016" lon="14.639278">
				<ele>294.000000</ele>
			</trkpt>
			<trkpt lat="50.592130" lon="14.638362">
				<ele>296.000000</ele>
			</trkpt>
			<trkpt lat="50.592028" lon="14.637806">
				<ele>291.000000</ele>
			</trkpt>
			<trkpt lat="50.591920" lon="14.637150">
				<ele>284.000000</ele>
			</trkpt>
			<trkpt lat="50.591822" lon="14.636466">
				<ele>277.000000</ele>
			</trkpt>
			<trkpt lat="50.591897" lon="14.635865">
				<ele>277.000000</ele>
			</trkpt>
			<trkpt lat="50.591942" lon="14.635604">
				<ele>276.000000</ele>
			</trkpt>
			<trkpt lat="50.591993" lon="14.635326">
				<ele>276.000000</ele>
			</trkpt>
			<trkpt lat="50.592011" lon="14.635227">
				<ele>277.000000</ele>
			</trkpt>
			<trkpt lat="50.592016" lon="14.635110">
				<ele>276.000000</ele>
			</trkpt>
			<trkpt lat="50.592016" lon="14.635011">
				<ele>275.000000</ele>
			</trkpt>
			<trkpt lat="50.592011" lon="14.634894">
				<ele>273.000000</ele>
			</trkpt>
			<trkpt lat="50.590722" lon="14.634085">
				<ele>264.000000</ele>
			</trkpt>
			<trkpt lat="50.590574" lon="14.633781">
				<ele>264.000000</ele>
			</trkpt>
			<trkpt lat="50.590151" lon="14.633458">
				<ele>268.000000</ele>
			</trkpt>
			<trkpt lat="50.590151" lon="14.633305">
				<ele>267.000000</ele>
			</trkpt>
			<trkpt lat="50.590197" lon="14.633116">
				<ele>265.000000</ele>
			</trkpt>
			<trkpt lat="50.590055" lon="14.633009">
				<ele>265.000000</ele>
			</trkpt>
			<trkpt lat="50.589907" lon="14.632909">
				<ele>266.000000</ele>
			</trkpt>
			<trkpt lat="50.589792" lon="14.632829">
				<ele>266.000000</ele>
			</trkpt>
			<trkpt lat="50.589718" lon="14.632730">
				<ele>267.000000</ele>
			</trkpt>
			<trkpt lat="50.589689" lon="14.632667">
				<ele>267.000000</ele>
			</trkpt>
			<trkpt lat="50.589661" lon="14.632604">
				<ele>267.000000</ele>
			</trkpt>
			<trkpt lat="50.589638" lon="14.632443">
				<ele>267.000000</ele>
			</trkpt>
			<trkpt lat="50.589598" lon="14.632064">
				<ele>267.000000</ele>
			</trkpt>
			<trkpt lat="50.589553" lon="14.631571">
				<ele>268.000000</ele>
			</trkpt>
			<trkpt lat="50.589518" lon="14.631355">
				<ele>268.000000</ele>
			</trkpt>
			<trkpt lat="50.589427" lon="14.631076">
				<ele>269.000000</ele>
			</trkpt>
			<trkpt lat="50.589382" lon="14.630959">
				<ele>269.000000</ele>
			</trkpt>
			<trkpt lat="50.589325" lon="14.630879">
				<ele>269.000000</ele>
			</trkpt>
			<trkpt lat="50.589188" lon="14.630726">
				<ele>270.000000</ele>
			</trkpt>
			<trkpt lat="50.589119" lon="14.630672">
				<ele>271.000000</ele>
			</trkpt>
			<trkpt lat="50.589056" lon="14.630628">
				<ele>271.000000</ele>
			</trkpt>
			<trkpt lat="50.588903" lon="14.630573">
				<ele>271.000000</ele>
			</trkpt>
			<trkpt lat="50.588669" lon="14.630519">
				<ele>271.000000</ele>
			</trkpt>
			<trkpt lat="50.588309" lon="14.630448">
				<ele>270.000000</ele>
			</trkpt>
			<trkpt lat="50.588098" lon="14.630393">
				<ele>270.000000</ele>
			</trkpt>
			<trkpt lat="50.587825" lon="14.630286">
				<ele>270.000000</ele>
			</trkpt>
			<trkpt lat="50.587562" lon="14.630160">
				<ele>270.000000</ele>
			</trkpt>
			<trkpt lat="50.587117" lon="14.629900">
				<ele>270.000000</ele>
			</trkpt>
			<trkpt lat="50.587117" lon="14.629900">
				<ele>270.000000</ele>
			</trkpt>
			<trkpt lat="50.587094" lon="14.629882">
				<ele>270.000000</ele>
			</trkpt>
			<trkpt lat="50.587083" lon="14.630106">
				<ele>270.000000</ele>
			</trkpt>
			<trkpt lat="50.587026" lon="14.631139">
				<ele>273.000000</ele>
			</trkpt>
			<trkpt lat="50.586964" lon="14.631122">
				<ele>273.000000</ele>
			</trkpt>
			<trkpt lat="50.586907" lon="14.631139">
				<ele>273.000000</ele>
			</trkpt>
			<trkpt lat="50.586844" lon="14.631166">
				<ele>273.000000</ele>
			</trkpt>
			<trkpt lat="50.586752" lon="14.631256">
				<ele>273.000000</ele>
			</trkpt>
			<trkpt lat="50.586251" lon="14.631804">
				<ele>273.000000</ele>
			</trkpt>
			<trkpt lat="50.585920" lon="14.632164">
				<ele>273.000000</ele>
			</trkpt>
			<trkpt lat="50.585743" lon="14.632361">
				<ele>273.000000</ele>
			</trkpt>
			<trkpt lat="50.585617" lon="14.632774">
				<ele>272.000000</ele>
			</trkpt>
			<trkpt lat="50.585270" lon="14.633934">
				<ele>272.000000</ele>
			</trkpt>
			<trkpt lat="50.585002" lon="14.634617">
				<ele>271.000000</ele>
			</trkpt>
			<trkpt lat="50.584722" lon="14.634598">
				<ele>270.000000</ele>
			</trkpt>
			<trkpt lat="50.584642" lon="14.634607">
				<ele>270.000000</ele>
			</trkpt>
			<trkpt lat="50.584579" lon="14.634571">
				<ele>270.000000</ele>
			</trkpt>
			<trkpt lat="50.584528" lon="14.634535">
				<ele>270.000000</ele>
			</trkpt>
			<trkpt lat="50.584437" lon="14.634437">
				<ele>270.000000</ele>
			</trkpt>
			<trkpt lat="50.584380" lon="14.634382">
				<ele>270.000000</ele>
			</trkpt>
			<trkpt lat="50.584328" lon="14.634338">
				<ele>270.000000</ele>
			</trkpt>
			<trkpt lat="50.584271" lon="14.634320">
				<ele>270.000000</ele>
			</trkpt>
			<trkpt lat="50.584220" lon="14.634311">
				<ele>270.000000</ele>
			</trkpt>
			<trkpt lat="50.583895" lon="14.634284">
				<ele>270.000000</ele>
			</trkpt>
			<trkpt lat="50.583741" lon="14.634275">
				<ele>269.000000</ele>
			</trkpt>
			<trkpt lat="50.583502" lon="14.634212">
				<ele>268.000000</ele>
			</trkpt>
			<trkpt lat="50.583302" lon="14.634185">
				<ele>267.000000</ele>
			</trkpt>
			<trkpt lat="50.583142" lon="14.634194">
				<ele>267.000000</ele>
			</trkpt>
			<trkpt lat="50.582926" lon="14.634194">
				<ele>267.000000</ele>
			</trkpt>
			<trkpt lat="50.582680" lon="14.634148">
				<ele>269.000000</ele>
			</trkpt>
			<trkpt lat="50.582486" lon="14.634148">
				<ele>269.000000</ele>
			</trkpt>
			<trkpt lat="50.582161" lon="14.634167">
				<ele>269.000000</ele>
			</trkpt>
			<trkpt lat="50.581887" lon="14.634202">
				<ele>270.000000</ele>
			</trkpt>
			<trkpt lat="50.581699" lon="14.634248">
				<ele>272.000000</ele>
			</trkpt>
			<trkpt lat="50.581476" lon="14.634301">
				<ele>272.000000</ele>
			</trkpt>
			<trkpt lat="50.581334" lon="14.634347">
				<ele>273.000000</ele>
			</trkpt>
			<trkpt lat="50.581191" lon="14.634427">
				<ele>272.000000</ele>
			</trkpt>
			<trkpt lat="50.580963" lon="14.634607">
				<ele>271.000000</ele>
			</trkpt>
			<trkpt lat="50.580832" lon="14.634688">
				<ele>270.000000</ele>
			</trkpt>
			<trkpt lat="50.580741" lon="14.634733">
				<ele>270.000000</ele>
			</trkpt>
			<trkpt lat="50.580666" lon="14.634787">
				<ele>270.000000</ele>
			</trkpt>
			<trkpt lat="50.580478" lon="14.634984">
				<ele>269.000000</ele>
			</trkpt>
			<trkpt lat="50.580159" lon="14.635362">
				<ele>269.000000</ele>
			</trkpt>
			<trkpt lat="50.580022" lon="14.635514">
				<ele>269.000000</ele>
			</trkpt>
			<trkpt lat="50.579640" lon="14.635999">
				<ele>270.000000</ele>
			</trkpt>
			<trkpt lat="50.579434" lon="14.636269">
				<ele>271.000000</ele>
			</trkpt>
			<trkpt lat="50.579297" lon="14.636466">
				<ele>271.000000</ele>
			</trkpt>
			<trkpt lat="50.579172" lon="14.636691">
				<ele>272.000000</ele>
			</trkpt>
			<trkpt lat="50.579058" lon="14.636988">
				<ele>273.000000</ele>
			</trkpt>
			<trkpt lat="50.579012" lon="14.637114">
				<ele>273.000000</ele>
			</trkpt>
			<trkpt lat="50.578978" lon="14.637185">
				<ele>274.000000</ele>
			</trkpt>
			<trkpt lat="50.578932" lon="14.637248">
				<ele>274.000000</ele>
			</trkpt>
			<trkpt lat="50.578875" lon="14.637301">
				<ele>274.000000</ele>
			</trkpt>
			<trkpt lat="50.578778" lon="14.637374">
				<ele>275.000000</ele>
			</trkpt>
			<trkpt lat="50.578710" lon="14.637454">
				<ele>275.000000</ele>
			</trkpt>
			<trkpt lat="50.578635" lon="14.637563">
				<ele>275.000000</ele>
			</trkpt>
			<trkpt lat="50.578562" lon="14.637688">
				<ele>276.000000</ele>
			</trkpt>
			<trkpt lat="50.578208" lon="14.638372">
				<ele>276.000000</ele>
			</trkpt>
			<trkpt lat="50.578128" lon="14.638550">
				<ele>276.000000</ele>
			</trkpt>
			<trkpt lat="50.577700" lon="14.639512">
				<ele>269.000000</ele>
			</trkpt>
			<trkpt lat="50.577454" lon="14.639674">
				<ele>270.000000</ele>
			</trkpt>
			<trkpt lat="50.576605" lon="14.641318">
				<ele>271.000000</ele>
			</trkpt>
			<trkpt lat="50.576571" lon="14.641632">
				<ele>271.000000</ele>
			</trkpt>
			<trkpt lat="50.576331" lon="14.642225">
				<ele>272.000000</ele>
			</trkpt>
			<trkpt lat="50.576006" lon="14.642970">
				<ele>270.000000</ele>
			</trkpt>
			<trkpt lat="50.575635" lon="14.643653">
				<ele>268.000000</ele>
			</trkpt>
			<trkpt lat="50.575384" lon="14.643949">
				<ele>269.000000</ele>
			</trkpt>
			<trkpt lat="50.575179" lon="14.644264">
				<ele>269.000000</ele>
			</trkpt>
			<trkpt lat="50.574699" lon="14.645171">
				<ele>269.000000</ele>
			</trkpt>
			<trkpt lat="50.574619" lon="14.645341">
				<ele>269.000000</ele>
			</trkpt>
			<trkpt lat="50.574334" lon="14.646024">
				<ele>268.000000</ele>
			</trkpt>
			<trkpt lat="50.574220" lon="14.646322">
				<ele>269.000000</ele>
			</trkpt>
			<trkpt lat="50.574094" lon="14.646672">
				<ele>268.000000</ele>
			</trkpt>
			<trkpt lat="50.573969" lon="14.647066">
				<ele>269.000000</ele>
			</trkpt>
			<trkpt lat="50.573884" lon="14.647399">
				<ele>270.000000</ele>
			</trkpt>
			<trkpt lat="50.573781" lon="14.647651">
				<ele>270.000000</ele>
			</trkpt>
			<trkpt lat="50.573678" lon="14.647920">
				<ele>271.000000</ele>
			</trkpt>
			<trkpt lat="50.573536" lon="14.648217">
				<ele>272.000000</ele>
			</trkpt>
			<trkpt lat="50.573330" lon="14.648603">
				<ele>273.000000</ele>
			</trkpt>
			<trkpt lat="50.573119" lon="14.648333">
				<ele>273.000000</ele>
			</trkpt>
			<trkpt lat="50.572902" lon="14.648054">
				<ele>271.000000</ele>
			</trkpt>
			<trkpt lat="50.572800" lon="14.647920">
				<ele>274.000000</ele>
			</trkpt>
			<trkpt lat="50.572800" lon="14.647920">
				<ele>274.000000</ele>
			</trkpt>
			<trkpt lat="50.572765" lon="14.647867">
				<ele>275.000000</ele>
			</trkpt>
			<trkpt lat="50.571841" lon="14.649941">
				<ele>272.000000</ele>
			</trkpt>
			<trkpt lat="50.571778" lon="14.650067">
				<ele>272.000000</ele>
			</trkpt>
			<trkpt lat="50.571659" lon="14.650238">
				<ele>273.000000</ele>
			</trkpt>
			<trkpt lat="50.571533" lon="14.650454">
				<ele>274.000000</ele>
			</trkpt>
			<trkpt lat="50.571419" lon="14.650704">
				<ele>274.000000</ele>
			</trkpt>
			<trkpt lat="50.571356" lon="14.650830">
				<ele>273.000000</ele>
			</trkpt>
			<trkpt lat="50.571276" lon="14.650957">
				<ele>273.000000</ele>
			</trkpt>
			<trkpt lat="50.571185" lon="14.651056">
				<ele>273.000000</ele>
			</trkpt>
			<trkpt lat="50.571139" lon="14.651117">
				<ele>272.000000</ele>
			</trkpt>
			<trkpt lat="50.571116" lon="14.651163">
				<ele>272.000000</ele>
			</trkpt>
			<trkpt lat="50.571088" lon="14.651217">
				<ele>271.000000</ele>
			</trkpt>
			<trkpt lat="50.571088" lon="14.651289">
				<ele>271.000000</ele>
			</trkpt>
			<trkpt lat="50.570997" lon="14.651370">
				<ele>271.000000</ele>
			</trkpt>
			<trkpt lat="50.570666" lon="14.651630">
				<ele>270.000000</ele>
			</trkpt>
			<trkpt lat="50.570477" lon="14.651729">
				<ele>271.000000</ele>
			</trkpt>
			<trkpt lat="50.570084" lon="14.652088">
				<ele>271.000000</ele>
			</trkpt>
			<trkpt lat="50.569993" lon="14.652151">
				<ele>272.000000</ele>
			</trkpt>
			<trkpt lat="50.569913" lon="14.652196">
				<ele>273.000000</ele>
			</trkpt>
			<trkpt lat="50.569822" lon="14.652223">
				<ele>273.000000</ele>
			</trkpt>
			<trkpt lat="50.569708" lon="14.652259">
				<ele>274.000000</ele>
			</trkpt>
			<trkpt lat="50.568994" lon="14.652754">
				<ele>276.000000</ele>
			</trkpt>
			<trkpt lat="50.568926" lon="14.652798">
				<ele>275.000000</ele>
			</trkpt>
			<trkpt lat="50.568612" lon="14.653041">
				<ele>276.000000</ele>
			</trkpt>
			<trkpt lat="50.568412" lon="14.653167">
				<ele>275.000000</ele>
			</trkpt>
			<trkpt lat="50.568258" lon="14.653238">
				<ele>276.000000</ele>
			</trkpt>
			<trkpt lat="50.567984" lon="14.653373">
				<ele>274.000000</ele>
			</trkpt>
			<trkpt lat="50.567847" lon="14.653417">
				<ele>274.000000</ele>
			</trkpt>
			<trkpt lat="50.567585" lon="14.653490">
				<ele>274.000000</ele>
			</trkpt>
			<trkpt lat="50.567271" lon="14.653570">
				<ele>273.000000</ele>
			</trkpt>
			<trkpt lat="50.567014" lon="14.653633">
				<ele>272.000000</ele>
			</trkpt>
			<trkpt lat="50.566752" lon="14.653714">
				<ele>272.000000</ele>
			</trkpt>
			<trkpt lat="50.566598" lon="14.653759">
				<ele>271.000000</ele>
			</trkpt>
			<trkpt lat="50.566461" lon="14.653831">
				<ele>271.000000</ele>
			</trkpt>
			<trkpt lat="50.566358" lon="14.653903">
				<ele>271.000000</ele>
			</trkpt>
			<trkpt lat="50.566256" lon="14.654002">
				<ele>271.000000</ele>
			</trkpt>
			<trkpt lat="50.566158" lon="14.654136">
				<ele>271.000000</ele>
			</trkpt>
			<trkpt lat="50.566033" lon="14.654343">
				<ele>271.000000</ele>
			</trkpt>
			<trkpt lat="50.565833" lon="14.654217">
				<ele>272.000000</ele>
			</trkpt>
			<trkpt lat="50.565674" lon="14.654092">
				<ele>273.000000</ele>
			</trkpt>
			<trkpt lat="50.565594" lon="14.654020">
				<ele>272.000000</ele>
			</trkpt>
			<trkpt lat="50.565502" lon="14.653957">
				<ele>272.000000</ele>
			</trkpt>
			<trkpt lat="50.565377" lon="14.653894">
				<ele>273.000000</ele>
			</trkpt>
			<trkpt lat="50.565211" lon="14.653857">
				<ele>274.000000</ele>
			</trkpt>
			<trkpt lat="50.565085" lon="14.653831">
				<ele>274.000000</ele>
			</trkpt>
			<trkpt lat="50.565000" lon="14.653831">
				<ele>275.000000</ele>
			</trkpt>
			<trkpt lat="50.564908" lon="14.653876">
				<ele>275.000000</ele>
			</trkpt>
			<trkpt lat="50.564789" lon="14.653957">
				<ele>275.000000</ele>
			</trkpt>
			<trkpt lat="50.564721" lon="14.654002">
				<ele>276.000000</ele>
			</trkpt>
			<trkpt lat="50.564629" lon="14.654056">
				<ele>277.000000</ele>
			</trkpt>
			<trkpt lat="50.564612" lon="14.654316">
				<ele>279.000000</ele>
			</trkpt>
			<trkpt lat="50.564326" lon="14.655062">
				<ele>282.000000</ele>
			</trkpt>
			<trkpt lat="50.564424" lon="14.655251">
				<ele>282.000000</ele>
			</trkpt>
			<trkpt lat="50.564601" lon="14.655574">
				<ele>282.000000</ele>
			</trkpt>
			<trkpt lat="50.564464" lon="14.655708">
				<ele>282.000000</ele>
			</trkpt>
			<trkpt lat="50.564258" lon="14.655915">
				<ele>283.000000</ele>
			</trkpt>
			<trkpt lat="50.563990" lon="14.656184">
				<ele>284.000000</ele>
			</trkpt>
			<trkpt lat="50.563990" lon="14.656184">
				<ele>284.000000</ele>
			</trkpt>
			<trkpt lat="50.563990" lon="14.656184">
				<ele>284.000000</ele>
			</trkpt>
			<trkpt lat="50.563899" lon="14.656418">
				<ele>283.000000</ele>
			</trkpt>
			<trkpt lat="50.564024" lon="14.656786">
				<ele>283.000000</ele>
			</trkpt>
			<trkpt lat="50.564110" lon="14.657083">
				<ele>281.000000</ele>
			</trkpt>
			<trkpt lat="50.564116" lon="14.657182">
				<ele>280.000000</ele>
			</trkpt>
			<trkpt lat="50.564098" lon="14.657299">
				<ele>280.000000</ele>
			</trkpt>
			<trkpt lat="50.564064" lon="14.657379">
				<ele>279.000000</ele>
			</trkpt>
			<trkpt lat="50.564013" lon="14.657452">
				<ele>279.000000</ele>
			</trkpt>
			<trkpt lat="50.563950" lon="14.657505">
				<ele>279.000000</ele>
			</trkpt>
			<trkpt lat="50.563864" lon="14.657568">
				<ele>279.000000</ele>
			</trkpt>
			<trkpt lat="50.563767" lon="14.657595">
				<ele>278.000000</ele>
			</trkpt>
			<trkpt lat="50.563676" lon="14.657639">
				<ele>278.000000</ele>
			</trkpt>
			<trkpt lat="50.563608" lon="14.657712">
				<ele>277.000000</ele>
			</trkpt>
			<trkpt lat="50.563545" lon="14.657792">
				<ele>277.000000</ele>
			</trkpt>
			<trkpt lat="50.563499" lon="14.657918">
				<ele>276.000000</ele>
			</trkpt>
			<trkpt lat="50.563448" lon="14.658054">
				<ele>274.000000</ele>
			</trkpt>
			<trkpt lat="50.563300" lon="14.658377">
				<ele>271.000000</ele>
			</trkpt>
			<trkpt lat="50.563168" lon="14.658431">
				<ele>271.000000</ele>
			</trkpt>
			<trkpt lat="50.563105" lon="14.658494">
				<ele>271.000000</ele>
			</trkpt>
			<trkpt lat="50.563271" lon="14.659149">
				<ele>270.000000</ele>
			</trkpt>
			<trkpt lat="50.563294" lon="14.659463">
				<ele>271.000000</ele>
			</trkpt>
			<trkpt lat="50.563294" lon="14.660828">
				<ele>272.000000</ele>
			</trkpt>
			<trkpt lat="50.563465" lon="14.661520">
				<ele>275.000000</ele>
			</trkpt>
			<trkpt lat="50.563836" lon="14.662392">
				<ele>275.000000</ele>
			</trkpt>
			<trkpt lat="50.563699" lon="14.662463">
				<ele>277.000000</ele>
			</trkpt>
			<trkpt lat="50.563648" lon="14.662608">
				<ele>278.000000</ele>
			</trkpt>
			<trkpt lat="50.563528" lon="14.662599">
				<ele>280.000000</ele>
			</trkpt>
			<trkpt lat="50.563260" lon="14.662545">
				<ele>280.000000</ele>
			</trkpt>
			<trkpt lat="50.560868" lon="14.663138">
				<ele>281.000000</ele>
			</trkpt>
			<trkpt lat="50.560868" lon="14.663138">
				<ele>281.000000</ele>
			</trkpt>
			<trkpt lat="50.560863" lon="14.663138">
				<ele>281.000000</ele>
			</trkpt>
			<trkpt lat="50.560880" lon="14.663434">
				<ele>281.000000</ele>
			</trkpt>
			<trkpt lat="50.560783" lon="14.663461">
				<ele>282.000000</ele>
			</trkpt>
			<trkpt lat="50.560720" lon="14.663478">
				<ele>282.000000</ele>
			</trkpt>
			<trkpt lat="50.560646" lon="14.663461">
				<ele>282.000000</ele>
			</trkpt>
			<trkpt lat="50.560618" lon="14.663614">
				<ele>282.000000</ele>
			</trkpt>
			<trkpt lat="50.560595" lon="14.663731">
				<ele>283.000000</ele>
			</trkpt>
			<trkpt lat="50.560555" lon="14.663820">
				<ele>283.000000</ele>
			</trkpt>
			<trkpt lat="50.560504" lon="14.663901">
				<ele>283.000000</ele>
			</trkpt>
			<trkpt lat="50.560389" lon="14.664071">
				<ele>284.000000</ele>
			</trkpt>
			<trkpt lat="50.560235" lon="14.664260">
				<ele>286.000000</ele>
			</trkpt>
			<trkpt lat="50.559824" lon="14.664727">
				<ele>286.000000</ele>
			</trkpt>
			<trkpt lat="50.559716" lon="14.664862">
				<ele>285.000000</ele>
			</trkpt>
			<trkpt lat="50.559625" lon="14.664997">
				<ele>283.000000</ele>
			</trkpt>
			<trkpt lat="50.559556" lon="14.665096">
				<ele>283.000000</ele>
			</trkpt>
			<trkpt lat="50.559454" lon="14.665168">
				<ele>282.000000</ele>
			</trkpt>
			<trkpt lat="50.559356" lon="14.665509">
				<ele>281.000000</ele>
			</trkpt>
			<trkpt lat="50.559099" lon="14.666174">
				<ele>280.000000</ele>
			</trkpt>
			<trkpt lat="50.558797" lon="14.667063">
				<ele>279.000000</ele>
			</trkpt>
			<trkpt lat="50.558500" lon="14.668025">
				<ele>278.000000</ele>
			</trkpt>
			<trkpt lat="50.558392" lon="14.668446">
				<ele>278.000000</ele>
			</trkpt>
			<trkpt lat="50.558278" lon="14.668968">
				<ele>278.000000</ele>
			</trkpt>
			<trkpt lat="50.558010" lon="14.669920">
				<ele>277.000000</ele>
			</trkpt>
			<trkpt lat="50.557890" lon="14.670413">
				<ele>276.000000</ele>
			</trkpt>
			<trkpt lat="50.557844" lon="14.670558">
				<ele>276.000000</ele>
			</trkpt>
			<trkpt lat="50.557804" lon="14.670639">
				<ele>276.000000</ele>
			</trkpt>
			<trkpt lat="50.557747" lon="14.670755">
				<ele>276.000000</ele>
			</trkpt>
			<trkpt lat="50.556874" lon="14.671734">
				<ele>276.000000</ele>
			</trkpt>
			<trkpt lat="50.556451" lon="14.672256">
				<ele>276.000000</ele>
			</trkpt>
			<trkpt lat="50.556354" lon="14.672373">
				<ele>276.000000</ele>
			</trkpt>
			<trkpt lat="50.556263" lon="14.672462">
				<ele>276.000000</ele>
			</trkpt>
			<trkpt lat="50.556012" lon="14.672669">
				<ele>275.000000</ele>
			</trkpt>
			<trkpt lat="50.555790" lon="14.672839">
				<ele>275.000000</ele>
			</trkpt>
			<trkpt lat="50.555675" lon="14.672939">
				<ele>275.000000</ele>
			</trkpt>
			<trkpt lat="50.555521" lon="14.673109">
				<ele>275.000000</ele>
			</trkpt>
			<trkpt lat="50.555424" lon="14.673252">
				<ele>275.000000</ele>
			</trkpt>
			<trkpt lat="50.555333" lon="14.673415">
				<ele>275.000000</ele>
			</trkpt>
			<trkpt lat="50.555259" lon="14.673594">
				<ele>275.000000</ele>
			</trkpt>
			<trkpt lat="50.555082" lon="14.674105">
				<ele>275.000000</ele>
			</trkpt>
			<trkpt lat="50.555036" lon="14.674231">
				<ele>275.000000</ele>
			</trkpt>
			<trkpt lat="50.555019" lon="14.674312">
				<ele>275.000000</ele>
			</trkpt>
			<trkpt lat="50.555002" lon="14.674411">
				<ele>275.000000</ele>
			</trkpt>
			<trkpt lat="50.554996" lon="14.674528">
				<ele>275.000000</ele>
			</trkpt>
			<trkpt lat="50.554985" lon="14.674654">
				<ele>276.000000</ele>
			</trkpt>
			<trkpt lat="50.554968" lon="14.674780">
				<ele>276.000000</ele>
			</trkpt>
			<trkpt lat="50.554939" lon="14.674897">
				<ele>276.000000</ele>
			</trkpt>
			<trkpt lat="50.554904" lon="14.675004">
				<ele>276.000000</ele>
			</trkpt>
			<trkpt lat="50.554745" lon="14.675373">
				<ele>276.000000</ele>
			</trkpt>
			<trkpt lat="50.554711" lon="14.675507">
				<ele>276.000000</ele>
			</trkpt>
			<trkpt lat="50.554670" lon="14.675669">
				<ele>276.000000</ele>
			</trkpt>
			<trkpt lat="50.554556" lon="14.676397">
				<ele>276.000000</ele>
			</trkpt>
			<trkpt lat="50.554522" lon="14.676648">
				<ele>276.000000</ele>
			</trkpt>
			<trkpt lat="50.554506" lon="14.676918">
				<ele>276.000000</ele>
			</trkpt>
			<trkpt lat="50.554488" lon="14.677286">
				<ele>276.000000</ele>
			</trkpt>
			<trkpt lat="50.554483" lon="14.677411">
				<ele>276.000000</ele>
			</trkpt>
			<trkpt lat="50.554465" lon="14.677564">
				<ele>276.000000</ele>
			</trkpt>
			<trkpt lat="50.554420" lon="14.677708">
				<ele>276.000000</ele>
			</trkpt>
			<trkpt lat="50.554363" lon="14.677879">
				<ele>276.000000</ele>
			</trkpt>
			<trkpt lat="50.554340" lon="14.678032">
				<ele>276.000000</ele>
			</trkpt>
			<trkpt lat="50.554311" lon="14.678202">
				<ele>276.000000</ele>
			</trkpt>
			<trkpt lat="50.554306" lon="14.678400">
				<ele>276.000000</ele>
			</trkpt>
			<trkpt lat="50.554288" lon="14.678723">
				<ele>276.000000</ele>
			</trkpt>
			<trkpt lat="50.554243" lon="14.679038">
				<ele>276.000000</ele>
			</trkpt>
			<trkpt lat="50.554197" lon="14.679281">
				<ele>276.000000</ele>
			</trkpt>
			<trkpt lat="50.554151" lon="14.679487">
				<ele>277.000000</ele>
			</trkpt>
			<trkpt lat="50.554088" lon="14.679675">
				<ele>277.000000</ele>
			</trkpt>
			<trkpt lat="50.554009" lon="14.679881">
				<ele>277.000000</ele>
			</trkpt>
			<trkpt lat="50.553392" lon="14.681481">
				<ele>279.000000</ele>
			</trkpt>
			<trkpt lat="50.552959" lon="14.682532">
				<ele>281.000000</ele>
			</trkpt>
			<trkpt lat="50.552896" lon="14.682676">
				<ele>281.000000</ele>
			</trkpt>
			<trkpt lat="50.552804" lon="14.682910">
				<ele>282.000000</ele>
			</trkpt>
			<trkpt lat="50.552736" lon="14.683071">
				<ele>283.000000</ele>
			</trkpt>
			<trkpt lat="50.552627" lon="14.683296">
				<ele>284.000000</ele>
			</trkpt>
			<trkpt lat="50.552547" lon="14.683484">
				<ele>284.000000</ele>
			</trkpt>
			<trkpt lat="50.552474" lon="14.683646">
				<ele>285.000000</ele>
			</trkpt>
			<trkpt lat="50.552422" lon="14.683816">
				<ele>285.000000</ele>
			</trkpt>
			<trkpt lat="50.552359" lon="14.684015">
				<ele>286.000000</ele>
			</trkpt>
			<trkpt lat="50.552302" lon="14.684248">
				<ele>286.000000</ele>
			</trkpt>
			<trkpt lat="50.552108" lon="14.685120">
				<ele>288.000000</ele>
			</trkpt>
			<trkpt lat="50.552040" lon="14.685371">
				<ele>288.000000</ele>
			</trkpt>
			<trkpt lat="50.551948" lon="14.685676">
				<ele>289.000000</ele>
			</trkpt>
			<trkpt lat="50.551840" lon="14.686009">
				<ele>289.000000</ele>
			</trkpt>
			<trkpt lat="50.551772" lon="14.686179">
				<ele>289.000000</ele>
			</trkpt>
			<trkpt lat="50.551098" lon="14.687302">
				<ele>289.000000</ele>
			</trkpt>
			<trkpt lat="50.550858" lon="14.687697">
				<ele>290.000000</ele>
			</trkpt>
			<trkpt lat="50.550653" lon="14.688093">
				<ele>290.000000</ele>
			</trkpt>
			<trkpt lat="50.550470" lon="14.688461">
				<ele>291.000000</ele>
			</trkpt>
			<trkpt lat="50.550305" lon="14.688847">
				<ele>291.000000</ele>
			</trkpt>
			<trkpt lat="50.550122" lon="14.689288">
				<ele>291.000000</ele>
			</trkpt>
			<trkpt lat="50.549962" lon="14.689737">
				<ele>290.000000</ele>
			</trkpt>
			<trkpt lat="50.549882" lon="14.689979">
				<ele>290.000000</ele>
			</trkpt>
			<trkpt lat="50.549882" lon="14.689979">
				<ele>290.000000</ele>
			</trkpt>
			<trkpt lat="50.549882" lon="14.689979">
				<ele>290.000000</ele>
			</trkpt>
			<trkpt lat="50.549722" lon="14.690545">
				<ele>290.000000</ele>
			</trkpt>
			<trkpt lat="50.549659" lon="14.690770">
				<ele>290.000000</ele>
			</trkpt>
			<trkpt lat="50.549608" lon="14.690994">
				<ele>291.000000</ele>
			</trkpt>
			<trkpt lat="50.549511" lon="14.691542">
				<ele>293.000000</ele>
			</trkpt>
			<trkpt lat="50.549431" lon="14.692055">
				<ele>294.000000</ele>
			</trkpt>
			<trkpt lat="50.549368" lon="14.692297">
				<ele>295.000000</ele>
			</trkpt>
			<trkpt lat="50.549334" lon="14.692441">
				<ele>295.000000</ele>
			</trkpt>
			<trkpt lat="50.549289" lon="14.692539">
				<ele>296.000000</ele>
			</trkpt>
			<trkpt lat="50.549232" lon="14.692638">
				<ele>296.000000</ele>
			</trkpt>
			<trkpt lat="50.549163" lon="14.692745">
				<ele>296.000000</ele>
			</trkpt>
			<trkpt lat="50.548792" lon="14.693240">
				<ele>298.000000</ele>
			</trkpt>
			<trkpt lat="50.548587" lon="14.693600">
				<ele>300.000000</ele>
			</trkpt>
			<trkpt lat="50.548426" lon="14.693877">
				<ele>301.000000</ele>
			</trkpt>
			<trkpt lat="50.548278" lon="14.694192">
				<ele>302.000000</ele>
			</trkpt>
			<trkpt lat="50.548090" lon="14.694561">
				<ele>304.000000</ele>
			</trkpt>
			<trkpt lat="50.547736" lon="14.695154">
				<ele>307.000000</ele>
			</trkpt>
			<trkpt lat="50.547467" lon="14.695621">
				<ele>311.000000</ele>
			</trkpt>
			<trkpt lat="50.547308" lon="14.695908">
				<ele>312.000000</ele>
			</trkpt>
			<trkpt lat="50.547176" lon="14.696204">
				<ele>314.000000</ele>
			</trkpt>
			<trkpt lat="50.547034" lon="14.696555">
				<ele>317.000000</ele>
			</trkpt>
			<trkpt lat="50.546452" lon="14.697831">
				<ele>326.000000</ele>
			</trkpt>
			<trkpt lat="50.546234" lon="14.698298">
				<ele>327.000000</ele>
			</trkpt>
			<trkpt lat="50.546058" lon="14.698720">
				<ele>328.000000</ele>
			</trkpt>
			<trkpt lat="50.545920" lon="14.699087">
				<ele>329.000000</ele>
			</trkpt>
			<trkpt lat="50.545806" lon="14.699456">
				<ele>329.000000</ele>
			</trkpt>
			<trkpt lat="50.545698" lon="14.699869">
				<ele>330.000000</ele>
			</trkpt>
			<trkpt lat="50.545635" lon="14.700139">
				<ele>331.000000</ele>
			</trkpt>
			<trkpt lat="50.545550" lon="14.700561">
				<ele>333.000000</ele>
			</trkpt>
			<trkpt lat="50.545504" lon="14.700750">
				<ele>333.000000</ele>
			</trkpt>
			<trkpt lat="50.545458" lon="14.700911">
				<ele>333.000000</ele>
			</trkpt>
			<trkpt lat="50.545407" lon="14.701074">
				<ele>334.000000</ele>
			</trkpt>
			<trkpt lat="50.545355" lon="14.701227">
				<ele>334.000000</ele>
			</trkpt>
			<trkpt lat="50.545093" lon="14.701792">
				<ele>336.000000</ele>
			</trkpt>
			<trkpt lat="50.544968" lon="14.702116">
				<ele>337.000000</ele>
			</trkpt>
			<trkpt lat="50.544899" lon="14.702286">
				<ele>338.000000</ele>
			</trkpt>
			<trkpt lat="50.544773" lon="14.702628">
				<ele>341.000000</ele>
			</trkpt>
			<trkpt lat="50.544693" lon="14.702816">
				<ele>342.000000</ele>
			</trkpt>
			<trkpt lat="50.544602" lon="14.702969">
				<ele>343.000000</ele>
			</trkpt>
			<trkpt lat="50.544465" lon="14.703148">
				<ele>345.000000</ele>
			</trkpt>
			<trkpt lat="50.544305" lon="14.703337">
				<ele>346.000000</ele>
			</trkpt>
			<trkpt lat="50.544025" lon="14.703678">
				<ele>348.000000</ele>
			</trkpt>
			<trkpt lat="50.543848" lon="14.703903">
				<ele>350.000000</ele>
			</trkpt>
			<trkpt lat="50.543689" lon="14.704146">
				<ele>351.000000</ele>
			</trkpt>
			<trkpt lat="50.543529" lon="14.704397">
				<ele>352.000000</ele>
			</trkpt>
			<trkpt lat="50.543443" lon="14.704523">
				<ele>353.000000</ele>
			</trkpt>
			<trkpt lat="50.543363" lon="14.704630">
				<ele>353.000000</ele>
			</trkpt>
			<trkpt lat="50.543283" lon="14.704712">
				<ele>354.000000</ele>
			</trkpt>
			<trkpt lat="50.543186" lon="14.704802">
				<ele>354.000000</ele>
			</trkpt>
			<trkpt lat="50.542986" lon="14.704963">
				<ele>356.000000</ele>
			</trkpt>
			<trkpt lat="50.542592" lon="14.705305">
				<ele>359.000000</ele>
			</trkpt>
			<trkpt lat="50.542307" lon="14.705538">
				<ele>361.000000</ele>
			</trkpt>
			<trkpt lat="50.542107" lon="14.705691">
				<ele>362.000000</ele>
			</trkpt>
			<trkpt lat="50.541947" lon="14.705879">
				<ele>365.000000</ele>
			</trkpt>
			<trkpt lat="50.541788" lon="14.706077">
				<ele>369.000000</ele>
			</trkpt>
			<trkpt lat="50.541679" lon="14.706158">
				<ele>370.000000</ele>
			</trkpt>
			<trkpt lat="50.541616" lon="14.706203">
				<ele>372.000000</ele>
			</trkpt>
			<trkpt lat="50.541525" lon="14.706230">
				<ele>373.000000</ele>
			</trkpt>
			<trkpt lat="50.541434" lon="14.706248">
				<ele>375.000000</ele>
			</trkpt>
			<trkpt lat="50.541228" lon="14.706274">
				<ele>377.000000</ele>
			</trkpt>
			<trkpt lat="50.540914" lon="14.706320">
				<ele>379.000000</ele>
			</trkpt>
			<trkpt lat="50.540708" lon="14.706364">
				<ele>381.000000</ele>
			</trkpt>
			<trkpt lat="50.540508" lon="14.706454">
				<ele>384.000000</ele>
			</trkpt>
			<trkpt lat="50.540292" lon="14.706561">
				<ele>388.000000</ele>
			</trkpt>
			<trkpt lat="50.540178" lon="14.706634">
				<ele>389.000000</ele>
			</trkpt>
			<trkpt lat="50.540097" lon="14.706724">
				<ele>391.000000</ele>
			</trkpt>
			<trkpt lat="50.540024" lon="14.706831">
				<ele>392.000000</ele>
			</trkpt>
			<trkpt lat="50.539961" lon="14.706966">
				<ele>393.000000</ele>
			</trkpt>
			<trkpt lat="50.539641" lon="14.707856">
				<ele>400.000000</ele>
			</trkpt>
			<trkpt lat="50.539533" lon="14.708108">
				<ele>402.000000</ele>
			</trkpt>
			<trkpt lat="50.539384" lon="14.708431">
				<ele>404.000000</ele>
			</trkpt>
			<trkpt lat="50.539213" lon="14.708745">
				<ele>405.000000</ele>
			</trkpt>
			<trkpt lat="50.538990" lon="14.709087">
				<ele>408.000000</ele>
			</trkpt>
			<trkpt lat="50.538819" lon="14.709311">
				<ele>411.000000</ele>
			</trkpt>
			<trkpt lat="50.538727" lon="14.709356">
				<ele>411.000000</ele>
			</trkpt>
			<trkpt lat="50.538613" lon="14.709427">
				<ele>413.000000</ele>
			</trkpt>
			<trkpt lat="50.538276" lon="14.709697">
				<ele>415.000000</ele>
			</trkpt>
			<trkpt lat="50.538111" lon="14.709850">
				<ele>415.000000</ele>
			</trkpt>
			<trkpt lat="50.537974" lon="14.709993">
				<ele>414.000000</ele>
			</trkpt>
			<trkpt lat="50.537860" lon="14.710165">
				<ele>414.000000</ele>
			</trkpt>
			<trkpt lat="50.537711" lon="14.710416">
				<ele>414.000000</ele>
			</trkpt>
			<trkpt lat="50.537528" lon="14.710785">
				<ele>415.000000</ele>
			</trkpt>
			<trkpt lat="50.537408" lon="14.711054">
				<ele>415.000000</ele>
			</trkpt>
			<trkpt lat="50.537311" lon="14.711351">
				<ele>415.000000</ele>
			</trkpt>
			<trkpt lat="50.537038" lon="14.712257">
				<ele>416.000000</ele>
			</trkpt>
			<trkpt lat="50.536963" lon="14.712527">
				<ele>415.000000</ele>
			</trkpt>
			<trkpt lat="50.536918" lon="14.712743">
				<ele>413.000000</ele>
			</trkpt>
			<trkpt lat="50.536912" lon="14.712949">
				<ele>412.000000</ele>
			</trkpt>
			<trkpt lat="50.536929" lon="14.713165">
				<ele>412.000000</ele>
			</trkpt>
			<trkpt lat="50.536946" lon="14.713372">
				<ele>414.000000</ele>
			</trkpt>
			<trkpt lat="50.536958" lon="14.713498">
				<ele>415.000000</ele>
			</trkpt>
			<trkpt lat="50.536940" lon="14.713614">
				<ele>416.000000</ele>
			</trkpt>
			<trkpt lat="50.536906" lon="14.713731">
				<ele>417.000000</ele>
			</trkpt>
			<trkpt lat="50.536781" lon="14.713955">
				<ele>417.000000</ele>
			</trkpt>
			<trkpt lat="50.536735" lon="14.714064">
				<ele>417.000000</ele>
			</trkpt>
			<trkpt lat="50.536706" lon="14.714180">
				<ele>417.000000</ele>
			</trkpt>
			<trkpt lat="50.536700" lon="14.714324">
				<ele>417.000000</ele>
			</trkpt>
			<trkpt lat="50.536689" lon="14.714521">
				<ele>417.000000</ele>
			</trkpt>
			<trkpt lat="50.536684" lon="14.714620">
				<ele>417.000000</ele>
			</trkpt>
			<trkpt lat="50.536655" lon="14.714701">
				<ele>417.000000</ele>
			</trkpt>
			<trkpt lat="50.536627" lon="14.714790">
				<ele>417.000000</ele>
			</trkpt>
			<trkpt lat="50.536592" lon="14.714844">
				<ele>417.000000</ele>
			</trkpt>
			<trkpt lat="50.536495" lon="14.714953">
				<ele>417.000000</ele>
			</trkpt>
			<trkpt lat="50.536393" lon="14.715060">
				<ele>417.000000</ele>
			</trkpt>
			<trkpt lat="50.536312" lon="14.715167">
				<ele>419.000000</ele>
			</trkpt>
			<trkpt lat="50.536232" lon="14.715312">
				<ele>420.000000</ele>
			</trkpt>
			<trkpt lat="50.536152" lon="14.715509">
				<ele>421.000000</ele>
			</trkpt>
			<trkpt lat="50.536152" lon="14.715788">
				<ele>423.000000</ele>
			</trkpt>
			<trkpt lat="50.536169" lon="14.716031">
				<ele>424.000000</ele>
			</trkpt>
			<trkpt lat="50.536198" lon="14.716272">
				<ele>427.000000</ele>
			</trkpt>
			<trkpt lat="50.536209" lon="14.716408">
				<ele>427.000000</ele>
			</trkpt>
			<trkpt lat="50.536209" lon="14.716551">
				<ele>428.000000</ele>
			</trkpt>
			<trkpt lat="50.536193" lon="14.716704">
				<ele>428.000000</ele>
			</trkpt>
			<trkpt lat="50.536175" lon="14.716901">
				<ele>429.000000</ele>
			</trkpt>
			<trkpt lat="50.536039" lon="14.717611">
				<ele>432.000000</ele>
			</trkpt>
			<trkpt lat="50.535975" lon="14.717756">
				<ele>431.000000</ele>
			</trkpt>
			<trkpt lat="50.535873" lon="14.718150">
				<ele>430.000000</ele>
			</trkpt>
			<trkpt lat="50.535873" lon="14.718356">
				<ele>430.000000</ele>
			</trkpt>
			<trkpt lat="50.535878" lon="14.718473">
				<ele>431.000000</ele>
			</trkpt>
			<trkpt lat="50.535901" lon="14.718591">
				<ele>432.000000</ele>
			</trkpt>
			<trkpt lat="50.535935" lon="14.718698">
				<ele>433.000000</ele>
			</trkpt>
			<trkpt lat="50.535981" lon="14.718851">
				<ele>434.000000</ele>
			</trkpt>
			<trkpt lat="50.536010" lon="14.719022">
				<ele>435.000000</ele>
			</trkpt>
			<trkpt lat="50.536016" lon="14.719192">
				<ele>436.000000</ele>
			</trkpt>
			<trkpt lat="50.536027" lon="14.719534">
				<ele>437.000000</ele>
			</trkpt>
			<trkpt lat="50.536044" lon="14.719758">
				<ele>437.000000</ele>
			</trkpt>
			<trkpt lat="50.536084" lon="14.719938">
				<ele>438.000000</ele>
			</trkpt>
			<trkpt lat="50.536078" lon="14.719938">
				<ele>438.000000</ele>
			</trkpt>
			<trkpt lat="50.536078" lon="14.719938">
				<ele>438.000000</ele>
			</trkpt>
			<trkpt lat="50.536084" lon="14.719938">
				<ele>438.000000</ele>
			</trkpt>
			<trkpt lat="50.536118" lon="14.720064">
				<ele>439.000000</ele>
			</trkpt>
			<trkpt lat="50.536181" lon="14.720207">
				<ele>440.000000</ele>
			</trkpt>
			<trkpt lat="50.536461" lon="14.720729">
				<ele>447.000000</ele>
			</trkpt>
			<trkpt lat="50.536643" lon="14.721178">
				<ele>450.000000</ele>
			</trkpt>
			<trkpt lat="50.536678" lon="14.721295">
				<ele>450.000000</ele>
			</trkpt>
			<trkpt lat="50.536723" lon="14.721393">
				<ele>450.000000</ele>
			</trkpt>
			<trkpt lat="50.536786" lon="14.721492">
				<ele>451.000000</ele>
			</trkpt>
			<trkpt lat="50.536866" lon="14.721582">
				<ele>452.000000</ele>
			</trkpt>
			<trkpt lat="50.537174" lon="14.721941">
				<ele>455.000000</ele>
			</trkpt>
			<trkpt lat="50.537511" lon="14.722148">
				<ele>459.000000</ele>
			</trkpt>
			<trkpt lat="50.538282" lon="14.722597">
				<ele>472.000000</ele>
			</trkpt>
			<trkpt lat="50.538591" lon="14.722777">
				<ele>474.000000</ele>
			</trkpt>
			<trkpt lat="50.538796" lon="14.722930">
				<ele>475.000000</ele>
			</trkpt>
			<trkpt lat="50.538893" lon="14.723001">
				<ele>474.000000</ele>
			</trkpt>
			<trkpt lat="50.539041" lon="14.723073">
				<ele>474.000000</ele>
			</trkpt>
			<trkpt lat="50.539138" lon="14.723100">
				<ele>474.000000</ele>
			</trkpt>
			<trkpt lat="50.539167" lon="14.723100">
				<ele>474.000000</ele>
			</trkpt>
			<trkpt lat="50.539184" lon="14.723082">
				<ele>475.000000</ele>
			</trkpt>
			<trkpt lat="50.539190" lon="14.723056">
				<ele>476.000000</ele>
			</trkpt>
			<trkpt lat="50.539201" lon="14.723010">
				<ele>478.000000</ele>
			</trkpt>
			<trkpt lat="50.539190" lon="14.722939">
				<ele>480.000000</ele>
			</trkpt>
			<trkpt lat="50.539173" lon="14.722911">
				<ele>481.000000</ele>
			</trkpt>
			<trkpt lat="50.539150" lon="14.722903">
				<ele>480.000000</ele>
			</trkpt>
			<trkpt lat="50.538967" lon="14.722731">
				<ele>485.000000</ele>
			</trkpt>
			<trkpt lat="50.538813" lon="14.722614">
				<ele>485.000000</ele>
			</trkpt>
			<trkpt lat="50.538721" lon="14.722525">
				<ele>486.000000</ele>
			</trkpt>
			<trkpt lat="50.538636" lon="14.722408">
				<ele>487.000000</ele>
			</trkpt>
			<trkpt lat="50.538562" lon="14.722264">
				<ele>490.000000</ele>
			</trkpt>
			<trkpt lat="50.538442" lon="14.722014">
				<ele>496.000000</ele>
			</trkpt>
			<trkpt lat="50.538351" lon="14.721779">
				<ele>501.000000</ele>
			</trkpt>
			<trkpt lat="50.538271" lon="14.721519">
				<ele>506.000000</ele>
			</trkpt>
			<trkpt lat="50.538145" lon="14.721096">
				<ele>511.000000</ele>
			</trkpt>
			<trkpt lat="50.538088" lon="14.720899">
				<ele>513.000000</ele>
			</trkpt>
			<trkpt lat="50.538071" lon="14.720792">
				<ele>515.000000</ele>
			</trkpt>
			<trkpt lat="50.538065" lon="14.720675">
				<ele>517.000000</ele>
			</trkpt>
			<trkpt lat="50.538060" lon="14.720530">
				<ele>520.000000</ele>
			</trkpt>
			<trkpt lat="50.538082" lon="14.720199">
				<ele>527.000000</ele>
			</trkpt>
			<trkpt lat="50.538105" lon="14.719938">
				<ele>532.000000</ele>
			</trkpt>
			<trkpt lat="50.538122" lon="14.719687">
				<ele>536.000000</ele>
			</trkpt>
			<trkpt lat="50.538139" lon="14.719408">
				<ele>538.000000</ele>
			</trkpt>
			<trkpt lat="50.538157" lon="14.719238">
				<ele>538.000000</ele>
			</trkpt>
			<trkpt lat="50.538185" lon="14.719048">
				<ele>539.000000</ele>
			</trkpt>
			<trkpt lat="50.538310" lon="14.718528">
				<ele>542.000000</ele>
			</trkpt>
			<trkpt lat="50.538362" lon="14.718446">
				<ele>544.000000</ele>
			</trkpt>
			<trkpt lat="50.538419" lon="14.718419">
				<ele>548.000000</ele>
			</trkpt>
			<trkpt lat="50.538471" lon="14.718419">
				<ele>550.000000</ele>
			</trkpt>
			<trkpt lat="50.538528" lon="14.718456">
				<ele>554.000000</ele>
			</trkpt>
			<trkpt lat="50.538716" lon="14.718626">
				<ele>561.000000</ele>
			</trkpt>
			<trkpt lat="50.538825" lon="14.718735">
				<ele>564.000000</ele>
			</trkpt>
			<trkpt lat="50.538910" lon="14.718869">
				<ele>567.000000</ele>
			</trkpt>
			<trkpt lat="50.539018" lon="14.719022">
				<ele>570.000000</ele>
			</trkpt>
			<trkpt lat="50.539075" lon="14.719129">
				<ele>572.000000</ele>
			</trkpt>
			<trkpt lat="50.539110" lon="14.719219">
				<ele>574.000000</ele>
			</trkpt>
			<trkpt lat="50.539184" lon="14.719444">
				<ele>582.000000</ele>
			</trkpt>
			<trkpt lat="50.539390" lon="14.720217">
				<ele>595.000000</ele>
			</trkpt>
			<trkpt lat="50.539504" lon="14.720746">
				<ele>598.000000</ele>
			</trkpt>
			<trkpt lat="50.539504" lon="14.720746">
				<ele>598.000000</ele>
			</trkpt>
			<trkpt lat="50.539390" lon="14.720217">
				<ele>595.000000</ele>
			</trkpt>
			<trkpt lat="50.539184" lon="14.719444">
				<ele>582.000000</ele>
			</trkpt>
			<trkpt lat="50.539110" lon="14.719219">
				<ele>574.000000</ele>
			</trkpt>
			<trkpt lat="50.539075" lon="14.719129">
				<ele>572.000000</ele>
			</trkpt>
			<trkpt lat="50.539018" lon="14.719022">
				<ele>570.000000</ele>
			</trkpt>
			<trkpt lat="50.538910" lon="14.718869">
				<ele>567.000000</ele>
			</trkpt>
			<trkpt lat="50.538825" lon="14.718735">
				<ele>564.000000</ele>
			</trkpt>
			<trkpt lat="50.538716" lon="14.718626">
				<ele>561.000000</ele>
			</trkpt>
			<trkpt lat="50.538528" lon="14.718456">
				<ele>554.000000</ele>
			</trkpt>
			<trkpt lat="50.538471" lon="14.718419">
				<ele>550.000000</ele>
			</trkpt>
			<trkpt lat="50.538419" lon="14.718419">
				<ele>548.000000</ele>
			</trkpt>
			<trkpt lat="50.538362" lon="14.718446">
				<ele>544.000000</ele>
			</trkpt>
			<trkpt lat="50.538310" lon="14.718528">
				<ele>542.000000</ele>
			</trkpt>
			<trkpt lat="50.538185" lon="14.719048">
				<ele>539.000000</ele>
			</trkpt>
			<trkpt lat="50.538157" lon="14.719238">
				<ele>538.000000</ele>
			</trkpt>
			<trkpt lat="50.538139" lon="14.719408">
				<ele>538.000000</ele>
			</trkpt>
			<trkpt lat="50.538122" lon="14.719687">
				<ele>536.000000</ele>
			</trkpt>
			<trkpt lat="50.538105" lon="14.719938">
				<ele>532.000000</ele>
			</trkpt>
			<trkpt lat="50.538082" lon="14.720199">
				<ele>527.000000</ele>
			</trkpt>
			<trkpt lat="50.538060" lon="14.720530">
				<ele>520.000000</ele>
			</trkpt>
			<trkpt lat="50.538065" lon="14.720675">
				<ele>517.000000</ele>
			</trkpt>
			<trkpt lat="50.538071" lon="14.720792">
				<ele>515.000000</ele>
			</trkpt>
			<trkpt lat="50.538088" lon="14.720899">
				<ele>513.000000</ele>
			</trkpt>
			<trkpt lat="50.538145" lon="14.721096">
				<ele>511.000000</ele>
			</trkpt>
			<trkpt lat="50.538271" lon="14.721519">
				<ele>506.000000</ele>
			</trkpt>
			<trkpt lat="50.538351" lon="14.721779">
				<ele>501.000000</ele>
			</trkpt>
			<trkpt lat="50.538442" lon="14.722014">
				<ele>496.000000</ele>
			</trkpt>
			<trkpt lat="50.538562" lon="14.722264">
				<ele>490.000000</ele>
			</trkpt>
			<trkpt lat="50.538636" lon="14.722408">
				<ele>487.000000</ele>
			</trkpt>
			<trkpt lat="50.538721" lon="14.722525">
				<ele>486.000000</ele>
			</trkpt>
			<trkpt lat="50.538813" lon="14.722614">
				<ele>485.000000</ele>
			</trkpt>
			<trkpt lat="50.538967" lon="14.722731">
				<ele>485.000000</ele>
			</trkpt>
			<trkpt lat="50.539150" lon="14.722903">
				<ele>480.000000</ele>
			</trkpt>
			<trkpt lat="50.539173" lon="14.722911">
				<ele>481.000000</ele>
			</trkpt>
			<trkpt lat="50.539190" lon="14.722939">
				<ele>480.000000</ele>
			</trkpt>
			<trkpt lat="50.539201" lon="14.723010">
				<ele>478.000000</ele>
			</trkpt>
			<trkpt lat="50.539190" lon="14.723056">
				<ele>476.000000</ele>
			</trkpt>
			<trkpt lat="50.539184" lon="14.723082">
				<ele>475.000000</ele>
			</trkpt>
			<trkpt lat="50.539167" lon="14.723100">
				<ele>474.000000</ele>
			</trkpt>
			<trkpt lat="50.539138" lon="14.723100">
				<ele>474.000000</ele>
			</trkpt>
			<trkpt lat="50.539041" lon="14.723073">
				<ele>474.000000</ele>
			</trkpt>
			<trkpt lat="50.538893" lon="14.723001">
				<ele>474.000000</ele>
			</trkpt>
			<trkpt lat="50.538796" lon="14.722930">
				<ele>475.000000</ele>
			</trkpt>
			<trkpt lat="50.538591" lon="14.722777">
				<ele>474.000000</ele>
			</trkpt>
			<trkpt lat="50.538282" lon="14.722597">
				<ele>472.000000</ele>
			</trkpt>
			<trkpt lat="50.537511" lon="14.722148">
				<ele>459.000000</ele>
			</trkpt>
			<trkpt lat="50.537174" lon="14.721941">
				<ele>455.000000</ele>
			</trkpt>
			<trkpt lat="50.536866" lon="14.721582">
				<ele>452.000000</ele>
			</trkpt>
			<trkpt lat="50.536786" lon="14.721492">
				<ele>451.000000</ele>
			</trkpt>
			<trkpt lat="50.536723" lon="14.721393">
				<ele>450.000000</ele>
			</trkpt>
			<trkpt lat="50.536678" lon="14.721295">
				<ele>450.000000</ele>
			</trkpt>
			<trkpt lat="50.536643" lon="14.721178">
				<ele>450.000000</ele>
			</trkpt>
			<trkpt lat="50.536461" lon="14.720729">
				<ele>447.000000</ele>
			</trkpt>
			<trkpt lat="50.536181" lon="14.720207">
				<ele>440.000000</ele>
			</trkpt>
			<trkpt lat="50.536118" lon="14.720064">
				<ele>439.000000</ele>
			</trkpt>
			<trkpt lat="50.536084" lon="14.719938">
				<ele>438.000000</ele>
			</trkpt>
			<trkpt lat="50.536021" lon="14.719938">
				<ele>437.000000</ele>
			</trkpt>
			<trkpt lat="50.535975" lon="14.719930">
				<ele>436.000000</ele>
			</trkpt>
			<trkpt lat="50.535930" lon="14.719884">
				<ele>434.000000</ele>
			</trkpt>
			<trkpt lat="50.535896" lon="14.719813">
				<ele>434.000000</ele>
			</trkpt>
			<trkpt lat="50.535827" lon="14.719633">
				<ele>432.000000</ele>
			</trkpt>
			<trkpt lat="50.535776" lon="14.719534">
				<ele>431.000000</ele>
			</trkpt>
			<trkpt lat="50.535724" lon="14.719462">
				<ele>430.000000</ele>
			</trkpt>
			<trkpt lat="50.535639" lon="14.719417">
				<ele>428.000000</ele>
			</trkpt>
			<trkpt lat="50.535513" lon="14.719408">
				<ele>425.000000</ele>
			</trkpt>
			<trkpt lat="50.535170" lon="14.719398">
				<ele>418.000000</ele>
			</trkpt>
			<trkpt lat="50.534742" lon="14.719354">
				<ele>414.000000</ele>
			</trkpt>
			<trkpt lat="50.534708" lon="14.719444">
				<ele>413.000000</ele>
			</trkpt>
			<trkpt lat="50.534668" lon="14.719507">
				<ele>413.000000</ele>
			</trkpt>
			<trkpt lat="50.534622" lon="14.719578">
				<ele>413.000000</ele>
			</trkpt>
			<trkpt lat="50.534582" lon="14.719641">
				<ele>412.000000</ele>
			</trkpt>
			<trkpt lat="50.534508" lon="14.719695">
				<ele>412.000000</ele>
			</trkpt>
			<trkpt lat="50.534428" lon="14.719740">
				<ele>411.000000</ele>
			</trkpt>
			<trkpt lat="50.534337" lon="14.719750">
				<ele>410.000000</ele>
			</trkpt>
			<trkpt lat="50.534223" lon="14.719767">
				<ele>409.000000</ele>
			</trkpt>
			<trkpt lat="50.534223" lon="14.719777">
				<ele>409.000000</ele>
			</trkpt>
			<trkpt lat="50.534223" lon="14.719777">
				<ele>409.000000</ele>
			</trkpt>
			<trkpt lat="50.534223" lon="14.719767">
				<ele>409.000000</ele>
			</trkpt>
			<trkpt lat="50.534239" lon="14.719390">
				<ele>410.000000</ele>
			</trkpt>
			<trkpt lat="50.534234" lon="14.719022">
				<ele>411.000000</ele>
			</trkpt>
			<trkpt lat="50.534211" lon="14.718626">
				<ele>411.000000</ele>
			</trkpt>
			<trkpt lat="50.534188" lon="14.718438">
				<ele>411.000000</ele>
			</trkpt>
			<trkpt lat="50.534154" lon="14.718159">
				<ele>411.000000</ele>
			</trkpt>
			<trkpt lat="50.534091" lon="14.717845">
				<ele>410.000000</ele>
			</trkpt>
			<trkpt lat="50.533909" lon="14.717683">
				<ele>409.000000</ele>
			</trkpt>
			<trkpt lat="50.533281" lon="14.717530">
				<ele>404.000000</ele>
			</trkpt>
			<trkpt lat="50.532983" lon="14.717450">
				<ele>398.000000</ele>
			</trkpt>
			<trkpt lat="50.532892" lon="14.717459">
				<ele>396.000000</ele>
			</trkpt>
			<trkpt lat="50.532863" lon="14.717423">
				<ele>395.000000</ele>
			</trkpt>
			<trkpt lat="50.532847" lon="14.717324">
				<ele>395.000000</ele>
			</trkpt>
			<trkpt lat="50.532801" lon="14.716983">
				<ele>396.000000</ele>
			</trkpt>
			<trkpt lat="50.532749" lon="14.716542">
				<ele>394.000000</ele>
			</trkpt>
			<trkpt lat="50.532709" lon="14.716119">
				<ele>392.000000</ele>
			</trkpt>
			<trkpt lat="50.532698" lon="14.715995">
				<ele>391.000000</ele>
			</trkpt>
			<trkpt lat="50.532675" lon="14.715896">
				<ele>390.000000</ele>
			</trkpt>
			<trkpt lat="50.532629" lon="14.715815">
				<ele>390.000000</ele>
			</trkpt>
			<trkpt lat="50.532572" lon="14.715743">
				<ele>389.000000</ele>
			</trkpt>
			<trkpt lat="50.532521" lon="14.715698">
				<ele>388.000000</ele>
			</trkpt>
			<trkpt lat="50.532464" lon="14.715689">
				<ele>388.000000</ele>
			</trkpt>
			<trkpt lat="50.532413" lon="14.715689">
				<ele>387.000000</ele>
			</trkpt>
			<trkpt lat="50.532321" lon="14.715698">
				<ele>387.000000</ele>
			</trkpt>
			<trkpt lat="50.532270" lon="14.715716">
				<ele>387.000000</ele>
			</trkpt>
			<trkpt lat="50.532230" lon="14.715698">
				<ele>386.000000</ele>
			</trkpt>
			<trkpt lat="50.532196" lon="14.715672">
				<ele>386.000000</ele>
			</trkpt>
			<trkpt lat="50.532150" lon="14.715635">
				<ele>386.000000</ele>
			</trkpt>
			<trkpt lat="50.532116" lon="14.715635">
				<ele>386.000000</ele>
			</trkpt>
			<trkpt lat="50.532087" lon="14.715609">
				<ele>386.000000</ele>
			</trkpt>
			<trkpt lat="50.531990" lon="14.715492">
				<ele>385.000000</ele>
			</trkpt>
			<trkpt lat="50.531887" lon="14.715347">
				<ele>384.000000</ele>
			</trkpt>
			<trkpt lat="50.531819" lon="14.715195">
				<ele>384.000000</ele>
			</trkpt>
			<trkpt lat="50.531653" lon="14.714863">
				<ele>382.000000</ele>
			</trkpt>
			<trkpt lat="50.531624" lon="14.714790">
				<ele>382.000000</ele>
			</trkpt>
			<trkpt lat="50.531476" lon="14.714548">
				<ele>380.000000</ele>
			</trkpt>
			<trkpt lat="50.531276" lon="14.714314">
				<ele>376.000000</ele>
			</trkpt>
			<trkpt lat="50.531219" lon="14.714270">
				<ele>374.000000</ele>
			</trkpt>
			<trkpt lat="50.531133" lon="14.714243">
				<ele>372.000000</ele>
			</trkpt>
			<trkpt lat="50.531105" lon="14.714215">
				<ele>371.000000</ele>
			</trkpt>
			<trkpt lat="50.531076" lon="14.714188">
				<ele>369.000000</ele>
			</trkpt>
			<trkpt lat="50.531031" lon="14.713991">
				<ele>365.000000</ele>
			</trkpt>
			<trkpt lat="50.530968" lon="14.713802">
				<ele>361.000000</ele>
			</trkpt>
			<trkpt lat="50.530888" lon="14.713605">
				<ele>359.000000</ele>
			</trkpt>
			<trkpt lat="50.530768" lon="14.713299">
				<ele>357.000000</ele>
			</trkpt>
			<trkpt lat="50.530705" lon="14.713173">
				<ele>356.000000</ele>
			</trkpt>
			<trkpt lat="50.530659" lon="14.713299">
				<ele>356.000000</ele>
			</trkpt>
			<trkpt lat="50.530659" lon="14.713299">
				<ele>356.000000</ele>
			</trkpt>
			<trkpt lat="50.530659" lon="14.713299">
				<ele>356.000000</ele>
			</trkpt>
			<trkpt lat="50.530659" lon="14.713299">
				<ele>356.000000</ele>
			</trkpt>
			<trkpt lat="50.530643" lon="14.713201">
				<ele>355.000000</ele>
			</trkpt>
			<trkpt lat="50.530643" lon="14.713075">
				<ele>355.000000</ele>
			</trkpt>
			<trkpt lat="50.530648" lon="14.712635">
				<ele>353.000000</ele>
			</trkpt>
			<trkpt lat="50.530643" lon="14.712490">
				<ele>353.000000</ele>
			</trkpt>
			<trkpt lat="50.530631" lon="14.712339">
				<ele>353.000000</ele>
			</trkpt>
			<trkpt lat="50.530614" lon="14.712194">
				<ele>353.000000</ele>
			</trkpt>
			<trkpt lat="50.530586" lon="14.712069">
				<ele>353.000000</ele>
			</trkpt>
			<trkpt lat="50.530505" lon="14.711817">
				<ele>352.000000</ele>
			</trkpt>
			<trkpt lat="50.530351" lon="14.711467">
				<ele>351.000000</ele>
			</trkpt>
			<trkpt lat="50.530294" lon="14.711368">
				<ele>351.000000</ele>
			</trkpt>
			<trkpt lat="50.530232" lon="14.711296">
				<ele>351.000000</ele>
			</trkpt>
			<trkpt lat="50.530162" lon="14.711251">
				<ele>350.000000</ele>
			</trkpt>
			<trkpt lat="50.530043" lon="14.711188">
				<ele>347.000000</ele>
			</trkpt>
			<trkpt lat="50.529694" lon="14.711035">
				<ele>339.000000</ele>
			</trkpt>
			<trkpt lat="50.529352" lon="14.710909">
				<ele>334.000000</ele>
			</trkpt>
			<trkpt lat="50.529021" lon="14.710829">
				<ele>331.000000</ele>
			</trkpt>
			<trkpt lat="50.528369" lon="14.710703">
				<ele>324.000000</ele>
			</trkpt>
			<trkpt lat="50.528227" lon="14.710658">
				<ele>321.000000</ele>
			</trkpt>
			<trkpt lat="50.528072" lon="14.710605">
				<ele>320.000000</ele>
			</trkpt>
			<trkpt lat="50.527930" lon="14.710532">
				<ele>317.000000</ele>
			</trkpt>
			<trkpt lat="50.527804" lon="14.710452">
				<ele>316.000000</ele>
			</trkpt>
			<trkpt lat="50.527679" lon="14.710353">
				<ele>315.000000</ele>
			</trkpt>
			<trkpt lat="50.527530" lon="14.710200">
				<ele>314.000000</ele>
			</trkpt>
			<trkpt lat="50.527388" lon="14.710030">
				<ele>312.000000</ele>
			</trkpt>
			<trkpt lat="50.527216" lon="14.709806">
				<ele>311.000000</ele>
			</trkpt>
			<trkpt lat="50.526702" lon="14.708961">
				<ele>306.000000</ele>
			</trkpt>
			<trkpt lat="50.526440" lon="14.708538">
				<ele>303.000000</ele>
			</trkpt>
			<trkpt lat="50.526154" lon="14.708108">
				<ele>301.000000</ele>
			</trkpt>
			<trkpt lat="50.525845" lon="14.707666">
				<ele>300.000000</ele>
			</trkpt>
			<trkpt lat="50.525720" lon="14.707515">
				<ele>300.000000</ele>
			</trkpt>
			<trkpt lat="50.525583" lon="14.707379">
				<ele>299.000000</ele>
			</trkpt>
			<trkpt lat="50.525286" lon="14.707127">
				<ele>298.000000</ele>
			</trkpt>
			<trkpt lat="50.525206" lon="14.707460">
				<ele>298.000000</ele>
			</trkpt>
			<trkpt lat="50.525063" lon="14.707056">
				<ele>297.000000</ele>
			</trkpt>
			<trkpt lat="50.525035" lon="14.706940">
				<ele>297.000000</ele>
			</trkpt>
			<trkpt lat="50.525006" lon="14.706787">
				<ele>297.000000</ele>
			</trkpt>
			<trkpt lat="50.524926" lon="14.706347">
				<ele>297.000000</ele>
			</trkpt>
			<trkpt lat="50.524835" lon="14.705942">
				<ele>296.000000</ele>
			</trkpt>
			<trkpt lat="50.524709" lon="14.705493">
				<ele>296.000000</ele>
			</trkpt>
			<trkpt lat="50.524543" lon="14.704945">
				<ele>295.000000</ele>
			</trkpt>
			<trkpt lat="50.524452" lon="14.704856">
				<ele>295.000000</ele>
			</trkpt>
			<trkpt lat="50.524389" lon="14.704829">
				<ele>295.000000</ele>
			</trkpt>
			<trkpt lat="50.524338" lon="14.704819">
				<ele>295.000000</ele>
			</trkpt>
			<trkpt lat="50.524280" lon="14.704819">
				<ele>295.000000</ele>
			</trkpt>
			<trkpt lat="50.524184" lon="14.704856">
				<ele>295.000000</ele>
			</trkpt>
			<trkpt lat="50.524109" lon="14.704919">
				<ele>295.000000</ele>
			</trkpt>
			<trkpt lat="50.524046" lon="14.704990">
				<ele>295.000000</ele>
			</trkpt>
			<trkpt lat="50.524007" lon="14.705098">
				<ele>295.000000</ele>
			</trkpt>
			<trkpt lat="50.523961" lon="14.705215">
				<ele>296.000000</ele>
			</trkpt>
			<trkpt lat="50.523904" lon="14.705295">
				<ele>297.000000</ele>
			</trkpt>
			<trkpt lat="50.523841" lon="14.705341">
				<ele>298.000000</ele>
			</trkpt>
			<trkpt lat="50.523761" lon="14.705385">
				<ele>299.000000</ele>
			</trkpt>
			<trkpt lat="50.523521" lon="14.705502">
				<ele>293.000000</ele>
			</trkpt>
			<trkpt lat="50.523447" lon="14.705511">
				<ele>292.000000</ele>
			</trkpt>
			<trkpt lat="50.523384" lon="14.705529">
				<ele>292.000000</ele>
			</trkpt>
			<trkpt lat="50.523275" lon="14.705538">
				<ele>293.000000</ele>
			</trkpt>
			<trkpt lat="50.522996" lon="14.704343">
				<ele>292.000000</ele>
			</trkpt>
			<trkpt lat="50.522721" lon="14.703319">
				<ele>292.000000</ele>
			</trkpt>
			<trkpt lat="50.522670" lon="14.703095">
				<ele>292.000000</ele>
			</trkpt>
			<trkpt lat="50.522642" lon="14.702879">
				<ele>292.000000</ele>
			</trkpt>
			<trkpt lat="50.522619" lon="14.702672">
				<ele>292.000000</ele>
			</trkpt>
			<trkpt lat="50.522601" lon="14.702242">
				<ele>292.000000</ele>
			</trkpt>
			<trkpt lat="50.522596" lon="14.702079">
				<ele>292.000000</ele>
			</trkpt>
			<trkpt lat="50.522573" lon="14.701936">
				<ele>292.000000</ele>
			</trkpt>
			<trkpt lat="50.522550" lon="14.701792">
				<ele>292.000000</ele>
			</trkpt>
			<trkpt lat="50.522510" lon="14.701666">
				<ele>292.000000</ele>
			</trkpt>
			<trkpt lat="50.522465" lon="14.701559">
				<ele>292.000000</ele>
			</trkpt>
			<trkpt lat="50.522413" lon="14.701414">
				<ele>292.000000</ele>
			</trkpt>
			<trkpt lat="50.522247" lon="14.701145">
				<ele>292.000000</ele>
			</trkpt>
			<trkpt lat="50.522167" lon="14.700974">
				<ele>292.000000</ele>
			</trkpt>
			<trkpt lat="50.522110" lon="14.700821">
				<ele>292.000000</ele>
			</trkpt>
			<trkpt lat="50.522070" lon="14.700669">
				<ele>291.000000</ele>
			</trkpt>
			<trkpt lat="50.521985" lon="14.700274">
				<ele>291.000000</ele>
			</trkpt>
			<trkpt lat="50.521831" lon="14.699636">
				<ele>291.000000</ele>
			</trkpt>
			<trkpt lat="50.521648" lon="14.699016">
				<ele>291.000000</ele>
			</trkpt>
			<trkpt lat="50.521362" lon="14.698513">
				<ele>290.000000</ele>
			</trkpt>
			<trkpt lat="50.521054" lon="14.697938">
				<ele>290.000000</ele>
			</trkpt>
			<trkpt lat="50.520826" lon="14.697561">
				<ele>290.000000</ele>
			</trkpt>
			<trkpt lat="50.520631" lon="14.697211">
				<ele>290.000000</ele>
			</trkpt>
			<trkpt lat="50.520197" lon="14.696403">
				<ele>290.000000</ele>
			</trkpt>
			<trkpt lat="50.519906" lon="14.695900">
				<ele>289.000000</ele>
			</trkpt>
			<trkpt lat="50.519700" lon="14.695567">
				<ele>289.000000</ele>
			</trkpt>
			<trkpt lat="50.519517" lon="14.695271">
				<ele>289.000000</ele>
			</trkpt>
			<trkpt lat="50.519312" lon="14.694974">
				<ele>289.000000</ele>
			</trkpt>
			<trkpt lat="50.519049" lon="14.694632">
				<ele>289.000000</ele>
			</trkpt>
			<trkpt lat="50.518878" lon="14.694408">
				<ele>288.000000</ele>
			</trkpt>
			<trkpt lat="50.518644" lon="14.694120">
				<ele>288.000000</ele>
			</trkpt>
			<trkpt lat="50.518198" lon="14.693626">
				<ele>288.000000</ele>
			</trkpt>
			<trkpt lat="50.518027" lon="14.693401">
				<ele>287.000000</ele>
			</trkpt>
			<trkpt lat="50.517884" lon="14.693177">
				<ele>287.000000</ele>
			</trkpt>
			<trkpt lat="50.517758" lon="14.692934">
				<ele>287.000000</ele>
			</trkpt>
			<trkpt lat="50.517576" lon="14.692548">
				<ele>287.000000</ele>
			</trkpt>
			<trkpt lat="50.517215" lon="14.691686">
				<ele>286.000000</ele>
			</trkpt>
			<trkpt lat="50.517027" lon="14.691290">
				<ele>287.000000</ele>
			</trkpt>
			<trkpt lat="50.516684" lon="14.690617">
				<ele>285.000000</ele>
			</trkpt>
			<trkpt lat="50.516490" lon="14.690267">
				<ele>284.000000</ele>
			</trkpt>
			<trkpt lat="50.516165" lon="14.689745">
				<ele>283.000000</ele>
			</trkpt>
			<trkpt lat="50.515931" lon="14.689323">
				<ele>283.000000</ele>
			</trkpt>
			<trkpt lat="50.515770" lon="14.689018">
				<ele>284.000000</ele>
			</trkpt>
			<trkpt lat="50.515622" lon="14.688776">
				<ele>284.000000</ele>
			</trkpt>
			<trkpt lat="50.515479" lon="14.688569">
				<ele>284.000000</ele>
			</trkpt>
			<trkpt lat="50.515302" lon="14.688326">
				<ele>284.000000</ele>
			</trkpt>
			<trkpt lat="50.515302" lon="14.688317">
				<ele>284.000000</ele>
			</trkpt>
			<trkpt lat="50.515302" lon="14.688317">
				<ele>284.000000</ele>
			</trkpt>
			<trkpt lat="50.515302" lon="14.688326">
				<ele>284.000000</ele>
			</trkpt>
			<trkpt lat="50.515045" lon="14.687958">
				<ele>284.000000</ele>
			</trkpt>
			<trkpt lat="50.514994" lon="14.687904">
				<ele>284.000000</ele>
			</trkpt>
			<trkpt lat="50.514936" lon="14.687877">
				<ele>284.000000</ele>
			</trkpt>
			<trkpt lat="50.514874" lon="14.687868">
				<ele>284.000000</ele>
			</trkpt>
			<trkpt lat="50.514777" lon="14.687895">
				<ele>284.000000</ele>
			</trkpt>
			<trkpt lat="50.514480" lon="14.687994">
				<ele>284.000000</ele>
			</trkpt>
			<trkpt lat="50.514223" lon="14.688093">
				<ele>284.000000</ele>
			</trkpt>
			<trkpt lat="50.513269" lon="14.688497">
				<ele>284.000000</ele>
			</trkpt>
			<trkpt lat="50.513069" lon="14.688596">
				<ele>284.000000</ele>
			</trkpt>
			<trkpt lat="50.512892" lon="14.688667">
				<ele>285.000000</ele>
			</trkpt>
			<trkpt lat="50.512269" lon="14.688856">
				<ele>286.000000</ele>
			</trkpt>
			<trkpt lat="50.512035" lon="14.688910">
				<ele>286.000000</ele>
			</trkpt>
			<trkpt lat="50.511892" lon="14.688946">
				<ele>286.000000</ele>
			</trkpt>
			<trkpt lat="50.511795" lon="14.688973">
				<ele>286.000000</ele>
			</trkpt>
			<trkpt lat="50.511623" lon="14.689045">
				<ele>286.000000</ele>
			</trkpt>
			<trkpt lat="50.511561" lon="14.689072">
				<ele>287.000000</ele>
			</trkpt>
			<trkpt lat="50.511498" lon="14.689126">
				<ele>287.000000</ele>
			</trkpt>
			<trkpt lat="50.511309" lon="14.689315">
				<ele>287.000000</ele>
			</trkpt>
			<trkpt lat="50.511155" lon="14.689090">
				<ele>287.000000</ele>
			</trkpt>
			<trkpt lat="50.510840" lon="14.688569">
				<ele>287.000000</ele>
			</trkpt>
			<trkpt lat="50.510732" lon="14.688416">
				<ele>286.000000</ele>
			</trkpt>
			<trkpt lat="50.510624" lon="14.688263">
				<ele>286.000000</ele>
			</trkpt>
			<trkpt lat="50.510532" lon="14.688164">
				<ele>285.000000</ele>
			</trkpt>
			<trkpt lat="50.510452" lon="14.688093">
				<ele>285.000000</ele>
			</trkpt>
			<trkpt lat="50.510372" lon="14.688039">
				<ele>285.000000</ele>
			</trkpt>
			<trkpt lat="50.510269" lon="14.687994">
				<ele>285.000000</ele>
			</trkpt>
			<trkpt lat="50.510184" lon="14.687967">
				<ele>286.000000</ele>
			</trkpt>
			<trkpt lat="50.510081" lon="14.687950">
				<ele>286.000000</ele>
			</trkpt>
			<trkpt lat="50.509704" lon="14.687940">
				<ele>287.000000</ele>
			</trkpt>
			<trkpt lat="50.509532" lon="14.687931">
				<ele>287.000000</ele>
			</trkpt>
			<trkpt lat="50.509435" lon="14.687904">
				<ele>287.000000</ele>
			</trkpt>
			<trkpt lat="50.509344" lon="14.687841">
				<ele>287.000000</ele>
			</trkpt>
			<trkpt lat="50.509247" lon="14.687742">
				<ele>287.000000</ele>
			</trkpt>
			<trkpt lat="50.509092" lon="14.687590">
				<ele>287.000000</ele>
			</trkpt>
			<trkpt lat="50.508938" lon="14.687455">
				<ele>288.000000</ele>
			</trkpt>
			<trkpt lat="50.508436" lon="14.687032">
				<ele>289.000000</ele>
			</trkpt>
			<trkpt lat="50.508521" lon="14.686790">
				<ele>289.000000</ele>
			</trkpt>
			<trkpt lat="50.509076" lon="14.685065">
				<ele>291.000000</ele>
			</trkpt>
			<trkpt lat="50.509184" lon="14.684795">
				<ele>290.000000</ele>
			</trkpt>
			<trkpt lat="50.509247" lon="14.684598">
				<ele>290.000000</ele>
			</trkpt>
			<trkpt lat="50.509298" lon="14.684392">
				<ele>291.000000</ele>
			</trkpt>
			<trkpt lat="50.509344" lon="14.684131">
				<ele>292.000000</ele>
			</trkpt>
			<trkpt lat="50.509373" lon="14.683996">
				<ele>292.000000</ele>
			</trkpt>
			<trkpt lat="50.509407" lon="14.683879">
				<ele>292.000000</ele>
			</trkpt>
			<trkpt lat="50.509566" lon="14.683476">
				<ele>292.000000</ele>
			</trkpt>
			<trkpt lat="50.509647" lon="14.683242">
				<ele>292.000000</ele>
			</trkpt>
			<trkpt lat="50.509698" lon="14.683036">
				<ele>291.000000</ele>
			</trkpt>
			<trkpt lat="50.509744" lon="14.682810">
				<ele>292.000000</ele>
			</trkpt>
			<trkpt lat="50.509795" lon="14.682424">
				<ele>293.000000</ele>
			</trkpt>
			<trkpt lat="50.509887" lon="14.681948">
				<ele>294.000000</ele>
			</trkpt>
			<trkpt lat="50.510064" lon="14.681166">
				<ele>294.000000</ele>
			</trkpt>
			<trkpt lat="50.510110" lon="14.680969">
				<ele>295.000000</ele>
			</trkpt>
			<trkpt lat="50.510144" lon="14.680799">
				<ele>295.000000</ele>
			</trkpt>
			<trkpt lat="50.510172" lon="14.680646">
				<ele>295.000000</ele>
			</trkpt>
			<trkpt lat="50.510178" lon="14.680493">
				<ele>295.000000</ele>
			</trkpt>
			<trkpt lat="50.510189" lon="14.680340">
				<ele>296.000000</ele>
			</trkpt>
			<trkpt lat="50.510189" lon="14.680170">
				<ele>297.000000</ele>
			</trkpt>
			<trkpt lat="50.510167" lon="14.679954">
				<ele>298.000000</ele>
			</trkpt>
			<trkpt lat="50.510149" lon="14.679730">
				<ele>298.000000</ele>
			</trkpt>
			<trkpt lat="50.510006" lon="14.679505">
				<ele>298.000000</ele>
			</trkpt>
			<trkpt lat="50.509870" lon="14.679307">
				<ele>297.000000</ele>
			</trkpt>
			<trkpt lat="50.509344" lon="14.678652">
				<ele>297.000000</ele>
			</trkpt>
			<trkpt lat="50.509212" lon="14.678426">
				<ele>297.000000</ele>
			</trkpt>
			<trkpt lat="50.508847" lon="14.677763">
				<ele>297.000000</ele>
			</trkpt>
			<trkpt lat="50.508652" lon="14.677430">
				<ele>297.000000</ele>
			</trkpt>
			<trkpt lat="50.508453" lon="14.677142">
				<ele>298.000000</ele>
			</trkpt>
			<trkpt lat="50.508264" lon="14.676935">
				<ele>298.000000</ele>
			</trkpt>
			<trkpt lat="50.508081" lon="14.676755">
				<ele>298.000000</ele>
			</trkpt>
			<trkpt lat="50.507710" lon="14.676451">
				<ele>299.000000</ele>
			</trkpt>
			<trkpt lat="50.507219" lon="14.676038">
				<ele>301.000000</ele>
			</trkpt>
			<trkpt lat="50.507053" lon="14.675885">
				<ele>301.000000</ele>
			</trkpt>
			<trkpt lat="50.506893" lon="14.675732">
				<ele>301.000000</ele>
			</trkpt>
			<trkpt lat="50.506082" lon="14.674923">
				<ele>300.000000</ele>
			</trkpt>
			<trkpt lat="50.505853" lon="14.674671">
				<ele>300.000000</ele>
			</trkpt>
			<trkpt lat="50.505699" lon="14.674484">
				<ele>301.000000</ele>
			</trkpt>
			<trkpt lat="50.505693" lon="14.674681">
				<ele>301.000000</ele>
			</trkpt>
			<trkpt lat="50.505676" lon="14.674797">
				<ele>301.000000</ele>
			</trkpt>
			<trkpt lat="50.505648" lon="14.674851">
				<ele>301.000000</ele>
			</trkpt>
			<trkpt lat="50.505625" lon="14.674906">
				<ele>301.000000</ele>
			</trkpt>
			<trkpt lat="50.505333" lon="14.675319">
				<ele>303.000000</ele>
			</trkpt>
			<trkpt lat="50.505145" lon="14.675579">
				<ele>305.000000</ele>
			</trkpt>
			<trkpt lat="50.504950" lon="14.675813">
				<ele>307.000000</ele>
			</trkpt>
			<trkpt lat="50.504728" lon="14.676055">
				<ele>307.000000</ele>
			</trkpt>
			<trkpt lat="50.504608" lon="14.676189">
				<ele>308.000000</ele>
			</trkpt>
			<trkpt lat="50.504402" lon="14.676451">
				<ele>310.000000</ele>
			</trkpt>
			<trkpt lat="50.504316" lon="14.676541">
				<ele>312.000000</ele>
			</trkpt>
			<trkpt lat="50.504145" lon="14.676684">
				<ele>314.000000</ele>
			</trkpt>
			<trkpt lat="50.504071" lon="14.676755">
				<ele>315.000000</ele>
			</trkpt>
			<trkpt lat="50.504025" lon="14.676837">
				<ele>316.000000</ele>
			</trkpt>
			<trkpt lat="50.503957" lon="14.677034">
				<ele>319.000000</ele>
			</trkpt>
			<trkpt lat="50.503922" lon="14.677097">
				<ele>320.000000</ele>
			</trkpt>
			<trkpt lat="50.503876" lon="14.677160">
				<ele>320.000000</ele>
			</trkpt>
			<trkpt lat="50.503819" lon="14.677197">
				<ele>320.000000</ele>
			</trkpt>
			<trkpt lat="50.503796" lon="14.677197">
				<ele>320.000000</ele>
			</trkpt>
			<trkpt lat="50.503768" lon="14.677178">
				<ele>320.000000</ele>
			</trkpt>
			<trkpt lat="50.503739" lon="14.677124">
				<ele>321.000000</ele>
			</trkpt>
			<trkpt lat="50.503676" lon="14.676927">
				<ele>322.000000</ele>
			</trkpt>
			<trkpt lat="50.503660" lon="14.676855">
				<ele>322.000000</ele>
			</trkpt>
			<trkpt lat="50.503642" lon="14.676810">
				<ele>322.000000</ele>
			</trkpt>
			<trkpt lat="50.503619" lon="14.676801">
				<ele>322.000000</ele>
			</trkpt>
			<trkpt lat="50.503597" lon="14.676801">
				<ele>322.000000</ele>
			</trkpt>
			<trkpt lat="50.503619" lon="14.676918">
				<ele>322.000000</ele>
			</trkpt>
			<trkpt lat="50.503619" lon="14.676918">
				<ele>322.000000</ele>
			</trkpt>
			<trkpt lat="50.503597" lon="14.676801">
				<ele>322.000000</ele>
			</trkpt>
			<trkpt lat="50.503551" lon="14.676604">
				<ele>322.000000</ele>
			</trkpt>
			<trkpt lat="50.503476" lon="14.676289">
				<ele>322.000000</ele>
			</trkpt>
			<trkpt lat="50.503397" lon="14.676010">
				<ele>322.000000</ele>
			</trkpt>
			<trkpt lat="50.503277" lon="14.675642">
				<ele>322.000000</ele>
			</trkpt>
			<trkpt lat="50.503231" lon="14.675265">
				<ele>322.000000</ele>
			</trkpt>
			<trkpt lat="50.503128" lon="14.674744">
				<ele>323.000000</ele>
			</trkpt>
			<trkpt lat="50.503082" lon="14.674528">
				<ele>324.000000</ele>
			</trkpt>
			<trkpt lat="50.503002" lon="14.674277">
				<ele>324.000000</ele>
			</trkpt>
			<trkpt lat="50.502905" lon="14.674015">
				<ele>325.000000</ele>
			</trkpt>
			<trkpt lat="50.502768" lon="14.673719">
				<ele>325.000000</ele>
			</trkpt>
			<trkpt lat="50.502608" lon="14.673432">
				<ele>325.000000</ele>
			</trkpt>
			<trkpt lat="50.502379" lon="14.673109">
				<ele>326.000000</ele>
			</trkpt>
			<trkpt lat="50.502128" lon="14.672776">
				<ele>327.000000</ele>
			</trkpt>
			<trkpt lat="50.501928" lon="14.672497">
				<ele>328.000000</ele>
			</trkpt>
			<trkpt lat="50.501883" lon="14.672426">
				<ele>328.000000</ele>
			</trkpt>
			<trkpt lat="50.501854" lon="14.672354">
				<ele>328.000000</ele>
			</trkpt>
			<trkpt lat="50.501831" lon="14.672273">
				<ele>329.000000</ele>
			</trkpt>
			<trkpt lat="50.501820" lon="14.672184">
				<ele>329.000000</ele>
			</trkpt>
			<trkpt lat="50.501808" lon="14.672076">
				<ele>329.000000</ele>
			</trkpt>
			<trkpt lat="50.501820" lon="14.671960">
				<ele>329.000000</ele>
			</trkpt>
			<trkpt lat="50.501836" lon="14.671834">
				<ele>330.000000</ele>
			</trkpt>
			<trkpt lat="50.501871" lon="14.671707">
				<ele>330.000000</ele>
			</trkpt>
			<trkpt lat="50.502248" lon="14.670449">
				<ele>333.000000</ele>
			</trkpt>
			<trkpt lat="50.502300" lon="14.670180">
				<ele>334.000000</ele>
			</trkpt>
			<trkpt lat="50.502328" lon="14.669956">
				<ele>334.000000</ele>
			</trkpt>
			<trkpt lat="50.502334" lon="14.669686">
				<ele>334.000000</ele>
			</trkpt>
			<trkpt lat="50.502316" lon="14.669281">
				<ele>334.000000</ele>
			</trkpt>
			<trkpt lat="50.502265" lon="14.668518">
				<ele>333.000000</ele>
			</trkpt>
			<trkpt lat="50.502145" lon="14.667107">
				<ele>331.000000</ele>
			</trkpt>
			<trkpt lat="50.502128" lon="14.666937">
				<ele>331.000000</ele>
			</trkpt>
			<trkpt lat="50.502094" lon="14.666811">
				<ele>331.000000</ele>
			</trkpt>
			<trkpt lat="50.502048" lon="14.666713">
				<ele>330.000000</ele>
			</trkpt>
			<trkpt lat="50.501985" lon="14.666614">
				<ele>330.000000</ele>
			</trkpt>
			<trkpt lat="50.501831" lon="14.666417">
				<ele>328.000000</ele>
			</trkpt>
			<trkpt lat="50.501539" lon="14.666065">
				<ele>323.000000</ele>
			</trkpt>
			<trkpt lat="50.501459" lon="14.665985">
				<ele>323.000000</ele>
			</trkpt>
			<trkpt lat="50.501380" lon="14.665914">
				<ele>322.000000</ele>
			</trkpt>
			<trkpt lat="50.501128" lon="14.665734">
				<ele>319.000000</ele>
			</trkpt>
			<trkpt lat="50.500945" lon="14.665608">
				<ele>320.000000</ele>
			</trkpt>
			<trkpt lat="50.500848" lon="14.665536">
				<ele>320.000000</ele>
			</trkpt>
			<trkpt lat="50.500802" lon="14.665482">
				<ele>318.000000</ele>
			</trkpt>
			<trkpt lat="50.500757" lon="14.665402">
				<ele>318.000000</ele>
			</trkpt>
			<trkpt lat="50.500728" lon="14.665312">
				<ele>318.000000</ele>
			</trkpt>
			<trkpt lat="50.500711" lon="14.665212">
				<ele>318.000000</ele>
			</trkpt>
			<trkpt lat="50.500711" lon="14.665105">
				<ele>318.000000</ele>
			</trkpt>
			<trkpt lat="50.500716" lon="14.664970">
				<ele>317.000000</ele>
			</trkpt>
			<trkpt lat="50.500745" lon="14.664844">
				<ele>318.000000</ele>
			</trkpt>
			<trkpt lat="50.500780" lon="14.664710">
				<ele>317.000000</ele>
			</trkpt>
			<trkpt lat="50.501174" lon="14.663362">
				<ele>311.000000</ele>
			</trkpt>
			<trkpt lat="50.501208" lon="14.663218">
				<ele>310.000000</ele>
			</trkpt>
			<trkpt lat="50.501225" lon="14.663084">
				<ele>309.000000</ele>
			</trkpt>
			<trkpt lat="50.501225" lon="14.662939">
				<ele>309.000000</ele>
			</trkpt>
			<trkpt lat="50.501219" lon="14.662815">
				<ele>308.000000</ele>
			</trkpt>
			<trkpt lat="50.501191" lon="14.662689">
				<ele>308.000000</ele>
			</trkpt>
			<trkpt lat="50.501151" lon="14.662536">
				<ele>307.000000</ele>
			</trkpt>
			<trkpt lat="50.501099" lon="14.662392">
				<ele>308.000000</ele>
			</trkpt>
			<trkpt lat="50.501025" lon="14.662239">
				<ele>308.000000</ele>
			</trkpt>
			<trkpt lat="50.500957" lon="14.662113">
				<ele>308.000000</ele>
			</trkpt>
			<trkpt lat="50.500888" lon="14.662014">
				<ele>308.000000</ele>
			</trkpt>
			<trkpt lat="50.500786" lon="14.661870">
				<ele>308.000000</ele>
			</trkpt>
			<trkpt lat="50.500654" lon="14.661746">
				<ele>309.000000</ele>
			</trkpt>
			<trkpt lat="50.500523" lon="14.661637">
				<ele>310.000000</ele>
			</trkpt>
			<trkpt lat="50.500305" lon="14.661511">
				<ele>310.000000</ele>
			</trkpt>
			<trkpt lat="50.499945" lon="14.661260">
				<ele>311.000000</ele>
			</trkpt>
			<trkpt lat="50.499603" lon="14.661062">
				<ele>312.000000</ele>
			</trkpt>
			<trkpt lat="50.499231" lon="14.660883">
				<ele>313.000000</ele>
			</trkpt>
			<trkpt lat="50.499014" lon="14.660765">
				<ele>314.000000</ele>
			</trkpt>
			<trkpt lat="50.498946" lon="14.660712">
				<ele>314.000000</ele>
			</trkpt>
			<trkpt lat="50.498888" lon="14.660641">
				<ele>315.000000</ele>
			</trkpt>
			<trkpt lat="50.498854" lon="14.660559">
				<ele>315.000000</ele>
			</trkpt>
			<trkpt lat="50.498826" lon="14.660461">
				<ele>316.000000</ele>
			</trkpt>
			<trkpt lat="50.498826" lon="14.660461">
				<ele>316.000000</ele>
			</trkpt>
			<trkpt lat="50.498826" lon="14.660461">
				<ele>316.000000</ele>
			</trkpt>
			<trkpt lat="50.498826" lon="14.660461">
				<ele>316.000000</ele>
			</trkpt>
			<trkpt lat="50.498837" lon="14.660281">
				<ele>316.000000</ele>
			</trkpt>
			<trkpt lat="50.498871" lon="14.659958">
				<ele>318.000000</ele>
			</trkpt>
			<trkpt lat="50.499019" lon="14.658924">
				<ele>322.000000</ele>
			</trkpt>
			<trkpt lat="50.499088" lon="14.658502">
				<ele>326.000000</ele>
			</trkpt>
			<trkpt lat="50.499180" lon="14.658017">
				<ele>327.000000</ele>
			</trkpt>
			<trkpt lat="50.499340" lon="14.657289">
				<ele>331.000000</ele>
			</trkpt>
			<trkpt lat="50.499402" lon="14.656930">
				<ele>333.000000</ele>
			</trkpt>
			<trkpt lat="50.499437" lon="14.656696">
				<ele>334.000000</ele>
			</trkpt>
			<trkpt lat="50.499488" lon="14.656481">
				<ele>334.000000</ele>
			</trkpt>
			<trkpt lat="50.499551" lon="14.656266">
				<ele>335.000000</ele>
			</trkpt>
			<trkpt lat="50.499660" lon="14.655970">
				<ele>336.000000</ele>
			</trkpt>
			<trkpt lat="50.499705" lon="14.655834">
				<ele>337.000000</ele>
			</trkpt>
			<trkpt lat="50.499739" lon="14.655691">
				<ele>337.000000</ele>
			</trkpt>
			<trkpt lat="50.499768" lon="14.655538">
				<ele>338.000000</ele>
			</trkpt>
			<trkpt lat="50.499785" lon="14.655394">
				<ele>339.000000</ele>
			</trkpt>
			<trkpt lat="50.499791" lon="14.655241">
				<ele>340.000000</ele>
			</trkpt>
			<trkpt lat="50.499791" lon="14.655106">
				<ele>340.000000</ele>
			</trkpt>
			<trkpt lat="50.499774" lon="14.654954">
				<ele>341.000000</ele>
			</trkpt>
			<trkpt lat="50.499746" lon="14.654846">
				<ele>341.000000</ele>
			</trkpt>
			<trkpt lat="50.499700" lon="14.654702">
				<ele>342.000000</ele>
			</trkpt>
			<trkpt lat="50.499654" lon="14.654603">
				<ele>342.000000</ele>
			</trkpt>
			<trkpt lat="50.499591" lon="14.654505">
				<ele>342.000000</ele>
			</trkpt>
			<trkpt lat="50.499528" lon="14.654423">
				<ele>343.000000</ele>
			</trkpt>
			<trkpt lat="50.499402" lon="14.654280">
				<ele>344.000000</ele>
			</trkpt>
			<trkpt lat="50.499282" lon="14.654182">
				<ele>347.000000</ele>
			</trkpt>
			<trkpt lat="50.498860" lon="14.653867">
				<ele>353.000000</ele>
			</trkpt>
			<trkpt lat="50.498780" lon="14.653767">
				<ele>354.000000</ele>
			</trkpt>
			<trkpt lat="50.498728" lon="14.653670">
				<ele>355.000000</ele>
			</trkpt>
			<trkpt lat="50.498699" lon="14.653580">
				<ele>356.000000</ele>
			</trkpt>
			<trkpt lat="50.498683" lon="14.653498">
				<ele>356.000000</ele>
			</trkpt>
			<trkpt lat="50.498671" lon="14.653381">
				<ele>356.000000</ele>
			</trkpt>
			<trkpt lat="50.498660" lon="14.653274">
				<ele>356.000000</ele>
			</trkpt>
			<trkpt lat="50.498642" lon="14.652888">
				<ele>358.000000</ele>
			</trkpt>
			<trkpt lat="50.498614" lon="14.652555">
				<ele>360.000000</ele>
			</trkpt>
			<trkpt lat="50.498557" lon="14.652214">
				<ele>362.000000</ele>
			</trkpt>
			<trkpt lat="50.498443" lon="14.651586">
				<ele>366.000000</ele>
			</trkpt>
			<trkpt lat="50.498386" lon="14.651190">
				<ele>367.000000</ele>
			</trkpt>
			<trkpt lat="50.498357" lon="14.650848">
				<ele>369.000000</ele>
			</trkpt>
			<trkpt lat="50.498368" lon="14.650471">
				<ele>370.000000</ele>
			</trkpt>
			<trkpt lat="50.498402" lon="14.649878">
				<ele>371.000000</ele>
			</trkpt>
			<trkpt lat="50.498511" lon="14.648154">
				<ele>372.000000</ele>
			</trkpt>
			<trkpt lat="50.498540" lon="14.647615">
				<ele>372.000000</ele>
			</trkpt>
			<trkpt lat="50.498551" lon="14.646995">
				<ele>372.000000</ele>
			</trkpt>
			<trkpt lat="50.498534" lon="14.646590">
				<ele>370.000000</ele>
			</trkpt>
			<trkpt lat="50.498494" lon="14.645980">
				<ele>370.000000</ele>
			</trkpt>
			<trkpt lat="50.498494" lon="14.645756">
				<ele>370.000000</ele>
			</trkpt>
			<trkpt lat="50.498511" lon="14.645548">
				<ele>370.000000</ele>
			</trkpt>
			<trkpt lat="50.498602" lon="14.644695">
				<ele>372.000000</ele>
			</trkpt>
			<trkpt lat="50.498774" lon="14.643420">
				<ele>373.000000</ele>
			</trkpt>
			<trkpt lat="50.498848" lon="14.642836">
				<ele>374.000000</ele>
			</trkpt>
			<trkpt lat="50.498871" lon="14.642611">
				<ele>374.000000</ele>
			</trkpt>
			<trkpt lat="50.498883" lon="14.642395">
				<ele>376.000000</ele>
			</trkpt>
			<trkpt lat="50.498883" lon="14.642198">
				<ele>377.000000</ele>
			</trkpt>
			<trkpt lat="50.498876" lon="14.642045">
				<ele>375.000000</ele>
			</trkpt>
			<trkpt lat="50.498860" lon="14.641875">
				<ele>375.000000</ele>
			</trkpt>
			<trkpt lat="50.498826" lon="14.641722">
				<ele>376.000000</ele>
			</trkpt>
			<trkpt lat="50.498780" lon="14.641551">
				<ele>377.000000</ele>
			</trkpt>
			<trkpt lat="50.498722" lon="14.641389">
				<ele>378.000000</ele>
			</trkpt>
			<trkpt lat="50.498488" lon="14.640724">
				<ele>378.000000</ele>
			</trkpt>
			<trkpt lat="50.498408" lon="14.640527">
				<ele>378.000000</ele>
			</trkpt>
			<trkpt lat="50.498317" lon="14.640347">
				<ele>378.000000</ele>
			</trkpt>
			<trkpt lat="50.498219" lon="14.640177">
				<ele>378.000000</ele>
			</trkpt>
			<trkpt lat="50.498117" lon="14.640033">
				<ele>378.000000</ele>
			</trkpt>
			<trkpt lat="50.497991" lon="14.639880">
				<ele>378.000000</ele>
			</trkpt>
			<trkpt lat="50.497865" lon="14.639745">
				<ele>378.000000</ele>
			</trkpt>
			<trkpt lat="50.496511" lon="14.638416">
				<ele>384.000000</ele>
			</trkpt>
			<trkpt lat="50.496385" lon="14.638299">
				<ele>384.000000</ele>
			</trkpt>
			<trkpt lat="50.496248" lon="14.638200">
				<ele>384.000000</ele>
			</trkpt>
			<trkpt lat="50.496060" lon="14.638110">
				<ele>384.000000</ele>
			</trkpt>
			<trkpt lat="50.495711" lon="14.637967">
				<ele>384.000000</ele>
			</trkpt>
			<trkpt lat="50.494414" lon="14.637473">
				<ele>378.000000</ele>
			</trkpt>
			<trkpt lat="50.493551" lon="14.637095">
				<ele>378.000000</ele>
			</trkpt>
			<trkpt lat="50.493037" lon="14.636844">
				<ele>380.000000</ele>
			</trkpt>
			<trkpt lat="50.492631" lon="14.636611">
				<ele>380.000000</ele>
			</trkpt>
			<trkpt lat="50.492237" lon="14.636314">
				<ele>381.000000</ele>
			</trkpt>
			<trkpt lat="50.491694" lon="14.635883">
				<ele>384.000000</ele>
			</trkpt>
			<trkpt lat="50.491522" lon="14.635730">
				<ele>386.000000</ele>
			</trkpt>
			<trkpt lat="50.491379" lon="14.635559">
				<ele>387.000000</ele>
			</trkpt>
			<trkpt lat="50.491248" lon="14.635397">
				<ele>390.000000</ele>
			</trkpt>
			<trkpt lat="50.491139" lon="14.635200">
				<ele>391.000000</ele>
			</trkpt>
			<trkpt lat="50.491042" lon="14.635003">
				<ele>394.000000</ele>
			</trkpt>
			<trkpt lat="50.490934" lon="14.634751">
				<ele>397.000000</ele>
			</trkpt>
			<trkpt lat="50.490825" lon="14.634454">
				<ele>398.000000</ele>
			</trkpt>
			<trkpt lat="50.490728" lon="14.634131">
				<ele>399.000000</ele>
			</trkpt>
			<trkpt lat="50.490642" lon="14.633835">
				<ele>399.000000</ele>
			</trkpt>
			<trkpt lat="50.490568" lon="14.633493">
				<ele>400.000000</ele>
			</trkpt>
			<trkpt lat="50.490442" lon="14.632720">
				<ele>400.000000</ele>
			</trkpt>
			<trkpt lat="50.490339" lon="14.632190">
				<ele>402.000000</ele>
			</trkpt>
			<trkpt lat="50.490242" lon="14.632091">
				<ele>403.000000</ele>
			</trkpt>
			<trkpt lat="50.490167" lon="14.632028">
				<ele>403.000000</ele>
			</trkpt>
			<trkpt lat="50.490105" lon="14.632001">
				<ele>403.000000</ele>
			</trkpt>
			<trkpt lat="50.490053" lon="14.632001">
				<ele>403.000000</ele>
			</trkpt>
			<trkpt lat="50.489745" lon="14.632164">
				<ele>404.000000</ele>
			</trkpt>
			<trkpt lat="50.489664" lon="14.632190">
				<ele>405.000000</ele>
			</trkpt>
			<trkpt lat="50.489602" lon="14.632190">
				<ele>406.000000</ele>
			</trkpt>
			<trkpt lat="50.489476" lon="14.632164">
				<ele>406.000000</ele>
			</trkpt>
			<trkpt lat="50.489430" lon="14.632091">
				<ele>407.000000</ele>
			</trkpt>
			<trkpt lat="50.489385" lon="14.632011">
				<ele>407.000000</ele>
			</trkpt>
			<trkpt lat="50.489367" lon="14.631930">
				<ele>408.000000</ele>
			</trkpt>
			<trkpt lat="50.489351" lon="14.631831">
				<ele>409.000000</ele>
			</trkpt>
			<trkpt lat="50.489293" lon="14.631517">
				<ele>411.000000</ele>
			</trkpt>
			<trkpt lat="50.489242" lon="14.631284">
				<ele>412.000000</ele>
			</trkpt>
			<trkpt lat="50.489168" lon="14.631049">
				<ele>414.000000</ele>
			</trkpt>
			<trkpt lat="50.489059" lon="14.630789">
				<ele>416.000000</ele>
			</trkpt>
			<trkpt lat="50.489025" lon="14.630646">
				<ele>417.000000</ele>
			</trkpt>
			<trkpt lat="50.488996" lon="14.630519">
				<ele>418.000000</ele>
			</trkpt>
			<trkpt lat="50.488979" lon="14.630393">
				<ele>419.000000</ele>
			</trkpt>
			<trkpt lat="50.488962" lon="14.630250">
				<ele>419.000000</ele>
			</trkpt>
			<trkpt lat="50.488962" lon="14.630250">
				<ele>419.000000</ele>
			</trkpt>
			<trkpt lat="50.488962" lon="14.630250">
				<ele>419.000000</ele>
			</trkpt>
			<trkpt lat="50.488956" lon="14.630053">
				<ele>420.000000</ele>
			</trkpt>
			<trkpt lat="50.488973" lon="14.629774">
				<ele>421.000000</ele>
			</trkpt>
			<trkpt lat="50.488991" lon="14.629531">
				<ele>421.000000</ele>
			</trkpt>
			<trkpt lat="50.489019" lon="14.629325">
				<ele>422.000000</ele>
			</trkpt>
			<trkpt lat="50.489070" lon="14.629110">
				<ele>423.000000</ele>
			</trkpt>
			<trkpt lat="50.489162" lon="14.628812">
				<ele>424.000000</ele>
			</trkpt>
			<trkpt lat="50.489413" lon="14.627995">
				<ele>427.000000</ele>
			</trkpt>
			<trkpt lat="50.489642" lon="14.627313">
				<ele>428.000000</ele>
			</trkpt>
			<trkpt lat="50.489693" lon="14.627143">
				<ele>427.000000</ele>
			</trkpt>
			<trkpt lat="50.489802" lon="14.626747">
				<ele>427.000000</ele>
			</trkpt>
			<trkpt lat="50.489865" lon="14.626567">
				<ele>427.000000</ele>
			</trkpt>
			<trkpt lat="50.489911" lon="14.626468">
				<ele>427.000000</ele>
			</trkpt>
			<trkpt lat="50.489945" lon="14.626397">
				<ele>428.000000</ele>
			</trkpt>
			<trkpt lat="50.490008" lon="14.626324">
				<ele>428.000000</ele>
			</trkpt>
			<trkpt lat="50.490071" lon="14.626271">
				<ele>428.000000</ele>
			</trkpt>
			<trkpt lat="50.490116" lon="14.626208">
				<ele>428.000000</ele>
			</trkpt>
			<trkpt lat="50.490167" lon="14.626154">
				<ele>428.000000</ele>
			</trkpt>
			<trkpt lat="50.490202" lon="14.626082">
				<ele>428.000000</ele>
			</trkpt>
			<trkpt lat="50.490230" lon="14.626011">
				<ele>427.000000</ele>
			</trkpt>
			<trkpt lat="50.490248" lon="14.625938">
				<ele>427.000000</ele>
			</trkpt>
			<trkpt lat="50.490259" lon="14.625858">
				<ele>426.000000</ele>
			</trkpt>
			<trkpt lat="50.490259" lon="14.625588">
				<ele>425.000000</ele>
			</trkpt>
			<trkpt lat="50.490259" lon="14.625453">
				<ele>424.000000</ele>
			</trkpt>
			<trkpt lat="50.490248" lon="14.625040">
				<ele>424.000000</ele>
			</trkpt>
			<trkpt lat="50.490236" lon="14.624762">
				<ele>425.000000</ele>
			</trkpt>
			<trkpt lat="50.490225" lon="14.624644">
				<ele>425.000000</ele>
			</trkpt>
			<trkpt lat="50.490225" lon="14.624546">
				<ele>426.000000</ele>
			</trkpt>
			<trkpt lat="50.490236" lon="14.624141">
				<ele>429.000000</ele>
			</trkpt>
			<trkpt lat="50.490253" lon="14.623998">
				<ele>431.000000</ele>
			</trkpt>
			<trkpt lat="50.490276" lon="14.623837">
				<ele>434.000000</ele>
			</trkpt>
			<trkpt lat="50.490276" lon="14.623837">
				<ele>434.000000</ele>
			</trkpt>
			<trkpt lat="50.490253" lon="14.623998">
				<ele>431.000000</ele>
			</trkpt>
			<trkpt lat="50.490236" lon="14.624141">
				<ele>429.000000</ele>
			</trkpt>
			<trkpt lat="50.490225" lon="14.624546">
				<ele>426.000000</ele>
			</trkpt>
			<trkpt lat="50.490225" lon="14.624644">
				<ele>425.000000</ele>
			</trkpt>
			<trkpt lat="50.490236" lon="14.624762">
				<ele>425.000000</ele>
			</trkpt>
			<trkpt lat="50.490248" lon="14.625040">
				<ele>424.000000</ele>
			</trkpt>
			<trkpt lat="50.490259" lon="14.625453">
				<ele>424.000000</ele>
			</trkpt>
			<trkpt lat="50.490259" lon="14.625588">
				<ele>425.000000</ele>
			</trkpt>
			<trkpt lat="50.490259" lon="14.625858">
				<ele>426.000000</ele>
			</trkpt>
			<trkpt lat="50.490248" lon="14.625938">
				<ele>427.000000</ele>
			</trkpt>
			<trkpt lat="50.490230" lon="14.626011">
				<ele>427.000000</ele>
			</trkpt>
			<trkpt lat="50.490202" lon="14.626082">
				<ele>428.000000</ele>
			</trkpt>
			<trkpt lat="50.490167" lon="14.626154">
				<ele>428.000000</ele>
			</trkpt>
			<trkpt lat="50.490116" lon="14.626208">
				<ele>428.000000</ele>
			</trkpt>
			<trkpt lat="50.490071" lon="14.626271">
				<ele>428.000000</ele>
			</trkpt>
			<trkpt lat="50.490008" lon="14.626324">
				<ele>428.000000</ele>
			</trkpt>
			<trkpt lat="50.489945" lon="14.626397">
				<ele>428.000000</ele>
			</trkpt>
			<trkpt lat="50.489911" lon="14.626468">
				<ele>427.000000</ele>
			</trkpt>
			<trkpt lat="50.489865" lon="14.626567">
				<ele>427.000000</ele>
			</trkpt>
			<trkpt lat="50.489802" lon="14.626747">
				<ele>427.000000</ele>
			</trkpt>
			<trkpt lat="50.489693" lon="14.627143">
				<ele>427.000000</ele>
			</trkpt>
			<trkpt lat="50.489642" lon="14.627313">
				<ele>428.000000</ele>
			</trkpt>
			<trkpt lat="50.489413" lon="14.627995">
				<ele>427.000000</ele>
			</trkpt>
			<trkpt lat="50.489162" lon="14.628812">
				<ele>424.000000</ele>
			</trkpt>
			<trkpt lat="50.489070" lon="14.629110">
				<ele>423.000000</ele>
			</trkpt>
			<trkpt lat="50.489019" lon="14.629325">
				<ele>422.000000</ele>
			</trkpt>
			<trkpt lat="50.488991" lon="14.629531">
				<ele>421.000000</ele>
			</trkpt>
			<trkpt lat="50.488973" lon="14.629774">
				<ele>421.000000</ele>
			</trkpt>
			<trkpt lat="50.488956" lon="14.630053">
				<ele>420.000000</ele>
			</trkpt>
			<trkpt lat="50.488962" lon="14.630250">
				<ele>419.000000</ele>
			</trkpt>
			<trkpt lat="50.488921" lon="14.630393">
				<ele>419.000000</ele>
			</trkpt>
			<trkpt lat="50.488842" lon="14.630690">
				<ele>418.000000</ele>
			</trkpt>
			<trkpt lat="50.488790" lon="14.630843">
				<ele>418.000000</ele>
			</trkpt>
			<trkpt lat="50.488573" lon="14.631374">
				<ele>417.000000</ele>
			</trkpt>
			<trkpt lat="50.488493" lon="14.631535">
				<ele>417.000000</ele>
			</trkpt>
			<trkpt lat="50.488407" lon="14.631678">
				<ele>417.000000</ele>
			</trkpt>
			<trkpt lat="50.488316" lon="14.631840">
				<ele>416.000000</ele>
			</trkpt>
			<trkpt lat="50.488219" lon="14.631967">
				<ele>415.000000</ele>
			</trkpt>
			<trkpt lat="50.488099" lon="14.632110">
				<ele>415.000000</ele>
			</trkpt>
			<trkpt lat="50.487996" lon="14.632217">
				<ele>414.000000</ele>
			</trkpt>
			<trkpt lat="50.487933" lon="14.632217">
				<ele>414.000000</ele>
			</trkpt>
			<trkpt lat="50.487876" lon="14.632244">
				<ele>413.000000</ele>
			</trkpt>
			<trkpt lat="50.487807" lon="14.632290">
				<ele>413.000000</ele>
			</trkpt>
			<trkpt lat="50.487636" lon="14.632353">
				<ele>414.000000</ele>
			</trkpt>
			<trkpt lat="50.487544" lon="14.632388">
				<ele>414.000000</ele>
			</trkpt>
			<trkpt lat="50.487481" lon="14.632424">
				<ele>415.000000</ele>
			</trkpt>
			<trkpt lat="50.487430" lon="14.632433">
				<ele>415.000000</ele>
			</trkpt>
			<trkpt lat="50.487367" lon="14.632433">
				<ele>415.000000</ele>
			</trkpt>
			<trkpt lat="50.487322" lon="14.632424">
				<ele>416.000000</ele>
			</trkpt>
			<trkpt lat="50.487259" lon="14.632380">
				<ele>416.000000</ele>
			</trkpt>
			<trkpt lat="50.487059" lon="14.632271">
				<ele>417.000000</ele>
			</trkpt>
			<trkpt lat="50.487013" lon="14.632227">
				<ele>417.000000</ele>
			</trkpt>
			<trkpt lat="50.486967" lon="14.632173">
				<ele>418.000000</ele>
			</trkpt>
			<trkpt lat="50.486887" lon="14.631984">
				<ele>419.000000</ele>
			</trkpt>
			<trkpt lat="50.486704" lon="14.631571">
				<ele>425.000000</ele>
			</trkpt>
			<trkpt lat="50.486636" lon="14.631427">
				<ele>425.000000</ele>
			</trkpt>
			<trkpt lat="50.486573" lon="14.631328">
				<ele>426.000000</ele>
			</trkpt>
			<trkpt lat="50.486487" lon="14.631229">
				<ele>426.000000</ele>
			</trkpt>
			<trkpt lat="50.486389" lon="14.631148">
				<ele>427.000000</ele>
			</trkpt>
			<trkpt lat="50.486298" lon="14.631059">
				<ele>427.000000</ele>
			</trkpt>
			<trkpt lat="50.486207" lon="14.631005">
				<ele>427.000000</ele>
			</trkpt>
			<trkpt lat="50.485950" lon="14.630896">
				<ele>430.000000</ele>
			</trkpt>
			<trkpt lat="50.485847" lon="14.630852">
				<ele>432.000000</ele>
			</trkpt>
			<trkpt lat="50.485761" lon="14.630780">
				<ele>433.000000</ele>
			</trkpt>
			<trkpt lat="50.485658" lon="14.630672">
				<ele>433.000000</ele>
			</trkpt>
			<trkpt lat="50.485573" lon="14.630628">
				<ele>432.000000</ele>
			</trkpt>
			<trkpt lat="50.485510" lon="14.630628">
				<ele>432.000000</ele>
			</trkpt>
			<trkpt lat="50.485418" lon="14.630672">
				<ele>432.000000</ele>
			</trkpt>
			<trkpt lat="50.485309" lon="14.630735">
				<ele>432.000000</ele>
			</trkpt>
			<trkpt lat="50.485264" lon="14.630762">
				<ele>432.000000</ele>
			</trkpt>
			<trkpt lat="50.485218" lon="14.630745">
				<ele>431.000000</ele>
			</trkpt>
			<trkpt lat="50.485184" lon="14.630735">
				<ele>430.000000</ele>
			</trkpt>
			<trkpt lat="50.485087" lon="14.630636">
				<ele>428.000000</ele>
			</trkpt>
			<trkpt lat="50.485024" lon="14.630582">
				<ele>426.000000</ele>
			</trkpt>
			<trkpt lat="50.484955" lon="14.630546">
				<ele>425.000000</ele>
			</trkpt>
			<trkpt lat="50.484875" lon="14.630556">
				<ele>425.000000</ele>
			</trkpt>
			<trkpt lat="50.484292" lon="14.630538">
				<ele>419.000000</ele>
			</trkpt>
			<trkpt lat="50.484138" lon="14.630510">
				<ele>418.000000</ele>
			</trkpt>
			<trkpt lat="50.484006" lon="14.630456">
				<ele>416.000000</ele>
			</trkpt>
			<trkpt lat="50.483841" lon="14.630349">
				<ele>414.000000</ele>
			</trkpt>
			<trkpt lat="50.483732" lon="14.630295">
				<ele>412.000000</ele>
			</trkpt>
			<trkpt lat="50.483623" lon="14.630295">
				<ele>412.000000</ele>
			</trkpt>
			<trkpt lat="50.483509" lon="14.630277">
				<ele>410.000000</ele>
			</trkpt>
			<trkpt lat="50.483412" lon="14.630250">
				<ele>410.000000</ele>
			</trkpt>
			<trkpt lat="50.483349" lon="14.630250">
				<ele>409.000000</ele>
			</trkpt>
			<trkpt lat="50.483286" lon="14.630269">
				<ele>409.000000</ele>
			</trkpt>
			<trkpt lat="50.483229" lon="14.630313">
				<ele>408.000000</ele>
			</trkpt>
			<trkpt lat="50.483132" lon="14.630412">
				<ele>408.000000</ele>
			</trkpt>
			<trkpt lat="50.483114" lon="14.630420">
				<ele>407.000000</ele>
			</trkpt>
			<trkpt lat="50.482978" lon="14.630609">
				<ele>404.000000</ele>
			</trkpt>
			<trkpt lat="50.482795" lon="14.630933">
				<ele>403.000000</ele>
			</trkpt>
			<trkpt lat="50.482657" lon="14.631158">
				<ele>404.000000</ele>
			</trkpt>
			<trkpt lat="50.482589" lon="14.631274">
				<ele>405.000000</ele>
			</trkpt>
			<trkpt lat="50.482498" lon="14.631355">
				<ele>409.000000</ele>
			</trkpt>
			<trkpt lat="50.482400" lon="14.631418">
				<ele>410.000000</ele>
			</trkpt>
			<trkpt lat="50.482251" lon="14.631472">
				<ele>412.000000</ele>
			</trkpt>
			<trkpt lat="50.482172" lon="14.631490">
				<ele>413.000000</ele>
			</trkpt>
			<trkpt lat="50.482091" lon="14.631472">
				<ele>414.000000</ele>
			</trkpt>
			<trkpt lat="50.482029" lon="14.631418">
				<ele>414.000000</ele>
			</trkpt>
			<trkpt lat="50.481697" lon="14.630996">
				<ele>413.000000</ele>
			</trkpt>
			<trkpt lat="50.481594" lon="14.630896">
				<ele>414.000000</ele>
			</trkpt>
			<trkpt lat="50.481497" lon="14.630835">
				<ele>413.000000</ele>
			</trkpt>
			<trkpt lat="50.481337" lon="14.630735">
				<ele>413.000000</ele>
			</trkpt>
			<trkpt lat="50.481205" lon="14.630690">
				<ele>410.000000</ele>
			</trkpt>
			<trkpt lat="50.481079" lon="14.630663">
				<ele>407.000000</ele>
			</trkpt>
			<trkpt lat="50.480954" lon="14.630682">
				<ele>404.000000</ele>
			</trkpt>
			<trkpt lat="50.480766" lon="14.630672">
				<ele>401.000000</ele>
			</trkpt>
			<trkpt lat="50.480668" lon="14.630699">
				<ele>400.000000</ele>
			</trkpt>
			<trkpt lat="50.480634" lon="14.630699">
				<ele>400.000000</ele>
			</trkpt>
			<trkpt lat="50.480588" lon="14.630672">
				<ele>399.000000</ele>
			</trkpt>
			<trkpt lat="50.480560" lon="14.630609">
				<ele>398.000000</ele>
			</trkpt>
			<trkpt lat="50.480554" lon="14.630573">
				<ele>398.000000</ele>
			</trkpt>
			<trkpt lat="50.480542" lon="14.630430">
				<ele>398.000000</ele>
			</trkpt>
			<trkpt lat="50.480560" lon="14.630286">
				<ele>400.000000</ele>
			</trkpt>
			<trkpt lat="50.480565" lon="14.630152">
				<ele>400.000000</ele>
			</trkpt>
			<trkpt lat="50.480594" lon="14.630034">
				<ele>402.000000</ele>
			</trkpt>
			<trkpt lat="50.480719" lon="14.629613">
				<ele>404.000000</ele>
			</trkpt>
			<trkpt lat="50.480766" lon="14.629441">
				<ele>404.000000</ele>
			</trkpt>
			<trkpt lat="50.480782" lon="14.629316">
				<ele>404.000000</ele>
			</trkpt>
			<trkpt lat="50.480771" lon="14.629200">
				<ele>404.000000</ele>
			</trkpt>
			<trkpt lat="50.480742" lon="14.629091">
				<ele>404.000000</ele>
			</trkpt>
			<trkpt lat="50.480691" lon="14.629001">
				<ele>406.000000</ele>
			</trkpt>
			<trkpt lat="50.480634" lon="14.628965">
				<ele>406.000000</ele>
			</trkpt>
			<trkpt lat="50.480571" lon="14.628948">
				<ele>407.000000</ele>
			</trkpt>
			<trkpt lat="50.480422" lon="14.628938">
				<ele>408.000000</ele>
			</trkpt>
			<trkpt lat="50.480297" lon="14.628921">
				<ele>409.000000</ele>
			</trkpt>
			<trkpt lat="50.480211" lon="14.628894">
				<ele>410.000000</ele>
			</trkpt>
			<trkpt lat="50.480142" lon="14.628858">
				<ele>413.000000</ele>
			</trkpt>
			<trkpt lat="50.480068" lon="14.628785">
				<ele>415.000000</ele>
			</trkpt>
			<trkpt lat="50.480022" lon="14.628714">
				<ele>417.000000</ele>
			</trkpt>
			<trkpt lat="50.479999" lon="14.628634">
				<ele>416.000000</ele>
			</trkpt>
			<trkpt lat="50.479994" lon="14.628634">
				<ele>416.000000</ele>
			</trkpt>
			<trkpt lat="50.479994" lon="14.628634">
				<ele>416.000000</ele>
			</trkpt>
			<trkpt lat="50.479999" lon="14.628634">
				<ele>416.000000</ele>
			</trkpt>
			<trkpt lat="50.480005" lon="14.628445">
				<ele>412.000000</ele>
			</trkpt>
			<trkpt lat="50.480005" lon="14.628391">
				<ele>412.000000</ele>
			</trkpt>
			<trkpt lat="50.480068" lon="14.628122">
				<ele>411.000000</ele>
			</trkpt>
			<trkpt lat="50.480211" lon="14.627645">
				<ele>406.000000</ele>
			</trkpt>
			<trkpt lat="50.480228" lon="14.627546">
				<ele>405.000000</ele>
			</trkpt>
			<trkpt lat="50.480245" lon="14.627430">
				<ele>404.000000</ele>
			</trkpt>
			<trkpt lat="50.480251" lon="14.627322">
				<ele>404.000000</ele>
			</trkpt>
			<trkpt lat="50.480245" lon="14.627223">
				<ele>404.000000</ele>
			</trkpt>
			<trkpt lat="50.480216" lon="14.627007">
				<ele>402.000000</ele>
			</trkpt>
			<trkpt lat="50.480142" lon="14.626711">
				<ele>401.000000</ele>
			</trkpt>
			<trkpt lat="50.480005" lon="14.626261">
				<ele>396.000000</ele>
			</trkpt>
			<trkpt lat="50.479936" lon="14.626037">
				<ele>393.000000</ele>
			</trkpt>
			<trkpt lat="50.479862" lon="14.625831">
				<ele>392.000000</ele>
			</trkpt>
			<trkpt lat="50.479582" lon="14.625183">
				<ele>391.000000</ele>
			</trkpt>
			<trkpt lat="50.479542" lon="14.625093">
				<ele>389.000000</ele>
			</trkpt>
			<trkpt lat="50.479502" lon="14.625040">
				<ele>388.000000</ele>
			</trkpt>
			<trkpt lat="50.479456" lon="14.624986">
				<ele>387.000000</ele>
			</trkpt>
			<trkpt lat="50.479410" lon="14.624959">
				<ele>387.000000</ele>
			</trkpt>
			<trkpt lat="50.479365" lon="14.624932">
				<ele>387.000000</ele>
			</trkpt>
			<trkpt lat="50.479319" lon="14.624932">
				<ele>387.000000</ele>
			</trkpt>
			<trkpt lat="50.479274" lon="14.624942">
				<ele>388.000000</ele>
			</trkpt>
			<trkpt lat="50.479222" lon="14.624969">
				<ele>390.000000</ele>
			</trkpt>
			<trkpt lat="50.479084" lon="14.625085">
				<ele>397.000000</ele>
			</trkpt>
			<trkpt lat="50.479034" lon="14.625112">
				<ele>400.000000</ele>
			</trkpt>
			<trkpt lat="50.478976" lon="14.625103">
				<ele>402.000000</ele>
			</trkpt>
			<trkpt lat="50.478925" lon="14.625076">
				<ele>403.000000</ele>
			</trkpt>
			<trkpt lat="50.478816" lon="14.624986">
				<ele>405.000000</ele>
			</trkpt>
			<trkpt lat="50.478742" lon="14.624932">
				<ele>404.000000</ele>
			</trkpt>
			<trkpt lat="50.478679" lon="14.624906">
				<ele>403.000000</ele>
			</trkpt>
			<trkpt lat="50.478627" lon="14.624906">
				<ele>403.000000</ele>
			</trkpt>
			<trkpt lat="50.478564" lon="14.624932">
				<ele>403.000000</ele>
			</trkpt>
			<trkpt lat="50.478427" lon="14.625003">
				<ele>402.000000</ele>
			</trkpt>
			<trkpt lat="50.478204" lon="14.625175">
				<ele>397.000000</ele>
			</trkpt>
			<trkpt lat="50.478187" lon="14.625175">
				<ele>397.000000</ele>
			</trkpt>
			<trkpt lat="50.478176" lon="14.625166">
				<ele>396.000000</ele>
			</trkpt>
			<trkpt lat="50.478170" lon="14.625139">
				<ele>396.000000</ele>
			</trkpt>
			<trkpt lat="50.478170" lon="14.625112">
				<ele>395.000000</ele>
			</trkpt>
			<trkpt lat="50.478239" lon="14.624483">
				<ele>387.000000</ele>
			</trkpt>
			<trkpt lat="50.478256" lon="14.624160">
				<ele>387.000000</ele>
			</trkpt>
			<trkpt lat="50.478273" lon="14.624024">
				<ele>389.000000</ele>
			</trkpt>
			<trkpt lat="50.478307" lon="14.623854">
				<ele>391.000000</ele>
			</trkpt>
			<trkpt lat="50.478364" lon="14.623711">
				<ele>392.000000</ele>
			</trkpt>
			<trkpt lat="50.478444" lon="14.623512">
				<ele>392.000000</ele>
			</trkpt>
			<trkpt lat="50.478484" lon="14.623414">
				<ele>392.000000</ele>
			</trkpt>
			<trkpt lat="50.478513" lon="14.623298">
				<ele>392.000000</ele>
			</trkpt>
			<trkpt lat="50.478525" lon="14.623198">
				<ele>392.000000</ele>
			</trkpt>
			<trkpt lat="50.478525" lon="14.623072">
				<ele>393.000000</ele>
			</trkpt>
			<trkpt lat="50.478502" lon="14.622919">
				<ele>395.000000</ele>
			</trkpt>
			<trkpt lat="50.478473" lon="14.622776">
				<ele>395.000000</ele>
			</trkpt>
			<trkpt lat="50.478359" lon="14.622345">
				<ele>389.000000</ele>
			</trkpt>
			<trkpt lat="50.478301" lon="14.622076">
				<ele>384.000000</ele>
			</trkpt>
			<trkpt lat="50.478256" lon="14.621851">
				<ele>379.000000</ele>
			</trkpt>
			<trkpt lat="50.478227" lon="14.621608">
				<ele>372.000000</ele>
			</trkpt>
			<trkpt lat="50.478199" lon="14.621204">
				<ele>364.000000</ele>
			</trkpt>
			<trkpt lat="50.478164" lon="14.620737">
				<ele>355.000000</ele>
			</trkpt>
			<trkpt lat="50.478142" lon="14.620009">
				<ele>344.000000</ele>
			</trkpt>
			<trkpt lat="50.478079" lon="14.618751">
				<ele>330.000000</ele>
			</trkpt>
			<trkpt lat="50.477998" lon="14.617539">
				<ele>325.000000</ele>
			</trkpt>
			<trkpt lat="50.477970" lon="14.617162">
				<ele>323.000000</ele>
			</trkpt>
			<trkpt lat="50.477953" lon="14.617045">
				<ele>322.000000</ele>
			</trkpt>
			<trkpt lat="50.477918" lon="14.616919">
				<ele>321.000000</ele>
			</trkpt>
			<trkpt lat="50.477816" lon="14.616686">
				<ele>321.000000</ele>
			</trkpt>
			<trkpt lat="50.477719" lon="14.616497">
				<ele>320.000000</ele>
			</trkpt>
			<trkpt lat="50.477610" lon="14.616336">
				<ele>318.000000</ele>
			</trkpt>
			<trkpt lat="50.477450" lon="14.616147">
				<ele>317.000000</ele>
			</trkpt>
			<trkpt lat="50.477364" lon="14.616066">
				<ele>316.000000</ele>
			</trkpt>
			<trkpt lat="50.477284" lon="14.616021">
				<ele>315.000000</ele>
			</trkpt>
			<trkpt lat="50.477187" lon="14.616011">
				<ele>314.000000</ele>
			</trkpt>
			<trkpt lat="50.477078" lon="14.616030">
				<ele>313.000000</ele>
			</trkpt>
			<trkpt lat="50.477004" lon="14.616030">
				<ele>312.000000</ele>
			</trkpt>
			<trkpt lat="50.476952" lon="14.616057">
				<ele>311.000000</ele>
			</trkpt>
			<trkpt lat="50.476907" lon="14.616101">
				<ele>311.000000</ele>
			</trkpt>
			<trkpt lat="50.476855" lon="14.616156">
				<ele>311.000000</ele>
			</trkpt>
			<trkpt lat="50.476809" lon="14.616227">
				<ele>311.000000</ele>
			</trkpt>
			<trkpt lat="50.476781" lon="14.616300">
				<ele>311.000000</ele>
			</trkpt>
			<trkpt lat="50.476701" lon="14.616569">
				<ele>309.000000</ele>
			</trkpt>
			<trkpt lat="50.476638" lon="14.616749">
				<ele>309.000000</ele>
			</trkpt>
			<trkpt lat="50.476603" lon="14.616820">
				<ele>309.000000</ele>
			</trkpt>
			<trkpt lat="50.476569" lon="14.616874">
				<ele>308.000000</ele>
			</trkpt>
			<trkpt lat="50.476524" lon="14.616902">
				<ele>308.000000</ele>
			</trkpt>
			<trkpt lat="50.476478" lon="14.616919">
				<ele>308.000000</ele>
			</trkpt>
			<trkpt lat="50.476335" lon="14.616874">
				<ele>305.000000</ele>
			</trkpt>
			<trkpt lat="50.476107" lon="14.616784">
				<ele>301.000000</ele>
			</trkpt>
			<trkpt lat="50.476044" lon="14.616766">
				<ele>299.000000</ele>
			</trkpt>
			<trkpt lat="50.475980" lon="14.616757">
				<ele>299.000000</ele>
			</trkpt>
			<trkpt lat="50.475929" lon="14.616766">
				<ele>298.000000</ele>
			</trkpt>
			<trkpt lat="50.475878" lon="14.616784">
				<ele>298.000000</ele>
			</trkpt>
			<trkpt lat="50.475769" lon="14.616856">
				<ele>297.000000</ele>
			</trkpt>
			<trkpt lat="50.475643" lon="14.617000">
				<ele>294.000000</ele>
			</trkpt>
			<trkpt lat="50.475535" lon="14.617126">
				<ele>292.000000</ele>
			</trkpt>
			<trkpt lat="50.475460" lon="14.617233">
				<ele>289.000000</ele>
			</trkpt>
			<trkpt lat="50.475409" lon="14.617369">
				<ele>288.000000</ele>
			</trkpt>
			<trkpt lat="50.475363" lon="14.617503">
				<ele>288.000000</ele>
			</trkpt>
			<trkpt lat="50.475117" lon="14.618338">
				<ele>282.000000</ele>
			</trkpt>
			<trkpt lat="50.475100" lon="14.618392">
				<ele>281.000000</ele>
			</trkpt>
			<trkpt lat="50.475071" lon="14.618437">
				<ele>280.000000</ele>
			</trkpt>
			<trkpt lat="50.475043" lon="14.618464">
				<ele>279.000000</ele>
			</trkpt>
			<trkpt lat="50.475020" lon="14.618464">
				<ele>278.000000</ele>
			</trkpt>
			<trkpt lat="50.474991" lon="14.618437">
				<ele>277.000000</ele>
			</trkpt>
			<trkpt lat="50.474974" lon="14.618411">
				<ele>276.000000</ele>
			</trkpt>
			<trkpt lat="50.474974" lon="14.618365">
				<ele>276.000000</ele>
			</trkpt>
			<trkpt lat="50.474974" lon="14.618330">
				<ele>276.000000</ele>
			</trkpt>
			<trkpt lat="50.474997" lon="14.617961">
				<ele>275.000000</ele>
			</trkpt>
			<trkpt lat="50.475066" lon="14.616847">
				<ele>270.000000</ele>
			</trkpt>
			<trkpt lat="50.475066" lon="14.616632">
				<ele>271.000000</ele>
			</trkpt>
			<trkpt lat="50.475048" lon="14.616461">
				<ele>270.000000</ele>
			</trkpt>
			<trkpt lat="50.475003" lon="14.616300">
				<ele>269.000000</ele>
			</trkpt>
			<trkpt lat="50.474928" lon="14.616128">
				<ele>268.000000</ele>
			</trkpt>
			<trkpt lat="50.474792" lon="14.616147">
				<ele>267.000000</ele>
			</trkpt>
			<trkpt lat="50.474505" lon="14.616093">
				<ele>265.000000</ele>
			</trkpt>
			<trkpt lat="50.474362" lon="14.616074">
				<ele>264.000000</ele>
			</trkpt>
			<trkpt lat="50.474242" lon="14.616074">
				<ele>264.000000</ele>
			</trkpt>
			<trkpt lat="50.474179" lon="14.616093">
				<ele>264.000000</ele>
			</trkpt>
			<trkpt lat="50.474100" lon="14.616120">
				<ele>264.000000</ele>
			</trkpt>
			<trkpt lat="50.473951" lon="14.616210">
				<ele>263.000000</ele>
			</trkpt>
			<trkpt lat="50.473825" lon="14.616290">
				<ele>263.000000</ele>
			</trkpt>
			<trkpt lat="50.473722" lon="14.616317">
				<ele>263.000000</ele>
			</trkpt>
			<trkpt lat="50.473534" lon="14.616363">
				<ele>262.000000</ele>
			</trkpt>
			<trkpt lat="50.473242" lon="14.616506">
				<ele>261.000000</ele>
			</trkpt>
			<trkpt lat="50.473185" lon="14.616506">
				<ele>261.000000</ele>
			</trkpt>
			<trkpt lat="50.473151" lon="14.616506">
				<ele>261.000000</ele>
			</trkpt>
			<trkpt lat="50.473111" lon="14.616479">
				<ele>261.000000</ele>
			</trkpt>
			<trkpt lat="50.473070" lon="14.616443">
				<ele>261.000000</ele>
			</trkpt>
			<trkpt lat="50.473031" lon="14.616398">
				<ele>261.000000</ele>
			</trkpt>
			<trkpt lat="50.472916" lon="14.616174">
				<ele>261.000000</ele>
			</trkpt>
			<trkpt lat="50.472488" lon="14.615285">
				<ele>260.000000</ele>
			</trkpt>
			<trkpt lat="50.471784" lon="14.613910">
				<ele>258.000000</ele>
			</trkpt>
			<trkpt lat="50.471676" lon="14.613713">
				<ele>257.000000</ele>
			</trkpt>
			<trkpt lat="50.471567" lon="14.613550">
				<ele>256.000000</ele>
			</trkpt>
			<trkpt lat="50.471441" lon="14.613407">
				<ele>257.000000</ele>
			</trkpt>
			<trkpt lat="50.471269" lon="14.613237">
				<ele>256.000000</ele>
			</trkpt>
			<trkpt lat="50.470978" lon="14.612975">
				<ele>256.000000</ele>
			</trkpt>
			<trkpt lat="50.470761" lon="14.612751">
				<ele>254.000000</ele>
			</trkpt>
			<trkpt lat="50.470589" lon="14.612545">
				<ele>254.000000</ele>
			</trkpt>
			<trkpt lat="50.470435" lon="14.612302">
				<ele>254.000000</ele>
			</trkpt>
			<trkpt lat="50.470263" lon="14.612006">
				<ele>256.000000</ele>
			</trkpt>
			<trkpt lat="50.469829" lon="14.612419">
				<ele>254.000000</ele>
			</trkpt>
			<trkpt lat="50.469394" lon="14.612778">
				<ele>254.000000</ele>
			</trkpt>
			<trkpt lat="50.469286" lon="14.612858">
				<ele>253.000000</ele>
			</trkpt>
			<trkpt lat="50.468777" lon="14.613245">
				<ele>254.000000</ele>
			</trkpt>
			<trkpt lat="50.468285" lon="14.613577">
				<ele>253.000000</ele>
			</trkpt>
			<trkpt lat="50.467719" lon="14.613919">
				<ele>252.000000</ele>
			</trkpt>
			<trkpt lat="50.467078" lon="14.614279">
				<ele>252.000000</ele>
			</trkpt>
			<trkpt lat="50.466741" lon="14.614449">
				<ele>252.000000</ele>
			</trkpt>
			<trkpt lat="50.466272" lon="14.614646">
				<ele>252.000000</ele>
			</trkpt>
			<trkpt lat="50.466112" lon="14.614692">
				<ele>252.000000</ele>
			</trkpt>
			<trkpt lat="50.465958" lon="14.614736">
				<ele>252.000000</ele>
			</trkpt>
			<trkpt lat="50.465820" lon="14.614736">
				<ele>252.000000</ele>
			</trkpt>
			<trkpt lat="50.465677" lon="14.614736">
				<ele>252.000000</ele>
			</trkpt>
			<trkpt lat="50.465523" lon="14.614709">
				<ele>252.000000</ele>
			</trkpt>
			<trkpt lat="50.465374" lon="14.614673">
				<ele>252.000000</ele>
			</trkpt>
			<trkpt lat="50.465157" lon="14.614583">
				<ele>252.000000</ele>
			</trkpt>
			<trkpt lat="50.464985" lon="14.614548">
				<ele>252.000000</ele>
			</trkpt>
			<trkpt lat="50.464763" lon="14.614520">
				<ele>251.000000</ele>
			</trkpt>
			<trkpt lat="50.464580" lon="14.614520">
				<ele>250.000000</ele>
			</trkpt>
			<trkpt lat="50.464408" lon="14.614575">
				<ele>251.000000</ele>
			</trkpt>
			<trkpt lat="50.464168" lon="14.614682">
				<ele>251.000000</ele>
			</trkpt>
			<trkpt lat="50.464031" lon="14.614782">
				<ele>252.000000</ele>
			</trkpt>
			<trkpt lat="50.463962" lon="14.614871">
				<ele>253.000000</ele>
			</trkpt>
			<trkpt lat="50.463962" lon="14.614871">
				<ele>253.000000</ele>
			</trkpt>
			<trkpt lat="50.463951" lon="14.614879">
				<ele>253.000000</ele>
			</trkpt>
			<trkpt lat="50.463917" lon="14.614656">
				<ele>252.000000</ele>
			</trkpt>
			<trkpt lat="50.463870" lon="14.614503">
				<ele>251.000000</ele>
			</trkpt>
			<trkpt lat="50.463745" lon="14.614162">
				<ele>251.000000</ele>
			</trkpt>
			<trkpt lat="50.463699" lon="14.614017">
				<ele>252.000000</ele>
			</trkpt>
			<trkpt lat="50.463682" lon="14.613892">
				<ele>252.000000</ele>
			</trkpt>
			<trkpt lat="50.463670" lon="14.613721">
				<ele>252.000000</ele>
			</trkpt>
			<trkpt lat="50.463670" lon="14.613388">
				<ele>252.000000</ele>
			</trkpt>
			<trkpt lat="50.463676" lon="14.612742">
				<ele>251.000000</ele>
			</trkpt>
			<trkpt lat="50.463664" lon="14.612319">
				<ele>252.000000</ele>
			</trkpt>
			<trkpt lat="50.463648" lon="14.611933">
				<ele>252.000000</ele>
			</trkpt>
			<trkpt lat="50.463607" lon="14.611556">
				<ele>251.000000</ele>
			</trkpt>
			<trkpt lat="50.463562" lon="14.611179">
				<ele>251.000000</ele>
			</trkpt>
			<trkpt lat="50.463453" lon="14.610461">
				<ele>250.000000</ele>
			</trkpt>
			<trkpt lat="50.463413" lon="14.610164">
				<ele>251.000000</ele>
			</trkpt>
			<trkpt lat="50.463247" lon="14.608897">
				<ele>251.000000</ele>
			</trkpt>
			<trkpt lat="50.463105" lon="14.608924">
				<ele>252.000000</ele>
			</trkpt>
			<trkpt lat="50.463013" lon="14.608304">
				<ele>255.000000</ele>
			</trkpt>
			<trkpt lat="50.462956" lon="14.607908">
				<ele>254.000000</ele>
			</trkpt>
			<trkpt lat="50.462875" lon="14.607532">
				<ele>252.000000</ele>
			</trkpt>
			<trkpt lat="50.462784" lon="14.607128">
				<ele>251.000000</ele>
			</trkpt>
			<trkpt lat="50.462750" lon="14.606956">
				<ele>252.000000</ele>
			</trkpt>
			<trkpt lat="50.462687" lon="14.606732">
				<ele>252.000000</ele>
			</trkpt>
			<trkpt lat="50.462618" lon="14.606553">
				<ele>252.000000</ele>
			</trkpt>
			<trkpt lat="50.462549" lon="14.606390">
				<ele>251.000000</ele>
			</trkpt>
			<trkpt lat="50.462476" lon="14.606239">
				<ele>252.000000</ele>
			</trkpt>
			<trkpt lat="50.462384" lon="14.606103">
				<ele>253.000000</ele>
			</trkpt>
			<trkpt lat="50.462275" lon="14.605960">
				<ele>253.000000</ele>
			</trkpt>
			<trkpt lat="50.462166" lon="14.605834">
				<ele>250.000000</ele>
			</trkpt>
			<trkpt lat="50.462035" lon="14.605708">
				<ele>248.000000</ele>
			</trkpt>
			<trkpt lat="50.461846" lon="14.605537">
				<ele>249.000000</ele>
			</trkpt>
			<trkpt lat="50.461726" lon="14.605411">
				<ele>248.000000</ele>
			</trkpt>
			<trkpt lat="50.461617" lon="14.605258">
				<ele>247.000000</ele>
			</trkpt>
			<trkpt lat="50.461520" lon="14.605034">
				<ele>246.000000</ele>
			</trkpt>
			<trkpt lat="50.461646" lon="14.604918">
				<ele>244.000000</ele>
			</trkpt>
			<trkpt lat="50.461600" lon="14.604729">
				<ele>244.000000</ele>
			</trkpt>
			<trkpt lat="50.461578" lon="14.604486">
				<ele>244.000000</ele>
			</trkpt>
			<trkpt lat="50.461572" lon="14.604361">
				<ele>244.000000</ele>
			</trkpt>
			<trkpt lat="50.461578" lon="14.604271">
				<ele>245.000000</ele>
			</trkpt>
			<trkpt lat="50.461606" lon="14.604190">
				<ele>245.000000</ele>
			</trkpt>
			<trkpt lat="50.461640" lon="14.604136">
				<ele>244.000000</ele>
			</trkpt>
			<trkpt lat="50.461566" lon="14.603966">
				<ele>245.000000</ele>
			</trkpt>
			<trkpt lat="50.461531" lon="14.603795">
				<ele>245.000000</ele>
			</trkpt>
			<trkpt lat="50.461515" lon="14.603597">
				<ele>245.000000</ele>
			</trkpt>
			<trkpt lat="50.461531" lon="14.603373">
				<ele>245.000000</ele>
			</trkpt>
			<trkpt lat="50.461566" lon="14.603076">
				<ele>245.000000</ele>
			</trkpt>
			<trkpt lat="50.461566" lon="14.602977">
				<ele>245.000000</ele>
			</trkpt>
			<trkpt lat="50.461554" lon="14.602897">
				<ele>245.000000</ele>
			</trkpt>
			<trkpt lat="50.461554" lon="14.602878">
				<ele>245.000000</ele>
			</trkpt>
			<trkpt lat="50.461526" lon="14.602528">
				<ele>244.000000</ele>
			</trkpt>
			<trkpt lat="50.461492" lon="14.602304">
				<ele>245.000000</ele>
			</trkpt>
			<trkpt lat="50.461446" lon="14.602124">
				<ele>245.000000</ele>
			</trkpt>
			<trkpt lat="50.461372" lon="14.601908">
				<ele>246.000000</ele>
			</trkpt>
			<trkpt lat="50.461171" lon="14.601388">
				<ele>248.000000</ele>
			</trkpt>
			<trkpt lat="50.460766" lon="14.600337">
				<ele>249.000000</ele>
			</trkpt>
			<trkpt lat="50.460674" lon="14.600084">
				<ele>248.000000</ele>
			</trkpt>
			<trkpt lat="50.460617" lon="14.599887">
				<ele>247.000000</ele>
			</trkpt>
			<trkpt lat="50.460594" lon="14.599690">
				<ele>247.000000</ele>
			</trkpt>
			<trkpt lat="50.460594" lon="14.599465">
				<ele>246.000000</ele>
			</trkpt>
			<trkpt lat="50.460571" lon="14.598953">
				<ele>247.000000</ele>
			</trkpt>
			<trkpt lat="50.460554" lon="14.598692">
				<ele>247.000000</ele>
			</trkpt>
			<trkpt lat="50.460508" lon="14.598450">
				<ele>248.000000</ele>
			</trkpt>
			<trkpt lat="50.460422" lon="14.598180">
				<ele>250.000000</ele>
			</trkpt>
			<trkpt lat="50.460308" lon="14.597857">
				<ele>251.000000</ele>
			</trkpt>
			<trkpt lat="50.460062" lon="14.597354">
				<ele>254.000000</ele>
			</trkpt>
			<trkpt lat="50.459891" lon="14.596950">
				<ele>255.000000</ele>
			</trkpt>
			<trkpt lat="50.459844" lon="14.596805">
				<ele>253.000000</ele>
			</trkpt>
			<trkpt lat="50.459833" lon="14.596698">
				<ele>251.000000</ele>
			</trkpt>
			<trkpt lat="50.459828" lon="14.596402">
				<ele>246.000000</ele>
			</trkpt>
			<trkpt lat="50.459805" lon="14.596105">
				<ele>243.000000</ele>
			</trkpt>
			<trkpt lat="50.459799" lon="14.595889">
				<ele>241.000000</ele>
			</trkpt>
			<trkpt lat="50.459805" lon="14.595729">
				<ele>241.000000</ele>
			</trkpt>
			<trkpt lat="50.459810" lon="14.595729">
				<ele>241.000000</ele>
			</trkpt>
			<trkpt lat="50.459810" lon="14.595729">
				<ele>241.000000</ele>
			</trkpt>
			<trkpt lat="50.459805" lon="14.595729">
				<ele>241.000000</ele>
			</trkpt>
			<trkpt lat="50.459724" lon="14.595530">
				<ele>241.000000</ele>
			</trkpt>
			<trkpt lat="50.459651" lon="14.595432">
				<ele>242.000000</ele>
			</trkpt>
			<trkpt lat="50.459262" lon="14.594928">
				<ele>242.000000</ele>
			</trkpt>
			<trkpt lat="50.459027" lon="14.594641">
				<ele>243.000000</ele>
			</trkpt>
			<trkpt lat="50.458964" lon="14.594560">
				<ele>243.000000</ele>
			</trkpt>
			<trkpt lat="50.458901" lon="14.594461">
				<ele>244.000000</ele>
			</trkpt>
			<trkpt lat="50.458855" lon="14.594354">
				<ele>244.000000</ele>
			</trkpt>
			<trkpt lat="50.458792" lon="14.594182">
				<ele>243.000000</ele>
			</trkpt>
			<trkpt lat="50.458735" lon="14.594066">
				<ele>242.000000</ele>
			</trkpt>
			<trkpt lat="50.458695" lon="14.593976">
				<ele>241.000000</ele>
			</trkpt>
			<trkpt lat="50.458638" lon="14.593886">
				<ele>240.000000</ele>
			</trkpt>
			<trkpt lat="50.458592" lon="14.593832">
				<ele>240.000000</ele>
			</trkpt>
			<trkpt lat="50.458541" lon="14.593805">
				<ele>240.000000</ele>
			</trkpt>
			<trkpt lat="50.458478" lon="14.593779">
				<ele>241.000000</ele>
			</trkpt>
			<trkpt lat="50.458421" lon="14.593779">
				<ele>241.000000</ele>
			</trkpt>
			<trkpt lat="50.458352" lon="14.593788">
				<ele>241.000000</ele>
			</trkpt>
			<trkpt lat="50.458232" lon="14.593832">
				<ele>241.000000</ele>
			</trkpt>
			<trkpt lat="50.458072" lon="14.593832">
				<ele>242.000000</ele>
			</trkpt>
			<trkpt lat="50.457980" lon="14.593824">
				<ele>242.000000</ele>
			</trkpt>
			<trkpt lat="50.457889" lon="14.593796">
				<ele>242.000000</ele>
			</trkpt>
			<trkpt lat="50.457809" lon="14.593752">
				<ele>241.000000</ele>
			</trkpt>
			<trkpt lat="50.457729" lon="14.593698">
				<ele>241.000000</ele>
			</trkpt>
			<trkpt lat="50.457666" lon="14.593626">
				<ele>240.000000</ele>
			</trkpt>
			<trkpt lat="50.457591" lon="14.593526">
				<ele>240.000000</ele>
			</trkpt>
			<trkpt lat="50.457523" lon="14.593402">
				<ele>240.000000</ele>
			</trkpt>
			<trkpt lat="50.457448" lon="14.593266">
				<ele>240.000000</ele>
			</trkpt>
			<trkpt lat="50.457357" lon="14.593050">
				<ele>240.000000</ele>
			</trkpt>
			<trkpt lat="50.457288" lon="14.592844">
				<ele>240.000000</ele>
			</trkpt>
			<trkpt lat="50.457243" lon="14.592647">
				<ele>240.000000</ele>
			</trkpt>
			<trkpt lat="50.457186" lon="14.592404">
				<ele>240.000000</ele>
			</trkpt>
			<trkpt lat="50.457157" lon="14.592207">
				<ele>240.000000</ele>
			</trkpt>
			<trkpt lat="50.457139" lon="14.591955">
				<ele>240.000000</ele>
			</trkpt>
			<trkpt lat="50.457088" lon="14.591065">
				<ele>240.000000</ele>
			</trkpt>
			<trkpt lat="50.457071" lon="14.590589">
				<ele>240.000000</ele>
			</trkpt>
			<trkpt lat="50.457053" lon="14.590239">
				<ele>240.000000</ele>
			</trkpt>
			<trkpt lat="50.457025" lon="14.589889">
				<ele>240.000000</ele>
			</trkpt>
			<trkpt lat="50.456985" lon="14.589448">
				<ele>240.000000</ele>
			</trkpt>
			<trkpt lat="50.456956" lon="14.589242">
				<ele>240.000000</ele>
			</trkpt>
			<trkpt lat="50.456922" lon="14.589054">
				<ele>240.000000</ele>
			</trkpt>
			<trkpt lat="50.456859" lon="14.588892">
				<ele>240.000000</ele>
			</trkpt>
			<trkpt lat="50.456774" lon="14.588694">
				<ele>240.000000</ele>
			</trkpt>
			<trkpt lat="50.456711" lon="14.588578">
				<ele>240.000000</ele>
			</trkpt>
			<trkpt lat="50.456648" lon="14.588496">
				<ele>240.000000</ele>
			</trkpt>
			<trkpt lat="50.456567" lon="14.588425">
				<ele>241.000000</ele>
			</trkpt>
			<trkpt lat="50.456453" lon="14.588352">
				<ele>242.000000</ele>
			</trkpt>
			<trkpt lat="50.456299" lon="14.588263">
				<ele>243.000000</ele>
			</trkpt>
			<trkpt lat="50.456127" lon="14.588075">
				<ele>242.000000</ele>
			</trkpt>
			<trkpt lat="50.456001" lon="14.587949">
				<ele>241.000000</ele>
			</trkpt>
			<trkpt lat="50.455893" lon="14.587850">
				<ele>241.000000</ele>
			</trkpt>
			<trkpt lat="50.455767" lon="14.587769">
				<ele>241.000000</ele>
			</trkpt>
			<trkpt lat="50.455561" lon="14.587643">
				<ele>240.000000</ele>
			</trkpt>
			<trkpt lat="50.455413" lon="14.587536">
				<ele>240.000000</ele>
			</trkpt>
			<trkpt lat="50.455218" lon="14.587364">
				<ele>240.000000</ele>
			</trkpt>
			<trkpt lat="50.455052" lon="14.587203">
				<ele>240.000000</ele>
			</trkpt>
			<trkpt lat="50.454875" lon="14.587033">
				<ele>240.000000</ele>
			</trkpt>
			<trkpt lat="50.454366" lon="14.586744">
				<ele>242.000000</ele>
			</trkpt>
			<trkpt lat="50.454314" lon="14.586708">
				<ele>242.000000</ele>
			</trkpt>
			<trkpt lat="50.454097" lon="14.586574">
				<ele>243.000000</ele>
			</trkpt>
			<trkpt lat="50.453988" lon="14.586520">
				<ele>243.000000</ele>
			</trkpt>
			<trkpt lat="50.453891" lon="14.586494">
				<ele>242.000000</ele>
			</trkpt>
			<trkpt lat="50.453776" lon="14.586502">
				<ele>242.000000</ele>
			</trkpt>
			<trkpt lat="50.453622" lon="14.586538">
				<ele>242.000000</ele>
			</trkpt>
			<trkpt lat="50.453519" lon="14.586538">
				<ele>242.000000</ele>
			</trkpt>
			<trkpt lat="50.453439" lon="14.586520">
				<ele>242.000000</ele>
			</trkpt>
			<trkpt lat="50.453353" lon="14.586494">
				<ele>242.000000</ele>
			</trkpt>
			<trkpt lat="50.453073" lon="14.586412">
				<ele>242.000000</ele>
			</trkpt>
			<trkpt lat="50.452844" lon="14.586377">
				<ele>243.000000</ele>
			</trkpt>
			<trkpt lat="50.452650" lon="14.586322">
				<ele>245.000000</ele>
			</trkpt>
			<trkpt lat="50.452530" lon="14.586278">
				<ele>245.000000</ele>
			</trkpt>
			<trkpt lat="50.452421" lon="14.586268">
				<ele>245.000000</ele>
			</trkpt>
			<trkpt lat="50.452318" lon="14.586232">
				<ele>246.000000</ele>
			</trkpt>
			<trkpt lat="50.452215" lon="14.586179">
				<ele>246.000000</ele>
			</trkpt>
			<trkpt lat="50.452055" lon="14.586052">
				<ele>246.000000</ele>
			</trkpt>
			<trkpt lat="50.451947" lon="14.585991">
				<ele>247.000000</ele>
			</trkpt>
			<trkpt lat="50.451849" lon="14.585972">
				<ele>248.000000</ele>
			</trkpt>
			<trkpt lat="50.451786" lon="14.585945">
				<ele>249.000000</ele>
			</trkpt>
			<trkpt lat="50.451740" lon="14.585901">
				<ele>249.000000</ele>
			</trkpt>
			<trkpt lat="50.451694" lon="14.585838">
				<ele>250.000000</ele>
			</trkpt>
			<trkpt lat="50.451620" lon="14.585694">
				<ele>251.000000</ele>
			</trkpt>
			<trkpt lat="50.451569" lon="14.585622">
				<ele>252.000000</ele>
			</trkpt>
			<trkpt lat="50.451511" lon="14.585541">
				<ele>253.000000</ele>
			</trkpt>
			<trkpt lat="50.451448" lon="14.585487">
				<ele>254.000000</ele>
			</trkpt>
			<trkpt lat="50.451386" lon="14.585442">
				<ele>254.000000</ele>
			</trkpt>
			<trkpt lat="50.451323" lon="14.585425">
				<ele>253.000000</ele>
			</trkpt>
			<trkpt lat="50.451260" lon="14.585433">
				<ele>253.000000</ele>
			</trkpt>
			<trkpt lat="50.451163" lon="14.585469">
				<ele>253.000000</ele>
			</trkpt>
			<trkpt lat="50.451054" lon="14.585532">
				<ele>251.000000</ele>
			</trkpt>
			<trkpt lat="50.450974" lon="14.585586">
				<ele>249.000000</ele>
			</trkpt>
			<trkpt lat="50.450717" lon="14.585855">
				<ele>245.000000</ele>
			</trkpt>
			<trkpt lat="50.450659" lon="14.585802">
				<ele>243.000000</ele>
			</trkpt>
			<trkpt lat="50.450631" lon="14.585756">
				<ele>243.000000</ele>
			</trkpt>
			<trkpt lat="50.450631" lon="14.585702">
				<ele>243.000000</ele>
			</trkpt>
			<trkpt lat="50.450642" lon="14.585631">
				<ele>243.000000</ele>
			</trkpt>
			<trkpt lat="50.450705" lon="14.585406">
				<ele>245.000000</ele>
			</trkpt>
			<trkpt lat="50.450791" lon="14.585163">
				<ele>243.000000</ele>
			</trkpt>
			<trkpt lat="50.450819" lon="14.585065">
				<ele>242.000000</ele>
			</trkpt>
			<trkpt lat="50.450825" lon="14.584966">
				<ele>242.000000</ele>
			</trkpt>
			<trkpt lat="50.450808" lon="14.584859">
				<ele>242.000000</ele>
			</trkpt>
			<trkpt lat="50.450774" lon="14.584769">
				<ele>242.000000</ele>
			</trkpt>
			<trkpt lat="50.450620" lon="14.584463">
				<ele>244.000000</ele>
			</trkpt>
			<trkpt lat="50.450482" lon="14.584157">
				<ele>242.000000</ele>
			</trkpt>
			<trkpt lat="50.450265" lon="14.583762">
				<ele>239.000000</ele>
			</trkpt>
			<trkpt lat="50.450156" lon="14.583555">
				<ele>239.000000</ele>
			</trkpt>
			<trkpt lat="50.450064" lon="14.583331">
				<ele>239.000000</ele>
			</trkpt>
			<trkpt lat="50.449985" lon="14.583062">
				<ele>239.000000</ele>
			</trkpt>
			<trkpt lat="50.449847" lon="14.582586">
				<ele>238.000000</ele>
			</trkpt>
			<trkpt lat="50.449830" lon="14.582523">
				<ele>239.000000</ele>
			</trkpt>
			<trkpt lat="50.449818" lon="14.582513">
				<ele>239.000000</ele>
			</trkpt>
			<trkpt lat="50.449675" lon="14.582190">
				<ele>239.000000</ele>
			</trkpt>
			<trkpt lat="50.449378" lon="14.581436">
				<ele>240.000000</ele>
			</trkpt>
			<trkpt lat="50.449350" lon="14.581364">
				<ele>241.000000</ele>
			</trkpt>
			<trkpt lat="50.449338" lon="14.581265">
				<ele>241.000000</ele>
			</trkpt>
			<trkpt lat="50.449350" lon="14.581175">
				<ele>240.000000</ele>
			</trkpt>
			<trkpt lat="50.449366" lon="14.581005">
				<ele>239.000000</ele>
			</trkpt>
			<trkpt lat="50.449384" lon="14.580726">
				<ele>238.000000</ele>
			</trkpt>
			<trkpt lat="50.449361" lon="14.580484">
				<ele>238.000000</ele>
			</trkpt>
			<trkpt lat="50.449327" lon="14.580259">
				<ele>239.000000</ele>
			</trkpt>
			<trkpt lat="50.449223" lon="14.579729">
				<ele>238.000000</ele>
			</trkpt>
			<trkpt lat="50.449189" lon="14.579576">
				<ele>238.000000</ele>
			</trkpt>
			<trkpt lat="50.449144" lon="14.579406">
				<ele>237.000000</ele>
			</trkpt>
			<trkpt lat="50.449109" lon="14.579262">
				<ele>238.000000</ele>
			</trkpt>
			<trkpt lat="50.449052" lon="14.579127">
				<ele>239.000000</ele>
			</trkpt>
			<trkpt lat="50.448989" lon="14.579001">
				<ele>239.000000</ele>
			</trkpt>
			<trkpt lat="50.448915" lon="14.578876">
				<ele>240.000000</ele>
			</trkpt>
			<trkpt lat="50.448680" lon="14.578498">
				<ele>242.000000</ele>
			</trkpt>
			<trkpt lat="50.448617" lon="14.578427">
				<ele>243.000000</ele>
			</trkpt>
			<trkpt lat="50.448320" lon="14.578184">
				<ele>239.000000</ele>
			</trkpt>
			<trkpt lat="50.448228" lon="14.578148">
				<ele>238.000000</ele>
			</trkpt>
			<trkpt lat="50.448143" lon="14.578102">
				<ele>237.000000</ele>
			</trkpt>
			<trkpt lat="50.448062" lon="14.578094">
				<ele>236.000000</ele>
			</trkpt>
			<trkpt lat="50.447971" lon="14.578094">
				<ele>236.000000</ele>
			</trkpt>
			<trkpt lat="50.447656" lon="14.578094">
				<ele>237.000000</ele>
			</trkpt>
			<trkpt lat="50.447467" lon="14.578112">
				<ele>236.000000</ele>
			</trkpt>
			<trkpt lat="50.447342" lon="14.578112">
				<ele>236.000000</ele>
			</trkpt>
			<trkpt lat="50.447302" lon="14.578094">
				<ele>236.000000</ele>
			</trkpt>
			<trkpt lat="50.447261" lon="14.578068">
				<ele>236.000000</ele>
			</trkpt>
			<trkpt lat="50.447135" lon="14.577968">
				<ele>234.000000</ele>
			</trkpt>
			<trkpt lat="50.447090" lon="14.577959">
				<ele>235.000000</ele>
			</trkpt>
			<trkpt lat="50.447044" lon="14.577959">
				<ele>235.000000</ele>
			</trkpt>
			<trkpt lat="50.446541" lon="14.577959">
				<ele>238.000000</ele>
			</trkpt>
			<trkpt lat="50.446294" lon="14.577978">
				<ele>240.000000</ele>
			</trkpt>
			<trkpt lat="50.446123" lon="14.577968">
				<ele>241.000000</ele>
			</trkpt>
			<trkpt lat="50.445980" lon="14.577941">
				<ele>242.000000</ele>
			</trkpt>
			<trkpt lat="50.445894" lon="14.577923">
				<ele>242.000000</ele>
			</trkpt>
			<trkpt lat="50.445757" lon="14.577941">
				<ele>240.000000</ele>
			</trkpt>
			<trkpt lat="50.445517" lon="14.578004">
				<ele>238.000000</ele>
			</trkpt>
			<trkpt lat="50.445299" lon="14.578058">
				<ele>238.000000</ele>
			</trkpt>
			<trkpt lat="50.444904" lon="14.578202">
				<ele>239.000000</ele>
			</trkpt>
			<trkpt lat="50.444779" lon="14.578228">
				<ele>238.000000</ele>
			</trkpt>
			<trkpt lat="50.444653" lon="14.578238">
				<ele>237.000000</ele>
			</trkpt>
			<trkpt lat="50.444418" lon="14.578238">
				<ele>236.000000</ele>
			</trkpt>
			<trkpt lat="50.444344" lon="14.578247">
				<ele>236.000000</ele>
			</trkpt>
			<trkpt lat="50.444258" lon="14.578282">
				<ele>237.000000</ele>
			</trkpt>
			<trkpt lat="50.443841" lon="14.578462">
				<ele>239.000000</ele>
			</trkpt>
			<trkpt lat="50.443634" lon="14.578570">
				<ele>239.000000</ele>
			</trkpt>
			<trkpt lat="50.443492" lon="14.578668">
				<ele>238.000000</ele>
			</trkpt>
			<trkpt lat="50.443268" lon="14.578867">
				<ele>238.000000</ele>
			</trkpt>
			<trkpt lat="50.443114" lon="14.578947">
				<ele>237.000000</ele>
			</trkpt>
			<trkpt lat="50.442983" lon="14.579010">
				<ele>237.000000</ele>
			</trkpt>
			<trkpt lat="50.442891" lon="14.579083">
				<ele>237.000000</ele>
			</trkpt>
			<trkpt lat="50.442811" lon="14.579154">
				<ele>237.000000</ele>
			</trkpt>
			<trkpt lat="50.442719" lon="14.579280">
				<ele>238.000000</ele>
			</trkpt>
			<trkpt lat="50.442525" lon="14.579477">
				<ele>238.000000</ele>
			</trkpt>
			<trkpt lat="50.442370" lon="14.579603">
				<ele>237.000000</ele>
			</trkpt>
			<trkpt lat="50.442095" lon="14.579810">
				<ele>236.000000</ele>
			</trkpt>
			<trkpt lat="50.441564" lon="14.580178">
				<ele>236.000000</ele>
			</trkpt>
			<trkpt lat="50.441198" lon="14.580421">
				<ele>237.000000</ele>
			</trkpt>
			<trkpt lat="50.440917" lon="14.580591">
				<ele>237.000000</ele>
			</trkpt>
			<trkpt lat="50.440746" lon="14.580672">
				<ele>237.000000</ele>
			</trkpt>
			<trkpt lat="50.440579" lon="14.580735">
				<ele>237.000000</ele>
			</trkpt>
			<trkpt lat="50.440380" lon="14.580762">
				<ele>236.000000</ele>
			</trkpt>
			<trkpt lat="50.440328" lon="14.580752">
				<ele>235.000000</ele>
			</trkpt>
			<trkpt lat="50.440299" lon="14.580735">
				<ele>235.000000</ele>
			</trkpt>
			<trkpt lat="50.440299" lon="14.580735">
				<ele>235.000000</ele>
			</trkpt>
			<trkpt lat="50.440282" lon="14.580726">
				<ele>235.000000</ele>
			</trkpt>
			<trkpt lat="50.440237" lon="14.580781">
				<ele>235.000000</ele>
			</trkpt>
			<trkpt lat="50.440174" lon="14.580807">
				<ele>235.000000</ele>
			</trkpt>
			<trkpt lat="50.440127" lon="14.580609">
				<ele>235.000000</ele>
			</trkpt>
			<trkpt lat="50.440048" lon="14.580699">
				<ele>235.000000</ele>
			</trkpt>
			<trkpt lat="50.439973" lon="14.580752">
				<ele>236.000000</ele>
			</trkpt>
			<trkpt lat="50.439905" lon="14.580798">
				<ele>236.000000</ele>
			</trkpt>
			<trkpt lat="50.439813" lon="14.580842">
				<ele>236.000000</ele>
			</trkpt>
			<trkpt lat="50.439624" lon="14.580897">
				<ele>235.000000</ele>
			</trkpt>
			<trkpt lat="50.439464" lon="14.580915">
				<ele>234.000000</ele>
			</trkpt>
			<trkpt lat="50.439309" lon="14.580932">
				<ele>233.000000</ele>
			</trkpt>
			<trkpt lat="50.439115" lon="14.580905">
				<ele>233.000000</ele>
			</trkpt>
			<trkpt lat="50.438715" lon="14.580834">
				<ele>232.000000</ele>
			</trkpt>
			<trkpt lat="50.438394" lon="14.580771">
				<ele>233.000000</ele>
			</trkpt>
			<trkpt lat="50.438446" lon="14.580249">
				<ele>231.000000</ele>
			</trkpt>
			<trkpt lat="50.438468" lon="14.580052">
				<ele>232.000000</ele>
			</trkpt>
			<trkpt lat="50.438497" lon="14.579863">
				<ele>233.000000</ele>
			</trkpt>
			<trkpt lat="50.438446" lon="14.579810">
				<ele>234.000000</ele>
			</trkpt>
			<trkpt lat="50.438342" lon="14.579729">
				<ele>234.000000</ele>
			</trkpt>
			<trkpt lat="50.438291" lon="14.579666">
				<ele>235.000000</ele>
			</trkpt>
			<trkpt lat="50.438182" lon="14.579513">
				<ele>236.000000</ele>
			</trkpt>
			<trkpt lat="50.438137" lon="14.579477">
				<ele>237.000000</ele>
			</trkpt>
			<trkpt lat="50.438091" lon="14.579460">
				<ele>237.000000</ele>
			</trkpt>
			<trkpt lat="50.437536" lon="14.579379">
				<ele>236.000000</ele>
			</trkpt>
			<trkpt lat="50.437398" lon="14.579370">
				<ele>236.000000</ele>
			</trkpt>
			<trkpt lat="50.437273" lon="14.579324">
				<ele>236.000000</ele>
			</trkpt>
			<trkpt lat="50.437153" lon="14.579270">
				<ele>238.000000</ele>
			</trkpt>
			<trkpt lat="50.436918" lon="14.579144">
				<ele>237.000000</ele>
			</trkpt>
			<trkpt lat="50.436803" lon="14.579091">
				<ele>235.000000</ele>
			</trkpt>
			<trkpt lat="50.436706" lon="14.579083">
				<ele>233.000000</ele>
			</trkpt>
			<trkpt lat="50.436603" lon="14.579091">
				<ele>233.000000</ele>
			</trkpt>
			<trkpt lat="50.436478" lon="14.579154">
				<ele>232.000000</ele>
			</trkpt>
			<trkpt lat="50.436266" lon="14.579234">
				<ele>232.000000</ele>
			</trkpt>
			<trkpt lat="50.436031" lon="14.579280">
				<ele>233.000000</ele>
			</trkpt>
			<trkpt lat="50.435951" lon="14.579307">
				<ele>233.000000</ele>
			</trkpt>
			<trkpt lat="50.435888" lon="14.579343">
				<ele>233.000000</ele>
			</trkpt>
			<trkpt lat="50.435699" lon="14.579496">
				<ele>232.000000</ele>
			</trkpt>
			<trkpt lat="50.434778" lon="14.580241">
				<ele>239.000000</ele>
			</trkpt>
			<trkpt lat="50.434486" lon="14.580573">
				<ele>239.000000</ele>
			</trkpt>
			<trkpt lat="50.434337" lon="14.580762">
				<ele>237.000000</ele>
			</trkpt>
			<trkpt lat="50.434212" lon="14.580878">
				<ele>235.000000</ele>
			</trkpt>
			<trkpt lat="50.433943" lon="14.581022">
				<ele>235.000000</ele>
			</trkpt>
			<trkpt lat="50.433720" lon="14.581104">
				<ele>235.000000</ele>
			</trkpt>
			<trkpt lat="50.433490" lon="14.581148">
				<ele>237.000000</ele>
			</trkpt>
			<trkpt lat="50.433216" lon="14.581167">
				<ele>237.000000</ele>
			</trkpt>
			<trkpt lat="50.433090" lon="14.581148">
				<ele>237.000000</ele>
			</trkpt>
			<trkpt lat="50.432964" lon="14.581112">
				<ele>238.000000</ele>
			</trkpt>
			<trkpt lat="50.432855" lon="14.581058">
				<ele>239.000000</ele>
			</trkpt>
			<trkpt lat="50.432621" lon="14.580888">
				<ele>240.000000</ele>
			</trkpt>
			<trkpt lat="50.432140" lon="14.580573">
				<ele>239.000000</ele>
			</trkpt>
			<trkpt lat="50.431820" lon="14.580402">
				<ele>237.000000</ele>
			</trkpt>
			<trkpt lat="50.431294" lon="14.580169">
				<ele>236.000000</ele>
			</trkpt>
			<trkpt lat="50.430744" lon="14.579980">
				<ele>237.000000</ele>
			</trkpt>
			<trkpt lat="50.430349" lon="14.579899">
				<ele>235.000000</ele>
			</trkpt>
			<trkpt lat="50.430252" lon="14.579855">
				<ele>235.000000</ele>
			</trkpt>
			<trkpt lat="50.430131" lon="14.579783">
				<ele>236.000000</ele>
			</trkpt>
			<trkpt lat="50.429977" lon="14.579675">
				<ele>236.000000</ele>
			</trkpt>
			<trkpt lat="50.429880" lon="14.579621">
				<ele>236.000000</ele>
			</trkpt>
			<trkpt lat="50.429846" lon="14.579873">
				<ele>235.000000</ele>
			</trkpt>
			<trkpt lat="50.429817" lon="14.580125">
				<ele>235.000000</ele>
			</trkpt>
			<trkpt lat="50.429794" lon="14.580789">
				<ele>234.000000</ele>
			</trkpt>
			<trkpt lat="50.429594" lon="14.580672">
				<ele>234.000000</ele>
			</trkpt>
			<trkpt lat="50.429405" lon="14.580591">
				<ele>235.000000</ele>
			</trkpt>
			<trkpt lat="50.428787" lon="14.580358">
				<ele>235.000000</ele>
			</trkpt>
			<trkpt lat="50.428495" lon="14.580249">
				<ele>235.000000</ele>
			</trkpt>
			<trkpt lat="50.428266" lon="14.580169">
				<ele>235.000000</ele>
			</trkpt>
			<trkpt lat="50.428083" lon="14.580089">
				<ele>235.000000</ele>
			</trkpt>
			<trkpt lat="50.427923" lon="14.579972">
				<ele>234.000000</ele>
			</trkpt>
			<trkpt lat="50.427768" lon="14.579836">
				<ele>233.000000</ele>
			</trkpt>
			<trkpt lat="50.427671" lon="14.579945">
				<ele>233.000000</ele>
			</trkpt>
			<trkpt lat="50.427614" lon="14.580016">
				<ele>234.000000</ele>
			</trkpt>
			<trkpt lat="50.427551" lon="14.579819">
				<ele>233.000000</ele>
			</trkpt>
			<trkpt lat="50.427390" lon="14.579441">
				<ele>232.000000</ele>
			</trkpt>
			<trkpt lat="50.427316" lon="14.579307">
				<ele>232.000000</ele>
			</trkpt>
			<trkpt lat="50.427225" lon="14.579181">
				<ele>232.000000</ele>
			</trkpt>
			<trkpt lat="50.427144" lon="14.579064">
				<ele>232.000000</ele>
			</trkpt>
			<trkpt lat="50.426922" lon="14.578813">
				<ele>231.000000</ele>
			</trkpt>
			<trkpt lat="50.426726" lon="14.578615">
				<ele>231.000000</ele>
			</trkpt>
			<trkpt lat="50.426555" lon="14.578462">
				<ele>231.000000</ele>
			</trkpt>
			<trkpt lat="50.426429" lon="14.578355">
				<ele>231.000000</ele>
			</trkpt>
			<trkpt lat="50.426258" lon="14.578148">
				<ele>231.000000</ele>
			</trkpt>
			<trkpt lat="50.426034" lon="14.577852">
				<ele>231.000000</ele>
			</trkpt>
			<trkpt lat="50.425943" lon="14.577735">
				<ele>230.000000</ele>
			</trkpt>
			<trkpt lat="50.425399" lon="14.577070">
				<ele>228.000000</ele>
			</trkpt>
			<trkpt lat="50.425124" lon="14.576702">
				<ele>228.000000</ele>
			</trkpt>
			<trkpt lat="50.424987" lon="14.576567">
				<ele>228.000000</ele>
			</trkpt>
			<trkpt lat="50.424844" lon="14.576450">
				<ele>228.000000</ele>
			</trkpt>
			<trkpt lat="50.424695" lon="14.576351">
				<ele>227.000000</ele>
			</trkpt>
			<trkpt lat="50.424472" lon="14.576244">
				<ele>227.000000</ele>
			</trkpt>
			<trkpt lat="50.424237" lon="14.576136">
				<ele>227.000000</ele>
			</trkpt>
			<trkpt lat="50.424123" lon="14.576081">
				<ele>227.000000</ele>
			</trkpt>
			<trkpt lat="50.424014" lon="14.576064">
				<ele>227.000000</ele>
			</trkpt>
			<trkpt lat="50.423917" lon="14.576064">
				<ele>227.000000</ele>
			</trkpt>
			<trkpt lat="50.423797" lon="14.576108">
				<ele>227.000000</ele>
			</trkpt>
			<trkpt lat="50.423687" lon="14.576181">
				<ele>227.000000</ele>
			</trkpt>
			<trkpt lat="50.423367" lon="14.576477">
				<ele>228.000000</ele>
			</trkpt>
			<trkpt lat="50.423195" lon="14.576620">
				<ele>228.000000</ele>
			</trkpt>
			<trkpt lat="50.423035" lon="14.576737">
				<ele>228.000000</ele>
			</trkpt>
			<trkpt lat="50.422847" lon="14.576836">
				<ele>229.000000</ele>
			</trkpt>
			<trkpt lat="50.422623" lon="14.576953">
				<ele>229.000000</ele>
			</trkpt>
			<trkpt lat="50.422400" lon="14.577106">
				<ele>228.000000</ele>
			</trkpt>
			<trkpt lat="50.422291" lon="14.577178">
				<ele>228.000000</ele>
			</trkpt>
			<trkpt lat="50.422183" lon="14.577205">
				<ele>229.000000</ele>
			</trkpt>
			<trkpt lat="50.422073" lon="14.577223">
				<ele>230.000000</ele>
			</trkpt>
			<trkpt lat="50.421919" lon="14.577223">
				<ele>230.000000</ele>
			</trkpt>
			<trkpt lat="50.421776" lon="14.577196">
				<ele>230.000000</ele>
			</trkpt>
			<trkpt lat="50.421696" lon="14.577160">
				<ele>229.000000</ele>
			</trkpt>
			<trkpt lat="50.421616" lon="14.577089">
				<ele>228.000000</ele>
			</trkpt>
			<trkpt lat="50.421479" lon="14.576962">
				<ele>226.000000</ele>
			</trkpt>
			<trkpt lat="50.421255" lon="14.576836">
				<ele>226.000000</ele>
			</trkpt>
			<trkpt lat="50.421084" lon="14.576756">
				<ele>226.000000</ele>
			</trkpt>
			<trkpt lat="50.420797" lon="14.576647">
				<ele>226.000000</ele>
			</trkpt>
			<trkpt lat="50.420649" lon="14.576584">
				<ele>226.000000</ele>
			</trkpt>
			<trkpt lat="50.420585" lon="14.576557">
				<ele>227.000000</ele>
			</trkpt>
			<trkpt lat="50.420517" lon="14.576549">
				<ele>227.000000</ele>
			</trkpt>
			<trkpt lat="50.420443" lon="14.576549">
				<ele>227.000000</ele>
			</trkpt>
			<trkpt lat="50.420248" lon="14.576594">
				<ele>230.000000</ele>
			</trkpt>
			<trkpt lat="50.420128" lon="14.576576">
				<ele>230.000000</ele>
			</trkpt>
			<trkpt lat="50.419853" lon="14.576494">
				<ele>229.000000</ele>
			</trkpt>
			<trkpt lat="50.419779" lon="14.576486">
				<ele>229.000000</ele>
			</trkpt>
			<trkpt lat="50.419716" lon="14.576494">
				<ele>229.000000</ele>
			</trkpt>
			<trkpt lat="50.419641" lon="14.576513">
				<ele>229.000000</ele>
			</trkpt>
			<trkpt lat="50.419578" lon="14.576557">
				<ele>229.000000</ele>
			</trkpt>
			<trkpt lat="50.419527" lon="14.576612">
				<ele>229.000000</ele>
			</trkpt>
			<trkpt lat="50.419475" lon="14.576683">
				<ele>230.000000</ele>
			</trkpt>
			<trkpt lat="50.419195" lon="14.577178">
				<ele>232.000000</ele>
			</trkpt>
			<trkpt lat="50.419069" lon="14.577376">
				<ele>231.000000</ele>
			</trkpt>
			<trkpt lat="50.418937" lon="14.577573">
				<ele>229.000000</ele>
			</trkpt>
			<trkpt lat="50.418766" lon="14.577771">
				<ele>227.000000</ele>
			</trkpt>
			<trkpt lat="50.418622" lon="14.577932">
				<ele>226.000000</ele>
			</trkpt>
			<trkpt lat="50.418536" lon="14.578041">
				<ele>226.000000</ele>
			</trkpt>
			<trkpt lat="50.418456" lon="14.578184">
				<ele>227.000000</ele>
			</trkpt>
			<trkpt lat="50.418371" lon="14.578328">
				<ele>228.000000</ele>
			</trkpt>
			<trkpt lat="50.418302" lon="14.578435">
				<ele>228.000000</ele>
			</trkpt>
			<trkpt lat="50.418222" lon="14.578544">
				<ele>228.000000</ele>
			</trkpt>
			<trkpt lat="50.417935" lon="14.578777">
				<ele>226.000000</ele>
			</trkpt>
			<trkpt lat="50.417781" lon="14.578920">
				<ele>226.000000</ele>
			</trkpt>
			<trkpt lat="50.417466" lon="14.579253">
				<ele>227.000000</ele>
			</trkpt>
			<trkpt lat="50.417289" lon="14.579406">
				<ele>225.000000</ele>
			</trkpt>
			<trkpt lat="50.417066" lon="14.579576">
				<ele>224.000000</ele>
			</trkpt>
			<trkpt lat="50.416969" lon="14.579649">
				<ele>223.000000</ele>
			</trkpt>
			<trkpt lat="50.416865" lon="14.579693">
				<ele>223.000000</ele>
			</trkpt>
			<trkpt lat="50.416739" lon="14.579720">
				<ele>223.000000</ele>
			</trkpt>
			<trkpt lat="50.416688" lon="14.579720">
				<ele>223.000000</ele>
			</trkpt>
			<trkpt lat="50.416636" lon="14.579710">
				<ele>223.000000</ele>
			</trkpt>
			<trkpt lat="50.416505" lon="14.579639">
				<ele>223.000000</ele>
			</trkpt>
			<trkpt lat="50.416419" lon="14.579397">
				<ele>224.000000</ele>
			</trkpt>
			<trkpt lat="50.416356" lon="14.579262">
				<ele>223.000000</ele>
			</trkpt>
			<trkpt lat="50.416499" lon="14.579100">
				<ele>224.000000</ele>
			</trkpt>
			<trkpt lat="50.416459" lon="14.579047">
				<ele>226.000000</ele>
			</trkpt>
			<trkpt lat="50.416425" lon="14.579001">
				<ele>228.000000</ele>
			</trkpt>
			<trkpt lat="50.416362" lon="14.578993">
				<ele>230.000000</ele>
			</trkpt>
			<trkpt lat="50.416270" lon="14.578993">
				<ele>232.000000</ele>
			</trkpt>
			<trkpt lat="50.415995" lon="14.579055">
				<ele>234.000000</ele>
			</trkpt>
			<trkpt lat="50.415875" lon="14.579083">
				<ele>234.000000</ele>
			</trkpt>
			<trkpt lat="50.415743" lon="14.579136">
				<ele>234.000000</ele>
			</trkpt>
			<trkpt lat="50.415606" lon="14.579226">
				<ele>234.000000</ele>
			</trkpt>
			<trkpt lat="50.415142" lon="14.579594">
				<ele>232.000000</ele>
			</trkpt>
			<trkpt lat="50.415005" lon="14.579675">
				<ele>233.000000</ele>
			</trkpt>
			<trkpt lat="50.414879" lon="14.579747">
				<ele>233.000000</ele>
			</trkpt>
			<trkpt lat="50.414701" lon="14.579819">
				<ele>233.000000</ele>
			</trkpt>
			<trkpt lat="50.414581" lon="14.579855">
				<ele>233.000000</ele>
			</trkpt>
			<trkpt lat="50.414518" lon="14.579855">
				<ele>234.000000</ele>
			</trkpt>
			<trkpt lat="50.414467" lon="14.579828">
				<ele>235.000000</ele>
			</trkpt>
			<trkpt lat="50.414347" lon="14.579756">
				<ele>237.000000</ele>
			</trkpt>
			<trkpt lat="50.414158" lon="14.579612">
				<ele>236.000000</ele>
			</trkpt>
			<trkpt lat="50.414106" lon="14.579531">
				<ele>237.000000</ele>
			</trkpt>
			<trkpt lat="50.414049" lon="14.579450">
				<ele>237.000000</ele>
			</trkpt>
			<trkpt lat="50.413688" lon="14.578758">
				<ele>235.000000</ele>
			</trkpt>
			<trkpt lat="50.413574" lon="14.578498">
				<ele>232.000000</ele>
			</trkpt>
			<trkpt lat="50.413454" lon="14.578220">
				<ele>230.000000</ele>
			</trkpt>
			<trkpt lat="50.413253" lon="14.577735">
				<ele>230.000000</ele>
			</trkpt>
			<trkpt lat="50.413173" lon="14.577510">
				<ele>230.000000</ele>
			</trkpt>
			<trkpt lat="50.413110" lon="14.577286">
				<ele>231.000000</ele>
			</trkpt>
			<trkpt lat="50.413047" lon="14.577007">
				<ele>233.000000</ele>
			</trkpt>
			<trkpt lat="50.412961" lon="14.576450">
				<ele>239.000000</ele>
			</trkpt>
			<trkpt lat="50.412927" lon="14.576280">
				<ele>242.000000</ele>
			</trkpt>
			<trkpt lat="50.412869" lon="14.576127">
				<ele>241.000000</ele>
			</trkpt>
			<trkpt lat="50.412698" lon="14.575651">
				<ele>235.000000</ele>
			</trkpt>
			<trkpt lat="50.412652" lon="14.575507">
				<ele>233.000000</ele>
			</trkpt>
			<trkpt lat="50.412618" lon="14.575354">
				<ele>233.000000</ele>
			</trkpt>
			<trkpt lat="50.412572" lon="14.574959">
				<ele>237.000000</ele>
			</trkpt>
			<trkpt lat="50.412532" lon="14.574762">
				<ele>236.000000</ele>
			</trkpt>
			<trkpt lat="50.412515" lon="14.574555">
				<ele>238.000000</ele>
			</trkpt>
			<trkpt lat="50.412458" lon="14.573720">
				<ele>234.000000</ele>
			</trkpt>
			<trkpt lat="50.412389" lon="14.572928">
				<ele>233.000000</ele>
			</trkpt>
			<trkpt lat="50.412383" lon="14.572641">
				<ele>232.000000</ele>
			</trkpt>
			<trkpt lat="50.412377" lon="14.572326">
				<ele>231.000000</ele>
			</trkpt>
			<trkpt lat="50.412389" lon="14.571680">
				<ele>230.000000</ele>
			</trkpt>
			<trkpt lat="50.412400" lon="14.571240">
				<ele>232.000000</ele>
			</trkpt>
			<trkpt lat="50.412400" lon="14.571141">
				<ele>231.000000</ele>
			</trkpt>
			<trkpt lat="50.412411" lon="14.571007">
				<ele>232.000000</ele>
			</trkpt>
			<trkpt lat="50.412411" lon="14.570808">
				<ele>230.000000</ele>
			</trkpt>
			<trkpt lat="50.412411" lon="14.570638">
				<ele>230.000000</ele>
			</trkpt>
			<trkpt lat="50.412383" lon="14.570467">
				<ele>230.000000</ele>
			</trkpt>
			<trkpt lat="50.412326" lon="14.570207">
				<ele>230.000000</ele>
			</trkpt>
			<trkpt lat="50.412274" lon="14.569965">
				<ele>230.000000</ele>
			</trkpt>
			<trkpt lat="50.412183" lon="14.569686">
				<ele>227.000000</ele>
			</trkpt>
			<trkpt lat="50.412143" lon="14.569560">
				<ele>226.000000</ele>
			</trkpt>
			<trkpt lat="50.412206" lon="14.569416">
				<ele>234.000000</ele>
			</trkpt>
			<trkpt lat="50.412171" lon="14.569362">
				<ele>234.000000</ele>
			</trkpt>
			<trkpt lat="50.412108" lon="14.569246">
				<ele>235.000000</ele>
			</trkpt>
			<trkpt lat="50.411902" lon="14.568940">
				<ele>235.000000</ele>
			</trkpt>
			<trkpt lat="50.411874" lon="14.568886">
				<ele>235.000000</ele>
			</trkpt>
			<trkpt lat="50.411862" lon="14.568833">
				<ele>236.000000</ele>
			</trkpt>
			<trkpt lat="50.411862" lon="14.568760">
				<ele>238.000000</ele>
			</trkpt>
			<trkpt lat="50.411874" lon="14.568662">
				<ele>240.000000</ele>
			</trkpt>
			<trkpt lat="50.411874" lon="14.568518">
				<ele>241.000000</ele>
			</trkpt>
			<trkpt lat="50.411862" lon="14.568464">
				<ele>241.000000</ele>
			</trkpt>
			<trkpt lat="50.411845" lon="14.568410">
				<ele>240.000000</ele>
			</trkpt>
			<trkpt lat="50.411788" lon="14.568294">
				<ele>237.000000</ele>
			</trkpt>
			<trkpt lat="50.411696" lon="14.568167">
				<ele>232.000000</ele>
			</trkpt>
			<trkpt lat="50.411461" lon="14.567934">
				<ele>226.000000</ele>
			</trkpt>
			<trkpt lat="50.411421" lon="14.568068">
				<ele>225.000000</ele>
			</trkpt>
			<trkpt lat="50.411358" lon="14.568213">
				<ele>224.000000</ele>
			</trkpt>
			<trkpt lat="50.411267" lon="14.568410">
				<ele>223.000000</ele>
			</trkpt>
			<trkpt lat="50.411215" lon="14.568454">
				<ele>222.000000</ele>
			</trkpt>
			<trkpt lat="50.411158" lon="14.568500">
				<ele>222.000000</ele>
			</trkpt>
			<trkpt lat="50.411032" lon="14.568527">
				<ele>223.000000</ele>
			</trkpt>
			<trkpt lat="50.410992" lon="14.568572">
				<ele>222.000000</ele>
			</trkpt>
			<trkpt lat="50.410912" lon="14.568707">
				<ele>222.000000</ele>
			</trkpt>
			<trkpt lat="50.410866" lon="14.568770">
				<ele>222.000000</ele>
			</trkpt>
			<trkpt lat="50.410912" lon="14.569030">
				<ele>222.000000</ele>
			</trkpt>
			<trkpt lat="50.410946" lon="14.569290">
				<ele>222.000000</ele>
			</trkpt>
			<trkpt lat="50.411044" lon="14.570189">
				<ele>222.000000</ele>
			</trkpt>
			<trkpt lat="50.411089" lon="14.570584">
				<ele>222.000000</ele>
			</trkpt>
			<trkpt lat="50.411089" lon="14.570584">
				<ele>222.000000</ele>
			</trkpt>
			<trkpt lat="50.411089" lon="14.570584">
				<ele>222.000000</ele>
			</trkpt>
			<trkpt lat="50.411026" lon="14.570584">
				<ele>222.000000</ele>
			</trkpt>
			<trkpt lat="50.410963" lon="14.570594">
				<ele>222.000000</ele>
			</trkpt>
			<trkpt lat="50.410900" lon="14.570611">
				<ele>222.000000</ele>
			</trkpt>
			<trkpt lat="50.410820" lon="14.570665">
				<ele>222.000000</ele>
			</trkpt>
			<trkpt lat="50.410746" lon="14.570710">
				<ele>222.000000</ele>
			</trkpt>
			<trkpt lat="50.410305" lon="14.571024">
				<ele>222.000000</ele>
			</trkpt>
			<trkpt lat="50.410099" lon="14.571194">
				<ele>222.000000</ele>
			</trkpt>
			<trkpt lat="50.409658" lon="14.571491">
				<ele>221.000000</ele>
			</trkpt>
			<trkpt lat="50.409286" lon="14.571752">
				<ele>220.000000</ele>
			</trkpt>
			<trkpt lat="50.408988" lon="14.571923">
				<ele>220.000000</ele>
			</trkpt>
			<trkpt lat="50.408691" lon="14.572049">
				<ele>220.000000</ele>
			</trkpt>
			<trkpt lat="50.408312" lon="14.572183">
				<ele>220.000000</ele>
			</trkpt>
			<trkpt lat="50.408009" lon="14.572202">
				<ele>220.000000</ele>
			</trkpt>
			<trkpt lat="50.407729" lon="14.572175">
				<ele>220.000000</ele>
			</trkpt>
			<trkpt lat="50.407459" lon="14.572120">
				<ele>219.000000</ele>
			</trkpt>
			<trkpt lat="50.407242" lon="14.572039">
				<ele>219.000000</ele>
			</trkpt>
			<trkpt lat="50.407036" lon="14.571923">
				<ele>220.000000</ele>
			</trkpt>
			<trkpt lat="50.406830" lon="14.571770">
				<ele>220.000000</ele>
			</trkpt>
			<trkpt lat="50.406613" lon="14.571563">
				<ele>220.000000</ele>
			</trkpt>
			<trkpt lat="50.406395" lon="14.571312">
				<ele>219.000000</ele>
			</trkpt>
			<trkpt lat="50.405862" lon="14.570657">
				<ele>218.000000</ele>
			</trkpt>
			<trkpt lat="50.405754" lon="14.570907">
				<ele>218.000000</ele>
			</trkpt>
			<trkpt lat="50.405668" lon="14.570953">
				<ele>218.000000</ele>
			</trkpt>
			<trkpt lat="50.405639" lon="14.570953">
				<ele>218.000000</ele>
			</trkpt>
			<trkpt lat="50.405610" lon="14.570925">
				<ele>218.000000</ele>
			</trkpt>
			<trkpt lat="50.405564" lon="14.570881">
				<ele>218.000000</ele>
			</trkpt>
			<trkpt lat="50.405496" lon="14.570818">
				<ele>218.000000</ele>
			</trkpt>
			<trkpt lat="50.405422" lon="14.570773">
				<ele>218.000000</ele>
			</trkpt>
			<trkpt lat="50.405353" lon="14.570746">
				<ele>218.000000</ele>
			</trkpt>
			<trkpt lat="50.405278" lon="14.570746">
				<ele>218.000000</ele>
			</trkpt>
			<trkpt lat="50.405187" lon="14.570728">
				<ele>218.000000</ele>
			</trkpt>
			<trkpt lat="50.405118" lon="14.570691">
				<ele>218.000000</ele>
			</trkpt>
			<trkpt lat="50.405032" lon="14.570647">
				<ele>218.000000</ele>
			</trkpt>
			<trkpt lat="50.404901" lon="14.570539">
				<ele>218.000000</ele>
			</trkpt>
			<trkpt lat="50.404803" lon="14.570441">
				<ele>218.000000</ele>
			</trkpt>
			<trkpt lat="50.404729" lon="14.570359">
				<ele>218.000000</ele>
			</trkpt>
			<trkpt lat="50.404494" lon="14.570018">
				<ele>218.000000</ele>
			</trkpt>
			<trkpt lat="50.404402" lon="14.569883">
				<ele>218.000000</ele>
			</trkpt>
			<trkpt lat="50.404328" lon="14.569739">
				<ele>218.000000</ele>
			</trkpt>
			<trkpt lat="50.404156" lon="14.569362">
				<ele>218.000000</ele>
			</trkpt>
			<trkpt lat="50.404202" lon="14.569146">
				<ele>218.000000</ele>
			</trkpt>
			<trkpt lat="50.404265" lon="14.568896">
				<ele>218.000000</ele>
			</trkpt>
			<trkpt lat="50.404173" lon="14.568743">
				<ele>218.000000</ele>
			</trkpt>
			<trkpt lat="50.404093" lon="14.568563">
				<ele>218.000000</ele>
			</trkpt>
			<trkpt lat="50.404019" lon="14.568374">
				<ele>218.000000</ele>
			</trkpt>
			<trkpt lat="50.403956" lon="14.568141">
				<ele>217.000000</ele>
			</trkpt>
			<trkpt lat="50.403836" lon="14.567764">
				<ele>216.000000</ele>
			</trkpt>
			<trkpt lat="50.403629" lon="14.567171">
				<ele>216.000000</ele>
			</trkpt>
			<trkpt lat="50.403211" lon="14.566137">
				<ele>216.000000</ele>
			</trkpt>
			<trkpt lat="50.403063" lon="14.565814">
				<ele>215.000000</ele>
			</trkpt>
			<trkpt lat="50.402994" lon="14.565688">
				<ele>215.000000</ele>
			</trkpt>
			<trkpt lat="50.402919" lon="14.565563">
				<ele>215.000000</ele>
			</trkpt>
			<trkpt lat="50.402839" lon="14.565446">
				<ele>215.000000</ele>
			</trkpt>
			<trkpt lat="50.402742" lon="14.565320">
				<ele>215.000000</ele>
			</trkpt>
			<trkpt lat="50.402507" lon="14.565068">
				<ele>215.000000</ele>
			</trkpt>
			<trkpt lat="50.402381" lon="14.564934">
				<ele>216.000000</ele>
			</trkpt>
			<trkpt lat="50.402272" lon="14.564781">
				<ele>216.000000</ele>
			</trkpt>
			<trkpt lat="50.402181" lon="14.564628">
				<ele>216.000000</ele>
			</trkpt>
			<trkpt lat="50.401998" lon="14.564286">
				<ele>215.000000</ele>
			</trkpt>
			<trkpt lat="50.401883" lon="14.564062">
				<ele>215.000000</ele>
			</trkpt>
			<trkpt lat="50.401780" lon="14.563909">
				<ele>215.000000</ele>
			</trkpt>
			<trkpt lat="50.401671" lon="14.563802">
				<ele>215.000000</ele>
			</trkpt>
			<trkpt lat="50.401539" lon="14.563676">
				<ele>215.000000</ele>
			</trkpt>
			<trkpt lat="50.401070" lon="14.563344">
				<ele>215.000000</ele>
			</trkpt>
			<trkpt lat="50.400916" lon="14.563227">
				<ele>215.000000</ele>
			</trkpt>
			<trkpt lat="50.400761" lon="14.563164">
				<ele>215.000000</ele>
			</trkpt>
			<trkpt lat="50.400618" lon="14.563101">
				<ele>215.000000</ele>
			</trkpt>
			<trkpt lat="50.400320" lon="14.563011">
				<ele>216.000000</ele>
			</trkpt>
			<trkpt lat="50.400228" lon="14.562967">
				<ele>216.000000</ele>
			</trkpt>
			<trkpt lat="50.400125" lon="14.562867">
				<ele>215.000000</ele>
			</trkpt>
			<trkpt lat="50.400051" lon="14.562768">
				<ele>215.000000</ele>
			</trkpt>
			<trkpt lat="50.400022" lon="14.562715">
				<ele>215.000000</ele>
			</trkpt>
			<trkpt lat="50.399994" lon="14.562634">
				<ele>215.000000</ele>
			</trkpt>
			<trkpt lat="50.399976" lon="14.562481">
				<ele>215.000000</ele>
			</trkpt>
			<trkpt lat="50.399959" lon="14.562185">
				<ele>215.000000</ele>
			</trkpt>
			<trkpt lat="50.399930" lon="14.561969">
				<ele>214.000000</ele>
			</trkpt>
			<trkpt lat="50.399913" lon="14.561871">
				<ele>214.000000</ele>
			</trkpt>
			<trkpt lat="50.399896" lon="14.561799">
				<ele>214.000000</ele>
			</trkpt>
			<trkpt lat="50.399856" lon="14.561736">
				<ele>214.000000</ele>
			</trkpt>
			<trkpt lat="50.399787" lon="14.561646">
				<ele>214.000000</ele>
			</trkpt>
			<trkpt lat="50.399593" lon="14.561367">
				<ele>214.000000</ele>
			</trkpt>
			<trkpt lat="50.399524" lon="14.561259">
				<ele>214.000000</ele>
			</trkpt>
			<trkpt lat="50.399466" lon="14.561133">
				<ele>214.000000</ele>
			</trkpt>
			<trkpt lat="50.399398" lon="14.560936">
				<ele>214.000000</ele>
			</trkpt>
			<trkpt lat="50.399352" lon="14.560711">
				<ele>214.000000</ele>
			</trkpt>
			<trkpt lat="50.399261" lon="14.560244">
				<ele>214.000000</ele>
			</trkpt>
			<trkpt lat="50.399083" lon="14.559517">
				<ele>214.000000</ele>
			</trkpt>
			<trkpt lat="50.399054" lon="14.559401">
				<ele>214.000000</ele>
			</trkpt>
			<trkpt lat="50.399054" lon="14.559311">
				<ele>214.000000</ele>
			</trkpt>
			<trkpt lat="50.398951" lon="14.559248">
				<ele>214.000000</ele>
			</trkpt>
			<trkpt lat="50.398848" lon="14.559193">
				<ele>214.000000</ele>
			</trkpt>
			<trkpt lat="50.398762" lon="14.559185">
				<ele>215.000000</ele>
			</trkpt>
			<trkpt lat="50.398688" lon="14.559229">
				<ele>215.000000</ele>
			</trkpt>
			<trkpt lat="50.398596" lon="14.559292">
				<ele>216.000000</ele>
			</trkpt>
			<trkpt lat="50.398430" lon="14.559338">
				<ele>217.000000</ele>
			</trkpt>
			<trkpt lat="50.398247" lon="14.559338">
				<ele>219.000000</ele>
			</trkpt>
			<trkpt lat="50.398052" lon="14.559301">
				<ele>221.000000</ele>
			</trkpt>
			<trkpt lat="50.397795" lon="14.559221">
				<ele>225.000000</ele>
			</trkpt>
			<trkpt lat="50.397635" lon="14.559166">
				<ele>224.000000</ele>
			</trkpt>
			<trkpt lat="50.397491" lon="14.559139">
				<ele>225.000000</ele>
			</trkpt>
			<trkpt lat="50.397337" lon="14.559139">
				<ele>226.000000</ele>
			</trkpt>
			<trkpt lat="50.397016" lon="14.559166">
				<ele>227.000000</ele>
			</trkpt>
			<trkpt lat="50.396701" lon="14.559175">
				<ele>226.000000</ele>
			</trkpt>
			<trkpt lat="50.396517" lon="14.559185">
				<ele>227.000000</ele>
			</trkpt>
			<trkpt lat="50.396449" lon="14.559202">
				<ele>229.000000</ele>
			</trkpt>
			<trkpt lat="50.396386" lon="14.559175">
				<ele>228.000000</ele>
			</trkpt>
			<trkpt lat="50.396323" lon="14.559149">
				<ele>229.000000</ele>
			</trkpt>
			<trkpt lat="50.396231" lon="14.559076">
				<ele>228.000000</ele>
			</trkpt>
			<trkpt lat="50.396122" lon="14.558996">
				<ele>228.000000</ele>
			</trkpt>
			<trkpt lat="50.396008" lon="14.558951">
				<ele>229.000000</ele>
			</trkpt>
			<trkpt lat="50.395951" lon="14.558925">
				<ele>230.000000</ele>
			</trkpt>
			<trkpt lat="50.395899" lon="14.558888">
				<ele>230.000000</ele>
			</trkpt>
			<trkpt lat="50.395779" lon="14.558745">
				<ele>230.000000</ele>
			</trkpt>
			<trkpt lat="50.395475" lon="14.558313">
				<ele>227.000000</ele>
			</trkpt>
			<trkpt lat="50.395446" lon="14.558286">
				<ele>226.000000</ele>
			</trkpt>
			<trkpt lat="50.395401" lon="14.558269">
				<ele>225.000000</ele>
			</trkpt>
			<trkpt lat="50.395367" lon="14.558286">
				<ele>225.000000</ele>
			</trkpt>
			<trkpt lat="50.395309" lon="14.558313">
				<ele>224.000000</ele>
			</trkpt>
			<trkpt lat="50.395275" lon="14.558330">
				<ele>223.000000</ele>
			</trkpt>
			<trkpt lat="50.395246" lon="14.558330">
				<ele>222.000000</ele>
			</trkpt>
			<trkpt lat="50.395223" lon="14.558313">
				<ele>221.000000</ele>
			</trkpt>
			<trkpt lat="50.395206" lon="14.558286">
				<ele>219.000000</ele>
			</trkpt>
			<trkpt lat="50.395183" lon="14.558233">
				<ele>217.000000</ele>
			</trkpt>
			<trkpt lat="50.395178" lon="14.558160">
				<ele>216.000000</ele>
			</trkpt>
			<trkpt lat="50.395183" lon="14.558080">
				<ele>214.000000</ele>
			</trkpt>
			<trkpt lat="50.395212" lon="14.557944">
				<ele>214.000000</ele>
			</trkpt>
			<trkpt lat="50.395241" lon="14.557837">
				<ele>213.000000</ele>
			</trkpt>
			<trkpt lat="50.395246" lon="14.557693">
				<ele>213.000000</ele>
			</trkpt>
			<trkpt lat="50.395252" lon="14.557441">
				<ele>211.000000</ele>
			</trkpt>
			<trkpt lat="50.395263" lon="14.557388">
				<ele>210.000000</ele>
			</trkpt>
			<trkpt lat="50.395252" lon="14.557217">
				<ele>210.000000</ele>
			</trkpt>
			<trkpt lat="50.395246" lon="14.557137">
				<ele>210.000000</ele>
			</trkpt>
			<trkpt lat="50.395218" lon="14.557019">
				<ele>209.000000</ele>
			</trkpt>
			<trkpt lat="50.395126" lon="14.556642">
				<ele>209.000000</ele>
			</trkpt>
			<trkpt lat="50.395063" lon="14.556301">
				<ele>209.000000</ele>
			</trkpt>
			<trkpt lat="50.395023" lon="14.555977">
				<ele>209.000000</ele>
			</trkpt>
			<trkpt lat="50.394995" lon="14.555591">
				<ele>209.000000</ele>
			</trkpt>
			<trkpt lat="50.394966" lon="14.554954">
				<ele>208.000000</ele>
			</trkpt>
			<trkpt lat="50.394937" lon="14.554630">
				<ele>209.000000</ele>
			</trkpt>
			<trkpt lat="50.394909" lon="14.554459">
				<ele>209.000000</ele>
			</trkpt>
			<trkpt lat="50.394885" lon="14.554325">
				<ele>209.000000</ele>
			</trkpt>
			<trkpt lat="50.394857" lon="14.554199">
				<ele>209.000000</ele>
			</trkpt>
			<trkpt lat="50.394811" lon="14.554055">
				<ele>209.000000</ele>
			</trkpt>
			<trkpt lat="50.394691" lon="14.553732">
				<ele>210.000000</ele>
			</trkpt>
			<trkpt lat="50.394565" lon="14.553480">
				<ele>210.000000</ele>
			</trkpt>
			<trkpt lat="50.394439" lon="14.553229">
				<ele>211.000000</ele>
			</trkpt>
			<trkpt lat="50.394296" lon="14.552996">
				<ele>214.000000</ele>
			</trkpt>
			<trkpt lat="50.394124" lon="14.552743">
				<ele>213.000000</ele>
			</trkpt>
			<trkpt lat="50.393832" lon="14.552330">
				<ele>211.000000</ele>
			</trkpt>
			<trkpt lat="50.393769" lon="14.552267">
				<ele>210.000000</ele>
			</trkpt>
			<trkpt lat="50.393688" lon="14.552223">
				<ele>210.000000</ele>
			</trkpt>
			<trkpt lat="50.393597" lon="14.552214">
				<ele>210.000000</ele>
			</trkpt>
			<trkpt lat="50.393454" lon="14.552223">
				<ele>210.000000</ele>
			</trkpt>
			<trkpt lat="50.393402" lon="14.552214">
				<ele>210.000000</ele>
			</trkpt>
			<trkpt lat="50.393362" lon="14.552187">
				<ele>210.000000</ele>
			</trkpt>
			<trkpt lat="50.393316" lon="14.552097">
				<ele>210.000000</ele>
			</trkpt>
			<trkpt lat="50.393271" lon="14.551971">
				<ele>210.000000</ele>
			</trkpt>
			<trkpt lat="50.393225" lon="14.551764">
				<ele>209.000000</ele>
			</trkpt>
			<trkpt lat="50.393162" lon="14.551638">
				<ele>209.000000</ele>
			</trkpt>
			<trkpt lat="50.393093" lon="14.551512">
				<ele>209.000000</ele>
			</trkpt>
			<trkpt lat="50.393007" lon="14.551414">
				<ele>209.000000</ele>
			</trkpt>
			<trkpt lat="50.392703" lon="14.551162">
				<ele>209.000000</ele>
			</trkpt>
			<trkpt lat="50.392606" lon="14.551063">
				<ele>208.000000</ele>
			</trkpt>
			<trkpt lat="50.392423" lon="14.550857">
				<ele>208.000000</ele>
			</trkpt>
			<trkpt lat="50.392096" lon="14.550462">
				<ele>210.000000</ele>
			</trkpt>
			<trkpt lat="50.392028" lon="14.550380">
				<ele>212.000000</ele>
			</trkpt>
			<trkpt lat="50.391970" lon="14.550283">
				<ele>213.000000</ele>
			</trkpt>
			<trkpt lat="50.391925" lon="14.550156">
				<ele>214.000000</ele>
			</trkpt>
			<trkpt lat="50.391862" lon="14.549931">
				<ele>216.000000</ele>
			</trkpt>
			<trkpt lat="50.391799" lon="14.549654">
				<ele>218.000000</ele>
			</trkpt>
			<trkpt lat="50.391724" lon="14.549204">
				<ele>217.000000</ele>
			</trkpt>
			<trkpt lat="50.391690" lon="14.549007">
				<ele>218.000000</ele>
			</trkpt>
			<trkpt lat="50.391679" lon="14.548854">
				<ele>217.000000</ele>
			</trkpt>
			<trkpt lat="50.391667" lon="14.548711">
				<ele>217.000000</ele>
			</trkpt>
			<trkpt lat="50.391667" lon="14.548539">
				<ele>215.000000</ele>
			</trkpt>
			<trkpt lat="50.391667" lon="14.548279">
				<ele>213.000000</ele>
			</trkpt>
			<trkpt lat="50.391650" lon="14.548009">
				<ele>213.000000</ele>
			</trkpt>
			<trkpt lat="50.391581" lon="14.547759">
				<ele>218.000000</ele>
			</trkpt>
			<trkpt lat="50.391484" lon="14.547417">
				<ele>217.000000</ele>
			</trkpt>
			<trkpt lat="50.391404" lon="14.547183">
				<ele>215.000000</ele>
			</trkpt>
			<trkpt lat="50.391312" lon="14.547013">
				<ele>214.000000</ele>
			</trkpt>
			<trkpt lat="50.391266" lon="14.546940">
				<ele>215.000000</ele>
			</trkpt>
			<trkpt lat="50.391215" lon="14.546887">
				<ele>215.000000</ele>
			</trkpt>
			<trkpt lat="50.391157" lon="14.546841">
				<ele>215.000000</ele>
			</trkpt>
			<trkpt lat="50.391106" lon="14.546805">
				<ele>216.000000</ele>
			</trkpt>
			<trkpt lat="50.390716" lon="14.546627">
				<ele>218.000000</ele>
			</trkpt>
			<trkpt lat="50.390579" lon="14.546537">
				<ele>219.000000</ele>
			</trkpt>
			<trkpt lat="50.390447" lon="14.546447">
				<ele>218.000000</ele>
			</trkpt>
			<trkpt lat="50.390356" lon="14.546401">
				<ele>218.000000</ele>
			</trkpt>
			<trkpt lat="50.390212" lon="14.546375">
				<ele>219.000000</ele>
			</trkpt>
			<trkpt lat="50.390149" lon="14.546365">
				<ele>219.000000</ele>
			</trkpt>
			<trkpt lat="50.390092" lon="14.546338">
				<ele>218.000000</ele>
			</trkpt>
			<trkpt lat="50.389977" lon="14.546239">
				<ele>216.000000</ele>
			</trkpt>
			<trkpt lat="50.389823" lon="14.546069">
				<ele>215.000000</ele>
			</trkpt>
			<trkpt lat="50.389605" lon="14.545809">
				<ele>214.000000</ele>
			</trkpt>
			<trkpt lat="50.389513" lon="14.545692">
				<ele>214.000000</ele>
			</trkpt>
			<trkpt lat="50.389410" lon="14.545611">
				<ele>214.000000</ele>
			</trkpt>
			<trkpt lat="50.389308" lon="14.545530">
				<ele>213.000000</ele>
			</trkpt>
			<trkpt lat="50.389210" lon="14.545459">
				<ele>213.000000</ele>
			</trkpt>
			<trkpt lat="50.389112" lon="14.545405">
				<ele>213.000000</ele>
			</trkpt>
			<trkpt lat="50.389004" lon="14.545359">
				<ele>214.000000</ele>
			</trkpt>
			<trkpt lat="50.388912" lon="14.545332">
				<ele>215.000000</ele>
			</trkpt>
			<trkpt lat="50.388821" lon="14.545332">
				<ele>217.000000</ele>
			</trkpt>
			<trkpt lat="50.388740" lon="14.545332">
				<ele>218.000000</ele>
			</trkpt>
			<trkpt lat="50.388660" lon="14.545323">
				<ele>219.000000</ele>
			</trkpt>
			<trkpt lat="50.388597" lon="14.545296">
				<ele>220.000000</ele>
			</trkpt>
			<trkpt lat="50.388534" lon="14.545233">
				<ele>218.000000</ele>
			</trkpt>
			<trkpt lat="50.388460" lon="14.545180">
				<ele>218.000000</ele>
			</trkpt>
			<trkpt lat="50.388397" lon="14.545126">
				<ele>217.000000</ele>
			</trkpt>
			<trkpt lat="50.388162" lon="14.545027">
				<ele>217.000000</ele>
			</trkpt>
			<trkpt lat="50.388013" lon="14.544946">
				<ele>217.000000</ele>
			</trkpt>
			<trkpt lat="50.387875" lon="14.544839">
				<ele>215.000000</ele>
			</trkpt>
			<trkpt lat="50.387812" lon="14.544784">
				<ele>213.000000</ele>
			</trkpt>
			<trkpt lat="50.387738" lon="14.544740">
				<ele>211.000000</ele>
			</trkpt>
			<trkpt lat="50.387686" lon="14.544694">
				<ele>210.000000</ele>
			</trkpt>
			<trkpt lat="50.387612" lon="14.544686">
				<ele>210.000000</ele>
			</trkpt>
			<trkpt lat="50.387469" lon="14.544667">
				<ele>210.000000</ele>
			</trkpt>
			<trkpt lat="50.387217" lon="14.544704">
				<ele>212.000000</ele>
			</trkpt>
			<trkpt lat="50.387120" lon="14.544704">
				<ele>213.000000</ele>
			</trkpt>
			<trkpt lat="50.387073" lon="14.544704">
				<ele>213.000000</ele>
			</trkpt>
			<trkpt lat="50.387039" lon="14.544721">
				<ele>213.000000</ele>
			</trkpt>
			<trkpt lat="50.386994" lon="14.544721">
				<ele>213.000000</ele>
			</trkpt>
			<trkpt lat="50.386959" lon="14.544704">
				<ele>213.000000</ele>
			</trkpt>
			<trkpt lat="50.386867" lon="14.544623">
				<ele>213.000000</ele>
			</trkpt>
			<trkpt lat="50.386793" lon="14.544551">
				<ele>213.000000</ele>
			</trkpt>
			<trkpt lat="50.386724" lon="14.544497">
				<ele>213.000000</ele>
			</trkpt>
			<trkpt lat="50.386661" lon="14.544470">
				<ele>213.000000</ele>
			</trkpt>
			<trkpt lat="50.386604" lon="14.544453">
				<ele>213.000000</ele>
			</trkpt>
			<trkpt lat="50.386570" lon="14.544453">
				<ele>213.000000</ele>
			</trkpt>
			<trkpt lat="50.386536" lon="14.544470">
				<ele>214.000000</ele>
			</trkpt>
			<trkpt lat="50.386472" lon="14.544425">
				<ele>213.000000</ele>
			</trkpt>
			<trkpt lat="50.386426" lon="14.544353">
				<ele>213.000000</ele>
			</trkpt>
			<trkpt lat="50.386381" lon="14.544290">
				<ele>213.000000</ele>
			</trkpt>
			<trkpt lat="50.386335" lon="14.544237">
				<ele>212.000000</ele>
			</trkpt>
			<trkpt lat="50.386289" lon="14.544191">
				<ele>211.000000</ele>
			</trkpt>
			<trkpt lat="50.386220" lon="14.544138">
				<ele>210.000000</ele>
			</trkpt>
			<trkpt lat="50.386117" lon="14.544065">
				<ele>209.000000</ele>
			</trkpt>
			<trkpt lat="50.385813" lon="14.543769">
				<ele>210.000000</ele>
			</trkpt>
			<trkpt lat="50.385533" lon="14.543509">
				<ele>210.000000</ele>
			</trkpt>
			<trkpt lat="50.385252" lon="14.543203">
				<ele>209.000000</ele>
			</trkpt>
			<trkpt lat="50.384811" lon="14.542709">
				<ele>207.000000</ele>
			</trkpt>
			<trkpt lat="50.384771" lon="14.542673">
				<ele>207.000000</ele>
			</trkpt>
			<trkpt lat="50.384731" lon="14.542646">
				<ele>207.000000</ele>
			</trkpt>
			<trkpt lat="50.384685" lon="14.542646">
				<ele>207.000000</ele>
			</trkpt>
			<trkpt lat="50.384639" lon="14.542646">
				<ele>207.000000</ele>
			</trkpt>
			<trkpt lat="50.384548" lon="14.542692">
				<ele>208.000000</ele>
			</trkpt>
			<trkpt lat="50.384359" lon="14.542845">
				<ele>211.000000</ele>
			</trkpt>
			<trkpt lat="50.384198" lon="14.542935">
				<ele>213.000000</ele>
			</trkpt>
			<trkpt lat="50.384130" lon="14.542862">
				<ele>213.000000</ele>
			</trkpt>
			<trkpt lat="50.384055" lon="14.542790">
				<ele>213.000000</ele>
			</trkpt>
			<trkpt lat="50.383992" lon="14.542746">
				<ele>213.000000</ele>
			</trkpt>
			<trkpt lat="50.383918" lon="14.542719">
				<ele>212.000000</ele>
			</trkpt>
			<trkpt lat="50.383849" lon="14.542692">
				<ele>211.000000</ele>
			</trkpt>
			<trkpt lat="50.383769" lon="14.542692">
				<ele>211.000000</ele>
			</trkpt>
			<trkpt lat="50.383534" lon="14.542700">
				<ele>209.000000</ele>
			</trkpt>
			<trkpt lat="50.383459" lon="14.542709">
				<ele>209.000000</ele>
			</trkpt>
			<trkpt lat="50.383442" lon="14.542700">
				<ele>209.000000</ele>
			</trkpt>
			<trkpt lat="50.383436" lon="14.542682">
				<ele>208.000000</ele>
			</trkpt>
			<trkpt lat="50.383413" lon="14.542556">
				<ele>207.000000</ele>
			</trkpt>
			<trkpt lat="50.383397" lon="14.542485">
				<ele>207.000000</ele>
			</trkpt>
			<trkpt lat="50.383334" lon="14.542036">
				<ele>207.000000</ele>
			</trkpt>
			<trkpt lat="50.383287" lon="14.541775">
				<ele>207.000000</ele>
			</trkpt>
			<trkpt lat="50.383024" lon="14.541820">
				<ele>208.000000</ele>
			</trkpt>
			<trkpt lat="50.382852" lon="14.541856">
				<ele>208.000000</ele>
			</trkpt>
			<trkpt lat="50.382692" lon="14.541919">
				<ele>208.000000</ele>
			</trkpt>
			<trkpt lat="50.382548" lon="14.542000">
				<ele>208.000000</ele>
			</trkpt>
			<trkpt lat="50.382434" lon="14.542063">
				<ele>208.000000</ele>
			</trkpt>
			<trkpt lat="50.382325" lon="14.542107">
				<ele>208.000000</ele>
			</trkpt>
			<trkpt lat="50.381976" lon="14.542206">
				<ele>207.000000</ele>
			</trkpt>
			<trkpt lat="50.381850" lon="14.542233">
				<ele>207.000000</ele>
			</trkpt>
			<trkpt lat="50.381724" lon="14.542233">
				<ele>207.000000</ele>
			</trkpt>
			<trkpt lat="50.381609" lon="14.542206">
				<ele>207.000000</ele>
			</trkpt>
			<trkpt lat="50.381523" lon="14.542206">
				<ele>207.000000</ele>
			</trkpt>
			<trkpt lat="50.381455" lon="14.542243">
				<ele>207.000000</ele>
			</trkpt>
			<trkpt lat="50.381380" lon="14.542296">
				<ele>207.000000</ele>
			</trkpt>
			<trkpt lat="50.381191" lon="14.542269">
				<ele>207.000000</ele>
			</trkpt>
			<trkpt lat="50.381014" lon="14.542216">
				<ele>206.000000</ele>
			</trkpt>
			<trkpt lat="50.380933" lon="14.542189">
				<ele>207.000000</ele>
			</trkpt>
			<trkpt lat="50.380876" lon="14.542143">
				<ele>207.000000</ele>
			</trkpt>
			<trkpt lat="50.380830" lon="14.542090">
				<ele>207.000000</ele>
			</trkpt>
			<trkpt lat="50.380796" lon="14.542017">
				<ele>207.000000</ele>
			</trkpt>
			<trkpt lat="50.380658" lon="14.541740">
				<ele>209.000000</ele>
			</trkpt>
			<trkpt lat="50.380401" lon="14.541856">
				<ele>208.000000</ele>
			</trkpt>
			<trkpt lat="50.380114" lon="14.541927">
				<ele>207.000000</ele>
			</trkpt>
			<trkpt lat="50.379822" lon="14.541973">
				<ele>206.000000</ele>
			</trkpt>
			<trkpt lat="50.379593" lon="14.541990">
				<ele>206.000000</ele>
			</trkpt>
			<trkpt lat="50.379329" lon="14.541990">
				<ele>205.000000</ele>
			</trkpt>
			<trkpt lat="50.379123" lon="14.541964">
				<ele>205.000000</ele>
			</trkpt>
			<trkpt lat="50.378917" lon="14.541937">
				<ele>204.000000</ele>
			</trkpt>
			<trkpt lat="50.378711" lon="14.541883">
				<ele>204.000000</ele>
			</trkpt>
			<trkpt lat="50.378510" lon="14.541803">
				<ele>204.000000</ele>
			</trkpt>
			<trkpt lat="50.378258" lon="14.541677">
				<ele>204.000000</ele>
			</trkpt>
			<trkpt lat="50.378086" lon="14.541587">
				<ele>204.000000</ele>
			</trkpt>
			<trkpt lat="50.377846" lon="14.541434">
				<ele>204.000000</ele>
			</trkpt>
			<trkpt lat="50.377456" lon="14.541164">
				<ele>203.000000</ele>
			</trkpt>
			<trkpt lat="50.377330" lon="14.541101">
				<ele>203.000000</ele>
			</trkpt>
			<trkpt lat="50.377204" lon="14.541074">
				<ele>203.000000</ele>
			</trkpt>
			<trkpt lat="50.377124" lon="14.541057">
				<ele>203.000000</ele>
			</trkpt>
			<trkpt lat="50.377043" lon="14.541074">
				<ele>203.000000</ele>
			</trkpt>
			<trkpt lat="50.376963" lon="14.541101">
				<ele>203.000000</ele>
			</trkpt>
			<trkpt lat="50.376872" lon="14.541147">
				<ele>204.000000</ele>
			</trkpt>
			<trkpt lat="50.376792" lon="14.541201">
				<ele>204.000000</ele>
			</trkpt>
			<trkpt lat="50.376711" lon="14.541290">
				<ele>204.000000</ele>
			</trkpt>
			<trkpt lat="50.376637" lon="14.541371">
				<ele>203.000000</ele>
			</trkpt>
			<trkpt lat="50.376551" lon="14.541488">
				<ele>204.000000</ele>
			</trkpt>
			<trkpt lat="50.374460" lon="14.544740">
				<ele>203.000000</ele>
			</trkpt>
			<trkpt lat="50.374162" lon="14.545206">
				<ele>203.000000</ele>
			</trkpt>
			<trkpt lat="50.373887" lon="14.545629">
				<ele>203.000000</ele>
			</trkpt>
			<trkpt lat="50.373790" lon="14.545746">
				<ele>204.000000</ele>
			</trkpt>
			<trkpt lat="50.373692" lon="14.545826">
				<ele>204.000000</ele>
			</trkpt>
			<trkpt lat="50.373692" lon="14.545826">
				<ele>204.000000</ele>
			</trkpt>
			<trkpt lat="50.373686" lon="14.545826">
				<ele>204.000000</ele>
			</trkpt>
			<trkpt lat="50.373652" lon="14.545799">
				<ele>204.000000</ele>
			</trkpt>
			<trkpt lat="50.373606" lon="14.545772">
				<ele>204.000000</ele>
			</trkpt>
			<trkpt lat="50.373417" lon="14.545746">
				<ele>205.000000</ele>
			</trkpt>
			<trkpt lat="50.373308" lon="14.545736">
				<ele>205.000000</ele>
			</trkpt>
			<trkpt lat="50.373228" lon="14.545763">
				<ele>206.000000</ele>
			</trkpt>
			<trkpt lat="50.373159" lon="14.545818">
				<ele>206.000000</ele>
			</trkpt>
			<trkpt lat="50.373096" lon="14.545935">
				<ele>206.000000</ele>
			</trkpt>
			<trkpt lat="50.373079" lon="14.545979">
				<ele>206.000000</ele>
			</trkpt>
			<trkpt lat="50.373022" lon="14.546159">
				<ele>207.000000</ele>
			</trkpt>
			<trkpt lat="50.373004" lon="14.546212">
				<ele>207.000000</ele>
			</trkpt>
			<trkpt lat="50.372964" lon="14.546285">
				<ele>207.000000</ele>
			</trkpt>
			<trkpt lat="50.372919" lon="14.546348">
				<ele>208.000000</ele>
			</trkpt>
			<trkpt lat="50.372781" lon="14.546455">
				<ele>210.000000</ele>
			</trkpt>
			<trkpt lat="50.372712" lon="14.546518">
				<ele>210.000000</ele>
			</trkpt>
			<trkpt lat="50.372649" lon="14.546545">
				<ele>210.000000</ele>
			</trkpt>
			<trkpt lat="50.372558" lon="14.546527">
				<ele>211.000000</ele>
			</trkpt>
			<trkpt lat="50.372495" lon="14.546554">
				<ele>211.000000</ele>
			</trkpt>
			<trkpt lat="50.372449" lon="14.546617">
				<ele>211.000000</ele>
			</trkpt>
			<trkpt lat="50.372414" lon="14.546698">
				<ele>211.000000</ele>
			</trkpt>
			<trkpt lat="50.372300" lon="14.546671">
				<ele>213.000000</ele>
			</trkpt>
			<trkpt lat="50.372271" lon="14.546518">
				<ele>213.000000</ele>
			</trkpt>
			<trkpt lat="50.372259" lon="14.546267">
				<ele>216.000000</ele>
			</trkpt>
			<trkpt lat="50.372259" lon="14.546195">
				<ele>217.000000</ele>
			</trkpt>
			<trkpt lat="50.372271" lon="14.546122">
				<ele>217.000000</ele>
			</trkpt>
			<trkpt lat="50.372340" lon="14.545898">
				<ele>219.000000</ele>
			</trkpt>
			<trkpt lat="50.372369" lon="14.545791">
				<ele>220.000000</ele>
			</trkpt>
			<trkpt lat="50.372386" lon="14.545701">
				<ele>220.000000</ele>
			</trkpt>
			<trkpt lat="50.372392" lon="14.545602">
				<ele>220.000000</ele>
			</trkpt>
			<trkpt lat="50.372392" lon="14.545503">
				<ele>221.000000</ele>
			</trkpt>
			<trkpt lat="50.372374" lon="14.545296">
				<ele>223.000000</ele>
			</trkpt>
			<trkpt lat="50.372363" lon="14.545197">
				<ele>223.000000</ele>
			</trkpt>
			<trkpt lat="50.372357" lon="14.545072">
				<ele>223.000000</ele>
			</trkpt>
			<trkpt lat="50.372345" lon="14.544883">
				<ele>225.000000</ele>
			</trkpt>
			<trkpt lat="50.372351" lon="14.544704">
				<ele>226.000000</ele>
			</trkpt>
			<trkpt lat="50.372397" lon="14.544453">
				<ele>226.000000</ele>
			</trkpt>
			<trkpt lat="50.372483" lon="14.543931">
				<ele>228.000000</ele>
			</trkpt>
			<trkpt lat="50.372529" lon="14.543661">
				<ele>229.000000</ele>
			</trkpt>
			<trkpt lat="50.372575" lon="14.543392">
				<ele>229.000000</ele>
			</trkpt>
			<trkpt lat="50.372609" lon="14.543141">
				<ele>231.000000</ele>
			</trkpt>
			<trkpt lat="50.372615" lon="14.542889">
				<ele>232.000000</ele>
			</trkpt>
			<trkpt lat="50.372621" lon="14.542493">
				<ele>235.000000</ele>
			</trkpt>
			<trkpt lat="50.372621" lon="14.542143">
				<ele>237.000000</ele>
			</trkpt>
			<trkpt lat="50.372603" lon="14.541919">
				<ele>238.000000</ele>
			</trkpt>
			<trkpt lat="50.372575" lon="14.541694">
				<ele>240.000000</ele>
			</trkpt>
			<trkpt lat="50.372518" lon="14.541470">
				<ele>242.000000</ele>
			</trkpt>
			<trkpt lat="50.372231" lon="14.540625">
				<ele>249.000000</ele>
			</trkpt>
			<trkpt lat="50.371944" lon="14.539853">
				<ele>251.000000</ele>
			</trkpt>
			<trkpt lat="50.371675" lon="14.539053">
				<ele>252.000000</ele>
			</trkpt>
			<trkpt lat="50.371291" lon="14.537868">
				<ele>251.000000</ele>
			</trkpt>
			<trkpt lat="50.370924" lon="14.536763">
				<ele>248.000000</ele>
			</trkpt>
			<trkpt lat="50.370885" lon="14.536591">
				<ele>248.000000</ele>
			</trkpt>
			<trkpt lat="50.370861" lon="14.536448">
				<ele>248.000000</ele>
			</trkpt>
			<trkpt lat="50.370856" lon="14.536295">
				<ele>247.000000</ele>
			</trkpt>
			<trkpt lat="50.370850" lon="14.536124">
				<ele>247.000000</ele>
			</trkpt>
			<trkpt lat="50.370861" lon="14.535792">
				<ele>246.000000</ele>
			</trkpt>
			<trkpt lat="50.370850" lon="14.535658">
				<ele>246.000000</ele>
			</trkpt>
			<trkpt lat="50.370833" lon="14.535532">
				<ele>245.000000</ele>
			</trkpt>
			<trkpt lat="50.370816" lon="14.535398">
				<ele>245.000000</ele>
			</trkpt>
			<trkpt lat="50.370804" lon="14.535253">
				<ele>245.000000</ele>
			</trkpt>
			<trkpt lat="50.370810" lon="14.535101">
				<ele>246.000000</ele>
			</trkpt>
			<trkpt lat="50.370827" lon="14.534903">
				<ele>246.000000</ele>
			</trkpt>
			<trkpt lat="50.370867" lon="14.534633">
				<ele>247.000000</ele>
			</trkpt>
			<trkpt lat="50.370908" lon="14.534436">
				<ele>247.000000</ele>
			</trkpt>
			<trkpt lat="50.370965" lon="14.534256">
				<ele>247.000000</ele>
			</trkpt>
			<trkpt lat="50.371050" lon="14.534004">
				<ele>247.000000</ele>
			</trkpt>
			<trkpt lat="50.371148" lon="14.533771">
				<ele>246.000000</ele>
			</trkpt>
			<trkpt lat="50.371286" lon="14.533511">
				<ele>247.000000</ele>
			</trkpt>
			<trkpt lat="50.371464" lon="14.533205">
				<ele>247.000000</ele>
			</trkpt>
			<trkpt lat="50.371687" lon="14.532855">
				<ele>247.000000</ele>
			</trkpt>
			<trkpt lat="50.371710" lon="14.532782">
				<ele>246.000000</ele>
			</trkpt>
			<trkpt lat="50.371727" lon="14.532675">
				<ele>247.000000</ele>
			</trkpt>
			<trkpt lat="50.371738" lon="14.532558">
				<ele>247.000000</ele>
			</trkpt>
			<trkpt lat="50.371721" lon="14.532459">
				<ele>247.000000</ele>
			</trkpt>
			<trkpt lat="50.371555" lon="14.531687">
				<ele>249.000000</ele>
			</trkpt>
			<trkpt lat="50.371452" lon="14.531256">
				<ele>250.000000</ele>
			</trkpt>
			<trkpt lat="50.371263" lon="14.530501">
				<ele>251.000000</ele>
			</trkpt>
			<trkpt lat="50.371045" lon="14.529532">
				<ele>252.000000</ele>
			</trkpt>
			<trkpt lat="50.370948" lon="14.528992">
				<ele>253.000000</ele>
			</trkpt>
			<trkpt lat="50.370839" lon="14.528435">
				<ele>253.000000</ele>
			</trkpt>
			<trkpt lat="50.370741" lon="14.527914">
				<ele>254.000000</ele>
			</trkpt>
			<trkpt lat="50.370672" lon="14.527419">
				<ele>254.000000</ele>
			</trkpt>
			<trkpt lat="50.370523" lon="14.526171">
				<ele>254.000000</ele>
			</trkpt>
			<trkpt lat="50.370489" lon="14.525937">
				<ele>254.000000</ele>
			</trkpt>
			<trkpt lat="50.370432" lon="14.525740">
				<ele>254.000000</ele>
			</trkpt>
			<trkpt lat="50.370381" lon="14.525561">
				<ele>254.000000</ele>
			</trkpt>
			<trkpt lat="50.370289" lon="14.525363">
				<ele>254.000000</ele>
			</trkpt>
			<trkpt lat="50.370197" lon="14.525148">
				<ele>254.000000</ele>
			</trkpt>
			<trkpt lat="50.370169" lon="14.525067">
				<ele>253.000000</ele>
			</trkpt>
			<trkpt lat="50.370151" lon="14.524968">
				<ele>253.000000</ele>
			</trkpt>
			<trkpt lat="50.370134" lon="14.524671">
				<ele>253.000000</ele>
			</trkpt>
			<trkpt lat="50.370122" lon="14.524572">
				<ele>253.000000</ele>
			</trkpt>
			<trkpt lat="50.370122" lon="14.524492">
				<ele>253.000000</ele>
			</trkpt>
			<trkpt lat="50.370140" lon="14.524419">
				<ele>253.000000</ele>
			</trkpt>
			<trkpt lat="50.370169" lon="14.524339">
				<ele>253.000000</ele>
			</trkpt>
			<trkpt lat="50.370203" lon="14.524240">
				<ele>253.000000</ele>
			</trkpt>
			<trkpt lat="50.370220" lon="14.524150">
				<ele>253.000000</ele>
			</trkpt>
			<trkpt lat="50.370232" lon="14.524052">
				<ele>253.000000</ele>
			</trkpt>
			<trkpt lat="50.370226" lon="14.523953">
				<ele>253.000000</ele>
			</trkpt>
			<trkpt lat="50.370122" lon="14.522830">
				<ele>251.000000</ele>
			</trkpt>
			<trkpt lat="50.370106" lon="14.522498">
				<ele>251.000000</ele>
			</trkpt>
			<trkpt lat="50.370111" lon="14.522012">
				<ele>250.000000</ele>
			</trkpt>
			<trkpt lat="50.370128" lon="14.521985">
				<ele>250.000000</ele>
			</trkpt>
			<trkpt lat="50.370185" lon="14.521976">
				<ele>250.000000</ele>
			</trkpt>
			<trkpt lat="50.370255" lon="14.521941">
				<ele>251.000000</ele>
			</trkpt>
			<trkpt lat="50.370334" lon="14.521913">
				<ele>251.000000</ele>
			</trkpt>
			<trkpt lat="50.370438" lon="14.521895">
				<ele>252.000000</ele>
			</trkpt>
			<trkpt lat="50.370552" lon="14.521895">
				<ele>252.000000</ele>
			</trkpt>
			<trkpt lat="50.370776" lon="14.521886">
				<ele>252.000000</ele>
			</trkpt>
			<trkpt lat="50.371200" lon="14.521823">
				<ele>253.000000</ele>
			</trkpt>
			<trkpt lat="50.372162" lon="14.521671">
				<ele>253.000000</ele>
			</trkpt>
			<trkpt lat="50.373061" lon="14.521616">
				<ele>248.000000</ele>
			</trkpt>
			<trkpt lat="50.373589" lon="14.521553">
				<ele>247.000000</ele>
			</trkpt>
			<trkpt lat="50.373617" lon="14.519758">
				<ele>250.000000</ele>
			</trkpt>
			<trkpt lat="50.373658" lon="14.518239">
				<ele>252.000000</ele>
			</trkpt>
			<trkpt lat="50.373686" lon="14.517027">
				<ele>253.000000</ele>
			</trkpt>
			<trkpt lat="50.373721" lon="14.516272">
				<ele>253.000000</ele>
			</trkpt>
			<trkpt lat="50.373818" lon="14.515777">
				<ele>254.000000</ele>
			</trkpt>
			<trkpt lat="50.373898" lon="14.515526">
				<ele>254.000000</ele>
			</trkpt>
			<trkpt lat="50.373721" lon="14.509840">
				<ele>256.000000</ele>
			</trkpt>
			<trkpt lat="50.373709" lon="14.509041">
				<ele>257.000000</ele>
			</trkpt>
			<trkpt lat="50.373664" lon="14.508932">
				<ele>257.000000</ele>
			</trkpt>
			<trkpt lat="50.373635" lon="14.508861">
				<ele>257.000000</ele>
			</trkpt>
			<trkpt lat="50.373629" lon="14.508609">
				<ele>257.000000</ele>
			</trkpt>
			<trkpt lat="50.373635" lon="14.508466">
				<ele>257.000000</ele>
			</trkpt>
			<trkpt lat="50.373623" lon="14.508393">
				<ele>257.000000</ele>
			</trkpt>
			<trkpt lat="50.373601" lon="14.508339">
				<ele>257.000000</ele>
			</trkpt>
			<trkpt lat="50.373543" lon="14.508295">
				<ele>257.000000</ele>
			</trkpt>
			<trkpt lat="50.373589" lon="14.507846">
				<ele>257.000000</ele>
			</trkpt>
			<trkpt lat="50.373623" lon="14.507343">
				<ele>257.000000</ele>
			</trkpt>
			<trkpt lat="50.373640" lon="14.507127">
				<ele>257.000000</ele>
			</trkpt>
			<trkpt lat="50.373658" lon="14.506731">
				<ele>257.000000</ele>
			</trkpt>
			<trkpt lat="50.373652" lon="14.506444">
				<ele>257.000000</ele>
			</trkpt>
			<trkpt lat="50.373686" lon="14.505510">
				<ele>257.000000</ele>
			</trkpt>
			<trkpt lat="50.373761" lon="14.503651">
				<ele>257.000000</ele>
			</trkpt>
			<trkpt lat="50.373778" lon="14.503345">
				<ele>257.000000</ele>
			</trkpt>
			<trkpt lat="50.373812" lon="14.503066">
				<ele>257.000000</ele>
			</trkpt>
			<trkpt lat="50.373853" lon="14.502842">
				<ele>258.000000</ele>
			</trkpt>
			<trkpt lat="50.373932" lon="14.502609">
				<ele>258.000000</ele>
			</trkpt>
			<trkpt lat="50.374024" lon="14.502384">
				<ele>258.000000</ele>
			</trkpt>
			<trkpt lat="50.374282" lon="14.501781">
				<ele>258.000000</ele>
			</trkpt>
			<trkpt lat="50.374282" lon="14.501781">
				<ele>258.000000</ele>
			</trkpt>
			<trkpt lat="50.374282" lon="14.501781">
				<ele>258.000000</ele>
			</trkpt>
			<trkpt lat="50.374282" lon="14.501781">
				<ele>258.000000</ele>
			</trkpt>
			<trkpt lat="50.374065" lon="14.501216">
				<ele>259.000000</ele>
			</trkpt>
			<trkpt lat="50.373984" lon="14.501037">
				<ele>259.000000</ele>
			</trkpt>
			<trkpt lat="50.373910" lon="14.500884">
				<ele>259.000000</ele>
			</trkpt>
			<trkpt lat="50.373743" lon="14.500561">
				<ele>258.000000</ele>
			</trkpt>
			<trkpt lat="50.373549" lon="14.500210">
				<ele>256.000000</ele>
			</trkpt>
			<trkpt lat="50.373417" lon="14.500049">
				<ele>256.000000</ele>
			</trkpt>
			<trkpt lat="50.373268" lon="14.499877">
				<ele>254.000000</ele>
			</trkpt>
			<trkpt lat="50.372552" lon="14.499177">
				<ele>245.000000</ele>
			</trkpt>
			<trkpt lat="50.371973" lon="14.498665">
				<ele>240.000000</ele>
			</trkpt>
			<trkpt lat="50.371721" lon="14.498414">
				<ele>238.000000</ele>
			</trkpt>
			<trkpt lat="50.371647" lon="14.498332">
				<ele>238.000000</ele>
			</trkpt>
			<trkpt lat="50.371578" lon="14.498252">
				<ele>237.000000</ele>
			</trkpt>
			<trkpt lat="50.371521" lon="14.498152">
				<ele>237.000000</ele>
			</trkpt>
			<trkpt lat="50.371486" lon="14.498072">
				<ele>236.000000</ele>
			</trkpt>
			<trkpt lat="50.371452" lon="14.497938">
				<ele>236.000000</ele>
			</trkpt>
			<trkpt lat="50.371423" lon="14.497829">
				<ele>236.000000</ele>
			</trkpt>
			<trkpt lat="50.371366" lon="14.497552">
				<ele>235.000000</ele>
			</trkpt>
			<trkpt lat="50.371331" lon="14.497407">
				<ele>235.000000</ele>
			</trkpt>
			<trkpt lat="50.371286" lon="14.497273">
				<ele>234.000000</ele>
			</trkpt>
			<trkpt lat="50.371228" lon="14.497156">
				<ele>234.000000</ele>
			</trkpt>
			<trkpt lat="50.371131" lon="14.497057">
				<ele>233.000000</ele>
			</trkpt>
			<trkpt lat="50.371016" lon="14.496958">
				<ele>233.000000</ele>
			</trkpt>
			<trkpt lat="50.370908" lon="14.496877">
				<ele>233.000000</ele>
			</trkpt>
			<trkpt lat="50.369974" lon="14.496204">
				<ele>226.000000</ele>
			</trkpt>
			<trkpt lat="50.368742" lon="14.495315">
				<ele>222.000000</ele>
			</trkpt>
			<trkpt lat="50.367550" lon="14.494470">
				<ele>218.000000</ele>
			</trkpt>
			<trkpt lat="50.366731" lon="14.493868">
				<ele>213.000000</ele>
			</trkpt>
			<trkpt lat="50.366014" lon="14.493328">
				<ele>207.000000</ele>
			</trkpt>
			<trkpt lat="50.365395" lon="14.492835">
				<ele>204.000000</ele>
			</trkpt>
			<trkpt lat="50.364834" lon="14.492359">
				<ele>201.000000</ele>
			</trkpt>
			<trkpt lat="50.364352" lon="14.491919">
				<ele>199.000000</ele>
			</trkpt>
			<trkpt lat="50.363676" lon="14.491236">
				<ele>197.000000</ele>
			</trkpt>
			<trkpt lat="50.362983" lon="14.490464">
				<ele>195.000000</ele>
			</trkpt>
			<trkpt lat="50.362387" lon="14.489826">
				<ele>192.000000</ele>
			</trkpt>
			<trkpt lat="50.361969" lon="14.489367">
				<ele>189.000000</ele>
			</trkpt>
			<trkpt lat="50.361602" lon="14.488990">
				<ele>186.000000</ele>
			</trkpt>
			<trkpt lat="50.361217" lon="14.488613">
				<ele>184.000000</ele>
			</trkpt>
			<trkpt lat="50.360857" lon="14.488281">
				<ele>181.000000</ele>
			</trkpt>
			<trkpt lat="50.360507" lon="14.487965">
				<ele>179.000000</ele>
			</trkpt>
			<trkpt lat="50.359900" lon="14.487489">
				<ele>175.000000</ele>
			</trkpt>
			<trkpt lat="50.359097" lon="14.486852">
				<ele>171.000000</ele>
			</trkpt>
			<trkpt lat="50.358926" lon="14.486726">
				<ele>171.000000</ele>
			</trkpt>
			<trkpt lat="50.357584" lon="14.485604">
				<ele>169.000000</ele>
			</trkpt>
			<trkpt lat="50.357338" lon="14.485325">
				<ele>168.000000</ele>
			</trkpt>
			<trkpt lat="50.356988" lon="14.484992">
				<ele>168.000000</ele>
			</trkpt>
			<trkpt lat="50.356587" lon="14.484589">
				<ele>167.000000</ele>
			</trkpt>
			<trkpt lat="50.356157" lon="14.484183">
				<ele>166.000000</ele>
			</trkpt>
			<trkpt lat="50.355641" lon="14.483717">
				<ele>167.000000</ele>
			</trkpt>
			<trkpt lat="50.355550" lon="14.483618">
				<ele>167.000000</ele>
			</trkpt>
			<trkpt lat="50.355171" lon="14.483196">
				<ele>166.000000</ele>
			</trkpt>
			<trkpt lat="50.354466" lon="14.482432">
				<ele>166.000000</ele>
			</trkpt>
			<trkpt lat="50.354232" lon="14.482109">
				<ele>167.000000</ele>
			</trkpt>
			<trkpt lat="50.354059" lon="14.481831">
				<ele>168.000000</ele>
			</trkpt>
			<trkpt lat="50.353985" lon="14.481723">
				<ele>168.000000</ele>
			</trkpt>
			<trkpt lat="50.353967" lon="14.481749">
				<ele>168.000000</ele>
			</trkpt>
			<trkpt lat="50.353933" lon="14.481768">
				<ele>168.000000</ele>
			</trkpt>
			<trkpt lat="50.353893" lon="14.481749">
				<ele>169.000000</ele>
			</trkpt>
			<trkpt lat="50.353859" lon="14.481723">
				<ele>169.000000</ele>
			</trkpt>
			<trkpt lat="50.353841" lon="14.481678">
				<ele>169.000000</ele>
			</trkpt>
			<trkpt lat="50.353825" lon="14.481642">
				<ele>169.000000</ele>
			</trkpt>
			<trkpt lat="50.353830" lon="14.481579">
				<ele>169.000000</ele>
			</trkpt>
			<trkpt lat="50.353841" lon="14.481552">
				<ele>169.000000</ele>
			</trkpt>
			<trkpt lat="50.353715" lon="14.481390">
				<ele>170.000000</ele>
			</trkpt>
			<trkpt lat="50.353440" lon="14.481112">
				<ele>172.000000</ele>
			</trkpt>
			<trkpt lat="50.353355" lon="14.481023">
				<ele>172.000000</ele>
			</trkpt>
			<trkpt lat="50.353229" lon="14.480887">
				<ele>173.000000</ele>
			</trkpt>
			<trkpt lat="50.353011" lon="14.480663">
				<ele>176.000000</ele>
			</trkpt>
			<trkpt lat="50.352758" lon="14.480357">
				<ele>183.000000</ele>
			</trkpt>
			<trkpt lat="50.352638" lon="14.480204">
				<ele>187.000000</ele>
			</trkpt>
			<trkpt lat="50.352478" lon="14.479980">
				<ele>188.000000</ele>
			</trkpt>
			<trkpt lat="50.352351" lon="14.479782">
				<ele>188.000000</ele>
			</trkpt>
			<trkpt lat="50.352231" lon="14.479594">
				<ele>192.000000</ele>
			</trkpt>
			<trkpt lat="50.352134" lon="14.479396">
				<ele>194.000000</ele>
			</trkpt>
			<trkpt lat="50.352030" lon="14.479199">
				<ele>197.000000</ele>
			</trkpt>
			<trkpt lat="50.351916" lon="14.478946">
				<ele>199.000000</ele>
			</trkpt>
			<trkpt lat="50.351715" lon="14.478426">
				<ele>205.000000</ele>
			</trkpt>
			<trkpt lat="50.351675" lon="14.478094">
				<ele>206.000000</ele>
			</trkpt>
			<trkpt lat="50.351572" lon="14.477420">
				<ele>210.000000</ele>
			</trkpt>
			<trkpt lat="50.351537" lon="14.476998">
				<ele>212.000000</ele>
			</trkpt>
			<trkpt lat="50.351515" lon="14.476773">
				<ele>213.000000</ele>
			</trkpt>
			<trkpt lat="50.351497" lon="14.476054">
				<ele>216.000000</ele>
			</trkpt>
			<trkpt lat="50.351469" lon="14.475875">
				<ele>217.000000</ele>
			</trkpt>
			<trkpt lat="50.351423" lon="14.475461">
				<ele>219.000000</ele>
			</trkpt>
			<trkpt lat="50.351509" lon="14.475309">
				<ele>219.000000</ele>
			</trkpt>
			<trkpt lat="50.351566" lon="14.475237">
				<ele>219.000000</ele>
			</trkpt>
			<trkpt lat="50.351652" lon="14.475130">
				<ele>219.000000</ele>
			</trkpt>
			<trkpt lat="50.351589" lon="14.475030">
				<ele>219.000000</ele>
			</trkpt>
			<trkpt lat="50.351303" lon="14.474509">
				<ele>220.000000</ele>
			</trkpt>
			<trkpt lat="50.351211" lon="14.474356">
				<ele>220.000000</ele>
			</trkpt>
			<trkpt lat="50.350982" lon="14.474006">
				<ele>220.000000</ele>
			</trkpt>
			<trkpt lat="50.350930" lon="14.473925">
				<ele>220.000000</ele>
			</trkpt>
			<trkpt lat="50.350873" lon="14.473853">
				<ele>221.000000</ele>
			</trkpt>
			<trkpt lat="50.350821" lon="14.473826">
				<ele>221.000000</ele>
			</trkpt>
			<trkpt lat="50.350775" lon="14.473845">
				<ele>221.000000</ele>
			</trkpt>
			<trkpt lat="50.350741" lon="14.473889">
				<ele>221.000000</ele>
			</trkpt>
			<trkpt lat="50.350741" lon="14.473880">
				<ele>221.000000</ele>
			</trkpt>
		</trkseg>
	</trk>
</gpx>

