<?xml version="1.0" encoding="utf-8"?>
<gpx xmlns="http://www.topografix.com/GPX/1/1" version="1.1" creator="https://mapy.cz/">
	<trk>
		<name>9. Mělník - Nelahozeves</name>
		<desc>trasa pěšky</desc>
		<trkseg>
			<trkpt lat="50.350741" lon="14.473880">
				<ele>221.000000</ele>
			</trkpt>
			<trkpt lat="50.350684" lon="14.473763">
				<ele>221.414536</ele>
			</trkpt>
			<trkpt lat="50.350477" lon="14.473369">
				<ele>222.000000</ele>
			</trkpt>
			<trkpt lat="50.350397" lon="14.473197">
				<ele>219.519958</ele>
			</trkpt>
			<trkpt lat="50.350574" lon="14.473046">
				<ele>220.216553</ele>
			</trkpt>
			<trkpt lat="50.351022" lon="14.472730">
				<ele>219.865387</ele>
			</trkpt>
			<trkpt lat="50.351199" lon="14.472560">
				<ele>218.194046</ele>
			</trkpt>
			<trkpt lat="50.351319" lon="14.472407">
				<ele>217.007721</ele>
			</trkpt>
			<trkpt lat="50.351486" lon="14.472147">
				<ele>212.735062</ele>
			</trkpt>
			<trkpt lat="50.351543" lon="14.472093">
				<ele>211.949646</ele>
			</trkpt>
			<trkpt lat="50.351600" lon="14.472048">
				<ele>210.473404</ele>
			</trkpt>
			<trkpt lat="50.351663" lon="14.472030">
				<ele>209.877045</ele>
			</trkpt>
			<trkpt lat="50.351721" lon="14.472057">
				<ele>210.169601</ele>
			</trkpt>
			<trkpt lat="50.351784" lon="14.472101">
				<ele>210.935028</ele>
			</trkpt>
			<trkpt lat="50.351836" lon="14.472174">
				<ele>210.840408</ele>
			</trkpt>
			<trkpt lat="50.351899" lon="14.472254">
				<ele>209.846268</ele>
			</trkpt>
			<trkpt lat="50.351967" lon="14.472380">
				<ele>209.653000</ele>
			</trkpt>
			<trkpt lat="50.352054" lon="14.472560">
				<ele>208.337936</ele>
			</trkpt>
			<trkpt lat="50.352162" lon="14.472713">
				<ele>208.066498</ele>
			</trkpt>
			<trkpt lat="50.352254" lon="14.472811">
				<ele>207.980759</ele>
			</trkpt>
			<trkpt lat="50.352581" lon="14.473144">
				<ele>213.000000</ele>
			</trkpt>
			<trkpt lat="50.352758" lon="14.472920">
				<ele>212.000000</ele>
			</trkpt>
			<trkpt lat="50.352954" lon="14.472694">
				<ele>210.686966</ele>
			</trkpt>
			<trkpt lat="50.352970" lon="14.472354">
				<ele>206.727402</ele>
			</trkpt>
			<trkpt lat="50.352982" lon="14.472174">
				<ele>203.983963</ele>
			</trkpt>
			<trkpt lat="50.352982" lon="14.472128">
				<ele>203.452393</ele>
			</trkpt>
			<trkpt lat="50.352970" lon="14.472101">
				<ele>202.798401</ele>
			</trkpt>
			<trkpt lat="50.352954" lon="14.472120">
				<ele>202.541107</ele>
			</trkpt>
			<trkpt lat="50.352925" lon="14.472147">
				<ele>202.265961</ele>
			</trkpt>
			<trkpt lat="50.352793" lon="14.472398">
				<ele>203.135788</ele>
			</trkpt>
			<trkpt lat="50.352758" lon="14.472425">
				<ele>202.837723</ele>
			</trkpt>
			<trkpt lat="50.352730" lon="14.472443">
				<ele>202.543686</ele>
			</trkpt>
			<trkpt lat="50.352701" lon="14.472425">
				<ele>201.831619</ele>
			</trkpt>
			<trkpt lat="50.352684" lon="14.472398">
				<ele>201.330627</ele>
			</trkpt>
			<trkpt lat="50.352673" lon="14.472362">
				<ele>200.984543</ele>
			</trkpt>
			<trkpt lat="50.352673" lon="14.472300">
				<ele>200.297806</ele>
			</trkpt>
			<trkpt lat="50.352689" lon="14.472174">
				<ele>198.894470</ele>
			</trkpt>
			<trkpt lat="50.352770" lon="14.471878">
				<ele>194.803665</ele>
			</trkpt>
			<trkpt lat="50.352833" lon="14.471545">
				<ele>189.892715</ele>
			</trkpt>
			<trkpt lat="50.352878" lon="14.471249">
				<ele>185.186768</ele>
			</trkpt>
			<trkpt lat="50.352902" lon="14.471023">
				<ele>181.141174</ele>
			</trkpt>
			<trkpt lat="50.352919" lon="14.470826">
				<ele>177.728973</ele>
			</trkpt>
			<trkpt lat="50.352919" lon="14.470700">
				<ele>175.434921</ele>
			</trkpt>
			<trkpt lat="50.352907" lon="14.470610">
				<ele>174.235794</ele>
			</trkpt>
			<trkpt lat="50.352891" lon="14.470512">
				<ele>172.525742</ele>
			</trkpt>
			<trkpt lat="50.352862" lon="14.470449">
				<ele>170.648773</ele>
			</trkpt>
			<trkpt lat="50.352810" lon="14.470350">
				<ele>169.030914</ele>
			</trkpt>
			<trkpt lat="50.352730" lon="14.470251">
				<ele>168.486130</ele>
			</trkpt>
			<trkpt lat="50.352701" lon="14.469981">
				<ele>166.485382</ele>
			</trkpt>
			<trkpt lat="50.352581" lon="14.469901">
				<ele>165.589630</ele>
			</trkpt>
			<trkpt lat="50.352512" lon="14.469830">
				<ele>165.798386</ele>
			</trkpt>
			<trkpt lat="50.352455" lon="14.469730">
				<ele>164.738998</ele>
			</trkpt>
			<trkpt lat="50.352386" lon="14.469595">
				<ele>164.185791</ele>
			</trkpt>
			<trkpt lat="50.350901" lon="14.466641">
				<ele>160.431976</ele>
			</trkpt>
			<trkpt lat="50.350930" lon="14.466577">
				<ele>159.750626</ele>
			</trkpt>
			<trkpt lat="50.350878" lon="14.466362">
				<ele>159.494507</ele>
			</trkpt>
			<trkpt lat="50.350918" lon="14.466406">
				<ele>158.649811</ele>
			</trkpt>
			<trkpt lat="50.350959" lon="14.466434">
				<ele>158.247070</ele>
			</trkpt>
			<trkpt lat="50.350975" lon="14.466604">
				<ele>158.955124</ele>
			</trkpt>
			<trkpt lat="50.351022" lon="14.466685">
				<ele>158.147934</ele>
			</trkpt>
			<trkpt lat="50.351486" lon="14.467583">
				<ele>157.000000</ele>
			</trkpt>
			<trkpt lat="50.351429" lon="14.467709">
				<ele>156.813705</ele>
			</trkpt>
			<trkpt lat="50.351348" lon="14.467835">
				<ele>156.671127</ele>
			</trkpt>
			<trkpt lat="50.351073" lon="14.468203">
				<ele>156.481003</ele>
			</trkpt>
			<trkpt lat="50.350849" lon="14.468446">
				<ele>157.000000</ele>
			</trkpt>
			<trkpt lat="50.350563" lon="14.468688">
				<ele>157.920303</ele>
			</trkpt>
			<trkpt lat="50.350483" lon="14.468788">
				<ele>157.911362</ele>
			</trkpt>
			<trkpt lat="50.350403" lon="14.468886">
				<ele>157.984283</ele>
			</trkpt>
			<trkpt lat="50.350259" lon="14.469101">
				<ele>157.138321</ele>
			</trkpt>
			<trkpt lat="50.349973" lon="14.469425">
				<ele>157.315369</ele>
			</trkpt>
			<trkpt lat="50.349818" lon="14.469622">
				<ele>157.000000</ele>
			</trkpt>
			<trkpt lat="50.349514" lon="14.470063">
				<ele>156.780411</ele>
			</trkpt>
			<trkpt lat="50.349027" lon="14.470853">
				<ele>157.000000</ele>
			</trkpt>
			<trkpt lat="50.348792" lon="14.471239">
				<ele>158.000000</ele>
			</trkpt>
			<trkpt lat="50.348729" lon="14.471312">
				<ele>158.000000</ele>
			</trkpt>
			<trkpt lat="50.348660" lon="14.471375">
				<ele>158.000000</ele>
			</trkpt>
			<trkpt lat="50.348586" lon="14.471438">
				<ele>157.301605</ele>
			</trkpt>
			<trkpt lat="50.348517" lon="14.471482">
				<ele>157.000000</ele>
			</trkpt>
			<trkpt lat="50.348437" lon="14.471491">
				<ele>157.000000</ele>
			</trkpt>
			<trkpt lat="50.348253" lon="14.471527">
				<ele>157.000000</ele>
			</trkpt>
			<trkpt lat="50.347898" lon="14.471509">
				<ele>157.510376</ele>
			</trkpt>
			<trkpt lat="50.347766" lon="14.471499">
				<ele>157.614868</ele>
			</trkpt>
			<trkpt lat="50.347766" lon="14.471499">
				<ele>157.614868</ele>
			</trkpt>
			<trkpt lat="50.347668" lon="14.471491">
				<ele>157.704453</ele>
			</trkpt>
			<trkpt lat="50.347462" lon="14.471446">
				<ele>157.212036</ele>
			</trkpt>
			<trkpt lat="50.347255" lon="14.471383">
				<ele>157.913712</ele>
			</trkpt>
			<trkpt lat="50.346951" lon="14.471239">
				<ele>157.511124</ele>
			</trkpt>
			<trkpt lat="50.345966" lon="14.470772">
				<ele>157.000000</ele>
			</trkpt>
			<trkpt lat="50.345031" lon="14.470278">
				<ele>158.000000</ele>
			</trkpt>
			<trkpt lat="50.344722" lon="14.470117">
				<ele>157.953049</ele>
			</trkpt>
			<trkpt lat="50.342102" lon="14.468742">
				<ele>157.000000</ele>
			</trkpt>
			<trkpt lat="50.341523" lon="14.468436">
				<ele>157.000000</ele>
			</trkpt>
			<trkpt lat="50.341282" lon="14.468312">
				<ele>158.005066</ele>
			</trkpt>
			<trkpt lat="50.341242" lon="14.468283">
				<ele>158.311890</ele>
			</trkpt>
			<trkpt lat="50.341236" lon="14.468257">
				<ele>158.603104</ele>
			</trkpt>
			<trkpt lat="50.341225" lon="14.468239">
				<ele>158.907532</ele>
			</trkpt>
			<trkpt lat="50.341030" lon="14.468230">
				<ele>161.471771</ele>
			</trkpt>
			<trkpt lat="50.341012" lon="14.468346">
				<ele>159.464996</ele>
			</trkpt>
			<trkpt lat="50.340852" lon="14.469029">
				<ele>163.031708</ele>
			</trkpt>
			<trkpt lat="50.340806" lon="14.469245">
				<ele>164.251678</ele>
			</trkpt>
			<trkpt lat="50.340336" lon="14.469012">
				<ele>164.308365</ele>
			</trkpt>
			<trkpt lat="50.340078" lon="14.468733">
				<ele>165.000000</ele>
			</trkpt>
			<trkpt lat="50.339889" lon="14.468562">
				<ele>165.000000</ele>
			</trkpt>
			<trkpt lat="50.339688" lon="14.468409">
				<ele>165.000000</ele>
			</trkpt>
			<trkpt lat="50.339488" lon="14.468293">
				<ele>164.689636</ele>
			</trkpt>
			<trkpt lat="50.339069" lon="14.468096">
				<ele>165.000000</ele>
			</trkpt>
			<trkpt lat="50.338851" lon="14.467987">
				<ele>164.872253</ele>
			</trkpt>
			<trkpt lat="50.338014" lon="14.467503">
				<ele>164.000000</ele>
			</trkpt>
			<trkpt lat="50.336730" lon="14.466828">
				<ele>163.825653</ele>
			</trkpt>
			<trkpt lat="50.336156" lon="14.466514">
				<ele>164.000000</ele>
			</trkpt>
			<trkpt lat="50.335801" lon="14.466325">
				<ele>164.000000</ele>
			</trkpt>
			<trkpt lat="50.335531" lon="14.466146">
				<ele>165.000000</ele>
			</trkpt>
			<trkpt lat="50.335359" lon="14.466002">
				<ele>165.477600</ele>
			</trkpt>
			<trkpt lat="50.335216" lon="14.465876">
				<ele>165.000000</ele>
			</trkpt>
			<trkpt lat="50.335061" lon="14.465742">
				<ele>165.680283</ele>
			</trkpt>
			<trkpt lat="50.334872" lon="14.465535">
				<ele>165.000000</ele>
			</trkpt>
			<trkpt lat="50.334574" lon="14.465212">
				<ele>165.000000</ele>
			</trkpt>
			<trkpt lat="50.334373" lon="14.464960">
				<ele>165.000000</ele>
			</trkpt>
			<trkpt lat="50.334178" lon="14.464708">
				<ele>165.000000</ele>
			</trkpt>
			<trkpt lat="50.333949" lon="14.464404">
				<ele>165.000000</ele>
			</trkpt>
			<trkpt lat="50.333725" lon="14.464071">
				<ele>165.000000</ele>
			</trkpt>
			<trkpt lat="50.333553" lon="14.463792">
				<ele>165.000000</ele>
			</trkpt>
			<trkpt lat="50.333381" lon="14.463478">
				<ele>165.000000</ele>
			</trkpt>
			<trkpt lat="50.333243" lon="14.463218">
				<ele>165.348938</ele>
			</trkpt>
			<trkpt lat="50.333117" lon="14.462922">
				<ele>165.944046</ele>
			</trkpt>
			<trkpt lat="50.333008" lon="14.462616">
				<ele>165.673889</ele>
			</trkpt>
			<trkpt lat="50.332899" lon="14.462283">
				<ele>165.844025</ele>
			</trkpt>
			<trkpt lat="50.332767" lon="14.461834">
				<ele>165.552719</ele>
			</trkpt>
			<trkpt lat="50.332641" lon="14.461314">
				<ele>165.750092</ele>
			</trkpt>
			<trkpt lat="50.332533" lon="14.460855">
				<ele>165.000000</ele>
			</trkpt>
			<trkpt lat="50.332457" lon="14.460415">
				<ele>165.000000</ele>
			</trkpt>
			<trkpt lat="50.332366" lon="14.459867">
				<ele>165.000000</ele>
			</trkpt>
			<trkpt lat="50.332326" lon="14.459543">
				<ele>165.247284</ele>
			</trkpt>
			<trkpt lat="50.332291" lon="14.459211">
				<ele>165.855362</ele>
			</trkpt>
			<trkpt lat="50.332211" lon="14.458169">
				<ele>165.992325</ele>
			</trkpt>
			<trkpt lat="50.332177" lon="14.457711">
				<ele>164.985352</ele>
			</trkpt>
			<trkpt lat="50.332165" lon="14.457622">
				<ele>165.053787</ele>
			</trkpt>
			<trkpt lat="50.332165" lon="14.457199">
				<ele>165.053787</ele>
			</trkpt>
			<trkpt lat="50.332142" lon="14.457073">
				<ele>165.000000</ele>
			</trkpt>
			<trkpt lat="50.332125" lon="14.456966">
				<ele>165.000000</ele>
			</trkpt>
			<trkpt lat="50.332097" lon="14.456840">
				<ele>165.000000</ele>
			</trkpt>
			<trkpt lat="50.332074" lon="14.456813">
				<ele>165.000000</ele>
			</trkpt>
			<trkpt lat="50.332050" lon="14.456786">
				<ele>165.000000</ele>
			</trkpt>
			<trkpt lat="50.331575" lon="14.456417">
				<ele>165.000000</ele>
			</trkpt>
			<trkpt lat="50.331540" lon="14.456381">
				<ele>165.000000</ele>
			</trkpt>
			<trkpt lat="50.331500" lon="14.456327">
				<ele>165.000000</ele>
			</trkpt>
			<trkpt lat="50.331483" lon="14.456264">
				<ele>165.000000</ele>
			</trkpt>
			<trkpt lat="50.331495" lon="14.456211">
				<ele>165.000000</ele>
			</trkpt>
			<trkpt lat="50.331649" lon="14.455259">
				<ele>165.000000</ele>
			</trkpt>
			<trkpt lat="50.331741" lon="14.455196">
				<ele>165.000000</ele>
			</trkpt>
			<trkpt lat="50.331810" lon="14.455123">
				<ele>165.000000</ele>
			</trkpt>
			<trkpt lat="50.331873" lon="14.455016">
				<ele>164.152267</ele>
			</trkpt>
			<trkpt lat="50.331902" lon="14.454943">
				<ele>164.000000</ele>
			</trkpt>
			<trkpt lat="50.331919" lon="14.454854">
				<ele>164.000000</ele>
			</trkpt>
			<trkpt lat="50.331919" lon="14.454773">
				<ele>164.000000</ele>
			</trkpt>
			<trkpt lat="50.331908" lon="14.454647">
				<ele>165.000000</ele>
			</trkpt>
			<trkpt lat="50.331598" lon="14.450354">
				<ele>164.000000</ele>
			</trkpt>
			<trkpt lat="50.331580" lon="14.450085">
				<ele>163.749298</ele>
			</trkpt>
			<trkpt lat="50.331546" lon="14.449859">
				<ele>163.152924</ele>
			</trkpt>
			<trkpt lat="50.331506" lon="14.449626">
				<ele>163.451309</ele>
			</trkpt>
			<trkpt lat="50.331432" lon="14.449339">
				<ele>164.000000</ele>
			</trkpt>
			<trkpt lat="50.331351" lon="14.448961">
				<ele>165.000000</ele>
			</trkpt>
			<trkpt lat="50.331322" lon="14.448808">
				<ele>165.000000</ele>
			</trkpt>
			<trkpt lat="50.331334" lon="14.448754">
				<ele>165.000000</ele>
			</trkpt>
			<trkpt lat="50.331351" lon="14.448701">
				<ele>165.307312</ele>
			</trkpt>
			<trkpt lat="50.331374" lon="14.448628">
				<ele>166.000000</ele>
			</trkpt>
			<trkpt lat="50.331403" lon="14.448584">
				<ele>166.000000</ele>
			</trkpt>
			<trkpt lat="50.331437" lon="14.448557">
				<ele>165.747787</ele>
			</trkpt>
			<trkpt lat="50.331483" lon="14.448540">
				<ele>165.000000</ele>
			</trkpt>
			<trkpt lat="50.331288" lon="14.445835">
				<ele>164.000000</ele>
			</trkpt>
			<trkpt lat="50.331110" lon="14.443266">
				<ele>164.000000</ele>
			</trkpt>
			<trkpt lat="50.330778" lon="14.438729">
				<ele>164.853165</ele>
			</trkpt>
			<trkpt lat="50.330605" lon="14.436295">
				<ele>164.376404</ele>
			</trkpt>
			<trkpt lat="50.330577" lon="14.436106">
				<ele>164.255814</ele>
			</trkpt>
			<trkpt lat="50.330548" lon="14.435963">
				<ele>164.206345</ele>
			</trkpt>
			<trkpt lat="50.330497" lon="14.435819">
				<ele>165.922226</ele>
			</trkpt>
			<trkpt lat="50.330416" lon="14.435684">
				<ele>167.859955</ele>
			</trkpt>
			<trkpt lat="50.330577" lon="14.435613">
				<ele>166.667648</ele>
			</trkpt>
			<trkpt lat="50.330720" lon="14.435550">
				<ele>165.049561</ele>
			</trkpt>
			<trkpt lat="50.330875" lon="14.435523">
				<ele>167.298431</ele>
			</trkpt>
			<trkpt lat="50.331036" lon="14.435504">
				<ele>167.513077</ele>
			</trkpt>
			<trkpt lat="50.331070" lon="14.435334">
				<ele>166.968887</ele>
			</trkpt>
			<trkpt lat="50.331076" lon="14.435181">
				<ele>166.955734</ele>
			</trkpt>
			<trkpt lat="50.331070" lon="14.435011">
				<ele>166.850494</ele>
			</trkpt>
			<trkpt lat="50.331030" lon="14.434821">
				<ele>166.148880</ele>
			</trkpt>
			<trkpt lat="50.330829" lon="14.433923">
				<ele>165.000000</ele>
			</trkpt>
			<trkpt lat="50.330783" lon="14.433653">
				<ele>164.085724</ele>
			</trkpt>
			<trkpt lat="50.330738" lon="14.433357">
				<ele>164.000000</ele>
			</trkpt>
			<trkpt lat="50.330697" lon="14.432980">
				<ele>164.000000</ele>
			</trkpt>
			<trkpt lat="50.330668" lon="14.432657">
				<ele>165.000000</ele>
			</trkpt>
			<trkpt lat="50.330629" lon="14.431588">
				<ele>165.000000</ele>
			</trkpt>
			<trkpt lat="50.330600" lon="14.431479">
				<ele>165.000000</ele>
			</trkpt>
			<trkpt lat="50.330571" lon="14.431363">
				<ele>165.000000</ele>
			</trkpt>
			<trkpt lat="50.330542" lon="14.431013">
				<ele>164.000000</ele>
			</trkpt>
			<trkpt lat="50.330451" lon="14.429728">
				<ele>163.954224</ele>
			</trkpt>
			<trkpt lat="50.330284" lon="14.427491">
				<ele>164.000000</ele>
			</trkpt>
			<trkpt lat="50.330003" lon="14.423646">
				<ele>163.753662</ele>
			</trkpt>
			<trkpt lat="50.329763" lon="14.420179">
				<ele>165.000000</ele>
			</trkpt>
			<trkpt lat="50.329625" lon="14.418113">
				<ele>165.000000</ele>
			</trkpt>
			<trkpt lat="50.329596" lon="14.417637">
				<ele>165.000000</ele>
			</trkpt>
			<trkpt lat="50.329579" lon="14.417277">
				<ele>166.000000</ele>
			</trkpt>
			<trkpt lat="50.329533" lon="14.417034">
				<ele>165.080063</ele>
			</trkpt>
			<trkpt lat="50.329464" lon="14.416640">
				<ele>165.000000</ele>
			</trkpt>
			<trkpt lat="50.329384" lon="14.416128">
				<ele>165.000000</ele>
			</trkpt>
			<trkpt lat="50.329344" lon="14.415786">
				<ele>165.202087</ele>
			</trkpt>
			<trkpt lat="50.329333" lon="14.415634">
				<ele>165.446823</ele>
			</trkpt>
			<trkpt lat="50.329321" lon="14.414646">
				<ele>167.000000</ele>
			</trkpt>
			<trkpt lat="50.329310" lon="14.414547">
				<ele>166.905182</ele>
			</trkpt>
			<trkpt lat="50.329292" lon="14.414439">
				<ele>167.000000</ele>
			</trkpt>
			<trkpt lat="50.329246" lon="14.414358">
				<ele>167.000000</ele>
			</trkpt>
			<trkpt lat="50.329195" lon="14.414296">
				<ele>167.843887</ele>
			</trkpt>
			<trkpt lat="50.329132" lon="14.414268">
				<ele>168.000000</ele>
			</trkpt>
			<trkpt lat="50.328868" lon="14.414358">
				<ele>165.000000</ele>
			</trkpt>
			<trkpt lat="50.328581" lon="14.414520">
				<ele>167.000000</ele>
			</trkpt>
			<trkpt lat="50.328581" lon="14.414430">
				<ele>166.091904</ele>
			</trkpt>
			<trkpt lat="50.328576" lon="14.414277">
				<ele>165.137192</ele>
			</trkpt>
			<trkpt lat="50.328564" lon="14.414178">
				<ele>165.000000</ele>
			</trkpt>
			<trkpt lat="50.328490" lon="14.413801">
				<ele>165.000000</ele>
			</trkpt>
			<trkpt lat="50.328409" lon="14.413478">
				<ele>165.000000</ele>
			</trkpt>
			<trkpt lat="50.327864" lon="14.411447">
				<ele>165.054260</ele>
			</trkpt>
			<trkpt lat="50.327251" lon="14.409210">
				<ele>165.000000</ele>
			</trkpt>
			<trkpt lat="50.325961" lon="14.404476">
				<ele>165.249207</ele>
			</trkpt>
			<trkpt lat="50.325490" lon="14.402797">
				<ele>165.445435</ele>
			</trkpt>
			<trkpt lat="50.325100" lon="14.401386">
				<ele>165.000000</ele>
			</trkpt>
			<trkpt lat="50.325014" lon="14.401099">
				<ele>165.000000</ele>
			</trkpt>
			<trkpt lat="50.324859" lon="14.400614">
				<ele>165.447647</ele>
			</trkpt>
			<trkpt lat="50.324796" lon="14.400389">
				<ele>166.546692</ele>
			</trkpt>
			<trkpt lat="50.324779" lon="14.400308">
				<ele>166.850693</ele>
			</trkpt>
			<trkpt lat="50.324768" lon="14.400210">
				<ele>166.848038</ele>
			</trkpt>
			<trkpt lat="50.324642" lon="14.400237">
				<ele>168.000000</ele>
			</trkpt>
			<trkpt lat="50.323959" lon="14.400327">
				<ele>168.000000</ele>
			</trkpt>
			<trkpt lat="50.323718" lon="14.400318">
				<ele>167.000000</ele>
			</trkpt>
			<trkpt lat="50.323724" lon="14.400111">
				<ele>167.000000</ele>
			</trkpt>
			<trkpt lat="50.323724" lon="14.400111">
				<ele>167.000000</ele>
			</trkpt>
			<trkpt lat="50.323735" lon="14.399895">
				<ele>167.000000</ele>
			</trkpt>
			<trkpt lat="50.323730" lon="14.399239">
				<ele>167.000000</ele>
			</trkpt>
			<trkpt lat="50.323718" lon="14.397228">
				<ele>167.000000</ele>
			</trkpt>
			<trkpt lat="50.323724" lon="14.396733">
				<ele>167.022171</ele>
			</trkpt>
			<trkpt lat="50.323351" lon="14.396815">
				<ele>166.998077</ele>
			</trkpt>
			<trkpt lat="50.323070" lon="14.396832">
				<ele>166.066696</ele>
			</trkpt>
			<trkpt lat="50.322692" lon="14.396823">
				<ele>165.000000</ele>
			</trkpt>
			<trkpt lat="50.322496" lon="14.396796">
				<ele>165.000000</ele>
			</trkpt>
			<trkpt lat="50.322600" lon="14.396203">
				<ele>164.000000</ele>
			</trkpt>
			<trkpt lat="50.323013" lon="14.396186">
				<ele>163.648026</ele>
			</trkpt>
			<trkpt lat="50.323334" lon="14.396149">
				<ele>163.406754</ele>
			</trkpt>
			<trkpt lat="50.323397" lon="14.396140">
				<ele>164.000000</ele>
			</trkpt>
			<trkpt lat="50.323454" lon="14.396077">
				<ele>164.000000</ele>
			</trkpt>
			<trkpt lat="50.323477" lon="14.396023">
				<ele>164.000000</ele>
			</trkpt>
			<trkpt lat="50.323489" lon="14.395943">
				<ele>164.000000</ele>
			</trkpt>
			<trkpt lat="50.323477" lon="14.395880">
				<ele>164.000000</ele>
			</trkpt>
			<trkpt lat="50.323586" lon="14.395826">
				<ele>165.000000</ele>
			</trkpt>
			<trkpt lat="50.322445" lon="14.390912">
				<ele>165.000000</ele>
			</trkpt>
			<trkpt lat="50.322279" lon="14.390094">
				<ele>165.000000</ele>
			</trkpt>
			<trkpt lat="50.322130" lon="14.389412">
				<ele>165.000000</ele>
			</trkpt>
			<trkpt lat="50.321642" lon="14.387381">
				<ele>165.000000</ele>
			</trkpt>
			<trkpt lat="50.321441" lon="14.386483">
				<ele>165.000000</ele>
			</trkpt>
			<trkpt lat="50.321378" lon="14.386232">
				<ele>164.849838</ele>
			</trkpt>
			<trkpt lat="50.321017" lon="14.384624">
				<ele>165.000000</ele>
			</trkpt>
			<trkpt lat="50.320500" lon="14.382378">
				<ele>165.000000</ele>
			</trkpt>
			<trkpt lat="50.319749" lon="14.379027">
				<ele>166.000000</ele>
			</trkpt>
			<trkpt lat="50.319433" lon="14.377689">
				<ele>165.946289</ele>
			</trkpt>
			<trkpt lat="50.318791" lon="14.374806">
				<ele>166.000000</ele>
			</trkpt>
			<trkpt lat="50.318310" lon="14.372685">
				<ele>166.000000</ele>
			</trkpt>
			<trkpt lat="50.317638" lon="14.369802">
				<ele>166.000000</ele>
			</trkpt>
			<trkpt lat="50.317564" lon="14.369479">
				<ele>165.548630</ele>
			</trkpt>
			<trkpt lat="50.316691" lon="14.365768">
				<ele>166.855362</ele>
			</trkpt>
			<trkpt lat="50.316101" lon="14.363181">
				<ele>167.154160</ele>
			</trkpt>
			<trkpt lat="50.316038" lon="14.362840">
				<ele>168.596863</ele>
			</trkpt>
			<trkpt lat="50.316118" lon="14.362804">
				<ele>167.186859</ele>
			</trkpt>
			<trkpt lat="50.316394" lon="14.362642">
				<ele>168.516876</ele>
			</trkpt>
			<trkpt lat="50.316491" lon="14.362598">
				<ele>168.000000</ele>
			</trkpt>
			<trkpt lat="50.316457" lon="14.362543">
				<ele>167.972610</ele>
			</trkpt>
			<trkpt lat="50.316422" lon="14.362489">
				<ele>167.887589</ele>
			</trkpt>
			<trkpt lat="50.316394" lon="14.362426">
				<ele>167.140228</ele>
			</trkpt>
			<trkpt lat="50.316365" lon="14.362363">
				<ele>166.218704</ele>
			</trkpt>
			<trkpt lat="50.316336" lon="14.362193">
				<ele>165.558243</ele>
			</trkpt>
			<trkpt lat="50.316302" lon="14.361869">
				<ele>165.000000</ele>
			</trkpt>
			<trkpt lat="50.316262" lon="14.361474">
				<ele>165.269516</ele>
			</trkpt>
			<trkpt lat="50.316199" lon="14.361143">
				<ele>165.552551</ele>
			</trkpt>
			<trkpt lat="50.315992" lon="14.360244">
				<ele>166.000000</ele>
			</trkpt>
			<trkpt lat="50.315596" lon="14.358690">
				<ele>166.000000</ele>
			</trkpt>
			<trkpt lat="50.315550" lon="14.358483">
				<ele>166.000000</ele>
			</trkpt>
			<trkpt lat="50.315550" lon="14.358429">
				<ele>166.000000</ele>
			</trkpt>
			<trkpt lat="50.315568" lon="14.358366">
				<ele>166.000000</ele>
			</trkpt>
			<trkpt lat="50.315596" lon="14.358330">
				<ele>166.000000</ele>
			</trkpt>
			<trkpt lat="50.315625" lon="14.358294">
				<ele>166.000000</ele>
			</trkpt>
			<trkpt lat="50.315671" lon="14.358285">
				<ele>166.352692</ele>
			</trkpt>
			<trkpt lat="50.315734" lon="14.358285">
				<ele>167.413223</ele>
			</trkpt>
			<trkpt lat="50.315642" lon="14.358070">
				<ele>167.745636</ele>
			</trkpt>
			<trkpt lat="50.315579" lon="14.357908">
				<ele>167.751205</ele>
			</trkpt>
			<trkpt lat="50.315521" lon="14.357737">
				<ele>167.498032</ele>
			</trkpt>
			<trkpt lat="50.315476" lon="14.357539">
				<ele>167.912567</ele>
			</trkpt>
			<trkpt lat="50.315430" lon="14.357306">
				<ele>168.125610</ele>
			</trkpt>
			<trkpt lat="50.315384" lon="14.357036">
				<ele>167.699036</ele>
			</trkpt>
			<trkpt lat="50.315361" lon="14.356766">
				<ele>167.727921</ele>
			</trkpt>
			<trkpt lat="50.315355" lon="14.356489">
				<ele>167.693726</ele>
			</trkpt>
			<trkpt lat="50.315361" lon="14.356219">
				<ele>167.908646</ele>
			</trkpt>
			<trkpt lat="50.315384" lon="14.355887">
				<ele>168.048553</ele>
			</trkpt>
			<trkpt lat="50.315430" lon="14.355537">
				<ele>169.389481</ele>
			</trkpt>
			<trkpt lat="50.315482" lon="14.355114">
				<ele>168.916504</ele>
			</trkpt>
			<trkpt lat="50.315533" lon="14.354772">
				<ele>167.875549</ele>
			</trkpt>
			<trkpt lat="50.315584" lon="14.354476">
				<ele>167.424362</ele>
			</trkpt>
			<trkpt lat="50.315751" lon="14.353686">
				<ele>167.403854</ele>
			</trkpt>
			<trkpt lat="50.316038" lon="14.352374">
				<ele>166.965317</ele>
			</trkpt>
			<trkpt lat="50.316715" lon="14.349499">
				<ele>168.107574</ele>
			</trkpt>
			<trkpt lat="50.316846" lon="14.348916">
				<ele>168.512665</ele>
			</trkpt>
			<trkpt lat="50.316927" lon="14.348493">
				<ele>167.809235</ele>
			</trkpt>
			<trkpt lat="50.316944" lon="14.348323">
				<ele>167.294952</ele>
			</trkpt>
			<trkpt lat="50.317036" lon="14.347281">
				<ele>167.397278</ele>
			</trkpt>
			<trkpt lat="50.317076" lon="14.346715">
				<ele>167.709412</ele>
			</trkpt>
			<trkpt lat="50.317088" lon="14.346482">
				<ele>167.763565</ele>
			</trkpt>
			<trkpt lat="50.317088" lon="14.346229">
				<ele>167.100830</ele>
			</trkpt>
			<trkpt lat="50.317076" lon="14.345987">
				<ele>165.881577</ele>
			</trkpt>
			<trkpt lat="50.317053" lon="14.345763">
				<ele>165.445557</ele>
			</trkpt>
			<trkpt lat="50.317036" lon="14.345493">
				<ele>165.153305</ele>
			</trkpt>
			<trkpt lat="50.317007" lon="14.345017">
				<ele>165.650635</ele>
			</trkpt>
			<trkpt lat="50.316996" lon="14.344784">
				<ele>165.451904</ele>
			</trkpt>
			<trkpt lat="50.316956" lon="14.344461">
				<ele>165.603699</ele>
			</trkpt>
			<trkpt lat="50.316910" lon="14.344092">
				<ele>165.955566</ele>
			</trkpt>
			<trkpt lat="50.316789" lon="14.343319">
				<ele>165.851379</ele>
			</trkpt>
			<trkpt lat="50.316652" lon="14.342537">
				<ele>166.000000</ele>
			</trkpt>
			<trkpt lat="50.316594" lon="14.342287">
				<ele>166.002014</ele>
			</trkpt>
			<trkpt lat="50.316474" lon="14.341765">
				<ele>166.000000</ele>
			</trkpt>
			<trkpt lat="50.316422" lon="14.341459">
				<ele>166.445282</ele>
			</trkpt>
			<trkpt lat="50.316428" lon="14.341316">
				<ele>166.998123</ele>
			</trkpt>
			<trkpt lat="50.316474" lon="14.341182">
				<ele>168.996872</ele>
			</trkpt>
			<trkpt lat="50.316434" lon="14.341136">
				<ele>168.189209</ele>
			</trkpt>
			<trkpt lat="50.316411" lon="14.341065">
				<ele>168.098007</ele>
			</trkpt>
			<trkpt lat="50.316325" lon="14.340786">
				<ele>168.210648</ele>
			</trkpt>
			<trkpt lat="50.316187" lon="14.340211">
				<ele>168.822403</ele>
			</trkpt>
			<trkpt lat="50.316141" lon="14.340031">
				<ele>169.157516</ele>
			</trkpt>
			<trkpt lat="50.316124" lon="14.339887">
				<ele>169.477600</ele>
			</trkpt>
			<trkpt lat="50.316095" lon="14.339753">
				<ele>170.710205</ele>
			</trkpt>
			<trkpt lat="50.316067" lon="14.339637">
				<ele>170.877792</ele>
			</trkpt>
			<trkpt lat="50.316032" lon="14.339511">
				<ele>171.214691</ele>
			</trkpt>
			<trkpt lat="50.315906" lon="14.339205">
				<ele>170.767365</ele>
			</trkpt>
			<trkpt lat="50.315676" lon="14.338729">
				<ele>170.057617</ele>
			</trkpt>
			<trkpt lat="50.315556" lon="14.338423">
				<ele>169.722763</ele>
			</trkpt>
			<trkpt lat="50.315539" lon="14.338352">
				<ele>169.906143</ele>
			</trkpt>
			<trkpt lat="50.315521" lon="14.338298">
				<ele>170.299088</ele>
			</trkpt>
			<trkpt lat="50.315510" lon="14.338019">
				<ele>172.825623</ele>
			</trkpt>
			<trkpt lat="50.315482" lon="14.337849">
				<ele>173.438339</ele>
			</trkpt>
			<trkpt lat="50.315447" lon="14.337723">
				<ele>173.894211</ele>
			</trkpt>
			<trkpt lat="50.315401" lon="14.337579">
				<ele>174.000000</ele>
			</trkpt>
			<trkpt lat="50.315315" lon="14.337417">
				<ele>173.326706</ele>
			</trkpt>
			<trkpt lat="50.315017" lon="14.336815">
				<ele>173.870544</ele>
			</trkpt>
			<trkpt lat="50.314787" lon="14.336331">
				<ele>174.233932</ele>
			</trkpt>
			<trkpt lat="50.314587" lon="14.335855">
				<ele>174.055130</ele>
			</trkpt>
			<trkpt lat="50.314369" lon="14.335297">
				<ele>174.466568</ele>
			</trkpt>
			<trkpt lat="50.314208" lon="14.334821">
				<ele>174.943283</ele>
			</trkpt>
			<trkpt lat="50.314059" lon="14.334318">
				<ele>175.036346</ele>
			</trkpt>
			<trkpt lat="50.313933" lon="14.333824">
				<ele>175.053513</ele>
			</trkpt>
			<trkpt lat="50.313818" lon="14.333268">
				<ele>174.022003</ele>
			</trkpt>
			<trkpt lat="50.313755" lon="14.332989">
				<ele>173.978287</ele>
			</trkpt>
			<trkpt lat="50.313691" lon="14.332765">
				<ele>173.846527</ele>
			</trkpt>
			<trkpt lat="50.313623" lon="14.332549">
				<ele>174.057800</ele>
			</trkpt>
			<trkpt lat="50.313525" lon="14.332270">
				<ele>173.482681</ele>
			</trkpt>
			<trkpt lat="50.313382" lon="14.331920">
				<ele>173.670578</ele>
			</trkpt>
			<trkpt lat="50.313244" lon="14.331614">
				<ele>172.859009</ele>
			</trkpt>
			<trkpt lat="50.313095" lon="14.331327">
				<ele>172.458862</ele>
			</trkpt>
			<trkpt lat="50.312854" lon="14.330832">
				<ele>174.519287</ele>
			</trkpt>
			<trkpt lat="50.312716" lon="14.330581">
				<ele>175.310287</ele>
			</trkpt>
			<trkpt lat="50.312562" lon="14.330329">
				<ele>175.523331</ele>
			</trkpt>
			<trkpt lat="50.312005" lon="14.329486">
				<ele>177.125595</ele>
			</trkpt>
			<trkpt lat="50.311753" lon="14.329063">
				<ele>177.537552</ele>
			</trkpt>
			<trkpt lat="50.311672" lon="14.328928">
				<ele>177.476593</ele>
			</trkpt>
			<trkpt lat="50.311609" lon="14.328874">
				<ele>176.343201</ele>
			</trkpt>
			<trkpt lat="50.311546" lon="14.328857">
				<ele>175.185196</ele>
			</trkpt>
			<trkpt lat="50.311466" lon="14.328847">
				<ele>173.658798</ele>
			</trkpt>
			<trkpt lat="50.311403" lon="14.328803">
				<ele>173.052719</ele>
			</trkpt>
			<trkpt lat="50.311345" lon="14.328748">
				<ele>172.659592</ele>
			</trkpt>
			<trkpt lat="50.311294" lon="14.328668">
				<ele>172.655319</ele>
			</trkpt>
			<trkpt lat="50.310972" lon="14.328092">
				<ele>172.901657</ele>
			</trkpt>
			<trkpt lat="50.310754" lon="14.327715">
				<ele>171.369904</ele>
			</trkpt>
			<trkpt lat="50.310691" lon="14.327616">
				<ele>170.863403</ele>
			</trkpt>
			<trkpt lat="50.310622" lon="14.327553">
				<ele>170.345505</ele>
			</trkpt>
			<trkpt lat="50.310536" lon="14.327509">
				<ele>168.925949</ele>
			</trkpt>
			<trkpt lat="50.310433" lon="14.327500">
				<ele>168.030258</ele>
			</trkpt>
			<trkpt lat="50.310284" lon="14.327473">
				<ele>167.000000</ele>
			</trkpt>
			<trkpt lat="50.310152" lon="14.327402">
				<ele>166.000000</ele>
			</trkpt>
			<trkpt lat="50.310032" lon="14.327339">
				<ele>166.000000</ele>
			</trkpt>
			<trkpt lat="50.309825" lon="14.327167">
				<ele>166.000000</ele>
			</trkpt>
			<trkpt lat="50.309699" lon="14.327087">
				<ele>166.000000</ele>
			</trkpt>
			<trkpt lat="50.309618" lon="14.327006">
				<ele>166.000000</ele>
			</trkpt>
			<trkpt lat="50.309538" lon="14.326926">
				<ele>166.000000</ele>
			</trkpt>
			<trkpt lat="50.309458" lon="14.326809">
				<ele>166.000000</ele>
			</trkpt>
			<trkpt lat="50.309452" lon="14.326683">
				<ele>166.000000</ele>
			</trkpt>
			<trkpt lat="50.309435" lon="14.326000">
				<ele>166.000000</ele>
			</trkpt>
			<trkpt lat="50.309447" lon="14.325111">
				<ele>166.000000</ele>
			</trkpt>
			<trkpt lat="50.309452" lon="14.324742">
				<ele>166.000000</ele>
			</trkpt>
			<trkpt lat="50.309458" lon="14.324589">
				<ele>166.000000</ele>
			</trkpt>
			<trkpt lat="50.309452" lon="14.324463">
				<ele>166.020874</ele>
			</trkpt>
			<trkpt lat="50.309429" lon="14.324320">
				<ele>167.000000</ele>
			</trkpt>
			<trkpt lat="50.309429" lon="14.324230">
				<ele>167.000000</ele>
			</trkpt>
			<trkpt lat="50.309429" lon="14.324230">
				<ele>167.000000</ele>
			</trkpt>
			<trkpt lat="50.309429" lon="14.324194">
				<ele>167.000000</ele>
			</trkpt>
			<trkpt lat="50.309344" lon="14.324113">
				<ele>167.000000</ele>
			</trkpt>
			<trkpt lat="50.309257" lon="14.323979">
				<ele>167.000000</ele>
			</trkpt>
			<trkpt lat="50.309205" lon="14.323889">
				<ele>167.000000</ele>
			</trkpt>
			<trkpt lat="50.309160" lon="14.323826">
				<ele>167.576431</ele>
			</trkpt>
			<trkpt lat="50.309102" lon="14.323763">
				<ele>168.000000</ele>
			</trkpt>
			<trkpt lat="50.309051" lon="14.323727">
				<ele>168.000000</ele>
			</trkpt>
			<trkpt lat="50.308976" lon="14.323710">
				<ele>168.000000</ele>
			</trkpt>
			<trkpt lat="50.308913" lon="14.323700">
				<ele>168.447876</ele>
			</trkpt>
			<trkpt lat="50.308861" lon="14.323718">
				<ele>169.000000</ele>
			</trkpt>
			<trkpt lat="50.308792" lon="14.323744">
				<ele>169.000000</ele>
			</trkpt>
			<trkpt lat="50.308505" lon="14.323889">
				<ele>170.444443</ele>
			</trkpt>
			<trkpt lat="50.308316" lon="14.323934">
				<ele>171.262970</ele>
			</trkpt>
			<trkpt lat="50.308242" lon="14.323808">
				<ele>172.000000</ele>
			</trkpt>
			<trkpt lat="50.308121" lon="14.323628">
				<ele>172.713150</ele>
			</trkpt>
			<trkpt lat="50.307760" lon="14.323098">
				<ele>174.000000</ele>
			</trkpt>
			<trkpt lat="50.307651" lon="14.322928">
				<ele>174.219528</ele>
			</trkpt>
			<trkpt lat="50.307582" lon="14.322765">
				<ele>174.758255</ele>
			</trkpt>
			<trkpt lat="50.307508" lon="14.322568">
				<ele>175.000000</ele>
			</trkpt>
			<trkpt lat="50.307387" lon="14.322146">
				<ele>175.000000</ele>
			</trkpt>
			<trkpt lat="50.307284" lon="14.321840">
				<ele>175.000000</ele>
			</trkpt>
			<trkpt lat="50.307203" lon="14.321660">
				<ele>176.866028</ele>
			</trkpt>
			<trkpt lat="50.307111" lon="14.321517">
				<ele>179.211563</ele>
			</trkpt>
			<trkpt lat="50.306980" lon="14.321364">
				<ele>178.868591</ele>
			</trkpt>
			<trkpt lat="50.306871" lon="14.321257">
				<ele>177.951080</ele>
			</trkpt>
			<trkpt lat="50.306767" lon="14.321203">
				<ele>177.000000</ele>
			</trkpt>
			<trkpt lat="50.306681" lon="14.321176">
				<ele>177.000000</ele>
			</trkpt>
			<trkpt lat="50.306538" lon="14.321149">
				<ele>177.845932</ele>
			</trkpt>
			<trkpt lat="50.306411" lon="14.321149">
				<ele>179.000000</ele>
			</trkpt>
			<trkpt lat="50.306165" lon="14.321184">
				<ele>181.000000</ele>
			</trkpt>
			<trkpt lat="50.306067" lon="14.321184">
				<ele>181.050491</ele>
			</trkpt>
			<trkpt lat="50.305970" lon="14.321157">
				<ele>182.745163</ele>
			</trkpt>
			<trkpt lat="50.305890" lon="14.321131">
				<ele>183.147644</ele>
			</trkpt>
			<trkpt lat="50.305815" lon="14.321086">
				<ele>184.000000</ele>
			</trkpt>
			<trkpt lat="50.305683" lon="14.320970">
				<ele>184.747314</ele>
			</trkpt>
			<trkpt lat="50.305609" lon="14.320907">
				<ele>185.044601</ele>
			</trkpt>
			<trkpt lat="50.305493" lon="14.320870">
				<ele>185.000000</ele>
			</trkpt>
			<trkpt lat="50.305407" lon="14.320844">
				<ele>185.000000</ele>
			</trkpt>
			<trkpt lat="50.305327" lon="14.320771">
				<ele>185.512146</ele>
			</trkpt>
			<trkpt lat="50.305264" lon="14.320691">
				<ele>185.356064</ele>
			</trkpt>
			<trkpt lat="50.305172" lon="14.320547">
				<ele>185.352341</ele>
			</trkpt>
			<trkpt lat="50.305040" lon="14.320287">
				<ele>184.852173</ele>
			</trkpt>
			<trkpt lat="50.304392" lon="14.319073">
				<ele>179.922409</ele>
			</trkpt>
			<trkpt lat="50.303847" lon="14.318094">
				<ele>175.817810</ele>
			</trkpt>
			<trkpt lat="50.303738" lon="14.317915">
				<ele>175.697266</ele>
			</trkpt>
			<trkpt lat="50.303675" lon="14.317852">
				<ele>174.250076</ele>
			</trkpt>
			<trkpt lat="50.303629" lon="14.317807">
				<ele>173.730667</ele>
			</trkpt>
			<trkpt lat="50.303577" lon="14.317762">
				<ele>173.561295</ele>
			</trkpt>
			<trkpt lat="50.303520" lon="14.317754">
				<ele>173.102631</ele>
			</trkpt>
			<trkpt lat="50.303468" lon="14.317754">
				<ele>173.102631</ele>
			</trkpt>
			<trkpt lat="50.303423" lon="14.317771">
				<ele>172.777603</ele>
			</trkpt>
			<trkpt lat="50.303331" lon="14.317708">
				<ele>172.610229</ele>
			</trkpt>
			<trkpt lat="50.303118" lon="14.317628">
				<ele>172.000000</ele>
			</trkpt>
			<trkpt lat="50.302997" lon="14.317565">
				<ele>171.446518</ele>
			</trkpt>
			<trkpt lat="50.302934" lon="14.317492">
				<ele>171.000000</ele>
			</trkpt>
			<trkpt lat="50.302906" lon="14.317448">
				<ele>170.923737</ele>
			</trkpt>
			<trkpt lat="50.302889" lon="14.317394">
				<ele>171.000000</ele>
			</trkpt>
			<trkpt lat="50.302877" lon="14.317322">
				<ele>171.000000</ele>
			</trkpt>
			<trkpt lat="50.302877" lon="14.317259">
				<ele>171.000000</ele>
			</trkpt>
			<trkpt lat="50.302912" lon="14.317035">
				<ele>172.099472</ele>
			</trkpt>
			<trkpt lat="50.302860" lon="14.316918">
				<ele>172.433762</ele>
			</trkpt>
			<trkpt lat="50.302849" lon="14.316846">
				<ele>173.000000</ele>
			</trkpt>
			<trkpt lat="50.302866" lon="14.316765">
				<ele>173.261337</ele>
			</trkpt>
			<trkpt lat="50.302802" lon="14.316712">
				<ele>173.702560</ele>
			</trkpt>
			<trkpt lat="50.302723" lon="14.316630">
				<ele>173.655029</ele>
			</trkpt>
			<trkpt lat="50.302504" lon="14.316415">
				<ele>173.000000</ele>
			</trkpt>
			<trkpt lat="50.302252" lon="14.316173">
				<ele>172.837570</ele>
			</trkpt>
			<trkpt lat="50.302499" lon="14.315561">
				<ele>180.263474</ele>
			</trkpt>
			<trkpt lat="50.302607" lon="14.315615">
				<ele>181.559509</ele>
			</trkpt>
			<trkpt lat="50.302699" lon="14.315670">
				<ele>182.622879</ele>
			</trkpt>
			<trkpt lat="50.302808" lon="14.315741">
				<ele>184.247131</ele>
			</trkpt>
			<trkpt lat="50.302923" lon="14.315840">
				<ele>185.616486</ele>
			</trkpt>
			<trkpt lat="50.303032" lon="14.315966">
				<ele>186.114731</ele>
			</trkpt>
			<trkpt lat="50.303331" lon="14.316297">
				<ele>190.060440</ele>
			</trkpt>
			<trkpt lat="50.303388" lon="14.316325">
				<ele>191.250290</ele>
			</trkpt>
			<trkpt lat="50.303434" lon="14.316334">
				<ele>191.967102</ele>
			</trkpt>
			<trkpt lat="50.303520" lon="14.316307">
				<ele>193.116226</ele>
			</trkpt>
			<trkpt lat="50.303594" lon="14.316262">
				<ele>193.703812</ele>
			</trkpt>
			<trkpt lat="50.303641" lon="14.316207">
				<ele>194.000000</ele>
			</trkpt>
			<trkpt lat="50.303663" lon="14.316146">
				<ele>193.948593</ele>
			</trkpt>
			<trkpt lat="50.303681" lon="14.316064">
				<ele>193.644745</ele>
			</trkpt>
			<trkpt lat="50.303669" lon="14.315561">
				<ele>197.292694</ele>
			</trkpt>
			<trkpt lat="50.303634" lon="14.314591">
				<ele>203.069931</ele>
			</trkpt>
			<trkpt lat="50.303623" lon="14.314025">
				<ele>207.299606</ele>
			</trkpt>
			<trkpt lat="50.303629" lon="14.313414">
				<ele>208.314301</ele>
			</trkpt>
			<trkpt lat="50.303589" lon="14.312947">
				<ele>213.491653</ele>
			</trkpt>
			<trkpt lat="50.303571" lon="14.312588">
				<ele>214.884750</ele>
			</trkpt>
			<trkpt lat="50.303537" lon="14.311393">
				<ele>219.278503</ele>
			</trkpt>
			<trkpt lat="50.303486" lon="14.310307">
				<ele>223.045593</ele>
			</trkpt>
			<trkpt lat="50.303468" lon="14.310225">
				<ele>223.349442</ele>
			</trkpt>
			<trkpt lat="50.303451" lon="14.310144">
				<ele>224.182724</ele>
			</trkpt>
			<trkpt lat="50.303411" lon="14.310073">
				<ele>225.213272</ele>
			</trkpt>
			<trkpt lat="50.303365" lon="14.310001">
				<ele>226.060837</ele>
			</trkpt>
			<trkpt lat="50.303319" lon="14.309947">
				<ele>226.943893</ele>
			</trkpt>
			<trkpt lat="50.303267" lon="14.309920">
				<ele>227.000000</ele>
			</trkpt>
			<trkpt lat="50.303204" lon="14.309911">
				<ele>227.953995</ele>
			</trkpt>
			<trkpt lat="50.303141" lon="14.309894">
				<ele>228.000000</ele>
			</trkpt>
			<trkpt lat="50.302986" lon="14.309920">
				<ele>228.000000</ele>
			</trkpt>
			<trkpt lat="50.302854" lon="14.309928">
				<ele>228.000000</ele>
			</trkpt>
			<trkpt lat="50.302710" lon="14.309902">
				<ele>228.000000</ele>
			</trkpt>
			<trkpt lat="50.302504" lon="14.309831">
				<ele>228.000000</ele>
			</trkpt>
			<trkpt lat="50.302252" lon="14.309714">
				<ele>229.000000</ele>
			</trkpt>
			<trkpt lat="50.301827" lon="14.309462">
				<ele>229.409302</ele>
			</trkpt>
			<trkpt lat="50.301448" lon="14.309246">
				<ele>229.812897</ele>
			</trkpt>
			<trkpt lat="50.301121" lon="14.309039">
				<ele>230.000000</ele>
			</trkpt>
			<trkpt lat="50.299716" lon="14.308106">
				<ele>232.000000</ele>
			</trkpt>
			<trkpt lat="50.299497" lon="14.307980">
				<ele>232.000000</ele>
			</trkpt>
			<trkpt lat="50.299342" lon="14.307899">
				<ele>232.000000</ele>
			</trkpt>
			<trkpt lat="50.299187" lon="14.307827">
				<ele>232.000000</ele>
			</trkpt>
			<trkpt lat="50.299010" lon="14.307764">
				<ele>233.000000</ele>
			</trkpt>
			<trkpt lat="50.297954" lon="14.307414">
				<ele>233.000000</ele>
			</trkpt>
			<trkpt lat="50.297587" lon="14.307278">
				<ele>233.000000</ele>
			</trkpt>
			<trkpt lat="50.297197" lon="14.307117">
				<ele>234.000000</ele>
			</trkpt>
			<trkpt lat="50.296496" lon="14.306785">
				<ele>233.152679</ele>
			</trkpt>
			<trkpt lat="50.295601" lon="14.306336">
				<ele>234.000000</ele>
			</trkpt>
			<trkpt lat="50.294137" lon="14.305617">
				<ele>234.000000</ele>
			</trkpt>
			<trkpt lat="50.293885" lon="14.305509">
				<ele>234.000000</ele>
			</trkpt>
			<trkpt lat="50.293363" lon="14.305294">
				<ele>233.000000</ele>
			</trkpt>
			<trkpt lat="50.293087" lon="14.305150">
				<ele>233.000000</ele>
			</trkpt>
			<trkpt lat="50.292588" lon="14.304880">
				<ele>233.000000</ele>
			</trkpt>
			<trkpt lat="50.292290" lon="14.304674">
				<ele>233.000000</ele>
			</trkpt>
			<trkpt lat="50.291802" lon="14.304315">
				<ele>233.000000</ele>
			</trkpt>
			<trkpt lat="50.291687" lon="14.304261">
				<ele>232.695618</ele>
			</trkpt>
			<trkpt lat="50.291567" lon="14.304179">
				<ele>232.535950</ele>
			</trkpt>
			<trkpt lat="50.291015" lon="14.303686">
				<ele>232.542740</ele>
			</trkpt>
			<trkpt lat="50.290792" lon="14.303488">
				<ele>233.000000</ele>
			</trkpt>
			<trkpt lat="50.290671" lon="14.303407">
				<ele>232.185776</ele>
			</trkpt>
			<trkpt lat="50.290539" lon="14.303336">
				<ele>232.394531</ele>
			</trkpt>
			<trkpt lat="50.290396" lon="14.303273">
				<ele>231.843521</ele>
			</trkpt>
			<trkpt lat="50.290270" lon="14.303227">
				<ele>232.000000</ele>
			</trkpt>
			<trkpt lat="50.290166" lon="14.303200">
				<ele>231.789978</ele>
			</trkpt>
			<trkpt lat="50.290086" lon="14.303192">
				<ele>231.797119</ele>
			</trkpt>
			<trkpt lat="50.290006" lon="14.303192">
				<ele>231.797119</ele>
			</trkpt>
			<trkpt lat="50.289936" lon="14.303209">
				<ele>231.991196</ele>
			</trkpt>
			<trkpt lat="50.289857" lon="14.303236">
				<ele>232.000000</ele>
			</trkpt>
			<trkpt lat="50.289776" lon="14.303282">
				<ele>232.000000</ele>
			</trkpt>
			<trkpt lat="50.289604" lon="14.303425">
				<ele>232.000000</ele>
			</trkpt>
			<trkpt lat="50.289317" lon="14.303668">
				<ele>231.142822</ele>
			</trkpt>
			<trkpt lat="50.289219" lon="14.303722">
				<ele>231.694122</ele>
			</trkpt>
			<trkpt lat="50.289128" lon="14.303775">
				<ele>231.827164</ele>
			</trkpt>
			<trkpt lat="50.289030" lon="14.303812">
				<ele>231.034988</ele>
			</trkpt>
			<trkpt lat="50.288938" lon="14.303821">
				<ele>231.000000</ele>
			</trkpt>
			<trkpt lat="50.288835" lon="14.303829">
				<ele>231.000000</ele>
			</trkpt>
			<trkpt lat="50.288725" lon="14.303802">
				<ele>231.000000</ele>
			</trkpt>
			<trkpt lat="50.288267" lon="14.303676">
				<ele>230.045685</ele>
			</trkpt>
			<trkpt lat="50.287807" lon="14.303533">
				<ele>231.000000</ele>
			</trkpt>
			<trkpt lat="50.287429" lon="14.303399">
				<ele>230.000000</ele>
			</trkpt>
			<trkpt lat="50.286418" lon="14.303003">
				<ele>229.831985</ele>
			</trkpt>
			<trkpt lat="50.285776" lon="14.302787">
				<ele>229.288528</ele>
			</trkpt>
			<trkpt lat="50.285597" lon="14.302724">
				<ele>229.586853</ele>
			</trkpt>
			<trkpt lat="50.285362" lon="14.302581">
				<ele>228.998459</ele>
			</trkpt>
			<trkpt lat="50.285173" lon="14.302446">
				<ele>229.000000</ele>
			</trkpt>
			<trkpt lat="50.285018" lon="14.302311">
				<ele>228.998276</ele>
			</trkpt>
			<trkpt lat="50.284874" lon="14.302131">
				<ele>229.000000</ele>
			</trkpt>
			<trkpt lat="50.284708" lon="14.301854">
				<ele>229.000000</ele>
			</trkpt>
			<trkpt lat="50.284610" lon="14.301709">
				<ele>228.964142</ele>
			</trkpt>
			<trkpt lat="50.284512" lon="14.301611">
				<ele>229.000000</ele>
			</trkpt>
			<trkpt lat="50.284392" lon="14.301548">
				<ele>228.494034</ele>
			</trkpt>
			<trkpt lat="50.284260" lon="14.301521">
				<ele>228.000000</ele>
			</trkpt>
			<trkpt lat="50.284134" lon="14.301512">
				<ele>228.000000</ele>
			</trkpt>
			<trkpt lat="50.284162" lon="14.301674">
				<ele>227.323914</ele>
			</trkpt>
			<trkpt lat="50.284180" lon="14.301799">
				<ele>225.978775</ele>
			</trkpt>
			<trkpt lat="50.284180" lon="14.301961">
				<ele>222.508865</ele>
			</trkpt>
			<trkpt lat="50.284180" lon="14.302068">
				<ele>221.942963</ele>
			</trkpt>
			<trkpt lat="50.284162" lon="14.302194">
				<ele>220.726852</ele>
			</trkpt>
			<trkpt lat="50.284140" lon="14.302311">
				<ele>220.000000</ele>
			</trkpt>
			<trkpt lat="50.284105" lon="14.302437">
				<ele>219.253632</ele>
			</trkpt>
			<trkpt lat="50.284059" lon="14.302571">
				<ele>217.958710</ele>
			</trkpt>
			<trkpt lat="50.284013" lon="14.302707">
				<ele>215.471008</ele>
			</trkpt>
			<trkpt lat="50.283991" lon="14.302859">
				<ele>212.161316</ele>
			</trkpt>
			<trkpt lat="50.283979" lon="14.303030">
				<ele>210.055038</ele>
			</trkpt>
			<trkpt lat="50.283956" lon="14.303433">
				<ele>206.478333</ele>
			</trkpt>
			<trkpt lat="50.283916" lon="14.303829">
				<ele>201.006836</ele>
			</trkpt>
			<trkpt lat="50.283916" lon="14.304036">
				<ele>198.937820</ele>
			</trkpt>
			<trkpt lat="50.283933" lon="14.304215">
				<ele>198.110611</ele>
			</trkpt>
			<trkpt lat="50.283991" lon="14.304638">
				<ele>194.393295</ele>
			</trkpt>
			<trkpt lat="50.284030" lon="14.305159">
				<ele>189.285355</ele>
			</trkpt>
			<trkpt lat="50.283743" lon="14.305294">
				<ele>186.808975</ele>
			</trkpt>
			<trkpt lat="50.283669" lon="14.305303">
				<ele>186.456985</ele>
			</trkpt>
			<trkpt lat="50.283600" lon="14.305320">
				<ele>186.283020</ele>
			</trkpt>
			<trkpt lat="50.283411" lon="14.305986">
				<ele>181.105545</ele>
			</trkpt>
			<trkpt lat="50.283336" lon="14.306263">
				<ele>179.856735</ele>
			</trkpt>
			<trkpt lat="50.282946" lon="14.307818">
				<ele>173.055756</ele>
			</trkpt>
			<trkpt lat="50.282911" lon="14.307881">
				<ele>173.000000</ele>
			</trkpt>
			<trkpt lat="50.282865" lon="14.307926">
				<ele>172.653961</ele>
			</trkpt>
			<trkpt lat="50.282796" lon="14.307926">
				<ele>172.000000</ele>
			</trkpt>
			<trkpt lat="50.282705" lon="14.307899">
				<ele>171.168610</ele>
			</trkpt>
			<trkpt lat="50.282148" lon="14.307657">
				<ele>171.000000</ele>
			</trkpt>
			<trkpt lat="50.282039" lon="14.307630">
				<ele>170.398636</ele>
			</trkpt>
			<trkpt lat="50.281924" lon="14.307630">
				<ele>170.197540</ele>
			</trkpt>
			<trkpt lat="50.281723" lon="14.307638">
				<ele>170.000000</ele>
			</trkpt>
			<trkpt lat="50.281402" lon="14.307594">
				<ele>169.000000</ele>
			</trkpt>
			<trkpt lat="50.281344" lon="14.307603">
				<ele>169.000000</ele>
			</trkpt>
			<trkpt lat="50.281292" lon="14.307881">
				<ele>171.000000</ele>
			</trkpt>
			<trkpt lat="50.281270" lon="14.308087">
				<ele>172.000000</ele>
			</trkpt>
			<trkpt lat="50.281275" lon="14.308186">
				<ele>171.606888</ele>
			</trkpt>
			<trkpt lat="50.281292" lon="14.308257">
				<ele>171.000000</ele>
			</trkpt>
			<trkpt lat="50.281350" lon="14.308330">
				<ele>171.000000</ele>
			</trkpt>
			<trkpt lat="50.281442" lon="14.308393">
				<ele>171.000000</ele>
			</trkpt>
			<trkpt lat="50.281758" lon="14.308599">
				<ele>171.003113</ele>
			</trkpt>
			<trkpt lat="50.281964" lon="14.308725">
				<ele>171.000000</ele>
			</trkpt>
			<trkpt lat="50.281913" lon="14.308941">
				<ele>171.000000</ele>
			</trkpt>
			<trkpt lat="50.281884" lon="14.309093">
				<ele>172.000000</ele>
			</trkpt>
			<trkpt lat="50.281849" lon="14.309345">
				<ele>171.944763</ele>
			</trkpt>
			<trkpt lat="50.281797" lon="14.309839">
				<ele>171.000000</ele>
			</trkpt>
			<trkpt lat="50.281763" lon="14.310171">
				<ele>171.000000</ele>
			</trkpt>
			<trkpt lat="50.281729" lon="14.310360">
				<ele>171.000000</ele>
			</trkpt>
			<trkpt lat="50.281694" lon="14.310494">
				<ele>171.000000</ele>
			</trkpt>
			<trkpt lat="50.281430" lon="14.311573">
				<ele>170.089111</ele>
			</trkpt>
			<trkpt lat="50.281143" lon="14.312668">
				<ele>172.000000</ele>
			</trkpt>
			<trkpt lat="50.280879" lon="14.314043">
				<ele>171.000000</ele>
			</trkpt>
			<trkpt lat="50.280844" lon="14.314232">
				<ele>171.169724</ele>
			</trkpt>
			<trkpt lat="50.280804" lon="14.314565">
				<ele>171.000000</ele>
			</trkpt>
			<trkpt lat="50.280793" lon="14.314689">
				<ele>171.784348</ele>
			</trkpt>
			<trkpt lat="50.280793" lon="14.314861">
				<ele>172.000000</ele>
			</trkpt>
			<trkpt lat="50.280678" lon="14.314897">
				<ele>172.000000</ele>
			</trkpt>
			<trkpt lat="50.280655" lon="14.315760">
				<ele>171.000000</ele>
			</trkpt>
			<trkpt lat="50.280856" lon="14.315786">
				<ele>172.996368</ele>
			</trkpt>
			<trkpt lat="50.280908" lon="14.315984">
				<ele>176.000000</ele>
			</trkpt>
			<trkpt lat="50.278990" lon="14.317008">
				<ele>171.448364</ele>
			</trkpt>
			<trkpt lat="50.278634" lon="14.317205">
				<ele>174.791351</ele>
			</trkpt>
			<trkpt lat="50.278698" lon="14.317304">
				<ele>174.944351</ele>
			</trkpt>
			<trkpt lat="50.279306" lon="14.317457">
				<ele>168.000000</ele>
			</trkpt>
			<trkpt lat="50.279375" lon="14.317861">
				<ele>168.013458</ele>
			</trkpt>
			<trkpt lat="50.279387" lon="14.318113">
				<ele>168.000000</ele>
			</trkpt>
			<trkpt lat="50.279392" lon="14.318436">
				<ele>168.926865</ele>
			</trkpt>
			<trkpt lat="50.279432" lon="14.318769">
				<ele>169.000000</ele>
			</trkpt>
			<trkpt lat="50.279536" lon="14.319568">
				<ele>169.000000</ele>
			</trkpt>
			<trkpt lat="50.279639" lon="14.320287">
				<ele>169.000000</ele>
			</trkpt>
			<trkpt lat="50.279777" lon="14.321194">
				<ele>170.000000</ele>
			</trkpt>
			<trkpt lat="50.279788" lon="14.321347">
				<ele>169.951431</ele>
			</trkpt>
			<trkpt lat="50.279783" lon="14.321473">
				<ele>170.000000</ele>
			</trkpt>
			<trkpt lat="50.279766" lon="14.321562">
				<ele>170.000000</ele>
			</trkpt>
			<trkpt lat="50.279737" lon="14.321643">
				<ele>170.000000</ele>
			</trkpt>
			<trkpt lat="50.279094" lon="14.323503">
				<ele>169.851044</ele>
			</trkpt>
			<trkpt lat="50.278675" lon="14.324643">
				<ele>169.380447</ele>
			</trkpt>
			<trkpt lat="50.278324" lon="14.325748">
				<ele>169.950348</ele>
			</trkpt>
			<trkpt lat="50.278101" lon="14.326297">
				<ele>169.644043</ele>
			</trkpt>
			<trkpt lat="50.277331" lon="14.325704">
				<ele>168.000000</ele>
			</trkpt>
			<trkpt lat="50.277199" lon="14.325704">
				<ele>167.000000</ele>
			</trkpt>
			<trkpt lat="50.277016" lon="14.325748">
				<ele>166.972382</ele>
			</trkpt>
			<trkpt lat="50.276941" lon="14.326090">
				<ele>166.834076</ele>
			</trkpt>
			<trkpt lat="50.276763" lon="14.326781">
				<ele>166.346024</ele>
			</trkpt>
			<trkpt lat="50.276694" lon="14.327113">
				<ele>167.000000</ele>
			</trkpt>
			<trkpt lat="50.276666" lon="14.327285">
				<ele>166.652405</ele>
			</trkpt>
			<trkpt lat="50.276660" lon="14.327473">
				<ele>167.000000</ele>
			</trkpt>
			<trkpt lat="50.276677" lon="14.327652">
				<ele>167.000000</ele>
			</trkpt>
			<trkpt lat="50.276706" lon="14.327788">
				<ele>167.000000</ele>
			</trkpt>
			<trkpt lat="50.276735" lon="14.327905">
				<ele>167.000000</ele>
			</trkpt>
			<trkpt lat="50.276780" lon="14.328039">
				<ele>167.649704</ele>
			</trkpt>
			<trkpt lat="50.276832" lon="14.328165">
				<ele>168.000000</ele>
			</trkpt>
			<trkpt lat="50.276987" lon="14.328488">
				<ele>168.000000</ele>
			</trkpt>
			<trkpt lat="50.277188" lon="14.328893">
				<ele>170.649811</ele>
			</trkpt>
			<trkpt lat="50.277280" lon="14.329071">
				<ele>171.000000</ele>
			</trkpt>
			<trkpt lat="50.277337" lon="14.329216">
				<ele>171.000000</ele>
			</trkpt>
			<trkpt lat="50.277383" lon="14.329377">
				<ele>170.000000</ele>
			</trkpt>
			<trkpt lat="50.277389" lon="14.329476">
				<ele>170.000000</ele>
			</trkpt>
			<trkpt lat="50.277389" lon="14.329576">
				<ele>170.000000</ele>
			</trkpt>
			<trkpt lat="50.277389" lon="14.329637">
				<ele>170.000000</ele>
			</trkpt>
			<trkpt lat="50.277377" lon="14.329899">
				<ele>170.000000</ele>
			</trkpt>
			<trkpt lat="50.277383" lon="14.330015">
				<ele>170.000000</ele>
			</trkpt>
			<trkpt lat="50.277257" lon="14.330186">
				<ele>170.000000</ele>
			</trkpt>
			<trkpt lat="50.277222" lon="14.330239">
				<ele>170.000000</ele>
			</trkpt>
			<trkpt lat="50.277199" lon="14.330293">
				<ele>170.000000</ele>
			</trkpt>
			<trkpt lat="50.277182" lon="14.330383">
				<ele>170.000000</ele>
			</trkpt>
			<trkpt lat="50.277182" lon="14.330536">
				<ele>170.000000</ele>
			</trkpt>
			<trkpt lat="50.277182" lon="14.330591">
				<ele>170.000000</ele>
			</trkpt>
			<trkpt lat="50.277170" lon="14.330689">
				<ele>170.000000</ele>
			</trkpt>
			<trkpt lat="50.277154" lon="14.330769">
				<ele>170.000000</ele>
			</trkpt>
			<trkpt lat="50.277119" lon="14.330859">
				<ele>170.000000</ele>
			</trkpt>
			<trkpt lat="50.277067" lon="14.330958">
				<ele>170.000000</ele>
			</trkpt>
			<trkpt lat="50.277067" lon="14.330958">
				<ele>170.000000</ele>
			</trkpt>
			<trkpt lat="50.277038" lon="14.331004">
				<ele>170.000000</ele>
			</trkpt>
			<trkpt lat="50.276906" lon="14.331004">
				<ele>169.845581</ele>
			</trkpt>
			<trkpt lat="50.276579" lon="14.331031">
				<ele>169.000000</ele>
			</trkpt>
			<trkpt lat="50.276327" lon="14.330994">
				<ele>167.000000</ele>
			</trkpt>
			<trkpt lat="50.275816" lon="14.330878">
				<ele>164.005463</ele>
			</trkpt>
			<trkpt lat="50.275764" lon="14.330851">
				<ele>164.045547</ele>
			</trkpt>
			<trkpt lat="50.275707" lon="14.330824">
				<ele>165.000000</ele>
			</trkpt>
			<trkpt lat="50.275672" lon="14.330797">
				<ele>165.000000</ele>
			</trkpt>
			<trkpt lat="50.275638" lon="14.330752">
				<ele>165.559097</ele>
			</trkpt>
			<trkpt lat="50.275592" lon="14.330671">
				<ele>166.000000</ele>
			</trkpt>
			<trkpt lat="50.275552" lon="14.330591">
				<ele>166.000000</ele>
			</trkpt>
			<trkpt lat="50.275477" lon="14.330321">
				<ele>165.192978</ele>
			</trkpt>
			<trkpt lat="50.275397" lon="14.329916">
				<ele>166.000000</ele>
			</trkpt>
			<trkpt lat="50.275218" lon="14.329161">
				<ele>167.000000</ele>
			</trkpt>
			<trkpt lat="50.275167" lon="14.328947">
				<ele>167.000000</ele>
			</trkpt>
			<trkpt lat="50.275104" lon="14.328758">
				<ele>167.000000</ele>
			</trkpt>
			<trkpt lat="50.274983" lon="14.328444">
				<ele>167.000000</ele>
			</trkpt>
			<trkpt lat="50.274840" lon="14.328129">
				<ele>167.000000</ele>
			</trkpt>
			<trkpt lat="50.274702" lon="14.327886">
				<ele>167.000000</ele>
			</trkpt>
			<trkpt lat="50.274656" lon="14.327823">
				<ele>167.000000</ele>
			</trkpt>
			<trkpt lat="50.274599" lon="14.327761">
				<ele>167.000000</ele>
			</trkpt>
			<trkpt lat="50.274547" lon="14.327725">
				<ele>167.000000</ele>
			</trkpt>
			<trkpt lat="50.274495" lon="14.327698">
				<ele>167.000000</ele>
			</trkpt>
			<trkpt lat="50.274409" lon="14.327679">
				<ele>167.650314</ele>
			</trkpt>
			<trkpt lat="50.274329" lon="14.327679">
				<ele>168.000000</ele>
			</trkpt>
			<trkpt lat="50.274162" lon="14.327698">
				<ele>168.000000</ele>
			</trkpt>
			<trkpt lat="50.274059" lon="14.327715">
				<ele>168.000000</ele>
			</trkpt>
			<trkpt lat="50.273973" lon="14.327761">
				<ele>168.000000</ele>
			</trkpt>
			<trkpt lat="50.273835" lon="14.327832">
				<ele>167.941940</ele>
			</trkpt>
			<trkpt lat="50.273605" lon="14.327985">
				<ele>167.000000</ele>
			</trkpt>
			<trkpt lat="50.273381" lon="14.328102">
				<ele>168.000000</ele>
			</trkpt>
			<trkpt lat="50.273118" lon="14.328209">
				<ele>168.000000</ele>
			</trkpt>
			<trkpt lat="50.272951" lon="14.328264">
				<ele>168.000000</ele>
			</trkpt>
			<trkpt lat="50.272796" lon="14.328308">
				<ele>168.750916</ele>
			</trkpt>
			<trkpt lat="50.272526" lon="14.328398">
				<ele>172.445938</ele>
			</trkpt>
			<trkpt lat="50.272796" lon="14.328111">
				<ele>168.146317</ele>
			</trkpt>
			<trkpt lat="50.272847" lon="14.328039">
				<ele>167.388687</ele>
			</trkpt>
			<trkpt lat="50.272894" lon="14.327958">
				<ele>167.000000</ele>
			</trkpt>
			<trkpt lat="50.272939" lon="14.327832">
				<ele>166.089600</ele>
			</trkpt>
			<trkpt lat="50.272974" lon="14.327715">
				<ele>164.925568</ele>
			</trkpt>
			<trkpt lat="50.273054" lon="14.327339">
				<ele>164.000000</ele>
			</trkpt>
			<trkpt lat="50.273089" lon="14.327113">
				<ele>164.000000</ele>
			</trkpt>
			<trkpt lat="50.273106" lon="14.326926">
				<ele>164.645767</ele>
			</trkpt>
			<trkpt lat="50.273094" lon="14.326773">
				<ele>165.000000</ele>
			</trkpt>
			<trkpt lat="50.273077" lon="14.326647">
				<ele>165.000000</ele>
			</trkpt>
			<trkpt lat="50.273049" lon="14.326539">
				<ele>165.000000</ele>
			</trkpt>
			<trkpt lat="50.273031" lon="14.326386">
				<ele>165.000000</ele>
			</trkpt>
			<trkpt lat="50.272997" lon="14.325712">
				<ele>164.513321</ele>
			</trkpt>
			<trkpt lat="50.272986" lon="14.325559">
				<ele>165.000000</ele>
			</trkpt>
			<trkpt lat="50.272986" lon="14.325389">
				<ele>166.000000</ele>
			</trkpt>
			<trkpt lat="50.273002" lon="14.324949">
				<ele>167.847504</ele>
			</trkpt>
			<trkpt lat="50.273026" lon="14.324643">
				<ele>168.000000</ele>
			</trkpt>
			<trkpt lat="50.273026" lon="14.324463">
				<ele>168.000000</ele>
			</trkpt>
			<trkpt lat="50.273026" lon="14.324276">
				<ele>167.370697</ele>
			</trkpt>
			<trkpt lat="50.273008" lon="14.324069">
				<ele>167.000000</ele>
			</trkpt>
			<trkpt lat="50.272980" lon="14.323916">
				<ele>167.000000</ele>
			</trkpt>
			<trkpt lat="50.272951" lon="14.323763">
				<ele>167.247437</ele>
			</trkpt>
			<trkpt lat="50.272830" lon="14.323368">
				<ele>168.609390</ele>
			</trkpt>
			<trkpt lat="50.272813" lon="14.323260">
				<ele>169.000000</ele>
			</trkpt>
			<trkpt lat="50.272767" lon="14.323161">
				<ele>169.000000</ele>
			</trkpt>
			<trkpt lat="50.272733" lon="14.323117">
				<ele>169.000000</ele>
			</trkpt>
			<trkpt lat="50.272693" lon="14.323089">
				<ele>169.000000</ele>
			</trkpt>
			<trkpt lat="50.272652" lon="14.323089">
				<ele>169.250259</ele>
			</trkpt>
			<trkpt lat="50.272612" lon="14.323107">
				<ele>169.951004</ele>
			</trkpt>
			<trkpt lat="50.272515" lon="14.323205">
				<ele>170.644485</ele>
			</trkpt>
			<trkpt lat="50.272463" lon="14.323251">
				<ele>171.000000</ele>
			</trkpt>
			<trkpt lat="50.272406" lon="14.323260">
				<ele>171.000000</ele>
			</trkpt>
			<trkpt lat="50.272354" lon="14.323251">
				<ele>171.447464</ele>
			</trkpt>
			<trkpt lat="50.272399" lon="14.323125">
				<ele>171.000000</ele>
			</trkpt>
			<trkpt lat="50.272434" lon="14.322999">
				<ele>170.317963</ele>
			</trkpt>
			<trkpt lat="50.272451" lon="14.322855">
				<ele>170.000000</ele>
			</trkpt>
			<trkpt lat="50.272457" lon="14.322631">
				<ele>170.000000</ele>
			</trkpt>
			<trkpt lat="50.272491" lon="14.321859">
				<ele>170.000000</ele>
			</trkpt>
			<trkpt lat="50.272515" lon="14.321481">
				<ele>170.000000</ele>
			</trkpt>
			<trkpt lat="50.272532" lon="14.320960">
				<ele>169.647491</ele>
			</trkpt>
			<trkpt lat="50.272543" lon="14.320655">
				<ele>169.846039</ele>
			</trkpt>
			<trkpt lat="50.272572" lon="14.320341">
				<ele>170.000000</ele>
			</trkpt>
			<trkpt lat="50.272618" lon="14.320341">
				<ele>170.000000</ele>
			</trkpt>
			<trkpt lat="50.272658" lon="14.320115">
				<ele>170.000000</ele>
			</trkpt>
			<trkpt lat="50.272693" lon="14.319963">
				<ele>170.000000</ele>
			</trkpt>
			<trkpt lat="50.272750" lon="14.319846">
				<ele>170.000000</ele>
			</trkpt>
			<trkpt lat="50.272819" lon="14.319765">
				<ele>170.000000</ele>
			</trkpt>
			<trkpt lat="50.272870" lon="14.319676">
				<ele>170.000000</ele>
			</trkpt>
			<trkpt lat="50.272910" lon="14.319603">
				<ele>170.000000</ele>
			</trkpt>
			<trkpt lat="50.272928" lon="14.319523">
				<ele>170.000000</ele>
			</trkpt>
			<trkpt lat="50.272922" lon="14.319423">
				<ele>170.000000</ele>
			</trkpt>
			<trkpt lat="50.272882" lon="14.319280">
				<ele>170.027679</ele>
			</trkpt>
			<trkpt lat="50.272778" lon="14.319190">
				<ele>171.000000</ele>
			</trkpt>
			<trkpt lat="50.272733" lon="14.319065">
				<ele>171.000000</ele>
			</trkpt>
			<trkpt lat="50.272727" lon="14.319002">
				<ele>170.805756</ele>
			</trkpt>
			<trkpt lat="50.272727" lon="14.318939">
				<ele>170.136459</ele>
			</trkpt>
			<trkpt lat="50.272733" lon="14.318750">
				<ele>170.159988</ele>
			</trkpt>
			<trkpt lat="50.272721" lon="14.318687">
				<ele>170.711975</ele>
			</trkpt>
			<trkpt lat="50.272699" lon="14.318624">
				<ele>171.000000</ele>
			</trkpt>
			<trkpt lat="50.272738" lon="14.317897">
				<ele>171.000000</ele>
			</trkpt>
			<trkpt lat="50.272762" lon="14.317718">
				<ele>171.000000</ele>
			</trkpt>
			<trkpt lat="50.272796" lon="14.317574">
				<ele>171.000000</ele>
			</trkpt>
			<trkpt lat="50.272859" lon="14.317457">
				<ele>171.000000</ele>
			</trkpt>
			<trkpt lat="50.272951" lon="14.317358">
				<ele>171.000000</ele>
			</trkpt>
			<trkpt lat="50.273416" lon="14.316936">
				<ele>171.000000</ele>
			</trkpt>
			<trkpt lat="50.274427" lon="14.316020">
				<ele>169.405975</ele>
			</trkpt>
			<trkpt lat="50.275041" lon="14.315427">
				<ele>170.350281</ele>
			</trkpt>
			<trkpt lat="50.275167" lon="14.315291">
				<ele>171.000000</ele>
			</trkpt>
			<trkpt lat="50.275276" lon="14.315238">
				<ele>170.597992</ele>
			</trkpt>
			<trkpt lat="50.275351" lon="14.314771">
				<ele>171.000000</ele>
			</trkpt>
			<trkpt lat="50.275448" lon="14.314339">
				<ele>169.887863</ele>
			</trkpt>
			<trkpt lat="50.275494" lon="14.314169">
				<ele>167.991852</ele>
			</trkpt>
			<trkpt lat="50.276028" lon="14.312076">
				<ele>167.312485</ele>
			</trkpt>
			<trkpt lat="50.276028" lon="14.312076">
				<ele>167.312485</ele>
			</trkpt>
			<trkpt lat="50.276390" lon="14.310647">
				<ele>172.211975</ele>
			</trkpt>
			<trkpt lat="50.276551" lon="14.310028">
				<ele>173.962326</ele>
			</trkpt>
			<trkpt lat="50.275581" lon="14.309265">
				<ele>173.603882</ele>
			</trkpt>
			<trkpt lat="50.274897" lon="14.308762">
				<ele>173.000000</ele>
			</trkpt>
			<trkpt lat="50.273313" lon="14.307575">
				<ele>173.000000</ele>
			</trkpt>
			<trkpt lat="50.272819" lon="14.307207">
				<ele>172.000000</ele>
			</trkpt>
			<trkpt lat="50.272646" lon="14.307081">
				<ele>172.000000</ele>
			</trkpt>
			<trkpt lat="50.271860" lon="14.306596">
				<ele>173.000000</ele>
			</trkpt>
			<trkpt lat="50.271010" lon="14.306120">
				<ele>174.000000</ele>
			</trkpt>
			<trkpt lat="50.270821" lon="14.306012">
				<ele>173.854599</ele>
			</trkpt>
			<trkpt lat="50.270678" lon="14.305932">
				<ele>173.000000</ele>
			</trkpt>
			<trkpt lat="50.270470" lon="14.305860">
				<ele>173.000000</ele>
			</trkpt>
			<trkpt lat="50.268949" lon="14.305374">
				<ele>173.000000</ele>
			</trkpt>
			<trkpt lat="50.268668" lon="14.305284">
				<ele>173.000000</ele>
			</trkpt>
			<trkpt lat="50.268128" lon="14.305051">
				<ele>173.512238</ele>
			</trkpt>
			<trkpt lat="50.267990" lon="14.304997">
				<ele>174.000000</ele>
			</trkpt>
			<trkpt lat="50.267657" lon="14.304854">
				<ele>174.474503</ele>
			</trkpt>
			<trkpt lat="50.267605" lon="14.304808">
				<ele>174.941254</ele>
			</trkpt>
			<trkpt lat="50.267559" lon="14.304764">
				<ele>175.242691</ele>
			</trkpt>
			<trkpt lat="50.267513" lon="14.304710">
				<ele>175.754440</ele>
			</trkpt>
			<trkpt lat="50.267485" lon="14.304674">
				<ele>176.172958</ele>
			</trkpt>
			<trkpt lat="50.267468" lon="14.304611">
				<ele>176.548538</ele>
			</trkpt>
			<trkpt lat="50.267450" lon="14.304548">
				<ele>176.945511</ele>
			</trkpt>
			<trkpt lat="50.267439" lon="14.304485">
				<ele>177.811218</ele>
			</trkpt>
			<trkpt lat="50.267450" lon="14.304404">
				<ele>177.704315</ele>
			</trkpt>
			<trkpt lat="50.267490" lon="14.303938">
				<ele>176.946213</ele>
			</trkpt>
			<trkpt lat="50.267537" lon="14.303551">
				<ele>178.477798</ele>
			</trkpt>
			<trkpt lat="50.267553" lon="14.303433">
				<ele>179.027725</ele>
			</trkpt>
			<trkpt lat="50.267559" lon="14.303309">
				<ele>178.091019</ele>
			</trkpt>
			<trkpt lat="50.267559" lon="14.303192">
				<ele>178.000000</ele>
			</trkpt>
			<trkpt lat="50.267513" lon="14.302877">
				<ele>179.000000</ele>
			</trkpt>
			<trkpt lat="50.266503" lon="14.302913">
				<ele>176.108719</ele>
			</trkpt>
			<trkpt lat="50.266181" lon="14.302922">
				<ele>177.203629</ele>
			</trkpt>
			<trkpt lat="50.265900" lon="14.302913">
				<ele>178.467239</ele>
			</trkpt>
			<trkpt lat="50.265532" lon="14.302859">
				<ele>178.810608</ele>
			</trkpt>
			<trkpt lat="50.264803" lon="14.302743">
				<ele>178.453140</ele>
			</trkpt>
			<trkpt lat="50.264648" lon="14.302716">
				<ele>178.005432</ele>
			</trkpt>
			<trkpt lat="50.264545" lon="14.302680">
				<ele>178.403229</ele>
			</trkpt>
			<trkpt lat="50.264435" lon="14.302634">
				<ele>178.826782</ele>
			</trkpt>
			<trkpt lat="50.264298" lon="14.302571">
				<ele>179.259109</ele>
			</trkpt>
			<trkpt lat="50.263827" lon="14.302267">
				<ele>177.558655</ele>
			</trkpt>
			<trkpt lat="50.263729" lon="14.302213">
				<ele>178.786667</ele>
			</trkpt>
			<trkpt lat="50.263649" lon="14.302204">
				<ele>180.010559</ele>
			</trkpt>
			<trkpt lat="50.263201" lon="14.302123">
				<ele>181.101379</ele>
			</trkpt>
			<trkpt lat="50.263120" lon="14.302114">
				<ele>180.359726</ele>
			</trkpt>
			<trkpt lat="50.263046" lon="14.302087">
				<ele>180.232468</ele>
			</trkpt>
			<trkpt lat="50.262972" lon="14.302041">
				<ele>180.165176</ele>
			</trkpt>
			<trkpt lat="50.262874" lon="14.301961">
				<ele>179.408676</ele>
			</trkpt>
			<trkpt lat="50.262764" lon="14.301862">
				<ele>179.006866</ele>
			</trkpt>
			<trkpt lat="50.262753" lon="14.301854">
				<ele>179.035583</ele>
			</trkpt>
		</trkseg>
	
		<name>10. Nelahozeves - Roztoky</name>
		<trkseg>
			<trkpt lat="50.262753" lon="14.301844">
				<ele>178.000000</ele>
			</trkpt>
			<trkpt lat="50.262730" lon="14.301817">
				<ele>178.000000</ele>
			</trkpt>
			<trkpt lat="50.262667" lon="14.301764">
				<ele>178.000000</ele>
			</trkpt>
			<trkpt lat="50.262558" lon="14.301701">
				<ele>178.000000</ele>
			</trkpt>
			<trkpt lat="50.262512" lon="14.301754">
				<ele>177.000000</ele>
			</trkpt>
			<trkpt lat="50.262460" lon="14.301781">
				<ele>177.000000</ele>
			</trkpt>
			<trkpt lat="50.262368" lon="14.301844">
				<ele>176.000000</ele>
			</trkpt>
			<trkpt lat="50.262288" lon="14.301915">
				<ele>175.000000</ele>
			</trkpt>
			<trkpt lat="50.262225" lon="14.302015">
				<ele>174.000000</ele>
			</trkpt>
			<trkpt lat="50.262156" lon="14.302167">
				<ele>173.000000</ele>
			</trkpt>
			<trkpt lat="50.262121" lon="14.302294">
				<ele>172.000000</ele>
			</trkpt>
			<trkpt lat="50.262087" lon="14.302374">
				<ele>172.000000</ele>
			</trkpt>
			<trkpt lat="50.262041" lon="14.302437">
				<ele>172.000000</ele>
			</trkpt>
			<trkpt lat="50.261989" lon="14.302491">
				<ele>171.000000</ele>
			</trkpt>
			<trkpt lat="50.261553" lon="14.302383">
				<ele>175.000000</ele>
			</trkpt>
			<trkpt lat="50.261300" lon="14.302347">
				<ele>176.000000</ele>
			</trkpt>
			<trkpt lat="50.261053" lon="14.302347">
				<ele>176.000000</ele>
			</trkpt>
			<trkpt lat="50.260657" lon="14.302357">
				<ele>176.000000</ele>
			</trkpt>
			<trkpt lat="50.260536" lon="14.302357">
				<ele>176.000000</ele>
			</trkpt>
			<trkpt lat="50.260421" lon="14.302391">
				<ele>176.000000</ele>
			</trkpt>
			<trkpt lat="50.260123" lon="14.302491">
				<ele>175.000000</ele>
			</trkpt>
			<trkpt lat="50.260025" lon="14.302509">
				<ele>174.000000</ele>
			</trkpt>
			<trkpt lat="50.259916" lon="14.302481">
				<ele>174.000000</ele>
			</trkpt>
			<trkpt lat="50.259664" lon="14.302347">
				<ele>173.000000</ele>
			</trkpt>
			<trkpt lat="50.259468" lon="14.302257">
				<ele>173.000000</ele>
			</trkpt>
			<trkpt lat="50.259261" lon="14.302194">
				<ele>173.000000</ele>
			</trkpt>
			<trkpt lat="50.259152" lon="14.302158">
				<ele>173.000000</ele>
			</trkpt>
			<trkpt lat="50.258980" lon="14.302068">
				<ele>173.000000</ele>
			</trkpt>
			<trkpt lat="50.258762" lon="14.301934">
				<ele>173.000000</ele>
			</trkpt>
			<trkpt lat="50.258618" lon="14.301871">
				<ele>173.000000</ele>
			</trkpt>
			<trkpt lat="50.258469" lon="14.301781">
				<ele>174.000000</ele>
			</trkpt>
			<trkpt lat="50.258296" lon="14.301728">
				<ele>175.000000</ele>
			</trkpt>
			<trkpt lat="50.258159" lon="14.301691">
				<ele>175.000000</ele>
			</trkpt>
			<trkpt lat="50.258015" lon="14.301665">
				<ele>175.000000</ele>
			</trkpt>
			<trkpt lat="50.257871" lon="14.301655">
				<ele>174.000000</ele>
			</trkpt>
			<trkpt lat="50.257728" lon="14.301655">
				<ele>173.000000</ele>
			</trkpt>
			<trkpt lat="50.257280" lon="14.301701">
				<ele>174.000000</ele>
			</trkpt>
			<trkpt lat="50.256832" lon="14.301764">
				<ele>174.000000</ele>
			</trkpt>
			<trkpt lat="50.256539" lon="14.301817">
				<ele>174.000000</ele>
			</trkpt>
			<trkpt lat="50.256246" lon="14.301888">
				<ele>174.000000</ele>
			</trkpt>
			<trkpt lat="50.255930" lon="14.301988">
				<ele>173.000000</ele>
			</trkpt>
			<trkpt lat="50.255597" lon="14.302095">
				<ele>173.000000</ele>
			</trkpt>
			<trkpt lat="50.254989" lon="14.302284">
				<ele>172.000000</ele>
			</trkpt>
			<trkpt lat="50.254845" lon="14.302311">
				<ele>172.000000</ele>
			</trkpt>
			<trkpt lat="50.254718" lon="14.302347">
				<ele>173.000000</ele>
			</trkpt>
			<trkpt lat="50.254609" lon="14.302347">
				<ele>173.000000</ele>
			</trkpt>
			<trkpt lat="50.254466" lon="14.302347">
				<ele>174.000000</ele>
			</trkpt>
			<trkpt lat="50.253696" lon="14.302248">
				<ele>179.000000</ele>
			</trkpt>
			<trkpt lat="50.253633" lon="14.302248">
				<ele>179.000000</ele>
			</trkpt>
			<trkpt lat="50.253558" lon="14.302267">
				<ele>179.000000</ele>
			</trkpt>
			<trkpt lat="50.253346" lon="14.302347">
				<ele>182.000000</ele>
			</trkpt>
			<trkpt lat="50.253127" lon="14.302437">
				<ele>181.000000</ele>
			</trkpt>
			<trkpt lat="50.252967" lon="14.302481">
				<ele>180.000000</ele>
			</trkpt>
			<trkpt lat="50.252748" lon="14.302527">
				<ele>181.000000</ele>
			</trkpt>
			<trkpt lat="50.252645" lon="14.302571">
				<ele>180.000000</ele>
			</trkpt>
			<trkpt lat="50.252587" lon="14.302590">
				<ele>180.000000</ele>
			</trkpt>
			<trkpt lat="50.252518" lon="14.302571">
				<ele>180.000000</ele>
			</trkpt>
			<trkpt lat="50.252438" lon="14.302571">
				<ele>180.000000</ele>
			</trkpt>
			<trkpt lat="50.252335" lon="14.302590">
				<ele>179.000000</ele>
			</trkpt>
			<trkpt lat="50.252007" lon="14.302653">
				<ele>177.000000</ele>
			</trkpt>
			<trkpt lat="50.251869" lon="14.302653">
				<ele>177.000000</ele>
			</trkpt>
			<trkpt lat="50.251726" lon="14.302644">
				<ele>178.000000</ele>
			</trkpt>
			<trkpt lat="50.251347" lon="14.302607">
				<ele>179.000000</ele>
			</trkpt>
			<trkpt lat="50.250853" lon="14.302599">
				<ele>178.000000</ele>
			</trkpt>
			<trkpt lat="50.250411" lon="14.302607">
				<ele>177.000000</ele>
			</trkpt>
			<trkpt lat="50.250071" lon="14.302626">
				<ele>175.000000</ele>
			</trkpt>
			<trkpt lat="50.249710" lon="14.302689">
				<ele>174.000000</ele>
			</trkpt>
			<trkpt lat="50.249181" lon="14.302779">
				<ele>172.000000</ele>
			</trkpt>
			<trkpt lat="50.248779" lon="14.302841">
				<ele>173.000000</ele>
			</trkpt>
			<trkpt lat="50.248607" lon="14.302886">
				<ele>172.000000</ele>
			</trkpt>
			<trkpt lat="50.248446" lon="14.302967">
				<ele>172.000000</ele>
			</trkpt>
			<trkpt lat="50.248354" lon="14.303030">
				<ele>172.000000</ele>
			</trkpt>
			<trkpt lat="50.248256" lon="14.303102">
				<ele>171.000000</ele>
			</trkpt>
			<trkpt lat="50.248107" lon="14.303227">
				<ele>171.000000</ele>
			</trkpt>
			<trkpt lat="50.247981" lon="14.303344">
				<ele>170.000000</ele>
			</trkpt>
			<trkpt lat="50.247871" lon="14.303452">
				<ele>170.000000</ele>
			</trkpt>
			<trkpt lat="50.247768" lon="14.303586">
				<ele>170.000000</ele>
			</trkpt>
			<trkpt lat="50.247665" lon="14.303712">
				<ele>170.000000</ele>
			</trkpt>
			<trkpt lat="50.247562" lon="14.303883">
				<ele>170.000000</ele>
			</trkpt>
			<trkpt lat="50.247338" lon="14.304278">
				<ele>169.000000</ele>
			</trkpt>
			<trkpt lat="50.247171" lon="14.304602">
				<ele>169.000000</ele>
			</trkpt>
			<trkpt lat="50.247045" lon="14.304871">
				<ele>169.000000</ele>
			</trkpt>
			<trkpt lat="50.246975" lon="14.305104">
				<ele>169.000000</ele>
			</trkpt>
			<trkpt lat="50.246947" lon="14.305330">
				<ele>169.000000</ele>
			</trkpt>
			<trkpt lat="50.246889" lon="14.305590">
				<ele>169.000000</ele>
			</trkpt>
			<trkpt lat="50.246763" lon="14.306039">
				<ele>168.000000</ele>
			</trkpt>
			<trkpt lat="50.246648" lon="14.306416">
				<ele>168.000000</ele>
			</trkpt>
			<trkpt lat="50.246338" lon="14.307378">
				<ele>168.000000</ele>
			</trkpt>
			<trkpt lat="50.245953" lon="14.308626">
				<ele>169.000000</ele>
			</trkpt>
			<trkpt lat="50.245855" lon="14.308886">
				<ele>169.000000</ele>
			</trkpt>
			<trkpt lat="50.245746" lon="14.309165">
				<ele>169.000000</ele>
			</trkpt>
			<trkpt lat="50.245660" lon="14.309336">
				<ele>169.000000</ele>
			</trkpt>
			<trkpt lat="50.245562" lon="14.309515">
				<ele>169.000000</ele>
			</trkpt>
			<trkpt lat="50.245418" lon="14.309722">
				<ele>169.000000</ele>
			</trkpt>
			<trkpt lat="50.245223" lon="14.309974">
				<ele>169.000000</ele>
			</trkpt>
			<trkpt lat="50.245131" lon="14.310100">
				<ele>169.000000</ele>
			</trkpt>
			<trkpt lat="50.245045" lon="14.310253">
				<ele>169.000000</ele>
			</trkpt>
			<trkpt lat="50.244948" lon="14.310441">
				<ele>169.000000</ele>
			</trkpt>
			<trkpt lat="50.244832" lon="14.310683">
				<ele>169.000000</ele>
			</trkpt>
			<trkpt lat="50.244804" lon="14.310657">
				<ele>169.000000</ele>
			</trkpt>
			<trkpt lat="50.244775" lon="14.310639">
				<ele>170.000000</ele>
			</trkpt>
			<trkpt lat="50.244712" lon="14.310630">
				<ele>170.000000</ele>
			</trkpt>
			<trkpt lat="50.244649" lon="14.310666">
				<ele>171.000000</ele>
			</trkpt>
			<trkpt lat="50.244580" lon="14.310756">
				<ele>171.000000</ele>
			</trkpt>
			<trkpt lat="50.244310" lon="14.311106">
				<ele>172.000000</ele>
			</trkpt>
			<trkpt lat="50.244161" lon="14.311303">
				<ele>173.000000</ele>
			</trkpt>
			<trkpt lat="50.244091" lon="14.311420">
				<ele>173.000000</ele>
			</trkpt>
			<trkpt lat="50.244028" lon="14.311492">
				<ele>173.000000</ele>
			</trkpt>
			<trkpt lat="50.243971" lon="14.311519">
				<ele>174.000000</ele>
			</trkpt>
			<trkpt lat="50.243914" lon="14.311473">
				<ele>174.000000</ele>
			</trkpt>
			<trkpt lat="50.243914" lon="14.311473">
				<ele>174.000000</ele>
			</trkpt>
			<trkpt lat="50.243776" lon="14.311384">
				<ele>174.000000</ele>
			</trkpt>
			<trkpt lat="50.243586" lon="14.311825">
				<ele>174.000000</ele>
			</trkpt>
			<trkpt lat="50.243609" lon="14.311833">
				<ele>174.000000</ele>
			</trkpt>
			<trkpt lat="50.243609" lon="14.311833">
				<ele>174.000000</ele>
			</trkpt>
			<trkpt lat="50.243586" lon="14.311825">
				<ele>174.000000</ele>
			</trkpt>
			<trkpt lat="50.243758" lon="14.311716">
				<ele>175.000000</ele>
			</trkpt>
			<trkpt lat="50.243839" lon="14.311689">
				<ele>175.000000</ele>
			</trkpt>
			<trkpt lat="50.243902" lon="14.311689">
				<ele>175.000000</ele>
			</trkpt>
			<trkpt lat="50.244000" lon="14.311789">
				<ele>171.000000</ele>
			</trkpt>
			<trkpt lat="50.245557" lon="14.313406">
				<ele>175.000000</ele>
			</trkpt>
			<trkpt lat="50.245648" lon="14.313486">
				<ele>176.000000</ele>
			</trkpt>
			<trkpt lat="50.245568" lon="14.313639">
				<ele>176.000000</ele>
			</trkpt>
			<trkpt lat="50.245459" lon="14.313827">
				<ele>177.000000</ele>
			</trkpt>
			<trkpt lat="50.245258" lon="14.313980">
				<ele>174.000000</ele>
			</trkpt>
			<trkpt lat="50.245137" lon="14.314241">
				<ele>175.000000</ele>
			</trkpt>
			<trkpt lat="50.245103" lon="14.314312">
				<ele>174.000000</ele>
			</trkpt>
			<trkpt lat="50.245080" lon="14.314628">
				<ele>177.000000</ele>
			</trkpt>
			<trkpt lat="50.245034" lon="14.314789">
				<ele>176.000000</ele>
			</trkpt>
			<trkpt lat="50.244999" lon="14.314825">
				<ele>176.000000</ele>
			</trkpt>
			<trkpt lat="50.244948" lon="14.314915">
				<ele>176.000000</ele>
			</trkpt>
			<trkpt lat="50.244442" lon="14.316020">
				<ele>177.000000</ele>
			</trkpt>
			<trkpt lat="50.244201" lon="14.316540">
				<ele>177.000000</ele>
			</trkpt>
			<trkpt lat="50.243729" lon="14.317528">
				<ele>176.000000</ele>
			</trkpt>
			<trkpt lat="50.243540" lon="14.317933">
				<ele>176.000000</ele>
			</trkpt>
			<trkpt lat="50.243046" lon="14.319389">
				<ele>177.000000</ele>
			</trkpt>
			<trkpt lat="50.242994" lon="14.319559">
				<ele>177.000000</ele>
			</trkpt>
			<trkpt lat="50.242943" lon="14.319739">
				<ele>177.000000</ele>
			</trkpt>
			<trkpt lat="50.242879" lon="14.319792">
				<ele>177.000000</ele>
			</trkpt>
			<trkpt lat="50.242816" lon="14.319882">
				<ele>177.000000</ele>
			</trkpt>
			<trkpt lat="50.242764" lon="14.319981">
				<ele>177.000000</ele>
			</trkpt>
			<trkpt lat="50.242701" lon="14.320125">
				<ele>177.000000</ele>
			</trkpt>
			<trkpt lat="50.242523" lon="14.320520">
				<ele>177.000000</ele>
			</trkpt>
			<trkpt lat="50.242443" lon="14.320727">
				<ele>177.000000</ele>
			</trkpt>
			<trkpt lat="50.242397" lon="14.320870">
				<ele>177.000000</ele>
			</trkpt>
			<trkpt lat="50.242391" lon="14.320924">
				<ele>177.000000</ele>
			</trkpt>
			<trkpt lat="50.242391" lon="14.320970">
				<ele>177.000000</ele>
			</trkpt>
			<trkpt lat="50.242328" lon="14.321050">
				<ele>177.000000</ele>
			</trkpt>
			<trkpt lat="50.241937" lon="14.321930">
				<ele>177.000000</ele>
			</trkpt>
			<trkpt lat="50.241742" lon="14.322452">
				<ele>177.000000</ele>
			</trkpt>
			<trkpt lat="50.241523" lon="14.322981">
				<ele>177.000000</ele>
			</trkpt>
			<trkpt lat="50.241460" lon="14.323098">
				<ele>176.000000</ele>
			</trkpt>
			<trkpt lat="50.241288" lon="14.323295">
				<ele>175.000000</ele>
			</trkpt>
			<trkpt lat="50.241173" lon="14.323421">
				<ele>175.000000</ele>
			</trkpt>
			<trkpt lat="50.241127" lon="14.323494">
				<ele>175.000000</ele>
			</trkpt>
			<trkpt lat="50.241006" lon="14.323736">
				<ele>175.000000</ele>
			</trkpt>
			<trkpt lat="50.240782" lon="14.324213">
				<ele>174.000000</ele>
			</trkpt>
			<trkpt lat="50.240668" lon="14.324455">
				<ele>174.000000</ele>
			</trkpt>
			<trkpt lat="50.240087" lon="14.325641">
				<ele>173.000000</ele>
			</trkpt>
			<trkpt lat="50.239984" lon="14.325794">
				<ele>172.000000</ele>
			</trkpt>
			<trkpt lat="50.239926" lon="14.325855">
				<ele>172.000000</ele>
			</trkpt>
			<trkpt lat="50.239863" lon="14.325901">
				<ele>171.000000</ele>
			</trkpt>
			<trkpt lat="50.239760" lon="14.325981">
				<ele>170.000000</ele>
			</trkpt>
			<trkpt lat="50.239679" lon="14.326081">
				<ele>170.000000</ele>
			</trkpt>
			<trkpt lat="50.239605" lon="14.326207">
				<ele>170.000000</ele>
			</trkpt>
			<trkpt lat="50.239489" lon="14.326431">
				<ele>170.000000</ele>
			</trkpt>
			<trkpt lat="50.239145" lon="14.327159">
				<ele>170.000000</ele>
			</trkpt>
			<trkpt lat="50.238599" lon="14.328182">
				<ele>170.000000</ele>
			</trkpt>
			<trkpt lat="50.238467" lon="14.328444">
				<ele>170.000000</ele>
			</trkpt>
			<trkpt lat="50.238225" lon="14.328947">
				<ele>170.000000</ele>
			</trkpt>
			<trkpt lat="50.238105" lon="14.329207">
				<ele>170.000000</ele>
			</trkpt>
			<trkpt lat="50.238042" lon="14.329314">
				<ele>170.000000</ele>
			</trkpt>
			<trkpt lat="50.238008" lon="14.329413">
				<ele>170.000000</ele>
			</trkpt>
			<trkpt lat="50.237973" lon="14.329530">
				<ele>170.000000</ele>
			</trkpt>
			<trkpt lat="50.237938" lon="14.329700">
				<ele>171.000000</ele>
			</trkpt>
			<trkpt lat="50.237898" lon="14.329790">
				<ele>171.000000</ele>
			</trkpt>
			<trkpt lat="50.237875" lon="14.329889">
				<ele>171.000000</ele>
			</trkpt>
			<trkpt lat="50.237749" lon="14.330132">
				<ele>171.000000</ele>
			</trkpt>
			<trkpt lat="50.237330" lon="14.330887">
				<ele>171.000000</ele>
			</trkpt>
			<trkpt lat="50.237266" lon="14.331012">
				<ele>171.000000</ele>
			</trkpt>
			<trkpt lat="50.237226" lon="14.331067">
				<ele>170.000000</ele>
			</trkpt>
			<trkpt lat="50.236984" lon="14.331184">
				<ele>169.000000</ele>
			</trkpt>
			<trkpt lat="50.236784" lon="14.331327">
				<ele>169.000000</ele>
			</trkpt>
			<trkpt lat="50.236623" lon="14.331497">
				<ele>169.000000</ele>
			</trkpt>
			<trkpt lat="50.236444" lon="14.331723">
				<ele>169.000000</ele>
			</trkpt>
			<trkpt lat="50.236312" lon="14.331874">
				<ele>169.000000</ele>
			</trkpt>
			<trkpt lat="50.236042" lon="14.332180">
				<ele>170.000000</ele>
			</trkpt>
			<trkpt lat="50.235927" lon="14.332333">
				<ele>170.000000</ele>
			</trkpt>
			<trkpt lat="50.235554" lon="14.332826">
				<ele>170.000000</ele>
			</trkpt>
			<trkpt lat="50.235180" lon="14.333294">
				<ele>170.000000</ele>
			</trkpt>
			<trkpt lat="50.234112" lon="14.334543">
				<ele>169.000000</ele>
			</trkpt>
			<trkpt lat="50.233732" lon="14.335000">
				<ele>169.000000</ele>
			</trkpt>
			<trkpt lat="50.233233" lon="14.335612">
				<ele>170.000000</ele>
			</trkpt>
			<trkpt lat="50.233186" lon="14.335683">
				<ele>170.000000</ele>
			</trkpt>
			<trkpt lat="50.233157" lon="14.335765">
				<ele>170.000000</ele>
			</trkpt>
			<trkpt lat="50.233157" lon="14.335845">
				<ele>170.000000</ele>
			</trkpt>
			<trkpt lat="50.233186" lon="14.335918">
				<ele>170.000000</ele>
			</trkpt>
			<trkpt lat="50.233278" lon="14.336069">
				<ele>171.000000</ele>
			</trkpt>
			<trkpt lat="50.233221" lon="14.336069">
				<ele>170.000000</ele>
			</trkpt>
			<trkpt lat="50.233181" lon="14.336097">
				<ele>170.000000</ele>
			</trkpt>
			<trkpt lat="50.233123" lon="14.336142">
				<ele>170.000000</ele>
			</trkpt>
			<trkpt lat="50.233072" lon="14.336214">
				<ele>170.000000</ele>
			</trkpt>
			<trkpt lat="50.232985" lon="14.336367">
				<ele>170.000000</ele>
			</trkpt>
			<trkpt lat="50.232848" lon="14.336627">
				<ele>171.000000</ele>
			</trkpt>
			<trkpt lat="50.232612" lon="14.337121">
				<ele>171.000000</ele>
			</trkpt>
			<trkpt lat="50.232468" lon="14.337390">
				<ele>171.000000</ele>
			</trkpt>
			<trkpt lat="50.232405" lon="14.337516">
				<ele>170.000000</ele>
			</trkpt>
			<trkpt lat="50.232370" lon="14.337624">
				<ele>170.000000</ele>
			</trkpt>
			<trkpt lat="50.232342" lon="14.337767">
				<ele>171.000000</ele>
			</trkpt>
			<trkpt lat="50.232336" lon="14.337939">
				<ele>171.000000</ele>
			</trkpt>
			<trkpt lat="50.232336" lon="14.338118">
				<ele>171.000000</ele>
			</trkpt>
			<trkpt lat="50.232347" lon="14.338289">
				<ele>171.000000</ele>
			</trkpt>
			<trkpt lat="50.232410" lon="14.338818">
				<ele>171.000000</ele>
			</trkpt>
			<trkpt lat="50.232434" lon="14.339115">
				<ele>172.000000</ele>
			</trkpt>
			<trkpt lat="50.232434" lon="14.339321">
				<ele>172.000000</ele>
			</trkpt>
			<trkpt lat="50.232416" lon="14.339528">
				<ele>172.000000</ele>
			</trkpt>
			<trkpt lat="50.232370" lon="14.339771">
				<ele>173.000000</ele>
			</trkpt>
			<trkpt lat="50.232313" lon="14.339987">
				<ele>173.000000</ele>
			</trkpt>
			<trkpt lat="50.232296" lon="14.340094">
				<ele>173.000000</ele>
			</trkpt>
			<trkpt lat="50.232284" lon="14.340211">
				<ele>173.000000</ele>
			</trkpt>
			<trkpt lat="50.232284" lon="14.340319">
				<ele>173.000000</ele>
			</trkpt>
			<trkpt lat="50.232325" lon="14.340813">
				<ele>173.000000</ele>
			</trkpt>
			<trkpt lat="50.232382" lon="14.340966">
				<ele>174.000000</ele>
			</trkpt>
			<trkpt lat="50.232451" lon="14.341092">
				<ele>175.000000</ele>
			</trkpt>
			<trkpt lat="50.232514" lon="14.341182">
				<ele>177.000000</ele>
			</trkpt>
			<trkpt lat="50.232560" lon="14.341226">
				<ele>178.000000</ele>
			</trkpt>
			<trkpt lat="50.232571" lon="14.341235">
				<ele>178.000000</ele>
			</trkpt>
			<trkpt lat="50.232571" lon="14.341235">
				<ele>178.000000</ele>
			</trkpt>
			<trkpt lat="50.232624" lon="14.341281">
				<ele>179.000000</ele>
			</trkpt>
			<trkpt lat="50.232687" lon="14.341308">
				<ele>180.000000</ele>
			</trkpt>
			<trkpt lat="50.232767" lon="14.341325">
				<ele>182.000000</ele>
			</trkpt>
			<trkpt lat="50.232864" lon="14.341325">
				<ele>183.000000</ele>
			</trkpt>
			<trkpt lat="50.232974" lon="14.341432">
				<ele>184.000000</ele>
			</trkpt>
			<trkpt lat="50.233060" lon="14.341837">
				<ele>185.000000</ele>
			</trkpt>
			<trkpt lat="50.232917" lon="14.342107">
				<ele>187.000000</ele>
			</trkpt>
			<trkpt lat="50.232864" lon="14.342233">
				<ele>188.000000</ele>
			</trkpt>
			<trkpt lat="50.232721" lon="14.342547">
				<ele>192.000000</ele>
			</trkpt>
			<trkpt lat="50.232675" lon="14.342654">
				<ele>193.000000</ele>
			</trkpt>
			<trkpt lat="50.232640" lon="14.342771">
				<ele>194.000000</ele>
			</trkpt>
			<trkpt lat="50.232549" lon="14.342556">
				<ele>194.000000</ele>
			</trkpt>
			<trkpt lat="50.232497" lon="14.342430">
				<ele>193.000000</ele>
			</trkpt>
			<trkpt lat="50.232451" lon="14.342376">
				<ele>193.000000</ele>
			</trkpt>
			<trkpt lat="50.232330" lon="14.342250">
				<ele>192.000000</ele>
			</trkpt>
			<trkpt lat="50.232325" lon="14.342250">
				<ele>192.000000</ele>
			</trkpt>
			<trkpt lat="50.232296" lon="14.342295">
				<ele>192.000000</ele>
			</trkpt>
			<trkpt lat="50.232215" lon="14.342493">
				<ele>191.000000</ele>
			</trkpt>
			<trkpt lat="50.232146" lon="14.342646">
				<ele>188.000000</ele>
			</trkpt>
			<trkpt lat="50.232095" lon="14.342709">
				<ele>186.000000</ele>
			</trkpt>
			<trkpt lat="50.232003" lon="14.342807">
				<ele>183.000000</ele>
			</trkpt>
			<trkpt lat="50.231985" lon="14.342690">
				<ele>183.000000</ele>
			</trkpt>
			<trkpt lat="50.231985" lon="14.342556">
				<ele>183.000000</ele>
			</trkpt>
			<trkpt lat="50.231882" lon="14.342583">
				<ele>180.000000</ele>
			</trkpt>
			<trkpt lat="50.231824" lon="14.342574">
				<ele>179.000000</ele>
			</trkpt>
			<trkpt lat="50.231761" lon="14.342556">
				<ele>178.000000</ele>
			</trkpt>
			<trkpt lat="50.231704" lon="14.342529">
				<ele>178.000000</ele>
			</trkpt>
			<trkpt lat="50.231652" lon="14.342474">
				<ele>177.000000</ele>
			</trkpt>
			<trkpt lat="50.231543" lon="14.342367">
				<ele>175.000000</ele>
			</trkpt>
			<trkpt lat="50.231486" lon="14.342277">
				<ele>174.000000</ele>
			</trkpt>
			<trkpt lat="50.231439" lon="14.342197">
				<ele>174.000000</ele>
			</trkpt>
			<trkpt lat="50.231405" lon="14.342097">
				<ele>173.000000</ele>
			</trkpt>
			<trkpt lat="50.231193" lon="14.342511">
				<ele>174.000000</ele>
			</trkpt>
			<trkpt lat="50.231026" lon="14.342879">
				<ele>174.000000</ele>
			</trkpt>
			<trkpt lat="50.230865" lon="14.343239">
				<ele>175.000000</ele>
			</trkpt>
			<trkpt lat="50.230692" lon="14.343606">
				<ele>174.000000</ele>
			</trkpt>
			<trkpt lat="50.230629" lon="14.343732">
				<ele>173.000000</ele>
			</trkpt>
			<trkpt lat="50.230578" lon="14.343805">
				<ele>173.000000</ele>
			</trkpt>
			<trkpt lat="50.230514" lon="14.343868">
				<ele>172.000000</ele>
			</trkpt>
			<trkpt lat="50.230446" lon="14.343876">
				<ele>171.000000</ele>
			</trkpt>
			<trkpt lat="50.230411" lon="14.343992">
				<ele>171.000000</ele>
			</trkpt>
			<trkpt lat="50.230348" lon="14.344227">
				<ele>171.000000</ele>
			</trkpt>
			<trkpt lat="50.230279" lon="14.344451">
				<ele>171.000000</ele>
			</trkpt>
			<trkpt lat="50.230084" lon="14.344981">
				<ele>171.000000</ele>
			</trkpt>
			<trkpt lat="50.229928" lon="14.345367">
				<ele>170.000000</ele>
			</trkpt>
			<trkpt lat="50.229796" lon="14.345736">
				<ele>170.000000</ele>
			</trkpt>
			<trkpt lat="50.229681" lon="14.346105">
				<ele>171.000000</ele>
			</trkpt>
			<trkpt lat="50.229566" lon="14.346508">
				<ele>171.000000</ele>
			</trkpt>
			<trkpt lat="50.229411" lon="14.347101">
				<ele>172.000000</ele>
			</trkpt>
			<trkpt lat="50.229285" lon="14.347514">
				<ele>171.000000</ele>
			</trkpt>
			<trkpt lat="50.229233" lon="14.347667">
				<ele>171.000000</ele>
			</trkpt>
			<trkpt lat="50.229164" lon="14.347820">
				<ele>171.000000</ele>
			</trkpt>
			<trkpt lat="50.229055" lon="14.348071">
				<ele>171.000000</ele>
			</trkpt>
			<trkpt lat="50.228957" lon="14.348386">
				<ele>172.000000</ele>
			</trkpt>
			<trkpt lat="50.228819" lon="14.348808">
				<ele>172.000000</ele>
			</trkpt>
			<trkpt lat="50.228693" lon="14.349086">
				<ele>172.000000</ele>
			</trkpt>
			<trkpt lat="50.228624" lon="14.349231">
				<ele>172.000000</ele>
			</trkpt>
			<trkpt lat="50.228549" lon="14.349348">
				<ele>172.000000</ele>
			</trkpt>
			<trkpt lat="50.228469" lon="14.349472">
				<ele>172.000000</ele>
			</trkpt>
			<trkpt lat="50.228354" lon="14.349617">
				<ele>171.000000</ele>
			</trkpt>
			<trkpt lat="50.227963" lon="14.350057">
				<ele>171.000000</ele>
			</trkpt>
			<trkpt lat="50.227388" lon="14.350631">
				<ele>171.000000</ele>
			</trkpt>
			<trkpt lat="50.227147" lon="14.350874">
				<ele>171.000000</ele>
			</trkpt>
			<trkpt lat="50.226923" lon="14.351135">
				<ele>171.000000</ele>
			</trkpt>
			<trkpt lat="50.226744" lon="14.351332">
				<ele>171.000000</ele>
			</trkpt>
			<trkpt lat="50.226636" lon="14.351458">
				<ele>171.000000</ele>
			</trkpt>
			<trkpt lat="50.226572" lon="14.351548">
				<ele>172.000000</ele>
			</trkpt>
			<trkpt lat="50.226515" lon="14.351602">
				<ele>172.000000</ele>
			</trkpt>
			<trkpt lat="50.226440" lon="14.351629">
				<ele>171.000000</ele>
			</trkpt>
			<trkpt lat="50.226359" lon="14.351656">
				<ele>171.000000</ele>
			</trkpt>
			<trkpt lat="50.226262" lon="14.351692">
				<ele>171.000000</ele>
			</trkpt>
			<trkpt lat="50.226118" lon="14.351745">
				<ele>170.000000</ele>
			</trkpt>
			<trkpt lat="50.225981" lon="14.351835">
				<ele>170.000000</ele>
			</trkpt>
			<trkpt lat="50.225820" lon="14.351934">
				<ele>170.000000</ele>
			</trkpt>
			<trkpt lat="50.225624" lon="14.352032">
				<ele>170.000000</ele>
			</trkpt>
			<trkpt lat="50.224790" lon="14.352384">
				<ele>170.000000</ele>
			</trkpt>
			<trkpt lat="50.223882" lon="14.352734">
				<ele>170.000000</ele>
			</trkpt>
			<trkpt lat="50.222968" lon="14.353048">
				<ele>171.000000</ele>
			</trkpt>
			<trkpt lat="50.222492" lon="14.353200">
				<ele>171.000000</ele>
			</trkpt>
			<trkpt lat="50.222043" lon="14.353317">
				<ele>171.000000</ele>
			</trkpt>
			<trkpt lat="50.221613" lon="14.353407">
				<ele>171.000000</ele>
			</trkpt>
			<trkpt lat="50.220940" lon="14.353497">
				<ele>171.000000</ele>
			</trkpt>
			<trkpt lat="50.219905" lon="14.353650">
				<ele>171.000000</ele>
			</trkpt>
			<trkpt lat="50.219382" lon="14.353713">
				<ele>171.000000</ele>
			</trkpt>
			<trkpt lat="50.218824" lon="14.353749">
				<ele>171.000000</ele>
			</trkpt>
			<trkpt lat="50.218238" lon="14.353776">
				<ele>171.000000</ele>
			</trkpt>
			<trkpt lat="50.217991" lon="14.353776">
				<ele>171.000000</ele>
			</trkpt>
			<trkpt lat="50.217686" lon="14.353820">
				<ele>171.000000</ele>
			</trkpt>
			<trkpt lat="50.217566" lon="14.353820">
				<ele>171.000000</ele>
			</trkpt>
			<trkpt lat="50.217387" lon="14.353856">
				<ele>171.000000</ele>
			</trkpt>
			<trkpt lat="50.217261" lon="14.353883">
				<ele>171.000000</ele>
			</trkpt>
			<trkpt lat="50.217146" lon="14.353929">
				<ele>171.000000</ele>
			</trkpt>
			<trkpt lat="50.217020" lon="14.354000">
				<ele>171.000000</ele>
			</trkpt>
			<trkpt lat="50.216508" lon="14.354269">
				<ele>173.000000</ele>
			</trkpt>
			<trkpt lat="50.215997" lon="14.354548">
				<ele>174.000000</ele>
			</trkpt>
			<trkpt lat="50.215991" lon="14.354548">
				<ele>174.000000</ele>
			</trkpt>
			<trkpt lat="50.215991" lon="14.354548">
				<ele>174.000000</ele>
			</trkpt>
			<trkpt lat="50.213927" lon="14.355545">
				<ele>175.000000</ele>
			</trkpt>
			<trkpt lat="50.213519" lon="14.355724">
				<ele>175.000000</ele>
			</trkpt>
			<trkpt lat="50.213323" lon="14.355842">
				<ele>175.000000</ele>
			</trkpt>
			<trkpt lat="50.213117" lon="14.355959">
				<ele>174.000000</ele>
			</trkpt>
			<trkpt lat="50.212892" lon="14.356120">
				<ele>175.000000</ele>
			</trkpt>
			<trkpt lat="50.212616" lon="14.356327">
				<ele>174.000000</ele>
			</trkpt>
			<trkpt lat="50.212312" lon="14.356560">
				<ele>174.000000</ele>
			</trkpt>
			<trkpt lat="50.212024" lon="14.356812">
				<ele>174.000000</ele>
			</trkpt>
			<trkpt lat="50.211714" lon="14.357118">
				<ele>175.000000</ele>
			</trkpt>
			<trkpt lat="50.211202" lon="14.357621">
				<ele>175.000000</ele>
			</trkpt>
			<trkpt lat="50.210443" lon="14.358374">
				<ele>175.000000</ele>
			</trkpt>
			<trkpt lat="50.210058" lon="14.358779">
				<ele>175.000000</ele>
			</trkpt>
			<trkpt lat="50.209645" lon="14.359219">
				<ele>176.000000</ele>
			</trkpt>
			<trkpt lat="50.209322" lon="14.359588">
				<ele>177.000000</ele>
			</trkpt>
			<trkpt lat="50.209029" lon="14.359938">
				<ele>176.000000</ele>
			</trkpt>
			<trkpt lat="50.208701" lon="14.360361">
				<ele>176.000000</ele>
			</trkpt>
			<trkpt lat="50.208385" lon="14.360774">
				<ele>176.000000</ele>
			</trkpt>
			<trkpt lat="50.207885" lon="14.361483">
				<ele>177.000000</ele>
			</trkpt>
			<trkpt lat="50.207753" lon="14.361653">
				<ele>178.000000</ele>
			</trkpt>
			<trkpt lat="50.207442" lon="14.362005">
				<ele>179.000000</ele>
			</trkpt>
			<trkpt lat="50.207333" lon="14.362156">
				<ele>179.000000</ele>
			</trkpt>
			<trkpt lat="50.207235" lon="14.362328">
				<ele>181.000000</ele>
			</trkpt>
			<trkpt lat="50.207155" lon="14.362516">
				<ele>182.000000</ele>
			</trkpt>
			<trkpt lat="50.207092" lon="14.362714">
				<ele>182.000000</ele>
			</trkpt>
			<trkpt lat="50.207034" lon="14.362921">
				<ele>178.000000</ele>
			</trkpt>
			<trkpt lat="50.206988" lon="14.363047">
				<ele>176.000000</ele>
			</trkpt>
			<trkpt lat="50.206936" lon="14.363164">
				<ele>175.000000</ele>
			</trkpt>
			<trkpt lat="50.206873" lon="14.363261">
				<ele>175.000000</ele>
			</trkpt>
			<trkpt lat="50.206718" lon="14.363460">
				<ele>175.000000</ele>
			</trkpt>
			<trkpt lat="50.206569" lon="14.363603">
				<ele>174.000000</ele>
			</trkpt>
			<trkpt lat="50.206212" lon="14.363900">
				<ele>173.000000</ele>
			</trkpt>
			<trkpt lat="50.206040" lon="14.364026">
				<ele>173.000000</ele>
			</trkpt>
			<trkpt lat="50.205884" lon="14.364124">
				<ele>173.000000</ele>
			</trkpt>
			<trkpt lat="50.205735" lon="14.364214">
				<ele>173.000000</ele>
			</trkpt>
			<trkpt lat="50.205574" lon="14.364286">
				<ele>173.000000</ele>
			</trkpt>
			<trkpt lat="50.205177" lon="14.364430">
				<ele>173.000000</ele>
			</trkpt>
			<trkpt lat="50.204682" lon="14.364609">
				<ele>173.000000</ele>
			</trkpt>
			<trkpt lat="50.204504" lon="14.364627">
				<ele>173.000000</ele>
			</trkpt>
			<trkpt lat="50.204424" lon="14.364655">
				<ele>173.000000</ele>
			</trkpt>
			<trkpt lat="50.204378" lon="14.364682">
				<ele>173.000000</ele>
			</trkpt>
			<trkpt lat="50.204234" lon="14.364825">
				<ele>173.000000</ele>
			</trkpt>
			<trkpt lat="50.204234" lon="14.364825">
				<ele>173.000000</ele>
			</trkpt>
			<trkpt lat="50.204234" lon="14.364825">
				<ele>173.000000</ele>
			</trkpt>
			<trkpt lat="50.204234" lon="14.364825">
				<ele>173.000000</ele>
			</trkpt>
			<trkpt lat="50.204326" lon="14.364986">
				<ele>174.000000</ele>
			</trkpt>
			<trkpt lat="50.204907" lon="14.366101">
				<ele>177.000000</ele>
			</trkpt>
			<trkpt lat="50.205079" lon="14.366477">
				<ele>178.000000</ele>
			</trkpt>
			<trkpt lat="50.205263" lon="14.366856">
				<ele>179.000000</ele>
			</trkpt>
			<trkpt lat="50.205464" lon="14.367269">
				<ele>180.000000</ele>
			</trkpt>
			<trkpt lat="50.205430" lon="14.367286">
				<ele>181.000000</ele>
			</trkpt>
			<trkpt lat="50.205384" lon="14.367286">
				<ele>181.000000</ele>
			</trkpt>
			<trkpt lat="50.205327" lon="14.367259">
				<ele>181.000000</ele>
			</trkpt>
			<trkpt lat="50.205258" lon="14.367187">
				<ele>182.000000</ele>
			</trkpt>
			<trkpt lat="50.204988" lon="14.366900">
				<ele>184.000000</ele>
			</trkpt>
			<trkpt lat="50.204786" lon="14.366963">
				<ele>186.000000</ele>
			</trkpt>
			<trkpt lat="50.204637" lon="14.367035">
				<ele>188.000000</ele>
			</trkpt>
			<trkpt lat="50.204510" lon="14.367116">
				<ele>189.000000</ele>
			</trkpt>
			<trkpt lat="50.204367" lon="14.367259">
				<ele>191.000000</ele>
			</trkpt>
			<trkpt lat="50.204274" lon="14.367359">
				<ele>192.000000</ele>
			</trkpt>
			<trkpt lat="50.204222" lon="14.367439">
				<ele>193.000000</ele>
			</trkpt>
			<trkpt lat="50.204194" lon="14.367538">
				<ele>194.000000</ele>
			</trkpt>
			<trkpt lat="50.204200" lon="14.367655">
				<ele>195.000000</ele>
			</trkpt>
			<trkpt lat="50.204217" lon="14.367699">
				<ele>196.000000</ele>
			</trkpt>
			<trkpt lat="50.204251" lon="14.367726">
				<ele>197.000000</ele>
			</trkpt>
			<trkpt lat="50.204298" lon="14.367726">
				<ele>197.000000</ele>
			</trkpt>
			<trkpt lat="50.204412" lon="14.367682">
				<ele>197.000000</ele>
			</trkpt>
			<trkpt lat="50.204521" lon="14.367664">
				<ele>199.000000</ele>
			</trkpt>
			<trkpt lat="50.204717" lon="14.367672">
				<ele>201.000000</ele>
			</trkpt>
			<trkpt lat="50.204798" lon="14.367691">
				<ele>201.000000</ele>
			</trkpt>
			<trkpt lat="50.204884" lon="14.367745">
				<ele>202.000000</ele>
			</trkpt>
			<trkpt lat="50.204953" lon="14.367852">
				<ele>204.000000</ele>
			</trkpt>
			<trkpt lat="50.205062" lon="14.368051">
				<ele>206.000000</ele>
			</trkpt>
			<trkpt lat="50.205154" lon="14.368211">
				<ele>207.000000</ele>
			</trkpt>
			<trkpt lat="50.205246" lon="14.368355">
				<ele>209.000000</ele>
			</trkpt>
			<trkpt lat="50.205355" lon="14.368464">
				<ele>210.000000</ele>
			</trkpt>
			<trkpt lat="50.205516" lon="14.368634">
				<ele>214.000000</ele>
			</trkpt>
			<trkpt lat="50.205643" lon="14.368768">
				<ele>220.000000</ele>
			</trkpt>
			<trkpt lat="50.205694" lon="14.368850">
				<ele>222.000000</ele>
			</trkpt>
			<trkpt lat="50.205735" lon="14.368921">
				<ele>223.000000</ele>
			</trkpt>
			<trkpt lat="50.205758" lon="14.368993">
				<ele>223.000000</ele>
			</trkpt>
			<trkpt lat="50.205781" lon="14.369093">
				<ele>224.000000</ele>
			</trkpt>
			<trkpt lat="50.205815" lon="14.369290">
				<ele>224.000000</ele>
			</trkpt>
			<trkpt lat="50.205826" lon="14.369443">
				<ele>225.000000</ele>
			</trkpt>
			<trkpt lat="50.205826" lon="14.369595">
				<ele>225.000000</ele>
			</trkpt>
			<trkpt lat="50.205804" lon="14.370196">
				<ele>231.000000</ele>
			</trkpt>
			<trkpt lat="50.205786" lon="14.370395">
				<ele>233.000000</ele>
			</trkpt>
			<trkpt lat="50.205769" lon="14.370475">
				<ele>234.000000</ele>
			</trkpt>
			<trkpt lat="50.205741" lon="14.370565">
				<ele>235.000000</ele>
			</trkpt>
			<trkpt lat="50.205718" lon="14.370638">
				<ele>235.000000</ele>
			</trkpt>
			<trkpt lat="50.205671" lon="14.370718">
				<ele>236.000000</ele>
			</trkpt>
			<trkpt lat="50.205556" lon="14.370871">
				<ele>238.000000</ele>
			</trkpt>
			<trkpt lat="50.205419" lon="14.371014">
				<ele>242.000000</ele>
			</trkpt>
			<trkpt lat="50.205350" lon="14.371059">
				<ele>243.000000</ele>
			</trkpt>
			<trkpt lat="50.205275" lon="14.371104">
				<ele>244.000000</ele>
			</trkpt>
			<trkpt lat="50.205108" lon="14.371158">
				<ele>246.000000</ele>
			</trkpt>
			<trkpt lat="50.204827" lon="14.371203">
				<ele>249.000000</ele>
			</trkpt>
			<trkpt lat="50.204435" lon="14.371284">
				<ele>255.000000</ele>
			</trkpt>
			<trkpt lat="50.204182" lon="14.371338">
				<ele>256.000000</ele>
			</trkpt>
			<trkpt lat="50.203912" lon="14.371410">
				<ele>258.000000</ele>
			</trkpt>
			<trkpt lat="50.203642" lon="14.371517">
				<ele>259.000000</ele>
			</trkpt>
			<trkpt lat="50.203590" lon="14.371544">
				<ele>259.000000</ele>
			</trkpt>
			<trkpt lat="50.203556" lon="14.371590">
				<ele>259.000000</ele>
			</trkpt>
			<trkpt lat="50.203516" lon="14.371670">
				<ele>259.000000</ele>
			</trkpt>
			<trkpt lat="50.203498" lon="14.371769">
				<ele>259.000000</ele>
			</trkpt>
			<trkpt lat="50.203498" lon="14.371894">
				<ele>259.000000</ele>
			</trkpt>
			<trkpt lat="50.203510" lon="14.372020">
				<ele>259.000000</ele>
			</trkpt>
			<trkpt lat="50.203538" lon="14.372146">
				<ele>259.000000</ele>
			</trkpt>
			<trkpt lat="50.203573" lon="14.372299">
				<ele>260.000000</ele>
			</trkpt>
			<trkpt lat="50.203648" lon="14.372569">
				<ele>262.000000</ele>
			</trkpt>
			<trkpt lat="50.203665" lon="14.372695">
				<ele>262.000000</ele>
			</trkpt>
			<trkpt lat="50.203677" lon="14.372802">
				<ele>262.000000</ele>
			</trkpt>
			<trkpt lat="50.203671" lon="14.372901">
				<ele>263.000000</ele>
			</trkpt>
			<trkpt lat="50.203659" lon="14.372999">
				<ele>263.000000</ele>
			</trkpt>
			<trkpt lat="50.203630" lon="14.373098">
				<ele>264.000000</ele>
			</trkpt>
			<trkpt lat="50.203596" lon="14.373179">
				<ele>265.000000</ele>
			</trkpt>
			<trkpt lat="50.203475" lon="14.373448">
				<ele>267.000000</ele>
			</trkpt>
			<trkpt lat="50.203262" lon="14.373997">
				<ele>270.000000</ele>
			</trkpt>
			<trkpt lat="50.203067" lon="14.374454">
				<ele>272.000000</ele>
			</trkpt>
			<trkpt lat="50.202877" lon="14.374427">
				<ele>273.000000</ele>
			</trkpt>
			<trkpt lat="50.202814" lon="14.374427">
				<ele>273.000000</ele>
			</trkpt>
			<trkpt lat="50.202751" lon="14.374437">
				<ele>274.000000</ele>
			</trkpt>
			<trkpt lat="50.202664" lon="14.374833">
				<ele>275.000000</ele>
			</trkpt>
			<trkpt lat="50.202572" lon="14.375326">
				<ele>275.000000</ele>
			</trkpt>
			<trkpt lat="50.202469" lon="14.376001">
				<ele>274.000000</ele>
			</trkpt>
			<trkpt lat="50.202228" lon="14.377276">
				<ele>272.000000</ele>
			</trkpt>
			<trkpt lat="50.202193" lon="14.377491">
				<ele>272.000000</ele>
			</trkpt>
			<trkpt lat="50.202141" lon="14.377913">
				<ele>272.000000</ele>
			</trkpt>
			<trkpt lat="50.202083" lon="14.378165">
				<ele>272.000000</ele>
			</trkpt>
			<trkpt lat="50.201877" lon="14.379009">
				<ele>274.000000</ele>
			</trkpt>
			<trkpt lat="50.201434" lon="14.380914">
				<ele>276.000000</ele>
			</trkpt>
			<trkpt lat="50.201227" lon="14.381777">
				<ele>277.000000</ele>
			</trkpt>
			<trkpt lat="50.201037" lon="14.382433">
				<ele>277.000000</ele>
			</trkpt>
			<trkpt lat="50.200824" lon="14.383088">
				<ele>277.000000</ele>
			</trkpt>
			<trkpt lat="50.200790" lon="14.383169">
				<ele>277.000000</ele>
			</trkpt>
			<trkpt lat="50.200772" lon="14.383249">
				<ele>277.000000</ele>
			</trkpt>
			<trkpt lat="50.200767" lon="14.383349">
				<ele>277.000000</ele>
			</trkpt>
			<trkpt lat="50.200738" lon="14.383591">
				<ele>277.000000</ele>
			</trkpt>
			<trkpt lat="50.200703" lon="14.383744">
				<ele>276.000000</ele>
			</trkpt>
			<trkpt lat="50.200698" lon="14.383815">
				<ele>276.000000</ele>
			</trkpt>
			<trkpt lat="50.200687" lon="14.383914">
				<ele>276.000000</ele>
			</trkpt>
			<trkpt lat="50.200687" lon="14.384165">
				<ele>275.000000</ele>
			</trkpt>
			<trkpt lat="50.200663" lon="14.384570">
				<ele>274.000000</ele>
			</trkpt>
			<trkpt lat="50.200629" lon="14.384875">
				<ele>273.000000</ele>
			</trkpt>
			<trkpt lat="50.200531" lon="14.385441">
				<ele>271.000000</ele>
			</trkpt>
			<trkpt lat="50.200491" lon="14.385836">
				<ele>271.000000</ele>
			</trkpt>
			<trkpt lat="50.200473" lon="14.385972">
				<ele>271.000000</ele>
			</trkpt>
			<trkpt lat="50.200445" lon="14.386070">
				<ele>271.000000</ele>
			</trkpt>
			<trkpt lat="50.200404" lon="14.386169">
				<ele>272.000000</ele>
			</trkpt>
			<trkpt lat="50.200359" lon="14.386241">
				<ele>272.000000</ele>
			</trkpt>
			<trkpt lat="50.200324" lon="14.386268">
				<ele>272.000000</ele>
			</trkpt>
			<trkpt lat="50.200284" lon="14.386304">
				<ele>273.000000</ele>
			</trkpt>
			<trkpt lat="50.200249" lon="14.386286">
				<ele>273.000000</ele>
			</trkpt>
			<trkpt lat="50.199887" lon="14.386151">
				<ele>275.000000</ele>
			</trkpt>
			<trkpt lat="50.199370" lon="14.385989">
				<ele>277.000000</ele>
			</trkpt>
			<trkpt lat="50.199140" lon="14.385909">
				<ele>277.000000</ele>
			</trkpt>
			<trkpt lat="50.199013" lon="14.385855">
				<ele>278.000000</ele>
			</trkpt>
			<trkpt lat="50.198869" lon="14.385746">
				<ele>279.000000</ele>
			</trkpt>
			<trkpt lat="50.198680" lon="14.385630">
				<ele>279.000000</ele>
			</trkpt>
			<trkpt lat="50.198387" lon="14.385496">
				<ele>280.000000</ele>
			</trkpt>
			<trkpt lat="50.198030" lon="14.385379">
				<ele>281.000000</ele>
			</trkpt>
			<trkpt lat="50.197702" lon="14.385297">
				<ele>282.000000</ele>
			</trkpt>
			<trkpt lat="50.197392" lon="14.385262">
				<ele>283.000000</ele>
			</trkpt>
			<trkpt lat="50.197035" lon="14.385234">
				<ele>283.000000</ele>
			</trkpt>
			<trkpt lat="50.196747" lon="14.385253">
				<ele>283.000000</ele>
			</trkpt>
			<trkpt lat="50.196396" lon="14.385297">
				<ele>283.000000</ele>
			</trkpt>
			<trkpt lat="50.196034" lon="14.385360">
				<ele>283.000000</ele>
			</trkpt>
			<trkpt lat="50.195155" lon="14.385540">
				<ele>284.000000</ele>
			</trkpt>
			<trkpt lat="50.194689" lon="14.385683">
				<ele>284.000000</ele>
			</trkpt>
			<trkpt lat="50.194320" lon="14.385773">
				<ele>284.000000</ele>
			</trkpt>
			<trkpt lat="50.193958" lon="14.385819">
				<ele>284.000000</ele>
			</trkpt>
			<trkpt lat="50.193556" lon="14.385836">
				<ele>284.000000</ele>
			</trkpt>
			<trkpt lat="50.193136" lon="14.385819">
				<ele>285.000000</ele>
			</trkpt>
			<trkpt lat="50.192889" lon="14.385765">
				<ele>285.000000</ele>
			</trkpt>
			<trkpt lat="50.192635" lon="14.385612">
				<ele>286.000000</ele>
			</trkpt>
			<trkpt lat="50.192555" lon="14.385540">
				<ele>286.000000</ele>
			</trkpt>
			<trkpt lat="50.192492" lon="14.385486">
				<ele>285.000000</ele>
			</trkpt>
			<trkpt lat="50.192429" lon="14.385406">
				<ele>285.000000</ele>
			</trkpt>
			<trkpt lat="50.192376" lon="14.385324">
				<ele>285.000000</ele>
			</trkpt>
			<trkpt lat="50.192331" lon="14.385207">
				<ele>285.000000</ele>
			</trkpt>
			<trkpt lat="50.192302" lon="14.385100">
				<ele>285.000000</ele>
			</trkpt>
			<trkpt lat="50.192210" lon="14.384731">
				<ele>285.000000</ele>
			</trkpt>
			<trkpt lat="50.192146" lon="14.384417">
				<ele>284.000000</ele>
			</trkpt>
			<trkpt lat="50.192089" lon="14.384094">
				<ele>284.000000</ele>
			</trkpt>
			<trkpt lat="50.192026" lon="14.383618">
				<ele>283.000000</ele>
			</trkpt>
			<trkpt lat="50.191762" lon="14.383636">
				<ele>281.000000</ele>
			</trkpt>
			<trkpt lat="50.191664" lon="14.383654">
				<ele>281.000000</ele>
			</trkpt>
			<trkpt lat="50.191577" lon="14.383708">
				<ele>281.000000</ele>
			</trkpt>
			<trkpt lat="50.191548" lon="14.383752">
				<ele>281.000000</ele>
			</trkpt>
			<trkpt lat="50.191532" lon="14.383779">
				<ele>281.000000</ele>
			</trkpt>
			<trkpt lat="50.191514" lon="14.383914">
				<ele>281.000000</ele>
			</trkpt>
			<trkpt lat="50.191503" lon="14.384012">
				<ele>281.000000</ele>
			</trkpt>
			<trkpt lat="50.191497" lon="14.384085">
				<ele>281.000000</ele>
			</trkpt>
			<trkpt lat="50.191468" lon="14.384130">
				<ele>281.000000</ele>
			</trkpt>
			<trkpt lat="50.191434" lon="14.384175">
				<ele>281.000000</ele>
			</trkpt>
			<trkpt lat="50.191129" lon="14.384175">
				<ele>280.000000</ele>
			</trkpt>
			<trkpt lat="50.190921" lon="14.384121">
				<ele>280.000000</ele>
			</trkpt>
			<trkpt lat="50.190858" lon="14.384085">
				<ele>280.000000</ele>
			</trkpt>
			<trkpt lat="50.190778" lon="14.384012">
				<ele>280.000000</ele>
			</trkpt>
			<trkpt lat="50.190703" lon="14.384067">
				<ele>280.000000</ele>
			</trkpt>
			<trkpt lat="50.190404" lon="14.383833">
				<ele>280.000000</ele>
			</trkpt>
			<trkpt lat="50.190341" lon="14.383806">
				<ele>280.000000</ele>
			</trkpt>
			<trkpt lat="50.190278" lon="14.383762">
				<ele>280.000000</ele>
			</trkpt>
			<trkpt lat="50.190220" lon="14.383752">
				<ele>280.000000</ele>
			</trkpt>
			<trkpt lat="50.190157" lon="14.383771">
				<ele>280.000000</ele>
			</trkpt>
			<trkpt lat="50.190082" lon="14.383806">
				<ele>280.000000</ele>
			</trkpt>
			<trkpt lat="50.190019" lon="14.383725">
				<ele>280.000000</ele>
			</trkpt>
			<trkpt lat="50.189973" lon="14.383672">
				<ele>280.000000</ele>
			</trkpt>
			<trkpt lat="50.189921" lon="14.383626">
				<ele>280.000000</ele>
			</trkpt>
			<trkpt lat="50.189858" lon="14.383618">
				<ele>280.000000</ele>
			</trkpt>
			<trkpt lat="50.189765" lon="14.383609">
				<ele>281.000000</ele>
			</trkpt>
			<trkpt lat="50.189058" lon="14.383572">
				<ele>283.000000</ele>
			</trkpt>
			<trkpt lat="50.188667" lon="14.383564">
				<ele>283.000000</ele>
			</trkpt>
			<trkpt lat="50.188104" lon="14.383501">
				<ele>284.000000</ele>
			</trkpt>
			<trkpt lat="50.188104" lon="14.383501">
				<ele>284.000000</ele>
			</trkpt>
			<trkpt lat="50.187850" lon="14.383475">
				<ele>284.000000</ele>
			</trkpt>
			<trkpt lat="50.187425" lon="14.383465">
				<ele>284.000000</ele>
			</trkpt>
			<trkpt lat="50.185504" lon="14.383375">
				<ele>282.000000</ele>
			</trkpt>
			<trkpt lat="50.184882" lon="14.383357">
				<ele>280.000000</ele>
			</trkpt>
			<trkpt lat="50.184198" lon="14.383330">
				<ele>278.000000</ele>
			</trkpt>
			<trkpt lat="50.184054" lon="14.383339">
				<ele>278.000000</ele>
			</trkpt>
			<trkpt lat="50.183910" lon="14.383385">
				<ele>277.000000</ele>
			</trkpt>
			<trkpt lat="50.183490" lon="14.383572">
				<ele>276.000000</ele>
			</trkpt>
			<trkpt lat="50.183398" lon="14.383599">
				<ele>276.000000</ele>
			</trkpt>
			<trkpt lat="50.183329" lon="14.383591">
				<ele>275.000000</ele>
			</trkpt>
			<trkpt lat="50.183272" lon="14.383564">
				<ele>275.000000</ele>
			</trkpt>
			<trkpt lat="50.183226" lon="14.383475">
				<ele>275.000000</ele>
			</trkpt>
			<trkpt lat="50.183077" lon="14.383438">
				<ele>275.000000</ele>
			</trkpt>
			<trkpt lat="50.182812" lon="14.383385">
				<ele>273.000000</ele>
			</trkpt>
			<trkpt lat="50.182680" lon="14.383349">
				<ele>272.000000</ele>
			</trkpt>
			<trkpt lat="50.182415" lon="14.383267">
				<ele>271.000000</ele>
			</trkpt>
			<trkpt lat="50.182219" lon="14.383213">
				<ele>270.000000</ele>
			</trkpt>
			<trkpt lat="50.181937" lon="14.383169">
				<ele>269.000000</ele>
			</trkpt>
			<trkpt lat="50.181627" lon="14.383186">
				<ele>268.000000</ele>
			</trkpt>
			<trkpt lat="50.181184" lon="14.383222">
				<ele>262.000000</ele>
			</trkpt>
			<trkpt lat="50.181086" lon="14.383213">
				<ele>260.000000</ele>
			</trkpt>
			<trkpt lat="50.181005" lon="14.383169">
				<ele>259.000000</ele>
			</trkpt>
			<trkpt lat="50.180925" lon="14.383106">
				<ele>258.000000</ele>
			</trkpt>
			<trkpt lat="50.180770" lon="14.382935">
				<ele>257.000000</ele>
			</trkpt>
			<trkpt lat="50.180390" lon="14.382593">
				<ele>254.000000</ele>
			</trkpt>
			<trkpt lat="50.180252" lon="14.382441">
				<ele>253.000000</ele>
			</trkpt>
			<trkpt lat="50.180119" lon="14.382261">
				<ele>252.000000</ele>
			</trkpt>
			<trkpt lat="50.180016" lon="14.382108">
				<ele>252.000000</ele>
			</trkpt>
			<trkpt lat="50.179936" lon="14.381956">
				<ele>252.000000</ele>
			</trkpt>
			<trkpt lat="50.179867" lon="14.381767">
				<ele>252.000000</ele>
			</trkpt>
			<trkpt lat="50.179798" lon="14.381561">
				<ele>252.000000</ele>
			</trkpt>
			<trkpt lat="50.179751" lon="14.381354">
				<ele>252.000000</ele>
			</trkpt>
			<trkpt lat="50.179659" lon="14.380806">
				<ele>252.000000</ele>
			</trkpt>
			<trkpt lat="50.179584" lon="14.380320">
				<ele>252.000000</ele>
			</trkpt>
			<trkpt lat="50.179492" lon="14.379530">
				<ele>253.000000</ele>
			</trkpt>
			<trkpt lat="50.179406" lon="14.378938">
				<ele>253.000000</ele>
			</trkpt>
			<trkpt lat="50.179325" lon="14.378462">
				<ele>254.000000</ele>
			</trkpt>
			<trkpt lat="50.179280" lon="14.378291">
				<ele>254.000000</ele>
			</trkpt>
			<trkpt lat="50.179222" lon="14.378120">
				<ele>254.000000</ele>
			</trkpt>
			<trkpt lat="50.179049" lon="14.377680">
				<ele>254.000000</ele>
			</trkpt>
			<trkpt lat="50.178957" lon="14.377473">
				<ele>255.000000</ele>
			</trkpt>
			<trkpt lat="50.178894" lon="14.377347">
				<ele>255.000000</ele>
			</trkpt>
			<trkpt lat="50.178831" lon="14.377230">
				<ele>255.000000</ele>
			</trkpt>
			<trkpt lat="50.178670" lon="14.377024">
				<ele>255.000000</ele>
			</trkpt>
			<trkpt lat="50.178532" lon="14.376898">
				<ele>255.000000</ele>
			</trkpt>
			<trkpt lat="50.178215" lon="14.376584">
				<ele>255.000000</ele>
			</trkpt>
			<trkpt lat="50.177847" lon="14.376171">
				<ele>255.000000</ele>
			</trkpt>
			<trkpt lat="50.177341" lon="14.375695">
				<ele>256.000000</ele>
			</trkpt>
			<trkpt lat="50.177134" lon="14.375488">
				<ele>256.000000</ele>
			</trkpt>
			<trkpt lat="50.176950" lon="14.375282">
				<ele>255.000000</ele>
			</trkpt>
			<trkpt lat="50.176604" lon="14.374850">
				<ele>254.000000</ele>
			</trkpt>
			<trkpt lat="50.176506" lon="14.374743">
				<ele>253.000000</ele>
			</trkpt>
			<trkpt lat="50.176478" lon="14.374716">
				<ele>253.000000</ele>
			</trkpt>
			<trkpt lat="50.176426" lon="14.374617">
				<ele>253.000000</ele>
			</trkpt>
			<trkpt lat="50.176397" lon="14.374599">
				<ele>253.000000</ele>
			</trkpt>
			<trkpt lat="50.176300" lon="14.374544">
				<ele>252.000000</ele>
			</trkpt>
			<trkpt lat="50.176265" lon="14.374509">
				<ele>251.000000</ele>
			</trkpt>
			<trkpt lat="50.176219" lon="14.374437">
				<ele>250.000000</ele>
			</trkpt>
			<trkpt lat="50.176144" lon="14.374303">
				<ele>249.000000</ele>
			</trkpt>
			<trkpt lat="50.176116" lon="14.374257">
				<ele>248.000000</ele>
			</trkpt>
			<trkpt lat="50.176093" lon="14.374257">
				<ele>248.000000</ele>
			</trkpt>
			<trkpt lat="50.176018" lon="14.374330">
				<ele>245.000000</ele>
			</trkpt>
			<trkpt lat="50.175955" lon="14.374427">
				<ele>243.000000</ele>
			</trkpt>
			<trkpt lat="50.175851" lon="14.374626">
				<ele>240.000000</ele>
			</trkpt>
			<trkpt lat="50.175822" lon="14.374697">
				<ele>239.000000</ele>
			</trkpt>
			<trkpt lat="50.175799" lon="14.374779">
				<ele>238.000000</ele>
			</trkpt>
			<trkpt lat="50.175736" lon="14.375048">
				<ele>236.000000</ele>
			</trkpt>
			<trkpt lat="50.175719" lon="14.375173">
				<ele>235.000000</ele>
			</trkpt>
			<trkpt lat="50.175701" lon="14.375309">
				<ele>233.000000</ele>
			</trkpt>
			<trkpt lat="50.175696" lon="14.375551">
				<ele>231.000000</ele>
			</trkpt>
			<trkpt lat="50.175696" lon="14.375695">
				<ele>230.000000</ele>
			</trkpt>
			<trkpt lat="50.175667" lon="14.375793">
				<ele>229.000000</ele>
			</trkpt>
			<trkpt lat="50.175603" lon="14.375982">
				<ele>227.000000</ele>
			</trkpt>
			<trkpt lat="50.175517" lon="14.376144">
				<ele>225.000000</ele>
			</trkpt>
			<trkpt lat="50.175465" lon="14.376215">
				<ele>224.000000</ele>
			</trkpt>
			<trkpt lat="50.175385" lon="14.376242">
				<ele>222.000000</ele>
			</trkpt>
			<trkpt lat="50.175275" lon="14.376288">
				<ele>222.000000</ele>
			</trkpt>
			<trkpt lat="50.175212" lon="14.376297">
				<ele>221.000000</ele>
			</trkpt>
			<trkpt lat="50.174971" lon="14.376305">
				<ele>217.000000</ele>
			</trkpt>
			<trkpt lat="50.174666" lon="14.376297">
				<ele>212.000000</ele>
			</trkpt>
			<trkpt lat="50.174481" lon="14.376494">
				<ele>210.000000</ele>
			</trkpt>
			<trkpt lat="50.174349" lon="14.376628">
				<ele>209.000000</ele>
			</trkpt>
			<trkpt lat="50.174269" lon="14.376746">
				<ele>208.000000</ele>
			</trkpt>
			<trkpt lat="50.174205" lon="14.376863">
				<ele>207.000000</ele>
			</trkpt>
			<trkpt lat="50.174154" lon="14.377014">
				<ele>207.000000</ele>
			</trkpt>
			<trkpt lat="50.174119" lon="14.377114">
				<ele>206.000000</ele>
			</trkpt>
			<trkpt lat="50.174084" lon="14.377167">
				<ele>205.000000</ele>
			</trkpt>
			<trkpt lat="50.174044" lon="14.377194">
				<ele>205.000000</ele>
			</trkpt>
			<trkpt lat="50.174010" lon="14.377186">
				<ele>204.000000</ele>
			</trkpt>
			<trkpt lat="50.173975" lon="14.377141">
				<ele>204.000000</ele>
			</trkpt>
			<trkpt lat="50.173958" lon="14.377087">
				<ele>203.000000</ele>
			</trkpt>
			<trkpt lat="50.173958" lon="14.377006">
				<ele>203.000000</ele>
			</trkpt>
			<trkpt lat="50.173964" lon="14.376907">
				<ele>202.000000</ele>
			</trkpt>
			<trkpt lat="50.174010" lon="14.376593">
				<ele>200.000000</ele>
			</trkpt>
			<trkpt lat="50.174033" lon="14.376422">
				<ele>199.000000</ele>
			</trkpt>
			<trkpt lat="50.174079" lon="14.376269">
				<ele>199.000000</ele>
			</trkpt>
			<trkpt lat="50.174125" lon="14.376135">
				<ele>198.000000</ele>
			</trkpt>
			<trkpt lat="50.174160" lon="14.376072">
				<ele>197.000000</ele>
			</trkpt>
			<trkpt lat="50.174240" lon="14.375964">
				<ele>196.000000</ele>
			</trkpt>
			<trkpt lat="50.174246" lon="14.375919">
				<ele>196.000000</ele>
			</trkpt>
			<trkpt lat="50.174257" lon="14.375875">
				<ele>195.000000</ele>
			</trkpt>
			<trkpt lat="50.174246" lon="14.375812">
				<ele>195.000000</ele>
			</trkpt>
			<trkpt lat="50.174229" lon="14.375748">
				<ele>195.000000</ele>
			</trkpt>
			<trkpt lat="50.174200" lon="14.375712">
				<ele>195.000000</ele>
			</trkpt>
			<trkpt lat="50.174154" lon="14.375685">
				<ele>194.000000</ele>
			</trkpt>
			<trkpt lat="50.174056" lon="14.375641">
				<ele>193.000000</ele>
			</trkpt>
			<trkpt lat="50.173906" lon="14.375586">
				<ele>192.000000</ele>
			</trkpt>
			<trkpt lat="50.173699" lon="14.375525">
				<ele>190.000000</ele>
			</trkpt>
			<trkpt lat="50.173642" lon="14.375372">
				<ele>189.000000</ele>
			</trkpt>
			<trkpt lat="50.173607" lon="14.375209">
				<ele>188.000000</ele>
			</trkpt>
			<trkpt lat="50.173492" lon="14.374697">
				<ele>185.000000</ele>
			</trkpt>
			<trkpt lat="50.173440" lon="14.374464">
				<ele>184.000000</ele>
			</trkpt>
			<trkpt lat="50.173394" lon="14.374293">
				<ele>183.000000</ele>
			</trkpt>
			<trkpt lat="50.173337" lon="14.374141">
				<ele>183.000000</ele>
			</trkpt>
			<trkpt lat="50.173256" lon="14.373961">
				<ele>182.000000</ele>
			</trkpt>
			<trkpt lat="50.173221" lon="14.373745">
				<ele>182.000000</ele>
			</trkpt>
			<trkpt lat="50.173181" lon="14.373584">
				<ele>182.000000</ele>
			</trkpt>
			<trkpt lat="50.173130" lon="14.373440">
				<ele>182.000000</ele>
			</trkpt>
			<trkpt lat="50.173112" lon="14.373395">
				<ele>182.000000</ele>
			</trkpt>
			<trkpt lat="50.173112" lon="14.373395">
				<ele>182.000000</ele>
			</trkpt>
			<trkpt lat="50.173067" lon="14.373288">
				<ele>181.000000</ele>
			</trkpt>
			<trkpt lat="50.172853" lon="14.372829">
				<ele>179.000000</ele>
			</trkpt>
			<trkpt lat="50.172715" lon="14.372496">
				<ele>178.000000</ele>
			</trkpt>
			<trkpt lat="50.172646" lon="14.372272">
				<ele>177.000000</ele>
			</trkpt>
			<trkpt lat="50.172601" lon="14.372074">
				<ele>176.000000</ele>
			</trkpt>
			<trkpt lat="50.172525" lon="14.371688">
				<ele>176.000000</ele>
			</trkpt>
			<trkpt lat="50.172376" lon="14.370961">
				<ele>175.000000</ele>
			</trkpt>
			<trkpt lat="50.172267" lon="14.370403">
				<ele>175.000000</ele>
			</trkpt>
			<trkpt lat="50.172204" lon="14.370106">
				<ele>175.000000</ele>
			</trkpt>
			<trkpt lat="50.172134" lon="14.369882">
				<ele>175.000000</ele>
			</trkpt>
			<trkpt lat="50.172054" lon="14.369659">
				<ele>175.000000</ele>
			</trkpt>
			<trkpt lat="50.171961" lon="14.369451">
				<ele>175.000000</ele>
			</trkpt>
			<trkpt lat="50.171783" lon="14.369093">
				<ele>175.000000</ele>
			</trkpt>
			<trkpt lat="50.171616" lon="14.368724">
				<ele>175.000000</ele>
			</trkpt>
			<trkpt lat="50.171455" lon="14.368355">
				<ele>175.000000</ele>
			</trkpt>
			<trkpt lat="50.171243" lon="14.367835">
				<ele>175.000000</ele>
			</trkpt>
			<trkpt lat="50.171196" lon="14.367699">
				<ele>175.000000</ele>
			</trkpt>
			<trkpt lat="50.171150" lon="14.367556">
				<ele>175.000000</ele>
			</trkpt>
			<trkpt lat="50.171087" lon="14.367305">
				<ele>176.000000</ele>
			</trkpt>
			<trkpt lat="50.171024" lon="14.367125">
				<ele>177.000000</ele>
			</trkpt>
			<trkpt lat="50.170880" lon="14.366819">
				<ele>177.000000</ele>
			</trkpt>
			<trkpt lat="50.170822" lon="14.366684">
				<ele>177.000000</ele>
			</trkpt>
			<trkpt lat="50.170817" lon="14.366567">
				<ele>177.000000</ele>
			</trkpt>
			<trkpt lat="50.170805" lon="14.366469">
				<ele>177.000000</ele>
			</trkpt>
			<trkpt lat="50.170793" lon="14.366208">
				<ele>177.000000</ele>
			</trkpt>
			<trkpt lat="50.170788" lon="14.366110">
				<ele>177.000000</ele>
			</trkpt>
			<trkpt lat="50.170765" lon="14.366020">
				<ele>177.000000</ele>
			</trkpt>
			<trkpt lat="50.170742" lon="14.365957">
				<ele>177.000000</ele>
			</trkpt>
			<trkpt lat="50.170713" lon="14.365894">
				<ele>177.000000</ele>
			</trkpt>
			<trkpt lat="50.170667" lon="14.365840">
				<ele>177.000000</ele>
			</trkpt>
			<trkpt lat="50.170621" lon="14.365814">
				<ele>177.000000</ele>
			</trkpt>
			<trkpt lat="50.170425" lon="14.365724">
				<ele>176.000000</ele>
			</trkpt>
			<trkpt lat="50.170333" lon="14.365651">
				<ele>176.000000</ele>
			</trkpt>
			<trkpt lat="50.170258" lon="14.365552">
				<ele>175.000000</ele>
			</trkpt>
			<trkpt lat="50.170207" lon="14.365418">
				<ele>175.000000</ele>
			</trkpt>
			<trkpt lat="50.170126" lon="14.365139">
				<ele>174.000000</ele>
			</trkpt>
			<trkpt lat="50.169954" lon="14.364529">
				<ele>175.000000</ele>
			</trkpt>
			<trkpt lat="50.169954" lon="14.364529">
				<ele>175.000000</ele>
			</trkpt>
			<trkpt lat="50.169873" lon="14.364240">
				<ele>175.000000</ele>
			</trkpt>
			<trkpt lat="50.169654" lon="14.363361">
				<ele>174.000000</ele>
			</trkpt>
			<trkpt lat="50.169620" lon="14.363181">
				<ele>174.000000</ele>
			</trkpt>
			<trkpt lat="50.169533" lon="14.362831">
				<ele>174.000000</ele>
			</trkpt>
			<trkpt lat="50.169464" lon="14.362525">
				<ele>174.000000</ele>
			</trkpt>
			<trkpt lat="50.169303" lon="14.361896">
				<ele>174.000000</ele>
			</trkpt>
			<trkpt lat="50.169281" lon="14.361762">
				<ele>174.000000</ele>
			</trkpt>
			<trkpt lat="50.169269" lon="14.361645">
				<ele>174.000000</ele>
			</trkpt>
			<trkpt lat="50.169275" lon="14.361573">
				<ele>174.000000</ele>
			</trkpt>
			<trkpt lat="50.169303" lon="14.361519">
				<ele>175.000000</ele>
			</trkpt>
			<trkpt lat="50.169148" lon="14.361034">
				<ele>174.000000</ele>
			</trkpt>
			<trkpt lat="50.169039" lon="14.360666">
				<ele>174.000000</ele>
			</trkpt>
			<trkpt lat="50.168900" lon="14.360288">
				<ele>173.000000</ele>
			</trkpt>
			<trkpt lat="50.168837" lon="14.360072">
				<ele>173.000000</ele>
			</trkpt>
			<trkpt lat="50.168791" lon="14.359848">
				<ele>173.000000</ele>
			</trkpt>
			<trkpt lat="50.168762" lon="14.359606">
				<ele>173.000000</ele>
			</trkpt>
			<trkpt lat="50.168705" lon="14.359022">
				<ele>173.000000</ele>
			</trkpt>
			<trkpt lat="50.168693" lon="14.358671">
				<ele>173.000000</ele>
			</trkpt>
			<trkpt lat="50.168699" lon="14.358204">
				<ele>173.000000</ele>
			</trkpt>
			<trkpt lat="50.168728" lon="14.357872">
				<ele>173.000000</ele>
			</trkpt>
			<trkpt lat="50.168762" lon="14.357539">
				<ele>173.000000</ele>
			</trkpt>
			<trkpt lat="50.168820" lon="14.357126">
				<ele>173.000000</ele>
			</trkpt>
			<trkpt lat="50.168906" lon="14.356650">
				<ele>173.000000</ele>
			</trkpt>
			<trkpt lat="50.168976" lon="14.356345">
				<ele>173.000000</ele>
			</trkpt>
			<trkpt lat="50.169056" lon="14.356021">
				<ele>173.000000</ele>
			</trkpt>
			<trkpt lat="50.169154" lon="14.355698">
				<ele>173.000000</ele>
			</trkpt>
			<trkpt lat="50.169206" lon="14.355545">
				<ele>173.000000</ele>
			</trkpt>
			<trkpt lat="50.169263" lon="14.355384">
				<ele>173.000000</ele>
			</trkpt>
			<trkpt lat="50.169430" lon="14.355051">
				<ele>173.000000</ele>
			</trkpt>
			<trkpt lat="50.169626" lon="14.354665">
				<ele>173.000000</ele>
			</trkpt>
			<trkpt lat="50.169706" lon="14.354539">
				<ele>174.000000</ele>
			</trkpt>
			<trkpt lat="50.169804" lon="14.354413">
				<ele>174.000000</ele>
			</trkpt>
			<trkpt lat="50.170028" lon="14.354126">
				<ele>174.000000</ele>
			</trkpt>
			<trkpt lat="50.170126" lon="14.354027">
				<ele>174.000000</ele>
			</trkpt>
			<trkpt lat="50.170235" lon="14.353929">
				<ele>173.000000</ele>
			</trkpt>
			<trkpt lat="50.170414" lon="14.353803">
				<ele>174.000000</ele>
			</trkpt>
			<trkpt lat="50.170610" lon="14.353703">
				<ele>174.000000</ele>
			</trkpt>
			<trkpt lat="50.170610" lon="14.353587">
				<ele>173.000000</ele>
			</trkpt>
			<trkpt lat="50.170610" lon="14.353587">
				<ele>173.000000</ele>
			</trkpt>
			<trkpt lat="50.170610" lon="14.353560">
				<ele>173.000000</ele>
			</trkpt>
			<trkpt lat="50.170408" lon="14.353273">
				<ele>173.000000</ele>
			</trkpt>
			<trkpt lat="50.170408" lon="14.353273">
				<ele>173.000000</ele>
			</trkpt>
			<trkpt lat="50.169994" lon="14.352698">
				<ele>172.000000</ele>
			</trkpt>
			<trkpt lat="50.169919" lon="14.352537">
				<ele>173.000000</ele>
			</trkpt>
			<trkpt lat="50.170339" lon="14.352032">
				<ele>173.000000</ele>
			</trkpt>
			<trkpt lat="50.170339" lon="14.352032">
				<ele>173.000000</ele>
			</trkpt>
			<trkpt lat="50.170408" lon="14.351952">
				<ele>173.000000</ele>
			</trkpt>
			<trkpt lat="50.170615" lon="14.351745">
				<ele>174.000000</ele>
			</trkpt>
			<trkpt lat="50.170851" lon="14.351539">
				<ele>175.000000</ele>
			</trkpt>
			<trkpt lat="50.171001" lon="14.351369">
				<ele>176.000000</ele>
			</trkpt>
			<trkpt lat="50.170955" lon="14.351162">
				<ele>176.000000</ele>
			</trkpt>
			<trkpt lat="50.170880" lon="14.351009">
				<ele>177.000000</ele>
			</trkpt>
			<trkpt lat="50.170811" lon="14.350883">
				<ele>177.000000</ele>
			</trkpt>
			<trkpt lat="50.170748" lon="14.350803">
				<ele>178.000000</ele>
			</trkpt>
			<trkpt lat="50.170563" lon="14.350569">
				<ele>179.000000</ele>
			</trkpt>
			<trkpt lat="50.170465" lon="14.350424">
				<ele>180.000000</ele>
			</trkpt>
			<trkpt lat="50.170402" lon="14.350273">
				<ele>180.000000</ele>
			</trkpt>
			<trkpt lat="50.170299" lon="14.349994">
				<ele>182.000000</ele>
			</trkpt>
			<trkpt lat="50.170235" lon="14.349734">
				<ele>184.000000</ele>
			</trkpt>
			<trkpt lat="50.170155" lon="14.349392">
				<ele>186.000000</ele>
			</trkpt>
			<trkpt lat="50.170046" lon="14.349078">
				<ele>188.000000</ele>
			</trkpt>
			<trkpt lat="50.169942" lon="14.348799">
				<ele>191.000000</ele>
			</trkpt>
			<trkpt lat="50.169845" lon="14.348503">
				<ele>193.000000</ele>
			</trkpt>
			<trkpt lat="50.169804" lon="14.348395">
				<ele>193.000000</ele>
			</trkpt>
			<trkpt lat="50.169769" lon="14.348296">
				<ele>194.000000</ele>
			</trkpt>
			<trkpt lat="50.169672" lon="14.348126">
				<ele>194.000000</ele>
			</trkpt>
			<trkpt lat="50.169562" lon="14.347963">
				<ele>194.000000</ele>
			</trkpt>
			<trkpt lat="50.169436" lon="14.347757">
				<ele>195.000000</ele>
			</trkpt>
			<trkpt lat="50.169326" lon="14.347533">
				<ele>197.000000</ele>
			</trkpt>
			<trkpt lat="50.169234" lon="14.347308">
				<ele>199.000000</ele>
			</trkpt>
			<trkpt lat="50.169062" lon="14.346858">
				<ele>202.000000</ele>
			</trkpt>
			<trkpt lat="50.168935" lon="14.346571">
				<ele>204.000000</ele>
			</trkpt>
			<trkpt lat="50.168849" lon="14.346428">
				<ele>205.000000</ele>
			</trkpt>
			<trkpt lat="50.168780" lon="14.346302">
				<ele>206.000000</ele>
			</trkpt>
			<trkpt lat="50.168705" lon="14.346212">
				<ele>207.000000</ele>
			</trkpt>
			<trkpt lat="50.168607" lon="14.346095">
				<ele>209.000000</ele>
			</trkpt>
			<trkpt lat="50.168400" lon="14.345906">
				<ele>211.000000</ele>
			</trkpt>
			<trkpt lat="50.167594" lon="14.345260">
				<ele>219.000000</ele>
			</trkpt>
			<trkpt lat="50.167261" lon="14.344973">
				<ele>223.000000</ele>
			</trkpt>
			<trkpt lat="50.166967" lon="14.344675">
				<ele>226.000000</ele>
			</trkpt>
			<trkpt lat="50.166680" lon="14.344371">
				<ele>227.000000</ele>
			</trkpt>
			<trkpt lat="50.166029" lon="14.343669">
				<ele>233.000000</ele>
			</trkpt>
			<trkpt lat="50.165615" lon="14.343185">
				<ele>236.000000</ele>
			</trkpt>
			<trkpt lat="50.165425" lon="14.342950">
				<ele>237.000000</ele>
			</trkpt>
			<trkpt lat="50.165253" lon="14.342726">
				<ele>237.000000</ele>
			</trkpt>
			<trkpt lat="50.164913" lon="14.342197">
				<ele>236.000000</ele>
			</trkpt>
			<trkpt lat="50.164343" lon="14.341253">
				<ele>234.000000</ele>
			</trkpt>
			<trkpt lat="50.164205" lon="14.341046">
				<ele>234.000000</ele>
			</trkpt>
			<trkpt lat="50.163923" lon="14.340687">
				<ele>236.000000</ele>
			</trkpt>
			<trkpt lat="50.163826" lon="14.340535">
				<ele>237.000000</ele>
			</trkpt>
			<trkpt lat="50.163751" lon="14.340390">
				<ele>237.000000</ele>
			</trkpt>
			<trkpt lat="50.163682" lon="14.340229">
				<ele>239.000000</ele>
			</trkpt>
			<trkpt lat="50.163400" lon="14.339430">
				<ele>242.000000</ele>
			</trkpt>
			<trkpt lat="50.163152" lon="14.338882">
				<ele>245.000000</ele>
			</trkpt>
			<trkpt lat="50.163089" lon="14.338692">
				<ele>245.000000</ele>
			</trkpt>
			<trkpt lat="50.162968" lon="14.338765">
				<ele>243.000000</ele>
			</trkpt>
			<trkpt lat="50.162450" lon="14.339079">
				<ele>240.000000</ele>
			</trkpt>
			<trkpt lat="50.162335" lon="14.339197">
				<ele>241.000000</ele>
			</trkpt>
			<trkpt lat="50.162179" lon="14.339169">
				<ele>242.000000</ele>
			</trkpt>
			<trkpt lat="50.162179" lon="14.339348">
				<ele>242.000000</ele>
			</trkpt>
			<trkpt lat="50.162076" lon="14.339394">
				<ele>243.000000</ele>
			</trkpt>
			<trkpt lat="50.161995" lon="14.339457">
				<ele>244.000000</ele>
			</trkpt>
			<trkpt lat="50.161518" lon="14.339870">
				<ele>253.000000</ele>
			</trkpt>
			<trkpt lat="50.161155" lon="14.340239">
				<ele>259.000000</ele>
			</trkpt>
			<trkpt lat="50.160873" lon="14.340507">
				<ele>262.000000</ele>
			</trkpt>
			<trkpt lat="50.160689" lon="14.340687">
				<ele>264.000000</ele>
			</trkpt>
			<trkpt lat="50.160597" lon="14.340759">
				<ele>265.000000</ele>
			</trkpt>
			<trkpt lat="50.160517" lon="14.340805">
				<ele>265.000000</ele>
			</trkpt>
			<trkpt lat="50.160447" lon="14.340822">
				<ele>265.000000</ele>
			</trkpt>
			<trkpt lat="50.160447" lon="14.340813">
				<ele>265.000000</ele>
			</trkpt>
			<trkpt lat="50.160447" lon="14.340813">
				<ele>265.000000</ele>
			</trkpt>
			<trkpt lat="50.160447" lon="14.340822">
				<ele>265.000000</ele>
			</trkpt>
			<trkpt lat="50.160350" lon="14.341029">
				<ele>265.000000</ele>
			</trkpt>
			<trkpt lat="50.160315" lon="14.341118">
				<ele>266.000000</ele>
			</trkpt>
			<trkpt lat="50.160292" lon="14.341182">
				<ele>266.000000</ele>
			</trkpt>
			<trkpt lat="50.160298" lon="14.341253">
				<ele>267.000000</ele>
			</trkpt>
			<trkpt lat="50.160303" lon="14.341325">
				<ele>267.000000</ele>
			</trkpt>
			<trkpt lat="50.160332" lon="14.341379">
				<ele>268.000000</ele>
			</trkpt>
			<trkpt lat="50.160867" lon="14.342044">
				<ele>271.000000</ele>
			</trkpt>
			<trkpt lat="50.160960" lon="14.342170">
				<ele>272.000000</ele>
			</trkpt>
			<trkpt lat="50.161011" lon="14.342323">
				<ele>273.000000</ele>
			</trkpt>
			<trkpt lat="50.161052" lon="14.342501">
				<ele>274.000000</ele>
			</trkpt>
			<trkpt lat="50.161058" lon="14.342700">
				<ele>274.000000</ele>
			</trkpt>
			<trkpt lat="50.161058" lon="14.342826">
				<ele>275.000000</ele>
			</trkpt>
			<trkpt lat="50.161063" lon="14.342950">
				<ele>275.000000</ele>
			</trkpt>
			<trkpt lat="50.161098" lon="14.343669">
				<ele>277.000000</ele>
			</trkpt>
			<trkpt lat="50.161109" lon="14.343805">
				<ele>277.000000</ele>
			</trkpt>
			<trkpt lat="50.161109" lon="14.344047">
				<ele>278.000000</ele>
			</trkpt>
			<trkpt lat="50.161121" lon="14.344254">
				<ele>278.000000</ele>
			</trkpt>
			<trkpt lat="50.161150" lon="14.344478">
				<ele>278.000000</ele>
			</trkpt>
			<trkpt lat="50.161178" lon="14.344648">
				<ele>279.000000</ele>
			</trkpt>
			<trkpt lat="50.161207" lon="14.345026">
				<ele>279.000000</ele>
			</trkpt>
			<trkpt lat="50.161224" lon="14.345134">
				<ele>280.000000</ele>
			</trkpt>
			<trkpt lat="50.161270" lon="14.345241">
				<ele>280.000000</ele>
			</trkpt>
			<trkpt lat="50.161368" lon="14.345241">
				<ele>281.000000</ele>
			</trkpt>
			<trkpt lat="50.161472" lon="14.345260">
				<ele>280.000000</ele>
			</trkpt>
			<trkpt lat="50.161553" lon="14.345287">
				<ele>279.000000</ele>
			</trkpt>
			<trkpt lat="50.161622" lon="14.345313">
				<ele>279.000000</ele>
			</trkpt>
			<trkpt lat="50.161685" lon="14.345367">
				<ele>278.000000</ele>
			</trkpt>
			<trkpt lat="50.161742" lon="14.345440">
				<ele>278.000000</ele>
			</trkpt>
			<trkpt lat="50.161903" lon="14.345682">
				<ele>278.000000</ele>
			</trkpt>
			<trkpt lat="50.162105" lon="14.346032">
				<ele>280.000000</ele>
			</trkpt>
			<trkpt lat="50.162168" lon="14.346140">
				<ele>281.000000</ele>
			</trkpt>
			<trkpt lat="50.162283" lon="14.346409">
				<ele>284.000000</ele>
			</trkpt>
			<trkpt lat="50.162438" lon="14.346814">
				<ele>288.000000</ele>
			</trkpt>
			<trkpt lat="50.162479" lon="14.346895">
				<ele>289.000000</ele>
			</trkpt>
			<trkpt lat="50.162513" lon="14.346948">
				<ele>289.000000</ele>
			</trkpt>
			<trkpt lat="50.162657" lon="14.347092">
				<ele>291.000000</ele>
			</trkpt>
			<trkpt lat="50.162732" lon="14.347147">
				<ele>292.000000</ele>
			</trkpt>
			<trkpt lat="50.162812" lon="14.347182">
				<ele>293.000000</ele>
			</trkpt>
			<trkpt lat="50.162864" lon="14.347200">
				<ele>293.000000</ele>
			</trkpt>
			<trkpt lat="50.162910" lon="14.347182">
				<ele>293.000000</ele>
			</trkpt>
			<trkpt lat="50.162957" lon="14.347174">
				<ele>293.000000</ele>
			</trkpt>
			<trkpt lat="50.163026" lon="14.347128">
				<ele>292.000000</ele>
			</trkpt>
			<trkpt lat="50.163140" lon="14.347057">
				<ele>292.000000</ele>
			</trkpt>
			<trkpt lat="50.163359" lon="14.346939">
				<ele>291.000000</ele>
			</trkpt>
			<trkpt lat="50.163411" lon="14.346912">
				<ele>290.000000</ele>
			</trkpt>
			<trkpt lat="50.163474" lon="14.346921">
				<ele>290.000000</ele>
			</trkpt>
			<trkpt lat="50.163612" lon="14.346939">
				<ele>291.000000</ele>
			</trkpt>
			<trkpt lat="50.163647" lon="14.347200">
				<ele>292.000000</ele>
			</trkpt>
			<trkpt lat="50.163670" lon="14.347505">
				<ele>294.000000</ele>
			</trkpt>
			<trkpt lat="50.163670" lon="14.347748">
				<ele>295.000000</ele>
			</trkpt>
			<trkpt lat="50.163653" lon="14.347891">
				<ele>296.000000</ele>
			</trkpt>
			<trkpt lat="50.163635" lon="14.348179">
				<ele>297.000000</ele>
			</trkpt>
			<trkpt lat="50.163630" lon="14.348350">
				<ele>297.000000</ele>
			</trkpt>
			<trkpt lat="50.163618" lon="14.348727">
				<ele>298.000000</ele>
			</trkpt>
			<trkpt lat="50.163612" lon="14.348952">
				<ele>298.000000</ele>
			</trkpt>
			<trkpt lat="50.163590" lon="14.349176">
				<ele>298.000000</ele>
			</trkpt>
			<trkpt lat="50.163532" lon="14.349419">
				<ele>299.000000</ele>
			</trkpt>
			<trkpt lat="50.163509" lon="14.349527">
				<ele>299.000000</ele>
			</trkpt>
			<trkpt lat="50.163492" lon="14.349652">
				<ele>299.000000</ele>
			</trkpt>
			<trkpt lat="50.163480" lon="14.349850">
				<ele>299.000000</ele>
			</trkpt>
			<trkpt lat="50.163492" lon="14.350048">
				<ele>299.000000</ele>
			</trkpt>
			<trkpt lat="50.163509" lon="14.350245">
				<ele>298.000000</ele>
			</trkpt>
			<trkpt lat="50.163578" lon="14.350749">
				<ele>298.000000</ele>
			</trkpt>
			<trkpt lat="50.163635" lon="14.351179">
				<ele>298.000000</ele>
			</trkpt>
			<trkpt lat="50.163773" lon="14.352132">
				<ele>297.000000</ele>
			</trkpt>
			<trkpt lat="50.163842" lon="14.352887">
				<ele>296.000000</ele>
			</trkpt>
			<trkpt lat="50.163860" lon="14.353327">
				<ele>296.000000</ele>
			</trkpt>
			<trkpt lat="50.163866" lon="14.353929">
				<ele>295.000000</ele>
			</trkpt>
			<trkpt lat="50.163860" lon="14.354468">
				<ele>294.000000</ele>
			</trkpt>
			<trkpt lat="50.163797" lon="14.356201">
				<ele>290.000000</ele>
			</trkpt>
			<trkpt lat="50.163751" lon="14.357711">
				<ele>288.000000</ele>
			</trkpt>
			<trkpt lat="50.163699" lon="14.358527">
				<ele>287.000000</ele>
			</trkpt>
			<trkpt lat="50.163704" lon="14.358726">
				<ele>286.000000</ele>
			</trkpt>
			<trkpt lat="50.163722" lon="14.358923">
				<ele>286.000000</ele>
			</trkpt>
			<trkpt lat="50.163751" lon="14.359085">
				<ele>285.000000</ele>
			</trkpt>
			<trkpt lat="50.163785" lon="14.359256">
				<ele>285.000000</ele>
			</trkpt>
			<trkpt lat="50.163952" lon="14.359938">
				<ele>285.000000</ele>
			</trkpt>
			<trkpt lat="50.164170" lon="14.360720">
				<ele>286.000000</ele>
			</trkpt>
			<trkpt lat="50.164234" lon="14.360944">
				<ele>286.000000</ele>
			</trkpt>
			<trkpt lat="50.164308" lon="14.361223">
				<ele>286.000000</ele>
			</trkpt>
			<trkpt lat="50.164337" lon="14.361393">
				<ele>287.000000</ele>
			</trkpt>
			<trkpt lat="50.164366" lon="14.361546">
				<ele>287.000000</ele>
			</trkpt>
			<trkpt lat="50.164401" lon="14.361672">
				<ele>287.000000</ele>
			</trkpt>
			<trkpt lat="50.164447" lon="14.361797">
				<ele>287.000000</ele>
			</trkpt>
			<trkpt lat="50.164568" lon="14.362058">
				<ele>286.000000</ele>
			</trkpt>
			<trkpt lat="50.164620" lon="14.362202">
				<ele>286.000000</ele>
			</trkpt>
			<trkpt lat="50.164660" lon="14.362363">
				<ele>285.000000</ele>
			</trkpt>
			<trkpt lat="50.164660" lon="14.362363">
				<ele>285.000000</ele>
			</trkpt>
			<trkpt lat="50.164660" lon="14.362363">
				<ele>285.000000</ele>
			</trkpt>
			<trkpt lat="50.164827" lon="14.362193">
				<ele>286.000000</ele>
			</trkpt>
			<trkpt lat="50.164982" lon="14.362067">
				<ele>287.000000</ele>
			</trkpt>
			<trkpt lat="50.165126" lon="14.361950">
				<ele>289.000000</ele>
			</trkpt>
			<trkpt lat="50.165230" lon="14.361843">
				<ele>290.000000</ele>
			</trkpt>
			<trkpt lat="50.165293" lon="14.361770">
				<ele>291.000000</ele>
			</trkpt>
			<trkpt lat="50.165356" lon="14.361726">
				<ele>291.000000</ele>
			</trkpt>
			<trkpt lat="50.165569" lon="14.361663">
				<ele>291.000000</ele>
			</trkpt>
			<trkpt lat="50.165690" lon="14.361609">
				<ele>291.000000</ele>
			</trkpt>
			<trkpt lat="50.165776" lon="14.361537">
				<ele>292.000000</ele>
			</trkpt>
			<trkpt lat="50.165851" lon="14.361466">
				<ele>292.000000</ele>
			</trkpt>
			<trkpt lat="50.166029" lon="14.361240">
				<ele>292.000000</ele>
			</trkpt>
			<trkpt lat="50.166242" lon="14.360953">
				<ele>290.000000</ele>
			</trkpt>
			<trkpt lat="50.166242" lon="14.360953">
				<ele>290.000000</ele>
			</trkpt>
			<trkpt lat="50.166029" lon="14.361240">
				<ele>292.000000</ele>
			</trkpt>
			<trkpt lat="50.165851" lon="14.361466">
				<ele>292.000000</ele>
			</trkpt>
			<trkpt lat="50.165776" lon="14.361537">
				<ele>292.000000</ele>
			</trkpt>
			<trkpt lat="50.165690" lon="14.361609">
				<ele>291.000000</ele>
			</trkpt>
			<trkpt lat="50.165569" lon="14.361663">
				<ele>291.000000</ele>
			</trkpt>
			<trkpt lat="50.165356" lon="14.361726">
				<ele>291.000000</ele>
			</trkpt>
			<trkpt lat="50.165293" lon="14.361770">
				<ele>291.000000</ele>
			</trkpt>
			<trkpt lat="50.165230" lon="14.361843">
				<ele>290.000000</ele>
			</trkpt>
			<trkpt lat="50.165126" lon="14.361950">
				<ele>289.000000</ele>
			</trkpt>
			<trkpt lat="50.164982" lon="14.362067">
				<ele>287.000000</ele>
			</trkpt>
			<trkpt lat="50.164827" lon="14.362193">
				<ele>286.000000</ele>
			</trkpt>
			<trkpt lat="50.164660" lon="14.362363">
				<ele>285.000000</ele>
			</trkpt>
			<trkpt lat="50.164723" lon="14.362768">
				<ele>282.000000</ele>
			</trkpt>
			<trkpt lat="50.164763" lon="14.363109">
				<ele>276.000000</ele>
			</trkpt>
			<trkpt lat="50.164809" lon="14.363343">
				<ele>273.000000</ele>
			</trkpt>
			<trkpt lat="50.164832" lon="14.363487">
				<ele>272.000000</ele>
			</trkpt>
			<trkpt lat="50.164884" lon="14.363747">
				<ele>269.000000</ele>
			</trkpt>
			<trkpt lat="50.164907" lon="14.363917">
				<ele>267.000000</ele>
			</trkpt>
			<trkpt lat="50.164930" lon="14.364080">
				<ele>265.000000</ele>
			</trkpt>
			<trkpt lat="50.164930" lon="14.364250">
				<ele>263.000000</ele>
			</trkpt>
			<trkpt lat="50.164913" lon="14.364672">
				<ele>260.000000</ele>
			</trkpt>
			<trkpt lat="50.164913" lon="14.365005">
				<ele>257.000000</ele>
			</trkpt>
			<trkpt lat="50.164936" lon="14.365552">
				<ele>254.000000</ele>
			</trkpt>
			<trkpt lat="50.164959" lon="14.365903">
				<ele>252.000000</ele>
			</trkpt>
			<trkpt lat="50.164959" lon="14.366235">
				<ele>251.000000</ele>
			</trkpt>
			<trkpt lat="50.164999" lon="14.367062">
				<ele>249.000000</ele>
			</trkpt>
			<trkpt lat="50.164809" lon="14.367133">
				<ele>249.000000</ele>
			</trkpt>
			<trkpt lat="50.164706" lon="14.367296">
				<ele>250.000000</ele>
			</trkpt>
			<trkpt lat="50.164286" lon="14.368112">
				<ele>251.000000</ele>
			</trkpt>
			<trkpt lat="50.163860" lon="14.369532">
				<ele>252.000000</ele>
			</trkpt>
			<trkpt lat="50.164585" lon="14.370305">
				<ele>246.000000</ele>
			</trkpt>
			<trkpt lat="50.164827" lon="14.370458">
				<ele>245.000000</ele>
			</trkpt>
			<trkpt lat="50.165172" lon="14.370672">
				<ele>243.000000</ele>
			</trkpt>
			<trkpt lat="50.165206" lon="14.370718">
				<ele>243.000000</ele>
			</trkpt>
			<trkpt lat="50.165241" lon="14.370754">
				<ele>243.000000</ele>
			</trkpt>
			<trkpt lat="50.165264" lon="14.370825">
				<ele>243.000000</ele>
			</trkpt>
			<trkpt lat="50.165270" lon="14.370915">
				<ele>243.000000</ele>
			</trkpt>
			<trkpt lat="50.165431" lon="14.370898">
				<ele>242.000000</ele>
			</trkpt>
			<trkpt lat="50.165511" lon="14.370898">
				<ele>242.000000</ele>
			</trkpt>
			<trkpt lat="50.165587" lon="14.370907">
				<ele>242.000000</ele>
			</trkpt>
			<trkpt lat="50.165678" lon="14.370961">
				<ele>241.000000</ele>
			</trkpt>
			<trkpt lat="50.165839" lon="14.371041">
				<ele>240.000000</ele>
			</trkpt>
			<trkpt lat="50.166242" lon="14.371301">
				<ele>238.000000</ele>
			</trkpt>
			<trkpt lat="50.166369" lon="14.371401">
				<ele>237.000000</ele>
			</trkpt>
			<trkpt lat="50.166472" lon="14.371508">
				<ele>237.000000</ele>
			</trkpt>
			<trkpt lat="50.166553" lon="14.371653">
				<ele>236.000000</ele>
			</trkpt>
			<trkpt lat="50.166680" lon="14.371904">
				<ele>235.000000</ele>
			</trkpt>
			<trkpt lat="50.166824" lon="14.372182">
				<ele>234.000000</ele>
			</trkpt>
			<trkpt lat="50.166927" lon="14.372370">
				<ele>233.000000</ele>
			</trkpt>
			<trkpt lat="50.166927" lon="14.372380">
				<ele>233.000000</ele>
			</trkpt>
			<trkpt lat="50.166927" lon="14.372380">
				<ele>233.000000</ele>
			</trkpt>
			<trkpt lat="50.166927" lon="14.372370">
				<ele>233.000000</ele>
			</trkpt>
			<trkpt lat="50.166979" lon="14.372469">
				<ele>233.000000</ele>
			</trkpt>
			<trkpt lat="50.167042" lon="14.372542">
				<ele>233.000000</ele>
			</trkpt>
			<trkpt lat="50.167099" lon="14.372596">
				<ele>232.000000</ele>
			</trkpt>
			<trkpt lat="50.167168" lon="14.372622">
				<ele>232.000000</ele>
			</trkpt>
			<trkpt lat="50.167180" lon="14.372748">
				<ele>231.000000</ele>
			</trkpt>
			<trkpt lat="50.167186" lon="14.372775">
				<ele>230.000000</ele>
			</trkpt>
			<trkpt lat="50.167209" lon="14.372802">
				<ele>230.000000</ele>
			</trkpt>
			<trkpt lat="50.167278" lon="14.372856">
				<ele>228.000000</ele>
			</trkpt>
			<trkpt lat="50.167330" lon="14.372883">
				<ele>227.000000</ele>
			</trkpt>
			<trkpt lat="50.167416" lon="14.372883">
				<ele>225.000000</ele>
			</trkpt>
			<trkpt lat="50.167497" lon="14.372856">
				<ele>223.000000</ele>
			</trkpt>
			<trkpt lat="50.167577" lon="14.372838">
				<ele>222.000000</ele>
			</trkpt>
			<trkpt lat="50.167612" lon="14.372856">
				<ele>221.000000</ele>
			</trkpt>
			<trkpt lat="50.167646" lon="14.372865">
				<ele>221.000000</ele>
			</trkpt>
			<trkpt lat="50.167675" lon="14.372901">
				<ele>219.000000</ele>
			</trkpt>
			<trkpt lat="50.167692" lon="14.372936">
				<ele>218.000000</ele>
			</trkpt>
			<trkpt lat="50.167721" lon="14.372964">
				<ele>217.000000</ele>
			</trkpt>
			<trkpt lat="50.167785" lon="14.372982">
				<ele>216.000000</ele>
			</trkpt>
			<trkpt lat="50.167801" lon="14.372991">
				<ele>216.000000</ele>
			</trkpt>
			<trkpt lat="50.167807" lon="14.373018">
				<ele>216.000000</ele>
			</trkpt>
			<trkpt lat="50.167801" lon="14.373081">
				<ele>214.000000</ele>
			</trkpt>
			<trkpt lat="50.167738" lon="14.373081">
				<ele>213.000000</ele>
			</trkpt>
			<trkpt lat="50.167669" lon="14.373116">
				<ele>212.000000</ele>
			</trkpt>
			<trkpt lat="50.167480" lon="14.373233">
				<ele>210.000000</ele>
			</trkpt>
			<trkpt lat="50.167364" lon="14.373278">
				<ele>209.000000</ele>
			</trkpt>
			<trkpt lat="50.167272" lon="14.373332">
				<ele>207.000000</ele>
			</trkpt>
			<trkpt lat="50.167209" lon="14.373404">
				<ele>206.000000</ele>
			</trkpt>
			<trkpt lat="50.167146" lon="14.373521">
				<ele>205.000000</ele>
			</trkpt>
			<trkpt lat="50.167243" lon="14.373467">
				<ele>204.000000</ele>
			</trkpt>
			<trkpt lat="50.167335" lon="14.373448">
				<ele>204.000000</ele>
			</trkpt>
			<trkpt lat="50.167428" lon="14.373458">
				<ele>204.000000</ele>
			</trkpt>
			<trkpt lat="50.167508" lon="14.373512">
				<ele>204.000000</ele>
			</trkpt>
			<trkpt lat="50.167687" lon="14.373655">
				<ele>203.000000</ele>
			</trkpt>
			<trkpt lat="50.167876" lon="14.373764">
				<ele>202.000000</ele>
			</trkpt>
			<trkpt lat="50.167974" lon="14.373817">
				<ele>201.000000</ele>
			</trkpt>
			<trkpt lat="50.168032" lon="14.373871">
				<ele>201.000000</ele>
			</trkpt>
			<trkpt lat="50.168066" lon="14.373943">
				<ele>200.000000</ele>
			</trkpt>
			<trkpt lat="50.168095" lon="14.374068">
				<ele>200.000000</ele>
			</trkpt>
			<trkpt lat="50.168153" lon="14.374320">
				<ele>200.000000</ele>
			</trkpt>
			<trkpt lat="50.168187" lon="14.374401">
				<ele>199.000000</ele>
			</trkpt>
			<trkpt lat="50.168233" lon="14.374500">
				<ele>199.000000</ele>
			</trkpt>
			<trkpt lat="50.168267" lon="14.374599">
				<ele>199.000000</ele>
			</trkpt>
			<trkpt lat="50.168296" lon="14.374680">
				<ele>198.000000</ele>
			</trkpt>
			<trkpt lat="50.168308" lon="14.374796">
				<ele>198.000000</ele>
			</trkpt>
			<trkpt lat="50.168314" lon="14.374959">
				<ele>198.000000</ele>
			</trkpt>
			<trkpt lat="50.168336" lon="14.375299">
				<ele>197.000000</ele>
			</trkpt>
			<trkpt lat="50.168343" lon="14.375533">
				<ele>196.000000</ele>
			</trkpt>
			<trkpt lat="50.168349" lon="14.375758">
				<ele>195.000000</ele>
			</trkpt>
			<trkpt lat="50.168331" lon="14.375955">
				<ele>195.000000</ele>
			</trkpt>
			<trkpt lat="50.168320" lon="14.376162">
				<ele>195.000000</ele>
			</trkpt>
			<trkpt lat="50.168320" lon="14.376288">
				<ele>194.000000</ele>
			</trkpt>
			<trkpt lat="50.168343" lon="14.376404">
				<ele>194.000000</ele>
			</trkpt>
			<trkpt lat="50.168377" lon="14.376512">
				<ele>194.000000</ele>
			</trkpt>
			<trkpt lat="50.168406" lon="14.376557">
				<ele>194.000000</ele>
			</trkpt>
			<trkpt lat="50.168440" lon="14.376593">
				<ele>193.000000</ele>
			</trkpt>
			<trkpt lat="50.168515" lon="14.376638">
				<ele>193.000000</ele>
			</trkpt>
			<trkpt lat="50.168601" lon="14.376664">
				<ele>192.000000</ele>
			</trkpt>
			<trkpt lat="50.168693" lon="14.376638">
				<ele>191.000000</ele>
			</trkpt>
			<trkpt lat="50.168774" lon="14.376611">
				<ele>191.000000</ele>
			</trkpt>
			<trkpt lat="50.168855" lon="14.376593">
				<ele>191.000000</ele>
			</trkpt>
			<trkpt lat="50.168924" lon="14.376593">
				<ele>190.000000</ele>
			</trkpt>
			<trkpt lat="50.168998" lon="14.376620">
				<ele>190.000000</ele>
			</trkpt>
			<trkpt lat="50.169073" lon="14.376656">
				<ele>190.000000</ele>
			</trkpt>
			<trkpt lat="50.169142" lon="14.376718">
				<ele>189.000000</ele>
			</trkpt>
			<trkpt lat="50.169344" lon="14.376907">
				<ele>188.000000</ele>
			</trkpt>
			<trkpt lat="50.169568" lon="14.377114">
				<ele>186.000000</ele>
			</trkpt>
			<trkpt lat="50.169821" lon="14.377293">
				<ele>185.000000</ele>
			</trkpt>
			<trkpt lat="50.170011" lon="14.377420">
				<ele>184.000000</ele>
			</trkpt>
			<trkpt lat="50.170178" lon="14.377347">
				<ele>184.000000</ele>
			</trkpt>
			<trkpt lat="50.170242" lon="14.377330">
				<ele>183.000000</ele>
			</trkpt>
			<trkpt lat="50.170282" lon="14.377312">
				<ele>182.000000</ele>
			</trkpt>
			<trkpt lat="50.170362" lon="14.377249">
				<ele>181.000000</ele>
			</trkpt>
			<trkpt lat="50.170380" lon="14.377204">
				<ele>181.000000</ele>
			</trkpt>
			<trkpt lat="50.170402" lon="14.377133">
				<ele>181.000000</ele>
			</trkpt>
			<trkpt lat="50.170477" lon="14.376988">
				<ele>180.000000</ele>
			</trkpt>
			<trkpt lat="50.170541" lon="14.376880">
				<ele>179.000000</ele>
			</trkpt>
			<trkpt lat="50.170638" lon="14.376781">
				<ele>179.000000</ele>
			</trkpt>
			<trkpt lat="50.170736" lon="14.376718">
				<ele>179.000000</ele>
			</trkpt>
			<trkpt lat="50.170926" lon="14.376701">
				<ele>181.000000</ele>
			</trkpt>
			<trkpt lat="50.171093" lon="14.376718">
				<ele>176.000000</ele>
			</trkpt>
			<trkpt lat="50.171110" lon="14.377500">
				<ele>176.000000</ele>
			</trkpt>
			<trkpt lat="50.171110" lon="14.378201">
				<ele>176.000000</ele>
			</trkpt>
			<trkpt lat="50.171064" lon="14.381238">
				<ele>177.000000</ele>
			</trkpt>
			<trkpt lat="50.171070" lon="14.381678">
				<ele>177.000000</ele>
			</trkpt>
			<trkpt lat="50.171087" lon="14.382064">
				<ele>177.000000</ele>
			</trkpt>
			<trkpt lat="50.171127" lon="14.382441">
				<ele>177.000000</ele>
			</trkpt>
			<trkpt lat="50.171202" lon="14.382970">
				<ele>177.000000</ele>
			</trkpt>
			<trkpt lat="50.171283" lon="14.383572">
				<ele>177.000000</ele>
			</trkpt>
			<trkpt lat="50.171323" lon="14.384049">
				<ele>177.000000</ele>
			</trkpt>
			<trkpt lat="50.171369" lon="14.384804">
				<ele>177.000000</ele>
			</trkpt>
			<trkpt lat="50.171450" lon="14.386385">
				<ele>178.000000</ele>
			</trkpt>
			<trkpt lat="50.171571" lon="14.388909">
				<ele>179.000000</ele>
			</trkpt>
			<trkpt lat="50.171668" lon="14.391065">
				<ele>179.000000</ele>
			</trkpt>
			<trkpt lat="50.171697" lon="14.391442">
				<ele>179.000000</ele>
			</trkpt>
			<trkpt lat="50.171697" lon="14.391819">
				<ele>179.000000</ele>
			</trkpt>
			<trkpt lat="50.171691" lon="14.392025">
				<ele>179.000000</ele>
			</trkpt>
			<trkpt lat="50.171662" lon="14.392404">
				<ele>178.000000</ele>
			</trkpt>
			<trkpt lat="50.171662" lon="14.392628">
				<ele>178.000000</ele>
			</trkpt>
			<trkpt lat="50.171674" lon="14.392978">
				<ele>179.000000</ele>
			</trkpt>
			<trkpt lat="50.171714" lon="14.393696">
				<ele>178.000000</ele>
			</trkpt>
			<trkpt lat="50.171725" lon="14.394083">
				<ele>178.000000</ele>
			</trkpt>
			<trkpt lat="50.171720" lon="14.394335">
				<ele>178.000000</ele>
			</trkpt>
			<trkpt lat="50.171674" lon="14.394775">
				<ele>179.000000</ele>
			</trkpt>
			<trkpt lat="50.171668" lon="14.394981">
				<ele>178.000000</ele>
			</trkpt>
			<trkpt lat="50.171674" lon="14.395610">
				<ele>179.000000</ele>
			</trkpt>
			<trkpt lat="50.171656" lon="14.395807">
				<ele>179.000000</ele>
			</trkpt>
			<trkpt lat="50.171628" lon="14.396023">
				<ele>178.000000</ele>
			</trkpt>
			<trkpt lat="50.171559" lon="14.396400">
				<ele>178.000000</ele>
			</trkpt>
			<trkpt lat="50.171444" lon="14.396849">
				<ele>178.000000</ele>
			</trkpt>
			<trkpt lat="50.171300" lon="14.397299">
				<ele>179.000000</ele>
			</trkpt>
			<trkpt lat="50.171133" lon="14.397739">
				<ele>179.000000</ele>
			</trkpt>
			<trkpt lat="50.170989" lon="14.398071">
				<ele>179.000000</ele>
			</trkpt>
			<trkpt lat="50.170857" lon="14.398368">
				<ele>179.000000</ele>
			</trkpt>
			<trkpt lat="50.170690" lon="14.398683">
				<ele>179.000000</ele>
			</trkpt>
			<trkpt lat="50.170563" lon="14.398907">
				<ele>179.000000</ele>
			</trkpt>
			<trkpt lat="50.170420" lon="14.399113">
				<ele>179.000000</ele>
			</trkpt>
			<trkpt lat="50.170235" lon="14.399375">
				<ele>179.000000</ele>
			</trkpt>
			<trkpt lat="50.169804" lon="14.399922">
				<ele>178.000000</ele>
			</trkpt>
			<trkpt lat="50.169678" lon="14.400075">
				<ele>178.000000</ele>
			</trkpt>
			<trkpt lat="50.169557" lon="14.400191">
				<ele>178.000000</ele>
			</trkpt>
			<trkpt lat="50.169257" lon="14.400444">
				<ele>178.000000</ele>
			</trkpt>
			<trkpt lat="50.168964" lon="14.400658">
				<ele>179.000000</ele>
			</trkpt>
			<trkpt lat="50.168624" lon="14.400874">
				<ele>179.000000</ele>
			</trkpt>
			<trkpt lat="50.168118" lon="14.401180">
				<ele>180.000000</ele>
			</trkpt>
			<trkpt lat="50.167761" lon="14.401377">
				<ele>180.000000</ele>
			</trkpt>
			<trkpt lat="50.167554" lon="14.401494">
				<ele>180.000000</ele>
			</trkpt>
			<trkpt lat="50.167347" lon="14.401566">
				<ele>179.000000</ele>
			</trkpt>
			<trkpt lat="50.167152" lon="14.401620">
				<ele>179.000000</ele>
			</trkpt>
			<trkpt lat="50.166990" lon="14.401656">
				<ele>179.000000</ele>
			</trkpt>
			<trkpt lat="50.166812" lon="14.401656">
				<ele>179.000000</ele>
			</trkpt>
			<trkpt lat="50.166628" lon="14.401629">
				<ele>179.000000</ele>
			</trkpt>
			<trkpt lat="50.166438" lon="14.401593">
				<ele>179.000000</ele>
			</trkpt>
			<trkpt lat="50.166242" lon="14.401503">
				<ele>179.000000</ele>
			</trkpt>
			<trkpt lat="50.165897" lon="14.401333">
				<ele>178.000000</ele>
			</trkpt>
			<trkpt lat="50.165839" lon="14.401306">
				<ele>178.000000</ele>
			</trkpt>
			<trkpt lat="50.165782" lon="14.401279">
				<ele>178.000000</ele>
			</trkpt>
			<trkpt lat="50.165730" lon="14.401279">
				<ele>177.000000</ele>
			</trkpt>
			<trkpt lat="50.165672" lon="14.401287">
				<ele>177.000000</ele>
			</trkpt>
			<trkpt lat="50.165592" lon="14.401333">
				<ele>178.000000</ele>
			</trkpt>
			<trkpt lat="50.165523" lon="14.401386">
				<ele>178.000000</ele>
			</trkpt>
			<trkpt lat="50.165063" lon="14.401000">
				<ele>181.000000</ele>
			</trkpt>
			<trkpt lat="50.164700" lon="14.400731">
				<ele>183.000000</ele>
			</trkpt>
			<trkpt lat="50.164459" lon="14.400524">
				<ele>183.000000</ele>
			</trkpt>
			<trkpt lat="50.164292" lon="14.400354">
				<ele>182.000000</ele>
			</trkpt>
			<trkpt lat="50.163779" lon="14.399886">
				<ele>179.000000</ele>
			</trkpt>
			<trkpt lat="50.163572" lon="14.399689">
				<ele>178.000000</ele>
			</trkpt>
			<trkpt lat="50.163417" lon="14.399581">
				<ele>178.000000</ele>
			</trkpt>
			<trkpt lat="50.163262" lon="14.399482">
				<ele>178.000000</ele>
			</trkpt>
			<trkpt lat="50.163112" lon="14.399402">
				<ele>179.000000</ele>
			</trkpt>
			<trkpt lat="50.162957" lon="14.399339">
				<ele>179.000000</ele>
			</trkpt>
			<trkpt lat="50.162807" lon="14.399293">
				<ele>179.000000</ele>
			</trkpt>
			<trkpt lat="50.162416" lon="14.399203">
				<ele>180.000000</ele>
			</trkpt>
			<trkpt lat="50.162329" lon="14.399159">
				<ele>180.000000</ele>
			</trkpt>
			<trkpt lat="50.162202" lon="14.399078">
				<ele>180.000000</ele>
			</trkpt>
			<trkpt lat="50.162179" lon="14.398970">
				<ele>181.000000</ele>
			</trkpt>
			<trkpt lat="50.162179" lon="14.398647">
				<ele>181.000000</ele>
			</trkpt>
			<trkpt lat="50.162047" lon="14.398593">
				<ele>181.000000</ele>
			</trkpt>
			<trkpt lat="50.161800" lon="14.398520">
				<ele>183.000000</ele>
			</trkpt>
			<trkpt lat="50.161587" lon="14.398440">
				<ele>185.000000</ele>
			</trkpt>
			<trkpt lat="50.161431" lon="14.398377">
				<ele>186.000000</ele>
			</trkpt>
			<trkpt lat="50.161282" lon="14.398296">
				<ele>186.000000</ele>
			</trkpt>
			<trkpt lat="50.161143" lon="14.398180">
				<ele>188.000000</ele>
			</trkpt>
			<trkpt lat="50.161005" lon="14.398063">
				<ele>189.000000</ele>
			</trkpt>
			<trkpt lat="50.160430" lon="14.398000">
				<ele>188.000000</ele>
			</trkpt>
			<trkpt lat="50.159434" lon="14.397883">
				<ele>186.000000</ele>
			</trkpt>
			<trkpt lat="50.159348" lon="14.397901">
				<ele>185.000000</ele>
			</trkpt>
		</trkseg>
	
		<name>11. Roztoky - Praha</name>
		<desc>trasa pěšky</desc>
		<trkseg>
			<trkpt lat="50.159348" lon="14.397901">
				<ele>185.000000</ele>
			</trkpt>
			<trkpt lat="50.159325" lon="14.397901">
				<ele>185.000000</ele>
			</trkpt>
			<trkpt lat="50.159308" lon="14.397857">
				<ele>185.402008</ele>
			</trkpt>
			<trkpt lat="50.159296" lon="14.397802">
				<ele>186.000000</ele>
			</trkpt>
			<trkpt lat="50.159296" lon="14.397731">
				<ele>186.000000</ele>
			</trkpt>
			<trkpt lat="50.159308" lon="14.397658">
				<ele>186.584595</ele>
			</trkpt>
			<trkpt lat="50.159187" lon="14.397677">
				<ele>185.908630</ele>
			</trkpt>
			<trkpt lat="50.158974" lon="14.397694">
				<ele>185.000000</ele>
			</trkpt>
			<trkpt lat="50.158819" lon="14.397721">
				<ele>183.950455</ele>
			</trkpt>
			<trkpt lat="50.158669" lon="14.397767">
				<ele>183.000000</ele>
			</trkpt>
			<trkpt lat="50.158444" lon="14.397857">
				<ele>181.969543</ele>
			</trkpt>
			<trkpt lat="50.158353" lon="14.397883">
				<ele>181.036484</ele>
			</trkpt>
			<trkpt lat="50.158249" lon="14.397883">
				<ele>181.000000</ele>
			</trkpt>
			<trkpt lat="50.158122" lon="14.397847">
				<ele>180.000000</ele>
			</trkpt>
			<trkpt lat="50.158139" lon="14.397658">
				<ele>181.000000</ele>
			</trkpt>
			<trkpt lat="50.158128" lon="14.397587">
				<ele>181.181122</ele>
			</trkpt>
			<trkpt lat="50.158117" lon="14.397532">
				<ele>181.262741</ele>
			</trkpt>
			<trkpt lat="50.158048" lon="14.397254">
				<ele>182.005417</ele>
			</trkpt>
			<trkpt lat="50.157961" lon="14.397021">
				<ele>182.000000</ele>
			</trkpt>
			<trkpt lat="50.157881" lon="14.396815">
				<ele>182.150726</ele>
			</trkpt>
			<trkpt lat="50.157783" lon="14.396572">
				<ele>183.316406</ele>
			</trkpt>
			<trkpt lat="50.157610" lon="14.396239">
				<ele>183.676575</ele>
			</trkpt>
			<trkpt lat="50.157547" lon="14.396131">
				<ele>183.348221</ele>
			</trkpt>
			<trkpt lat="50.157334" lon="14.395754">
				<ele>182.934708</ele>
			</trkpt>
			<trkpt lat="50.156689" lon="14.394685">
				<ele>183.000000</ele>
			</trkpt>
			<trkpt lat="50.156482" lon="14.394352">
				<ele>184.000000</ele>
			</trkpt>
			<trkpt lat="50.156367" lon="14.394136">
				<ele>183.854340</ele>
			</trkpt>
			<trkpt lat="50.156217" lon="14.393849">
				<ele>184.000000</ele>
			</trkpt>
			<trkpt lat="50.156045" lon="14.393463">
				<ele>185.309753</ele>
			</trkpt>
			<trkpt lat="50.155555" lon="14.394038">
				<ele>182.000000</ele>
			</trkpt>
			<trkpt lat="50.155481" lon="14.393966">
				<ele>182.000000</ele>
			</trkpt>
			<trkpt lat="50.155434" lon="14.393903">
				<ele>182.413010</ele>
			</trkpt>
			<trkpt lat="50.155394" lon="14.393832">
				<ele>182.949326</ele>
			</trkpt>
			<trkpt lat="50.155348" lon="14.393723">
				<ele>182.145447</ele>
			</trkpt>
			<trkpt lat="50.155348" lon="14.393723">
				<ele>182.145447</ele>
			</trkpt>
			<trkpt lat="50.155348" lon="14.393723">
				<ele>182.145447</ele>
			</trkpt>
			<trkpt lat="50.155227" lon="14.393778">
				<ele>182.000000</ele>
			</trkpt>
			<trkpt lat="50.155015" lon="14.393750">
				<ele>183.000000</ele>
			</trkpt>
			<trkpt lat="50.155031" lon="14.394075">
				<ele>183.353561</ele>
			</trkpt>
			<trkpt lat="50.155037" lon="14.394325">
				<ele>184.248718</ele>
			</trkpt>
			<trkpt lat="50.155020" lon="14.394604">
				<ele>184.946533</ele>
			</trkpt>
			<trkpt lat="50.154991" lon="14.394928">
				<ele>186.052582</ele>
			</trkpt>
			<trkpt lat="50.154991" lon="14.395008">
				<ele>186.052582</ele>
			</trkpt>
			<trkpt lat="50.154991" lon="14.395098">
				<ele>186.052582</ele>
			</trkpt>
			<trkpt lat="50.155049" lon="14.395323">
				<ele>186.050659</ele>
			</trkpt>
			<trkpt lat="50.155129" lon="14.395654">
				<ele>186.681931</ele>
			</trkpt>
			<trkpt lat="50.155170" lon="14.395826">
				<ele>186.953583</ele>
			</trkpt>
			<trkpt lat="50.154980" lon="14.395673">
				<ele>188.000000</ele>
			</trkpt>
			<trkpt lat="50.154732" lon="14.395448">
				<ele>189.764297</ele>
			</trkpt>
			<trkpt lat="50.154634" lon="14.395287">
				<ele>192.250565</ele>
			</trkpt>
			<trkpt lat="50.154462" lon="14.395035">
				<ele>195.000000</ele>
			</trkpt>
			<trkpt lat="50.154307" lon="14.394828">
				<ele>198.059464</ele>
			</trkpt>
			<trkpt lat="50.154255" lon="14.394765">
				<ele>199.658203</ele>
			</trkpt>
			<trkpt lat="50.154191" lon="14.394730">
				<ele>200.951385</ele>
			</trkpt>
			<trkpt lat="50.154122" lon="14.394712">
				<ele>202.562103</ele>
			</trkpt>
			<trkpt lat="50.154059" lon="14.394748">
				<ele>203.254135</ele>
			</trkpt>
			<trkpt lat="50.153995" lon="14.394811">
				<ele>203.659241</ele>
			</trkpt>
			<trkpt lat="50.153897" lon="14.394954">
				<ele>205.778519</ele>
			</trkpt>
			<trkpt lat="50.153852" lon="14.395054">
				<ele>206.296555</ele>
			</trkpt>
			<trkpt lat="50.153765" lon="14.395268">
				<ele>208.698441</ele>
			</trkpt>
			<trkpt lat="50.153708" lon="14.395377">
				<ele>210.702255</ele>
			</trkpt>
			<trkpt lat="50.153645" lon="14.395467">
				<ele>211.898132</ele>
			</trkpt>
			<trkpt lat="50.153587" lon="14.395538">
				<ele>213.206787</ele>
			</trkpt>
			<trkpt lat="50.153512" lon="14.395574">
				<ele>215.128571</ele>
			</trkpt>
			<trkpt lat="50.153449" lon="14.395620">
				<ele>216.303589</ele>
			</trkpt>
			<trkpt lat="50.153380" lon="14.395637">
				<ele>217.267334</ele>
			</trkpt>
			<trkpt lat="50.153299" lon="14.395646">
				<ele>218.458633</ele>
			</trkpt>
			<trkpt lat="50.153207" lon="14.395637">
				<ele>219.329025</ele>
			</trkpt>
			<trkpt lat="50.153109" lon="14.395628">
				<ele>219.642532</ele>
			</trkpt>
			<trkpt lat="50.152695" lon="14.395520">
				<ele>222.817017</ele>
			</trkpt>
			<trkpt lat="50.152476" lon="14.395448">
				<ele>226.429352</ele>
			</trkpt>
			<trkpt lat="50.152407" lon="14.395413">
				<ele>227.205673</ele>
			</trkpt>
			<trkpt lat="50.152349" lon="14.395350">
				<ele>228.304504</ele>
			</trkpt>
			<trkpt lat="50.152304" lon="14.395268">
				<ele>229.000000</ele>
			</trkpt>
			<trkpt lat="50.152251" lon="14.395134">
				<ele>229.708084</ele>
			</trkpt>
			<trkpt lat="50.152235" lon="14.395089">
				<ele>230.215683</ele>
			</trkpt>
			<trkpt lat="50.152206" lon="14.395062">
				<ele>230.514267</ele>
			</trkpt>
			<trkpt lat="50.152079" lon="14.394991">
				<ele>231.000000</ele>
			</trkpt>
			<trkpt lat="50.151964" lon="14.395233">
				<ele>229.000000</ele>
			</trkpt>
			<trkpt lat="50.151837" lon="14.395431">
				<ele>227.408752</ele>
			</trkpt>
			<trkpt lat="50.151647" lon="14.395268">
				<ele>229.333710</ele>
			</trkpt>
			<trkpt lat="50.151544" lon="14.395251">
				<ele>230.000000</ele>
			</trkpt>
			<trkpt lat="50.151290" lon="14.395287">
				<ele>230.000000</ele>
			</trkpt>
			<trkpt lat="50.151152" lon="14.395287">
				<ele>230.000000</ele>
			</trkpt>
			<trkpt lat="50.150427" lon="14.395197">
				<ele>229.006424</ele>
			</trkpt>
			<trkpt lat="50.150272" lon="14.395152">
				<ele>229.514008</ele>
			</trkpt>
			<trkpt lat="50.150174" lon="14.395125">
				<ele>229.812592</ele>
			</trkpt>
			<trkpt lat="50.150093" lon="14.395089">
				<ele>230.431351</ele>
			</trkpt>
			<trkpt lat="50.149995" lon="14.395008">
				<ele>232.000000</ele>
			</trkpt>
			<trkpt lat="50.149829" lon="14.394838">
				<ele>232.007416</ele>
			</trkpt>
			<trkpt lat="50.149696" lon="14.394739">
				<ele>233.000000</ele>
			</trkpt>
			<trkpt lat="50.149558" lon="14.394658">
				<ele>232.553268</ele>
			</trkpt>
			<trkpt lat="50.149379" lon="14.394568">
				<ele>233.008179</ele>
			</trkpt>
			<trkpt lat="50.149206" lon="14.394496">
				<ele>233.814346</ele>
			</trkpt>
			<trkpt lat="50.149057" lon="14.394442">
				<ele>234.411514</ele>
			</trkpt>
			<trkpt lat="50.148683" lon="14.394362">
				<ele>235.307251</ele>
			</trkpt>
			<trkpt lat="50.148585" lon="14.394335">
				<ele>235.605835</ele>
			</trkpt>
			<trkpt lat="50.148504" lon="14.394281">
				<ele>236.203003</ele>
			</trkpt>
			<trkpt lat="50.148188" lon="14.393993">
				<ele>239.412766</ele>
			</trkpt>
			<trkpt lat="50.147854" lon="14.393742">
				<ele>240.204498</ele>
			</trkpt>
			<trkpt lat="50.147647" lon="14.393607">
				<ele>241.000000</ele>
			</trkpt>
			<trkpt lat="50.147451" lon="14.393499">
				<ele>241.906662</ele>
			</trkpt>
			<trkpt lat="50.147105" lon="14.393247">
				<ele>243.391144</ele>
			</trkpt>
			<trkpt lat="50.146932" lon="14.393140">
				<ele>243.907669</ele>
			</trkpt>
			<trkpt lat="50.146869" lon="14.393094">
				<ele>243.912247</ele>
			</trkpt>
			<trkpt lat="50.146806" lon="14.393033">
				<ele>243.881973</ele>
			</trkpt>
			<trkpt lat="50.146611" lon="14.392754">
				<ele>244.694870</ele>
			</trkpt>
			<trkpt lat="50.146553" lon="14.392700">
				<ele>245.087494</ele>
			</trkpt>
			<trkpt lat="50.146489" lon="14.392646">
				<ele>245.098511</ele>
			</trkpt>
			<trkpt lat="50.146420" lon="14.392583">
				<ele>245.103256</ele>
			</trkpt>
			<trkpt lat="50.146346" lon="14.392547">
				<ele>245.258911</ele>
			</trkpt>
			<trkpt lat="50.146277" lon="14.392528">
				<ele>244.715347</ele>
			</trkpt>
			<trkpt lat="50.146196" lon="14.392538">
				<ele>244.610840</ele>
			</trkpt>
			<trkpt lat="50.146115" lon="14.392538">
				<ele>245.155411</ele>
			</trkpt>
			<trkpt lat="50.146029" lon="14.392565">
				<ele>246.057648</ele>
			</trkpt>
			<trkpt lat="50.145764" lon="14.392691">
				<ele>246.940475</ele>
			</trkpt>
			<trkpt lat="50.145223" lon="14.392880">
				<ele>248.600052</ele>
			</trkpt>
			<trkpt lat="50.145050" lon="14.392915">
				<ele>248.415756</ele>
			</trkpt>
			<trkpt lat="50.144866" lon="14.392915">
				<ele>248.415756</ele>
			</trkpt>
			<trkpt lat="50.144538" lon="14.392907">
				<ele>248.505341</ele>
			</trkpt>
			<trkpt lat="50.144296" lon="14.392924">
				<ele>249.311264</ele>
			</trkpt>
			<trkpt lat="50.144227" lon="14.392933">
				<ele>249.457275</ele>
			</trkpt>
			<trkpt lat="50.144152" lon="14.392970">
				<ele>250.083405</ele>
			</trkpt>
			<trkpt lat="50.143951" lon="14.393122">
				<ele>248.970642</ele>
			</trkpt>
			<trkpt lat="50.143778" lon="14.393247">
				<ele>249.560837</ele>
			</trkpt>
			<trkpt lat="50.143714" lon="14.393266">
				<ele>249.504333</ele>
			</trkpt>
			<trkpt lat="50.143651" lon="14.393266">
				<ele>249.553223</ele>
			</trkpt>
			<trkpt lat="50.143542" lon="14.393257">
				<ele>250.608841</ele>
			</trkpt>
			<trkpt lat="50.143438" lon="14.393212">
				<ele>251.101501</ele>
			</trkpt>
			<trkpt lat="50.143346" lon="14.393131">
				<ele>252.012177</ele>
			</trkpt>
			<trkpt lat="50.143162" lon="14.392960">
				<ele>252.908173</ele>
			</trkpt>
			<trkpt lat="50.143059" lon="14.392870">
				<ele>253.503143</ele>
			</trkpt>
			<trkpt lat="50.143030" lon="14.392826">
				<ele>253.493210</ele>
			</trkpt>
			<trkpt lat="50.143001" lon="14.392771">
				<ele>253.657562</ele>
			</trkpt>
			<trkpt lat="50.142966" lon="14.392700">
				<ele>253.813675</ele>
			</trkpt>
			<trkpt lat="50.142908" lon="14.392628">
				<ele>253.628357</ele>
			</trkpt>
			<trkpt lat="50.142845" lon="14.392574">
				<ele>253.207748</ele>
			</trkpt>
			<trkpt lat="50.142765" lon="14.392538">
				<ele>253.610840</ele>
			</trkpt>
			<trkpt lat="50.142667" lon="14.392511">
				<ele>253.000000</ele>
			</trkpt>
			<trkpt lat="50.142558" lon="14.392484">
				<ele>253.253952</ele>
			</trkpt>
			<trkpt lat="50.142218" lon="14.392430">
				<ele>254.805161</ele>
			</trkpt>
			<trkpt lat="50.142137" lon="14.392421">
				<ele>254.941177</ele>
			</trkpt>
			<trkpt lat="50.142091" lon="14.392394">
				<ele>255.208252</ele>
			</trkpt>
			<trkpt lat="50.142057" lon="14.392358">
				<ele>255.611343</ele>
			</trkpt>
			<trkpt lat="50.142028" lon="14.392304">
				<ele>256.000000</ele>
			</trkpt>
			<trkpt lat="50.141976" lon="14.392205">
				<ele>256.313263</ele>
			</trkpt>
			<trkpt lat="50.141890" lon="14.392152">
				<ele>256.910431</ele>
			</trkpt>
			<trkpt lat="50.141803" lon="14.392098">
				<ele>257.507599</ele>
			</trkpt>
			<trkpt lat="50.141728" lon="14.392098">
				<ele>257.507599</ele>
			</trkpt>
			<trkpt lat="50.141705" lon="14.392098">
				<ele>257.507599</ele>
			</trkpt>
			<trkpt lat="50.141683" lon="14.392071">
				<ele>257.806183</ele>
			</trkpt>
			<trkpt lat="50.141642" lon="14.391972">
				<ele>258.000000</ele>
			</trkpt>
			<trkpt lat="50.141602" lon="14.391909">
				<ele>258.866302</ele>
			</trkpt>
			<trkpt lat="50.141567" lon="14.391865">
				<ele>259.105255</ele>
			</trkpt>
			<trkpt lat="50.141487" lon="14.391828">
				<ele>259.508331</ele>
			</trkpt>
			<trkpt lat="50.141378" lon="14.391765">
				<ele>260.000000</ele>
			</trkpt>
			<trkpt lat="50.141285" lon="14.391702">
				<ele>260.138885</ele>
			</trkpt>
			<trkpt lat="50.141095" lon="14.391496">
				<ele>263.000000</ele>
			</trkpt>
			<trkpt lat="50.140980" lon="14.391343">
				<ele>263.952118</ele>
			</trkpt>
			<trkpt lat="50.140899" lon="14.391146">
				<ele>265.107239</ele>
			</trkpt>
			<trkpt lat="50.140808" lon="14.390920">
				<ele>266.273834</ele>
			</trkpt>
			<trkpt lat="50.140726" lon="14.390670">
				<ele>267.407074</ele>
			</trkpt>
			<trkpt lat="50.140612" lon="14.390293">
				<ele>268.602173</ele>
			</trkpt>
			<trkpt lat="50.140548" lon="14.390086">
				<ele>269.000000</ele>
			</trkpt>
			<trkpt lat="50.140531" lon="14.389978">
				<ele>269.000000</ele>
			</trkpt>
			<trkpt lat="50.140514" lon="14.389852">
				<ele>269.000000</ele>
			</trkpt>
			<trkpt lat="50.140503" lon="14.389699">
				<ele>270.000000</ele>
			</trkpt>
			<trkpt lat="50.140456" lon="14.389475">
				<ele>270.000000</ele>
			</trkpt>
			<trkpt lat="50.140387" lon="14.389421">
				<ele>270.000000</ele>
			</trkpt>
			<trkpt lat="50.140307" lon="14.389331">
				<ele>270.000000</ele>
			</trkpt>
			<trkpt lat="50.139690" lon="14.388666">
				<ele>270.000000</ele>
			</trkpt>
			<trkpt lat="50.139489" lon="14.388478">
				<ele>269.929596</ele>
			</trkpt>
			<trkpt lat="50.139281" lon="14.388299">
				<ele>268.811066</ele>
			</trkpt>
			<trkpt lat="50.138936" lon="14.388020">
				<ele>266.049072</ele>
			</trkpt>
			<trkpt lat="50.138833" lon="14.387939">
				<ele>266.000000</ele>
			</trkpt>
			<trkpt lat="50.138758" lon="14.387840">
				<ele>265.000000</ele>
			</trkpt>
			<trkpt lat="50.138683" lon="14.387733">
				<ele>265.000000</ele>
			</trkpt>
			<trkpt lat="50.138602" lon="14.387607">
				<ele>265.000000</ele>
			</trkpt>
			<trkpt lat="50.138533" lon="14.387525">
				<ele>265.000000</ele>
			</trkpt>
			<trkpt lat="50.138441" lon="14.387471">
				<ele>265.000000</ele>
			</trkpt>
			<trkpt lat="50.138326" lon="14.387427">
				<ele>264.728516</ele>
			</trkpt>
			<trkpt lat="50.137848" lon="14.387283">
				<ele>266.000000</ele>
			</trkpt>
			<trkpt lat="50.137295" lon="14.387094">
				<ele>269.000000</ele>
			</trkpt>
			<trkpt lat="50.136340" lon="14.386681">
				<ele>270.000000</ele>
			</trkpt>
			<trkpt lat="50.136207" lon="14.386628">
				<ele>271.000000</ele>
			</trkpt>
			<trkpt lat="50.136075" lon="14.386752">
				<ele>270.015015</ele>
			</trkpt>
			<trkpt lat="50.135982" lon="14.386861">
				<ele>268.805756</ele>
			</trkpt>
			<trkpt lat="50.135919" lon="14.386968">
				<ele>267.611420</ele>
			</trkpt>
			<trkpt lat="50.135873" lon="14.387112">
				<ele>267.000000</ele>
			</trkpt>
			<trkpt lat="50.135769" lon="14.387417">
				<ele>265.000000</ele>
			</trkpt>
			<trkpt lat="50.135683" lon="14.387714">
				<ele>262.692596</ele>
			</trkpt>
			<trkpt lat="50.135499" lon="14.387767">
				<ele>260.351379</ele>
			</trkpt>
			<trkpt lat="50.135337" lon="14.387804">
				<ele>259.686157</ele>
			</trkpt>
			<trkpt lat="50.135297" lon="14.387830">
				<ele>259.011993</ele>
			</trkpt>
			<trkpt lat="50.135251" lon="14.387884">
				<ele>258.446533</ele>
			</trkpt>
			<trkpt lat="50.135119" lon="14.388046">
				<ele>254.662994</ele>
			</trkpt>
			<trkpt lat="50.134998" lon="14.388172">
				<ele>251.891785</ele>
			</trkpt>
			<trkpt lat="50.134946" lon="14.388226">
				<ele>250.972443</ele>
			</trkpt>
			<trkpt lat="50.134865" lon="14.388299">
				<ele>248.405243</ele>
			</trkpt>
			<trkpt lat="50.134716" lon="14.388396">
				<ele>244.597061</ele>
			</trkpt>
			<trkpt lat="50.134531" lon="14.388496">
				<ele>237.643509</ele>
			</trkpt>
			<trkpt lat="50.134480" lon="14.388523">
				<ele>236.476212</ele>
			</trkpt>
			<trkpt lat="50.134433" lon="14.388586">
				<ele>234.641281</ele>
			</trkpt>
			<trkpt lat="50.134411" lon="14.388666">
				<ele>232.232086</ele>
			</trkpt>
			<trkpt lat="50.134319" lon="14.389016">
				<ele>224.733414</ele>
			</trkpt>
			<trkpt lat="50.134197" lon="14.389394">
				<ele>215.219177</ele>
			</trkpt>
			<trkpt lat="50.134152" lon="14.389511">
				<ele>212.669632</ele>
			</trkpt>
			<trkpt lat="50.134117" lon="14.389654">
				<ele>208.877274</ele>
			</trkpt>
			<trkpt lat="50.134099" lon="14.389987">
				<ele>200.012009</ele>
			</trkpt>
			<trkpt lat="50.134111" lon="14.390238">
				<ele>195.375961</ele>
			</trkpt>
			<trkpt lat="50.134128" lon="14.390507">
				<ele>191.427017</ele>
			</trkpt>
			<trkpt lat="50.134168" lon="14.390813">
				<ele>186.562927</ele>
			</trkpt>
			<trkpt lat="50.134238" lon="14.390786">
				<ele>186.168198</ele>
			</trkpt>
			<trkpt lat="50.134295" lon="14.390769">
				<ele>186.302338</ele>
			</trkpt>
			<trkpt lat="50.134359" lon="14.390769">
				<ele>186.302338</ele>
			</trkpt>
			<trkpt lat="50.134422" lon="14.390796">
				<ele>185.355057</ele>
			</trkpt>
			<trkpt lat="50.134687" lon="14.391802">
				<ele>178.000000</ele>
			</trkpt>
			<trkpt lat="50.134433" lon="14.392008">
				<ele>177.661179</ele>
			</trkpt>
			<trkpt lat="50.134203" lon="14.392251">
				<ele>178.000000</ele>
			</trkpt>
			<trkpt lat="50.134250" lon="14.392322">
				<ele>177.353622</ele>
			</trkpt>
			<trkpt lat="50.134417" lon="14.392152">
				<ele>176.950241</ele>
			</trkpt>
			<trkpt lat="50.134560" lon="14.392025">
				<ele>177.266113</ele>
			</trkpt>
			<trkpt lat="50.135142" lon="14.392727">
				<ele>175.000000</ele>
			</trkpt>
			<trkpt lat="50.135142" lon="14.392727">
				<ele>175.000000</ele>
			</trkpt>
			<trkpt lat="50.135758" lon="14.393463">
				<ele>175.584366</ele>
			</trkpt>
			<trkpt lat="50.135775" lon="14.393544">
				<ele>176.087540</ele>
			</trkpt>
			<trkpt lat="50.135695" lon="14.393805">
				<ele>177.497162</ele>
			</trkpt>
			<trkpt lat="50.135643" lon="14.393813">
				<ele>177.501770</ele>
			</trkpt>
			<trkpt lat="50.135579" lon="14.393840">
				<ele>176.971207</ele>
			</trkpt>
			<trkpt lat="50.135418" lon="14.393957">
				<ele>176.184158</ele>
			</trkpt>
			<trkpt lat="50.135061" lon="14.394254">
				<ele>177.245224</ele>
			</trkpt>
			<trkpt lat="50.134791" lon="14.394496">
				<ele>177.195618</ele>
			</trkpt>
			<trkpt lat="50.134578" lon="14.394721">
				<ele>177.044174</ele>
			</trkpt>
			<trkpt lat="50.134388" lon="14.394954">
				<ele>177.346191</ele>
			</trkpt>
			<trkpt lat="50.134226" lon="14.395178">
				<ele>177.194763</ele>
			</trkpt>
			<trkpt lat="50.134123" lon="14.395331">
				<ele>176.941360</ele>
			</trkpt>
			<trkpt lat="50.134025" lon="14.395511">
				<ele>177.241653</ele>
			</trkpt>
			<trkpt lat="50.133915" lon="14.395727">
				<ele>176.752380</ele>
			</trkpt>
			<trkpt lat="50.133702" lon="14.396149">
				<ele>176.655594</ele>
			</trkpt>
			<trkpt lat="50.133357" lon="14.396752">
				<ele>176.498703</ele>
			</trkpt>
			<trkpt lat="50.132982" lon="14.397434">
				<ele>177.541779</ele>
			</trkpt>
			<trkpt lat="50.132338" lon="14.398602">
				<ele>176.455643</ele>
			</trkpt>
			<trkpt lat="50.132240" lon="14.398799">
				<ele>176.848663</ele>
			</trkpt>
			<trkpt lat="50.131980" lon="14.399392">
				<ele>176.940781</ele>
			</trkpt>
			<trkpt lat="50.131681" lon="14.399994">
				<ele>177.021881</ele>
			</trkpt>
			<trkpt lat="50.131584" lon="14.400174">
				<ele>177.000000</ele>
			</trkpt>
			<trkpt lat="50.131486" lon="14.400344">
				<ele>177.000000</ele>
			</trkpt>
			<trkpt lat="50.131376" lon="14.400488">
				<ele>176.971725</ele>
			</trkpt>
			<trkpt lat="50.131261" lon="14.400641">
				<ele>177.000000</ele>
			</trkpt>
			<trkpt lat="50.131117" lon="14.400803">
				<ele>177.000000</ele>
			</trkpt>
			<trkpt lat="50.130984" lon="14.400928">
				<ele>176.785660</ele>
			</trkpt>
			<trkpt lat="50.130696" lon="14.401180">
				<ele>176.592331</ele>
			</trkpt>
			<trkpt lat="50.130454" lon="14.401396">
				<ele>176.000000</ele>
			</trkpt>
			<trkpt lat="50.130287" lon="14.401512">
				<ele>176.249466</ele>
			</trkpt>
			<trkpt lat="50.129982" lon="14.401692">
				<ele>176.843475</ele>
			</trkpt>
			<trkpt lat="50.129550" lon="14.401962">
				<ele>177.000000</ele>
			</trkpt>
			<trkpt lat="50.129585" lon="14.402149">
				<ele>178.386078</ele>
			</trkpt>
			<trkpt lat="50.129585" lon="14.402213">
				<ele>179.000000</ele>
			</trkpt>
			<trkpt lat="50.129579" lon="14.402285">
				<ele>179.000000</ele>
			</trkpt>
			<trkpt lat="50.129447" lon="14.402402">
				<ele>180.192749</ele>
			</trkpt>
			<trkpt lat="50.129320" lon="14.402474">
				<ele>180.998917</ele>
			</trkpt>
			<trkpt lat="50.129182" lon="14.402545">
				<ele>181.000000</ele>
			</trkpt>
			<trkpt lat="50.129003" lon="14.402599">
				<ele>181.000000</ele>
			</trkpt>
			<trkpt lat="50.128393" lon="14.402832">
				<ele>180.015015</ele>
			</trkpt>
			<trkpt lat="50.128088" lon="14.402950">
				<ele>180.000000</ele>
			</trkpt>
			<trkpt lat="50.127846" lon="14.403004">
				<ele>180.000000</ele>
			</trkpt>
			<trkpt lat="50.127512" lon="14.403040">
				<ele>181.000000</ele>
			</trkpt>
			<trkpt lat="50.127155" lon="14.403075">
				<ele>180.000000</ele>
			</trkpt>
			<trkpt lat="50.126918" lon="14.403075">
				<ele>180.000000</ele>
			</trkpt>
			<trkpt lat="50.126706" lon="14.403040">
				<ele>180.000000</ele>
			</trkpt>
			<trkpt lat="50.126481" lon="14.402958">
				<ele>181.000000</ele>
			</trkpt>
			<trkpt lat="50.126003" lon="14.402778">
				<ele>182.775650</ele>
			</trkpt>
			<trkpt lat="50.125698" lon="14.402698">
				<ele>184.412766</ele>
			</trkpt>
			<trkpt lat="50.125612" lon="14.402671">
				<ele>184.126587</ele>
			</trkpt>
			<trkpt lat="50.125514" lon="14.402644">
				<ele>183.853989</ele>
			</trkpt>
			<trkpt lat="50.125427" lon="14.402591">
				<ele>183.000000</ele>
			</trkpt>
			<trkpt lat="50.125341" lon="14.402536">
				<ele>182.000000</ele>
			</trkpt>
			<trkpt lat="50.125260" lon="14.402455">
				<ele>182.000000</ele>
			</trkpt>
			<trkpt lat="50.125064" lon="14.402231">
				<ele>181.000000</ele>
			</trkpt>
			<trkpt lat="50.125001" lon="14.402132">
				<ele>181.000000</ele>
			</trkpt>
			<trkpt lat="50.124938" lon="14.402006">
				<ele>180.798630</ele>
			</trkpt>
			<trkpt lat="50.124747" lon="14.401647">
				<ele>180.353821</ele>
			</trkpt>
			<trkpt lat="50.124529" lon="14.401333">
				<ele>181.000000</ele>
			</trkpt>
			<trkpt lat="50.124529" lon="14.401333">
				<ele>181.000000</ele>
			</trkpt>
			<trkpt lat="50.124529" lon="14.401333">
				<ele>181.000000</ele>
			</trkpt>
			<trkpt lat="50.124246" lon="14.400524">
				<ele>181.014923</ele>
			</trkpt>
			<trkpt lat="50.123906" lon="14.399644">
				<ele>181.954041</ele>
			</trkpt>
			<trkpt lat="50.123832" lon="14.399465">
				<ele>181.621689</ele>
			</trkpt>
			<trkpt lat="50.123768" lon="14.399339">
				<ele>182.000000</ele>
			</trkpt>
			<trkpt lat="50.123699" lon="14.399212">
				<ele>181.691330</ele>
			</trkpt>
			<trkpt lat="50.123590" lon="14.399042">
				<ele>181.000000</ele>
			</trkpt>
			<trkpt lat="50.123400" lon="14.398836">
				<ele>180.871201</ele>
			</trkpt>
			<trkpt lat="50.123118" lon="14.398566">
				<ele>180.141373</ele>
			</trkpt>
			<trkpt lat="50.122887" lon="14.398368">
				<ele>180.285995</ele>
			</trkpt>
			<trkpt lat="50.122778" lon="14.398296">
				<ele>180.271454</ele>
			</trkpt>
			<trkpt lat="50.122530" lon="14.398180">
				<ele>180.195908</ele>
			</trkpt>
			<trkpt lat="50.122335" lon="14.398081">
				<ele>180.091156</ele>
			</trkpt>
			<trkpt lat="50.122115" lon="14.398000">
				<ele>180.195419</ele>
			</trkpt>
			<trkpt lat="50.121931" lon="14.397946">
				<ele>180.196503</ele>
			</trkpt>
			<trkpt lat="50.121747" lon="14.397910">
				<ele>180.195160</ele>
			</trkpt>
			<trkpt lat="50.121563" lon="14.397883">
				<ele>179.896576</ele>
			</trkpt>
			<trkpt lat="50.121372" lon="14.397883">
				<ele>179.896576</ele>
			</trkpt>
			<trkpt lat="50.121119" lon="14.397901">
				<ele>179.770737</ele>
			</trkpt>
			<trkpt lat="50.120445" lon="14.397991">
				<ele>179.177078</ele>
			</trkpt>
			<trkpt lat="50.120209" lon="14.398054">
				<ele>178.792572</ele>
			</trkpt>
			<trkpt lat="50.119978" lon="14.398144">
				<ele>178.760742</ele>
			</trkpt>
			<trkpt lat="50.119806" lon="14.398224">
				<ele>178.642853</ele>
			</trkpt>
			<trkpt lat="50.119604" lon="14.398350">
				<ele>178.183823</ele>
			</trkpt>
			<trkpt lat="50.119046" lon="14.398754">
				<ele>179.237045</ele>
			</trkpt>
			<trkpt lat="50.118798" lon="14.398934">
				<ele>178.586075</ele>
			</trkpt>
			<trkpt lat="50.118463" lon="14.399203">
				<ele>178.586823</ele>
			</trkpt>
			<trkpt lat="50.118394" lon="14.399249">
				<ele>178.409119</ele>
			</trkpt>
			<trkpt lat="50.118320" lon="14.399275">
				<ele>178.021744</ele>
			</trkpt>
			<trkpt lat="50.118158" lon="14.399347">
				<ele>177.046005</ele>
			</trkpt>
			<trkpt lat="50.118043" lon="14.399419">
				<ele>176.990402</ele>
			</trkpt>
			<trkpt lat="50.117934" lon="14.399518">
				<ele>177.000000</ele>
			</trkpt>
			<trkpt lat="50.117830" lon="14.399635">
				<ele>177.214905</ele>
			</trkpt>
			<trkpt lat="50.117686" lon="14.399805">
				<ele>177.031433</ele>
			</trkpt>
			<trkpt lat="50.117409" lon="14.400102">
				<ele>177.279831</ele>
			</trkpt>
			<trkpt lat="50.117271" lon="14.400245">
				<ele>177.158401</ele>
			</trkpt>
			<trkpt lat="50.117202" lon="14.400344">
				<ele>177.480743</ele>
			</trkpt>
			<trkpt lat="50.117127" lon="14.400444">
				<ele>178.001038</ele>
			</trkpt>
			<trkpt lat="50.117070" lon="14.400551">
				<ele>178.946487</ele>
			</trkpt>
			<trkpt lat="50.116989" lon="14.400721">
				<ele>179.433914</ele>
			</trkpt>
			<trkpt lat="50.116828" lon="14.401018">
				<ele>180.818756</ele>
			</trkpt>
			<trkpt lat="50.116735" lon="14.401144">
				<ele>181.443481</ele>
			</trkpt>
			<trkpt lat="50.116396" lon="14.401530">
				<ele>180.488831</ele>
			</trkpt>
			<trkpt lat="50.116131" lon="14.401862">
				<ele>181.000000</ele>
			</trkpt>
			<trkpt lat="50.115906" lon="14.402195">
				<ele>180.147110</ele>
			</trkpt>
			<trkpt lat="50.115693" lon="14.402545">
				<ele>180.790161</ele>
			</trkpt>
			<trkpt lat="50.115463" lon="14.402994">
				<ele>180.885803</ele>
			</trkpt>
			<trkpt lat="50.115267" lon="14.403426">
				<ele>181.000000</ele>
			</trkpt>
			<trkpt lat="50.115077" lon="14.403884">
				<ele>180.747482</ele>
			</trkpt>
			<trkpt lat="50.114921" lon="14.404369">
				<ele>181.136200</ele>
			</trkpt>
			<trkpt lat="50.114760" lon="14.404916">
				<ele>181.253098</ele>
			</trkpt>
			<trkpt lat="50.114627" lon="14.405482">
				<ele>181.948273</ele>
			</trkpt>
			<trkpt lat="50.114495" lon="14.406111">
				<ele>181.167862</ele>
			</trkpt>
			<trkpt lat="50.114374" lon="14.406767">
				<ele>181.000000</ele>
			</trkpt>
			<trkpt lat="50.114287" lon="14.407306">
				<ele>181.000000</ele>
			</trkpt>
			<trkpt lat="50.114236" lon="14.407692">
				<ele>181.000000</ele>
			</trkpt>
			<trkpt lat="50.114213" lon="14.408088">
				<ele>180.754440</ele>
			</trkpt>
			<trkpt lat="50.114195" lon="14.408618">
				<ele>181.000000</ele>
			</trkpt>
			<trkpt lat="50.114189" lon="14.409202">
				<ele>181.000000</ele>
			</trkpt>
			<trkpt lat="50.114207" lon="14.410451">
				<ele>180.649673</ele>
			</trkpt>
			<trkpt lat="50.114213" lon="14.410602">
				<ele>180.754440</ele>
			</trkpt>
			<trkpt lat="50.114224" lon="14.410720">
				<ele>180.952316</ele>
			</trkpt>
			<trkpt lat="50.114305" lon="14.411025">
				<ele>181.186905</ele>
			</trkpt>
			<trkpt lat="50.114322" lon="14.411124">
				<ele>182.000000</ele>
			</trkpt>
			<trkpt lat="50.114437" lon="14.412418">
				<ele>181.653992</ele>
			</trkpt>
			<trkpt lat="50.114495" lon="14.413101">
				<ele>181.357925</ele>
			</trkpt>
			<trkpt lat="50.114524" lon="14.413316">
				<ele>181.155624</ele>
			</trkpt>
			<trkpt lat="50.114564" lon="14.413495">
				<ele>181.167740</ele>
			</trkpt>
			<trkpt lat="50.114610" lon="14.413694">
				<ele>181.645615</ele>
			</trkpt>
			<trkpt lat="50.114679" lon="14.413944">
				<ele>181.844589</ele>
			</trkpt>
			<trkpt lat="50.114720" lon="14.414071">
				<ele>181.959518</ele>
			</trkpt>
			<trkpt lat="50.114743" lon="14.414170">
				<ele>181.950455</ele>
			</trkpt>
			<trkpt lat="50.114743" lon="14.414170">
				<ele>181.950455</ele>
			</trkpt>
			<trkpt lat="50.114863" lon="14.414663">
				<ele>182.045761</ele>
			</trkpt>
			<trkpt lat="50.114990" lon="14.415193">
				<ele>182.000000</ele>
			</trkpt>
			<trkpt lat="50.115094" lon="14.415696">
				<ele>182.000000</ele>
			</trkpt>
			<trkpt lat="50.115198" lon="14.416344">
				<ele>181.604263</ele>
			</trkpt>
			<trkpt lat="50.115347" lon="14.416298">
				<ele>183.000000</ele>
			</trkpt>
			<trkpt lat="50.115428" lon="14.416298">
				<ele>183.094757</ele>
			</trkpt>
			<trkpt lat="50.115457" lon="14.416308">
				<ele>183.352554</ele>
			</trkpt>
			<trkpt lat="50.115486" lon="14.416334">
				<ele>183.848328</ele>
			</trkpt>
			<trkpt lat="50.115537" lon="14.416424">
				<ele>184.000000</ele>
			</trkpt>
			<trkpt lat="50.115555" lon="14.416514">
				<ele>184.000000</ele>
			</trkpt>
			<trkpt lat="50.115561" lon="14.416631">
				<ele>184.000000</ele>
			</trkpt>
			<trkpt lat="50.115543" lon="14.416631">
				<ele>183.911072</ele>
			</trkpt>
			<trkpt lat="50.115543" lon="14.416631">
				<ele>183.911072</ele>
			</trkpt>
			<trkpt lat="50.115376" lon="14.416621">
				<ele>181.976120</ele>
			</trkpt>
			<trkpt lat="50.113400" lon="14.416658">
				<ele>181.000000</ele>
			</trkpt>
			<trkpt lat="50.112709" lon="14.416676">
				<ele>181.000000</ele>
			</trkpt>
			<trkpt lat="50.112329" lon="14.416640">
				<ele>181.000000</ele>
			</trkpt>
			<trkpt lat="50.112110" lon="14.416558">
				<ele>181.000000</ele>
			</trkpt>
			<trkpt lat="50.111499" lon="14.416451">
				<ele>181.000000</ele>
			</trkpt>
			<trkpt lat="50.111447" lon="14.416460">
				<ele>181.000000</ele>
			</trkpt>
			<trkpt lat="50.111390" lon="14.416468">
				<ele>181.000000</ele>
			</trkpt>
			<trkpt lat="50.111332" lon="14.416497">
				<ele>181.324585</ele>
			</trkpt>
			<trkpt lat="50.111274" lon="14.416541">
				<ele>182.000000</ele>
			</trkpt>
			<trkpt lat="50.111269" lon="14.416658">
				<ele>182.000000</ele>
			</trkpt>
			<trkpt lat="50.111252" lon="14.416766">
				<ele>182.000000</ele>
			</trkpt>
			<trkpt lat="50.111274" lon="14.416810">
				<ele>182.000000</ele>
			</trkpt>
			<trkpt lat="50.111286" lon="14.416847">
				<ele>182.000000</ele>
			</trkpt>
			<trkpt lat="50.111303" lon="14.416990">
				<ele>182.000000</ele>
			</trkpt>
			<trkpt lat="50.111344" lon="14.417547">
				<ele>182.095795</ele>
			</trkpt>
			<trkpt lat="50.111372" lon="14.417745">
				<ele>182.551239</ele>
			</trkpt>
			<trkpt lat="50.111407" lon="14.417942">
				<ele>182.139069</ele>
			</trkpt>
			<trkpt lat="50.111246" lon="14.417925">
				<ele>184.997864</ele>
			</trkpt>
			<trkpt lat="50.111165" lon="14.417925">
				<ele>183.849792</ele>
			</trkpt>
			<trkpt lat="50.110860" lon="14.417942">
				<ele>182.891663</ele>
			</trkpt>
			<trkpt lat="50.110768" lon="14.417942">
				<ele>185.000000</ele>
			</trkpt>
			<trkpt lat="50.110768" lon="14.417835">
				<ele>184.000000</ele>
			</trkpt>
			<trkpt lat="50.110635" lon="14.417826">
				<ele>183.000000</ele>
			</trkpt>
			<trkpt lat="50.110635" lon="14.417952">
				<ele>183.654892</ele>
			</trkpt>
			<trkpt lat="50.110456" lon="14.417996">
				<ele>182.000000</ele>
			</trkpt>
			<trkpt lat="50.109512" lon="14.418455">
				<ele>182.852829</ele>
			</trkpt>
			<trkpt lat="50.109253" lon="14.418581">
				<ele>183.114136</ele>
			</trkpt>
			<trkpt lat="50.108786" lon="14.418841">
				<ele>182.446472</ele>
			</trkpt>
			<trkpt lat="50.108688" lon="14.419263">
				<ele>183.000000</ele>
			</trkpt>
			<trkpt lat="50.108746" lon="14.419523">
				<ele>182.885208</ele>
			</trkpt>
			<trkpt lat="50.108682" lon="14.419568">
				<ele>182.000000</ele>
			</trkpt>
			<trkpt lat="50.108700" lon="14.419676">
				<ele>182.052078</ele>
			</trkpt>
			<trkpt lat="50.108676" lon="14.419829">
				<ele>181.930191</ele>
			</trkpt>
			<trkpt lat="50.108648" lon="14.419954">
				<ele>181.064697</ele>
			</trkpt>
			<trkpt lat="50.108533" lon="14.420279">
				<ele>180.000000</ele>
			</trkpt>
			<trkpt lat="50.108429" lon="14.420718">
				<ele>180.000000</ele>
			</trkpt>
			<trkpt lat="50.108360" lon="14.420916">
				<ele>180.000000</ele>
			</trkpt>
			<trkpt lat="50.108313" lon="14.421024">
				<ele>180.000000</ele>
			</trkpt>
			<trkpt lat="50.108267" lon="14.421114">
				<ele>180.000000</ele>
			</trkpt>
			<trkpt lat="50.108152" lon="14.421275">
				<ele>180.000000</ele>
			</trkpt>
			<trkpt lat="50.108055" lon="14.421374">
				<ele>180.000000</ele>
			</trkpt>
			<trkpt lat="50.107973" lon="14.421445">
				<ele>180.000000</ele>
			</trkpt>
			<trkpt lat="50.107893" lon="14.421508">
				<ele>180.000000</ele>
			</trkpt>
			<trkpt lat="50.107801" lon="14.421545">
				<ele>180.000000</ele>
			</trkpt>
			<trkpt lat="50.107731" lon="14.421581">
				<ele>180.000000</ele>
			</trkpt>
			<trkpt lat="50.107657" lon="14.421581">
				<ele>179.661606</ele>
			</trkpt>
			<trkpt lat="50.107432" lon="14.421581">
				<ele>180.000000</ele>
			</trkpt>
			<trkpt lat="50.107432" lon="14.421751">
				<ele>180.000000</ele>
			</trkpt>
			<trkpt lat="50.107415" lon="14.421823">
				<ele>180.000000</ele>
			</trkpt>
			<trkpt lat="50.107397" lon="14.421877">
				<ele>180.000000</ele>
			</trkpt>
			<trkpt lat="50.107375" lon="14.421931">
				<ele>180.000000</ele>
			</trkpt>
			<trkpt lat="50.107340" lon="14.421976">
				<ele>180.000000</ele>
			</trkpt>
			<trkpt lat="50.107236" lon="14.422047">
				<ele>179.961884</ele>
			</trkpt>
			<trkpt lat="50.107167" lon="14.422074">
				<ele>180.000000</ele>
			</trkpt>
			<trkpt lat="50.107104" lon="14.422093">
				<ele>180.000000</ele>
			</trkpt>
			<trkpt lat="50.107040" lon="14.422074">
				<ele>180.000000</ele>
			</trkpt>
			<trkpt lat="50.106913" lon="14.422003">
				<ele>180.000000</ele>
			</trkpt>
			<trkpt lat="50.106850" lon="14.421994">
				<ele>180.000000</ele>
			</trkpt>
			<trkpt lat="50.106786" lon="14.421994">
				<ele>180.000000</ele>
			</trkpt>
			<trkpt lat="50.106706" lon="14.422011">
				<ele>180.000000</ele>
			</trkpt>
			<trkpt lat="50.106626" lon="14.422084">
				<ele>180.000000</ele>
			</trkpt>
			<trkpt lat="50.106528" lon="14.422191">
				<ele>180.000000</ele>
			</trkpt>
			<trkpt lat="50.106447" lon="14.422308">
				<ele>180.000000</ele>
			</trkpt>
			<trkpt lat="50.106377" lon="14.422443">
				<ele>180.000000</ele>
			</trkpt>
			<trkpt lat="50.106314" lon="14.422587">
				<ele>180.000000</ele>
			</trkpt>
			<trkpt lat="50.106251" lon="14.422757">
				<ele>180.000000</ele>
			</trkpt>
			<trkpt lat="50.106210" lon="14.422929">
				<ele>181.000000</ele>
			</trkpt>
			<trkpt lat="50.106164" lon="14.423116">
				<ele>181.990295</ele>
			</trkpt>
			<trkpt lat="50.106135" lon="14.423288">
				<ele>183.000000</ele>
			</trkpt>
			<trkpt lat="50.106003" lon="14.423080">
				<ele>183.000000</ele>
			</trkpt>
			<trkpt lat="50.105968" lon="14.423080">
				<ele>183.352707</ele>
			</trkpt>
			<trkpt lat="50.105923" lon="14.423108">
				<ele>184.000000</ele>
			</trkpt>
			<trkpt lat="50.105894" lon="14.423153">
				<ele>184.000000</ele>
			</trkpt>
			<trkpt lat="50.105848" lon="14.423252">
				<ele>184.000000</ele>
			</trkpt>
			<trkpt lat="50.105813" lon="14.423378">
				<ele>184.052826</ele>
			</trkpt>
			<trkpt lat="50.105790" lon="14.423485">
				<ele>184.448532</ele>
			</trkpt>
			<trkpt lat="50.105744" lon="14.423826">
				<ele>186.423965</ele>
			</trkpt>
			<trkpt lat="50.105657" lon="14.424508">
				<ele>190.000000</ele>
			</trkpt>
			<trkpt lat="50.105496" lon="14.425902">
				<ele>191.000000</ele>
			</trkpt>
			<trkpt lat="50.105461" lon="14.426153">
				<ele>191.000000</ele>
			</trkpt>
			<trkpt lat="50.105433" lon="14.426261">
				<ele>191.000000</ele>
			</trkpt>
			<trkpt lat="50.105386" lon="14.426432">
				<ele>191.000000</ele>
			</trkpt>
			<trkpt lat="50.105352" lon="14.426539">
				<ele>191.000000</ele>
			</trkpt>
			<trkpt lat="50.105237" lon="14.426827">
				<ele>191.141891</ele>
			</trkpt>
			<trkpt lat="50.105214" lon="14.426934">
				<ele>192.000000</ele>
			</trkpt>
			<trkpt lat="50.105197" lon="14.427078">
				<ele>192.000000</ele>
			</trkpt>
			<trkpt lat="50.105197" lon="14.427132">
				<ele>192.000000</ele>
			</trkpt>
			<trkpt lat="50.105197" lon="14.427132">
				<ele>192.000000</ele>
			</trkpt>
			<trkpt lat="50.105179" lon="14.427940">
				<ele>192.486115</ele>
			</trkpt>
			<trkpt lat="50.105174" lon="14.428166">
				<ele>192.000000</ele>
			</trkpt>
			<trkpt lat="50.105156" lon="14.428336">
				<ele>192.000000</ele>
			</trkpt>
			<trkpt lat="50.105128" lon="14.428506">
				<ele>192.000000</ele>
			</trkpt>
			<trkpt lat="50.105104" lon="14.428659">
				<ele>192.000000</ele>
			</trkpt>
			<trkpt lat="50.105058" lon="14.428795">
				<ele>192.000000</ele>
			</trkpt>
			<trkpt lat="50.105006" lon="14.428982">
				<ele>192.053726</ele>
			</trkpt>
			<trkpt lat="50.104863" lon="14.429315">
				<ele>193.000000</ele>
			</trkpt>
			<trkpt lat="50.104776" lon="14.429512">
				<ele>193.000000</ele>
			</trkpt>
			<trkpt lat="50.104597" lon="14.429953">
				<ele>193.000000</ele>
			</trkpt>
			<trkpt lat="50.104453" lon="14.430313">
				<ele>193.000000</ele>
			</trkpt>
			<trkpt lat="50.104355" lon="14.430626">
				<ele>193.000000</ele>
			</trkpt>
			<trkpt lat="50.104234" lon="14.430860">
				<ele>193.444000</ele>
			</trkpt>
			<trkpt lat="50.104165" lon="14.431175">
				<ele>194.000000</ele>
			</trkpt>
			<trkpt lat="50.104136" lon="14.431129">
				<ele>194.000000</ele>
			</trkpt>
			<trkpt lat="50.104136" lon="14.431129">
				<ele>194.000000</ele>
			</trkpt>
			<trkpt lat="50.104090" lon="14.431058">
				<ele>194.000000</ele>
			</trkpt>
			<trkpt lat="50.103543" lon="14.427321">
				<ele>204.000000</ele>
			</trkpt>
			<trkpt lat="50.103514" lon="14.427124">
				<ele>204.948364</ele>
			</trkpt>
			<trkpt lat="50.103503" lon="14.426952">
				<ele>206.439728</ele>
			</trkpt>
			<trkpt lat="50.103503" lon="14.426772">
				<ele>207.000000</ele>
			</trkpt>
			<trkpt lat="50.103508" lon="14.426575">
				<ele>207.984604</ele>
			</trkpt>
			<trkpt lat="50.103520" lon="14.426441">
				<ele>208.710526</ele>
			</trkpt>
			<trkpt lat="50.103520" lon="14.426315">
				<ele>208.798294</ele>
			</trkpt>
			<trkpt lat="50.103479" lon="14.425946">
				<ele>208.682190</ele>
			</trkpt>
			<trkpt lat="50.103416" lon="14.425856">
				<ele>207.640411</ele>
			</trkpt>
			<trkpt lat="50.103261" lon="14.425713">
				<ele>211.004456</ele>
			</trkpt>
			<trkpt lat="50.103226" lon="14.425632">
				<ele>213.110519</ele>
			</trkpt>
			<trkpt lat="50.103197" lon="14.425560">
				<ele>214.453049</ele>
			</trkpt>
			<trkpt lat="50.103192" lon="14.425479">
				<ele>214.546158</ele>
			</trkpt>
			<trkpt lat="50.103192" lon="14.425399">
				<ele>215.349091</ele>
			</trkpt>
			<trkpt lat="50.103208" lon="14.425111">
				<ele>216.255219</ele>
			</trkpt>
			<trkpt lat="50.103203" lon="14.424950">
				<ele>216.628418</ele>
			</trkpt>
			<trkpt lat="50.103203" lon="14.424778">
				<ele>217.162659</ele>
			</trkpt>
			<trkpt lat="50.103157" lon="14.424330">
				<ele>219.106140</ele>
			</trkpt>
			<trkpt lat="50.103082" lon="14.423692">
				<ele>220.822052</ele>
			</trkpt>
			<trkpt lat="50.103047" lon="14.423466">
				<ele>222.000000</ele>
			</trkpt>
			<trkpt lat="50.102990" lon="14.423242">
				<ele>222.000000</ele>
			</trkpt>
			<trkpt lat="50.102736" lon="14.423242">
				<ele>223.000000</ele>
			</trkpt>
			<trkpt lat="50.102512" lon="14.423260">
				<ele>223.000000</ele>
			</trkpt>
			<trkpt lat="50.102218" lon="14.423305">
				<ele>223.000000</ele>
			</trkpt>
			<trkpt lat="50.101959" lon="14.423350">
				<ele>223.614609</ele>
			</trkpt>
			<trkpt lat="50.101734" lon="14.423422">
				<ele>224.000000</ele>
			</trkpt>
			<trkpt lat="50.101480" lon="14.423512">
				<ele>224.245239</ele>
			</trkpt>
			<trkpt lat="50.100518" lon="14.423944">
				<ele>226.000000</ele>
			</trkpt>
			<trkpt lat="50.100039" lon="14.424401">
				<ele>226.000000</ele>
			</trkpt>
			<trkpt lat="50.099492" lon="14.424626">
				<ele>226.000000</ele>
			</trkpt>
			<trkpt lat="50.098922" lon="14.424860">
				<ele>227.000000</ele>
			</trkpt>
			<trkpt lat="50.098046" lon="14.425246">
				<ele>228.000000</ele>
			</trkpt>
			<trkpt lat="50.097850" lon="14.423854">
				<ele>228.000000</ele>
			</trkpt>
			<trkpt lat="50.097654" lon="14.423934">
				<ele>228.000000</ele>
			</trkpt>
			<trkpt lat="50.097043" lon="14.424141">
				<ele>229.000000</ele>
			</trkpt>
			<trkpt lat="50.096835" lon="14.424267">
				<ele>229.000000</ele>
			</trkpt>
			<trkpt lat="50.096801" lon="14.424338">
				<ele>229.000000</ele>
			</trkpt>
			<trkpt lat="50.096784" lon="14.424410">
				<ele>228.951294</ele>
			</trkpt>
			<trkpt lat="50.096784" lon="14.424482">
				<ele>228.752975</ele>
			</trkpt>
			<trkpt lat="50.096784" lon="14.424571">
				<ele>228.010635</ele>
			</trkpt>
			<trkpt lat="50.096461" lon="14.424680">
				<ele>230.000000</ele>
			</trkpt>
			<trkpt lat="50.096196" lon="14.424760">
				<ele>230.000000</ele>
			</trkpt>
			<trkpt lat="50.096162" lon="14.424204">
				<ele>230.000000</ele>
			</trkpt>
			<trkpt lat="50.096115" lon="14.423799">
				<ele>230.000000</ele>
			</trkpt>
			<trkpt lat="50.096046" lon="14.423350">
				<ele>230.000000</ele>
			</trkpt>
			<trkpt lat="50.095995" lon="14.422990">
				<ele>229.658401</ele>
			</trkpt>
			<trkpt lat="50.095833" lon="14.422227">
				<ele>230.000000</ele>
			</trkpt>
			<trkpt lat="50.095602" lon="14.422147">
				<ele>230.000000</ele>
			</trkpt>
			<trkpt lat="50.095407" lon="14.421275">
				<ele>230.000000</ele>
			</trkpt>
			<trkpt lat="50.095297" lon="14.421114">
				<ele>230.000000</ele>
			</trkpt>
			<trkpt lat="50.095326" lon="14.420789">
				<ele>230.000000</ele>
			</trkpt>
			<trkpt lat="50.095326" lon="14.420566">
				<ele>230.000000</ele>
			</trkpt>
			<trkpt lat="50.095315" lon="14.420359">
				<ele>230.000000</ele>
			</trkpt>
			<trkpt lat="50.095274" lon="14.420134">
				<ele>230.000000</ele>
			</trkpt>
			<trkpt lat="50.095240" lon="14.419982">
				<ele>230.000000</ele>
			</trkpt>
			<trkpt lat="50.095182" lon="14.419757">
				<ele>230.000000</ele>
			</trkpt>
			<trkpt lat="50.095113" lon="14.419478">
				<ele>230.000000</ele>
			</trkpt>
			<trkpt lat="50.095026" lon="14.419128">
				<ele>229.460190</ele>
			</trkpt>
			<trkpt lat="50.094928" lon="14.418598">
				<ele>230.000000</ele>
			</trkpt>
			<trkpt lat="50.094859" lon="14.418194">
				<ele>230.000000</ele>
			</trkpt>
			<trkpt lat="50.094813" lon="14.417736">
				<ele>230.000000</ele>
			</trkpt>
			<trkpt lat="50.094784" lon="14.417179">
				<ele>229.416245</ele>
			</trkpt>
			<trkpt lat="50.094773" lon="14.416936">
				<ele>228.708664</ele>
			</trkpt>
			<trkpt lat="50.094744" lon="14.416711">
				<ele>228.707977</ele>
			</trkpt>
			<trkpt lat="50.094709" lon="14.416497">
				<ele>228.473557</ele>
			</trkpt>
			<trkpt lat="50.094634" lon="14.416200">
				<ele>228.093140</ele>
			</trkpt>
			<trkpt lat="50.094554" lon="14.415894">
				<ele>227.882156</ele>
			</trkpt>
			<trkpt lat="50.094462" lon="14.415589">
				<ele>227.964706</ele>
			</trkpt>
			<trkpt lat="50.094381" lon="14.415373">
				<ele>228.773514</ele>
			</trkpt>
			<trkpt lat="50.094242" lon="14.415113">
				<ele>228.413162</ele>
			</trkpt>
			<trkpt lat="50.094087" lon="14.414852">
				<ele>229.205429</ele>
			</trkpt>
			<trkpt lat="50.094052" lon="14.414763">
				<ele>230.000000</ele>
			</trkpt>
			<trkpt lat="50.094018" lon="14.414682">
				<ele>230.000000</ele>
			</trkpt>
			<trkpt lat="50.093989" lon="14.414583">
				<ele>229.752258</ele>
			</trkpt>
			<trkpt lat="50.093972" lon="14.414457">
				<ele>229.785126</ele>
			</trkpt>
			<trkpt lat="50.093960" lon="14.414331">
				<ele>230.000000</ele>
			</trkpt>
			<trkpt lat="50.093949" lon="14.414206">
				<ele>230.000000</ele>
			</trkpt>
			<trkpt lat="50.093960" lon="14.414071">
				<ele>230.000000</ele>
			</trkpt>
			<trkpt lat="50.093966" lon="14.413944">
				<ele>229.237228</ele>
			</trkpt>
			<trkpt lat="50.094047" lon="14.413325">
				<ele>227.595047</ele>
			</trkpt>
			<trkpt lat="50.094069" lon="14.413029">
				<ele>227.000000</ele>
			</trkpt>
			<trkpt lat="50.093972" lon="14.412992">
				<ele>227.000000</ele>
			</trkpt>
			<trkpt lat="50.093925" lon="14.412939">
				<ele>227.353119</ele>
			</trkpt>
			<trkpt lat="50.093816" lon="14.412768">
				<ele>229.249710</ele>
			</trkpt>
			<trkpt lat="50.093620" lon="14.412786">
				<ele>231.211182</ele>
			</trkpt>
			<trkpt lat="50.093585" lon="14.412786">
				<ele>230.958878</ele>
			</trkpt>
			<trkpt lat="50.093545" lon="14.412732">
				<ele>230.857910</ele>
			</trkpt>
			<trkpt lat="50.093522" lon="14.412660">
				<ele>230.653961</ele>
			</trkpt>
			<trkpt lat="50.093511" lon="14.412589">
				<ele>230.050400</ele>
			</trkpt>
			<trkpt lat="50.093511" lon="14.412579">
				<ele>229.945892</ele>
			</trkpt>
			<trkpt lat="50.093511" lon="14.412579">
				<ele>229.945892</ele>
			</trkpt>
			<trkpt lat="50.093522" lon="14.412552">
				<ele>229.845123</ele>
			</trkpt>
			<trkpt lat="50.093528" lon="14.412526">
				<ele>229.639618</ele>
			</trkpt>
			<trkpt lat="50.093591" lon="14.412426">
				<ele>229.640228</ele>
			</trkpt>
			<trkpt lat="50.093689" lon="14.412292">
				<ele>229.294907</ele>
			</trkpt>
			<trkpt lat="50.093805" lon="14.412157">
				<ele>228.787064</ele>
			</trkpt>
			<trkpt lat="50.093949" lon="14.412013">
				<ele>228.000000</ele>
			</trkpt>
			<trkpt lat="50.094220" lon="14.411771">
				<ele>227.754898</ele>
			</trkpt>
			<trkpt lat="50.094289" lon="14.411726">
				<ele>227.999756</ele>
			</trkpt>
			<trkpt lat="50.094381" lon="14.411699">
				<ele>228.000000</ele>
			</trkpt>
			<trkpt lat="50.094433" lon="14.411600">
				<ele>228.000000</ele>
			</trkpt>
			<trkpt lat="50.094479" lon="14.411547">
				<ele>228.000000</ele>
			</trkpt>
			<trkpt lat="50.094531" lon="14.411501">
				<ele>228.000000</ele>
			</trkpt>
			<trkpt lat="50.094629" lon="14.410954">
				<ele>228.000000</ele>
			</trkpt>
			<trkpt lat="50.094582" lon="14.410872">
				<ele>228.000000</ele>
			</trkpt>
			<trkpt lat="50.094554" lon="14.410747">
				<ele>228.000000</ele>
			</trkpt>
			<trkpt lat="50.094536" lon="14.410612">
				<ele>229.000000</ele>
			</trkpt>
			<trkpt lat="50.094525" lon="14.410424">
				<ele>229.476715</ele>
			</trkpt>
			<trkpt lat="50.094507" lon="14.410019">
				<ele>230.000000</ele>
			</trkpt>
			<trkpt lat="50.094496" lon="14.409713">
				<ele>227.135025</ele>
			</trkpt>
			<trkpt lat="50.094473" lon="14.409363">
				<ele>228.204620</ele>
			</trkpt>
			<trkpt lat="50.094467" lon="14.409157">
				<ele>231.590424</ele>
			</trkpt>
			<trkpt lat="50.094265" lon="14.409139">
				<ele>231.803421</ele>
			</trkpt>
			<trkpt lat="50.094167" lon="14.409130">
				<ele>231.907928</ele>
			</trkpt>
			<trkpt lat="50.094098" lon="14.409057">
				<ele>232.000000</ele>
			</trkpt>
			<trkpt lat="50.094058" lon="14.409004">
				<ele>232.000000</ele>
			</trkpt>
			<trkpt lat="50.094052" lon="14.408950">
				<ele>232.000000</ele>
			</trkpt>
			<trkpt lat="50.094029" lon="14.408906">
				<ele>232.000000</ele>
			</trkpt>
			<trkpt lat="50.094029" lon="14.408824">
				<ele>232.000000</ele>
			</trkpt>
			<trkpt lat="50.094041" lon="14.408654">
				<ele>232.000000</ele>
			</trkpt>
			<trkpt lat="50.094064" lon="14.408348">
				<ele>232.633133</ele>
			</trkpt>
			<trkpt lat="50.094076" lon="14.408195">
				<ele>233.079391</ele>
			</trkpt>
			<trkpt lat="50.094076" lon="14.408025">
				<ele>234.000000</ele>
			</trkpt>
			<trkpt lat="50.094064" lon="14.407774">
				<ele>235.000000</ele>
			</trkpt>
			<trkpt lat="50.094116" lon="14.407774">
				<ele>235.000000</ele>
			</trkpt>
			<trkpt lat="50.094162" lon="14.407746">
				<ele>235.000000</ele>
			</trkpt>
			<trkpt lat="50.094249" lon="14.407675">
				<ele>235.000000</ele>
			</trkpt>
			<trkpt lat="50.094265" lon="14.407602">
				<ele>235.000000</ele>
			</trkpt>
			<trkpt lat="50.094294" lon="14.407450">
				<ele>235.000000</ele>
			</trkpt>
			<trkpt lat="50.094300" lon="14.407342">
				<ele>235.808426</ele>
			</trkpt>
			<trkpt lat="50.094300" lon="14.407216">
				<ele>236.000000</ele>
			</trkpt>
			<trkpt lat="50.094294" lon="14.407109">
				<ele>236.387222</ele>
			</trkpt>
			<trkpt lat="50.094294" lon="14.407109">
				<ele>236.387222</ele>
			</trkpt>
			<trkpt lat="50.094294" lon="14.407090">
				<ele>236.586517</ele>
			</trkpt>
			<trkpt lat="50.094265" lon="14.406947">
				<ele>236.642578</ele>
			</trkpt>
			<trkpt lat="50.094202" lon="14.406642">
				<ele>237.000000</ele>
			</trkpt>
			<trkpt lat="50.094139" lon="14.406417">
				<ele>237.418503</ele>
			</trkpt>
			<trkpt lat="50.094018" lon="14.406103">
				<ele>238.000000</ele>
			</trkpt>
			<trkpt lat="50.094098" lon="14.406031">
				<ele>238.792511</ele>
			</trkpt>
			<trkpt lat="50.094208" lon="14.405931">
				<ele>239.779022</ele>
			</trkpt>
			<trkpt lat="50.094133" lon="14.405654">
				<ele>240.704681</ele>
			</trkpt>
			<trkpt lat="50.094104" lon="14.405528">
				<ele>241.757278</ele>
			</trkpt>
			<trkpt lat="50.094104" lon="14.405528">
				<ele>241.757278</ele>
			</trkpt>
			<trkpt lat="50.094087" lon="14.405465">
				<ele>242.229660</ele>
			</trkpt>
			<trkpt lat="50.094058" lon="14.405258">
				<ele>244.057129</ele>
			</trkpt>
			<trkpt lat="50.094041" lon="14.405034">
				<ele>245.000000</ele>
			</trkpt>
			<trkpt lat="50.093914" lon="14.405078">
				<ele>245.000000</ele>
			</trkpt>
			<trkpt lat="50.093654" lon="14.405151">
				<ele>245.000000</ele>
			</trkpt>
			<trkpt lat="50.093632" lon="14.404899">
				<ele>245.000000</ele>
			</trkpt>
			<trkpt lat="50.093597" lon="14.404889">
				<ele>245.000000</ele>
			</trkpt>
			<trkpt lat="50.093568" lon="14.404845">
				<ele>245.000000</ele>
			</trkpt>
			<trkpt lat="50.093568" lon="14.404836">
				<ele>245.000000</ele>
			</trkpt>
			<trkpt lat="50.093470" lon="14.404863">
				<ele>244.850967</ele>
			</trkpt>
			<trkpt lat="50.093355" lon="14.404889">
				<ele>242.858871</ele>
			</trkpt>
			<trkpt lat="50.093338" lon="14.404656">
				<ele>244.165649</ele>
			</trkpt>
			<trkpt lat="50.093314" lon="14.404530">
				<ele>246.000000</ele>
			</trkpt>
			<trkpt lat="50.093292" lon="14.404413">
				<ele>245.651382</ele>
			</trkpt>
			<trkpt lat="50.093038" lon="14.403228">
				<ele>247.709442</ele>
			</trkpt>
			<trkpt lat="50.093015" lon="14.403120">
				<ele>247.845993</ele>
			</trkpt>
			<trkpt lat="50.092992" lon="14.402977">
				<ele>247.671692</ele>
			</trkpt>
			<trkpt lat="50.092986" lon="14.402770">
				<ele>248.804840</ele>
			</trkpt>
			<trkpt lat="50.092963" lon="14.402689">
				<ele>248.950073</ele>
			</trkpt>
			<trkpt lat="50.092883" lon="14.402518">
				<ele>249.508423</ele>
			</trkpt>
			<trkpt lat="50.092859" lon="14.402411">
				<ele>250.000000</ele>
			</trkpt>
			<trkpt lat="50.092848" lon="14.402294">
				<ele>249.948792</ele>
			</trkpt>
			<trkpt lat="50.092848" lon="14.402213">
				<ele>249.948792</ele>
			</trkpt>
			<trkpt lat="50.092854" lon="14.402115">
				<ele>250.002090</ele>
			</trkpt>
			<trkpt lat="50.092883" lon="14.402006">
				<ele>251.000000</ele>
			</trkpt>
			<trkpt lat="50.092790" lon="14.401629">
				<ele>251.406418</ele>
			</trkpt>
			<trkpt lat="50.092681" lon="14.401306">
				<ele>252.055740</ele>
			</trkpt>
			<trkpt lat="50.092652" lon="14.401197">
				<ele>253.000000</ele>
			</trkpt>
			<trkpt lat="50.092600" lon="14.401054">
				<ele>253.000000</ele>
			</trkpt>
			<trkpt lat="50.092496" lon="14.400731">
				<ele>253.260864</ele>
			</trkpt>
			<trkpt lat="50.092416" lon="14.400452">
				<ele>254.000000</ele>
			</trkpt>
			<trkpt lat="50.092358" lon="14.400272">
				<ele>253.735550</ele>
			</trkpt>
			<trkpt lat="50.092277" lon="14.399967">
				<ele>254.000000</ele>
			</trkpt>
			<trkpt lat="50.092248" lon="14.399859">
				<ele>254.112839</ele>
			</trkpt>
			<trkpt lat="50.092168" lon="14.399589">
				<ele>254.133591</ele>
			</trkpt>
			<trkpt lat="50.091885" lon="14.398602">
				<ele>255.353775</ele>
			</trkpt>
			<trkpt lat="50.091724" lon="14.398602">
				<ele>255.000000</ele>
			</trkpt>
			<trkpt lat="50.091309" lon="14.398656">
				<ele>253.742035</ele>
			</trkpt>
			<trkpt lat="50.091067" lon="14.398700">
				<ele>254.942307</ele>
			</trkpt>
			<trkpt lat="50.090975" lon="14.398727">
				<ele>255.000000</ele>
			</trkpt>
			<trkpt lat="50.090715" lon="14.398817">
				<ele>256.000000</ele>
			</trkpt>
			<trkpt lat="50.090669" lon="14.398826">
				<ele>256.000000</ele>
			</trkpt>
			<trkpt lat="50.090485" lon="14.398925">
				<ele>257.000000</ele>
			</trkpt>
			<trkpt lat="50.090427" lon="14.398763">
				<ele>257.000000</ele>
			</trkpt>
			<trkpt lat="50.090012" lon="14.398960">
				<ele>257.000000</ele>
			</trkpt>
			<trkpt lat="50.089989" lon="14.398880">
				<ele>257.000000</ele>
			</trkpt>
			<trkpt lat="50.089926" lon="14.398710">
				<ele>257.000000</ele>
			</trkpt>
			<trkpt lat="50.089667" lon="14.398126">
				<ele>257.000000</ele>
			</trkpt>
			<trkpt lat="50.089840" lon="14.398018">
				<ele>257.000000</ele>
			</trkpt>
			<trkpt lat="50.089707" lon="14.397344">
				<ele>258.549011</ele>
			</trkpt>
			<trkpt lat="50.089753" lon="14.396912">
				<ele>259.000000</ele>
			</trkpt>
			<trkpt lat="50.089534" lon="14.396985">
				<ele>259.598297</ele>
			</trkpt>
			<trkpt lat="50.089378" lon="14.395924">
				<ele>261.249908</ele>
			</trkpt>
			<trkpt lat="50.089315" lon="14.395494">
				<ele>262.000000</ele>
			</trkpt>
			<trkpt lat="50.089188" lon="14.395503">
				<ele>262.000000</ele>
			</trkpt>
			<trkpt lat="50.089113" lon="14.395448">
				<ele>262.000000</ele>
			</trkpt>
			<trkpt lat="50.089061" lon="14.395394">
				<ele>262.000000</ele>
			</trkpt>
			<trkpt lat="50.089027" lon="14.395314">
				<ele>261.898743</ele>
			</trkpt>
			<trkpt lat="50.088981" lon="14.395188">
				<ele>262.867432</ele>
			</trkpt>
			<trkpt lat="50.088692" lon="14.394173">
				<ele>267.019348</ele>
			</trkpt>
			<trkpt lat="50.088497" lon="14.393589">
				<ele>268.254608</ele>
			</trkpt>
			<trkpt lat="50.088450" lon="14.393446">
				<ele>269.977478</ele>
			</trkpt>
			<trkpt lat="50.088421" lon="14.393293">
				<ele>270.852081</ele>
			</trkpt>
			<trkpt lat="50.088399" lon="14.393122">
				<ele>270.777557</ele>
			</trkpt>
			<trkpt lat="50.088381" lon="14.392897">
				<ele>271.449890</ele>
			</trkpt>
			<trkpt lat="50.088352" lon="14.392115">
				<ele>274.000000</ele>
			</trkpt>
			<trkpt lat="50.088341" lon="14.391954">
				<ele>274.000000</ele>
			</trkpt>
			<trkpt lat="50.088312" lon="14.391756">
				<ele>274.748444</ele>
			</trkpt>
			<trkpt lat="50.088260" lon="14.391505">
				<ele>275.000000</ele>
			</trkpt>
			<trkpt lat="50.088168" lon="14.391173">
				<ele>276.000000</ele>
			</trkpt>
			<trkpt lat="50.088093" lon="14.390966">
				<ele>276.600983</ele>
			</trkpt>
			<trkpt lat="50.087984" lon="14.390696">
				<ele>277.108490</ele>
			</trkpt>
			<trkpt lat="50.087828" lon="14.390346">
				<ele>278.000000</ele>
			</trkpt>
			<trkpt lat="50.087782" lon="14.390373">
				<ele>277.720795</ele>
			</trkpt>
			<trkpt lat="50.087782" lon="14.390373">
				<ele>277.720795</ele>
			</trkpt>
			<trkpt lat="50.087666" lon="14.390436">
				<ele>277.004761</ele>
			</trkpt>
			<trkpt lat="50.087632" lon="14.390157">
				<ele>278.110016</ele>
			</trkpt>
			<trkpt lat="50.087511" lon="14.389331">
				<ele>280.306335</ele>
			</trkpt>
			<trkpt lat="50.087222" lon="14.389421">
				<ele>284.307495</ele>
			</trkpt>
			<trkpt lat="50.087222" lon="14.389412">
				<ele>284.307495</ele>
			</trkpt>
			<trkpt lat="50.087222" lon="14.389412">
				<ele>284.307495</ele>
			</trkpt>
			<trkpt lat="50.087222" lon="14.389421">
				<ele>284.307495</ele>
			</trkpt>
			<trkpt lat="50.087044" lon="14.389438">
				<ele>287.083832</ele>
			</trkpt>
			<trkpt lat="50.086923" lon="14.389520">
				<ele>288.000000</ele>
			</trkpt>
			<trkpt lat="50.087153" lon="14.390417">
				<ele>282.182129</ele>
			</trkpt>
			<trkpt lat="50.087211" lon="14.390723">
				<ele>277.809906</ele>
			</trkpt>
			<trkpt lat="50.087211" lon="14.390804">
				<ele>276.914185</ele>
			</trkpt>
			<trkpt lat="50.087113" lon="14.390624">
				<ele>278.317657</ele>
			</trkpt>
			<trkpt lat="50.087073" lon="14.390580">
				<ele>278.566559</ele>
			</trkpt>
			<trkpt lat="50.087021" lon="14.390553">
				<ele>278.369507</ele>
			</trkpt>
			<trkpt lat="50.086980" lon="14.390544">
				<ele>278.459015</ele>
			</trkpt>
			<trkpt lat="50.086980" lon="14.390544">
				<ele>278.459015</ele>
			</trkpt>
			<trkpt lat="50.086969" lon="14.390544">
				<ele>278.431274</ele>
			</trkpt>
			<trkpt lat="50.086906" lon="14.390526">
				<ele>278.868561</ele>
			</trkpt>
			<trkpt lat="50.086767" lon="14.390544">
				<ele>277.879547</ele>
			</trkpt>
			<trkpt lat="50.086640" lon="14.390607">
				<ele>277.078186</ele>
			</trkpt>
			<trkpt lat="50.086600" lon="14.390633">
				<ele>276.880463</ele>
			</trkpt>
			<trkpt lat="50.086554" lon="14.390687">
				<ele>276.144348</ele>
			</trkpt>
			<trkpt lat="50.086445" lon="14.390831">
				<ele>275.529114</ele>
			</trkpt>
			<trkpt lat="50.086231" lon="14.391182">
				<ele>275.105286</ele>
			</trkpt>
			<trkpt lat="50.086116" lon="14.391352">
				<ele>274.344147</ele>
			</trkpt>
			<trkpt lat="50.086036" lon="14.391406">
				<ele>274.667511</ele>
			</trkpt>
			<trkpt lat="50.085954" lon="14.391451">
				<ele>274.866272</ele>
			</trkpt>
			<trkpt lat="50.085684" lon="14.391523">
				<ele>275.736511</ele>
			</trkpt>
			<trkpt lat="50.085597" lon="14.391549">
				<ele>275.364685</ele>
			</trkpt>
			<trkpt lat="50.085523" lon="14.391595">
				<ele>274.463165</ele>
			</trkpt>
			<trkpt lat="50.085470" lon="14.391639">
				<ele>274.299591</ele>
			</trkpt>
			<trkpt lat="50.085419" lon="14.391694">
				<ele>274.898041</ele>
			</trkpt>
			<trkpt lat="50.085326" lon="14.391846">
				<ele>274.868042</ele>
			</trkpt>
			<trkpt lat="50.085263" lon="14.391909">
				<ele>274.475952</ele>
			</trkpt>
			<trkpt lat="50.085165" lon="14.391981">
				<ele>274.025574</ele>
			</trkpt>
			<trkpt lat="50.085119" lon="14.392017">
				<ele>274.700348</ele>
			</trkpt>
			<trkpt lat="50.085096" lon="14.392080">
				<ele>274.491394</ele>
			</trkpt>
			<trkpt lat="50.085079" lon="14.392134">
				<ele>273.902008</ele>
			</trkpt>
			<trkpt lat="50.085061" lon="14.392205">
				<ele>274.344604</ele>
			</trkpt>
			<trkpt lat="50.085032" lon="14.392457">
				<ele>274.947632</ele>
			</trkpt>
			<trkpt lat="50.084998" lon="14.392654">
				<ele>276.995148</ele>
			</trkpt>
			<trkpt lat="50.084957" lon="14.392834">
				<ele>278.200897</ele>
			</trkpt>
			<trkpt lat="50.084894" lon="14.392987">
				<ele>278.310547</ele>
			</trkpt>
			<trkpt lat="50.084779" lon="14.393239">
				<ele>277.896149</ele>
			</trkpt>
			<trkpt lat="50.084617" lon="14.393212">
				<ele>282.801971</ele>
			</trkpt>
			<trkpt lat="50.084513" lon="14.393212">
				<ele>285.408295</ele>
			</trkpt>
			<trkpt lat="50.084433" lon="14.393230">
				<ele>288.010742</ele>
			</trkpt>
			<trkpt lat="50.084375" lon="14.393257">
				<ele>290.130005</ele>
			</trkpt>
			<trkpt lat="50.084346" lon="14.393293">
				<ele>291.213318</ele>
			</trkpt>
			<trkpt lat="50.084312" lon="14.393329">
				<ele>292.464966</ele>
			</trkpt>
			<trkpt lat="50.084266" lon="14.393446">
				<ele>294.838135</ele>
			</trkpt>
			<trkpt lat="50.084237" lon="14.393580">
				<ele>295.344879</ele>
			</trkpt>
			<trkpt lat="50.084231" lon="14.393706">
				<ele>296.886780</ele>
			</trkpt>
			<trkpt lat="50.084249" lon="14.393895">
				<ele>298.994446</ele>
			</trkpt>
			<trkpt lat="50.084226" lon="14.393903">
				<ele>299.875061</ele>
			</trkpt>
			<trkpt lat="50.084208" lon="14.393949">
				<ele>301.082153</ele>
			</trkpt>
			<trkpt lat="50.084197" lon="14.394075">
				<ele>303.858276</ele>
			</trkpt>
			<trkpt lat="50.084208" lon="14.394245">
				<ele>305.265839</ele>
			</trkpt>
			<trkpt lat="50.084191" lon="14.394299">
				<ele>306.491241</ele>
			</trkpt>
			<trkpt lat="50.084162" lon="14.394352">
				<ele>307.939087</ele>
			</trkpt>
			<trkpt lat="50.084127" lon="14.394379">
				<ele>309.949158</ele>
			</trkpt>
			<trkpt lat="50.084093" lon="14.394379">
				<ele>311.729034</ele>
			</trkpt>
			<trkpt lat="50.084053" lon="14.394371">
				<ele>313.088043</ele>
			</trkpt>
			<trkpt lat="50.084029" lon="14.394325">
				<ele>313.394775</ele>
			</trkpt>
			<trkpt lat="50.083972" lon="14.394245">
				<ele>314.499908</ele>
			</trkpt>
			<trkpt lat="50.083920" lon="14.394173">
				<ele>315.876373</ele>
			</trkpt>
			<trkpt lat="50.083862" lon="14.394119">
				<ele>317.898407</ele>
			</trkpt>
			<trkpt lat="50.083811" lon="14.394092">
				<ele>318.844940</ele>
			</trkpt>
			<trkpt lat="50.083764" lon="14.394065">
				<ele>320.295258</ele>
			</trkpt>
			<trkpt lat="50.083712" lon="14.394065">
				<ele>321.000000</ele>
			</trkpt>
			<trkpt lat="50.083667" lon="14.394083">
				<ele>321.346039</ele>
			</trkpt>
			<trkpt lat="50.083620" lon="14.394119">
				<ele>322.000000</ele>
			</trkpt>
			<trkpt lat="50.083569" lon="14.394289">
				<ele>322.000000</ele>
			</trkpt>
			<trkpt lat="50.083563" lon="14.394488">
				<ele>322.000000</ele>
			</trkpt>
			<trkpt lat="50.083534" lon="14.394478">
				<ele>322.000000</ele>
			</trkpt>
			<trkpt lat="50.083534" lon="14.394478">
				<ele>322.000000</ele>
			</trkpt>
			<trkpt lat="50.083441" lon="14.394461">
				<ele>322.254730</ele>
			</trkpt>
			<trkpt lat="50.083338" lon="14.394434">
				<ele>323.046234</ele>
			</trkpt>
			<trkpt lat="50.083327" lon="14.394586">
				<ele>323.243988</ele>
			</trkpt>
			<trkpt lat="50.083303" lon="14.395035">
				<ele>324.000000</ele>
			</trkpt>
			<trkpt lat="50.083298" lon="14.395386">
				<ele>323.974792</ele>
			</trkpt>
			<trkpt lat="50.083298" lon="14.395520">
				<ele>323.744202</ele>
			</trkpt>
			<trkpt lat="50.083274" lon="14.395996">
				<ele>323.151367</ele>
			</trkpt>
			<trkpt lat="50.083263" lon="14.396167">
				<ele>323.349121</ele>
			</trkpt>
			<trkpt lat="50.083309" lon="14.396239">
				<ele>323.000000</ele>
			</trkpt>
			<trkpt lat="50.083321" lon="14.396293">
				<ele>323.000000</ele>
			</trkpt>
			<trkpt lat="50.083321" lon="14.396347">
				<ele>323.000000</ele>
			</trkpt>
			<trkpt lat="50.083303" lon="14.396392">
				<ele>322.704590</ele>
			</trkpt>
			<trkpt lat="50.083228" lon="14.396490">
				<ele>322.568787</ele>
			</trkpt>
			<trkpt lat="50.082704" lon="14.396985">
				<ele>320.211853</ele>
			</trkpt>
			<trkpt lat="50.082399" lon="14.397308">
				<ele>315.545044</ele>
			</trkpt>
			<trkpt lat="50.082266" lon="14.397478">
				<ele>312.871124</ele>
			</trkpt>
			<trkpt lat="50.082317" lon="14.397587">
				<ele>308.711060</ele>
			</trkpt>
			<trkpt lat="50.082410" lon="14.397524">
				<ele>308.459351</ele>
			</trkpt>
			<trkpt lat="50.082468" lon="14.397515">
				<ele>306.918121</ele>
			</trkpt>
			<trkpt lat="50.082588" lon="14.397532">
				<ele>303.111145</ele>
			</trkpt>
			<trkpt lat="50.082652" lon="14.397505">
				<ele>303.183655</ele>
			</trkpt>
			<trkpt lat="50.082675" lon="14.397505">
				<ele>302.664154</ele>
			</trkpt>
			<trkpt lat="50.082692" lon="14.397505">
				<ele>302.266907</ele>
			</trkpt>
			<trkpt lat="50.082721" lon="14.397532">
				<ele>300.545227</ele>
			</trkpt>
			<trkpt lat="50.082738" lon="14.397568">
				<ele>298.942413</ele>
			</trkpt>
			<trkpt lat="50.082842" lon="14.397784">
				<ele>290.279083</ele>
			</trkpt>
			<trkpt lat="50.082877" lon="14.397937">
				<ele>285.087311</ele>
			</trkpt>
			<trkpt lat="50.082905" lon="14.398044">
				<ele>282.173309</ele>
			</trkpt>
			<trkpt lat="50.082934" lon="14.398126">
				<ele>279.252991</ele>
			</trkpt>
			<trkpt lat="50.082934" lon="14.398224">
				<ele>276.672089</ele>
			</trkpt>
			<trkpt lat="50.082917" lon="14.398404">
				<ele>272.973541</ele>
			</trkpt>
			<trkpt lat="50.082871" lon="14.398547">
				<ele>270.867859</ele>
			</trkpt>
			<trkpt lat="50.082726" lon="14.398719">
				<ele>270.328613</ele>
			</trkpt>
			<trkpt lat="50.082559" lon="14.398943">
				<ele>269.309418</ele>
			</trkpt>
			<trkpt lat="50.082427" lon="14.399140">
				<ele>268.970123</ele>
			</trkpt>
			<trkpt lat="50.082381" lon="14.399212">
				<ele>268.263641</ele>
			</trkpt>
			<trkpt lat="50.082226" lon="14.399365">
				<ele>268.951843</ele>
			</trkpt>
			<trkpt lat="50.082248" lon="14.399562">
				<ele>266.361755</ele>
			</trkpt>
			<trkpt lat="50.082248" lon="14.399761">
				<ele>263.395111</ele>
			</trkpt>
			<trkpt lat="50.082231" lon="14.399922">
				<ele>261.663208</ele>
			</trkpt>
			<trkpt lat="50.082185" lon="14.400120">
				<ele>259.458008</ele>
			</trkpt>
			<trkpt lat="50.082231" lon="14.400120">
				<ele>258.504517</ele>
			</trkpt>
			<trkpt lat="50.082266" lon="14.400147">
				<ele>257.550201</ele>
			</trkpt>
			<trkpt lat="50.082289" lon="14.400218">
				<ele>256.363464</ele>
			</trkpt>
			<trkpt lat="50.082295" lon="14.400291">
				<ele>254.860260</ele>
			</trkpt>
			<trkpt lat="50.082289" lon="14.400389">
				<ele>253.521759</ele>
			</trkpt>
			<trkpt lat="50.082271" lon="14.400444">
				<ele>253.157806</ele>
			</trkpt>
			<trkpt lat="50.082242" lon="14.400497">
				<ele>253.006943</ele>
			</trkpt>
			<trkpt lat="50.082208" lon="14.400560">
				<ele>252.059921</ele>
			</trkpt>
			<trkpt lat="50.081902" lon="14.400964">
				<ele>246.574539</ele>
			</trkpt>
			<trkpt lat="50.081700" lon="14.401287">
				<ele>243.236816</ele>
			</trkpt>
			<trkpt lat="50.081643" lon="14.401404">
				<ele>242.282852</ele>
			</trkpt>
			<trkpt lat="50.081603" lon="14.401512">
				<ele>241.008820</ele>
			</trkpt>
			<trkpt lat="50.081585" lon="14.401629">
				<ele>240.314880</ele>
			</trkpt>
			<trkpt lat="50.081585" lon="14.401755">
				<ele>238.911545</ele>
			</trkpt>
			<trkpt lat="50.081603" lon="14.401809">
				<ele>237.709488</ele>
			</trkpt>
			<trkpt lat="50.081609" lon="14.401826">
				<ele>237.306015</ele>
			</trkpt>
			<trkpt lat="50.081609" lon="14.401826">
				<ele>237.306015</ele>
			</trkpt>
			<trkpt lat="50.081620" lon="14.401845">
				<ele>236.851746</ele>
			</trkpt>
			<trkpt lat="50.081655" lon="14.401845">
				<ele>236.245132</ele>
			</trkpt>
			<trkpt lat="50.081700" lon="14.401836">
				<ele>234.965530</ele>
			</trkpt>
			<trkpt lat="50.081798" lon="14.401997">
				<ele>230.825989</ele>
			</trkpt>
			<trkpt lat="50.081845" lon="14.402096">
				<ele>228.153473</ele>
			</trkpt>
			<trkpt lat="50.081873" lon="14.402222">
				<ele>226.154678</ele>
			</trkpt>
			<trkpt lat="50.081885" lon="14.402365">
				<ele>224.307999</ele>
			</trkpt>
			<trkpt lat="50.081873" lon="14.402518">
				<ele>222.691376</ele>
			</trkpt>
			<trkpt lat="50.081856" lon="14.402626">
				<ele>221.305801</ele>
			</trkpt>
			<trkpt lat="50.081833" lon="14.402725">
				<ele>219.719040</ele>
			</trkpt>
			<trkpt lat="50.081798" lon="14.402868">
				<ele>216.978928</ele>
			</trkpt>
			<trkpt lat="50.081741" lon="14.403004">
				<ele>215.029434</ele>
			</trkpt>
			<trkpt lat="50.081804" lon="14.402977">
				<ele>214.455719</ele>
			</trkpt>
			<trkpt lat="50.081868" lon="14.402950">
				<ele>213.811935</ele>
			</trkpt>
			<trkpt lat="50.082093" lon="14.402905">
				<ele>210.857193</ele>
			</trkpt>
			<trkpt lat="50.082168" lon="14.402887">
				<ele>210.012131</ele>
			</trkpt>
			<trkpt lat="50.082202" lon="14.402950">
				<ele>208.627228</ele>
			</trkpt>
			<trkpt lat="50.082266" lon="14.403012">
				<ele>207.023911</ele>
			</trkpt>
			<trkpt lat="50.082375" lon="14.403128">
				<ele>205.715683</ele>
			</trkpt>
			<trkpt lat="50.082439" lon="14.403183">
				<ele>205.103592</ele>
			</trkpt>
			<trkpt lat="50.082479" lon="14.403192">
				<ele>205.014008</ele>
			</trkpt>
			<trkpt lat="50.082473" lon="14.403784">
				<ele>199.467957</ele>
			</trkpt>
			<trkpt lat="50.082646" lon="14.404117">
				<ele>196.727676</ele>
			</trkpt>
			<trkpt lat="50.082710" lon="14.404180">
				<ele>196.011261</ele>
			</trkpt>
			<trkpt lat="50.082784" lon="14.404199">
				<ele>196.000000</ele>
			</trkpt>
			<trkpt lat="50.082779" lon="14.404449">
				<ele>194.010513</ele>
			</trkpt>
			<trkpt lat="50.083119" lon="14.404432">
				<ele>194.204590</ele>
			</trkpt>
			<trkpt lat="50.083119" lon="14.404962">
				<ele>192.896271</ele>
			</trkpt>
			<trkpt lat="50.083141" lon="14.405447">
				<ele>191.000000</ele>
			</trkpt>
			<trkpt lat="50.083130" lon="14.405545">
				<ele>191.121719</ele>
			</trkpt>
			<trkpt lat="50.083125" lon="14.405618">
				<ele>191.740082</ele>
			</trkpt>
			<trkpt lat="50.083090" lon="14.405690">
				<ele>192.000000</ele>
			</trkpt>
			<trkpt lat="50.083050" lon="14.405761">
				<ele>192.000000</ele>
			</trkpt>
			<trkpt lat="50.083125" lon="14.406166">
				<ele>189.671875</ele>
			</trkpt>
			<trkpt lat="50.083021" lon="14.406210">
				<ele>190.000000</ele>
			</trkpt>
			<trkpt lat="50.083050" lon="14.406570">
				<ele>189.563751</ele>
			</trkpt>
			<trkpt lat="50.083003" lon="14.406696">
				<ele>188.153198</ele>
			</trkpt>
			<trkpt lat="50.082986" lon="14.407028">
				<ele>188.000000</ele>
			</trkpt>
			<trkpt lat="50.083159" lon="14.407046">
				<ele>187.135818</ele>
			</trkpt>
			<trkpt lat="50.083401" lon="14.407109">
				<ele>187.593903</ele>
			</trkpt>
			<trkpt lat="50.083678" lon="14.407235">
				<ele>187.997238</ele>
			</trkpt>
			<trkpt lat="50.083978" lon="14.407342">
				<ele>187.191574</ele>
			</trkpt>
			<trkpt lat="50.084202" lon="14.407450">
				<ele>187.385910</ele>
			</trkpt>
			<trkpt lat="50.084277" lon="14.407504">
				<ele>187.000000</ele>
			</trkpt>
			<trkpt lat="50.084312" lon="14.407558">
				<ele>187.595154</ele>
			</trkpt>
			<trkpt lat="50.084346" lon="14.407675">
				<ele>188.444061</ele>
			</trkpt>
			<trkpt lat="50.084364" lon="14.407702">
				<ele>188.392502</ele>
			</trkpt>
			<trkpt lat="50.084410" lon="14.407728">
				<ele>188.491150</ele>
			</trkpt>
			<trkpt lat="50.084468" lon="14.407738">
				<ele>188.595657</ele>
			</trkpt>
			<trkpt lat="50.084531" lon="14.407702">
				<ele>188.192581</ele>
			</trkpt>
			<trkpt lat="50.084582" lon="14.407665">
				<ele>187.789490</ele>
			</trkpt>
			<trkpt lat="50.084629" lon="14.407665">
				<ele>187.789490</ele>
			</trkpt>
			<trkpt lat="50.084790" lon="14.407719">
				<ele>188.235504</ele>
			</trkpt>
			<trkpt lat="50.085177" lon="14.407828">
				<ele>188.595917</ele>
			</trkpt>
			<trkpt lat="50.085102" lon="14.408547">
				<ele>189.000000</ele>
			</trkpt>
			<trkpt lat="50.085217" lon="14.408528">
				<ele>189.000000</ele>
			</trkpt>
			<trkpt lat="50.085448" lon="14.408438">
				<ele>188.448120</ele>
			</trkpt>
			<trkpt lat="50.085574" lon="14.408411">
				<ele>188.000000</ele>
			</trkpt>
			<trkpt lat="50.085730" lon="14.408420">
				<ele>188.362106</ele>
			</trkpt>
			<trkpt lat="50.085926" lon="14.408438">
				<ele>189.000000</ele>
			</trkpt>
			<trkpt lat="50.086266" lon="14.408484">
				<ele>188.228683</ele>
			</trkpt>
			<trkpt lat="50.086439" lon="14.408501">
				<ele>188.000000</ele>
			</trkpt>
			<trkpt lat="50.086618" lon="14.408510">
				<ele>189.000000</ele>
			</trkpt>
			<trkpt lat="50.086762" lon="14.408492">
				<ele>189.985825</ele>
			</trkpt>
			<trkpt lat="50.086738" lon="14.408707">
				<ele>190.914017</ele>
			</trkpt>
			<trkpt lat="50.086819" lon="14.408547">
				<ele>190.597916</ele>
			</trkpt>
			<trkpt lat="50.086802" lon="14.408717">
				<ele>191.468307</ele>
			</trkpt>
			<trkpt lat="50.086854" lon="14.408744">
				<ele>191.041504</ele>
			</trkpt>
			<trkpt lat="50.086704" lon="14.409597">
				<ele>185.251755</ele>
			</trkpt>
			<trkpt lat="50.086618" lon="14.410226">
				<ele>185.000000</ele>
			</trkpt>
			<trkpt lat="50.086554" lon="14.410755">
				<ele>185.000000</ele>
			</trkpt>
			<trkpt lat="50.086554" lon="14.410755">
				<ele>185.000000</ele>
			</trkpt>
			<trkpt lat="50.086427" lon="14.411870">
				<ele>185.000000</ele>
			</trkpt>
			<trkpt lat="50.086376" lon="14.412319">
				<ele>185.000000</ele>
			</trkpt>
			<trkpt lat="50.086318" lon="14.412732">
				<ele>185.843918</ele>
			</trkpt>
			<trkpt lat="50.086197" lon="14.413505">
				<ele>188.581635</ele>
			</trkpt>
			<trkpt lat="50.086341" lon="14.413550">
				<ele>187.534744</ele>
			</trkpt>
			<trkpt lat="50.086260" lon="14.414026">
				<ele>193.000000</ele>
			</trkpt>
			<trkpt lat="50.086231" lon="14.414178">
				<ele>192.606461</ele>
			</trkpt>
			<trkpt lat="50.086110" lon="14.414134">
				<ele>192.045822</ele>
			</trkpt>
			<trkpt lat="50.086076" lon="14.414376">
				<ele>192.000000</ele>
			</trkpt>
			<trkpt lat="50.085367" lon="14.413944">
				<ele>189.000000</ele>
			</trkpt>
			<trkpt lat="50.084917" lon="14.413757">
				<ele>188.597488</ele>
			</trkpt>
			<trkpt lat="50.084479" lon="14.413514">
				<ele>189.895325</ele>
			</trkpt>
			<trkpt lat="50.084289" lon="14.413415">
				<ele>189.696442</ele>
			</trkpt>
			<trkpt lat="50.084116" lon="14.413379">
				<ele>189.387482</ele>
			</trkpt>
			<trkpt lat="50.083470" lon="14.413289">
				<ele>190.849579</ele>
			</trkpt>
			<trkpt lat="50.083223" lon="14.413244">
				<ele>190.042130</ele>
			</trkpt>
			<trkpt lat="50.082750" lon="14.413172">
				<ele>192.000000</ele>
			</trkpt>
			<trkpt lat="50.082669" lon="14.413155">
				<ele>191.894318</ele>
			</trkpt>
			<trkpt lat="50.082508" lon="14.413128">
				<ele>191.372467</ele>
			</trkpt>
			<trkpt lat="50.081827" lon="14.413029">
				<ele>191.490982</ele>
			</trkpt>
			<trkpt lat="50.081585" lon="14.413002">
				<ele>192.192413</ele>
			</trkpt>
			<trkpt lat="50.081401" lon="14.413019">
				<ele>192.386490</ele>
			</trkpt>
			<trkpt lat="50.081372" lon="14.413029">
				<ele>192.490982</ele>
			</trkpt>
			<trkpt lat="50.081372" lon="14.413029">
				<ele>192.490982</ele>
			</trkpt>
			<trkpt lat="50.081245" lon="14.413046">
				<ele>192.685074</ele>
			</trkpt>
			<trkpt lat="50.081118" lon="14.413082">
				<ele>192.088150</ele>
			</trkpt>
			<trkpt lat="50.080992" lon="14.413118">
				<ele>192.123322</ele>
			</trkpt>
			<trkpt lat="50.080854" lon="14.413191">
				<ele>191.897964</ele>
			</trkpt>
			<trkpt lat="50.080663" lon="14.413298">
				<ele>190.771881</ele>
			</trkpt>
			<trkpt lat="50.080392" lon="14.413468">
				<ele>190.387741</ele>
			</trkpt>
			<trkpt lat="50.079954" lon="14.413765">
				<ele>190.687073</ele>
			</trkpt>
			<trkpt lat="50.079746" lon="14.413881">
				<ele>190.971802</ele>
			</trkpt>
			<trkpt lat="50.079718" lon="14.413738">
				<ele>187.868576</ele>
			</trkpt>
			<trkpt lat="50.079637" lon="14.413281">
				<ele>188.948395</ele>
			</trkpt>
			<trkpt lat="50.079620" lon="14.413191">
				<ele>189.865723</ele>
			</trkpt>
			<trkpt lat="50.079591" lon="14.413164">
				<ele>190.000000</ele>
			</trkpt>
			<trkpt lat="50.079562" lon="14.413136">
				<ele>190.000000</ele>
			</trkpt>
			<trkpt lat="50.079233" lon="14.413451">
				<ele>189.054871</ele>
			</trkpt>
			<trkpt lat="50.079038" lon="14.413370">
				<ele>190.000000</ele>
			</trkpt>
			<trkpt lat="50.079032" lon="14.413244">
				<ele>190.000000</ele>
			</trkpt>
			<trkpt lat="50.078916" lon="14.413271">
				<ele>190.000000</ele>
			</trkpt>
			<trkpt lat="50.078755" lon="14.413289">
				<ele>190.000000</ele>
			</trkpt>
			<trkpt lat="50.078686" lon="14.413289">
				<ele>190.000000</ele>
			</trkpt>
			<trkpt lat="50.078530" lon="14.413281">
				<ele>190.000000</ele>
			</trkpt>
			<trkpt lat="50.078242" lon="14.413226">
				<ele>190.000000</ele>
			</trkpt>
			<trkpt lat="50.078150" lon="14.413208">
				<ele>190.000000</ele>
			</trkpt>
			<trkpt lat="50.077746" lon="14.413164">
				<ele>189.952225</ele>
			</trkpt>
			<trkpt lat="50.077642" lon="14.413136">
				<ele>189.897705</ele>
			</trkpt>
			<trkpt lat="50.077567" lon="14.413092">
				<ele>189.000000</ele>
			</trkpt>
			<trkpt lat="50.077406" lon="14.413136">
				<ele>188.702621</ele>
			</trkpt>
			<trkpt lat="50.077152" lon="14.413271">
				<ele>189.000000</ele>
			</trkpt>
			<trkpt lat="50.077256" lon="14.413631">
				<ele>188.000000</ele>
			</trkpt>
			<trkpt lat="50.077285" lon="14.413711">
				<ele>188.000000</ele>
			</trkpt>
			<trkpt lat="50.077320" lon="14.414061">
				<ele>189.540909</ele>
			</trkpt>
			<trkpt lat="50.077320" lon="14.414187">
				<ele>191.389740</ele>
			</trkpt>
			<trkpt lat="50.077394" lon="14.414340">
				<ele>193.000000</ele>
			</trkpt>
			<trkpt lat="50.077250" lon="14.414304">
				<ele>192.688568</ele>
			</trkpt>
			<trkpt lat="50.077152" lon="14.414277">
				<ele>192.605545</ele>
			</trkpt>
			<trkpt lat="50.076414" lon="14.414061">
				<ele>191.972794</ele>
			</trkpt>
			<trkpt lat="50.076080" lon="14.413981">
				<ele>193.176941</ele>
			</trkpt>
			<trkpt lat="50.075798" lon="14.413900">
				<ele>194.194901</ele>
			</trkpt>
			<trkpt lat="50.075694" lon="14.413855">
				<ele>193.374634</ele>
			</trkpt>
			<trkpt lat="50.075474" lon="14.413801">
				<ele>193.090149</ele>
			</trkpt>
			<trkpt lat="50.075325" lon="14.413774">
				<ele>192.583145</ele>
			</trkpt>
			<trkpt lat="50.075123" lon="14.413765">
				<ele>192.374130</ele>
			</trkpt>
			<trkpt lat="50.074748" lon="14.413784">
				<ele>193.786835</ele>
			</trkpt>
			<trkpt lat="50.074431" lon="14.413818">
				<ele>193.888779</ele>
			</trkpt>
			<trkpt lat="50.074126" lon="14.413837">
				<ele>194.414429</ele>
			</trkpt>
			<trkpt lat="50.073854" lon="14.413855">
				<ele>195.374634</ele>
			</trkpt>
			<trkpt lat="50.073567" lon="14.413873">
				<ele>194.688980</ele>
			</trkpt>
			<trkpt lat="50.073341" lon="14.413881">
				<ele>194.424133</ele>
			</trkpt>
			<trkpt lat="50.073013" lon="14.413900">
				<ele>196.238541</ele>
			</trkpt>
			<trkpt lat="50.073001" lon="14.413792">
				<ele>192.607956</ele>
			</trkpt>
			<trkpt lat="50.072903" lon="14.413837">
				<ele>193.479721</ele>
			</trkpt>
			<trkpt lat="50.072517" lon="14.413855">
				<ele>190.549118</ele>
			</trkpt>
			<trkpt lat="50.071710" lon="14.413990">
				<ele>191.446213</ele>
			</trkpt>
			<trkpt lat="50.071491" lon="14.414034">
				<ele>190.995972</ele>
			</trkpt>
			<trkpt lat="50.071393" lon="14.414134">
				<ele>191.792572</ele>
			</trkpt>
			<trkpt lat="50.070649" lon="14.414268">
				<ele>190.137863</ele>
			</trkpt>
			<trkpt lat="50.068273" lon="14.414717">
				<ele>191.286728</ele>
			</trkpt>
			<trkpt lat="50.068193" lon="14.414789">
				<ele>191.322601</ele>
			</trkpt>
			<trkpt lat="50.068049" lon="14.414763">
				<ele>190.794327</ele>
			</trkpt>
			<trkpt lat="50.067703" lon="14.414834">
				<ele>191.171127</ele>
			</trkpt>
			<trkpt lat="50.067477" lon="14.414879">
				<ele>191.000000</ele>
			</trkpt>
			<trkpt lat="50.067339" lon="14.414906">
				<ele>191.000000</ele>
			</trkpt>
			<trkpt lat="50.067074" lon="14.414969">
				<ele>191.093399</ele>
			</trkpt>
			<trkpt lat="50.066947" lon="14.414987">
				<ele>191.035446</ele>
			</trkpt>
			<trkpt lat="50.066976" lon="14.415149">
				<ele>192.000000</ele>
			</trkpt>
			<trkpt lat="50.066221" lon="14.415283">
				<ele>192.000000</ele>
			</trkpt>
			<trkpt lat="50.066192" lon="14.415526">
				<ele>192.000000</ele>
			</trkpt>
			<trkpt lat="50.066008" lon="14.415571">
				<ele>192.000000</ele>
			</trkpt>
			<trkpt lat="50.066036" lon="14.416002">
				<ele>192.588821</ele>
			</trkpt>
			<trkpt lat="50.066042" lon="14.416181">
				<ele>195.767960</ele>
			</trkpt>
			<trkpt lat="50.065713" lon="14.416254">
				<ele>199.581955</ele>
			</trkpt>
			<trkpt lat="50.065298" lon="14.416361">
				<ele>209.949097</ele>
			</trkpt>
			<trkpt lat="50.064958" lon="14.416640">
				<ele>221.929794</ele>
			</trkpt>
			<trkpt lat="50.064958" lon="14.416658">
				<ele>222.512024</ele>
			</trkpt>
			<trkpt lat="50.064923" lon="14.416738">
				<ele>224.569794</ele>
			</trkpt>
			<trkpt lat="50.064866" lon="14.416801">
				<ele>225.486572</ele>
			</trkpt>
			<trkpt lat="50.064860" lon="14.416883">
				<ele>226.397247</ele>
			</trkpt>
			<trkpt lat="50.064635" lon="14.416954">
				<ele>226.188492</ele>
			</trkpt>
			<trkpt lat="50.064566" lon="14.416973">
				<ele>226.397491</ele>
			</trkpt>
			<trkpt lat="50.064520" lon="14.417000">
				<ele>226.696075</ele>
			</trkpt>
			<trkpt lat="50.064491" lon="14.417053">
				<ele>227.000000</ele>
			</trkpt>
			<trkpt lat="50.064473" lon="14.417107">
				<ele>227.000000</ele>
			</trkpt>
			<trkpt lat="50.064439" lon="14.417233">
				<ele>227.000000</ele>
			</trkpt>
			<trkpt lat="50.064393" lon="14.417323">
				<ele>227.000000</ele>
			</trkpt>
			<trkpt lat="50.064341" lon="14.417367">
				<ele>227.000000</ele>
			</trkpt>
			<trkpt lat="50.064312" lon="14.417376">
				<ele>227.000000</ele>
			</trkpt>
		</trkseg>
	</trk>
</gpx>


