<?xml version="1.0" encoding="utf-8"?>
<gpx xmlns="http://www.topografix.com/GPX/1/1" version="1.1" creator="https://mapy.cz/">
	<trk>
		<name>12. Praha - Vrané n. Vlt.</name>
		<trkseg>
			<trkpt lat="50.064393" lon="14.417323">
				<ele>227.000000</ele>
			</trkpt>
			<trkpt lat="50.064393" lon="14.417323">
				<ele>227.000000</ele>
			</trkpt>
			<trkpt lat="50.064341" lon="14.417367">
				<ele>227.000000</ele>
			</trkpt>
			<trkpt lat="50.064271" lon="14.417394">
				<ele>227.000000</ele>
			</trkpt>
			<trkpt lat="50.064116" lon="14.417367">
				<ele>228.000000</ele>
			</trkpt>
			<trkpt lat="50.064023" lon="14.417350">
				<ele>228.000000</ele>
			</trkpt>
			<trkpt lat="50.063862" lon="14.417332">
				<ele>228.000000</ele>
			</trkpt>
			<trkpt lat="50.063764" lon="14.417304">
				<ele>228.000000</ele>
			</trkpt>
			<trkpt lat="50.063683" lon="14.417242">
				<ele>228.000000</ele>
			</trkpt>
			<trkpt lat="50.063608" lon="14.417187">
				<ele>228.000000</ele>
			</trkpt>
			<trkpt lat="50.063488" lon="14.417063">
				<ele>229.000000</ele>
			</trkpt>
			<trkpt lat="50.063430" lon="14.417034">
				<ele>229.000000</ele>
			</trkpt>
			<trkpt lat="50.063378" lon="14.417008">
				<ele>229.000000</ele>
			</trkpt>
			<trkpt lat="50.063320" lon="14.417000">
				<ele>230.000000</ele>
			</trkpt>
			<trkpt lat="50.063280" lon="14.417000">
				<ele>229.000000</ele>
			</trkpt>
			<trkpt lat="50.063216" lon="14.417026">
				<ele>230.000000</ele>
			</trkpt>
			<trkpt lat="50.063124" lon="14.417053">
				<ele>229.000000</ele>
			</trkpt>
			<trkpt lat="50.062997" lon="14.417097">
				<ele>230.000000</ele>
			</trkpt>
			<trkpt lat="50.062818" lon="14.417134">
				<ele>228.000000</ele>
			</trkpt>
			<trkpt lat="50.062818" lon="14.417170">
				<ele>228.000000</ele>
			</trkpt>
			<trkpt lat="50.062818" lon="14.417170">
				<ele>228.000000</ele>
			</trkpt>
			<trkpt lat="50.062865" lon="14.417726">
				<ele>231.000000</ele>
			</trkpt>
			<trkpt lat="50.062893" lon="14.418005">
				<ele>231.000000</ele>
			</trkpt>
			<trkpt lat="50.062934" lon="14.418275">
				<ele>232.000000</ele>
			</trkpt>
			<trkpt lat="50.063251" lon="14.418382">
				<ele>233.000000</ele>
			</trkpt>
			<trkpt lat="50.063274" lon="14.418455">
				<ele>234.000000</ele>
			</trkpt>
			<trkpt lat="50.063257" lon="14.418508">
				<ele>233.000000</ele>
			</trkpt>
			<trkpt lat="50.063205" lon="14.418885">
				<ele>232.000000</ele>
			</trkpt>
			<trkpt lat="50.062980" lon="14.420313">
				<ele>233.000000</ele>
			</trkpt>
			<trkpt lat="50.063170" lon="14.420602">
				<ele>234.000000</ele>
			</trkpt>
			<trkpt lat="50.063153" lon="14.420700">
				<ele>234.000000</ele>
			</trkpt>
			<trkpt lat="50.063136" lon="14.420853">
				<ele>234.000000</ele>
			</trkpt>
			<trkpt lat="50.063136" lon="14.420969">
				<ele>234.000000</ele>
			</trkpt>
			<trkpt lat="50.063228" lon="14.421051">
				<ele>233.000000</ele>
			</trkpt>
			<trkpt lat="50.063297" lon="14.421149">
				<ele>233.000000</ele>
			</trkpt>
			<trkpt lat="50.063355" lon="14.421275">
				<ele>233.000000</ele>
			</trkpt>
			<trkpt lat="50.063418" lon="14.421464">
				<ele>231.000000</ele>
			</trkpt>
			<trkpt lat="50.063291" lon="14.421554">
				<ele>231.000000</ele>
			</trkpt>
			<trkpt lat="50.063199" lon="14.421671">
				<ele>231.000000</ele>
			</trkpt>
			<trkpt lat="50.063078" lon="14.421895">
				<ele>229.000000</ele>
			</trkpt>
			<trkpt lat="50.062865" lon="14.422281">
				<ele>229.000000</ele>
			</trkpt>
			<trkpt lat="50.062784" lon="14.422424">
				<ele>230.000000</ele>
			</trkpt>
			<trkpt lat="50.062703" lon="14.422542">
				<ele>230.000000</ele>
			</trkpt>
			<trkpt lat="50.062611" lon="14.422640">
				<ele>231.000000</ele>
			</trkpt>
			<trkpt lat="50.062478" lon="14.422776">
				<ele>231.000000</ele>
			</trkpt>
			<trkpt lat="50.062363" lon="14.422910">
				<ele>232.000000</ele>
			</trkpt>
			<trkpt lat="50.062253" lon="14.423036">
				<ele>233.000000</ele>
			</trkpt>
			<trkpt lat="50.062155" lon="14.423170">
				<ele>233.000000</ele>
			</trkpt>
			<trkpt lat="50.062069" lon="14.423332">
				<ele>234.000000</ele>
			</trkpt>
			<trkpt lat="50.061988" lon="14.423485">
				<ele>232.000000</ele>
			</trkpt>
			<trkpt lat="50.061902" lon="14.423655">
				<ele>232.000000</ele>
			</trkpt>
			<trkpt lat="50.061971" lon="14.423745">
				<ele>232.000000</ele>
			</trkpt>
			<trkpt lat="50.062022" lon="14.423718">
				<ele>231.000000</ele>
			</trkpt>
			<trkpt lat="50.061855" lon="14.423413">
				<ele>227.000000</ele>
			</trkpt>
			<trkpt lat="50.061786" lon="14.423288">
				<ele>227.000000</ele>
			</trkpt>
			<trkpt lat="50.061780" lon="14.423279">
				<ele>227.000000</ele>
			</trkpt>
			<trkpt lat="50.061780" lon="14.423279">
				<ele>227.000000</ele>
			</trkpt>
			<trkpt lat="50.061671" lon="14.423053">
				<ele>224.000000</ele>
			</trkpt>
			<trkpt lat="50.061688" lon="14.422982">
				<ele>224.000000</ele>
			</trkpt>
			<trkpt lat="50.061676" lon="14.422929">
				<ele>224.000000</ele>
			</trkpt>
			<trkpt lat="50.061671" lon="14.422847">
				<ele>223.000000</ele>
			</trkpt>
			<trkpt lat="50.061630" lon="14.422730">
				<ele>222.000000</ele>
			</trkpt>
			<trkpt lat="50.061515" lon="14.422326">
				<ele>219.000000</ele>
			</trkpt>
			<trkpt lat="50.061394" lon="14.421832">
				<ele>212.000000</ele>
			</trkpt>
			<trkpt lat="50.061284" lon="14.421661">
				<ele>209.000000</ele>
			</trkpt>
			<trkpt lat="50.061186" lon="14.421554">
				<ele>208.000000</ele>
			</trkpt>
			<trkpt lat="50.061077" lon="14.421455">
				<ele>207.000000</ele>
			</trkpt>
			<trkpt lat="50.060933" lon="14.421355">
				<ele>206.000000</ele>
			</trkpt>
			<trkpt lat="50.060765" lon="14.421275">
				<ele>204.000000</ele>
			</trkpt>
			<trkpt lat="50.060534" lon="14.421212">
				<ele>203.000000</ele>
			</trkpt>
			<trkpt lat="50.060310" lon="14.421131">
				<ele>202.000000</ele>
			</trkpt>
			<trkpt lat="50.060321" lon="14.421042">
				<ele>202.000000</ele>
			</trkpt>
			<trkpt lat="50.060212" lon="14.420988">
				<ele>201.000000</ele>
			</trkpt>
			<trkpt lat="50.060212" lon="14.420655">
				<ele>199.000000</ele>
			</trkpt>
			<trkpt lat="50.060212" lon="14.420539">
				<ele>198.000000</ele>
			</trkpt>
			<trkpt lat="50.060252" lon="14.420260">
				<ele>196.000000</ele>
			</trkpt>
			<trkpt lat="50.060172" lon="14.420250">
				<ele>196.000000</ele>
			</trkpt>
			<trkpt lat="50.060085" lon="14.420250">
				<ele>195.000000</ele>
			</trkpt>
			<trkpt lat="50.059751" lon="14.420313">
				<ele>194.000000</ele>
			</trkpt>
			<trkpt lat="50.059733" lon="14.420099">
				<ele>193.000000</ele>
			</trkpt>
			<trkpt lat="50.059860" lon="14.420072">
				<ele>193.000000</ele>
			</trkpt>
			<trkpt lat="50.059820" lon="14.419694">
				<ele>193.000000</ele>
			</trkpt>
			<trkpt lat="50.059802" lon="14.419460">
				<ele>193.000000</ele>
			</trkpt>
			<trkpt lat="50.059537" lon="14.419506">
				<ele>193.000000</ele>
			</trkpt>
			<trkpt lat="50.059214" lon="14.419550">
				<ele>193.000000</ele>
			</trkpt>
			<trkpt lat="50.059053" lon="14.419550">
				<ele>193.000000</ele>
			</trkpt>
			<trkpt lat="50.059053" lon="14.419317">
				<ele>193.000000</ele>
			</trkpt>
			<trkpt lat="50.059059" lon="14.419155">
				<ele>193.000000</ele>
			</trkpt>
			<trkpt lat="50.058977" lon="14.419173">
				<ele>193.000000</ele>
			</trkpt>
			<trkpt lat="50.058718" lon="14.419181">
				<ele>193.000000</ele>
			</trkpt>
			<trkpt lat="50.058487" lon="14.419164">
				<ele>193.000000</ele>
			</trkpt>
			<trkpt lat="50.058245" lon="14.419137">
				<ele>193.000000</ele>
			</trkpt>
			<trkpt lat="50.058021" lon="14.419120">
				<ele>193.000000</ele>
			</trkpt>
			<trkpt lat="50.057288" lon="14.418958">
				<ele>192.000000</ele>
			</trkpt>
			<trkpt lat="50.056642" lon="14.418787">
				<ele>192.000000</ele>
			</trkpt>
			<trkpt lat="50.056048" lon="14.418581">
				<ele>191.000000</ele>
			</trkpt>
			<trkpt lat="50.055737" lon="14.418472">
				<ele>191.000000</ele>
			</trkpt>
			<trkpt lat="50.055431" lon="14.418338">
				<ele>192.000000</ele>
			</trkpt>
			<trkpt lat="50.054981" lon="14.418122">
				<ele>192.000000</ele>
			</trkpt>
			<trkpt lat="50.054531" lon="14.417889">
				<ele>192.000000</ele>
			</trkpt>
			<trkpt lat="50.053423" lon="14.417242">
				<ele>192.000000</ele>
			</trkpt>
			<trkpt lat="50.052962" lon="14.416981">
				<ele>193.000000</ele>
			</trkpt>
			<trkpt lat="50.052183" lon="14.416558">
				<ele>194.000000</ele>
			</trkpt>
			<trkpt lat="50.051503" lon="14.416164">
				<ele>193.000000</ele>
			</trkpt>
			<trkpt lat="50.050724" lon="14.415724">
				<ele>193.000000</ele>
			</trkpt>
			<trkpt lat="50.050568" lon="14.415634">
				<ele>193.000000</ele>
			</trkpt>
			<trkpt lat="50.050568" lon="14.415634">
				<ele>193.000000</ele>
			</trkpt>
			<trkpt lat="50.050239" lon="14.415455">
				<ele>194.000000</ele>
			</trkpt>
			<trkpt lat="50.047171" lon="14.413774">
				<ele>193.000000</ele>
			</trkpt>
			<trkpt lat="50.045400" lon="14.412759">
				<ele>194.000000</ele>
			</trkpt>
			<trkpt lat="50.045400" lon="14.412759">
				<ele>194.000000</ele>
			</trkpt>
			<trkpt lat="50.044702" lon="14.412363">
				<ele>194.000000</ele>
			</trkpt>
			<trkpt lat="50.044269" lon="14.412103">
				<ele>194.000000</ele>
			</trkpt>
			<trkpt lat="50.043905" lon="14.411860">
				<ele>195.000000</ele>
			</trkpt>
			<trkpt lat="50.043490" lon="14.411583">
				<ele>195.000000</ele>
			</trkpt>
			<trkpt lat="50.042279" lon="14.410747">
				<ele>197.000000</ele>
			</trkpt>
			<trkpt lat="50.041587" lon="14.410289">
				<ele>197.000000</ele>
			</trkpt>
			<trkpt lat="50.041350" lon="14.410155">
				<ele>196.000000</ele>
			</trkpt>
			<trkpt lat="50.041223" lon="14.410065">
				<ele>196.000000</ele>
			</trkpt>
			<trkpt lat="50.041125" lon="14.409948">
				<ele>195.000000</ele>
			</trkpt>
			<trkpt lat="50.041027" lon="14.409839">
				<ele>195.000000</ele>
			</trkpt>
			<trkpt lat="50.040889" lon="14.409740">
				<ele>195.000000</ele>
			</trkpt>
			<trkpt lat="50.040727" lon="14.409660">
				<ele>193.000000</ele>
			</trkpt>
			<trkpt lat="50.040588" lon="14.409589">
				<ele>193.000000</ele>
			</trkpt>
			<trkpt lat="50.040588" lon="14.409589">
				<ele>193.000000</ele>
			</trkpt>
			<trkpt lat="50.040455" lon="14.409526">
				<ele>193.000000</ele>
			</trkpt>
			<trkpt lat="50.040392" lon="14.409444">
				<ele>192.000000</ele>
			</trkpt>
			<trkpt lat="50.040167" lon="14.409174">
				<ele>190.000000</ele>
			</trkpt>
			<trkpt lat="50.040040" lon="14.409031">
				<ele>189.000000</ele>
			</trkpt>
			<trkpt lat="50.039954" lon="14.408933">
				<ele>188.000000</ele>
			</trkpt>
			<trkpt lat="50.039850" lon="14.408851">
				<ele>188.000000</ele>
			</trkpt>
			<trkpt lat="50.039746" lon="14.408797">
				<ele>188.000000</ele>
			</trkpt>
			<trkpt lat="50.039314" lon="14.408547">
				<ele>189.000000</ele>
			</trkpt>
			<trkpt lat="50.039314" lon="14.408547">
				<ele>189.000000</ele>
			</trkpt>
			<trkpt lat="50.039314" lon="14.408547">
				<ele>189.000000</ele>
			</trkpt>
			<trkpt lat="50.038754" lon="14.408178">
				<ele>188.000000</ele>
			</trkpt>
			<trkpt lat="50.037334" lon="14.407289">
				<ele>188.000000</ele>
			</trkpt>
			<trkpt lat="50.035845" lon="14.406381">
				<ele>189.000000</ele>
			</trkpt>
			<trkpt lat="50.035730" lon="14.406300">
				<ele>189.000000</ele>
			</trkpt>
			<trkpt lat="50.035603" lon="14.406228">
				<ele>188.000000</ele>
			</trkpt>
			<trkpt lat="50.035482" lon="14.406193">
				<ele>189.000000</ele>
			</trkpt>
			<trkpt lat="50.035298" lon="14.406138">
				<ele>189.000000</ele>
			</trkpt>
			<trkpt lat="50.035171" lon="14.406103">
				<ele>189.000000</ele>
			</trkpt>
			<trkpt lat="50.035061" lon="14.406057">
				<ele>189.000000</ele>
			</trkpt>
			<trkpt lat="50.034784" lon="14.405897">
				<ele>189.000000</ele>
			</trkpt>
			<trkpt lat="50.034224" lon="14.405564">
				<ele>189.000000</ele>
			</trkpt>
			<trkpt lat="50.034115" lon="14.405501">
				<ele>189.000000</ele>
			</trkpt>
			<trkpt lat="50.034062" lon="14.405474">
				<ele>189.000000</ele>
			</trkpt>
			<trkpt lat="50.034005" lon="14.405455">
				<ele>189.000000</ele>
			</trkpt>
			<trkpt lat="50.033936" lon="14.405474">
				<ele>189.000000</ele>
			</trkpt>
			<trkpt lat="50.033699" lon="14.405528">
				<ele>191.000000</ele>
			</trkpt>
			<trkpt lat="50.033388" lon="14.405572">
				<ele>192.000000</ele>
			</trkpt>
			<trkpt lat="50.033353" lon="14.405591">
				<ele>192.000000</ele>
			</trkpt>
			<trkpt lat="50.033313" lon="14.405635">
				<ele>192.000000</ele>
			</trkpt>
			<trkpt lat="50.032926" lon="14.405635">
				<ele>193.000000</ele>
			</trkpt>
			<trkpt lat="50.031807" lon="14.404799">
				<ele>193.000000</ele>
			</trkpt>
			<trkpt lat="50.031495" lon="14.404549">
				<ele>192.000000</ele>
			</trkpt>
			<trkpt lat="50.031368" lon="14.404440">
				<ele>192.000000</ele>
			</trkpt>
			<trkpt lat="50.031224" lon="14.404342">
				<ele>192.000000</ele>
			</trkpt>
			<trkpt lat="50.030861" lon="14.404126">
				<ele>192.000000</ele>
			</trkpt>
			<trkpt lat="50.030826" lon="14.404099">
				<ele>193.000000</ele>
			</trkpt>
			<trkpt lat="50.030814" lon="14.404082">
				<ele>193.000000</ele>
			</trkpt>
			<trkpt lat="50.030808" lon="14.404054">
				<ele>193.000000</ele>
			</trkpt>
			<trkpt lat="50.030814" lon="14.404027">
				<ele>193.000000</ele>
			</trkpt>
			<trkpt lat="50.030826" lon="14.403992">
				<ele>192.000000</ele>
			</trkpt>
			<trkpt lat="50.030797" lon="14.403964">
				<ele>193.000000</ele>
			</trkpt>
			<trkpt lat="50.030606" lon="14.403866">
				<ele>192.000000</ele>
			</trkpt>
			<trkpt lat="50.030675" lon="14.403524">
				<ele>192.000000</ele>
			</trkpt>
			<trkpt lat="50.030739" lon="14.403218">
				<ele>192.000000</ele>
			</trkpt>
			<trkpt lat="50.029931" lon="14.402509">
				<ele>192.000000</ele>
			</trkpt>
			<trkpt lat="50.029931" lon="14.402509">
				<ele>192.000000</ele>
			</trkpt>
			<trkpt lat="50.028886" lon="14.401593">
				<ele>192.000000</ele>
			</trkpt>
			<trkpt lat="50.028390" lon="14.401153">
				<ele>192.000000</ele>
			</trkpt>
			<trkpt lat="50.027732" lon="14.400623">
				<ele>192.000000</ele>
			</trkpt>
			<trkpt lat="50.027484" lon="14.400417">
				<ele>192.000000</ele>
			</trkpt>
			<trkpt lat="50.027172" lon="14.400138">
				<ele>192.000000</ele>
			</trkpt>
			<trkpt lat="50.026890" lon="14.399904">
				<ele>192.000000</ele>
			</trkpt>
			<trkpt lat="50.026636" lon="14.399715">
				<ele>192.000000</ele>
			</trkpt>
			<trkpt lat="50.026428" lon="14.399562">
				<ele>192.000000</ele>
			</trkpt>
			<trkpt lat="50.026186" lon="14.399410">
				<ele>192.000000</ele>
			</trkpt>
			<trkpt lat="50.025990" lon="14.399285">
				<ele>192.000000</ele>
			</trkpt>
			<trkpt lat="50.025788" lon="14.399195">
				<ele>192.000000</ele>
			</trkpt>
			<trkpt lat="50.025591" lon="14.399096">
				<ele>192.000000</ele>
			</trkpt>
			<trkpt lat="50.025395" lon="14.399033">
				<ele>192.000000</ele>
			</trkpt>
			<trkpt lat="50.025147" lon="14.398952">
				<ele>191.000000</ele>
			</trkpt>
			<trkpt lat="50.024905" lon="14.398899">
				<ele>191.000000</ele>
			</trkpt>
			<trkpt lat="50.024616" lon="14.398826">
				<ele>191.000000</ele>
			</trkpt>
			<trkpt lat="50.023594" lon="14.398664">
				<ele>192.000000</ele>
			</trkpt>
			<trkpt lat="50.023121" lon="14.398557">
				<ele>190.000000</ele>
			</trkpt>
			<trkpt lat="50.022752" lon="14.398494">
				<ele>191.000000</ele>
			</trkpt>
			<trkpt lat="50.022636" lon="14.398476">
				<ele>190.000000</ele>
			</trkpt>
			<trkpt lat="50.022550" lon="14.398476">
				<ele>190.000000</ele>
			</trkpt>
			<trkpt lat="50.022475" lon="14.398520">
				<ele>191.000000</ele>
			</trkpt>
			<trkpt lat="50.022412" lon="14.398602">
				<ele>190.000000</ele>
			</trkpt>
			<trkpt lat="50.022313" lon="14.398763">
				<ele>190.000000</ele>
			</trkpt>
			<trkpt lat="50.022244" lon="14.398844">
				<ele>190.000000</ele>
			</trkpt>
			<trkpt lat="50.022175" lon="14.398889">
				<ele>190.000000</ele>
			</trkpt>
			<trkpt lat="50.022082" lon="14.398907">
				<ele>190.000000</ele>
			</trkpt>
			<trkpt lat="50.021886" lon="14.398880">
				<ele>190.000000</ele>
			</trkpt>
			<trkpt lat="50.021540" lon="14.398799">
				<ele>191.000000</ele>
			</trkpt>
			<trkpt lat="50.021476" lon="14.398781">
				<ele>191.000000</ele>
			</trkpt>
			<trkpt lat="50.021407" lon="14.398727">
				<ele>191.000000</ele>
			</trkpt>
			<trkpt lat="50.021361" lon="14.398647">
				<ele>191.000000</ele>
			</trkpt>
			<trkpt lat="50.021332" lon="14.398566">
				<ele>191.000000</ele>
			</trkpt>
			<trkpt lat="50.021327" lon="14.398449">
				<ele>191.000000</ele>
			</trkpt>
			<trkpt lat="50.021390" lon="14.397381">
				<ele>191.000000</ele>
			</trkpt>
			<trkpt lat="50.021390" lon="14.397281">
				<ele>191.000000</ele>
			</trkpt>
			<trkpt lat="50.021372" lon="14.397191">
				<ele>191.000000</ele>
			</trkpt>
			<trkpt lat="50.021343" lon="14.397128">
				<ele>190.000000</ele>
			</trkpt>
			<trkpt lat="50.021309" lon="14.397056">
				<ele>190.000000</ele>
			</trkpt>
			<trkpt lat="50.021252" lon="14.397002">
				<ele>190.000000</ele>
			</trkpt>
			<trkpt lat="50.021194" lon="14.396949">
				<ele>189.000000</ele>
			</trkpt>
			<trkpt lat="50.021119" lon="14.396922">
				<ele>189.000000</ele>
			</trkpt>
			<trkpt lat="50.021049" lon="14.396904">
				<ele>188.000000</ele>
			</trkpt>
			<trkpt lat="50.019988" lon="14.396805">
				<ele>189.000000</ele>
			</trkpt>
			<trkpt lat="50.019295" lon="14.396815">
				<ele>189.000000</ele>
			</trkpt>
			<trkpt lat="50.018931" lon="14.396823">
				<ele>189.000000</ele>
			</trkpt>
			<trkpt lat="50.018931" lon="14.396823">
				<ele>189.000000</ele>
			</trkpt>
			<trkpt lat="50.018527" lon="14.396841">
				<ele>188.000000</ele>
			</trkpt>
			<trkpt lat="50.018054" lon="14.396859">
				<ele>188.000000</ele>
			</trkpt>
			<trkpt lat="50.017350" lon="14.396895">
				<ele>189.000000</ele>
			</trkpt>
			<trkpt lat="50.016784" lon="14.396931">
				<ele>188.000000</ele>
			</trkpt>
			<trkpt lat="50.016224" lon="14.396975">
				<ele>188.000000</ele>
			</trkpt>
			<trkpt lat="50.015473" lon="14.397075">
				<ele>189.000000</ele>
			</trkpt>
			<trkpt lat="50.015104" lon="14.397102">
				<ele>189.000000</ele>
			</trkpt>
			<trkpt lat="50.014867" lon="14.397138">
				<ele>189.000000</ele>
			</trkpt>
			<trkpt lat="50.014740" lon="14.397165">
				<ele>189.000000</ele>
			</trkpt>
			<trkpt lat="50.014619" lon="14.397209">
				<ele>188.000000</ele>
			</trkpt>
			<trkpt lat="50.014509" lon="14.397254">
				<ele>189.000000</ele>
			</trkpt>
			<trkpt lat="50.014348" lon="14.397335">
				<ele>190.000000</ele>
			</trkpt>
			<trkpt lat="50.014071" lon="14.397442">
				<ele>190.000000</ele>
			</trkpt>
			<trkpt lat="50.013147" lon="14.397731">
				<ele>190.000000</ele>
			</trkpt>
			<trkpt lat="50.013118" lon="14.397712">
				<ele>190.000000</ele>
			</trkpt>
			<trkpt lat="50.013066" lon="14.397704">
				<ele>190.000000</ele>
			</trkpt>
			<trkpt lat="50.012974" lon="14.397721">
				<ele>189.000000</ele>
			</trkpt>
			<trkpt lat="50.011127" lon="14.398360">
				<ele>190.000000</ele>
			</trkpt>
			<trkpt lat="50.010838" lon="14.398467">
				<ele>190.000000</ele>
			</trkpt>
			<trkpt lat="50.010659" lon="14.398557">
				<ele>189.000000</ele>
			</trkpt>
			<trkpt lat="50.010532" lon="14.398647">
				<ele>189.000000</ele>
			</trkpt>
			<trkpt lat="50.010405" lon="14.398773">
				<ele>190.000000</ele>
			</trkpt>
			<trkpt lat="50.010209" lon="14.399006">
				<ele>191.000000</ele>
			</trkpt>
			<trkpt lat="50.010059" lon="14.399222">
				<ele>191.000000</ele>
			</trkpt>
			<trkpt lat="50.010006" lon="14.399302">
				<ele>191.000000</ele>
			</trkpt>
			<trkpt lat="50.009972" lon="14.399392">
				<ele>191.000000</ele>
			</trkpt>
			<trkpt lat="50.009955" lon="14.399491">
				<ele>191.000000</ele>
			</trkpt>
			<trkpt lat="50.009943" lon="14.399581">
				<ele>191.000000</ele>
			</trkpt>
			<trkpt lat="50.009504" lon="14.399824">
				<ele>192.000000</ele>
			</trkpt>
			<trkpt lat="50.008811" lon="14.400228">
				<ele>192.000000</ele>
			</trkpt>
			<trkpt lat="50.007773" lon="14.400830">
				<ele>192.000000</ele>
			</trkpt>
			<trkpt lat="50.006375" lon="14.401665">
				<ele>192.000000</ele>
			</trkpt>
			<trkpt lat="50.006243" lon="14.401639">
				<ele>192.000000</ele>
			</trkpt>
			<trkpt lat="50.006121" lon="14.401656">
				<ele>191.000000</ele>
			</trkpt>
			<trkpt lat="50.006023" lon="14.401683">
				<ele>191.000000</ele>
			</trkpt>
			<trkpt lat="50.005919" lon="14.401773">
				<ele>191.000000</ele>
			</trkpt>
			<trkpt lat="50.005711" lon="14.401943">
				<ele>191.000000</ele>
			</trkpt>
			<trkpt lat="50.005515" lon="14.402069">
				<ele>192.000000</ele>
			</trkpt>
			<trkpt lat="50.005111" lon="14.402258">
				<ele>192.000000</ele>
			</trkpt>
			<trkpt lat="50.004655" lon="14.402428">
				<ele>192.000000</ele>
			</trkpt>
			<trkpt lat="50.004158" lon="14.402599">
				<ele>192.000000</ele>
			</trkpt>
			<trkpt lat="50.003436" lon="14.402805">
				<ele>191.000000</ele>
			</trkpt>
			<trkpt lat="50.003436" lon="14.402805">
				<ele>191.000000</ele>
			</trkpt>
			<trkpt lat="50.003431" lon="14.402805">
				<ele>191.000000</ele>
			</trkpt>
			<trkpt lat="50.002945" lon="14.402914">
				<ele>192.000000</ele>
			</trkpt>
			<trkpt lat="50.002363" lon="14.403004">
				<ele>191.000000</ele>
			</trkpt>
			<trkpt lat="50.001779" lon="14.403075">
				<ele>191.000000</ele>
			</trkpt>
			<trkpt lat="50.001092" lon="14.403157">
				<ele>191.000000</ele>
			</trkpt>
			<trkpt lat="50.000833" lon="14.403183">
				<ele>191.000000</ele>
			</trkpt>
			<trkpt lat="50.000619" lon="14.403228">
				<ele>191.000000</ele>
			</trkpt>
			<trkpt lat="50.000440" lon="14.403273">
				<ele>192.000000</ele>
			</trkpt>
			<trkpt lat="50.000278" lon="14.403344">
				<ele>192.000000</ele>
			</trkpt>
			<trkpt lat="50.000053" lon="14.403480">
				<ele>192.000000</ele>
			</trkpt>
			<trkpt lat="49.999897" lon="14.403551">
				<ele>194.000000</ele>
			</trkpt>
			<trkpt lat="49.999747" lon="14.403587">
				<ele>193.000000</ele>
			</trkpt>
			<trkpt lat="49.999574" lon="14.403633">
				<ele>193.000000</ele>
			</trkpt>
			<trkpt lat="49.999325" lon="14.403650">
				<ele>193.000000</ele>
			</trkpt>
			<trkpt lat="49.998783" lon="14.403704">
				<ele>194.000000</ele>
			</trkpt>
			<trkpt lat="49.998632" lon="14.403704">
				<ele>194.000000</ele>
			</trkpt>
			<trkpt lat="49.998119" lon="14.403776">
				<ele>194.000000</ele>
			</trkpt>
			<trkpt lat="49.997564" lon="14.403857">
				<ele>193.000000</ele>
			</trkpt>
			<trkpt lat="49.996484" lon="14.404063">
				<ele>193.000000</ele>
			</trkpt>
			<trkpt lat="49.995820" lon="14.404180">
				<ele>194.000000</ele>
			</trkpt>
			<trkpt lat="49.995208" lon="14.404315">
				<ele>194.000000</ele>
			</trkpt>
			<trkpt lat="49.995121" lon="14.404342">
				<ele>195.000000</ele>
			</trkpt>
			<trkpt lat="49.995046" lon="14.404378">
				<ele>195.000000</ele>
			</trkpt>
			<trkpt lat="49.994965" lon="14.404413">
				<ele>195.000000</ele>
			</trkpt>
			<trkpt lat="49.994896" lon="14.404449">
				<ele>195.000000</ele>
			</trkpt>
			<trkpt lat="49.994671" lon="14.404476">
				<ele>195.000000</ele>
			</trkpt>
			<trkpt lat="49.993990" lon="14.404612">
				<ele>196.000000</ele>
			</trkpt>
			<trkpt lat="49.993914" lon="14.404566">
				<ele>195.000000</ele>
			</trkpt>
			<trkpt lat="49.993828" lon="14.404566">
				<ele>195.000000</ele>
			</trkpt>
			<trkpt lat="49.993446" lon="14.404576">
				<ele>193.000000</ele>
			</trkpt>
			<trkpt lat="49.993169" lon="14.404549">
				<ele>194.000000</ele>
			</trkpt>
			<trkpt lat="49.993014" lon="14.404522">
				<ele>194.000000</ele>
			</trkpt>
			<trkpt lat="49.992864" lon="14.404486">
				<ele>194.000000</ele>
			</trkpt>
			<trkpt lat="49.992805" lon="14.404459">
				<ele>194.000000</ele>
			</trkpt>
			<trkpt lat="49.992765" lon="14.404432">
				<ele>194.000000</ele>
			</trkpt>
			<trkpt lat="49.992719" lon="14.404378">
				<ele>193.000000</ele>
			</trkpt>
			<trkpt lat="49.992673" lon="14.404323">
				<ele>193.000000</ele>
			</trkpt>
			<trkpt lat="49.992575" lon="14.404109">
				<ele>193.000000</ele>
			</trkpt>
			<trkpt lat="49.992528" lon="14.404000">
				<ele>193.000000</ele>
			</trkpt>
			<trkpt lat="49.992447" lon="14.403767">
				<ele>193.000000</ele>
			</trkpt>
			<trkpt lat="49.992390" lon="14.403650">
				<ele>193.000000</ele>
			</trkpt>
			<trkpt lat="49.992355" lon="14.403614">
				<ele>193.000000</ele>
			</trkpt>
			<trkpt lat="49.992309" lon="14.403587">
				<ele>193.000000</ele>
			</trkpt>
			<trkpt lat="49.992245" lon="14.403570">
				<ele>193.000000</ele>
			</trkpt>
			<trkpt lat="49.992164" lon="14.403570">
				<ele>193.000000</ele>
			</trkpt>
			<trkpt lat="49.991777" lon="14.403578">
				<ele>193.000000</ele>
			</trkpt>
			<trkpt lat="49.991881" lon="14.403174">
				<ele>192.000000</ele>
			</trkpt>
			<trkpt lat="49.991991" lon="14.402778">
				<ele>192.000000</ele>
			</trkpt>
			<trkpt lat="49.992060" lon="14.402528">
				<ele>191.000000</ele>
			</trkpt>
			<trkpt lat="49.992107" lon="14.402302">
				<ele>191.000000</ele>
			</trkpt>
			<trkpt lat="49.992060" lon="14.402195">
				<ele>191.000000</ele>
			</trkpt>
			<trkpt lat="49.992032" lon="14.402052">
				<ele>190.000000</ele>
			</trkpt>
			<trkpt lat="49.992015" lon="14.401952">
				<ele>190.000000</ele>
			</trkpt>
			<trkpt lat="49.991985" lon="14.401872">
				<ele>190.000000</ele>
			</trkpt>
			<trkpt lat="49.991940" lon="14.401799">
				<ele>190.000000</ele>
			</trkpt>
			<trkpt lat="49.991876" lon="14.401736">
				<ele>190.000000</ele>
			</trkpt>
			<trkpt lat="49.991830" lon="14.401683">
				<ele>190.000000</ele>
			</trkpt>
			<trkpt lat="49.991777" lon="14.401584">
				<ele>190.000000</ele>
			</trkpt>
			<trkpt lat="49.991679" lon="14.401432">
				<ele>190.000000</ele>
			</trkpt>
			<trkpt lat="49.991633" lon="14.401386">
				<ele>190.000000</ele>
			</trkpt>
			<trkpt lat="49.991587" lon="14.401350">
				<ele>190.000000</ele>
			</trkpt>
			<trkpt lat="49.991489" lon="14.401279">
				<ele>190.000000</ele>
			</trkpt>
			<trkpt lat="49.991408" lon="14.401207">
				<ele>190.000000</ele>
			</trkpt>
			<trkpt lat="49.991299" lon="14.401117">
				<ele>190.000000</ele>
			</trkpt>
			<trkpt lat="49.991044" lon="14.400946">
				<ele>190.000000</ele>
			</trkpt>
			<trkpt lat="49.990975" lon="14.400910">
				<ele>190.000000</ele>
			</trkpt>
			<trkpt lat="49.990912" lon="14.400893">
				<ele>190.000000</ele>
			</trkpt>
			<trkpt lat="49.990363" lon="14.400920">
				<ele>190.000000</ele>
			</trkpt>
			<trkpt lat="49.989929" lon="14.400946">
				<ele>190.000000</ele>
			</trkpt>
			<trkpt lat="49.988907" lon="14.401044">
				<ele>190.000000</ele>
			</trkpt>
			<trkpt lat="49.988376" lon="14.401081">
				<ele>190.000000</ele>
			</trkpt>
			<trkpt lat="49.988260" lon="14.401099">
				<ele>190.000000</ele>
			</trkpt>
			<trkpt lat="49.987810" lon="14.401117">
				<ele>190.000000</ele>
			</trkpt>
			<trkpt lat="49.987411" lon="14.401107">
				<ele>190.000000</ele>
			</trkpt>
			<trkpt lat="49.987018" lon="14.401081">
				<ele>190.000000</ele>
			</trkpt>
			<trkpt lat="49.986776" lon="14.401044">
				<ele>190.000000</ele>
			</trkpt>
			<trkpt lat="49.986349" lon="14.400964">
				<ele>190.000000</ele>
			</trkpt>
			<trkpt lat="49.986072" lon="14.400883">
				<ele>190.000000</ele>
			</trkpt>
			<trkpt lat="49.985898" lon="14.400820">
				<ele>191.000000</ele>
			</trkpt>
			<trkpt lat="49.985754" lon="14.400721">
				<ele>190.000000</ele>
			</trkpt>
			<trkpt lat="49.985702" lon="14.400694">
				<ele>190.000000</ele>
			</trkpt>
			<trkpt lat="49.985626" lon="14.400668">
				<ele>190.000000</ele>
			</trkpt>
			<trkpt lat="49.985546" lon="14.400641">
				<ele>191.000000</ele>
			</trkpt>
			<trkpt lat="49.985459" lon="14.400641">
				<ele>191.000000</ele>
			</trkpt>
			<trkpt lat="49.985343" lon="14.400551">
				<ele>190.000000</ele>
			</trkpt>
			<trkpt lat="49.985199" lon="14.400452">
				<ele>190.000000</ele>
			</trkpt>
			<trkpt lat="49.984784" lon="14.400218">
				<ele>191.000000</ele>
			</trkpt>
			<trkpt lat="49.984517" lon="14.400065">
				<ele>191.000000</ele>
			</trkpt>
			<trkpt lat="49.984148" lon="14.399805">
				<ele>190.000000</ele>
			</trkpt>
			<trkpt lat="49.983923" lon="14.399698">
				<ele>191.000000</ele>
			</trkpt>
			<trkpt lat="49.983842" lon="14.399644">
				<ele>191.000000</ele>
			</trkpt>
			<trkpt lat="49.983663" lon="14.399436">
				<ele>191.000000</ele>
			</trkpt>
			<trkpt lat="49.983571" lon="14.399356">
				<ele>190.000000</ele>
			</trkpt>
			<trkpt lat="49.983379" lon="14.399230">
				<ele>190.000000</ele>
			</trkpt>
			<trkpt lat="49.983264" lon="14.399168">
				<ele>191.000000</ele>
			</trkpt>
			<trkpt lat="49.983155" lon="14.399105">
				<ele>190.000000</ele>
			</trkpt>
			<trkpt lat="49.982808" lon="14.399006">
				<ele>190.000000</ele>
			</trkpt>
			<trkpt lat="49.982542" lon="14.398925">
				<ele>191.000000</ele>
			</trkpt>
			<trkpt lat="49.982276" lon="14.398870">
				<ele>191.000000</ele>
			</trkpt>
			<trkpt lat="49.982103" lon="14.398844">
				<ele>191.000000</ele>
			</trkpt>
			<trkpt lat="49.981867" lon="14.398809">
				<ele>190.000000</ele>
			</trkpt>
			<trkpt lat="49.981808" lon="14.398781">
				<ele>190.000000</ele>
			</trkpt>
			<trkpt lat="49.981745" lon="14.398719">
				<ele>190.000000</ele>
			</trkpt>
			<trkpt lat="49.981653" lon="14.398637">
				<ele>190.000000</ele>
			</trkpt>
			<trkpt lat="49.981554" lon="14.398484">
				<ele>190.000000</ele>
			</trkpt>
			<trkpt lat="49.981479" lon="14.398449">
				<ele>190.000000</ele>
			</trkpt>
			<trkpt lat="49.981427" lon="14.398423">
				<ele>190.000000</ele>
			</trkpt>
			<trkpt lat="49.981352" lon="14.398404">
				<ele>190.000000</ele>
			</trkpt>
			<trkpt lat="49.981271" lon="14.398404">
				<ele>190.000000</ele>
			</trkpt>
			<trkpt lat="49.981092" lon="14.398440">
				<ele>190.000000</ele>
			</trkpt>
			<trkpt lat="49.980977" lon="14.398413">
				<ele>190.000000</ele>
			</trkpt>
			<trkpt lat="49.980544" lon="14.398278">
				<ele>191.000000</ele>
			</trkpt>
			<trkpt lat="49.980168" lon="14.398188">
				<ele>190.000000</ele>
			</trkpt>
			<trkpt lat="49.979815" lon="14.398144">
				<ele>191.000000</ele>
			</trkpt>
			<trkpt lat="49.979365" lon="14.398134">
				<ele>191.000000</ele>
			</trkpt>
			<trkpt lat="49.978672" lon="14.398161">
				<ele>190.000000</ele>
			</trkpt>
			<trkpt lat="49.978366" lon="14.398188">
				<ele>190.000000</ele>
			</trkpt>
			<trkpt lat="49.977996" lon="14.398243">
				<ele>191.000000</ele>
			</trkpt>
			<trkpt lat="49.977782" lon="14.398270">
				<ele>191.000000</ele>
			</trkpt>
			<trkpt lat="49.977574" lon="14.398341">
				<ele>192.000000</ele>
			</trkpt>
			<trkpt lat="49.977407" lon="14.398404">
				<ele>193.000000</ele>
			</trkpt>
			<trkpt lat="49.977263" lon="14.398404">
				<ele>193.000000</ele>
			</trkpt>
			<trkpt lat="49.977054" lon="14.398404">
				<ele>192.000000</ele>
			</trkpt>
			<trkpt lat="49.976742" lon="14.398440">
				<ele>193.000000</ele>
			</trkpt>
			<trkpt lat="49.976500" lon="14.398449">
				<ele>192.000000</ele>
			</trkpt>
			<trkpt lat="49.976402" lon="14.398467">
				<ele>192.000000</ele>
			</trkpt>
			<trkpt lat="49.976327" lon="14.398512">
				<ele>193.000000</ele>
			</trkpt>
			<trkpt lat="49.976245" lon="14.398494">
				<ele>193.000000</ele>
			</trkpt>
			<trkpt lat="49.976147" lon="14.398484">
				<ele>192.000000</ele>
			</trkpt>
			<trkpt lat="49.975922" lon="14.398530">
				<ele>192.000000</ele>
			</trkpt>
			<trkpt lat="49.975806" lon="14.398557">
				<ele>192.000000</ele>
			</trkpt>
			<trkpt lat="49.975697" lon="14.398602">
				<ele>193.000000</ele>
			</trkpt>
			<trkpt lat="49.975437" lon="14.398727">
				<ele>194.000000</ele>
			</trkpt>
			<trkpt lat="49.975321" lon="14.398799">
				<ele>194.000000</ele>
			</trkpt>
			<trkpt lat="49.975252" lon="14.398836">
				<ele>194.000000</ele>
			</trkpt>
			<trkpt lat="49.975177" lon="14.398844">
				<ele>194.000000</ele>
			</trkpt>
			<trkpt lat="49.975096" lon="14.398844">
				<ele>194.000000</ele>
			</trkpt>
			<trkpt lat="49.975026" lon="14.398836">
				<ele>194.000000</ele>
			</trkpt>
			<trkpt lat="49.974807" lon="14.398790">
				<ele>193.000000</ele>
			</trkpt>
			<trkpt lat="49.974674" lon="14.398754">
				<ele>193.000000</ele>
			</trkpt>
			<trkpt lat="49.974611" lon="14.398710">
				<ele>193.000000</ele>
			</trkpt>
			<trkpt lat="49.974558" lon="14.398673">
				<ele>193.000000</ele>
			</trkpt>
			<trkpt lat="49.974518" lon="14.398629">
				<ele>193.000000</ele>
			</trkpt>
			<trkpt lat="49.974472" lon="14.398620">
				<ele>193.000000</ele>
			</trkpt>
			<trkpt lat="49.974356" lon="14.398620">
				<ele>193.000000</ele>
			</trkpt>
			<trkpt lat="49.973986" lon="14.398593">
				<ele>192.000000</ele>
			</trkpt>
			<trkpt lat="49.973900" lon="14.398844">
				<ele>192.000000</ele>
			</trkpt>
			<trkpt lat="49.973836" lon="14.398943">
				<ele>193.000000</ele>
			</trkpt>
			<trkpt lat="49.973784" lon="14.399060">
				<ele>193.000000</ele>
			</trkpt>
			<trkpt lat="49.973681" lon="14.399339">
				<ele>193.000000</ele>
			</trkpt>
			<trkpt lat="49.973398" lon="14.399258">
				<ele>193.000000</ele>
			</trkpt>
			<trkpt lat="49.973253" lon="14.399222">
				<ele>194.000000</ele>
			</trkpt>
			<trkpt lat="49.973103" lon="14.399203">
				<ele>194.000000</ele>
			</trkpt>
			<trkpt lat="49.972947" lon="14.399222">
				<ele>194.000000</ele>
			</trkpt>
			<trkpt lat="49.972600" lon="14.399293">
				<ele>194.000000</ele>
			</trkpt>
			<trkpt lat="49.972380" lon="14.399312">
				<ele>194.000000</ele>
			</trkpt>
			<trkpt lat="49.972201" lon="14.399302">
				<ele>194.000000</ele>
			</trkpt>
			<trkpt lat="49.972034" lon="14.399258">
				<ele>194.000000</ele>
			</trkpt>
			<trkpt lat="49.971976" lon="14.399249">
				<ele>194.000000</ele>
			</trkpt>
			<trkpt lat="49.971907" lon="14.399266">
				<ele>195.000000</ele>
			</trkpt>
			<trkpt lat="49.971629" lon="14.399339">
				<ele>196.000000</ele>
			</trkpt>
			<trkpt lat="49.971618" lon="14.399572">
				<ele>201.000000</ele>
			</trkpt>
			<trkpt lat="49.971878" lon="14.399644">
				<ele>202.000000</ele>
			</trkpt>
			<trkpt lat="49.971878" lon="14.399644">
				<ele>202.000000</ele>
			</trkpt>
			<trkpt lat="49.971924" lon="14.399652">
				<ele>202.000000</ele>
			</trkpt>
			<trkpt lat="49.971907" lon="14.399778">
				<ele>200.000000</ele>
			</trkpt>
			<trkpt lat="49.971866" lon="14.400031">
				<ele>201.000000</ele>
			</trkpt>
			<trkpt lat="49.971814" lon="14.400327">
				<ele>206.000000</ele>
			</trkpt>
			<trkpt lat="49.971612" lon="14.400155">
				<ele>199.000000</ele>
			</trkpt>
			<trkpt lat="49.971444" lon="14.400138">
				<ele>197.000000</ele>
			</trkpt>
			<trkpt lat="49.971433" lon="14.400272">
				<ele>197.000000</ele>
			</trkpt>
			<trkpt lat="49.971398" lon="14.400417">
				<ele>196.000000</ele>
			</trkpt>
			<trkpt lat="49.971179" lon="14.401000">
				<ele>197.000000</ele>
			</trkpt>
			<trkpt lat="49.971000" lon="14.401404">
				<ele>198.000000</ele>
			</trkpt>
			<trkpt lat="49.970971" lon="14.401467">
				<ele>198.000000</ele>
			</trkpt>
			<trkpt lat="49.970936" lon="14.401503">
				<ele>198.000000</ele>
			</trkpt>
			<trkpt lat="49.970890" lon="14.401520">
				<ele>198.000000</ele>
			</trkpt>
			<trkpt lat="49.970786" lon="14.401549">
				<ele>199.000000</ele>
			</trkpt>
			<trkpt lat="49.970722" lon="14.401566">
				<ele>199.000000</ele>
			</trkpt>
			<trkpt lat="49.970676" lon="14.401593">
				<ele>199.000000</ele>
			</trkpt>
			<trkpt lat="49.970630" lon="14.401639">
				<ele>199.000000</ele>
			</trkpt>
			<trkpt lat="49.970595" lon="14.401673">
				<ele>200.000000</ele>
			</trkpt>
			<trkpt lat="49.970572" lon="14.401736">
				<ele>200.000000</ele>
			</trkpt>
			<trkpt lat="49.970543" lon="14.401809">
				<ele>200.000000</ele>
			</trkpt>
			<trkpt lat="49.970532" lon="14.401889">
				<ele>200.000000</ele>
			</trkpt>
			<trkpt lat="49.970538" lon="14.401970">
				<ele>200.000000</ele>
			</trkpt>
			<trkpt lat="49.970474" lon="14.401970">
				<ele>201.000000</ele>
			</trkpt>
			<trkpt lat="49.970428" lon="14.401997">
				<ele>202.000000</ele>
			</trkpt>
			<trkpt lat="49.970353" lon="14.401782">
				<ele>204.000000</ele>
			</trkpt>
			<trkpt lat="49.970335" lon="14.401683">
				<ele>206.000000</ele>
			</trkpt>
			<trkpt lat="49.970324" lon="14.401512">
				<ele>209.000000</ele>
			</trkpt>
			<trkpt lat="49.970387" lon="14.401314">
				<ele>211.000000</ele>
			</trkpt>
			<trkpt lat="49.970399" lon="14.401224">
				<ele>213.000000</ele>
			</trkpt>
			<trkpt lat="49.970271" lon="14.401233">
				<ele>215.000000</ele>
			</trkpt>
			<trkpt lat="49.970214" lon="14.401252">
				<ele>217.000000</ele>
			</trkpt>
			<trkpt lat="49.970133" lon="14.401297">
				<ele>218.000000</ele>
			</trkpt>
			<trkpt lat="49.970046" lon="14.401323">
				<ele>220.000000</ele>
			</trkpt>
			<trkpt lat="49.969954" lon="14.401342">
				<ele>222.000000</ele>
			</trkpt>
			<trkpt lat="49.969850" lon="14.401342">
				<ele>225.000000</ele>
			</trkpt>
			<trkpt lat="49.969659" lon="14.401342">
				<ele>231.000000</ele>
			</trkpt>
			<trkpt lat="49.969526" lon="14.401360">
				<ele>234.000000</ele>
			</trkpt>
			<trkpt lat="49.969399" lon="14.401386">
				<ele>238.000000</ele>
			</trkpt>
			<trkpt lat="49.969237" lon="14.401459">
				<ele>241.000000</ele>
			</trkpt>
			<trkpt lat="49.969122" lon="14.401512">
				<ele>244.000000</ele>
			</trkpt>
			<trkpt lat="49.968926" lon="14.401629">
				<ele>249.000000</ele>
			</trkpt>
			<trkpt lat="49.968723" lon="14.401719">
				<ele>255.000000</ele>
			</trkpt>
			<trkpt lat="49.968619" lon="14.401773">
				<ele>258.000000</ele>
			</trkpt>
			<trkpt lat="49.968509" lon="14.401826">
				<ele>262.000000</ele>
			</trkpt>
			<trkpt lat="49.968423" lon="14.401862">
				<ele>264.000000</ele>
			</trkpt>
			<trkpt lat="49.968279" lon="14.401872">
				<ele>269.000000</ele>
			</trkpt>
			<trkpt lat="49.968180" lon="14.401845">
				<ele>273.000000</ele>
			</trkpt>
			<trkpt lat="49.968036" lon="14.401782">
				<ele>277.000000</ele>
			</trkpt>
			<trkpt lat="49.967943" lon="14.401736">
				<ele>280.000000</ele>
			</trkpt>
			<trkpt lat="49.967880" lon="14.401728">
				<ele>281.000000</ele>
			</trkpt>
			<trkpt lat="49.967827" lon="14.401728">
				<ele>284.000000</ele>
			</trkpt>
			<trkpt lat="49.967781" lon="14.401728">
				<ele>286.000000</ele>
			</trkpt>
			<trkpt lat="49.967631" lon="14.401782">
				<ele>292.000000</ele>
			</trkpt>
			<trkpt lat="49.967539" lon="14.401799">
				<ele>295.000000</ele>
			</trkpt>
			<trkpt lat="49.967412" lon="14.401790">
				<ele>299.000000</ele>
			</trkpt>
			<trkpt lat="49.967342" lon="14.401763">
				<ele>300.000000</ele>
			</trkpt>
			<trkpt lat="49.967267" lon="14.401719">
				<ele>302.000000</ele>
			</trkpt>
			<trkpt lat="49.967198" lon="14.401639">
				<ele>304.000000</ele>
			</trkpt>
			<trkpt lat="49.967041" lon="14.401440">
				<ele>306.000000</ele>
			</trkpt>
			<trkpt lat="49.966996" lon="14.401386">
				<ele>306.000000</ele>
			</trkpt>
			<trkpt lat="49.966932" lon="14.401350">
				<ele>307.000000</ele>
			</trkpt>
			<trkpt lat="49.966654" lon="14.401180">
				<ele>310.000000</ele>
			</trkpt>
			<trkpt lat="49.966562" lon="14.401153">
				<ele>313.000000</ele>
			</trkpt>
			<trkpt lat="49.966481" lon="14.401153">
				<ele>315.000000</ele>
			</trkpt>
			<trkpt lat="49.966412" lon="14.401170">
				<ele>316.000000</ele>
			</trkpt>
			<trkpt lat="49.966319" lon="14.401224">
				<ele>318.000000</ele>
			</trkpt>
			<trkpt lat="49.966140" lon="14.401360">
				<ele>323.000000</ele>
			</trkpt>
			<trkpt lat="49.966100" lon="14.401369">
				<ele>324.000000</ele>
			</trkpt>
			<trkpt lat="49.966036" lon="14.401386">
				<ele>325.000000</ele>
			</trkpt>
			<trkpt lat="49.965846" lon="14.401350">
				<ele>326.000000</ele>
			</trkpt>
			<trkpt lat="49.965800" lon="14.401350">
				<ele>327.000000</ele>
			</trkpt>
			<trkpt lat="49.965776" lon="14.401360">
				<ele>328.000000</ele>
			</trkpt>
			<trkpt lat="49.965696" lon="14.401449">
				<ele>331.000000</ele>
			</trkpt>
			<trkpt lat="49.965614" lon="14.401432">
				<ele>332.000000</ele>
			</trkpt>
			<trkpt lat="49.965493" lon="14.401432">
				<ele>331.000000</ele>
			</trkpt>
			<trkpt lat="49.965164" lon="14.401476">
				<ele>332.000000</ele>
			</trkpt>
			<trkpt lat="49.965083" lon="14.401520">
				<ele>332.000000</ele>
			</trkpt>
			<trkpt lat="49.965031" lon="14.401584">
				<ele>332.000000</ele>
			</trkpt>
			<trkpt lat="49.964990" lon="14.401639">
				<ele>332.000000</ele>
			</trkpt>
			<trkpt lat="49.964956" lon="14.401719">
				<ele>332.000000</ele>
			</trkpt>
			<trkpt lat="49.964933" lon="14.401773">
				<ele>332.000000</ele>
			</trkpt>
			<trkpt lat="49.964921" lon="14.401845">
				<ele>332.000000</ele>
			</trkpt>
			<trkpt lat="49.964869" lon="14.402149">
				<ele>332.000000</ele>
			</trkpt>
			<trkpt lat="49.964846" lon="14.402375">
				<ele>333.000000</ele>
			</trkpt>
			<trkpt lat="49.964800" lon="14.402681">
				<ele>333.000000</ele>
			</trkpt>
			<trkpt lat="49.964765" lon="14.402797">
				<ele>334.000000</ele>
			</trkpt>
			<trkpt lat="49.964731" lon="14.402895">
				<ele>334.000000</ele>
			</trkpt>
			<trkpt lat="49.964615" lon="14.403094">
				<ele>334.000000</ele>
			</trkpt>
			<trkpt lat="49.964285" lon="14.403749">
				<ele>336.000000</ele>
			</trkpt>
			<trkpt lat="49.964112" lon="14.404063">
				<ele>338.000000</ele>
			</trkpt>
			<trkpt lat="49.964014" lon="14.404189">
				<ele>338.000000</ele>
			</trkpt>
			<trkpt lat="49.963892" lon="14.404297">
				<ele>338.000000</ele>
			</trkpt>
			<trkpt lat="49.963748" lon="14.404396">
				<ele>339.000000</ele>
			</trkpt>
			<trkpt lat="49.963396" lon="14.404593">
				<ele>346.000000</ele>
			</trkpt>
			<trkpt lat="49.963326" lon="14.404629">
				<ele>347.000000</ele>
			</trkpt>
			<trkpt lat="49.963257" lon="14.404629">
				<ele>349.000000</ele>
			</trkpt>
			<trkpt lat="49.963182" lon="14.404612">
				<ele>349.000000</ele>
			</trkpt>
			<trkpt lat="49.963049" lon="14.404558">
				<ele>349.000000</ele>
			</trkpt>
			<trkpt lat="49.962749" lon="14.404449">
				<ele>350.000000</ele>
			</trkpt>
			<trkpt lat="49.962604" lon="14.404413">
				<ele>352.000000</ele>
			</trkpt>
			<trkpt lat="49.962471" lon="14.404396">
				<ele>354.000000</ele>
			</trkpt>
			<trkpt lat="49.962309" lon="14.404432">
				<ele>356.000000</ele>
			</trkpt>
			<trkpt lat="49.962130" lon="14.404512">
				<ele>360.000000</ele>
			</trkpt>
			<trkpt lat="49.961997" lon="14.404602">
				<ele>362.000000</ele>
			</trkpt>
			<trkpt lat="49.961875" lon="14.404710">
				<ele>365.000000</ele>
			</trkpt>
			<trkpt lat="49.961772" lon="14.404872">
				<ele>366.000000</ele>
			</trkpt>
			<trkpt lat="49.961645" lon="14.404755">
				<ele>368.000000</ele>
			</trkpt>
			<trkpt lat="49.961592" lon="14.404728">
				<ele>368.000000</ele>
			</trkpt>
			<trkpt lat="49.961535" lon="14.404719">
				<ele>368.000000</ele>
			</trkpt>
			<trkpt lat="49.961495" lon="14.404719">
				<ele>368.000000</ele>
			</trkpt>
			<trkpt lat="49.961436" lon="14.404719">
				<ele>368.000000</ele>
			</trkpt>
			<trkpt lat="49.961385" lon="14.404746">
				<ele>368.000000</ele>
			</trkpt>
			<trkpt lat="49.961338" lon="14.404791">
				<ele>367.000000</ele>
			</trkpt>
			<trkpt lat="49.961350" lon="14.405015">
				<ele>367.000000</ele>
			</trkpt>
			<trkpt lat="49.961344" lon="14.405348">
				<ele>368.000000</ele>
			</trkpt>
			<trkpt lat="49.961327" lon="14.405618">
				<ele>371.000000</ele>
			</trkpt>
			<trkpt lat="49.961292" lon="14.405905">
				<ele>375.000000</ele>
			</trkpt>
			<trkpt lat="49.961500" lon="14.406040">
				<ele>375.000000</ele>
			</trkpt>
			<trkpt lat="49.961650" lon="14.406157">
				<ele>374.000000</ele>
			</trkpt>
			<trkpt lat="49.961696" lon="14.406318">
				<ele>376.000000</ele>
			</trkpt>
			<trkpt lat="49.961725" lon="14.406524">
				<ele>377.000000</ele>
			</trkpt>
			<trkpt lat="49.961737" lon="14.406614">
				<ele>378.000000</ele>
			</trkpt>
			<trkpt lat="49.961737" lon="14.406839">
				<ele>380.000000</ele>
			</trkpt>
			<trkpt lat="49.961749" lon="14.406902">
				<ele>380.000000</ele>
			</trkpt>
			<trkpt lat="49.961766" lon="14.406973">
				<ele>381.000000</ele>
			</trkpt>
			<trkpt lat="49.961789" lon="14.407028">
				<ele>382.000000</ele>
			</trkpt>
			<trkpt lat="49.961835" lon="14.407082">
				<ele>382.000000</ele>
			</trkpt>
			<trkpt lat="49.962038" lon="14.407333">
				<ele>386.000000</ele>
			</trkpt>
			<trkpt lat="49.962118" lon="14.407441">
				<ele>386.000000</ele>
			</trkpt>
			<trkpt lat="49.962292" lon="14.407765">
				<ele>387.000000</ele>
			</trkpt>
			<trkpt lat="49.962292" lon="14.407765">
				<ele>387.000000</ele>
			</trkpt>
			<trkpt lat="49.962292" lon="14.407765">
				<ele>387.000000</ele>
			</trkpt>
			<trkpt lat="49.962292" lon="14.407765">
				<ele>387.000000</ele>
			</trkpt>
			<trkpt lat="49.962453" lon="14.407944">
				<ele>387.000000</ele>
			</trkpt>
			<trkpt lat="49.962581" lon="14.408097">
				<ele>385.000000</ele>
			</trkpt>
			<trkpt lat="49.962650" lon="14.408187">
				<ele>385.000000</ele>
			</trkpt>
			<trkpt lat="49.962691" lon="14.408258">
				<ele>384.000000</ele>
			</trkpt>
			<trkpt lat="49.962771" lon="14.408555">
				<ele>384.000000</ele>
			</trkpt>
			<trkpt lat="49.962818" lon="14.408671">
				<ele>384.000000</ele>
			</trkpt>
			<trkpt lat="49.962864" lon="14.408771">
				<ele>383.000000</ele>
			</trkpt>
			<trkpt lat="49.962870" lon="14.408824">
				<ele>382.000000</ele>
			</trkpt>
			<trkpt lat="49.962852" lon="14.408923">
				<ele>382.000000</ele>
			</trkpt>
			<trkpt lat="49.962818" lon="14.409049">
				<ele>380.000000</ele>
			</trkpt>
			<trkpt lat="49.962789" lon="14.409166">
				<ele>379.000000</ele>
			</trkpt>
			<trkpt lat="49.962771" lon="14.409264">
				<ele>377.000000</ele>
			</trkpt>
			<trkpt lat="49.962766" lon="14.409552">
				<ele>377.000000</ele>
			</trkpt>
			<trkpt lat="49.962777" lon="14.409642">
				<ele>377.000000</ele>
			</trkpt>
			<trkpt lat="49.962795" lon="14.409732">
				<ele>377.000000</ele>
			</trkpt>
			<trkpt lat="49.962829" lon="14.409822">
				<ele>375.000000</ele>
			</trkpt>
			<trkpt lat="49.962870" lon="14.409876">
				<ele>375.000000</ele>
			</trkpt>
			<trkpt lat="49.962974" lon="14.410002">
				<ele>373.000000</ele>
			</trkpt>
			<trkpt lat="49.963049" lon="14.410136">
				<ele>372.000000</ele>
			</trkpt>
			<trkpt lat="49.963084" lon="14.410208">
				<ele>372.000000</ele>
			</trkpt>
			<trkpt lat="49.963141" lon="14.410279">
				<ele>371.000000</ele>
			</trkpt>
			<trkpt lat="49.963274" lon="14.410442">
				<ele>369.000000</ele>
			</trkpt>
			<trkpt lat="49.963384" lon="14.410549">
				<ele>368.000000</ele>
			</trkpt>
			<trkpt lat="49.963482" lon="14.410621">
				<ele>367.000000</ele>
			</trkpt>
			<trkpt lat="49.963725" lon="14.410755">
				<ele>363.000000</ele>
			</trkpt>
			<trkpt lat="49.963725" lon="14.410935">
				<ele>361.000000</ele>
			</trkpt>
			<trkpt lat="49.963707" lon="14.411107">
				<ele>358.000000</ele>
			</trkpt>
			<trkpt lat="49.963667" lon="14.411286">
				<ele>357.000000</ele>
			</trkpt>
			<trkpt lat="49.963586" lon="14.411528">
				<ele>355.000000</ele>
			</trkpt>
			<trkpt lat="49.963500" lon="14.411789">
				<ele>352.000000</ele>
			</trkpt>
			<trkpt lat="49.963465" lon="14.411887">
				<ele>351.000000</ele>
			</trkpt>
			<trkpt lat="49.963407" lon="14.411986">
				<ele>349.000000</ele>
			</trkpt>
			<trkpt lat="49.963326" lon="14.412076">
				<ele>348.000000</ele>
			</trkpt>
			<trkpt lat="49.963286" lon="14.412113">
				<ele>347.000000</ele>
			</trkpt>
			<trkpt lat="49.963263" lon="14.412157">
				<ele>346.000000</ele>
			</trkpt>
			<trkpt lat="49.963245" lon="14.412202">
				<ele>346.000000</ele>
			</trkpt>
			<trkpt lat="49.963239" lon="14.412265">
				<ele>345.000000</ele>
			</trkpt>
			<trkpt lat="49.963239" lon="14.412355">
				<ele>342.000000</ele>
			</trkpt>
			<trkpt lat="49.963222" lon="14.412409">
				<ele>341.000000</ele>
			</trkpt>
			<trkpt lat="49.963188" lon="14.412463">
				<ele>341.000000</ele>
			</trkpt>
			<trkpt lat="49.963141" lon="14.412516">
				<ele>342.000000</ele>
			</trkpt>
			<trkpt lat="49.963072" lon="14.412606">
				<ele>340.000000</ele>
			</trkpt>
			<trkpt lat="49.963014" lon="14.412688">
				<ele>340.000000</ele>
			</trkpt>
			<trkpt lat="49.962991" lon="14.412786">
				<ele>340.000000</ele>
			</trkpt>
			<trkpt lat="49.962974" lon="14.412939">
				<ele>339.000000</ele>
			</trkpt>
			<trkpt lat="49.962962" lon="14.413011">
				<ele>338.000000</ele>
			</trkpt>
			<trkpt lat="49.962910" lon="14.413191">
				<ele>338.000000</ele>
			</trkpt>
			<trkpt lat="49.962731" lon="14.413487">
				<ele>336.000000</ele>
			</trkpt>
			<trkpt lat="49.962661" lon="14.413631">
				<ele>336.000000</ele>
			</trkpt>
			<trkpt lat="49.962615" lon="14.413757">
				<ele>335.000000</ele>
			</trkpt>
			<trkpt lat="49.962575" lon="14.413881">
				<ele>334.000000</ele>
			</trkpt>
			<trkpt lat="49.962540" lon="14.414061">
				<ele>332.000000</ele>
			</trkpt>
			<trkpt lat="49.962442" lon="14.414484">
				<ele>330.000000</ele>
			</trkpt>
			<trkpt lat="49.962315" lon="14.414834">
				<ele>329.000000</ele>
			</trkpt>
			<trkpt lat="49.962246" lon="14.415095">
				<ele>328.000000</ele>
			</trkpt>
			<trkpt lat="49.962246" lon="14.415095">
				<ele>328.000000</ele>
			</trkpt>
			<trkpt lat="49.962246" lon="14.415095">
				<ele>328.000000</ele>
			</trkpt>
			<trkpt lat="49.962246" lon="14.415095">
				<ele>328.000000</ele>
			</trkpt>
			<trkpt lat="49.962217" lon="14.415166">
				<ele>328.000000</ele>
			</trkpt>
			<trkpt lat="49.962182" lon="14.415239">
				<ele>328.000000</ele>
			</trkpt>
			<trkpt lat="49.962142" lon="14.415292">
				<ele>328.000000</ele>
			</trkpt>
			<trkpt lat="49.962118" lon="14.415158">
				<ele>328.000000</ele>
			</trkpt>
			<trkpt lat="49.962095" lon="14.415013">
				<ele>328.000000</ele>
			</trkpt>
			<trkpt lat="49.962055" lon="14.414933">
				<ele>328.000000</ele>
			</trkpt>
			<trkpt lat="49.961881" lon="14.414547">
				<ele>328.000000</ele>
			</trkpt>
			<trkpt lat="49.961610" lon="14.413936">
				<ele>328.000000</ele>
			</trkpt>
			<trkpt lat="49.961500" lon="14.413684">
				<ele>327.000000</ele>
			</trkpt>
			<trkpt lat="49.961228" lon="14.413092">
				<ele>325.000000</ele>
			</trkpt>
			<trkpt lat="49.961055" lon="14.412715">
				<ele>324.000000</ele>
			</trkpt>
			<trkpt lat="49.960957" lon="14.412453">
				<ele>324.000000</ele>
			</trkpt>
			<trkpt lat="49.960934" lon="14.412265">
				<ele>324.000000</ele>
			</trkpt>
			<trkpt lat="49.960917" lon="14.412130">
				<ele>324.000000</ele>
			</trkpt>
			<trkpt lat="49.960888" lon="14.412004">
				<ele>324.000000</ele>
			</trkpt>
			<trkpt lat="49.960835" lon="14.411870">
				<ele>323.000000</ele>
			</trkpt>
			<trkpt lat="49.960725" lon="14.411627">
				<ele>322.000000</ele>
			</trkpt>
			<trkpt lat="49.960691" lon="14.411547">
				<ele>321.000000</ele>
			</trkpt>
			<trkpt lat="49.960599" lon="14.411258">
				<ele>320.000000</ele>
			</trkpt>
			<trkpt lat="49.960535" lon="14.411107">
				<ele>319.000000</ele>
			</trkpt>
			<trkpt lat="49.960460" lon="14.410990">
				<ele>317.000000</ele>
			</trkpt>
			<trkpt lat="49.960327" lon="14.410810">
				<ele>315.000000</ele>
			</trkpt>
			<trkpt lat="49.960252" lon="14.410711">
				<ele>314.000000</ele>
			</trkpt>
			<trkpt lat="49.960125" lon="14.410468">
				<ele>311.000000</ele>
			</trkpt>
			<trkpt lat="49.959888" lon="14.409983">
				<ele>301.000000</ele>
			</trkpt>
			<trkpt lat="49.959761" lon="14.409732">
				<ele>296.000000</ele>
			</trkpt>
			<trkpt lat="49.959639" lon="14.409526">
				<ele>289.000000</ele>
			</trkpt>
			<trkpt lat="49.959356" lon="14.409084">
				<ele>282.000000</ele>
			</trkpt>
			<trkpt lat="49.959136" lon="14.408734">
				<ele>276.000000</ele>
			</trkpt>
			<trkpt lat="49.959021" lon="14.408501">
				<ele>273.000000</ele>
			</trkpt>
			<trkpt lat="49.958981" lon="14.408420">
				<ele>272.000000</ele>
			</trkpt>
			<trkpt lat="49.958963" lon="14.408331">
				<ele>270.000000</ele>
			</trkpt>
			<trkpt lat="49.958934" lon="14.408151">
				<ele>269.000000</ele>
			</trkpt>
			<trkpt lat="49.958888" lon="14.407801">
				<ele>268.000000</ele>
			</trkpt>
			<trkpt lat="49.958853" lon="14.407621">
				<ele>266.000000</ele>
			</trkpt>
			<trkpt lat="49.958836" lon="14.407522">
				<ele>263.000000</ele>
			</trkpt>
			<trkpt lat="49.958796" lon="14.407432">
				<ele>261.000000</ele>
			</trkpt>
			<trkpt lat="49.958755" lon="14.407333">
				<ele>259.000000</ele>
			</trkpt>
			<trkpt lat="49.958628" lon="14.407153">
				<ele>259.000000</ele>
			</trkpt>
			<trkpt lat="49.958425" lon="14.406749">
				<ele>252.000000</ele>
			</trkpt>
			<trkpt lat="49.958264" lon="14.406489">
				<ele>249.000000</ele>
			</trkpt>
			<trkpt lat="49.958200" lon="14.406344">
				<ele>248.000000</ele>
			</trkpt>
			<trkpt lat="49.958108" lon="14.406103">
				<ele>245.000000</ele>
			</trkpt>
			<trkpt lat="49.958033" lon="14.405986">
				<ele>245.000000</ele>
			</trkpt>
			<trkpt lat="49.958015" lon="14.405950">
				<ele>245.000000</ele>
			</trkpt>
			<trkpt lat="49.957998" lon="14.405878">
				<ele>244.000000</ele>
			</trkpt>
			<trkpt lat="49.957981" lon="14.405725">
				<ele>240.000000</ele>
			</trkpt>
			<trkpt lat="49.957963" lon="14.405654">
				<ele>240.000000</ele>
			</trkpt>
			<trkpt lat="49.957917" lon="14.405501">
				<ele>239.000000</ele>
			</trkpt>
			<trkpt lat="49.957853" lon="14.405375">
				<ele>236.000000</ele>
			</trkpt>
			<trkpt lat="49.957790" lon="14.405276">
				<ele>235.000000</ele>
			</trkpt>
			<trkpt lat="49.957732" lon="14.405195">
				<ele>234.000000</ele>
			</trkpt>
			<trkpt lat="49.957472" lon="14.404889">
				<ele>229.000000</ele>
			</trkpt>
			<trkpt lat="49.957408" lon="14.404809">
				<ele>228.000000</ele>
			</trkpt>
			<trkpt lat="49.957357" lon="14.404710">
				<ele>227.000000</ele>
			</trkpt>
			<trkpt lat="49.957299" lon="14.404522">
				<ele>227.000000</ele>
			</trkpt>
			<trkpt lat="49.957200" lon="14.404171">
				<ele>226.000000</ele>
			</trkpt>
			<trkpt lat="49.957178" lon="14.404073">
				<ele>225.000000</ele>
			</trkpt>
			<trkpt lat="49.957178" lon="14.404036">
				<ele>225.000000</ele>
			</trkpt>
			<trkpt lat="49.957194" lon="14.403570">
				<ele>225.000000</ele>
			</trkpt>
			<trkpt lat="49.957206" lon="14.403363">
				<ele>224.000000</ele>
			</trkpt>
			<trkpt lat="49.957200" lon="14.403264">
				<ele>223.000000</ele>
			</trkpt>
			<trkpt lat="49.957172" lon="14.402914">
				<ele>222.000000</ele>
			</trkpt>
			<trkpt lat="49.957165" lon="14.402752">
				<ele>223.000000</ele>
			</trkpt>
			<trkpt lat="49.957137" lon="14.402581">
				<ele>222.000000</ele>
			</trkpt>
			<trkpt lat="49.956923" lon="14.401503">
				<ele>218.000000</ele>
			</trkpt>
			<trkpt lat="49.956767" lon="14.400794">
				<ele>214.000000</ele>
			</trkpt>
			<trkpt lat="49.956605" lon="14.400147">
				<ele>212.000000</ele>
			</trkpt>
			<trkpt lat="49.956189" lon="14.398637">
				<ele>206.000000</ele>
			</trkpt>
			<trkpt lat="49.956015" lon="14.397857">
				<ele>204.000000</ele>
			</trkpt>
			<trkpt lat="49.955998" lon="14.397784">
				<ele>204.000000</ele>
			</trkpt>
			<trkpt lat="49.955958" lon="14.397731">
				<ele>203.000000</ele>
			</trkpt>
			<trkpt lat="49.955871" lon="14.397595">
				<ele>203.000000</ele>
			</trkpt>
			<trkpt lat="49.955796" lon="14.397497">
				<ele>202.000000</ele>
			</trkpt>
			<trkpt lat="49.955761" lon="14.397389">
				<ele>202.000000</ele>
			</trkpt>
			<trkpt lat="49.955698" lon="14.397119">
				<ele>201.000000</ele>
			</trkpt>
			<trkpt lat="49.955634" lon="14.396778">
				<ele>200.000000</ele>
			</trkpt>
			<trkpt lat="49.955559" lon="14.396428">
				<ele>199.000000</ele>
			</trkpt>
			<trkpt lat="49.955501" lon="14.396176">
				<ele>199.000000</ele>
			</trkpt>
			<trkpt lat="49.955449" lon="14.395943">
				<ele>198.000000</ele>
			</trkpt>
			<trkpt lat="49.955409" lon="14.395664">
				<ele>197.000000</ele>
			</trkpt>
			<trkpt lat="49.955218" lon="14.395637">
				<ele>199.000000</ele>
			</trkpt>
			<trkpt lat="49.955033" lon="14.395583">
				<ele>199.000000</ele>
			</trkpt>
			<trkpt lat="49.954686" lon="14.395448">
				<ele>200.000000</ele>
			</trkpt>
			<trkpt lat="49.954467" lon="14.395368">
				<ele>200.000000</ele>
			</trkpt>
			<trkpt lat="49.954005" lon="14.395260">
				<ele>201.000000</ele>
			</trkpt>
			<trkpt lat="49.953976" lon="14.395207">
				<ele>200.000000</ele>
			</trkpt>
			<trkpt lat="49.953923" lon="14.395125">
				<ele>199.000000</ele>
			</trkpt>
			<trkpt lat="49.953669" lon="14.395117">
				<ele>199.000000</ele>
			</trkpt>
			<trkpt lat="49.953293" lon="14.395107">
				<ele>198.000000</ele>
			</trkpt>
			<trkpt lat="49.952126" lon="14.395161">
				<ele>200.000000</ele>
			</trkpt>
			<trkpt lat="49.951819" lon="14.395161">
				<ele>200.000000</ele>
			</trkpt>
			<trkpt lat="49.951317" lon="14.395170">
				<ele>200.000000</ele>
			</trkpt>
			<trkpt lat="49.950976" lon="14.395207">
				<ele>201.000000</ele>
			</trkpt>
			<trkpt lat="49.950467" lon="14.395233">
				<ele>202.000000</ele>
			</trkpt>
			<trkpt lat="49.950039" lon="14.395314">
				<ele>201.000000</ele>
			</trkpt>
			<trkpt lat="49.949641" lon="14.395413">
				<ele>200.000000</ele>
			</trkpt>
			<trkpt lat="49.949149" lon="14.395601">
				<ele>201.000000</ele>
			</trkpt>
			<trkpt lat="49.948837" lon="14.395718">
				<ele>203.000000</ele>
			</trkpt>
			<trkpt lat="49.948629" lon="14.395799">
				<ele>202.000000</ele>
			</trkpt>
			<trkpt lat="49.948519" lon="14.395862">
				<ele>203.000000</ele>
			</trkpt>
			<trkpt lat="49.948450" lon="14.395862">
				<ele>202.000000</ele>
			</trkpt>
			<trkpt lat="49.948322" lon="14.395834">
				<ele>199.000000</ele>
			</trkpt>
			<trkpt lat="49.948288" lon="14.395853">
				<ele>199.000000</ele>
			</trkpt>
			<trkpt lat="49.948253" lon="14.395862">
				<ele>199.000000</ele>
			</trkpt>
			<trkpt lat="49.947982" lon="14.396077">
				<ele>201.000000</ele>
			</trkpt>
			<trkpt lat="49.947848" lon="14.396203">
				<ele>201.000000</ele>
			</trkpt>
			<trkpt lat="49.947640" lon="14.396400">
				<ele>201.000000</ele>
			</trkpt>
			<trkpt lat="49.947357" lon="14.396652">
				<ele>202.000000</ele>
			</trkpt>
			<trkpt lat="49.947380" lon="14.396266">
				<ele>195.000000</ele>
			</trkpt>
			<trkpt lat="49.947328" lon="14.396365">
				<ele>196.000000</ele>
			</trkpt>
			<trkpt lat="49.947276" lon="14.396446">
				<ele>196.000000</ele>
			</trkpt>
			<trkpt lat="49.947212" lon="14.396518">
				<ele>197.000000</ele>
			</trkpt>
			<trkpt lat="49.947131" lon="14.396589">
				<ele>198.000000</ele>
			</trkpt>
			<trkpt lat="49.947005" lon="14.396697">
				<ele>199.000000</ele>
			</trkpt>
			<trkpt lat="49.946791" lon="14.396886">
				<ele>200.000000</ele>
			</trkpt>
			<trkpt lat="49.946612" lon="14.397065">
				<ele>201.000000</ele>
			</trkpt>
			<trkpt lat="49.946432" lon="14.397254">
				<ele>202.000000</ele>
			</trkpt>
			<trkpt lat="49.946218" lon="14.397505">
				<ele>204.000000</ele>
			</trkpt>
			<trkpt lat="49.946166" lon="14.397578">
				<ele>205.000000</ele>
			</trkpt>
			<trkpt lat="49.946120" lon="14.397650">
				<ele>205.000000</ele>
			</trkpt>
			<trkpt lat="49.946074" lon="14.397721">
				<ele>206.000000</ele>
			</trkpt>
			<trkpt lat="49.946022" lon="14.397828">
				<ele>207.000000</ele>
			</trkpt>
			<trkpt lat="49.945987" lon="14.397874">
				<ele>207.000000</ele>
			</trkpt>
			<trkpt lat="49.945935" lon="14.397901">
				<ele>206.000000</ele>
			</trkpt>
			<trkpt lat="49.945871" lon="14.397918">
				<ele>206.000000</ele>
			</trkpt>
			<trkpt lat="49.945825" lon="14.397946">
				<ele>206.000000</ele>
			</trkpt>
			<trkpt lat="49.945808" lon="14.397973">
				<ele>207.000000</ele>
			</trkpt>
			<trkpt lat="49.945790" lon="14.398027">
				<ele>206.000000</ele>
			</trkpt>
			<trkpt lat="49.945761" lon="14.398305">
				<ele>206.000000</ele>
			</trkpt>
			<trkpt lat="49.945721" lon="14.398656">
				<ele>207.000000</ele>
			</trkpt>
			<trkpt lat="49.945657" lon="14.398934">
				<ele>208.000000</ele>
			</trkpt>
			<trkpt lat="49.945576" lon="14.399186">
				<ele>210.000000</ele>
			</trkpt>
			<trkpt lat="49.945507" lon="14.399365">
				<ele>210.000000</ele>
			</trkpt>
			<trkpt lat="49.945253" lon="14.400039">
				<ele>212.000000</ele>
			</trkpt>
			<trkpt lat="49.945027" lon="14.400587">
				<ele>215.000000</ele>
			</trkpt>
			<trkpt lat="49.944727" lon="14.401233">
				<ele>217.000000</ele>
			</trkpt>
			<trkpt lat="49.944328" lon="14.402042">
				<ele>222.000000</ele>
			</trkpt>
			<trkpt lat="49.944282" lon="14.402132">
				<ele>223.000000</ele>
			</trkpt>
			<trkpt lat="49.944253" lon="14.402231">
				<ele>222.000000</ele>
			</trkpt>
			<trkpt lat="49.944102" lon="14.402482">
				<ele>224.000000</ele>
			</trkpt>
			<trkpt lat="49.943842" lon="14.402941">
				<ele>228.000000</ele>
			</trkpt>
			<trkpt lat="49.943328" lon="14.403830">
				<ele>229.000000</ele>
			</trkpt>
			<trkpt lat="49.943293" lon="14.403884">
				<ele>229.000000</ele>
			</trkpt>
			<trkpt lat="49.943293" lon="14.403902">
				<ele>229.000000</ele>
			</trkpt>
			<trkpt lat="49.943299" lon="14.403910">
				<ele>229.000000</ele>
			</trkpt>
			<trkpt lat="49.943247" lon="14.403956">
				<ele>229.000000</ele>
			</trkpt>
			<trkpt lat="49.943195" lon="14.404027">
				<ele>230.000000</ele>
			</trkpt>
			<trkpt lat="49.942871" lon="14.404449">
				<ele>234.000000</ele>
			</trkpt>
			<trkpt lat="49.942726" lon="14.404656">
				<ele>234.000000</ele>
			</trkpt>
			<trkpt lat="49.942634" lon="14.404836">
				<ele>234.000000</ele>
			</trkpt>
			<trkpt lat="49.942570" lon="14.405006">
				<ele>235.000000</ele>
			</trkpt>
			<trkpt lat="49.942519" lon="14.405186">
				<ele>235.000000</ele>
			</trkpt>
			<trkpt lat="49.942484" lon="14.405428">
				<ele>236.000000</ele>
			</trkpt>
			<trkpt lat="49.942472" lon="14.405591">
				<ele>237.000000</ele>
			</trkpt>
			<trkpt lat="49.942484" lon="14.405833">
				<ele>237.000000</ele>
			</trkpt>
			<trkpt lat="49.942553" lon="14.406614">
				<ele>240.000000</ele>
			</trkpt>
			<trkpt lat="49.942576" lon="14.406902">
				<ele>242.000000</ele>
			</trkpt>
			<trkpt lat="49.942582" lon="14.407136">
				<ele>243.000000</ele>
			</trkpt>
			<trkpt lat="49.942507" lon="14.406920">
				<ele>244.000000</ele>
			</trkpt>
			<trkpt lat="49.942507" lon="14.406893">
				<ele>244.000000</ele>
			</trkpt>
			<trkpt lat="49.942495" lon="14.406893">
				<ele>245.000000</ele>
			</trkpt>
			<trkpt lat="49.942478" lon="14.406902">
				<ele>245.000000</ele>
			</trkpt>
			<trkpt lat="49.942461" lon="14.406956">
				<ele>247.000000</ele>
			</trkpt>
			<trkpt lat="49.942426" lon="14.407208">
				<ele>249.000000</ele>
			</trkpt>
			<trkpt lat="49.942420" lon="14.407252">
				<ele>249.000000</ele>
			</trkpt>
			<trkpt lat="49.942391" lon="14.407279">
				<ele>251.000000</ele>
			</trkpt>
			<trkpt lat="49.942356" lon="14.407298">
				<ele>252.000000</ele>
			</trkpt>
			<trkpt lat="49.942293" lon="14.407306">
				<ele>254.000000</ele>
			</trkpt>
			<trkpt lat="49.941761" lon="14.407279">
				<ele>263.000000</ele>
			</trkpt>
			<trkpt lat="49.941495" lon="14.407279">
				<ele>265.000000</ele>
			</trkpt>
			<trkpt lat="49.941454" lon="14.407279">
				<ele>266.000000</ele>
			</trkpt>
			<trkpt lat="49.941449" lon="14.407252">
				<ele>267.000000</ele>
			</trkpt>
			<trkpt lat="49.941449" lon="14.407235">
				<ele>268.000000</ele>
			</trkpt>
			<trkpt lat="49.941454" lon="14.407226">
				<ele>268.000000</ele>
			</trkpt>
			<trkpt lat="49.941513" lon="14.407199">
				<ele>269.000000</ele>
			</trkpt>
			<trkpt lat="49.941796" lon="14.407063">
				<ele>274.000000</ele>
			</trkpt>
			<trkpt lat="49.941813" lon="14.407055">
				<ele>274.000000</ele>
			</trkpt>
			<trkpt lat="49.941825" lon="14.407028">
				<ele>275.000000</ele>
			</trkpt>
			<trkpt lat="49.941825" lon="14.407010">
				<ele>275.000000</ele>
			</trkpt>
			<trkpt lat="49.941807" lon="14.406992">
				<ele>276.000000</ele>
			</trkpt>
			<trkpt lat="49.941773" lon="14.407000">
				<ele>276.000000</ele>
			</trkpt>
			<trkpt lat="49.941467" lon="14.406983">
				<ele>282.000000</ele>
			</trkpt>
			<trkpt lat="49.941385" lon="14.406992">
				<ele>283.000000</ele>
			</trkpt>
			<trkpt lat="49.941293" lon="14.407000">
				<ele>284.000000</ele>
			</trkpt>
			<trkpt lat="49.940964" lon="14.407090">
				<ele>287.000000</ele>
			</trkpt>
			<trkpt lat="49.940790" lon="14.407136">
				<ele>291.000000</ele>
			</trkpt>
			<trkpt lat="49.940726" lon="14.407163">
				<ele>293.000000</ele>
			</trkpt>
			<trkpt lat="49.940645" lon="14.407243">
				<ele>294.000000</ele>
			</trkpt>
			<trkpt lat="49.940622" lon="14.407262">
				<ele>295.000000</ele>
			</trkpt>
			<trkpt lat="49.940611" lon="14.407262">
				<ele>296.000000</ele>
			</trkpt>
			<trkpt lat="49.940593" lon="14.407235">
				<ele>298.000000</ele>
			</trkpt>
			<trkpt lat="49.940593" lon="14.407216">
				<ele>299.000000</ele>
			</trkpt>
			<trkpt lat="49.940628" lon="14.407090">
				<ele>301.000000</ele>
			</trkpt>
			<trkpt lat="49.940663" lon="14.406983">
				<ele>304.000000</ele>
			</trkpt>
			<trkpt lat="49.940715" lon="14.406902">
				<ele>305.000000</ele>
			</trkpt>
			<trkpt lat="49.940842" lon="14.406732">
				<ele>308.000000</ele>
			</trkpt>
			<trkpt lat="49.940934" lon="14.406614">
				<ele>311.000000</ele>
			</trkpt>
			<trkpt lat="49.941056" lon="14.406489">
				<ele>314.000000</ele>
			</trkpt>
			<trkpt lat="49.941235" lon="14.406336">
				<ele>313.000000</ele>
			</trkpt>
			<trkpt lat="49.941229" lon="14.406318">
				<ele>314.000000</ele>
			</trkpt>
			<trkpt lat="49.941218" lon="14.406310">
				<ele>315.000000</ele>
			</trkpt>
			<trkpt lat="49.940992" lon="14.406363">
				<ele>318.000000</ele>
			</trkpt>
			<trkpt lat="49.940905" lon="14.406390">
				<ele>319.000000</ele>
			</trkpt>
			<trkpt lat="49.940744" lon="14.406462">
				<ele>322.000000</ele>
			</trkpt>
			<trkpt lat="49.940605" lon="14.406524">
				<ele>325.000000</ele>
			</trkpt>
			<trkpt lat="49.940501" lon="14.406606">
				<ele>326.000000</ele>
			</trkpt>
			<trkpt lat="49.940310" lon="14.406767">
				<ele>330.000000</ele>
			</trkpt>
			<trkpt lat="49.940160" lon="14.406866">
				<ele>332.000000</ele>
			</trkpt>
			<trkpt lat="49.940078" lon="14.406920">
				<ele>334.000000</ele>
			</trkpt>
			<trkpt lat="49.940027" lon="14.406939">
				<ele>335.000000</ele>
			</trkpt>
			<trkpt lat="49.939802" lon="14.406920">
				<ele>337.000000</ele>
			</trkpt>
			<trkpt lat="49.939726" lon="14.406939">
				<ele>339.000000</ele>
			</trkpt>
			<trkpt lat="49.939663" lon="14.406956">
				<ele>340.000000</ele>
			</trkpt>
			<trkpt lat="49.939657" lon="14.406965">
				<ele>340.000000</ele>
			</trkpt>
			<trkpt lat="49.939645" lon="14.406983">
				<ele>340.000000</ele>
			</trkpt>
			<trkpt lat="49.939639" lon="14.406992">
				<ele>340.000000</ele>
			</trkpt>
			<trkpt lat="49.939622" lon="14.406992">
				<ele>340.000000</ele>
			</trkpt>
			<trkpt lat="49.939593" lon="14.406983">
				<ele>340.000000</ele>
			</trkpt>
			<trkpt lat="49.939535" lon="14.406992">
				<ele>341.000000</ele>
			</trkpt>
			<trkpt lat="49.939535" lon="14.406992">
				<ele>341.000000</ele>
			</trkpt>
			<trkpt lat="49.939524" lon="14.406992">
				<ele>341.000000</ele>
			</trkpt>
			<trkpt lat="49.939547" lon="14.406884">
				<ele>341.000000</ele>
			</trkpt>
			<trkpt lat="49.939564" lon="14.406677">
				<ele>341.000000</ele>
			</trkpt>
			<trkpt lat="49.939599" lon="14.405994">
				<ele>341.000000</ele>
			</trkpt>
			<trkpt lat="49.939588" lon="14.405868">
				<ele>341.000000</ele>
			</trkpt>
			<trkpt lat="49.939588" lon="14.405778">
				<ele>341.000000</ele>
			</trkpt>
			<trkpt lat="49.939593" lon="14.405671">
				<ele>342.000000</ele>
			</trkpt>
			<trkpt lat="49.939604" lon="14.405545">
				<ele>342.000000</ele>
			</trkpt>
			<trkpt lat="49.939588" lon="14.405438">
				<ele>342.000000</ele>
			</trkpt>
			<trkpt lat="49.939547" lon="14.405268">
				<ele>342.000000</ele>
			</trkpt>
			<trkpt lat="49.939529" lon="14.405159">
				<ele>342.000000</ele>
			</trkpt>
			<trkpt lat="49.939500" lon="14.405042">
				<ele>341.000000</ele>
			</trkpt>
			<trkpt lat="49.939478" lon="14.404908">
				<ele>341.000000</ele>
			</trkpt>
			<trkpt lat="49.939454" lon="14.404765">
				<ele>341.000000</ele>
			</trkpt>
			<trkpt lat="49.939454" lon="14.404656">
				<ele>341.000000</ele>
			</trkpt>
			<trkpt lat="49.939472" lon="14.404558">
				<ele>341.000000</ele>
			</trkpt>
			<trkpt lat="49.939524" lon="14.404350">
				<ele>340.000000</ele>
			</trkpt>
			<trkpt lat="49.939535" lon="14.404252">
				<ele>339.000000</ele>
			</trkpt>
			<trkpt lat="49.939541" lon="14.404109">
				<ele>339.000000</ele>
			</trkpt>
			<trkpt lat="49.939541" lon="14.403749">
				<ele>338.000000</ele>
			</trkpt>
			<trkpt lat="49.939547" lon="14.403597">
				<ele>337.000000</ele>
			</trkpt>
			<trkpt lat="49.939547" lon="14.403318">
				<ele>337.000000</ele>
			</trkpt>
			<trkpt lat="49.939529" lon="14.402841">
				<ele>336.000000</ele>
			</trkpt>
			<trkpt lat="49.939529" lon="14.402788">
				<ele>336.000000</ele>
			</trkpt>
			<trkpt lat="49.939535" lon="14.402761">
				<ele>336.000000</ele>
			</trkpt>
			<trkpt lat="49.939553" lon="14.402715">
				<ele>336.000000</ele>
			</trkpt>
			<trkpt lat="49.939582" lon="14.402689">
				<ele>335.000000</ele>
			</trkpt>
			<trkpt lat="49.939604" lon="14.402671">
				<ele>335.000000</ele>
			</trkpt>
			<trkpt lat="49.939709" lon="14.402618">
				<ele>334.000000</ele>
			</trkpt>
			<trkpt lat="49.939882" lon="14.402446">
				<ele>332.000000</ele>
			</trkpt>
			<trkpt lat="49.939963" lon="14.402365">
				<ele>331.000000</ele>
			</trkpt>
			<trkpt lat="49.940078" lon="14.402213">
				<ele>330.000000</ele>
			</trkpt>
			<trkpt lat="49.940142" lon="14.402141">
				<ele>329.000000</ele>
			</trkpt>
			<trkpt lat="49.940217" lon="14.402078">
				<ele>328.000000</ele>
			</trkpt>
			<trkpt lat="49.940298" lon="14.402042">
				<ele>327.000000</ele>
			</trkpt>
			<trkpt lat="49.940368" lon="14.401952">
				<ele>327.000000</ele>
			</trkpt>
			<trkpt lat="49.940420" lon="14.401899">
				<ele>326.000000</ele>
			</trkpt>
			<trkpt lat="49.940460" lon="14.401853">
				<ele>325.000000</ele>
			</trkpt>
			<trkpt lat="49.940680" lon="14.401683">
				<ele>324.000000</ele>
			</trkpt>
			<trkpt lat="49.940836" lon="14.401530">
				<ele>323.000000</ele>
			</trkpt>
			<trkpt lat="49.941073" lon="14.401279">
				<ele>323.000000</ele>
			</trkpt>
			<trkpt lat="49.941310" lon="14.401090">
				<ele>324.000000</ele>
			</trkpt>
			<trkpt lat="49.941460" lon="14.400955">
				<ele>324.000000</ele>
			</trkpt>
			<trkpt lat="49.941593" lon="14.400820">
				<ele>324.000000</ele>
			</trkpt>
			<trkpt lat="49.942085" lon="14.400362">
				<ele>328.000000</ele>
			</trkpt>
			<trkpt lat="49.942362" lon="14.400120">
				<ele>331.000000</ele>
			</trkpt>
			<trkpt lat="49.942605" lon="14.399949">
				<ele>332.000000</ele>
			</trkpt>
			<trkpt lat="49.942669" lon="14.399904">
				<ele>332.000000</ele>
			</trkpt>
			<trkpt lat="49.942715" lon="14.399859">
				<ele>332.000000</ele>
			</trkpt>
			<trkpt lat="49.942802" lon="14.399706">
				<ele>331.000000</ele>
			</trkpt>
			<trkpt lat="49.942836" lon="14.399671">
				<ele>331.000000</ele>
			</trkpt>
			<trkpt lat="49.942894" lon="14.399652">
				<ele>330.000000</ele>
			</trkpt>
			<trkpt lat="49.943073" lon="14.399626">
				<ele>327.000000</ele>
			</trkpt>
			<trkpt lat="49.943339" lon="14.399581">
				<ele>323.000000</ele>
			</trkpt>
			<trkpt lat="49.943397" lon="14.399572">
				<ele>322.000000</ele>
			</trkpt>
			<trkpt lat="49.943478" lon="14.399572">
				<ele>322.000000</ele>
			</trkpt>
			<trkpt lat="49.943530" lon="14.399562">
				<ele>321.000000</ele>
			</trkpt>
			<trkpt lat="49.943559" lon="14.399536">
				<ele>320.000000</ele>
			</trkpt>
			<trkpt lat="49.943577" lon="14.399491">
				<ele>319.000000</ele>
			</trkpt>
			<trkpt lat="49.943600" lon="14.399419">
				<ele>318.000000</ele>
			</trkpt>
			<trkpt lat="49.943640" lon="14.399312">
				<ele>318.000000</ele>
			</trkpt>
			<trkpt lat="49.943663" lon="14.399195">
				<ele>317.000000</ele>
			</trkpt>
			<trkpt lat="49.943692" lon="14.399140">
				<ele>318.000000</ele>
			</trkpt>
			<trkpt lat="49.943756" lon="14.399060">
				<ele>321.000000</ele>
			</trkpt>
			<trkpt lat="49.943791" lon="14.398997">
				<ele>321.000000</ele>
			</trkpt>
			<trkpt lat="49.943813" lon="14.398960">
				<ele>322.000000</ele>
			</trkpt>
			<trkpt lat="49.943842" lon="14.398916">
				<ele>321.000000</ele>
			</trkpt>
			<trkpt lat="49.943912" lon="14.398862">
				<ele>321.000000</ele>
			</trkpt>
			<trkpt lat="49.943952" lon="14.398817">
				<ele>320.000000</ele>
			</trkpt>
			<trkpt lat="49.944004" lon="14.398763">
				<ele>320.000000</ele>
			</trkpt>
			<trkpt lat="49.944039" lon="14.398719">
				<ele>320.000000</ele>
			</trkpt>
			<trkpt lat="49.944074" lon="14.398664">
				<ele>319.000000</ele>
			</trkpt>
			<trkpt lat="49.944091" lon="14.398620">
				<ele>319.000000</ele>
			</trkpt>
			<trkpt lat="49.944137" lon="14.398566">
				<ele>319.000000</ele>
			</trkpt>
			<trkpt lat="49.944166" lon="14.398520">
				<ele>319.000000</ele>
			</trkpt>
			<trkpt lat="49.944184" lon="14.398467">
				<ele>318.000000</ele>
			</trkpt>
			<trkpt lat="49.944201" lon="14.398377">
				<ele>317.000000</ele>
			</trkpt>
			<trkpt lat="49.944224" lon="14.398296">
				<ele>315.000000</ele>
			</trkpt>
			<trkpt lat="49.944224" lon="14.398296">
				<ele>314.000000</ele>
			</trkpt>
			<trkpt lat="49.944224" lon="14.398296">
				<ele>314.000000</ele>
			</trkpt>
			<trkpt lat="49.944224" lon="14.398296">
				<ele>315.000000</ele>
			</trkpt>
			<trkpt lat="49.944201" lon="14.398377">
				<ele>317.000000</ele>
			</trkpt>
			<trkpt lat="49.944184" lon="14.398467">
				<ele>318.000000</ele>
			</trkpt>
			<trkpt lat="49.944166" lon="14.398520">
				<ele>319.000000</ele>
			</trkpt>
			<trkpt lat="49.944137" lon="14.398566">
				<ele>319.000000</ele>
			</trkpt>
			<trkpt lat="49.944091" lon="14.398620">
				<ele>319.000000</ele>
			</trkpt>
			<trkpt lat="49.944074" lon="14.398664">
				<ele>319.000000</ele>
			</trkpt>
			<trkpt lat="49.944039" lon="14.398719">
				<ele>320.000000</ele>
			</trkpt>
			<trkpt lat="49.944004" lon="14.398763">
				<ele>320.000000</ele>
			</trkpt>
			<trkpt lat="49.943952" lon="14.398817">
				<ele>320.000000</ele>
			</trkpt>
			<trkpt lat="49.943912" lon="14.398862">
				<ele>321.000000</ele>
			</trkpt>
			<trkpt lat="49.943842" lon="14.398916">
				<ele>321.000000</ele>
			</trkpt>
			<trkpt lat="49.943813" lon="14.398960">
				<ele>322.000000</ele>
			</trkpt>
			<trkpt lat="49.943791" lon="14.398997">
				<ele>321.000000</ele>
			</trkpt>
			<trkpt lat="49.943756" lon="14.399060">
				<ele>321.000000</ele>
			</trkpt>
			<trkpt lat="49.943692" lon="14.399140">
				<ele>318.000000</ele>
			</trkpt>
			<trkpt lat="49.943663" lon="14.399195">
				<ele>317.000000</ele>
			</trkpt>
			<trkpt lat="49.943640" lon="14.399312">
				<ele>318.000000</ele>
			</trkpt>
			<trkpt lat="49.943600" lon="14.399419">
				<ele>318.000000</ele>
			</trkpt>
			<trkpt lat="49.943577" lon="14.399491">
				<ele>319.000000</ele>
			</trkpt>
			<trkpt lat="49.943559" lon="14.399536">
				<ele>320.000000</ele>
			</trkpt>
			<trkpt lat="49.943530" lon="14.399562">
				<ele>321.000000</ele>
			</trkpt>
			<trkpt lat="49.943478" lon="14.399572">
				<ele>322.000000</ele>
			</trkpt>
			<trkpt lat="49.943397" lon="14.399572">
				<ele>322.000000</ele>
			</trkpt>
			<trkpt lat="49.943339" lon="14.399581">
				<ele>323.000000</ele>
			</trkpt>
			<trkpt lat="49.943073" lon="14.399626">
				<ele>327.000000</ele>
			</trkpt>
			<trkpt lat="49.942808" lon="14.399320">
				<ele>329.000000</ele>
			</trkpt>
			<trkpt lat="49.942738" lon="14.399249">
				<ele>330.000000</ele>
			</trkpt>
			<trkpt lat="49.942640" lon="14.399195">
				<ele>330.000000</ele>
			</trkpt>
			<trkpt lat="49.942495" lon="14.399113">
				<ele>331.000000</ele>
			</trkpt>
			<trkpt lat="49.942386" lon="14.399069">
				<ele>331.000000</ele>
			</trkpt>
			<trkpt lat="49.942195" lon="14.398934">
				<ele>329.000000</ele>
			</trkpt>
			<trkpt lat="49.942045" lon="14.398870">
				<ele>326.000000</ele>
			</trkpt>
			<trkpt lat="49.941981" lon="14.398844">
				<ele>325.000000</ele>
			</trkpt>
			<trkpt lat="49.941946" lon="14.398817">
				<ele>324.000000</ele>
			</trkpt>
			<trkpt lat="49.941900" lon="14.398773">
				<ele>323.000000</ele>
			</trkpt>
			<trkpt lat="49.941634" lon="14.398368">
				<ele>322.000000</ele>
			</trkpt>
			<trkpt lat="49.941547" lon="14.398251">
				<ele>324.000000</ele>
			</trkpt>
			<trkpt lat="49.941489" lon="14.398188">
				<ele>325.000000</ele>
			</trkpt>
			<trkpt lat="49.941438" lon="14.398153">
				<ele>325.000000</ele>
			</trkpt>
			<trkpt lat="49.941345" lon="14.398098">
				<ele>325.000000</ele>
			</trkpt>
			<trkpt lat="49.941241" lon="14.398000">
				<ele>323.000000</ele>
			</trkpt>
			<trkpt lat="49.940975" lon="14.397721">
				<ele>318.000000</ele>
			</trkpt>
			<trkpt lat="49.940923" lon="14.397694">
				<ele>318.000000</ele>
			</trkpt>
			<trkpt lat="49.940859" lon="14.397694">
				<ele>319.000000</ele>
			</trkpt>
			<trkpt lat="49.940732" lon="14.397731">
				<ele>320.000000</ele>
			</trkpt>
			<trkpt lat="49.940697" lon="14.397731">
				<ele>319.000000</ele>
			</trkpt>
			<trkpt lat="49.940663" lon="14.397704">
				<ele>319.000000</ele>
			</trkpt>
			<trkpt lat="49.940455" lon="14.397524">
				<ele>318.000000</ele>
			</trkpt>
			<trkpt lat="49.940397" lon="14.397470">
				<ele>318.000000</ele>
			</trkpt>
			<trkpt lat="49.940345" lon="14.397371">
				<ele>318.000000</ele>
			</trkpt>
			<trkpt lat="49.940246" lon="14.397218">
				<ele>318.000000</ele>
			</trkpt>
			<trkpt lat="49.940142" lon="14.397111">
				<ele>319.000000</ele>
			</trkpt>
			<trkpt lat="49.940091" lon="14.397039">
				<ele>319.000000</ele>
			</trkpt>
			<trkpt lat="49.940038" lon="14.396931">
				<ele>320.000000</ele>
			</trkpt>
			<trkpt lat="49.940009" lon="14.396841">
				<ele>320.000000</ele>
			</trkpt>
			<trkpt lat="49.939975" lon="14.396805">
				<ele>321.000000</ele>
			</trkpt>
			<trkpt lat="49.939865" lon="14.396679">
				<ele>322.000000</ele>
			</trkpt>
			<trkpt lat="49.939802" lon="14.396580">
				<ele>323.000000</ele>
			</trkpt>
			<trkpt lat="49.939767" lon="14.396482">
				<ele>323.000000</ele>
			</trkpt>
			<trkpt lat="49.939547" lon="14.396096">
				<ele>325.000000</ele>
			</trkpt>
			<trkpt lat="49.939518" lon="14.396060">
				<ele>325.000000</ele>
			</trkpt>
			<trkpt lat="49.939500" lon="14.396006">
				<ele>324.000000</ele>
			</trkpt>
			<trkpt lat="49.939489" lon="14.395960">
				<ele>323.000000</ele>
			</trkpt>
			<trkpt lat="49.939483" lon="14.395862">
				<ele>322.000000</ele>
			</trkpt>
			<trkpt lat="49.939466" lon="14.395807">
				<ele>321.000000</ele>
			</trkpt>
			<trkpt lat="49.939443" lon="14.395709">
				<ele>320.000000</ele>
			</trkpt>
			<trkpt lat="49.939403" lon="14.395610">
				<ele>320.000000</ele>
			</trkpt>
			<trkpt lat="49.939344" lon="14.395503">
				<ele>321.000000</ele>
			</trkpt>
			<trkpt lat="49.939281" lon="14.395377">
				<ele>319.000000</ele>
			</trkpt>
			<trkpt lat="49.939252" lon="14.395358">
				<ele>319.000000</ele>
			</trkpt>
			<trkpt lat="49.939229" lon="14.395350">
				<ele>319.000000</ele>
			</trkpt>
			<trkpt lat="49.939171" lon="14.395368">
				<ele>320.000000</ele>
			</trkpt>
			<trkpt lat="49.939130" lon="14.395377">
				<ele>320.000000</ele>
			</trkpt>
			<trkpt lat="49.939073" lon="14.395421">
				<ele>320.000000</ele>
			</trkpt>
			<trkpt lat="49.938992" lon="14.395503">
				<ele>320.000000</ele>
			</trkpt>
			<trkpt lat="49.938951" lon="14.395547">
				<ele>320.000000</ele>
			</trkpt>
			<trkpt lat="49.938894" lon="14.395620">
				<ele>320.000000</ele>
			</trkpt>
			<trkpt lat="49.938778" lon="14.395817">
				<ele>319.000000</ele>
			</trkpt>
			<trkpt lat="49.938737" lon="14.395870">
				<ele>318.000000</ele>
			</trkpt>
			<trkpt lat="49.938709" lon="14.395870">
				<ele>318.000000</ele>
			</trkpt>
			<trkpt lat="49.938691" lon="14.395870">
				<ele>317.000000</ele>
			</trkpt>
			<trkpt lat="49.938535" lon="14.395744">
				<ele>315.000000</ele>
			</trkpt>
			<trkpt lat="49.938448" lon="14.395664">
				<ele>313.000000</ele>
			</trkpt>
			<trkpt lat="49.938327" lon="14.395538">
				<ele>311.000000</ele>
			</trkpt>
			<trkpt lat="49.938182" lon="14.395404">
				<ele>308.000000</ele>
			</trkpt>
			<trkpt lat="49.938084" lon="14.395241">
				<ele>305.000000</ele>
			</trkpt>
			<trkpt lat="49.937864" lon="14.394937">
				<ele>299.000000</ele>
			</trkpt>
			<trkpt lat="49.937882" lon="14.394820">
				<ele>298.000000</ele>
			</trkpt>
			<trkpt lat="49.937882" lon="14.394757">
				<ele>296.000000</ele>
			</trkpt>
			<trkpt lat="49.937847" lon="14.394631">
				<ele>295.000000</ele>
			</trkpt>
			<trkpt lat="49.937783" lon="14.394452">
				<ele>292.000000</ele>
			</trkpt>
			<trkpt lat="49.937766" lon="14.394352">
				<ele>290.000000</ele>
			</trkpt>
			<trkpt lat="49.937754" lon="14.394199">
				<ele>287.000000</ele>
			</trkpt>
			<trkpt lat="49.937754" lon="14.393859">
				<ele>283.000000</ele>
			</trkpt>
			<trkpt lat="49.937732" lon="14.393570">
				<ele>280.000000</ele>
			</trkpt>
			<trkpt lat="49.937732" lon="14.393373">
				<ele>277.000000</ele>
			</trkpt>
			<trkpt lat="49.937732" lon="14.393194">
				<ele>275.000000</ele>
			</trkpt>
			<trkpt lat="49.937703" lon="14.393023">
				<ele>273.000000</ele>
			</trkpt>
			<trkpt lat="49.937668" lon="14.392870">
				<ele>270.000000</ele>
			</trkpt>
			<trkpt lat="49.937668" lon="14.392817">
				<ele>269.000000</ele>
			</trkpt>
			<trkpt lat="49.937674" lon="14.392763">
				<ele>269.000000</ele>
			</trkpt>
			<trkpt lat="49.937703" lon="14.392618">
				<ele>268.000000</ele>
			</trkpt>
			<trkpt lat="49.937708" lon="14.392528">
				<ele>267.000000</ele>
			</trkpt>
			<trkpt lat="49.937708" lon="14.392439">
				<ele>266.000000</ele>
			</trkpt>
			<trkpt lat="49.937691" lon="14.392341">
				<ele>266.000000</ele>
			</trkpt>
			<trkpt lat="49.937616" lon="14.391909">
				<ele>260.000000</ele>
			</trkpt>
			<trkpt lat="49.937599" lon="14.391756">
				<ele>258.000000</ele>
			</trkpt>
			<trkpt lat="49.937587" lon="14.391649">
				<ele>256.000000</ele>
			</trkpt>
			<trkpt lat="49.937599" lon="14.391541">
				<ele>255.000000</ele>
			</trkpt>
			<trkpt lat="49.937622" lon="14.391425">
				<ele>253.000000</ele>
			</trkpt>
			<trkpt lat="49.937697" lon="14.391226">
				<ele>251.000000</ele>
			</trkpt>
			<trkpt lat="49.937754" lon="14.391065">
				<ele>248.000000</ele>
			</trkpt>
			<trkpt lat="49.937997" lon="14.390570">
				<ele>241.000000</ele>
			</trkpt>
			<trkpt lat="49.938084" lon="14.390364">
				<ele>238.000000</ele>
			</trkpt>
			<trkpt lat="49.938165" lon="14.390176">
				<ele>235.000000</ele>
			</trkpt>
			<trkpt lat="49.938200" lon="14.390041">
				<ele>234.000000</ele>
			</trkpt>
			<trkpt lat="49.938281" lon="14.389672">
				<ele>228.000000</ele>
			</trkpt>
			<trkpt lat="49.938287" lon="14.389610">
				<ele>228.000000</ele>
			</trkpt>
			<trkpt lat="49.938287" lon="14.389538">
				<ele>227.000000</ele>
			</trkpt>
			<trkpt lat="49.938269" lon="14.389385">
				<ele>226.000000</ele>
			</trkpt>
			<trkpt lat="49.938252" lon="14.389286">
				<ele>226.000000</ele>
			</trkpt>
			<trkpt lat="49.938188" lon="14.389151">
				<ele>227.000000</ele>
			</trkpt>
			<trkpt lat="49.938124" lon="14.388999">
				<ele>228.000000</ele>
			</trkpt>
			<trkpt lat="49.938124" lon="14.388981">
				<ele>228.000000</ele>
			</trkpt>
			<trkpt lat="49.938124" lon="14.388954">
				<ele>227.000000</ele>
			</trkpt>
			<trkpt lat="49.938148" lon="14.388882">
				<ele>226.000000</ele>
			</trkpt>
			<trkpt lat="49.938356" lon="14.388532">
				<ele>218.000000</ele>
			</trkpt>
			<trkpt lat="49.938489" lon="14.388360">
				<ele>216.000000</ele>
			</trkpt>
			<trkpt lat="49.938356" lon="14.388100">
				<ele>215.000000</ele>
			</trkpt>
			<trkpt lat="49.938350" lon="14.387767">
				<ele>213.000000</ele>
			</trkpt>
			<trkpt lat="49.938737" lon="14.387597">
				<ele>208.000000</ele>
			</trkpt>
			<trkpt lat="49.938784" lon="14.387534">
				<ele>206.000000</ele>
			</trkpt>
			<trkpt lat="49.938916" lon="14.387381">
				<ele>205.000000</ele>
			</trkpt>
			<trkpt lat="49.939021" lon="14.387265">
				<ele>204.000000</ele>
			</trkpt>
			<trkpt lat="49.939142" lon="14.387202">
				<ele>203.000000</ele>
			</trkpt>
			<trkpt lat="49.939275" lon="14.387157">
				<ele>202.000000</ele>
			</trkpt>
			<trkpt lat="49.939437" lon="14.387148">
				<ele>201.000000</ele>
			</trkpt>
			<trkpt lat="49.939101" lon="14.386366">
				<ele>201.000000</ele>
			</trkpt>
			<trkpt lat="49.939385" lon="14.386035">
				<ele>203.000000</ele>
			</trkpt>
			<trkpt lat="49.939026" lon="14.384857">
				<ele>209.000000</ele>
			</trkpt>
			<trkpt lat="49.938992" lon="14.384660">
				<ele>209.000000</ele>
			</trkpt>
			<trkpt lat="49.938992" lon="14.384480">
				<ele>210.000000</ele>
			</trkpt>
			<trkpt lat="49.939009" lon="14.384301">
				<ele>210.000000</ele>
			</trkpt>
			<trkpt lat="49.939067" lon="14.384004">
				<ele>210.000000</ele>
			</trkpt>
			<trkpt lat="49.939079" lon="14.383914">
				<ele>211.000000</ele>
			</trkpt>
			<trkpt lat="49.939096" lon="14.383689">
				<ele>211.000000</ele>
			</trkpt>
			<trkpt lat="49.939114" lon="14.383564">
				<ele>211.000000</ele>
			</trkpt>
			<trkpt lat="49.939114" lon="14.383564">
				<ele>211.000000</ele>
			</trkpt>
			<trkpt lat="49.939114" lon="14.383564">
				<ele>211.000000</ele>
			</trkpt>
			<trkpt lat="49.939050" lon="14.383564">
				<ele>211.000000</ele>
			</trkpt>
			<trkpt lat="49.938986" lon="14.383564">
				<ele>211.000000</ele>
			</trkpt>
			<trkpt lat="49.938876" lon="14.383636">
				<ele>212.000000</ele>
			</trkpt>
			<trkpt lat="49.938772" lon="14.383681">
				<ele>212.000000</ele>
			</trkpt>
			<trkpt lat="49.938674" lon="14.383689">
				<ele>212.000000</ele>
			</trkpt>
			<trkpt lat="49.938599" lon="14.383681">
				<ele>212.000000</ele>
			</trkpt>
			<trkpt lat="49.938408" lon="14.383654">
				<ele>212.000000</ele>
			</trkpt>
			<trkpt lat="49.938148" lon="14.383572">
				<ele>212.000000</ele>
			</trkpt>
			<trkpt lat="49.938049" lon="14.383492">
				<ele>213.000000</ele>
			</trkpt>
			<trkpt lat="49.937899" lon="14.383412">
				<ele>213.000000</ele>
			</trkpt>
			<trkpt lat="49.937714" lon="14.383303">
				<ele>213.000000</ele>
			</trkpt>
			<trkpt lat="49.937650" lon="14.383285">
				<ele>212.000000</ele>
			</trkpt>
			<trkpt lat="49.937593" lon="14.383303">
				<ele>211.000000</ele>
			</trkpt>
			<trkpt lat="49.937483" lon="14.383349">
				<ele>210.000000</ele>
			</trkpt>
			<trkpt lat="49.937402" lon="14.383349">
				<ele>210.000000</ele>
			</trkpt>
			<trkpt lat="49.937321" lon="14.383330">
				<ele>210.000000</ele>
			</trkpt>
			<trkpt lat="49.937246" lon="14.383303">
				<ele>210.000000</ele>
			</trkpt>
			<trkpt lat="49.936980" lon="14.383142">
				<ele>211.000000</ele>
			</trkpt>
			<trkpt lat="49.936835" lon="14.383033">
				<ele>211.000000</ele>
			</trkpt>
			<trkpt lat="49.936755" lon="14.382980">
				<ele>211.000000</ele>
			</trkpt>
			<trkpt lat="49.936679" lon="14.382980">
				<ele>211.000000</ele>
			</trkpt>
			<trkpt lat="49.936598" lon="14.382998">
				<ele>212.000000</ele>
			</trkpt>
			<trkpt lat="49.936471" lon="14.383060">
				<ele>212.000000</ele>
			</trkpt>
			<trkpt lat="49.936402" lon="14.383106">
				<ele>212.000000</ele>
			</trkpt>
			<trkpt lat="49.936321" lon="14.383169">
				<ele>213.000000</ele>
			</trkpt>
			<trkpt lat="49.936171" lon="14.383303">
				<ele>213.000000</ele>
			</trkpt>
			<trkpt lat="49.936054" lon="14.383375">
				<ele>213.000000</ele>
			</trkpt>
			<trkpt lat="49.935928" lon="14.383438">
				<ele>214.000000</ele>
			</trkpt>
			<trkpt lat="49.935772" lon="14.383465">
				<ele>215.000000</ele>
			</trkpt>
			<trkpt lat="49.935470" lon="14.383492">
				<ele>216.000000</ele>
			</trkpt>
			<trkpt lat="49.935315" lon="14.383528">
				<ele>217.000000</ele>
			</trkpt>
			<trkpt lat="49.935228" lon="14.383572">
				<ele>217.000000</ele>
			</trkpt>
			<trkpt lat="49.935164" lon="14.383609">
				<ele>217.000000</ele>
			</trkpt>
			<trkpt lat="49.935089" lon="14.383672">
				<ele>217.000000</ele>
			</trkpt>
			<trkpt lat="49.935020" lon="14.383735">
				<ele>217.000000</ele>
			</trkpt>
			<trkpt lat="49.934656" lon="14.384165">
				<ele>219.000000</ele>
			</trkpt>
			<trkpt lat="49.934476" lon="14.384354">
				<ele>220.000000</ele>
			</trkpt>
			<trkpt lat="49.934396" lon="14.384444">
				<ele>220.000000</ele>
			</trkpt>
			<trkpt lat="49.934320" lon="14.384543">
				<ele>221.000000</ele>
			</trkpt>
			<trkpt lat="49.934129" lon="14.384920">
				<ele>222.000000</ele>
			</trkpt>
			<trkpt lat="49.934019" lon="14.385117">
				<ele>222.000000</ele>
			</trkpt>
			<trkpt lat="49.933956" lon="14.385270">
				<ele>223.000000</ele>
			</trkpt>
			<trkpt lat="49.933904" lon="14.385423">
				<ele>223.000000</ele>
			</trkpt>
			<trkpt lat="49.933852" lon="14.385620">
				<ele>223.000000</ele>
			</trkpt>
			<trkpt lat="49.933788" lon="14.385899">
				<ele>224.000000</ele>
			</trkpt>
			<trkpt lat="49.933695" lon="14.386448">
				<ele>226.000000</ele>
			</trkpt>
			<trkpt lat="49.933644" lon="14.386672">
				<ele>226.000000</ele>
			</trkpt>
			<trkpt lat="49.933568" lon="14.386932">
				<ele>227.000000</ele>
			</trkpt>
			<trkpt lat="49.933482" lon="14.387184">
				<ele>227.000000</ele>
			</trkpt>
			<trkpt lat="49.933418" lon="14.387337">
				<ele>228.000000</ele>
			</trkpt>
			<trkpt lat="49.933366" lon="14.387480">
				<ele>229.000000</ele>
			</trkpt>
			<trkpt lat="49.933262" lon="14.387857">
				<ele>230.000000</ele>
			</trkpt>
			<trkpt lat="49.933199" lon="14.388056">
				<ele>231.000000</ele>
			</trkpt>
			<trkpt lat="49.933135" lon="14.388209">
				<ele>231.000000</ele>
			</trkpt>
			<trkpt lat="49.933065" lon="14.388352">
				<ele>231.000000</ele>
			</trkpt>
			<trkpt lat="49.932996" lon="14.388459">
				<ele>232.000000</ele>
			</trkpt>
			<trkpt lat="49.932950" lon="14.388532">
				<ele>232.000000</ele>
			</trkpt>
			<trkpt lat="49.932915" lon="14.388612">
				<ele>233.000000</ele>
			</trkpt>
			<trkpt lat="49.932800" lon="14.388989">
				<ele>233.000000</ele>
			</trkpt>
			<trkpt lat="49.932753" lon="14.389106">
				<ele>234.000000</ele>
			</trkpt>
			<trkpt lat="49.932701" lon="14.389188">
				<ele>234.000000</ele>
			</trkpt>
			<trkpt lat="49.932655" lon="14.389241">
				<ele>235.000000</ele>
			</trkpt>
			<trkpt lat="49.932586" lon="14.389278">
				<ele>235.000000</ele>
			</trkpt>
			<trkpt lat="49.932522" lon="14.389278">
				<ele>235.000000</ele>
			</trkpt>
			<trkpt lat="49.932458" lon="14.389251">
				<ele>236.000000</ele>
			</trkpt>
			<trkpt lat="49.932406" lon="14.389196">
				<ele>238.000000</ele>
			</trkpt>
			<trkpt lat="49.932342" lon="14.389125">
				<ele>238.000000</ele>
			</trkpt>
			<trkpt lat="49.932285" lon="14.389071">
				<ele>238.000000</ele>
			</trkpt>
			<trkpt lat="49.932233" lon="14.389044">
				<ele>239.000000</ele>
			</trkpt>
			<trkpt lat="49.932169" lon="14.389025">
				<ele>240.000000</ele>
			</trkpt>
			<trkpt lat="49.932018" lon="14.389044">
				<ele>242.000000</ele>
			</trkpt>
			<trkpt lat="49.931817" lon="14.389044">
				<ele>243.000000</ele>
			</trkpt>
			<trkpt lat="49.931649" lon="14.389106">
				<ele>242.000000</ele>
			</trkpt>
			<trkpt lat="49.931440" lon="14.389232">
				<ele>243.000000</ele>
			</trkpt>
			<trkpt lat="49.931163" lon="14.389448">
				<ele>245.000000</ele>
			</trkpt>
			<trkpt lat="49.931065" lon="14.389520">
				<ele>247.000000</ele>
			</trkpt>
			<trkpt lat="49.930903" lon="14.389618">
				<ele>249.000000</ele>
			</trkpt>
			<trkpt lat="49.930752" lon="14.389754">
				<ele>250.000000</ele>
			</trkpt>
			<trkpt lat="49.930636" lon="14.389897">
				<ele>250.000000</ele>
			</trkpt>
			<trkpt lat="49.930567" lon="14.390050">
				<ele>250.000000</ele>
			</trkpt>
			<trkpt lat="49.930510" lon="14.390220">
				<ele>249.000000</ele>
			</trkpt>
			<trkpt lat="49.930486" lon="14.390400">
				<ele>250.000000</ele>
			</trkpt>
			<trkpt lat="49.930469" lon="14.390652">
				<ele>251.000000</ele>
			</trkpt>
			<trkpt lat="49.930463" lon="14.391002">
				<ele>253.000000</ele>
			</trkpt>
			<trkpt lat="49.930457" lon="14.391541">
				<ele>255.000000</ele>
			</trkpt>
			<trkpt lat="49.930440" lon="14.391784">
				<ele>256.000000</ele>
			</trkpt>
			<trkpt lat="49.930423" lon="14.391972">
				<ele>256.000000</ele>
			</trkpt>
			<trkpt lat="49.930394" lon="14.392170">
				<ele>256.000000</ele>
			</trkpt>
			<trkpt lat="49.930359" lon="14.392367">
				<ele>256.000000</ele>
			</trkpt>
			<trkpt lat="49.930267" lon="14.392817">
				<ele>257.000000</ele>
			</trkpt>
			<trkpt lat="49.930082" lon="14.393544">
				<ele>263.000000</ele>
			</trkpt>
			<trkpt lat="49.929937" lon="14.394002">
				<ele>265.000000</ele>
			</trkpt>
			<trkpt lat="49.929787" lon="14.394452">
				<ele>268.000000</ele>
			</trkpt>
			<trkpt lat="49.929619" lon="14.394874">
				<ele>272.000000</ele>
			</trkpt>
			<trkpt lat="49.929549" lon="14.395035">
				<ele>274.000000</ele>
			</trkpt>
			<trkpt lat="49.929503" lon="14.395125">
				<ele>275.000000</ele>
			</trkpt>
			<trkpt lat="49.929434" lon="14.395224">
				<ele>275.000000</ele>
			</trkpt>
			<trkpt lat="49.929370" lon="14.395260">
				<ele>276.000000</ele>
			</trkpt>
			<trkpt lat="49.929289" lon="14.395304">
				<ele>276.000000</ele>
			</trkpt>
			<trkpt lat="49.929197" lon="14.395331">
				<ele>276.000000</ele>
			</trkpt>
			<trkpt lat="49.929110" lon="14.395341">
				<ele>277.000000</ele>
			</trkpt>
			<trkpt lat="49.929000" lon="14.395341">
				<ele>278.000000</ele>
			</trkpt>
			<trkpt lat="49.928838" lon="14.395314">
				<ele>279.000000</ele>
			</trkpt>
			<trkpt lat="49.928775" lon="14.395314">
				<ele>279.000000</ele>
			</trkpt>
			<trkpt lat="49.928723" lon="14.395331">
				<ele>279.000000</ele>
			</trkpt>
			<trkpt lat="49.928670" lon="14.395358">
				<ele>279.000000</ele>
			</trkpt>
			<trkpt lat="49.928607" lon="14.395394">
				<ele>279.000000</ele>
			</trkpt>
			<trkpt lat="49.928497" lon="14.395484">
				<ele>280.000000</ele>
			</trkpt>
			<trkpt lat="49.928428" lon="14.395511">
				<ele>281.000000</ele>
			</trkpt>
			<trkpt lat="49.928381" lon="14.395530">
				<ele>282.000000</ele>
			</trkpt>
			<trkpt lat="49.928335" lon="14.395511">
				<ele>281.000000</ele>
			</trkpt>
			<trkpt lat="49.928127" lon="14.395421">
				<ele>283.000000</ele>
			</trkpt>
			<trkpt lat="49.928040" lon="14.395377">
				<ele>284.000000</ele>
			</trkpt>
			<trkpt lat="49.927948" lon="14.395377">
				<ele>285.000000</ele>
			</trkpt>
			<trkpt lat="49.927867" lon="14.395404">
				<ele>286.000000</ele>
			</trkpt>
			<trkpt lat="49.927722" lon="14.395494">
				<ele>287.000000</ele>
			</trkpt>
			<trkpt lat="49.927583" lon="14.395620">
				<ele>289.000000</ele>
			</trkpt>
			<trkpt lat="49.927427" lon="14.395763">
				<ele>290.000000</ele>
			</trkpt>
			<trkpt lat="49.927167" lon="14.396033">
				<ele>294.000000</ele>
			</trkpt>
			<trkpt lat="49.926993" lon="14.396230">
				<ele>296.000000</ele>
			</trkpt>
			<trkpt lat="49.926855" lon="14.396482">
				<ele>297.000000</ele>
			</trkpt>
			<trkpt lat="49.926803" lon="14.396616">
				<ele>298.000000</ele>
			</trkpt>
			<trkpt lat="49.926768" lon="14.396733">
				<ele>299.000000</ele>
			</trkpt>
			<trkpt lat="49.926733" lon="14.396832">
				<ele>300.000000</ele>
			</trkpt>
			<trkpt lat="49.926687" lon="14.396912">
				<ele>301.000000</ele>
			</trkpt>
			<trkpt lat="49.926623" lon="14.397012">
				<ele>301.000000</ele>
			</trkpt>
			<trkpt lat="49.926519" lon="14.397138">
				<ele>303.000000</ele>
			</trkpt>
			<trkpt lat="49.926144" lon="14.397524">
				<ele>307.000000</ele>
			</trkpt>
			<trkpt lat="49.926010" lon="14.397658">
				<ele>309.000000</ele>
			</trkpt>
			<trkpt lat="49.925698" lon="14.397946">
				<ele>312.000000</ele>
			</trkpt>
			<trkpt lat="49.925560" lon="14.398071">
				<ele>312.000000</ele>
			</trkpt>
			<trkpt lat="49.925426" lon="14.398243">
				<ele>314.000000</ele>
			</trkpt>
			<trkpt lat="49.925375" lon="14.398341">
				<ele>315.000000</ele>
			</trkpt>
			<trkpt lat="49.925328" lon="14.398423">
				<ele>316.000000</ele>
			</trkpt>
			<trkpt lat="49.925108" lon="14.398979">
				<ele>320.000000</ele>
			</trkpt>
			<trkpt lat="49.925027" lon="14.399203">
				<ele>320.000000</ele>
			</trkpt>
			<trkpt lat="49.924958" lon="14.399446">
				<ele>321.000000</ele>
			</trkpt>
			<trkpt lat="49.924796" lon="14.400048">
				<ele>325.000000</ele>
			</trkpt>
			<trkpt lat="49.924738" lon="14.400264">
				<ele>325.000000</ele>
			</trkpt>
			<trkpt lat="49.924646" lon="14.400515">
				<ele>327.000000</ele>
			</trkpt>
			<trkpt lat="49.924542" lon="14.400811">
				<ele>329.000000</ele>
			</trkpt>
			<trkpt lat="49.924443" lon="14.401036">
				<ele>330.000000</ele>
			</trkpt>
			<trkpt lat="49.924391" lon="14.401134">
				<ele>331.000000</ele>
			</trkpt>
			<trkpt lat="49.924327" lon="14.401216">
				<ele>332.000000</ele>
			</trkpt>
			<trkpt lat="49.924264" lon="14.401279">
				<ele>333.000000</ele>
			</trkpt>
			<trkpt lat="49.924194" lon="14.401323">
				<ele>333.000000</ele>
			</trkpt>
			<trkpt lat="49.924102" lon="14.401323">
				<ele>334.000000</ele>
			</trkpt>
			<trkpt lat="49.924015" lon="14.401297">
				<ele>335.000000</ele>
			</trkpt>
			<trkpt lat="49.923894" lon="14.401252">
				<ele>336.000000</ele>
			</trkpt>
			<trkpt lat="49.923807" lon="14.401224">
				<ele>337.000000</ele>
			</trkpt>
			<trkpt lat="49.923709" lon="14.401224">
				<ele>338.000000</ele>
			</trkpt>
			<trkpt lat="49.923587" lon="14.401243">
				<ele>338.000000</ele>
			</trkpt>
			<trkpt lat="49.923408" lon="14.401260">
				<ele>339.000000</ele>
			</trkpt>
			<trkpt lat="49.923078" lon="14.401260">
				<ele>341.000000</ele>
			</trkpt>
			<trkpt lat="49.922760" lon="14.401252">
				<ele>343.000000</ele>
			</trkpt>
			<trkpt lat="49.922396" lon="14.401216">
				<ele>345.000000</ele>
			</trkpt>
			<trkpt lat="49.922535" lon="14.400686">
				<ele>341.000000</ele>
			</trkpt>
			<trkpt lat="49.922789" lon="14.399851">
				<ele>338.000000</ele>
			</trkpt>
			<trkpt lat="49.922899" lon="14.399499">
				<ele>336.000000</ele>
			</trkpt>
			<trkpt lat="49.922939" lon="14.399275">
				<ele>335.000000</ele>
			</trkpt>
			<trkpt lat="49.922951" lon="14.399159">
				<ele>334.000000</ele>
			</trkpt>
			<trkpt lat="49.922951" lon="14.399060">
				<ele>334.000000</ele>
			</trkpt>
			<trkpt lat="49.922928" lon="14.398880">
				<ele>333.000000</ele>
			</trkpt>
			<trkpt lat="49.922876" lon="14.398673">
				<ele>333.000000</ele>
			</trkpt>
			<trkpt lat="49.921303" lon="14.399069">
				<ele>336.000000</ele>
			</trkpt>
			<trkpt lat="49.921257" lon="14.399096">
				<ele>335.000000</ele>
			</trkpt>
			<trkpt lat="49.921222" lon="14.399159">
				<ele>335.000000</ele>
			</trkpt>
			<trkpt lat="49.921204" lon="14.399212">
				<ele>336.000000</ele>
			</trkpt>
			<trkpt lat="49.921198" lon="14.399293">
				<ele>337.000000</ele>
			</trkpt>
			<trkpt lat="49.920262" lon="14.399015">
				<ele>335.000000</ele>
			</trkpt>
			<trkpt lat="49.920198" lon="14.398960">
				<ele>335.000000</ele>
			</trkpt>
			<trkpt lat="49.920545" lon="14.398520">
				<ele>330.000000</ele>
			</trkpt>
			<trkpt lat="49.920545" lon="14.398520">
				<ele>330.000000</ele>
			</trkpt>
			<trkpt lat="49.920545" lon="14.398520">
				<ele>330.000000</ele>
			</trkpt>
			<trkpt lat="49.920545" lon="14.398520">
				<ele>330.000000</ele>
			</trkpt>
			<trkpt lat="49.920354" lon="14.398260">
				<ele>329.000000</ele>
			</trkpt>
			<trkpt lat="49.920273" lon="14.398134">
				<ele>329.000000</ele>
			</trkpt>
			<trkpt lat="49.920227" lon="14.398036">
				<ele>329.000000</ele>
			</trkpt>
			<trkpt lat="49.920198" lon="14.397954">
				<ele>329.000000</ele>
			</trkpt>
			<trkpt lat="49.920146" lon="14.397667">
				<ele>329.000000</ele>
			</trkpt>
			<trkpt lat="49.920100" lon="14.397452">
				<ele>329.000000</ele>
			</trkpt>
			<trkpt lat="49.920024" lon="14.397236">
				<ele>330.000000</ele>
			</trkpt>
			<trkpt lat="49.919926" lon="14.396994">
				<ele>331.000000</ele>
			</trkpt>
			<trkpt lat="49.919799" lon="14.396725">
				<ele>331.000000</ele>
			</trkpt>
			<trkpt lat="49.919654" lon="14.396526">
				<ele>331.000000</ele>
			</trkpt>
			<trkpt lat="49.919411" lon="14.396239">
				<ele>332.000000</ele>
			</trkpt>
			<trkpt lat="49.919307" lon="14.396131">
				<ele>332.000000</ele>
			</trkpt>
			<trkpt lat="49.919220" lon="14.396042">
				<ele>333.000000</ele>
			</trkpt>
			<trkpt lat="49.919140" lon="14.395979">
				<ele>333.000000</ele>
			</trkpt>
			<trkpt lat="49.919059" lon="14.395933">
				<ele>333.000000</ele>
			</trkpt>
			<trkpt lat="49.918937" lon="14.395897">
				<ele>334.000000</ele>
			</trkpt>
			<trkpt lat="49.918816" lon="14.395880">
				<ele>335.000000</ele>
			</trkpt>
			<trkpt lat="49.918446" lon="14.395817">
				<ele>337.000000</ele>
			</trkpt>
			<trkpt lat="49.918202" lon="14.395763">
				<ele>337.000000</ele>
			</trkpt>
			<trkpt lat="49.918023" lon="14.395736">
				<ele>337.000000</ele>
			</trkpt>
			<trkpt lat="49.917867" lon="14.395744">
				<ele>336.000000</ele>
			</trkpt>
			<trkpt lat="49.917508" lon="14.395773">
				<ele>336.000000</ele>
			</trkpt>
			<trkpt lat="49.917329" lon="14.395781">
				<ele>336.000000</ele>
			</trkpt>
			<trkpt lat="49.917196" lon="14.395763">
				<ele>336.000000</ele>
			</trkpt>
			<trkpt lat="49.917121" lon="14.395754">
				<ele>336.000000</ele>
			</trkpt>
			<trkpt lat="49.917052" lon="14.395709">
				<ele>337.000000</ele>
			</trkpt>
			<trkpt lat="49.916977" lon="14.395637">
				<ele>337.000000</ele>
			</trkpt>
			<trkpt lat="49.916826" lon="14.395467">
				<ele>336.000000</ele>
			</trkpt>
			<trkpt lat="49.916733" lon="14.395350">
				<ele>336.000000</ele>
			</trkpt>
			<trkpt lat="49.916682" lon="14.395287">
				<ele>335.000000</ele>
			</trkpt>
			<trkpt lat="49.916589" lon="14.395215">
				<ele>335.000000</ele>
			</trkpt>
			<trkpt lat="49.916352" lon="14.395008">
				<ele>334.000000</ele>
			</trkpt>
			<trkpt lat="49.916201" lon="14.394910">
				<ele>334.000000</ele>
			</trkpt>
			<trkpt lat="49.916091" lon="14.394847">
				<ele>334.000000</ele>
			</trkpt>
			<trkpt lat="49.916010" lon="14.394820">
				<ele>335.000000</ele>
			</trkpt>
			<trkpt lat="49.915912" lon="14.394820">
				<ele>335.000000</ele>
			</trkpt>
			<trkpt lat="49.915819" lon="14.394865">
				<ele>335.000000</ele>
			</trkpt>
			<trkpt lat="49.914524" lon="14.395628">
				<ele>342.000000</ele>
			</trkpt>
			<trkpt lat="49.914460" lon="14.395673">
				<ele>342.000000</ele>
			</trkpt>
			<trkpt lat="49.914425" lon="14.395700">
				<ele>341.000000</ele>
			</trkpt>
			<trkpt lat="49.914385" lon="14.395754">
				<ele>341.000000</ele>
			</trkpt>
			<trkpt lat="49.914350" lon="14.395817">
				<ele>341.000000</ele>
			</trkpt>
			<trkpt lat="49.914229" lon="14.396104">
				<ele>342.000000</ele>
			</trkpt>
			<trkpt lat="49.914200" lon="14.396176">
				<ele>342.000000</ele>
			</trkpt>
			<trkpt lat="49.914182" lon="14.396266">
				<ele>342.000000</ele>
			</trkpt>
			<trkpt lat="49.914176" lon="14.396347">
				<ele>343.000000</ele>
			</trkpt>
			<trkpt lat="49.914176" lon="14.396482">
				<ele>343.000000</ele>
			</trkpt>
			<trkpt lat="49.914160" lon="14.396958">
				<ele>346.000000</ele>
			</trkpt>
			<trkpt lat="49.914160" lon="14.397065">
				<ele>346.000000</ele>
			</trkpt>
			<trkpt lat="49.914171" lon="14.397182">
				<ele>346.000000</ele>
			</trkpt>
			<trkpt lat="49.914200" lon="14.397308">
				<ele>347.000000</ele>
			</trkpt>
			<trkpt lat="49.914252" lon="14.397515">
				<ele>349.000000</ele>
			</trkpt>
			<trkpt lat="49.914269" lon="14.397614">
				<ele>349.000000</ele>
			</trkpt>
			<trkpt lat="49.914333" lon="14.397820">
				<ele>350.000000</ele>
			</trkpt>
			<trkpt lat="49.914361" lon="14.398000">
				<ele>351.000000</ele>
			</trkpt>
			<trkpt lat="49.914391" lon="14.398431">
				<ele>352.000000</ele>
			</trkpt>
			<trkpt lat="49.914414" lon="14.398683">
				<ele>353.000000</ele>
			</trkpt>
			<trkpt lat="49.914414" lon="14.398809">
				<ele>354.000000</ele>
			</trkpt>
			<trkpt lat="49.914402" lon="14.398943">
				<ele>354.000000</ele>
			</trkpt>
			<trkpt lat="49.914379" lon="14.399069">
				<ele>355.000000</ele>
			</trkpt>
			<trkpt lat="49.914345" lon="14.399212">
				<ele>355.000000</ele>
			</trkpt>
			<trkpt lat="49.914310" lon="14.399419">
				<ele>356.000000</ele>
			</trkpt>
			<trkpt lat="49.913835" lon="14.400031">
				<ele>357.000000</ele>
			</trkpt>
			<trkpt lat="49.913610" lon="14.400291">
				<ele>358.000000</ele>
			</trkpt>
			<trkpt lat="49.913523" lon="14.400389">
				<ele>358.000000</ele>
			</trkpt>
			<trkpt lat="49.913460" lon="14.400507">
				<ele>358.000000</ele>
			</trkpt>
			<trkpt lat="49.913262" lon="14.400883">
				<ele>358.000000</ele>
			</trkpt>
			<trkpt lat="49.913083" lon="14.401153">
				<ele>358.000000</ele>
			</trkpt>
			<trkpt lat="49.912985" lon="14.401287">
				<ele>358.000000</ele>
			</trkpt>
			<trkpt lat="49.912921" lon="14.401360">
				<ele>358.000000</ele>
			</trkpt>
			<trkpt lat="49.912817" lon="14.401916">
				<ele>360.000000</ele>
			</trkpt>
			<trkpt lat="49.912731" lon="14.402474">
				<ele>360.000000</ele>
			</trkpt>
			<trkpt lat="49.912656" lon="14.403040">
				<ele>360.000000</ele>
			</trkpt>
			<trkpt lat="49.912586" lon="14.403570">
				<ele>360.000000</ele>
			</trkpt>
			<trkpt lat="49.912557" lon="14.403731">
				<ele>359.000000</ele>
			</trkpt>
			<trkpt lat="49.912493" lon="14.403902">
				<ele>358.000000</ele>
			</trkpt>
			<trkpt lat="49.912453" lon="14.404000">
				<ele>358.000000</ele>
			</trkpt>
			<trkpt lat="49.912378" lon="14.404126">
				<ele>357.000000</ele>
			</trkpt>
			<trkpt lat="49.912210" lon="14.404369">
				<ele>356.000000</ele>
			</trkpt>
			<trkpt lat="49.912141" lon="14.404459">
				<ele>356.000000</ele>
			</trkpt>
			<trkpt lat="49.912106" lon="14.404522">
				<ele>356.000000</ele>
			</trkpt>
			<trkpt lat="49.912065" lon="14.404593">
				<ele>356.000000</ele>
			</trkpt>
			<trkpt lat="49.912042" lon="14.404683">
				<ele>356.000000</ele>
			</trkpt>
			<trkpt lat="49.911880" lon="14.404413">
				<ele>354.000000</ele>
			</trkpt>
			<trkpt lat="49.911562" lon="14.403847">
				<ele>350.000000</ele>
			</trkpt>
			<trkpt lat="49.911377" lon="14.403551">
				<ele>347.000000</ele>
			</trkpt>
			<trkpt lat="49.911261" lon="14.403398">
				<ele>345.000000</ele>
			</trkpt>
			<trkpt lat="49.911180" lon="14.403308">
				<ele>344.000000</ele>
			</trkpt>
			<trkpt lat="49.911099" lon="14.403237">
				<ele>343.000000</ele>
			</trkpt>
			<trkpt lat="49.911024" lon="14.403218">
				<ele>342.000000</ele>
			</trkpt>
			<trkpt lat="49.910908" lon="14.403183">
				<ele>340.000000</ele>
			</trkpt>
			<trkpt lat="49.910758" lon="14.403147">
				<ele>340.000000</ele>
			</trkpt>
			<trkpt lat="49.910631" lon="14.403128">
				<ele>340.000000</ele>
			</trkpt>
			<trkpt lat="49.910555" lon="14.403147">
				<ele>340.000000</ele>
			</trkpt>
			<trkpt lat="49.910480" lon="14.403157">
				<ele>340.000000</ele>
			</trkpt>
			<trkpt lat="49.910254" lon="14.403273">
				<ele>341.000000</ele>
			</trkpt>
			<trkpt lat="49.909641" lon="14.403587">
				<ele>345.000000</ele>
			</trkpt>
			<trkpt lat="49.908791" lon="14.404090">
				<ele>354.000000</ele>
			</trkpt>
			<trkpt lat="49.908623" lon="14.404189">
				<ele>355.000000</ele>
			</trkpt>
			<trkpt lat="49.908484" lon="14.404289">
				<ele>356.000000</ele>
			</trkpt>
			<trkpt lat="49.908380" lon="14.404386">
				<ele>355.000000</ele>
			</trkpt>
			<trkpt lat="49.908265" lon="14.404512">
				<ele>355.000000</ele>
			</trkpt>
			<trkpt lat="49.908155" lon="14.404648">
				<ele>355.000000</ele>
			</trkpt>
			<trkpt lat="49.908039" lon="14.404809">
				<ele>355.000000</ele>
			</trkpt>
			<trkpt lat="49.907952" lon="14.404908">
				<ele>354.000000</ele>
			</trkpt>
			<trkpt lat="49.907871" lon="14.404989">
				<ele>354.000000</ele>
			</trkpt>
			<trkpt lat="49.907790" lon="14.405061">
				<ele>354.000000</ele>
			</trkpt>
			<trkpt lat="49.907709" lon="14.405105">
				<ele>354.000000</ele>
			</trkpt>
			<trkpt lat="49.907616" lon="14.405141">
				<ele>353.000000</ele>
			</trkpt>
			<trkpt lat="49.907455" lon="14.405159">
				<ele>351.000000</ele>
			</trkpt>
			<trkpt lat="49.907293" lon="14.405195">
				<ele>350.000000</ele>
			</trkpt>
			<trkpt lat="49.907131" lon="14.405231">
				<ele>349.000000</ele>
			</trkpt>
			<trkpt lat="49.907009" lon="14.405294">
				<ele>349.000000</ele>
			</trkpt>
			<trkpt lat="49.906894" lon="14.405321">
				<ele>348.000000</ele>
			</trkpt>
			<trkpt lat="49.906789" lon="14.405348">
				<ele>347.000000</ele>
			</trkpt>
			<trkpt lat="49.906685" lon="14.405348">
				<ele>347.000000</ele>
			</trkpt>
			<trkpt lat="49.906587" lon="14.405321">
				<ele>347.000000</ele>
			</trkpt>
			<trkpt lat="49.906165" lon="14.405222">
				<ele>346.000000</ele>
			</trkpt>
			<trkpt lat="49.905996" lon="14.405141">
				<ele>346.000000</ele>
			</trkpt>
			<trkpt lat="49.905835" lon="14.405069">
				<ele>346.000000</ele>
			</trkpt>
			<trkpt lat="49.905621" lon="14.405006">
				<ele>346.000000</ele>
			</trkpt>
			<trkpt lat="49.905343" lon="14.404962">
				<ele>346.000000</ele>
			</trkpt>
			<trkpt lat="49.905106" lon="14.404926">
				<ele>347.000000</ele>
			</trkpt>
			<trkpt lat="49.904862" lon="14.404916">
				<ele>348.000000</ele>
			</trkpt>
			<trkpt lat="49.904701" lon="14.404916">
				<ele>349.000000</ele>
			</trkpt>
			<trkpt lat="49.904567" lon="14.404944">
				<ele>350.000000</ele>
			</trkpt>
			<trkpt lat="49.904157" lon="14.405115">
				<ele>352.000000</ele>
			</trkpt>
			<trkpt lat="49.903983" lon="14.405178">
				<ele>352.000000</ele>
			</trkpt>
			<trkpt lat="49.903393" lon="14.405321">
				<ele>348.000000</ele>
			</trkpt>
			<trkpt lat="49.902936" lon="14.405428">
				<ele>344.000000</ele>
			</trkpt>
			<trkpt lat="49.902826" lon="14.405465">
				<ele>344.000000</ele>
			</trkpt>
			<trkpt lat="49.902739" lon="14.405510">
				<ele>344.000000</ele>
			</trkpt>
			<trkpt lat="49.902479" lon="14.405698">
				<ele>344.000000</ele>
			</trkpt>
			<trkpt lat="49.902357" lon="14.405770">
				<ele>344.000000</ele>
			</trkpt>
			<trkpt lat="49.902143" lon="14.405851">
				<ele>345.000000</ele>
			</trkpt>
			<trkpt lat="49.902080" lon="14.405914">
				<ele>345.000000</ele>
			</trkpt>
			<trkpt lat="49.902027" lon="14.405968">
				<ele>345.000000</ele>
			</trkpt>
			<trkpt lat="49.901901" lon="14.406103">
				<ele>346.000000</ele>
			</trkpt>
			<trkpt lat="49.901785" lon="14.406201">
				<ele>346.000000</ele>
			</trkpt>
			<trkpt lat="49.901681" lon="14.406273">
				<ele>347.000000</ele>
			</trkpt>
			<trkpt lat="49.901518" lon="14.406363">
				<ele>347.000000</ele>
			</trkpt>
			<trkpt lat="49.901391" lon="14.406444">
				<ele>347.000000</ele>
			</trkpt>
			<trkpt lat="49.901258" lon="14.406579">
				<ele>349.000000</ele>
			</trkpt>
			<trkpt lat="49.901160" lon="14.406660">
				<ele>349.000000</ele>
			</trkpt>
			<trkpt lat="49.901096" lon="14.406713">
				<ele>349.000000</ele>
			</trkpt>
			<trkpt lat="49.901027" lon="14.406740">
				<ele>349.000000</ele>
			</trkpt>
			<trkpt lat="49.900946" lon="14.406759">
				<ele>349.000000</ele>
			</trkpt>
			<trkpt lat="49.900413" lon="14.406866">
				<ele>349.000000</ele>
			</trkpt>
			<trkpt lat="49.900124" lon="14.406839">
				<ele>348.000000</ele>
			</trkpt>
			<trkpt lat="49.899713" lon="14.406759">
				<ele>340.000000</ele>
			</trkpt>
			<trkpt lat="49.899441" lon="14.406677">
				<ele>338.000000</ele>
			</trkpt>
			<trkpt lat="49.899210" lon="14.406597">
				<ele>334.000000</ele>
			</trkpt>
			<trkpt lat="49.898967" lon="14.406507">
				<ele>329.000000</ele>
			</trkpt>
			<trkpt lat="49.898567" lon="14.406318">
				<ele>322.000000</ele>
			</trkpt>
			<trkpt lat="49.897983" lon="14.406057">
				<ele>311.000000</ele>
			</trkpt>
			<trkpt lat="49.897844" lon="14.405923">
				<ele>308.000000</ele>
			</trkpt>
			<trkpt lat="49.897630" lon="14.405868">
				<ele>305.000000</ele>
			</trkpt>
			<trkpt lat="49.896901" lon="14.405654">
				<ele>293.000000</ele>
			</trkpt>
			<trkpt lat="49.896531" lon="14.405564">
				<ele>288.000000</ele>
			</trkpt>
			<trkpt lat="49.896172" lon="14.405690">
				<ele>284.000000</ele>
			</trkpt>
			<trkpt lat="49.895998" lon="14.405681">
				<ele>282.000000</ele>
			</trkpt>
			<trkpt lat="49.895946" lon="14.405717">
				<ele>281.000000</ele>
			</trkpt>
			<trkpt lat="49.895830" lon="14.405878">
				<ele>280.000000</ele>
			</trkpt>
			<trkpt lat="49.895778" lon="14.405931">
				<ele>279.000000</ele>
			</trkpt>
			<trkpt lat="49.895732" lon="14.405950">
				<ele>279.000000</ele>
			</trkpt>
			<trkpt lat="49.895680" lon="14.405958">
				<ele>279.000000</ele>
			</trkpt>
			<trkpt lat="49.895559" lon="14.405950">
				<ele>277.000000</ele>
			</trkpt>
			<trkpt lat="49.895535" lon="14.405958">
				<ele>277.000000</ele>
			</trkpt>
			<trkpt lat="49.895501" lon="14.405994">
				<ele>277.000000</ele>
			</trkpt>
			<trkpt lat="49.895425" lon="14.406048">
				<ele>277.000000</ele>
			</trkpt>
			<trkpt lat="49.895345" lon="14.406094">
				<ele>276.000000</ele>
			</trkpt>
			<trkpt lat="49.895257" lon="14.406120">
				<ele>276.000000</ele>
			</trkpt>
			<trkpt lat="49.895176" lon="14.406130">
				<ele>275.000000</ele>
			</trkpt>
			<trkpt lat="49.894997" lon="14.406120">
				<ele>274.000000</ele>
			</trkpt>
			<trkpt lat="49.894818" lon="14.406120">
				<ele>272.000000</ele>
			</trkpt>
			<trkpt lat="49.894754" lon="14.406138">
				<ele>272.000000</ele>
			</trkpt>
			<trkpt lat="49.894679" lon="14.406166">
				<ele>272.000000</ele>
			</trkpt>
			<trkpt lat="49.894615" lon="14.406184">
				<ele>271.000000</ele>
			</trkpt>
			<trkpt lat="49.894546" lon="14.406210">
				<ele>272.000000</ele>
			</trkpt>
			<trkpt lat="49.894430" lon="14.406237">
				<ele>271.000000</ele>
			</trkpt>
			<trkpt lat="49.894204" lon="14.406283">
				<ele>271.000000</ele>
			</trkpt>
			<trkpt lat="49.894071" lon="14.406327">
				<ele>271.000000</ele>
			</trkpt>
			<trkpt lat="49.893938" lon="14.406373">
				<ele>270.000000</ele>
			</trkpt>
			<trkpt lat="49.893695" lon="14.406417">
				<ele>269.000000</ele>
			</trkpt>
			<trkpt lat="49.893596" lon="14.406444">
				<ele>267.000000</ele>
			</trkpt>
			<trkpt lat="49.893504" lon="14.406471">
				<ele>264.000000</ele>
			</trkpt>
			<trkpt lat="49.893469" lon="14.406489">
				<ele>263.000000</ele>
			</trkpt>
			<trkpt lat="49.893452" lon="14.406534">
				<ele>263.000000</ele>
			</trkpt>
			<trkpt lat="49.893440" lon="14.406570">
				<ele>264.000000</ele>
			</trkpt>
			<trkpt lat="49.893435" lon="14.406633">
				<ele>264.000000</ele>
			</trkpt>
			<trkpt lat="49.893440" lon="14.406713">
				<ele>264.000000</ele>
			</trkpt>
			<trkpt lat="49.893469" lon="14.406794">
				<ele>265.000000</ele>
			</trkpt>
			<trkpt lat="49.893579" lon="14.407118">
				<ele>264.000000</ele>
			</trkpt>
			<trkpt lat="49.893788" lon="14.407782">
				<ele>255.000000</ele>
			</trkpt>
			<trkpt lat="49.893926" lon="14.408151">
				<ele>252.000000</ele>
			</trkpt>
			<trkpt lat="49.894071" lon="14.408528">
				<ele>249.000000</ele>
			</trkpt>
			<trkpt lat="49.894111" lon="14.408654">
				<ele>249.000000</ele>
			</trkpt>
			<trkpt lat="49.894129" lon="14.408788">
				<ele>247.000000</ele>
			</trkpt>
			<trkpt lat="49.894158" lon="14.408986">
				<ele>245.000000</ele>
			</trkpt>
			<trkpt lat="49.894158" lon="14.409112">
				<ele>243.000000</ele>
			</trkpt>
			<trkpt lat="49.894146" lon="14.409184">
				<ele>243.000000</ele>
			</trkpt>
			<trkpt lat="49.894129" lon="14.409264">
				<ele>241.000000</ele>
			</trkpt>
			<trkpt lat="49.894077" lon="14.409210">
				<ele>239.000000</ele>
			</trkpt>
			<trkpt lat="49.893996" lon="14.409103">
				<ele>236.000000</ele>
			</trkpt>
			<trkpt lat="49.893904" lon="14.409031">
				<ele>233.000000</ele>
			</trkpt>
			<trkpt lat="49.893805" lon="14.408923">
				<ele>229.000000</ele>
			</trkpt>
			<trkpt lat="49.893741" lon="14.408824">
				<ele>228.000000</ele>
			</trkpt>
			<trkpt lat="49.893603" lon="14.408564">
				<ele>225.000000</ele>
			</trkpt>
			<trkpt lat="49.893515" lon="14.408438">
				<ele>221.000000</ele>
			</trkpt>
			<trkpt lat="49.893452" lon="14.408357">
				<ele>219.000000</ele>
			</trkpt>
			<trkpt lat="49.893405" lon="14.408285">
				<ele>217.000000</ele>
			</trkpt>
			<trkpt lat="49.893342" lon="14.408160">
				<ele>217.000000</ele>
			</trkpt>
			<trkpt lat="49.893180" lon="14.407952">
				<ele>214.000000</ele>
			</trkpt>
			<trkpt lat="49.893041" lon="14.407818">
				<ele>211.000000</ele>
			</trkpt>
			<trkpt lat="49.892937" lon="14.407648">
				<ele>213.000000</ele>
			</trkpt>
			<trkpt lat="49.892827" lon="14.407495">
				<ele>213.000000</ele>
			</trkpt>
			<trkpt lat="49.892700" lon="14.407360">
				<ele>212.000000</ele>
			</trkpt>
			<trkpt lat="49.892573" lon="14.407235">
				<ele>210.000000</ele>
			</trkpt>
			<trkpt lat="49.892439" lon="14.407126">
				<ele>208.000000</ele>
			</trkpt>
			<trkpt lat="49.892196" lon="14.406920">
				<ele>202.000000</ele>
			</trkpt>
			<trkpt lat="49.892168" lon="14.406893">
				<ele>201.000000</ele>
			</trkpt>
			<trkpt lat="49.892155" lon="14.406857">
				<ele>201.000000</ele>
			</trkpt>
			<trkpt lat="49.892150" lon="14.406794">
				<ele>201.000000</ele>
			</trkpt>
			<trkpt lat="49.892150" lon="14.406740">
				<ele>201.000000</ele>
			</trkpt>
			<trkpt lat="49.892173" lon="14.406660">
				<ele>201.000000</ele>
			</trkpt>
			<trkpt lat="49.892208" lon="14.406570">
				<ele>201.000000</ele>
			</trkpt>
			<trkpt lat="49.892318" lon="14.406417">
				<ele>203.000000</ele>
			</trkpt>
			<trkpt lat="49.892485" lon="14.406237">
				<ele>205.000000</ele>
			</trkpt>
			<trkpt lat="49.892549" lon="14.406166">
				<ele>205.000000</ele>
			</trkpt>
			<trkpt lat="49.892595" lon="14.406094">
				<ele>205.000000</ele>
			</trkpt>
			<trkpt lat="49.892636" lon="14.405968">
				<ele>203.000000</ele>
			</trkpt>
			<trkpt lat="49.892683" lon="14.405807">
				<ele>202.000000</ele>
			</trkpt>
			<trkpt lat="49.892740" lon="14.405249">
				<ele>201.000000</ele>
			</trkpt>
			<trkpt lat="49.892775" lon="14.404826">
				<ele>202.000000</ele>
			</trkpt>
			<trkpt lat="49.892792" lon="14.404549">
				<ele>203.000000</ele>
			</trkpt>
			<trkpt lat="49.892792" lon="14.404449">
				<ele>203.000000</ele>
			</trkpt>
			<trkpt lat="49.892792" lon="14.404369">
				<ele>202.000000</ele>
			</trkpt>
			<trkpt lat="49.892775" lon="14.404289">
				<ele>202.000000</ele>
			</trkpt>
			<trkpt lat="49.892758" lon="14.404216">
				<ele>202.000000</ele>
			</trkpt>
			<trkpt lat="49.892711" lon="14.404144">
				<ele>202.000000</ele>
			</trkpt>
			<trkpt lat="49.892648" lon="14.404090">
				<ele>201.000000</ele>
			</trkpt>
			<trkpt lat="49.892584" lon="14.404036">
				<ele>201.000000</ele>
			</trkpt>
			<trkpt lat="49.892364" lon="14.403910">
				<ele>201.000000</ele>
			</trkpt>
			<trkpt lat="49.891710" lon="14.403614">
				<ele>201.000000</ele>
			</trkpt>
			<trkpt lat="49.891438" lon="14.403461">
				<ele>201.000000</ele>
			</trkpt>
			<trkpt lat="49.890934" lon="14.403192">
				<ele>201.000000</ele>
			</trkpt>
			<trkpt lat="49.890761" lon="14.403067">
				<ele>202.000000</ele>
			</trkpt>
			<trkpt lat="49.890582" lon="14.402931">
				<ele>201.000000</ele>
			</trkpt>
			<trkpt lat="49.890037" lon="14.402491">
				<ele>201.000000</ele>
			</trkpt>
			<trkpt lat="49.889725" lon="14.402204">
				<ele>202.000000</ele>
			</trkpt>
			<trkpt lat="49.889568" lon="14.402042">
				<ele>202.000000</ele>
			</trkpt>
			<trkpt lat="49.889436" lon="14.401889">
				<ele>203.000000</ele>
			</trkpt>
			<trkpt lat="49.889268" lon="14.401683">
				<ele>202.000000</ele>
			</trkpt>
			<trkpt lat="49.889123" lon="14.401476">
				<ele>202.000000</ele>
			</trkpt>
			<trkpt lat="49.889042" lon="14.401377">
				<ele>203.000000</ele>
			</trkpt>
			<trkpt lat="49.888862" lon="14.401189">
				<ele>203.000000</ele>
			</trkpt>
			<trkpt lat="49.888811" lon="14.401117">
				<ele>203.000000</ele>
			</trkpt>
			<trkpt lat="49.888764" lon="14.401036">
				<ele>203.000000</ele>
			</trkpt>
			<trkpt lat="49.888602" lon="14.400686">
				<ele>203.000000</ele>
			</trkpt>
			<trkpt lat="49.888446" lon="14.400318">
				<ele>204.000000</ele>
			</trkpt>
			<trkpt lat="49.888035" lon="14.399195">
				<ele>204.000000</ele>
			</trkpt>
			<trkpt lat="49.887826" lon="14.398566">
				<ele>203.000000</ele>
			</trkpt>
			<trkpt lat="49.887826" lon="14.398566">
				<ele>203.000000</ele>
			</trkpt>
			<trkpt lat="49.887826" lon="14.398566">
				<ele>203.000000</ele>
			</trkpt>
			<trkpt lat="49.887369" lon="14.397218">
				<ele>203.000000</ele>
			</trkpt>
			<trkpt lat="49.887283" lon="14.397002">
				<ele>203.000000</ele>
			</trkpt>
			<trkpt lat="49.887213" lon="14.396823">
				<ele>203.000000</ele>
			</trkpt>
			<trkpt lat="49.887149" lon="14.396697">
				<ele>202.000000</ele>
			</trkpt>
			<trkpt lat="49.887069" lon="14.396589">
				<ele>203.000000</ele>
			</trkpt>
			<trkpt lat="49.886912" lon="14.396419">
				<ele>203.000000</ele>
			</trkpt>
			<trkpt lat="49.886495" lon="14.396069">
				<ele>206.000000</ele>
			</trkpt>
			<trkpt lat="49.886247" lon="14.395844">
				<ele>206.000000</ele>
			</trkpt>
			<trkpt lat="49.886165" lon="14.395790">
				<ele>206.000000</ele>
			</trkpt>
			<trkpt lat="49.886108" lon="14.395763">
				<ele>206.000000</ele>
			</trkpt>
			<trkpt lat="49.886038" lon="14.395754">
				<ele>206.000000</ele>
			</trkpt>
			<trkpt lat="49.885986" lon="14.395763">
				<ele>206.000000</ele>
			</trkpt>
			<trkpt lat="49.885939" lon="14.395807">
				<ele>207.000000</ele>
			</trkpt>
			<trkpt lat="49.885905" lon="14.395862">
				<ele>207.000000</ele>
			</trkpt>
			<trkpt lat="49.885732" lon="14.395853">
				<ele>207.000000</ele>
			</trkpt>
			<trkpt lat="49.885587" lon="14.395834">
				<ele>207.000000</ele>
			</trkpt>
			<trkpt lat="49.885442" lon="14.395853">
				<ele>207.000000</ele>
			</trkpt>
			<trkpt lat="49.885245" lon="14.395889">
				<ele>208.000000</ele>
			</trkpt>
			<trkpt lat="49.884481" lon="14.396033">
				<ele>210.000000</ele>
			</trkpt>
			<trkpt lat="49.884186" lon="14.396104">
				<ele>208.000000</ele>
			</trkpt>
			<trkpt lat="49.883908" lon="14.396176">
				<ele>206.000000</ele>
			</trkpt>
			<trkpt lat="49.883740" lon="14.396249">
				<ele>207.000000</ele>
			</trkpt>
			<trkpt lat="49.883584" lon="14.396293">
				<ele>206.000000</ele>
			</trkpt>
			<trkpt lat="49.883110" lon="14.396373">
				<ele>204.000000</ele>
			</trkpt>
			<trkpt lat="49.883029" lon="14.396400">
				<ele>204.000000</ele>
			</trkpt>
			<trkpt lat="49.882953" lon="14.396419">
				<ele>204.000000</ele>
			</trkpt>
			<trkpt lat="49.882895" lon="14.396455">
				<ele>204.000000</ele>
			</trkpt>
			<trkpt lat="49.882820" lon="14.396518">
				<ele>204.000000</ele>
			</trkpt>
			<trkpt lat="49.882716" lon="14.396625">
				<ele>204.000000</ele>
			</trkpt>
			<trkpt lat="49.882652" lon="14.396473">
				<ele>203.000000</ele>
			</trkpt>
			<trkpt lat="49.882559" lon="14.396365">
				<ele>202.000000</ele>
			</trkpt>
			<trkpt lat="49.882213" lon="14.396688">
				<ele>203.000000</ele>
			</trkpt>
			<trkpt lat="49.882068" lon="14.396815">
				<ele>202.000000</ele>
			</trkpt>
			<trkpt lat="49.881905" lon="14.396931">
				<ele>202.000000</ele>
			</trkpt>
			<trkpt lat="49.881789" lon="14.397012">
				<ele>201.000000</ele>
			</trkpt>
			<trkpt lat="49.881639" lon="14.397182">
				<ele>201.000000</ele>
			</trkpt>
			<trkpt lat="49.881575" lon="14.397254">
				<ele>201.000000</ele>
			</trkpt>
			<trkpt lat="49.881523" lon="14.397326">
				<ele>201.000000</ele>
			</trkpt>
			<trkpt lat="49.881390" lon="14.397587">
				<ele>203.000000</ele>
			</trkpt>
			<trkpt lat="49.881037" lon="14.397973">
				<ele>202.000000</ele>
			</trkpt>
			<trkpt lat="49.880771" lon="14.398296">
				<ele>203.000000</ele>
			</trkpt>
			<trkpt lat="49.880522" lon="14.398602">
				<ele>202.000000</ele>
			</trkpt>
			<trkpt lat="49.880307" lon="14.398925">
				<ele>202.000000</ele>
			</trkpt>
			<trkpt lat="49.880117" lon="14.399275">
				<ele>202.000000</ele>
			</trkpt>
			<trkpt lat="49.879845" lon="14.399824">
				<ele>202.000000</ele>
			</trkpt>
			<trkpt lat="49.879515" lon="14.400497">
				<ele>202.000000</ele>
			</trkpt>
			<trkpt lat="49.879295" lon="14.401027">
				<ele>202.000000</ele>
			</trkpt>
			<trkpt lat="49.879098" lon="14.401539">
				<ele>201.000000</ele>
			</trkpt>
			<trkpt lat="49.878913" lon="14.402115">
				<ele>201.000000</ele>
			</trkpt>
			<trkpt lat="49.878763" lon="14.402608">
				<ele>201.000000</ele>
			</trkpt>
			<trkpt lat="49.878664" lon="14.402985">
				<ele>202.000000</ele>
			</trkpt>
			<trkpt lat="49.878565" lon="14.403363">
				<ele>201.000000</ele>
			</trkpt>
			<trkpt lat="49.878473" lon="14.403847">
				<ele>201.000000</ele>
			</trkpt>
			<trkpt lat="49.878339" lon="14.404530">
				<ele>202.000000</ele>
			</trkpt>
			<trkpt lat="49.878235" lon="14.404962">
				<ele>202.000000</ele>
			</trkpt>
			<trkpt lat="49.878172" lon="14.405186">
				<ele>202.000000</ele>
			</trkpt>
			<trkpt lat="49.878102" lon="14.405392">
				<ele>202.000000</ele>
			</trkpt>
			<trkpt lat="49.877934" lon="14.405833">
				<ele>202.000000</ele>
			</trkpt>
			<trkpt lat="49.877906" lon="14.405887">
				<ele>202.000000</ele>
			</trkpt>
			<trkpt lat="49.877894" lon="14.405958">
				<ele>202.000000</ele>
			</trkpt>
			<trkpt lat="49.877900" lon="14.406147">
				<ele>202.000000</ele>
			</trkpt>
			<trkpt lat="49.877807" lon="14.406318">
				<ele>202.000000</ele>
			</trkpt>
			<trkpt lat="49.877749" lon="14.406497">
				<ele>202.000000</ele>
			</trkpt>
			<trkpt lat="49.877639" lon="14.406794">
				<ele>202.000000</ele>
			</trkpt>
			<trkpt lat="49.877535" lon="14.407073">
				<ele>202.000000</ele>
			</trkpt>
			<trkpt lat="49.877077" lon="14.408105">
				<ele>202.000000</ele>
			</trkpt>
			<trkpt lat="49.876939" lon="14.408429">
				<ele>202.000000</ele>
			</trkpt>
			<trkpt lat="49.876626" lon="14.409023">
				<ele>202.000000</ele>
			</trkpt>
			<trkpt lat="49.876464" lon="14.409354">
				<ele>202.000000</ele>
			</trkpt>
			<trkpt lat="49.876331" lon="14.409686">
				<ele>202.000000</ele>
			</trkpt>
			<trkpt lat="49.876041" lon="14.410451">
				<ele>202.000000</ele>
			</trkpt>
			<trkpt lat="49.875561" lon="14.411789">
				<ele>202.000000</ele>
			</trkpt>
			<trkpt lat="49.875300" lon="14.412472">
				<ele>202.000000</ele>
			</trkpt>
			<trkpt lat="49.875156" lon="14.412948">
				<ele>202.000000</ele>
			</trkpt>
			<trkpt lat="49.875092" lon="14.413181">
				<ele>202.000000</ele>
			</trkpt>
			<trkpt lat="49.875028" lon="14.413451">
				<ele>202.000000</ele>
			</trkpt>
			<trkpt lat="49.874924" lon="14.413981">
				<ele>202.000000</ele>
			</trkpt>
			<trkpt lat="49.874883" lon="14.414340">
				<ele>202.000000</ele>
			</trkpt>
			<trkpt lat="49.874855" lon="14.414682">
				<ele>202.000000</ele>
			</trkpt>
			<trkpt lat="49.874855" lon="14.415023">
				<ele>202.000000</ele>
			</trkpt>
			<trkpt lat="49.874866" lon="14.415499">
				<ele>202.000000</ele>
			</trkpt>
			<trkpt lat="49.874889" lon="14.415732">
				<ele>202.000000</ele>
			</trkpt>
			<trkpt lat="49.874907" lon="14.415957">
				<ele>202.000000</ele>
			</trkpt>
			<trkpt lat="49.875011" lon="14.416568">
				<ele>203.000000</ele>
			</trkpt>
			<trkpt lat="49.875167" lon="14.417124">
				<ele>205.000000</ele>
			</trkpt>
			<trkpt lat="49.875294" lon="14.417466">
				<ele>205.000000</ele>
			</trkpt>
			<trkpt lat="49.875376" lon="14.417682">
				<ele>204.000000</ele>
			</trkpt>
			<trkpt lat="49.875474" lon="14.417870">
				<ele>204.000000</ele>
			</trkpt>
			<trkpt lat="49.876209" lon="14.419254">
				<ele>204.000000</ele>
			</trkpt>
			<trkpt lat="49.876389" lon="14.419613">
				<ele>205.000000</ele>
			</trkpt>
			<trkpt lat="49.876626" lon="14.420143">
				<ele>205.000000</ele>
			</trkpt>
			<trkpt lat="49.877147" lon="14.421248">
				<ele>204.000000</ele>
			</trkpt>
			<trkpt lat="49.877327" lon="14.421634">
				<ele>203.000000</ele>
			</trkpt>
			<trkpt lat="49.877454" lon="14.421940">
				<ele>203.000000</ele>
			</trkpt>
			<trkpt lat="49.877564" lon="14.422227">
				<ele>205.000000</ele>
			</trkpt>
			<trkpt lat="49.877668" lon="14.422560">
				<ele>204.000000</ele>
			</trkpt>
			<trkpt lat="49.877796" lon="14.422963">
				<ele>204.000000</ele>
			</trkpt>
			<trkpt lat="49.878033" lon="14.423548">
				<ele>206.000000</ele>
			</trkpt>
			<trkpt lat="49.878119" lon="14.423826">
				<ele>206.000000</ele>
			</trkpt>
			<trkpt lat="49.878386" lon="14.424598">
				<ele>205.000000</ele>
			</trkpt>
			<trkpt lat="49.878478" lon="14.424896">
				<ele>205.000000</ele>
			</trkpt>
			<trkpt lat="49.878571" lon="14.425237">
				<ele>205.000000</ele>
			</trkpt>
			<trkpt lat="49.878791" lon="14.426099">
				<ele>205.000000</ele>
			</trkpt>
			<trkpt lat="49.878860" lon="14.426432">
				<ele>206.000000</ele>
			</trkpt>
			<trkpt lat="49.878919" lon="14.426737">
				<ele>205.000000</ele>
			</trkpt>
			<trkpt lat="49.878953" lon="14.426881">
				<ele>207.000000</ele>
			</trkpt>
			<trkpt lat="49.879034" lon="14.427087">
				<ele>210.000000</ele>
			</trkpt>
			<trkpt lat="49.879092" lon="14.427221">
				<ele>211.000000</ele>
			</trkpt>
			<trkpt lat="49.879121" lon="14.427347">
				<ele>211.000000</ele>
			</trkpt>
			<trkpt lat="49.879058" lon="14.427366">
				<ele>208.000000</ele>
			</trkpt>
			<trkpt lat="49.878218" lon="14.427474">
				<ele>203.000000</ele>
			</trkpt>
			<trkpt lat="49.878056" lon="14.427428">
				<ele>203.000000</ele>
			</trkpt>
			<trkpt lat="49.878056" lon="14.427428">
				<ele>203.000000</ele>
			</trkpt>
			<trkpt lat="49.878056" lon="14.427428">
				<ele>203.000000</ele>
			</trkpt>
			<trkpt lat="49.878056" lon="14.427428">
				<ele>203.000000</ele>
			</trkpt>
			<trkpt lat="49.878160" lon="14.427806">
				<ele>202.000000</ele>
			</trkpt>
			<trkpt lat="49.878224" lon="14.428139">
				<ele>202.000000</ele>
			</trkpt>
			<trkpt lat="49.878270" lon="14.428416">
				<ele>202.000000</ele>
			</trkpt>
			<trkpt lat="49.878288" lon="14.428650">
				<ele>202.000000</ele>
			</trkpt>
			<trkpt lat="49.878322" lon="14.429512">
				<ele>202.000000</ele>
			</trkpt>
			<trkpt lat="49.878409" lon="14.431156">
				<ele>202.000000</ele>
			</trkpt>
			<trkpt lat="49.878432" lon="14.431615">
				<ele>202.000000</ele>
			</trkpt>
			<trkpt lat="49.878432" lon="14.431992">
				<ele>202.000000</ele>
			</trkpt>
			<trkpt lat="49.878415" lon="14.432370">
				<ele>202.000000</ele>
			</trkpt>
			<trkpt lat="49.878380" lon="14.432953">
				<ele>202.000000</ele>
			</trkpt>
			<trkpt lat="49.878374" lon="14.433106">
				<ele>202.000000</ele>
			</trkpt>
			<trkpt lat="49.878345" lon="14.433240">
				<ele>202.000000</ele>
			</trkpt>
			<trkpt lat="49.878305" lon="14.433366">
				<ele>202.000000</ele>
			</trkpt>
			<trkpt lat="49.878224" lon="14.433564">
				<ele>203.000000</ele>
			</trkpt>
			<trkpt lat="49.878004" lon="14.434139">
				<ele>204.000000</ele>
			</trkpt>
			<trkpt lat="49.877523" lon="14.435397">
				<ele>203.000000</ele>
			</trkpt>
			<trkpt lat="49.877222" lon="14.436124">
				<ele>203.000000</ele>
			</trkpt>
			<trkpt lat="49.877083" lon="14.436448">
				<ele>203.000000</ele>
			</trkpt>
			<trkpt lat="49.876996" lon="14.436672">
				<ele>203.000000</ele>
			</trkpt>
			<trkpt lat="49.876927" lon="14.436879">
				<ele>203.000000</ele>
			</trkpt>
			<trkpt lat="49.876846" lon="14.437175">
				<ele>204.000000</ele>
			</trkpt>
			<trkpt lat="49.876759" lon="14.437535">
				<ele>204.000000</ele>
			</trkpt>
			<trkpt lat="49.876707" lon="14.437777">
				<ele>204.000000</ele>
			</trkpt>
			<trkpt lat="49.876661" lon="14.437984">
				<ele>205.000000</ele>
			</trkpt>
			<trkpt lat="49.876638" lon="14.438217">
				<ele>205.000000</ele>
			</trkpt>
			<trkpt lat="49.876250" lon="14.438173">
				<ele>209.000000</ele>
			</trkpt>
			<trkpt lat="49.876250" lon="14.438290">
				<ele>209.000000</ele>
			</trkpt>
			<trkpt lat="49.876244" lon="14.438416">
				<ele>209.000000</ele>
			</trkpt>
			<trkpt lat="49.876226" lon="14.438559">
				<ele>209.000000</ele>
			</trkpt>
			<trkpt lat="49.876198" lon="14.438712">
				<ele>209.000000</ele>
			</trkpt>
			<trkpt lat="49.876134" lon="14.438980">
				<ele>210.000000</ele>
			</trkpt>
			<trkpt lat="49.876082" lon="14.439269">
				<ele>210.000000</ele>
			</trkpt>
			<trkpt lat="49.876041" lon="14.439601">
				<ele>209.000000</ele>
			</trkpt>
			<trkpt lat="49.876013" lon="14.439942">
				<ele>208.000000</ele>
			</trkpt>
			<trkpt lat="49.876007" lon="14.440248">
				<ele>207.000000</ele>
			</trkpt>
			<trkpt lat="49.876018" lon="14.440527">
				<ele>206.000000</ele>
			</trkpt>
			<trkpt lat="49.876018" lon="14.440831">
				<ele>205.000000</ele>
			</trkpt>
			<trkpt lat="49.876013" lon="14.441217">
				<ele>206.000000</ele>
			</trkpt>
			<trkpt lat="49.875995" lon="14.441397">
				<ele>206.000000</ele>
			</trkpt>
			<trkpt lat="49.875943" lon="14.441829">
				<ele>205.000000</ele>
			</trkpt>
			<trkpt lat="49.875920" lon="14.442053">
				<ele>205.000000</ele>
			</trkpt>
			<trkpt lat="49.875879" lon="14.442196">
				<ele>205.000000</ele>
			</trkpt>
			<trkpt lat="49.875839" lon="14.442305">
				<ele>205.000000</ele>
			</trkpt>
			<trkpt lat="49.875764" lon="14.442395">
				<ele>206.000000</ele>
			</trkpt>
			<trkpt lat="49.875659" lon="14.442494">
				<ele>209.000000</ele>
			</trkpt>
			<trkpt lat="49.875549" lon="14.442556">
				<ele>210.000000</ele>
			</trkpt>
			<trkpt lat="49.875416" lon="14.442619">
				<ele>212.000000</ele>
			</trkpt>
			<trkpt lat="49.875283" lon="14.442645">
				<ele>215.000000</ele>
			</trkpt>
			<trkpt lat="49.875121" lon="14.442664">
				<ele>216.000000</ele>
			</trkpt>
			<trkpt lat="49.875074" lon="14.442691">
				<ele>215.000000</ele>
			</trkpt>
			<trkpt lat="49.875040" lon="14.442718">
				<ele>214.000000</ele>
			</trkpt>
			<trkpt lat="49.874912" lon="14.442861">
				<ele>211.000000</ele>
			</trkpt>
			<trkpt lat="49.874808" lon="14.443032">
				<ele>211.000000</ele>
			</trkpt>
			<trkpt lat="49.874710" lon="14.443221">
				<ele>218.000000</ele>
			</trkpt>
			<trkpt lat="49.874641" lon="14.443446">
				<ele>221.000000</ele>
			</trkpt>
			<trkpt lat="49.874531" lon="14.443823">
				<ele>226.000000</ele>
			</trkpt>
			<trkpt lat="49.874478" lon="14.444119">
				<ele>233.000000</ele>
			</trkpt>
			<trkpt lat="49.874478" lon="14.444452">
				<ele>229.000000</ele>
			</trkpt>
			<trkpt lat="49.874490" lon="14.444703">
				<ele>233.000000</ele>
			</trkpt>
			<trkpt lat="49.874501" lon="14.444928">
				<ele>230.000000</ele>
			</trkpt>
			<trkpt lat="49.874531" lon="14.445135">
				<ele>224.000000</ele>
			</trkpt>
			<trkpt lat="49.874559" lon="14.445324">
				<ele>220.000000</ele>
			</trkpt>
			<trkpt lat="49.874594" lon="14.445521">
				<ele>216.000000</ele>
			</trkpt>
			<trkpt lat="49.874658" lon="14.445745">
				<ele>213.000000</ele>
			</trkpt>
			<trkpt lat="49.874733" lon="14.445978">
				<ele>212.000000</ele>
			</trkpt>
			<trkpt lat="49.874814" lon="14.446240">
				<ele>216.000000</ele>
			</trkpt>
			<trkpt lat="49.874895" lon="14.446464">
				<ele>216.000000</ele>
			</trkpt>
			<trkpt lat="49.874976" lon="14.446643">
				<ele>213.000000</ele>
			</trkpt>
			<trkpt lat="49.875312" lon="14.447389">
				<ele>208.000000</ele>
			</trkpt>
			<trkpt lat="49.875387" lon="14.447569">
				<ele>207.000000</ele>
			</trkpt>
			<trkpt lat="49.875468" lon="14.447794">
				<ele>208.000000</ele>
			</trkpt>
			<trkpt lat="49.875578" lon="14.448180">
				<ele>208.000000</ele>
			</trkpt>
			<trkpt lat="49.875613" lon="14.448351">
				<ele>208.000000</ele>
			</trkpt>
			<trkpt lat="49.875630" lon="14.448485">
				<ele>207.000000</ele>
			</trkpt>
			<trkpt lat="49.875636" lon="14.448638">
				<ele>207.000000</ele>
			</trkpt>
			<trkpt lat="49.875636" lon="14.448781">
				<ele>208.000000</ele>
			</trkpt>
			<trkpt lat="49.875607" lon="14.448953">
				<ele>210.000000</ele>
			</trkpt>
			<trkpt lat="49.875584" lon="14.449087">
				<ele>211.000000</ele>
			</trkpt>
			<trkpt lat="49.875451" lon="14.449572">
				<ele>213.000000</ele>
			</trkpt>
			<trkpt lat="49.875323" lon="14.449940">
				<ele>214.000000</ele>
			</trkpt>
			<trkpt lat="49.875225" lon="14.450236">
				<ele>215.000000</ele>
			</trkpt>
			<trkpt lat="49.875057" lon="14.450821">
				<ele>216.000000</ele>
			</trkpt>
			<trkpt lat="49.874982" lon="14.451054">
				<ele>214.000000</ele>
			</trkpt>
			<trkpt lat="49.874889" lon="14.451297">
				<ele>216.000000</ele>
			</trkpt>
			<trkpt lat="49.874791" lon="14.451503">
				<ele>221.000000</ele>
			</trkpt>
			<trkpt lat="49.874721" lon="14.451630">
				<ele>217.000000</ele>
			</trkpt>
			<trkpt lat="49.874641" lon="14.451746">
				<ele>214.000000</ele>
			</trkpt>
			<trkpt lat="49.874340" lon="14.452132">
				<ele>207.000000</ele>
			</trkpt>
			<trkpt lat="49.874212" lon="14.452322">
				<ele>206.000000</ele>
			</trkpt>
			<trkpt lat="49.874061" lon="14.452528">
				<ele>206.000000</ele>
			</trkpt>
			<trkpt lat="49.873916" lon="14.452725">
				<ele>205.000000</ele>
			</trkpt>
			<trkpt lat="49.873766" lon="14.452896">
				<ele>205.000000</ele>
			</trkpt>
			<trkpt lat="49.873633" lon="14.453031">
				<ele>206.000000</ele>
			</trkpt>
			<trkpt lat="49.873505" lon="14.453129">
				<ele>206.000000</ele>
			</trkpt>
			<trkpt lat="49.873378" lon="14.453201">
				<ele>207.000000</ele>
			</trkpt>
			<trkpt lat="49.873263" lon="14.453264">
				<ele>208.000000</ele>
			</trkpt>
			<trkpt lat="49.873083" lon="14.453318">
				<ele>211.000000</ele>
			</trkpt>
			<trkpt lat="49.872898" lon="14.453408">
				<ele>211.000000</ele>
			</trkpt>
			<trkpt lat="49.872718" lon="14.453515">
				<ele>208.000000</ele>
			</trkpt>
			<trkpt lat="49.872591" lon="14.453588">
				<ele>205.000000</ele>
			</trkpt>
			<trkpt lat="49.872463" lon="14.453614">
				<ele>206.000000</ele>
			</trkpt>
			<trkpt lat="49.872336" lon="14.453624">
				<ele>206.000000</ele>
			</trkpt>
			<trkpt lat="49.872093" lon="14.453597">
				<ele>210.000000</ele>
			</trkpt>
			<trkpt lat="49.871907" lon="14.453570">
				<ele>212.000000</ele>
			</trkpt>
			<trkpt lat="49.871763" lon="14.453570">
				<ele>212.000000</ele>
			</trkpt>
			<trkpt lat="49.871601" lon="14.453588">
				<ele>213.000000</ele>
			</trkpt>
			<trkpt lat="49.871410" lon="14.453632">
				<ele>212.000000</ele>
			</trkpt>
			<trkpt lat="49.870645" lon="14.453821">
				<ele>212.000000</ele>
			</trkpt>
			<trkpt lat="49.870408" lon="14.453893">
				<ele>212.000000</ele>
			</trkpt>
			<trkpt lat="49.870136" lon="14.453991">
				<ele>214.000000</ele>
			</trkpt>
			<trkpt lat="49.869905" lon="14.454090">
				<ele>216.000000</ele>
			</trkpt>
			<trkpt lat="49.869725" lon="14.454207">
				<ele>218.000000</ele>
			</trkpt>
			<trkpt lat="49.869575" lon="14.454343">
				<ele>218.000000</ele>
			</trkpt>
			<trkpt lat="49.869418" lon="14.454557">
				<ele>217.000000</ele>
			</trkpt>
			<trkpt lat="49.869221" lon="14.454836">
				<ele>215.000000</ele>
			</trkpt>
			<trkpt lat="49.869088" lon="14.455060">
				<ele>215.000000</ele>
			</trkpt>
			<trkpt lat="49.868966" lon="14.455285">
				<ele>216.000000</ele>
			</trkpt>
			<trkpt lat="49.868839" lon="14.455537">
				<ele>215.000000</ele>
			</trkpt>
			<trkpt lat="49.868834" lon="14.455555">
				<ele>215.000000</ele>
			</trkpt>
			<trkpt lat="49.868538" lon="14.456184">
				<ele>213.000000</ele>
			</trkpt>
			<trkpt lat="49.868312" lon="14.456723">
				<ele>213.000000</ele>
			</trkpt>
			<trkpt lat="49.868243" lon="14.456938">
				<ele>213.000000</ele>
			</trkpt>
			<trkpt lat="49.868127" lon="14.457369">
				<ele>211.000000</ele>
			</trkpt>
			<trkpt lat="49.868087" lon="14.457477">
				<ele>212.000000</ele>
			</trkpt>
			<trkpt lat="49.868040" lon="14.457603">
				<ele>212.000000</ele>
			</trkpt>
			<trkpt lat="49.867977" lon="14.457702">
				<ele>212.000000</ele>
			</trkpt>
			<trkpt lat="49.867896" lon="14.457800">
				<ele>212.000000</ele>
			</trkpt>
			<trkpt lat="49.867808" lon="14.457918">
				<ele>213.000000</ele>
			</trkpt>
			<trkpt lat="49.867681" lon="14.458025">
				<ele>215.000000</ele>
			</trkpt>
			<trkpt lat="49.867421" lon="14.458268">
				<ele>216.000000</ele>
			</trkpt>
			<trkpt lat="49.867305" lon="14.458339">
				<ele>214.000000</ele>
			</trkpt>
			<trkpt lat="49.867154" lon="14.458411">
				<ele>214.000000</ele>
			</trkpt>
			<trkpt lat="49.866760" lon="14.458564">
				<ele>212.000000</ele>
			</trkpt>
			<trkpt lat="49.866569" lon="14.458635">
				<ele>212.000000</ele>
			</trkpt>
			<trkpt lat="49.866390" lon="14.458672">
				<ele>213.000000</ele>
			</trkpt>
			<trkpt lat="49.866239" lon="14.458708">
				<ele>214.000000</ele>
			</trkpt>
			<trkpt lat="49.866147" lon="14.458717">
				<ele>215.000000</ele>
			</trkpt>
			<trkpt lat="49.866083" lon="14.458681">
				<ele>216.000000</ele>
			</trkpt>
			<trkpt lat="49.866048" lon="14.458618">
				<ele>219.000000</ele>
			</trkpt>
			<trkpt lat="49.866066" lon="14.458564">
				<ele>221.000000</ele>
			</trkpt>
			<trkpt lat="49.866094" lon="14.458519">
				<ele>222.000000</ele>
			</trkpt>
			<trkpt lat="49.866182" lon="14.458421">
				<ele>226.000000</ele>
			</trkpt>
			<trkpt lat="49.866274" lon="14.458366">
				<ele>226.000000</ele>
			</trkpt>
			<trkpt lat="49.866297" lon="14.458322">
				<ele>227.000000</ele>
			</trkpt>
			<trkpt lat="49.866297" lon="14.458276">
				<ele>228.000000</ele>
			</trkpt>
			<trkpt lat="49.866280" lon="14.458241">
				<ele>230.000000</ele>
			</trkpt>
			<trkpt lat="49.866263" lon="14.458214">
				<ele>231.000000</ele>
			</trkpt>
			<trkpt lat="49.866107" lon="14.458124">
				<ele>236.000000</ele>
			</trkpt>
			<trkpt lat="49.866037" lon="14.458098">
				<ele>236.000000</ele>
			</trkpt>
			<trkpt lat="49.865956" lon="14.458035">
				<ele>237.000000</ele>
			</trkpt>
			<trkpt lat="49.865782" lon="14.457926">
				<ele>238.000000</ele>
			</trkpt>
			<trkpt lat="49.865683" lon="14.457855">
				<ele>238.000000</ele>
			</trkpt>
			<trkpt lat="49.865631" lon="14.457828">
				<ele>238.000000</ele>
			</trkpt>
			<trkpt lat="49.865533" lon="14.457783">
				<ele>239.000000</ele>
			</trkpt>
			<trkpt lat="49.865423" lon="14.457765">
				<ele>239.000000</ele>
			</trkpt>
			<trkpt lat="49.865215" lon="14.457746">
				<ele>239.000000</ele>
			</trkpt>
			<trkpt lat="49.864971" lon="14.457738">
				<ele>238.000000</ele>
			</trkpt>
			<trkpt lat="49.864902" lon="14.457729">
				<ele>237.000000</ele>
			</trkpt>
			<trkpt lat="49.864838" lon="14.457702">
				<ele>237.000000</ele>
			</trkpt>
			<trkpt lat="49.864786" lon="14.457656">
				<ele>237.000000</ele>
			</trkpt>
			<trkpt lat="49.864740" lon="14.457612">
				<ele>237.000000</ele>
			</trkpt>
			<trkpt lat="49.864578" lon="14.457396">
				<ele>239.000000</ele>
			</trkpt>
			<trkpt lat="49.864519" lon="14.457352">
				<ele>240.000000</ele>
			</trkpt>
			<trkpt lat="49.864462" lon="14.457343">
				<ele>240.000000</ele>
			</trkpt>
			<trkpt lat="49.864358" lon="14.457316">
				<ele>241.000000</ele>
			</trkpt>
			<trkpt lat="49.864259" lon="14.457360">
				<ele>240.000000</ele>
			</trkpt>
			<trkpt lat="49.864201" lon="14.457396">
				<ele>240.000000</ele>
			</trkpt>
			<trkpt lat="49.864079" lon="14.457522">
				<ele>238.000000</ele>
			</trkpt>
			<trkpt lat="49.864022" lon="14.457567">
				<ele>237.000000</ele>
			</trkpt>
			<trkpt lat="49.863947" lon="14.457567">
				<ele>238.000000</ele>
			</trkpt>
			<trkpt lat="49.863831" lon="14.457559">
				<ele>237.000000</ele>
			</trkpt>
			<trkpt lat="49.863761" lon="14.457567">
				<ele>238.000000</ele>
			</trkpt>
			<trkpt lat="49.863721" lon="14.457612">
				<ele>237.000000</ele>
			</trkpt>
			<trkpt lat="49.863668" lon="14.457683">
				<ele>236.000000</ele>
			</trkpt>
			<trkpt lat="49.863437" lon="14.458008">
				<ele>236.000000</ele>
			</trkpt>
			<trkpt lat="49.863286" lon="14.458241">
				<ele>237.000000</ele>
			</trkpt>
			<trkpt lat="49.863240" lon="14.458339">
				<ele>238.000000</ele>
			</trkpt>
			<trkpt lat="49.863153" lon="14.458591">
				<ele>240.000000</ele>
			</trkpt>
			<trkpt lat="49.862887" lon="14.459148">
				<ele>242.000000</ele>
			</trkpt>
			<trkpt lat="49.862771" lon="14.459408">
				<ele>242.000000</ele>
			</trkpt>
			<trkpt lat="49.862713" lon="14.459561">
				<ele>241.000000</ele>
			</trkpt>
			<trkpt lat="49.862690" lon="14.459723">
				<ele>239.000000</ele>
			</trkpt>
			<trkpt lat="49.862678" lon="14.459840">
				<ele>240.000000</ele>
			</trkpt>
			<trkpt lat="49.862684" lon="14.459974">
				<ele>242.000000</ele>
			</trkpt>
			<trkpt lat="49.862690" lon="14.460056">
				<ele>241.000000</ele>
			</trkpt>
			<trkpt lat="49.862684" lon="14.460127">
				<ele>241.000000</ele>
			</trkpt>
			<trkpt lat="49.862684" lon="14.460172">
				<ele>241.000000</ele>
			</trkpt>
			<trkpt lat="49.862667" lon="14.460209">
				<ele>242.000000</ele>
			</trkpt>
			<trkpt lat="49.862638" lon="14.460253">
				<ele>243.000000</ele>
			</trkpt>
			<trkpt lat="49.862609" lon="14.460280">
				<ele>244.000000</ele>
			</trkpt>
			<trkpt lat="49.862331" lon="14.460522">
				<ele>245.000000</ele>
			</trkpt>
			<trkpt lat="49.862209" lon="14.460630">
				<ele>245.000000</ele>
			</trkpt>
			<trkpt lat="49.862093" lon="14.460765">
				<ele>245.000000</ele>
			</trkpt>
			<trkpt lat="49.862001" lon="14.460899">
				<ele>246.000000</ele>
			</trkpt>
			<trkpt lat="49.861914" lon="14.461025">
				<ele>249.000000</ele>
			</trkpt>
			<trkpt lat="49.861838" lon="14.461142">
				<ele>252.000000</ele>
			</trkpt>
			<trkpt lat="49.861636" lon="14.461367">
				<ele>257.000000</ele>
			</trkpt>
			<trkpt lat="49.861520" lon="14.461492">
				<ele>258.000000</ele>
			</trkpt>
			<trkpt lat="49.861439" lon="14.461591">
				<ele>259.000000</ele>
			</trkpt>
			<trkpt lat="49.861375" lon="14.461717">
				<ele>258.000000</ele>
			</trkpt>
			<trkpt lat="49.861306" lon="14.461851">
				<ele>259.000000</ele>
			</trkpt>
			<trkpt lat="49.861219" lon="14.462094">
				<ele>259.000000</ele>
			</trkpt>
			<trkpt lat="49.861144" lon="14.462230">
				<ele>260.000000</ele>
			</trkpt>
			<trkpt lat="49.861063" lon="14.462356">
				<ele>261.000000</ele>
			</trkpt>
			<trkpt lat="49.860975" lon="14.462472">
				<ele>262.000000</ele>
			</trkpt>
			<trkpt lat="49.860784" lon="14.462696">
				<ele>264.000000</ele>
			</trkpt>
			<trkpt lat="49.860680" lon="14.462849">
				<ele>267.000000</ele>
			</trkpt>
			<trkpt lat="49.860582" lon="14.463029">
				<ele>268.000000</ele>
			</trkpt>
			<trkpt lat="49.860483" lon="14.463245">
				<ele>270.000000</ele>
			</trkpt>
			<trkpt lat="49.860437" lon="14.463370">
				<ele>271.000000</ele>
			</trkpt>
			<trkpt lat="49.860420" lon="14.463496">
				<ele>270.000000</ele>
			</trkpt>
			<trkpt lat="49.860414" lon="14.463631">
				<ele>270.000000</ele>
			</trkpt>
			<trkpt lat="49.860414" lon="14.463838">
				<ele>268.000000</ele>
			</trkpt>
			<trkpt lat="49.860414" lon="14.464054">
				<ele>267.000000</ele>
			</trkpt>
			<trkpt lat="49.860414" lon="14.464214">
				<ele>266.000000</ele>
			</trkpt>
			<trkpt lat="49.860397" lon="14.464394">
				<ele>265.000000</ele>
			</trkpt>
			<trkpt lat="49.860379" lon="14.464538">
				<ele>265.000000</ele>
			</trkpt>
			<trkpt lat="49.860344" lon="14.464673">
				<ele>266.000000</ele>
			</trkpt>
			<trkpt lat="49.860310" lon="14.464826">
				<ele>267.000000</ele>
			</trkpt>
			<trkpt lat="49.860257" lon="14.464969">
				<ele>269.000000</ele>
			</trkpt>
			<trkpt lat="49.860188" lon="14.465149">
				<ele>271.000000</ele>
			</trkpt>
			<trkpt lat="49.860136" lon="14.465239">
				<ele>273.000000</ele>
			</trkpt>
			<trkpt lat="49.860096" lon="14.465266">
				<ele>274.000000</ele>
			</trkpt>
			<trkpt lat="49.860055" lon="14.465274">
				<ele>275.000000</ele>
			</trkpt>
			<trkpt lat="49.859962" lon="14.465293">
				<ele>275.000000</ele>
			</trkpt>
			<trkpt lat="49.859852" lon="14.465266">
				<ele>277.000000</ele>
			</trkpt>
			<trkpt lat="49.859650" lon="14.465167">
				<ele>279.000000</ele>
			</trkpt>
			<trkpt lat="49.859476" lon="14.465113">
				<ele>281.000000</ele>
			</trkpt>
			<trkpt lat="49.859325" lon="14.465077">
				<ele>281.000000</ele>
			</trkpt>
			<trkpt lat="49.859169" lon="14.465067">
				<ele>281.000000</ele>
			</trkpt>
			<trkpt lat="49.859018" lon="14.465067">
				<ele>280.000000</ele>
			</trkpt>
			<trkpt lat="49.858827" lon="14.465086">
				<ele>279.000000</ele>
			</trkpt>
			<trkpt lat="49.858659" lon="14.465113">
				<ele>278.000000</ele>
			</trkpt>
			<trkpt lat="49.858445" lon="14.465167">
				<ele>276.000000</ele>
			</trkpt>
			<trkpt lat="49.858352" lon="14.465185">
				<ele>275.000000</ele>
			</trkpt>
			<trkpt lat="49.858283" lon="14.465157">
				<ele>276.000000</ele>
			</trkpt>
			<trkpt lat="49.858236" lon="14.465113">
				<ele>277.000000</ele>
			</trkpt>
			<trkpt lat="49.858225" lon="14.465086">
				<ele>278.000000</ele>
			</trkpt>
			<trkpt lat="49.858219" lon="14.465050">
				<ele>279.000000</ele>
			</trkpt>
			<trkpt lat="49.858219" lon="14.465050">
				<ele>279.000000</ele>
			</trkpt>
			<trkpt lat="49.858219" lon="14.465050">
				<ele>279.000000</ele>
			</trkpt>
			<trkpt lat="49.858219" lon="14.465050">
				<ele>279.000000</ele>
			</trkpt>
			<trkpt lat="49.858144" lon="14.464691">
				<ele>282.000000</ele>
			</trkpt>
			<trkpt lat="49.858132" lon="14.464501">
				<ele>284.000000</ele>
			</trkpt>
			<trkpt lat="49.858121" lon="14.464170">
				<ele>290.000000</ele>
			</trkpt>
			<trkpt lat="49.858132" lon="14.464008">
				<ele>291.000000</ele>
			</trkpt>
			<trkpt lat="49.858155" lon="14.463838">
				<ele>292.000000</ele>
			</trkpt>
			<trkpt lat="49.858202" lon="14.463666">
				<ele>293.000000</ele>
			</trkpt>
			<trkpt lat="49.858306" lon="14.463362">
				<ele>299.000000</ele>
			</trkpt>
			<trkpt lat="49.858341" lon="14.463235">
				<ele>301.000000</ele>
			</trkpt>
			<trkpt lat="49.858381" lon="14.463100">
				<ele>304.000000</ele>
			</trkpt>
			<trkpt lat="49.858399" lon="14.462930">
				<ele>305.000000</ele>
			</trkpt>
			<trkpt lat="49.858393" lon="14.462876">
				<ele>305.000000</ele>
			</trkpt>
			<trkpt lat="49.858387" lon="14.462822">
				<ele>304.000000</ele>
			</trkpt>
			<trkpt lat="49.858370" lon="14.462796">
				<ele>304.000000</ele>
			</trkpt>
			<trkpt lat="49.858352" lon="14.462777">
				<ele>303.000000</ele>
			</trkpt>
			<trkpt lat="49.858312" lon="14.462777">
				<ele>300.000000</ele>
			</trkpt>
			<trkpt lat="49.858289" lon="14.462750">
				<ele>300.000000</ele>
			</trkpt>
			<trkpt lat="49.858248" lon="14.462652">
				<ele>299.000000</ele>
			</trkpt>
			<trkpt lat="49.858225" lon="14.462499">
				<ele>300.000000</ele>
			</trkpt>
			<trkpt lat="49.858196" lon="14.462391">
				<ele>301.000000</ele>
			</trkpt>
			<trkpt lat="49.858161" lon="14.462293">
				<ele>302.000000</ele>
			</trkpt>
			<trkpt lat="49.858115" lon="14.462193">
				<ele>302.000000</ele>
			</trkpt>
			<trkpt lat="49.858069" lon="14.462113">
				<ele>304.000000</ele>
			</trkpt>
			<trkpt lat="49.857993" lon="14.462014">
				<ele>304.000000</ele>
			</trkpt>
			<trkpt lat="49.857843" lon="14.461851">
				<ele>307.000000</ele>
			</trkpt>
			<trkpt lat="49.857733" lon="14.461727">
				<ele>309.000000</ele>
			</trkpt>
			<trkpt lat="49.857645" lon="14.461591">
				<ele>310.000000</ele>
			</trkpt>
			<trkpt lat="49.857518" lon="14.461412">
				<ele>312.000000</ele>
			</trkpt>
			<trkpt lat="49.857426" lon="14.461268">
				<ele>314.000000</ele>
			</trkpt>
			<trkpt lat="49.857217" lon="14.461052">
				<ele>317.000000</ele>
			</trkpt>
			<trkpt lat="49.857038" lon="14.460855">
				<ele>318.000000</ele>
			</trkpt>
			<trkpt lat="49.856847" lon="14.460693">
				<ele>319.000000</ele>
			</trkpt>
			<trkpt lat="49.856522" lon="14.460423">
				<ele>321.000000</ele>
			</trkpt>
			<trkpt lat="49.856430" lon="14.460333">
				<ele>321.000000</ele>
			</trkpt>
			<trkpt lat="49.856349" lon="14.460272">
				<ele>321.000000</ele>
			</trkpt>
			<trkpt lat="49.856285" lon="14.460199">
				<ele>321.000000</ele>
			</trkpt>
			<trkpt lat="49.856233" lon="14.460119">
				<ele>321.000000</ele>
			</trkpt>
			<trkpt lat="49.856180" lon="14.460019">
				<ele>321.000000</ele>
			</trkpt>
			<trkpt lat="49.856134" lon="14.459920">
				<ele>321.000000</ele>
			</trkpt>
			<trkpt lat="49.856076" lon="14.459786">
				<ele>321.000000</ele>
			</trkpt>
			<trkpt lat="49.855943" lon="14.459400">
				<ele>323.000000</ele>
			</trkpt>
			<trkpt lat="49.855914" lon="14.459310">
				<ele>323.000000</ele>
			</trkpt>
			<trkpt lat="49.855914" lon="14.459247">
				<ele>323.000000</ele>
			</trkpt>
			<trkpt lat="49.855914" lon="14.459148">
				<ele>324.000000</ele>
			</trkpt>
			<trkpt lat="49.855938" lon="14.459022">
				<ele>324.000000</ele>
			</trkpt>
			<trkpt lat="49.855972" lon="14.458753">
				<ele>326.000000</ele>
			</trkpt>
			<trkpt lat="49.856013" lon="14.458591">
				<ele>329.000000</ele>
			</trkpt>
			<trkpt lat="49.856053" lon="14.458366">
				<ele>334.000000</ele>
			</trkpt>
			<trkpt lat="49.856105" lon="14.458115">
				<ele>337.000000</ele>
			</trkpt>
			<trkpt lat="49.856151" lon="14.457909">
				<ele>338.000000</ele>
			</trkpt>
			<trkpt lat="49.856175" lon="14.457711">
				<ele>340.000000</ele>
			</trkpt>
			<trkpt lat="49.856186" lon="14.457513">
				<ele>341.000000</ele>
			</trkpt>
			<trkpt lat="49.856204" lon="14.457234">
				<ele>344.000000</ele>
			</trkpt>
			<trkpt lat="49.856204" lon="14.457136">
				<ele>345.000000</ele>
			</trkpt>
			<trkpt lat="49.856180" lon="14.457100">
				<ele>345.000000</ele>
			</trkpt>
			<trkpt lat="49.856163" lon="14.457073">
				<ele>345.000000</ele>
			</trkpt>
			<trkpt lat="49.856146" lon="14.457046">
				<ele>346.000000</ele>
			</trkpt>
			<trkpt lat="49.856140" lon="14.457019">
				<ele>346.000000</ele>
			</trkpt>
			<trkpt lat="49.856146" lon="14.456893">
				<ele>346.000000</ele>
			</trkpt>
			<trkpt lat="49.856239" lon="14.455959">
				<ele>350.000000</ele>
			</trkpt>
			<trkpt lat="49.856279" lon="14.455914">
				<ele>350.000000</ele>
			</trkpt>
			<trkpt lat="49.856302" lon="14.455869">
				<ele>351.000000</ele>
			</trkpt>
			<trkpt lat="49.856366" lon="14.455735">
				<ele>351.000000</ele>
			</trkpt>
			<trkpt lat="49.856082" lon="14.455330">
				<ele>351.000000</ele>
			</trkpt>
			<trkpt lat="49.856111" lon="14.455043">
				<ele>351.000000</ele>
			</trkpt>
			<trkpt lat="49.856117" lon="14.454899">
				<ele>350.000000</ele>
			</trkpt>
			<trkpt lat="49.856117" lon="14.454845">
				<ele>350.000000</ele>
			</trkpt>
			<trkpt lat="49.856111" lon="14.454800">
				<ele>350.000000</ele>
			</trkpt>
			<trkpt lat="49.856094" lon="14.454764">
				<ele>349.000000</ele>
			</trkpt>
			<trkpt lat="49.856065" lon="14.454746">
				<ele>349.000000</ele>
			</trkpt>
			<trkpt lat="49.856035" lon="14.454719">
				<ele>349.000000</ele>
			</trkpt>
			<trkpt lat="49.856001" lon="14.454719">
				<ele>349.000000</ele>
			</trkpt>
			<trkpt lat="49.855932" lon="14.454737">
				<ele>350.000000</ele>
			</trkpt>
			<trkpt lat="49.855758" lon="14.454836">
				<ele>349.000000</ele>
			</trkpt>
			<trkpt lat="49.855659" lon="14.454882">
				<ele>350.000000</ele>
			</trkpt>
			<trkpt lat="49.855480" lon="14.454909">
				<ele>351.000000</ele>
			</trkpt>
			<trkpt lat="49.855335" lon="14.454953">
				<ele>352.000000</ele>
			</trkpt>
			<trkpt lat="49.855172" lon="14.455025">
				<ele>354.000000</ele>
			</trkpt>
			<trkpt lat="49.854993" lon="14.455132">
				<ele>355.000000</ele>
			</trkpt>
			<trkpt lat="49.854860" lon="14.455205">
				<ele>355.000000</ele>
			</trkpt>
			<trkpt lat="49.854733" lon="14.455268">
				<ele>355.000000</ele>
			</trkpt>
			<trkpt lat="49.854611" lon="14.455303">
				<ele>355.000000</ele>
			</trkpt>
			<trkpt lat="49.854495" lon="14.455339">
				<ele>356.000000</ele>
			</trkpt>
			<trkpt lat="49.854275" lon="14.455358">
				<ele>356.000000</ele>
			</trkpt>
			<trkpt lat="49.853667" lon="14.455358">
				<ele>357.000000</ele>
			</trkpt>
			<trkpt lat="49.853511" lon="14.455393">
				<ele>358.000000</ele>
			</trkpt>
			<trkpt lat="49.853389" lon="14.455419">
				<ele>358.000000</ele>
			</trkpt>
			<trkpt lat="49.853261" lon="14.455501">
				<ele>358.000000</ele>
			</trkpt>
			<trkpt lat="49.853129" lon="14.455618">
				<ele>358.000000</ele>
			</trkpt>
			<trkpt lat="49.852920" lon="14.455896">
				<ele>360.000000</ele>
			</trkpt>
			<trkpt lat="49.852740" lon="14.456175">
				<ele>361.000000</ele>
			</trkpt>
			<trkpt lat="49.852618" lon="14.456427">
				<ele>363.000000</ele>
			</trkpt>
			<trkpt lat="49.852486" lon="14.456444">
				<ele>363.000000</ele>
			</trkpt>
			<trkpt lat="49.852260" lon="14.456471">
				<ele>366.000000</ele>
			</trkpt>
			<trkpt lat="49.851935" lon="14.456561">
				<ele>370.000000</ele>
			</trkpt>
			<trkpt lat="49.851564" lon="14.456660">
				<ele>371.000000</ele>
			</trkpt>
			<trkpt lat="49.851287" lon="14.456794">
				<ele>370.000000</ele>
			</trkpt>
			<trkpt lat="49.851049" lon="14.456903">
				<ele>369.000000</ele>
			</trkpt>
			<trkpt lat="49.850904" lon="14.457001">
				<ele>369.000000</ele>
			</trkpt>
			<trkpt lat="49.850760" lon="14.457100">
				<ele>369.000000</ele>
			</trkpt>
			<trkpt lat="49.850615" lon="14.457234">
				<ele>368.000000</ele>
			</trkpt>
			<trkpt lat="49.850499" lon="14.457316">
				<ele>368.000000</ele>
			</trkpt>
			<trkpt lat="49.850400" lon="14.457369">
				<ele>367.000000</ele>
			</trkpt>
			<trkpt lat="49.850076" lon="14.457532">
				<ele>364.000000</ele>
			</trkpt>
			<trkpt lat="49.849943" lon="14.457603">
				<ele>363.000000</ele>
			</trkpt>
			<trkpt lat="49.849873" lon="14.457639">
				<ele>362.000000</ele>
			</trkpt>
			<trkpt lat="49.849676" lon="14.457828">
				<ele>360.000000</ele>
			</trkpt>
			<trkpt lat="49.849439" lon="14.457998">
				<ele>356.000000</ele>
			</trkpt>
			<trkpt lat="49.849387" lon="14.458052">
				<ele>355.000000</ele>
			</trkpt>
			<trkpt lat="49.849340" lon="14.458124">
				<ele>354.000000</ele>
			</trkpt>
			<trkpt lat="49.849201" lon="14.458098">
				<ele>351.000000</ele>
			</trkpt>
			<trkpt lat="49.849161" lon="14.458052">
				<ele>350.000000</ele>
			</trkpt>
			<trkpt lat="49.849144" lon="14.458025">
				<ele>350.000000</ele>
			</trkpt>
			<trkpt lat="49.849120" lon="14.457980">
				<ele>350.000000</ele>
			</trkpt>
			<trkpt lat="49.849091" lon="14.457972">
				<ele>349.000000</ele>
			</trkpt>
			<trkpt lat="49.848993" lon="14.457998">
				<ele>347.000000</ele>
			</trkpt>
			<trkpt lat="49.848918" lon="14.458016">
				<ele>346.000000</ele>
			</trkpt>
			<trkpt lat="49.848848" lon="14.458061">
				<ele>344.000000</ele>
			</trkpt>
			<trkpt lat="49.848639" lon="14.458196">
				<ele>339.000000</ele>
			</trkpt>
			<trkpt lat="49.848541" lon="14.458259">
				<ele>337.000000</ele>
			</trkpt>
			<trkpt lat="49.848362" lon="14.458358">
				<ele>333.000000</ele>
			</trkpt>
			<trkpt lat="49.848281" lon="14.458385">
				<ele>331.000000</ele>
			</trkpt>
			<trkpt lat="49.848211" lon="14.458385">
				<ele>330.000000</ele>
			</trkpt>
			<trkpt lat="49.848130" lon="14.458358">
				<ele>328.000000</ele>
			</trkpt>
			<trkpt lat="49.848037" lon="14.458312">
				<ele>326.000000</ele>
			</trkpt>
			<trkpt lat="49.847956" lon="14.458304">
				<ele>324.000000</ele>
			</trkpt>
			<trkpt lat="49.847881" lon="14.458331">
				<ele>323.000000</ele>
			</trkpt>
			<trkpt lat="49.847788" lon="14.458375">
				<ele>322.000000</ele>
			</trkpt>
			<trkpt lat="49.847672" lon="14.458456">
				<ele>320.000000</ele>
			</trkpt>
			<trkpt lat="49.847556" lon="14.458519">
				<ele>318.000000</ele>
			</trkpt>
			<trkpt lat="49.847122" lon="14.458690">
				<ele>311.000000</ele>
			</trkpt>
			<trkpt lat="49.847035" lon="14.458735">
				<ele>309.000000</ele>
			</trkpt>
			<trkpt lat="49.846867" lon="14.458861">
				<ele>303.000000</ele>
			</trkpt>
			<trkpt lat="49.846792" lon="14.458897">
				<ele>301.000000</ele>
			</trkpt>
			<trkpt lat="49.846757" lon="14.458905">
				<ele>300.000000</ele>
			</trkpt>
			<trkpt lat="49.846722" lon="14.458905">
				<ele>299.000000</ele>
			</trkpt>
			<trkpt lat="49.846681" lon="14.458861">
				<ele>299.000000</ele>
			</trkpt>
			<trkpt lat="49.846647" lon="14.458815">
				<ele>298.000000</ele>
			</trkpt>
			<trkpt lat="49.846583" lon="14.458725">
				<ele>296.000000</ele>
			</trkpt>
			<trkpt lat="49.846519" lon="14.458654">
				<ele>295.000000</ele>
			</trkpt>
			<trkpt lat="49.846502" lon="14.458635">
				<ele>294.000000</ele>
			</trkpt>
			<trkpt lat="49.846479" lon="14.458654">
				<ele>292.000000</ele>
			</trkpt>
			<trkpt lat="49.846421" lon="14.458725">
				<ele>288.000000</ele>
			</trkpt>
			<trkpt lat="49.846404" lon="14.458753">
				<ele>287.000000</ele>
			</trkpt>
			<trkpt lat="49.846369" lon="14.458771">
				<ele>285.000000</ele>
			</trkpt>
			<trkpt lat="49.846351" lon="14.458753">
				<ele>285.000000</ele>
			</trkpt>
			<trkpt lat="49.846323" lon="14.458725">
				<ele>284.000000</ele>
			</trkpt>
			<trkpt lat="49.846305" lon="14.458708">
				<ele>284.000000</ele>
			</trkpt>
			<trkpt lat="49.846288" lon="14.458698">
				<ele>283.000000</ele>
			</trkpt>
			<trkpt lat="49.846270" lon="14.458708">
				<ele>282.000000</ele>
			</trkpt>
			<trkpt lat="49.846253" lon="14.458725">
				<ele>281.000000</ele>
			</trkpt>
			<trkpt lat="49.846241" lon="14.458744">
				<ele>280.000000</ele>
			</trkpt>
			<trkpt lat="49.846224" lon="14.458725">
				<ele>280.000000</ele>
			</trkpt>
			<trkpt lat="49.846189" lon="14.458681">
				<ele>279.000000</ele>
			</trkpt>
			<trkpt lat="49.846125" lon="14.458618">
				<ele>278.000000</ele>
			</trkpt>
			<trkpt lat="49.846097" lon="14.458618">
				<ele>276.000000</ele>
			</trkpt>
			<trkpt lat="49.846079" lon="14.458627">
				<ele>275.000000</ele>
			</trkpt>
			<trkpt lat="49.846015" lon="14.458698">
				<ele>271.000000</ele>
			</trkpt>
			<trkpt lat="49.845946" lon="14.458744">
				<ele>270.000000</ele>
			</trkpt>
			<trkpt lat="49.845894" lon="14.458744">
				<ele>270.000000</ele>
			</trkpt>
			<trkpt lat="49.845830" lon="14.458698">
				<ele>270.000000</ele>
			</trkpt>
			<trkpt lat="49.845691" lon="14.458538">
				<ele>270.000000</ele>
			</trkpt>
			<trkpt lat="49.845651" lon="14.458511">
				<ele>270.000000</ele>
			</trkpt>
			<trkpt lat="49.845592" lon="14.458501">
				<ele>272.000000</ele>
			</trkpt>
			<trkpt lat="49.845326" lon="14.458511">
				<ele>282.000000</ele>
			</trkpt>
			<trkpt lat="49.845245" lon="14.458546">
				<ele>285.000000</ele>
			</trkpt>
			<trkpt lat="49.845152" lon="14.458601">
				<ele>288.000000</ele>
			</trkpt>
			<trkpt lat="49.845152" lon="14.458241">
				<ele>288.000000</ele>
			</trkpt>
			<trkpt lat="49.845140" lon="14.458061">
				<ele>288.000000</ele>
			</trkpt>
			<trkpt lat="49.845112" lon="14.457872">
				<ele>288.000000</ele>
			</trkpt>
			<trkpt lat="49.845077" lon="14.457738">
				<ele>288.000000</ele>
			</trkpt>
			<trkpt lat="49.844961" lon="14.457333">
				<ele>288.000000</ele>
			</trkpt>
			<trkpt lat="49.844712" lon="14.456444">
				<ele>293.000000</ele>
			</trkpt>
			<trkpt lat="49.844602" lon="14.456004">
				<ele>294.000000</ele>
			</trkpt>
			<trkpt lat="49.844550" lon="14.455798">
				<ele>294.000000</ele>
			</trkpt>
			<trkpt lat="49.844474" lon="14.455546">
				<ele>294.000000</ele>
			</trkpt>
			<trkpt lat="49.844399" lon="14.455322">
				<ele>293.000000</ele>
			</trkpt>
			<trkpt lat="49.844318" lon="14.455132">
				<ele>292.000000</ele>
			</trkpt>
			<trkpt lat="49.844231" lon="14.454953">
				<ele>291.000000</ele>
			</trkpt>
			<trkpt lat="49.844121" lon="14.454746">
				<ele>290.000000</ele>
			</trkpt>
			<trkpt lat="49.843872" lon="14.454333">
				<ele>291.000000</ele>
			</trkpt>
			<trkpt lat="49.843814" lon="14.454316">
				<ele>292.000000</ele>
			</trkpt>
			<trkpt lat="49.843687" lon="14.454288">
				<ele>295.000000</ele>
			</trkpt>
			<trkpt lat="49.843629" lon="14.454280">
				<ele>295.000000</ele>
			</trkpt>
			<trkpt lat="49.843072" lon="14.454001">
				<ele>295.000000</ele>
			</trkpt>
			<trkpt lat="49.842829" lon="14.453911">
				<ele>295.000000</ele>
			</trkpt>
			<trkpt lat="49.842812" lon="14.453964">
				<ele>296.000000</ele>
			</trkpt>
			<trkpt lat="49.842824" lon="14.454018">
				<ele>296.000000</ele>
			</trkpt>
			<trkpt lat="49.842829" lon="14.454081">
				<ele>297.000000</ele>
			</trkpt>
			<trkpt lat="49.842864" lon="14.454117">
				<ele>297.000000</ele>
			</trkpt>
			<trkpt lat="49.842991" lon="14.454253">
				<ele>297.000000</ele>
			</trkpt>
			<trkpt lat="49.843235" lon="14.454477">
				<ele>301.000000</ele>
			</trkpt>
			<trkpt lat="49.843664" lon="14.454872">
				<ele>305.000000</ele>
			</trkpt>
			<trkpt lat="49.843797" lon="14.455016">
				<ele>304.000000</ele>
			</trkpt>
			<trkpt lat="49.843895" lon="14.455150">
				<ele>304.000000</ele>
			</trkpt>
			<trkpt lat="49.844034" lon="14.455375">
				<ele>305.000000</ele>
			</trkpt>
			<trkpt lat="49.844145" lon="14.455609">
				<ele>305.000000</ele>
			</trkpt>
			<trkpt lat="49.844249" lon="14.455914">
				<ele>305.000000</ele>
			</trkpt>
			<trkpt lat="49.844289" lon="14.456040">
				<ele>304.000000</ele>
			</trkpt>
			<trkpt lat="49.844324" lon="14.456201">
				<ele>303.000000</ele>
			</trkpt>
			<trkpt lat="49.844358" lon="14.456427">
				<ele>302.000000</ele>
			</trkpt>
			<trkpt lat="49.844370" lon="14.456606">
				<ele>302.000000</ele>
			</trkpt>
			<trkpt lat="49.844365" lon="14.456804">
				<ele>303.000000</ele>
			</trkpt>
			<trkpt lat="49.844347" lon="14.457019">
				<ele>304.000000</ele>
			</trkpt>
			<trkpt lat="49.844301" lon="14.457270">
				<ele>306.000000</ele>
			</trkpt>
			<trkpt lat="49.844260" lon="14.457513">
				<ele>310.000000</ele>
			</trkpt>
			<trkpt lat="49.844046" lon="14.458295">
				<ele>321.000000</ele>
			</trkpt>
			<trkpt lat="49.843982" lon="14.458582">
				<ele>323.000000</ele>
			</trkpt>
			<trkpt lat="49.843930" lon="14.458888">
				<ele>323.000000</ele>
			</trkpt>
			<trkpt lat="49.843919" lon="14.459238">
				<ele>324.000000</ele>
			</trkpt>
			<trkpt lat="49.843907" lon="14.459517">
				<ele>325.000000</ele>
			</trkpt>
			<trkpt lat="49.843919" lon="14.459616">
				<ele>327.000000</ele>
			</trkpt>
			<trkpt lat="49.843947" lon="14.459714">
				<ele>327.000000</ele>
			</trkpt>
			<trkpt lat="49.843970" lon="14.459813">
				<ele>328.000000</ele>
			</trkpt>
			<trkpt lat="49.844011" lon="14.459893">
				<ele>329.000000</ele>
			</trkpt>
			<trkpt lat="49.844145" lon="14.460136">
				<ele>329.000000</ele>
			</trkpt>
			<trkpt lat="49.844191" lon="14.460226">
				<ele>328.000000</ele>
			</trkpt>
			<trkpt lat="49.844226" lon="14.460333">
				<ele>328.000000</ele>
			</trkpt>
			<trkpt lat="49.844255" lon="14.460442">
				<ele>328.000000</ele>
			</trkpt>
			<trkpt lat="49.844272" lon="14.460585">
				<ele>328.000000</ele>
			</trkpt>
			<trkpt lat="49.844272" lon="14.460711">
				<ele>328.000000</ele>
			</trkpt>
			<trkpt lat="49.844255" lon="14.460819">
				<ele>329.000000</ele>
			</trkpt>
			<trkpt lat="49.844214" lon="14.460945">
				<ele>329.000000</ele>
			</trkpt>
			<trkpt lat="49.844150" lon="14.461062">
				<ele>331.000000</ele>
			</trkpt>
			<trkpt lat="49.844000" lon="14.461259">
				<ele>335.000000</ele>
			</trkpt>
			<trkpt lat="49.843623" lon="14.461708">
				<ele>339.000000</ele>
			</trkpt>
			<trkpt lat="49.843507" lon="14.461861">
				<ele>339.000000</ele>
			</trkpt>
			<trkpt lat="49.843379" lon="14.462058">
				<ele>340.000000</ele>
			</trkpt>
			<trkpt lat="49.843212" lon="14.462346">
				<ele>342.000000</ele>
			</trkpt>
			<trkpt lat="49.843061" lon="14.462687">
				<ele>345.000000</ele>
			</trkpt>
			<trkpt lat="49.842997" lon="14.462840">
				<ele>346.000000</ele>
			</trkpt>
			<trkpt lat="49.842910" lon="14.463128">
				<ele>347.000000</ele>
			</trkpt>
			<trkpt lat="49.842835" lon="14.463280">
				<ele>348.000000</ele>
			</trkpt>
			<trkpt lat="49.842795" lon="14.463352">
				<ele>349.000000</ele>
			</trkpt>
			<trkpt lat="49.842754" lon="14.463406">
				<ele>349.000000</ele>
			</trkpt>
			<trkpt lat="49.842714" lon="14.463442">
				<ele>349.000000</ele>
			</trkpt>
			<trkpt lat="49.842650" lon="14.463469">
				<ele>350.000000</ele>
			</trkpt>
			<trkpt lat="49.842598" lon="14.463469">
				<ele>349.000000</ele>
			</trkpt>
			<trkpt lat="49.842539" lon="14.463442">
				<ele>349.000000</ele>
			</trkpt>
			<trkpt lat="49.842493" lon="14.463398">
				<ele>350.000000</ele>
			</trkpt>
			<trkpt lat="49.842412" lon="14.463316">
				<ele>349.000000</ele>
			</trkpt>
			<trkpt lat="49.842331" lon="14.463209">
				<ele>350.000000</ele>
			</trkpt>
			<trkpt lat="49.842250" lon="14.463083">
				<ele>350.000000</ele>
			</trkpt>
			<trkpt lat="49.841977" lon="14.462624">
				<ele>352.000000</ele>
			</trkpt>
			<trkpt lat="49.841845" lon="14.462417">
				<ele>354.000000</ele>
			</trkpt>
			<trkpt lat="49.841781" lon="14.462337">
				<ele>355.000000</ele>
			</trkpt>
			<trkpt lat="49.841735" lon="14.462293">
				<ele>355.000000</ele>
			</trkpt>
			<trkpt lat="49.841682" lon="14.462256">
				<ele>356.000000</ele>
			</trkpt>
			<trkpt lat="49.841619" lon="14.462230">
				<ele>356.000000</ele>
			</trkpt>
			<trkpt lat="49.841537" lon="14.462211">
				<ele>356.000000</ele>
			</trkpt>
			<trkpt lat="49.841468" lon="14.462211">
				<ele>357.000000</ele>
			</trkpt>
			<trkpt lat="49.841259" lon="14.462274">
				<ele>359.000000</ele>
			</trkpt>
			<trkpt lat="49.841167" lon="14.462283">
				<ele>361.000000</ele>
			</trkpt>
			<trkpt lat="49.840686" lon="14.462293">
				<ele>368.000000</ele>
			</trkpt>
			<trkpt lat="49.840396" lon="14.462266">
				<ele>371.000000</ele>
			</trkpt>
			<trkpt lat="49.839997" lon="14.462203">
				<ele>376.000000</ele>
			</trkpt>
			<trkpt lat="49.839799" lon="14.462193">
				<ele>377.000000</ele>
			</trkpt>
			<trkpt lat="49.839683" lon="14.462203">
				<ele>378.000000</ele>
			</trkpt>
			<trkpt lat="49.839567" lon="14.462238">
				<ele>379.000000</ele>
			</trkpt>
			<trkpt lat="49.839255" lon="14.462382">
				<ele>381.000000</ele>
			</trkpt>
			<trkpt lat="49.839179" lon="14.462446">
				<ele>381.000000</ele>
			</trkpt>
			<trkpt lat="49.839075" lon="14.462490">
				<ele>382.000000</ele>
			</trkpt>
			<trkpt lat="49.838895" lon="14.462562">
				<ele>382.000000</ele>
			</trkpt>
			<trkpt lat="49.838733" lon="14.462633">
				<ele>383.000000</ele>
			</trkpt>
			<trkpt lat="49.838061" lon="14.463002">
				<ele>386.000000</ele>
			</trkpt>
			<trkpt lat="49.837835" lon="14.463119">
				<ele>387.000000</ele>
			</trkpt>
			<trkpt lat="49.837667" lon="14.463218">
				<ele>387.000000</ele>
			</trkpt>
			<trkpt lat="49.837505" lon="14.463325">
				<ele>387.000000</ele>
			</trkpt>
			<trkpt lat="49.837326" lon="14.463469">
				<ele>387.000000</ele>
			</trkpt>
			<trkpt lat="49.837215" lon="14.463559">
				<ele>388.000000</ele>
			</trkpt>
			<trkpt lat="49.837117" lon="14.463622">
				<ele>389.000000</ele>
			</trkpt>
			<trkpt lat="49.837030" lon="14.463666">
				<ele>391.000000</ele>
			</trkpt>
			<trkpt lat="49.836931" lon="14.463694">
				<ele>392.000000</ele>
			</trkpt>
			<trkpt lat="49.836833" lon="14.463712">
				<ele>393.000000</ele>
			</trkpt>
			<trkpt lat="49.836734" lon="14.463729">
				<ele>393.000000</ele>
			</trkpt>
			<trkpt lat="49.836451" lon="14.463702">
				<ele>395.000000</ele>
			</trkpt>
			<trkpt lat="49.835958" lon="14.463685">
				<ele>395.000000</ele>
			</trkpt>
			<trkpt lat="49.835796" lon="14.463658">
				<ele>395.000000</ele>
			</trkpt>
			<trkpt lat="49.835698" lon="14.463612">
				<ele>394.000000</ele>
			</trkpt>
			<trkpt lat="49.835604" lon="14.463559">
				<ele>395.000000</ele>
			</trkpt>
			<trkpt lat="49.835507" lon="14.463488">
				<ele>394.000000</ele>
			</trkpt>
			<trkpt lat="49.835425" lon="14.463425">
				<ele>394.000000</ele>
			</trkpt>
			<trkpt lat="49.835281" lon="14.463272">
				<ele>393.000000</ele>
			</trkpt>
			<trkpt lat="49.834991" lon="14.463038">
				<ele>391.000000</ele>
			</trkpt>
			<trkpt lat="49.834840" lon="14.462903">
				<ele>389.000000</ele>
			</trkpt>
			<trkpt lat="49.834666" lon="14.462733">
				<ele>388.000000</ele>
			</trkpt>
			<trkpt lat="49.834533" lon="14.462643">
				<ele>387.000000</ele>
			</trkpt>
			<trkpt lat="49.834405" lon="14.462570">
				<ele>387.000000</ele>
			</trkpt>
			<trkpt lat="49.834342" lon="14.462562">
				<ele>386.000000</ele>
			</trkpt>
			<trkpt lat="49.834289" lon="14.462562">
				<ele>386.000000</ele>
			</trkpt>
			<trkpt lat="49.834191" lon="14.462589">
				<ele>386.000000</ele>
			</trkpt>
			<trkpt lat="49.834092" lon="14.462660">
				<ele>386.000000</ele>
			</trkpt>
			<trkpt lat="49.833780" lon="14.462930">
				<ele>386.000000</ele>
			</trkpt>
			<trkpt lat="49.833507" lon="14.463128">
				<ele>387.000000</ele>
			</trkpt>
			<trkpt lat="49.833247" lon="14.463289">
				<ele>388.000000</ele>
			</trkpt>
			<trkpt lat="49.832962" lon="14.463451">
				<ele>389.000000</ele>
			</trkpt>
			<trkpt lat="49.832690" lon="14.463577">
				<ele>389.000000</ele>
			</trkpt>
			<trkpt lat="49.832615" lon="14.463604">
				<ele>389.000000</ele>
			</trkpt>
			<trkpt lat="49.832522" lon="14.463631">
				<ele>388.000000</ele>
			</trkpt>
			<trkpt lat="49.832441" lon="14.463639">
				<ele>388.000000</ele>
			</trkpt>
			<trkpt lat="49.832360" lon="14.463622">
				<ele>388.000000</ele>
			</trkpt>
			<trkpt lat="49.832273" lon="14.463595">
				<ele>387.000000</ele>
			</trkpt>
			<trkpt lat="49.832186" lon="14.463541">
				<ele>387.000000</ele>
			</trkpt>
			<trkpt lat="49.831937" lon="14.463379">
				<ele>385.000000</ele>
			</trkpt>
			<trkpt lat="49.831775" lon="14.463280">
				<ele>384.000000</ele>
			</trkpt>
			<trkpt lat="49.831630" lon="14.463226">
				<ele>385.000000</ele>
			</trkpt>
			<trkpt lat="49.831497" lon="14.463190">
				<ele>385.000000</ele>
			</trkpt>
			<trkpt lat="49.831381" lon="14.463190">
				<ele>385.000000</ele>
			</trkpt>
			<trkpt lat="49.831259" lon="14.463218">
				<ele>385.000000</ele>
			</trkpt>
			<trkpt lat="49.831143" lon="14.463289">
				<ele>385.000000</ele>
			</trkpt>
			<trkpt lat="49.831027" lon="14.463415">
				<ele>385.000000</ele>
			</trkpt>
			<trkpt lat="49.830929" lon="14.463541">
				<ele>385.000000</ele>
			</trkpt>
			<trkpt lat="49.830830" lon="14.463721">
				<ele>385.000000</ele>
			</trkpt>
			<trkpt lat="49.830726" lon="14.463990">
				<ele>385.000000</ele>
			</trkpt>
			<trkpt lat="49.830477" lon="14.464574">
				<ele>385.000000</ele>
			</trkpt>
			<trkpt lat="49.830292" lon="14.464978">
				<ele>385.000000</ele>
			</trkpt>
			<trkpt lat="49.830117" lon="14.465293">
				<ele>387.000000</ele>
			</trkpt>
			<trkpt lat="49.829654" lon="14.466128">
				<ele>391.000000</ele>
			</trkpt>
			<trkpt lat="49.829538" lon="14.466335">
				<ele>392.000000</ele>
			</trkpt>
			<trkpt lat="49.829480" lon="14.466505">
				<ele>392.000000</ele>
			</trkpt>
			<trkpt lat="49.829463" lon="14.466631">
				<ele>392.000000</ele>
			</trkpt>
			<trkpt lat="49.829434" lon="14.466855">
				<ele>392.000000</ele>
			</trkpt>
			<trkpt lat="49.829411" lon="14.467035">
				<ele>392.000000</ele>
			</trkpt>
			<trkpt lat="49.829364" lon="14.467214">
				<ele>392.000000</ele>
			</trkpt>
			<trkpt lat="49.829301" lon="14.467484">
				<ele>391.000000</ele>
			</trkpt>
			<trkpt lat="49.829185" lon="14.467493">
				<ele>390.000000</ele>
			</trkpt>
			<trkpt lat="49.829051" lon="14.467538">
				<ele>390.000000</ele>
			</trkpt>
			<trkpt lat="49.828825" lon="14.467637">
				<ele>388.000000</ele>
			</trkpt>
			<trkpt lat="49.828524" lon="14.467835">
				<ele>387.000000</ele>
			</trkpt>
			<trkpt lat="49.828188" lon="14.468023">
				<ele>385.000000</ele>
			</trkpt>
			<trkpt lat="49.827985" lon="14.468122">
				<ele>385.000000</ele>
			</trkpt>
			<trkpt lat="49.827776" lon="14.468203">
				<ele>383.000000</ele>
			</trkpt>
			<trkpt lat="49.827608" lon="14.468248">
				<ele>381.000000</ele>
			</trkpt>
			<trkpt lat="49.827452" lon="14.468266">
				<ele>381.000000</ele>
			</trkpt>
			<trkpt lat="49.827307" lon="14.468266">
				<ele>380.000000</ele>
			</trkpt>
			<trkpt lat="49.827202" lon="14.468230">
				<ele>379.000000</ele>
			</trkpt>
			<trkpt lat="49.827058" lon="14.468140">
				<ele>378.000000</ele>
			</trkpt>
			<trkpt lat="49.827058" lon="14.468140">
				<ele>378.000000</ele>
			</trkpt>
			<trkpt lat="49.827058" lon="14.468140">
				<ele>378.000000</ele>
			</trkpt>
			<trkpt lat="49.827058" lon="14.467933">
				<ele>377.000000</ele>
			</trkpt>
			<trkpt lat="49.827035" lon="14.467746">
				<ele>375.000000</ele>
			</trkpt>
			<trkpt lat="49.827017" lon="14.467566">
				<ele>374.000000</ele>
			</trkpt>
			<trkpt lat="49.826982" lon="14.467394">
				<ele>373.000000</ele>
			</trkpt>
			<trkpt lat="49.826936" lon="14.467170">
				<ele>372.000000</ele>
			</trkpt>
			<trkpt lat="49.826925" lon="14.467071">
				<ele>371.000000</ele>
			</trkpt>
			<trkpt lat="49.826925" lon="14.466981">
				<ele>371.000000</ele>
			</trkpt>
			<trkpt lat="49.826942" lon="14.466891">
				<ele>370.000000</ele>
			</trkpt>
			<trkpt lat="49.826959" lon="14.466828">
				<ele>369.000000</ele>
			</trkpt>
			<trkpt lat="49.827006" lon="14.466757">
				<ele>369.000000</ele>
			</trkpt>
			<trkpt lat="49.827040" lon="14.466730">
				<ele>369.000000</ele>
			</trkpt>
			<trkpt lat="49.827174" lon="14.466614">
				<ele>369.000000</ele>
			</trkpt>
			<trkpt lat="49.827237" lon="14.466541">
				<ele>369.000000</ele>
			</trkpt>
			<trkpt lat="49.827284" lon="14.466488">
				<ele>369.000000</ele>
			</trkpt>
			<trkpt lat="49.827318" lon="14.466406">
				<ele>369.000000</ele>
			</trkpt>
			<trkpt lat="49.827353" lon="14.466308">
				<ele>370.000000</ele>
			</trkpt>
			<trkpt lat="49.827388" lon="14.466155">
				<ele>370.000000</ele>
			</trkpt>
			<trkpt lat="49.827406" lon="14.465958">
				<ele>371.000000</ele>
			</trkpt>
			<trkpt lat="49.827423" lon="14.465733">
				<ele>371.000000</ele>
			</trkpt>
			<trkpt lat="49.827423" lon="14.465392">
				<ele>371.000000</ele>
			</trkpt>
			<trkpt lat="49.827452" lon="14.463702">
				<ele>379.000000</ele>
			</trkpt>
			<trkpt lat="49.827324" lon="14.463622">
				<ele>376.000000</ele>
			</trkpt>
			<trkpt lat="49.827232" lon="14.463549">
				<ele>375.000000</ele>
			</trkpt>
			<trkpt lat="49.827162" lon="14.463459">
				<ele>373.000000</ele>
			</trkpt>
			<trkpt lat="49.827098" lon="14.463343">
				<ele>371.000000</ele>
			</trkpt>
			<trkpt lat="49.826913" lon="14.462956">
				<ele>369.000000</ele>
			</trkpt>
			<trkpt lat="49.826844" lon="14.462832">
				<ele>369.000000</ele>
			</trkpt>
			<trkpt lat="49.826768" lon="14.462742">
				<ele>368.000000</ele>
			</trkpt>
			<trkpt lat="49.826710" lon="14.462769">
				<ele>365.000000</ele>
			</trkpt>
			<trkpt lat="49.826652" lon="14.462786">
				<ele>363.000000</ele>
			</trkpt>
			<trkpt lat="49.826600" lon="14.462769">
				<ele>361.000000</ele>
			</trkpt>
			<trkpt lat="49.826548" lon="14.462742">
				<ele>359.000000</ele>
			</trkpt>
			<trkpt lat="49.826490" lon="14.462696">
				<ele>357.000000</ele>
			</trkpt>
			<trkpt lat="49.826438" lon="14.462633">
				<ele>356.000000</ele>
			</trkpt>
			<trkpt lat="49.826229" lon="14.462373">
				<ele>352.000000</ele>
			</trkpt>
			<trkpt lat="49.825939" lon="14.462014">
				<ele>349.000000</ele>
			</trkpt>
			<trkpt lat="49.825870" lon="14.461914">
				<ele>349.000000</ele>
			</trkpt>
			<trkpt lat="49.825794" lon="14.461790">
				<ele>349.000000</ele>
			</trkpt>
			<trkpt lat="49.825743" lon="14.461681">
				<ele>349.000000</ele>
			</trkpt>
			<trkpt lat="49.825702" lon="14.461627">
				<ele>349.000000</ele>
			</trkpt>
			<trkpt lat="49.825661" lon="14.461601">
				<ele>348.000000</ele>
			</trkpt>
			<trkpt lat="49.825615" lon="14.461582">
				<ele>347.000000</ele>
			</trkpt>
			<trkpt lat="49.825563" lon="14.461574">
				<ele>346.000000</ele>
			</trkpt>
			<trkpt lat="49.825517" lon="14.461528">
				<ele>346.000000</ele>
			</trkpt>
			<trkpt lat="49.825470" lon="14.461457">
				<ele>346.000000</ele>
			</trkpt>
			<trkpt lat="49.825406" lon="14.461340">
				<ele>347.000000</ele>
			</trkpt>
			<trkpt lat="49.825331" lon="14.461196">
				<ele>347.000000</ele>
			</trkpt>
			<trkpt lat="49.825267" lon="14.461098">
				<ele>346.000000</ele>
			</trkpt>
			<trkpt lat="49.825197" lon="14.461044">
				<ele>344.000000</ele>
			</trkpt>
			<trkpt lat="49.825116" lon="14.461035">
				<ele>342.000000</ele>
			</trkpt>
			<trkpt lat="49.825081" lon="14.461016">
				<ele>340.000000</ele>
			</trkpt>
			<trkpt lat="49.825047" lon="14.460962">
				<ele>339.000000</ele>
			</trkpt>
			<trkpt lat="49.825024" lon="14.460899">
				<ele>339.000000</ele>
			</trkpt>
			<trkpt lat="49.825000" lon="14.460748">
				<ele>340.000000</ele>
			</trkpt>
			<trkpt lat="49.824971" lon="14.460603">
				<ele>341.000000</ele>
			</trkpt>
			<trkpt lat="49.824914" lon="14.460478">
				<ele>342.000000</ele>
			</trkpt>
			<trkpt lat="49.824844" lon="14.460352">
				<ele>345.000000</ele>
			</trkpt>
			<trkpt lat="49.824734" lon="14.460235">
				<ele>348.000000</ele>
			</trkpt>
			<trkpt lat="49.824670" lon="14.460190">
				<ele>348.000000</ele>
			</trkpt>
			<trkpt lat="49.824589" lon="14.460146">
				<ele>348.000000</ele>
			</trkpt>
			<trkpt lat="49.824282" lon="14.460073">
				<ele>343.000000</ele>
			</trkpt>
			<trkpt lat="49.824149" lon="14.460019">
				<ele>340.000000</ele>
			</trkpt>
			<trkpt lat="49.824079" lon="14.459974">
				<ele>340.000000</ele>
			</trkpt>
			<trkpt lat="49.824033" lon="14.459974">
				<ele>339.000000</ele>
			</trkpt>
			<trkpt lat="49.823986" lon="14.459974">
				<ele>337.000000</ele>
			</trkpt>
			<trkpt lat="49.823940" lon="14.460002">
				<ele>335.000000</ele>
			</trkpt>
			<trkpt lat="49.823899" lon="14.460029">
				<ele>334.000000</ele>
			</trkpt>
			<trkpt lat="49.823853" lon="14.460029">
				<ele>333.000000</ele>
			</trkpt>
			<trkpt lat="49.823818" lon="14.460002">
				<ele>333.000000</ele>
			</trkpt>
			<trkpt lat="49.823708" lon="14.459912">
				<ele>333.000000</ele>
			</trkpt>
			<trkpt lat="49.823616" lon="14.459867">
				<ele>332.000000</ele>
			</trkpt>
			<trkpt lat="49.823482" lon="14.459830">
				<ele>331.000000</ele>
			</trkpt>
			<trkpt lat="49.823436" lon="14.459813">
				<ele>330.000000</ele>
			</trkpt>
			<trkpt lat="49.823395" lon="14.459777">
				<ele>330.000000</ele>
			</trkpt>
			<trkpt lat="49.823268" lon="14.459624">
				<ele>331.000000</ele>
			</trkpt>
			<trkpt lat="49.823140" lon="14.459498">
				<ele>333.000000</ele>
			</trkpt>
			<trkpt lat="49.823024" lon="14.459427">
				<ele>332.000000</ele>
			</trkpt>
			<trkpt lat="49.822914" lon="14.459390">
				<ele>331.000000</ele>
			</trkpt>
			<trkpt lat="49.822607" lon="14.459327">
				<ele>322.000000</ele>
			</trkpt>
			<trkpt lat="49.822526" lon="14.459238">
				<ele>320.000000</ele>
			</trkpt>
			<trkpt lat="49.822474" lon="14.459175">
				<ele>319.000000</ele>
			</trkpt>
			<trkpt lat="49.822427" lon="14.459077">
				<ele>318.000000</ele>
			</trkpt>
			<trkpt lat="49.822393" lon="14.458968">
				<ele>317.000000</ele>
			</trkpt>
			<trkpt lat="49.822370" lon="14.458851">
				<ele>315.000000</ele>
			</trkpt>
			<trkpt lat="49.822364" lon="14.458753">
				<ele>314.000000</ele>
			</trkpt>
			<trkpt lat="49.822364" lon="14.458672">
				<ele>314.000000</ele>
			</trkpt>
			<trkpt lat="49.822381" lon="14.458564">
				<ele>314.000000</ele>
			</trkpt>
			<trkpt lat="49.822439" lon="14.458285">
				<ele>312.000000</ele>
			</trkpt>
			<trkpt lat="49.822451" lon="14.458159">
				<ele>310.000000</ele>
			</trkpt>
			<trkpt lat="49.822456" lon="14.457828">
				<ele>306.000000</ele>
			</trkpt>
			<trkpt lat="49.822468" lon="14.457683">
				<ele>304.000000</ele>
			</trkpt>
			<trkpt lat="49.822485" lon="14.457549">
				<ele>303.000000</ele>
			</trkpt>
			<trkpt lat="49.822625" lon="14.456677">
				<ele>300.000000</ele>
			</trkpt>
			<trkpt lat="49.822659" lon="14.456390">
				<ele>300.000000</ele>
			</trkpt>
			<trkpt lat="49.822659" lon="14.456291">
				<ele>300.000000</ele>
			</trkpt>
			<trkpt lat="49.822659" lon="14.456184">
				<ele>300.000000</ele>
			</trkpt>
			<trkpt lat="49.822631" lon="14.455861">
				<ele>293.000000</ele>
			</trkpt>
			<trkpt lat="49.822572" lon="14.455456">
				<ele>288.000000</ele>
			</trkpt>
			<trkpt lat="49.822480" lon="14.454836">
				<ele>279.000000</ele>
			</trkpt>
			<trkpt lat="49.822451" lon="14.454612">
				<ele>273.000000</ele>
			</trkpt>
			<trkpt lat="49.822439" lon="14.454351">
				<ele>270.000000</ele>
			</trkpt>
			<trkpt lat="49.822439" lon="14.454046">
				<ele>265.000000</ele>
			</trkpt>
			<trkpt lat="49.822445" lon="14.453777">
				<ele>257.000000</ele>
			</trkpt>
			<trkpt lat="49.822439" lon="14.453525">
				<ele>260.000000</ele>
			</trkpt>
			<trkpt lat="49.822399" lon="14.453515">
				<ele>262.000000</ele>
			</trkpt>
			<trkpt lat="49.822346" lon="14.453515">
				<ele>264.000000</ele>
			</trkpt>
			<trkpt lat="49.822149" lon="14.453542">
				<ele>267.000000</ele>
			</trkpt>
			<trkpt lat="49.821906" lon="14.453614">
				<ele>271.000000</ele>
			</trkpt>
			<trkpt lat="49.821465" lon="14.453777">
				<ele>273.000000</ele>
			</trkpt>
			<trkpt lat="49.821298" lon="14.453830">
				<ele>275.000000</ele>
			</trkpt>
			<trkpt lat="49.821182" lon="14.453866">
				<ele>277.000000</ele>
			</trkpt>
			<trkpt lat="49.821066" lon="14.453848">
				<ele>280.000000</ele>
			</trkpt>
			<trkpt lat="49.820956" lon="14.453821">
				<ele>282.000000</ele>
			</trkpt>
			<trkpt lat="49.820840" lon="14.453767">
				<ele>283.000000</ele>
			</trkpt>
			<trkpt lat="49.820828" lon="14.453758">
				<ele>283.000000</ele>
			</trkpt>
			<trkpt lat="49.820636" lon="14.453641">
				<ele>283.000000</ele>
			</trkpt>
			<trkpt lat="49.820503" lon="14.453578">
				<ele>283.000000</ele>
			</trkpt>
			<trkpt lat="49.820457" lon="14.453551">
				<ele>283.000000</ele>
			</trkpt>
			<trkpt lat="49.820393" lon="14.453551">
				<ele>282.000000</ele>
			</trkpt>
			<trkpt lat="49.820353" lon="14.453570">
				<ele>282.000000</ele>
			</trkpt>
			<trkpt lat="49.820294" lon="14.453597">
				<ele>281.000000</ele>
			</trkpt>
			<trkpt lat="49.820254" lon="14.453632">
				<ele>281.000000</ele>
			</trkpt>
			<trkpt lat="49.820196" lon="14.453704">
				<ele>282.000000</ele>
			</trkpt>
			<trkpt lat="49.820092" lon="14.453875">
				<ele>287.000000</ele>
			</trkpt>
			<trkpt lat="49.819512" lon="14.454926">
				<ele>291.000000</ele>
			</trkpt>
			<trkpt lat="49.819384" lon="14.455186">
				<ele>290.000000</ele>
			</trkpt>
			<trkpt lat="49.819252" lon="14.455483">
				<ele>290.000000</ele>
			</trkpt>
			<trkpt lat="49.819158" lon="14.455744">
				<ele>290.000000</ele>
			</trkpt>
			<trkpt lat="49.819066" lon="14.456031">
				<ele>295.000000</ele>
			</trkpt>
			<trkpt lat="49.819042" lon="14.456085">
				<ele>296.000000</ele>
			</trkpt>
			<trkpt lat="49.819014" lon="14.456138">
				<ele>297.000000</ele>
			</trkpt>
			<trkpt lat="49.818967" lon="14.456192">
				<ele>299.000000</ele>
			</trkpt>
			<trkpt lat="49.818915" lon="14.456238">
				<ele>299.000000</ele>
			</trkpt>
			<trkpt lat="49.818788" lon="14.456310">
				<ele>300.000000</ele>
			</trkpt>
			<trkpt lat="49.818649" lon="14.456364">
				<ele>300.000000</ele>
			</trkpt>
			<trkpt lat="49.818330" lon="14.456453">
				<ele>300.000000</ele>
			</trkpt>
			<trkpt lat="49.818249" lon="14.456453">
				<ele>300.000000</ele>
			</trkpt>
			<trkpt lat="49.818196" lon="14.456453">
				<ele>300.000000</ele>
			</trkpt>
			<trkpt lat="49.818110" lon="14.456444">
				<ele>300.000000</ele>
			</trkpt>
			<trkpt lat="49.818017" lon="14.456453">
				<ele>300.000000</ele>
			</trkpt>
			<trkpt lat="49.817692" lon="14.456525">
				<ele>300.000000</ele>
			</trkpt>
			<trkpt lat="49.817605" lon="14.456534">
				<ele>301.000000</ele>
			</trkpt>
			<trkpt lat="49.816858" lon="14.456570">
				<ele>300.000000</ele>
			</trkpt>
			<trkpt lat="49.816405" lon="14.456614">
				<ele>302.000000</ele>
			</trkpt>
			<trkpt lat="49.816255" lon="14.456614">
				<ele>303.000000</ele>
			</trkpt>
			<trkpt lat="49.815867" lon="14.456588">
				<ele>304.000000</ele>
			</trkpt>
			<trkpt lat="49.815762" lon="14.456606">
				<ele>304.000000</ele>
			</trkpt>
			<trkpt lat="49.815664" lon="14.456633">
				<ele>304.000000</ele>
			</trkpt>
			<trkpt lat="49.815542" lon="14.456704">
				<ele>304.000000</ele>
			</trkpt>
			<trkpt lat="49.815426" lon="14.456794">
				<ele>306.000000</ele>
			</trkpt>
			<trkpt lat="49.815293" lon="14.456903">
				<ele>306.000000</ele>
			</trkpt>
			<trkpt lat="49.815159" lon="14.457056">
				<ele>308.000000</ele>
			</trkpt>
			<trkpt lat="49.815055" lon="14.457172">
				<ele>308.000000</ele>
			</trkpt>
			<trkpt lat="49.814759" lon="14.457442">
				<ele>311.000000</ele>
			</trkpt>
			<trkpt lat="49.814632" lon="14.457567">
				<ele>314.000000</ele>
			</trkpt>
			<trkpt lat="49.814516" lon="14.457693">
				<ele>315.000000</ele>
			</trkpt>
			<trkpt lat="49.814400" lon="14.457855">
				<ele>315.000000</ele>
			</trkpt>
			<trkpt lat="49.814255" lon="14.458079">
				<ele>316.000000</ele>
			</trkpt>
			<trkpt lat="49.814087" lon="14.458295">
				<ele>315.000000</ele>
			</trkpt>
			<trkpt lat="49.813925" lon="14.458448">
				<ele>314.000000</ele>
			</trkpt>
			<trkpt lat="49.813797" lon="14.458546">
				<ele>313.000000</ele>
			</trkpt>
			<trkpt lat="49.813675" lon="14.458618">
				<ele>313.000000</ele>
			</trkpt>
			<trkpt lat="49.813519" lon="14.458664">
				<ele>313.000000</ele>
			</trkpt>
			<trkpt lat="49.813258" lon="14.458708">
				<ele>313.000000</ele>
			</trkpt>
			<trkpt lat="49.812829" lon="14.458788">
				<ele>313.000000</ele>
			</trkpt>
			<trkpt lat="49.812667" lon="14.458825">
				<ele>312.000000</ele>
			</trkpt>
			<trkpt lat="49.812499" lon="14.458924">
				<ele>313.000000</ele>
			</trkpt>
			<trkpt lat="49.812487" lon="14.458825">
				<ele>312.000000</ele>
			</trkpt>
			<trkpt lat="49.812499" lon="14.458798">
				<ele>312.000000</ele>
			</trkpt>
			<trkpt lat="49.812516" lon="14.458780">
				<ele>312.000000</ele>
			</trkpt>
			<trkpt lat="49.812713" lon="14.458555">
				<ele>311.000000</ele>
			</trkpt>
			<trkpt lat="49.812737" lon="14.458519">
				<ele>311.000000</ele>
			</trkpt>
			<trkpt lat="49.812800" lon="14.458394">
				<ele>312.000000</ele>
			</trkpt>
			<trkpt lat="49.812968" lon="14.458169">
				<ele>314.000000</ele>
			</trkpt>
			<trkpt lat="49.813061" lon="14.458016">
				<ele>314.000000</ele>
			</trkpt>
			<trkpt lat="49.813119" lon="14.457918">
				<ele>314.000000</ele>
			</trkpt>
			<trkpt lat="49.813177" lon="14.457846">
				<ele>314.000000</ele>
			</trkpt>
			<trkpt lat="49.813246" lon="14.457800">
				<ele>314.000000</ele>
			</trkpt>
			<trkpt lat="49.813345" lon="14.457756">
				<ele>314.000000</ele>
			</trkpt>
			<trkpt lat="49.813443" lon="14.457729">
				<ele>314.000000</ele>
			</trkpt>
			<trkpt lat="49.813571" lon="14.457711">
				<ele>317.000000</ele>
			</trkpt>
			<trkpt lat="49.813739" lon="14.457729">
				<ele>318.000000</ele>
			</trkpt>
			<trkpt lat="49.813849" lon="14.457603">
				<ele>318.000000</ele>
			</trkpt>
			<trkpt lat="49.813930" lon="14.457459">
				<ele>318.000000</ele>
			</trkpt>
			<trkpt lat="49.814168" lon="14.456974">
				<ele>320.000000</ele>
			</trkpt>
			<trkpt lat="49.814330" lon="14.456624">
				<ele>322.000000</ele>
			</trkpt>
			<trkpt lat="49.814475" lon="14.456345">
				<ele>324.000000</ele>
			</trkpt>
			<trkpt lat="49.814550" lon="14.456192">
				<ele>326.000000</ele>
			</trkpt>
			<trkpt lat="49.814661" lon="14.456075">
				<ele>327.000000</ele>
			</trkpt>
			<trkpt lat="49.815420" lon="14.455348">
				<ele>331.000000</ele>
			</trkpt>
			<trkpt lat="49.815495" lon="14.455249">
				<ele>331.000000</ele>
			</trkpt>
			<trkpt lat="49.815519" lon="14.455186">
				<ele>332.000000</ele>
			</trkpt>
			<trkpt lat="49.815536" lon="14.455123">
				<ele>332.000000</ele>
			</trkpt>
			<trkpt lat="49.815617" lon="14.454773">
				<ele>338.000000</ele>
			</trkpt>
			<trkpt lat="49.815635" lon="14.454674">
				<ele>340.000000</ele>
			</trkpt>
			<trkpt lat="49.815635" lon="14.454576">
				<ele>341.000000</ele>
			</trkpt>
			<trkpt lat="49.815617" lon="14.454477">
				<ele>344.000000</ele>
			</trkpt>
			<trkpt lat="49.815571" lon="14.454324">
				<ele>349.000000</ele>
			</trkpt>
			<trkpt lat="49.815542" lon="14.454234">
				<ele>352.000000</ele>
			</trkpt>
			<trkpt lat="49.815524" lon="14.454171">
				<ele>354.000000</ele>
			</trkpt>
			<trkpt lat="49.815490" lon="14.454136">
				<ele>356.000000</ele>
			</trkpt>
			<trkpt lat="49.815460" lon="14.454108">
				<ele>357.000000</ele>
			</trkpt>
			<trkpt lat="49.815328" lon="14.454054">
				<ele>360.000000</ele>
			</trkpt>
			<trkpt lat="49.815182" lon="14.454027">
				<ele>363.000000</ele>
			</trkpt>
			<trkpt lat="49.815055" lon="14.454018">
				<ele>365.000000</ele>
			</trkpt>
			<trkpt lat="49.815020" lon="14.454001">
				<ele>366.000000</ele>
			</trkpt>
			<trkpt lat="49.814974" lon="14.453974">
				<ele>366.000000</ele>
			</trkpt>
			<trkpt lat="49.814701" lon="14.453687">
				<ele>372.000000</ele>
			</trkpt>
			<trkpt lat="49.814556" lon="14.453515">
				<ele>374.000000</ele>
			</trkpt>
			<trkpt lat="49.814469" lon="14.453398">
				<ele>374.000000</ele>
			</trkpt>
			<trkpt lat="49.814348" lon="14.453228">
				<ele>375.000000</ele>
			</trkpt>
			<trkpt lat="49.814278" lon="14.453094">
				<ele>375.000000</ele>
			</trkpt>
			<trkpt lat="49.814197" lon="14.452859">
				<ele>376.000000</ele>
			</trkpt>
			<trkpt lat="49.814139" lon="14.452662">
				<ele>377.000000</ele>
			</trkpt>
			<trkpt lat="49.814075" lon="14.452375">
				<ele>377.000000</ele>
			</trkpt>
			<trkpt lat="49.814058" lon="14.452276">
				<ele>377.000000</ele>
			</trkpt>
			<trkpt lat="49.814058" lon="14.452159">
				<ele>377.000000</ele>
			</trkpt>
			<trkpt lat="49.814046" lon="14.451853">
				<ele>379.000000</ele>
			</trkpt>
			<trkpt lat="49.814017" lon="14.451540">
				<ele>380.000000</ele>
			</trkpt>
			<trkpt lat="49.813971" lon="14.451135">
				<ele>381.000000</ele>
			</trkpt>
			<trkpt lat="49.813954" lon="14.450911">
				<ele>382.000000</ele>
			</trkpt>
			<trkpt lat="49.813960" lon="14.450722">
				<ele>383.000000</ele>
			</trkpt>
			<trkpt lat="49.814023" lon="14.450102">
				<ele>384.000000</ele>
			</trkpt>
			<trkpt lat="49.814064" lon="14.449760">
				<ele>384.000000</ele>
			</trkpt>
			<trkpt lat="49.814064" lon="14.449672">
				<ele>384.000000</ele>
			</trkpt>
			<trkpt lat="49.814046" lon="14.449582">
				<ele>384.000000</ele>
			</trkpt>
			<trkpt lat="49.813901" lon="14.449553">
				<ele>385.000000</ele>
			</trkpt>
			<trkpt lat="49.813669" lon="14.449572">
				<ele>386.000000</ele>
			</trkpt>
			<trkpt lat="49.813716" lon="14.449096">
				<ele>386.000000</ele>
			</trkpt>
			<trkpt lat="49.813733" lon="14.448800">
				<ele>386.000000</ele>
			</trkpt>
			<trkpt lat="49.813728" lon="14.448521">
				<ele>386.000000</ele>
			</trkpt>
			<trkpt lat="49.813687" lon="14.448215">
				<ele>387.000000</ele>
			</trkpt>
			<trkpt lat="49.813652" lon="14.447928">
				<ele>387.000000</ele>
			</trkpt>
			<trkpt lat="49.813629" lon="14.447641">
				<ele>387.000000</ele>
			</trkpt>
			<trkpt lat="49.813629" lon="14.447389">
				<ele>387.000000</ele>
			</trkpt>
			<trkpt lat="49.813652" lon="14.446680">
				<ele>384.000000</ele>
			</trkpt>
			<trkpt lat="49.813640" lon="14.446383">
				<ele>383.000000</ele>
			</trkpt>
			<trkpt lat="49.813634" lon="14.446123">
				<ele>383.000000</ele>
			</trkpt>
			<trkpt lat="49.813606" lon="14.445871">
				<ele>382.000000</ele>
			</trkpt>
			<trkpt lat="49.813559" lon="14.445592">
				<ele>381.000000</ele>
			</trkpt>
			<trkpt lat="49.813502" lon="14.445368">
				<ele>381.000000</ele>
			</trkpt>
			<trkpt lat="49.813438" lon="14.445108">
				<ele>380.000000</ele>
			</trkpt>
			<trkpt lat="49.813171" lon="14.444164">
				<ele>381.000000</ele>
			</trkpt>
			<trkpt lat="49.813055" lon="14.443796">
				<ele>381.000000</ele>
			</trkpt>
			<trkpt lat="49.812945" lon="14.443473">
				<ele>382.000000</ele>
			</trkpt>
			<trkpt lat="49.812829" lon="14.443194">
				<ele>383.000000</ele>
			</trkpt>
			<trkpt lat="49.812545" lon="14.442521">
				<ele>386.000000</ele>
			</trkpt>
			<trkpt lat="49.812481" lon="14.442349">
				<ele>387.000000</ele>
			</trkpt>
			<trkpt lat="49.812435" lon="14.442188">
				<ele>388.000000</ele>
			</trkpt>
			<trkpt lat="49.812423" lon="14.442035">
				<ele>389.000000</ele>
			</trkpt>
			<trkpt lat="49.812423" lon="14.441838">
				<ele>390.000000</ele>
			</trkpt>
			<trkpt lat="49.812441" lon="14.441603">
				<ele>391.000000</ele>
			</trkpt>
			<trkpt lat="49.812476" lon="14.441397">
				<ele>391.000000</ele>
			</trkpt>
			<trkpt lat="49.812527" lon="14.441200">
				<ele>391.000000</ele>
			</trkpt>
			<trkpt lat="49.812638" lon="14.440823">
				<ele>390.000000</ele>
			</trkpt>
			<trkpt lat="49.812661" lon="14.440714">
				<ele>389.000000</ele>
			</trkpt>
			<trkpt lat="49.812678" lon="14.440616">
				<ele>388.000000</ele>
			</trkpt>
			<trkpt lat="49.812690" lon="14.440535">
				<ele>388.000000</ele>
			</trkpt>
			<trkpt lat="49.812678" lon="14.440437">
				<ele>387.000000</ele>
			</trkpt>
			<trkpt lat="49.812667" lon="14.440364">
				<ele>387.000000</ele>
			</trkpt>
			<trkpt lat="49.812649" lon="14.440265">
				<ele>387.000000</ele>
			</trkpt>
			<trkpt lat="49.812626" lon="14.440202">
				<ele>387.000000</ele>
			</trkpt>
			<trkpt lat="49.812626" lon="14.440202">
				<ele>387.000000</ele>
			</trkpt>
			<trkpt lat="49.812580" lon="14.440085">
				<ele>386.000000</ele>
			</trkpt>
			<trkpt lat="49.812545" lon="14.440167">
				<ele>387.000000</ele>
			</trkpt>
			<trkpt lat="49.812499" lon="14.440257">
				<ele>388.000000</ele>
			</trkpt>
			<trkpt lat="49.812446" lon="14.440337">
				<ele>389.000000</ele>
			</trkpt>
			<trkpt lat="49.812383" lon="14.440391">
				<ele>390.000000</ele>
			</trkpt>
			<trkpt lat="49.812087" lon="14.440588">
				<ele>394.000000</ele>
			</trkpt>
			<trkpt lat="49.811878" lon="14.440733">
				<ele>397.000000</ele>
			</trkpt>
			<trkpt lat="49.811635" lon="14.440858">
				<ele>400.000000</ele>
			</trkpt>
			<trkpt lat="49.811449" lon="14.440948">
				<ele>401.000000</ele>
			</trkpt>
			<trkpt lat="49.811269" lon="14.441003">
				<ele>402.000000</ele>
			</trkpt>
			<trkpt lat="49.811026" lon="14.441047">
				<ele>403.000000</ele>
			</trkpt>
			<trkpt lat="49.810122" lon="14.441200">
				<ele>400.000000</ele>
			</trkpt>
			<trkpt lat="49.809553" lon="14.441316">
				<ele>404.000000</ele>
			</trkpt>
			<trkpt lat="49.809455" lon="14.441343">
				<ele>405.000000</ele>
			</trkpt>
			<trkpt lat="49.809362" lon="14.441389">
				<ele>405.000000</ele>
			</trkpt>
			<trkpt lat="49.809281" lon="14.441460">
				<ele>406.000000</ele>
			</trkpt>
			<trkpt lat="49.809206" lon="14.441559">
				<ele>408.000000</ele>
			</trkpt>
			<trkpt lat="49.809130" lon="14.441658">
				<ele>409.000000</ele>
			</trkpt>
			<trkpt lat="49.809049" lon="14.441810">
				<ele>411.000000</ele>
			</trkpt>
			<trkpt lat="49.808980" lon="14.441963">
				<ele>412.000000</ele>
			</trkpt>
			<trkpt lat="49.808910" lon="14.442143">
				<ele>412.000000</ele>
			</trkpt>
			<trkpt lat="49.808766" lon="14.442601">
				<ele>416.000000</ele>
			</trkpt>
			<trkpt lat="49.808725" lon="14.442754">
				<ele>417.000000</ele>
			</trkpt>
			<trkpt lat="49.808690" lon="14.442942">
				<ele>418.000000</ele>
			</trkpt>
			<trkpt lat="49.808116" lon="14.443320">
				<ele>424.000000</ele>
			</trkpt>
			<trkpt lat="49.807774" lon="14.443563">
				<ele>424.000000</ele>
			</trkpt>
			<trkpt lat="49.807530" lon="14.443733">
				<ele>423.000000</ele>
			</trkpt>
			<trkpt lat="49.807397" lon="14.443840">
				<ele>422.000000</ele>
			</trkpt>
			<trkpt lat="49.807270" lon="14.443966">
				<ele>422.000000</ele>
			</trkpt>
			<trkpt lat="49.807154" lon="14.444137">
				<ele>422.000000</ele>
			</trkpt>
			<trkpt lat="49.807020" lon="14.444290">
				<ele>423.000000</ele>
			</trkpt>
			<trkpt lat="49.806858" lon="14.444433">
				<ele>424.000000</ele>
			</trkpt>
			<trkpt lat="49.806638" lon="14.444613">
				<ele>423.000000</ele>
			</trkpt>
			<trkpt lat="49.806493" lon="14.444730">
				<ele>420.000000</ele>
			</trkpt>
			<trkpt lat="49.806406" lon="14.444785">
				<ele>418.000000</ele>
			</trkpt>
			<trkpt lat="49.806313" lon="14.444785">
				<ele>418.000000</ele>
			</trkpt>
			<trkpt lat="49.806232" lon="14.444758">
				<ele>417.000000</ele>
			</trkpt>
			<trkpt lat="49.806000" lon="14.444586">
				<ele>415.000000</ele>
			</trkpt>
			<trkpt lat="49.805872" lon="14.444532">
				<ele>414.000000</ele>
			</trkpt>
			<trkpt lat="49.805808" lon="14.444506">
				<ele>414.000000</ele>
			</trkpt>
			<trkpt lat="49.805745" lon="14.444506">
				<ele>413.000000</ele>
			</trkpt>
			<trkpt lat="49.805611" lon="14.444515">
				<ele>413.000000</ele>
			</trkpt>
			<trkpt lat="49.805449" lon="14.444578">
				<ele>412.000000</ele>
			</trkpt>
			<trkpt lat="49.805322" lon="14.444649">
				<ele>412.000000</ele>
			</trkpt>
			<trkpt lat="49.805200" lon="14.444775">
				<ele>411.000000</ele>
			</trkpt>
			<trkpt lat="49.805072" lon="14.444928">
				<ele>410.000000</ele>
			</trkpt>
			<trkpt lat="49.804695" lon="14.445448">
				<ele>409.000000</ele>
			</trkpt>
			<trkpt lat="49.804528" lon="14.445655">
				<ele>408.000000</ele>
			</trkpt>
			<trkpt lat="49.804441" lon="14.445737">
				<ele>409.000000</ele>
			</trkpt>
			<trkpt lat="49.804331" lon="14.445827">
				<ele>409.000000</ele>
			</trkpt>
			<trkpt lat="49.804226" lon="14.445898">
				<ele>409.000000</ele>
			</trkpt>
			<trkpt lat="49.804099" lon="14.445951">
				<ele>409.000000</ele>
			</trkpt>
			<trkpt lat="49.803983" lon="14.446024">
				<ele>409.000000</ele>
			</trkpt>
			<trkpt lat="49.803884" lon="14.446096">
				<ele>409.000000</ele>
			</trkpt>
			<trkpt lat="49.803774" lon="14.446177">
				<ele>409.000000</ele>
			</trkpt>
			<trkpt lat="49.803623" lon="14.446347">
				<ele>408.000000</ele>
			</trkpt>
			<trkpt lat="49.803490" lon="14.446473">
				<ele>408.000000</ele>
			</trkpt>
			<trkpt lat="49.803362" lon="14.446553">
				<ele>407.000000</ele>
			</trkpt>
			<trkpt lat="49.803240" lon="14.446626">
				<ele>407.000000</ele>
			</trkpt>
			<trkpt lat="49.803136" lon="14.446662">
				<ele>405.000000</ele>
			</trkpt>
			<trkpt lat="49.803037" lon="14.446662">
				<ele>405.000000</ele>
			</trkpt>
			<trkpt lat="49.802939" lon="14.446616">
				<ele>405.000000</ele>
			</trkpt>
			<trkpt lat="49.802852" lon="14.446553">
				<ele>405.000000</ele>
			</trkpt>
			<trkpt lat="49.802776" lon="14.446456">
				<ele>406.000000</ele>
			</trkpt>
			<trkpt lat="49.802585" lon="14.446123">
				<ele>406.000000</ele>
			</trkpt>
			<trkpt lat="49.802440" lon="14.445861">
				<ele>405.000000</ele>
			</trkpt>
			<trkpt lat="49.802307" lon="14.445565">
				<ele>404.000000</ele>
			</trkpt>
			<trkpt lat="49.802133" lon="14.445198">
				<ele>402.000000</ele>
			</trkpt>
			<trkpt lat="49.802040" lon="14.444972">
				<ele>400.000000</ele>
			</trkpt>
			<trkpt lat="49.801971" lon="14.444758">
				<ele>399.000000</ele>
			</trkpt>
			<trkpt lat="49.801779" lon="14.444029">
				<ele>397.000000</ele>
			</trkpt>
			<trkpt lat="49.801675" lon="14.443716">
				<ele>398.000000</ele>
			</trkpt>
			<trkpt lat="49.801547" lon="14.443364">
				<ele>397.000000</ele>
			</trkpt>
			<trkpt lat="49.801501" lon="14.443257">
				<ele>398.000000</ele>
			</trkpt>
			<trkpt lat="49.801461" lon="14.443177">
				<ele>398.000000</ele>
			</trkpt>
			<trkpt lat="49.801402" lon="14.443104">
				<ele>398.000000</ele>
			</trkpt>
			<trkpt lat="49.801350" lon="14.443068">
				<ele>397.000000</ele>
			</trkpt>
			<trkpt lat="49.801286" lon="14.443041">
				<ele>397.000000</ele>
			</trkpt>
			<trkpt lat="49.801216" lon="14.443041">
				<ele>397.000000</ele>
			</trkpt>
			<trkpt lat="49.800834" lon="14.443060">
				<ele>401.000000</ele>
			</trkpt>
			<trkpt lat="49.800736" lon="14.443041">
				<ele>402.000000</ele>
			</trkpt>
			<trkpt lat="49.800666" lon="14.443032">
				<ele>402.000000</ele>
			</trkpt>
			<trkpt lat="49.800585" lon="14.443005">
				<ele>402.000000</ele>
			</trkpt>
			<trkpt lat="49.800504" lon="14.442951">
				<ele>401.000000</ele>
			</trkpt>
			<trkpt lat="49.800434" lon="14.442880">
				<ele>401.000000</ele>
			</trkpt>
			<trkpt lat="49.800359" lon="14.442781">
				<ele>401.000000</ele>
			</trkpt>
			<trkpt lat="49.800069" lon="14.442412">
				<ele>401.000000</ele>
			</trkpt>
			<trkpt lat="49.799970" lon="14.442278">
				<ele>399.000000</ele>
			</trkpt>
			<trkpt lat="49.799889" lon="14.442108">
				<ele>400.000000</ele>
			</trkpt>
			<trkpt lat="49.799825" lon="14.441928">
				<ele>399.000000</ele>
			</trkpt>
			<trkpt lat="49.799785" lon="14.441766">
				<ele>399.000000</ele>
			</trkpt>
			<trkpt lat="49.799761" lon="14.441613">
				<ele>399.000000</ele>
			</trkpt>
			<trkpt lat="49.799750" lon="14.441487">
				<ele>398.000000</ele>
			</trkpt>
			<trkpt lat="49.799750" lon="14.441334">
				<ele>398.000000</ele>
			</trkpt>
			<trkpt lat="49.799750" lon="14.441182">
				<ele>398.000000</ele>
			</trkpt>
			<trkpt lat="49.799709" lon="14.441003">
				<ele>396.000000</ele>
			</trkpt>
			<trkpt lat="49.799651" lon="14.441290">
				<ele>396.000000</ele>
			</trkpt>
			<trkpt lat="49.799617" lon="14.441613">
				<ele>396.000000</ele>
			</trkpt>
			<trkpt lat="49.799605" lon="14.441775">
				<ele>395.000000</ele>
			</trkpt>
			<trkpt lat="49.799617" lon="14.441928">
				<ele>394.000000</ele>
			</trkpt>
			<trkpt lat="49.799617" lon="14.442071">
				<ele>393.000000</ele>
			</trkpt>
			<trkpt lat="49.799634" lon="14.442206">
				<ele>393.000000</ele>
			</trkpt>
			<trkpt lat="49.799321" lon="14.442341">
				<ele>391.000000</ele>
			</trkpt>
			<trkpt lat="49.799135" lon="14.442412">
				<ele>390.000000</ele>
			</trkpt>
			<trkpt lat="49.799019" lon="14.442466">
				<ele>390.000000</ele>
			</trkpt>
			<trkpt lat="49.798921" lon="14.442521">
				<ele>390.000000</ele>
			</trkpt>
			<trkpt lat="49.798811" lon="14.442637">
				<ele>390.000000</ele>
			</trkpt>
			<trkpt lat="49.798585" lon="14.442861">
				<ele>389.000000</ele>
			</trkpt>
			<trkpt lat="49.798410" lon="14.443060">
				<ele>388.000000</ele>
			</trkpt>
			<trkpt lat="49.798347" lon="14.443158">
				<ele>387.000000</ele>
			</trkpt>
			<trkpt lat="49.798300" lon="14.443240">
				<ele>385.000000</ele>
			</trkpt>
			<trkpt lat="49.798277" lon="14.443347">
				<ele>384.000000</ele>
			</trkpt>
			<trkpt lat="49.798259" lon="14.443490">
				<ele>382.000000</ele>
			</trkpt>
			<trkpt lat="49.798283" lon="14.443616">
				<ele>381.000000</ele>
			</trkpt>
			<trkpt lat="49.798375" lon="14.443850">
				<ele>379.000000</ele>
			</trkpt>
			<trkpt lat="49.798503" lon="14.444227">
				<ele>376.000000</ele>
			</trkpt>
			<trkpt lat="49.798538" lon="14.444343">
				<ele>375.000000</ele>
			</trkpt>
			<trkpt lat="49.798550" lon="14.444433">
				<ele>375.000000</ele>
			</trkpt>
			<trkpt lat="49.798561" lon="14.444559">
				<ele>374.000000</ele>
			</trkpt>
			<trkpt lat="49.798544" lon="14.444658">
				<ele>372.000000</ele>
			</trkpt>
			<trkpt lat="49.798515" lon="14.444766">
				<ele>371.000000</ele>
			</trkpt>
			<trkpt lat="49.798469" lon="14.444874">
				<ele>370.000000</ele>
			</trkpt>
			<trkpt lat="49.798428" lon="14.444972">
				<ele>369.000000</ele>
			</trkpt>
			<trkpt lat="49.798399" lon="14.445098">
				<ele>367.000000</ele>
			</trkpt>
			<trkpt lat="49.798445" lon="14.445502">
				<ele>363.000000</ele>
			</trkpt>
			<trkpt lat="49.798469" lon="14.445853">
				<ele>362.000000</ele>
			</trkpt>
			<trkpt lat="49.798503" lon="14.447308">
				<ele>350.000000</ele>
			</trkpt>
			<trkpt lat="49.798573" lon="14.447488">
				<ele>349.000000</ele>
			</trkpt>
			<trkpt lat="49.798648" lon="14.447649">
				<ele>348.000000</ele>
			</trkpt>
			<trkpt lat="49.798695" lon="14.447821">
				<ele>346.000000</ele>
			</trkpt>
			<trkpt lat="49.798735" lon="14.447982">
				<ele>343.000000</ele>
			</trkpt>
			<trkpt lat="49.798828" lon="14.448557">
				<ele>335.000000</ele>
			</trkpt>
			<trkpt lat="49.798874" lon="14.448746">
				<ele>332.000000</ele>
			</trkpt>
			<trkpt lat="49.798915" lon="14.448871">
				<ele>332.000000</ele>
			</trkpt>
			<trkpt lat="49.798933" lon="14.448988">
				<ele>332.000000</ele>
			</trkpt>
			<trkpt lat="49.798938" lon="14.449077">
				<ele>332.000000</ele>
			</trkpt>
			<trkpt lat="49.798944" lon="14.449194">
				<ele>332.000000</ele>
			</trkpt>
			<trkpt lat="49.798933" lon="14.449293">
				<ele>331.000000</ele>
			</trkpt>
			<trkpt lat="49.798915" lon="14.449393">
				<ele>330.000000</ele>
			</trkpt>
			<trkpt lat="49.798828" lon="14.449706">
				<ele>330.000000</ele>
			</trkpt>
			<trkpt lat="49.798718" lon="14.449293">
				<ele>328.000000</ele>
			</trkpt>
			<trkpt lat="49.798596" lon="14.448934">
				<ele>327.000000</ele>
			</trkpt>
			<trkpt lat="49.798555" lon="14.448808">
				<ele>327.000000</ele>
			</trkpt>
			<trkpt lat="49.798491" lon="14.448727">
				<ele>327.000000</ele>
			</trkpt>
			<trkpt lat="49.798219" lon="14.448467">
				<ele>326.000000</ele>
			</trkpt>
			<trkpt lat="49.798045" lon="14.448287">
				<ele>325.000000</ele>
			</trkpt>
			<trkpt lat="49.797947" lon="14.448152">
				<ele>324.000000</ele>
			</trkpt>
			<trkpt lat="49.797848" lon="14.448000">
				<ele>323.000000</ele>
			</trkpt>
			<trkpt lat="49.797750" lon="14.447829">
				<ele>322.000000</ele>
			</trkpt>
			<trkpt lat="49.797384" lon="14.447138">
				<ele>320.000000</ele>
			</trkpt>
			<trkpt lat="49.797222" lon="14.446877">
				<ele>319.000000</ele>
			</trkpt>
			<trkpt lat="49.797048" lon="14.446599">
				<ele>317.000000</ele>
			</trkpt>
			<trkpt lat="49.796938" lon="14.446456">
				<ele>314.000000</ele>
			</trkpt>
			<trkpt lat="49.796822" lon="14.446338">
				<ele>314.000000</ele>
			</trkpt>
			<trkpt lat="49.796723" lon="14.446257">
				<ele>312.000000</ele>
			</trkpt>
			<trkpt lat="49.796369" lon="14.446014">
				<ele>308.000000</ele>
			</trkpt>
			<trkpt lat="49.796184" lon="14.445861">
				<ele>306.000000</ele>
			</trkpt>
			<trkpt lat="49.796027" lon="14.445700">
				<ele>307.000000</ele>
			</trkpt>
			<trkpt lat="49.795569" lon="14.445135">
				<ele>306.000000</ele>
			</trkpt>
			<trkpt lat="49.795494" lon="14.445045">
				<ele>307.000000</ele>
			</trkpt>
			<trkpt lat="49.795494" lon="14.445045">
				<ele>307.000000</ele>
			</trkpt>
			<trkpt lat="49.795267" lon="14.444758">
				<ele>309.000000</ele>
			</trkpt>
			<trkpt lat="49.794978" lon="14.444362">
				<ele>306.000000</ele>
			</trkpt>
			<trkpt lat="49.794809" lon="14.444129">
				<ele>298.000000</ele>
			</trkpt>
			<trkpt lat="49.794746" lon="14.444029">
				<ele>294.000000</ele>
			</trkpt>
			<trkpt lat="49.794671" lon="14.443894">
				<ele>289.000000</ele>
			</trkpt>
			<trkpt lat="49.794606" lon="14.443697">
				<ele>286.000000</ele>
			</trkpt>
			<trkpt lat="49.794467" lon="14.443284">
				<ele>283.000000</ele>
			</trkpt>
			<trkpt lat="49.794415" lon="14.443131">
				<ele>284.000000</ele>
			</trkpt>
			<trkpt lat="49.794363" lon="14.443005">
				<ele>286.000000</ele>
			</trkpt>
			<trkpt lat="49.794305" lon="14.442907">
				<ele>288.000000</ele>
			</trkpt>
			<trkpt lat="49.794224" lon="14.442790">
				<ele>292.000000</ele>
			</trkpt>
			<trkpt lat="49.794160" lon="14.442691">
				<ele>295.000000</ele>
			</trkpt>
			<trkpt lat="49.794113" lon="14.442574">
				<ele>297.000000</ele>
			</trkpt>
			<trkpt lat="49.794096" lon="14.442439">
				<ele>299.000000</ele>
			</trkpt>
			<trkpt lat="49.794096" lon="14.442286">
				<ele>299.000000</ele>
			</trkpt>
			<trkpt lat="49.794085" lon="14.442116">
				<ele>299.000000</ele>
			</trkpt>
			<trkpt lat="49.794062" lon="14.441999">
				<ele>299.000000</ele>
			</trkpt>
			<trkpt lat="49.794003" lon="14.441856">
				<ele>300.000000</ele>
			</trkpt>
			<trkpt lat="49.793905" lon="14.441666">
				<ele>302.000000</ele>
			</trkpt>
			<trkpt lat="49.793806" lon="14.441514">
				<ele>304.000000</ele>
			</trkpt>
			<trkpt lat="49.793696" lon="14.441406">
				<ele>307.000000</ele>
			</trkpt>
			<trkpt lat="49.793615" lon="14.441334">
				<ele>309.000000</ele>
			</trkpt>
			<trkpt lat="49.793504" lon="14.441253">
				<ele>311.000000</ele>
			</trkpt>
			<trkpt lat="49.793464" lon="14.441182">
				<ele>311.000000</ele>
			</trkpt>
			<trkpt lat="49.793360" lon="14.441029">
				<ele>311.000000</ele>
			</trkpt>
			<trkpt lat="49.793174" lon="14.440823">
				<ele>313.000000</ele>
			</trkpt>
			<trkpt lat="49.793064" lon="14.440687">
				<ele>314.000000</ele>
			</trkpt>
			<trkpt lat="49.792983" lon="14.440535">
				<ele>315.000000</ele>
			</trkpt>
			<trkpt lat="49.792902" lon="14.440374">
				<ele>317.000000</ele>
			</trkpt>
			<trkpt lat="49.792797" lon="14.440131">
				<ele>321.000000</ele>
			</trkpt>
			<trkpt lat="49.792664" lon="14.439718">
				<ele>325.000000</ele>
			</trkpt>
			<trkpt lat="49.792617" lon="14.439619">
				<ele>326.000000</ele>
			</trkpt>
			<trkpt lat="49.792554" lon="14.439529">
				<ele>326.000000</ele>
			</trkpt>
			<trkpt lat="49.792258" lon="14.439125">
				<ele>331.000000</ele>
			</trkpt>
			<trkpt lat="49.792165" lon="14.439016">
				<ele>332.000000</ele>
			</trkpt>
			<trkpt lat="49.791974" lon="14.438855">
				<ele>336.000000</ele>
			</trkpt>
			<trkpt lat="49.791892" lon="14.438756">
				<ele>338.000000</ele>
			</trkpt>
			<trkpt lat="49.791829" lon="14.438630">
				<ele>340.000000</ele>
			</trkpt>
			<trkpt lat="49.791765" lon="14.438469">
				<ele>341.000000</ele>
			</trkpt>
			<trkpt lat="49.791695" lon="14.438227">
				<ele>343.000000</ele>
			</trkpt>
			<trkpt lat="49.791649" lon="14.438146">
				<ele>344.000000</ele>
			</trkpt>
			<trkpt lat="49.791603" lon="14.438083">
				<ele>345.000000</ele>
			</trkpt>
			<trkpt lat="49.791550" lon="14.438020">
				<ele>346.000000</ele>
			</trkpt>
			<trkpt lat="49.791492" lon="14.437984">
				<ele>348.000000</ele>
			</trkpt>
			<trkpt lat="49.791428" lon="14.437957">
				<ele>349.000000</ele>
			</trkpt>
			<trkpt lat="49.791347" lon="14.437930">
				<ele>351.000000</ele>
			</trkpt>
			<trkpt lat="49.791243" lon="14.437930">
				<ele>352.000000</ele>
			</trkpt>
			<trkpt lat="49.791150" lon="14.437885">
				<ele>354.000000</ele>
			</trkpt>
			<trkpt lat="49.791063" lon="14.437831">
				<ele>355.000000</ele>
			</trkpt>
			<trkpt lat="49.790889" lon="14.437714">
				<ele>357.000000</ele>
			</trkpt>
			<trkpt lat="49.790704" lon="14.437607">
				<ele>359.000000</ele>
			</trkpt>
			<trkpt lat="49.790704" lon="14.437607">
				<ele>359.000000</ele>
			</trkpt>
			<trkpt lat="49.790681" lon="14.437588">
				<ele>359.000000</ele>
			</trkpt>
			<trkpt lat="49.790350" lon="14.437454">
				<ele>361.000000</ele>
			</trkpt>
			<trkpt lat="49.790205" lon="14.437382">
				<ele>361.000000</ele>
			</trkpt>
			<trkpt lat="49.789892" lon="14.437194">
				<ele>360.000000</ele>
			</trkpt>
			<trkpt lat="49.789346" lon="14.436816">
				<ele>358.000000</ele>
			</trkpt>
			<trkpt lat="49.789138" lon="14.436672">
				<ele>358.000000</ele>
			</trkpt>
			<trkpt lat="49.788888" lon="14.436556">
				<ele>358.000000</ele>
			</trkpt>
			<trkpt lat="49.788599" lon="14.436429">
				<ele>359.000000</ele>
			</trkpt>
			<trkpt lat="49.788558" lon="14.436636">
				<ele>360.000000</ele>
			</trkpt>
			<trkpt lat="49.788494" lon="14.436852">
				<ele>360.000000</ele>
			</trkpt>
			<trkpt lat="49.788407" lon="14.437049">
				<ele>361.000000</ele>
			</trkpt>
			<trkpt lat="49.788291" lon="14.437238">
				<ele>362.000000</ele>
			</trkpt>
			<trkpt lat="49.787978" lon="14.437760">
				<ele>363.000000</ele>
			</trkpt>
			<trkpt lat="49.787781" lon="14.438037">
				<ele>365.000000</ele>
			</trkpt>
			<trkpt lat="49.786928" lon="14.439215">
				<ele>371.000000</ele>
			</trkpt>
			<trkpt lat="49.786511" lon="14.439789">
				<ele>373.000000</ele>
			</trkpt>
			<trkpt lat="49.786429" lon="14.439906">
				<ele>373.000000</ele>
			</trkpt>
			<trkpt lat="49.786366" lon="14.440014">
				<ele>373.000000</ele>
			</trkpt>
			<trkpt lat="49.786313" lon="14.440112">
				<ele>373.000000</ele>
			</trkpt>
			<trkpt lat="49.786279" lon="14.440221">
				<ele>373.000000</ele>
			</trkpt>
			<trkpt lat="49.786261" lon="14.440347">
				<ele>373.000000</ele>
			</trkpt>
			<trkpt lat="49.786244" lon="14.440490">
				<ele>373.000000</ele>
			</trkpt>
			<trkpt lat="49.786226" lon="14.440957">
				<ele>373.000000</ele>
			</trkpt>
			<trkpt lat="49.786232" lon="14.441506">
				<ele>373.000000</ele>
			</trkpt>
			<trkpt lat="49.786226" lon="14.442529">
				<ele>370.000000</ele>
			</trkpt>
			<trkpt lat="49.786221" lon="14.443114">
				<ele>368.000000</ele>
			</trkpt>
			<trkpt lat="49.786215" lon="14.443248">
				<ele>367.000000</ele>
			</trkpt>
			<trkpt lat="49.786215" lon="14.443248">
				<ele>367.000000</ele>
			</trkpt>
			<trkpt lat="49.786197" lon="14.443473">
				<ele>365.000000</ele>
			</trkpt>
			<trkpt lat="49.786163" lon="14.443796">
				<ele>364.000000</ele>
			</trkpt>
			<trkpt lat="49.786110" lon="14.444074">
				<ele>362.000000</ele>
			</trkpt>
			<trkpt lat="49.785983" lon="14.444613">
				<ele>359.000000</ele>
			</trkpt>
			<trkpt lat="49.785791" lon="14.445467">
				<ele>354.000000</ele>
			</trkpt>
			<trkpt lat="49.785368" lon="14.447165">
				<ele>347.000000</ele>
			</trkpt>
			<trkpt lat="49.785182" lon="14.447946">
				<ele>345.000000</ele>
			</trkpt>
			<trkpt lat="49.785113" lon="14.448207">
				<ele>345.000000</ele>
			</trkpt>
			<trkpt lat="49.785043" lon="14.448395">
				<ele>344.000000</ele>
			</trkpt>
			<trkpt lat="49.785003" lon="14.448458">
				<ele>343.000000</ele>
			</trkpt>
			<trkpt lat="49.784962" lon="14.448530">
				<ele>343.000000</ele>
			</trkpt>
			<trkpt lat="49.784852" lon="14.448628">
				<ele>342.000000</ele>
			</trkpt>
			<trkpt lat="49.784753" lon="14.448701">
				<ele>341.000000</ele>
			</trkpt>
			<trkpt lat="49.784632" lon="14.448754">
				<ele>341.000000</ele>
			</trkpt>
			<trkpt lat="49.784225" lon="14.448898">
				<ele>340.000000</ele>
			</trkpt>
			<trkpt lat="49.784046" lon="14.448970">
				<ele>340.000000</ele>
			</trkpt>
			<trkpt lat="49.783181" lon="14.449410">
				<ele>334.000000</ele>
			</trkpt>
			<trkpt lat="49.782781" lon="14.449626">
				<ele>333.000000</ele>
			</trkpt>
			<trkpt lat="49.782555" lon="14.449769">
				<ele>332.000000</ele>
			</trkpt>
			<trkpt lat="49.782555" lon="14.449769">
				<ele>332.000000</ele>
			</trkpt>
			<trkpt lat="49.782509" lon="14.449796">
				<ele>332.000000</ele>
			</trkpt>
			<trkpt lat="49.782294" lon="14.449913">
				<ele>331.000000</ele>
			</trkpt>
			<trkpt lat="49.782155" lon="14.449968">
				<ele>331.000000</ele>
			</trkpt>
			<trkpt lat="49.781732" lon="14.450058">
				<ele>329.000000</ele>
			</trkpt>
			<trkpt lat="49.781470" lon="14.450138">
				<ele>327.000000</ele>
			</trkpt>
			<trkpt lat="49.781389" lon="14.450138">
				<ele>327.000000</ele>
			</trkpt>
			<trkpt lat="49.781273" lon="14.450129">
				<ele>327.000000</ele>
			</trkpt>
			<trkpt lat="49.781198" lon="14.450119">
				<ele>326.000000</ele>
			</trkpt>
			<trkpt lat="49.781128" lon="14.450119">
				<ele>325.000000</ele>
			</trkpt>
			<trkpt lat="49.781058" lon="14.450129">
				<ele>325.000000</ele>
			</trkpt>
			<trkpt lat="49.780995" lon="14.450165">
				<ele>325.000000</ele>
			</trkpt>
			<trkpt lat="49.780919" lon="14.450201">
				<ele>324.000000</ele>
			</trkpt>
			<trkpt lat="49.780850" lon="14.450264">
				<ele>324.000000</ele>
			</trkpt>
			<trkpt lat="49.780780" lon="14.450326">
				<ele>324.000000</ele>
			</trkpt>
			<trkpt lat="49.780716" lon="14.450416">
				<ele>324.000000</ele>
			</trkpt>
			<trkpt lat="49.780635" lon="14.450524">
				<ele>323.000000</ele>
			</trkpt>
			<trkpt lat="49.780507" lon="14.450704">
				<ele>322.000000</ele>
			</trkpt>
			<trkpt lat="49.780421" lon="14.450821">
				<ele>320.000000</ele>
			</trkpt>
			<trkpt lat="49.780310" lon="14.450892">
				<ele>319.000000</ele>
			</trkpt>
			<trkpt lat="49.780189" lon="14.450947">
				<ele>318.000000</ele>
			</trkpt>
			<trkpt lat="49.780107" lon="14.450974">
				<ele>318.000000</ele>
			</trkpt>
			<trkpt lat="49.780038" lon="14.451018">
				<ele>318.000000</ele>
			</trkpt>
			<trkpt lat="49.779939" lon="14.451100">
				<ele>317.000000</ele>
			</trkpt>
			<trkpt lat="49.779846" lon="14.451198">
				<ele>317.000000</ele>
			</trkpt>
			<trkpt lat="49.779782" lon="14.451117">
				<ele>317.000000</ele>
			</trkpt>
			<trkpt lat="49.779695" lon="14.451010">
				<ele>317.000000</ele>
			</trkpt>
			<trkpt lat="49.779637" lon="14.450955">
				<ele>316.000000</ele>
			</trkpt>
			<trkpt lat="49.779574" lon="14.450928">
				<ele>316.000000</ele>
			</trkpt>
			<trkpt lat="49.779509" lon="14.450911">
				<ele>316.000000</ele>
			</trkpt>
			<trkpt lat="49.779393" lon="14.450911">
				<ele>316.000000</ele>
			</trkpt>
			<trkpt lat="49.779371" lon="14.450830">
				<ele>316.000000</ele>
			</trkpt>
			<trkpt lat="49.779342" lon="14.450775">
				<ele>316.000000</ele>
			</trkpt>
			<trkpt lat="49.779277" lon="14.450641">
				<ele>316.000000</ele>
			</trkpt>
			<trkpt lat="49.779231" lon="14.450498">
				<ele>316.000000</ele>
			</trkpt>
			<trkpt lat="49.779196" lon="14.450389">
				<ele>316.000000</ele>
			</trkpt>
			<trkpt lat="49.779150" lon="14.450309">
				<ele>316.000000</ele>
			</trkpt>
			<trkpt lat="49.779098" lon="14.450236">
				<ele>316.000000</ele>
			</trkpt>
			<trkpt lat="49.779023" lon="14.450182">
				<ele>316.000000</ele>
			</trkpt>
			<trkpt lat="49.778877" lon="14.450111">
				<ele>316.000000</ele>
			</trkpt>
			<trkpt lat="49.778843" lon="14.450085">
				<ele>316.000000</ele>
			</trkpt>
			<trkpt lat="49.778813" lon="14.450048">
				<ele>316.000000</ele>
			</trkpt>
			<trkpt lat="49.778483" lon="14.449456">
				<ele>316.000000</ele>
			</trkpt>
			<trkpt lat="49.778460" lon="14.449429">
				<ele>316.000000</ele>
			</trkpt>
			<trkpt lat="49.778419" lon="14.449383">
				<ele>315.000000</ele>
			</trkpt>
			<trkpt lat="49.778309" lon="14.449330">
				<ele>317.000000</ele>
			</trkpt>
			<trkpt lat="49.778193" lon="14.449293">
				<ele>317.000000</ele>
			</trkpt>
			<trkpt lat="49.778082" lon="14.449293">
				<ele>318.000000</ele>
			</trkpt>
			<trkpt lat="49.778036" lon="14.449303">
				<ele>318.000000</ele>
			</trkpt>
			<trkpt lat="49.777961" lon="14.449366">
				<ele>319.000000</ele>
			</trkpt>
			<trkpt lat="49.777885" lon="14.449402">
				<ele>319.000000</ele>
			</trkpt>
			<trkpt lat="49.777816" lon="14.449473">
				<ele>319.000000</ele>
			</trkpt>
			<trkpt lat="49.777740" lon="14.449553">
				<ele>320.000000</ele>
			</trkpt>
			<trkpt lat="49.777682" lon="14.449643">
				<ele>320.000000</ele>
			</trkpt>
			<trkpt lat="49.777636" lon="14.449725">
				<ele>321.000000</ele>
			</trkpt>
			<trkpt lat="49.777601" lon="14.449823">
				<ele>321.000000</ele>
			</trkpt>
			<trkpt lat="49.777590" lon="14.449905">
				<ele>321.000000</ele>
			</trkpt>
			<trkpt lat="49.777584" lon="14.449995">
				<ele>322.000000</ele>
			</trkpt>
			<trkpt lat="49.777578" lon="14.450381">
				<ele>322.000000</ele>
			</trkpt>
			<trkpt lat="49.777543" lon="14.450704">
				<ele>324.000000</ele>
			</trkpt>
			<trkpt lat="49.777514" lon="14.450794">
				<ele>324.000000</ele>
			</trkpt>
			<trkpt lat="49.777468" lon="14.450884">
				<ele>325.000000</ele>
			</trkpt>
			<trkpt lat="49.777415" lon="14.450955">
				<ele>325.000000</ele>
			</trkpt>
			<trkpt lat="49.777334" lon="14.450991">
				<ele>326.000000</ele>
			</trkpt>
			<trkpt lat="49.777183" lon="14.451090">
				<ele>326.000000</ele>
			</trkpt>
			<trkpt lat="49.776951" lon="14.451306">
				<ele>328.000000</ele>
			</trkpt>
			<trkpt lat="49.776859" lon="14.451377">
				<ele>328.000000</ele>
			</trkpt>
			<trkpt lat="49.776760" lon="14.451431">
				<ele>329.000000</ele>
			</trkpt>
			<trkpt lat="49.776662" lon="14.451458">
				<ele>329.000000</ele>
			</trkpt>
			<trkpt lat="49.776482" lon="14.451503">
				<ele>331.000000</ele>
			</trkpt>
			<trkpt lat="49.776145" lon="14.451630">
				<ele>334.000000</ele>
			</trkpt>
			<trkpt lat="49.776018" lon="14.451666">
				<ele>336.000000</ele>
			</trkpt>
			<trkpt lat="49.775890" lon="14.451666">
				<ele>337.000000</ele>
			</trkpt>
			<trkpt lat="49.775316" lon="14.451584">
				<ele>343.000000</ele>
			</trkpt>
			<trkpt lat="49.775165" lon="14.451584">
				<ele>345.000000</ele>
			</trkpt>
			<trkpt lat="49.775008" lon="14.451620">
				<ele>346.000000</ele>
			</trkpt>
			<trkpt lat="49.774903" lon="14.451620">
				<ele>348.000000</ele>
			</trkpt>
			<trkpt lat="49.774683" lon="14.451611">
				<ele>350.000000</ele>
			</trkpt>
			<trkpt lat="49.774602" lon="14.451611">
				<ele>351.000000</ele>
			</trkpt>
			<trkpt lat="49.774498" lon="14.451647">
				<ele>353.000000</ele>
			</trkpt>
			<trkpt lat="49.774399" lon="14.451719">
				<ele>354.000000</ele>
			</trkpt>
			<trkpt lat="49.774207" lon="14.451872">
				<ele>358.000000</ele>
			</trkpt>
			<trkpt lat="49.773871" lon="14.452087">
				<ele>363.000000</ele>
			</trkpt>
			<trkpt lat="49.773714" lon="14.452204">
				<ele>365.000000</ele>
			</trkpt>
			<trkpt lat="49.773656" lon="14.452285">
				<ele>366.000000</ele>
			</trkpt>
			<trkpt lat="49.773610" lon="14.452383">
				<ele>367.000000</ele>
			</trkpt>
			<trkpt lat="49.773482" lon="14.452106">
				<ele>369.000000</ele>
			</trkpt>
			<trkpt lat="49.773384" lon="14.451844">
				<ele>370.000000</ele>
			</trkpt>
			<trkpt lat="49.773308" lon="14.451593">
				<ele>370.000000</ele>
			</trkpt>
			<trkpt lat="49.773082" lon="14.450569">
				<ele>372.000000</ele>
			</trkpt>
			<trkpt lat="49.772908" lon="14.449878">
				<ele>374.000000</ele>
			</trkpt>
			<trkpt lat="49.772769" lon="14.449222">
				<ele>375.000000</ele>
			</trkpt>
			<trkpt lat="49.772658" lon="14.448620">
				<ele>375.000000</ele>
			</trkpt>
			<trkpt lat="49.772444" lon="14.447353">
				<ele>371.000000</ele>
			</trkpt>
			<trkpt lat="49.772363" lon="14.446743">
				<ele>367.000000</ele>
			</trkpt>
			<trkpt lat="49.772305" lon="14.446490">
				<ele>365.000000</ele>
			</trkpt>
			<trkpt lat="49.772270" lon="14.446374">
				<ele>365.000000</ele>
			</trkpt>
			<trkpt lat="49.772223" lon="14.446257">
				<ele>365.000000</ele>
			</trkpt>
			<trkpt lat="49.772172" lon="14.446167">
				<ele>365.000000</ele>
			</trkpt>
			<trkpt lat="49.772113" lon="14.446096">
				<ele>366.000000</ele>
			</trkpt>
			<trkpt lat="49.771672" lon="14.445530">
				<ele>370.000000</ele>
			</trkpt>
			<trkpt lat="49.771573" lon="14.445431">
				<ele>371.000000</ele>
			</trkpt>
			<trkpt lat="49.771469" lon="14.445341">
				<ele>372.000000</ele>
			</trkpt>
			<trkpt lat="49.771353" lon="14.445261">
				<ele>374.000000</ele>
			</trkpt>
			<trkpt lat="49.771237" lon="14.445206">
				<ele>375.000000</ele>
			</trkpt>
			<trkpt lat="49.771121" lon="14.445179">
				<ele>377.000000</ele>
			</trkpt>
			<trkpt lat="49.770976" lon="14.445179">
				<ele>380.000000</ele>
			</trkpt>
			<trkpt lat="49.770889" lon="14.445179">
				<ele>381.000000</ele>
			</trkpt>
			<trkpt lat="49.770808" lon="14.445206">
				<ele>384.000000</ele>
			</trkpt>
			<trkpt lat="49.770744" lon="14.445234">
				<ele>386.000000</ele>
			</trkpt>
			<trkpt lat="49.770680" lon="14.445278">
				<ele>389.000000</ele>
			</trkpt>
			<trkpt lat="49.770617" lon="14.445332">
				<ele>391.000000</ele>
			</trkpt>
			<trkpt lat="49.770553" lon="14.445422">
				<ele>395.000000</ele>
			</trkpt>
			<trkpt lat="49.770501" lon="14.445502">
				<ele>397.000000</ele>
			</trkpt>
			<trkpt lat="49.770437" lon="14.445628">
				<ele>400.000000</ele>
			</trkpt>
			<trkpt lat="49.770396" lon="14.445737">
				<ele>403.000000</ele>
			</trkpt>
			<trkpt lat="49.770361" lon="14.445861">
				<ele>405.000000</ele>
			</trkpt>
			<trkpt lat="49.770344" lon="14.446006">
				<ele>407.000000</ele>
			</trkpt>
			<trkpt lat="49.770344" lon="14.446114">
				<ele>408.000000</ele>
			</trkpt>
			<trkpt lat="49.770361" lon="14.446257">
				<ele>409.000000</ele>
			</trkpt>
			<trkpt lat="49.770390" lon="14.446366">
				<ele>411.000000</ele>
			</trkpt>
			<trkpt lat="49.770425" lon="14.446473">
				<ele>412.000000</ele>
			</trkpt>
			<trkpt lat="49.770477" lon="14.446572">
				<ele>413.000000</ele>
			</trkpt>
			<trkpt lat="49.770617" lon="14.446806">
				<ele>415.000000</ele>
			</trkpt>
			<trkpt lat="49.770849" lon="14.447119">
				<ele>418.000000</ele>
			</trkpt>
			<trkpt lat="49.771017" lon="14.447372">
				<ele>420.000000</ele>
			</trkpt>
			<trkpt lat="49.771133" lon="14.447595">
				<ele>423.000000</ele>
			</trkpt>
			<trkpt lat="49.771214" lon="14.447775">
				<ele>426.000000</ele>
			</trkpt>
			<trkpt lat="49.771231" lon="14.447865">
				<ele>427.000000</ele>
			</trkpt>
			<trkpt lat="49.771260" lon="14.447982">
				<ele>428.000000</ele>
			</trkpt>
			<trkpt lat="49.771260" lon="14.448108">
				<ele>430.000000</ele>
			</trkpt>
			<trkpt lat="49.771260" lon="14.448215">
				<ele>431.000000</ele>
			</trkpt>
			<trkpt lat="49.771255" lon="14.448341">
				<ele>433.000000</ele>
			</trkpt>
			<trkpt lat="49.771225" lon="14.448477">
				<ele>435.000000</ele>
			</trkpt>
			<trkpt lat="49.771144" lon="14.448817">
				<ele>439.000000</ele>
			</trkpt>
			<trkpt lat="49.771040" lon="14.449203">
				<ele>442.000000</ele>
			</trkpt>
			<trkpt lat="49.770976" lon="14.449464">
				<ele>444.000000</ele>
			</trkpt>
			<trkpt lat="49.770953" lon="14.449733">
				<ele>445.000000</ele>
			</trkpt>
			<trkpt lat="49.770953" lon="14.450039">
				<ele>444.000000</ele>
			</trkpt>
			<trkpt lat="49.770953" lon="14.450192">
				<ele>444.000000</ele>
			</trkpt>
			<trkpt lat="49.770930" lon="14.450326">
				<ele>444.000000</ele>
			</trkpt>
			<trkpt lat="49.770901" lon="14.450452">
				<ele>445.000000</ele>
			</trkpt>
			<trkpt lat="49.770814" lon="14.450775">
				<ele>448.000000</ele>
			</trkpt>
			<trkpt lat="49.770761" lon="14.451027">
				<ele>450.000000</ele>
			</trkpt>
			<trkpt lat="49.770738" lon="14.451234">
				<ele>451.000000</ele>
			</trkpt>
			<trkpt lat="49.770721" lon="14.451486">
				<ele>452.000000</ele>
			</trkpt>
			<trkpt lat="49.770726" lon="14.451764">
				<ele>451.000000</ele>
			</trkpt>
			<trkpt lat="49.770855" lon="14.453704">
				<ele>454.000000</ele>
			</trkpt>
			<trkpt lat="49.770895" lon="14.454306">
				<ele>458.000000</ele>
			</trkpt>
			<trkpt lat="49.770912" lon="14.454998">
				<ele>460.000000</ele>
			</trkpt>
			<trkpt lat="49.770930" lon="14.455771">
				<ele>461.000000</ele>
			</trkpt>
			<trkpt lat="49.770930" lon="14.456327">
				<ele>461.000000</ele>
			</trkpt>
			<trkpt lat="49.770912" lon="14.456507">
				<ele>461.000000</ele>
			</trkpt>
			<trkpt lat="49.770889" lon="14.456677">
				<ele>460.000000</ele>
			</trkpt>
			<trkpt lat="49.770855" lon="14.456848">
				<ele>459.000000</ele>
			</trkpt>
			<trkpt lat="49.770796" lon="14.456956">
				<ele>459.000000</ele>
			</trkpt>
			<trkpt lat="49.770726" lon="14.457100">
				<ele>459.000000</ele>
			</trkpt>
			<trkpt lat="49.770639" lon="14.457207">
				<ele>457.000000</ele>
			</trkpt>
			<trkpt lat="49.770280" lon="14.457630">
				<ele>453.000000</ele>
			</trkpt>
			<trkpt lat="49.769624" lon="14.458456">
				<ele>439.000000</ele>
			</trkpt>
			<trkpt lat="49.769433" lon="14.458690">
				<ele>435.000000</ele>
			</trkpt>
			<trkpt lat="49.769236" lon="14.458905">
				<ele>430.000000</ele>
			</trkpt>
			<trkpt lat="49.768823" lon="14.459364">
				<ele>425.000000</ele>
			</trkpt>
			<trkpt lat="49.768615" lon="14.459561">
				<ele>424.000000</ele>
			</trkpt>
			<trkpt lat="49.768278" lon="14.459849">
				<ele>424.000000</ele>
			</trkpt>
			<trkpt lat="49.767889" lon="14.460100">
				<ele>425.000000</ele>
			</trkpt>
			<trkpt lat="49.767489" lon="14.460352">
				<ele>427.000000</ele>
			</trkpt>
			<trkpt lat="49.767054" lon="14.460576">
				<ele>429.000000</ele>
			</trkpt>
			<trkpt lat="49.766967" lon="14.460622">
				<ele>430.000000</ele>
			</trkpt>
			<trkpt lat="49.766874" lon="14.460639">
				<ele>430.000000</ele>
			</trkpt>
			<trkpt lat="49.766804" lon="14.460639">
				<ele>431.000000</ele>
			</trkpt>
			<trkpt lat="49.766723" lon="14.460622">
				<ele>431.000000</ele>
			</trkpt>
			<trkpt lat="49.766630" lon="14.460603">
				<ele>432.000000</ele>
			</trkpt>
			<trkpt lat="49.766549" lon="14.460540">
				<ele>432.000000</ele>
			</trkpt>
			<trkpt lat="49.766300" lon="14.460369">
				<ele>432.000000</ele>
			</trkpt>
			<trkpt lat="49.766190" lon="14.460272">
				<ele>431.000000</ele>
			</trkpt>
			<trkpt lat="49.766091" lon="14.460172">
				<ele>431.000000</ele>
			</trkpt>
			<trkpt lat="49.765812" lon="14.459849">
				<ele>429.000000</ele>
			</trkpt>
			<trkpt lat="49.765685" lon="14.459706">
				<ele>428.000000</ele>
			</trkpt>
			<trkpt lat="49.765197" lon="14.459238">
				<ele>428.000000</ele>
			</trkpt>
			<trkpt lat="49.764942" lon="14.458968">
				<ele>429.000000</ele>
			</trkpt>
			<trkpt lat="49.764466" lon="14.458385">
				<ele>431.000000</ele>
			</trkpt>
			<trkpt lat="49.764309" lon="14.458222">
				<ele>432.000000</ele>
			</trkpt>
			<trkpt lat="49.764147" lon="14.458088">
				<ele>432.000000</ele>
			</trkpt>
			<trkpt lat="49.764066" lon="14.457450">
				<ele>431.000000</ele>
			</trkpt>
			<trkpt lat="49.764008" lon="14.456947">
				<ele>431.000000</ele>
			</trkpt>
			<trkpt lat="49.763938" lon="14.456157">
				<ele>431.000000</ele>
			</trkpt>
			<trkpt lat="49.763915" lon="14.455968">
				<ele>431.000000</ele>
			</trkpt>
			<trkpt lat="49.763886" lon="14.455689">
				<ele>431.000000</ele>
			</trkpt>
			<trkpt lat="49.763857" lon="14.455465">
				<ele>431.000000</ele>
			</trkpt>
			<trkpt lat="49.763810" lon="14.455259">
				<ele>431.000000</ele>
			</trkpt>
			<trkpt lat="49.763758" lon="14.455052">
				<ele>431.000000</ele>
			</trkpt>
			<trkpt lat="49.763718" lon="14.454872">
				<ele>431.000000</ele>
			</trkpt>
			<trkpt lat="49.763636" lon="14.454440">
				<ele>430.000000</ele>
			</trkpt>
			<trkpt lat="49.763590" lon="14.454243">
				<ele>430.000000</ele>
			</trkpt>
			<trkpt lat="49.763515" lon="14.454010">
				<ele>430.000000</ele>
			</trkpt>
			<trkpt lat="49.763474" lon="14.453901">
				<ele>430.000000</ele>
			</trkpt>
			<trkpt lat="49.763416" lon="14.453803">
				<ele>430.000000</ele>
			</trkpt>
			<trkpt lat="49.763334" lon="14.453722">
				<ele>429.000000</ele>
			</trkpt>
			<trkpt lat="49.763189" lon="14.453614">
				<ele>427.000000</ele>
			</trkpt>
			<trkpt lat="49.763045" lon="14.453498">
				<ele>424.000000</ele>
			</trkpt>
			<trkpt lat="49.762662" lon="14.453274">
				<ele>419.000000</ele>
			</trkpt>
			<trkpt lat="49.762499" lon="14.453192">
				<ele>418.000000</ele>
			</trkpt>
			<trkpt lat="49.762406" lon="14.453174">
				<ele>417.000000</ele>
			</trkpt>
			<trkpt lat="49.762302" lon="14.453192">
				<ele>417.000000</ele>
			</trkpt>
			<trkpt lat="49.762139" lon="14.453238">
				<ele>416.000000</ele>
			</trkpt>
			<trkpt lat="49.762041" lon="14.453246">
				<ele>416.000000</ele>
			</trkpt>
			<trkpt lat="49.761948" lon="14.453372">
				<ele>416.000000</ele>
			</trkpt>
			<trkpt lat="49.761820" lon="14.453111">
				<ele>415.000000</ele>
			</trkpt>
			<trkpt lat="49.761757" lon="14.453004">
				<ele>414.000000</ele>
			</trkpt>
			<trkpt lat="49.761704" lon="14.452922">
				<ele>414.000000</ele>
			</trkpt>
			<trkpt lat="49.761623" lon="14.452869">
				<ele>414.000000</ele>
			</trkpt>
			<trkpt lat="49.761530" lon="14.452842">
				<ele>414.000000</ele>
			</trkpt>
			<trkpt lat="49.761414" lon="14.452798">
				<ele>414.000000</ele>
			</trkpt>
			<trkpt lat="49.761234" lon="14.452708">
				<ele>414.000000</ele>
			</trkpt>
			<trkpt lat="49.761118" lon="14.452635">
				<ele>414.000000</ele>
			</trkpt>
			<trkpt lat="49.760904" lon="14.452482">
				<ele>413.000000</ele>
			</trkpt>
			<trkpt lat="49.760810" lon="14.452419">
				<ele>413.000000</ele>
			</trkpt>
			<trkpt lat="49.760683" lon="14.452375">
				<ele>414.000000</ele>
			</trkpt>
			<trkpt lat="49.760561" lon="14.452366">
				<ele>414.000000</ele>
			</trkpt>
			<trkpt lat="49.760120" lon="14.452410">
				<ele>410.000000</ele>
			</trkpt>
			<trkpt lat="49.759986" lon="14.452410">
				<ele>408.000000</ele>
			</trkpt>
			<trkpt lat="49.759813" lon="14.452402">
				<ele>406.000000</ele>
			</trkpt>
			<trkpt lat="49.759499" lon="14.452375">
				<ele>404.000000</ele>
			</trkpt>
			<trkpt lat="49.759255" lon="14.452375">
				<ele>400.000000</ele>
			</trkpt>
			<trkpt lat="49.759186" lon="14.452366">
				<ele>399.000000</ele>
			</trkpt>
			<trkpt lat="49.759110" lon="14.452339">
				<ele>399.000000</ele>
			</trkpt>
			<trkpt lat="49.759046" lon="14.452293">
				<ele>399.000000</ele>
			</trkpt>
			<trkpt lat="49.758994" lon="14.452240">
				<ele>398.000000</ele>
			</trkpt>
			<trkpt lat="49.758948" lon="14.452177">
				<ele>398.000000</ele>
			</trkpt>
			<trkpt lat="49.758913" lon="14.452087">
				<ele>398.000000</ele>
			</trkpt>
			<trkpt lat="49.758727" lon="14.451693">
				<ele>398.000000</ele>
			</trkpt>
			<trkpt lat="49.758576" lon="14.451360">
				<ele>397.000000</ele>
			</trkpt>
			<trkpt lat="49.758484" lon="14.451180">
				<ele>396.000000</ele>
			</trkpt>
			<trkpt lat="49.758396" lon="14.451045">
				<ele>396.000000</ele>
			</trkpt>
			<trkpt lat="49.758292" lon="14.450928">
				<ele>396.000000</ele>
			</trkpt>
			<trkpt lat="49.758193" lon="14.450874">
				<ele>394.000000</ele>
			</trkpt>
			<trkpt lat="49.758089" lon="14.450848">
				<ele>392.000000</ele>
			</trkpt>
			<trkpt lat="49.757851" lon="14.450811">
				<ele>389.000000</ele>
			</trkpt>
			<trkpt lat="49.757735" lon="14.450785">
				<ele>388.000000</ele>
			</trkpt>
			<trkpt lat="49.757619" lon="14.450740">
				<ele>387.000000</ele>
			</trkpt>
			<trkpt lat="49.757503" lon="14.450677">
				<ele>386.000000</ele>
			</trkpt>
			<trkpt lat="49.757393" lon="14.450596">
				<ele>384.000000</ele>
			</trkpt>
			<trkpt lat="49.757242" lon="14.450461">
				<ele>383.000000</ele>
			</trkpt>
			<trkpt lat="49.756800" lon="14.450085">
				<ele>378.000000</ele>
			</trkpt>
			<trkpt lat="49.756626" lon="14.449949">
				<ele>376.000000</ele>
			</trkpt>
			<trkpt lat="49.756481" lon="14.449850">
				<ele>375.000000</ele>
			</trkpt>
			<trkpt lat="49.756446" lon="14.449859">
				<ele>374.000000</ele>
			</trkpt>
			<trkpt lat="49.756354" lon="14.449733">
				<ele>373.000000</ele>
			</trkpt>
			<trkpt lat="49.756202" lon="14.449473">
				<ele>371.000000</ele>
			</trkpt>
			<trkpt lat="49.756104" lon="14.449320">
				<ele>370.000000</ele>
			</trkpt>
			<trkpt lat="49.756000" lon="14.449194">
				<ele>369.000000</ele>
			</trkpt>
			<trkpt lat="49.755703" lon="14.448863">
				<ele>366.000000</ele>
			</trkpt>
			<trkpt lat="49.754995" lon="14.448098">
				<ele>358.000000</ele>
			</trkpt>
			<trkpt lat="49.754653" lon="14.447712">
				<ele>355.000000</ele>
			</trkpt>
			<trkpt lat="49.754293" lon="14.447255">
				<ele>350.000000</ele>
			</trkpt>
			<trkpt lat="49.753887" lon="14.446760">
				<ele>345.000000</ele>
			</trkpt>
			<trkpt lat="49.753585" lon="14.446347">
				<ele>341.000000</ele>
			</trkpt>
			<trkpt lat="49.753498" lon="14.446213">
				<ele>340.000000</ele>
			</trkpt>
			<trkpt lat="49.753423" lon="14.446060">
				<ele>338.000000</ele>
			</trkpt>
			<trkpt lat="49.753353" lon="14.445890">
				<ele>336.000000</ele>
			</trkpt>
			<trkpt lat="49.753277" lon="14.445655">
				<ele>334.000000</ele>
			</trkpt>
			<trkpt lat="49.753115" lon="14.445108">
				<ele>329.000000</ele>
			</trkpt>
			<trkpt lat="49.753074" lon="14.445018">
				<ele>329.000000</ele>
			</trkpt>
			<trkpt lat="49.753023" lon="14.444936">
				<ele>327.000000</ele>
			</trkpt>
			<trkpt lat="49.752912" lon="14.444775">
				<ele>326.000000</ele>
			</trkpt>
			<trkpt lat="49.752842" lon="14.444703">
				<ele>324.000000</ele>
			</trkpt>
			<trkpt lat="49.752744" lon="14.444649">
				<ele>323.000000</ele>
			</trkpt>
			<trkpt lat="49.752634" lon="14.444649">
				<ele>322.000000</ele>
			</trkpt>
			<trkpt lat="49.752587" lon="14.444622">
				<ele>321.000000</ele>
			</trkpt>
			<trkpt lat="49.752564" lon="14.444595">
				<ele>320.000000</ele>
			</trkpt>
			<trkpt lat="49.752552" lon="14.444569">
				<ele>320.000000</ele>
			</trkpt>
			<trkpt lat="49.752453" lon="14.444668">
				<ele>318.000000</ele>
			</trkpt>
			<trkpt lat="49.752384" lon="14.444766">
				<ele>317.000000</ele>
			</trkpt>
			<trkpt lat="49.752355" lon="14.444811">
				<ele>317.000000</ele>
			</trkpt>
			<trkpt lat="49.752337" lon="14.444865">
				<ele>317.000000</ele>
			</trkpt>
			<trkpt lat="49.752320" lon="14.444928">
				<ele>317.000000</ele>
			</trkpt>
			<trkpt lat="49.752314" lon="14.445018">
				<ele>317.000000</ele>
			</trkpt>
			<trkpt lat="49.752302" lon="14.445206">
				<ele>317.000000</ele>
			</trkpt>
			<trkpt lat="49.752285" lon="14.445359">
				<ele>317.000000</ele>
			</trkpt>
			<trkpt lat="49.752262" lon="14.445511">
				<ele>317.000000</ele>
			</trkpt>
			<trkpt lat="49.752233" lon="14.445628">
				<ele>317.000000</ele>
			</trkpt>
			<trkpt lat="49.752198" lon="14.445737">
				<ele>316.000000</ele>
			</trkpt>
			<trkpt lat="49.752146" lon="14.445853">
				<ele>316.000000</ele>
			</trkpt>
			<trkpt lat="49.752082" lon="14.446213">
				<ele>317.000000</ele>
			</trkpt>
			<trkpt lat="49.752012" lon="14.446536">
				<ele>318.000000</ele>
			</trkpt>
			<trkpt lat="49.751978" lon="14.446670">
				<ele>318.000000</ele>
			</trkpt>
			<trkpt lat="49.751926" lon="14.446796">
				<ele>319.000000</ele>
			</trkpt>
			<trkpt lat="49.751896" lon="14.446869">
				<ele>319.000000</ele>
			</trkpt>
			<trkpt lat="49.751879" lon="14.446949">
				<ele>319.000000</ele>
			</trkpt>
			<trkpt lat="49.751879" lon="14.447030">
				<ele>319.000000</ele>
			</trkpt>
			<trkpt lat="49.751879" lon="14.447156">
				<ele>319.000000</ele>
			</trkpt>
			<trkpt lat="49.751891" lon="14.447578">
				<ele>321.000000</ele>
			</trkpt>
			<trkpt lat="49.751896" lon="14.447794">
				<ele>321.000000</ele>
			</trkpt>
			<trkpt lat="49.751920" lon="14.447946">
				<ele>321.000000</ele>
			</trkpt>
			<trkpt lat="49.751931" lon="14.448018">
				<ele>321.000000</ele>
			</trkpt>
			<trkpt lat="49.751931" lon="14.448117">
				<ele>322.000000</ele>
			</trkpt>
			<trkpt lat="49.751937" lon="14.448979">
				<ele>325.000000</ele>
			</trkpt>
			<trkpt lat="49.751937" lon="14.449087">
				<ele>325.000000</ele>
			</trkpt>
			<trkpt lat="49.751920" lon="14.449194">
				<ele>326.000000</ele>
			</trkpt>
			<trkpt lat="49.751838" lon="14.449159">
				<ele>325.000000</ele>
			</trkpt>
			<trkpt lat="49.751740" lon="14.449140">
				<ele>324.000000</ele>
			</trkpt>
			<trkpt lat="49.751629" lon="14.449150">
				<ele>324.000000</ele>
			</trkpt>
			<trkpt lat="49.751525" lon="14.449159">
				<ele>323.000000</ele>
			</trkpt>
			<trkpt lat="49.751484" lon="14.449177">
				<ele>323.000000</ele>
			</trkpt>
			<trkpt lat="49.751461" lon="14.449203">
				<ele>322.000000</ele>
			</trkpt>
			<trkpt lat="49.751432" lon="14.449257">
				<ele>323.000000</ele>
			</trkpt>
			<trkpt lat="49.751415" lon="14.449312">
				<ele>323.000000</ele>
			</trkpt>
			<trkpt lat="49.751333" lon="14.449590">
				<ele>324.000000</ele>
			</trkpt>
			<trkpt lat="49.751275" lon="14.449760">
				<ele>324.000000</ele>
			</trkpt>
			<trkpt lat="49.751229" lon="14.449832">
				<ele>324.000000</ele>
			</trkpt>
			<trkpt lat="49.751183" lon="14.449905">
				<ele>324.000000</ele>
			</trkpt>
			<trkpt lat="49.751078" lon="14.450012">
				<ele>324.000000</ele>
			</trkpt>
			<trkpt lat="49.751032" lon="14.450039">
				<ele>325.000000</ele>
			</trkpt>
			<trkpt lat="49.751014" lon="14.450085">
				<ele>325.000000</ele>
			</trkpt>
			<trkpt lat="49.750997" lon="14.450138">
				<ele>325.000000</ele>
			</trkpt>
			<trkpt lat="49.750985" lon="14.450192">
				<ele>326.000000</ele>
			</trkpt>
			<trkpt lat="49.750979" lon="14.450245">
				<ele>326.000000</ele>
			</trkpt>
			<trkpt lat="49.750991" lon="14.450309">
				<ele>326.000000</ele>
			</trkpt>
			<trkpt lat="49.751032" lon="14.450425">
				<ele>326.000000</ele>
			</trkpt>
			<trkpt lat="49.751078" lon="14.450551">
				<ele>326.000000</ele>
			</trkpt>
			<trkpt lat="49.751095" lon="14.450614">
				<ele>327.000000</ele>
			</trkpt>
			<trkpt lat="49.751107" lon="14.450695">
				<ele>327.000000</ele>
			</trkpt>
			<trkpt lat="49.751095" lon="14.450767">
				<ele>328.000000</ele>
			</trkpt>
			<trkpt lat="49.751078" lon="14.450857">
				<ele>329.000000</ele>
			</trkpt>
			<trkpt lat="49.751072" lon="14.450982">
				<ele>329.000000</ele>
			</trkpt>
			<trkpt lat="49.751072" lon="14.451027">
				<ele>329.000000</ele>
			</trkpt>
			<trkpt lat="49.751054" lon="14.451072">
				<ele>330.000000</ele>
			</trkpt>
			<trkpt lat="49.751002" lon="14.451161">
				<ele>332.000000</ele>
			</trkpt>
			<trkpt lat="49.750822" lon="14.451387">
				<ele>335.000000</ele>
			</trkpt>
			<trkpt lat="49.750637" lon="14.451611">
				<ele>339.000000</ele>
			</trkpt>
			<trkpt lat="49.750457" lon="14.451800">
				<ele>343.000000</ele>
			</trkpt>
			<trkpt lat="49.750283" lon="14.451926">
				<ele>346.000000</ele>
			</trkpt>
			<trkpt lat="49.750068" lon="14.452079">
				<ele>349.000000</ele>
			</trkpt>
			<trkpt lat="49.749848" lon="14.452195">
				<ele>354.000000</ele>
			</trkpt>
			<trkpt lat="49.749633" lon="14.452276">
				<ele>359.000000</ele>
			</trkpt>
			<trkpt lat="49.749522" lon="14.452322">
				<ele>360.000000</ele>
			</trkpt>
			<trkpt lat="49.749377" lon="14.452446">
				<ele>361.000000</ele>
			</trkpt>
			<trkpt lat="49.749279" lon="14.452545">
				<ele>362.000000</ele>
			</trkpt>
			<trkpt lat="49.749255" lon="14.452545">
				<ele>362.000000</ele>
			</trkpt>
			<trkpt lat="49.749227" lon="14.452536">
				<ele>362.000000</ele>
			</trkpt>
			<trkpt lat="49.749197" lon="14.452509">
				<ele>363.000000</ele>
			</trkpt>
			<trkpt lat="49.749192" lon="14.452465">
				<ele>363.000000</ele>
			</trkpt>
			<trkpt lat="49.749192" lon="14.452419">
				<ele>363.000000</ele>
			</trkpt>
			<trkpt lat="49.749192" lon="14.452366">
				<ele>363.000000</ele>
			</trkpt>
			<trkpt lat="49.749267" lon="14.452033">
				<ele>365.000000</ele>
			</trkpt>
			<trkpt lat="49.749279" lon="14.451953">
				<ele>366.000000</ele>
			</trkpt>
			<trkpt lat="49.749249" lon="14.451853">
				<ele>367.000000</ele>
			</trkpt>
			<trkpt lat="49.749244" lon="14.451827">
				<ele>368.000000</ele>
			</trkpt>
			<trkpt lat="49.749215" lon="14.451800">
				<ele>368.000000</ele>
			</trkpt>
			<trkpt lat="49.749116" lon="14.451756">
				<ele>371.000000</ele>
			</trkpt>
			<trkpt lat="49.749064" lon="14.451853">
				<ele>371.000000</ele>
			</trkpt>
			<trkpt lat="49.748965" lon="14.451934">
				<ele>372.000000</ele>
			</trkpt>
			<trkpt lat="49.748873" lon="14.452006">
				<ele>373.000000</ele>
			</trkpt>
			<trkpt lat="49.748785" lon="14.452052">
				<ele>374.000000</ele>
			</trkpt>
			<trkpt lat="49.748704" lon="14.452079">
				<ele>375.000000</ele>
			</trkpt>
			<trkpt lat="49.748611" lon="14.452096">
				<ele>376.000000</ele>
			</trkpt>
			<trkpt lat="49.748431" lon="14.452069">
				<ele>378.000000</ele>
			</trkpt>
			<trkpt lat="49.748280" lon="14.452033">
				<ele>380.000000</ele>
			</trkpt>
			<trkpt lat="49.748135" lon="14.451962">
				<ele>381.000000</ele>
			</trkpt>
			<trkpt lat="49.748048" lon="14.451880">
				<ele>382.000000</ele>
			</trkpt>
			<trkpt lat="49.747961" lon="14.451756">
				<ele>383.000000</ele>
			</trkpt>
			<trkpt lat="49.747879" lon="14.451566">
				<ele>386.000000</ele>
			</trkpt>
			<trkpt lat="49.747833" lon="14.451620">
				<ele>386.000000</ele>
			</trkpt>
			<trkpt lat="49.747833" lon="14.451620">
				<ele>386.000000</ele>
			</trkpt>
			<trkpt lat="49.747879" lon="14.451566">
				<ele>386.000000</ele>
			</trkpt>
			<trkpt lat="49.747874" lon="14.451494">
				<ele>386.000000</ele>
			</trkpt>
			<trkpt lat="49.747879" lon="14.451414">
				<ele>387.000000</ele>
			</trkpt>
			<trkpt lat="49.747897" lon="14.450892">
				<ele>391.000000</ele>
			</trkpt>
			<trkpt lat="49.747903" lon="14.450632">
				<ele>393.000000</ele>
			</trkpt>
			<trkpt lat="49.747903" lon="14.450309">
				<ele>396.000000</ele>
			</trkpt>
			<trkpt lat="49.747885" lon="14.450219">
				<ele>396.000000</ele>
			</trkpt>
			<trkpt lat="49.747857" lon="14.450119">
				<ele>397.000000</ele>
			</trkpt>
			<trkpt lat="49.747822" lon="14.450022">
				<ele>398.000000</ele>
			</trkpt>
			<trkpt lat="49.747775" lon="14.449949">
				<ele>400.000000</ele>
			</trkpt>
			<trkpt lat="49.747723" lon="14.449922">
				<ele>400.000000</ele>
			</trkpt>
			<trkpt lat="49.747676" lon="14.449940">
				<ele>401.000000</ele>
			</trkpt>
			<trkpt lat="49.747525" lon="14.450039">
				<ele>401.000000</ele>
			</trkpt>
			<trkpt lat="49.747392" lon="14.450093">
				<ele>402.000000</ele>
			</trkpt>
			<trkpt lat="49.747265" lon="14.450156">
				<ele>402.000000</ele>
			</trkpt>
			<trkpt lat="49.747102" lon="14.450201">
				<ele>404.000000</ele>
			</trkpt>
			<trkpt lat="49.746986" lon="14.450209">
				<ele>404.000000</ele>
			</trkpt>
			<trkpt lat="49.746887" lon="14.450209">
				<ele>405.000000</ele>
			</trkpt>
			<trkpt lat="49.746806" lon="14.450201">
				<ele>406.000000</ele>
			</trkpt>
			<trkpt lat="49.746707" lon="14.450156">
				<ele>407.000000</ele>
			</trkpt>
			<trkpt lat="49.746626" lon="14.450119">
				<ele>407.000000</ele>
			</trkpt>
			<trkpt lat="49.746568" lon="14.450075">
				<ele>407.000000</ele>
			</trkpt>
			<trkpt lat="49.746528" lon="14.450022">
				<ele>408.000000</ele>
			</trkpt>
			<trkpt lat="49.746469" lon="14.449959">
				<ele>408.000000</ele>
			</trkpt>
			<trkpt lat="49.746382" lon="14.449779">
				<ele>409.000000</ele>
			</trkpt>
			<trkpt lat="49.746353" lon="14.449706">
				<ele>410.000000</ele>
			</trkpt>
			<trkpt lat="49.746324" lon="14.449608">
				<ele>411.000000</ele>
			</trkpt>
			<trkpt lat="49.746237" lon="14.449293">
				<ele>412.000000</ele>
			</trkpt>
			<trkpt lat="49.746168" lon="14.449051">
				<ele>413.000000</ele>
			</trkpt>
			<trkpt lat="49.746069" lon="14.448781">
				<ele>414.000000</ele>
			</trkpt>
			<trkpt lat="49.746034" lon="14.448691">
				<ele>414.000000</ele>
			</trkpt>
			<trkpt lat="49.745982" lon="14.448611">
				<ele>414.000000</ele>
			</trkpt>
			<trkpt lat="49.745871" lon="14.448458">
				<ele>414.000000</ele>
			</trkpt>
			<trkpt lat="49.745807" lon="14.448351">
				<ele>414.000000</ele>
			</trkpt>
			<trkpt lat="49.745639" lon="14.448477">
				<ele>412.000000</ele>
			</trkpt>
			<trkpt lat="49.745494" lon="14.448628">
				<ele>412.000000</ele>
			</trkpt>
			<trkpt lat="49.745430" lon="14.448718">
				<ele>412.000000</ele>
			</trkpt>
			<trkpt lat="49.745378" lon="14.448817">
				<ele>412.000000</ele>
			</trkpt>
			<trkpt lat="49.745279" lon="14.449033">
				<ele>412.000000</ele>
			</trkpt>
			<trkpt lat="49.745105" lon="14.448691">
				<ele>412.000000</ele>
			</trkpt>
			<trkpt lat="49.744977" lon="14.448431">
				<ele>412.000000</ele>
			</trkpt>
			<trkpt lat="49.744844" lon="14.448207">
				<ele>411.000000</ele>
			</trkpt>
			<trkpt lat="49.744716" lon="14.447991">
				<ele>410.000000</ele>
			</trkpt>
			<trkpt lat="49.744583" lon="14.447794">
				<ele>409.000000</ele>
			</trkpt>
			<trkpt lat="49.744437" lon="14.447605">
				<ele>408.000000</ele>
			</trkpt>
			<trkpt lat="49.744037" lon="14.447138">
				<ele>405.000000</ele>
			</trkpt>
			<trkpt lat="49.743933" lon="14.447039">
				<ele>405.000000</ele>
			</trkpt>
			<trkpt lat="49.743839" lon="14.446985">
				<ele>403.000000</ele>
			</trkpt>
			<trkpt lat="49.743723" lon="14.446958">
				<ele>401.000000</ele>
			</trkpt>
			<trkpt lat="49.743590" lon="14.446949">
				<ele>400.000000</ele>
			</trkpt>
			<trkpt lat="49.743212" lon="14.446949">
				<ele>396.000000</ele>
			</trkpt>
			<trkpt lat="49.743021" lon="14.446949">
				<ele>394.000000</ele>
			</trkpt>
			<trkpt lat="49.742905" lon="14.446932">
				<ele>393.000000</ele>
			</trkpt>
			<trkpt lat="49.742777" lon="14.446859">
				<ele>391.000000</ele>
			</trkpt>
			<trkpt lat="49.742650" lon="14.446760">
				<ele>388.000000</ele>
			</trkpt>
			<trkpt lat="49.742290" lon="14.446464">
				<ele>385.000000</ele>
			</trkpt>
			<trkpt lat="49.742174" lon="14.446338">
				<ele>384.000000</ele>
			</trkpt>
			<trkpt lat="49.742034" lon="14.446186">
				<ele>384.000000</ele>
			</trkpt>
			<trkpt lat="49.741993" lon="14.446150">
				<ele>384.000000</ele>
			</trkpt>
			<trkpt lat="49.741964" lon="14.446131">
				<ele>384.000000</ele>
			</trkpt>
			<trkpt lat="49.741930" lon="14.446123">
				<ele>384.000000</ele>
			</trkpt>
			<trkpt lat="49.741895" lon="14.446131">
				<ele>384.000000</ele>
			</trkpt>
			<trkpt lat="49.741814" lon="14.445943">
				<ele>383.000000</ele>
			</trkpt>
			<trkpt lat="49.741709" lon="14.445772">
				<ele>382.000000</ele>
			</trkpt>
			<trkpt lat="49.741401" lon="14.445359">
				<ele>381.000000</ele>
			</trkpt>
			<trkpt lat="49.741315" lon="14.445242">
				<ele>381.000000</ele>
			</trkpt>
			<trkpt lat="49.741250" lon="14.445098">
				<ele>380.000000</ele>
			</trkpt>
			<trkpt lat="49.741204" lon="14.444964">
				<ele>380.000000</ele>
			</trkpt>
			<trkpt lat="49.741175" lon="14.444766">
				<ele>380.000000</ele>
			</trkpt>
			<trkpt lat="49.741129" lon="14.444425">
				<ele>379.000000</ele>
			</trkpt>
			<trkpt lat="49.741099" lon="14.444146">
				<ele>379.000000</ele>
			</trkpt>
			<trkpt lat="49.741094" lon="14.444020">
				<ele>379.000000</ele>
			</trkpt>
			<trkpt lat="49.741071" lon="14.443913">
				<ele>378.000000</ele>
			</trkpt>
			<trkpt lat="49.740908" lon="14.443553">
				<ele>378.000000</ele>
			</trkpt>
			<trkpt lat="49.740861" lon="14.443464">
				<ele>378.000000</ele>
			</trkpt>
			<trkpt lat="49.740798" lon="14.443410">
				<ele>378.000000</ele>
			</trkpt>
			<trkpt lat="49.740745" lon="14.443401">
				<ele>378.000000</ele>
			</trkpt>
			<trkpt lat="49.740682" lon="14.443410">
				<ele>377.000000</ele>
			</trkpt>
			<trkpt lat="49.740612" lon="14.443473">
				<ele>377.000000</ele>
			</trkpt>
			<trkpt lat="49.740496" lon="14.443527">
				<ele>376.000000</ele>
			</trkpt>
			<trkpt lat="49.740450" lon="14.443544">
				<ele>376.000000</ele>
			</trkpt>
			<trkpt lat="49.740397" lon="14.443544">
				<ele>376.000000</ele>
			</trkpt>
			<trkpt lat="49.740298" lon="14.443490">
				<ele>376.000000</ele>
			</trkpt>
			<trkpt lat="49.740136" lon="14.443364">
				<ele>378.000000</ele>
			</trkpt>
			<trkpt lat="49.740061" lon="14.443311">
				<ele>378.000000</ele>
			</trkpt>
			<trkpt lat="49.739991" lon="14.443293">
				<ele>377.000000</ele>
			</trkpt>
			<trkpt lat="49.739921" lon="14.443293">
				<ele>377.000000</ele>
			</trkpt>
			<trkpt lat="49.739857" lon="14.443337">
				<ele>376.000000</ele>
			</trkpt>
			<trkpt lat="49.739799" lon="14.443391">
				<ele>376.000000</ele>
			</trkpt>
			<trkpt lat="49.739730" lon="14.443517">
				<ele>375.000000</ele>
			</trkpt>
			<trkpt lat="49.739695" lon="14.443590">
				<ele>374.000000</ele>
			</trkpt>
			<trkpt lat="49.739544" lon="14.443814">
				<ele>373.000000</ele>
			</trkpt>
			<trkpt lat="49.739399" lon="14.444039">
				<ele>372.000000</ele>
			</trkpt>
			<trkpt lat="49.739277" lon="14.444219">
				<ele>372.000000</ele>
			</trkpt>
			<trkpt lat="49.739161" lon="14.444362">
				<ele>372.000000</ele>
			</trkpt>
			<trkpt lat="49.739044" lon="14.444488">
				<ele>372.000000</ele>
			</trkpt>
			<trkpt lat="49.738987" lon="14.444532">
				<ele>372.000000</ele>
			</trkpt>
			<trkpt lat="49.738934" lon="14.444569">
				<ele>373.000000</ele>
			</trkpt>
			<trkpt lat="49.738882" lon="14.444586">
				<ele>372.000000</ele>
			</trkpt>
			<trkpt lat="49.738830" lon="14.444586">
				<ele>372.000000</ele>
			</trkpt>
			<trkpt lat="49.738749" lon="14.444559">
				<ele>372.000000</ele>
			</trkpt>
			<trkpt lat="49.738673" lon="14.444488">
				<ele>372.000000</ele>
			</trkpt>
			<trkpt lat="49.738476" lon="14.444245">
				<ele>373.000000</ele>
			</trkpt>
			<trkpt lat="49.738052" lon="14.443661">
				<ele>375.000000</ele>
			</trkpt>
			<trkpt lat="49.737988" lon="14.443580">
				<ele>375.000000</ele>
			</trkpt>
			<trkpt lat="49.737924" lon="14.443527">
				<ele>376.000000</ele>
			</trkpt>
			<trkpt lat="49.737860" lon="14.443490">
				<ele>376.000000</ele>
			</trkpt>
			<trkpt lat="49.737796" lon="14.443464">
				<ele>375.000000</ele>
			</trkpt>
			<trkpt lat="49.737222" lon="14.443481">
				<ele>374.000000</ele>
			</trkpt>
			<trkpt lat="49.737024" lon="14.443500">
				<ele>375.000000</ele>
			</trkpt>
			<trkpt lat="49.736931" lon="14.443527">
				<ele>375.000000</ele>
			</trkpt>
			<trkpt lat="49.736862" lon="14.443553">
				<ele>375.000000</ele>
			</trkpt>
			<trkpt lat="49.736792" lon="14.443607">
				<ele>375.000000</ele>
			</trkpt>
			<trkpt lat="49.736717" lon="14.443670">
				<ele>376.000000</ele>
			</trkpt>
			<trkpt lat="49.736647" lon="14.443751">
				<ele>376.000000</ele>
			</trkpt>
			<trkpt lat="49.736565" lon="14.443859">
				<ele>376.000000</ele>
			</trkpt>
			<trkpt lat="49.736211" lon="14.444335">
				<ele>377.000000</ele>
			</trkpt>
			<trkpt lat="49.735520" lon="14.445234">
				<ele>374.000000</ele>
			</trkpt>
			<trkpt lat="49.734853" lon="14.446131">
				<ele>370.000000</ele>
			</trkpt>
			<trkpt lat="49.734481" lon="14.446607">
				<ele>369.000000</ele>
			</trkpt>
			<trkpt lat="49.734127" lon="14.447039">
				<ele>369.000000</ele>
			</trkpt>
			<trkpt lat="49.733982" lon="14.447192">
				<ele>369.000000</ele>
			</trkpt>
			<trkpt lat="49.733837" lon="14.447318">
				<ele>368.000000</ele>
			</trkpt>
			<trkpt lat="49.733697" lon="14.447452">
				<ele>368.000000</ele>
			</trkpt>
			<trkpt lat="49.733523" lon="14.447559">
				<ele>368.000000</ele>
			</trkpt>
			<trkpt lat="49.733337" lon="14.447676">
				<ele>368.000000</ele>
			</trkpt>
			<trkpt lat="49.733076" lon="14.447811">
				<ele>368.000000</ele>
			</trkpt>
			<trkpt lat="49.732699" lon="14.448018">
				<ele>369.000000</ele>
			</trkpt>
			<trkpt lat="49.732513" lon="14.448098">
				<ele>369.000000</ele>
			</trkpt>
			<trkpt lat="49.732402" lon="14.448125">
				<ele>370.000000</ele>
			</trkpt>
			<trkpt lat="49.732280" lon="14.448144">
				<ele>370.000000</ele>
			</trkpt>
			<trkpt lat="49.732002" lon="14.448161">
				<ele>370.000000</ele>
			</trkpt>
			<trkpt lat="49.731909" lon="14.448144">
				<ele>370.000000</ele>
			</trkpt>
			<trkpt lat="49.731793" lon="14.448108">
				<ele>370.000000</ele>
			</trkpt>
			<trkpt lat="49.731665" lon="14.448027">
				<ele>370.000000</ele>
			</trkpt>
			<trkpt lat="49.731520" lon="14.447919">
				<ele>370.000000</ele>
			</trkpt>
			<trkpt lat="49.731398" lon="14.447811">
				<ele>371.000000</ele>
			</trkpt>
			<trkpt lat="49.731241" lon="14.447659">
				<ele>370.000000</ele>
			</trkpt>
			<trkpt lat="49.730719" lon="14.447093">
				<ele>369.000000</ele>
			</trkpt>
			<trkpt lat="49.730509" lon="14.446850">
				<ele>368.000000</ele>
			</trkpt>
			<trkpt lat="49.730283" lon="14.446572">
				<ele>366.000000</ele>
			</trkpt>
			<trkpt lat="49.730092" lon="14.446293">
				<ele>364.000000</ele>
			</trkpt>
			<trkpt lat="49.729697" lon="14.445718">
				<ele>362.000000</ele>
			</trkpt>
			<trkpt lat="49.729476" lon="14.445412">
				<ele>360.000000</ele>
			</trkpt>
			<trkpt lat="49.729226" lon="14.445125">
				<ele>358.000000</ele>
			</trkpt>
			<trkpt lat="49.728924" lon="14.444819">
				<ele>355.000000</ele>
			</trkpt>
			<trkpt lat="49.728861" lon="14.444766">
				<ele>355.000000</ele>
			</trkpt>
			<trkpt lat="49.728773" lon="14.444730">
				<ele>354.000000</ele>
			</trkpt>
			<trkpt lat="49.728692" lon="14.444703">
				<ele>354.000000</ele>
			</trkpt>
			<trkpt lat="49.728611" lon="14.444676">
				<ele>353.000000</ele>
			</trkpt>
			<trkpt lat="49.728466" lon="14.444676">
				<ele>352.000000</ele>
			</trkpt>
			<trkpt lat="49.728071" lon="14.444695">
				<ele>349.000000</ele>
			</trkpt>
			<trkpt lat="49.727664" lon="14.444703">
				<ele>346.000000</ele>
			</trkpt>
			<trkpt lat="49.727531" lon="14.444685">
				<ele>345.000000</ele>
			</trkpt>
			<trkpt lat="49.727397" lon="14.444658">
				<ele>344.000000</ele>
			</trkpt>
			<trkpt lat="49.727258" lon="14.444622">
				<ele>343.000000</ele>
			</trkpt>
			<trkpt lat="49.727124" lon="14.444550">
				<ele>342.000000</ele>
			</trkpt>
			<trkpt lat="49.726990" lon="14.444469">
				<ele>342.000000</ele>
			</trkpt>
			<trkpt lat="49.726874" lon="14.444389">
				<ele>341.000000</ele>
			</trkpt>
			<trkpt lat="49.726695" lon="14.444227">
				<ele>340.000000</ele>
			</trkpt>
			<trkpt lat="49.726445" lon="14.443966">
				<ele>339.000000</ele>
			</trkpt>
			<trkpt lat="49.726346" lon="14.443823">
				<ele>339.000000</ele>
			</trkpt>
			<trkpt lat="49.726259" lon="14.443679">
				<ele>339.000000</ele>
			</trkpt>
			<trkpt lat="49.726178" lon="14.443536">
				<ele>338.000000</ele>
			</trkpt>
			<trkpt lat="49.726097" lon="14.443374">
				<ele>338.000000</ele>
			</trkpt>
			<trkpt lat="49.725864" lon="14.442844">
				<ele>335.000000</ele>
			</trkpt>
			<trkpt lat="49.725591" lon="14.442161">
				<ele>332.000000</ele>
			</trkpt>
			<trkpt lat="49.725086" lon="14.440804">
				<ele>325.000000</ele>
			</trkpt>
			<trkpt lat="49.724813" lon="14.440112">
				<ele>320.000000</ele>
			</trkpt>
			<trkpt lat="49.724708" lon="14.439906">
				<ele>319.000000</ele>
			</trkpt>
			<trkpt lat="49.724575" lon="14.439655">
				<ele>317.000000</ele>
			</trkpt>
			<trkpt lat="49.724418" lon="14.439439">
				<ele>315.000000</ele>
			</trkpt>
			<trkpt lat="49.724255" lon="14.439232">
				<ele>313.000000</ele>
			</trkpt>
			<trkpt lat="49.724069" lon="14.439026">
				<ele>310.000000</ele>
			</trkpt>
			<trkpt lat="49.723866" lon="14.438846">
				<ele>307.000000</ele>
			</trkpt>
			<trkpt lat="49.723617" lon="14.438630">
				<ele>304.000000</ele>
			</trkpt>
			<trkpt lat="49.723263" lon="14.438343">
				<ele>298.000000</ele>
			</trkpt>
			<trkpt lat="49.723129" lon="14.438217">
				<ele>297.000000</ele>
			</trkpt>
			<trkpt lat="49.722995" lon="14.438091">
				<ele>296.000000</ele>
			</trkpt>
			<trkpt lat="49.722914" lon="14.438028">
				<ele>295.000000</ele>
			</trkpt>
			<trkpt lat="49.722803" lon="14.437957">
				<ele>294.000000</ele>
			</trkpt>
			<trkpt lat="49.722687" lon="14.437921">
				<ele>296.000000</ele>
			</trkpt>
			<trkpt lat="49.722595" lon="14.437921">
				<ele>297.000000</ele>
			</trkpt>
			<trkpt lat="49.722508" lon="14.437948">
				<ele>298.000000</ele>
			</trkpt>
			<trkpt lat="49.722264" lon="14.438127">
				<ele>301.000000</ele>
			</trkpt>
			<trkpt lat="49.722048" lon="14.438298">
				<ele>304.000000</ele>
			</trkpt>
			<trkpt lat="49.721834" lon="14.438496">
				<ele>305.000000</ele>
			</trkpt>
			<trkpt lat="49.721619" lon="14.438703">
				<ele>308.000000</ele>
			</trkpt>
			<trkpt lat="49.721515" lon="14.438802">
				<ele>308.000000</ele>
			</trkpt>
			<trkpt lat="49.721415" lon="14.438864">
				<ele>310.000000</ele>
			</trkpt>
			<trkpt lat="49.721317" lon="14.438900">
				<ele>313.000000</ele>
			</trkpt>
			<trkpt lat="49.721236" lon="14.438919">
				<ele>314.000000</ele>
			</trkpt>
			<trkpt lat="49.721143" lon="14.438909">
				<ele>317.000000</ele>
			</trkpt>
			<trkpt lat="49.721061" lon="14.438864">
				<ele>319.000000</ele>
			</trkpt>
			<trkpt lat="49.720992" lon="14.438792">
				<ele>321.000000</ele>
			</trkpt>
			<trkpt lat="49.720917" lon="14.438684">
				<ele>323.000000</ele>
			</trkpt>
			<trkpt lat="49.720782" lon="14.438469">
				<ele>325.000000</ele>
			</trkpt>
			<trkpt lat="49.720655" lon="14.438190">
				<ele>330.000000</ele>
			</trkpt>
			<trkpt lat="49.720603" lon="14.438091">
				<ele>331.000000</ele>
			</trkpt>
			<trkpt lat="49.720527" lon="14.437984">
				<ele>332.000000</ele>
			</trkpt>
			<trkpt lat="49.720434" lon="14.437858">
				<ele>333.000000</ele>
			</trkpt>
			<trkpt lat="49.720330" lon="14.437724">
				<ele>335.000000</ele>
			</trkpt>
			<trkpt lat="49.720138" lon="14.437525">
				<ele>336.000000</ele>
			</trkpt>
			<trkpt lat="49.720074" lon="14.437345">
				<ele>336.000000</ele>
			</trkpt>
			<trkpt lat="49.719958" lon="14.436978">
				<ele>337.000000</ele>
			</trkpt>
			<trkpt lat="49.719900" lon="14.436699">
				<ele>336.000000</ele>
			</trkpt>
			<trkpt lat="49.719819" lon="14.436214">
				<ele>336.000000</ele>
			</trkpt>
			<trkpt lat="49.719621" lon="14.434884">
				<ele>337.000000</ele>
			</trkpt>
			<trkpt lat="49.719575" lon="14.434579">
				<ele>338.000000</ele>
			</trkpt>
			<trkpt lat="49.719522" lon="14.434345">
				<ele>339.000000</ele>
			</trkpt>
			<trkpt lat="49.719447" lon="14.434121">
				<ele>338.000000</ele>
			</trkpt>
			<trkpt lat="49.719377" lon="14.433915">
				<ele>338.000000</ele>
			</trkpt>
			<trkpt lat="49.719064" lon="14.433240">
				<ele>337.000000</ele>
			</trkpt>
			<trkpt lat="49.718529" lon="14.431956">
				<ele>336.000000</ele>
			</trkpt>
			<trkpt lat="49.718210" lon="14.431238">
				<ele>337.000000</ele>
			</trkpt>
			<trkpt lat="49.718134" lon="14.431076">
				<ele>337.000000</ele>
			</trkpt>
			<trkpt lat="49.718036" lon="14.430896">
				<ele>337.000000</ele>
			</trkpt>
			<trkpt lat="49.717710" lon="14.430348">
				<ele>336.000000</ele>
			</trkpt>
			<trkpt lat="49.717600" lon="14.430150">
				<ele>334.000000</ele>
			</trkpt>
			<trkpt lat="49.717536" lon="14.430016">
				<ele>334.000000</ele>
			</trkpt>
			<trkpt lat="49.717484" lon="14.429871">
				<ele>333.000000</ele>
			</trkpt>
			<trkpt lat="49.717437" lon="14.429711">
				<ele>332.000000</ele>
			</trkpt>
			<trkpt lat="49.717385" lon="14.429531">
				<ele>331.000000</ele>
			</trkpt>
			<trkpt lat="49.717251" lon="14.428938">
				<ele>332.000000</ele>
			</trkpt>
			<trkpt lat="49.717135" lon="14.428326">
				<ele>332.000000</ele>
			</trkpt>
			<trkpt lat="49.716799" lon="14.426315">
				<ele>338.000000</ele>
			</trkpt>
			<trkpt lat="49.716717" lon="14.425766">
				<ele>337.000000</ele>
			</trkpt>
			<trkpt lat="49.716671" lon="14.425290">
				<ele>338.000000</ele>
			</trkpt>
			<trkpt lat="49.716642" lon="14.424806">
				<ele>337.000000</ele>
			</trkpt>
			<trkpt lat="49.716607" lon="14.423916">
				<ele>336.000000</ele>
			</trkpt>
			<trkpt lat="49.716601" lon="14.423755">
				<ele>335.000000</ele>
			</trkpt>
			<trkpt lat="49.716577" lon="14.423575">
				<ele>334.000000</ele>
			</trkpt>
			<trkpt lat="49.716543" lon="14.423378">
				<ele>334.000000</ele>
			</trkpt>
			<trkpt lat="49.716496" lon="14.423198">
				<ele>334.000000</ele>
			</trkpt>
			<trkpt lat="49.716415" lon="14.422883">
				<ele>333.000000</ele>
			</trkpt>
			<trkpt lat="49.716148" lon="14.422066">
				<ele>331.000000</ele>
			</trkpt>
			<trkpt lat="49.716049" lon="14.421707">
				<ele>330.000000</ele>
			</trkpt>
			<trkpt lat="49.715974" lon="14.421347">
				<ele>327.000000</ele>
			</trkpt>
			<trkpt lat="49.715968" lon="14.421221">
				<ele>327.000000</ele>
			</trkpt>
			<trkpt lat="49.715956" lon="14.421068">
				<ele>326.000000</ele>
			</trkpt>
			<trkpt lat="49.715933" lon="14.420602">
				<ele>323.000000</ele>
			</trkpt>
			<trkpt lat="49.715881" lon="14.419919">
				<ele>318.000000</ele>
			</trkpt>
			<trkpt lat="49.715869" lon="14.419766">
				<ele>316.000000</ele>
			</trkpt>
			<trkpt lat="49.715875" lon="14.419640">
				<ele>315.000000</ele>
			</trkpt>
			<trkpt lat="49.715904" lon="14.419533">
				<ele>314.000000</ele>
			</trkpt>
			<trkpt lat="49.715939" lon="14.419434">
				<ele>313.000000</ele>
			</trkpt>
			<trkpt lat="49.716026" lon="14.419308">
				<ele>312.000000</ele>
			</trkpt>
			<trkpt lat="49.716217" lon="14.419074">
				<ele>310.000000</ele>
			</trkpt>
			<trkpt lat="49.716241" lon="14.419011">
				<ele>309.000000</ele>
			</trkpt>
			<trkpt lat="49.716252" lon="14.418958">
				<ele>309.000000</ele>
			</trkpt>
			<trkpt lat="49.716241" lon="14.418877">
				<ele>308.000000</ele>
			</trkpt>
			<trkpt lat="49.716206" lon="14.418822">
				<ele>308.000000</ele>
			</trkpt>
			<trkpt lat="49.716160" lon="14.418795">
				<ele>307.000000</ele>
			</trkpt>
			<trkpt lat="49.716113" lon="14.418795">
				<ele>306.000000</ele>
			</trkpt>
			<trkpt lat="49.716072" lon="14.418822">
				<ele>306.000000</ele>
			</trkpt>
			<trkpt lat="49.715991" lon="14.418868">
				<ele>305.000000</ele>
			</trkpt>
			<trkpt lat="49.715916" lon="14.418877">
				<ele>305.000000</ele>
			</trkpt>
			<trkpt lat="49.715857" lon="14.418894">
				<ele>305.000000</ele>
			</trkpt>
			<trkpt lat="49.715782" lon="14.418877">
				<ele>303.000000</ele>
			</trkpt>
			<trkpt lat="49.715515" lon="14.418831">
				<ele>303.000000</ele>
			</trkpt>
			<trkpt lat="49.715422" lon="14.418805">
				<ele>303.000000</ele>
			</trkpt>
			<trkpt lat="49.715352" lon="14.418732">
				<ele>302.000000</ele>
			</trkpt>
			<trkpt lat="49.715288" lon="14.418625">
				<ele>302.000000</ele>
			</trkpt>
			<trkpt lat="49.715213" lon="14.418481">
				<ele>302.000000</ele>
			</trkpt>
			<trkpt lat="49.715102" lon="14.418185">
				<ele>302.000000</ele>
			</trkpt>
			<trkpt lat="49.714975" lon="14.417808">
				<ele>302.000000</ele>
			</trkpt>
			<trkpt lat="49.714922" lon="14.417628">
				<ele>302.000000</ele>
			</trkpt>
			<trkpt lat="49.714888" lon="14.417476">
				<ele>301.000000</ele>
			</trkpt>
			<trkpt lat="49.714858" lon="14.417340">
				<ele>302.000000</ele>
			</trkpt>
			<trkpt lat="49.714841" lon="14.417187">
				<ele>302.000000</ele>
			</trkpt>
			<trkpt lat="49.714829" lon="14.417089">
				<ele>303.000000</ele>
			</trkpt>
			<trkpt lat="49.714794" lon="14.416990">
				<ele>303.000000</ele>
			</trkpt>
			<trkpt lat="49.714737" lon="14.416927">
				<ele>303.000000</ele>
			</trkpt>
			<trkpt lat="49.714678" lon="14.416864">
				<ele>305.000000</ele>
			</trkpt>
			<trkpt lat="49.714655" lon="14.416290">
				<ele>302.000000</ele>
			</trkpt>
			<trkpt lat="49.714644" lon="14.415992">
				<ele>302.000000</ele>
			</trkpt>
			<trkpt lat="49.714650" lon="14.415805">
				<ele>301.000000</ele>
			</trkpt>
			<trkpt lat="49.714678" lon="14.415606">
				<ele>300.000000</ele>
			</trkpt>
			<trkpt lat="49.714725" lon="14.415409">
				<ele>299.000000</ele>
			</trkpt>
			<trkpt lat="49.714794" lon="14.415185">
				<ele>298.000000</ele>
			</trkpt>
			<trkpt lat="49.714916" lon="14.414879">
				<ele>298.000000</ele>
			</trkpt>
			<trkpt lat="49.714951" lon="14.414826">
				<ele>298.000000</ele>
			</trkpt>
			<trkpt lat="49.715010" lon="14.414772">
				<ele>298.000000</ele>
			</trkpt>
			<trkpt lat="49.715067" lon="14.414753">
				<ele>298.000000</ele>
			</trkpt>
			<trkpt lat="49.715143" lon="14.414744">
				<ele>297.000000</ele>
			</trkpt>
			<trkpt lat="49.715248" lon="14.414772">
				<ele>296.000000</ele>
			</trkpt>
			<trkpt lat="49.715346" lon="14.414799">
				<ele>296.000000</ele>
			</trkpt>
			<trkpt lat="49.715387" lon="14.414807">
				<ele>296.000000</ele>
			</trkpt>
			<trkpt lat="49.715422" lon="14.414789">
				<ele>297.000000</ele>
			</trkpt>
			<trkpt lat="49.715457" lon="14.414753">
				<ele>297.000000</ele>
			</trkpt>
			<trkpt lat="49.715503" lon="14.414682">
				<ele>298.000000</ele>
			</trkpt>
			<trkpt lat="49.715677" lon="14.414233">
				<ele>298.000000</ele>
			</trkpt>
			<trkpt lat="49.715730" lon="14.414080">
				<ele>298.000000</ele>
			</trkpt>
			<trkpt lat="49.715759" lon="14.413936">
				<ele>298.000000</ele>
			</trkpt>
			<trkpt lat="49.715759" lon="14.413936">
				<ele>298.000000</ele>
			</trkpt>
			<trkpt lat="49.715765" lon="14.413918">
				<ele>298.000000</ele>
			</trkpt>
			<trkpt lat="49.715805" lon="14.413944">
				<ele>298.000000</ele>
			</trkpt>
			<trkpt lat="49.715840" lon="14.414008">
				<ele>300.000000</ele>
			</trkpt>
			<trkpt lat="49.715869" lon="14.414097">
				<ele>300.000000</ele>
			</trkpt>
			<trkpt lat="49.715875" lon="14.414160">
				<ele>300.000000</ele>
			</trkpt>
			<trkpt lat="49.715904" lon="14.414384">
				<ele>301.000000</ele>
			</trkpt>
			<trkpt lat="49.715922" lon="14.414457">
				<ele>301.000000</ele>
			</trkpt>
			<trkpt lat="49.715956" lon="14.414520">
				<ele>301.000000</ele>
			</trkpt>
			<trkpt lat="49.716020" lon="14.414520">
				<ele>302.000000</ele>
			</trkpt>
			<trkpt lat="49.716130" lon="14.414493">
				<ele>303.000000</ele>
			</trkpt>
			<trkpt lat="49.716229" lon="14.414466">
				<ele>304.000000</ele>
			</trkpt>
			<trkpt lat="49.716311" lon="14.414493">
				<ele>304.000000</ele>
			</trkpt>
			<trkpt lat="49.716392" lon="14.414529">
				<ele>305.000000</ele>
			</trkpt>
			<trkpt lat="49.716525" lon="14.414627">
				<ele>306.000000</ele>
			</trkpt>
			<trkpt lat="49.716577" lon="14.414673">
				<ele>306.000000</ele>
			</trkpt>
			<trkpt lat="49.716653" lon="14.414663">
				<ele>307.000000</ele>
			</trkpt>
			<trkpt lat="49.716734" lon="14.414654">
				<ele>308.000000</ele>
			</trkpt>
			<trkpt lat="49.716821" lon="14.414789">
				<ele>309.000000</ele>
			</trkpt>
			<trkpt lat="49.716862" lon="14.414870">
				<ele>310.000000</ele>
			</trkpt>
			<trkpt lat="49.716909" lon="14.415023">
				<ele>311.000000</ele>
			</trkpt>
			<trkpt lat="49.716972" lon="14.415319">
				<ele>311.000000</ele>
			</trkpt>
			<trkpt lat="49.717147" lon="14.416164">
				<ele>310.000000</ele>
			</trkpt>
			<trkpt lat="49.717216" lon="14.416460">
				<ele>309.000000</ele>
			</trkpt>
			<trkpt lat="49.717321" lon="14.416793">
				<ele>308.000000</ele>
			</trkpt>
			<trkpt lat="49.717449" lon="14.417170">
				<ele>308.000000</ele>
			</trkpt>
			<trkpt lat="49.717629" lon="14.417592">
				<ele>307.000000</ele>
			</trkpt>
			<trkpt lat="49.717693" lon="14.417718">
				<ele>307.000000</ele>
			</trkpt>
			<trkpt lat="49.717768" lon="14.417843">
				<ele>306.000000</ele>
			</trkpt>
			<trkpt lat="49.717838" lon="14.417942">
				<ele>305.000000</ele>
			</trkpt>
			<trkpt lat="49.717908" lon="14.418023">
				<ele>304.000000</ele>
			</trkpt>
			<trkpt lat="49.718012" lon="14.418105">
				<ele>303.000000</ele>
			</trkpt>
			<trkpt lat="49.718111" lon="14.418176">
				<ele>302.000000</ele>
			</trkpt>
			<trkpt lat="49.718216" lon="14.418212">
				<ele>302.000000</ele>
			</trkpt>
			<trkpt lat="49.718326" lon="14.418256">
				<ele>301.000000</ele>
			</trkpt>
			<trkpt lat="49.718431" lon="14.418266">
				<ele>301.000000</ele>
			</trkpt>
			<trkpt lat="49.718541" lon="14.418266">
				<ele>301.000000</ele>
			</trkpt>
			<trkpt lat="49.719162" lon="14.418284">
				<ele>301.000000</ele>
			</trkpt>
			<trkpt lat="49.719906" lon="14.418266">
				<ele>299.000000</ele>
			</trkpt>
			<trkpt lat="49.719999" lon="14.418275">
				<ele>299.000000</ele>
			</trkpt>
			<trkpt lat="49.720144" lon="14.418319">
				<ele>299.000000</ele>
			</trkpt>
			<trkpt lat="49.720504" lon="14.418392">
				<ele>299.000000</ele>
			</trkpt>
			<trkpt lat="49.720655" lon="14.418445">
				<ele>297.000000</ele>
			</trkpt>
			<trkpt lat="49.720817" lon="14.418544">
				<ele>295.000000</ele>
			</trkpt>
			<trkpt lat="49.720945" lon="14.418625">
				<ele>294.000000</ele>
			</trkpt>
			<trkpt lat="49.721155" lon="14.418778">
				<ele>293.000000</ele>
			</trkpt>
			<trkpt lat="49.721323" lon="14.418894">
				<ele>291.000000</ele>
			</trkpt>
			<trkpt lat="49.721584" lon="14.419002">
				<ele>291.000000</ele>
			</trkpt>
			<trkpt lat="49.721747" lon="14.419084">
				<ele>291.000000</ele>
			</trkpt>
			<trkpt lat="49.721962" lon="14.419254">
				<ele>291.000000</ele>
			</trkpt>
			<trkpt lat="49.722072" lon="14.419344">
				<ele>290.000000</ele>
			</trkpt>
			<trkpt lat="49.722200" lon="14.419523">
				<ele>289.000000</ele>
			</trkpt>
			<trkpt lat="49.722374" lon="14.419784">
				<ele>289.000000</ele>
			</trkpt>
			<trkpt lat="49.722455" lon="14.419900">
				<ele>289.000000</ele>
			</trkpt>
			<trkpt lat="49.722519" lon="14.420009">
				<ele>289.000000</ele>
			</trkpt>
			<trkpt lat="49.722571" lon="14.420116">
				<ele>288.000000</ele>
			</trkpt>
			<trkpt lat="49.722734" lon="14.420548">
				<ele>288.000000</ele>
			</trkpt>
			<trkpt lat="49.722798" lon="14.420709">
				<ele>289.000000</ele>
			</trkpt>
			<trkpt lat="49.722873" lon="14.421032">
				<ele>291.000000</ele>
			</trkpt>
			<trkpt lat="49.722891" lon="14.421095">
				<ele>291.000000</ele>
			</trkpt>
			<trkpt lat="49.722903" lon="14.421168">
				<ele>292.000000</ele>
			</trkpt>
			<trkpt lat="49.722891" lon="14.421321">
				<ele>291.000000</ele>
			</trkpt>
			<trkpt lat="49.722676" lon="14.423170">
				<ele>288.000000</ele>
			</trkpt>
			<trkpt lat="49.722659" lon="14.423332">
				<ele>288.000000</ele>
			</trkpt>
			<trkpt lat="49.722659" lon="14.423575">
				<ele>289.000000</ele>
			</trkpt>
			<trkpt lat="49.722664" lon="14.423835">
				<ele>288.000000</ele>
			</trkpt>
			<trkpt lat="49.722687" lon="14.424150">
				<ele>288.000000</ele>
			</trkpt>
			<trkpt lat="49.722716" lon="14.424267">
				<ele>288.000000</ele>
			</trkpt>
			<trkpt lat="49.722751" lon="14.424347">
				<ele>289.000000</ele>
			</trkpt>
			<trkpt lat="49.722809" lon="14.424428">
				<ele>289.000000</ele>
			</trkpt>
			<trkpt lat="49.722925" lon="14.424537">
				<ele>291.000000</ele>
			</trkpt>
			<trkpt lat="49.723100" lon="14.424716">
				<ele>296.000000</ele>
			</trkpt>
			<trkpt lat="49.723268" lon="14.424868">
				<ele>300.000000</ele>
			</trkpt>
			<trkpt lat="49.723449" lon="14.425003">
				<ele>304.000000</ele>
			</trkpt>
			<trkpt lat="49.723768" lon="14.425237">
				<ele>310.000000</ele>
			</trkpt>
			<trkpt lat="49.723855" lon="14.425317">
				<ele>311.000000</ele>
			</trkpt>
			<trkpt lat="49.723947" lon="14.425443">
				<ele>312.000000</ele>
			</trkpt>
			<trkpt lat="49.723994" lon="14.425524">
				<ele>313.000000</ele>
			</trkpt>
			<trkpt lat="49.724058" lon="14.425596">
				<ele>314.000000</ele>
			</trkpt>
			<trkpt lat="49.724226" lon="14.425776">
				<ele>321.000000</ele>
			</trkpt>
			<trkpt lat="49.724279" lon="14.425829">
				<ele>322.000000</ele>
			</trkpt>
			<trkpt lat="49.724325" lon="14.425892">
				<ele>323.000000</ele>
			</trkpt>
			<trkpt lat="49.724401" lon="14.426036">
				<ele>323.000000</ele>
			</trkpt>
			<trkpt lat="49.724534" lon="14.426296">
				<ele>320.000000</ele>
			</trkpt>
			<trkpt lat="49.724580" lon="14.426368">
				<ele>319.000000</ele>
			</trkpt>
			<trkpt lat="49.724662" lon="14.426449">
				<ele>318.000000</ele>
			</trkpt>
			<trkpt lat="49.724761" lon="14.426558">
				<ele>317.000000</ele>
			</trkpt>
			<trkpt lat="49.724796" lon="14.426611">
				<ele>316.000000</ele>
			</trkpt>
			<trkpt lat="49.724819" lon="14.426665">
				<ele>316.000000</ele>
			</trkpt>
			<trkpt lat="49.724918" lon="14.426988">
				<ele>313.000000</ele>
			</trkpt>
			<trkpt lat="49.725080" lon="14.427590">
				<ele>308.000000</ele>
			</trkpt>
			<trkpt lat="49.725162" lon="14.427869">
				<ele>306.000000</ele>
			</trkpt>
			<trkpt lat="49.725109" lon="14.427959">
				<ele>306.000000</ele>
			</trkpt>
			<trkpt lat="49.725086" lon="14.428003">
				<ele>306.000000</ele>
			</trkpt>
			<trkpt lat="49.725086" lon="14.428003">
				<ele>306.000000</ele>
			</trkpt>
			<trkpt lat="49.725109" lon="14.427959">
				<ele>306.000000</ele>
			</trkpt>
			<trkpt lat="49.725162" lon="14.427869">
				<ele>306.000000</ele>
			</trkpt>
			<trkpt lat="49.725225" lon="14.427967">
				<ele>305.000000</ele>
			</trkpt>
			<trkpt lat="49.725266" lon="14.427994">
				<ele>304.000000</ele>
			</trkpt>
			<trkpt lat="49.725301" lon="14.428003">
				<ele>304.000000</ele>
			</trkpt>
			<trkpt lat="49.725335" lon="14.428003">
				<ele>304.000000</ele>
			</trkpt>
			<trkpt lat="49.725388" lon="14.427994">
				<ele>303.000000</ele>
			</trkpt>
			<trkpt lat="49.725521" lon="14.427932">
				<ele>302.000000</ele>
			</trkpt>
			<trkpt lat="49.726846" lon="14.427240">
				<ele>304.000000</ele>
			</trkpt>
			<trkpt lat="49.727339" lon="14.426971">
				<ele>309.000000</ele>
			</trkpt>
			<trkpt lat="49.727391" lon="14.426971">
				<ele>309.000000</ele>
			</trkpt>
			<trkpt lat="49.727438" lon="14.426944">
				<ele>309.000000</ele>
			</trkpt>
			<trkpt lat="49.727473" lon="14.426898">
				<ele>309.000000</ele>
			</trkpt>
			<trkpt lat="49.727507" lon="14.426827">
				<ele>309.000000</ele>
			</trkpt>
			<trkpt lat="49.727589" lon="14.426665">
				<ele>308.000000</ele>
			</trkpt>
			<trkpt lat="49.727658" lon="14.426566">
				<ele>308.000000</ele>
			</trkpt>
			<trkpt lat="49.727728" lon="14.426512">
				<ele>307.000000</ele>
			</trkpt>
			<trkpt lat="49.727827" lon="14.426476">
				<ele>305.000000</ele>
			</trkpt>
			<trkpt lat="49.727839" lon="14.426386">
				<ele>304.000000</ele>
			</trkpt>
			<trkpt lat="49.727861" lon="14.426296">
				<ele>305.000000</ele>
			</trkpt>
			<trkpt lat="49.727896" lon="14.426216">
				<ele>306.000000</ele>
			</trkpt>
			<trkpt lat="49.727955" lon="14.426145">
				<ele>306.000000</ele>
			</trkpt>
			<trkpt lat="49.728071" lon="14.426036">
				<ele>305.000000</ele>
			</trkpt>
			<trkpt lat="49.728326" lon="14.425839">
				<ele>305.000000</ele>
			</trkpt>
			<trkpt lat="49.728454" lon="14.425713">
				<ele>305.000000</ele>
			</trkpt>
			<trkpt lat="49.728500" lon="14.425650">
				<ele>305.000000</ele>
			</trkpt>
			<trkpt lat="49.728524" lon="14.425596">
				<ele>305.000000</ele>
			</trkpt>
			<trkpt lat="49.728553" lon="14.425542">
				<ele>304.000000</ele>
			</trkpt>
			<trkpt lat="49.728570" lon="14.425462">
				<ele>305.000000</ele>
			</trkpt>
			<trkpt lat="49.728588" lon="14.425290">
				<ele>306.000000</ele>
			</trkpt>
			<trkpt lat="49.728588" lon="14.425003">
				<ele>307.000000</ele>
			</trkpt>
			<trkpt lat="49.728594" lon="14.424940">
				<ele>307.000000</ele>
			</trkpt>
			<trkpt lat="49.728605" lon="14.424904">
				<ele>307.000000</ele>
			</trkpt>
			<trkpt lat="49.728646" lon="14.424850">
				<ele>308.000000</ele>
			</trkpt>
			<trkpt lat="49.728710" lon="14.424806">
				<ele>308.000000</ele>
			</trkpt>
			<trkpt lat="49.728785" lon="14.424806">
				<ele>308.000000</ele>
			</trkpt>
			<trkpt lat="49.728901" lon="14.424860">
				<ele>308.000000</ele>
			</trkpt>
			<trkpt lat="49.729127" lon="14.425003">
				<ele>306.000000</ele>
			</trkpt>
			<trkpt lat="49.729232" lon="14.425047">
				<ele>305.000000</ele>
			</trkpt>
			<trkpt lat="49.729313" lon="14.425057">
				<ele>304.000000</ele>
			</trkpt>
			<trkpt lat="49.729389" lon="14.425047">
				<ele>304.000000</ele>
			</trkpt>
			<trkpt lat="49.729459" lon="14.425021">
				<ele>304.000000</ele>
			</trkpt>
			<trkpt lat="49.729522" lon="14.424958">
				<ele>303.000000</ele>
			</trkpt>
			<trkpt lat="49.729575" lon="14.424904">
				<ele>303.000000</ele>
			</trkpt>
			<trkpt lat="49.729638" lon="14.424806">
				<ele>304.000000</ele>
			</trkpt>
			<trkpt lat="49.729691" lon="14.424697">
				<ele>306.000000</ele>
			</trkpt>
			<trkpt lat="49.729755" lon="14.424571">
				<ele>307.000000</ele>
			</trkpt>
			<trkpt lat="49.729964" lon="14.424024">
				<ele>304.000000</ele>
			</trkpt>
			<trkpt lat="49.730092" lon="14.423665">
				<ele>305.000000</ele>
			</trkpt>
			<trkpt lat="49.730208" lon="14.423315">
				<ele>304.000000</ele>
			</trkpt>
			<trkpt lat="49.730318" lon="14.422900">
				<ele>304.000000</ele>
			</trkpt>
			<trkpt lat="49.730283" lon="14.422784">
				<ele>306.000000</ele>
			</trkpt>
			<trkpt lat="49.730266" lon="14.422694">
				<ele>308.000000</ele>
			</trkpt>
			<trkpt lat="49.730249" lon="14.422317">
				<ele>310.000000</ele>
			</trkpt>
			<trkpt lat="49.730243" lon="14.422057">
				<ele>311.000000</ele>
			</trkpt>
			<trkpt lat="49.730254" lon="14.421913">
				<ele>312.000000</ele>
			</trkpt>
			<trkpt lat="49.730271" lon="14.421805">
				<ele>312.000000</ele>
			</trkpt>
			<trkpt lat="49.730330" lon="14.421562">
				<ele>313.000000</ele>
			</trkpt>
			<trkpt lat="49.730440" lon="14.421221">
				<ele>313.000000</ele>
			</trkpt>
			<trkpt lat="49.730492" lon="14.421095">
				<ele>312.000000</ele>
			</trkpt>
			<trkpt lat="49.730544" lon="14.420879">
				<ele>311.000000</ele>
			</trkpt>
			<trkpt lat="49.730579" lon="14.420718">
				<ele>311.000000</ele>
			</trkpt>
			<trkpt lat="49.730608" lon="14.420566">
				<ele>310.000000</ele>
			</trkpt>
			<trkpt lat="49.730631" lon="14.420080">
				<ele>308.000000</ele>
			</trkpt>
			<trkpt lat="49.730631" lon="14.419990">
				<ele>307.000000</ele>
			</trkpt>
			<trkpt lat="49.730614" lon="14.419927">
				<ele>307.000000</ele>
			</trkpt>
			<trkpt lat="49.730556" lon="14.419883">
				<ele>307.000000</ele>
			</trkpt>
			<trkpt lat="49.730487" lon="14.419829">
				<ele>307.000000</ele>
			</trkpt>
			<trkpt lat="49.730387" lon="14.419793">
				<ele>308.000000</ele>
			</trkpt>
			<trkpt lat="49.730109" lon="14.419713">
				<ele>312.000000</ele>
			</trkpt>
			<trkpt lat="49.730028" lon="14.419667">
				<ele>313.000000</ele>
			</trkpt>
			<trkpt lat="49.729952" lon="14.419596">
				<ele>314.000000</ele>
			</trkpt>
			<trkpt lat="49.729889" lon="14.419533">
				<ele>315.000000</ele>
			</trkpt>
			<trkpt lat="49.729836" lon="14.419460">
				<ele>315.000000</ele>
			</trkpt>
			<trkpt lat="49.729720" lon="14.419200">
				<ele>316.000000</ele>
			</trkpt>
			<trkpt lat="49.729616" lon="14.418967">
				<ele>317.000000</ele>
			</trkpt>
			<trkpt lat="49.729546" lon="14.418868">
				<ele>318.000000</ele>
			</trkpt>
			<trkpt lat="49.729516" lon="14.418858">
				<ele>318.000000</ele>
			</trkpt>
			<trkpt lat="49.729482" lon="14.418841">
				<ele>319.000000</ele>
			</trkpt>
			<trkpt lat="49.729400" lon="14.418858">
				<ele>320.000000</ele>
			</trkpt>
			<trkpt lat="49.729058" lon="14.419057">
				<ele>327.000000</ele>
			</trkpt>
			<trkpt lat="49.729122" lon="14.418598">
				<ele>324.000000</ele>
			</trkpt>
			<trkpt lat="49.729140" lon="14.418365">
				<ele>322.000000</ele>
			</trkpt>
			<trkpt lat="49.729145" lon="14.418139">
				<ele>321.000000</ele>
			</trkpt>
			<trkpt lat="49.729133" lon="14.417889">
				<ele>320.000000</ele>
			</trkpt>
			<trkpt lat="49.729116" lon="14.417690">
				<ele>320.000000</ele>
			</trkpt>
			<trkpt lat="49.729122" lon="14.417600">
				<ele>320.000000</ele>
			</trkpt>
			<trkpt lat="49.729151" lon="14.417529">
				<ele>320.000000</ele>
			</trkpt>
			<trkpt lat="49.729180" lon="14.417502">
				<ele>320.000000</ele>
			</trkpt>
			<trkpt lat="49.729203" lon="14.417484">
				<ele>320.000000</ele>
			</trkpt>
			<trkpt lat="49.729232" lon="14.417476">
				<ele>320.000000</ele>
			</trkpt>
			<trkpt lat="49.729261" lon="14.417484">
				<ele>320.000000</ele>
			</trkpt>
			<trkpt lat="49.729348" lon="14.417556">
				<ele>318.000000</ele>
			</trkpt>
			<trkpt lat="49.729400" lon="14.417583">
				<ele>318.000000</ele>
			</trkpt>
			<trkpt lat="49.729557" lon="14.417592">
				<ele>317.000000</ele>
			</trkpt>
			<trkpt lat="49.729638" lon="14.417574">
				<ele>317.000000</ele>
			</trkpt>
			<trkpt lat="49.729738" lon="14.417512">
				<ele>317.000000</ele>
			</trkpt>
			<trkpt lat="49.729889" lon="14.417350">
				<ele>317.000000</ele>
			</trkpt>
			<trkpt lat="49.730033" lon="14.417160">
				<ele>316.000000</ele>
			</trkpt>
			<trkpt lat="49.730190" lon="14.416918">
				<ele>316.000000</ele>
			</trkpt>
			<trkpt lat="49.730318" lon="14.416774">
				<ele>314.000000</ele>
			</trkpt>
			<trkpt lat="49.730440" lon="14.416667">
				<ele>313.000000</ele>
			</trkpt>
			<trkpt lat="49.730556" lon="14.416568">
				<ele>311.000000</ele>
			</trkpt>
			<trkpt lat="49.730655" lon="14.416442">
				<ele>310.000000</ele>
			</trkpt>
			<trkpt lat="49.730747" lon="14.416298">
				<ele>310.000000</ele>
			</trkpt>
			<trkpt lat="49.730898" lon="14.416021">
				<ele>307.000000</ele>
			</trkpt>
			<trkpt lat="49.731747" lon="14.414474">
				<ele>301.000000</ele>
			</trkpt>
			<trkpt lat="49.731851" lon="14.414250">
				<ele>301.000000</ele>
			</trkpt>
			<trkpt lat="49.731938" lon="14.414071">
				<ele>300.000000</ele>
			</trkpt>
			<trkpt lat="49.732002" lon="14.413900">
				<ele>301.000000</ele>
			</trkpt>
			<trkpt lat="49.732048" lon="14.413747">
				<ele>301.000000</ele>
			</trkpt>
			<trkpt lat="49.732089" lon="14.413577">
				<ele>300.000000</ele>
			</trkpt>
			<trkpt lat="49.732118" lon="14.413397">
				<ele>301.000000</ele>
			</trkpt>
			<trkpt lat="49.732136" lon="14.413208">
				<ele>301.000000</ele>
			</trkpt>
			<trkpt lat="49.732141" lon="14.412992">
				<ele>301.000000</ele>
			</trkpt>
			<trkpt lat="49.732136" lon="14.412067">
				<ele>304.000000</ele>
			</trkpt>
			<trkpt lat="49.732124" lon="14.411771">
				<ele>307.000000</ele>
			</trkpt>
			<trkpt lat="49.732107" lon="14.411510">
				<ele>309.000000</ele>
			</trkpt>
			<trkpt lat="49.732072" lon="14.411231">
				<ele>310.000000</ele>
			</trkpt>
			<trkpt lat="49.732025" lon="14.410954">
				<ele>310.000000</ele>
			</trkpt>
			<trkpt lat="49.731950" lon="14.410665">
				<ele>310.000000</ele>
			</trkpt>
			<trkpt lat="49.731869" lon="14.410378">
				<ele>309.000000</ele>
			</trkpt>
			<trkpt lat="49.731787" lon="14.410145">
				<ele>308.000000</ele>
			</trkpt>
			<trkpt lat="49.731706" lon="14.409939">
				<ele>308.000000</ele>
			</trkpt>
			<trkpt lat="49.731433" lon="14.409327">
				<ele>309.000000</ele>
			</trkpt>
			<trkpt lat="49.731340" lon="14.409103">
				<ele>309.000000</ele>
			</trkpt>
			<trkpt lat="49.731258" lon="14.408897">
				<ele>308.000000</ele>
			</trkpt>
			<trkpt lat="49.731183" lon="14.408654">
				<ele>307.000000</ele>
			</trkpt>
			<trkpt lat="49.731044" lon="14.408124">
				<ele>301.000000</ele>
			</trkpt>
			<trkpt lat="49.730992" lon="14.407989">
				<ele>299.000000</ele>
			</trkpt>
			<trkpt lat="49.730928" lon="14.407836">
				<ele>298.000000</ele>
			</trkpt>
			<trkpt lat="49.730736" lon="14.407450">
				<ele>296.000000</ele>
			</trkpt>
			<trkpt lat="49.730562" lon="14.407019">
				<ele>297.000000</ele>
			</trkpt>
			<trkpt lat="49.730719" lon="14.407046">
				<ele>297.000000</ele>
			</trkpt>
			<trkpt lat="49.730852" lon="14.407118">
				<ele>298.000000</ele>
			</trkpt>
			<trkpt lat="49.730980" lon="14.407199">
				<ele>296.000000</ele>
			</trkpt>
			<trkpt lat="49.731125" lon="14.407333">
				<ele>296.000000</ele>
			</trkpt>
			<trkpt lat="49.731230" lon="14.407459">
				<ele>296.000000</ele>
			</trkpt>
			<trkpt lat="49.731334" lon="14.407594">
				<ele>297.000000</ele>
			</trkpt>
			<trkpt lat="49.731613" lon="14.408061">
				<ele>298.000000</ele>
			</trkpt>
			<trkpt lat="49.731747" lon="14.408268">
				<ele>298.000000</ele>
			</trkpt>
			<trkpt lat="49.731804" lon="14.408321">
				<ele>299.000000</ele>
			</trkpt>
			<trkpt lat="49.731885" lon="14.408375">
				<ele>301.000000</ele>
			</trkpt>
			<trkpt lat="49.731967" lon="14.408402">
				<ele>303.000000</ele>
			</trkpt>
			<trkpt lat="49.732252" lon="14.408375">
				<ele>311.000000</ele>
			</trkpt>
			<trkpt lat="49.732687" lon="14.408394">
				<ele>321.000000</ele>
			</trkpt>
			<trkpt lat="49.732907" lon="14.408394">
				<ele>323.000000</ele>
			</trkpt>
			<trkpt lat="49.733064" lon="14.408367">
				<ele>321.000000</ele>
			</trkpt>
			<trkpt lat="49.733169" lon="14.408321">
				<ele>317.000000</ele>
			</trkpt>
			<trkpt lat="49.733267" lon="14.408250">
				<ele>314.000000</ele>
			</trkpt>
			<trkpt lat="49.733732" lon="14.407801">
				<ele>310.000000</ele>
			</trkpt>
			<trkpt lat="49.733889" lon="14.407656">
				<ele>310.000000</ele>
			</trkpt>
			<trkpt lat="49.734278" lon="14.407325">
				<ele>312.000000</ele>
			</trkpt>
			<trkpt lat="49.734394" lon="14.407208">
				<ele>317.000000</ele>
			</trkpt>
			<trkpt lat="49.734533" lon="14.407073">
				<ele>319.000000</ele>
			</trkpt>
			<trkpt lat="49.734667" lon="14.406902">
				<ele>319.000000</ele>
			</trkpt>
			<trkpt lat="49.734783" lon="14.406704">
				<ele>318.000000</ele>
			</trkpt>
			<trkpt lat="49.734870" lon="14.406524">
				<ele>319.000000</ele>
			</trkpt>
			<trkpt lat="49.735050" lon="14.406120">
				<ele>321.000000</ele>
			</trkpt>
			<trkpt lat="49.735068" lon="14.406067">
				<ele>321.000000</ele>
			</trkpt>
			<trkpt lat="49.735102" lon="14.406021">
				<ele>321.000000</ele>
			</trkpt>
			<trkpt lat="49.735201" lon="14.405868">
				<ele>320.000000</ele>
			</trkpt>
			<trkpt lat="49.735306" lon="14.405744">
				<ele>322.000000</ele>
			</trkpt>
			<trkpt lat="49.735416" lon="14.405627">
				<ele>323.000000</ele>
			</trkpt>
			<trkpt lat="49.735590" lon="14.405474">
				<ele>325.000000</ele>
			</trkpt>
			<trkpt lat="49.735636" lon="14.405392">
				<ele>326.000000</ele>
			</trkpt>
			<trkpt lat="49.735689" lon="14.405268">
				<ele>326.000000</ele>
			</trkpt>
			<trkpt lat="49.735735" lon="14.405124">
				<ele>328.000000</ele>
			</trkpt>
			<trkpt lat="49.735752" lon="14.404998">
				<ele>329.000000</ele>
			</trkpt>
			<trkpt lat="49.735793" lon="14.404765">
				<ele>331.000000</ele>
			</trkpt>
			<trkpt lat="49.735822" lon="14.404612">
				<ele>332.000000</ele>
			</trkpt>
			<trkpt lat="49.735868" lon="14.404468">
				<ele>334.000000</ele>
			</trkpt>
			<trkpt lat="49.735921" lon="14.404333">
				<ele>335.000000</ele>
			</trkpt>
			<trkpt lat="49.736229" lon="14.403597">
				<ele>342.000000</ele>
			</trkpt>
			<trkpt lat="49.736246" lon="14.403533">
				<ele>342.000000</ele>
			</trkpt>
			<trkpt lat="49.736246" lon="14.403470">
				<ele>343.000000</ele>
			</trkpt>
			<trkpt lat="49.736223" lon="14.403291">
				<ele>343.000000</ele>
			</trkpt>
			<trkpt lat="49.736287" lon="14.403327">
				<ele>342.000000</ele>
			</trkpt>
			<trkpt lat="49.736287" lon="14.403327">
				<ele>342.000000</ele>
			</trkpt>
			<trkpt lat="49.736223" lon="14.403291">
				<ele>343.000000</ele>
			</trkpt>
			<trkpt lat="49.736147" lon="14.403246">
				<ele>343.000000</ele>
			</trkpt>
			<trkpt lat="49.736078" lon="14.403183">
				<ele>344.000000</ele>
			</trkpt>
			<trkpt lat="49.736020" lon="14.403094">
				<ele>345.000000</ele>
			</trkpt>
			<trkpt lat="49.735886" lon="14.402887">
				<ele>347.000000</ele>
			</trkpt>
			<trkpt lat="49.735851" lon="14.402832">
				<ele>348.000000</ele>
			</trkpt>
			<trkpt lat="49.735805" lon="14.402824">
				<ele>348.000000</ele>
			</trkpt>
			<trkpt lat="49.735625" lon="14.402797">
				<ele>349.000000</ele>
			</trkpt>
			<trkpt lat="49.735514" lon="14.402770">
				<ele>350.000000</ele>
			</trkpt>
			<trkpt lat="49.735427" lon="14.402715">
				<ele>351.000000</ele>
			</trkpt>
			<trkpt lat="49.735352" lon="14.402644">
				<ele>352.000000</ele>
			</trkpt>
			<trkpt lat="49.735224" lon="14.402528">
				<ele>353.000000</ele>
			</trkpt>
			<trkpt lat="49.735137" lon="14.402402">
				<ele>354.000000</ele>
			</trkpt>
			<trkpt lat="49.734946" lon="14.402123">
				<ele>355.000000</ele>
			</trkpt>
			<trkpt lat="49.734899" lon="14.402069">
				<ele>355.000000</ele>
			</trkpt>
			<trkpt lat="49.734847" lon="14.402042">
				<ele>355.000000</ele>
			</trkpt>
			<trkpt lat="49.734655" lon="14.402015">
				<ele>354.000000</ele>
			</trkpt>
			<trkpt lat="49.734574" lon="14.402033">
				<ele>354.000000</ele>
			</trkpt>
			<trkpt lat="49.734440" lon="14.402060">
				<ele>355.000000</ele>
			</trkpt>
			<trkpt lat="49.734359" lon="14.402086">
				<ele>357.000000</ele>
			</trkpt>
			<trkpt lat="49.734289" lon="14.402132">
				<ele>358.000000</ele>
			</trkpt>
			<trkpt lat="49.734208" lon="14.402204">
				<ele>359.000000</ele>
			</trkpt>
			<trkpt lat="49.734092" lon="14.402329">
				<ele>360.000000</ele>
			</trkpt>
			<trkpt lat="49.734005" lon="14.402438">
				<ele>360.000000</ele>
			</trkpt>
			<trkpt lat="49.733924" lon="14.402554">
				<ele>361.000000</ele>
			</trkpt>
			<trkpt lat="49.733854" lon="14.402689">
				<ele>362.000000</ele>
			</trkpt>
			<trkpt lat="49.733703" lon="14.403004">
				<ele>364.000000</ele>
			</trkpt>
			<trkpt lat="49.733656" lon="14.403111">
				<ele>365.000000</ele>
			</trkpt>
			<trkpt lat="49.733622" lon="14.403210">
				<ele>366.000000</ele>
			</trkpt>
			<trkpt lat="49.733587" lon="14.403318">
				<ele>367.000000</ele>
			</trkpt>
			<trkpt lat="49.733558" lon="14.403461">
				<ele>367.000000</ele>
			</trkpt>
			<trkpt lat="49.733535" lon="14.403614">
				<ele>367.000000</ele>
			</trkpt>
			<trkpt lat="49.733488" lon="14.403740">
				<ele>369.000000</ele>
			</trkpt>
			<trkpt lat="49.733436" lon="14.403866">
				<ele>369.000000</ele>
			</trkpt>
			<trkpt lat="49.733337" lon="14.404046">
				<ele>371.000000</ele>
			</trkpt>
			<trkpt lat="49.733250" lon="14.404216">
				<ele>372.000000</ele>
			</trkpt>
			<trkpt lat="49.733186" lon="14.404315">
				<ele>372.000000</ele>
			</trkpt>
			<trkpt lat="49.733117" lon="14.404378">
				<ele>373.000000</ele>
			</trkpt>
			<trkpt lat="49.733035" lon="14.404440">
				<ele>374.000000</ele>
			</trkpt>
			<trkpt lat="49.732960" lon="14.404476">
				<ele>374.000000</ele>
			</trkpt>
			<trkpt lat="49.732896" lon="14.404476">
				<ele>375.000000</ele>
			</trkpt>
			<trkpt lat="49.732838" lon="14.404486">
				<ele>376.000000</ele>
			</trkpt>
			<trkpt lat="49.732774" lon="14.404459">
				<ele>377.000000</ele>
			</trkpt>
			<trkpt lat="49.732356" lon="14.404153">
				<ele>381.000000</ele>
			</trkpt>
			<trkpt lat="49.732205" lon="14.404019">
				<ele>381.000000</ele>
			</trkpt>
			<trkpt lat="49.732025" lon="14.403857">
				<ele>380.000000</ele>
			</trkpt>
			<trkpt lat="49.731851" lon="14.403650">
				<ele>378.000000</ele>
			</trkpt>
			<trkpt lat="49.731804" lon="14.403578">
				<ele>378.000000</ele>
			</trkpt>
			<trkpt lat="49.731769" lon="14.403524">
				<ele>378.000000</ele>
			</trkpt>
			<trkpt lat="49.731688" lon="14.403291">
				<ele>382.000000</ele>
			</trkpt>
			<trkpt lat="49.731613" lon="14.403084">
				<ele>386.000000</ele>
			</trkpt>
			<trkpt lat="49.731578" lon="14.402985">
				<ele>387.000000</ele>
			</trkpt>
			<trkpt lat="49.731531" lon="14.402914">
				<ele>387.000000</ele>
			</trkpt>
			<trkpt lat="49.731462" lon="14.402860">
				<ele>386.000000</ele>
			</trkpt>
			<trkpt lat="49.731352" lon="14.402778">
				<ele>386.000000</ele>
			</trkpt>
			<trkpt lat="49.731271" lon="14.402734">
				<ele>387.000000</ele>
			</trkpt>
			<trkpt lat="49.731189" lon="14.402742">
				<ele>387.000000</ele>
			</trkpt>
			<trkpt lat="49.731108" lon="14.402770">
				<ele>386.000000</ele>
			</trkpt>
			<trkpt lat="49.730863" lon="14.402895">
				<ele>384.000000</ele>
			</trkpt>
			<trkpt lat="49.730428" lon="14.403192">
				<ele>383.000000</ele>
			</trkpt>
			<trkpt lat="49.730347" lon="14.403218">
				<ele>382.000000</ele>
			</trkpt>
			<trkpt lat="49.730277" lon="14.403210">
				<ele>382.000000</ele>
			</trkpt>
			<trkpt lat="49.730219" lon="14.403183">
				<ele>381.000000</ele>
			</trkpt>
			<trkpt lat="49.730173" lon="14.403138">
				<ele>381.000000</ele>
			</trkpt>
			<trkpt lat="49.730092" lon="14.403031">
				<ele>382.000000</ele>
			</trkpt>
			<trkpt lat="49.730005" lon="14.402851">
				<ele>382.000000</ele>
			</trkpt>
			<trkpt lat="49.729923" lon="14.402626">
				<ele>382.000000</ele>
			</trkpt>
			<trkpt lat="49.729848" lon="14.402392">
				<ele>382.000000</ele>
			</trkpt>
			<trkpt lat="49.729801" lon="14.402159">
				<ele>383.000000</ele>
			</trkpt>
			<trkpt lat="49.729738" lon="14.401746">
				<ele>383.000000</ele>
			</trkpt>
			<trkpt lat="49.729697" lon="14.401467">
				<ele>384.000000</ele>
			</trkpt>
			<trkpt lat="49.729685" lon="14.401054">
				<ele>386.000000</ele>
			</trkpt>
			<trkpt lat="49.729679" lon="14.400731">
				<ele>388.000000</ele>
			</trkpt>
			<trkpt lat="49.729656" lon="14.400507">
				<ele>389.000000</ele>
			</trkpt>
			<trkpt lat="49.729604" lon="14.400057">
				<ele>390.000000</ele>
			</trkpt>
			<trkpt lat="49.729488" lon="14.399375">
				<ele>393.000000</ele>
			</trkpt>
			<trkpt lat="49.729482" lon="14.399249">
				<ele>393.000000</ele>
			</trkpt>
			<trkpt lat="49.729470" lon="14.399140">
				<ele>394.000000</ele>
			</trkpt>
			<trkpt lat="49.729482" lon="14.399042">
				<ele>394.000000</ele>
			</trkpt>
			<trkpt lat="49.729488" lon="14.398934">
				<ele>395.000000</ele>
			</trkpt>
			<trkpt lat="49.729511" lon="14.398719">
				<ele>396.000000</ele>
			</trkpt>
			<trkpt lat="49.729540" lon="14.398386">
				<ele>399.000000</ele>
			</trkpt>
			<trkpt lat="49.729546" lon="14.398081">
				<ele>401.000000</ele>
			</trkpt>
			<trkpt lat="49.729511" lon="14.397667">
				<ele>403.000000</ele>
			</trkpt>
			<trkpt lat="49.729505" lon="14.397461">
				<ele>404.000000</ele>
			</trkpt>
			<trkpt lat="49.729476" lon="14.397201">
				<ele>404.000000</ele>
			</trkpt>
			<trkpt lat="49.729412" lon="14.396904">
				<ele>404.000000</ele>
			</trkpt>
			<trkpt lat="49.729412" lon="14.396904">
				<ele>404.000000</ele>
			</trkpt>
			<trkpt lat="49.729412" lon="14.396904">
				<ele>404.000000</ele>
			</trkpt>
			<trkpt lat="49.729459" lon="14.396832">
				<ele>405.000000</ele>
			</trkpt>
			<trkpt lat="49.729494" lon="14.396725">
				<ele>405.000000</ele>
			</trkpt>
			<trkpt lat="49.729522" lon="14.396706">
				<ele>405.000000</ele>
			</trkpt>
			<trkpt lat="49.729557" lon="14.396670">
				<ele>405.000000</ele>
			</trkpt>
			<trkpt lat="49.729610" lon="14.396545">
				<ele>405.000000</ele>
			</trkpt>
			<trkpt lat="49.729638" lon="14.396446">
				<ele>405.000000</ele>
			</trkpt>
			<trkpt lat="49.729708" lon="14.396096">
				<ele>405.000000</ele>
			</trkpt>
			<trkpt lat="49.729743" lon="14.395834">
				<ele>403.000000</ele>
			</trkpt>
			<trkpt lat="49.729760" lon="14.395610">
				<ele>401.000000</ele>
			</trkpt>
			<trkpt lat="49.729755" lon="14.395404">
				<ele>399.000000</ele>
			</trkpt>
			<trkpt lat="49.729749" lon="14.395197">
				<ele>397.000000</ele>
			</trkpt>
			<trkpt lat="49.729738" lon="14.395098">
				<ele>396.000000</ele>
			</trkpt>
			<trkpt lat="49.729708" lon="14.394792">
				<ele>393.000000</ele>
			</trkpt>
			<trkpt lat="49.729697" lon="14.394469">
				<ele>390.000000</ele>
			</trkpt>
			<trkpt lat="49.729714" lon="14.394165">
				<ele>388.000000</ele>
			</trkpt>
			<trkpt lat="49.729732" lon="14.393922">
				<ele>386.000000</ele>
			</trkpt>
			<trkpt lat="49.729732" lon="14.393696">
				<ele>385.000000</ele>
			</trkpt>
			<trkpt lat="49.729732" lon="14.393490">
				<ele>384.000000</ele>
			</trkpt>
			<trkpt lat="49.729708" lon="14.393283">
				<ele>382.000000</ele>
			</trkpt>
			<trkpt lat="49.729638" lon="14.393239">
				<ele>384.000000</ele>
			</trkpt>
			<trkpt lat="49.729592" lon="14.393184">
				<ele>385.000000</ele>
			</trkpt>
			<trkpt lat="49.729522" lon="14.393077">
				<ele>386.000000</ele>
			</trkpt>
			<trkpt lat="49.729465" lon="14.392996">
				<ele>387.000000</ele>
			</trkpt>
			<trkpt lat="49.729400" lon="14.392933">
				<ele>388.000000</ele>
			</trkpt>
			<trkpt lat="49.729337" lon="14.392897">
				<ele>390.000000</ele>
			</trkpt>
			<trkpt lat="49.729261" lon="14.392853">
				<ele>392.000000</ele>
			</trkpt>
			<trkpt lat="49.729180" lon="14.392844">
				<ele>395.000000</ele>
			</trkpt>
			<trkpt lat="49.729099" lon="14.392861">
				<ele>397.000000</ele>
			</trkpt>
			<trkpt lat="49.728936" lon="14.392888">
				<ele>403.000000</ele>
			</trkpt>
			<trkpt lat="49.728878" lon="14.392870">
				<ele>405.000000</ele>
			</trkpt>
			<trkpt lat="49.728826" lon="14.392844">
				<ele>407.000000</ele>
			</trkpt>
			<trkpt lat="49.728791" lon="14.392790">
				<ele>408.000000</ele>
			</trkpt>
			<trkpt lat="49.728762" lon="14.392727">
				<ele>408.000000</ele>
			</trkpt>
			<trkpt lat="49.728646" lon="14.392295">
				<ele>410.000000</ele>
			</trkpt>
			<trkpt lat="49.728582" lon="14.392125">
				<ele>411.000000</ele>
			</trkpt>
			<trkpt lat="49.728500" lon="14.391936">
				<ele>412.000000</ele>
			</trkpt>
			<trkpt lat="49.728123" lon="14.391056">
				<ele>416.000000</ele>
			</trkpt>
			<trkpt lat="49.727885" lon="14.390427">
				<ele>417.000000</ele>
			</trkpt>
			<trkpt lat="49.727861" lon="14.390391">
				<ele>417.000000</ele>
			</trkpt>
			<trkpt lat="49.727827" lon="14.390364">
				<ele>418.000000</ele>
			</trkpt>
			<trkpt lat="49.727699" lon="14.390373">
				<ele>419.000000</ele>
			</trkpt>
			<trkpt lat="49.727623" lon="14.390383">
				<ele>419.000000</ele>
			</trkpt>
			<trkpt lat="49.727601" lon="14.390409">
				<ele>420.000000</ele>
			</trkpt>
			<trkpt lat="49.727571" lon="14.390436">
				<ele>420.000000</ele>
			</trkpt>
			<trkpt lat="49.727287" lon="14.390949">
				<ele>425.000000</ele>
			</trkpt>
			<trkpt lat="49.727206" lon="14.391100">
				<ele>426.000000</ele>
			</trkpt>
			<trkpt lat="49.727147" lon="14.391272">
				<ele>427.000000</ele>
			</trkpt>
			<trkpt lat="49.726799" lon="14.392358">
				<ele>433.000000</ele>
			</trkpt>
			<trkpt lat="49.726758" lon="14.392467">
				<ele>433.000000</ele>
			</trkpt>
			<trkpt lat="49.726712" lon="14.392538">
				<ele>433.000000</ele>
			</trkpt>
			<trkpt lat="49.726503" lon="14.392754">
				<ele>432.000000</ele>
			</trkpt>
			<trkpt lat="49.726427" lon="14.392826">
				<ele>432.000000</ele>
			</trkpt>
			<trkpt lat="49.726363" lon="14.392834">
				<ele>432.000000</ele>
			</trkpt>
			<trkpt lat="49.726044" lon="14.392781">
				<ele>429.000000</ele>
			</trkpt>
			<trkpt lat="49.726009" lon="14.392771">
				<ele>429.000000</ele>
			</trkpt>
			<trkpt lat="49.725975" lon="14.392744">
				<ele>428.000000</ele>
			</trkpt>
			<trkpt lat="49.725905" lon="14.392646">
				<ele>427.000000</ele>
			</trkpt>
			<trkpt lat="49.725829" lon="14.392511">
				<ele>424.000000</ele>
			</trkpt>
			<trkpt lat="49.725794" lon="14.392412">
				<ele>423.000000</ele>
			</trkpt>
			<trkpt lat="49.725655" lon="14.391918">
				<ele>413.000000</ele>
			</trkpt>
			<trkpt lat="49.725539" lon="14.391433">
				<ele>405.000000</ele>
			</trkpt>
			<trkpt lat="49.725446" lon="14.391128">
				<ele>401.000000</ele>
			</trkpt>
			<trkpt lat="49.725423" lon="14.390804">
				<ele>397.000000</ele>
			</trkpt>
			<trkpt lat="49.725388" lon="14.390517">
				<ele>393.000000</ele>
			</trkpt>
			<trkpt lat="49.725324" lon="14.390140">
				<ele>389.000000</ele>
			</trkpt>
			<trkpt lat="49.725278" lon="14.389878">
				<ele>387.000000</ele>
			</trkpt>
			<trkpt lat="49.725429" lon="14.390014">
				<ele>386.000000</ele>
			</trkpt>
			<trkpt lat="49.725527" lon="14.390067">
				<ele>385.000000</ele>
			</trkpt>
			<trkpt lat="49.725684" lon="14.390113">
				<ele>384.000000</ele>
			</trkpt>
			<trkpt lat="49.725760" lon="14.389933">
				<ele>382.000000</ele>
			</trkpt>
			<trkpt lat="49.725777" lon="14.389870">
				<ele>380.000000</ele>
			</trkpt>
			<trkpt lat="49.725777" lon="14.389789">
				<ele>379.000000</ele>
			</trkpt>
			<trkpt lat="49.725783" lon="14.389268">
				<ele>372.000000</ele>
			</trkpt>
			<trkpt lat="49.725794" lon="14.389115">
				<ele>370.000000</ele>
			</trkpt>
			<trkpt lat="49.725818" lon="14.388926">
				<ele>368.000000</ele>
			</trkpt>
			<trkpt lat="49.725881" lon="14.388612">
				<ele>362.000000</ele>
			</trkpt>
			<trkpt lat="49.725899" lon="14.388433">
				<ele>358.000000</ele>
			</trkpt>
			<trkpt lat="49.725922" lon="14.387822">
				<ele>350.000000</ele>
			</trkpt>
			<trkpt lat="49.725946" lon="14.387543">
				<ele>346.000000</ele>
			</trkpt>
			<trkpt lat="49.725998" lon="14.387014">
				<ele>339.000000</ele>
			</trkpt>
			<trkpt lat="49.726033" lon="14.386708">
				<ele>335.000000</ele>
			</trkpt>
			<trkpt lat="49.726050" lon="14.386582">
				<ele>332.000000</ele>
			</trkpt>
			<trkpt lat="49.726114" lon="14.386331">
				<ele>328.000000</ele>
			</trkpt>
			<trkpt lat="49.726131" lon="14.386196">
				<ele>325.000000</ele>
			</trkpt>
			<trkpt lat="49.726154" lon="14.385899">
				<ele>321.000000</ele>
			</trkpt>
			<trkpt lat="49.726154" lon="14.385738">
				<ele>320.000000</ele>
			</trkpt>
			<trkpt lat="49.726143" lon="14.385559">
				<ele>318.000000</ele>
			</trkpt>
			<trkpt lat="49.726114" lon="14.385379">
				<ele>317.000000</ele>
			</trkpt>
			<trkpt lat="49.726033" lon="14.384983">
				<ele>315.000000</ele>
			</trkpt>
			<trkpt lat="49.725998" lon="14.384696">
				<ele>312.000000</ele>
			</trkpt>
			<trkpt lat="49.725968" lon="14.384417">
				<ele>307.000000</ele>
			</trkpt>
			<trkpt lat="49.725957" lon="14.384130">
				<ele>303.000000</ele>
			</trkpt>
			<trkpt lat="49.725946" lon="14.383446">
				<ele>303.000000</ele>
			</trkpt>
			<trkpt lat="49.725916" lon="14.383016">
				<ele>302.000000</ele>
			</trkpt>
			<trkpt lat="49.725893" lon="14.382880">
				<ele>300.000000</ele>
			</trkpt>
			<trkpt lat="49.725858" lon="14.382710">
				<ele>298.000000</ele>
			</trkpt>
			<trkpt lat="49.725673" lon="14.382064">
				<ele>288.000000</ele>
			</trkpt>
			<trkpt lat="49.725429" lon="14.381301">
				<ele>279.000000</ele>
			</trkpt>
			<trkpt lat="49.725348" lon="14.381066">
				<ele>276.000000</ele>
			</trkpt>
			<trkpt lat="49.725301" lon="14.380985">
				<ele>277.000000</ele>
			</trkpt>
			<trkpt lat="49.725254" lon="14.380914">
				<ele>276.000000</ele>
			</trkpt>
			<trkpt lat="49.725202" lon="14.380851">
				<ele>277.000000</ele>
			</trkpt>
			<trkpt lat="49.725144" lon="14.380796">
				<ele>277.000000</ele>
			</trkpt>
			<trkpt lat="49.725086" lon="14.380752">
				<ele>277.000000</ele>
			</trkpt>
			<trkpt lat="49.725010" lon="14.380716">
				<ele>278.000000</ele>
			</trkpt>
			<trkpt lat="49.724685" lon="14.380590">
				<ele>278.000000</ele>
			</trkpt>
			<trkpt lat="49.724424" lon="14.380509">
				<ele>278.000000</ele>
			</trkpt>
			<trkpt lat="49.724163" lon="14.380473">
				<ele>278.000000</ele>
			</trkpt>
			<trkpt lat="49.723803" lon="14.380446">
				<ele>280.000000</ele>
			</trkpt>
			<trkpt lat="49.723652" lon="14.380438">
				<ele>280.000000</ele>
			</trkpt>
			<trkpt lat="49.723228" lon="14.380393">
				<ele>278.000000</ele>
			</trkpt>
			<trkpt lat="49.723123" lon="14.380366">
				<ele>278.000000</ele>
			</trkpt>
			<trkpt lat="49.723024" lon="14.380320">
				<ele>277.000000</ele>
			</trkpt>
			<trkpt lat="49.722943" lon="14.380267">
				<ele>276.000000</ele>
			</trkpt>
			<trkpt lat="49.722850" lon="14.380159">
				<ele>274.000000</ele>
			</trkpt>
			<trkpt lat="49.722635" lon="14.379934">
				<ele>273.000000</ele>
			</trkpt>
			<trkpt lat="49.722531" lon="14.379800">
				<ele>274.000000</ele>
			</trkpt>
			<trkpt lat="49.722513" lon="14.379844">
				<ele>274.000000</ele>
			</trkpt>
			<trkpt lat="49.722490" lon="14.379854">
				<ele>273.000000</ele>
			</trkpt>
			<trkpt lat="49.722490" lon="14.379854">
				<ele>273.000000</ele>
			</trkpt>
			<trkpt lat="49.722490" lon="14.379854">
				<ele>273.000000</ele>
			</trkpt>
			<trkpt lat="49.722490" lon="14.379854">
				<ele>273.000000</ele>
			</trkpt>
			<trkpt lat="49.722513" lon="14.379844">
				<ele>274.000000</ele>
			</trkpt>
			<trkpt lat="49.722531" lon="14.379800">
				<ele>274.000000</ele>
			</trkpt>
			<trkpt lat="49.722595" lon="14.379593">
				<ele>278.000000</ele>
			</trkpt>
			<trkpt lat="49.722647" lon="14.379477">
				<ele>280.000000</ele>
			</trkpt>
			<trkpt lat="49.722711" lon="14.379414">
				<ele>282.000000</ele>
			</trkpt>
			<trkpt lat="49.722746" lon="14.379396">
				<ele>283.000000</ele>
			</trkpt>
			<trkpt lat="49.722792" lon="14.379378">
				<ele>284.000000</ele>
			</trkpt>
			<trkpt lat="49.723071" lon="14.379351">
				<ele>286.000000</ele>
			</trkpt>
			<trkpt lat="49.723239" lon="14.379297">
				<ele>287.000000</ele>
			</trkpt>
			<trkpt lat="49.723396" lon="14.379207">
				<ele>290.000000</ele>
			</trkpt>
			<trkpt lat="49.723553" lon="14.379064">
				<ele>295.000000</ele>
			</trkpt>
			<trkpt lat="49.723687" lon="14.378938">
				<ele>299.000000</ele>
			</trkpt>
			<trkpt lat="49.723803" lon="14.378857">
				<ele>303.000000</ele>
			</trkpt>
			<trkpt lat="49.723913" lon="14.378812">
				<ele>305.000000</ele>
			</trkpt>
			<trkpt lat="49.724029" lon="14.378785">
				<ele>307.000000</ele>
			</trkpt>
			<trkpt lat="49.724226" lon="14.378794">
				<ele>308.000000</ele>
			</trkpt>
			<trkpt lat="49.724302" lon="14.378775">
				<ele>308.000000</ele>
			</trkpt>
			<trkpt lat="49.724372" lon="14.378740">
				<ele>309.000000</ele>
			</trkpt>
			<trkpt lat="49.724424" lon="14.378651">
				<ele>310.000000</ele>
			</trkpt>
			<trkpt lat="49.724442" lon="14.378551">
				<ele>312.000000</ele>
			</trkpt>
			<trkpt lat="49.724453" lon="14.378471">
				<ele>312.000000</ele>
			</trkpt>
			<trkpt lat="49.724430" lon="14.378362">
				<ele>315.000000</ele>
			</trkpt>
			<trkpt lat="49.724395" lon="14.378236">
				<ele>319.000000</ele>
			</trkpt>
			<trkpt lat="49.724261" lon="14.377869">
				<ele>326.000000</ele>
			</trkpt>
			<trkpt lat="49.724204" lon="14.377752">
				<ele>328.000000</ele>
			</trkpt>
			<trkpt lat="49.724139" lon="14.377643">
				<ele>331.000000</ele>
			</trkpt>
			<trkpt lat="49.724075" lon="14.377546">
				<ele>334.000000</ele>
			</trkpt>
			<trkpt lat="49.723994" lon="14.377464">
				<ele>336.000000</ele>
			</trkpt>
			<trkpt lat="49.723907" lon="14.377401">
				<ele>339.000000</ele>
			</trkpt>
			<trkpt lat="49.723826" lon="14.377339">
				<ele>342.000000</ele>
			</trkpt>
			<trkpt lat="49.723634" lon="14.377257">
				<ele>347.000000</ele>
			</trkpt>
			<trkpt lat="49.723547" lon="14.377194">
				<ele>350.000000</ele>
			</trkpt>
			<trkpt lat="49.723471" lon="14.377114">
				<ele>353.000000</ele>
			</trkpt>
			<trkpt lat="49.723442" lon="14.377060">
				<ele>354.000000</ele>
			</trkpt>
			<trkpt lat="49.723425" lon="14.376988">
				<ele>356.000000</ele>
			</trkpt>
			<trkpt lat="49.723379" lon="14.376781">
				<ele>360.000000</ele>
			</trkpt>
			<trkpt lat="49.723361" lon="14.376575">
				<ele>363.000000</ele>
			</trkpt>
			<trkpt lat="49.723349" lon="14.376377">
				<ele>366.000000</ele>
			</trkpt>
			<trkpt lat="49.723367" lon="14.375848">
				<ele>371.000000</ele>
			</trkpt>
			<trkpt lat="49.723355" lon="14.375712">
				<ele>373.000000</ele>
			</trkpt>
			<trkpt lat="49.723349" lon="14.375569">
				<ele>375.000000</ele>
			</trkpt>
			<trkpt lat="49.723257" lon="14.375048">
				<ele>379.000000</ele>
			</trkpt>
			<trkpt lat="49.723216" lon="14.374787">
				<ele>380.000000</ele>
			</trkpt>
			<trkpt lat="49.723204" lon="14.374661">
				<ele>380.000000</ele>
			</trkpt>
			<trkpt lat="49.723204" lon="14.374517">
				<ele>381.000000</ele>
			</trkpt>
			<trkpt lat="49.723233" lon="14.374383">
				<ele>382.000000</ele>
			</trkpt>
			<trkpt lat="49.723257" lon="14.374267">
				<ele>382.000000</ele>
			</trkpt>
			<trkpt lat="49.723355" lon="14.373961">
				<ele>382.000000</ele>
			</trkpt>
			<trkpt lat="49.723373" lon="14.373862">
				<ele>382.000000</ele>
			</trkpt>
			<trkpt lat="49.723373" lon="14.373772">
				<ele>382.000000</ele>
			</trkpt>
			<trkpt lat="49.723379" lon="14.373628">
				<ele>382.000000</ele>
			</trkpt>
			<trkpt lat="49.723373" lon="14.373557">
				<ele>382.000000</ele>
			</trkpt>
			<trkpt lat="49.723355" lon="14.373521">
				<ele>382.000000</ele>
			</trkpt>
			<trkpt lat="49.723314" lon="14.373475">
				<ele>382.000000</ele>
			</trkpt>
			<trkpt lat="49.723245" lon="14.373412">
				<ele>383.000000</ele>
			</trkpt>
			<trkpt lat="49.723181" lon="14.373322">
				<ele>384.000000</ele>
			</trkpt>
			<trkpt lat="49.723152" lon="14.373215">
				<ele>384.000000</ele>
			</trkpt>
			<trkpt lat="49.723146" lon="14.373116">
				<ele>384.000000</ele>
			</trkpt>
			<trkpt lat="49.723170" lon="14.373026">
				<ele>384.000000</ele>
			</trkpt>
			<trkpt lat="49.723222" lon="14.372901">
				<ele>384.000000</ele>
			</trkpt>
			<trkpt lat="49.723355" lon="14.372659">
				<ele>384.000000</ele>
			</trkpt>
			<trkpt lat="49.723495" lon="14.372452">
				<ele>387.000000</ele>
			</trkpt>
			<trkpt lat="49.723617" lon="14.372263">
				<ele>389.000000</ele>
			</trkpt>
			<trkpt lat="49.723768" lon="14.372074">
				<ele>392.000000</ele>
			</trkpt>
			<trkpt lat="49.723931" lon="14.372030">
				<ele>394.000000</ele>
			</trkpt>
			<trkpt lat="49.724058" lon="14.371967">
				<ele>396.000000</ele>
			</trkpt>
			<trkpt lat="49.724163" lon="14.371886">
				<ele>396.000000</ele>
			</trkpt>
			<trkpt lat="49.724255" lon="14.371777">
				<ele>397.000000</ele>
			</trkpt>
			<trkpt lat="49.724447" lon="14.371437">
				<ele>397.000000</ele>
			</trkpt>
			<trkpt lat="49.724639" lon="14.371140">
				<ele>395.000000</ele>
			</trkpt>
			<trkpt lat="49.724859" lon="14.370808">
				<ele>394.000000</ele>
			</trkpt>
			<trkpt lat="49.725307" lon="14.370035">
				<ele>392.000000</ele>
			</trkpt>
			<trkpt lat="49.725458" lon="14.369819">
				<ele>391.000000</ele>
			</trkpt>
			<trkpt lat="49.725614" lon="14.369604">
				<ele>390.000000</ele>
			</trkpt>
			<trkpt lat="49.725678" lon="14.369523">
				<ele>389.000000</ele>
			</trkpt>
			<trkpt lat="49.725696" lon="14.369479">
				<ele>389.000000</ele>
			</trkpt>
			<trkpt lat="49.725661" lon="14.369343">
				<ele>389.000000</ele>
			</trkpt>
			<trkpt lat="49.725608" lon="14.369200">
				<ele>389.000000</ele>
			</trkpt>
			<trkpt lat="49.725545" lon="14.369083">
				<ele>390.000000</ele>
			</trkpt>
			<trkpt lat="49.725388" lon="14.368804">
				<ele>389.000000</ele>
			</trkpt>
			<trkpt lat="49.725341" lon="14.368706">
				<ele>387.000000</ele>
			</trkpt>
			<trkpt lat="49.725324" lon="14.368607">
				<ele>386.000000</ele>
			</trkpt>
			<trkpt lat="49.725324" lon="14.368527">
				<ele>384.000000</ele>
			</trkpt>
			<trkpt lat="49.725341" lon="14.368401">
				<ele>382.000000</ele>
			</trkpt>
			<trkpt lat="49.725359" lon="14.368221">
				<ele>377.000000</ele>
			</trkpt>
			<trkpt lat="49.725359" lon="14.368221">
				<ele>377.000000</ele>
			</trkpt>
			<trkpt lat="49.725341" lon="14.368401">
				<ele>382.000000</ele>
			</trkpt>
			<trkpt lat="49.725324" lon="14.368527">
				<ele>384.000000</ele>
			</trkpt>
			<trkpt lat="49.725324" lon="14.368607">
				<ele>386.000000</ele>
			</trkpt>
			<trkpt lat="49.725341" lon="14.368706">
				<ele>387.000000</ele>
			</trkpt>
			<trkpt lat="49.725388" lon="14.368804">
				<ele>389.000000</ele>
			</trkpt>
			<trkpt lat="49.725423" lon="14.368804">
				<ele>389.000000</ele>
			</trkpt>
			<trkpt lat="49.725487" lon="14.368831">
				<ele>389.000000</ele>
			</trkpt>
			<trkpt lat="49.725661" lon="14.368867">
				<ele>387.000000</ele>
			</trkpt>
			<trkpt lat="49.725765" lon="14.368867">
				<ele>387.000000</ele>
			</trkpt>
			<trkpt lat="49.725829" lon="14.368885">
				<ele>388.000000</ele>
			</trkpt>
			<trkpt lat="49.725911" lon="14.368894">
				<ele>389.000000</ele>
			</trkpt>
			<trkpt lat="49.725975" lon="14.368894">
				<ele>390.000000</ele>
			</trkpt>
			<trkpt lat="49.726027" lon="14.368850">
				<ele>391.000000</ele>
			</trkpt>
			<trkpt lat="49.726422" lon="14.368481">
				<ele>391.000000</ele>
			</trkpt>
			<trkpt lat="49.726584" lon="14.368328">
				<ele>391.000000</ele>
			</trkpt>
			<trkpt lat="49.726625" lon="14.368319">
				<ele>391.000000</ele>
			</trkpt>
			<trkpt lat="49.726683" lon="14.368301">
				<ele>392.000000</ele>
			</trkpt>
			<trkpt lat="49.726724" lon="14.368328">
				<ele>393.000000</ele>
			</trkpt>
			<trkpt lat="49.726817" lon="14.368382">
				<ele>394.000000</ele>
			</trkpt>
			<trkpt lat="49.726880" lon="14.368409">
				<ele>394.000000</ele>
			</trkpt>
			<trkpt lat="49.726944" lon="14.368418">
				<ele>395.000000</ele>
			</trkpt>
			<trkpt lat="49.727142" lon="14.368418">
				<ele>394.000000</ele>
			</trkpt>
			<trkpt lat="49.727223" lon="14.368437">
				<ele>394.000000</ele>
			</trkpt>
			<trkpt lat="49.727304" lon="14.368464">
				<ele>395.000000</ele>
			</trkpt>
			<trkpt lat="49.727357" lon="14.368490">
				<ele>395.000000</ele>
			</trkpt>
			<trkpt lat="49.727403" lon="14.368580">
				<ele>397.000000</ele>
			</trkpt>
			<trkpt lat="49.727450" lon="14.368670">
				<ele>398.000000</ele>
			</trkpt>
			<trkpt lat="49.727537" lon="14.368804">
				<ele>399.000000</ele>
			</trkpt>
			<trkpt lat="49.727566" lon="14.368831">
				<ele>400.000000</ele>
			</trkpt>
			<trkpt lat="49.727595" lon="14.368840">
				<ele>400.000000</ele>
			</trkpt>
			<trkpt lat="49.727647" lon="14.368840">
				<ele>400.000000</ele>
			</trkpt>
			<trkpt lat="49.727728" lon="14.368804">
				<ele>399.000000</ele>
			</trkpt>
			<trkpt lat="49.727780" lon="14.368768">
				<ele>399.000000</ele>
			</trkpt>
			<trkpt lat="49.727850" lon="14.368741">
				<ele>399.000000</ele>
			</trkpt>
			<trkpt lat="49.727931" lon="14.368714">
				<ele>399.000000</ele>
			</trkpt>
			<trkpt lat="49.728024" lon="14.368661">
				<ele>398.000000</ele>
			</trkpt>
			<trkpt lat="49.728112" lon="14.368598">
				<ele>398.000000</ele>
			</trkpt>
			<trkpt lat="49.728175" lon="14.368571">
				<ele>397.000000</ele>
			</trkpt>
			<trkpt lat="49.728245" lon="14.368544">
				<ele>395.000000</ele>
			</trkpt>
			<trkpt lat="49.728321" lon="14.368553">
				<ele>395.000000</ele>
			</trkpt>
			<trkpt lat="49.728745" lon="14.368598">
				<ele>391.000000</ele>
			</trkpt>
			<trkpt lat="49.729029" lon="14.368580">
				<ele>386.000000</ele>
			</trkpt>
			<trkpt lat="49.729081" lon="14.368562">
				<ele>385.000000</ele>
			</trkpt>
			<trkpt lat="49.729140" lon="14.368535">
				<ele>384.000000</ele>
			</trkpt>
			<trkpt lat="49.729261" lon="14.368437">
				<ele>382.000000</ele>
			</trkpt>
			<trkpt lat="49.729325" lon="14.368374">
				<ele>381.000000</ele>
			</trkpt>
			<trkpt lat="49.729378" lon="14.368364">
				<ele>381.000000</ele>
			</trkpt>
			<trkpt lat="49.729441" lon="14.368364">
				<ele>381.000000</ele>
			</trkpt>
			<trkpt lat="49.729494" lon="14.368391">
				<ele>381.000000</ele>
			</trkpt>
			<trkpt lat="49.729569" lon="14.368445">
				<ele>380.000000</ele>
			</trkpt>
			<trkpt lat="49.729662" lon="14.368580">
				<ele>380.000000</ele>
			</trkpt>
			<trkpt lat="49.729697" lon="14.368634">
				<ele>380.000000</ele>
			</trkpt>
			<trkpt lat="49.729749" lon="14.368688">
				<ele>380.000000</ele>
			</trkpt>
			<trkpt lat="49.729941" lon="14.368651">
				<ele>378.000000</ele>
			</trkpt>
			<trkpt lat="49.730062" lon="14.368607">
				<ele>377.000000</ele>
			</trkpt>
			<trkpt lat="49.730277" lon="14.368490">
				<ele>374.000000</ele>
			</trkpt>
			<trkpt lat="49.730376" lon="14.368445">
				<ele>373.000000</ele>
			</trkpt>
			<trkpt lat="49.730475" lon="14.368437">
				<ele>372.000000</ele>
			</trkpt>
			<trkpt lat="49.730568" lon="14.368418">
				<ele>371.000000</ele>
			</trkpt>
			<trkpt lat="49.730713" lon="14.368418">
				<ele>369.000000</ele>
			</trkpt>
			<trkpt lat="49.731305" lon="14.368409">
				<ele>354.000000</ele>
			</trkpt>
			<trkpt lat="49.731491" lon="14.368409">
				<ele>349.000000</ele>
			</trkpt>
			<trkpt lat="49.731653" lon="14.368391">
				<ele>345.000000</ele>
			</trkpt>
			<trkpt lat="49.731810" lon="14.368374">
				<ele>343.000000</ele>
			</trkpt>
			<trkpt lat="49.732077" lon="14.368374">
				<ele>339.000000</ele>
			</trkpt>
			<trkpt lat="49.732176" lon="14.368364">
				<ele>338.000000</ele>
			</trkpt>
			<trkpt lat="49.732258" lon="14.368338">
				<ele>337.000000</ele>
			</trkpt>
			<trkpt lat="49.732327" lon="14.368311">
				<ele>336.000000</ele>
			</trkpt>
			<trkpt lat="49.732402" lon="14.368257">
				<ele>334.000000</ele>
			</trkpt>
			<trkpt lat="49.732501" lon="14.368140">
				<ele>331.000000</ele>
			</trkpt>
			<trkpt lat="49.732571" lon="14.368005">
				<ele>329.000000</ele>
			</trkpt>
			<trkpt lat="49.732652" lon="14.367798">
				<ele>326.000000</ele>
			</trkpt>
			<trkpt lat="49.732652" lon="14.367798">
				<ele>326.000000</ele>
			</trkpt>
			<trkpt lat="49.732658" lon="14.367789">
				<ele>326.000000</ele>
			</trkpt>
			<trkpt lat="49.732461" lon="14.367601">
				<ele>327.000000</ele>
			</trkpt>
			<trkpt lat="49.732252" lon="14.367422">
				<ele>327.000000</ele>
			</trkpt>
			<trkpt lat="49.732182" lon="14.367385">
				<ele>327.000000</ele>
			</trkpt>
			<trkpt lat="49.732101" lon="14.367340">
				<ele>327.000000</ele>
			</trkpt>
			<trkpt lat="49.731944" lon="14.367313">
				<ele>329.000000</ele>
			</trkpt>
			<trkpt lat="49.731863" lon="14.367259">
				<ele>328.000000</ele>
			</trkpt>
			<trkpt lat="49.731659" lon="14.367125">
				<ele>329.000000</ele>
			</trkpt>
			<trkpt lat="49.731531" lon="14.367043">
				<ele>329.000000</ele>
			</trkpt>
			<trkpt lat="49.731404" lon="14.366990">
				<ele>329.000000</ele>
			</trkpt>
			<trkpt lat="49.731253" lon="14.366963">
				<ele>329.000000</ele>
			</trkpt>
			<trkpt lat="49.730898" lon="14.366900">
				<ele>329.000000</ele>
			</trkpt>
			<trkpt lat="49.730713" lon="14.366864">
				<ele>328.000000</ele>
			</trkpt>
			<trkpt lat="49.730631" lon="14.366837">
				<ele>328.000000</ele>
			</trkpt>
			<trkpt lat="49.730556" lon="14.366793">
				<ele>327.000000</ele>
			</trkpt>
			<trkpt lat="49.730393" lon="14.366711">
				<ele>326.000000</ele>
			</trkpt>
			<trkpt lat="49.730376" lon="14.366676">
				<ele>325.000000</ele>
			</trkpt>
			<trkpt lat="49.730370" lon="14.366603">
				<ele>324.000000</ele>
			</trkpt>
			<trkpt lat="49.730347" lon="14.366334">
				<ele>320.000000</ele>
			</trkpt>
			<trkpt lat="49.730330" lon="14.366253">
				<ele>318.000000</ele>
			</trkpt>
			<trkpt lat="49.730301" lon="14.366190">
				<ele>317.000000</ele>
			</trkpt>
			<trkpt lat="49.730266" lon="14.366101">
				<ele>316.000000</ele>
			</trkpt>
			<trkpt lat="49.730219" lon="14.366047">
				<ele>316.000000</ele>
			</trkpt>
			<trkpt lat="49.730184" lon="14.366020">
				<ele>316.000000</ele>
			</trkpt>
			<trkpt lat="49.730132" lon="14.365993">
				<ele>316.000000</ele>
			</trkpt>
			<trkpt lat="49.730051" lon="14.365966">
				<ele>316.000000</ele>
			</trkpt>
			<trkpt lat="49.729976" lon="14.365957">
				<ele>316.000000</ele>
			</trkpt>
			<trkpt lat="49.729917" lon="14.365957">
				<ele>316.000000</ele>
			</trkpt>
			<trkpt lat="49.729836" lon="14.365984">
				<ele>317.000000</ele>
			</trkpt>
			<trkpt lat="49.729708" lon="14.366038">
				<ele>317.000000</ele>
			</trkpt>
			<trkpt lat="49.729598" lon="14.366101">
				<ele>317.000000</ele>
			</trkpt>
			<trkpt lat="49.729511" lon="14.366173">
				<ele>319.000000</ele>
			</trkpt>
			<trkpt lat="49.729395" lon="14.366280">
				<ele>321.000000</ele>
			</trkpt>
			<trkpt lat="49.729308" lon="14.366353">
				<ele>322.000000</ele>
			</trkpt>
			<trkpt lat="49.729232" lon="14.366406">
				<ele>323.000000</ele>
			</trkpt>
			<trkpt lat="49.729162" lon="14.366433">
				<ele>324.000000</ele>
			</trkpt>
			<trkpt lat="49.729064" lon="14.366469">
				<ele>326.000000</ele>
			</trkpt>
			<trkpt lat="49.728855" lon="14.366514">
				<ele>327.000000</ele>
			</trkpt>
			<trkpt lat="49.728750" lon="14.366523">
				<ele>324.000000</ele>
			</trkpt>
			<trkpt lat="49.728407" lon="14.366504">
				<ele>322.000000</ele>
			</trkpt>
			<trkpt lat="49.728344" lon="14.366514">
				<ele>322.000000</ele>
			</trkpt>
			<trkpt lat="49.728291" lon="14.366532">
				<ele>322.000000</ele>
			</trkpt>
			<trkpt lat="49.728256" lon="14.366559">
				<ele>322.000000</ele>
			</trkpt>
			<trkpt lat="49.728210" lon="14.366603">
				<ele>324.000000</ele>
			</trkpt>
			<trkpt lat="49.728129" lon="14.366676">
				<ele>325.000000</ele>
			</trkpt>
			<trkpt lat="49.727996" lon="14.366756">
				<ele>325.000000</ele>
			</trkpt>
			<trkpt lat="49.727920" lon="14.366801">
				<ele>327.000000</ele>
			</trkpt>
			<trkpt lat="49.727885" lon="14.366856">
				<ele>328.000000</ele>
			</trkpt>
			<trkpt lat="49.727850" lon="14.366936">
				<ele>331.000000</ele>
			</trkpt>
			<trkpt lat="49.727810" lon="14.366980">
				<ele>333.000000</ele>
			</trkpt>
			<trkpt lat="49.727699" lon="14.367009">
				<ele>335.000000</ele>
			</trkpt>
			<trkpt lat="49.727653" lon="14.367009">
				<ele>335.000000</ele>
			</trkpt>
			<trkpt lat="49.727618" lon="14.366980">
				<ele>334.000000</ele>
			</trkpt>
			<trkpt lat="49.727583" lon="14.366945">
				<ele>333.000000</ele>
			</trkpt>
			<trkpt lat="49.727554" lon="14.366927">
				<ele>332.000000</ele>
			</trkpt>
			<trkpt lat="49.727519" lon="14.366927">
				<ele>333.000000</ele>
			</trkpt>
			<trkpt lat="49.727490" lon="14.366945">
				<ele>333.000000</ele>
			</trkpt>
			<trkpt lat="49.727473" lon="14.366963">
				<ele>334.000000</ele>
			</trkpt>
			<trkpt lat="49.727467" lon="14.366990">
				<ele>335.000000</ele>
			</trkpt>
			<trkpt lat="49.727473" lon="14.367053">
				<ele>336.000000</ele>
			</trkpt>
			<trkpt lat="49.727473" lon="14.367098">
				<ele>338.000000</ele>
			</trkpt>
			<trkpt lat="49.727467" lon="14.367116">
				<ele>339.000000</ele>
			</trkpt>
			<trkpt lat="49.727420" lon="14.367179">
				<ele>341.000000</ele>
			</trkpt>
			<trkpt lat="49.727357" lon="14.367296">
				<ele>345.000000</ele>
			</trkpt>
			<trkpt lat="49.727258" lon="14.367430">
				<ele>351.000000</ele>
			</trkpt>
			<trkpt lat="49.727223" lon="14.367448">
				<ele>351.000000</ele>
			</trkpt>
			<trkpt lat="49.727188" lon="14.367430">
				<ele>350.000000</ele>
			</trkpt>
			<trkpt lat="49.727090" lon="14.367395">
				<ele>347.000000</ele>
			</trkpt>
			<trkpt lat="49.727060" lon="14.367395">
				<ele>347.000000</ele>
			</trkpt>
			<trkpt lat="49.727043" lon="14.367412">
				<ele>348.000000</ele>
			</trkpt>
			<trkpt lat="49.727020" lon="14.367475">
				<ele>352.000000</ele>
			</trkpt>
			<trkpt lat="49.727008" lon="14.367493">
				<ele>353.000000</ele>
			</trkpt>
			<trkpt lat="49.726990" lon="14.367493">
				<ele>353.000000</ele>
			</trkpt>
			<trkpt lat="49.726944" lon="14.367412">
				<ele>351.000000</ele>
			</trkpt>
			<trkpt lat="49.726874" lon="14.367332">
				<ele>348.000000</ele>
			</trkpt>
			<trkpt lat="49.726817" lon="14.367305">
				<ele>347.000000</ele>
			</trkpt>
			<trkpt lat="49.726666" lon="14.367305">
				<ele>343.000000</ele>
			</trkpt>
			<trkpt lat="49.726619" lon="14.367305">
				<ele>341.000000</ele>
			</trkpt>
			<trkpt lat="49.726579" lon="14.367313">
				<ele>340.000000</ele>
			</trkpt>
			<trkpt lat="49.726549" lon="14.367349">
				<ele>341.000000</ele>
			</trkpt>
			<trkpt lat="49.726532" lon="14.367385">
				<ele>343.000000</ele>
			</trkpt>
			<trkpt lat="49.726485" lon="14.367502">
				<ele>349.000000</ele>
			</trkpt>
			<trkpt lat="49.726445" lon="14.367565">
				<ele>352.000000</ele>
			</trkpt>
			<trkpt lat="49.726404" lon="14.367609">
				<ele>353.000000</ele>
			</trkpt>
			<trkpt lat="49.726352" lon="14.367655">
				<ele>353.000000</ele>
			</trkpt>
			<trkpt lat="49.726236" lon="14.367735">
				<ele>352.000000</ele>
			</trkpt>
			<trkpt lat="49.726219" lon="14.367753">
				<ele>353.000000</ele>
			</trkpt>
			<trkpt lat="49.726201" lon="14.367808">
				<ele>356.000000</ele>
			</trkpt>
			<trkpt lat="49.726166" lon="14.367915">
				<ele>360.000000</ele>
			</trkpt>
			<trkpt lat="49.726131" lon="14.367951">
				<ele>360.000000</ele>
			</trkpt>
			<trkpt lat="49.726038" lon="14.367951">
				<ele>357.000000</ele>
			</trkpt>
			<trkpt lat="49.725876" lon="14.368005">
				<ele>356.000000</ele>
			</trkpt>
			<trkpt lat="49.725818" lon="14.368005">
				<ele>355.000000</ele>
			</trkpt>
			<trkpt lat="49.725760" lon="14.367996">
				<ele>354.000000</ele>
			</trkpt>
			<trkpt lat="49.725725" lon="14.367969">
				<ele>354.000000</ele>
			</trkpt>
			<trkpt lat="49.725690" lon="14.367898">
				<ele>350.000000</ele>
			</trkpt>
			<trkpt lat="49.725643" lon="14.367762">
				<ele>340.000000</ele>
			</trkpt>
			<trkpt lat="49.725626" lon="14.367735">
				<ele>338.000000</ele>
			</trkpt>
			<trkpt lat="49.725597" lon="14.367718">
				<ele>337.000000</ele>
			</trkpt>
			<trkpt lat="49.725510" lon="14.367664">
				<ele>332.000000</ele>
			</trkpt>
			<trkpt lat="49.725464" lon="14.367655">
				<ele>330.000000</ele>
			</trkpt>
			<trkpt lat="49.725435" lon="14.367664">
				<ele>331.000000</ele>
			</trkpt>
			<trkpt lat="49.725411" lon="14.367682">
				<ele>332.000000</ele>
			</trkpt>
			<trkpt lat="49.725400" lon="14.367718">
				<ele>336.000000</ele>
			</trkpt>
			<trkpt lat="49.725382" lon="14.367808">
				<ele>344.000000</ele>
			</trkpt>
			<trkpt lat="49.725353" lon="14.367861">
				<ele>349.000000</ele>
			</trkpt>
			<trkpt lat="49.725335" lon="14.367888">
				<ele>351.000000</ele>
			</trkpt>
			<trkpt lat="49.725260" lon="14.367933">
				<ele>354.000000</ele>
			</trkpt>
			<trkpt lat="49.725231" lon="14.367961">
				<ele>356.000000</ele>
			</trkpt>
			<trkpt lat="49.725219" lon="14.368005">
				<ele>360.000000</ele>
			</trkpt>
			<trkpt lat="49.725196" lon="14.368112">
				<ele>368.000000</ele>
			</trkpt>
			<trkpt lat="49.725185" lon="14.368122">
				<ele>368.000000</ele>
			</trkpt>
			<trkpt lat="49.725167" lon="14.368131">
				<ele>367.000000</ele>
			</trkpt>
			<trkpt lat="49.725162" lon="14.368112">
				<ele>366.000000</ele>
			</trkpt>
			<trkpt lat="49.725150" lon="14.368085">
				<ele>363.000000</ele>
			</trkpt>
			<trkpt lat="49.725121" lon="14.368014">
				<ele>356.000000</ele>
			</trkpt>
			<trkpt lat="49.725097" lon="14.367978">
				<ele>352.000000</ele>
			</trkpt>
			<trkpt lat="49.725069" lon="14.367961">
				<ele>349.000000</ele>
			</trkpt>
			<trkpt lat="49.725034" lon="14.367961">
				<ele>347.000000</ele>
			</trkpt>
			<trkpt lat="49.724918" lon="14.368032">
				<ele>346.000000</ele>
			</trkpt>
			<trkpt lat="49.724784" lon="14.368148">
				<ele>341.000000</ele>
			</trkpt>
			<trkpt lat="49.724708" lon="14.368202">
				<ele>338.000000</ele>
			</trkpt>
			<trkpt lat="49.724685" lon="14.368202">
				<ele>337.000000</ele>
			</trkpt>
			<trkpt lat="49.724656" lon="14.368202">
				<ele>335.000000</ele>
			</trkpt>
			<trkpt lat="49.724529" lon="14.368104">
				<ele>331.000000</ele>
			</trkpt>
			<trkpt lat="49.724459" lon="14.368051">
				<ele>332.000000</ele>
			</trkpt>
			<trkpt lat="49.724430" lon="14.368051">
				<ele>334.000000</ele>
			</trkpt>
			<trkpt lat="49.724424" lon="14.368068">
				<ele>336.000000</ele>
			</trkpt>
			<trkpt lat="49.724279" lon="14.368301">
				<ele>359.000000</ele>
			</trkpt>
			<trkpt lat="49.724215" lon="14.368418">
				<ele>369.000000</ele>
			</trkpt>
			<trkpt lat="49.724174" lon="14.368472">
				<ele>374.000000</ele>
			</trkpt>
			<trkpt lat="49.724116" lon="14.368517">
				<ele>378.000000</ele>
			</trkpt>
			<trkpt lat="49.723977" lon="14.368588">
				<ele>383.000000</ele>
			</trkpt>
			<trkpt lat="49.723849" lon="14.368670">
				<ele>388.000000</ele>
			</trkpt>
			<trkpt lat="49.723803" lon="14.368670">
				<ele>389.000000</ele>
			</trkpt>
			<trkpt lat="49.723768" lon="14.368670">
				<ele>389.000000</ele>
			</trkpt>
			<trkpt lat="49.723750" lon="14.368661">
				<ele>389.000000</ele>
			</trkpt>
			<trkpt lat="49.723698" lon="14.368616">
				<ele>386.000000</ele>
			</trkpt>
			<trkpt lat="49.723657" lon="14.368588">
				<ele>385.000000</ele>
			</trkpt>
			<trkpt lat="49.723623" lon="14.368588">
				<ele>385.000000</ele>
			</trkpt>
			<trkpt lat="49.723489" lon="14.368535">
				<ele>381.000000</ele>
			</trkpt>
			<trkpt lat="49.723408" lon="14.368508">
				<ele>378.000000</ele>
			</trkpt>
			<trkpt lat="49.723379" lon="14.368508">
				<ele>376.000000</ele>
			</trkpt>
			<trkpt lat="49.723361" lon="14.368535">
				<ele>376.000000</ele>
			</trkpt>
			<trkpt lat="49.723239" lon="14.368724">
				<ele>373.000000</ele>
			</trkpt>
			<trkpt lat="49.723164" lon="14.368804">
				<ele>370.000000</ele>
			</trkpt>
			<trkpt lat="49.723111" lon="14.368850">
				<ele>367.000000</ele>
			</trkpt>
			<trkpt lat="49.722949" lon="14.368930">
				<ele>358.000000</ele>
			</trkpt>
			<trkpt lat="49.722891" lon="14.368948">
				<ele>356.000000</ele>
			</trkpt>
			<trkpt lat="49.722862" lon="14.368930">
				<ele>354.000000</ele>
			</trkpt>
			<trkpt lat="49.722850" lon="14.368903">
				<ele>353.000000</ele>
			</trkpt>
			<trkpt lat="49.722833" lon="14.368741">
				<ele>349.000000</ele>
			</trkpt>
			<trkpt lat="49.722816" lon="14.368688">
				<ele>347.000000</ele>
			</trkpt>
			<trkpt lat="49.722798" lon="14.368625">
				<ele>345.000000</ele>
			</trkpt>
			<trkpt lat="49.722722" lon="14.368517">
				<ele>340.000000</ele>
			</trkpt>
			<trkpt lat="49.722653" lon="14.368481">
				<ele>339.000000</ele>
			</trkpt>
			<trkpt lat="49.722600" lon="14.368437">
				<ele>338.000000</ele>
			</trkpt>
			<trkpt lat="49.722543" lon="14.368382">
				<ele>337.000000</ele>
			</trkpt>
			<trkpt lat="49.722432" lon="14.368275">
				<ele>334.000000</ele>
			</trkpt>
			<trkpt lat="49.722397" lon="14.368202">
				<ele>332.000000</ele>
			</trkpt>
			<trkpt lat="49.722374" lon="14.368131">
				<ele>330.000000</ele>
			</trkpt>
			<trkpt lat="49.722316" lon="14.368014">
				<ele>328.000000</ele>
			</trkpt>
			<trkpt lat="49.722264" lon="14.367915">
				<ele>326.000000</ele>
			</trkpt>
			<trkpt lat="49.722170" lon="14.367781">
				<ele>324.000000</ele>
			</trkpt>
			<trkpt lat="49.722060" lon="14.367601">
				<ele>324.000000</ele>
			</trkpt>
			<trkpt lat="49.721979" lon="14.367422">
				<ele>328.000000</ele>
			</trkpt>
			<trkpt lat="49.721962" lon="14.367332">
				<ele>330.000000</ele>
			</trkpt>
			<trkpt lat="49.721950" lon="14.367277">
				<ele>331.000000</ele>
			</trkpt>
			<trkpt lat="49.721950" lon="14.367215">
				<ele>332.000000</ele>
			</trkpt>
			<trkpt lat="49.721950" lon="14.367143">
				<ele>333.000000</ele>
			</trkpt>
			<trkpt lat="49.721979" lon="14.366972">
				<ele>331.000000</ele>
			</trkpt>
			<trkpt lat="49.721979" lon="14.366864">
				<ele>330.000000</ele>
			</trkpt>
			<trkpt lat="49.721962" lon="14.366783">
				<ele>329.000000</ele>
			</trkpt>
			<trkpt lat="49.721932" lon="14.366739">
				<ele>329.000000</ele>
			</trkpt>
			<trkpt lat="49.721898" lon="14.366703">
				<ele>330.000000</ele>
			</trkpt>
			<trkpt lat="49.721857" lon="14.366684">
				<ele>332.000000</ele>
			</trkpt>
			<trkpt lat="49.721799" lon="14.366657">
				<ele>333.000000</ele>
			</trkpt>
			<trkpt lat="49.721578" lon="14.366621">
				<ele>337.000000</ele>
			</trkpt>
			<trkpt lat="49.721515" lon="14.366594">
				<ele>338.000000</ele>
			</trkpt>
			<trkpt lat="49.721456" lon="14.366567">
				<ele>339.000000</ele>
			</trkpt>
			<trkpt lat="49.721282" lon="14.366443">
				<ele>342.000000</ele>
			</trkpt>
			<trkpt lat="49.721230" lon="14.366433">
				<ele>345.000000</ele>
			</trkpt>
			<trkpt lat="49.721195" lon="14.366433">
				<ele>347.000000</ele>
			</trkpt>
			<trkpt lat="49.721137" lon="14.366433">
				<ele>350.000000</ele>
			</trkpt>
			<trkpt lat="49.721085" lon="14.366388">
				<ele>352.000000</ele>
			</trkpt>
			<trkpt lat="49.721055" lon="14.366361">
				<ele>353.000000</ele>
			</trkpt>
			<trkpt lat="49.720957" lon="14.366263">
				<ele>356.000000</ele>
			</trkpt>
			<trkpt lat="49.720823" lon="14.366173">
				<ele>362.000000</ele>
			</trkpt>
			<trkpt lat="49.720760" lon="14.366127">
				<ele>364.000000</ele>
			</trkpt>
			<trkpt lat="49.720695" lon="14.366091">
				<ele>367.000000</ele>
			</trkpt>
			<trkpt lat="49.720643" lon="14.366038">
				<ele>368.000000</ele>
			</trkpt>
			<trkpt lat="49.720585" lon="14.365966">
				<ele>368.000000</ele>
			</trkpt>
			<trkpt lat="49.720533" lon="14.365867">
				<ele>367.000000</ele>
			</trkpt>
			<trkpt lat="49.720312" lon="14.365427">
				<ele>361.000000</ele>
			</trkpt>
			<trkpt lat="49.720271" lon="14.365328">
				<ele>360.000000</ele>
			</trkpt>
			<trkpt lat="49.720231" lon="14.365238">
				<ele>359.000000</ele>
			</trkpt>
			<trkpt lat="49.720214" lon="14.365122">
				<ele>356.000000</ele>
			</trkpt>
			<trkpt lat="49.720184" lon="14.364959">
				<ele>352.000000</ele>
			</trkpt>
			<trkpt lat="49.720155" lon="14.364789">
				<ele>351.000000</ele>
			</trkpt>
			<trkpt lat="49.720132" lon="14.364699">
				<ele>352.000000</ele>
			</trkpt>
			<trkpt lat="49.720103" lon="14.364600">
				<ele>354.000000</ele>
			</trkpt>
			<trkpt lat="49.720051" lon="14.364519">
				<ele>357.000000</ele>
			</trkpt>
			<trkpt lat="49.719946" lon="14.364403">
				<ele>364.000000</ele>
			</trkpt>
			<trkpt lat="49.719889" lon="14.364322">
				<ele>368.000000</ele>
			</trkpt>
			<trkpt lat="49.719830" lon="14.364232">
				<ele>371.000000</ele>
			</trkpt>
			<trkpt lat="49.719795" lon="14.364143">
				<ele>371.000000</ele>
			</trkpt>
			<trkpt lat="49.719778" lon="14.364116">
				<ele>371.000000</ele>
			</trkpt>
			<trkpt lat="49.719778" lon="14.364116">
				<ele>371.000000</ele>
			</trkpt>
			<trkpt lat="49.719778" lon="14.364116">
				<ele>371.000000</ele>
			</trkpt>
			<trkpt lat="49.719760" lon="14.364106">
				<ele>372.000000</ele>
			</trkpt>
			<trkpt lat="49.719749" lon="14.364089">
				<ele>373.000000</ele>
			</trkpt>
			<trkpt lat="49.719749" lon="14.364080">
				<ele>372.000000</ele>
			</trkpt>
			<trkpt lat="49.719767" lon="14.364017">
				<ele>368.000000</ele>
			</trkpt>
			<trkpt lat="49.719784" lon="14.363990">
				<ele>365.000000</ele>
			</trkpt>
			<trkpt lat="49.719795" lon="14.363953">
				<ele>363.000000</ele>
			</trkpt>
			<trkpt lat="49.719795" lon="14.363927">
				<ele>362.000000</ele>
			</trkpt>
			<trkpt lat="49.719778" lon="14.363909">
				<ele>363.000000</ele>
			</trkpt>
			<trkpt lat="49.719754" lon="14.363882">
				<ele>363.000000</ele>
			</trkpt>
			<trkpt lat="49.719732" lon="14.363854">
				<ele>363.000000</ele>
			</trkpt>
			<trkpt lat="49.719737" lon="14.363837">
				<ele>362.000000</ele>
			</trkpt>
			<trkpt lat="49.719749" lon="14.363774">
				<ele>359.000000</ele>
			</trkpt>
			<trkpt lat="49.719737" lon="14.363730">
				<ele>357.000000</ele>
			</trkpt>
			<trkpt lat="49.719732" lon="14.363720">
				<ele>357.000000</ele>
			</trkpt>
			<trkpt lat="49.719673" lon="14.363621">
				<ele>356.000000</ele>
			</trkpt>
			<trkpt lat="49.719627" lon="14.363468">
				<ele>354.000000</ele>
			</trkpt>
			<trkpt lat="49.719604" lon="14.363343">
				<ele>352.000000</ele>
			</trkpt>
			<trkpt lat="49.719592" lon="14.363190">
				<ele>351.000000</ele>
			</trkpt>
			<trkpt lat="49.719580" lon="14.362875">
				<ele>348.000000</ele>
			</trkpt>
			<trkpt lat="49.719563" lon="14.362759">
				<ele>349.000000</ele>
			</trkpt>
			<trkpt lat="49.719534" lon="14.362661">
				<ele>350.000000</ele>
			</trkpt>
			<trkpt lat="49.719505" lon="14.362579">
				<ele>353.000000</ele>
			</trkpt>
			<trkpt lat="49.719406" lon="14.362418">
				<ele>360.000000</ele>
			</trkpt>
			<trkpt lat="49.719337" lon="14.362282">
				<ele>365.000000</ele>
			</trkpt>
			<trkpt lat="49.719290" lon="14.362112">
				<ele>369.000000</ele>
			</trkpt>
			<trkpt lat="49.719250" lon="14.361959">
				<ele>373.000000</ele>
			</trkpt>
			<trkpt lat="49.719180" lon="14.361529">
				<ele>380.000000</ele>
			</trkpt>
			<trkpt lat="49.719156" lon="14.361403">
				<ele>382.000000</ele>
			</trkpt>
			<trkpt lat="49.719151" lon="14.361294">
				<ele>382.000000</ele>
			</trkpt>
			<trkpt lat="49.719168" lon="14.361169">
				<ele>381.000000</ele>
			</trkpt>
			<trkpt lat="49.719191" lon="14.361034">
				<ele>379.000000</ele>
			</trkpt>
			<trkpt lat="49.719226" lon="14.360864">
				<ele>376.000000</ele>
			</trkpt>
			<trkpt lat="49.719284" lon="14.360738">
				<ele>372.000000</ele>
			</trkpt>
			<trkpt lat="49.719325" lon="14.360630">
				<ele>369.000000</ele>
			</trkpt>
			<trkpt lat="49.719325" lon="14.360585">
				<ele>368.000000</ele>
			</trkpt>
			<trkpt lat="49.719319" lon="14.360577">
				<ele>369.000000</ele>
			</trkpt>
			<trkpt lat="49.719191" lon="14.360477">
				<ele>374.000000</ele>
			</trkpt>
			<trkpt lat="49.719145" lon="14.360424">
				<ele>376.000000</ele>
			</trkpt>
			<trkpt lat="49.719099" lon="14.360342">
				<ele>377.000000</ele>
			</trkpt>
			<trkpt lat="49.719064" lon="14.360271">
				<ele>378.000000</ele>
			</trkpt>
			<trkpt lat="49.719034" lon="14.360189">
				<ele>378.000000</ele>
			</trkpt>
			<trkpt lat="49.719029" lon="14.360072">
				<ele>377.000000</ele>
			</trkpt>
			<trkpt lat="49.719023" lon="14.359965">
				<ele>377.000000</ele>
			</trkpt>
			<trkpt lat="49.719052" lon="14.359858">
				<ele>376.000000</ele>
			</trkpt>
			<trkpt lat="49.719121" lon="14.359669">
				<ele>372.000000</ele>
			</trkpt>
			<trkpt lat="49.719134" lon="14.359606">
				<ele>372.000000</ele>
			</trkpt>
			<trkpt lat="49.719121" lon="14.359535">
				<ele>373.000000</ele>
			</trkpt>
			<trkpt lat="49.719093" lon="14.359399">
				<ele>375.000000</ele>
			</trkpt>
			<trkpt lat="49.719093" lon="14.359309">
				<ele>375.000000</ele>
			</trkpt>
			<trkpt lat="49.719093" lon="14.359219">
				<ele>376.000000</ele>
			</trkpt>
			<trkpt lat="49.719104" lon="14.359175">
				<ele>375.000000</ele>
			</trkpt>
			<trkpt lat="49.719127" lon="14.359147">
				<ele>374.000000</ele>
			</trkpt>
			<trkpt lat="49.719272" lon="14.358995">
				<ele>365.000000</ele>
			</trkpt>
			<trkpt lat="49.719319" lon="14.358923">
				<ele>362.000000</ele>
			</trkpt>
			<trkpt lat="49.719372" lon="14.358806">
				<ele>358.000000</ele>
			</trkpt>
			<trkpt lat="49.719389" lon="14.358770">
				<ele>356.000000</ele>
			</trkpt>
			<trkpt lat="49.719389" lon="14.358726">
				<ele>356.000000</ele>
			</trkpt>
			<trkpt lat="49.719389" lon="14.358699">
				<ele>355.000000</ele>
			</trkpt>
			<trkpt lat="49.719377" lon="14.358653">
				<ele>356.000000</ele>
			</trkpt>
			<trkpt lat="49.719296" lon="14.358474">
				<ele>360.000000</ele>
			</trkpt>
			<trkpt lat="49.719278" lon="14.358393">
				<ele>360.000000</ele>
			</trkpt>
			<trkpt lat="49.719267" lon="14.358313">
				<ele>360.000000</ele>
			</trkpt>
			<trkpt lat="49.719237" lon="14.358034">
				<ele>360.000000</ele>
			</trkpt>
			<trkpt lat="49.719250" lon="14.357935">
				<ele>359.000000</ele>
			</trkpt>
			<trkpt lat="49.719255" lon="14.357837">
				<ele>357.000000</ele>
			</trkpt>
			<trkpt lat="49.719325" lon="14.357405">
				<ele>353.000000</ele>
			</trkpt>
			<trkpt lat="49.719354" lon="14.357216">
				<ele>352.000000</ele>
			</trkpt>
			<trkpt lat="49.719360" lon="14.356992">
				<ele>351.000000</ele>
			</trkpt>
			<trkpt lat="49.719366" lon="14.356713">
				<ele>350.000000</ele>
			</trkpt>
			<trkpt lat="49.719360" lon="14.356615">
				<ele>349.000000</ele>
			</trkpt>
			<trkpt lat="49.719337" lon="14.356525">
				<ele>349.000000</ele>
			</trkpt>
			<trkpt lat="49.719313" lon="14.356399">
				<ele>348.000000</ele>
			</trkpt>
			<trkpt lat="49.719296" lon="14.356327">
				<ele>348.000000</ele>
			</trkpt>
			<trkpt lat="49.719267" lon="14.356282">
				<ele>348.000000</ele>
			</trkpt>
			<trkpt lat="49.719220" lon="14.356256">
				<ele>349.000000</ele>
			</trkpt>
			<trkpt lat="49.718959" lon="14.356166">
				<ele>354.000000</ele>
			</trkpt>
			<trkpt lat="49.718552" lon="14.355977">
				<ele>358.000000</ele>
			</trkpt>
			<trkpt lat="49.718407" lon="14.355904">
				<ele>360.000000</ele>
			</trkpt>
			<trkpt lat="49.718320" lon="14.355851">
				<ele>362.000000</ele>
			</trkpt>
			<trkpt lat="49.718222" lon="14.355770">
				<ele>363.000000</ele>
			</trkpt>
			<trkpt lat="49.718122" lon="14.355680">
				<ele>364.000000</ele>
			</trkpt>
			<trkpt lat="49.718065" lon="14.355608">
				<ele>365.000000</ele>
			</trkpt>
			<trkpt lat="49.718018" lon="14.355537">
				<ele>366.000000</ele>
			</trkpt>
			<trkpt lat="49.717914" lon="14.355303">
				<ele>368.000000</ele>
			</trkpt>
			<trkpt lat="49.717873" lon="14.355213">
				<ele>369.000000</ele>
			</trkpt>
			<trkpt lat="49.717849" lon="14.355124">
				<ele>370.000000</ele>
			</trkpt>
			<trkpt lat="49.717809" lon="14.354845">
				<ele>373.000000</ele>
			</trkpt>
			<trkpt lat="49.717751" lon="14.354422">
				<ele>378.000000</ele>
			</trkpt>
			<trkpt lat="49.717727" lon="14.354306">
				<ele>379.000000</ele>
			</trkpt>
			<trkpt lat="49.717687" lon="14.354225">
				<ele>380.000000</ele>
			</trkpt>
			<trkpt lat="49.717646" lon="14.354153">
				<ele>380.000000</ele>
			</trkpt>
			<trkpt lat="49.717583" lon="14.354135">
				<ele>381.000000</ele>
			</trkpt>
			<trkpt lat="49.717489" lon="14.354108">
				<ele>382.000000</ele>
			</trkpt>
			<trkpt lat="49.717420" lon="14.354108">
				<ele>382.000000</ele>
			</trkpt>
			<trkpt lat="49.717391" lon="14.354108">
				<ele>382.000000</ele>
			</trkpt>
			<trkpt lat="49.717321" lon="14.354135">
				<ele>383.000000</ele>
			</trkpt>
			<trkpt lat="49.717304" lon="14.354162">
				<ele>383.000000</ele>
			</trkpt>
			<trkpt lat="49.717286" lon="14.354206">
				<ele>383.000000</ele>
			</trkpt>
			<trkpt lat="49.717257" lon="14.354288">
				<ele>384.000000</ele>
			</trkpt>
			<trkpt lat="49.717257" lon="14.354369">
				<ele>385.000000</ele>
			</trkpt>
			<trkpt lat="49.717251" lon="14.354369">
				<ele>385.000000</ele>
			</trkpt>
			<trkpt lat="49.717251" lon="14.354369">
				<ele>385.000000</ele>
			</trkpt>
			<trkpt lat="49.717257" lon="14.354369">
				<ele>385.000000</ele>
			</trkpt>
			<trkpt lat="49.717222" lon="14.354315">
				<ele>385.000000</ele>
			</trkpt>
			<trkpt lat="49.717124" lon="14.354153">
				<ele>382.000000</ele>
			</trkpt>
			<trkpt lat="49.717025" lon="14.354045">
				<ele>381.000000</ele>
			</trkpt>
			<trkpt lat="49.716967" lon="14.354019">
				<ele>380.000000</ele>
			</trkpt>
			<trkpt lat="49.716915" lon="14.354000">
				<ele>380.000000</ele>
			</trkpt>
			<trkpt lat="49.716705" lon="14.353973">
				<ele>380.000000</ele>
			</trkpt>
			<trkpt lat="49.716264" lon="14.353965">
				<ele>380.000000</ele>
			</trkpt>
			<trkpt lat="49.716142" lon="14.353956">
				<ele>380.000000</ele>
			</trkpt>
			<trkpt lat="49.716026" lon="14.353929">
				<ele>378.000000</ele>
			</trkpt>
			<trkpt lat="49.715881" lon="14.353875">
				<ele>376.000000</ele>
			</trkpt>
			<trkpt lat="49.715765" lon="14.353820">
				<ele>374.000000</ele>
			</trkpt>
			<trkpt lat="49.715654" lon="14.353757">
				<ele>373.000000</ele>
			</trkpt>
			<trkpt lat="49.715544" lon="14.353640">
				<ele>372.000000</ele>
			</trkpt>
			<trkpt lat="49.715335" lon="14.353407">
				<ele>370.000000</ele>
			</trkpt>
			<trkpt lat="49.715265" lon="14.353371">
				<ele>369.000000</ele>
			</trkpt>
			<trkpt lat="49.715184" lon="14.353344">
				<ele>369.000000</ele>
			</trkpt>
			<trkpt lat="49.714934" lon="14.353309">
				<ele>370.000000</ele>
			</trkpt>
			<trkpt lat="49.714760" lon="14.353281">
				<ele>371.000000</ele>
			</trkpt>
			<trkpt lat="49.714678" lon="14.353237">
				<ele>371.000000</ele>
			</trkpt>
			<trkpt lat="49.714615" lon="14.353174">
				<ele>372.000000</ele>
			</trkpt>
			<trkpt lat="49.714591" lon="14.353120">
				<ele>371.000000</ele>
			</trkpt>
			<trkpt lat="49.714568" lon="14.353057">
				<ele>371.000000</ele>
			</trkpt>
			<trkpt lat="49.714550" lon="14.352950">
				<ele>371.000000</ele>
			</trkpt>
			<trkpt lat="49.714539" lon="14.352572">
				<ele>371.000000</ele>
			</trkpt>
			<trkpt lat="49.714521" lon="14.352365">
				<ele>373.000000</ele>
			</trkpt>
			<trkpt lat="49.714504" lon="14.352239">
				<ele>373.000000</ele>
			</trkpt>
			<trkpt lat="49.714469" lon="14.352122">
				<ele>373.000000</ele>
			</trkpt>
			<trkpt lat="49.714405" lon="14.352006">
				<ele>374.000000</ele>
			</trkpt>
			<trkpt lat="49.714249" lon="14.351791">
				<ele>375.000000</ele>
			</trkpt>
			<trkpt lat="49.714033" lon="14.351539">
				<ele>375.000000</ele>
			</trkpt>
			<trkpt lat="49.713871" lon="14.351350">
				<ele>375.000000</ele>
			</trkpt>
			<trkpt lat="49.713714" lon="14.351197">
				<ele>375.000000</ele>
			</trkpt>
			<trkpt lat="49.713569" lon="14.351080">
				<ele>375.000000</ele>
			</trkpt>
			<trkpt lat="49.713389" lon="14.350929">
				<ele>374.000000</ele>
			</trkpt>
			<trkpt lat="49.713308" lon="14.350874">
				<ele>374.000000</ele>
			</trkpt>
			<trkpt lat="49.713226" lon="14.350847">
				<ele>374.000000</ele>
			</trkpt>
			<trkpt lat="49.713139" lon="14.350820">
				<ele>375.000000</ele>
			</trkpt>
			<trkpt lat="49.712977" lon="14.350820">
				<ele>377.000000</ele>
			</trkpt>
			<trkpt lat="49.712831" lon="14.350793">
				<ele>377.000000</ele>
			</trkpt>
			<trkpt lat="49.712732" lon="14.350766">
				<ele>378.000000</ele>
			</trkpt>
			<trkpt lat="49.712634" lon="14.350713">
				<ele>378.000000</ele>
			</trkpt>
			<trkpt lat="49.712535" lon="14.350631">
				<ele>378.000000</ele>
			</trkpt>
			<trkpt lat="49.711989" lon="14.350048">
				<ele>381.000000</ele>
			</trkpt>
			<trkpt lat="49.711855" lon="14.349904">
				<ele>382.000000</ele>
			</trkpt>
			<trkpt lat="49.711762" lon="14.349824">
				<ele>383.000000</ele>
			</trkpt>
			<trkpt lat="49.711675" lon="14.349787">
				<ele>383.000000</ele>
			</trkpt>
			<trkpt lat="49.711565" lon="14.349769">
				<ele>384.000000</ele>
			</trkpt>
			<trkpt lat="49.711449" lon="14.349761">
				<ele>385.000000</ele>
			</trkpt>
			<trkpt lat="49.711362" lon="14.349734">
				<ele>385.000000</ele>
			</trkpt>
			<trkpt lat="49.711280" lon="14.349688">
				<ele>386.000000</ele>
			</trkpt>
			<trkpt lat="49.711118" lon="14.349598">
				<ele>386.000000</ele>
			</trkpt>
			<trkpt lat="49.710740" lon="14.349634">
				<ele>387.000000</ele>
			</trkpt>
			<trkpt lat="49.710351" lon="14.349625">
				<ele>386.000000</ele>
			</trkpt>
			<trkpt lat="49.710223" lon="14.349625">
				<ele>386.000000</ele>
			</trkpt>
			<trkpt lat="49.709863" lon="14.349617">
				<ele>383.000000</ele>
			</trkpt>
			<trkpt lat="49.709665" lon="14.349644">
				<ele>382.000000</ele>
			</trkpt>
			<trkpt lat="49.709532" lon="14.349671">
				<ele>381.000000</ele>
			</trkpt>
			<trkpt lat="49.709410" lon="14.349734">
				<ele>380.000000</ele>
			</trkpt>
			<trkpt lat="49.709288" lon="14.349805">
				<ele>380.000000</ele>
			</trkpt>
			<trkpt lat="49.709020" lon="14.350003">
				<ele>379.000000</ele>
			</trkpt>
			<trkpt lat="49.708881" lon="14.350074">
				<ele>379.000000</ele>
			</trkpt>
			<trkpt lat="49.708742" lon="14.350128">
				<ele>378.000000</ele>
			</trkpt>
			<trkpt lat="49.708625" lon="14.350155">
				<ele>377.000000</ele>
			</trkpt>
			<trkpt lat="49.707818" lon="14.350263">
				<ele>379.000000</ele>
			</trkpt>
			<trkpt lat="49.707569" lon="14.350308">
				<ele>379.000000</ele>
			</trkpt>
			<trkpt lat="49.707312" lon="14.350371">
				<ele>380.000000</ele>
			</trkpt>
			<trkpt lat="49.707214" lon="14.350398">
				<ele>379.000000</ele>
			</trkpt>
			<trkpt lat="49.707098" lon="14.350453">
				<ele>379.000000</ele>
			</trkpt>
			<trkpt lat="49.706982" lon="14.350541">
				<ele>380.000000</ele>
			</trkpt>
			<trkpt lat="49.706883" lon="14.350623">
				<ele>379.000000</ele>
			</trkpt>
			<trkpt lat="49.706778" lon="14.350740">
				<ele>379.000000</ele>
			</trkpt>
			<trkpt lat="49.706697" lon="14.350866">
				<ele>379.000000</ele>
			</trkpt>
			<trkpt lat="49.706627" lon="14.350973">
				<ele>379.000000</ele>
			</trkpt>
			<trkpt lat="49.706581" lon="14.351090">
				<ele>379.000000</ele>
			</trkpt>
			<trkpt lat="49.706313" lon="14.351862">
				<ele>378.000000</ele>
			</trkpt>
			<trkpt lat="49.706244" lon="14.352105">
				<ele>377.000000</ele>
			</trkpt>
			<trkpt lat="49.706023" lon="14.352743">
				<ele>373.000000</ele>
			</trkpt>
			<trkpt lat="49.705942" lon="14.352950">
				<ele>371.000000</ele>
			</trkpt>
			<trkpt lat="49.705883" lon="14.353074">
				<ele>370.000000</ele>
			</trkpt>
			<trkpt lat="49.705808" lon="14.353192">
				<ele>369.000000</ele>
			</trkpt>
			<trkpt lat="49.705715" lon="14.353290">
				<ele>368.000000</ele>
			</trkpt>
			<trkpt lat="49.705617" lon="14.353390">
				<ele>367.000000</ele>
			</trkpt>
			<trkpt lat="49.705541" lon="14.353470">
				<ele>365.000000</ele>
			</trkpt>
			<trkpt lat="49.705482" lon="14.353560">
				<ele>364.000000</ele>
			</trkpt>
			<trkpt lat="49.705425" lon="14.353650">
				<ele>364.000000</ele>
			</trkpt>
			<trkpt lat="49.705372" lon="14.353766">
				<ele>363.000000</ele>
			</trkpt>
			<trkpt lat="49.705332" lon="14.353902">
				<ele>362.000000</ele>
			</trkpt>
			<trkpt lat="49.705291" lon="14.354045">
				<ele>362.000000</ele>
			</trkpt>
			<trkpt lat="49.705256" lon="14.354225">
				<ele>362.000000</ele>
			</trkpt>
			<trkpt lat="49.705198" lon="14.354611">
				<ele>361.000000</ele>
			</trkpt>
			<trkpt lat="49.705105" lon="14.355294">
				<ele>359.000000</ele>
			</trkpt>
			<trkpt lat="49.705087" lon="14.355401">
				<ele>358.000000</ele>
			</trkpt>
			<trkpt lat="49.705059" lon="14.355474">
				<ele>357.000000</ele>
			</trkpt>
			<trkpt lat="49.705030" lon="14.355545">
				<ele>357.000000</ele>
			</trkpt>
			<trkpt lat="49.704989" lon="14.355627">
				<ele>357.000000</ele>
			</trkpt>
			<trkpt lat="49.704855" lon="14.355851">
				<ele>356.000000</ele>
			</trkpt>
			<trkpt lat="49.704774" lon="14.356030">
				<ele>355.000000</ele>
			</trkpt>
			<trkpt lat="49.704542" lon="14.354818">
				<ele>354.000000</ele>
			</trkpt>
			<trkpt lat="49.704292" lon="14.353542">
				<ele>355.000000</ele>
			</trkpt>
			<trkpt lat="49.704007" lon="14.352275">
				<ele>354.000000</ele>
			</trkpt>
			<trkpt lat="49.703949" lon="14.352078">
				<ele>354.000000</ele>
			</trkpt>
			<trkpt lat="49.703862" lon="14.351889">
				<ele>353.000000</ele>
			</trkpt>
			<trkpt lat="49.703827" lon="14.351826">
				<ele>353.000000</ele>
			</trkpt>
			<trkpt lat="49.703670" lon="14.351584">
				<ele>352.000000</ele>
			</trkpt>
			<trkpt lat="49.703397" lon="14.351099">
				<ele>352.000000</ele>
			</trkpt>
			<trkpt lat="49.703159" lon="14.350677">
				<ele>351.000000</ele>
			</trkpt>
			<trkpt lat="49.703124" lon="14.350604">
				<ele>351.000000</ele>
			</trkpt>
			<trkpt lat="49.703095" lon="14.350533">
				<ele>351.000000</ele>
			</trkpt>
			<trkpt lat="49.703077" lon="14.350424">
				<ele>351.000000</ele>
			</trkpt>
			<trkpt lat="49.703072" lon="14.350317">
				<ele>351.000000</ele>
			</trkpt>
			<trkpt lat="49.703077" lon="14.350191">
				<ele>351.000000</ele>
			</trkpt>
			<trkpt lat="49.703107" lon="14.350093">
				<ele>352.000000</ele>
			</trkpt>
			<trkpt lat="49.703129" lon="14.349994">
				<ele>352.000000</ele>
			</trkpt>
			<trkpt lat="49.703142" lon="14.349913">
				<ele>352.000000</ele>
			</trkpt>
			<trkpt lat="49.703135" lon="14.349652">
				<ele>353.000000</ele>
			</trkpt>
			<trkpt lat="49.703135" lon="14.349382">
				<ele>354.000000</ele>
			</trkpt>
			<trkpt lat="49.703153" lon="14.349195">
				<ele>354.000000</ele>
			</trkpt>
			<trkpt lat="49.703159" lon="14.349122">
				<ele>354.000000</ele>
			</trkpt>
			<trkpt lat="49.703159" lon="14.348925">
				<ele>355.000000</ele>
			</trkpt>
			<trkpt lat="49.703142" lon="14.348692">
				<ele>355.000000</ele>
			</trkpt>
			<trkpt lat="49.703107" lon="14.348512">
				<ele>355.000000</ele>
			</trkpt>
			<trkpt lat="49.703066" lon="14.348359">
				<ele>355.000000</ele>
			</trkpt>
			<trkpt lat="49.702996" lon="14.348126">
				<ele>354.000000</ele>
			</trkpt>
			<trkpt lat="49.702973" lon="14.348053">
				<ele>354.000000</ele>
			</trkpt>
			<trkpt lat="49.702932" lon="14.347847">
				<ele>354.000000</ele>
			</trkpt>
			<trkpt lat="49.702903" lon="14.347667">
				<ele>354.000000</ele>
			</trkpt>
			<trkpt lat="49.702891" lon="14.347514">
				<ele>355.000000</ele>
			</trkpt>
			<trkpt lat="49.702891" lon="14.347380">
				<ele>355.000000</ele>
			</trkpt>
			<trkpt lat="49.702915" lon="14.347002">
				<ele>356.000000</ele>
			</trkpt>
			<trkpt lat="49.702932" lon="14.346715">
				<ele>356.000000</ele>
			</trkpt>
			<trkpt lat="49.702926" lon="14.346715">
				<ele>356.000000</ele>
			</trkpt>
			<trkpt lat="49.702926" lon="14.346715">
				<ele>356.000000</ele>
			</trkpt>
			<trkpt lat="49.702903" lon="14.346697">
				<ele>356.000000</ele>
			</trkpt>
			<trkpt lat="49.702880" lon="14.346671">
				<ele>356.000000</ele>
			</trkpt>
			<trkpt lat="49.702834" lon="14.346571">
				<ele>356.000000</ele>
			</trkpt>
			<trkpt lat="49.702799" lon="14.346518">
				<ele>356.000000</ele>
			</trkpt>
			<trkpt lat="49.702769" lon="14.346482">
				<ele>356.000000</ele>
			</trkpt>
			<trkpt lat="49.702607" lon="14.346409">
				<ele>356.000000</ele>
			</trkpt>
			<trkpt lat="49.702374" lon="14.346346">
				<ele>356.000000</ele>
			</trkpt>
			<trkpt lat="49.702246" lon="14.346302">
				<ele>356.000000</ele>
			</trkpt>
			<trkpt lat="49.702101" lon="14.346248">
				<ele>356.000000</ele>
			</trkpt>
			<trkpt lat="49.701939" lon="14.346185">
				<ele>355.000000</ele>
			</trkpt>
			<trkpt lat="49.701834" lon="14.346158">
				<ele>355.000000</ele>
			</trkpt>
			<trkpt lat="49.701654" lon="14.346122">
				<ele>355.000000</ele>
			</trkpt>
			<trkpt lat="49.701474" lon="14.346122">
				<ele>355.000000</ele>
			</trkpt>
			<trkpt lat="49.700986" lon="14.346140">
				<ele>354.000000</ele>
			</trkpt>
			<trkpt lat="49.700754" lon="14.346176">
				<ele>354.000000</ele>
			</trkpt>
			<trkpt lat="49.700573" lon="14.346203">
				<ele>354.000000</ele>
			</trkpt>
			<trkpt lat="49.700399" lon="14.346248">
				<ele>354.000000</ele>
			</trkpt>
			<trkpt lat="49.700184" lon="14.346319">
				<ele>353.000000</ele>
			</trkpt>
			<trkpt lat="49.699888" lon="14.346436">
				<ele>353.000000</ele>
			</trkpt>
			<trkpt lat="49.699690" lon="14.346518">
				<ele>353.000000</ele>
			</trkpt>
			<trkpt lat="49.699574" lon="14.346545">
				<ele>352.000000</ele>
			</trkpt>
			<trkpt lat="49.699440" lon="14.346581">
				<ele>352.000000</ele>
			</trkpt>
			<trkpt lat="49.699219" lon="14.346661">
				<ele>352.000000</ele>
			</trkpt>
			<trkpt lat="49.699144" lon="14.346706">
				<ele>352.000000</ele>
			</trkpt>
			<trkpt lat="49.699057" lon="14.346778">
				<ele>352.000000</ele>
			</trkpt>
			<trkpt lat="49.698912" lon="14.346904">
				<ele>352.000000</ele>
			</trkpt>
			<trkpt lat="49.698807" lon="14.346975">
				<ele>352.000000</ele>
			</trkpt>
			<trkpt lat="49.698534" lon="14.347048">
				<ele>352.000000</ele>
			</trkpt>
			<trkpt lat="49.698430" lon="14.347065">
				<ele>352.000000</ele>
			</trkpt>
			<trkpt lat="49.698301" lon="14.347065">
				<ele>353.000000</ele>
			</trkpt>
			<trkpt lat="49.697691" lon="14.347057">
				<ele>354.000000</ele>
			</trkpt>
			<trkpt lat="49.697267" lon="14.347074">
				<ele>356.000000</ele>
			</trkpt>
			<trkpt lat="49.696843" lon="14.347111">
				<ele>358.000000</ele>
			</trkpt>
			<trkpt lat="49.696367" lon="14.347174">
				<ele>360.000000</ele>
			</trkpt>
			<trkpt lat="49.696163" lon="14.347237">
				<ele>362.000000</ele>
			</trkpt>
			<trkpt lat="49.695983" lon="14.347308">
				<ele>363.000000</ele>
			</trkpt>
			<trkpt lat="49.695832" lon="14.347407">
				<ele>365.000000</ele>
			</trkpt>
			<trkpt lat="49.695640" lon="14.347560">
				<ele>366.000000</ele>
			</trkpt>
			<trkpt lat="49.695443" lon="14.347757">
				<ele>368.000000</ele>
			</trkpt>
			<trkpt lat="49.695309" lon="14.347856">
				<ele>369.000000</ele>
			</trkpt>
			<trkpt lat="49.695251" lon="14.347891">
				<ele>369.000000</ele>
			</trkpt>
			<trkpt lat="49.695187" lon="14.347910">
				<ele>369.000000</ele>
			</trkpt>
			<trkpt lat="49.695129" lon="14.347910">
				<ele>370.000000</ele>
			</trkpt>
			<trkpt lat="49.695071" lon="14.347910">
				<ele>370.000000</ele>
			</trkpt>
			<trkpt lat="49.694746" lon="14.347829">
				<ele>371.000000</ele>
			</trkpt>
			<trkpt lat="49.694432" lon="14.347757">
				<ele>371.000000</ele>
			</trkpt>
			<trkpt lat="49.694089" lon="14.347658">
				<ele>371.000000</ele>
			</trkpt>
			<trkpt lat="49.693484" lon="14.347541">
				<ele>371.000000</ele>
			</trkpt>
			<trkpt lat="49.693223" lon="14.347524">
				<ele>370.000000</ele>
			</trkpt>
			<trkpt lat="49.692932" lon="14.347524">
				<ele>369.000000</ele>
			</trkpt>
			<trkpt lat="49.692206" lon="14.347560">
				<ele>366.000000</ele>
			</trkpt>
			<trkpt lat="49.692078" lon="14.347550">
				<ele>366.000000</ele>
			</trkpt>
			<trkpt lat="49.691892" lon="14.347470">
				<ele>366.000000</ele>
			</trkpt>
			<trkpt lat="49.691817" lon="14.347443">
				<ele>366.000000</ele>
			</trkpt>
			<trkpt lat="49.691729" lon="14.347443">
				<ele>366.000000</ele>
			</trkpt>
			<trkpt lat="49.691648" lon="14.347470">
				<ele>366.000000</ele>
			</trkpt>
			<trkpt lat="49.691585" lon="14.347514">
				<ele>366.000000</ele>
			</trkpt>
			<trkpt lat="49.691520" lon="14.347568">
				<ele>366.000000</ele>
			</trkpt>
			<trkpt lat="49.691282" lon="14.347837">
				<ele>366.000000</ele>
			</trkpt>
			<trkpt lat="49.691184" lon="14.347919">
				<ele>367.000000</ele>
			</trkpt>
			<trkpt lat="49.691073" lon="14.348009">
				<ele>368.000000</ele>
			</trkpt>
			<trkpt lat="49.690974" lon="14.348053">
				<ele>368.000000</ele>
			</trkpt>
			<trkpt lat="49.690620" lon="14.348206">
				<ele>371.000000</ele>
			</trkpt>
			<trkpt lat="49.690422" lon="14.348269">
				<ele>372.000000</ele>
			</trkpt>
			<trkpt lat="49.689684" lon="14.348359">
				<ele>378.000000</ele>
			</trkpt>
			<trkpt lat="49.689713" lon="14.348556">
				<ele>381.000000</ele>
			</trkpt>
			<trkpt lat="49.689742" lon="14.348736">
				<ele>381.000000</ele>
			</trkpt>
			<trkpt lat="49.689870" lon="14.349231">
				<ele>383.000000</ele>
			</trkpt>
			<trkpt lat="49.689893" lon="14.349356">
				<ele>384.000000</ele>
			</trkpt>
			<trkpt lat="49.689899" lon="14.349482">
				<ele>385.000000</ele>
			</trkpt>
			<trkpt lat="49.689881" lon="14.349589">
				<ele>386.000000</ele>
			</trkpt>
			<trkpt lat="49.689835" lon="14.349688">
				<ele>387.000000</ele>
			</trkpt>
			<trkpt lat="49.689783" lon="14.349797">
				<ele>389.000000</ele>
			</trkpt>
			<trkpt lat="49.689765" lon="14.349895">
				<ele>391.000000</ele>
			</trkpt>
			<trkpt lat="49.689730" lon="14.350281">
				<ele>396.000000</ele>
			</trkpt>
			<trkpt lat="49.689696" lon="14.350659">
				<ele>401.000000</ele>
			</trkpt>
			<trkpt lat="49.689678" lon="14.350757">
				<ele>402.000000</ele>
			</trkpt>
			<trkpt lat="49.689643" lon="14.350829">
				<ele>403.000000</ele>
			</trkpt>
			<trkpt lat="49.689591" lon="14.350883">
				<ele>404.000000</ele>
			</trkpt>
			<trkpt lat="49.689527" lon="14.350929">
				<ele>404.000000</ele>
			</trkpt>
			<trkpt lat="49.689358" lon="14.350982">
				<ele>405.000000</ele>
			</trkpt>
			<trkpt lat="49.689312" lon="14.351009">
				<ele>405.000000</ele>
			</trkpt>
			<trkpt lat="49.689283" lon="14.351036">
				<ele>405.000000</ele>
			</trkpt>
			<trkpt lat="49.689231" lon="14.351126">
				<ele>407.000000</ele>
			</trkpt>
			<trkpt lat="49.689196" lon="14.351233">
				<ele>408.000000</ele>
			</trkpt>
			<trkpt lat="49.689179" lon="14.351386">
				<ele>408.000000</ele>
			</trkpt>
			<trkpt lat="49.689173" lon="14.351485">
				<ele>408.000000</ele>
			</trkpt>
			<trkpt lat="49.689155" lon="14.351556">
				<ele>408.000000</ele>
			</trkpt>
			<trkpt lat="49.689057" lon="14.351791">
				<ele>408.000000</ele>
			</trkpt>
			<trkpt lat="49.688940" lon="14.352042">
				<ele>408.000000</ele>
			</trkpt>
			<trkpt lat="49.688656" lon="14.352617">
				<ele>408.000000</ele>
			</trkpt>
			<trkpt lat="49.688603" lon="14.352724">
				<ele>408.000000</ele>
			</trkpt>
			<trkpt lat="49.688556" lon="14.352868">
				<ele>406.000000</ele>
			</trkpt>
			<trkpt lat="49.688521" lon="14.352994">
				<ele>406.000000</ele>
			</trkpt>
			<trkpt lat="49.688499" lon="14.353129">
				<ele>405.000000</ele>
			</trkpt>
			<trkpt lat="49.688464" lon="14.353390">
				<ele>402.000000</ele>
			</trkpt>
			<trkpt lat="49.688452" lon="14.353812">
				<ele>397.000000</ele>
			</trkpt>
			<trkpt lat="49.688440" lon="14.354072">
				<ele>395.000000</ele>
			</trkpt>
			<trkpt lat="49.688429" lon="14.354332">
				<ele>392.000000</ele>
			</trkpt>
			<trkpt lat="49.688434" lon="14.354611">
				<ele>390.000000</ele>
			</trkpt>
			<trkpt lat="49.688440" lon="14.354944">
				<ele>386.000000</ele>
			</trkpt>
			<trkpt lat="49.688452" lon="14.355222">
				<ele>384.000000</ele>
			</trkpt>
			<trkpt lat="49.688429" lon="14.355455">
				<ele>382.000000</ele>
			</trkpt>
			<trkpt lat="49.688382" lon="14.355724">
				<ele>380.000000</ele>
			</trkpt>
			<trkpt lat="49.688295" lon="14.356111">
				<ele>378.000000</ele>
			</trkpt>
			<trkpt lat="49.688260" lon="14.356264">
				<ele>377.000000</ele>
			</trkpt>
			<trkpt lat="49.688243" lon="14.356416">
				<ele>377.000000</ele>
			</trkpt>
			<trkpt lat="49.688225" lon="14.356587">
				<ele>376.000000</ele>
			</trkpt>
			<trkpt lat="49.688225" lon="14.356722">
				<ele>376.000000</ele>
			</trkpt>
			<trkpt lat="49.688255" lon="14.356982">
				<ele>375.000000</ele>
			</trkpt>
			<trkpt lat="49.688330" lon="14.357468">
				<ele>373.000000</ele>
			</trkpt>
			<trkpt lat="49.688359" lon="14.357719">
				<ele>371.000000</ele>
			</trkpt>
			<trkpt lat="49.688190" lon="14.357818">
				<ele>373.000000</ele>
			</trkpt>
			<trkpt lat="49.688115" lon="14.357845">
				<ele>374.000000</ele>
			</trkpt>
			<trkpt lat="49.688063" lon="14.357845">
				<ele>374.000000</ele>
			</trkpt>
			<trkpt lat="49.688028" lon="14.357864">
				<ele>374.000000</ele>
			</trkpt>
			<trkpt lat="49.687993" lon="14.357881">
				<ele>374.000000</ele>
			</trkpt>
			<trkpt lat="49.687958" lon="14.357917">
				<ele>373.000000</ele>
			</trkpt>
			<trkpt lat="49.687929" lon="14.357961">
				<ele>373.000000</ele>
			</trkpt>
			<trkpt lat="49.687911" lon="14.358016">
				<ele>373.000000</ele>
			</trkpt>
			<trkpt lat="49.687894" lon="14.358087">
				<ele>373.000000</ele>
			</trkpt>
			<trkpt lat="49.687876" lon="14.358168">
				<ele>373.000000</ele>
			</trkpt>
			<trkpt lat="49.687876" lon="14.358267">
				<ele>374.000000</ele>
			</trkpt>
			<trkpt lat="49.687876" lon="14.359866">
				<ele>371.000000</ele>
			</trkpt>
			<trkpt lat="49.687888" lon="14.360720">
				<ele>367.000000</ele>
			</trkpt>
			<trkpt lat="49.687906" lon="14.361770">
				<ele>364.000000</ele>
			</trkpt>
			<trkpt lat="49.687888" lon="14.362319">
				<ele>361.000000</ele>
			</trkpt>
			<trkpt lat="49.687871" lon="14.362624">
				<ele>360.000000</ele>
			</trkpt>
			<trkpt lat="49.687848" lon="14.362867">
				<ele>359.000000</ele>
			</trkpt>
			<trkpt lat="49.687807" lon="14.363145">
				<ele>359.000000</ele>
			</trkpt>
			<trkpt lat="49.687754" lon="14.363451">
				<ele>359.000000</ele>
			</trkpt>
			<trkpt lat="49.687650" lon="14.363999">
				<ele>358.000000</ele>
			</trkpt>
			<trkpt lat="49.687615" lon="14.364232">
				<ele>358.000000</ele>
			</trkpt>
			<trkpt lat="49.687586" lon="14.364483">
				<ele>357.000000</ele>
			</trkpt>
			<trkpt lat="49.687569" lon="14.364735">
				<ele>356.000000</ele>
			</trkpt>
			<trkpt lat="49.687563" lon="14.364869">
				<ele>355.000000</ele>
			</trkpt>
			<trkpt lat="49.687545" lon="14.364951">
				<ele>355.000000</ele>
			</trkpt>
			<trkpt lat="49.687510" lon="14.365022">
				<ele>355.000000</ele>
			</trkpt>
			<trkpt lat="49.687458" lon="14.365122">
				<ele>355.000000</ele>
			</trkpt>
			<trkpt lat="49.687412" lon="14.365175">
				<ele>354.000000</ele>
			</trkpt>
			<trkpt lat="49.687377" lon="14.365248">
				<ele>354.000000</ele>
			</trkpt>
			<trkpt lat="49.687342" lon="14.365328">
				<ele>354.000000</ele>
			</trkpt>
			<trkpt lat="49.687325" lon="14.365418">
				<ele>354.000000</ele>
			</trkpt>
			<trkpt lat="49.687313" lon="14.365498">
				<ele>354.000000</ele>
			</trkpt>
			<trkpt lat="49.687313" lon="14.365607">
				<ele>354.000000</ele>
			</trkpt>
			<trkpt lat="49.687325" lon="14.365877">
				<ele>353.000000</ele>
			</trkpt>
			<trkpt lat="49.687383" lon="14.366477">
				<ele>350.000000</ele>
			</trkpt>
			<trkpt lat="49.687400" lon="14.366783">
				<ele>350.000000</ele>
			</trkpt>
			<trkpt lat="49.687412" lon="14.367062">
				<ele>349.000000</ele>
			</trkpt>
			<trkpt lat="49.687394" lon="14.367359">
				<ele>349.000000</ele>
			</trkpt>
			<trkpt lat="49.687371" lon="14.367565">
				<ele>348.000000</ele>
			</trkpt>
			<trkpt lat="49.687307" lon="14.367745">
				<ele>347.000000</ele>
			</trkpt>
			<trkpt lat="49.687336" lon="14.367816">
				<ele>347.000000</ele>
			</trkpt>
			<trkpt lat="49.687336" lon="14.367879">
				<ele>347.000000</ele>
			</trkpt>
			<trkpt lat="49.687331" lon="14.368032">
				<ele>346.000000</ele>
			</trkpt>
			<trkpt lat="49.687284" lon="14.368275">
				<ele>346.000000</ele>
			</trkpt>
			<trkpt lat="49.687266" lon="14.368401">
				<ele>345.000000</ele>
			</trkpt>
			<trkpt lat="49.687266" lon="14.368401">
				<ele>345.000000</ele>
			</trkpt>
			<trkpt lat="49.687266" lon="14.368401">
				<ele>345.000000</ele>
			</trkpt>
			<trkpt lat="49.687231" lon="14.368427">
				<ele>345.000000</ele>
			</trkpt>
			<trkpt lat="49.687202" lon="14.368464">
				<ele>345.000000</ele>
			</trkpt>
			<trkpt lat="49.687179" lon="14.368527">
				<ele>344.000000</ele>
			</trkpt>
			<trkpt lat="49.687162" lon="14.368588">
				<ele>344.000000</ele>
			</trkpt>
			<trkpt lat="49.687115" lon="14.368741">
				<ele>344.000000</ele>
			</trkpt>
			<trkpt lat="49.687080" lon="14.368913">
				<ele>344.000000</ele>
			</trkpt>
			<trkpt lat="49.687011" lon="14.369416">
				<ele>343.000000</ele>
			</trkpt>
			<trkpt lat="49.686987" lon="14.369577">
				<ele>344.000000</ele>
			</trkpt>
			<trkpt lat="49.686941" lon="14.369730">
				<ele>344.000000</ele>
			</trkpt>
			<trkpt lat="49.686894" lon="14.369882">
				<ele>345.000000</ele>
			</trkpt>
			<trkpt lat="49.686819" lon="14.370080">
				<ele>346.000000</ele>
			</trkpt>
			<trkpt lat="49.686743" lon="14.370259">
				<ele>347.000000</ele>
			</trkpt>
			<trkpt lat="49.686708" lon="14.370385">
				<ele>347.000000</ele>
			</trkpt>
			<trkpt lat="49.686691" lon="14.370521">
				<ele>347.000000</ele>
			</trkpt>
			<trkpt lat="49.686673" lon="14.370664">
				<ele>348.000000</ele>
			</trkpt>
			<trkpt lat="49.686662" lon="14.370925">
				<ele>348.000000</ele>
			</trkpt>
			<trkpt lat="49.686615" lon="14.371500">
				<ele>348.000000</ele>
			</trkpt>
			<trkpt lat="49.686592" lon="14.371886">
				<ele>349.000000</ele>
			</trkpt>
			<trkpt lat="49.686586" lon="14.372263">
				<ele>350.000000</ele>
			</trkpt>
			<trkpt lat="49.686598" lon="14.372605">
				<ele>349.000000</ele>
			</trkpt>
			<trkpt lat="49.686627" lon="14.373314">
				<ele>345.000000</ele>
			</trkpt>
			<trkpt lat="49.686627" lon="14.373682">
				<ele>343.000000</ele>
			</trkpt>
			<trkpt lat="49.686633" lon="14.374410">
				<ele>342.000000</ele>
			</trkpt>
			<trkpt lat="49.686627" lon="14.374769">
				<ele>342.000000</ele>
			</trkpt>
			<trkpt lat="49.686604" lon="14.375083">
				<ele>342.000000</ele>
			</trkpt>
			<trkpt lat="49.686557" lon="14.375353">
				<ele>342.000000</ele>
			</trkpt>
			<trkpt lat="49.686401" lon="14.376144">
				<ele>342.000000</ele>
			</trkpt>
			<trkpt lat="49.686319" lon="14.376449">
				<ele>343.000000</ele>
			</trkpt>
			<trkpt lat="49.686226" lon="14.376727">
				<ele>344.000000</ele>
			</trkpt>
			<trkpt lat="49.686116" lon="14.376953">
				<ele>346.000000</ele>
			</trkpt>
			<trkpt lat="49.686052" lon="14.377051">
				<ele>346.000000</ele>
			</trkpt>
			<trkpt lat="49.686011" lon="14.377123">
				<ele>347.000000</ele>
			</trkpt>
			<trkpt lat="49.685819" lon="14.377312">
				<ele>346.000000</ele>
			</trkpt>
			<trkpt lat="49.685610" lon="14.377536">
				<ele>346.000000</ele>
			</trkpt>
			<trkpt lat="49.685470" lon="14.377706">
				<ele>346.000000</ele>
			</trkpt>
			<trkpt lat="49.685320" lon="14.377913">
				<ele>347.000000</ele>
			</trkpt>
			<trkpt lat="49.685151" lon="14.378156">
				<ele>348.000000</ele>
			</trkpt>
			<trkpt lat="49.685029" lon="14.378326">
				<ele>349.000000</ele>
			</trkpt>
			<trkpt lat="49.684837" lon="14.378506">
				<ele>349.000000</ele>
			</trkpt>
			<trkpt lat="49.684587" lon="14.378749">
				<ele>351.000000</ele>
			</trkpt>
			<trkpt lat="49.684290" lon="14.378982">
				<ele>353.000000</ele>
			</trkpt>
			<trkpt lat="49.684168" lon="14.379072">
				<ele>355.000000</ele>
			</trkpt>
			<trkpt lat="49.684076" lon="14.379127">
				<ele>355.000000</ele>
			</trkpt>
			<trkpt lat="49.683976" lon="14.379154">
				<ele>356.000000</ele>
			</trkpt>
			<trkpt lat="49.683889" lon="14.379154">
				<ele>356.000000</ele>
			</trkpt>
			<trkpt lat="49.683797" lon="14.379144">
				<ele>357.000000</ele>
			</trkpt>
			<trkpt lat="49.683715" lon="14.379091">
				<ele>358.000000</ele>
			</trkpt>
			<trkpt lat="49.683610" lon="14.379018">
				<ele>358.000000</ele>
			</trkpt>
			<trkpt lat="49.683448" lon="14.378884">
				<ele>360.000000</ele>
			</trkpt>
			<trkpt lat="49.683384" lon="14.378830">
				<ele>360.000000</ele>
			</trkpt>
			<trkpt lat="49.683349" lon="14.378758">
				<ele>360.000000</ele>
			</trkpt>
			<trkpt lat="49.683331" lon="14.378704">
				<ele>361.000000</ele>
			</trkpt>
			<trkpt lat="49.683303" lon="14.378525">
				<ele>361.000000</ele>
			</trkpt>
			<trkpt lat="49.683274" lon="14.378471">
				<ele>362.000000</ele>
			</trkpt>
			<trkpt lat="49.683244" lon="14.378416">
				<ele>362.000000</ele>
			</trkpt>
			<trkpt lat="49.683204" lon="14.378362">
				<ele>362.000000</ele>
			</trkpt>
			<trkpt lat="49.683146" lon="14.378318">
				<ele>363.000000</ele>
			</trkpt>
			<trkpt lat="49.682983" lon="14.378209">
				<ele>365.000000</ele>
			</trkpt>
			<trkpt lat="49.682913" lon="14.378183">
				<ele>365.000000</ele>
			</trkpt>
			<trkpt lat="49.682814" lon="14.378175">
				<ele>365.000000</ele>
			</trkpt>
			<trkpt lat="49.682733" lon="14.378175">
				<ele>366.000000</ele>
			</trkpt>
			<trkpt lat="49.682640" lon="14.378192">
				<ele>367.000000</ele>
			</trkpt>
			<trkpt lat="49.682553" lon="14.378219">
				<ele>367.000000</ele>
			</trkpt>
			<trkpt lat="49.682466" lon="14.378272">
				<ele>368.000000</ele>
			</trkpt>
			<trkpt lat="49.682192" lon="14.378443">
				<ele>367.000000</ele>
			</trkpt>
			<trkpt lat="49.682105" lon="14.378515">
				<ele>367.000000</ele>
			</trkpt>
			<trkpt lat="49.682035" lon="14.378596">
				<ele>366.000000</ele>
			</trkpt>
			<trkpt lat="49.681972" lon="14.378677">
				<ele>366.000000</ele>
			</trkpt>
			<trkpt lat="49.681826" lon="14.378901">
				<ele>365.000000</ele>
			</trkpt>
			<trkpt lat="49.681756" lon="14.378991">
				<ele>365.000000</ele>
			</trkpt>
			<trkpt lat="49.681629" lon="14.379117">
				<ele>364.000000</ele>
			</trkpt>
			<trkpt lat="49.681512" lon="14.379188">
				<ele>364.000000</ele>
			</trkpt>
			<trkpt lat="49.681408" lon="14.379243">
				<ele>364.000000</ele>
			</trkpt>
			<trkpt lat="49.681309" lon="14.379270">
				<ele>364.000000</ele>
			</trkpt>
			<trkpt lat="49.681175" lon="14.379306">
				<ele>363.000000</ele>
			</trkpt>
			<trkpt lat="49.681076" lon="14.379314">
				<ele>363.000000</ele>
			</trkpt>
			<trkpt lat="49.681013" lon="14.379341">
				<ele>363.000000</ele>
			</trkpt>
			<trkpt lat="49.680948" lon="14.379387">
				<ele>364.000000</ele>
			</trkpt>
			<trkpt lat="49.680896" lon="14.379441">
				<ele>364.000000</ele>
			</trkpt>
			<trkpt lat="49.680699" lon="14.379719">
				<ele>365.000000</ele>
			</trkpt>
			<trkpt lat="49.680634" lon="14.379764">
				<ele>365.000000</ele>
			</trkpt>
			<trkpt lat="49.680420" lon="14.379854">
				<ele>366.000000</ele>
			</trkpt>
			<trkpt lat="49.680350" lon="14.379907">
				<ele>367.000000</ele>
			</trkpt>
			<trkpt lat="49.680181" lon="14.380087">
				<ele>367.000000</ele>
			</trkpt>
			<trkpt lat="49.680054" lon="14.380213">
				<ele>367.000000</ele>
			</trkpt>
			<trkpt lat="49.679931" lon="14.380312">
				<ele>368.000000</ele>
			</trkpt>
			<trkpt lat="49.679734" lon="14.380456">
				<ele>368.000000</ele>
			</trkpt>
			<trkpt lat="49.679554" lon="14.380572">
				<ele>368.000000</ele>
			</trkpt>
			<trkpt lat="49.679344" lon="14.380672">
				<ele>369.000000</ele>
			</trkpt>
			<trkpt lat="49.678682" lon="14.380922">
				<ele>371.000000</ele>
			</trkpt>
			<trkpt lat="49.678617" lon="14.380968">
				<ele>371.000000</ele>
			</trkpt>
			<trkpt lat="49.678420" lon="14.381093">
				<ele>371.000000</ele>
			</trkpt>
			<trkpt lat="49.678042" lon="14.381264">
				<ele>371.000000</ele>
			</trkpt>
			<trkpt lat="49.677722" lon="14.381399">
				<ele>373.000000</ele>
			</trkpt>
			<trkpt lat="49.677380" lon="14.381525">
				<ele>372.000000</ele>
			</trkpt>
			<trkpt lat="49.676816" lon="14.381714">
				<ele>374.000000</ele>
			</trkpt>
			<trkpt lat="49.676519" lon="14.381785">
				<ele>375.000000</ele>
			</trkpt>
			<trkpt lat="49.676269" lon="14.381804">
				<ele>377.000000</ele>
			</trkpt>
			<trkpt lat="49.675990" lon="14.381777">
				<ele>380.000000</ele>
			</trkpt>
			<trkpt lat="49.675653" lon="14.381714">
				<ele>382.000000</ele>
			</trkpt>
			<trkpt lat="49.675537" lon="14.381678">
				<ele>382.000000</ele>
			</trkpt>
			<trkpt lat="49.675426" lon="14.381624">
				<ele>382.000000</ele>
			</trkpt>
			<trkpt lat="49.675095" lon="14.381425">
				<ele>380.000000</ele>
			</trkpt>
			<trkpt lat="49.674962" lon="14.381345">
				<ele>379.000000</ele>
			</trkpt>
			<trkpt lat="49.674705" lon="14.382486">
				<ele>377.000000</ele>
			</trkpt>
			<trkpt lat="49.674624" lon="14.382890">
				<ele>376.000000</ele>
			</trkpt>
			<trkpt lat="49.674549" lon="14.383276">
				<ele>376.000000</ele>
			</trkpt>
			<trkpt lat="49.674467" lon="14.383725">
				<ele>374.000000</ele>
			</trkpt>
			<trkpt lat="49.674380" lon="14.384157">
				<ele>372.000000</ele>
			</trkpt>
			<trkpt lat="49.674287" lon="14.384597">
				<ele>371.000000</ele>
			</trkpt>
			<trkpt lat="49.674159" lon="14.385100">
				<ele>370.000000</ele>
			</trkpt>
			<trkpt lat="49.674072" lon="14.385459">
				<ele>369.000000</ele>
			</trkpt>
			<trkpt lat="49.674002" lon="14.385783">
				<ele>368.000000</ele>
			</trkpt>
			<trkpt lat="49.673909" lon="14.386268">
				<ele>368.000000</ele>
			</trkpt>
			<trkpt lat="49.673810" lon="14.386725">
				<ele>367.000000</ele>
			</trkpt>
			<trkpt lat="49.673729" lon="14.387022">
				<ele>367.000000</ele>
			</trkpt>
			<trkpt lat="49.673642" lon="14.387274">
				<ele>367.000000</ele>
			</trkpt>
			<trkpt lat="49.673502" lon="14.387553">
				<ele>366.000000</ele>
			</trkpt>
			<trkpt lat="49.673287" lon="14.387912">
				<ele>366.000000</ele>
			</trkpt>
			<trkpt lat="49.673235" lon="14.388010">
				<ele>366.000000</ele>
			</trkpt>
			<trkpt lat="49.673200" lon="14.388146">
				<ele>365.000000</ele>
			</trkpt>
			<trkpt lat="49.673072" lon="14.388622">
				<ele>364.000000</ele>
			</trkpt>
			<trkpt lat="49.672926" lon="14.389286">
				<ele>362.000000</ele>
			</trkpt>
			<trkpt lat="49.672874" lon="14.389511">
				<ele>361.000000</ele>
			</trkpt>
			<trkpt lat="49.672810" lon="14.389789">
				<ele>360.000000</ele>
			</trkpt>
			<trkpt lat="49.672747" lon="14.389987">
				<ele>360.000000</ele>
			</trkpt>
			<trkpt lat="49.672688" lon="14.390140">
				<ele>360.000000</ele>
			</trkpt>
			<trkpt lat="49.672578" lon="14.390320">
				<ele>360.000000</ele>
			</trkpt>
			<trkpt lat="49.672525" lon="14.390417">
				<ele>360.000000</ele>
			</trkpt>
			<trkpt lat="49.672310" lon="14.390750">
				<ele>360.000000</ele>
			</trkpt>
			<trkpt lat="49.672212" lon="14.390920">
				<ele>359.000000</ele>
			</trkpt>
			<trkpt lat="49.672171" lon="14.391029">
				<ele>359.000000</ele>
			</trkpt>
			<trkpt lat="49.672096" lon="14.391253">
				<ele>359.000000</ele>
			</trkpt>
			<trkpt lat="49.672037" lon="14.391532">
				<ele>360.000000</ele>
			</trkpt>
			<trkpt lat="49.672008" lon="14.391639">
				<ele>360.000000</ele>
			</trkpt>
			<trkpt lat="49.671927" lon="14.391559">
				<ele>360.000000</ele>
			</trkpt>
			<trkpt lat="49.671874" lon="14.391478">
				<ele>360.000000</ele>
			</trkpt>
			<trkpt lat="49.671846" lon="14.391396">
				<ele>360.000000</ele>
			</trkpt>
			<trkpt lat="49.671839" lon="14.391343">
				<ele>360.000000</ele>
			</trkpt>
			<trkpt lat="49.671846" lon="14.391280">
				<ele>360.000000</ele>
			</trkpt>
			<trkpt lat="49.671851" lon="14.391236">
				<ele>360.000000</ele>
			</trkpt>
			<trkpt lat="49.671851" lon="14.391236">
				<ele>360.000000</ele>
			</trkpt>
			<trkpt lat="49.671846" lon="14.391280">
				<ele>360.000000</ele>
			</trkpt>
			<trkpt lat="49.671839" lon="14.391343">
				<ele>360.000000</ele>
			</trkpt>
			<trkpt lat="49.671846" lon="14.391396">
				<ele>360.000000</ele>
			</trkpt>
			<trkpt lat="49.671874" lon="14.391478">
				<ele>360.000000</ele>
			</trkpt>
			<trkpt lat="49.671927" lon="14.391559">
				<ele>360.000000</ele>
			</trkpt>
			<trkpt lat="49.672008" lon="14.391639">
				<ele>360.000000</ele>
			</trkpt>
			<trkpt lat="49.671938" lon="14.391999">
				<ele>360.000000</ele>
			</trkpt>
			<trkpt lat="49.671880" lon="14.392224">
				<ele>361.000000</ele>
			</trkpt>
			<trkpt lat="49.671828" lon="14.392404">
				<ele>361.000000</ele>
			</trkpt>
			<trkpt lat="49.671752" lon="14.392574">
				<ele>361.000000</ele>
			</trkpt>
			<trkpt lat="49.671648" lon="14.392798">
				<ele>362.000000</ele>
			</trkpt>
			<trkpt lat="49.671409" lon="14.393274">
				<ele>362.000000</ele>
			</trkpt>
			<trkpt lat="49.671217" lon="14.393589">
				<ele>363.000000</ele>
			</trkpt>
			<trkpt lat="49.671147" lon="14.393688">
				<ele>363.000000</ele>
			</trkpt>
			<trkpt lat="49.671008" lon="14.393813">
				<ele>364.000000</ele>
			</trkpt>
			<trkpt lat="49.670450" lon="14.394281">
				<ele>366.000000</ele>
			</trkpt>
			<trkpt lat="49.670287" lon="14.394434">
				<ele>367.000000</ele>
			</trkpt>
			<trkpt lat="49.670119" lon="14.394612">
				<ele>368.000000</ele>
			</trkpt>
			<trkpt lat="49.669665" lon="14.395161">
				<ele>371.000000</ele>
			</trkpt>
			<trkpt lat="49.669281" lon="14.395664">
				<ele>374.000000</ele>
			</trkpt>
			<trkpt lat="49.668839" lon="14.396239">
				<ele>378.000000</ele>
			</trkpt>
			<trkpt lat="49.668735" lon="14.396392">
				<ele>379.000000</ele>
			</trkpt>
			<trkpt lat="49.668572" lon="14.396643">
				<ele>381.000000</ele>
			</trkpt>
			<trkpt lat="49.668438" lon="14.396886">
				<ele>382.000000</ele>
			</trkpt>
			<trkpt lat="49.668316" lon="14.397165">
				<ele>382.000000</ele>
			</trkpt>
			<trkpt lat="49.668153" lon="14.397515">
				<ele>383.000000</ele>
			</trkpt>
			<trkpt lat="49.667339" lon="14.399347">
				<ele>382.000000</ele>
			</trkpt>
			<trkpt lat="49.666340" lon="14.401512">
				<ele>385.000000</ele>
			</trkpt>
			<trkpt lat="49.666002" lon="14.402329">
				<ele>386.000000</ele>
			</trkpt>
			<trkpt lat="49.665729" lon="14.403094">
				<ele>385.000000</ele>
			</trkpt>
			<trkpt lat="49.665473" lon="14.403839">
				<ele>385.000000</ele>
			</trkpt>
			<trkpt lat="49.664863" lon="14.405717">
				<ele>382.000000</ele>
			</trkpt>
			<trkpt lat="49.664543" lon="14.406633">
				<ele>382.000000</ele>
			</trkpt>
			<trkpt lat="49.664171" lon="14.407648">
				<ele>380.000000</ele>
			</trkpt>
			<trkpt lat="49.663787" lon="14.408654">
				<ele>379.000000</ele>
			</trkpt>
			<trkpt lat="49.663397" lon="14.409650">
				<ele>376.000000</ele>
			</trkpt>
			<trkpt lat="49.662822" lon="14.411070">
				<ele>375.000000</ele>
			</trkpt>
			<trkpt lat="49.662269" lon="14.412535">
				<ele>375.000000</ele>
			</trkpt>
			<trkpt lat="49.661711" lon="14.413954">
				<ele>377.000000</ele>
			</trkpt>
			<trkpt lat="49.661357" lon="14.414870">
				<ele>379.000000</ele>
			</trkpt>
			<trkpt lat="49.661095" lon="14.415489">
				<ele>380.000000</ele>
			</trkpt>
			<trkpt lat="49.660822" lon="14.416172">
				<ele>381.000000</ele>
			</trkpt>
			<trkpt lat="49.660676" lon="14.416487">
				<ele>381.000000</ele>
			</trkpt>
			<trkpt lat="49.660525" lon="14.416784">
				<ele>381.000000</ele>
			</trkpt>
			<trkpt lat="49.660356" lon="14.417017">
				<ele>380.000000</ele>
			</trkpt>
			<trkpt lat="49.660171" lon="14.417242">
				<ele>380.000000</ele>
			</trkpt>
			<trkpt lat="49.659926" lon="14.417466">
				<ele>380.000000</ele>
			</trkpt>
			<trkpt lat="49.659560" lon="14.417682">
				<ele>380.000000</ele>
			</trkpt>
			<trkpt lat="49.659374" lon="14.417763">
				<ele>380.000000</ele>
			</trkpt>
			<trkpt lat="49.659194" lon="14.417835">
				<ele>379.000000</ele>
			</trkpt>
			<trkpt lat="49.659042" lon="14.417879">
				<ele>379.000000</ele>
			</trkpt>
			<trkpt lat="49.659118" lon="14.419334">
				<ele>372.000000</ele>
			</trkpt>
			<trkpt lat="49.659159" lon="14.420359">
				<ele>369.000000</ele>
			</trkpt>
			<trkpt lat="49.659164" lon="14.420638">
				<ele>368.000000</ele>
			</trkpt>
			<trkpt lat="49.659164" lon="14.421105">
				<ele>366.000000</ele>
			</trkpt>
			<trkpt lat="49.659176" lon="14.421680">
				<ele>364.000000</ele>
			</trkpt>
			<trkpt lat="49.659170" lon="14.421895">
				<ele>363.000000</ele>
			</trkpt>
			<trkpt lat="49.659153" lon="14.422200">
				<ele>362.000000</ele>
			</trkpt>
			<trkpt lat="49.659118" lon="14.422982">
				<ele>361.000000</ele>
			</trkpt>
			<trkpt lat="49.659059" lon="14.423908">
				<ele>356.000000</ele>
			</trkpt>
			<trkpt lat="49.659037" lon="14.424338">
				<ele>355.000000</ele>
			</trkpt>
			<trkpt lat="49.659002" lon="14.424824">
				<ele>354.000000</ele>
			</trkpt>
			<trkpt lat="49.658606" lon="14.425147">
				<ele>352.000000</ele>
			</trkpt>
			<trkpt lat="49.658519" lon="14.425174">
				<ele>352.000000</ele>
			</trkpt>
			<trkpt lat="49.658432" lon="14.425192">
				<ele>351.000000</ele>
			</trkpt>
			<trkpt lat="49.658304" lon="14.425326">
				<ele>349.000000</ele>
			</trkpt>
			<trkpt lat="49.658071" lon="14.425290">
				<ele>348.000000</ele>
			</trkpt>
			<trkpt lat="49.658042" lon="14.425309">
				<ele>348.000000</ele>
			</trkpt>
		</trkseg>
	</trk>
</gpx>

