<?xml version="1.0" encoding="utf-8"?>
<gpx xmlns="http://www.topografix.com/GPX/1/1" version="1.1" creator="https://mapy.cz/">
	<trk>
		<name>16. Sedlčany - Sedlec-Prčice</name>
		<trkseg>
			<trkpt lat="49.658042" lon="14.425309">
				<ele>348.000000</ele>
			</trkpt>
			<trkpt lat="49.657926" lon="14.425363">
				<ele>347.000000</ele>
			</trkpt>
			<trkpt lat="49.657920" lon="14.425516">
				<ele>346.000000</ele>
			</trkpt>
			<trkpt lat="49.657810" lon="14.425516">
				<ele>346.000000</ele>
			</trkpt>
			<trkpt lat="49.657827" lon="14.425057">
				<ele>348.000000</ele>
			</trkpt>
			<trkpt lat="49.657728" lon="14.425047">
				<ele>348.000000</ele>
			</trkpt>
			<trkpt lat="49.657629" lon="14.425030">
				<ele>346.000000</ele>
			</trkpt>
			<trkpt lat="49.657518" lon="14.425066">
				<ele>346.000000</ele>
			</trkpt>
			<trkpt lat="49.657071" lon="14.425164">
				<ele>346.000000</ele>
			</trkpt>
			<trkpt lat="49.656460" lon="14.425300">
				<ele>351.000000</ele>
			</trkpt>
			<trkpt lat="49.656309" lon="14.425326">
				<ele>352.000000</ele>
			</trkpt>
			<trkpt lat="49.656204" lon="14.425013">
				<ele>354.000000</ele>
			</trkpt>
			<trkpt lat="49.655995" lon="14.424095">
				<ele>358.000000</ele>
			</trkpt>
			<trkpt lat="49.655786" lon="14.423179">
				<ele>361.000000</ele>
			</trkpt>
			<trkpt lat="49.655710" lon="14.423072">
				<ele>362.000000</ele>
			</trkpt>
			<trkpt lat="49.655623" lon="14.422919">
				<ele>362.000000</ele>
			</trkpt>
			<trkpt lat="49.655518" lon="14.422730">
				<ele>363.000000</ele>
			</trkpt>
			<trkpt lat="49.655355" lon="14.422397">
				<ele>364.000000</ele>
			</trkpt>
			<trkpt lat="49.655204" lon="14.422137">
				<ele>366.000000</ele>
			</trkpt>
			<trkpt lat="49.655047" lon="14.421904">
				<ele>367.000000</ele>
			</trkpt>
			<trkpt lat="49.654861" lon="14.421671">
				<ele>369.000000</ele>
			</trkpt>
			<trkpt lat="49.654716" lon="14.421518">
				<ele>371.000000</ele>
			</trkpt>
			<trkpt lat="49.654553" lon="14.421355">
				<ele>373.000000</ele>
			</trkpt>
			<trkpt lat="49.654454" lon="14.421275">
				<ele>374.000000</ele>
			</trkpt>
			<trkpt lat="49.654343" lon="14.421221">
				<ele>375.000000</ele>
			</trkpt>
			<trkpt lat="49.654244" lon="14.421176">
				<ele>375.000000</ele>
			</trkpt>
			<trkpt lat="49.654052" lon="14.421158">
				<ele>376.000000</ele>
			</trkpt>
			<trkpt lat="49.653785" lon="14.421158">
				<ele>377.000000</ele>
			</trkpt>
			<trkpt lat="49.653622" lon="14.421158">
				<ele>377.000000</ele>
			</trkpt>
			<trkpt lat="49.653378" lon="14.421149">
				<ele>377.000000</ele>
			</trkpt>
			<trkpt lat="49.652942" lon="14.421212">
				<ele>378.000000</ele>
			</trkpt>
			<trkpt lat="49.652342" lon="14.420925">
				<ele>380.000000</ele>
			</trkpt>
			<trkpt lat="49.650854" lon="14.419927">
				<ele>389.000000</ele>
			</trkpt>
			<trkpt lat="49.650633" lon="14.419784">
				<ele>388.000000</ele>
			</trkpt>
			<trkpt lat="49.650557" lon="14.419713">
				<ele>389.000000</ele>
			</trkpt>
			<trkpt lat="49.650511" lon="14.419640">
				<ele>389.000000</ele>
			</trkpt>
			<trkpt lat="49.650441" lon="14.419506">
				<ele>389.000000</ele>
			</trkpt>
			<trkpt lat="49.650395" lon="14.419397">
				<ele>389.000000</ele>
			</trkpt>
			<trkpt lat="49.650365" lon="14.419290">
				<ele>389.000000</ele>
			</trkpt>
			<trkpt lat="49.650301" lon="14.418984">
				<ele>390.000000</ele>
			</trkpt>
			<trkpt lat="49.650232" lon="14.418778">
				<ele>390.000000</ele>
			</trkpt>
			<trkpt lat="49.650150" lon="14.418608">
				<ele>391.000000</ele>
			</trkpt>
			<trkpt lat="49.650057" lon="14.418455">
				<ele>391.000000</ele>
			</trkpt>
			<trkpt lat="49.649964" lon="14.418346">
				<ele>391.000000</ele>
			</trkpt>
			<trkpt lat="49.649865" lon="14.418266">
				<ele>392.000000</ele>
			</trkpt>
			<trkpt lat="49.649778" lon="14.418229">
				<ele>392.000000</ele>
			</trkpt>
			<trkpt lat="49.649684" lon="14.418202">
				<ele>392.000000</ele>
			</trkpt>
			<trkpt lat="49.649603" lon="14.418212">
				<ele>392.000000</ele>
			</trkpt>
			<trkpt lat="49.649399" lon="14.418248">
				<ele>392.000000</ele>
			</trkpt>
			<trkpt lat="49.649289" lon="14.418248">
				<ele>391.000000</ele>
			</trkpt>
			<trkpt lat="49.649249" lon="14.418248">
				<ele>391.000000</ele>
			</trkpt>
			<trkpt lat="49.649004" lon="14.418221">
				<ele>393.000000</ele>
			</trkpt>
			<trkpt lat="49.648713" lon="14.418221">
				<ele>397.000000</ele>
			</trkpt>
			<trkpt lat="49.648266" lon="14.418284">
				<ele>406.000000</ele>
			</trkpt>
			<trkpt lat="49.648196" lon="14.418275">
				<ele>407.000000</ele>
			</trkpt>
			<trkpt lat="49.648132" lon="14.418256">
				<ele>407.000000</ele>
			</trkpt>
			<trkpt lat="49.648033" lon="14.418194">
				<ele>409.000000</ele>
			</trkpt>
			<trkpt lat="49.647643" lon="14.417879">
				<ele>416.000000</ele>
			</trkpt>
			<trkpt lat="49.647219" lon="14.417512">
				<ele>418.000000</ele>
			</trkpt>
			<trkpt lat="49.646991" lon="14.417313">
				<ele>418.000000</ele>
			</trkpt>
			<trkpt lat="49.646806" lon="14.417116">
				<ele>418.000000</ele>
			</trkpt>
			<trkpt lat="49.646649" lon="14.416910">
				<ele>419.000000</ele>
			</trkpt>
			<trkpt lat="49.646497" lon="14.416703">
				<ele>419.000000</ele>
			</trkpt>
			<trkpt lat="49.646334" lon="14.416442">
				<ele>419.000000</ele>
			</trkpt>
			<trkpt lat="49.646096" lon="14.416055">
				<ele>421.000000</ele>
			</trkpt>
			<trkpt lat="49.645898" lon="14.415669">
				<ele>421.000000</ele>
			</trkpt>
			<trkpt lat="49.645706" lon="14.415239">
				<ele>420.000000</ele>
			</trkpt>
			<trkpt lat="49.645421" lon="14.414564">
				<ele>420.000000</ele>
			</trkpt>
			<trkpt lat="49.645398" lon="14.414457">
				<ele>420.000000</ele>
			</trkpt>
			<trkpt lat="49.645369" lon="14.414384">
				<ele>421.000000</ele>
			</trkpt>
			<trkpt lat="49.645340" lon="14.414331">
				<ele>421.000000</ele>
			</trkpt>
			<trkpt lat="49.645293" lon="14.414286">
				<ele>421.000000</ele>
			</trkpt>
			<trkpt lat="49.645171" lon="14.414178">
				<ele>420.000000</ele>
			</trkpt>
			<trkpt lat="49.645055" lon="14.414061">
				<ele>419.000000</ele>
			</trkpt>
			<trkpt lat="49.644944" lon="14.413918">
				<ele>419.000000</ele>
			</trkpt>
			<trkpt lat="49.644799" lon="14.413702">
				<ele>418.000000</ele>
			</trkpt>
			<trkpt lat="49.644537" lon="14.413235">
				<ele>414.000000</ele>
			</trkpt>
			<trkpt lat="49.644433" lon="14.413055">
				<ele>413.000000</ele>
			</trkpt>
			<trkpt lat="49.644042" lon="14.412480">
				<ele>409.000000</ele>
			</trkpt>
			<trkpt lat="49.643862" lon="14.412184">
				<ele>407.000000</ele>
			</trkpt>
			<trkpt lat="49.643775" lon="14.411996">
				<ele>406.000000</ele>
			</trkpt>
			<trkpt lat="49.643694" lon="14.411834">
				<ele>405.000000</ele>
			</trkpt>
			<trkpt lat="49.643537" lon="14.411447">
				<ele>403.000000</ele>
			</trkpt>
			<trkpt lat="49.643472" lon="14.411250">
				<ele>403.000000</ele>
			</trkpt>
			<trkpt lat="49.643350" lon="14.410765">
				<ele>402.000000</ele>
			</trkpt>
			<trkpt lat="49.643287" lon="14.410585">
				<ele>402.000000</ele>
			</trkpt>
			<trkpt lat="49.643246" lon="14.410478">
				<ele>402.000000</ele>
			</trkpt>
			<trkpt lat="49.643200" lon="14.410396">
				<ele>401.000000</ele>
			</trkpt>
			<trkpt lat="49.643153" lon="14.410315">
				<ele>401.000000</ele>
			</trkpt>
			<trkpt lat="49.643089" lon="14.410235">
				<ele>401.000000</ele>
			</trkpt>
			<trkpt lat="49.642728" lon="14.409830">
				<ele>402.000000</ele>
			</trkpt>
			<trkpt lat="49.642402" lon="14.409516">
				<ele>405.000000</ele>
			</trkpt>
			<trkpt lat="49.642309" lon="14.409354">
				<ele>406.000000</ele>
			</trkpt>
			<trkpt lat="49.642141" lon="14.409067">
				<ele>408.000000</ele>
			</trkpt>
			<trkpt lat="49.641768" lon="14.408402">
				<ele>415.000000</ele>
			</trkpt>
			<trkpt lat="49.641571" lon="14.408078">
				<ele>417.000000</ele>
			</trkpt>
			<trkpt lat="49.641361" lon="14.407746">
				<ele>420.000000</ele>
			</trkpt>
			<trkpt lat="49.641123" lon="14.407415">
				<ele>423.000000</ele>
			</trkpt>
			<trkpt lat="49.640995" lon="14.407226">
				<ele>425.000000</ele>
			</trkpt>
			<trkpt lat="49.640849" lon="14.407019">
				<ele>426.000000</ele>
			</trkpt>
			<trkpt lat="49.640750" lon="14.406839">
				<ele>428.000000</ele>
			</trkpt>
			<trkpt lat="49.640645" lon="14.406633">
				<ele>429.000000</ele>
			</trkpt>
			<trkpt lat="49.640442" lon="14.406201">
				<ele>432.000000</ele>
			</trkpt>
			<trkpt lat="49.640134" lon="14.405492">
				<ele>436.000000</ele>
			</trkpt>
			<trkpt lat="49.639912" lon="14.404979">
				<ele>442.000000</ele>
			</trkpt>
			<trkpt lat="49.639831" lon="14.404799">
				<ele>444.000000</ele>
			</trkpt>
			<trkpt lat="49.639732" lon="14.404648">
				<ele>445.000000</ele>
			</trkpt>
			<trkpt lat="49.639569" lon="14.404432">
				<ele>447.000000</ele>
			</trkpt>
			<trkpt lat="49.639418" lon="14.404252">
				<ele>448.000000</ele>
			</trkpt>
			<trkpt lat="49.639261" lon="14.404099">
				<ele>449.000000</ele>
			</trkpt>
			<trkpt lat="49.638918" lon="14.403812">
				<ele>451.000000</ele>
			</trkpt>
			<trkpt lat="49.638918" lon="14.403812">
				<ele>451.000000</ele>
			</trkpt>
			<trkpt lat="49.638883" lon="14.403784">
				<ele>451.000000</ele>
			</trkpt>
			<trkpt lat="49.638592" lon="14.403524">
				<ele>453.000000</ele>
			</trkpt>
			<trkpt lat="49.637981" lon="14.403021">
				<ele>458.000000</ele>
			</trkpt>
			<trkpt lat="49.637393" lon="14.402474">
				<ele>464.000000</ele>
			</trkpt>
			<trkpt lat="49.637167" lon="14.402285">
				<ele>466.000000</ele>
			</trkpt>
			<trkpt lat="49.636591" lon="14.401790">
				<ele>471.000000</ele>
			</trkpt>
			<trkpt lat="49.636038" lon="14.401520">
				<ele>475.000000</ele>
			</trkpt>
			<trkpt lat="49.635811" lon="14.401386">
				<ele>477.000000</ele>
			</trkpt>
			<trkpt lat="49.635584" lon="14.401224">
				<ele>477.000000</ele>
			</trkpt>
			<trkpt lat="49.635381" lon="14.401027">
				<ele>477.000000</ele>
			</trkpt>
			<trkpt lat="49.635125" lon="14.400757">
				<ele>474.000000</ele>
			</trkpt>
			<trkpt lat="49.635020" lon="14.400631">
				<ele>472.000000</ele>
			</trkpt>
			<trkpt lat="49.634781" lon="14.400335">
				<ele>468.000000</ele>
			</trkpt>
			<trkpt lat="49.634473" lon="14.399922">
				<ele>461.000000</ele>
			</trkpt>
			<trkpt lat="49.634403" lon="14.399841">
				<ele>459.000000</ele>
			</trkpt>
			<trkpt lat="49.634321" lon="14.399769">
				<ele>458.000000</ele>
			</trkpt>
			<trkpt lat="49.634246" lon="14.399734">
				<ele>457.000000</ele>
			</trkpt>
			<trkpt lat="49.634158" lon="14.399689">
				<ele>456.000000</ele>
			</trkpt>
			<trkpt lat="49.634066" lon="14.399689">
				<ele>455.000000</ele>
			</trkpt>
			<trkpt lat="49.633949" lon="14.399689">
				<ele>455.000000</ele>
			</trkpt>
			<trkpt lat="49.633682" lon="14.399761">
				<ele>453.000000</ele>
			</trkpt>
			<trkpt lat="49.633571" lon="14.399679">
				<ele>452.000000</ele>
			</trkpt>
			<trkpt lat="49.633490" lon="14.399599">
				<ele>451.000000</ele>
			</trkpt>
			<trkpt lat="49.633438" lon="14.399518">
				<ele>450.000000</ele>
			</trkpt>
			<trkpt lat="49.633391" lon="14.399410">
				<ele>450.000000</ele>
			</trkpt>
			<trkpt lat="49.633373" lon="14.399356">
				<ele>450.000000</ele>
			</trkpt>
			<trkpt lat="49.633373" lon="14.399293">
				<ele>450.000000</ele>
			</trkpt>
			<trkpt lat="49.633391" lon="14.399176">
				<ele>449.000000</ele>
			</trkpt>
			<trkpt lat="49.633443" lon="14.398934">
				<ele>449.000000</ele>
			</trkpt>
			<trkpt lat="49.633577" lon="14.398494">
				<ele>447.000000</ele>
			</trkpt>
			<trkpt lat="49.633618" lon="14.398296">
				<ele>447.000000</ele>
			</trkpt>
			<trkpt lat="49.633647" lon="14.398090">
				<ele>446.000000</ele>
			</trkpt>
			<trkpt lat="49.633653" lon="14.397946">
				<ele>445.000000</ele>
			</trkpt>
			<trkpt lat="49.633653" lon="14.397838">
				<ele>445.000000</ele>
			</trkpt>
			<trkpt lat="49.633623" lon="14.397704">
				<ele>446.000000</ele>
			</trkpt>
			<trkpt lat="49.633577" lon="14.397505">
				<ele>446.000000</ele>
			</trkpt>
			<trkpt lat="49.633379" lon="14.396994">
				<ele>447.000000</ele>
			</trkpt>
			<trkpt lat="49.633240" lon="14.396643">
				<ele>448.000000</ele>
			</trkpt>
			<trkpt lat="49.633222" lon="14.396572">
				<ele>448.000000</ele>
			</trkpt>
			<trkpt lat="49.633204" lon="14.396473">
				<ele>448.000000</ele>
			</trkpt>
			<trkpt lat="49.633175" lon="14.396283">
				<ele>448.000000</ele>
			</trkpt>
			<trkpt lat="49.633129" lon="14.396077">
				<ele>448.000000</ele>
			</trkpt>
			<trkpt lat="49.633112" lon="14.395987">
				<ele>448.000000</ele>
			</trkpt>
			<trkpt lat="49.633088" lon="14.395907">
				<ele>449.000000</ele>
			</trkpt>
			<trkpt lat="49.633047" lon="14.395853">
				<ele>449.000000</ele>
			</trkpt>
			<trkpt lat="49.632995" lon="14.395799">
				<ele>449.000000</ele>
			</trkpt>
			<trkpt lat="49.632902" lon="14.395700">
				<ele>450.000000</ele>
			</trkpt>
			<trkpt lat="49.632862" lon="14.395646">
				<ele>450.000000</ele>
			</trkpt>
			<trkpt lat="49.632803" lon="14.395538">
				<ele>451.000000</ele>
			</trkpt>
			<trkpt lat="49.632751" lon="14.395404">
				<ele>451.000000</ele>
			</trkpt>
			<trkpt lat="49.632704" lon="14.395287">
				<ele>451.000000</ele>
			</trkpt>
			<trkpt lat="49.632611" lon="14.395134">
				<ele>453.000000</ele>
			</trkpt>
			<trkpt lat="49.632541" lon="14.394954">
				<ele>454.000000</ele>
			</trkpt>
			<trkpt lat="49.632605" lon="14.394712">
				<ele>453.000000</ele>
			</trkpt>
			<trkpt lat="49.632646" lon="14.394559">
				<ele>452.000000</ele>
			</trkpt>
			<trkpt lat="49.632710" lon="14.394442">
				<ele>452.000000</ele>
			</trkpt>
			<trkpt lat="49.632791" lon="14.394344">
				<ele>451.000000</ele>
			</trkpt>
			<trkpt lat="49.633164" lon="14.393985">
				<ele>447.000000</ele>
			</trkpt>
			<trkpt lat="49.633560" lon="14.393616">
				<ele>443.000000</ele>
			</trkpt>
			<trkpt lat="49.633810" lon="14.393463">
				<ele>438.000000</ele>
			</trkpt>
			<trkpt lat="49.634025" lon="14.393346">
				<ele>436.000000</ele>
			</trkpt>
			<trkpt lat="49.634234" lon="14.393274">
				<ele>433.000000</ele>
			</trkpt>
			<trkpt lat="49.634403" lon="14.393247">
				<ele>432.000000</ele>
			</trkpt>
			<trkpt lat="49.634432" lon="14.393131">
				<ele>432.000000</ele>
			</trkpt>
			<trkpt lat="49.634438" lon="14.393023">
				<ele>432.000000</ele>
			</trkpt>
			<trkpt lat="49.634392" lon="14.392915">
				<ele>432.000000</ele>
			</trkpt>
			<trkpt lat="49.634374" lon="14.392790">
				<ele>432.000000</ele>
			</trkpt>
			<trkpt lat="49.634356" lon="14.392565">
				<ele>431.000000</ele>
			</trkpt>
			<trkpt lat="49.634345" lon="14.392358">
				<ele>431.000000</ele>
			</trkpt>
			<trkpt lat="49.634351" lon="14.392152">
				<ele>431.000000</ele>
			</trkpt>
			<trkpt lat="49.634362" lon="14.391838">
				<ele>431.000000</ele>
			</trkpt>
			<trkpt lat="49.634368" lon="14.391478">
				<ele>432.000000</ele>
			</trkpt>
			<trkpt lat="49.634362" lon="14.391182">
				<ele>435.000000</ele>
			</trkpt>
			<trkpt lat="49.634345" lon="14.390876">
				<ele>437.000000</ele>
			</trkpt>
			<trkpt lat="49.634316" lon="14.390544">
				<ele>441.000000</ele>
			</trkpt>
			<trkpt lat="49.634281" lon="14.390310">
				<ele>443.000000</ele>
			</trkpt>
			<trkpt lat="49.634240" lon="14.390104">
				<ele>445.000000</ele>
			</trkpt>
			<trkpt lat="49.634171" lon="14.389762">
				<ele>449.000000</ele>
			</trkpt>
			<trkpt lat="49.634077" lon="14.389457">
				<ele>453.000000</ele>
			</trkpt>
			<trkpt lat="49.633961" lon="14.389115">
				<ele>457.000000</ele>
			</trkpt>
			<trkpt lat="49.633804" lon="14.388729">
				<ele>462.000000</ele>
			</trkpt>
			<trkpt lat="49.633629" lon="14.388316">
				<ele>467.000000</ele>
			</trkpt>
			<trkpt lat="49.633455" lon="14.387930">
				<ele>472.000000</ele>
			</trkpt>
			<trkpt lat="49.633012" lon="14.386987">
				<ele>483.000000</ele>
			</trkpt>
			<trkpt lat="49.632832" lon="14.386609">
				<ele>488.000000</ele>
			</trkpt>
			<trkpt lat="49.632756" lon="14.386412">
				<ele>489.000000</ele>
			</trkpt>
			<trkpt lat="49.632687" lon="14.386223">
				<ele>491.000000</ele>
			</trkpt>
			<trkpt lat="49.632565" lon="14.385819">
				<ele>494.000000</ele>
			</trkpt>
			<trkpt lat="49.632408" lon="14.385180">
				<ele>497.000000</ele>
			</trkpt>
			<trkpt lat="49.632204" lon="14.384435">
				<ele>502.000000</ele>
			</trkpt>
			<trkpt lat="49.632006" lon="14.383788">
				<ele>502.000000</ele>
			</trkpt>
			<trkpt lat="49.631767" lon="14.383142">
				<ele>499.000000</ele>
			</trkpt>
			<trkpt lat="49.631488" lon="14.382450">
				<ele>498.000000</ele>
			</trkpt>
			<trkpt lat="49.631046" lon="14.381417">
				<ele>504.000000</ele>
			</trkpt>
			<trkpt lat="49.631006" lon="14.381309">
				<ele>504.000000</ele>
			</trkpt>
			<trkpt lat="49.630976" lon="14.381201">
				<ele>504.000000</ele>
			</trkpt>
			<trkpt lat="49.630935" lon="14.380995">
				<ele>504.000000</ele>
			</trkpt>
			<trkpt lat="49.630918" lon="14.380770">
				<ele>504.000000</ele>
			</trkpt>
			<trkpt lat="49.630918" lon="14.380312">
				<ele>505.000000</ele>
			</trkpt>
			<trkpt lat="49.630883" lon="14.379368">
				<ele>510.000000</ele>
			</trkpt>
			<trkpt lat="49.630843" lon="14.378641">
				<ele>513.000000</ele>
			</trkpt>
			<trkpt lat="49.630784" lon="14.377949">
				<ele>515.000000</ele>
			</trkpt>
			<trkpt lat="49.630697" lon="14.377194">
				<ele>519.000000</ele>
			</trkpt>
			<trkpt lat="49.630697" lon="14.377194">
				<ele>519.000000</ele>
			</trkpt>
			<trkpt lat="49.630691" lon="14.377159">
				<ele>519.000000</ele>
			</trkpt>
			<trkpt lat="49.630552" lon="14.377312">
				<ele>518.000000</ele>
			</trkpt>
			<trkpt lat="49.630226" lon="14.377609">
				<ele>518.000000</ele>
			</trkpt>
			<trkpt lat="49.630086" lon="14.377752">
				<ele>518.000000</ele>
			</trkpt>
			<trkpt lat="49.629935" lon="14.377913">
				<ele>520.000000</ele>
			</trkpt>
			<trkpt lat="49.629835" lon="14.377985">
				<ele>520.000000</ele>
			</trkpt>
			<trkpt lat="49.629719" lon="14.378138">
				<ele>521.000000</ele>
			</trkpt>
			<trkpt lat="49.629510" lon="14.378452">
				<ele>523.000000</ele>
			</trkpt>
			<trkpt lat="49.629335" lon="14.378712">
				<ele>524.000000</ele>
			</trkpt>
			<trkpt lat="49.628940" lon="14.379360">
				<ele>529.000000</ele>
			</trkpt>
			<trkpt lat="49.628765" lon="14.379674">
				<ele>531.000000</ele>
			</trkpt>
			<trkpt lat="49.628416" lon="14.380357">
				<ele>536.000000</ele>
			</trkpt>
			<trkpt lat="49.628311" lon="14.380555">
				<ele>536.000000</ele>
			</trkpt>
			<trkpt lat="49.628201" lon="14.380725">
				<ele>537.000000</ele>
			</trkpt>
			<trkpt lat="49.628085" lon="14.380878">
				<ele>537.000000</ele>
			</trkpt>
			<trkpt lat="49.627979" lon="14.381012">
				<ele>537.000000</ele>
			</trkpt>
			<trkpt lat="49.627479" lon="14.381578">
				<ele>532.000000</ele>
			</trkpt>
			<trkpt lat="49.626106" lon="14.382746">
				<ele>513.000000</ele>
			</trkpt>
			<trkpt lat="49.625623" lon="14.383133">
				<ele>507.000000</ele>
			</trkpt>
			<trkpt lat="49.625349" lon="14.383349">
				<ele>503.000000</ele>
			</trkpt>
			<trkpt lat="49.625052" lon="14.383555">
				<ele>499.000000</ele>
			</trkpt>
			<trkpt lat="49.624726" lon="14.383771">
				<ele>496.000000</ele>
			</trkpt>
			<trkpt lat="49.624441" lon="14.383941">
				<ele>492.000000</ele>
			</trkpt>
			<trkpt lat="49.624110" lon="14.384211">
				<ele>486.000000</ele>
			</trkpt>
			<trkpt lat="49.623865" lon="14.384391">
				<ele>482.000000</ele>
			</trkpt>
			<trkpt lat="49.623615" lon="14.384534">
				<ele>478.000000</ele>
			</trkpt>
			<trkpt lat="49.623301" lon="14.384678">
				<ele>472.000000</ele>
			</trkpt>
			<trkpt lat="49.623214" lon="14.384731">
				<ele>471.000000</ele>
			</trkpt>
			<trkpt lat="49.623144" lon="14.384804">
				<ele>469.000000</ele>
			</trkpt>
			<trkpt lat="49.623080" lon="14.384903">
				<ele>468.000000</ele>
			</trkpt>
			<trkpt lat="49.623027" lon="14.385028">
				<ele>466.000000</ele>
			</trkpt>
			<trkpt lat="49.622899" lon="14.385343">
				<ele>463.000000</ele>
			</trkpt>
			<trkpt lat="49.622864" lon="14.385414">
				<ele>462.000000</ele>
			</trkpt>
			<trkpt lat="49.622824" lon="14.385469">
				<ele>461.000000</ele>
			</trkpt>
			<trkpt lat="49.622766" lon="14.385513">
				<ele>461.000000</ele>
			</trkpt>
			<trkpt lat="49.622707" lon="14.385540">
				<ele>460.000000</ele>
			</trkpt>
			<trkpt lat="49.622644" lon="14.385504">
				<ele>460.000000</ele>
			</trkpt>
			<trkpt lat="49.622568" lon="14.385477">
				<ele>460.000000</ele>
			</trkpt>
			<trkpt lat="49.622469" lon="14.385459">
				<ele>459.000000</ele>
			</trkpt>
			<trkpt lat="49.622271" lon="14.385396">
				<ele>460.000000</ele>
			</trkpt>
			<trkpt lat="49.622172" lon="14.385379">
				<ele>459.000000</ele>
			</trkpt>
			<trkpt lat="49.622056" lon="14.385370">
				<ele>460.000000</ele>
			</trkpt>
			<trkpt lat="49.621968" lon="14.385387">
				<ele>460.000000</ele>
			</trkpt>
			<trkpt lat="49.621875" lon="14.385414">
				<ele>460.000000</ele>
			</trkpt>
			<trkpt lat="49.621759" lon="14.385469">
				<ele>461.000000</ele>
			</trkpt>
			<trkpt lat="49.621358" lon="14.385666">
				<ele>462.000000</ele>
			</trkpt>
			<trkpt lat="49.621241" lon="14.385738">
				<ele>463.000000</ele>
			</trkpt>
			<trkpt lat="49.621113" lon="14.385836">
				<ele>464.000000</ele>
			</trkpt>
			<trkpt lat="49.620839" lon="14.386062">
				<ele>466.000000</ele>
			</trkpt>
			<trkpt lat="49.620507" lon="14.386358">
				<ele>470.000000</ele>
			</trkpt>
			<trkpt lat="49.620316" lon="14.386538">
				<ele>472.000000</ele>
			</trkpt>
			<trkpt lat="49.620246" lon="14.386628">
				<ele>473.000000</ele>
			</trkpt>
			<trkpt lat="49.620181" lon="14.386725">
				<ele>475.000000</ele>
			</trkpt>
			<trkpt lat="49.620141" lon="14.386861">
				<ele>475.000000</ele>
			</trkpt>
			<trkpt lat="49.620106" lon="14.387041">
				<ele>475.000000</ele>
			</trkpt>
			<trkpt lat="49.620059" lon="14.387220">
				<ele>476.000000</ele>
			</trkpt>
			<trkpt lat="49.620007" lon="14.387373">
				<ele>477.000000</ele>
			</trkpt>
			<trkpt lat="49.619943" lon="14.387517">
				<ele>477.000000</ele>
			</trkpt>
			<trkpt lat="49.619821" lon="14.387741">
				<ele>480.000000</ele>
			</trkpt>
			<trkpt lat="49.619687" lon="14.387947">
				<ele>481.000000</ele>
			</trkpt>
			<trkpt lat="49.619117" lon="14.388989">
				<ele>491.000000</ele>
			</trkpt>
			<trkpt lat="49.618965" lon="14.389268">
				<ele>492.000000</ele>
			</trkpt>
			<trkpt lat="49.618895" lon="14.389367">
				<ele>493.000000</ele>
			</trkpt>
			<trkpt lat="49.618860" lon="14.389412">
				<ele>493.000000</ele>
			</trkpt>
			<trkpt lat="49.618814" lon="14.389438">
				<ele>494.000000</ele>
			</trkpt>
			<trkpt lat="49.618767" lon="14.389438">
				<ele>494.000000</ele>
			</trkpt>
			<trkpt lat="49.618715" lon="14.389430">
				<ele>495.000000</ele>
			</trkpt>
			<trkpt lat="49.618582" lon="14.389349">
				<ele>496.000000</ele>
			</trkpt>
			<trkpt lat="49.618523" lon="14.389412">
				<ele>496.000000</ele>
			</trkpt>
			<trkpt lat="49.618500" lon="14.389430">
				<ele>496.000000</ele>
			</trkpt>
			<trkpt lat="49.618465" lon="14.389430">
				<ele>496.000000</ele>
			</trkpt>
			<trkpt lat="49.618319" lon="14.389421">
				<ele>497.000000</ele>
			</trkpt>
			<trkpt lat="49.618267" lon="14.389402">
				<ele>497.000000</ele>
			</trkpt>
			<trkpt lat="49.618209" lon="14.389394">
				<ele>498.000000</ele>
			</trkpt>
			<trkpt lat="49.618162" lon="14.389349">
				<ele>498.000000</ele>
			</trkpt>
			<trkpt lat="49.618122" lon="14.389295">
				<ele>498.000000</ele>
			</trkpt>
			<trkpt lat="49.618028" lon="14.389375">
				<ele>498.000000</ele>
			</trkpt>
			<trkpt lat="49.617953" lon="14.389438">
				<ele>498.000000</ele>
			</trkpt>
			<trkpt lat="49.617953" lon="14.389438">
				<ele>498.000000</ele>
			</trkpt>
			<trkpt lat="49.617947" lon="14.389438">
				<ele>498.000000</ele>
			</trkpt>
			<trkpt lat="49.617842" lon="14.389511">
				<ele>499.000000</ele>
			</trkpt>
			<trkpt lat="49.617714" lon="14.389574">
				<ele>499.000000</ele>
			</trkpt>
			<trkpt lat="49.617679" lon="14.389591">
				<ele>499.000000</ele>
			</trkpt>
			<trkpt lat="49.617481" lon="14.389664">
				<ele>499.000000</ele>
			</trkpt>
			<trkpt lat="49.617446" lon="14.389610">
				<ele>498.000000</ele>
			</trkpt>
			<trkpt lat="49.617394" lon="14.389591">
				<ele>498.000000</ele>
			</trkpt>
			<trkpt lat="49.617318" lon="14.389610">
				<ele>497.000000</ele>
			</trkpt>
			<trkpt lat="49.617161" lon="14.389654">
				<ele>496.000000</ele>
			</trkpt>
			<trkpt lat="49.617086" lon="14.389672">
				<ele>495.000000</ele>
			</trkpt>
			<trkpt lat="49.617033" lon="14.389699">
				<ele>494.000000</ele>
			</trkpt>
			<trkpt lat="49.616981" lon="14.389754">
				<ele>494.000000</ele>
			</trkpt>
			<trkpt lat="49.616934" lon="14.389825">
				<ele>494.000000</ele>
			</trkpt>
			<trkpt lat="49.616695" lon="14.390176">
				<ele>490.000000</ele>
			</trkpt>
			<trkpt lat="49.616643" lon="14.390230">
				<ele>489.000000</ele>
			</trkpt>
			<trkpt lat="49.616585" lon="14.390230">
				<ele>487.000000</ele>
			</trkpt>
			<trkpt lat="49.616521" lon="14.390203">
				<ele>486.000000</ele>
			</trkpt>
			<trkpt lat="49.616451" lon="14.390130">
				<ele>484.000000</ele>
			</trkpt>
			<trkpt lat="49.616341" lon="14.390041">
				<ele>481.000000</ele>
			</trkpt>
			<trkpt lat="49.616241" lon="14.389987">
				<ele>479.000000</ele>
			</trkpt>
			<trkpt lat="49.616189" lon="14.389987">
				<ele>478.000000</ele>
			</trkpt>
			<trkpt lat="49.616137" lon="14.389987">
				<ele>477.000000</ele>
			</trkpt>
			<trkpt lat="49.616038" lon="14.390023">
				<ele>476.000000</ele>
			</trkpt>
			<trkpt lat="49.615910" lon="14.390094">
				<ele>474.000000</ele>
			</trkpt>
			<trkpt lat="49.615840" lon="14.390167">
				<ele>474.000000</ele>
			</trkpt>
			<trkpt lat="49.615770" lon="14.390238">
				<ele>473.000000</ele>
			</trkpt>
			<trkpt lat="49.615706" lon="14.390337">
				<ele>473.000000</ele>
			</trkpt>
			<trkpt lat="49.615590" lon="14.390534">
				<ele>471.000000</ele>
			</trkpt>
			<trkpt lat="49.615474" lon="14.390741">
				<ele>469.000000</ele>
			</trkpt>
			<trkpt lat="49.615392" lon="14.390966">
				<ele>467.000000</ele>
			</trkpt>
			<trkpt lat="49.615333" lon="14.391100">
				<ele>466.000000</ele>
			</trkpt>
			<trkpt lat="49.615287" lon="14.391199">
				<ele>466.000000</ele>
			</trkpt>
			<trkpt lat="49.615241" lon="14.391272">
				<ele>465.000000</ele>
			</trkpt>
			<trkpt lat="49.615200" lon="14.391325">
				<ele>465.000000</ele>
			</trkpt>
			<trkpt lat="49.615223" lon="14.391478">
				<ele>464.000000</ele>
			</trkpt>
			<trkpt lat="49.615246" lon="14.391631">
				<ele>465.000000</ele>
			</trkpt>
			<trkpt lat="49.615252" lon="14.391792">
				<ele>464.000000</ele>
			</trkpt>
			<trkpt lat="49.615258" lon="14.392017">
				<ele>464.000000</ele>
			</trkpt>
			<trkpt lat="49.615241" lon="14.392367">
				<ele>462.000000</ele>
			</trkpt>
			<trkpt lat="49.615241" lon="14.392637">
				<ele>461.000000</ele>
			</trkpt>
			<trkpt lat="49.615270" lon="14.392933">
				<ele>459.000000</ele>
			</trkpt>
			<trkpt lat="49.615333" lon="14.393580">
				<ele>456.000000</ele>
			</trkpt>
			<trkpt lat="49.615194" lon="14.393625">
				<ele>456.000000</ele>
			</trkpt>
			<trkpt lat="49.614961" lon="14.393723">
				<ele>452.000000</ele>
			</trkpt>
			<trkpt lat="49.614618" lon="14.393849">
				<ele>449.000000</ele>
			</trkpt>
			<trkpt lat="49.614338" lon="14.393922">
				<ele>446.000000</ele>
			</trkpt>
			<trkpt lat="49.614187" lon="14.393966">
				<ele>445.000000</ele>
			</trkpt>
			<trkpt lat="49.614059" lon="14.393993">
				<ele>444.000000</ele>
			</trkpt>
			<trkpt lat="49.613395" lon="14.394173">
				<ele>438.000000</ele>
			</trkpt>
			<trkpt lat="49.613308" lon="14.394191">
				<ele>438.000000</ele>
			</trkpt>
			<trkpt lat="49.613233" lon="14.394218">
				<ele>437.000000</ele>
			</trkpt>
			<trkpt lat="49.613093" lon="14.394325">
				<ele>437.000000</ele>
			</trkpt>
			<trkpt lat="49.613000" lon="14.394371">
				<ele>437.000000</ele>
			</trkpt>
			<trkpt lat="49.612912" lon="14.394388">
				<ele>437.000000</ele>
			</trkpt>
			<trkpt lat="49.612714" lon="14.394388">
				<ele>437.000000</ele>
			</trkpt>
			<trkpt lat="49.612650" lon="14.394415">
				<ele>437.000000</ele>
			</trkpt>
			<trkpt lat="49.612586" lon="14.394442">
				<ele>437.000000</ele>
			</trkpt>
			<trkpt lat="49.612470" lon="14.394515">
				<ele>437.000000</ele>
			</trkpt>
			<trkpt lat="49.612336" lon="14.394612">
				<ele>439.000000</ele>
			</trkpt>
			<trkpt lat="49.612243" lon="14.394325">
				<ele>440.000000</ele>
			</trkpt>
			<trkpt lat="49.612208" lon="14.394218">
				<ele>441.000000</ele>
			</trkpt>
			<trkpt lat="49.612162" lon="14.394119">
				<ele>441.000000</ele>
			</trkpt>
			<trkpt lat="49.612127" lon="14.394075">
				<ele>441.000000</ele>
			</trkpt>
			<trkpt lat="49.612097" lon="14.394065">
				<ele>441.000000</ele>
			</trkpt>
			<trkpt lat="49.611993" lon="14.394038">
				<ele>442.000000</ele>
			</trkpt>
			<trkpt lat="49.611765" lon="14.393966">
				<ele>443.000000</ele>
			</trkpt>
			<trkpt lat="49.611323" lon="14.393840">
				<ele>445.000000</ele>
			</trkpt>
			<trkpt lat="49.611143" lon="14.393796">
				<ele>446.000000</ele>
			</trkpt>
			<trkpt lat="49.610910" lon="14.393760">
				<ele>446.000000</ele>
			</trkpt>
			<trkpt lat="49.610688" lon="14.393750">
				<ele>446.000000</ele>
			</trkpt>
			<trkpt lat="49.610264" lon="14.393696">
				<ele>445.000000</ele>
			</trkpt>
			<trkpt lat="49.609868" lon="14.393679">
				<ele>449.000000</ele>
			</trkpt>
			<trkpt lat="49.609478" lon="14.393679">
				<ele>453.000000</ele>
			</trkpt>
			<trkpt lat="49.608890" lon="14.393715">
				<ele>460.000000</ele>
			</trkpt>
			<trkpt lat="49.608768" lon="14.393715">
				<ele>460.000000</ele>
			</trkpt>
			<trkpt lat="49.608698" lon="14.393706">
				<ele>461.000000</ele>
			</trkpt>
			<trkpt lat="49.608628" lon="14.393660">
				<ele>462.000000</ele>
			</trkpt>
			<trkpt lat="49.608564" lon="14.393607">
				<ele>463.000000</ele>
			</trkpt>
			<trkpt lat="49.608390" lon="14.393400">
				<ele>465.000000</ele>
			</trkpt>
			<trkpt lat="49.608209" lon="14.393239">
				<ele>467.000000</ele>
			</trkpt>
			<trkpt lat="49.608040" lon="14.393086">
				<ele>470.000000</ele>
			</trkpt>
			<trkpt lat="49.607732" lon="14.392826">
				<ele>473.000000</ele>
			</trkpt>
			<trkpt lat="49.607516" lon="14.392654">
				<ele>474.000000</ele>
			</trkpt>
			<trkpt lat="49.606975" lon="14.392188">
				<ele>475.000000</ele>
			</trkpt>
			<trkpt lat="49.605822" lon="14.391236">
				<ele>475.000000</ele>
			</trkpt>
			<trkpt lat="49.605193" lon="14.390679">
				<ele>473.000000</ele>
			</trkpt>
			<trkpt lat="49.604897" lon="14.390786">
				<ele>475.000000</ele>
			</trkpt>
			<trkpt lat="49.604629" lon="14.390876">
				<ele>474.000000</ele>
			</trkpt>
			<trkpt lat="49.604582" lon="14.390894">
				<ele>474.000000</ele>
			</trkpt>
			<trkpt lat="49.604535" lon="14.390920">
				<ele>474.000000</ele>
			</trkpt>
			<trkpt lat="49.604448" lon="14.391020">
				<ele>474.000000</ele>
			</trkpt>
			<trkpt lat="49.604082" lon="14.391451">
				<ele>473.000000</ele>
			</trkpt>
			<trkpt lat="49.603966" lon="14.391576">
				<ele>473.000000</ele>
			</trkpt>
			<trkpt lat="49.603820" lon="14.391702">
				<ele>473.000000</ele>
			</trkpt>
			<trkpt lat="49.603715" lon="14.391784">
				<ele>473.000000</ele>
			</trkpt>
			<trkpt lat="49.603622" lon="14.391828">
				<ele>473.000000</ele>
			</trkpt>
			<trkpt lat="49.603546" lon="14.391855">
				<ele>473.000000</ele>
			</trkpt>
			<trkpt lat="49.603453" lon="14.391855">
				<ele>473.000000</ele>
			</trkpt>
			<trkpt lat="49.602970" lon="14.391819">
				<ele>474.000000</ele>
			</trkpt>
			<trkpt lat="49.602813" lon="14.391802">
				<ele>476.000000</ele>
			</trkpt>
			<trkpt lat="49.602673" lon="14.391756">
				<ele>477.000000</ele>
			</trkpt>
			<trkpt lat="49.602527" lon="14.391702">
				<ele>477.000000</ele>
			</trkpt>
			<trkpt lat="49.602399" lon="14.391649">
				<ele>477.000000</ele>
			</trkpt>
			<trkpt lat="49.602236" lon="14.391559">
				<ele>477.000000</ele>
			</trkpt>
			<trkpt lat="49.602102" lon="14.391460">
				<ele>476.000000</ele>
			</trkpt>
			<trkpt lat="49.601991" lon="14.391388">
				<ele>476.000000</ele>
			</trkpt>
			<trkpt lat="49.601893" lon="14.391352">
				<ele>475.000000</ele>
			</trkpt>
			<trkpt lat="49.601788" lon="14.391325">
				<ele>474.000000</ele>
			</trkpt>
			<trkpt lat="49.601659" lon="14.391325">
				<ele>474.000000</ele>
			</trkpt>
			<trkpt lat="49.601479" lon="14.391343">
				<ele>472.000000</ele>
			</trkpt>
			<trkpt lat="49.601363" lon="14.391362">
				<ele>470.000000</ele>
			</trkpt>
			<trkpt lat="49.601246" lon="14.391406">
				<ele>470.000000</ele>
			</trkpt>
			<trkpt lat="49.601130" lon="14.391469">
				<ele>470.000000</ele>
			</trkpt>
			<trkpt lat="49.600908" lon="14.391604">
				<ele>468.000000</ele>
			</trkpt>
			<trkpt lat="49.600501" lon="14.391811">
				<ele>467.000000</ele>
			</trkpt>
			<trkpt lat="49.600350" lon="14.391901">
				<ele>467.000000</ele>
			</trkpt>
			<trkpt lat="49.600170" lon="14.392008">
				<ele>467.000000</ele>
			</trkpt>
			<trkpt lat="49.599977" lon="14.392178">
				<ele>466.000000</ele>
			</trkpt>
			<trkpt lat="49.599838" lon="14.391362">
				<ele>464.000000</ele>
			</trkpt>
			<trkpt lat="49.599762" lon="14.391029">
				<ele>463.000000</ele>
			</trkpt>
			<trkpt lat="49.599680" lon="14.390733">
				<ele>461.000000</ele>
			</trkpt>
			<trkpt lat="49.599622" lon="14.390562">
				<ele>461.000000</ele>
			</trkpt>
			<trkpt lat="49.599581" lon="14.390436">
				<ele>461.000000</ele>
			</trkpt>
			<trkpt lat="49.599406" lon="14.390094">
				<ele>460.000000</ele>
			</trkpt>
			<trkpt lat="49.599343" lon="14.389941">
				<ele>459.000000</ele>
			</trkpt>
			<trkpt lat="49.599284" lon="14.389762">
				<ele>458.000000</ele>
			</trkpt>
			<trkpt lat="49.599250" lon="14.389520">
				<ele>456.000000</ele>
			</trkpt>
			<trkpt lat="49.599168" lon="14.388962">
				<ele>452.000000</ele>
			</trkpt>
			<trkpt lat="49.599063" lon="14.388370">
				<ele>448.000000</ele>
			</trkpt>
			<trkpt lat="49.598981" lon="14.387876">
				<ele>445.000000</ele>
			</trkpt>
			<trkpt lat="49.598935" lon="14.387643">
				<ele>445.000000</ele>
			</trkpt>
			<trkpt lat="49.598871" lon="14.387436">
				<ele>445.000000</ele>
			</trkpt>
			<trkpt lat="49.598790" lon="14.387228">
				<ele>445.000000</ele>
			</trkpt>
			<trkpt lat="49.598382" lon="14.386412">
				<ele>446.000000</ele>
			</trkpt>
			<trkpt lat="49.598213" lon="14.386070">
				<ele>446.000000</ele>
			</trkpt>
			<trkpt lat="49.598067" lon="14.385710">
				<ele>447.000000</ele>
			</trkpt>
			<trkpt lat="49.597969" lon="14.385433">
				<ele>448.000000</ele>
			</trkpt>
			<trkpt lat="49.597893" lon="14.385144">
				<ele>448.000000</ele>
			</trkpt>
			<trkpt lat="49.597811" lon="14.384777">
				<ele>449.000000</ele>
			</trkpt>
			<trkpt lat="49.597782" lon="14.384570">
				<ele>449.000000</ele>
			</trkpt>
			<trkpt lat="49.597759" lon="14.384399">
				<ele>447.000000</ele>
			</trkpt>
			<trkpt lat="49.597747" lon="14.384238">
				<ele>447.000000</ele>
			</trkpt>
			<trkpt lat="49.597747" lon="14.384031">
				<ele>447.000000</ele>
			</trkpt>
			<trkpt lat="49.597730" lon="14.383249">
				<ele>444.000000</ele>
			</trkpt>
			<trkpt lat="49.597724" lon="14.383088">
				<ele>444.000000</ele>
			</trkpt>
			<trkpt lat="49.597713" lon="14.382962">
				<ele>444.000000</ele>
			</trkpt>
			<trkpt lat="49.597683" lon="14.382836">
				<ele>443.000000</ele>
			</trkpt>
			<trkpt lat="49.597642" lon="14.382683">
				<ele>442.000000</ele>
			</trkpt>
			<trkpt lat="49.597084" lon="14.382819">
				<ele>439.000000</ele>
			</trkpt>
			<trkpt lat="49.597031" lon="14.382819">
				<ele>438.000000</ele>
			</trkpt>
			<trkpt lat="49.596921" lon="14.382846">
				<ele>437.000000</ele>
			</trkpt>
			<trkpt lat="49.596850" lon="14.382846">
				<ele>437.000000</ele>
			</trkpt>
			<trkpt lat="49.596787" lon="14.382819">
				<ele>436.000000</ele>
			</trkpt>
			<trkpt lat="49.596711" lon="14.382783">
				<ele>435.000000</ele>
			</trkpt>
			<trkpt lat="49.596379" lon="14.382513">
				<ele>434.000000</ele>
			</trkpt>
			<trkpt lat="49.596315" lon="14.382459">
				<ele>432.000000</ele>
			</trkpt>
			<trkpt lat="49.596216" lon="14.382387">
				<ele>432.000000</ele>
			</trkpt>
			<trkpt lat="49.596146" lon="14.382343">
				<ele>432.000000</ele>
			</trkpt>
			<trkpt lat="49.596053" lon="14.382306">
				<ele>431.000000</ele>
			</trkpt>
			<trkpt lat="49.595954" lon="14.382297">
				<ele>430.000000</ele>
			</trkpt>
			<trkpt lat="49.595593" lon="14.382253">
				<ele>428.000000</ele>
			</trkpt>
			<trkpt lat="49.595593" lon="14.382253">
				<ele>428.000000</ele>
			</trkpt>
			<trkpt lat="49.595593" lon="14.382253">
				<ele>428.000000</ele>
			</trkpt>
			<trkpt lat="49.595535" lon="14.382423">
				<ele>428.000000</ele>
			</trkpt>
			<trkpt lat="49.595500" lon="14.382549">
				<ele>428.000000</ele>
			</trkpt>
			<trkpt lat="49.595413" lon="14.383159">
				<ele>428.000000</ele>
			</trkpt>
			<trkpt lat="49.595395" lon="14.383312">
				<ele>428.000000</ele>
			</trkpt>
			<trkpt lat="49.595366" lon="14.383501">
				<ele>430.000000</ele>
			</trkpt>
			<trkpt lat="49.595348" lon="14.383626">
				<ele>430.000000</ele>
			</trkpt>
			<trkpt lat="49.595313" lon="14.383744">
				<ele>431.000000</ele>
			</trkpt>
			<trkpt lat="49.595261" lon="14.383842">
				<ele>432.000000</ele>
			</trkpt>
			<trkpt lat="49.595162" lon="14.384004">
				<ele>433.000000</ele>
			</trkpt>
			<trkpt lat="49.595103" lon="14.384130">
				<ele>435.000000</ele>
			</trkpt>
			<trkpt lat="49.595051" lon="14.384274">
				<ele>435.000000</ele>
			</trkpt>
			<trkpt lat="49.595005" lon="14.384454">
				<ele>436.000000</ele>
			</trkpt>
			<trkpt lat="49.594953" lon="14.384696">
				<ele>437.000000</ele>
			</trkpt>
			<trkpt lat="49.594888" lon="14.384893">
				<ele>437.000000</ele>
			</trkpt>
			<trkpt lat="49.594819" lon="14.385064">
				<ele>438.000000</ele>
			</trkpt>
			<trkpt lat="49.594719" lon="14.385199">
				<ele>439.000000</ele>
			</trkpt>
			<trkpt lat="49.594586" lon="14.385343">
				<ele>440.000000</ele>
			</trkpt>
			<trkpt lat="49.594387" lon="14.385522">
				<ele>441.000000</ele>
			</trkpt>
			<trkpt lat="49.594254" lon="14.385666">
				<ele>442.000000</ele>
			</trkpt>
			<trkpt lat="49.594166" lon="14.385773">
				<ele>443.000000</ele>
			</trkpt>
			<trkpt lat="49.594102" lon="14.385872">
				<ele>443.000000</ele>
			</trkpt>
			<trkpt lat="49.594050" lon="14.385999">
				<ele>444.000000</ele>
			</trkpt>
			<trkpt lat="49.594009" lon="14.386169">
				<ele>444.000000</ele>
			</trkpt>
			<trkpt lat="49.593916" lon="14.386528">
				<ele>445.000000</ele>
			</trkpt>
			<trkpt lat="49.593875" lon="14.386708">
				<ele>446.000000</ele>
			</trkpt>
			<trkpt lat="49.593823" lon="14.386834">
				<ele>446.000000</ele>
			</trkpt>
			<trkpt lat="49.593759" lon="14.386932">
				<ele>447.000000</ele>
			</trkpt>
			<trkpt lat="49.593660" lon="14.387041">
				<ele>447.000000</ele>
			</trkpt>
			<trkpt lat="49.593380" lon="14.387337">
				<ele>448.000000</ele>
			</trkpt>
			<trkpt lat="49.593159" lon="14.387597">
				<ele>449.000000</ele>
			</trkpt>
			<trkpt lat="49.592938" lon="14.387920">
				<ele>451.000000</ele>
			</trkpt>
			<trkpt lat="49.592577" lon="14.388478">
				<ele>452.000000</ele>
			</trkpt>
			<trkpt lat="49.592519" lon="14.388568">
				<ele>452.000000</ele>
			</trkpt>
			<trkpt lat="49.592472" lon="14.388657">
				<ele>453.000000</ele>
			</trkpt>
			<trkpt lat="49.592373" lon="14.388926">
				<ele>455.000000</ele>
			</trkpt>
			<trkpt lat="49.592181" lon="14.389438">
				<ele>457.000000</ele>
			</trkpt>
			<trkpt lat="49.591861" lon="14.390194">
				<ele>460.000000</ele>
			</trkpt>
			<trkpt lat="49.591790" lon="14.390354">
				<ele>461.000000</ele>
			</trkpt>
			<trkpt lat="49.591773" lon="14.390400">
				<ele>462.000000</ele>
			</trkpt>
			<trkpt lat="49.591761" lon="14.390454">
				<ele>462.000000</ele>
			</trkpt>
			<trkpt lat="49.591761" lon="14.390507">
				<ele>463.000000</ele>
			</trkpt>
			<trkpt lat="49.591773" lon="14.390553">
				<ele>463.000000</ele>
			</trkpt>
			<trkpt lat="49.591820" lon="14.390660">
				<ele>463.000000</ele>
			</trkpt>
			<trkpt lat="49.591890" lon="14.390769">
				<ele>464.000000</ele>
			</trkpt>
			<trkpt lat="49.591954" lon="14.390886">
				<ele>464.000000</ele>
			</trkpt>
			<trkpt lat="49.591989" lon="14.390993">
				<ele>465.000000</ele>
			</trkpt>
			<trkpt lat="49.592000" lon="14.391146">
				<ele>466.000000</ele>
			</trkpt>
			<trkpt lat="49.592000" lon="14.391388">
				<ele>468.000000</ele>
			</trkpt>
			<trkpt lat="49.592006" lon="14.393688">
				<ele>474.000000</ele>
			</trkpt>
			<trkpt lat="49.591994" lon="14.393742">
				<ele>474.000000</ele>
			</trkpt>
			<trkpt lat="49.591989" lon="14.393805">
				<ele>474.000000</ele>
			</trkpt>
			<trkpt lat="49.591936" lon="14.393895">
				<ele>474.000000</ele>
			</trkpt>
			<trkpt lat="49.591896" lon="14.393985">
				<ele>475.000000</ele>
			</trkpt>
			<trkpt lat="49.591121" lon="14.395071">
				<ele>479.000000</ele>
			</trkpt>
			<trkpt lat="49.591033" lon="14.395197">
				<ele>479.000000</ele>
			</trkpt>
			<trkpt lat="49.590987" lon="14.395331">
				<ele>479.000000</ele>
			</trkpt>
			<trkpt lat="49.590970" lon="14.395421">
				<ele>480.000000</ele>
			</trkpt>
			<trkpt lat="49.590987" lon="14.395503">
				<ele>480.000000</ele>
			</trkpt>
			<trkpt lat="49.591109" lon="14.395889">
				<ele>482.000000</ele>
			</trkpt>
			<trkpt lat="49.591161" lon="14.395996">
				<ele>482.000000</ele>
			</trkpt>
			<trkpt lat="49.591307" lon="14.396203">
				<ele>482.000000</ele>
			</trkpt>
			<trkpt lat="49.591377" lon="14.396310">
				<ele>482.000000</ele>
			</trkpt>
			<trkpt lat="49.591423" lon="14.396419">
				<ele>482.000000</ele>
			</trkpt>
			<trkpt lat="49.591453" lon="14.396518">
				<ele>481.000000</ele>
			</trkpt>
			<trkpt lat="49.591453" lon="14.396625">
				<ele>481.000000</ele>
			</trkpt>
			<trkpt lat="49.591447" lon="14.396697">
				<ele>481.000000</ele>
			</trkpt>
			<trkpt lat="49.591423" lon="14.396769">
				<ele>482.000000</ele>
			</trkpt>
			<trkpt lat="49.591354" lon="14.396949">
				<ele>483.000000</ele>
			</trkpt>
			<trkpt lat="49.591115" lon="14.397425">
				<ele>484.000000</ele>
			</trkpt>
			<trkpt lat="49.591028" lon="14.397631">
				<ele>485.000000</ele>
			</trkpt>
			<trkpt lat="49.590993" lon="14.397704">
				<ele>485.000000</ele>
			</trkpt>
			<trkpt lat="49.590976" lon="14.397784">
				<ele>486.000000</ele>
			</trkpt>
			<trkpt lat="49.590963" lon="14.397883">
				<ele>486.000000</ele>
			</trkpt>
			<trkpt lat="49.590963" lon="14.398044">
				<ele>487.000000</ele>
			</trkpt>
			<trkpt lat="49.590993" lon="14.398404">
				<ele>487.000000</ele>
			</trkpt>
			<trkpt lat="49.591004" lon="14.398664">
				<ele>487.000000</ele>
			</trkpt>
			<trkpt lat="49.591016" lon="14.398889">
				<ele>487.000000</ele>
			</trkpt>
			<trkpt lat="49.591004" lon="14.399086">
				<ele>487.000000</ele>
			</trkpt>
			<trkpt lat="49.590981" lon="14.399293">
				<ele>487.000000</ele>
			</trkpt>
			<trkpt lat="49.590946" lon="14.399499">
				<ele>487.000000</ele>
			</trkpt>
			<trkpt lat="49.590894" lon="14.399725">
				<ele>487.000000</ele>
			</trkpt>
			<trkpt lat="49.590824" lon="14.399976">
				<ele>487.000000</ele>
			</trkpt>
			<trkpt lat="49.590620" lon="14.400641">
				<ele>486.000000</ele>
			</trkpt>
			<trkpt lat="49.590480" lon="14.401197">
				<ele>486.000000</ele>
			</trkpt>
			<trkpt lat="49.590381" lon="14.401719">
				<ele>485.000000</ele>
			</trkpt>
			<trkpt lat="49.590288" lon="14.402348">
				<ele>485.000000</ele>
			</trkpt>
			<trkpt lat="49.590236" lon="14.402689">
				<ele>485.000000</ele>
			</trkpt>
			<trkpt lat="49.590189" lon="14.402922">
				<ele>485.000000</ele>
			</trkpt>
			<trkpt lat="49.590131" lon="14.403147">
				<ele>484.000000</ele>
			</trkpt>
			<trkpt lat="49.590050" lon="14.403354">
				<ele>483.000000</ele>
			</trkpt>
			<trkpt lat="49.589974" lon="14.403363">
				<ele>484.000000</ele>
			</trkpt>
			<trkpt lat="49.589898" lon="14.403390">
				<ele>485.000000</ele>
			</trkpt>
			<trkpt lat="49.589816" lon="14.403417">
				<ele>485.000000</ele>
			</trkpt>
			<trkpt lat="49.589735" lon="14.403470">
				<ele>485.000000</ele>
			</trkpt>
			<trkpt lat="49.589584" lon="14.403597">
				<ele>487.000000</ele>
			</trkpt>
			<trkpt lat="49.589356" lon="14.403847">
				<ele>488.000000</ele>
			</trkpt>
			<trkpt lat="49.589199" lon="14.404046">
				<ele>488.000000</ele>
			</trkpt>
			<trkpt lat="49.588955" lon="14.404323">
				<ele>490.000000</ele>
			</trkpt>
			<trkpt lat="49.588786" lon="14.404495">
				<ele>491.000000</ele>
			</trkpt>
			<trkpt lat="49.588588" lon="14.404648">
				<ele>492.000000</ele>
			</trkpt>
			<trkpt lat="49.588372" lon="14.404773">
				<ele>493.000000</ele>
			</trkpt>
			<trkpt lat="49.588122" lon="14.404899">
				<ele>496.000000</ele>
			</trkpt>
			<trkpt lat="49.587918" lon="14.405034">
				<ele>498.000000</ele>
			</trkpt>
			<trkpt lat="49.587691" lon="14.405168">
				<ele>501.000000</ele>
			</trkpt>
			<trkpt lat="49.587423" lon="14.405365">
				<ele>503.000000</ele>
			</trkpt>
			<trkpt lat="49.586759" lon="14.405914">
				<ele>507.000000</ele>
			</trkpt>
			<trkpt lat="49.586637" lon="14.406004">
				<ele>508.000000</ele>
			</trkpt>
			<trkpt lat="49.586538" lon="14.406067">
				<ele>508.000000</ele>
			</trkpt>
			<trkpt lat="49.586427" lon="14.406111">
				<ele>510.000000</ele>
			</trkpt>
			<trkpt lat="49.586328" lon="14.406130">
				<ele>510.000000</ele>
			</trkpt>
			<trkpt lat="49.586247" lon="14.406130">
				<ele>511.000000</ele>
			</trkpt>
			<trkpt lat="49.586159" lon="14.406120">
				<ele>511.000000</ele>
			</trkpt>
			<trkpt lat="49.586048" lon="14.406094">
				<ele>512.000000</ele>
			</trkpt>
			<trkpt lat="49.585932" lon="14.406048">
				<ele>512.000000</ele>
			</trkpt>
			<trkpt lat="49.585635" lon="14.405914">
				<ele>513.000000</ele>
			</trkpt>
			<trkpt lat="49.584994" lon="14.405591">
				<ele>512.000000</ele>
			</trkpt>
			<trkpt lat="49.584727" lon="14.405438">
				<ele>511.000000</ele>
			</trkpt>
			<trkpt lat="49.584593" lon="14.405357">
				<ele>511.000000</ele>
			</trkpt>
			<trkpt lat="49.584471" lon="14.405268">
				<ele>510.000000</ele>
			</trkpt>
			<trkpt lat="49.584255" lon="14.405042">
				<ele>510.000000</ele>
			</trkpt>
			<trkpt lat="49.583929" lon="14.404648">
				<ele>509.000000</ele>
			</trkpt>
			<trkpt lat="49.583842" lon="14.404558">
				<ele>508.000000</ele>
			</trkpt>
			<trkpt lat="49.583748" lon="14.404459">
				<ele>508.000000</ele>
			</trkpt>
			<trkpt lat="49.583661" lon="14.404386">
				<ele>508.000000</ele>
			</trkpt>
			<trkpt lat="49.583562" lon="14.404333">
				<ele>507.000000</ele>
			</trkpt>
			<trkpt lat="49.583469" lon="14.404306">
				<ele>507.000000</ele>
			</trkpt>
			<trkpt lat="49.583352" lon="14.404279">
				<ele>506.000000</ele>
			</trkpt>
			<trkpt lat="49.583235" lon="14.404270">
				<ele>505.000000</ele>
			</trkpt>
			<trkpt lat="49.583090" lon="14.404270">
				<ele>504.000000</ele>
			</trkpt>
			<trkpt lat="49.582909" lon="14.404260">
				<ele>503.000000</ele>
			</trkpt>
			<trkpt lat="49.582729" lon="14.404207">
				<ele>503.000000</ele>
			</trkpt>
			<trkpt lat="49.582566" lon="14.404109">
				<ele>502.000000</ele>
			</trkpt>
			<trkpt lat="49.582281" lon="14.403920">
				<ele>501.000000</ele>
			</trkpt>
			<trkpt lat="49.582292" lon="14.404476">
				<ele>502.000000</ele>
			</trkpt>
			<trkpt lat="49.582292" lon="14.404629">
				<ele>503.000000</ele>
			</trkpt>
			<trkpt lat="49.582274" lon="14.404791">
				<ele>504.000000</ele>
			</trkpt>
			<trkpt lat="49.582251" lon="14.404944">
				<ele>505.000000</ele>
			</trkpt>
			<trkpt lat="49.582222" lon="14.405088">
				<ele>506.000000</ele>
			</trkpt>
			<trkpt lat="49.582181" lon="14.405222">
				<ele>506.000000</ele>
			</trkpt>
			<trkpt lat="49.582123" lon="14.405365">
				<ele>507.000000</ele>
			</trkpt>
			<trkpt lat="49.582012" lon="14.405618">
				<ele>508.000000</ele>
			</trkpt>
			<trkpt lat="49.581972" lon="14.405698">
				<ele>509.000000</ele>
			</trkpt>
			<trkpt lat="49.581954" lon="14.405778">
				<ele>509.000000</ele>
			</trkpt>
			<trkpt lat="49.581949" lon="14.405851">
				<ele>509.000000</ele>
			</trkpt>
			<trkpt lat="49.581949" lon="14.405923">
				<ele>510.000000</ele>
			</trkpt>
			<trkpt lat="49.581960" lon="14.405986">
				<ele>510.000000</ele>
			</trkpt>
			<trkpt lat="49.581977" lon="14.406067">
				<ele>510.000000</ele>
			</trkpt>
			<trkpt lat="49.582362" lon="14.407172">
				<ele>513.000000</ele>
			</trkpt>
			<trkpt lat="49.582385" lon="14.407279">
				<ele>513.000000</ele>
			</trkpt>
			<trkpt lat="49.582426" lon="14.407423">
				<ele>512.000000</ele>
			</trkpt>
			<trkpt lat="49.582432" lon="14.407531">
				<ele>512.000000</ele>
			</trkpt>
			<trkpt lat="49.582432" lon="14.407656">
				<ele>512.000000</ele>
			</trkpt>
			<trkpt lat="49.582426" lon="14.407809">
				<ele>513.000000</ele>
			</trkpt>
			<trkpt lat="49.582374" lon="14.408214">
				<ele>514.000000</ele>
			</trkpt>
			<trkpt lat="49.582350" lon="14.408447">
				<ele>514.000000</ele>
			</trkpt>
			<trkpt lat="49.582350" lon="14.408734">
				<ele>514.000000</ele>
			</trkpt>
			<trkpt lat="49.582368" lon="14.409057">
				<ele>513.000000</ele>
			</trkpt>
			<trkpt lat="49.582397" lon="14.409399">
				<ele>512.000000</ele>
			</trkpt>
			<trkpt lat="49.582484" lon="14.410298">
				<ele>510.000000</ele>
			</trkpt>
			<trkpt lat="49.582584" lon="14.410998">
				<ele>507.000000</ele>
			</trkpt>
			<trkpt lat="49.582612" lon="14.411168">
				<ele>507.000000</ele>
			</trkpt>
			<trkpt lat="49.582671" lon="14.411411">
				<ele>507.000000</ele>
			</trkpt>
			<trkpt lat="49.582717" lon="14.411654">
				<ele>506.000000</ele>
			</trkpt>
			<trkpt lat="49.582741" lon="14.411834">
				<ele>506.000000</ele>
			</trkpt>
			<trkpt lat="49.582752" lon="14.412149">
				<ele>505.000000</ele>
			</trkpt>
			<trkpt lat="49.582747" lon="14.412480">
				<ele>503.000000</ele>
			</trkpt>
			<trkpt lat="49.582723" lon="14.412839">
				<ele>500.000000</ele>
			</trkpt>
			<trkpt lat="49.582676" lon="14.413252">
				<ele>496.000000</ele>
			</trkpt>
			<trkpt lat="49.582636" lon="14.413675">
				<ele>493.000000</ele>
			</trkpt>
			<trkpt lat="49.582589" lon="14.413944">
				<ele>491.000000</ele>
			</trkpt>
			<trkpt lat="49.582537" lon="14.414214">
				<ele>489.000000</ele>
			</trkpt>
			<trkpt lat="49.582467" lon="14.414466">
				<ele>488.000000</ele>
			</trkpt>
			<trkpt lat="49.582391" lon="14.414753">
				<ele>486.000000</ele>
			</trkpt>
			<trkpt lat="49.582344" lon="14.414933">
				<ele>484.000000</ele>
			</trkpt>
			<trkpt lat="49.582321" lon="14.415113">
				<ele>482.000000</ele>
			</trkpt>
			<trkpt lat="49.582304" lon="14.415292">
				<ele>481.000000</ele>
			</trkpt>
			<trkpt lat="49.582298" lon="14.415975">
				<ele>476.000000</ele>
			</trkpt>
			<trkpt lat="49.582287" lon="14.416218">
				<ele>475.000000</ele>
			</trkpt>
			<trkpt lat="49.582292" lon="14.416361">
				<ele>473.000000</ele>
			</trkpt>
			<trkpt lat="49.582309" lon="14.416487">
				<ele>473.000000</ele>
			</trkpt>
			<trkpt lat="49.582344" lon="14.416621">
				<ele>472.000000</ele>
			</trkpt>
			<trkpt lat="49.582455" lon="14.416936">
				<ele>470.000000</ele>
			</trkpt>
			<trkpt lat="49.582490" lon="14.417034">
				<ele>470.000000</ele>
			</trkpt>
			<trkpt lat="49.582554" lon="14.417134">
				<ele>469.000000</ele>
			</trkpt>
			<trkpt lat="49.582810" lon="14.417502">
				<ele>468.000000</ele>
			</trkpt>
			<trkpt lat="49.583061" lon="14.417835">
				<ele>469.000000</ele>
			</trkpt>
			<trkpt lat="49.583207" lon="14.418023">
				<ele>471.000000</ele>
			</trkpt>
			<trkpt lat="49.583207" lon="14.418023">
				<ele>471.000000</ele>
			</trkpt>
			<trkpt lat="49.583207" lon="14.418023">
				<ele>471.000000</ele>
			</trkpt>
			<trkpt lat="49.583137" lon="14.418221">
				<ele>469.000000</ele>
			</trkpt>
			<trkpt lat="49.583072" lon="14.418428">
				<ele>467.000000</ele>
			</trkpt>
			<trkpt lat="49.583049" lon="14.418634">
				<ele>466.000000</ele>
			</trkpt>
			<trkpt lat="49.583032" lon="14.418822">
				<ele>465.000000</ele>
			</trkpt>
			<trkpt lat="49.583038" lon="14.419038">
				<ele>465.000000</ele>
			</trkpt>
			<trkpt lat="49.583061" lon="14.419308">
				<ele>464.000000</ele>
			</trkpt>
			<trkpt lat="49.583066" lon="14.419434">
				<ele>464.000000</ele>
			</trkpt>
			<trkpt lat="49.583072" lon="14.419560">
				<ele>464.000000</ele>
			</trkpt>
			<trkpt lat="49.583061" lon="14.419684">
				<ele>463.000000</ele>
			</trkpt>
			<trkpt lat="49.583044" lon="14.419837">
				<ele>462.000000</ele>
			</trkpt>
			<trkpt lat="49.583003" lon="14.420279">
				<ele>459.000000</ele>
			</trkpt>
			<trkpt lat="49.582979" lon="14.420638">
				<ele>456.000000</ele>
			</trkpt>
			<trkpt lat="49.582979" lon="14.420969">
				<ele>454.000000</ele>
			</trkpt>
			<trkpt lat="49.583009" lon="14.421355">
				<ele>452.000000</ele>
			</trkpt>
			<trkpt lat="49.583055" lon="14.421832">
				<ele>450.000000</ele>
			</trkpt>
			<trkpt lat="49.583084" lon="14.422093">
				<ele>448.000000</ele>
			</trkpt>
			<trkpt lat="49.583102" lon="14.422300">
				<ele>446.000000</ele>
			</trkpt>
			<trkpt lat="49.583113" lon="14.422506">
				<ele>445.000000</ele>
			</trkpt>
			<trkpt lat="49.583113" lon="14.422659">
				<ele>443.000000</ele>
			</trkpt>
			<trkpt lat="49.583096" lon="14.422866">
				<ele>441.000000</ele>
			</trkpt>
			<trkpt lat="49.583078" lon="14.423000">
				<ele>439.000000</ele>
			</trkpt>
			<trkpt lat="49.583049" lon="14.423143">
				<ele>438.000000</ele>
			</trkpt>
			<trkpt lat="49.583014" lon="14.423269">
				<ele>436.000000</ele>
			</trkpt>
			<trkpt lat="49.582962" lon="14.423378">
				<ele>434.000000</ele>
			</trkpt>
			<trkpt lat="49.582909" lon="14.423476">
				<ele>433.000000</ele>
			</trkpt>
			<trkpt lat="49.582840" lon="14.423556">
				<ele>432.000000</ele>
			</trkpt>
			<trkpt lat="49.582747" lon="14.423629">
				<ele>430.000000</ele>
			</trkpt>
			<trkpt lat="49.582647" lon="14.423674">
				<ele>430.000000</ele>
			</trkpt>
			<trkpt lat="49.582578" lon="14.423701">
				<ele>429.000000</ele>
			</trkpt>
			<trkpt lat="49.582449" lon="14.423718">
				<ele>429.000000</ele>
			</trkpt>
			<trkpt lat="49.582350" lon="14.423701">
				<ele>428.000000</ele>
			</trkpt>
			<trkpt lat="49.582135" lon="14.423692">
				<ele>427.000000</ele>
			</trkpt>
			<trkpt lat="49.582012" lon="14.423709">
				<ele>427.000000</ele>
			</trkpt>
			<trkpt lat="49.581949" lon="14.423718">
				<ele>427.000000</ele>
			</trkpt>
			<trkpt lat="49.581902" lon="14.423764">
				<ele>427.000000</ele>
			</trkpt>
			<trkpt lat="49.581803" lon="14.423862">
				<ele>426.000000</ele>
			</trkpt>
			<trkpt lat="49.580900" lon="14.424994">
				<ele>420.000000</ele>
			</trkpt>
			<trkpt lat="49.580691" lon="14.425219">
				<ele>419.000000</ele>
			</trkpt>
			<trkpt lat="49.580597" lon="14.425326">
				<ele>419.000000</ele>
			</trkpt>
			<trkpt lat="49.580516" lon="14.425470">
				<ele>419.000000</ele>
			</trkpt>
			<trkpt lat="49.580457" lon="14.425632">
				<ele>419.000000</ele>
			</trkpt>
			<trkpt lat="49.580364" lon="14.425856">
				<ele>420.000000</ele>
			</trkpt>
			<trkpt lat="49.580178" lon="14.426234">
				<ele>420.000000</ele>
			</trkpt>
			<trkpt lat="49.580102" lon="14.426441">
				<ele>421.000000</ele>
			</trkpt>
			<trkpt lat="49.580038" lon="14.426621">
				<ele>421.000000</ele>
			</trkpt>
			<trkpt lat="49.580003" lon="14.426800">
				<ele>421.000000</ele>
			</trkpt>
			<trkpt lat="49.579997" lon="14.426971">
				<ele>421.000000</ele>
			</trkpt>
			<trkpt lat="49.580021" lon="14.427177">
				<ele>421.000000</ele>
			</trkpt>
			<trkpt lat="49.580114" lon="14.427617">
				<ele>421.000000</ele>
			</trkpt>
			<trkpt lat="49.580131" lon="14.427770">
				<ele>422.000000</ele>
			</trkpt>
			<trkpt lat="49.580131" lon="14.427850">
				<ele>422.000000</ele>
			</trkpt>
			<trkpt lat="49.580125" lon="14.427932">
				<ele>422.000000</ele>
			</trkpt>
			<trkpt lat="49.580097" lon="14.428022">
				<ele>423.000000</ele>
			</trkpt>
			<trkpt lat="49.580062" lon="14.428076">
				<ele>424.000000</ele>
			</trkpt>
			<trkpt lat="49.579642" lon="14.428632">
				<ele>428.000000</ele>
			</trkpt>
			<trkpt lat="49.579555" lon="14.428758">
				<ele>428.000000</ele>
			</trkpt>
			<trkpt lat="49.579485" lon="14.428902">
				<ele>428.000000</ele>
			</trkpt>
			<trkpt lat="49.579409" lon="14.429036">
				<ele>428.000000</ele>
			</trkpt>
			<trkpt lat="49.579356" lon="14.429208">
				<ele>429.000000</ele>
			</trkpt>
			<trkpt lat="49.579321" lon="14.429387">
				<ele>429.000000</ele>
			</trkpt>
			<trkpt lat="49.579299" lon="14.429602">
				<ele>429.000000</ele>
			</trkpt>
			<trkpt lat="49.579281" lon="14.429871">
				<ele>429.000000</ele>
			</trkpt>
			<trkpt lat="49.579263" lon="14.429953">
				<ele>429.000000</ele>
			</trkpt>
			<trkpt lat="49.579234" lon="14.430051">
				<ele>429.000000</ele>
			</trkpt>
			<trkpt lat="49.578617" lon="14.431552">
				<ele>430.000000</ele>
			</trkpt>
			<trkpt lat="49.578518" lon="14.431758">
				<ele>430.000000</ele>
			</trkpt>
			<trkpt lat="49.578419" lon="14.431902">
				<ele>431.000000</ele>
			</trkpt>
			<trkpt lat="49.578291" lon="14.432037">
				<ele>432.000000</ele>
			</trkpt>
			<trkpt lat="49.578017" lon="14.432280">
				<ele>433.000000</ele>
			</trkpt>
			<trkpt lat="49.577866" lon="14.432378">
				<ele>434.000000</ele>
			</trkpt>
			<trkpt lat="49.577825" lon="14.432405">
				<ele>435.000000</ele>
			</trkpt>
			<trkpt lat="49.577801" lon="14.432460">
				<ele>435.000000</ele>
			</trkpt>
			<trkpt lat="49.577656" lon="14.432846">
				<ele>436.000000</ele>
			</trkpt>
			<trkpt lat="49.577516" lon="14.433150">
				<ele>438.000000</ele>
			</trkpt>
			<trkpt lat="49.577365" lon="14.433447">
				<ele>438.000000</ele>
			</trkpt>
			<trkpt lat="49.577114" lon="14.433833">
				<ele>438.000000</ele>
			</trkpt>
			<trkpt lat="49.576962" lon="14.434049">
				<ele>438.000000</ele>
			</trkpt>
			<trkpt lat="49.576910" lon="14.434139">
				<ele>438.000000</ele>
			</trkpt>
			<trkpt lat="49.576864" lon="14.434256">
				<ele>439.000000</ele>
			</trkpt>
			<trkpt lat="49.576858" lon="14.434328">
				<ele>438.000000</ele>
			</trkpt>
			<trkpt lat="49.576858" lon="14.434391">
				<ele>438.000000</ele>
			</trkpt>
			<trkpt lat="49.576846" lon="14.434516">
				<ele>438.000000</ele>
			</trkpt>
			<trkpt lat="49.576829" lon="14.434624">
				<ele>438.000000</ele>
			</trkpt>
			<trkpt lat="49.576793" lon="14.434741">
				<ele>438.000000</ele>
			</trkpt>
			<trkpt lat="49.576736" lon="14.434894">
				<ele>437.000000</ele>
			</trkpt>
			<trkpt lat="49.576695" lon="14.434974">
				<ele>437.000000</ele>
			</trkpt>
			<trkpt lat="49.576660" lon="14.435020">
				<ele>437.000000</ele>
			</trkpt>
			<trkpt lat="49.576619" lon="14.435055">
				<ele>437.000000</ele>
			</trkpt>
			<trkpt lat="49.576572" lon="14.435091">
				<ele>437.000000</ele>
			</trkpt>
			<trkpt lat="49.576409" lon="14.435145">
				<ele>439.000000</ele>
			</trkpt>
			<trkpt lat="49.576310" lon="14.435200">
				<ele>439.000000</ele>
			</trkpt>
			<trkpt lat="49.576211" lon="14.435288">
				<ele>439.000000</ele>
			</trkpt>
			<trkpt lat="49.576106" lon="14.435397">
				<ele>439.000000</ele>
			</trkpt>
			<trkpt lat="49.575995" lon="14.435496">
				<ele>439.000000</ele>
			</trkpt>
			<trkpt lat="49.575879" lon="14.435576">
				<ele>440.000000</ele>
			</trkpt>
			<trkpt lat="49.575594" lon="14.435720">
				<ele>440.000000</ele>
			</trkpt>
			<trkpt lat="49.575442" lon="14.435837">
				<ele>440.000000</ele>
			</trkpt>
			<trkpt lat="49.575297" lon="14.435944">
				<ele>440.000000</ele>
			</trkpt>
			<trkpt lat="49.575163" lon="14.436034">
				<ele>440.000000</ele>
			</trkpt>
			<trkpt lat="49.575028" lon="14.436070">
				<ele>440.000000</ele>
			</trkpt>
			<trkpt lat="49.574866" lon="14.436079">
				<ele>441.000000</ele>
			</trkpt>
			<trkpt lat="49.574586" lon="14.436062">
				<ele>442.000000</ele>
			</trkpt>
			<trkpt lat="49.574464" lon="14.436079">
				<ele>443.000000</ele>
			</trkpt>
			<trkpt lat="49.574335" lon="14.436124">
				<ele>443.000000</ele>
			</trkpt>
			<trkpt lat="49.574213" lon="14.436205">
				<ele>443.000000</ele>
			</trkpt>
			<trkpt lat="49.573834" lon="14.436519">
				<ele>443.000000</ele>
			</trkpt>
			<trkpt lat="49.573736" lon="14.436609">
				<ele>443.000000</ele>
			</trkpt>
			<trkpt lat="49.573654" lon="14.436708">
				<ele>443.000000</ele>
			</trkpt>
			<trkpt lat="49.573567" lon="14.436825">
				<ele>443.000000</ele>
			</trkpt>
			<trkpt lat="49.573497" lon="14.436951">
				<ele>443.000000</ele>
			</trkpt>
			<trkpt lat="49.573433" lon="14.437085">
				<ele>443.000000</ele>
			</trkpt>
			<trkpt lat="49.573363" lon="14.437256">
				<ele>443.000000</ele>
			</trkpt>
			<trkpt lat="49.573572" lon="14.437462">
				<ele>442.000000</ele>
			</trkpt>
			<trkpt lat="49.573695" lon="14.437624">
				<ele>442.000000</ele>
			</trkpt>
			<trkpt lat="49.573758" lon="14.437732">
				<ele>442.000000</ele>
			</trkpt>
			<trkpt lat="49.573840" lon="14.437813">
				<ele>443.000000</ele>
			</trkpt>
			<trkpt lat="49.574038" lon="14.438020">
				<ele>444.000000</ele>
			</trkpt>
			<trkpt lat="49.574417" lon="14.438200">
				<ele>446.000000</ele>
			</trkpt>
			<trkpt lat="49.574499" lon="14.438263">
				<ele>447.000000</ele>
			</trkpt>
			<trkpt lat="49.574575" lon="14.438334">
				<ele>448.000000</ele>
			</trkpt>
			<trkpt lat="49.574621" lon="14.438433">
				<ele>449.000000</ele>
			</trkpt>
			<trkpt lat="49.574644" lon="14.438540">
				<ele>450.000000</ele>
			</trkpt>
			<trkpt lat="49.574673" lon="14.438640">
				<ele>451.000000</ele>
			</trkpt>
			<trkpt lat="49.574708" lon="14.438729">
				<ele>452.000000</ele>
			</trkpt>
			<trkpt lat="49.574755" lon="14.438802">
				<ele>453.000000</ele>
			</trkpt>
			<trkpt lat="49.574801" lon="14.438855">
				<ele>454.000000</ele>
			</trkpt>
			<trkpt lat="49.574819" lon="14.438936">
				<ele>454.000000</ele>
			</trkpt>
			<trkpt lat="49.574831" lon="14.439026">
				<ele>455.000000</ele>
			</trkpt>
			<trkpt lat="49.574819" lon="14.439079">
				<ele>456.000000</ele>
			</trkpt>
			<trkpt lat="49.574790" lon="14.439133">
				<ele>456.000000</ele>
			</trkpt>
			<trkpt lat="49.574731" lon="14.439269">
				<ele>456.000000</ele>
			</trkpt>
			<trkpt lat="49.574703" lon="14.439358">
				<ele>457.000000</ele>
			</trkpt>
			<trkpt lat="49.574697" lon="14.439448">
				<ele>458.000000</ele>
			</trkpt>
			<trkpt lat="49.574697" lon="14.439458">
				<ele>458.000000</ele>
			</trkpt>
			<trkpt lat="49.574697" lon="14.439458">
				<ele>458.000000</ele>
			</trkpt>
			<trkpt lat="49.574703" lon="14.439538">
				<ele>459.000000</ele>
			</trkpt>
			<trkpt lat="49.574731" lon="14.439628">
				<ele>460.000000</ele>
			</trkpt>
			<trkpt lat="49.574807" lon="14.439879">
				<ele>461.000000</ele>
			</trkpt>
			<trkpt lat="49.574848" lon="14.440041">
				<ele>463.000000</ele>
			</trkpt>
			<trkpt lat="49.574877" lon="14.440211">
				<ele>464.000000</ele>
			</trkpt>
			<trkpt lat="49.574894" lon="14.440374">
				<ele>466.000000</ele>
			</trkpt>
			<trkpt lat="49.574900" lon="14.440580">
				<ele>467.000000</ele>
			</trkpt>
			<trkpt lat="49.574900" lon="14.441011">
				<ele>471.000000</ele>
			</trkpt>
			<trkpt lat="49.574912" lon="14.441290">
				<ele>472.000000</ele>
			</trkpt>
			<trkpt lat="49.574959" lon="14.441550">
				<ele>474.000000</ele>
			</trkpt>
			<trkpt lat="49.575028" lon="14.441865">
				<ele>476.000000</ele>
			</trkpt>
			<trkpt lat="49.575069" lon="14.441990">
				<ele>477.000000</ele>
			</trkpt>
			<trkpt lat="49.575122" lon="14.442116">
				<ele>479.000000</ele>
			</trkpt>
			<trkpt lat="49.575320" lon="14.442529">
				<ele>482.000000</ele>
			</trkpt>
			<trkpt lat="49.575419" lon="14.442718">
				<ele>484.000000</ele>
			</trkpt>
			<trkpt lat="49.575483" lon="14.442898">
				<ele>486.000000</ele>
			</trkpt>
			<trkpt lat="49.575529" lon="14.443077">
				<ele>486.000000</ele>
			</trkpt>
			<trkpt lat="49.575547" lon="14.443257">
				<ele>486.000000</ele>
			</trkpt>
			<trkpt lat="49.575576" lon="14.443687">
				<ele>487.000000</ele>
			</trkpt>
			<trkpt lat="49.575623" lon="14.444020">
				<ele>488.000000</ele>
			</trkpt>
			<trkpt lat="49.575693" lon="14.444362">
				<ele>489.000000</ele>
			</trkpt>
			<trkpt lat="49.575798" lon="14.444848">
				<ele>490.000000</ele>
			</trkpt>
			<trkpt lat="49.575856" lon="14.445054">
				<ele>491.000000</ele>
			</trkpt>
			<trkpt lat="49.575885" lon="14.445188">
				<ele>492.000000</ele>
			</trkpt>
			<trkpt lat="49.575891" lon="14.445332">
				<ele>493.000000</ele>
			</trkpt>
			<trkpt lat="49.575885" lon="14.445467">
				<ele>493.000000</ele>
			</trkpt>
			<trkpt lat="49.575861" lon="14.445800">
				<ele>492.000000</ele>
			</trkpt>
			<trkpt lat="49.575861" lon="14.446006">
				<ele>493.000000</ele>
			</trkpt>
			<trkpt lat="49.575879" lon="14.446213">
				<ele>494.000000</ele>
			</trkpt>
			<trkpt lat="49.575926" lon="14.446437">
				<ele>494.000000</ele>
			</trkpt>
			<trkpt lat="49.575995" lon="14.446743">
				<ele>496.000000</ele>
			</trkpt>
			<trkpt lat="49.576042" lon="14.447020">
				<ele>497.000000</ele>
			</trkpt>
			<trkpt lat="49.576101" lon="14.447416">
				<ele>499.000000</ele>
			</trkpt>
			<trkpt lat="49.576188" lon="14.448180">
				<ele>503.000000</ele>
			</trkpt>
			<trkpt lat="49.576240" lon="14.448485">
				<ele>505.000000</ele>
			</trkpt>
			<trkpt lat="49.576305" lon="14.448808">
				<ele>507.000000</ele>
			</trkpt>
			<trkpt lat="49.576403" lon="14.449167">
				<ele>508.000000</ele>
			</trkpt>
			<trkpt lat="49.576461" lon="14.449347">
				<ele>508.000000</ele>
			</trkpt>
			<trkpt lat="49.576496" lon="14.449500">
				<ele>508.000000</ele>
			</trkpt>
			<trkpt lat="49.576508" lon="14.449626">
				<ele>508.000000</ele>
			</trkpt>
			<trkpt lat="49.576508" lon="14.449752">
				<ele>508.000000</ele>
			</trkpt>
			<trkpt lat="49.576479" lon="14.449940">
				<ele>507.000000</ele>
			</trkpt>
			<trkpt lat="49.576322" lon="14.450794">
				<ele>502.000000</ele>
			</trkpt>
			<trkpt lat="49.576025" lon="14.452509">
				<ele>493.000000</ele>
			</trkpt>
			<trkpt lat="49.575902" lon="14.453121">
				<ele>490.000000</ele>
			</trkpt>
			<trkpt lat="49.575733" lon="14.453964">
				<ele>489.000000</ele>
			</trkpt>
			<trkpt lat="49.575535" lon="14.454800">
				<ele>488.000000</ele>
			</trkpt>
			<trkpt lat="49.575471" lon="14.455069">
				<ele>487.000000</ele>
			</trkpt>
			<trkpt lat="49.575431" lon="14.455419">
				<ele>485.000000</ele>
			</trkpt>
			<trkpt lat="49.575238" lon="14.456947">
				<ele>476.000000</ele>
			</trkpt>
			<trkpt lat="49.575157" lon="14.457459">
				<ele>473.000000</ele>
			</trkpt>
			<trkpt lat="49.575063" lon="14.457972">
				<ele>471.000000</ele>
			</trkpt>
			<trkpt lat="49.575035" lon="14.458151">
				<ele>470.000000</ele>
			</trkpt>
			<trkpt lat="49.575035" lon="14.458276">
				<ele>469.000000</ele>
			</trkpt>
			<trkpt lat="49.574930" lon="14.458429">
				<ele>469.000000</ele>
			</trkpt>
			<trkpt lat="49.574796" lon="14.458654">
				<ele>469.000000</ele>
			</trkpt>
			<trkpt lat="49.574662" lon="14.458914">
				<ele>469.000000</ele>
			</trkpt>
			<trkpt lat="49.574481" lon="14.459291">
				<ele>471.000000</ele>
			</trkpt>
			<trkpt lat="49.574219" lon="14.459983">
				<ele>474.000000</ele>
			</trkpt>
			<trkpt lat="49.574190" lon="14.460083">
				<ele>474.000000</ele>
			</trkpt>
			<trkpt lat="49.574190" lon="14.460182">
				<ele>473.000000</ele>
			</trkpt>
			<trkpt lat="49.574202" lon="14.460272">
				<ele>472.000000</ele>
			</trkpt>
			<trkpt lat="49.574237" lon="14.460415">
				<ele>472.000000</ele>
			</trkpt>
			<trkpt lat="49.574254" lon="14.460513">
				<ele>471.000000</ele>
			</trkpt>
			<trkpt lat="49.574254" lon="14.460622">
				<ele>471.000000</ele>
			</trkpt>
			<trkpt lat="49.574254" lon="14.460622">
				<ele>471.000000</ele>
			</trkpt>
			<trkpt lat="49.574254" lon="14.460622">
				<ele>471.000000</ele>
			</trkpt>
			<trkpt lat="49.574376" lon="14.460775">
				<ele>469.000000</ele>
			</trkpt>
			<trkpt lat="49.574493" lon="14.460918">
				<ele>468.000000</ele>
			</trkpt>
			<trkpt lat="49.574761" lon="14.461331">
				<ele>465.000000</ele>
			</trkpt>
			<trkpt lat="49.574837" lon="14.461448">
				<ele>463.000000</ele>
			</trkpt>
			<trkpt lat="49.574883" lon="14.461528">
				<ele>463.000000</ele>
			</trkpt>
			<trkpt lat="49.574965" lon="14.461690">
				<ele>462.000000</ele>
			</trkpt>
			<trkpt lat="49.575028" lon="14.461851">
				<ele>461.000000</ele>
			</trkpt>
			<trkpt lat="49.575069" lon="14.462023">
				<ele>460.000000</ele>
			</trkpt>
			<trkpt lat="49.575110" lon="14.462211">
				<ele>460.000000</ele>
			</trkpt>
			<trkpt lat="49.575128" lon="14.462417">
				<ele>462.000000</ele>
			</trkpt>
			<trkpt lat="49.575128" lon="14.462669">
				<ele>463.000000</ele>
			</trkpt>
			<trkpt lat="49.575122" lon="14.463109">
				<ele>468.000000</ele>
			</trkpt>
			<trkpt lat="49.575116" lon="14.463748">
				<ele>472.000000</ele>
			</trkpt>
			<trkpt lat="49.575099" lon="14.463945">
				<ele>473.000000</ele>
			</trkpt>
			<trkpt lat="49.575075" lon="14.464134">
				<ele>474.000000</ele>
			</trkpt>
			<trkpt lat="49.574924" lon="14.464897">
				<ele>477.000000</ele>
			</trkpt>
			<trkpt lat="49.574877" lon="14.465122">
				<ele>477.000000</ele>
			</trkpt>
			<trkpt lat="49.574819" lon="14.465329">
				<ele>476.000000</ele>
			</trkpt>
			<trkpt lat="49.574924" lon="14.465346">
				<ele>479.000000</ele>
			</trkpt>
			<trkpt lat="49.575017" lon="14.465337">
				<ele>481.000000</ele>
			</trkpt>
			<trkpt lat="49.575116" lon="14.465329">
				<ele>482.000000</ele>
			</trkpt>
			<trkpt lat="49.575221" lon="14.465302">
				<ele>482.000000</ele>
			</trkpt>
			<trkpt lat="49.575436" lon="14.465212">
				<ele>484.000000</ele>
			</trkpt>
			<trkpt lat="49.575547" lon="14.465157">
				<ele>484.000000</ele>
			</trkpt>
			<trkpt lat="49.575716" lon="14.465167">
				<ele>486.000000</ele>
			</trkpt>
			<trkpt lat="49.575926" lon="14.465247">
				<ele>488.000000</ele>
			</trkpt>
			<trkpt lat="49.576182" lon="14.465373">
				<ele>492.000000</ele>
			</trkpt>
			<trkpt lat="49.576310" lon="14.465409">
				<ele>494.000000</ele>
			</trkpt>
			<trkpt lat="49.576363" lon="14.465436">
				<ele>495.000000</ele>
			</trkpt>
			<trkpt lat="49.576421" lon="14.465463">
				<ele>495.000000</ele>
			</trkpt>
			<trkpt lat="49.576461" lon="14.465517">
				<ele>495.000000</ele>
			</trkpt>
			<trkpt lat="49.576526" lon="14.465598">
				<ele>495.000000</ele>
			</trkpt>
			<trkpt lat="49.576590" lon="14.465715">
				<ele>495.000000</ele>
			</trkpt>
			<trkpt lat="49.576636" lon="14.465832">
				<ele>495.000000</ele>
			</trkpt>
			<trkpt lat="49.576736" lon="14.466138">
				<ele>493.000000</ele>
			</trkpt>
			<trkpt lat="49.576782" lon="14.466235">
				<ele>492.000000</ele>
			</trkpt>
			<trkpt lat="49.576829" lon="14.466344">
				<ele>492.000000</ele>
			</trkpt>
			<trkpt lat="49.576980" lon="14.466577">
				<ele>491.000000</ele>
			</trkpt>
			<trkpt lat="49.577021" lon="14.466631">
				<ele>491.000000</ele>
			</trkpt>
			<trkpt lat="49.577062" lon="14.466658">
				<ele>490.000000</ele>
			</trkpt>
			<trkpt lat="49.577207" lon="14.466704">
				<ele>489.000000</ele>
			</trkpt>
			<trkpt lat="49.577277" lon="14.466738">
				<ele>489.000000</ele>
			</trkpt>
			<trkpt lat="49.577498" lon="14.466864">
				<ele>488.000000</ele>
			</trkpt>
			<trkpt lat="49.577621" lon="14.466945">
				<ele>487.000000</ele>
			</trkpt>
			<trkpt lat="49.577731" lon="14.467044">
				<ele>487.000000</ele>
			</trkpt>
			<trkpt lat="49.577836" lon="14.467161">
				<ele>487.000000</ele>
			</trkpt>
			<trkpt lat="49.578011" lon="14.467367">
				<ele>487.000000</ele>
			</trkpt>
			<trkpt lat="49.578273" lon="14.467683">
				<ele>488.000000</ele>
			</trkpt>
			<trkpt lat="49.578436" lon="14.467853">
				<ele>487.000000</ele>
			</trkpt>
			<trkpt lat="49.578588" lon="14.467987">
				<ele>487.000000</ele>
			</trkpt>
			<trkpt lat="49.578768" lon="14.468096">
				<ele>487.000000</ele>
			</trkpt>
			<trkpt lat="49.579077" lon="14.468275">
				<ele>488.000000</ele>
			</trkpt>
			<trkpt lat="49.579409" lon="14.468365">
				<ele>487.000000</ele>
			</trkpt>
			<trkpt lat="49.579537" lon="14.468419">
				<ele>488.000000</ele>
			</trkpt>
			<trkpt lat="49.579689" lon="14.468499">
				<ele>488.000000</ele>
			</trkpt>
			<trkpt lat="49.579904" lon="14.468625">
				<ele>489.000000</ele>
			</trkpt>
			<trkpt lat="49.580323" lon="14.468939">
				<ele>491.000000</ele>
			</trkpt>
			<trkpt lat="49.580539" lon="14.469056">
				<ele>491.000000</ele>
			</trkpt>
			<trkpt lat="49.580999" lon="14.469236">
				<ele>494.000000</ele>
			</trkpt>
			<trkpt lat="49.581186" lon="14.469317">
				<ele>497.000000</ele>
			</trkpt>
			<trkpt lat="49.581383" lon="14.469425">
				<ele>500.000000</ele>
			</trkpt>
			<trkpt lat="49.581517" lon="14.469478">
				<ele>501.000000</ele>
			</trkpt>
			<trkpt lat="49.581564" lon="14.469488">
				<ele>502.000000</ele>
			</trkpt>
			<trkpt lat="49.581663" lon="14.469505">
				<ele>503.000000</ele>
			</trkpt>
			<trkpt lat="49.581715" lon="14.469488">
				<ele>504.000000</ele>
			</trkpt>
			<trkpt lat="49.581780" lon="14.469470">
				<ele>504.000000</ele>
			</trkpt>
			<trkpt lat="49.581826" lon="14.469443">
				<ele>504.000000</ele>
			</trkpt>
			<trkpt lat="49.581896" lon="14.469371">
				<ele>505.000000</ele>
			</trkpt>
			<trkpt lat="49.581960" lon="14.469317">
				<ele>505.000000</ele>
			</trkpt>
			<trkpt lat="49.582030" lon="14.469264">
				<ele>506.000000</ele>
			</trkpt>
			<trkpt lat="49.582094" lon="14.469191">
				<ele>507.000000</ele>
			</trkpt>
			<trkpt lat="49.582164" lon="14.469111">
				<ele>508.000000</ele>
			</trkpt>
			<trkpt lat="49.582315" lon="14.468994">
				<ele>511.000000</ele>
			</trkpt>
			<trkpt lat="49.582508" lon="14.468895">
				<ele>514.000000</ele>
			</trkpt>
			<trkpt lat="49.582729" lon="14.468822">
				<ele>516.000000</ele>
			</trkpt>
			<trkpt lat="49.582938" lon="14.468788">
				<ele>516.000000</ele>
			</trkpt>
			<trkpt lat="49.583341" lon="14.468706">
				<ele>517.000000</ele>
			</trkpt>
			<trkpt lat="49.583515" lon="14.468652">
				<ele>517.000000</ele>
			</trkpt>
			<trkpt lat="49.583538" lon="14.469012">
				<ele>520.000000</ele>
			</trkpt>
			<trkpt lat="49.583567" lon="14.469299">
				<ele>521.000000</ele>
			</trkpt>
			<trkpt lat="49.583608" lon="14.469578">
				<ele>522.000000</ele>
			</trkpt>
			<trkpt lat="49.583643" lon="14.469784">
				<ele>522.000000</ele>
			</trkpt>
			<trkpt lat="49.583725" lon="14.470161">
				<ele>519.000000</ele>
			</trkpt>
			<trkpt lat="49.583731" lon="14.470161">
				<ele>519.000000</ele>
			</trkpt>
			<trkpt lat="49.583731" lon="14.470161">
				<ele>519.000000</ele>
			</trkpt>
			<trkpt lat="49.583958" lon="14.470143">
				<ele>519.000000</ele>
			</trkpt>
			<trkpt lat="49.584336" lon="14.470134">
				<ele>523.000000</ele>
			</trkpt>
			<trkpt lat="49.584534" lon="14.470126">
				<ele>528.000000</ele>
			</trkpt>
			<trkpt lat="49.584744" lon="14.470080">
				<ele>530.000000</ele>
			</trkpt>
			<trkpt lat="49.584896" lon="14.470063">
				<ele>530.000000</ele>
			</trkpt>
			<trkpt lat="49.584977" lon="14.470063">
				<ele>530.000000</ele>
			</trkpt>
			<trkpt lat="49.585029" lon="14.470090">
				<ele>530.000000</ele>
			</trkpt>
			<trkpt lat="49.585105" lon="14.470126">
				<ele>532.000000</ele>
			</trkpt>
			<trkpt lat="49.585158" lon="14.470188">
				<ele>534.000000</ele>
			</trkpt>
			<trkpt lat="49.585210" lon="14.470243">
				<ele>534.000000</ele>
			</trkpt>
			<trkpt lat="49.585262" lon="14.470323">
				<ele>533.000000</ele>
			</trkpt>
			<trkpt lat="49.585262" lon="14.470323">
				<ele>533.000000</ele>
			</trkpt>
			<trkpt lat="49.585210" lon="14.470243">
				<ele>534.000000</ele>
			</trkpt>
			<trkpt lat="49.585158" lon="14.470188">
				<ele>534.000000</ele>
			</trkpt>
			<trkpt lat="49.585105" lon="14.470126">
				<ele>532.000000</ele>
			</trkpt>
			<trkpt lat="49.585029" lon="14.470090">
				<ele>530.000000</ele>
			</trkpt>
			<trkpt lat="49.584977" lon="14.470063">
				<ele>530.000000</ele>
			</trkpt>
			<trkpt lat="49.584896" lon="14.470063">
				<ele>530.000000</ele>
			</trkpt>
			<trkpt lat="49.584744" lon="14.470080">
				<ele>530.000000</ele>
			</trkpt>
			<trkpt lat="49.584534" lon="14.470126">
				<ele>528.000000</ele>
			</trkpt>
			<trkpt lat="49.584336" lon="14.470134">
				<ele>523.000000</ele>
			</trkpt>
			<trkpt lat="49.583958" lon="14.470143">
				<ele>519.000000</ele>
			</trkpt>
			<trkpt lat="49.583725" lon="14.470161">
				<ele>519.000000</ele>
			</trkpt>
			<trkpt lat="49.583899" lon="14.471042">
				<ele>510.000000</ele>
			</trkpt>
			<trkpt lat="49.583975" lon="14.471428">
				<ele>506.000000</ele>
			</trkpt>
			<trkpt lat="49.584057" lon="14.471706">
				<ele>504.000000</ele>
			</trkpt>
			<trkpt lat="49.584103" lon="14.471814">
				<ele>502.000000</ele>
			</trkpt>
			<trkpt lat="49.584156" lon="14.471941">
				<ele>501.000000</ele>
			</trkpt>
			<trkpt lat="49.584284" lon="14.472155">
				<ele>498.000000</ele>
			</trkpt>
			<trkpt lat="49.584476" lon="14.472461">
				<ele>495.000000</ele>
			</trkpt>
			<trkpt lat="49.584564" lon="14.472623">
				<ele>494.000000</ele>
			</trkpt>
			<trkpt lat="49.584645" lon="14.472803">
				<ele>492.000000</ele>
			</trkpt>
			<trkpt lat="49.584709" lon="14.473009">
				<ele>490.000000</ele>
			</trkpt>
			<trkpt lat="49.584750" lon="14.473189">
				<ele>488.000000</ele>
			</trkpt>
			<trkpt lat="49.584773" lon="14.473369">
				<ele>486.000000</ele>
			</trkpt>
			<trkpt lat="49.584785" lon="14.473549">
				<ele>484.000000</ele>
			</trkpt>
			<trkpt lat="49.584796" lon="14.473880">
				<ele>480.000000</ele>
			</trkpt>
			<trkpt lat="49.584825" lon="14.474365">
				<ele>475.000000</ele>
			</trkpt>
			<trkpt lat="49.584855" lon="14.474725">
				<ele>471.000000</ele>
			</trkpt>
			<trkpt lat="49.584901" lon="14.475084">
				<ele>467.000000</ele>
			</trkpt>
			<trkpt lat="49.584983" lon="14.475516">
				<ele>463.000000</ele>
			</trkpt>
			<trkpt lat="49.585029" lon="14.475722">
				<ele>461.000000</ele>
			</trkpt>
			<trkpt lat="49.585065" lon="14.475847">
				<ele>460.000000</ele>
			</trkpt>
			<trkpt lat="49.585128" lon="14.475956">
				<ele>459.000000</ele>
			</trkpt>
			<trkpt lat="49.585222" lon="14.476046">
				<ele>457.000000</ele>
			</trkpt>
			<trkpt lat="49.585419" lon="14.476243">
				<ele>454.000000</ele>
			</trkpt>
			<trkpt lat="49.585525" lon="14.476359">
				<ele>452.000000</ele>
			</trkpt>
			<trkpt lat="49.585571" lon="14.476449">
				<ele>451.000000</ele>
			</trkpt>
			<trkpt lat="49.585600" lon="14.476530">
				<ele>450.000000</ele>
			</trkpt>
			<trkpt lat="49.585629" lon="14.476612">
				<ele>449.000000</ele>
			</trkpt>
			<trkpt lat="49.585647" lon="14.476710">
				<ele>448.000000</ele>
			</trkpt>
			<trkpt lat="49.585519" lon="14.476889">
				<ele>448.000000</ele>
			</trkpt>
			<trkpt lat="49.585326" lon="14.477249">
				<ele>447.000000</ele>
			</trkpt>
			<trkpt lat="49.585250" lon="14.477348">
				<ele>447.000000</ele>
			</trkpt>
			<trkpt lat="49.585181" lon="14.477428">
				<ele>447.000000</ele>
			</trkpt>
			<trkpt lat="49.585100" lon="14.477554">
				<ele>446.000000</ele>
			</trkpt>
			<trkpt lat="49.585059" lon="14.477654">
				<ele>446.000000</ele>
			</trkpt>
			<trkpt lat="49.585035" lon="14.477725">
				<ele>446.000000</ele>
			</trkpt>
			<trkpt lat="49.585029" lon="14.477797">
				<ele>446.000000</ele>
			</trkpt>
			<trkpt lat="49.585041" lon="14.477860">
				<ele>445.000000</ele>
			</trkpt>
			<trkpt lat="49.585059" lon="14.477931">
				<ele>445.000000</ele>
			</trkpt>
			<trkpt lat="49.585350" lon="14.478786">
				<ele>440.000000</ele>
			</trkpt>
			<trkpt lat="49.585484" lon="14.479243">
				<ele>436.000000</ele>
			</trkpt>
			<trkpt lat="49.585035" lon="14.479415">
				<ele>436.000000</ele>
			</trkpt>
			<trkpt lat="49.583970" lon="14.479801">
				<ele>432.000000</ele>
			</trkpt>
			<trkpt lat="49.582898" lon="14.480214">
				<ele>432.000000</ele>
			</trkpt>
			<trkpt lat="49.582333" lon="14.480394">
				<ele>433.000000</ele>
			</trkpt>
			<trkpt lat="49.582083" lon="14.480510">
				<ele>432.000000</ele>
			</trkpt>
			<trkpt lat="49.581517" lon="14.480878">
				<ele>434.000000</ele>
			</trkpt>
			<trkpt lat="49.581238" lon="14.481040">
				<ele>435.000000</ele>
			</trkpt>
			<trkpt lat="49.580748" lon="14.481409">
				<ele>438.000000</ele>
			</trkpt>
			<trkpt lat="49.580685" lon="14.481462">
				<ele>439.000000</ele>
			</trkpt>
			<trkpt lat="49.580620" lon="14.481533">
				<ele>439.000000</ele>
			</trkpt>
			<trkpt lat="49.580574" lon="14.481606">
				<ele>439.000000</ele>
			</trkpt>
			<trkpt lat="49.580539" lon="14.481686">
				<ele>439.000000</ele>
			</trkpt>
			<trkpt lat="49.580504" lon="14.481768">
				<ele>438.000000</ele>
			</trkpt>
			<trkpt lat="49.580481" lon="14.481885">
				<ele>438.000000</ele>
			</trkpt>
			<trkpt lat="49.580411" lon="14.482244">
				<ele>438.000000</ele>
			</trkpt>
			<trkpt lat="49.580271" lon="14.483447">
				<ele>434.000000</ele>
			</trkpt>
			<trkpt lat="49.580242" lon="14.483556">
				<ele>435.000000</ele>
			</trkpt>
			<trkpt lat="49.580219" lon="14.483673">
				<ele>434.000000</ele>
			</trkpt>
			<trkpt lat="49.580172" lon="14.483753">
				<ele>434.000000</ele>
			</trkpt>
			<trkpt lat="49.580125" lon="14.483825">
				<ele>434.000000</ele>
			</trkpt>
			<trkpt lat="49.580073" lon="14.483896">
				<ele>434.000000</ele>
			</trkpt>
			<trkpt lat="49.580003" lon="14.483950">
				<ele>433.000000</ele>
			</trkpt>
			<trkpt lat="49.579922" lon="14.483996">
				<ele>433.000000</ele>
			</trkpt>
			<trkpt lat="49.579834" lon="14.484032">
				<ele>432.000000</ele>
			</trkpt>
			<trkpt lat="49.579124" lon="14.484238">
				<ele>429.000000</ele>
			</trkpt>
			<trkpt lat="49.578786" lon="14.484346">
				<ele>428.000000</ele>
			</trkpt>
			<trkpt lat="49.578786" lon="14.484346">
				<ele>428.000000</ele>
			</trkpt>
			<trkpt lat="49.578780" lon="14.484346">
				<ele>428.000000</ele>
			</trkpt>
			<trkpt lat="49.578815" lon="14.484499">
				<ele>427.000000</ele>
			</trkpt>
			<trkpt lat="49.578838" lon="14.484552">
				<ele>427.000000</ele>
			</trkpt>
			<trkpt lat="49.579327" lon="14.485631">
				<ele>415.000000</ele>
			</trkpt>
			<trkpt lat="49.579380" lon="14.485757">
				<ele>414.000000</ele>
			</trkpt>
			<trkpt lat="49.579455" lon="14.486017">
				<ele>413.000000</ele>
			</trkpt>
			<trkpt lat="49.579508" lon="14.486143">
				<ele>412.000000</ele>
			</trkpt>
			<trkpt lat="49.579782" lon="14.486619">
				<ele>411.000000</ele>
			</trkpt>
			<trkpt lat="49.579822" lon="14.486736">
				<ele>412.000000</ele>
			</trkpt>
			<trkpt lat="49.579846" lon="14.486789">
				<ele>412.000000</ele>
			</trkpt>
			<trkpt lat="49.579846" lon="14.486852">
				<ele>413.000000</ele>
			</trkpt>
			<trkpt lat="49.579834" lon="14.486996">
				<ele>413.000000</ele>
			</trkpt>
			<trkpt lat="49.579799" lon="14.487122">
				<ele>414.000000</ele>
			</trkpt>
			<trkpt lat="49.579746" lon="14.487229">
				<ele>414.000000</ele>
			</trkpt>
			<trkpt lat="49.579427" lon="14.487688">
				<ele>416.000000</ele>
			</trkpt>
			<trkpt lat="49.579351" lon="14.487786">
				<ele>416.000000</ele>
			</trkpt>
			<trkpt lat="49.579299" lon="14.487885">
				<ele>416.000000</ele>
			</trkpt>
			<trkpt lat="49.579246" lon="14.487994">
				<ele>417.000000</ele>
			</trkpt>
			<trkpt lat="49.579176" lon="14.488145">
				<ele>418.000000</ele>
			</trkpt>
			<trkpt lat="49.579024" lon="14.488514">
				<ele>419.000000</ele>
			</trkpt>
			<trkpt lat="49.578844" lon="14.488847">
				<ele>420.000000</ele>
			</trkpt>
			<trkpt lat="49.578646" lon="14.489152">
				<ele>421.000000</ele>
			</trkpt>
			<trkpt lat="49.578291" lon="14.489655">
				<ele>423.000000</ele>
			</trkpt>
			<trkpt lat="49.578221" lon="14.489789">
				<ele>424.000000</ele>
			</trkpt>
			<trkpt lat="49.578168" lon="14.489933">
				<ele>424.000000</ele>
			</trkpt>
			<trkpt lat="49.577953" lon="14.490139">
				<ele>425.000000</ele>
			</trkpt>
			<trkpt lat="49.577807" lon="14.490265">
				<ele>424.000000</ele>
			</trkpt>
			<trkpt lat="49.577621" lon="14.490464">
				<ele>425.000000</ele>
			</trkpt>
			<trkpt lat="49.577376" lon="14.490715">
				<ele>425.000000</ele>
			</trkpt>
			<trkpt lat="49.577085" lon="14.491038">
				<ele>425.000000</ele>
			</trkpt>
			<trkpt lat="49.576834" lon="14.491353">
				<ele>424.000000</ele>
			</trkpt>
			<trkpt lat="49.576700" lon="14.491523">
				<ele>424.000000</ele>
			</trkpt>
			<trkpt lat="49.576485" lon="14.491856">
				<ele>424.000000</ele>
			</trkpt>
			<trkpt lat="49.576392" lon="14.491955">
				<ele>422.000000</ele>
			</trkpt>
			<trkpt lat="49.576299" lon="14.492026">
				<ele>423.000000</ele>
			</trkpt>
			<trkpt lat="49.576101" lon="14.492126">
				<ele>423.000000</ele>
			</trkpt>
			<trkpt lat="49.575926" lon="14.492179">
				<ele>423.000000</ele>
			</trkpt>
			<trkpt lat="49.575594" lon="14.492349">
				<ele>423.000000</ele>
			</trkpt>
			<trkpt lat="49.575378" lon="14.492476">
				<ele>423.000000</ele>
			</trkpt>
			<trkpt lat="49.575145" lon="14.492628">
				<ele>423.000000</ele>
			</trkpt>
			<trkpt lat="49.575087" lon="14.492673">
				<ele>423.000000</ele>
			</trkpt>
			<trkpt lat="49.575006" lon="14.492700">
				<ele>423.000000</ele>
			</trkpt>
			<trkpt lat="49.574731" lon="14.492763">
				<ele>422.000000</ele>
			</trkpt>
			<trkpt lat="49.574499" lon="14.492665">
				<ele>421.000000</ele>
			</trkpt>
			<trkpt lat="49.574347" lon="14.492638">
				<ele>421.000000</ele>
			</trkpt>
			<trkpt lat="49.574248" lon="14.492628">
				<ele>421.000000</ele>
			</trkpt>
			<trkpt lat="49.574167" lon="14.492655">
				<ele>421.000000</ele>
			</trkpt>
			<trkpt lat="49.574079" lon="14.492682">
				<ele>421.000000</ele>
			</trkpt>
			<trkpt lat="49.573968" lon="14.492754">
				<ele>422.000000</ele>
			</trkpt>
			<trkpt lat="49.573916" lon="14.492799">
				<ele>422.000000</ele>
			</trkpt>
			<trkpt lat="49.573852" lon="14.492852">
				<ele>422.000000</ele>
			</trkpt>
			<trkpt lat="49.573811" lon="14.492988">
				<ele>422.000000</ele>
			</trkpt>
			<trkpt lat="49.573753" lon="14.493141">
				<ele>422.000000</ele>
			</trkpt>
			<trkpt lat="49.573701" lon="14.493257">
				<ele>422.000000</ele>
			</trkpt>
			<trkpt lat="49.573636" lon="14.493383">
				<ele>423.000000</ele>
			</trkpt>
			<trkpt lat="49.573485" lon="14.493590">
				<ele>423.000000</ele>
			</trkpt>
			<trkpt lat="49.573217" lon="14.493913">
				<ele>424.000000</ele>
			</trkpt>
			<trkpt lat="49.573118" lon="14.494020">
				<ele>424.000000</ele>
			</trkpt>
			<trkpt lat="49.572995" lon="14.494164">
				<ele>425.000000</ele>
			</trkpt>
			<trkpt lat="49.572867" lon="14.494290">
				<ele>425.000000</ele>
			</trkpt>
			<trkpt lat="49.572733" lon="14.494389">
				<ele>425.000000</ele>
			</trkpt>
			<trkpt lat="49.572483" lon="14.494569">
				<ele>425.000000</ele>
			</trkpt>
			<trkpt lat="49.572396" lon="14.494623">
				<ele>426.000000</ele>
			</trkpt>
			<trkpt lat="49.572303" lon="14.494703">
				<ele>426.000000</ele>
			</trkpt>
			<trkpt lat="49.572232" lon="14.494793">
				<ele>426.000000</ele>
			</trkpt>
			<trkpt lat="49.572180" lon="14.494892">
				<ele>427.000000</ele>
			</trkpt>
			<trkpt lat="49.572134" lon="14.494982">
				<ele>427.000000</ele>
			</trkpt>
			<trkpt lat="49.572110" lon="14.495081">
				<ele>428.000000</ele>
			</trkpt>
			<trkpt lat="49.572075" lon="14.495233">
				<ele>429.000000</ele>
			</trkpt>
			<trkpt lat="49.572041" lon="14.495439">
				<ele>431.000000</ele>
			</trkpt>
			<trkpt lat="49.572041" lon="14.495439">
				<ele>431.000000</ele>
			</trkpt>
			<trkpt lat="49.572041" lon="14.495439">
				<ele>431.000000</ele>
			</trkpt>
			<trkpt lat="49.572041" lon="14.495439">
				<ele>431.000000</ele>
			</trkpt>
			<trkpt lat="49.571976" lon="14.495737">
				<ele>432.000000</ele>
			</trkpt>
			<trkpt lat="49.571970" lon="14.495915">
				<ele>434.000000</ele>
			</trkpt>
			<trkpt lat="49.571941" lon="14.496078">
				<ele>435.000000</ele>
			</trkpt>
			<trkpt lat="49.571837" lon="14.496634">
				<ele>439.000000</ele>
			</trkpt>
			<trkpt lat="49.571796" lon="14.496923">
				<ele>442.000000</ele>
			</trkpt>
			<trkpt lat="49.571749" lon="14.497165">
				<ele>445.000000</ele>
			</trkpt>
			<trkpt lat="49.571703" lon="14.497317">
				<ele>446.000000</ele>
			</trkpt>
			<trkpt lat="49.571662" lon="14.497452">
				<ele>446.000000</ele>
			</trkpt>
			<trkpt lat="49.571627" lon="14.497552">
				<ele>447.000000</ele>
			</trkpt>
			<trkpt lat="49.571609" lon="14.497659">
				<ele>447.000000</ele>
			</trkpt>
			<trkpt lat="49.571597" lon="14.497812">
				<ele>447.000000</ele>
			</trkpt>
			<trkpt lat="49.571568" lon="14.498476">
				<ele>451.000000</ele>
			</trkpt>
			<trkpt lat="49.571568" lon="14.498728">
				<ele>452.000000</ele>
			</trkpt>
			<trkpt lat="49.571597" lon="14.498988">
				<ele>454.000000</ele>
			</trkpt>
			<trkpt lat="49.571650" lon="14.499420">
				<ele>458.000000</ele>
			</trkpt>
			<trkpt lat="49.571668" lon="14.499726">
				<ele>460.000000</ele>
			</trkpt>
			<trkpt lat="49.571662" lon="14.499842">
				<ele>460.000000</ele>
			</trkpt>
			<trkpt lat="49.571656" lon="14.499995">
				<ele>462.000000</ele>
			</trkpt>
			<trkpt lat="49.571627" lon="14.500300">
				<ele>463.000000</ele>
			</trkpt>
			<trkpt lat="49.571627" lon="14.500426">
				<ele>463.000000</ele>
			</trkpt>
			<trkpt lat="49.571638" lon="14.500552">
				<ele>464.000000</ele>
			</trkpt>
			<trkpt lat="49.571703" lon="14.501162">
				<ele>468.000000</ele>
			</trkpt>
			<trkpt lat="49.571743" lon="14.501603">
				<ele>470.000000</ele>
			</trkpt>
			<trkpt lat="49.571766" lon="14.501854">
				<ele>470.000000</ele>
			</trkpt>
			<trkpt lat="49.571807" lon="14.502016">
				<ele>471.000000</ele>
			</trkpt>
			<trkpt lat="49.571889" lon="14.502330">
				<ele>471.000000</ele>
			</trkpt>
			<trkpt lat="49.571935" lon="14.502510">
				<ele>472.000000</ele>
			</trkpt>
			<trkpt lat="49.571953" lon="14.502609">
				<ele>472.000000</ele>
			</trkpt>
			<trkpt lat="49.571953" lon="14.502689">
				<ele>472.000000</ele>
			</trkpt>
			<trkpt lat="49.571953" lon="14.502789">
				<ele>472.000000</ele>
			</trkpt>
			<trkpt lat="49.571947" lon="14.502913">
				<ele>472.000000</ele>
			</trkpt>
			<trkpt lat="49.571894" lon="14.503219">
				<ele>472.000000</ele>
			</trkpt>
			<trkpt lat="49.571865" lon="14.503345">
				<ele>472.000000</ele>
			</trkpt>
			<trkpt lat="49.571819" lon="14.503471">
				<ele>472.000000</ele>
			</trkpt>
			<trkpt lat="49.571562" lon="14.504217">
				<ele>472.000000</ele>
			</trkpt>
			<trkpt lat="49.571376" lon="14.504783">
				<ele>472.000000</ele>
			</trkpt>
			<trkpt lat="49.571202" lon="14.505357">
				<ele>472.000000</ele>
			</trkpt>
			<trkpt lat="49.570998" lon="14.506094">
				<ele>472.000000</ele>
			</trkpt>
			<trkpt lat="49.570933" lon="14.506328">
				<ele>472.000000</ele>
			</trkpt>
			<trkpt lat="49.570829" lon="14.506795">
				<ele>471.000000</ele>
			</trkpt>
			<trkpt lat="49.570747" lon="14.507073">
				<ele>471.000000</ele>
			</trkpt>
			<trkpt lat="49.570677" lon="14.507280">
				<ele>470.000000</ele>
			</trkpt>
			<trkpt lat="49.570287" lon="14.508142">
				<ele>467.000000</ele>
			</trkpt>
			<trkpt lat="49.570205" lon="14.508295">
				<ele>466.000000</ele>
			</trkpt>
			<trkpt lat="49.570060" lon="14.508466">
				<ele>466.000000</ele>
			</trkpt>
			<trkpt lat="49.570019" lon="14.508519">
				<ele>466.000000</ele>
			</trkpt>
			<trkpt lat="49.569984" lon="14.508573">
				<ele>465.000000</ele>
			</trkpt>
			<trkpt lat="49.569960" lon="14.508645">
				<ele>464.000000</ele>
			</trkpt>
			<trkpt lat="49.569943" lon="14.508726">
				<ele>464.000000</ele>
			</trkpt>
			<trkpt lat="49.569867" lon="14.509158">
				<ele>460.000000</ele>
			</trkpt>
			<trkpt lat="49.569815" lon="14.509463">
				<ele>458.000000</ele>
			</trkpt>
			<trkpt lat="49.569785" lon="14.509660">
				<ele>456.000000</ele>
			</trkpt>
			<trkpt lat="49.569785" lon="14.509813">
				<ele>455.000000</ele>
			</trkpt>
			<trkpt lat="49.569791" lon="14.509947">
				<ele>454.000000</ele>
			</trkpt>
			<trkpt lat="49.569809" lon="14.510056">
				<ele>453.000000</ele>
			</trkpt>
			<trkpt lat="49.569832" lon="14.510137">
				<ele>452.000000</ele>
			</trkpt>
			<trkpt lat="49.569891" lon="14.510236">
				<ele>452.000000</ele>
			</trkpt>
			<trkpt lat="49.569926" lon="14.510316">
				<ele>451.000000</ele>
			</trkpt>
			<trkpt lat="49.569954" lon="14.510415">
				<ele>450.000000</ele>
			</trkpt>
			<trkpt lat="49.569954" lon="14.510540">
				<ele>449.000000</ele>
			</trkpt>
			<trkpt lat="49.569926" lon="14.510666">
				<ele>449.000000</ele>
			</trkpt>
			<trkpt lat="49.569821" lon="14.511079">
				<ele>448.000000</ele>
			</trkpt>
			<trkpt lat="49.569821" lon="14.511079">
				<ele>448.000000</ele>
			</trkpt>
			<trkpt lat="49.569821" lon="14.511079">
				<ele>448.000000</ele>
			</trkpt>
			<trkpt lat="49.569821" lon="14.511079">
				<ele>448.000000</ele>
			</trkpt>
			<trkpt lat="49.569932" lon="14.511745">
				<ele>447.000000</ele>
			</trkpt>
			<trkpt lat="49.569978" lon="14.512113">
				<ele>446.000000</ele>
			</trkpt>
			<trkpt lat="49.569990" lon="14.512310">
				<ele>446.000000</ele>
			</trkpt>
			<trkpt lat="49.569995" lon="14.512490">
				<ele>446.000000</ele>
			</trkpt>
			<trkpt lat="49.570001" lon="14.512724">
				<ele>446.000000</ele>
			</trkpt>
			<trkpt lat="49.569984" lon="14.512930">
				<ele>445.000000</ele>
			</trkpt>
			<trkpt lat="49.569966" lon="14.513280">
				<ele>445.000000</ele>
			</trkpt>
			<trkpt lat="49.569949" lon="14.513513">
				<ele>444.000000</ele>
			</trkpt>
			<trkpt lat="49.569949" lon="14.513712">
				<ele>444.000000</ele>
			</trkpt>
			<trkpt lat="49.569966" lon="14.513901">
				<ele>443.000000</ele>
			</trkpt>
			<trkpt lat="49.569984" lon="14.514079">
				<ele>442.000000</ele>
			</trkpt>
			<trkpt lat="49.570025" lon="14.514278">
				<ele>441.000000</ele>
			</trkpt>
			<trkpt lat="49.570071" lon="14.514467">
				<ele>440.000000</ele>
			</trkpt>
			<trkpt lat="49.570123" lon="14.514645">
				<ele>438.000000</ele>
			</trkpt>
			<trkpt lat="49.570205" lon="14.514853">
				<ele>437.000000</ele>
			</trkpt>
			<trkpt lat="49.570386" lon="14.515239">
				<ele>435.000000</ele>
			</trkpt>
			<trkpt lat="49.570450" lon="14.515419">
				<ele>433.000000</ele>
			</trkpt>
			<trkpt lat="49.570479" lon="14.515544">
				<ele>433.000000</ele>
			</trkpt>
			<trkpt lat="49.570485" lon="14.515634">
				<ele>433.000000</ele>
			</trkpt>
			<trkpt lat="49.570496" lon="14.515777">
				<ele>432.000000</ele>
			</trkpt>
			<trkpt lat="49.570491" lon="14.515903">
				<ele>432.000000</ele>
			</trkpt>
			<trkpt lat="49.570409" lon="14.516721">
				<ele>429.000000</ele>
			</trkpt>
			<trkpt lat="49.570392" lon="14.516991">
				<ele>428.000000</ele>
			</trkpt>
			<trkpt lat="49.570386" lon="14.517260">
				<ele>427.000000</ele>
			</trkpt>
			<trkpt lat="49.570386" lon="14.517521">
				<ele>426.000000</ele>
			</trkpt>
			<trkpt lat="49.570398" lon="14.517808">
				<ele>425.000000</ele>
			</trkpt>
			<trkpt lat="49.570426" lon="14.518113">
				<ele>423.000000</ele>
			</trkpt>
			<trkpt lat="49.570461" lon="14.518374">
				<ele>422.000000</ele>
			</trkpt>
			<trkpt lat="49.570572" lon="14.519165">
				<ele>419.000000</ele>
			</trkpt>
			<trkpt lat="49.570665" lon="14.519731">
				<ele>418.000000</ele>
			</trkpt>
			<trkpt lat="49.570793" lon="14.520297">
				<ele>415.000000</ele>
			</trkpt>
			<trkpt lat="49.570968" lon="14.520997">
				<ele>413.000000</ele>
			</trkpt>
			<trkpt lat="49.571021" lon="14.521257">
				<ele>413.000000</ele>
			</trkpt>
			<trkpt lat="49.571033" lon="14.521375">
				<ele>413.000000</ele>
			</trkpt>
			<trkpt lat="49.571044" lon="14.521482">
				<ele>412.000000</ele>
			</trkpt>
			<trkpt lat="49.571178" lon="14.521509">
				<ele>412.000000</ele>
			</trkpt>
			<trkpt lat="49.571230" lon="14.521536">
				<ele>412.000000</ele>
			</trkpt>
			<trkpt lat="49.571295" lon="14.521582">
				<ele>412.000000</ele>
			</trkpt>
			<trkpt lat="49.571406" lon="14.521689">
				<ele>411.000000</ele>
			</trkpt>
			<trkpt lat="49.571493" lon="14.521823">
				<ele>411.000000</ele>
			</trkpt>
			<trkpt lat="49.571574" lon="14.521958">
				<ele>410.000000</ele>
			</trkpt>
			<trkpt lat="49.571673" lon="14.522209">
				<ele>410.000000</ele>
			</trkpt>
			<trkpt lat="49.572046" lon="14.523161">
				<ele>409.000000</ele>
			</trkpt>
			<trkpt lat="49.572320" lon="14.523935">
				<ele>410.000000</ele>
			</trkpt>
			<trkpt lat="49.572605" lon="14.524769">
				<ele>411.000000</ele>
			</trkpt>
			<trkpt lat="49.572902" lon="14.525767">
				<ele>411.000000</ele>
			</trkpt>
			<trkpt lat="49.572978" lon="14.525874">
				<ele>411.000000</ele>
			</trkpt>
			<trkpt lat="49.573095" lon="14.526109">
				<ele>410.000000</ele>
			</trkpt>
			<trkpt lat="49.573223" lon="14.526342">
				<ele>410.000000</ele>
			</trkpt>
			<trkpt lat="49.573328" lon="14.526513">
				<ele>409.000000</ele>
			</trkpt>
			<trkpt lat="49.573467" lon="14.526675">
				<ele>409.000000</ele>
			</trkpt>
			<trkpt lat="49.573508" lon="14.526729">
				<ele>409.000000</ele>
			</trkpt>
			<trkpt lat="49.573549" lon="14.526800">
				<ele>409.000000</ele>
			</trkpt>
			<trkpt lat="49.573572" lon="14.526882">
				<ele>409.000000</ele>
			</trkpt>
			<trkpt lat="49.573590" lon="14.526989">
				<ele>409.000000</ele>
			</trkpt>
			<trkpt lat="49.573630" lon="14.527115">
				<ele>408.000000</ele>
			</trkpt>
			<trkpt lat="49.573695" lon="14.527241">
				<ele>408.000000</ele>
			</trkpt>
			<trkpt lat="49.573940" lon="14.527582">
				<ele>407.000000</ele>
			</trkpt>
			<trkpt lat="49.573980" lon="14.527635">
				<ele>406.000000</ele>
			</trkpt>
			<trkpt lat="49.574027" lon="14.527761">
				<ele>406.000000</ele>
			</trkpt>
			<trkpt lat="49.573992" lon="14.527815">
				<ele>406.000000</ele>
			</trkpt>
			<trkpt lat="49.573963" lon="14.527869">
				<ele>406.000000</ele>
			</trkpt>
			<trkpt lat="49.573927" lon="14.528013">
				<ele>407.000000</ele>
			</trkpt>
			<trkpt lat="49.573817" lon="14.528597">
				<ele>407.000000</ele>
			</trkpt>
			<trkpt lat="49.573602" lon="14.529593">
				<ele>409.000000</ele>
			</trkpt>
			<trkpt lat="49.573363" lon="14.530780">
				<ele>409.000000</ele>
			</trkpt>
			<trkpt lat="49.573270" lon="14.531229">
				<ele>409.000000</ele>
			</trkpt>
			<trkpt lat="49.573182" lon="14.531597">
				<ele>408.000000</ele>
			</trkpt>
			<trkpt lat="49.573136" lon="14.531750">
				<ele>409.000000</ele>
			</trkpt>
			<trkpt lat="49.573106" lon="14.531920">
				<ele>408.000000</ele>
			</trkpt>
			<trkpt lat="49.573089" lon="14.532100">
				<ele>408.000000</ele>
			</trkpt>
			<trkpt lat="49.573054" lon="14.532253">
				<ele>409.000000</ele>
			</trkpt>
			<trkpt lat="49.573001" lon="14.532406">
				<ele>409.000000</ele>
			</trkpt>
			<trkpt lat="49.572967" lon="14.532558">
				<ele>409.000000</ele>
			</trkpt>
			<trkpt lat="49.572949" lon="14.532666">
				<ele>409.000000</ele>
			</trkpt>
			<trkpt lat="49.572943" lon="14.532792">
				<ele>408.000000</ele>
			</trkpt>
			<trkpt lat="49.572943" lon="14.532945">
				<ele>408.000000</ele>
			</trkpt>
			<trkpt lat="49.572967" lon="14.532954">
				<ele>408.000000</ele>
			</trkpt>
			<trkpt lat="49.572967" lon="14.532954">
				<ele>408.000000</ele>
			</trkpt>
			<trkpt lat="49.572943" lon="14.532945">
				<ele>408.000000</ele>
			</trkpt>
			<trkpt lat="49.572745" lon="14.532918">
				<ele>408.000000</ele>
			</trkpt>
			<trkpt lat="49.572570" lon="14.532882">
				<ele>408.000000</ele>
			</trkpt>
			<trkpt lat="49.572431" lon="14.532837">
				<ele>408.000000</ele>
			</trkpt>
			<trkpt lat="49.572285" lon="14.532774">
				<ele>407.000000</ele>
			</trkpt>
			<trkpt lat="49.572197" lon="14.532855">
				<ele>407.000000</ele>
			</trkpt>
			<trkpt lat="49.572116" lon="14.532908">
				<ele>407.000000</ele>
			</trkpt>
			<trkpt lat="49.571924" lon="14.533008">
				<ele>406.000000</ele>
			</trkpt>
			<trkpt lat="49.571551" lon="14.533205">
				<ele>402.000000</ele>
			</trkpt>
			<trkpt lat="49.571300" lon="14.533348">
				<ele>401.000000</ele>
			</trkpt>
			<trkpt lat="49.571021" lon="14.533457">
				<ele>400.000000</ele>
			</trkpt>
			<trkpt lat="49.570986" lon="14.533375">
				<ele>400.000000</ele>
			</trkpt>
			<trkpt lat="49.570945" lon="14.533322">
				<ele>400.000000</ele>
			</trkpt>
			<trkpt lat="49.570905" lon="14.533287">
				<ele>400.000000</ele>
			</trkpt>
			<trkpt lat="49.570858" lon="14.533259">
				<ele>400.000000</ele>
			</trkpt>
			<trkpt lat="49.570677" lon="14.533187">
				<ele>400.000000</ele>
			</trkpt>
			<trkpt lat="49.570630" lon="14.533161">
				<ele>400.000000</ele>
			</trkpt>
			<trkpt lat="49.570578" lon="14.533115">
				<ele>400.000000</ele>
			</trkpt>
			<trkpt lat="49.570532" lon="14.533061">
				<ele>400.000000</ele>
			</trkpt>
			<trkpt lat="49.570485" lon="14.532998">
				<ele>400.000000</ele>
			</trkpt>
			<trkpt lat="49.570420" lon="14.532882">
				<ele>400.000000</ele>
			</trkpt>
			<trkpt lat="49.570304" lon="14.532693">
				<ele>400.000000</ele>
			</trkpt>
			<trkpt lat="49.570357" lon="14.532568">
				<ele>401.000000</ele>
			</trkpt>
			<trkpt lat="49.570386" lon="14.532442">
				<ele>401.000000</ele>
			</trkpt>
			<trkpt lat="49.570403" lon="14.532333">
				<ele>401.000000</ele>
			</trkpt>
			<trkpt lat="49.570403" lon="14.532208">
				<ele>401.000000</ele>
			</trkpt>
			<trkpt lat="49.570403" lon="14.532002">
				<ele>402.000000</ele>
			</trkpt>
			<trkpt lat="49.570409" lon="14.531830">
				<ele>402.000000</ele>
			</trkpt>
			<trkpt lat="49.570444" lon="14.531597">
				<ele>403.000000</ele>
			</trkpt>
			<trkpt lat="49.570532" lon="14.531264">
				<ele>404.000000</ele>
			</trkpt>
			<trkpt lat="49.570392" lon="14.531077">
				<ele>404.000000</ele>
			</trkpt>
			<trkpt lat="49.569757" lon="14.530268">
				<ele>406.000000</ele>
			</trkpt>
			<trkpt lat="49.569297" lon="14.529719">
				<ele>407.000000</ele>
			</trkpt>
			<trkpt lat="49.569150" lon="14.529549">
				<ele>408.000000</ele>
			</trkpt>
			<trkpt lat="49.569052" lon="14.529459">
				<ele>409.000000</ele>
			</trkpt>
			<trkpt lat="49.568888" lon="14.529406">
				<ele>409.000000</ele>
			</trkpt>
			<trkpt lat="49.568760" lon="14.529360">
				<ele>409.000000</ele>
			</trkpt>
			<trkpt lat="49.568242" lon="14.529226">
				<ele>409.000000</ele>
			</trkpt>
			<trkpt lat="49.567711" lon="14.529064">
				<ele>411.000000</ele>
			</trkpt>
			<trkpt lat="49.567566" lon="14.529001">
				<ele>411.000000</ele>
			</trkpt>
			<trkpt lat="49.567403" lon="14.528876">
				<ele>411.000000</ele>
			</trkpt>
			<trkpt lat="49.567240" lon="14.528750">
				<ele>411.000000</ele>
			</trkpt>
			<trkpt lat="49.567158" lon="14.528669">
				<ele>412.000000</ele>
			</trkpt>
			<trkpt lat="49.567088" lon="14.528579">
				<ele>411.000000</ele>
			</trkpt>
			<trkpt lat="49.567024" lon="14.528463">
				<ele>412.000000</ele>
			</trkpt>
			<trkpt lat="49.566727" lon="14.527861">
				<ele>413.000000</ele>
			</trkpt>
			<trkpt lat="49.566477" lon="14.527295">
				<ele>414.000000</ele>
			</trkpt>
			<trkpt lat="49.566424" lon="14.527169">
				<ele>415.000000</ele>
			</trkpt>
			<trkpt lat="49.566372" lon="14.527088">
				<ele>415.000000</ele>
			</trkpt>
			<trkpt lat="49.566308" lon="14.527006">
				<ele>416.000000</ele>
			</trkpt>
			<trkpt lat="49.566232" lon="14.526926">
				<ele>417.000000</ele>
			</trkpt>
			<trkpt lat="49.566075" lon="14.526792">
				<ele>417.000000</ele>
			</trkpt>
			<trkpt lat="49.565929" lon="14.526675">
				<ele>417.000000</ele>
			</trkpt>
			<trkpt lat="49.565784" lon="14.526612">
				<ele>418.000000</ele>
			</trkpt>
			<trkpt lat="49.565603" lon="14.526540">
				<ele>418.000000</ele>
			</trkpt>
			<trkpt lat="49.565375" lon="14.526477">
				<ele>420.000000</ele>
			</trkpt>
			<trkpt lat="49.565171" lon="14.526432">
				<ele>420.000000</ele>
			</trkpt>
			<trkpt lat="49.564449" lon="14.526289">
				<ele>422.000000</ele>
			</trkpt>
			<trkpt lat="49.564099" lon="14.526243">
				<ele>426.000000</ele>
			</trkpt>
			<trkpt lat="49.563971" lon="14.526226">
				<ele>427.000000</ele>
			</trkpt>
			<trkpt lat="49.563901" lon="14.526216">
				<ele>427.000000</ele>
			</trkpt>
			<trkpt lat="49.563820" lon="14.526171">
				<ele>427.000000</ele>
			</trkpt>
			<trkpt lat="49.563750" lon="14.526117">
				<ele>428.000000</ele>
			</trkpt>
			<trkpt lat="49.563633" lon="14.526019">
				<ele>427.000000</ele>
			</trkpt>
			<trkpt lat="49.563522" lon="14.525956">
				<ele>426.000000</ele>
			</trkpt>
			<trkpt lat="49.563424" lon="14.525901">
				<ele>426.000000</ele>
			</trkpt>
			<trkpt lat="49.563278" lon="14.525848">
				<ele>424.000000</ele>
			</trkpt>
			<trkpt lat="49.563225" lon="14.525956">
				<ele>424.000000</ele>
			</trkpt>
			<trkpt lat="49.563156" lon="14.526027">
				<ele>423.000000</ele>
			</trkpt>
			<trkpt lat="49.563004" lon="14.526127">
				<ele>423.000000</ele>
			</trkpt>
			<trkpt lat="49.562859" lon="14.526207">
				<ele>422.000000</ele>
			</trkpt>
			<trkpt lat="49.562806" lon="14.526234">
				<ele>421.000000</ele>
			</trkpt>
			<trkpt lat="49.562759" lon="14.526279">
				<ele>421.000000</ele>
			</trkpt>
			<trkpt lat="49.562712" lon="14.526333">
				<ele>421.000000</ele>
			</trkpt>
			<trkpt lat="49.562660" lon="14.526432">
				<ele>420.000000</ele>
			</trkpt>
			<trkpt lat="49.562573" lon="14.526683">
				<ele>418.000000</ele>
			</trkpt>
			<trkpt lat="49.562439" lon="14.527142">
				<ele>417.000000</ele>
			</trkpt>
			<trkpt lat="49.562415" lon="14.527213">
				<ele>417.000000</ele>
			</trkpt>
			<trkpt lat="49.562375" lon="14.527241">
				<ele>417.000000</ele>
			</trkpt>
			<trkpt lat="49.562340" lon="14.527268">
				<ele>417.000000</ele>
			</trkpt>
			<trkpt lat="49.562218" lon="14.527295">
				<ele>417.000000</ele>
			</trkpt>
			<trkpt lat="49.562060" lon="14.527348">
				<ele>417.000000</ele>
			</trkpt>
			<trkpt lat="49.561874" lon="14.527448">
				<ele>418.000000</ele>
			</trkpt>
			<trkpt lat="49.561810" lon="14.527465">
				<ele>418.000000</ele>
			</trkpt>
			<trkpt lat="49.561757" lon="14.527482">
				<ele>419.000000</ele>
			</trkpt>
			<trkpt lat="49.561588" lon="14.527456">
				<ele>419.000000</ele>
			</trkpt>
			<trkpt lat="49.561512" lon="14.527456">
				<ele>419.000000</ele>
			</trkpt>
			<trkpt lat="49.561455" lon="14.527465">
				<ele>419.000000</ele>
			</trkpt>
			<trkpt lat="49.561390" lon="14.527528">
				<ele>420.000000</ele>
			</trkpt>
			<trkpt lat="49.561308" lon="14.527608">
				<ele>420.000000</ele>
			</trkpt>
			<trkpt lat="49.561256" lon="14.527681">
				<ele>421.000000</ele>
			</trkpt>
			<trkpt lat="49.561139" lon="14.527834">
				<ele>422.000000</ele>
			</trkpt>
			<trkpt lat="49.561011" lon="14.527932">
				<ele>424.000000</ele>
			</trkpt>
			<trkpt lat="49.560907" lon="14.527995">
				<ele>425.000000</ele>
			</trkpt>
			<trkpt lat="49.560807" lon="14.528040">
				<ele>426.000000</ele>
			</trkpt>
			<trkpt lat="49.560708" lon="14.528067">
				<ele>426.000000</ele>
			</trkpt>
			<trkpt lat="49.560481" lon="14.528111">
				<ele>426.000000</ele>
			</trkpt>
			<trkpt lat="49.560266" lon="14.528174">
				<ele>427.000000</ele>
			</trkpt>
			<trkpt lat="49.560085" lon="14.528228">
				<ele>428.000000</ele>
			</trkpt>
			<trkpt lat="49.559765" lon="14.528354">
				<ele>429.000000</ele>
			</trkpt>
			<trkpt lat="49.559712" lon="14.528381">
				<ele>430.000000</ele>
			</trkpt>
			<trkpt lat="49.559665" lon="14.528408">
				<ele>430.000000</ele>
			</trkpt>
			<trkpt lat="49.559636" lon="14.528453">
				<ele>430.000000</ele>
			</trkpt>
			<trkpt lat="49.559613" lon="14.528524">
				<ele>431.000000</ele>
			</trkpt>
			<trkpt lat="49.559315" lon="14.528704">
				<ele>431.000000</ele>
			</trkpt>
			<trkpt lat="49.558861" lon="14.529056">
				<ele>432.000000</ele>
			</trkpt>
			<trkpt lat="49.558751" lon="14.529100">
				<ele>432.000000</ele>
			</trkpt>
			<trkpt lat="49.558680" lon="14.529127">
				<ele>433.000000</ele>
			</trkpt>
			<trkpt lat="49.558599" lon="14.529127">
				<ele>433.000000</ele>
			</trkpt>
			<trkpt lat="49.558546" lon="14.529117">
				<ele>434.000000</ele>
			</trkpt>
			<trkpt lat="49.558500" lon="14.529082">
				<ele>435.000000</ele>
			</trkpt>
			<trkpt lat="49.558465" lon="14.529027">
				<ele>435.000000</ele>
			</trkpt>
			<trkpt lat="49.558424" lon="14.528966">
				<ele>435.000000</ele>
			</trkpt>
			<trkpt lat="49.558389" lon="14.528866">
				<ele>436.000000</ele>
			</trkpt>
			<trkpt lat="49.558319" lon="14.528660">
				<ele>435.000000</ele>
			</trkpt>
			<trkpt lat="49.558220" lon="14.528498">
				<ele>435.000000</ele>
			</trkpt>
			<trkpt lat="49.558098" lon="14.528345">
				<ele>435.000000</ele>
			</trkpt>
			<trkpt lat="49.557964" lon="14.528220">
				<ele>436.000000</ele>
			</trkpt>
			<trkpt lat="49.557748" lon="14.528067">
				<ele>436.000000</ele>
			</trkpt>
			<trkpt lat="49.557550" lon="14.527905">
				<ele>437.000000</ele>
			</trkpt>
			<trkpt lat="49.557358" lon="14.527744">
				<ele>437.000000</ele>
			</trkpt>
			<trkpt lat="49.557177" lon="14.527564">
				<ele>437.000000</ele>
			</trkpt>
			<trkpt lat="49.556997" lon="14.527384">
				<ele>436.000000</ele>
			</trkpt>
			<trkpt lat="49.556793" lon="14.527151">
				<ele>436.000000</ele>
			</trkpt>
			<trkpt lat="49.556356" lon="14.526629">
				<ele>436.000000</ele>
			</trkpt>
			<trkpt lat="49.556169" lon="14.526414">
				<ele>437.000000</ele>
			</trkpt>
			<trkpt lat="49.556041" lon="14.526279">
				<ele>436.000000</ele>
			</trkpt>
			<trkpt lat="49.555942" lon="14.526180">
				<ele>436.000000</ele>
			</trkpt>
			<trkpt lat="49.555831" lon="14.526100">
				<ele>436.000000</ele>
			</trkpt>
			<trkpt lat="49.555726" lon="14.526027">
				<ele>435.000000</ele>
			</trkpt>
			<trkpt lat="49.555615" lon="14.525991">
				<ele>435.000000</ele>
			</trkpt>
			<trkpt lat="49.555493" lon="14.525964">
				<ele>436.000000</ele>
			</trkpt>
			<trkpt lat="49.555365" lon="14.525947">
				<ele>435.000000</ele>
			</trkpt>
			<trkpt lat="49.554333" lon="14.525929">
				<ele>438.000000</ele>
			</trkpt>
			<trkpt lat="49.554176" lon="14.525947">
				<ele>439.000000</ele>
			</trkpt>
			<trkpt lat="49.554036" lon="14.525991">
				<ele>441.000000</ele>
			</trkpt>
			<trkpt lat="49.553891" lon="14.526046">
				<ele>442.000000</ele>
			</trkpt>
			<trkpt lat="49.553727" lon="14.526136">
				<ele>443.000000</ele>
			</trkpt>
			<trkpt lat="49.553395" lon="14.526342">
				<ele>445.000000</ele>
			</trkpt>
			<trkpt lat="49.553197" lon="14.526423">
				<ele>446.000000</ele>
			</trkpt>
			<trkpt lat="49.553109" lon="14.526440">
				<ele>446.000000</ele>
			</trkpt>
			<trkpt lat="49.553010" lon="14.526459">
				<ele>445.000000</ele>
			</trkpt>
			<trkpt lat="49.552900" lon="14.526459">
				<ele>446.000000</ele>
			</trkpt>
			<trkpt lat="49.552795" lon="14.526440">
				<ele>446.000000</ele>
			</trkpt>
			<trkpt lat="49.551717" lon="14.526180">
				<ele>448.000000</ele>
			</trkpt>
			<trkpt lat="49.551717" lon="14.526180">
				<ele>448.000000</ele>
			</trkpt>
			<trkpt lat="49.551717" lon="14.526180">
				<ele>448.000000</ele>
			</trkpt>
			<trkpt lat="49.551717" lon="14.526180">
				<ele>448.000000</ele>
			</trkpt>
			<trkpt lat="49.551274" lon="14.526073">
				<ele>450.000000</ele>
			</trkpt>
			<trkpt lat="49.551192" lon="14.526046">
				<ele>450.000000</ele>
			</trkpt>
			<trkpt lat="49.551076" lon="14.525964">
				<ele>450.000000</ele>
			</trkpt>
			<trkpt lat="49.550994" lon="14.525884">
				<ele>450.000000</ele>
			</trkpt>
			<trkpt lat="49.550918" lon="14.525785">
				<ele>450.000000</ele>
			</trkpt>
			<trkpt lat="49.550860" lon="14.525660">
				<ele>450.000000</ele>
			</trkpt>
			<trkpt lat="49.550814" lon="14.525524">
				<ele>450.000000</ele>
			</trkpt>
			<trkpt lat="49.550738" lon="14.525318">
				<ele>450.000000</ele>
			</trkpt>
			<trkpt lat="49.550627" lon="14.524932">
				<ele>453.000000</ele>
			</trkpt>
			<trkpt lat="49.550604" lon="14.524824">
				<ele>454.000000</ele>
			</trkpt>
			<trkpt lat="49.550510" lon="14.524563">
				<ele>457.000000</ele>
			</trkpt>
			<trkpt lat="49.550400" lon="14.524339">
				<ele>458.000000</ele>
			</trkpt>
			<trkpt lat="49.550283" lon="14.524159">
				<ele>461.000000</ele>
			</trkpt>
			<trkpt lat="49.550219" lon="14.524079">
				<ele>462.000000</ele>
			</trkpt>
			<trkpt lat="49.550160" lon="14.524025">
				<ele>462.000000</ele>
			</trkpt>
			<trkpt lat="49.550079" lon="14.523970">
				<ele>463.000000</ele>
			</trkpt>
			<trkpt lat="49.550003" lon="14.523926">
				<ele>464.000000</ele>
			</trkpt>
			<trkpt lat="49.549933" lon="14.523899">
				<ele>465.000000</ele>
			</trkpt>
			<trkpt lat="49.549863" lon="14.523890">
				<ele>465.000000</ele>
			</trkpt>
			<trkpt lat="49.549788" lon="14.523890">
				<ele>466.000000</ele>
			</trkpt>
			<trkpt lat="49.549718" lon="14.523916">
				<ele>466.000000</ele>
			</trkpt>
			<trkpt lat="49.549537" lon="14.524006">
				<ele>467.000000</ele>
			</trkpt>
			<trkpt lat="49.549467" lon="14.523880">
				<ele>467.000000</ele>
			</trkpt>
			<trkpt lat="49.549426" lon="14.523782">
				<ele>468.000000</ele>
			</trkpt>
			<trkpt lat="49.549426" lon="14.523700">
				<ele>469.000000</ele>
			</trkpt>
			<trkpt lat="49.549444" lon="14.523584">
				<ele>470.000000</ele>
			</trkpt>
			<trkpt lat="49.549525" lon="14.523297">
				<ele>473.000000</ele>
			</trkpt>
			<trkpt lat="49.549607" lon="14.522911">
				<ele>475.000000</ele>
			</trkpt>
			<trkpt lat="49.549531" lon="14.522857">
				<ele>476.000000</ele>
			</trkpt>
			<trkpt lat="49.549467" lon="14.522785">
				<ele>477.000000</ele>
			</trkpt>
			<trkpt lat="49.549415" lon="14.522704">
				<ele>478.000000</ele>
			</trkpt>
			<trkpt lat="49.549350" lon="14.522595">
				<ele>481.000000</ele>
			</trkpt>
			<trkpt lat="49.549304" lon="14.522479">
				<ele>482.000000</ele>
			</trkpt>
			<trkpt lat="49.549263" lon="14.522362">
				<ele>484.000000</ele>
			</trkpt>
			<trkpt lat="49.549153" lon="14.521958">
				<ele>489.000000</ele>
			</trkpt>
			<trkpt lat="49.549024" lon="14.521590">
				<ele>495.000000</ele>
			</trkpt>
			<trkpt lat="49.548878" lon="14.521240">
				<ele>502.000000</ele>
			</trkpt>
			<trkpt lat="49.548762" lon="14.520953">
				<ele>506.000000</ele>
			</trkpt>
			<trkpt lat="49.548686" lon="14.520790">
				<ele>509.000000</ele>
			</trkpt>
			<trkpt lat="49.548651" lon="14.520746">
				<ele>510.000000</ele>
			</trkpt>
			<trkpt lat="49.548605" lon="14.520691">
				<ele>511.000000</ele>
			</trkpt>
			<trkpt lat="49.548272" lon="14.520377">
				<ele>518.000000</ele>
			</trkpt>
			<trkpt lat="49.548237" lon="14.520368">
				<ele>519.000000</ele>
			</trkpt>
			<trkpt lat="49.548202" lon="14.520350">
				<ele>520.000000</ele>
			</trkpt>
			<trkpt lat="49.548161" lon="14.520350">
				<ele>521.000000</ele>
			</trkpt>
			<trkpt lat="49.548127" lon="14.520368">
				<ele>521.000000</ele>
			</trkpt>
			<trkpt lat="49.548057" lon="14.520440">
				<ele>522.000000</ele>
			</trkpt>
			<trkpt lat="49.547969" lon="14.520574">
				<ele>520.000000</ele>
			</trkpt>
			<trkpt lat="49.547923" lon="14.520629">
				<ele>520.000000</ele>
			</trkpt>
			<trkpt lat="49.547858" lon="14.520656">
				<ele>520.000000</ele>
			</trkpt>
			<trkpt lat="49.547789" lon="14.520656">
				<ele>520.000000</ele>
			</trkpt>
			<trkpt lat="49.547695" lon="14.520620">
				<ele>522.000000</ele>
			</trkpt>
			<trkpt lat="49.547573" lon="14.520566">
				<ele>523.000000</ele>
			</trkpt>
			<trkpt lat="49.547462" lon="14.520539">
				<ele>525.000000</ele>
			</trkpt>
			<trkpt lat="49.547357" lon="14.520566">
				<ele>525.000000</ele>
			</trkpt>
			<trkpt lat="49.547241" lon="14.520637">
				<ele>524.000000</ele>
			</trkpt>
			<trkpt lat="49.546979" lon="14.520836">
				<ele>520.000000</ele>
			</trkpt>
			<trkpt lat="49.546460" lon="14.521257">
				<ele>520.000000</ele>
			</trkpt>
			<trkpt lat="49.546366" lon="14.521293">
				<ele>522.000000</ele>
			</trkpt>
			<trkpt lat="49.546279" lon="14.521320">
				<ele>522.000000</ele>
			</trkpt>
			<trkpt lat="49.546197" lon="14.521339">
				<ele>523.000000</ele>
			</trkpt>
			<trkpt lat="49.546092" lon="14.521329">
				<ele>524.000000</ele>
			</trkpt>
			<trkpt lat="49.545970" lon="14.520737">
				<ele>537.000000</ele>
			</trkpt>
			<trkpt lat="49.545918" lon="14.520485">
				<ele>541.000000</ele>
			</trkpt>
			<trkpt lat="49.545836" lon="14.520224">
				<ele>544.000000</ele>
			</trkpt>
			<trkpt lat="49.545789" lon="14.520117">
				<ele>546.000000</ele>
			</trkpt>
			<trkpt lat="49.545754" lon="14.520027">
				<ele>547.000000</ele>
			</trkpt>
			<trkpt lat="49.545696" lon="14.519964">
				<ele>546.000000</ele>
			</trkpt>
			<trkpt lat="49.545644" lon="14.519892">
				<ele>547.000000</ele>
			</trkpt>
			<trkpt lat="49.545580" lon="14.519821">
				<ele>548.000000</ele>
			</trkpt>
			<trkpt lat="49.545509" lon="14.519767">
				<ele>548.000000</ele>
			</trkpt>
			<trkpt lat="49.545265" lon="14.519632">
				<ele>547.000000</ele>
			</trkpt>
			<trkpt lat="49.545096" lon="14.519542">
				<ele>547.000000</ele>
			</trkpt>
			<trkpt lat="49.544915" lon="14.519461">
				<ele>548.000000</ele>
			</trkpt>
			<trkpt lat="49.544851" lon="14.519434">
				<ele>548.000000</ele>
			</trkpt>
			<trkpt lat="49.544734" lon="14.519353">
				<ele>552.000000</ele>
			</trkpt>
			<trkpt lat="49.544624" lon="14.519282">
				<ele>554.000000</ele>
			</trkpt>
			<trkpt lat="49.544554" lon="14.519255">
				<ele>556.000000</ele>
			</trkpt>
			<trkpt lat="49.544280" lon="14.519155">
				<ele>559.000000</ele>
			</trkpt>
			<trkpt lat="49.543983" lon="14.519012">
				<ele>563.000000</ele>
			</trkpt>
			<trkpt lat="49.543866" lon="14.518958">
				<ele>565.000000</ele>
			</trkpt>
			<trkpt lat="49.543814" lon="14.518932">
				<ele>565.000000</ele>
			</trkpt>
			<trkpt lat="49.543779" lon="14.518859">
				<ele>568.000000</ele>
			</trkpt>
			<trkpt lat="49.543767" lon="14.518832">
				<ele>569.000000</ele>
			</trkpt>
			<trkpt lat="49.543779" lon="14.518787">
				<ele>571.000000</ele>
			</trkpt>
			<trkpt lat="49.543814" lon="14.518752">
				<ele>573.000000</ele>
			</trkpt>
			<trkpt lat="49.543860" lon="14.518725">
				<ele>575.000000</ele>
			</trkpt>
			<trkpt lat="49.544011" lon="14.518635">
				<ele>579.000000</ele>
			</trkpt>
			<trkpt lat="49.544146" lon="14.518580">
				<ele>579.000000</ele>
			</trkpt>
			<trkpt lat="49.544612" lon="14.518455">
				<ele>579.000000</ele>
			</trkpt>
			<trkpt lat="49.544676" lon="14.518419">
				<ele>580.000000</ele>
			</trkpt>
			<trkpt lat="49.544728" lon="14.518366">
				<ele>581.000000</ele>
			</trkpt>
			<trkpt lat="49.544781" lon="14.518293">
				<ele>581.000000</ele>
			</trkpt>
			<trkpt lat="49.544827" lon="14.518186">
				<ele>582.000000</ele>
			</trkpt>
			<trkpt lat="49.544874" lon="14.518060">
				<ele>583.000000</ele>
			</trkpt>
			<trkpt lat="49.544933" lon="14.517808">
				<ele>585.000000</ele>
			</trkpt>
			<trkpt lat="49.544944" lon="14.517754">
				<ele>585.000000</ele>
			</trkpt>
			<trkpt lat="49.544944" lon="14.517700">
				<ele>585.000000</ele>
			</trkpt>
			<trkpt lat="49.544933" lon="14.517664">
				<ele>585.000000</ele>
			</trkpt>
			<trkpt lat="49.544903" lon="14.517601">
				<ele>586.000000</ele>
			</trkpt>
			<trkpt lat="49.544682" lon="14.517305">
				<ele>590.000000</ele>
			</trkpt>
			<trkpt lat="49.544507" lon="14.517081">
				<ele>594.000000</ele>
			</trkpt>
			<trkpt lat="49.544111" lon="14.516586">
				<ele>605.000000</ele>
			</trkpt>
			<trkpt lat="49.544076" lon="14.516523">
				<ele>607.000000</ele>
			</trkpt>
			<trkpt lat="49.544076" lon="14.516469">
				<ele>608.000000</ele>
			</trkpt>
			<trkpt lat="49.544099" lon="14.516316">
				<ele>608.000000</ele>
			</trkpt>
			<trkpt lat="49.544099" lon="14.516263">
				<ele>609.000000</ele>
			</trkpt>
			<trkpt lat="49.544064" lon="14.516200">
				<ele>610.000000</ele>
			</trkpt>
			<trkpt lat="49.543988" lon="14.516119">
				<ele>612.000000</ele>
			</trkpt>
			<trkpt lat="49.543936" lon="14.516039">
				<ele>613.000000</ele>
			</trkpt>
			<trkpt lat="49.543907" lon="14.515985">
				<ele>615.000000</ele>
			</trkpt>
			<trkpt lat="49.543872" lon="14.515930">
				<ele>617.000000</ele>
			</trkpt>
			<trkpt lat="49.543855" lon="14.515913">
				<ele>618.000000</ele>
			</trkpt>
			<trkpt lat="49.543831" lon="14.515913">
				<ele>620.000000</ele>
			</trkpt>
			<trkpt lat="49.543784" lon="14.515957">
				<ele>621.000000</ele>
			</trkpt>
			<trkpt lat="49.543685" lon="14.516003">
				<ele>623.000000</ele>
			</trkpt>
			<trkpt lat="49.543615" lon="14.516012">
				<ele>625.000000</ele>
			</trkpt>
			<trkpt lat="49.543533" lon="14.516012">
				<ele>627.000000</ele>
			</trkpt>
			<trkpt lat="49.543476" lon="14.515985">
				<ele>628.000000</ele>
			</trkpt>
			<trkpt lat="49.543435" lon="14.515949">
				<ele>630.000000</ele>
			</trkpt>
			<trkpt lat="49.543388" lon="14.515895">
				<ele>631.000000</ele>
			</trkpt>
			<trkpt lat="49.543353" lon="14.515823">
				<ele>633.000000</ele>
			</trkpt>
			<trkpt lat="49.543213" lon="14.515481">
				<ele>637.000000</ele>
			</trkpt>
			<trkpt lat="49.543160" lon="14.515329">
				<ele>640.000000</ele>
			</trkpt>
			<trkpt lat="49.543126" lon="14.515203">
				<ele>641.000000</ele>
			</trkpt>
			<trkpt lat="49.543067" lon="14.514861">
				<ele>646.000000</ele>
			</trkpt>
			<trkpt lat="49.543038" lon="14.514708">
				<ele>648.000000</ele>
			</trkpt>
			<trkpt lat="49.543032" lon="14.514584">
				<ele>651.000000</ele>
			</trkpt>
			<trkpt lat="49.543038" lon="14.514179">
				<ele>657.000000</ele>
			</trkpt>
			<trkpt lat="49.543026" lon="14.513999">
				<ele>660.000000</ele>
			</trkpt>
			<trkpt lat="49.542992" lon="14.513739">
				<ele>664.000000</ele>
			</trkpt>
			<trkpt lat="49.542974" lon="14.513576">
				<ele>665.000000</ele>
			</trkpt>
			<trkpt lat="49.542992" lon="14.513406">
				<ele>669.000000</ele>
			</trkpt>
			<trkpt lat="49.543044" lon="14.513074">
				<ele>674.000000</ele>
			</trkpt>
			<trkpt lat="49.543079" lon="14.512859">
				<ele>675.000000</ele>
			</trkpt>
			<trkpt lat="49.543096" lon="14.512687">
				<ele>676.000000</ele>
			</trkpt>
			<trkpt lat="49.543096" lon="14.512534">
				<ele>676.000000</ele>
			</trkpt>
			<trkpt lat="49.543073" lon="14.512400">
				<ele>678.000000</ele>
			</trkpt>
			<trkpt lat="49.543050" lon="14.512257">
				<ele>680.000000</ele>
			</trkpt>
			<trkpt lat="49.543020" lon="14.512148">
				<ele>681.000000</ele>
			</trkpt>
			<trkpt lat="49.543009" lon="14.512050">
				<ele>683.000000</ele>
			</trkpt>
			<trkpt lat="49.543009" lon="14.511942">
				<ele>683.000000</ele>
			</trkpt>
			<trkpt lat="49.543026" lon="14.511834">
				<ele>684.000000</ele>
			</trkpt>
			<trkpt lat="49.543026" lon="14.511825">
				<ele>684.000000</ele>
			</trkpt>
			<trkpt lat="49.543026" lon="14.511825">
				<ele>684.000000</ele>
			</trkpt>
			<trkpt lat="49.543026" lon="14.511834">
				<ele>684.000000</ele>
			</trkpt>
			<trkpt lat="49.542968" lon="14.511834">
				<ele>685.000000</ele>
			</trkpt>
			<trkpt lat="49.542840" lon="14.511879">
				<ele>688.000000</ele>
			</trkpt>
			<trkpt lat="49.542811" lon="14.511879">
				<ele>689.000000</ele>
			</trkpt>
			<trkpt lat="49.542776" lon="14.511879">
				<ele>690.000000</ele>
			</trkpt>
			<trkpt lat="49.542607" lon="14.511754">
				<ele>693.000000</ele>
			</trkpt>
			<trkpt lat="49.542414" lon="14.511574">
				<ele>696.000000</ele>
			</trkpt>
			<trkpt lat="49.542210" lon="14.511358">
				<ele>697.000000</ele>
			</trkpt>
			<trkpt lat="49.542111" lon="14.511259">
				<ele>697.000000</ele>
			</trkpt>
			<trkpt lat="49.542035" lon="14.511179">
				<ele>698.000000</ele>
			</trkpt>
			<trkpt lat="49.541966" lon="14.511079">
				<ele>700.000000</ele>
			</trkpt>
			<trkpt lat="49.541890" lon="14.510945">
				<ele>701.000000</ele>
			</trkpt>
			<trkpt lat="49.541844" lon="14.510846">
				<ele>702.000000</ele>
			</trkpt>
			<trkpt lat="49.541773" lon="14.510639">
				<ele>705.000000</ele>
			</trkpt>
			<trkpt lat="49.541703" lon="14.510513">
				<ele>705.000000</ele>
			</trkpt>
			<trkpt lat="49.541563" lon="14.510352">
				<ele>703.000000</ele>
			</trkpt>
			<trkpt lat="49.541464" lon="14.510271">
				<ele>702.000000</ele>
			</trkpt>
			<trkpt lat="49.541312" lon="14.510137">
				<ele>702.000000</ele>
			</trkpt>
			<trkpt lat="49.541033" lon="14.509821">
				<ele>704.000000</ele>
			</trkpt>
			<trkpt lat="49.540934" lon="14.509723">
				<ele>705.000000</ele>
			</trkpt>
			<trkpt lat="49.540840" lon="14.509660">
				<ele>706.000000</ele>
			</trkpt>
			<trkpt lat="49.540724" lon="14.509597">
				<ele>706.000000</ele>
			</trkpt>
			<trkpt lat="49.540555" lon="14.509508">
				<ele>707.000000</ele>
			</trkpt>
			<trkpt lat="49.540421" lon="14.509435">
				<ele>706.000000</ele>
			</trkpt>
			<trkpt lat="49.540293" lon="14.509345">
				<ele>706.000000</ele>
			</trkpt>
			<trkpt lat="49.540193" lon="14.509247">
				<ele>706.000000</ele>
			</trkpt>
			<trkpt lat="49.539961" lon="14.509005">
				<ele>707.000000</ele>
			</trkpt>
			<trkpt lat="49.539838" lon="14.508879">
				<ele>707.000000</ele>
			</trkpt>
			<trkpt lat="49.539716" lon="14.508905">
				<ele>707.000000</ele>
			</trkpt>
			<trkpt lat="49.539453" lon="14.508978">
				<ele>706.000000</ele>
			</trkpt>
			<trkpt lat="49.539290" lon="14.509022">
				<ele>706.000000</ele>
			</trkpt>
			<trkpt lat="49.539220" lon="14.509022">
				<ele>706.000000</ele>
			</trkpt>
			<trkpt lat="49.539167" lon="14.508978">
				<ele>706.000000</ele>
			</trkpt>
			<trkpt lat="49.539104" lon="14.508897">
				<ele>706.000000</ele>
			</trkpt>
			<trkpt lat="49.539057" lon="14.508842">
				<ele>706.000000</ele>
			</trkpt>
			<trkpt lat="49.539022" lon="14.508816">
				<ele>706.000000</ele>
			</trkpt>
			<trkpt lat="49.538975" lon="14.508816">
				<ele>706.000000</ele>
			</trkpt>
			<trkpt lat="49.538917" lon="14.508834">
				<ele>706.000000</ele>
			</trkpt>
			<trkpt lat="49.538823" lon="14.508879">
				<ele>706.000000</ele>
			</trkpt>
			<trkpt lat="49.538736" lon="14.508915">
				<ele>706.000000</ele>
			</trkpt>
			<trkpt lat="49.538538" lon="14.509058">
				<ele>707.000000</ele>
			</trkpt>
			<trkpt lat="49.538340" lon="14.509211">
				<ele>707.000000</ele>
			</trkpt>
			<trkpt lat="49.538101" lon="14.509418">
				<ele>708.000000</ele>
			</trkpt>
			<trkpt lat="49.538025" lon="14.509588">
				<ele>708.000000</ele>
			</trkpt>
			<trkpt lat="49.537926" lon="14.509750">
				<ele>710.000000</ele>
			</trkpt>
			<trkpt lat="49.537815" lon="14.509939">
				<ele>711.000000</ele>
			</trkpt>
			<trkpt lat="49.537669" lon="14.510127">
				<ele>710.000000</ele>
			</trkpt>
			<trkpt lat="49.537541" lon="14.510271">
				<ele>710.000000</ele>
			</trkpt>
			<trkpt lat="49.537425" lon="14.510352">
				<ele>710.000000</ele>
			</trkpt>
			<trkpt lat="49.537284" lon="14.510406">
				<ele>710.000000</ele>
			</trkpt>
			<trkpt lat="49.537115" lon="14.510442">
				<ele>708.000000</ele>
			</trkpt>
			<trkpt lat="49.536538" lon="14.510469">
				<ele>705.000000</ele>
			</trkpt>
			<trkpt lat="49.536305" lon="14.510477">
				<ele>704.000000</ele>
			</trkpt>
			<trkpt lat="49.535874" lon="14.510424">
				<ele>704.000000</ele>
			</trkpt>
			<trkpt lat="49.535594" lon="14.510550">
				<ele>701.000000</ele>
			</trkpt>
			<trkpt lat="49.535483" lon="14.510603">
				<ele>700.000000</ele>
			</trkpt>
			<trkpt lat="49.535408" lon="14.510702">
				<ele>700.000000</ele>
			</trkpt>
			<trkpt lat="49.535326" lon="14.510846">
				<ele>698.000000</ele>
			</trkpt>
			<trkpt lat="49.535256" lon="14.511035">
				<ele>698.000000</ele>
			</trkpt>
			<trkpt lat="49.535104" lon="14.511538">
				<ele>694.000000</ele>
			</trkpt>
			<trkpt lat="49.534976" lon="14.512005">
				<ele>691.000000</ele>
			</trkpt>
			<trkpt lat="49.534900" lon="14.512454">
				<ele>689.000000</ele>
			</trkpt>
			<trkpt lat="49.534830" lon="14.513002">
				<ele>687.000000</ele>
			</trkpt>
			<trkpt lat="49.534778" lon="14.513406">
				<ele>684.000000</ele>
			</trkpt>
			<trkpt lat="49.534737" lon="14.513783">
				<ele>681.000000</ele>
			</trkpt>
			<trkpt lat="49.534673" lon="14.514125">
				<ele>679.000000</ele>
			</trkpt>
			<trkpt lat="49.534609" lon="14.514404">
				<ele>678.000000</ele>
			</trkpt>
			<trkpt lat="49.534551" lon="14.514664">
				<ele>678.000000</ele>
			</trkpt>
			<trkpt lat="49.534469" lon="14.514934">
				<ele>676.000000</ele>
			</trkpt>
			<trkpt lat="49.534370" lon="14.515194">
				<ele>675.000000</ele>
			</trkpt>
			<trkpt lat="49.534265" lon="14.515473">
				<ele>674.000000</ele>
			</trkpt>
			<trkpt lat="49.534201" lon="14.515580">
				<ele>674.000000</ele>
			</trkpt>
			<trkpt lat="49.534119" lon="14.515733">
				<ele>673.000000</ele>
			</trkpt>
			<trkpt lat="49.534008" lon="14.515930">
				<ele>671.000000</ele>
			</trkpt>
			<trkpt lat="49.533793" lon="14.516316">
				<ele>667.000000</ele>
			</trkpt>
			<trkpt lat="49.533571" lon="14.516695">
				<ele>664.000000</ele>
			</trkpt>
			<trkpt lat="49.533361" lon="14.517027">
				<ele>661.000000</ele>
			</trkpt>
			<trkpt lat="49.533145" lon="14.517332">
				<ele>658.000000</ele>
			</trkpt>
			<trkpt lat="49.532959" lon="14.517601">
				<ele>656.000000</ele>
			</trkpt>
			<trkpt lat="49.532603" lon="14.518060">
				<ele>653.000000</ele>
			</trkpt>
			<trkpt lat="49.531851" lon="14.518966">
				<ele>648.000000</ele>
			</trkpt>
			<trkpt lat="49.531851" lon="14.518966">
				<ele>648.000000</ele>
			</trkpt>
			<trkpt lat="49.531851" lon="14.518966">
				<ele>648.000000</ele>
			</trkpt>
			<trkpt lat="49.531851" lon="14.518966">
				<ele>648.000000</ele>
			</trkpt>
			<trkpt lat="49.531606" lon="14.518922">
				<ele>648.000000</ele>
			</trkpt>
			<trkpt lat="49.531519" lon="14.518922">
				<ele>648.000000</ele>
			</trkpt>
			<trkpt lat="49.531425" lon="14.518958">
				<ele>648.000000</ele>
			</trkpt>
			<trkpt lat="49.531355" lon="14.518985">
				<ele>647.000000</ele>
			</trkpt>
			<trkpt lat="49.531286" lon="14.519021">
				<ele>647.000000</ele>
			</trkpt>
			<trkpt lat="49.531221" lon="14.519083">
				<ele>647.000000</ele>
			</trkpt>
			<trkpt lat="49.531140" lon="14.519146">
				<ele>647.000000</ele>
			</trkpt>
			<trkpt lat="49.530983" lon="14.519345">
				<ele>646.000000</ele>
			</trkpt>
			<trkpt lat="49.530825" lon="14.519578">
				<ele>645.000000</ele>
			</trkpt>
			<trkpt lat="49.530702" lon="14.519821">
				<ele>645.000000</ele>
			</trkpt>
			<trkpt lat="49.530604" lon="14.520054">
				<ele>644.000000</ele>
			</trkpt>
			<trkpt lat="49.530399" lon="14.520593">
				<ele>643.000000</ele>
			</trkpt>
			<trkpt lat="49.530277" lon="14.520863">
				<ele>643.000000</ele>
			</trkpt>
			<trkpt lat="49.530148" lon="14.521069">
				<ele>642.000000</ele>
			</trkpt>
			<trkpt lat="49.530067" lon="14.521177">
				<ele>641.000000</ele>
			</trkpt>
			<trkpt lat="49.529979" lon="14.521276">
				<ele>641.000000</ele>
			</trkpt>
			<trkpt lat="49.529758" lon="14.521527">
				<ele>640.000000</ele>
			</trkpt>
			<trkpt lat="49.529274" lon="14.522003">
				<ele>638.000000</ele>
			</trkpt>
			<trkpt lat="49.529222" lon="14.522058">
				<ele>637.000000</ele>
			</trkpt>
			<trkpt lat="49.529157" lon="14.522084">
				<ele>637.000000</ele>
			</trkpt>
			<trkpt lat="49.529093" lon="14.522111">
				<ele>637.000000</ele>
			</trkpt>
			<trkpt lat="49.529023" lon="14.522111">
				<ele>636.000000</ele>
			</trkpt>
			<trkpt lat="49.529017" lon="14.522740">
				<ele>639.000000</ele>
			</trkpt>
			<trkpt lat="49.529029" lon="14.523727">
				<ele>643.000000</ele>
			</trkpt>
			<trkpt lat="49.529029" lon="14.523907">
				<ele>644.000000</ele>
			</trkpt>
			<trkpt lat="49.528959" lon="14.524303">
				<ele>646.000000</ele>
			</trkpt>
			<trkpt lat="49.528872" lon="14.524878">
				<ele>649.000000</ele>
			</trkpt>
			<trkpt lat="49.528825" lon="14.525308">
				<ele>650.000000</ele>
			</trkpt>
			<trkpt lat="49.528807" lon="14.525471">
				<ele>650.000000</ele>
			</trkpt>
			<trkpt lat="49.528813" lon="14.525570">
				<ele>650.000000</ele>
			</trkpt>
			<trkpt lat="49.528813" lon="14.525668">
				<ele>651.000000</ele>
			</trkpt>
			<trkpt lat="49.528831" lon="14.525777">
				<ele>651.000000</ele>
			</trkpt>
			<trkpt lat="49.528924" lon="14.526279">
				<ele>652.000000</ele>
			</trkpt>
			<trkpt lat="49.528988" lon="14.526593">
				<ele>653.000000</ele>
			</trkpt>
			<trkpt lat="49.529070" lon="14.526908">
				<ele>653.000000</ele>
			</trkpt>
			<trkpt lat="49.529175" lon="14.527241">
				<ele>654.000000</ele>
			</trkpt>
			<trkpt lat="49.529233" lon="14.527448">
				<ele>654.000000</ele>
			</trkpt>
			<trkpt lat="49.529268" lon="14.527608">
				<ele>654.000000</ele>
			</trkpt>
			<trkpt lat="49.529285" lon="14.527788">
				<ele>654.000000</ele>
			</trkpt>
			<trkpt lat="49.529285" lon="14.528040">
				<ele>655.000000</ele>
			</trkpt>
			<trkpt lat="49.529291" lon="14.528274">
				<ele>655.000000</ele>
			</trkpt>
			<trkpt lat="49.529257" lon="14.528471">
				<ele>655.000000</ele>
			</trkpt>
			<trkpt lat="49.529210" lon="14.528660">
				<ele>655.000000</ele>
			</trkpt>
			<trkpt lat="49.529175" lon="14.528777">
				<ele>654.000000</ele>
			</trkpt>
			<trkpt lat="49.529140" lon="14.528876">
				<ele>654.000000</ele>
			</trkpt>
			<trkpt lat="49.529076" lon="14.528983">
				<ele>654.000000</ele>
			</trkpt>
			<trkpt lat="49.528971" lon="14.529163">
				<ele>654.000000</ele>
			</trkpt>
			<trkpt lat="49.528941" lon="14.529243">
				<ele>654.000000</ele>
			</trkpt>
			<trkpt lat="49.528919" lon="14.529333">
				<ele>654.000000</ele>
			</trkpt>
			<trkpt lat="49.528860" lon="14.529495">
				<ele>655.000000</ele>
			</trkpt>
			<trkpt lat="49.528825" lon="14.529603">
				<ele>655.000000</ele>
			</trkpt>
			<trkpt lat="49.528772" lon="14.529675">
				<ele>655.000000</ele>
			</trkpt>
			<trkpt lat="49.528709" lon="14.529729">
				<ele>655.000000</ele>
			</trkpt>
			<trkpt lat="49.528633" lon="14.529773">
				<ele>655.000000</ele>
			</trkpt>
			<trkpt lat="49.528575" lon="14.529828">
				<ele>655.000000</ele>
			</trkpt>
			<trkpt lat="49.528522" lon="14.529882">
				<ele>655.000000</ele>
			</trkpt>
			<trkpt lat="49.528475" lon="14.529953">
				<ele>656.000000</ele>
			</trkpt>
			<trkpt lat="49.528441" lon="14.530035">
				<ele>656.000000</ele>
			</trkpt>
			<trkpt lat="49.528405" lon="14.530151">
				<ele>656.000000</ele>
			</trkpt>
			<trkpt lat="49.528388" lon="14.530249">
				<ele>656.000000</ele>
			</trkpt>
			<trkpt lat="49.528365" lon="14.530385">
				<ele>656.000000</ele>
			</trkpt>
			<trkpt lat="49.528446" lon="14.530492">
				<ele>656.000000</ele>
			</trkpt>
			<trkpt lat="49.528242" lon="14.531094">
				<ele>658.000000</ele>
			</trkpt>
			<trkpt lat="49.528108" lon="14.531490">
				<ele>658.000000</ele>
			</trkpt>
			<trkpt lat="49.528056" lon="14.531616">
				<ele>658.000000</ele>
			</trkpt>
			<trkpt lat="49.528026" lon="14.531714">
				<ele>658.000000</ele>
			</trkpt>
			<trkpt lat="49.528009" lon="14.531813">
				<ele>658.000000</ele>
			</trkpt>
			<trkpt lat="49.527997" lon="14.531912">
				<ele>658.000000</ele>
			</trkpt>
			<trkpt lat="49.527950" lon="14.532541">
				<ele>658.000000</ele>
			</trkpt>
			<trkpt lat="49.527822" lon="14.532603">
				<ele>658.000000</ele>
			</trkpt>
			<trkpt lat="49.527775" lon="14.532631">
				<ele>658.000000</ele>
			</trkpt>
			<trkpt lat="49.527723" lon="14.532685">
				<ele>658.000000</ele>
			</trkpt>
			<trkpt lat="49.527653" lon="14.532756">
				<ele>658.000000</ele>
			</trkpt>
			<trkpt lat="49.527583" lon="14.532801">
				<ele>658.000000</ele>
			</trkpt>
			<trkpt lat="49.527519" lon="14.532801">
				<ele>658.000000</ele>
			</trkpt>
			<trkpt lat="49.527443" lon="14.532774">
				<ele>658.000000</ele>
			</trkpt>
			<trkpt lat="49.527187" lon="14.532631">
				<ele>660.000000</ele>
			</trkpt>
			<trkpt lat="49.527029" lon="14.532568">
				<ele>660.000000</ele>
			</trkpt>
			<trkpt lat="49.526895" lon="14.532522">
				<ele>660.000000</ele>
			</trkpt>
			<trkpt lat="49.526773" lon="14.532513">
				<ele>660.000000</ele>
			</trkpt>
			<trkpt lat="49.526656" lon="14.532532">
				<ele>661.000000</ele>
			</trkpt>
			<trkpt lat="49.526546" lon="14.532568">
				<ele>661.000000</ele>
			</trkpt>
			<trkpt lat="49.526446" lon="14.532639">
				<ele>661.000000</ele>
			</trkpt>
			<trkpt lat="49.526347" lon="14.532738">
				<ele>661.000000</ele>
			</trkpt>
			<trkpt lat="49.526108" lon="14.533017">
				<ele>660.000000</ele>
			</trkpt>
			<trkpt lat="49.526027" lon="14.533088">
				<ele>660.000000</ele>
			</trkpt>
			<trkpt lat="49.525956" lon="14.533142">
				<ele>660.000000</ele>
			</trkpt>
			<trkpt lat="49.525875" lon="14.533161">
				<ele>661.000000</ele>
			</trkpt>
			<trkpt lat="49.525799" lon="14.533161">
				<ele>661.000000</ele>
			</trkpt>
			<trkpt lat="49.525741" lon="14.533142">
				<ele>661.000000</ele>
			</trkpt>
			<trkpt lat="49.525664" lon="14.533088">
				<ele>661.000000</ele>
			</trkpt>
			<trkpt lat="49.525268" lon="14.532711">
				<ele>659.000000</ele>
			</trkpt>
			<trkpt lat="49.525164" lon="14.532612">
				<ele>658.000000</ele>
			</trkpt>
			<trkpt lat="49.525064" lon="14.532558">
				<ele>658.000000</ele>
			</trkpt>
			<trkpt lat="49.524971" lon="14.532532">
				<ele>658.000000</ele>
			</trkpt>
			<trkpt lat="49.524883" lon="14.532532">
				<ele>657.000000</ele>
			</trkpt>
			<trkpt lat="49.524784" lon="14.532576">
				<ele>657.000000</ele>
			</trkpt>
			<trkpt lat="49.524685" lon="14.532648">
				<ele>656.000000</ele>
			</trkpt>
			<trkpt lat="49.524457" lon="14.532882">
				<ele>657.000000</ele>
			</trkpt>
			<trkpt lat="49.524254" lon="14.533115">
				<ele>656.000000</ele>
			</trkpt>
			<trkpt lat="49.524050" lon="14.533394">
				<ele>655.000000</ele>
			</trkpt>
			<trkpt lat="49.523787" lon="14.533790">
				<ele>654.000000</ele>
			</trkpt>
			<trkpt lat="49.523688" lon="14.533914">
				<ele>652.000000</ele>
			</trkpt>
			<trkpt lat="49.523618" lon="14.533977">
				<ele>652.000000</ele>
			</trkpt>
			<trkpt lat="49.523554" lon="14.534023">
				<ele>652.000000</ele>
			</trkpt>
			<trkpt lat="49.523478" lon="14.534023">
				<ele>651.000000</ele>
			</trkpt>
			<trkpt lat="49.523385" lon="14.534014">
				<ele>650.000000</ele>
			</trkpt>
			<trkpt lat="49.523297" lon="14.534014">
				<ele>649.000000</ele>
			</trkpt>
			<trkpt lat="49.523081" lon="14.534059">
				<ele>647.000000</ele>
			</trkpt>
			<trkpt lat="49.523017" lon="14.534040">
				<ele>646.000000</ele>
			</trkpt>
			<trkpt lat="49.522965" lon="14.534031">
				<ele>646.000000</ele>
			</trkpt>
			<trkpt lat="49.522633" lon="14.534031">
				<ele>644.000000</ele>
			</trkpt>
			<trkpt lat="49.522306" lon="14.534059">
				<ele>643.000000</ele>
			</trkpt>
			<trkpt lat="49.522003" lon="14.534121">
				<ele>643.000000</ele>
			</trkpt>
			<trkpt lat="49.521513" lon="14.534266">
				<ele>641.000000</ele>
			</trkpt>
			<trkpt lat="49.521513" lon="14.534266">
				<ele>641.000000</ele>
			</trkpt>
			<trkpt lat="49.521513" lon="14.534266">
				<ele>641.000000</ele>
			</trkpt>
			<trkpt lat="49.521513" lon="14.534266">
				<ele>641.000000</ele>
			</trkpt>
			<trkpt lat="49.521221" lon="14.534283">
				<ele>640.000000</ele>
			</trkpt>
			<trkpt lat="49.520965" lon="14.534310">
				<ele>638.000000</ele>
			</trkpt>
			<trkpt lat="49.520761" lon="14.534337">
				<ele>637.000000</ele>
			</trkpt>
			<trkpt lat="49.520551" lon="14.534400">
				<ele>636.000000</ele>
			</trkpt>
			<trkpt lat="49.520259" lon="14.534507">
				<ele>635.000000</ele>
			</trkpt>
			<trkpt lat="49.519478" lon="14.534849">
				<ele>632.000000</ele>
			</trkpt>
			<trkpt lat="49.519250" lon="14.534948">
				<ele>632.000000</ele>
			</trkpt>
			<trkpt lat="49.519052" lon="14.535065">
				<ele>631.000000</ele>
			</trkpt>
			<trkpt lat="49.518865" lon="14.535199">
				<ele>631.000000</ele>
			</trkpt>
			<trkpt lat="49.518585" lon="14.535424">
				<ele>631.000000</ele>
			</trkpt>
			<trkpt lat="49.518317" lon="14.535622">
				<ele>631.000000</ele>
			</trkpt>
			<trkpt lat="49.518066" lon="14.535801">
				<ele>630.000000</ele>
			</trkpt>
			<trkpt lat="49.517798" lon="14.535945">
				<ele>630.000000</ele>
			</trkpt>
			<trkpt lat="49.517477" lon="14.536080">
				<ele>630.000000</ele>
			</trkpt>
			<trkpt lat="49.517069" lon="14.536251">
				<ele>629.000000</ele>
			</trkpt>
			<trkpt lat="49.516900" lon="14.536340">
				<ele>629.000000</ele>
			</trkpt>
			<trkpt lat="49.516766" lon="14.536413">
				<ele>629.000000</ele>
			</trkpt>
			<trkpt lat="49.516649" lon="14.536493">
				<ele>629.000000</ele>
			</trkpt>
			<trkpt lat="49.516532" lon="14.536574">
				<ele>629.000000</ele>
			</trkpt>
			<trkpt lat="49.516428" lon="14.536673">
				<ele>628.000000</ele>
			</trkpt>
			<trkpt lat="49.516317" lon="14.536799">
				<ele>628.000000</ele>
			</trkpt>
			<trkpt lat="49.516183" lon="14.536951">
				<ele>627.000000</ele>
			</trkpt>
			<trkpt lat="49.516049" lon="14.537130">
				<ele>627.000000</ele>
			</trkpt>
			<trkpt lat="49.515827" lon="14.537436">
				<ele>627.000000</ele>
			</trkpt>
			<trkpt lat="49.515308" lon="14.538065">
				<ele>627.000000</ele>
			</trkpt>
			<trkpt lat="49.515180" lon="14.538209">
				<ele>627.000000</ele>
			</trkpt>
			<trkpt lat="49.515127" lon="14.538289">
				<ele>627.000000</ele>
			</trkpt>
			<trkpt lat="49.515074" lon="14.538388">
				<ele>627.000000</ele>
			</trkpt>
			<trkpt lat="49.515022" lon="14.538514">
				<ele>627.000000</ele>
			</trkpt>
			<trkpt lat="49.514946" lon="14.538694">
				<ele>626.000000</ele>
			</trkpt>
			<trkpt lat="49.514871" lon="14.538847">
				<ele>626.000000</ele>
			</trkpt>
			<trkpt lat="49.514590" lon="14.539331">
				<ele>624.000000</ele>
			</trkpt>
			<trkpt lat="49.514316" lon="14.539745">
				<ele>624.000000</ele>
			</trkpt>
			<trkpt lat="49.514147" lon="14.539969">
				<ele>623.000000</ele>
			</trkpt>
			<trkpt lat="49.513967" lon="14.540176">
				<ele>623.000000</ele>
			</trkpt>
			<trkpt lat="49.513780" lon="14.540373">
				<ele>622.000000</ele>
			</trkpt>
			<trkpt lat="49.513564" lon="14.540572">
				<ele>621.000000</ele>
			</trkpt>
			<trkpt lat="49.513535" lon="14.540472">
				<ele>622.000000</ele>
			</trkpt>
			<trkpt lat="49.513500" lon="14.540401">
				<ele>622.000000</ele>
			</trkpt>
			<trkpt lat="49.513354" lon="14.540159">
				<ele>623.000000</ele>
			</trkpt>
			<trkpt lat="49.513272" lon="14.540050">
				<ele>624.000000</ele>
			</trkpt>
			<trkpt lat="49.513202" lon="14.539969">
				<ele>624.000000</ele>
			</trkpt>
			<trkpt lat="49.513109" lon="14.539925">
				<ele>624.000000</ele>
			</trkpt>
			<trkpt lat="49.513004" lon="14.539916">
				<ele>624.000000</ele>
			</trkpt>
			<trkpt lat="49.512806" lon="14.539969">
				<ele>624.000000</ele>
			</trkpt>
			<trkpt lat="49.512730" lon="14.539987">
				<ele>624.000000</ele>
			</trkpt>
			<trkpt lat="49.512672" lon="14.539969">
				<ele>624.000000</ele>
			</trkpt>
			<trkpt lat="49.512607" lon="14.539960">
				<ele>625.000000</ele>
			</trkpt>
			<trkpt lat="49.512514" lon="14.539906">
				<ele>626.000000</ele>
			</trkpt>
			<trkpt lat="49.512310" lon="14.539763">
				<ele>630.000000</ele>
			</trkpt>
			<trkpt lat="49.512135" lon="14.539629">
				<ele>633.000000</ele>
			</trkpt>
			<trkpt lat="49.511505" lon="14.539107">
				<ele>636.000000</ele>
			</trkpt>
			<trkpt lat="49.511441" lon="14.539071">
				<ele>635.000000</ele>
			</trkpt>
			<trkpt lat="49.511388" lon="14.539053">
				<ele>635.000000</ele>
			</trkpt>
			<trkpt lat="49.511336" lon="14.539053">
				<ele>635.000000</ele>
			</trkpt>
			<trkpt lat="49.511289" lon="14.539098">
				<ele>634.000000</ele>
			</trkpt>
			<trkpt lat="49.511103" lon="14.539296">
				<ele>631.000000</ele>
			</trkpt>
			<trkpt lat="49.511010" lon="14.539367">
				<ele>629.000000</ele>
			</trkpt>
			<trkpt lat="49.510933" lon="14.539394">
				<ele>629.000000</ele>
			</trkpt>
			<trkpt lat="49.510857" lon="14.539403">
				<ele>629.000000</ele>
			</trkpt>
			<trkpt lat="49.510788" lon="14.539377">
				<ele>629.000000</ele>
			</trkpt>
			<trkpt lat="49.510578" lon="14.539260">
				<ele>628.000000</ele>
			</trkpt>
			<trkpt lat="49.510414" lon="14.539134">
				<ele>628.000000</ele>
			</trkpt>
			<trkpt lat="49.510274" lon="14.539000">
				<ele>627.000000</ele>
			</trkpt>
			<trkpt lat="49.510128" lon="14.538801">
				<ele>626.000000</ele>
			</trkpt>
			<trkpt lat="49.509732" lon="14.538254">
				<ele>624.000000</ele>
			</trkpt>
			<trkpt lat="49.509078" lon="14.537319">
				<ele>620.000000</ele>
			</trkpt>
			<trkpt lat="49.508390" lon="14.536340">
				<ele>616.000000</ele>
			</trkpt>
			<trkpt lat="49.507877" lon="14.535639">
				<ele>615.000000</ele>
			</trkpt>
			<trkpt lat="49.507696" lon="14.535406">
				<ele>615.000000</ele>
			</trkpt>
			<trkpt lat="49.507498" lon="14.535226">
				<ele>615.000000</ele>
			</trkpt>
			<trkpt lat="49.507241" lon="14.535011">
				<ele>618.000000</ele>
			</trkpt>
			<trkpt lat="49.507171" lon="14.534939">
				<ele>618.000000</ele>
			</trkpt>
			<trkpt lat="49.507107" lon="14.534858">
				<ele>617.000000</ele>
			</trkpt>
			<trkpt lat="49.506798" lon="14.534417">
				<ele>617.000000</ele>
			</trkpt>
			<trkpt lat="49.506191" lon="14.533501">
				<ele>613.000000</ele>
			</trkpt>
			<trkpt lat="49.506092" lon="14.533331">
				<ele>611.000000</ele>
			</trkpt>
			<trkpt lat="49.506033" lon="14.533205">
				<ele>610.000000</ele>
			</trkpt>
			<trkpt lat="49.505987" lon="14.533071">
				<ele>609.000000</ele>
			</trkpt>
			<trkpt lat="49.505958" lon="14.532891">
				<ele>608.000000</ele>
			</trkpt>
			<trkpt lat="49.505958" lon="14.532765">
				<ele>607.000000</ele>
			</trkpt>
			<trkpt lat="49.505964" lon="14.532675">
				<ele>606.000000</ele>
			</trkpt>
			<trkpt lat="49.505981" lon="14.532576">
				<ele>605.000000</ele>
			</trkpt>
			<trkpt lat="49.506016" lon="14.532478">
				<ele>604.000000</ele>
			</trkpt>
			<trkpt lat="49.506162" lon="14.532100">
				<ele>602.000000</ele>
			</trkpt>
			<trkpt lat="49.506267" lon="14.531759">
				<ele>602.000000</ele>
			</trkpt>
			<trkpt lat="49.506355" lon="14.531381">
				<ele>602.000000</ele>
			</trkpt>
			<trkpt lat="49.506477" lon="14.530735">
				<ele>605.000000</ele>
			</trkpt>
			<trkpt lat="49.506325" lon="14.530761">
				<ele>604.000000</ele>
			</trkpt>
			<trkpt lat="49.506191" lon="14.530788">
				<ele>604.000000</ele>
			</trkpt>
			<trkpt lat="49.506069" lon="14.530861">
				<ele>603.000000</ele>
			</trkpt>
			<trkpt lat="49.505806" lon="14.531004">
				<ele>602.000000</ele>
			</trkpt>
			<trkpt lat="49.505719" lon="14.531040">
				<ele>602.000000</ele>
			</trkpt>
			<trkpt lat="49.505520" lon="14.531166">
				<ele>602.000000</ele>
			</trkpt>
			<trkpt lat="49.504820" lon="14.531606">
				<ele>601.000000</ele>
			</trkpt>
			<trkpt lat="49.504674" lon="14.531687">
				<ele>600.000000</ele>
			</trkpt>
			<trkpt lat="49.504575" lon="14.531732">
				<ele>601.000000</ele>
			</trkpt>
			<trkpt lat="49.504476" lon="14.531759">
				<ele>601.000000</ele>
			</trkpt>
			<trkpt lat="49.504360" lon="14.531786">
				<ele>601.000000</ele>
			</trkpt>
			<trkpt lat="49.504126" lon="14.531795">
				<ele>600.000000</ele>
			</trkpt>
			<trkpt lat="49.503863" lon="14.531740">
				<ele>601.000000</ele>
			</trkpt>
			<trkpt lat="49.503245" lon="14.531606">
				<ele>601.000000</ele>
			</trkpt>
			<trkpt lat="49.502994" lon="14.531543">
				<ele>601.000000</ele>
			</trkpt>
			<trkpt lat="49.502831" lon="14.531453">
				<ele>602.000000</ele>
			</trkpt>
			<trkpt lat="49.502638" lon="14.531337">
				<ele>602.000000</ele>
			</trkpt>
			<trkpt lat="49.502569" lon="14.531291">
				<ele>602.000000</ele>
			</trkpt>
			<trkpt lat="49.502399" lon="14.531184">
				<ele>603.000000</ele>
			</trkpt>
			<trkpt lat="49.502323" lon="14.531157">
				<ele>603.000000</ele>
			</trkpt>
			<trkpt lat="49.502265" lon="14.531148">
				<ele>603.000000</ele>
			</trkpt>
			<trkpt lat="49.501623" lon="14.531085">
				<ele>606.000000</ele>
			</trkpt>
			<trkpt lat="49.501635" lon="14.531220">
				<ele>606.000000</ele>
			</trkpt>
			<trkpt lat="49.501635" lon="14.531220">
				<ele>606.000000</ele>
			</trkpt>
			<trkpt lat="49.501623" lon="14.531085">
				<ele>606.000000</ele>
			</trkpt>
			<trkpt lat="49.501571" lon="14.530905">
				<ele>607.000000</ele>
			</trkpt>
			<trkpt lat="49.501530" lon="14.530753">
				<ele>608.000000</ele>
			</trkpt>
			<trkpt lat="49.501512" lon="14.530618">
				<ele>608.000000</ele>
			</trkpt>
			<trkpt lat="49.501506" lon="14.530438">
				<ele>609.000000</ele>
			</trkpt>
			<trkpt lat="49.501484" lon="14.529648">
				<ele>612.000000</ele>
			</trkpt>
			<trkpt lat="49.501466" lon="14.529415">
				<ele>612.000000</ele>
			</trkpt>
			<trkpt lat="49.501437" lon="14.529163">
				<ele>612.000000</ele>
			</trkpt>
			<trkpt lat="49.500918" lon="14.525911">
				<ele>603.000000</ele>
			</trkpt>
			<trkpt lat="49.500900" lon="14.525777">
				<ele>603.000000</ele>
			</trkpt>
			<trkpt lat="49.500888" lon="14.525660">
				<ele>602.000000</ele>
			</trkpt>
			<trkpt lat="49.500900" lon="14.525561">
				<ele>602.000000</ele>
			</trkpt>
			<trkpt lat="49.500929" lon="14.525471">
				<ele>602.000000</ele>
			</trkpt>
			<trkpt lat="49.500947" lon="14.525354">
				<ele>602.000000</ele>
			</trkpt>
			<trkpt lat="49.500941" lon="14.525264">
				<ele>602.000000</ele>
			</trkpt>
			<trkpt lat="49.500923" lon="14.525174">
				<ele>602.000000</ele>
			</trkpt>
			<trkpt lat="49.500888" lon="14.525094">
				<ele>602.000000</ele>
			</trkpt>
			<trkpt lat="49.500824" lon="14.524941">
				<ele>602.000000</ele>
			</trkpt>
			<trkpt lat="49.500789" lon="14.524779">
				<ele>602.000000</ele>
			</trkpt>
			<trkpt lat="49.500649" lon="14.523907">
				<ele>605.000000</ele>
			</trkpt>
			<trkpt lat="49.500422" lon="14.522408">
				<ele>610.000000</ele>
			</trkpt>
			<trkpt lat="49.500381" lon="14.522174">
				<ele>611.000000</ele>
			</trkpt>
			<trkpt lat="49.500346" lon="14.521895">
				<ele>613.000000</ele>
			</trkpt>
			<trkpt lat="49.500229" lon="14.521886">
				<ele>614.000000</ele>
			</trkpt>
			<trkpt lat="49.500130" lon="14.521859">
				<ele>614.000000</ele>
			</trkpt>
			<trkpt lat="49.500037" lon="14.521832">
				<ele>614.000000</ele>
			</trkpt>
			<trkpt lat="49.499914" lon="14.521752">
				<ele>614.000000</ele>
			</trkpt>
			<trkpt lat="49.499803" lon="14.521698">
				<ele>614.000000</ele>
			</trkpt>
			<trkpt lat="49.499704" lon="14.521653">
				<ele>614.000000</ele>
			</trkpt>
			<trkpt lat="49.499599" lon="14.521626">
				<ele>614.000000</ele>
			</trkpt>
			<trkpt lat="49.499436" lon="14.521616">
				<ele>614.000000</ele>
			</trkpt>
			<trkpt lat="49.499202" lon="14.521608">
				<ele>613.000000</ele>
			</trkpt>
			<trkpt lat="49.499021" lon="14.521616">
				<ele>613.000000</ele>
			</trkpt>
			<trkpt lat="49.498858" lon="14.521689">
				<ele>612.000000</ele>
			</trkpt>
			<trkpt lat="49.498654" lon="14.521815">
				<ele>613.000000</ele>
			</trkpt>
			<trkpt lat="49.498257" lon="14.522084">
				<ele>613.000000</ele>
			</trkpt>
			<trkpt lat="49.498000" lon="14.522237">
				<ele>614.000000</ele>
			</trkpt>
			<trkpt lat="49.497732" lon="14.522381">
				<ele>616.000000</ele>
			</trkpt>
			<trkpt lat="49.497434" lon="14.522507">
				<ele>617.000000</ele>
			</trkpt>
			<trkpt lat="49.497259" lon="14.522551">
				<ele>619.000000</ele>
			</trkpt>
			<trkpt lat="49.497090" lon="14.522578">
				<ele>620.000000</ele>
			</trkpt>
			<trkpt lat="49.496927" lon="14.522569">
				<ele>621.000000</ele>
			</trkpt>
			<trkpt lat="49.496688" lon="14.522515">
				<ele>621.000000</ele>
			</trkpt>
			<trkpt lat="49.496652" lon="14.522507">
				<ele>621.000000</ele>
			</trkpt>
			<trkpt lat="49.496652" lon="14.522507">
				<ele>621.000000</ele>
			</trkpt>
			<trkpt lat="49.496524" lon="14.522488">
				<ele>620.000000</ele>
			</trkpt>
			<trkpt lat="49.496373" lon="14.522498">
				<ele>619.000000</ele>
			</trkpt>
			<trkpt lat="49.496221" lon="14.522561">
				<ele>617.000000</ele>
			</trkpt>
			<trkpt lat="49.496040" lon="14.522641">
				<ele>616.000000</ele>
			</trkpt>
			<trkpt lat="49.495695" lon="14.522838">
				<ele>612.000000</ele>
			</trkpt>
			<trkpt lat="49.495486" lon="14.522983">
				<ele>609.000000</ele>
			</trkpt>
			<trkpt lat="49.495258" lon="14.523135">
				<ele>607.000000</ele>
			</trkpt>
			<trkpt lat="49.495036" lon="14.523306">
				<ele>606.000000</ele>
			</trkpt>
			<trkpt lat="49.494954" lon="14.523360">
				<ele>605.000000</ele>
			</trkpt>
			<trkpt lat="49.494873" lon="14.523369">
				<ele>605.000000</ele>
			</trkpt>
			<trkpt lat="49.494622" lon="14.523377">
				<ele>604.000000</ele>
			</trkpt>
			<trkpt lat="49.494389" lon="14.523377">
				<ele>603.000000</ele>
			</trkpt>
			<trkpt lat="49.493881" lon="14.523413">
				<ele>603.000000</ele>
			</trkpt>
			<trkpt lat="49.493630" lon="14.523423">
				<ele>604.000000</ele>
			</trkpt>
			<trkpt lat="49.493531" lon="14.523440">
				<ele>606.000000</ele>
			</trkpt>
			<trkpt lat="49.493455" lon="14.523494">
				<ele>606.000000</ele>
			</trkpt>
			<trkpt lat="49.493379" lon="14.523593">
				<ele>607.000000</ele>
			</trkpt>
			<trkpt lat="49.493274" lon="14.523773">
				<ele>607.000000</ele>
			</trkpt>
			<trkpt lat="49.493222" lon="14.523872">
				<ele>607.000000</ele>
			</trkpt>
			<trkpt lat="49.493157" lon="14.523943">
				<ele>607.000000</ele>
			</trkpt>
			<trkpt lat="49.493076" lon="14.524016">
				<ele>607.000000</ele>
			</trkpt>
			<trkpt lat="49.492954" lon="14.524105">
				<ele>606.000000</ele>
			</trkpt>
			<trkpt lat="49.492825" lon="14.524195">
				<ele>606.000000</ele>
			</trkpt>
			<trkpt lat="49.492703" lon="14.524303">
				<ele>605.000000</ele>
			</trkpt>
			<trkpt lat="49.492259" lon="14.524734">
				<ele>604.000000</ele>
			</trkpt>
			<trkpt lat="49.492137" lon="14.524859">
				<ele>604.000000</ele>
			</trkpt>
			<trkpt lat="49.492038" lon="14.524977">
				<ele>602.000000</ele>
			</trkpt>
			<trkpt lat="49.491938" lon="14.525102">
				<ele>602.000000</ele>
			</trkpt>
			<trkpt lat="49.491822" lon="14.525264">
				<ele>601.000000</ele>
			</trkpt>
			<trkpt lat="49.491705" lon="14.525444">
				<ele>599.000000</ele>
			</trkpt>
			<trkpt lat="49.491588" lon="14.525587">
				<ele>599.000000</ele>
			</trkpt>
			<trkpt lat="49.491472" lon="14.525687">
				<ele>597.000000</ele>
			</trkpt>
			<trkpt lat="49.491319" lon="14.525794">
				<ele>597.000000</ele>
			</trkpt>
			<trkpt lat="49.490532" lon="14.526297">
				<ele>595.000000</ele>
			</trkpt>
			<trkpt lat="49.490380" lon="14.526423">
				<ele>594.000000</ele>
			</trkpt>
			<trkpt lat="49.490246" lon="14.526566">
				<ele>593.000000</ele>
			</trkpt>
			<trkpt lat="49.490112" lon="14.526639">
				<ele>593.000000</ele>
			</trkpt>
			<trkpt lat="49.490036" lon="14.526675">
				<ele>592.000000</ele>
			</trkpt>
			<trkpt lat="49.489995" lon="14.526719">
				<ele>591.000000</ele>
			</trkpt>
			<trkpt lat="49.489948" lon="14.526773">
				<ele>591.000000</ele>
			</trkpt>
			<trkpt lat="49.489913" lon="14.526845">
				<ele>590.000000</ele>
			</trkpt>
			<trkpt lat="49.489691" lon="14.527249">
				<ele>585.000000</ele>
			</trkpt>
			<trkpt lat="49.489656" lon="14.527348">
				<ele>585.000000</ele>
			</trkpt>
			<trkpt lat="49.489610" lon="14.527501">
				<ele>585.000000</ele>
			</trkpt>
			<trkpt lat="49.489032" lon="14.527572">
				<ele>582.000000</ele>
			</trkpt>
			<trkpt lat="49.489015" lon="14.527519">
				<ele>583.000000</ele>
			</trkpt>
			<trkpt lat="49.488991" lon="14.527474">
				<ele>583.000000</ele>
			</trkpt>
			<trkpt lat="49.488962" lon="14.527448">
				<ele>583.000000</ele>
			</trkpt>
			<trkpt lat="49.488927" lon="14.527438">
				<ele>583.000000</ele>
			</trkpt>
			<trkpt lat="49.488694" lon="14.527384">
				<ele>583.000000</ele>
			</trkpt>
			<trkpt lat="49.488484" lon="14.527303">
				<ele>583.000000</ele>
			</trkpt>
			<trkpt lat="49.488069" lon="14.527115">
				<ele>585.000000</ele>
			</trkpt>
			<trkpt lat="49.487556" lon="14.526935">
				<ele>588.000000</ele>
			</trkpt>
			<trkpt lat="49.486903" lon="14.526719">
				<ele>589.000000</ele>
			</trkpt>
			<trkpt lat="49.486593" lon="14.526557">
				<ele>590.000000</ele>
			</trkpt>
			<trkpt lat="49.486482" lon="14.526477">
				<ele>589.000000</ele>
			</trkpt>
			<trkpt lat="49.486377" lon="14.526377">
				<ele>588.000000</ele>
			</trkpt>
			<trkpt lat="49.486161" lon="14.526836">
				<ele>582.000000</ele>
			</trkpt>
			<trkpt lat="49.485974" lon="14.527186">
				<ele>578.000000</ele>
			</trkpt>
			<trkpt lat="49.485904" lon="14.527295">
				<ele>577.000000</ele>
			</trkpt>
			<trkpt lat="49.485858" lon="14.527393">
				<ele>576.000000</ele>
			</trkpt>
			<trkpt lat="49.485834" lon="14.527492">
				<ele>575.000000</ele>
			</trkpt>
			<trkpt lat="49.485823" lon="14.527599">
				<ele>575.000000</ele>
			</trkpt>
			<trkpt lat="49.485642" lon="14.527671">
				<ele>574.000000</ele>
			</trkpt>
			<trkpt lat="49.485671" lon="14.528103">
				<ele>573.000000</ele>
			</trkpt>
			<trkpt lat="49.485694" lon="14.528085">
				<ele>573.000000</ele>
			</trkpt>
			<trkpt lat="49.485694" lon="14.528085">
				<ele>573.000000</ele>
			</trkpt>
			<trkpt lat="49.485904" lon="14.527950">
				<ele>573.000000</ele>
			</trkpt>
			<trkpt lat="49.486132" lon="14.528165">
				<ele>573.000000</ele>
			</trkpt>
			<trkpt lat="49.486260" lon="14.528687">
				<ele>573.000000</ele>
			</trkpt>
			<trkpt lat="49.486324" lon="14.529019">
				<ele>573.000000</ele>
			</trkpt>
			<trkpt lat="49.486377" lon="14.529333">
				<ele>573.000000</ele>
			</trkpt>
			<trkpt lat="49.486418" lon="14.529711">
				<ele>574.000000</ele>
			</trkpt>
			<trkpt lat="49.486435" lon="14.529872">
				<ele>574.000000</ele>
			</trkpt>
			<trkpt lat="49.486482" lon="14.530052">
				<ele>574.000000</ele>
			</trkpt>
			<trkpt lat="49.486564" lon="14.530277">
				<ele>575.000000</ele>
			</trkpt>
			<trkpt lat="49.486616" lon="14.530367">
				<ele>575.000000</ele>
			</trkpt>
			<trkpt lat="49.486681" lon="14.530484">
				<ele>576.000000</ele>
			</trkpt>
			<trkpt lat="49.486750" lon="14.530574">
				<ele>576.000000</ele>
			</trkpt>
			<trkpt lat="49.486890" lon="14.530744">
				<ele>578.000000</ele>
			</trkpt>
			<trkpt lat="49.486990" lon="14.530887">
				<ele>579.000000</ele>
			</trkpt>
			<trkpt lat="49.487071" lon="14.531031">
				<ele>580.000000</ele>
			</trkpt>
			<trkpt lat="49.487136" lon="14.531166">
				<ele>581.000000</ele>
			</trkpt>
			<trkpt lat="49.487352" lon="14.531660">
				<ele>585.000000</ele>
			</trkpt>
			<trkpt lat="49.487585" lon="14.532199">
				<ele>589.000000</ele>
			</trkpt>
			<trkpt lat="49.487847" lon="14.532756">
				<ele>593.000000</ele>
			</trkpt>
			<trkpt lat="49.487924" lon="14.532927">
				<ele>594.000000</ele>
			</trkpt>
			<trkpt lat="49.488122" lon="14.533394">
				<ele>596.000000</ele>
			</trkpt>
			<trkpt lat="49.488221" lon="14.533601">
				<ele>597.000000</ele>
			</trkpt>
			<trkpt lat="49.488279" lon="14.533708">
				<ele>598.000000</ele>
			</trkpt>
			<trkpt lat="49.488449" lon="14.534014">
				<ele>600.000000</ele>
			</trkpt>
			<trkpt lat="49.488600" lon="14.534310">
				<ele>602.000000</ele>
			</trkpt>
			<trkpt lat="49.488676" lon="14.534427">
				<ele>603.000000</ele>
			</trkpt>
			<trkpt lat="49.488758" lon="14.534589">
				<ele>603.000000</ele>
			</trkpt>
			<trkpt lat="49.489021" lon="14.535262">
				<ele>605.000000</ele>
			</trkpt>
			<trkpt lat="49.489102" lon="14.535424">
				<ele>605.000000</ele>
			</trkpt>
			<trkpt lat="49.489201" lon="14.535604">
				<ele>606.000000</ele>
			</trkpt>
			<trkpt lat="49.489499" lon="14.536044">
				<ele>608.000000</ele>
			</trkpt>
			<trkpt lat="49.489581" lon="14.536143">
				<ele>608.000000</ele>
			</trkpt>
			<trkpt lat="49.489662" lon="14.536233">
				<ele>609.000000</ele>
			</trkpt>
			<trkpt lat="49.489913" lon="14.536377">
				<ele>612.000000</ele>
			</trkpt>
			<trkpt lat="49.490042" lon="14.536440">
				<ele>613.000000</ele>
			</trkpt>
			<trkpt lat="49.490304" lon="14.536601">
				<ele>615.000000</ele>
			</trkpt>
			<trkpt lat="49.490403" lon="14.536646">
				<ele>616.000000</ele>
			</trkpt>
			<trkpt lat="49.490526" lon="14.536673">
				<ele>618.000000</ele>
			</trkpt>
			<trkpt lat="49.491016" lon="14.536780">
				<ele>622.000000</ele>
			</trkpt>
			<trkpt lat="49.491256" lon="14.536843">
				<ele>624.000000</ele>
			</trkpt>
			<trkpt lat="49.491518" lon="14.536933">
				<ele>626.000000</ele>
			</trkpt>
			<trkpt lat="49.491781" lon="14.537059">
				<ele>627.000000</ele>
			</trkpt>
			<trkpt lat="49.491944" lon="14.537140">
				<ele>628.000000</ele>
			</trkpt>
			<trkpt lat="49.492060" lon="14.537220">
				<ele>629.000000</ele>
			</trkpt>
			<trkpt lat="49.492160" lon="14.537302">
				<ele>629.000000</ele>
			</trkpt>
			<trkpt lat="49.492265" lon="14.537409">
				<ele>629.000000</ele>
			</trkpt>
			<trkpt lat="49.492738" lon="14.537948">
				<ele>630.000000</ele>
			</trkpt>
			<trkpt lat="49.492971" lon="14.538218">
				<ele>630.000000</ele>
			</trkpt>
			<trkpt lat="49.493053" lon="14.538308">
				<ele>630.000000</ele>
			</trkpt>
			<trkpt lat="49.493146" lon="14.538361">
				<ele>630.000000</ele>
			</trkpt>
			<trkpt lat="49.493578" lon="14.538640">
				<ele>627.000000</ele>
			</trkpt>
			<trkpt lat="49.493660" lon="14.538694">
				<ele>626.000000</ele>
			</trkpt>
			<trkpt lat="49.493729" lon="14.538765">
				<ele>626.000000</ele>
			</trkpt>
			<trkpt lat="49.493858" lon="14.538901">
				<ele>624.000000</ele>
			</trkpt>
			<trkpt lat="49.493957" lon="14.539080">
				<ele>624.000000</ele>
			</trkpt>
			<trkpt lat="49.494173" lon="14.539511">
				<ele>623.000000</ele>
			</trkpt>
			<trkpt lat="49.494529" lon="14.540122">
				<ele>622.000000</ele>
			</trkpt>
			<trkpt lat="49.494826" lon="14.540661">
				<ele>623.000000</ele>
			</trkpt>
			<trkpt lat="49.495118" lon="14.541147">
				<ele>623.000000</ele>
			</trkpt>
			<trkpt lat="49.495480" lon="14.541748">
				<ele>624.000000</ele>
			</trkpt>
			<trkpt lat="49.495614" lon="14.541927">
				<ele>625.000000</ele>
			</trkpt>
			<trkpt lat="49.495742" lon="14.542044">
				<ele>626.000000</ele>
			</trkpt>
			<trkpt lat="49.495894" lon="14.542143">
				<ele>627.000000</ele>
			</trkpt>
			<trkpt lat="49.496157" lon="14.542251">
				<ele>628.000000</ele>
			</trkpt>
			<trkpt lat="49.496227" lon="14.542279">
				<ele>628.000000</ele>
			</trkpt>
			<trkpt lat="49.496291" lon="14.542296">
				<ele>628.000000</ele>
			</trkpt>
			<trkpt lat="49.496343" lon="14.542287">
				<ele>629.000000</ele>
			</trkpt>
			<trkpt lat="49.496378" lon="14.542233">
				<ele>629.000000</ele>
			</trkpt>
			<trkpt lat="49.496425" lon="14.542197">
				<ele>628.000000</ele>
			</trkpt>
			<trkpt lat="49.496460" lon="14.542197">
				<ele>629.000000</ele>
			</trkpt>
			<trkpt lat="49.496507" lon="14.542206">
				<ele>629.000000</ele>
			</trkpt>
			<trkpt lat="49.496647" lon="14.542306">
				<ele>629.000000</ele>
			</trkpt>
			<trkpt lat="49.496810" lon="14.542386">
				<ele>628.000000</ele>
			</trkpt>
			<trkpt lat="49.496886" lon="14.542413">
				<ele>628.000000</ele>
			</trkpt>
			<trkpt lat="49.496956" lon="14.542422">
				<ele>628.000000</ele>
			</trkpt>
			<trkpt lat="49.497020" lon="14.542413">
				<ele>628.000000</ele>
			</trkpt>
			<trkpt lat="49.497102" lon="14.542369">
				<ele>627.000000</ele>
			</trkpt>
			<trkpt lat="49.497172" lon="14.542350">
				<ele>627.000000</ele>
			</trkpt>
			<trkpt lat="49.497271" lon="14.542369">
				<ele>627.000000</ele>
			</trkpt>
			<trkpt lat="49.497837" lon="14.542440">
				<ele>627.000000</ele>
			</trkpt>
			<trkpt lat="49.497948" lon="14.542467">
				<ele>627.000000</ele>
			</trkpt>
			<trkpt lat="49.498065" lon="14.542539">
				<ele>627.000000</ele>
			</trkpt>
			<trkpt lat="49.498596" lon="14.542889">
				<ele>628.000000</ele>
			</trkpt>
			<trkpt lat="49.498730" lon="14.542969">
				<ele>628.000000</ele>
			</trkpt>
			<trkpt lat="49.498899" lon="14.543122">
				<ele>628.000000</ele>
			</trkpt>
			<trkpt lat="49.499010" lon="14.543203">
				<ele>628.000000</ele>
			</trkpt>
			<trkpt lat="49.499091" lon="14.543258">
				<ele>628.000000</ele>
			</trkpt>
			<trkpt lat="49.499208" lon="14.543338">
				<ele>627.000000</ele>
			</trkpt>
			<trkpt lat="49.499324" lon="14.543482">
				<ele>626.000000</ele>
			</trkpt>
			<trkpt lat="49.499622" lon="14.543877">
				<ele>625.000000</ele>
			</trkpt>
			<trkpt lat="49.499879" lon="14.544273">
				<ele>624.000000</ele>
			</trkpt>
			<trkpt lat="49.499943" lon="14.544371">
				<ele>624.000000</ele>
			</trkpt>
			<trkpt lat="49.499978" lon="14.544480">
				<ele>624.000000</ele>
			</trkpt>
			<trkpt lat="49.500013" lon="14.544587">
				<ele>624.000000</ele>
			</trkpt>
			<trkpt lat="49.500060" lon="14.544784">
				<ele>624.000000</ele>
			</trkpt>
			<trkpt lat="49.500078" lon="14.544883">
				<ele>624.000000</ele>
			</trkpt>
			<trkpt lat="49.500089" lon="14.544991">
				<ele>624.000000</ele>
			</trkpt>
			<trkpt lat="49.500095" lon="14.545243">
				<ele>625.000000</ele>
			</trkpt>
			<trkpt lat="49.500071" lon="14.546204">
				<ele>625.000000</ele>
			</trkpt>
			<trkpt lat="49.500071" lon="14.546302">
				<ele>625.000000</ele>
			</trkpt>
			<trkpt lat="49.500083" lon="14.546438">
				<ele>624.000000</ele>
			</trkpt>
			<trkpt lat="49.500112" lon="14.546564">
				<ele>624.000000</ele>
			</trkpt>
			<trkpt lat="49.500147" lon="14.546671">
				<ele>624.000000</ele>
			</trkpt>
			<trkpt lat="49.500212" lon="14.546788">
				<ele>624.000000</ele>
			</trkpt>
			<trkpt lat="49.500322" lon="14.546923">
				<ele>624.000000</ele>
			</trkpt>
			<trkpt lat="49.500428" lon="14.547021">
				<ele>623.000000</ele>
			</trkpt>
			<trkpt lat="49.500538" lon="14.547084">
				<ele>623.000000</ele>
			</trkpt>
			<trkpt lat="49.500853" lon="14.547219">
				<ele>620.000000</ele>
			</trkpt>
			<trkpt lat="49.501151" lon="14.547380">
				<ele>618.000000</ele>
			</trkpt>
			<trkpt lat="49.501303" lon="14.547480">
				<ele>617.000000</ele>
			</trkpt>
			<trkpt lat="49.501530" lon="14.547587">
				<ele>615.000000</ele>
			</trkpt>
			<trkpt lat="49.501606" lon="14.547641">
				<ele>614.000000</ele>
			</trkpt>
			<trkpt lat="49.501863" lon="14.547830">
				<ele>613.000000</ele>
			</trkpt>
			<trkpt lat="49.502026" lon="14.547983">
				<ele>613.000000</ele>
			</trkpt>
			<trkpt lat="49.502166" lon="14.548009">
				<ele>612.000000</ele>
			</trkpt>
			<trkpt lat="49.502294" lon="14.548063">
				<ele>612.000000</ele>
			</trkpt>
			<trkpt lat="49.502422" lon="14.548117">
				<ele>611.000000</ele>
			</trkpt>
			<trkpt lat="49.502621" lon="14.548225">
				<ele>611.000000</ele>
			</trkpt>
			<trkpt lat="49.502843" lon="14.548378">
				<ele>611.000000</ele>
			</trkpt>
			<trkpt lat="49.502924" lon="14.548441">
				<ele>611.000000</ele>
			</trkpt>
			<trkpt lat="49.503018" lon="14.548539">
				<ele>612.000000</ele>
			</trkpt>
			<trkpt lat="49.503099" lon="14.548621">
				<ele>612.000000</ele>
			</trkpt>
			<trkpt lat="49.503169" lon="14.548692">
				<ele>612.000000</ele>
			</trkpt>
			<trkpt lat="49.503403" lon="14.548854">
				<ele>612.000000</ele>
			</trkpt>
			<trkpt lat="49.503554" lon="14.548935">
				<ele>612.000000</ele>
			</trkpt>
			<trkpt lat="49.503694" lon="14.549007">
				<ele>612.000000</ele>
			</trkpt>
			<trkpt lat="49.503829" lon="14.549042">
				<ele>612.000000</ele>
			</trkpt>
			<trkpt lat="49.504015" lon="14.549097">
				<ele>612.000000</ele>
			</trkpt>
			<trkpt lat="49.504330" lon="14.549177">
				<ele>612.000000</ele>
			</trkpt>
			<trkpt lat="49.504365" lon="14.549151">
				<ele>612.000000</ele>
			</trkpt>
			<trkpt lat="49.504365" lon="14.549151">
				<ele>612.000000</ele>
			</trkpt>
			<trkpt lat="49.504330" lon="14.549177">
				<ele>612.000000</ele>
			</trkpt>
			<trkpt lat="49.504126" lon="14.549375">
				<ele>613.000000</ele>
			</trkpt>
			<trkpt lat="49.502779" lon="14.550740">
				<ele>620.000000</ele>
			</trkpt>
			<trkpt lat="49.501197" lon="14.552384">
				<ele>629.000000</ele>
			</trkpt>
			<trkpt lat="49.500912" lon="14.552690">
				<ele>628.000000</ele>
			</trkpt>
			<trkpt lat="49.500737" lon="14.552896">
				<ele>627.000000</ele>
			</trkpt>
			<trkpt lat="49.500597" lon="14.553103">
				<ele>627.000000</ele>
			</trkpt>
			<trkpt lat="49.500480" lon="14.553327">
				<ele>626.000000</ele>
			</trkpt>
			<trkpt lat="49.500410" lon="14.553498">
				<ele>626.000000</ele>
			</trkpt>
			<trkpt lat="49.500357" lon="14.553686">
				<ele>626.000000</ele>
			</trkpt>
			<trkpt lat="49.500311" lon="14.553912">
				<ele>626.000000</ele>
			</trkpt>
			<trkpt lat="49.500276" lon="14.554136">
				<ele>626.000000</ele>
			</trkpt>
			<trkpt lat="49.500153" lon="14.555196">
				<ele>626.000000</ele>
			</trkpt>
			<trkpt lat="49.500007" lon="14.556633">
				<ele>628.000000</ele>
			</trkpt>
			<trkpt lat="49.499850" lon="14.557990">
				<ele>628.000000</ele>
			</trkpt>
			<trkpt lat="49.499745" lon="14.559076">
				<ele>628.000000</ele>
			</trkpt>
			<trkpt lat="49.499739" lon="14.559256">
				<ele>627.000000</ele>
			</trkpt>
			<trkpt lat="49.499710" lon="14.559651">
				<ele>627.000000</ele>
			</trkpt>
			<trkpt lat="49.499756" lon="14.559975">
				<ele>626.000000</ele>
			</trkpt>
			<trkpt lat="49.499774" lon="14.560074">
				<ele>626.000000</ele>
			</trkpt>
			<trkpt lat="49.499803" lon="14.560154">
				<ele>626.000000</ele>
			</trkpt>
			<trkpt lat="49.499850" lon="14.560244">
				<ele>626.000000</ele>
			</trkpt>
			<trkpt lat="49.499914" lon="14.560307">
				<ele>626.000000</ele>
			</trkpt>
			<trkpt lat="49.500031" lon="14.560433">
				<ele>626.000000</ele>
			</trkpt>
			<trkpt lat="49.500083" lon="14.560514">
				<ele>626.000000</ele>
			</trkpt>
			<trkpt lat="49.500130" lon="14.560594">
				<ele>626.000000</ele>
			</trkpt>
			<trkpt lat="49.500177" lon="14.560694">
				<ele>625.000000</ele>
			</trkpt>
			<trkpt lat="49.500456" lon="14.561546">
				<ele>621.000000</ele>
			</trkpt>
			<trkpt lat="49.500486" lon="14.561646">
				<ele>621.000000</ele>
			</trkpt>
			<trkpt lat="49.500503" lon="14.561736">
				<ele>621.000000</ele>
			</trkpt>
			<trkpt lat="49.500503" lon="14.561862">
				<ele>620.000000</ele>
			</trkpt>
			<trkpt lat="49.500503" lon="14.562086">
				<ele>619.000000</ele>
			</trkpt>
			<trkpt lat="49.500538" lon="14.562122">
				<ele>619.000000</ele>
			</trkpt>
			<trkpt lat="49.500579" lon="14.562194">
				<ele>619.000000</ele>
			</trkpt>
			<trkpt lat="49.500597" lon="14.562265">
				<ele>618.000000</ele>
			</trkpt>
			<trkpt lat="49.500620" lon="14.562347">
				<ele>618.000000</ele>
			</trkpt>
			<trkpt lat="49.500766" lon="14.562967">
				<ele>616.000000</ele>
			</trkpt>
			<trkpt lat="49.500877" lon="14.563353">
				<ele>616.000000</ele>
			</trkpt>
			<trkpt lat="49.501005" lon="14.563712">
				<ele>615.000000</ele>
			</trkpt>
			<trkpt lat="49.501098" lon="14.563919">
				<ele>615.000000</ele>
			</trkpt>
			<trkpt lat="49.501180" lon="14.564099">
				<ele>615.000000</ele>
			</trkpt>
			<trkpt lat="49.501320" lon="14.564368">
				<ele>615.000000</ele>
			</trkpt>
			<trkpt lat="49.501419" lon="14.564538">
				<ele>615.000000</ele>
			</trkpt>
			<trkpt lat="49.501495" lon="14.564673">
				<ele>616.000000</ele>
			</trkpt>
			<trkpt lat="49.501547" lon="14.564808">
				<ele>616.000000</ele>
			</trkpt>
			<trkpt lat="49.501594" lon="14.564988">
				<ele>616.000000</ele>
			</trkpt>
			<trkpt lat="49.501641" lon="14.565194">
				<ele>616.000000</ele>
			</trkpt>
			<trkpt lat="49.501839" lon="14.565733">
				<ele>615.000000</ele>
			</trkpt>
			<trkpt lat="49.502020" lon="14.566219">
				<ele>614.000000</ele>
			</trkpt>
			<trkpt lat="49.502697" lon="14.568213">
				<ele>614.000000</ele>
			</trkpt>
			<trkpt lat="49.502866" lon="14.568680">
				<ele>615.000000</ele>
			</trkpt>
			<trkpt lat="49.503070" lon="14.569219">
				<ele>616.000000</ele>
			</trkpt>
			<trkpt lat="49.503187" lon="14.569488">
				<ele>616.000000</ele>
			</trkpt>
			<trkpt lat="49.503292" lon="14.569686">
				<ele>617.000000</ele>
			</trkpt>
			<trkpt lat="49.503414" lon="14.569865">
				<ele>617.000000</ele>
			</trkpt>
			<trkpt lat="49.503584" lon="14.570045">
				<ele>618.000000</ele>
			</trkpt>
			<trkpt lat="49.504132" lon="14.570557">
				<ele>620.000000</ele>
			</trkpt>
			<trkpt lat="49.504441" lon="14.570835">
				<ele>621.000000</ele>
			</trkpt>
			<trkpt lat="49.504756" lon="14.571096">
				<ele>621.000000</ele>
			</trkpt>
			<trkpt lat="49.505135" lon="14.571357">
				<ele>621.000000</ele>
			</trkpt>
			<trkpt lat="49.505701" lon="14.571733">
				<ele>617.000000</ele>
			</trkpt>
			<trkpt lat="49.505964" lon="14.571869">
				<ele>615.000000</ele>
			</trkpt>
			<trkpt lat="49.506244" lon="14.571976">
				<ele>612.000000</ele>
			</trkpt>
			<trkpt lat="49.506593" lon="14.572075">
				<ele>609.000000</ele>
			</trkpt>
			<trkpt lat="49.506792" lon="14.572156">
				<ele>608.000000</ele>
			</trkpt>
			<trkpt lat="49.506891" lon="14.572192">
				<ele>607.000000</ele>
			</trkpt>
			<trkpt lat="49.507008" lon="14.572138">
				<ele>607.000000</ele>
			</trkpt>
			<trkpt lat="49.507107" lon="14.572066">
				<ele>605.000000</ele>
			</trkpt>
			<trkpt lat="49.507107" lon="14.572066">
				<ele>605.000000</ele>
			</trkpt>
			<trkpt lat="49.507107" lon="14.572066">
				<ele>605.000000</ele>
			</trkpt>
			<trkpt lat="49.507089" lon="14.572416">
				<ele>607.000000</ele>
			</trkpt>
			<trkpt lat="49.507089" lon="14.572498">
				<ele>608.000000</ele>
			</trkpt>
			<trkpt lat="49.507101" lon="14.572623">
				<ele>608.000000</ele>
			</trkpt>
			<trkpt lat="49.507118" lon="14.572712">
				<ele>609.000000</ele>
			</trkpt>
			<trkpt lat="49.507165" lon="14.572865">
				<ele>610.000000</ele>
			</trkpt>
			<trkpt lat="49.507200" lon="14.572920">
				<ele>610.000000</ele>
			</trkpt>
			<trkpt lat="49.507230" lon="14.572965">
				<ele>610.000000</ele>
			</trkpt>
			<trkpt lat="49.507463" lon="14.573144">
				<ele>611.000000</ele>
			</trkpt>
			<trkpt lat="49.507533" lon="14.573207">
				<ele>612.000000</ele>
			</trkpt>
			<trkpt lat="49.507608" lon="14.573324">
				<ele>612.000000</ele>
			</trkpt>
			<trkpt lat="49.507679" lon="14.573458">
				<ele>614.000000</ele>
			</trkpt>
			<trkpt lat="49.507813" lon="14.573773">
				<ele>617.000000</ele>
			</trkpt>
			<trkpt lat="49.507959" lon="14.574052">
				<ele>620.000000</ele>
			</trkpt>
			<trkpt lat="49.508105" lon="14.574312">
				<ele>622.000000</ele>
			</trkpt>
			<trkpt lat="49.508414" lon="14.574806">
				<ele>625.000000</ele>
			</trkpt>
			<trkpt lat="49.508466" lon="14.574905">
				<ele>625.000000</ele>
			</trkpt>
			<trkpt lat="49.508501" lon="14.574995">
				<ele>625.000000</ele>
			</trkpt>
			<trkpt lat="49.508542" lon="14.575112">
				<ele>627.000000</ele>
			</trkpt>
			<trkpt lat="49.508548" lon="14.575192">
				<ele>627.000000</ele>
			</trkpt>
			<trkpt lat="49.508559" lon="14.575273">
				<ele>628.000000</ele>
			</trkpt>
			<trkpt lat="49.508559" lon="14.575372">
				<ele>628.000000</ele>
			</trkpt>
			<trkpt lat="49.508542" lon="14.575471">
				<ele>628.000000</ele>
			</trkpt>
			<trkpt lat="49.508512" lon="14.575561">
				<ele>628.000000</ele>
			</trkpt>
			<trkpt lat="49.508454" lon="14.575741">
				<ele>628.000000</ele>
			</trkpt>
			<trkpt lat="49.508408" lon="14.575894">
				<ele>628.000000</ele>
			</trkpt>
			<trkpt lat="49.508320" lon="14.576297">
				<ele>627.000000</ele>
			</trkpt>
			<trkpt lat="49.508233" lon="14.576647">
				<ele>625.000000</ele>
			</trkpt>
			<trkpt lat="49.508134" lon="14.576936">
				<ele>623.000000</ele>
			</trkpt>
			<trkpt lat="49.507965" lon="14.577366">
				<ele>618.000000</ele>
			</trkpt>
			<trkpt lat="49.507562" lon="14.578291">
				<ele>610.000000</ele>
			</trkpt>
			<trkpt lat="49.507446" lon="14.578597">
				<ele>608.000000</ele>
			</trkpt>
			<trkpt lat="49.507329" lon="14.578920">
				<ele>607.000000</ele>
			</trkpt>
			<trkpt lat="49.507241" lon="14.579181">
				<ele>607.000000</ele>
			</trkpt>
			<trkpt lat="49.507171" lon="14.579433">
				<ele>607.000000</ele>
			</trkpt>
			<trkpt lat="49.507118" lon="14.579675">
				<ele>608.000000</ele>
			</trkpt>
			<trkpt lat="49.507089" lon="14.579899">
				<ele>609.000000</ele>
			</trkpt>
			<trkpt lat="49.507083" lon="14.580125">
				<ele>608.000000</ele>
			</trkpt>
			<trkpt lat="49.507083" lon="14.580339">
				<ele>608.000000</ele>
			</trkpt>
			<trkpt lat="49.507113" lon="14.580565">
				<ele>606.000000</ele>
			</trkpt>
			<trkpt lat="49.507159" lon="14.580798">
				<ele>604.000000</ele>
			</trkpt>
			<trkpt lat="49.507358" lon="14.581570">
				<ele>599.000000</ele>
			</trkpt>
			<trkpt lat="49.507422" lon="14.581831">
				<ele>598.000000</ele>
			</trkpt>
			<trkpt lat="49.507440" lon="14.581993">
				<ele>597.000000</ele>
			</trkpt>
			<trkpt lat="49.507457" lon="14.582163">
				<ele>596.000000</ele>
			</trkpt>
			<trkpt lat="49.507468" lon="14.582523">
				<ele>595.000000</ele>
			</trkpt>
			<trkpt lat="49.507468" lon="14.582739">
				<ele>594.000000</ele>
			</trkpt>
			<trkpt lat="49.507474" lon="14.583968">
				<ele>591.000000</ele>
			</trkpt>
			<trkpt lat="49.507486" lon="14.584293">
				<ele>589.000000</ele>
			</trkpt>
			<trkpt lat="49.507515" lon="14.584616">
				<ele>588.000000</ele>
			</trkpt>
			<trkpt lat="49.507533" lon="14.584894">
				<ele>586.000000</ele>
			</trkpt>
			<trkpt lat="49.507527" lon="14.585146">
				<ele>585.000000</ele>
			</trkpt>
			<trkpt lat="49.507509" lon="14.585370">
				<ele>584.000000</ele>
			</trkpt>
			<trkpt lat="49.507474" lon="14.585756">
				<ele>584.000000</ele>
			</trkpt>
			<trkpt lat="49.507323" lon="14.586916">
				<ele>583.000000</ele>
			</trkpt>
			<trkpt lat="49.507288" lon="14.587149">
				<ele>583.000000</ele>
			</trkpt>
			<trkpt lat="49.507235" lon="14.587383">
				<ele>584.000000</ele>
			</trkpt>
			<trkpt lat="49.507171" lon="14.587607">
				<ele>584.000000</ele>
			</trkpt>
			<trkpt lat="49.507113" lon="14.587832">
				<ele>584.000000</ele>
			</trkpt>
			<trkpt lat="49.507060" lon="14.588020">
				<ele>584.000000</ele>
			</trkpt>
			<trkpt lat="49.507014" lon="14.588272">
				<ele>584.000000</ele>
			</trkpt>
			<trkpt lat="49.506862" lon="14.588398">
				<ele>585.000000</ele>
			</trkpt>
			<trkpt lat="49.506780" lon="14.588452">
				<ele>585.000000</ele>
			</trkpt>
			<trkpt lat="49.506774" lon="14.588784">
				<ele>584.000000</ele>
			</trkpt>
			<trkpt lat="49.506757" lon="14.588918">
				<ele>583.000000</ele>
			</trkpt>
			<trkpt lat="49.506728" lon="14.589071">
				<ele>582.000000</ele>
			</trkpt>
			<trkpt lat="49.506687" lon="14.589278">
				<ele>581.000000</ele>
			</trkpt>
			<trkpt lat="49.506675" lon="14.589404">
				<ele>580.000000</ele>
			</trkpt>
			<trkpt lat="49.506670" lon="14.589494">
				<ele>580.000000</ele>
			</trkpt>
			<trkpt lat="49.506652" lon="14.589557">
				<ele>579.000000</ele>
			</trkpt>
			<trkpt lat="49.506623" lon="14.589628">
				<ele>579.000000</ele>
			</trkpt>
			<trkpt lat="49.506570" lon="14.589727">
				<ele>578.000000</ele>
			</trkpt>
			<trkpt lat="49.506517" lon="14.589826">
				<ele>577.000000</ele>
			</trkpt>
			<trkpt lat="49.506489" lon="14.589889">
				<ele>576.000000</ele>
			</trkpt>
			<trkpt lat="49.506471" lon="14.589979">
				<ele>575.000000</ele>
			</trkpt>
			<trkpt lat="49.506471" lon="14.590069">
				<ele>575.000000</ele>
			</trkpt>
			<trkpt lat="49.506483" lon="14.590213">
				<ele>573.000000</ele>
			</trkpt>
			<trkpt lat="49.506517" lon="14.590347">
				<ele>573.000000</ele>
			</trkpt>
			<trkpt lat="49.506547" lon="14.590455">
				<ele>571.000000</ele>
			</trkpt>
			<trkpt lat="49.506914" lon="14.591452">
				<ele>562.000000</ele>
			</trkpt>
			<trkpt lat="49.507020" lon="14.591767">
				<ele>559.000000</ele>
			</trkpt>
			<trkpt lat="49.507107" lon="14.592081">
				<ele>555.000000</ele>
			</trkpt>
			<trkpt lat="49.507183" lon="14.592413">
				<ele>553.000000</ele>
			</trkpt>
			<trkpt lat="49.507235" lon="14.592700">
				<ele>549.000000</ele>
			</trkpt>
			<trkpt lat="49.507276" lon="14.593105">
				<ele>546.000000</ele>
			</trkpt>
			<trkpt lat="49.507299" lon="14.593465">
				<ele>544.000000</ele>
			</trkpt>
			<trkpt lat="49.507340" lon="14.594425">
				<ele>540.000000</ele>
			</trkpt>
			<trkpt lat="49.507364" lon="14.595197">
				<ele>535.000000</ele>
			</trkpt>
			<trkpt lat="49.507375" lon="14.595962">
				<ele>531.000000</ele>
			</trkpt>
			<trkpt lat="49.507369" lon="14.597012">
				<ele>526.000000</ele>
			</trkpt>
			<trkpt lat="49.507358" lon="14.597444">
				<ele>525.000000</ele>
			</trkpt>
			<trkpt lat="49.507381" lon="14.597687">
				<ele>524.000000</ele>
			</trkpt>
			<trkpt lat="49.507399" lon="14.597803">
				<ele>524.000000</ele>
			</trkpt>
			<trkpt lat="49.507427" lon="14.597910">
				<ele>524.000000</ele>
			</trkpt>
			<trkpt lat="49.507463" lon="14.598010">
				<ele>523.000000</ele>
			</trkpt>
			<trkpt lat="49.507498" lon="14.598117">
				<ele>523.000000</ele>
			</trkpt>
			<trkpt lat="49.507580" lon="14.598297">
				<ele>522.000000</ele>
			</trkpt>
			<trkpt lat="49.507632" lon="14.598450">
				<ele>522.000000</ele>
			</trkpt>
			<trkpt lat="49.507679" lon="14.598593">
				<ele>521.000000</ele>
			</trkpt>
			<trkpt lat="49.507708" lon="14.598719">
				<ele>520.000000</ele>
			</trkpt>
			<trkpt lat="49.507725" lon="14.598863">
				<ele>520.000000</ele>
			</trkpt>
			<trkpt lat="49.507725" lon="14.598998">
				<ele>520.000000</ele>
			</trkpt>
			<trkpt lat="49.507719" lon="14.599151">
				<ele>518.000000</ele>
			</trkpt>
			<trkpt lat="49.507702" lon="14.599285">
				<ele>518.000000</ele>
			</trkpt>
			<trkpt lat="49.507591" lon="14.599788">
				<ele>516.000000</ele>
			</trkpt>
			<trkpt lat="49.507568" lon="14.599941">
				<ele>515.000000</ele>
			</trkpt>
			<trkpt lat="49.507550" lon="14.600147">
				<ele>514.000000</ele>
			</trkpt>
			<trkpt lat="49.507550" lon="14.600363">
				<ele>514.000000</ele>
			</trkpt>
			<trkpt lat="49.507544" lon="14.600516">
				<ele>514.000000</ele>
			</trkpt>
			<trkpt lat="49.507533" lon="14.600633">
				<ele>514.000000</ele>
			</trkpt>
			<trkpt lat="49.507509" lon="14.600750">
				<ele>514.000000</ele>
			</trkpt>
			<trkpt lat="49.507451" lon="14.600893">
				<ele>514.000000</ele>
			</trkpt>
			<trkpt lat="49.507340" lon="14.601199">
				<ele>514.000000</ele>
			</trkpt>
			<trkpt lat="49.507258" lon="14.601415">
				<ele>514.000000</ele>
			</trkpt>
			<trkpt lat="49.507206" lon="14.601612">
				<ele>514.000000</ele>
			</trkpt>
			<trkpt lat="49.507159" lon="14.601809">
				<ele>516.000000</ele>
			</trkpt>
			<trkpt lat="49.507136" lon="14.601998">
				<ele>516.000000</ele>
			</trkpt>
			<trkpt lat="49.507124" lon="14.602205">
				<ele>517.000000</ele>
			</trkpt>
			<trkpt lat="49.507136" lon="14.602411">
				<ele>518.000000</ele>
			</trkpt>
			<trkpt lat="49.507154" lon="14.602618">
				<ele>519.000000</ele>
			</trkpt>
			<trkpt lat="49.507189" lon="14.602887">
				<ele>520.000000</ele>
			</trkpt>
			<trkpt lat="49.507200" lon="14.603094">
				<ele>521.000000</ele>
			</trkpt>
			<trkpt lat="49.507194" lon="14.603283">
				<ele>523.000000</ele>
			</trkpt>
			<trkpt lat="49.507159" lon="14.603516">
				<ele>524.000000</ele>
			</trkpt>
			<trkpt lat="49.507014" lon="14.604334">
				<ele>527.000000</ele>
			</trkpt>
			<trkpt lat="49.506979" lon="14.604505">
				<ele>528.000000</ele>
			</trkpt>
			<trkpt lat="49.506943" lon="14.604639">
				<ele>528.000000</ele>
			</trkpt>
			<trkpt lat="49.506908" lon="14.604747">
				<ele>528.000000</ele>
			</trkpt>
			<trkpt lat="49.506845" lon="14.604900">
				<ele>528.000000</ele>
			</trkpt>
			<trkpt lat="49.506500" lon="14.605610">
				<ele>531.000000</ele>
			</trkpt>
			<trkpt lat="49.506314" lon="14.606040">
				<ele>531.000000</ele>
			</trkpt>
			<trkpt lat="49.506203" lon="14.606319">
				<ele>531.000000</ele>
			</trkpt>
			<trkpt lat="49.506139" lon="14.606508">
				<ele>531.000000</ele>
			</trkpt>
			<trkpt lat="49.506086" lon="14.606705">
				<ele>532.000000</ele>
			</trkpt>
			<trkpt lat="49.506051" lon="14.606929">
				<ele>532.000000</ele>
			</trkpt>
			<trkpt lat="49.505975" lon="14.607478">
				<ele>533.000000</ele>
			</trkpt>
			<trkpt lat="49.505964" lon="14.607648">
				<ele>533.000000</ele>
			</trkpt>
			<trkpt lat="49.505958" lon="14.607811">
				<ele>533.000000</ele>
			</trkpt>
			<trkpt lat="49.505970" lon="14.608034">
				<ele>534.000000</ele>
			</trkpt>
			<trkpt lat="49.505975" lon="14.608187">
				<ele>534.000000</ele>
			</trkpt>
			<trkpt lat="49.506011" lon="14.608331">
				<ele>535.000000</ele>
			</trkpt>
			<trkpt lat="49.506057" lon="14.608484">
				<ele>535.000000</ele>
			</trkpt>
			<trkpt lat="49.505765" lon="14.608987">
				<ele>532.000000</ele>
			</trkpt>
			<trkpt lat="49.505614" lon="14.609292">
				<ele>530.000000</ele>
			</trkpt>
			<trkpt lat="49.505503" lon="14.609516">
				<ele>529.000000</ele>
			</trkpt>
			<trkpt lat="49.505445" lon="14.609652">
				<ele>528.000000</ele>
			</trkpt>
			<trkpt lat="49.505386" lon="14.609805">
				<ele>528.000000</ele>
			</trkpt>
			<trkpt lat="49.505345" lon="14.609966">
				<ele>528.000000</ele>
			</trkpt>
			<trkpt lat="49.505229" lon="14.610470">
				<ele>525.000000</ele>
			</trkpt>
			<trkpt lat="49.505182" lon="14.610604">
				<ele>525.000000</ele>
			</trkpt>
			<trkpt lat="49.505164" lon="14.610648">
				<ele>524.000000</ele>
			</trkpt>
			<trkpt lat="49.505141" lon="14.610676">
				<ele>524.000000</ele>
			</trkpt>
			<trkpt lat="49.505083" lon="14.610703">
				<ele>523.000000</ele>
			</trkpt>
			<trkpt lat="49.504978" lon="14.610721">
				<ele>522.000000</ele>
			</trkpt>
			<trkpt lat="49.504948" lon="14.610730">
				<ele>522.000000</ele>
			</trkpt>
			<trkpt lat="49.504931" lon="14.610757">
				<ele>522.000000</ele>
			</trkpt>
			<trkpt lat="49.504931" lon="14.610820">
				<ele>522.000000</ele>
			</trkpt>
			<trkpt lat="49.504931" lon="14.610883">
				<ele>521.000000</ele>
			</trkpt>
			<trkpt lat="49.504954" lon="14.611233">
				<ele>521.000000</ele>
			</trkpt>
			<trkpt lat="49.504960" lon="14.611539">
				<ele>520.000000</ele>
			</trkpt>
			<trkpt lat="49.504960" lon="14.611808">
				<ele>520.000000</ele>
			</trkpt>
			<trkpt lat="49.504954" lon="14.612158">
				<ele>519.000000</ele>
			</trkpt>
			<trkpt lat="49.504920" lon="14.612166">
				<ele>518.000000</ele>
			</trkpt>
			<trkpt lat="49.504890" lon="14.612195">
				<ele>517.000000</ele>
			</trkpt>
			<trkpt lat="49.504885" lon="14.612256">
				<ele>517.000000</ele>
			</trkpt>
			<trkpt lat="49.504885" lon="14.612329">
				<ele>516.000000</ele>
			</trkpt>
			<trkpt lat="49.504885" lon="14.612329">
				<ele>516.000000</ele>
			</trkpt>
			<trkpt lat="49.504885" lon="14.612346">
				<ele>516.000000</ele>
			</trkpt>
			<trkpt lat="49.505106" lon="14.612374">
				<ele>518.000000</ele>
			</trkpt>
			<trkpt lat="49.505433" lon="14.612401">
				<ele>520.000000</ele>
			</trkpt>
			<trkpt lat="49.505567" lon="14.612401">
				<ele>520.000000</ele>
			</trkpt>
			<trkpt lat="49.505940" lon="14.613084">
				<ele>518.000000</ele>
			</trkpt>
			<trkpt lat="49.505876" lon="14.613353">
				<ele>518.000000</ele>
			</trkpt>
			<trkpt lat="49.505841" lon="14.613461">
				<ele>519.000000</ele>
			</trkpt>
			<trkpt lat="49.505795" lon="14.613560">
				<ele>519.000000</ele>
			</trkpt>
			<trkpt lat="49.505754" lon="14.613640">
				<ele>519.000000</ele>
			</trkpt>
			<trkpt lat="49.505707" lon="14.613694">
				<ele>519.000000</ele>
			</trkpt>
			<trkpt lat="49.505602" lon="14.613721">
				<ele>519.000000</ele>
			</trkpt>
			<trkpt lat="49.505445" lon="14.613740">
				<ele>519.000000</ele>
			</trkpt>
			<trkpt lat="49.505089" lon="14.613740">
				<ele>520.000000</ele>
			</trkpt>
			<trkpt lat="49.504989" lon="14.613757">
				<ele>520.000000</ele>
			</trkpt>
			<trkpt lat="49.504879" lon="14.613803">
				<ele>520.000000</ele>
			</trkpt>
			<trkpt lat="49.504808" lon="14.613837">
				<ele>521.000000</ele>
			</trkpt>
			<trkpt lat="49.504745" lon="14.613900">
				<ele>521.000000</ele>
			</trkpt>
			<trkpt lat="49.504692" lon="14.613990">
				<ele>522.000000</ele>
			</trkpt>
			<trkpt lat="49.504639" lon="14.614116">
				<ele>522.000000</ele>
			</trkpt>
			<trkpt lat="49.504529" lon="14.614449">
				<ele>521.000000</ele>
			</trkpt>
			<trkpt lat="49.504476" lon="14.614575">
				<ele>521.000000</ele>
			</trkpt>
			<trkpt lat="49.504418" lon="14.614692">
				<ele>519.000000</ele>
			</trkpt>
			<trkpt lat="49.504371" lon="14.614772">
				<ele>519.000000</ele>
			</trkpt>
			<trkpt lat="49.504108" lon="14.615212">
				<ele>517.000000</ele>
			</trkpt>
			<trkpt lat="49.503974" lon="14.615455">
				<ele>517.000000</ele>
			</trkpt>
			<trkpt lat="49.503898" lon="14.615617">
				<ele>516.000000</ele>
			</trkpt>
			<trkpt lat="49.503863" lon="14.615715">
				<ele>516.000000</ele>
			</trkpt>
			<trkpt lat="49.503840" lon="14.615814">
				<ele>516.000000</ele>
			</trkpt>
			<trkpt lat="49.503846" lon="14.615922">
				<ele>515.000000</ele>
			</trkpt>
			<trkpt lat="49.503782" lon="14.615977">
				<ele>515.000000</ele>
			</trkpt>
			<trkpt lat="49.503735" lon="14.616030">
				<ele>515.000000</ele>
			</trkpt>
			<trkpt lat="49.503701" lon="14.616101">
				<ele>514.000000</ele>
			</trkpt>
			<trkpt lat="49.503648" lon="14.616200">
				<ele>514.000000</ele>
			</trkpt>
			<trkpt lat="49.503502" lon="14.616506">
				<ele>512.000000</ele>
			</trkpt>
			<trkpt lat="49.503332" lon="14.616812">
				<ele>511.000000</ele>
			</trkpt>
			<trkpt lat="49.503216" lon="14.617063">
				<ele>510.000000</ele>
			</trkpt>
			<trkpt lat="49.503129" lon="14.617279">
				<ele>509.000000</ele>
			</trkpt>
			<trkpt lat="49.503059" lon="14.617512">
				<ele>508.000000</ele>
			</trkpt>
			<trkpt lat="49.502971" lon="14.617871">
				<ele>507.000000</ele>
			</trkpt>
			<trkpt lat="49.502860" lon="14.618348">
				<ele>506.000000</ele>
			</trkpt>
			<trkpt lat="49.502767" lon="14.618653">
				<ele>505.000000</ele>
			</trkpt>
			<trkpt lat="49.502703" lon="14.618787">
				<ele>504.000000</ele>
			</trkpt>
			<trkpt lat="49.502632" lon="14.618887">
				<ele>504.000000</ele>
			</trkpt>
			<trkpt lat="49.502551" lon="14.618958">
				<ele>503.000000</ele>
			</trkpt>
			<trkpt lat="49.502457" lon="14.619013">
				<ele>502.000000</ele>
			</trkpt>
			<trkpt lat="49.502201" lon="14.619372">
				<ele>499.000000</ele>
			</trkpt>
			<trkpt lat="49.502107" lon="14.619543">
				<ele>497.000000</ele>
			</trkpt>
			<trkpt lat="49.502020" lon="14.619703">
				<ele>495.000000</ele>
			</trkpt>
			<trkpt lat="49.501956" lon="14.619820">
				<ele>494.000000</ele>
			</trkpt>
			<trkpt lat="49.501921" lon="14.619875">
				<ele>493.000000</ele>
			</trkpt>
			<trkpt lat="49.501915" lon="14.619982">
				<ele>492.000000</ele>
			</trkpt>
			<trkpt lat="49.501869" lon="14.620162">
				<ele>491.000000</ele>
			</trkpt>
			<trkpt lat="49.501769" lon="14.620449">
				<ele>492.000000</ele>
			</trkpt>
			<trkpt lat="49.501629" lon="14.620881">
				<ele>491.000000</ele>
			</trkpt>
			<trkpt lat="49.501547" lon="14.621150">
				<ele>491.000000</ele>
			</trkpt>
			<trkpt lat="49.501489" lon="14.621411">
				<ele>490.000000</ele>
			</trkpt>
			<trkpt lat="49.501413" lon="14.621716">
				<ele>489.000000</ele>
			</trkpt>
			<trkpt lat="49.501285" lon="14.622380">
				<ele>488.000000</ele>
			</trkpt>
			<trkpt lat="49.501256" lon="14.622623">
				<ele>488.000000</ele>
			</trkpt>
			<trkpt lat="49.501232" lon="14.622875">
				<ele>488.000000</ele>
			</trkpt>
			<trkpt lat="49.501215" lon="14.623216">
				<ele>487.000000</ele>
			</trkpt>
			<trkpt lat="49.501145" lon="14.623648">
				<ele>486.000000</ele>
			</trkpt>
			<trkpt lat="49.501110" lon="14.623980">
				<ele>485.000000</ele>
			</trkpt>
			<trkpt lat="49.501081" lon="14.624160">
				<ele>486.000000</ele>
			</trkpt>
			<trkpt lat="49.500999" lon="14.624438">
				<ele>486.000000</ele>
			</trkpt>
			<trkpt lat="49.500964" lon="14.624564">
				<ele>486.000000</ele>
			</trkpt>
			<trkpt lat="49.500959" lon="14.624590">
				<ele>486.000000</ele>
			</trkpt>
			<trkpt lat="49.500912" lon="14.624797">
				<ele>487.000000</ele>
			</trkpt>
			<trkpt lat="49.500888" lon="14.624950">
				<ele>487.000000</ele>
			</trkpt>
			<trkpt lat="49.500853" lon="14.625085">
				<ele>487.000000</ele>
			</trkpt>
			<trkpt lat="49.500795" lon="14.625229">
				<ele>487.000000</ele>
			</trkpt>
			<trkpt lat="49.500719" lon="14.625409">
				<ele>489.000000</ele>
			</trkpt>
			<trkpt lat="49.500532" lon="14.625776">
				<ele>489.000000</ele>
			</trkpt>
			<trkpt lat="49.500340" lon="14.626082">
				<ele>488.000000</ele>
			</trkpt>
			<trkpt lat="49.500089" lon="14.626477">
				<ele>488.000000</ele>
			</trkpt>
			<trkpt lat="49.499879" lon="14.626783">
				<ele>487.000000</ele>
			</trkpt>
			<trkpt lat="49.499751" lon="14.626944">
				<ele>487.000000</ele>
			</trkpt>
			<trkpt lat="49.499570" lon="14.627116">
				<ele>487.000000</ele>
			</trkpt>
			<trkpt lat="49.499354" lon="14.627313">
				<ele>486.000000</ele>
			</trkpt>
			<trkpt lat="49.499132" lon="14.627493">
				<ele>486.000000</ele>
			</trkpt>
			<trkpt lat="49.499127" lon="14.627502">
				<ele>486.000000</ele>
			</trkpt>
			<trkpt lat="49.499127" lon="14.627502">
				<ele>486.000000</ele>
			</trkpt>
			<trkpt lat="49.499132" lon="14.627493">
				<ele>486.000000</ele>
			</trkpt>
			<trkpt lat="49.499121" lon="14.627196">
				<ele>488.000000</ele>
			</trkpt>
			<trkpt lat="49.499115" lon="14.627080">
				<ele>489.000000</ele>
			</trkpt>
			<trkpt lat="49.499097" lon="14.626963">
				<ele>490.000000</ele>
			</trkpt>
			<trkpt lat="49.499056" lon="14.626873">
				<ele>491.000000</ele>
			</trkpt>
			<trkpt lat="49.498992" lon="14.626783">
				<ele>492.000000</ele>
			</trkpt>
			<trkpt lat="49.498934" lon="14.626728">
				<ele>493.000000</ele>
			</trkpt>
			<trkpt lat="49.498858" lon="14.626720">
				<ele>494.000000</ele>
			</trkpt>
			<trkpt lat="49.498771" lon="14.626720">
				<ele>494.000000</ele>
			</trkpt>
			<trkpt lat="49.498555" lon="14.626764">
				<ele>495.000000</ele>
			</trkpt>
			<trkpt lat="49.498455" lon="14.626774">
				<ele>496.000000</ele>
			</trkpt>
			<trkpt lat="49.498391" lon="14.626774">
				<ele>496.000000</ele>
			</trkpt>
			<trkpt lat="49.498321" lon="14.626747">
				<ele>496.000000</ele>
			</trkpt>
			<trkpt lat="49.498246" lon="14.626693">
				<ele>497.000000</ele>
			</trkpt>
			<trkpt lat="49.498123" lon="14.626603">
				<ele>496.000000</ele>
			</trkpt>
			<trkpt lat="49.497896" lon="14.626370">
				<ele>493.000000</ele>
			</trkpt>
			<trkpt lat="49.497831" lon="14.626298">
				<ele>492.000000</ele>
			</trkpt>
			<trkpt lat="49.497779" lon="14.626225">
				<ele>492.000000</ele>
			</trkpt>
			<trkpt lat="49.497744" lon="14.626145">
				<ele>491.000000</ele>
			</trkpt>
			<trkpt lat="49.497708" lon="14.626055">
				<ele>491.000000</ele>
			</trkpt>
			<trkpt lat="49.497680" lon="14.625929">
				<ele>491.000000</ele>
			</trkpt>
			<trkpt lat="49.497650" lon="14.625812">
				<ele>491.000000</ele>
			</trkpt>
			<trkpt lat="49.497615" lon="14.625399">
				<ele>491.000000</ele>
			</trkpt>
			<trkpt lat="49.497598" lon="14.625292">
				<ele>491.000000</ele>
			</trkpt>
			<trkpt lat="49.497568" lon="14.625166">
				<ele>491.000000</ele>
			</trkpt>
			<trkpt lat="49.497533" lon="14.625058">
				<ele>491.000000</ele>
			</trkpt>
			<trkpt lat="49.497487" lon="14.624959">
				<ele>490.000000</ele>
			</trkpt>
			<trkpt lat="49.497434" lon="14.624879">
				<ele>491.000000</ele>
			</trkpt>
			<trkpt lat="49.497353" lon="14.624797">
				<ele>490.000000</ele>
			</trkpt>
			<trkpt lat="49.497271" lon="14.624716">
				<ele>491.000000</ele>
			</trkpt>
			<trkpt lat="49.497160" lon="14.624636">
				<ele>491.000000</ele>
			</trkpt>
			<trkpt lat="49.497090" lon="14.624564">
				<ele>492.000000</ele>
			</trkpt>
			<trkpt lat="49.497026" lon="14.624493">
				<ele>493.000000</ele>
			</trkpt>
			<trkpt lat="49.496974" lon="14.624403">
				<ele>493.000000</ele>
			</trkpt>
			<trkpt lat="49.496892" lon="14.624223">
				<ele>494.000000</ele>
			</trkpt>
			<trkpt lat="49.496892" lon="14.624223">
				<ele>494.000000</ele>
			</trkpt>
			<trkpt lat="49.496880" lon="14.624204">
				<ele>494.000000</ele>
			</trkpt>
			<trkpt lat="49.496775" lon="14.624707">
				<ele>493.000000</ele>
			</trkpt>
			<trkpt lat="49.496652" lon="14.625175">
				<ele>494.000000</ele>
			</trkpt>
			<trkpt lat="49.496507" lon="14.625615">
				<ele>495.000000</ele>
			</trkpt>
			<trkpt lat="49.496302" lon="14.626244">
				<ele>495.000000</ele>
			</trkpt>
			<trkpt lat="49.496133" lon="14.626738">
				<ele>496.000000</ele>
			</trkpt>
			<trkpt lat="49.495999" lon="14.627088">
				<ele>496.000000</ele>
			</trkpt>
			<trkpt lat="49.495865" lon="14.627403">
				<ele>495.000000</ele>
			</trkpt>
			<trkpt lat="49.495708" lon="14.627726">
				<ele>495.000000</ele>
			</trkpt>
			<trkpt lat="49.495480" lon="14.628095">
				<ele>494.000000</ele>
			</trkpt>
			<trkpt lat="49.495142" lon="14.628615">
				<ele>495.000000</ele>
			</trkpt>
			<trkpt lat="49.494943" lon="14.628902">
				<ele>495.000000</ele>
			</trkpt>
			<trkpt lat="49.494885" lon="14.629001">
				<ele>495.000000</ele>
			</trkpt>
			<trkpt lat="49.494844" lon="14.629101">
				<ele>495.000000</ele>
			</trkpt>
			<trkpt lat="49.494774" lon="14.629334">
				<ele>494.000000</ele>
			</trkpt>
			<trkpt lat="49.494582" lon="14.630097">
				<ele>493.000000</ele>
			</trkpt>
			<trkpt lat="49.494470" lon="14.630439">
				<ele>493.000000</ele>
			</trkpt>
			<trkpt lat="49.494429" lon="14.630546">
				<ele>493.000000</ele>
			</trkpt>
			<trkpt lat="49.494383" lon="14.630663">
				<ele>493.000000</ele>
			</trkpt>
			<trkpt lat="49.494330" lon="14.630745">
				<ele>493.000000</ele>
			</trkpt>
			<trkpt lat="49.494284" lon="14.630816">
				<ele>493.000000</ele>
			</trkpt>
			<trkpt lat="49.494226" lon="14.630869">
				<ele>493.000000</ele>
			</trkpt>
			<trkpt lat="49.494150" lon="14.630924">
				<ele>493.000000</ele>
			</trkpt>
			<trkpt lat="49.493980" lon="14.631022">
				<ele>493.000000</ele>
			</trkpt>
			<trkpt lat="49.493712" lon="14.631122">
				<ele>494.000000</ele>
			</trkpt>
			<trkpt lat="49.493502" lon="14.631221">
				<ele>494.000000</ele>
			</trkpt>
			<trkpt lat="49.493315" lon="14.631301">
				<ele>495.000000</ele>
			</trkpt>
			<trkpt lat="49.493129" lon="14.631427">
				<ele>495.000000</ele>
			</trkpt>
			<trkpt lat="49.492959" lon="14.631544">
				<ele>496.000000</ele>
			</trkpt>
			<trkpt lat="49.492796" lon="14.631670">
				<ele>496.000000</ele>
			</trkpt>
			<trkpt lat="49.492626" lon="14.631822">
				<ele>496.000000</ele>
			</trkpt>
			<trkpt lat="49.492463" lon="14.632001">
				<ele>496.000000</ele>
			</trkpt>
			<trkpt lat="49.492329" lon="14.632154">
				<ele>497.000000</ele>
			</trkpt>
			<trkpt lat="49.492306" lon="14.632514">
				<ele>496.000000</ele>
			</trkpt>
			<trkpt lat="49.492259" lon="14.632829">
				<ele>495.000000</ele>
			</trkpt>
			<trkpt lat="49.492207" lon="14.633125">
				<ele>494.000000</ele>
			</trkpt>
			<trkpt lat="49.492119" lon="14.633458">
				<ele>494.000000</ele>
			</trkpt>
			<trkpt lat="49.492038" lon="14.633672">
				<ele>493.000000</ele>
			</trkpt>
			<trkpt lat="49.491991" lon="14.633754">
				<ele>493.000000</ele>
			</trkpt>
			<trkpt lat="49.491938" lon="14.633852">
				<ele>493.000000</ele>
			</trkpt>
			<trkpt lat="49.491839" lon="14.633978">
				<ele>493.000000</ele>
			</trkpt>
			<trkpt lat="49.491600" lon="14.634257">
				<ele>493.000000</ele>
			</trkpt>
			<trkpt lat="49.491472" lon="14.634427">
				<ele>493.000000</ele>
			</trkpt>
			<trkpt lat="49.491436" lon="14.634481">
				<ele>493.000000</ele>
			</trkpt>
			<trkpt lat="49.491407" lon="14.634553">
				<ele>493.000000</ele>
			</trkpt>
			<trkpt lat="49.491372" lon="14.634714">
				<ele>492.000000</ele>
			</trkpt>
			<trkpt lat="49.491133" lon="14.634886">
				<ele>491.000000</ele>
			</trkpt>
			<trkpt lat="49.490905" lon="14.635011">
				<ele>490.000000</ele>
			</trkpt>
			<trkpt lat="49.490719" lon="14.635083">
				<ele>489.000000</ele>
			</trkpt>
			<trkpt lat="49.490182" lon="14.635244">
				<ele>483.000000</ele>
			</trkpt>
			<trkpt lat="49.489972" lon="14.635317">
				<ele>481.000000</ele>
			</trkpt>
			<trkpt lat="49.489884" lon="14.635380">
				<ele>481.000000</ele>
			</trkpt>
			<trkpt lat="49.489849" lon="14.635406">
				<ele>480.000000</ele>
			</trkpt>
			<trkpt lat="49.489814" lon="14.635460">
				<ele>479.000000</ele>
			</trkpt>
			<trkpt lat="49.489785" lon="14.635514">
				<ele>479.000000</ele>
			</trkpt>
			<trkpt lat="49.489768" lon="14.635586">
				<ele>479.000000</ele>
			</trkpt>
			<trkpt lat="49.489481" lon="14.636871">
				<ele>481.000000</ele>
			</trkpt>
			<trkpt lat="49.489359" lon="14.637364">
				<ele>483.000000</ele>
			</trkpt>
			<trkpt lat="49.489272" lon="14.637688">
				<ele>484.000000</ele>
			</trkpt>
			<trkpt lat="49.489172" lon="14.637993">
				<ele>485.000000</ele>
			</trkpt>
			<trkpt lat="49.489067" lon="14.638282">
				<ele>484.000000</ele>
			</trkpt>
			<trkpt lat="49.488939" lon="14.638586">
				<ele>484.000000</ele>
			</trkpt>
			<trkpt lat="49.488799" lon="14.638928">
				<ele>483.000000</ele>
			</trkpt>
			<trkpt lat="49.488531" lon="14.639628">
				<ele>481.000000</ele>
			</trkpt>
			<trkpt lat="49.488378" lon="14.639970">
				<ele>480.000000</ele>
			</trkpt>
			<trkpt lat="49.488279" lon="14.640167">
				<ele>480.000000</ele>
			</trkpt>
			<trkpt lat="49.488175" lon="14.640356">
				<ele>480.000000</ele>
			</trkpt>
			<trkpt lat="49.488046" lon="14.640554">
				<ele>480.000000</ele>
			</trkpt>
			<trkpt lat="49.487929" lon="14.640716">
				<ele>479.000000</ele>
			</trkpt>
			<trkpt lat="49.487772" lon="14.640940">
				<ele>479.000000</ele>
			</trkpt>
			<trkpt lat="49.487626" lon="14.641146">
				<ele>479.000000</ele>
			</trkpt>
			<trkpt lat="49.487527" lon="14.641326">
				<ele>477.000000</ele>
			</trkpt>
			<trkpt lat="49.487428" lon="14.641525">
				<ele>476.000000</ele>
			</trkpt>
			<trkpt lat="49.487352" lon="14.641722">
				<ele>475.000000</ele>
			</trkpt>
			<trkpt lat="49.487276" lon="14.641928">
				<ele>473.000000</ele>
			</trkpt>
			<trkpt lat="49.487206" lon="14.642162">
				<ele>471.000000</ele>
			</trkpt>
			<trkpt lat="49.487124" lon="14.642477">
				<ele>470.000000</ele>
			</trkpt>
			<trkpt lat="49.486966" lon="14.643347">
				<ele>469.000000</ele>
			</trkpt>
			<trkpt lat="49.486920" lon="14.643527">
				<ele>469.000000</ele>
			</trkpt>
			<trkpt lat="49.486862" lon="14.643698">
				<ele>469.000000</ele>
			</trkpt>
			<trkpt lat="49.486826" lon="14.643779">
				<ele>469.000000</ele>
			</trkpt>
			<trkpt lat="49.486780" lon="14.643859">
				<ele>468.000000</ele>
			</trkpt>
			<trkpt lat="49.486692" lon="14.643959">
				<ele>468.000000</ele>
			</trkpt>
			<trkpt lat="49.486628" lon="14.644003">
				<ele>467.000000</ele>
			</trkpt>
			<trkpt lat="49.486581" lon="14.644012">
				<ele>468.000000</ele>
			</trkpt>
			<trkpt lat="49.486476" lon="14.644030">
				<ele>468.000000</ele>
			</trkpt>
			<trkpt lat="49.486342" lon="14.644022">
				<ele>467.000000</ele>
			</trkpt>
			<trkpt lat="49.486097" lon="14.643949">
				<ele>465.000000</ele>
			</trkpt>
			<trkpt lat="49.485986" lon="14.643940">
				<ele>464.000000</ele>
			</trkpt>
			<trkpt lat="49.485863" lon="14.643949">
				<ele>464.000000</ele>
			</trkpt>
			<trkpt lat="49.485746" lon="14.644003">
				<ele>464.000000</ele>
			</trkpt>
			<trkpt lat="49.485612" lon="14.644120">
				<ele>464.000000</ele>
			</trkpt>
			<trkpt lat="49.485350" lon="14.644425">
				<ele>465.000000</ele>
			</trkpt>
			<trkpt lat="49.485280" lon="14.644498">
				<ele>465.000000</ele>
			</trkpt>
			<trkpt lat="49.485198" lon="14.644561">
				<ele>465.000000</ele>
			</trkpt>
			<trkpt lat="49.485111" lon="14.644605">
				<ele>465.000000</ele>
			</trkpt>
			<trkpt lat="49.485018" lon="14.644624">
				<ele>465.000000</ele>
			</trkpt>
			<trkpt lat="49.484930" lon="14.644605">
				<ele>465.000000</ele>
			</trkpt>
			<trkpt lat="49.484819" lon="14.644569">
				<ele>465.000000</ele>
			</trkpt>
			<trkpt lat="49.484679" lon="14.644498">
				<ele>465.000000</ele>
			</trkpt>
			<trkpt lat="49.484568" lon="14.644444">
				<ele>465.000000</ele>
			</trkpt>
			<trkpt lat="49.484446" lon="14.644416">
				<ele>465.000000</ele>
			</trkpt>
			<trkpt lat="49.484334" lon="14.644416">
				<ele>465.000000</ele>
			</trkpt>
			<trkpt lat="49.484230" lon="14.644416">
				<ele>464.000000</ele>
			</trkpt>
			<trkpt lat="49.484118" lon="14.644444">
				<ele>465.000000</ele>
			</trkpt>
			<trkpt lat="49.484014" lon="14.644488">
				<ele>464.000000</ele>
			</trkpt>
			<trkpt lat="49.483868" lon="14.644561">
				<ele>464.000000</ele>
			</trkpt>
			<trkpt lat="49.483740" lon="14.644641">
				<ele>463.000000</ele>
			</trkpt>
			<trkpt lat="49.483605" lon="14.644767">
				<ele>463.000000</ele>
			</trkpt>
			<trkpt lat="49.483488" lon="14.644920">
				<ele>464.000000</ele>
			</trkpt>
			<trkpt lat="49.483412" lon="14.645100">
				<ele>464.000000</ele>
			</trkpt>
			<trkpt lat="49.483337" lon="14.645306">
				<ele>464.000000</ele>
			</trkpt>
			<trkpt lat="49.483278" lon="14.645557">
				<ele>465.000000</ele>
			</trkpt>
			<trkpt lat="49.483243" lon="14.645836">
				<ele>466.000000</ele>
			</trkpt>
			<trkpt lat="49.483214" lon="14.646177">
				<ele>467.000000</ele>
			</trkpt>
			<trkpt lat="49.483138" lon="14.646375">
				<ele>465.000000</ele>
			</trkpt>
			<trkpt lat="49.483080" lon="14.646563">
				<ele>465.000000</ele>
			</trkpt>
			<trkpt lat="49.483045" lon="14.646806">
				<ele>465.000000</ele>
			</trkpt>
			<trkpt lat="49.483021" lon="14.647094">
				<ele>466.000000</ele>
			</trkpt>
			<trkpt lat="49.482993" lon="14.647309">
				<ele>466.000000</ele>
			</trkpt>
			<trkpt lat="49.482957" lon="14.647507">
				<ele>465.000000</ele>
			</trkpt>
			<trkpt lat="49.482916" lon="14.647660">
				<ele>466.000000</ele>
			</trkpt>
			<trkpt lat="49.482736" lon="14.648190">
				<ele>463.000000</ele>
			</trkpt>
			<trkpt lat="49.482583" lon="14.648666">
				<ele>461.000000</ele>
			</trkpt>
			<trkpt lat="49.482380" lon="14.649240">
				<ele>463.000000</ele>
			</trkpt>
			<trkpt lat="49.482315" lon="14.649375">
				<ele>463.000000</ele>
			</trkpt>
			<trkpt lat="49.482245" lon="14.649456">
				<ele>463.000000</ele>
			</trkpt>
			<trkpt lat="49.482158" lon="14.649528">
				<ele>462.000000</ele>
			</trkpt>
			<trkpt lat="49.481994" lon="14.649599">
				<ele>461.000000</ele>
			</trkpt>
			<trkpt lat="49.481615" lon="14.649752">
				<ele>462.000000</ele>
			</trkpt>
			<trkpt lat="49.481498" lon="14.649798">
				<ele>462.000000</ele>
			</trkpt>
			<trkpt lat="49.481358" lon="14.649825">
				<ele>462.000000</ele>
			</trkpt>
			<trkpt lat="49.481130" lon="14.649869">
				<ele>462.000000</ele>
			</trkpt>
			<trkpt lat="49.480984" lon="14.649905">
				<ele>461.000000</ele>
			</trkpt>
			<trkpt lat="49.480850" lon="14.649995">
				<ele>462.000000</ele>
			</trkpt>
			<trkpt lat="49.480710" lon="14.650094">
				<ele>463.000000</ele>
			</trkpt>
			<trkpt lat="49.480179" lon="14.650498">
				<ele>461.000000</ele>
			</trkpt>
			<trkpt lat="49.479998" lon="14.650624">
				<ele>461.000000</ele>
			</trkpt>
			<trkpt lat="49.479846" lon="14.650687">
				<ele>463.000000</ele>
			</trkpt>
			<trkpt lat="49.479695" lon="14.650731">
				<ele>465.000000</ele>
			</trkpt>
			<trkpt lat="49.479496" lon="14.650750">
				<ele>466.000000</ele>
			</trkpt>
			<trkpt lat="49.479175" lon="14.650723">
				<ele>464.000000</ele>
			</trkpt>
			<trkpt lat="49.478644" lon="14.650641">
				<ele>464.000000</ele>
			</trkpt>
			<trkpt lat="49.478446" lon="14.650615">
				<ele>464.000000</ele>
			</trkpt>
			<trkpt lat="49.478212" lon="14.650624">
				<ele>465.000000</ele>
			</trkpt>
			<trkpt lat="49.477979" lon="14.650651">
				<ele>465.000000</ele>
			</trkpt>
			<trkpt lat="49.477763" lon="14.650678">
				<ele>465.000000</ele>
			</trkpt>
			<trkpt lat="49.477599" lon="14.650723">
				<ele>465.000000</ele>
			</trkpt>
			<trkpt lat="49.477418" lon="14.650767">
				<ele>464.000000</ele>
			</trkpt>
			<trkpt lat="49.477273" lon="14.650830">
				<ele>464.000000</ele>
			</trkpt>
			<trkpt lat="49.477133" lon="14.650903">
				<ele>464.000000</ele>
			</trkpt>
			<trkpt lat="49.476986" lon="14.651001">
				<ele>464.000000</ele>
			</trkpt>
			<trkpt lat="49.476835" lon="14.651109">
				<ele>464.000000</ele>
			</trkpt>
			<trkpt lat="49.476654" lon="14.651262">
				<ele>465.000000</ele>
			</trkpt>
			<trkpt lat="49.476268" lon="14.651559">
				<ele>466.000000</ele>
			</trkpt>
			<trkpt lat="49.476169" lon="14.651639">
				<ele>466.000000</ele>
			</trkpt>
			<trkpt lat="49.476064" lon="14.651756">
				<ele>466.000000</ele>
			</trkpt>
			<trkpt lat="49.475983" lon="14.651846">
				<ele>466.000000</ele>
			</trkpt>
			<trkpt lat="49.475930" lon="14.651936">
				<ele>466.000000</ele>
			</trkpt>
			<trkpt lat="49.475877" lon="14.652043">
				<ele>466.000000</ele>
			</trkpt>
			<trkpt lat="49.475825" lon="14.652188">
				<ele>466.000000</ele>
			</trkpt>
			<trkpt lat="49.475761" lon="14.652366">
				<ele>465.000000</ele>
			</trkpt>
			<trkpt lat="49.475714" lon="14.652511">
				<ele>465.000000</ele>
			</trkpt>
			<trkpt lat="49.475691" lon="14.652664">
				<ele>465.000000</ele>
			</trkpt>
			<trkpt lat="49.475661" lon="14.652843">
				<ele>465.000000</ele>
			</trkpt>
			<trkpt lat="49.475603" lon="14.653471">
				<ele>465.000000</ele>
			</trkpt>
			<trkpt lat="49.475568" lon="14.653867">
				<ele>466.000000</ele>
			</trkpt>
			<trkpt lat="49.475551" lon="14.654299">
				<ele>467.000000</ele>
			</trkpt>
			<trkpt lat="49.475545" lon="14.654756">
				<ele>470.000000</ele>
			</trkpt>
			<trkpt lat="49.475463" lon="14.654792">
				<ele>469.000000</ele>
			</trkpt>
			<trkpt lat="49.475387" lon="14.654838">
				<ele>469.000000</ele>
			</trkpt>
			<trkpt lat="49.475317" lon="14.654909">
				<ele>469.000000</ele>
			</trkpt>
			<trkpt lat="49.475264" lon="14.654972">
				<ele>469.000000</ele>
			</trkpt>
			<trkpt lat="49.475195" lon="14.655035">
				<ele>469.000000</ele>
			</trkpt>
			<trkpt lat="49.475130" lon="14.655071">
				<ele>469.000000</ele>
			</trkpt>
			<trkpt lat="49.475048" lon="14.655071">
				<ele>469.000000</ele>
			</trkpt>
			<trkpt lat="49.474961" lon="14.655035">
				<ele>469.000000</ele>
			</trkpt>
			<trkpt lat="49.474867" lon="14.654954">
				<ele>470.000000</ele>
			</trkpt>
			<trkpt lat="49.474780" lon="14.654838">
				<ele>472.000000</ele>
			</trkpt>
			<trkpt lat="49.474763" lon="14.654865">
				<ele>472.000000</ele>
			</trkpt>
			<trkpt lat="49.474763" lon="14.654865">
				<ele>472.000000</ele>
			</trkpt>
			<trkpt lat="49.474517" lon="14.655232">
				<ele>474.000000</ele>
			</trkpt>
			<trkpt lat="49.474261" lon="14.655601">
				<ele>475.000000</ele>
			</trkpt>
			<trkpt lat="49.474062" lon="14.655870">
				<ele>476.000000</ele>
			</trkpt>
			<trkpt lat="49.473916" lon="14.656113">
				<ele>477.000000</ele>
			</trkpt>
			<trkpt lat="49.473794" lon="14.656391">
				<ele>477.000000</ele>
			</trkpt>
			<trkpt lat="49.473695" lon="14.656652">
				<ele>478.000000</ele>
			</trkpt>
			<trkpt lat="49.473624" lon="14.656957">
				<ele>478.000000</ele>
			</trkpt>
			<trkpt lat="49.473577" lon="14.657236">
				<ele>478.000000</ele>
			</trkpt>
			<trkpt lat="49.473554" lon="14.657415">
				<ele>479.000000</ele>
			</trkpt>
			<trkpt lat="49.473542" lon="14.657612">
				<ele>479.000000</ele>
			</trkpt>
			<trkpt lat="49.473548" lon="14.657954">
				<ele>480.000000</ele>
			</trkpt>
			<trkpt lat="49.473531" lon="14.658448">
				<ele>480.000000</ele>
			</trkpt>
			<trkpt lat="49.473502" lon="14.659014">
				<ele>480.000000</ele>
			</trkpt>
			<trkpt lat="49.473496" lon="14.659446">
				<ele>481.000000</ele>
			</trkpt>
			<trkpt lat="49.473461" lon="14.660478">
				<ele>483.000000</ele>
			</trkpt>
			<trkpt lat="49.473455" lon="14.661044">
				<ele>485.000000</ele>
			</trkpt>
			<trkpt lat="49.473449" lon="14.661628">
				<ele>486.000000</ele>
			</trkpt>
			<trkpt lat="49.473432" lon="14.662230">
				<ele>487.000000</ele>
			</trkpt>
			<trkpt lat="49.473350" lon="14.665410">
				<ele>492.000000</ele>
			</trkpt>
			<trkpt lat="49.473315" lon="14.667539">
				<ele>497.000000</ele>
			</trkpt>
			<trkpt lat="49.473303" lon="14.667692">
				<ele>498.000000</ele>
			</trkpt>
			<trkpt lat="49.473298" lon="14.667926">
				<ele>498.000000</ele>
			</trkpt>
			<trkpt lat="49.473292" lon="14.669192">
				<ele>502.000000</ele>
			</trkpt>
			<trkpt lat="49.473292" lon="14.669228">
				<ele>502.000000</ele>
			</trkpt>
			<trkpt lat="49.473292" lon="14.669228">
				<ele>502.000000</ele>
			</trkpt>
			<trkpt lat="49.473292" lon="14.669327">
				<ele>503.000000</ele>
			</trkpt>
			<trkpt lat="49.473257" lon="14.670323">
				<ele>508.000000</ele>
			</trkpt>
			<trkpt lat="49.473257" lon="14.670602">
				<ele>510.000000</ele>
			</trkpt>
			<trkpt lat="49.473257" lon="14.670863">
				<ele>511.000000</ele>
			</trkpt>
			<trkpt lat="49.473286" lon="14.671088">
				<ele>512.000000</ele>
			</trkpt>
			<trkpt lat="49.473320" lon="14.671348">
				<ele>513.000000</ele>
			</trkpt>
			<trkpt lat="49.471470" lon="14.671276">
				<ele>499.000000</ele>
			</trkpt>
			<trkpt lat="49.471389" lon="14.671276">
				<ele>499.000000</ele>
			</trkpt>
			<trkpt lat="49.471283" lon="14.671231">
				<ele>498.000000</ele>
			</trkpt>
			<trkpt lat="49.471173" lon="14.671411">
				<ele>497.000000</ele>
			</trkpt>
			<trkpt lat="49.471033" lon="14.671581">
				<ele>497.000000</ele>
			</trkpt>
			<trkpt lat="49.470717" lon="14.671905">
				<ele>496.000000</ele>
			</trkpt>
			<trkpt lat="49.470665" lon="14.671941">
				<ele>495.000000</ele>
			</trkpt>
			<trkpt lat="49.470606" lon="14.671968">
				<ele>495.000000</ele>
			</trkpt>
			<trkpt lat="49.470554" lon="14.671986">
				<ele>495.000000</ele>
			</trkpt>
			<trkpt lat="49.470484" lon="14.671994">
				<ele>495.000000</ele>
			</trkpt>
			<trkpt lat="49.470186" lon="14.672031">
				<ele>493.000000</ele>
			</trkpt>
			<trkpt lat="49.470005" lon="14.671339">
				<ele>491.000000</ele>
			</trkpt>
			<trkpt lat="49.469958" lon="14.671365">
				<ele>491.000000</ele>
			</trkpt>
			<trkpt lat="49.469923" lon="14.671365">
				<ele>491.000000</ele>
			</trkpt>
			<trkpt lat="49.469894" lon="14.671357">
				<ele>491.000000</ele>
			</trkpt>
			<trkpt lat="49.469871" lon="14.671365">
				<ele>491.000000</ele>
			</trkpt>
			<trkpt lat="49.469807" lon="14.671438">
				<ele>492.000000</ele>
			</trkpt>
			<trkpt lat="49.469673" lon="14.671591">
				<ele>493.000000</ele>
			</trkpt>
			<trkpt lat="49.469503" lon="14.671717">
				<ele>493.000000</ele>
			</trkpt>
			<trkpt lat="49.469176" lon="14.671950">
				<ele>494.000000</ele>
			</trkpt>
			<trkpt lat="49.468873" lon="14.672147">
				<ele>494.000000</ele>
			</trkpt>
			<trkpt lat="49.468558" lon="14.672318">
				<ele>493.000000</ele>
			</trkpt>
			<trkpt lat="49.467816" lon="14.672677">
				<ele>493.000000</ele>
			</trkpt>
			<trkpt lat="49.466970" lon="14.673109">
				<ele>491.000000</ele>
			</trkpt>
			<trkpt lat="49.466701" lon="14.673270">
				<ele>491.000000</ele>
			</trkpt>
			<trkpt lat="49.466467" lon="14.673423">
				<ele>490.000000</ele>
			</trkpt>
			<trkpt lat="49.466053" lon="14.673728">
				<ele>490.000000</ele>
			</trkpt>
			<trkpt lat="49.465598" lon="14.674115">
				<ele>488.000000</ele>
			</trkpt>
			<trkpt lat="49.465113" lon="14.674564">
				<ele>487.000000</ele>
			</trkpt>
			<trkpt lat="49.464593" lon="14.675076">
				<ele>487.000000</ele>
			</trkpt>
			<trkpt lat="49.464033" lon="14.675642">
				<ele>486.000000</ele>
			</trkpt>
			<trkpt lat="49.463858" lon="14.675795">
				<ele>486.000000</ele>
			</trkpt>
			<trkpt lat="49.463683" lon="14.675920">
				<ele>486.000000</ele>
			</trkpt>
			<trkpt lat="49.463508" lon="14.676019">
				<ele>486.000000</ele>
			</trkpt>
			<trkpt lat="49.463309" lon="14.676073">
				<ele>485.000000</ele>
			</trkpt>
			<trkpt lat="49.463081" lon="14.676118">
				<ele>485.000000</ele>
			</trkpt>
			<trkpt lat="49.462877" lon="14.676118">
				<ele>486.000000</ele>
			</trkpt>
			<trkpt lat="49.462281" lon="14.676100">
				<ele>486.000000</ele>
			</trkpt>
			<trkpt lat="49.460670" lon="14.676038">
				<ele>482.000000</ele>
			</trkpt>
			<trkpt lat="49.459240" lon="14.676010">
				<ele>474.000000</ele>
			</trkpt>
			<trkpt lat="49.459070" lon="14.676019">
				<ele>473.000000</ele>
			</trkpt>
			<trkpt lat="49.458883" lon="14.676010">
				<ele>472.000000</ele>
			</trkpt>
			<trkpt lat="49.458287" lon="14.676028">
				<ele>470.000000</ele>
			</trkpt>
			<trkpt lat="49.457470" lon="14.676046">
				<ele>466.000000</ele>
			</trkpt>
			<trkpt lat="49.457254" lon="14.676046">
				<ele>465.000000</ele>
			</trkpt>
			<trkpt lat="49.457067" lon="14.675992">
				<ele>462.000000</ele>
			</trkpt>
			<trkpt lat="49.456787" lon="14.675939">
				<ele>462.000000</ele>
			</trkpt>
			<trkpt lat="49.456687" lon="14.675965">
				<ele>462.000000</ele>
			</trkpt>
			<trkpt lat="49.456542" lon="14.675983">
				<ele>463.000000</ele>
			</trkpt>
			<trkpt lat="49.456454" lon="14.676010">
				<ele>464.000000</ele>
			</trkpt>
			<trkpt lat="49.456372" lon="14.676038">
				<ele>465.000000</ele>
			</trkpt>
			<trkpt lat="49.456284" lon="14.676092">
				<ele>466.000000</ele>
			</trkpt>
			<trkpt lat="49.455473" lon="14.676657">
				<ele>470.000000</ele>
			</trkpt>
			<trkpt lat="49.455152" lon="14.676900">
				<ele>470.000000</ele>
			</trkpt>
			<trkpt lat="49.454813" lon="14.677170">
				<ele>469.000000</ele>
			</trkpt>
			<trkpt lat="49.454697" lon="14.677268">
				<ele>469.000000</ele>
			</trkpt>
			<trkpt lat="49.454615" lon="14.677358">
				<ele>468.000000</ele>
			</trkpt>
			<trkpt lat="49.454550" lon="14.677457">
				<ele>467.000000</ele>
			</trkpt>
			<trkpt lat="49.454498" lon="14.677583">
				<ele>466.000000</ele>
			</trkpt>
			<trkpt lat="49.454480" lon="14.677654">
				<ele>466.000000</ele>
			</trkpt>
			<trkpt lat="49.454469" lon="14.677736">
				<ele>466.000000</ele>
			</trkpt>
			<trkpt lat="49.454469" lon="14.677807">
				<ele>466.000000</ele>
			</trkpt>
			<trkpt lat="49.454480" lon="14.677897">
				<ele>466.000000</ele>
			</trkpt>
			<trkpt lat="49.454498" lon="14.678094">
				<ele>465.000000</ele>
			</trkpt>
			<trkpt lat="49.454527" lon="14.678273">
				<ele>466.000000</ele>
			</trkpt>
			<trkpt lat="49.454544" lon="14.678481">
				<ele>465.000000</ele>
			</trkpt>
			<trkpt lat="49.454556" lon="14.678642">
				<ele>465.000000</ele>
			</trkpt>
			<trkpt lat="49.454544" lon="14.678742">
				<ele>464.000000</ele>
			</trkpt>
			<trkpt lat="49.454527" lon="14.678813">
				<ele>464.000000</ele>
			</trkpt>
			<trkpt lat="49.454498" lon="14.678849">
				<ele>463.000000</ele>
			</trkpt>
			<trkpt lat="49.454475" lon="14.678868">
				<ele>463.000000</ele>
			</trkpt>
			<trkpt lat="49.454422" lon="14.678868">
				<ele>463.000000</ele>
			</trkpt>
			<trkpt lat="49.454375" lon="14.678858">
				<ele>464.000000</ele>
			</trkpt>
			<trkpt lat="49.454328" lon="14.678813">
				<ele>464.000000</ele>
			</trkpt>
			<trkpt lat="49.454294" lon="14.678759">
				<ele>464.000000</ele>
			</trkpt>
			<trkpt lat="49.454241" lon="14.678652">
				<ele>464.000000</ele>
			</trkpt>
			<trkpt lat="49.454182" lon="14.678535">
				<ele>465.000000</ele>
			</trkpt>
			<trkpt lat="49.454141" lon="14.678481">
				<ele>465.000000</ele>
			</trkpt>
			<trkpt lat="49.454083" lon="14.678445">
				<ele>466.000000</ele>
			</trkpt>
			<trkpt lat="49.454031" lon="14.678445">
				<ele>466.000000</ele>
			</trkpt>
			<trkpt lat="49.453044" lon="14.678508">
				<ele>470.000000</ele>
			</trkpt>
			<trkpt lat="49.452127" lon="14.678535">
				<ele>469.000000</ele>
			</trkpt>
			<trkpt lat="49.451269" lon="14.678571">
				<ele>466.000000</ele>
			</trkpt>
			<trkpt lat="49.450282" lon="14.678589">
				<ele>461.000000</ele>
			</trkpt>
			<trkpt lat="49.449569" lon="14.678579">
				<ele>456.000000</ele>
			</trkpt>
			<trkpt lat="49.449172" lon="14.678598">
				<ele>453.000000</ele>
			</trkpt>
			<trkpt lat="49.449189" lon="14.678032">
				<ele>451.000000</ele>
			</trkpt>
			<trkpt lat="49.449224" lon="14.677673">
				<ele>450.000000</ele>
			</trkpt>
			<trkpt lat="49.449271" lon="14.677304">
				<ele>450.000000</ele>
			</trkpt>
			<trkpt lat="49.449289" lon="14.676954">
				<ele>451.000000</ele>
			</trkpt>
			<trkpt lat="49.449277" lon="14.676845">
				<ele>451.000000</ele>
			</trkpt>
			<trkpt lat="49.449213" lon="14.676541">
				<ele>449.000000</ele>
			</trkpt>
			<trkpt lat="49.449224" lon="14.676415">
				<ele>448.000000</ele>
			</trkpt>
			<trkpt lat="49.449248" lon="14.676199">
				<ele>448.000000</ele>
			</trkpt>
			<trkpt lat="49.449248" lon="14.676073">
				<ele>448.000000</ele>
			</trkpt>
			<trkpt lat="49.449219" lon="14.675939">
				<ele>448.000000</ele>
			</trkpt>
			<trkpt lat="49.449120" lon="14.675642">
				<ele>447.000000</ele>
			</trkpt>
			<trkpt lat="49.449055" lon="14.675426">
				<ele>448.000000</ele>
			</trkpt>
			<trkpt lat="49.449002" lon="14.675121">
				<ele>447.000000</ele>
			</trkpt>
			<trkpt lat="49.448932" lon="14.674996">
				<ele>447.000000</ele>
			</trkpt>
			<trkpt lat="49.448967" lon="14.674789">
				<ele>447.000000</ele>
			</trkpt>
			<trkpt lat="49.448985" lon="14.674636">
				<ele>448.000000</ele>
			</trkpt>
			<trkpt lat="49.448985" lon="14.674636">
				<ele>448.000000</ele>
			</trkpt>
			<trkpt lat="49.448985" lon="14.674610">
				<ele>448.000000</ele>
			</trkpt>
			<trkpt lat="49.448991" lon="14.674457">
				<ele>448.000000</ele>
			</trkpt>
			<trkpt lat="49.448991" lon="14.674294">
				<ele>448.000000</ele>
			</trkpt>
			<trkpt lat="49.448973" lon="14.674105">
				<ele>448.000000</ele>
			</trkpt>
			<trkpt lat="49.448939" lon="14.673954">
				<ele>447.000000</ele>
			</trkpt>
			<trkpt lat="49.448880" lon="14.673801">
				<ele>447.000000</ele>
			</trkpt>
			<trkpt lat="49.448810" lon="14.673602">
				<ele>446.000000</ele>
			</trkpt>
			<trkpt lat="49.448547" lon="14.673073">
				<ele>443.000000</ele>
			</trkpt>
			<trkpt lat="49.448477" lon="14.672893">
				<ele>442.000000</ele>
			</trkpt>
			<trkpt lat="49.448430" lon="14.672696">
				<ele>443.000000</ele>
			</trkpt>
			<trkpt lat="49.448401" lon="14.672587">
				<ele>443.000000</ele>
			</trkpt>
			<trkpt lat="49.448354" lon="14.672453">
				<ele>443.000000</ele>
			</trkpt>
			<trkpt lat="49.448413" lon="14.672363">
				<ele>443.000000</ele>
			</trkpt>
			<trkpt lat="49.448448" lon="14.672300">
				<ele>443.000000</ele>
			</trkpt>
			<trkpt lat="49.448383" lon="14.672157">
				<ele>443.000000</ele>
			</trkpt>
			<trkpt lat="49.448319" lon="14.672040">
				<ele>443.000000</ele>
			</trkpt>
			<trkpt lat="49.448092" lon="14.671690">
				<ele>442.000000</ele>
			</trkpt>
			<trkpt lat="49.447887" lon="14.671365">
				<ele>442.000000</ele>
			</trkpt>
			<trkpt lat="49.447712" lon="14.671034">
				<ele>442.000000</ele>
			</trkpt>
			<trkpt lat="49.447613" lon="14.670828">
				<ele>442.000000</ele>
			</trkpt>
			<trkpt lat="49.447542" lon="14.670612">
				<ele>442.000000</ele>
			</trkpt>
			<trkpt lat="49.447490" lon="14.670405">
				<ele>443.000000</ele>
			</trkpt>
			<trkpt lat="49.447449" lon="14.670162">
				<ele>444.000000</ele>
			</trkpt>
			<trkpt lat="49.447361" lon="14.670180">
				<ele>443.000000</ele>
			</trkpt>
			<trkpt lat="49.447314" lon="14.670153">
				<ele>442.000000</ele>
			</trkpt>
			<trkpt lat="49.447280" lon="14.670099">
				<ele>443.000000</ele>
			</trkpt>
			<trkpt lat="49.447198" lon="14.669947">
				<ele>443.000000</ele>
			</trkpt>
			<trkpt lat="49.447064" lon="14.669686">
				<ele>443.000000</ele>
			</trkpt>
			<trkpt lat="49.446911" lon="14.669453">
				<ele>443.000000</ele>
			</trkpt>
			<trkpt lat="49.446818" lon="14.669344">
				<ele>443.000000</ele>
			</trkpt>
			<trkpt lat="49.446754" lon="14.669273">
				<ele>442.000000</ele>
			</trkpt>
			<trkpt lat="49.446602" lon="14.669147">
				<ele>440.000000</ele>
			</trkpt>
			<trkpt lat="49.446450" lon="14.669084">
				<ele>438.000000</ele>
			</trkpt>
			<trkpt lat="49.446368" lon="14.669057">
				<ele>436.000000</ele>
			</trkpt>
			<trkpt lat="49.446286" lon="14.669040">
				<ele>436.000000</ele>
			</trkpt>
			<trkpt lat="49.446205" lon="14.669040">
				<ele>435.000000</ele>
			</trkpt>
			<trkpt lat="49.446118" lon="14.669057">
				<ele>435.000000</ele>
			</trkpt>
			<trkpt lat="49.446024" lon="14.669084">
				<ele>436.000000</ele>
			</trkpt>
			<trkpt lat="49.445936" lon="14.669130">
				<ele>436.000000</ele>
			</trkpt>
			<trkpt lat="49.445837" lon="14.669183">
				<ele>435.000000</ele>
			</trkpt>
			<trkpt lat="49.445732" lon="14.669264">
				<ele>435.000000</ele>
			</trkpt>
			<trkpt lat="49.445463" lon="14.669534">
				<ele>436.000000</ele>
			</trkpt>
			<trkpt lat="49.445312" lon="14.669660">
				<ele>435.000000</ele>
			</trkpt>
			<trkpt lat="49.445118" lon="14.669767">
				<ele>435.000000</ele>
			</trkpt>
			<trkpt lat="49.444937" lon="14.669847">
				<ele>435.000000</ele>
			</trkpt>
			<trkpt lat="49.444336" lon="14.670109">
				<ele>434.000000</ele>
			</trkpt>
			<trkpt lat="49.444114" lon="14.670216">
				<ele>434.000000</ele>
			</trkpt>
			<trkpt lat="49.443986" lon="14.670297">
				<ele>434.000000</ele>
			</trkpt>
			<trkpt lat="49.443863" lon="14.670386">
				<ele>434.000000</ele>
			</trkpt>
			<trkpt lat="49.443618" lon="14.670593">
				<ele>434.000000</ele>
			</trkpt>
			<trkpt lat="49.443378" lon="14.670828">
				<ele>434.000000</ele>
			</trkpt>
			<trkpt lat="49.443279" lon="14.670908">
				<ele>434.000000</ele>
			</trkpt>
			<trkpt lat="49.443197" lon="14.670998">
				<ele>434.000000</ele>
			</trkpt>
			<trkpt lat="49.442958" lon="14.671276">
				<ele>434.000000</ele>
			</trkpt>
			<trkpt lat="49.442887" lon="14.671365">
				<ele>434.000000</ele>
			</trkpt>
			<trkpt lat="49.442806" lon="14.671510">
				<ele>434.000000</ele>
			</trkpt>
			<trkpt lat="49.442537" lon="14.672049">
				<ele>434.000000</ele>
			</trkpt>
			<trkpt lat="49.442438" lon="14.672201">
				<ele>434.000000</ele>
			</trkpt>
			<trkpt lat="49.442309" lon="14.672327">
				<ele>435.000000</ele>
			</trkpt>
			<trkpt lat="49.442169" lon="14.672436">
				<ele>435.000000</ele>
			</trkpt>
			<trkpt lat="49.442017" lon="14.672534">
				<ele>437.000000</ele>
			</trkpt>
			<trkpt lat="49.441924" lon="14.672560">
				<ele>437.000000</ele>
			</trkpt>
			<trkpt lat="49.441836" lon="14.672579">
				<ele>436.000000</ele>
			</trkpt>
			<trkpt lat="49.441754" lon="14.672579">
				<ele>435.000000</ele>
			</trkpt>
			<trkpt lat="49.441672" lon="14.672579">
				<ele>435.000000</ele>
			</trkpt>
			<trkpt lat="49.441591" lon="14.672552">
				<ele>434.000000</ele>
			</trkpt>
			<trkpt lat="49.441088" lon="14.672633">
				<ele>436.000000</ele>
			</trkpt>
			<trkpt lat="49.440919" lon="14.672669">
				<ele>440.000000</ele>
			</trkpt>
			<trkpt lat="49.440750" lon="14.672669">
				<ele>445.000000</ele>
			</trkpt>
			<trkpt lat="49.440586" lon="14.672650">
				<ele>446.000000</ele>
			</trkpt>
			<trkpt lat="49.440405" lon="14.672615">
				<ele>450.000000</ele>
			</trkpt>
			<trkpt lat="49.440224" lon="14.672560">
				<ele>452.000000</ele>
			</trkpt>
			<trkpt lat="49.440054" lon="14.672489">
				<ele>453.000000</ele>
			</trkpt>
			<trkpt lat="49.440154" lon="14.671834">
				<ele>449.000000</ele>
			</trkpt>
			<trkpt lat="49.440171" lon="14.671662">
				<ele>448.000000</ele>
			</trkpt>
			<trkpt lat="49.440160" lon="14.671455">
				<ele>447.000000</ele>
			</trkpt>
			<trkpt lat="49.440160" lon="14.671195">
				<ele>447.000000</ele>
			</trkpt>
			<trkpt lat="49.440177" lon="14.670809">
				<ele>445.000000</ele>
			</trkpt>
			<trkpt lat="49.440054" lon="14.670189">
				<ele>447.000000</ele>
			</trkpt>
			<trkpt lat="49.440002" lon="14.669983">
				<ele>448.000000</ele>
			</trkpt>
			<trkpt lat="49.439938" lon="14.669757">
				<ele>449.000000</ele>
			</trkpt>
			<trkpt lat="49.439804" lon="14.669344">
				<ele>447.000000</ele>
			</trkpt>
			<trkpt lat="49.439751" lon="14.669237">
				<ele>446.000000</ele>
			</trkpt>
			<trkpt lat="49.439692" lon="14.669138">
				<ele>445.000000</ele>
			</trkpt>
			<trkpt lat="49.439623" lon="14.669057">
				<ele>445.000000</ele>
			</trkpt>
			<trkpt lat="49.439558" lon="14.669021">
				<ele>445.000000</ele>
			</trkpt>
			<trkpt lat="49.439488" lon="14.668994">
				<ele>446.000000</ele>
			</trkpt>
			<trkpt lat="49.439406" lon="14.668994">
				<ele>446.000000</ele>
			</trkpt>
			<trkpt lat="49.439138" lon="14.669157">
				<ele>447.000000</ele>
			</trkpt>
			<trkpt lat="49.438501" lon="14.669578">
				<ele>449.000000</ele>
			</trkpt>
			<trkpt lat="49.438255" lon="14.669713">
				<ele>450.000000</ele>
			</trkpt>
			<trkpt lat="49.438016" lon="14.669830">
				<ele>450.000000</ele>
			</trkpt>
			<trkpt lat="49.437216" lon="14.670109">
				<ele>447.000000</ele>
			</trkpt>
			<trkpt lat="49.436719" lon="14.670297">
				<ele>447.000000</ele>
			</trkpt>
			<trkpt lat="49.436468" lon="14.670360">
				<ele>447.000000</ele>
			</trkpt>
			<trkpt lat="49.436199" lon="14.670423">
				<ele>447.000000</ele>
			</trkpt>
			<trkpt lat="49.435919" lon="14.670441">
				<ele>446.000000</ele>
			</trkpt>
			<trkpt lat="49.435580" lon="14.670423">
				<ele>445.000000</ele>
			</trkpt>
			<trkpt lat="49.434867" lon="14.670486">
				<ele>440.000000</ele>
			</trkpt>
			<trkpt lat="49.434815" lon="14.670468">
				<ele>440.000000</ele>
			</trkpt>
			<trkpt lat="49.434762" lon="14.670432">
				<ele>440.000000</ele>
			</trkpt>
			<trkpt lat="49.434721" lon="14.670360">
				<ele>440.000000</ele>
			</trkpt>
			<trkpt lat="49.434703" lon="14.670279">
				<ele>440.000000</ele>
			</trkpt>
			<trkpt lat="49.434668" lon="14.670126">
				<ele>442.000000</ele>
			</trkpt>
			<trkpt lat="49.434651" lon="14.670090">
				<ele>443.000000</ele>
			</trkpt>
			<trkpt lat="49.434616" lon="14.670063">
				<ele>443.000000</ele>
			</trkpt>
			<trkpt lat="49.434634" lon="14.670297">
				<ele>440.000000</ele>
			</trkpt>
			<trkpt lat="49.434651" lon="14.670486">
				<ele>439.000000</ele>
			</trkpt>
			<trkpt lat="49.434686" lon="14.670656">
				<ele>442.000000</ele>
			</trkpt>
			<trkpt lat="49.434727" lon="14.670800">
				<ele>442.000000</ele>
			</trkpt>
			<trkpt lat="49.434762" lon="14.670918">
				<ele>441.000000</ele>
			</trkpt>
			<trkpt lat="49.434809" lon="14.670998">
				<ele>439.000000</ele>
			</trkpt>
			<trkpt lat="49.434867" lon="14.671078">
				<ele>439.000000</ele>
			</trkpt>
			<trkpt lat="49.434949" lon="14.671159">
				<ele>441.000000</ele>
			</trkpt>
			<trkpt lat="49.434984" lon="14.671205">
				<ele>441.000000</ele>
			</trkpt>
			<trkpt lat="49.435008" lon="14.671268">
				<ele>441.000000</ele>
			</trkpt>
			<trkpt lat="49.435008" lon="14.671339">
				<ele>442.000000</ele>
			</trkpt>
			<trkpt lat="49.434996" lon="14.671518">
				<ele>441.000000</ele>
			</trkpt>
			<trkpt lat="49.434961" lon="14.672130">
				<ele>443.000000</ele>
			</trkpt>
			<trkpt lat="49.434943" lon="14.672677">
				<ele>443.000000</ele>
			</trkpt>
			<trkpt lat="49.434949" lon="14.673226">
				<ele>443.000000</ele>
			</trkpt>
			<trkpt lat="49.434961" lon="14.674618">
				<ele>443.000000</ele>
			</trkpt>
			<trkpt lat="49.434709" lon="14.674600">
				<ele>443.000000</ele>
			</trkpt>
			<trkpt lat="49.434441" lon="14.674555">
				<ele>443.000000</ele>
			</trkpt>
			<trkpt lat="49.433647" lon="14.674394">
				<ele>445.000000</ele>
			</trkpt>
			<trkpt lat="49.433384" lon="14.674340">
				<ele>446.000000</ele>
			</trkpt>
			<trkpt lat="49.433208" lon="14.674312">
				<ele>447.000000</ele>
			</trkpt>
			<trkpt lat="49.433010" lon="14.674294">
				<ele>448.000000</ele>
			</trkpt>
			<trkpt lat="49.432594" lon="14.674277">
				<ele>451.000000</ele>
			</trkpt>
			<trkpt lat="49.432250" lon="14.674285">
				<ele>452.000000</ele>
			</trkpt>
			<trkpt lat="49.432034" lon="14.674294">
				<ele>453.000000</ele>
			</trkpt>
			<trkpt lat="49.431578" lon="14.674357">
				<ele>455.000000</ele>
			</trkpt>
			<trkpt lat="49.430708" lon="14.674430">
				<ele>460.000000</ele>
			</trkpt>
			<trkpt lat="49.429043" lon="14.674537">
				<ele>461.000000</ele>
			</trkpt>
			<trkpt lat="49.428774" lon="14.674581">
				<ele>460.000000</ele>
			</trkpt>
			<trkpt lat="49.428646" lon="14.674610">
				<ele>460.000000</ele>
			</trkpt>
			<trkpt lat="49.428505" lon="14.674663">
				<ele>460.000000</ele>
			</trkpt>
			<trkpt lat="49.428259" lon="14.674780">
				<ele>458.000000</ele>
			</trkpt>
			<trkpt lat="49.428037" lon="14.674933">
				<ele>457.000000</ele>
			</trkpt>
			<trkpt lat="49.427553" lon="14.675319">
				<ele>456.000000</ele>
			</trkpt>
			<trkpt lat="49.427150" lon="14.675652">
				<ele>455.000000</ele>
			</trkpt>
			<trkpt lat="49.426916" lon="14.675858">
				<ele>454.000000</ele>
			</trkpt>
			<trkpt lat="49.426723" lon="14.676055">
				<ele>453.000000</ele>
			</trkpt>
			<trkpt lat="49.426566" lon="14.676252">
				<ele>452.000000</ele>
			</trkpt>
			<trkpt lat="49.426413" lon="14.676459">
				<ele>451.000000</ele>
			</trkpt>
			<trkpt lat="49.426332" lon="14.675992">
				<ele>450.000000</ele>
			</trkpt>
			<trkpt lat="49.426285" lon="14.675768">
				<ele>449.000000</ele>
			</trkpt>
			<trkpt lat="49.426285" lon="14.675589">
				<ele>449.000000</ele>
			</trkpt>
			<trkpt lat="49.426308" lon="14.675076">
				<ele>450.000000</ele>
			</trkpt>
			<trkpt lat="49.426308" lon="14.674843">
				<ele>450.000000</ele>
			</trkpt>
			<trkpt lat="49.426279" lon="14.674627">
				<ele>449.000000</ele>
			</trkpt>
			<trkpt lat="49.426226" lon="14.674430">
				<ele>448.000000</ele>
			</trkpt>
			<trkpt lat="49.426133" lon="14.674142">
				<ele>448.000000</ele>
			</trkpt>
			<trkpt lat="49.425274" lon="14.671807">
				<ele>447.000000</ele>
			</trkpt>
			<trkpt lat="49.425210" lon="14.671600">
				<ele>447.000000</ele>
			</trkpt>
			<trkpt lat="49.425163" lon="14.671420">
				<ele>447.000000</ele>
			</trkpt>
			<trkpt lat="49.425128" lon="14.671222">
				<ele>446.000000</ele>
			</trkpt>
			<trkpt lat="49.425076" lon="14.670908">
				<ele>446.000000</ele>
			</trkpt>
			<trkpt lat="49.424906" lon="14.669866">
				<ele>447.000000</ele>
			</trkpt>
			<trkpt lat="49.424836" lon="14.669434">
				<ele>448.000000</ele>
			</trkpt>
			<trkpt lat="49.424742" lon="14.668860">
				<ele>449.000000</ele>
			</trkpt>
			<trkpt lat="49.424637" lon="14.668348">
				<ele>450.000000</ele>
			</trkpt>
			<trkpt lat="49.424590" lon="14.668123">
				<ele>447.000000</ele>
			</trkpt>
			<trkpt lat="49.424526" lon="14.667853">
				<ele>448.000000</ele>
			</trkpt>
			<trkpt lat="49.424462" lon="14.667576">
				<ele>450.000000</ele>
			</trkpt>
			<trkpt lat="49.424392" lon="14.667602">
				<ele>449.000000</ele>
			</trkpt>
			<trkpt lat="49.424333" lon="14.667647">
				<ele>448.000000</ele>
			</trkpt>
			<trkpt lat="49.424292" lon="14.667702">
				<ele>447.000000</ele>
			</trkpt>
			<trkpt lat="49.424240" lon="14.667773">
				<ele>446.000000</ele>
			</trkpt>
			<trkpt lat="49.424111" lon="14.667962">
				<ele>446.000000</ele>
			</trkpt>
			<trkpt lat="49.424023" lon="14.668060">
				<ele>445.000000</ele>
			</trkpt>
			<trkpt lat="49.423930" lon="14.668141">
				<ele>445.000000</ele>
			</trkpt>
			<trkpt lat="49.423661" lon="14.668312">
				<ele>443.000000</ele>
			</trkpt>
			<trkpt lat="49.423545" lon="14.668411">
				<ele>443.000000</ele>
			</trkpt>
			<trkpt lat="49.423427" lon="14.668482">
				<ele>442.000000</ele>
			</trkpt>
			<trkpt lat="49.423089" lon="14.668644">
				<ele>440.000000</ele>
			</trkpt>
			<trkpt lat="49.422370" lon="14.669048">
				<ele>440.000000</ele>
			</trkpt>
			<trkpt lat="49.422008" lon="14.669237">
				<ele>442.000000</ele>
			</trkpt>
			<trkpt lat="49.421949" lon="14.669264">
				<ele>442.000000</ele>
			</trkpt>
			<trkpt lat="49.421873" lon="14.669210">
				<ele>441.000000</ele>
			</trkpt>
			<trkpt lat="49.421821" lon="14.669138">
				<ele>442.000000</ele>
			</trkpt>
			<trkpt lat="49.421786" lon="14.669067">
				<ele>441.000000</ele>
			</trkpt>
			<trkpt lat="49.421733" lon="14.668950">
				<ele>442.000000</ele>
			</trkpt>
			<trkpt lat="49.421668" lon="14.668805">
				<ele>442.000000</ele>
			</trkpt>
			<trkpt lat="49.421569" lon="14.668654">
				<ele>441.000000</ele>
			</trkpt>
			<trkpt lat="49.421517" lon="14.668572">
				<ele>441.000000</ele>
			</trkpt>
			<trkpt lat="49.421476" lon="14.668491">
				<ele>441.000000</ele>
			</trkpt>
			<trkpt lat="49.421453" lon="14.668411">
				<ele>440.000000</ele>
			</trkpt>
			<trkpt lat="49.421412" lon="14.668285">
				<ele>440.000000</ele>
			</trkpt>
			<trkpt lat="49.421388" lon="14.668150">
				<ele>439.000000</ele>
			</trkpt>
			<trkpt lat="49.421341" lon="14.667889">
				<ele>438.000000</ele>
			</trkpt>
			<trkpt lat="49.421306" lon="14.667736">
				<ele>437.000000</ele>
			</trkpt>
			<trkpt lat="49.421242" lon="14.667557">
				<ele>436.000000</ele>
			</trkpt>
			<trkpt lat="49.421190" lon="14.667449">
				<ele>436.000000</ele>
			</trkpt>
			<trkpt lat="49.421143" lon="14.667396">
				<ele>435.000000</ele>
			</trkpt>
			<trkpt lat="49.421108" lon="14.667369">
				<ele>435.000000</ele>
			</trkpt>
			<trkpt lat="49.421050" lon="14.667377">
				<ele>435.000000</ele>
			</trkpt>
			<trkpt lat="49.421009" lon="14.667396">
				<ele>435.000000</ele>
			</trkpt>
			<trkpt lat="49.420962" lon="14.667432">
				<ele>435.000000</ele>
			</trkpt>
			<trkpt lat="49.420856" lon="14.667576">
				<ele>436.000000</ele>
			</trkpt>
			<trkpt lat="49.420646" lon="14.667836">
				<ele>434.000000</ele>
			</trkpt>
			<trkpt lat="49.420588" lon="14.667943">
				<ele>434.000000</ele>
			</trkpt>
			<trkpt lat="49.420529" lon="14.668060">
				<ele>434.000000</ele>
			</trkpt>
			<trkpt lat="49.420441" lon="14.668239">
				<ele>435.000000</ele>
			</trkpt>
			<trkpt lat="49.420377" lon="14.668348">
				<ele>435.000000</ele>
			</trkpt>
			<trkpt lat="49.420319" lon="14.668428">
				<ele>435.000000</ele>
			</trkpt>
			<trkpt lat="49.420237" lon="14.668501">
				<ele>434.000000</ele>
			</trkpt>
			<trkpt lat="49.420050" lon="14.668626">
				<ele>433.000000</ele>
			</trkpt>
			<trkpt lat="49.419974" lon="14.668698">
				<ele>433.000000</ele>
			</trkpt>
			<trkpt lat="49.419904" lon="14.668797">
				<ele>433.000000</ele>
			</trkpt>
			<trkpt lat="49.419664" lon="14.669130">
				<ele>433.000000</ele>
			</trkpt>
			<trkpt lat="49.419366" lon="14.669551">
				<ele>433.000000</ele>
			</trkpt>
			<trkpt lat="49.419332" lon="14.669614">
				<ele>433.000000</ele>
			</trkpt>
			<trkpt lat="49.419302" lon="14.669668">
				<ele>433.000000</ele>
			</trkpt>
			<trkpt lat="49.419250" lon="14.669857">
				<ele>433.000000</ele>
			</trkpt>
			<trkpt lat="49.419173" lon="14.670180">
				<ele>433.000000</ele>
			</trkpt>
			<trkpt lat="49.419132" lon="14.670333">
				<ele>432.000000</ele>
			</trkpt>
			<trkpt lat="49.419092" lon="14.670441">
				<ele>431.000000</ele>
			</trkpt>
			<trkpt lat="49.419045" lon="14.670576">
				<ele>430.000000</ele>
			</trkpt>
			<trkpt lat="49.419010" lon="14.670728">
				<ele>430.000000</ele>
			</trkpt>
			<trkpt lat="49.418969" lon="14.671015">
				<ele>430.000000</ele>
			</trkpt>
			<trkpt lat="49.418835" lon="14.671168">
				<ele>428.000000</ele>
			</trkpt>
			<trkpt lat="49.418689" lon="14.671321">
				<ele>426.000000</ele>
			</trkpt>
			<trkpt lat="49.418098" lon="14.671842">
				<ele>426.000000</ele>
			</trkpt>
			<trkpt lat="49.417479" lon="14.672426">
				<ele>427.000000</ele>
			</trkpt>
			<trkpt lat="49.417175" lon="14.672696">
				<ele>427.000000</ele>
			</trkpt>
			<trkpt lat="49.417093" lon="14.672767">
				<ele>427.000000</ele>
			</trkpt>
			<trkpt lat="49.417017" lon="14.672813">
				<ele>427.000000</ele>
			</trkpt>
			<trkpt lat="49.416941" lon="14.672822">
				<ele>427.000000</ele>
			</trkpt>
			<trkpt lat="49.416848" lon="14.672813">
				<ele>427.000000</ele>
			</trkpt>
			<trkpt lat="49.416684" lon="14.672759">
				<ele>428.000000</ele>
			</trkpt>
			<trkpt lat="49.416625" lon="14.672713">
				<ele>428.000000</ele>
			</trkpt>
			<trkpt lat="49.416543" lon="14.672660">
				<ele>428.000000</ele>
			</trkpt>
			<trkpt lat="49.416444" lon="14.672570">
				<ele>426.000000</ele>
			</trkpt>
			<trkpt lat="49.416351" lon="14.672526">
				<ele>427.000000</ele>
			</trkpt>
			<trkpt lat="49.416269" lon="14.672497">
				<ele>427.000000</ele>
			</trkpt>
			<trkpt lat="49.416175" lon="14.672497">
				<ele>427.000000</ele>
			</trkpt>
			<trkpt lat="49.416047" lon="14.672516">
				<ele>426.000000</ele>
			</trkpt>
			<trkpt lat="49.415959" lon="14.672497">
				<ele>427.000000</ele>
			</trkpt>
			<trkpt lat="49.415866" lon="14.672471">
				<ele>426.000000</ele>
			</trkpt>
			<trkpt lat="49.415778" lon="14.672408">
				<ele>425.000000</ele>
			</trkpt>
			<trkpt lat="49.415562" lon="14.672256">
				<ele>426.000000</ele>
			</trkpt>
			<trkpt lat="49.415480" lon="14.672210">
				<ele>426.000000</ele>
			</trkpt>
			<trkpt lat="49.415410" lon="14.672174">
				<ele>426.000000</ele>
			</trkpt>
			<trkpt lat="49.415281" lon="14.672336">
				<ele>430.000000</ele>
			</trkpt>
			<trkpt lat="49.415165" lon="14.672489">
				<ele>431.000000</ele>
			</trkpt>
			<trkpt lat="49.415013" lon="14.672669">
				<ele>431.000000</ele>
			</trkpt>
			<trkpt lat="49.414832" lon="14.672893">
				<ele>431.000000</ele>
			</trkpt>
			<trkpt lat="49.414726" lon="14.672992">
				<ele>432.000000</ele>
			</trkpt>
			<trkpt lat="49.414697" lon="14.673126">
				<ele>433.000000</ele>
			</trkpt>
			<trkpt lat="49.414644" lon="14.673325">
				<ele>433.000000</ele>
			</trkpt>
			<trkpt lat="49.414223" lon="14.673864">
				<ele>436.000000</ele>
			</trkpt>
			<trkpt lat="49.414884" lon="14.675113">
				<ele>438.000000</ele>
			</trkpt>
			<trkpt lat="49.414329" lon="14.675669">
				<ele>439.000000</ele>
			</trkpt>
			<trkpt lat="49.414130" lon="14.675866">
				<ele>440.000000</ele>
			</trkpt>
			<trkpt lat="49.414031" lon="14.675975">
				<ele>439.000000</ele>
			</trkpt>
			<trkpt lat="49.413896" lon="14.676128">
				<ele>439.000000</ele>
			</trkpt>
			<trkpt lat="49.413820" lon="14.676208">
				<ele>439.000000</ele>
			</trkpt>
			<trkpt lat="49.413820" lon="14.676208">
				<ele>439.000000</ele>
			</trkpt>
			<trkpt lat="49.413797" lon="14.676226">
				<ele>439.000000</ele>
			</trkpt>
			<trkpt lat="49.413704" lon="14.676155">
				<ele>439.000000</ele>
			</trkpt>
			<trkpt lat="49.413622" lon="14.676019">
				<ele>439.000000</ele>
			</trkpt>
			<trkpt lat="49.413592" lon="14.675948">
				<ele>439.000000</ele>
			</trkpt>
			<trkpt lat="49.413511" lon="14.675813">
				<ele>439.000000</ele>
			</trkpt>
			<trkpt lat="49.413458" lon="14.675705">
				<ele>439.000000</ele>
			</trkpt>
			<trkpt lat="49.413259" lon="14.675327">
				<ele>438.000000</ele>
			</trkpt>
			<trkpt lat="49.413177" lon="14.675184">
				<ele>438.000000</ele>
			</trkpt>
			<trkpt lat="49.413031" lon="14.674933">
				<ele>438.000000</ele>
			</trkpt>
			<trkpt lat="49.412985" lon="14.674851">
				<ele>438.000000</ele>
			</trkpt>
			<trkpt lat="49.412914" lon="14.674726">
				<ele>438.000000</ele>
			</trkpt>
			<trkpt lat="49.412815" lon="14.674547">
				<ele>438.000000</ele>
			</trkpt>
			<trkpt lat="49.412669" lon="14.674258">
				<ele>438.000000</ele>
			</trkpt>
			<trkpt lat="49.412552" lon="14.673971">
				<ele>438.000000</ele>
			</trkpt>
			<trkpt lat="49.412424" lon="14.673738">
				<ele>438.000000</ele>
			</trkpt>
			<trkpt lat="49.412435" lon="14.673369">
				<ele>438.000000</ele>
			</trkpt>
			<trkpt lat="49.412430" lon="14.672912">
				<ele>440.000000</ele>
			</trkpt>
			<trkpt lat="49.412447" lon="14.672193">
				<ele>441.000000</ele>
			</trkpt>
			<trkpt lat="49.412482" lon="14.671168">
				<ele>444.000000</ele>
			</trkpt>
			<trkpt lat="49.412523" lon="14.670109">
				<ele>444.000000</ele>
			</trkpt>
			<trkpt lat="49.412576" lon="14.669247">
				<ele>444.000000</ele>
			</trkpt>
			<trkpt lat="49.412617" lon="14.668509">
				<ele>444.000000</ele>
			</trkpt>
			<trkpt lat="49.412652" lon="14.667889">
				<ele>443.000000</ele>
			</trkpt>
			<trkpt lat="49.412704" lon="14.666937">
				<ele>442.000000</ele>
			</trkpt>
			<trkpt lat="49.412757" lon="14.666155">
				<ele>440.000000</ele>
			</trkpt>
			<trkpt lat="49.412762" lon="14.666039">
				<ele>440.000000</ele>
			</trkpt>
			<trkpt lat="49.412762" lon="14.665796">
				<ele>440.000000</ele>
			</trkpt>
			<trkpt lat="49.412751" lon="14.665725">
				<ele>439.000000</ele>
			</trkpt>
			<trkpt lat="49.412727" lon="14.665671">
				<ele>439.000000</ele>
			</trkpt>
			<trkpt lat="49.412680" lon="14.665617">
				<ele>439.000000</ele>
			</trkpt>
			<trkpt lat="49.412599" lon="14.665545">
				<ele>439.000000</ele>
			</trkpt>
			<trkpt lat="49.412680" lon="14.665203">
				<ele>439.000000</ele>
			</trkpt>
			<trkpt lat="49.412716" lon="14.664979">
				<ele>438.000000</ele>
			</trkpt>
			<trkpt lat="49.412733" lon="14.664773">
				<ele>438.000000</ele>
			</trkpt>
			<trkpt lat="49.412768" lon="14.664144">
				<ele>438.000000</ele>
			</trkpt>
			<trkpt lat="49.412710" lon="14.664044">
				<ele>437.000000</ele>
			</trkpt>
			<trkpt lat="49.412675" lon="14.663973">
				<ele>437.000000</ele>
			</trkpt>
			<trkpt lat="49.412593" lon="14.663740">
				<ele>436.000000</ele>
			</trkpt>
			<trkpt lat="49.412570" lon="14.663775">
				<ele>436.000000</ele>
			</trkpt>
		</trkseg>
	</trk>
</gpx>

