<?xml version="1.0" encoding="utf-8"?>
<gpx xmlns="http://www.topografix.com/GPX/1/1" version="1.1" creator="https://mapy.cz/">
	<trk>
		<name>19. Tábor - Dobronice u Bechyně</name>
		<trkseg>
			<trkpt lat="49.412570" lon="14.663775">
				<ele>436.000000</ele>
			</trkpt>
			<trkpt lat="49.412593" lon="14.663740">
				<ele>436.000000</ele>
			</trkpt>
			<trkpt lat="49.412558" lon="14.663604">
				<ele>436.000000</ele>
			</trkpt>
			<trkpt lat="49.412529" lon="14.663452">
				<ele>436.000000</ele>
			</trkpt>
			<trkpt lat="49.412511" lon="14.663291">
				<ele>436.000000</ele>
			</trkpt>
			<trkpt lat="49.412505" lon="14.663092">
				<ele>435.000000</ele>
			</trkpt>
			<trkpt lat="49.412482" lon="14.662608">
				<ele>434.000000</ele>
			</trkpt>
			<trkpt lat="49.412482" lon="14.661979">
				<ele>434.000000</ele>
			</trkpt>
			<trkpt lat="49.412499" lon="14.661746">
				<ele>434.000000</ele>
			</trkpt>
			<trkpt lat="49.412535" lon="14.661484">
				<ele>434.000000</ele>
			</trkpt>
			<trkpt lat="49.412581" lon="14.661207">
				<ele>433.000000</ele>
			</trkpt>
			<trkpt lat="49.412599" lon="14.661054">
				<ele>433.000000</ele>
			</trkpt>
			<trkpt lat="49.412675" lon="14.659949">
				<ele>432.000000</ele>
			</trkpt>
			<trkpt lat="49.412680" lon="14.659823">
				<ele>433.000000</ele>
			</trkpt>
			<trkpt lat="49.412680" lon="14.659697">
				<ele>433.000000</ele>
			</trkpt>
			<trkpt lat="49.412663" lon="14.659589">
				<ele>433.000000</ele>
			</trkpt>
			<trkpt lat="49.412646" lon="14.659490">
				<ele>434.000000</ele>
			</trkpt>
			<trkpt lat="49.412499" lon="14.658817">
				<ele>435.000000</ele>
			</trkpt>
			<trkpt lat="49.412464" lon="14.658834">
				<ele>434.000000</ele>
			</trkpt>
			<trkpt lat="49.412447" lon="14.658834">
				<ele>433.000000</ele>
			</trkpt>
			<trkpt lat="49.412430" lon="14.658817">
				<ele>433.000000</ele>
			</trkpt>
			<trkpt lat="49.412400" lon="14.658781">
				<ele>432.000000</ele>
			</trkpt>
			<trkpt lat="49.412289" lon="14.658494">
				<ele>430.000000</ele>
			</trkpt>
			<trkpt lat="49.412254" lon="14.658421">
				<ele>429.000000</ele>
			</trkpt>
			<trkpt lat="49.412202" lon="14.658350">
				<ele>428.000000</ele>
			</trkpt>
			<trkpt lat="49.412149" lon="14.658322">
				<ele>426.000000</ele>
			</trkpt>
			<trkpt lat="49.412067" lon="14.658322">
				<ele>423.000000</ele>
			</trkpt>
			<trkpt lat="49.412002" lon="14.658331">
				<ele>421.000000</ele>
			</trkpt>
			<trkpt lat="49.411956" lon="14.658314">
				<ele>419.000000</ele>
			</trkpt>
			<trkpt lat="49.411915" lon="14.658287">
				<ele>419.000000</ele>
			</trkpt>
			<trkpt lat="49.411588" lon="14.657865">
				<ele>415.000000</ele>
			</trkpt>
			<trkpt lat="49.411190" lon="14.657452">
				<ele>408.000000</ele>
			</trkpt>
			<trkpt lat="49.410688" lon="14.656949">
				<ele>404.000000</ele>
			</trkpt>
			<trkpt lat="49.410413" lon="14.656723">
				<ele>401.000000</ele>
			</trkpt>
			<trkpt lat="49.410197" lon="14.656607">
				<ele>396.000000</ele>
			</trkpt>
			<trkpt lat="49.410103" lon="14.656760">
				<ele>390.000000</ele>
			</trkpt>
			<trkpt lat="49.410004" lon="14.656616">
				<ele>391.000000</ele>
			</trkpt>
			<trkpt lat="49.409945" lon="14.656786">
				<ele>389.000000</ele>
			</trkpt>
			<trkpt lat="49.409648" lon="14.657658">
				<ele>387.000000</ele>
			</trkpt>
			<trkpt lat="49.409589" lon="14.657811">
				<ele>389.000000</ele>
			</trkpt>
			<trkpt lat="49.409519" lon="14.657991">
				<ele>389.000000</ele>
			</trkpt>
			<trkpt lat="49.409431" lon="14.657865">
				<ele>389.000000</ele>
			</trkpt>
			<trkpt lat="49.409332" lon="14.657729">
				<ele>389.000000</ele>
			</trkpt>
			<trkpt lat="49.409075" lon="14.657379">
				<ele>389.000000</ele>
			</trkpt>
			<trkpt lat="49.408940" lon="14.657218">
				<ele>389.000000</ele>
			</trkpt>
			<trkpt lat="49.408817" lon="14.657092">
				<ele>389.000000</ele>
			</trkpt>
			<trkpt lat="49.408689" lon="14.657002">
				<ele>389.000000</ele>
			</trkpt>
			<trkpt lat="49.408537" lon="14.656903">
				<ele>388.000000</ele>
			</trkpt>
			<trkpt lat="49.408139" lon="14.656687">
				<ele>389.000000</ele>
			</trkpt>
			<trkpt lat="49.407625" lon="14.656446">
				<ele>389.000000</ele>
			</trkpt>
			<trkpt lat="49.407438" lon="14.656346">
				<ele>388.000000</ele>
			</trkpt>
			<trkpt lat="49.407292" lon="14.656247">
				<ele>389.000000</ele>
			</trkpt>
			<trkpt lat="49.407140" lon="14.656140">
				<ele>389.000000</ele>
			</trkpt>
			<trkpt lat="49.407012" lon="14.656050">
				<ele>389.000000</ele>
			</trkpt>
			<trkpt lat="49.406894" lon="14.655924">
				<ele>389.000000</ele>
			</trkpt>
			<trkpt lat="49.406789" lon="14.655790">
				<ele>389.000000</ele>
			</trkpt>
			<trkpt lat="49.406672" lon="14.655618">
				<ele>389.000000</ele>
			</trkpt>
			<trkpt lat="49.406526" lon="14.655404">
				<ele>390.000000</ele>
			</trkpt>
			<trkpt lat="49.406526" lon="14.655404">
				<ele>390.000000</ele>
			</trkpt>
			<trkpt lat="49.406526" lon="14.655404">
				<ele>390.000000</ele>
			</trkpt>
			<trkpt lat="49.406544" lon="14.655322">
				<ele>389.000000</ele>
			</trkpt>
			<trkpt lat="49.406532" lon="14.655232">
				<ele>389.000000</ele>
			</trkpt>
			<trkpt lat="49.406509" lon="14.655142">
				<ele>389.000000</ele>
			</trkpt>
			<trkpt lat="49.406450" lon="14.655044">
				<ele>390.000000</ele>
			</trkpt>
			<trkpt lat="49.406397" lon="14.654945">
				<ele>390.000000</ele>
			</trkpt>
			<trkpt lat="49.406362" lon="14.654855">
				<ele>390.000000</ele>
			</trkpt>
			<trkpt lat="49.406333" lon="14.654729">
				<ele>390.000000</ele>
			</trkpt>
			<trkpt lat="49.406328" lon="14.654559">
				<ele>389.000000</ele>
			</trkpt>
			<trkpt lat="49.406304" lon="14.654190">
				<ele>388.000000</ele>
			</trkpt>
			<trkpt lat="49.406304" lon="14.653670">
				<ele>388.000000</ele>
			</trkpt>
			<trkpt lat="49.406474" lon="14.653140">
				<ele>388.000000</ele>
			</trkpt>
			<trkpt lat="49.406631" lon="14.652574">
				<ele>389.000000</ele>
			</trkpt>
			<trkpt lat="49.406883" lon="14.651586">
				<ele>392.000000</ele>
			</trkpt>
			<trkpt lat="49.406999" lon="14.651154">
				<ele>392.000000</ele>
			</trkpt>
			<trkpt lat="49.407140" lon="14.650687">
				<ele>391.000000</ele>
			</trkpt>
			<trkpt lat="49.407303" lon="14.650228">
				<ele>390.000000</ele>
			</trkpt>
			<trkpt lat="49.407531" lon="14.649788">
				<ele>391.000000</ele>
			</trkpt>
			<trkpt lat="49.407882" lon="14.649096">
				<ele>389.000000</ele>
			</trkpt>
			<trkpt lat="49.408099" lon="14.648702">
				<ele>392.000000</ele>
			</trkpt>
			<trkpt lat="49.408233" lon="14.648513">
				<ele>392.000000</ele>
			</trkpt>
			<trkpt lat="49.408367" lon="14.648333">
				<ele>389.000000</ele>
			</trkpt>
			<trkpt lat="49.408508" lon="14.648180">
				<ele>388.000000</ele>
			</trkpt>
			<trkpt lat="49.408794" lon="14.647911">
				<ele>392.000000</ele>
			</trkpt>
			<trkpt lat="49.408893" lon="14.647830">
				<ele>394.000000</ele>
			</trkpt>
			<trkpt lat="49.409010" lon="14.647731">
				<ele>396.000000</ele>
			</trkpt>
			<trkpt lat="49.409121" lon="14.647678">
				<ele>396.000000</ele>
			</trkpt>
			<trkpt lat="49.409238" lon="14.647624">
				<ele>395.000000</ele>
			</trkpt>
			<trkpt lat="49.409344" lon="14.647597">
				<ele>394.000000</ele>
			</trkpt>
			<trkpt lat="49.409460" lon="14.647561">
				<ele>394.000000</ele>
			</trkpt>
			<trkpt lat="49.409823" lon="14.647534">
				<ele>392.000000</ele>
			</trkpt>
			<trkpt lat="49.410360" lon="14.647507">
				<ele>389.000000</ele>
			</trkpt>
			<trkpt lat="49.410664" lon="14.647471">
				<ele>391.000000</ele>
			</trkpt>
			<trkpt lat="49.411027" lon="14.647425">
				<ele>390.000000</ele>
			</trkpt>
			<trkpt lat="49.411173" lon="14.647425">
				<ele>391.000000</ele>
			</trkpt>
			<trkpt lat="49.411360" lon="14.647454">
				<ele>390.000000</ele>
			</trkpt>
			<trkpt lat="49.411465" lon="14.647454">
				<ele>388.000000</ele>
			</trkpt>
			<trkpt lat="49.411512" lon="14.647425">
				<ele>388.000000</ele>
			</trkpt>
			<trkpt lat="49.411541" lon="14.647399">
				<ele>388.000000</ele>
			</trkpt>
			<trkpt lat="49.411658" lon="14.647201">
				<ele>390.000000</ele>
			</trkpt>
			<trkpt lat="49.411716" lon="14.647066">
				<ele>391.000000</ele>
			</trkpt>
			<trkpt lat="49.411763" lon="14.646896">
				<ele>391.000000</ele>
			</trkpt>
			<trkpt lat="49.411781" lon="14.646725">
				<ele>393.000000</ele>
			</trkpt>
			<trkpt lat="49.411798" lon="14.646446">
				<ele>394.000000</ele>
			</trkpt>
			<trkpt lat="49.411821" lon="14.646240">
				<ele>394.000000</ele>
			</trkpt>
			<trkpt lat="49.411857" lon="14.646033">
				<ele>395.000000</ele>
			</trkpt>
			<trkpt lat="49.411909" lon="14.645756">
				<ele>396.000000</ele>
			</trkpt>
			<trkpt lat="49.411956" lon="14.645557">
				<ele>396.000000</ele>
			</trkpt>
			<trkpt lat="49.411980" lon="14.645324">
				<ele>394.000000</ele>
			</trkpt>
			<trkpt lat="49.411991" lon="14.645144">
				<ele>394.000000</ele>
			</trkpt>
			<trkpt lat="49.411980" lon="14.644938">
				<ele>394.000000</ele>
			</trkpt>
			<trkpt lat="49.411962" lon="14.644731">
				<ele>394.000000</ele>
			</trkpt>
			<trkpt lat="49.411933" lon="14.644515">
				<ele>395.000000</ele>
			</trkpt>
			<trkpt lat="49.411892" lon="14.644264">
				<ele>395.000000</ele>
			</trkpt>
			<trkpt lat="49.411804" lon="14.643869">
				<ele>393.000000</ele>
			</trkpt>
			<trkpt lat="49.411781" lon="14.643770">
				<ele>393.000000</ele>
			</trkpt>
			<trkpt lat="49.411746" lon="14.643643">
				<ele>392.000000</ele>
			</trkpt>
			<trkpt lat="49.411740" lon="14.643626">
				<ele>392.000000</ele>
			</trkpt>
			<trkpt lat="49.411740" lon="14.643626">
				<ele>392.000000</ele>
			</trkpt>
			<trkpt lat="49.411664" lon="14.643464">
				<ele>392.000000</ele>
			</trkpt>
			<trkpt lat="49.411588" lon="14.643347">
				<ele>391.000000</ele>
			</trkpt>
			<trkpt lat="49.411371" lon="14.643043">
				<ele>391.000000</ele>
			</trkpt>
			<trkpt lat="49.411272" lon="14.642880">
				<ele>392.000000</ele>
			</trkpt>
			<trkpt lat="49.410992" lon="14.642441">
				<ele>396.000000</ele>
			</trkpt>
			<trkpt lat="49.410928" lon="14.642314">
				<ele>396.000000</ele>
			</trkpt>
			<trkpt lat="49.410869" lon="14.642162">
				<ele>396.000000</ele>
			</trkpt>
			<trkpt lat="49.410711" lon="14.641614">
				<ele>394.000000</ele>
			</trkpt>
			<trkpt lat="49.410448" lon="14.640607">
				<ele>394.000000</ele>
			</trkpt>
			<trkpt lat="49.410285" lon="14.640033">
				<ele>393.000000</ele>
			</trkpt>
			<trkpt lat="49.410232" lon="14.639898">
				<ele>394.000000</ele>
			</trkpt>
			<trkpt lat="49.410220" lon="14.639827">
				<ele>394.000000</ele>
			</trkpt>
			<trkpt lat="49.410209" lon="14.639691">
				<ele>394.000000</ele>
			</trkpt>
			<trkpt lat="49.410209" lon="14.639548">
				<ele>394.000000</ele>
			</trkpt>
			<trkpt lat="49.410244" lon="14.639179">
				<ele>390.000000</ele>
			</trkpt>
			<trkpt lat="49.410291" lon="14.638685">
				<ele>386.000000</ele>
			</trkpt>
			<trkpt lat="49.410331" lon="14.637796">
				<ele>390.000000</ele>
			</trkpt>
			<trkpt lat="49.410337" lon="14.637716">
				<ele>392.000000</ele>
			</trkpt>
			<trkpt lat="49.410354" lon="14.637634">
				<ele>393.000000</ele>
			</trkpt>
			<trkpt lat="49.410372" lon="14.637563">
				<ele>394.000000</ele>
			</trkpt>
			<trkpt lat="49.410413" lon="14.637491">
				<ele>393.000000</ele>
			</trkpt>
			<trkpt lat="49.410472" lon="14.637383">
				<ele>393.000000</ele>
			</trkpt>
			<trkpt lat="49.410536" lon="14.637301">
				<ele>392.000000</ele>
			</trkpt>
			<trkpt lat="49.410618" lon="14.637248">
				<ele>390.000000</ele>
			</trkpt>
			<trkpt lat="49.410758" lon="14.637185">
				<ele>388.000000</ele>
			</trkpt>
			<trkpt lat="49.410875" lon="14.637131">
				<ele>388.000000</ele>
			</trkpt>
			<trkpt lat="49.411103" lon="14.637077">
				<ele>388.000000</ele>
			</trkpt>
			<trkpt lat="49.411272" lon="14.637024">
				<ele>388.000000</ele>
			</trkpt>
			<trkpt lat="49.411384" lon="14.636951">
				<ele>389.000000</ele>
			</trkpt>
			<trkpt lat="49.411576" lon="14.636781">
				<ele>388.000000</ele>
			</trkpt>
			<trkpt lat="49.411757" lon="14.636646">
				<ele>386.000000</ele>
			</trkpt>
			<trkpt lat="49.411827" lon="14.636592">
				<ele>386.000000</ele>
			</trkpt>
			<trkpt lat="49.411880" lon="14.636521">
				<ele>385.000000</ele>
			</trkpt>
			<trkpt lat="49.411927" lon="14.636448">
				<ele>385.000000</ele>
			</trkpt>
			<trkpt lat="49.411962" lon="14.636349">
				<ele>386.000000</ele>
			</trkpt>
			<trkpt lat="49.412032" lon="14.636161">
				<ele>385.000000</ele>
			</trkpt>
			<trkpt lat="49.412178" lon="14.635838">
				<ele>384.000000</ele>
			</trkpt>
			<trkpt lat="49.412225" lon="14.635703">
				<ele>384.000000</ele>
			</trkpt>
			<trkpt lat="49.412248" lon="14.635577">
				<ele>384.000000</ele>
			</trkpt>
			<trkpt lat="49.412266" lon="14.635443">
				<ele>384.000000</ele>
			</trkpt>
			<trkpt lat="49.412266" lon="14.635272">
				<ele>384.000000</ele>
			</trkpt>
			<trkpt lat="49.412207" lon="14.634544">
				<ele>387.000000</ele>
			</trkpt>
			<trkpt lat="49.412184" lon="14.634284">
				<ele>385.000000</ele>
			</trkpt>
			<trkpt lat="49.412137" lon="14.633978">
				<ele>384.000000</ele>
			</trkpt>
			<trkpt lat="49.412120" lon="14.633898">
				<ele>383.000000</ele>
			</trkpt>
			<trkpt lat="49.412090" lon="14.633844">
				<ele>383.000000</ele>
			</trkpt>
			<trkpt lat="49.412009" lon="14.633709">
				<ele>383.000000</ele>
			</trkpt>
			<trkpt lat="49.411898" lon="14.633538">
				<ele>384.000000</ele>
			</trkpt>
			<trkpt lat="49.411775" lon="14.633269">
				<ele>383.000000</ele>
			</trkpt>
			<trkpt lat="49.411693" lon="14.633089">
				<ele>383.000000</ele>
			</trkpt>
			<trkpt lat="49.411547" lon="14.632864">
				<ele>383.000000</ele>
			</trkpt>
			<trkpt lat="49.411331" lon="14.632514">
				<ele>382.000000</ele>
			</trkpt>
			<trkpt lat="49.411202" lon="14.632343">
				<ele>382.000000</ele>
			</trkpt>
			<trkpt lat="49.411167" lon="14.632307">
				<ele>381.000000</ele>
			</trkpt>
			<trkpt lat="49.411115" lon="14.632280">
				<ele>381.000000</ele>
			</trkpt>
			<trkpt lat="49.411062" lon="14.632263">
				<ele>381.000000</ele>
			</trkpt>
			<trkpt lat="49.411003" lon="14.632263">
				<ele>382.000000</ele>
			</trkpt>
			<trkpt lat="49.410962" lon="14.632280">
				<ele>382.000000</ele>
			</trkpt>
			<trkpt lat="49.410898" lon="14.632326">
				<ele>382.000000</ele>
			</trkpt>
			<trkpt lat="49.410834" lon="14.632380">
				<ele>383.000000</ele>
			</trkpt>
			<trkpt lat="49.410775" lon="14.632443">
				<ele>383.000000</ele>
			</trkpt>
			<trkpt lat="49.410711" lon="14.632514">
				<ele>383.000000</ele>
			</trkpt>
			<trkpt lat="49.410641" lon="14.632567">
				<ele>383.000000</ele>
			</trkpt>
			<trkpt lat="49.410431" lon="14.632657">
				<ele>383.000000</ele>
			</trkpt>
			<trkpt lat="49.410261" lon="14.632730">
				<ele>381.000000</ele>
			</trkpt>
			<trkpt lat="49.409940" lon="14.632892">
				<ele>382.000000</ele>
			</trkpt>
			<trkpt lat="49.409840" lon="14.632936">
				<ele>382.000000</ele>
			</trkpt>
			<trkpt lat="49.409758" lon="14.632954">
				<ele>382.000000</ele>
			</trkpt>
			<trkpt lat="49.409676" lon="14.632954">
				<ele>382.000000</ele>
			</trkpt>
			<trkpt lat="49.409577" lon="14.632936">
				<ele>381.000000</ele>
			</trkpt>
			<trkpt lat="49.409407" lon="14.632882">
				<ele>380.000000</ele>
			</trkpt>
			<trkpt lat="49.409098" lon="14.632739">
				<ele>379.000000</ele>
			</trkpt>
			<trkpt lat="49.408981" lon="14.632667">
				<ele>378.000000</ele>
			</trkpt>
			<trkpt lat="49.408829" lon="14.632567">
				<ele>379.000000</ele>
			</trkpt>
			<trkpt lat="49.408724" lon="14.632477">
				<ele>378.000000</ele>
			</trkpt>
			<trkpt lat="49.408624" lon="14.632370">
				<ele>378.000000</ele>
			</trkpt>
			<trkpt lat="49.408531" lon="14.632244">
				<ele>378.000000</ele>
			</trkpt>
			<trkpt lat="49.408449" lon="14.632118">
				<ele>379.000000</ele>
			</trkpt>
			<trkpt lat="49.408379" lon="14.631967">
				<ele>380.000000</ele>
			</trkpt>
			<trkpt lat="49.408297" lon="14.631777">
				<ele>380.000000</ele>
			</trkpt>
			<trkpt lat="49.408215" lon="14.631544">
				<ele>380.000000</ele>
			</trkpt>
			<trkpt lat="49.408151" lon="14.631391">
				<ele>380.000000</ele>
			</trkpt>
			<trkpt lat="49.408086" lon="14.631229">
				<ele>382.000000</ele>
			</trkpt>
			<trkpt lat="49.408034" lon="14.631049">
				<ele>381.000000</ele>
			</trkpt>
			<trkpt lat="49.407999" lon="14.630869">
				<ele>382.000000</ele>
			</trkpt>
			<trkpt lat="49.407970" lon="14.630699">
				<ele>383.000000</ele>
			</trkpt>
			<trkpt lat="49.407952" lon="14.630510">
				<ele>383.000000</ele>
			</trkpt>
			<trkpt lat="49.407929" lon="14.629963">
				<ele>383.000000</ele>
			</trkpt>
			<trkpt lat="49.407911" lon="14.629406">
				<ele>383.000000</ele>
			</trkpt>
			<trkpt lat="49.407899" lon="14.628867">
				<ele>385.000000</ele>
			</trkpt>
			<trkpt lat="49.407905" lon="14.628301">
				<ele>385.000000</ele>
			</trkpt>
			<trkpt lat="49.407923" lon="14.627654">
				<ele>380.000000</ele>
			</trkpt>
			<trkpt lat="49.407923" lon="14.627654">
				<ele>380.000000</ele>
			</trkpt>
			<trkpt lat="49.407923" lon="14.627654">
				<ele>380.000000</ele>
			</trkpt>
			<trkpt lat="49.407923" lon="14.627654">
				<ele>380.000000</ele>
			</trkpt>
			<trkpt lat="49.407946" lon="14.626594">
				<ele>380.000000</ele>
			</trkpt>
			<trkpt lat="49.407952" lon="14.625768">
				<ele>382.000000</ele>
			</trkpt>
			<trkpt lat="49.407952" lon="14.625579">
				<ele>382.000000</ele>
			</trkpt>
			<trkpt lat="49.407982" lon="14.625399">
				<ele>381.000000</ele>
			</trkpt>
			<trkpt lat="49.408017" lon="14.625229">
				<ele>379.000000</ele>
			</trkpt>
			<trkpt lat="49.408069" lon="14.625076">
				<ele>379.000000</ele>
			</trkpt>
			<trkpt lat="49.408133" lon="14.624942">
				<ele>379.000000</ele>
			</trkpt>
			<trkpt lat="49.408209" lon="14.624789">
				<ele>378.000000</ele>
			</trkpt>
			<trkpt lat="49.408309" lon="14.624644">
				<ele>379.000000</ele>
			</trkpt>
			<trkpt lat="49.408426" lon="14.624510">
				<ele>380.000000</ele>
			</trkpt>
			<trkpt lat="49.408695" lon="14.624393">
				<ele>382.000000</ele>
			</trkpt>
			<trkpt lat="49.408923" lon="14.624313">
				<ele>383.000000</ele>
			</trkpt>
			<trkpt lat="49.409174" lon="14.624258">
				<ele>383.000000</ele>
			</trkpt>
			<trkpt lat="49.409489" lon="14.624214">
				<ele>381.000000</ele>
			</trkpt>
			<trkpt lat="49.409659" lon="14.624196">
				<ele>381.000000</ele>
			</trkpt>
			<trkpt lat="49.409782" lon="14.624214">
				<ele>381.000000</ele>
			</trkpt>
			<trkpt lat="49.409916" lon="14.624250">
				<ele>381.000000</ele>
			</trkpt>
			<trkpt lat="49.410074" lon="14.624330">
				<ele>382.000000</ele>
			</trkpt>
			<trkpt lat="49.410360" lon="14.624537">
				<ele>380.000000</ele>
			</trkpt>
			<trkpt lat="49.410448" lon="14.624573">
				<ele>380.000000</ele>
			</trkpt>
			<trkpt lat="49.410547" lon="14.624600">
				<ele>380.000000</ele>
			</trkpt>
			<trkpt lat="49.410641" lon="14.624617">
				<ele>379.000000</ele>
			</trkpt>
			<trkpt lat="49.410741" lon="14.624617">
				<ele>379.000000</ele>
			</trkpt>
			<trkpt lat="49.410810" lon="14.624617">
				<ele>379.000000</ele>
			</trkpt>
			<trkpt lat="49.410892" lon="14.624590">
				<ele>379.000000</ele>
			</trkpt>
			<trkpt lat="49.411062" lon="14.624493">
				<ele>380.000000</ele>
			</trkpt>
			<trkpt lat="49.411313" lon="14.624294">
				<ele>380.000000</ele>
			</trkpt>
			<trkpt lat="49.411430" lon="14.624196">
				<ele>379.000000</ele>
			</trkpt>
			<trkpt lat="49.411512" lon="14.624114">
				<ele>379.000000</ele>
			</trkpt>
			<trkpt lat="49.411593" lon="14.624016">
				<ele>380.000000</ele>
			</trkpt>
			<trkpt lat="49.411652" lon="14.623917">
				<ele>380.000000</ele>
			</trkpt>
			<trkpt lat="49.411716" lon="14.623827">
				<ele>380.000000</ele>
			</trkpt>
			<trkpt lat="49.411787" lon="14.623684">
				<ele>379.000000</ele>
			</trkpt>
			<trkpt lat="49.411839" lon="14.623548">
				<ele>380.000000</ele>
			</trkpt>
			<trkpt lat="49.411903" lon="14.623369">
				<ele>380.000000</ele>
			</trkpt>
			<trkpt lat="49.412002" lon="14.623064">
				<ele>381.000000</ele>
			</trkpt>
			<trkpt lat="49.412108" lon="14.622812">
				<ele>382.000000</ele>
			</trkpt>
			<trkpt lat="49.412243" lon="14.622560">
				<ele>382.000000</ele>
			</trkpt>
			<trkpt lat="49.412430" lon="14.622292">
				<ele>381.000000</ele>
			</trkpt>
			<trkpt lat="49.412505" lon="14.622166">
				<ele>380.000000</ele>
			</trkpt>
			<trkpt lat="49.412576" lon="14.621994">
				<ele>379.000000</ele>
			</trkpt>
			<trkpt lat="49.412611" lon="14.621860">
				<ele>379.000000</ele>
			</trkpt>
			<trkpt lat="49.412628" lon="14.621680">
				<ele>379.000000</ele>
			</trkpt>
			<trkpt lat="49.412634" lon="14.621501">
				<ele>379.000000</ele>
			</trkpt>
			<trkpt lat="49.412628" lon="14.621277">
				<ele>378.000000</ele>
			</trkpt>
			<trkpt lat="49.412599" lon="14.621042">
				<ele>378.000000</ele>
			</trkpt>
			<trkpt lat="49.412540" lon="14.620728">
				<ele>379.000000</ele>
			</trkpt>
			<trkpt lat="49.412494" lon="14.620359">
				<ele>379.000000</ele>
			</trkpt>
			<trkpt lat="49.412458" lon="14.620009">
				<ele>379.000000</ele>
			</trkpt>
			<trkpt lat="49.412447" lon="14.619640">
				<ele>380.000000</ele>
			</trkpt>
			<trkpt lat="49.412458" lon="14.619129">
				<ele>379.000000</ele>
			</trkpt>
			<trkpt lat="49.412453" lon="14.618168">
				<ele>381.000000</ele>
			</trkpt>
			<trkpt lat="49.412424" lon="14.616839">
				<ele>385.000000</ele>
			</trkpt>
			<trkpt lat="49.412430" lon="14.616757">
				<ele>384.000000</ele>
			</trkpt>
			<trkpt lat="49.412441" lon="14.616686">
				<ele>383.000000</ele>
			</trkpt>
			<trkpt lat="49.412464" lon="14.616551">
				<ele>381.000000</ele>
			</trkpt>
			<trkpt lat="49.412517" lon="14.616443">
				<ele>379.000000</ele>
			</trkpt>
			<trkpt lat="49.412669" lon="14.616210">
				<ele>377.000000</ele>
			</trkpt>
			<trkpt lat="49.412727" lon="14.616084">
				<ele>377.000000</ele>
			</trkpt>
			<trkpt lat="49.412762" lon="14.615958">
				<ele>377.000000</ele>
			</trkpt>
			<trkpt lat="49.412786" lon="14.615832">
				<ele>377.000000</ele>
			</trkpt>
			<trkpt lat="49.412786" lon="14.615680">
				<ele>377.000000</ele>
			</trkpt>
			<trkpt lat="49.412780" lon="14.615527">
				<ele>377.000000</ele>
			</trkpt>
			<trkpt lat="49.412751" lon="14.615365">
				<ele>376.000000</ele>
			</trkpt>
			<trkpt lat="49.412634" lon="14.614853">
				<ele>376.000000</ele>
			</trkpt>
			<trkpt lat="49.412576" lon="14.614592">
				<ele>377.000000</ele>
			</trkpt>
			<trkpt lat="49.412540" lon="14.614377">
				<ele>378.000000</ele>
			</trkpt>
			<trkpt lat="49.412523" lon="14.614126">
				<ele>378.000000</ele>
			</trkpt>
			<trkpt lat="49.412517" lon="14.613820">
				<ele>377.000000</ele>
			</trkpt>
			<trkpt lat="49.412511" lon="14.613191">
				<ele>376.000000</ele>
			</trkpt>
			<trkpt lat="49.412488" lon="14.612634">
				<ele>377.000000</ele>
			</trkpt>
			<trkpt lat="49.412458" lon="14.612132">
				<ele>377.000000</ele>
			</trkpt>
			<trkpt lat="49.412406" lon="14.611646">
				<ele>376.000000</ele>
			</trkpt>
			<trkpt lat="49.412342" lon="14.611124">
				<ele>376.000000</ele>
			</trkpt>
			<trkpt lat="49.412219" lon="14.610461">
				<ele>376.000000</ele>
			</trkpt>
			<trkpt lat="49.412196" lon="14.610235">
				<ele>377.000000</ele>
			</trkpt>
			<trkpt lat="49.412166" lon="14.609993">
				<ele>376.000000</ele>
			</trkpt>
			<trkpt lat="49.412166" lon="14.609814">
				<ele>376.000000</ele>
			</trkpt>
			<trkpt lat="49.412172" lon="14.609589">
				<ele>377.000000</ele>
			</trkpt>
			<trkpt lat="49.412202" lon="14.609373">
				<ele>378.000000</ele>
			</trkpt>
			<trkpt lat="49.412237" lon="14.609166">
				<ele>377.000000</ele>
			</trkpt>
			<trkpt lat="49.412295" lon="14.608906">
				<ele>378.000000</ele>
			</trkpt>
			<trkpt lat="49.412394" lon="14.608484">
				<ele>379.000000</ele>
			</trkpt>
			<trkpt lat="49.412430" lon="14.608331">
				<ele>380.000000</ele>
			</trkpt>
			<trkpt lat="49.412476" lon="14.608214">
				<ele>381.000000</ele>
			</trkpt>
			<trkpt lat="49.412529" lon="14.608088">
				<ele>381.000000</ele>
			</trkpt>
			<trkpt lat="49.412581" lon="14.607990">
				<ele>381.000000</ele>
			</trkpt>
			<trkpt lat="49.412704" lon="14.607792">
				<ele>381.000000</ele>
			</trkpt>
			<trkpt lat="49.413031" lon="14.607397">
				<ele>378.000000</ele>
			</trkpt>
			<trkpt lat="49.413166" lon="14.607199">
				<ele>377.000000</ele>
			</trkpt>
			<trkpt lat="49.413236" lon="14.607065">
				<ele>377.000000</ele>
			</trkpt>
			<trkpt lat="49.413277" lon="14.606912">
				<ele>377.000000</ele>
			</trkpt>
			<trkpt lat="49.413289" lon="14.606813">
				<ele>377.000000</ele>
			</trkpt>
			<trkpt lat="49.413289" lon="14.606732">
				<ele>377.000000</ele>
			</trkpt>
			<trkpt lat="49.413283" lon="14.606023">
				<ele>377.000000</ele>
			</trkpt>
			<trkpt lat="49.413295" lon="14.605574">
				<ele>376.000000</ele>
			</trkpt>
			<trkpt lat="49.413283" lon="14.605501">
				<ele>376.000000</ele>
			</trkpt>
			<trkpt lat="49.413277" lon="14.605421">
				<ele>376.000000</ele>
			</trkpt>
			<trkpt lat="49.413254" lon="14.605348">
				<ele>377.000000</ele>
			</trkpt>
			<trkpt lat="49.413230" lon="14.605287">
				<ele>377.000000</ele>
			</trkpt>
			<trkpt lat="49.413154" lon="14.605161">
				<ele>378.000000</ele>
			</trkpt>
			<trkpt lat="49.413020" lon="14.605008">
				<ele>382.000000</ele>
			</trkpt>
			<trkpt lat="49.412903" lon="14.604900">
				<ele>386.000000</ele>
			</trkpt>
			<trkpt lat="49.412768" lon="14.604801">
				<ele>389.000000</ele>
			</trkpt>
			<trkpt lat="49.412581" lon="14.604684">
				<ele>394.000000</ele>
			</trkpt>
			<trkpt lat="49.412464" lon="14.604585">
				<ele>396.000000</ele>
			</trkpt>
			<trkpt lat="49.412383" lon="14.604549">
				<ele>395.000000</ele>
			</trkpt>
			<trkpt lat="49.412289" lon="14.604522">
				<ele>394.000000</ele>
			</trkpt>
			<trkpt lat="49.412202" lon="14.604522">
				<ele>392.000000</ele>
			</trkpt>
			<trkpt lat="49.412090" lon="14.604532">
				<ele>389.000000</ele>
			</trkpt>
			<trkpt lat="49.412002" lon="14.604558">
				<ele>387.000000</ele>
			</trkpt>
			<trkpt lat="49.411903" lon="14.604621">
				<ele>387.000000</ele>
			</trkpt>
			<trkpt lat="49.411798" lon="14.604711">
				<ele>387.000000</ele>
			</trkpt>
			<trkpt lat="49.411722" lon="14.604755">
				<ele>386.000000</ele>
			</trkpt>
			<trkpt lat="49.411652" lon="14.604782">
				<ele>386.000000</ele>
			</trkpt>
			<trkpt lat="49.411547" lon="14.604810">
				<ele>385.000000</ele>
			</trkpt>
			<trkpt lat="49.411301" lon="14.604855">
				<ele>382.000000</ele>
			</trkpt>
			<trkpt lat="49.410898" lon="14.604927">
				<ele>381.000000</ele>
			</trkpt>
			<trkpt lat="49.410635" lon="14.604945">
				<ele>379.000000</ele>
			</trkpt>
			<trkpt lat="49.410500" lon="14.604945">
				<ele>379.000000</ele>
			</trkpt>
			<trkpt lat="49.410360" lon="14.604935">
				<ele>378.000000</ele>
			</trkpt>
			<trkpt lat="49.410080" lon="14.604855">
				<ele>379.000000</ele>
			</trkpt>
			<trkpt lat="49.409945" lon="14.604801">
				<ele>380.000000</ele>
			</trkpt>
			<trkpt lat="49.409829" lon="14.604729">
				<ele>381.000000</ele>
			</trkpt>
			<trkpt lat="49.409729" lon="14.604639">
				<ele>382.000000</ele>
			</trkpt>
			<trkpt lat="49.409635" lon="14.604522">
				<ele>383.000000</ele>
			</trkpt>
			<trkpt lat="49.409554" lon="14.604388">
				<ele>381.000000</ele>
			</trkpt>
			<trkpt lat="49.409472" lon="14.604208">
				<ele>380.000000</ele>
			</trkpt>
			<trkpt lat="49.409402" lon="14.604019">
				<ele>380.000000</ele>
			</trkpt>
			<trkpt lat="49.409326" lon="14.603795">
				<ele>380.000000</ele>
			</trkpt>
			<trkpt lat="49.409185" lon="14.603292">
				<ele>381.000000</ele>
			</trkpt>
			<trkpt lat="49.409075" lon="14.602878">
				<ele>379.000000</ele>
			</trkpt>
			<trkpt lat="49.408981" lon="14.602474">
				<ele>378.000000</ele>
			</trkpt>
			<trkpt lat="49.408882" lon="14.602025">
				<ele>375.000000</ele>
			</trkpt>
			<trkpt lat="49.408718" lon="14.601208">
				<ele>378.000000</ele>
			</trkpt>
			<trkpt lat="49.408607" lon="14.600713">
				<ele>375.000000</ele>
			</trkpt>
			<trkpt lat="49.408496" lon="14.600247">
				<ele>373.000000</ele>
			</trkpt>
			<trkpt lat="49.408361" lon="14.599734">
				<ele>375.000000</ele>
			</trkpt>
			<trkpt lat="49.408286" lon="14.599438">
				<ele>377.000000</ele>
			</trkpt>
			<trkpt lat="49.408204" lon="14.598826">
				<ele>374.000000</ele>
			</trkpt>
			<trkpt lat="49.408151" lon="14.598530">
				<ele>374.000000</ele>
			</trkpt>
			<trkpt lat="49.407923" lon="14.597650">
				<ele>375.000000</ele>
			</trkpt>
			<trkpt lat="49.407765" lon="14.597067">
				<ele>374.000000</ele>
			</trkpt>
			<trkpt lat="49.407596" lon="14.596474">
				<ele>372.000000</ele>
			</trkpt>
			<trkpt lat="49.407415" lon="14.595926">
				<ele>372.000000</ele>
			</trkpt>
			<trkpt lat="49.407204" lon="14.595404">
				<ele>372.000000</ele>
			</trkpt>
			<trkpt lat="49.406953" lon="14.594838">
				<ele>372.000000</ele>
			</trkpt>
			<trkpt lat="49.406806" lon="14.594524">
				<ele>372.000000</ele>
			</trkpt>
			<trkpt lat="49.406678" lon="14.594318">
				<ele>372.000000</ele>
			</trkpt>
			<trkpt lat="49.406608" lon="14.594237">
				<ele>372.000000</ele>
			</trkpt>
			<trkpt lat="49.406532" lon="14.594155">
				<ele>372.000000</ele>
			</trkpt>
			<trkpt lat="49.406374" lon="14.594021">
				<ele>372.000000</ele>
			</trkpt>
			<trkpt lat="49.405784" lon="14.593626">
				<ele>374.000000</ele>
			</trkpt>
			<trkpt lat="49.405298" lon="14.593239">
				<ele>374.000000</ele>
			</trkpt>
			<trkpt lat="49.404848" lon="14.592871">
				<ele>373.000000</ele>
			</trkpt>
			<trkpt lat="49.404305" lon="14.592386">
				<ele>373.000000</ele>
			</trkpt>
			<trkpt lat="49.404223" lon="14.592305">
				<ele>373.000000</ele>
			</trkpt>
			<trkpt lat="49.404071" lon="14.592098">
				<ele>374.000000</ele>
			</trkpt>
			<trkpt lat="49.404007" lon="14.592045">
				<ele>375.000000</ele>
			</trkpt>
			<trkpt lat="49.403954" lon="14.592000">
				<ele>376.000000</ele>
			</trkpt>
			<trkpt lat="49.403843" lon="14.591928">
				<ele>381.000000</ele>
			</trkpt>
			<trkpt lat="49.403744" lon="14.591838">
				<ele>386.000000</ele>
			</trkpt>
			<trkpt lat="49.403674" lon="14.591731">
				<ele>388.000000</ele>
			</trkpt>
			<trkpt lat="49.403609" lon="14.591605">
				<ele>387.000000</ele>
			</trkpt>
			<trkpt lat="49.403557" lon="14.591479">
				<ele>385.000000</ele>
			</trkpt>
			<trkpt lat="49.403504" lon="14.591318">
				<ele>382.000000</ele>
			</trkpt>
			<trkpt lat="49.403329" lon="14.590652">
				<ele>377.000000</ele>
			</trkpt>
			<trkpt lat="49.402861" lon="14.588945">
				<ele>379.000000</ele>
			</trkpt>
			<trkpt lat="49.402721" lon="14.588496">
				<ele>379.000000</ele>
			</trkpt>
			<trkpt lat="49.402534" lon="14.588002">
				<ele>379.000000</ele>
			</trkpt>
			<trkpt lat="49.402235" lon="14.587230">
				<ele>379.000000</ele>
			</trkpt>
			<trkpt lat="49.402037" lon="14.586763">
				<ele>378.000000</ele>
			</trkpt>
			<trkpt lat="49.401820" lon="14.586314">
				<ele>377.000000</ele>
			</trkpt>
			<trkpt lat="49.401563" lon="14.585846">
				<ele>377.000000</ele>
			</trkpt>
			<trkpt lat="49.401493" lon="14.585721">
				<ele>376.000000</ele>
			</trkpt>
			<trkpt lat="49.401429" lon="14.585639">
				<ele>376.000000</ele>
			</trkpt>
			<trkpt lat="49.401347" lon="14.585559">
				<ele>376.000000</ele>
			</trkpt>
			<trkpt lat="49.401277" lon="14.585487">
				<ele>376.000000</ele>
			</trkpt>
			<trkpt lat="49.401195" lon="14.585452">
				<ele>377.000000</ele>
			</trkpt>
			<trkpt lat="49.401125" lon="14.585425">
				<ele>377.000000</ele>
			</trkpt>
			<trkpt lat="49.401043" lon="14.585406">
				<ele>378.000000</ele>
			</trkpt>
			<trkpt lat="49.400955" lon="14.585406">
				<ele>378.000000</ele>
			</trkpt>
			<trkpt lat="49.400657" lon="14.585442">
				<ele>379.000000</ele>
			</trkpt>
			<trkpt lat="49.400511" lon="14.585442">
				<ele>379.000000</ele>
			</trkpt>
			<trkpt lat="49.400458" lon="14.585442">
				<ele>379.000000</ele>
			</trkpt>
			<trkpt lat="49.400411" lon="14.585415">
				<ele>378.000000</ele>
			</trkpt>
			<trkpt lat="49.400376" lon="14.585362">
				<ele>378.000000</ele>
			</trkpt>
			<trkpt lat="49.400330" lon="14.585289">
				<ele>378.000000</ele>
			</trkpt>
			<trkpt lat="49.400260" lon="14.585128">
				<ele>378.000000</ele>
			</trkpt>
			<trkpt lat="49.400131" lon="14.584750">
				<ele>376.000000</ele>
			</trkpt>
			<trkpt lat="49.400084" lon="14.584643">
				<ele>376.000000</ele>
			</trkpt>
			<trkpt lat="49.400026" lon="14.584534">
				<ele>376.000000</ele>
			</trkpt>
			<trkpt lat="49.399933" lon="14.584373">
				<ele>375.000000</ele>
			</trkpt>
			<trkpt lat="49.399850" lon="14.584320">
				<ele>375.000000</ele>
			</trkpt>
			<trkpt lat="49.399751" lon="14.584238">
				<ele>374.000000</ele>
			</trkpt>
			<trkpt lat="49.399599" lon="14.584121">
				<ele>374.000000</ele>
			</trkpt>
			<trkpt lat="49.399230" lon="14.583934">
				<ele>375.000000</ele>
			</trkpt>
			<trkpt lat="49.399131" lon="14.583907">
				<ele>376.000000</ele>
			</trkpt>
			<trkpt lat="49.399015" lon="14.583907">
				<ele>377.000000</ele>
			</trkpt>
			<trkpt lat="49.398628" lon="14.583771">
				<ele>379.000000</ele>
			</trkpt>
			<trkpt lat="49.398365" lon="14.583664">
				<ele>379.000000</ele>
			</trkpt>
			<trkpt lat="49.398120" lon="14.583520">
				<ele>376.000000</ele>
			</trkpt>
			<trkpt lat="49.398021" lon="14.583439">
				<ele>376.000000</ele>
			</trkpt>
			<trkpt lat="49.397980" lon="14.583402">
				<ele>376.000000</ele>
			</trkpt>
			<trkpt lat="49.397980" lon="14.583402">
				<ele>376.000000</ele>
			</trkpt>
			<trkpt lat="49.397916" lon="14.583341">
				<ele>377.000000</ele>
			</trkpt>
			<trkpt lat="49.397705" lon="14.583134">
				<ele>380.000000</ele>
			</trkpt>
			<trkpt lat="49.397488" lon="14.582891">
				<ele>379.000000</ele>
			</trkpt>
			<trkpt lat="49.397284" lon="14.582603">
				<ele>378.000000</ele>
			</trkpt>
			<trkpt lat="49.397085" lon="14.582299">
				<ele>377.000000</ele>
			</trkpt>
			<trkpt lat="49.397021" lon="14.582173">
				<ele>376.000000</ele>
			</trkpt>
			<trkpt lat="49.396945" lon="14.582029">
				<ele>375.000000</ele>
			</trkpt>
			<trkpt lat="49.396880" lon="14.581857">
				<ele>375.000000</ele>
			</trkpt>
			<trkpt lat="49.396839" lon="14.581723">
				<ele>375.000000</ele>
			</trkpt>
			<trkpt lat="49.396793" lon="14.581561">
				<ele>375.000000</ele>
			</trkpt>
			<trkpt lat="49.396764" lon="14.581418">
				<ele>375.000000</ele>
			</trkpt>
			<trkpt lat="49.396740" lon="14.581265">
				<ele>375.000000</ele>
			</trkpt>
			<trkpt lat="49.396729" lon="14.581131">
				<ele>375.000000</ele>
			</trkpt>
			<trkpt lat="49.396729" lon="14.580663">
				<ele>377.000000</ele>
			</trkpt>
			<trkpt lat="49.396735" lon="14.580402">
				<ele>377.000000</ele>
			</trkpt>
			<trkpt lat="49.396793" lon="14.579873">
				<ele>375.000000</ele>
			</trkpt>
			<trkpt lat="49.396804" lon="14.579684">
				<ele>375.000000</ele>
			</trkpt>
			<trkpt lat="49.396822" lon="14.579047">
				<ele>373.000000</ele>
			</trkpt>
			<trkpt lat="49.396798" lon="14.577779">
				<ele>374.000000</ele>
			</trkpt>
			<trkpt lat="49.396804" lon="14.577465">
				<ele>374.000000</ele>
			</trkpt>
			<trkpt lat="49.396845" lon="14.576926">
				<ele>373.000000</ele>
			</trkpt>
			<trkpt lat="49.396857" lon="14.576647">
				<ele>373.000000</ele>
			</trkpt>
			<trkpt lat="49.396845" lon="14.576405">
				<ele>371.000000</ele>
			</trkpt>
			<trkpt lat="49.396816" lon="14.576154">
				<ele>372.000000</ele>
			</trkpt>
			<trkpt lat="49.396764" lon="14.575785">
				<ele>374.000000</ele>
			</trkpt>
			<trkpt lat="49.396617" lon="14.574735">
				<ele>374.000000</ele>
			</trkpt>
			<trkpt lat="49.396512" lon="14.574186">
				<ele>375.000000</ele>
			</trkpt>
			<trkpt lat="49.396465" lon="14.574007">
				<ele>374.000000</ele>
			</trkpt>
			<trkpt lat="49.396413" lon="14.573844">
				<ele>374.000000</ele>
			</trkpt>
			<trkpt lat="49.396361" lon="14.573720">
				<ele>375.000000</ele>
			</trkpt>
			<trkpt lat="49.396267" lon="14.573584">
				<ele>376.000000</ele>
			</trkpt>
			<trkpt lat="49.396185" lon="14.573458">
				<ele>378.000000</ele>
			</trkpt>
			<trkpt lat="49.396144" lon="14.573360">
				<ele>378.000000</ele>
			</trkpt>
			<trkpt lat="49.396114" lon="14.573252">
				<ele>378.000000</ele>
			</trkpt>
			<trkpt lat="49.396097" lon="14.573144">
				<ele>377.000000</ele>
			</trkpt>
			<trkpt lat="49.396086" lon="14.572920">
				<ele>376.000000</ele>
			</trkpt>
			<trkpt lat="49.396068" lon="14.572776">
				<ele>376.000000</ele>
			</trkpt>
			<trkpt lat="49.396039" lon="14.572623">
				<ele>376.000000</ele>
			</trkpt>
			<trkpt lat="49.395986" lon="14.572452">
				<ele>377.000000</ele>
			</trkpt>
			<trkpt lat="49.395939" lon="14.572318">
				<ele>378.000000</ele>
			</trkpt>
			<trkpt lat="49.395904" lon="14.572156">
				<ele>378.000000</ele>
			</trkpt>
			<trkpt lat="49.395793" lon="14.571617">
				<ele>377.000000</ele>
			</trkpt>
			<trkpt lat="49.395723" lon="14.571330">
				<ele>375.000000</ele>
			</trkpt>
			<trkpt lat="49.395641" lon="14.571104">
				<ele>374.000000</ele>
			</trkpt>
			<trkpt lat="49.395594" lon="14.570997">
				<ele>374.000000</ele>
			</trkpt>
			<trkpt lat="49.395548" lon="14.570917">
				<ele>374.000000</ele>
			</trkpt>
			<trkpt lat="49.395443" lon="14.570781">
				<ele>376.000000</ele>
			</trkpt>
			<trkpt lat="49.395284" lon="14.570657">
				<ele>379.000000</ele>
			</trkpt>
			<trkpt lat="49.395150" lon="14.570548">
				<ele>382.000000</ele>
			</trkpt>
			<trkpt lat="49.395050" lon="14.570449">
				<ele>384.000000</ele>
			</trkpt>
			<trkpt lat="49.394946" lon="14.570332">
				<ele>386.000000</ele>
			</trkpt>
			<trkpt lat="49.394852" lon="14.570215">
				<ele>387.000000</ele>
			</trkpt>
			<trkpt lat="49.394781" lon="14.570099">
				<ele>387.000000</ele>
			</trkpt>
			<trkpt lat="49.394706" lon="14.569973">
				<ele>388.000000</ele>
			</trkpt>
			<trkpt lat="49.394635" lon="14.569821">
				<ele>388.000000</ele>
			</trkpt>
			<trkpt lat="49.394553" lon="14.569615">
				<ele>388.000000</ele>
			</trkpt>
			<trkpt lat="49.394454" lon="14.569372">
				<ele>388.000000</ele>
			</trkpt>
			<trkpt lat="49.394361" lon="14.569173">
				<ele>389.000000</ele>
			</trkpt>
			<trkpt lat="49.394121" lon="14.568697">
				<ele>392.000000</ele>
			</trkpt>
			<trkpt lat="49.394056" lon="14.568473">
				<ele>391.000000</ele>
			</trkpt>
			<trkpt lat="49.393963" lon="14.568231">
				<ele>391.000000</ele>
			</trkpt>
			<trkpt lat="49.393899" lon="14.568051">
				<ele>389.000000</ele>
			</trkpt>
			<trkpt lat="49.393852" lon="14.567871">
				<ele>388.000000</ele>
			</trkpt>
			<trkpt lat="49.393747" lon="14.567323">
				<ele>384.000000</ele>
			</trkpt>
			<trkpt lat="49.393700" lon="14.567099">
				<ele>381.000000</ele>
			</trkpt>
			<trkpt lat="49.393641" lon="14.566856">
				<ele>378.000000</ele>
			</trkpt>
			<trkpt lat="49.393601" lon="14.566577">
				<ele>375.000000</ele>
			</trkpt>
			<trkpt lat="49.393577" lon="14.566479">
				<ele>375.000000</ele>
			</trkpt>
			<trkpt lat="49.393572" lon="14.566246">
				<ele>373.000000</ele>
			</trkpt>
			<trkpt lat="49.393554" lon="14.566137">
				<ele>372.000000</ele>
			</trkpt>
			<trkpt lat="49.393542" lon="14.566003">
				<ele>371.000000</ele>
			</trkpt>
			<trkpt lat="49.393525" lon="14.565877">
				<ele>370.000000</ele>
			</trkpt>
			<trkpt lat="49.393413" lon="14.565357">
				<ele>370.000000</ele>
			</trkpt>
			<trkpt lat="49.393355" lon="14.564898">
				<ele>370.000000</ele>
			</trkpt>
			<trkpt lat="49.393256" lon="14.563883">
				<ele>372.000000</ele>
			</trkpt>
			<trkpt lat="49.393197" lon="14.563397">
				<ele>373.000000</ele>
			</trkpt>
			<trkpt lat="49.393179" lon="14.563137">
				<ele>373.000000</ele>
			</trkpt>
			<trkpt lat="49.393168" lon="14.562885">
				<ele>372.000000</ele>
			</trkpt>
			<trkpt lat="49.393179" lon="14.562670">
				<ele>372.000000</ele>
			</trkpt>
			<trkpt lat="49.393203" lon="14.562445">
				<ele>373.000000</ele>
			</trkpt>
			<trkpt lat="49.393232" lon="14.562238">
				<ele>374.000000</ele>
			</trkpt>
			<trkpt lat="49.393320" lon="14.561852">
				<ele>375.000000</ele>
			</trkpt>
			<trkpt lat="49.393361" lon="14.561691">
				<ele>376.000000</ele>
			</trkpt>
			<trkpt lat="49.393407" lon="14.561565">
				<ele>376.000000</ele>
			</trkpt>
			<trkpt lat="49.393507" lon="14.561340">
				<ele>378.000000</ele>
			</trkpt>
			<trkpt lat="49.393589" lon="14.561187">
				<ele>377.000000</ele>
			</trkpt>
			<trkpt lat="49.393694" lon="14.561035">
				<ele>375.000000</ele>
			</trkpt>
			<trkpt lat="49.393759" lon="14.560909">
				<ele>375.000000</ele>
			</trkpt>
			<trkpt lat="49.393817" lon="14.560783">
				<ele>373.000000</ele>
			</trkpt>
			<trkpt lat="49.393893" lon="14.560604">
				<ele>371.000000</ele>
			</trkpt>
			<trkpt lat="49.393910" lon="14.560496">
				<ele>371.000000</ele>
			</trkpt>
			<trkpt lat="49.393905" lon="14.560443">
				<ele>371.000000</ele>
			</trkpt>
			<trkpt lat="49.393905" lon="14.560388">
				<ele>372.000000</ele>
			</trkpt>
			<trkpt lat="49.393863" lon="14.560280">
				<ele>374.000000</ele>
			</trkpt>
			<trkpt lat="49.393788" lon="14.560164">
				<ele>376.000000</ele>
			</trkpt>
			<trkpt lat="49.393717" lon="14.560083">
				<ele>377.000000</ele>
			</trkpt>
			<trkpt lat="49.393554" lon="14.559948">
				<ele>378.000000</ele>
			</trkpt>
			<trkpt lat="49.393489" lon="14.559894">
				<ele>378.000000</ele>
			</trkpt>
			<trkpt lat="49.393419" lon="14.559867">
				<ele>378.000000</ele>
			</trkpt>
			<trkpt lat="49.393349" lon="14.559858">
				<ele>378.000000</ele>
			</trkpt>
			<trkpt lat="49.393279" lon="14.559858">
				<ele>378.000000</ele>
			</trkpt>
			<trkpt lat="49.393279" lon="14.559858">
				<ele>378.000000</ele>
			</trkpt>
			<trkpt lat="49.393273" lon="14.559858">
				<ele>378.000000</ele>
			</trkpt>
			<trkpt lat="49.393185" lon="14.559867">
				<ele>378.000000</ele>
			</trkpt>
			<trkpt lat="49.393051" lon="14.559930">
				<ele>378.000000</ele>
			</trkpt>
			<trkpt lat="49.392928" lon="14.560020">
				<ele>379.000000</ele>
			</trkpt>
			<trkpt lat="49.392852" lon="14.560091">
				<ele>379.000000</ele>
			</trkpt>
			<trkpt lat="49.392794" lon="14.560164">
				<ele>379.000000</ele>
			</trkpt>
			<trkpt lat="49.392729" lon="14.560263">
				<ele>380.000000</ele>
			</trkpt>
			<trkpt lat="49.392683" lon="14.560343">
				<ele>382.000000</ele>
			</trkpt>
			<trkpt lat="49.392630" lon="14.560397">
				<ele>382.000000</ele>
			</trkpt>
			<trkpt lat="49.392484" lon="14.560514">
				<ele>381.000000</ele>
			</trkpt>
			<trkpt lat="49.392261" lon="14.560649">
				<ele>377.000000</ele>
			</trkpt>
			<trkpt lat="49.392022" lon="14.560801">
				<ele>372.000000</ele>
			</trkpt>
			<trkpt lat="49.391928" lon="14.560856">
				<ele>372.000000</ele>
			</trkpt>
			<trkpt lat="49.391852" lon="14.560954">
				<ele>372.000000</ele>
			</trkpt>
			<trkpt lat="49.391788" lon="14.561053">
				<ele>373.000000</ele>
			</trkpt>
			<trkpt lat="49.391700" lon="14.561250">
				<ele>375.000000</ele>
			</trkpt>
			<trkpt lat="49.391659" lon="14.561332">
				<ele>376.000000</ele>
			</trkpt>
			<trkpt lat="49.391607" lon="14.561386">
				<ele>376.000000</ele>
			</trkpt>
			<trkpt lat="49.391566" lon="14.561439">
				<ele>376.000000</ele>
			</trkpt>
			<trkpt lat="49.391455" lon="14.561538">
				<ele>375.000000</ele>
			</trkpt>
			<trkpt lat="49.391238" lon="14.561691">
				<ele>373.000000</ele>
			</trkpt>
			<trkpt lat="49.391069" lon="14.561816">
				<ele>372.000000</ele>
			</trkpt>
			<trkpt lat="49.390496" lon="14.562401">
				<ele>372.000000</ele>
			</trkpt>
			<trkpt lat="49.390104" lon="14.562795">
				<ele>374.000000</ele>
			</trkpt>
			<trkpt lat="49.390022" lon="14.562858">
				<ele>375.000000</ele>
			</trkpt>
			<trkpt lat="49.389952" lon="14.562913">
				<ele>376.000000</ele>
			</trkpt>
			<trkpt lat="49.389876" lon="14.562948">
				<ele>377.000000</ele>
			</trkpt>
			<trkpt lat="49.389800" lon="14.562975">
				<ele>378.000000</ele>
			</trkpt>
			<trkpt lat="49.389625" lon="14.563003">
				<ele>378.000000</ele>
			</trkpt>
			<trkpt lat="49.389338" lon="14.562993">
				<ele>378.000000</ele>
			</trkpt>
			<trkpt lat="49.389268" lon="14.562975">
				<ele>377.000000</ele>
			</trkpt>
			<trkpt lat="49.389192" lon="14.562967">
				<ele>377.000000</ele>
			</trkpt>
			<trkpt lat="49.389122" lon="14.562921">
				<ele>375.000000</ele>
			</trkpt>
			<trkpt lat="49.389058" lon="14.562885">
				<ele>374.000000</ele>
			</trkpt>
			<trkpt lat="49.389005" lon="14.562814">
				<ele>372.000000</ele>
			</trkpt>
			<trkpt lat="49.388935" lon="14.562733">
				<ele>372.000000</ele>
			</trkpt>
			<trkpt lat="49.388806" lon="14.562499">
				<ele>370.000000</ele>
			</trkpt>
			<trkpt lat="49.388771" lon="14.562445">
				<ele>370.000000</ele>
			</trkpt>
			<trkpt lat="49.388718" lon="14.562391">
				<ele>370.000000</ele>
			</trkpt>
			<trkpt lat="49.388677" lon="14.562365">
				<ele>370.000000</ele>
			</trkpt>
			<trkpt lat="49.388625" lon="14.562365">
				<ele>370.000000</ele>
			</trkpt>
			<trkpt lat="49.388525" lon="14.562365">
				<ele>370.000000</ele>
			</trkpt>
			<trkpt lat="49.388309" lon="14.562445">
				<ele>370.000000</ele>
			</trkpt>
			<trkpt lat="49.388204" lon="14.562481">
				<ele>371.000000</ele>
			</trkpt>
			<trkpt lat="49.388104" lon="14.562464">
				<ele>372.000000</ele>
			</trkpt>
			<trkpt lat="49.387999" lon="14.562437">
				<ele>372.000000</ele>
			</trkpt>
			<trkpt lat="49.387917" lon="14.562401">
				<ele>373.000000</ele>
			</trkpt>
			<trkpt lat="49.387824" lon="14.562319">
				<ele>373.000000</ele>
			</trkpt>
			<trkpt lat="49.387742" lon="14.562202">
				<ele>373.000000</ele>
			</trkpt>
			<trkpt lat="49.387660" lon="14.562095">
				<ele>374.000000</ele>
			</trkpt>
			<trkpt lat="49.387578" lon="14.561933">
				<ele>374.000000</ele>
			</trkpt>
			<trkpt lat="49.387461" lon="14.561673">
				<ele>373.000000</ele>
			</trkpt>
			<trkpt lat="49.387128" lon="14.560919">
				<ele>372.000000</ele>
			</trkpt>
			<trkpt lat="49.386935" lon="14.560523">
				<ele>374.000000</ele>
			</trkpt>
			<trkpt lat="49.386829" lon="14.560298">
				<ele>375.000000</ele>
			</trkpt>
			<trkpt lat="49.386730" lon="14.560065">
				<ele>374.000000</ele>
			</trkpt>
			<trkpt lat="49.386391" lon="14.559158">
				<ele>373.000000</ele>
			</trkpt>
			<trkpt lat="49.386263" lon="14.558799">
				<ele>374.000000</ele>
			</trkpt>
			<trkpt lat="49.386204" lon="14.558690">
				<ele>374.000000</ele>
			</trkpt>
			<trkpt lat="49.386122" lon="14.558573">
				<ele>375.000000</ele>
			</trkpt>
			<trkpt lat="49.385958" lon="14.558349">
				<ele>375.000000</ele>
			</trkpt>
			<trkpt lat="49.385911" lon="14.558250">
				<ele>375.000000</ele>
			</trkpt>
			<trkpt lat="49.385876" lon="14.558170">
				<ele>375.000000</ele>
			</trkpt>
			<trkpt lat="49.385865" lon="14.557909">
				<ele>374.000000</ele>
			</trkpt>
			<trkpt lat="49.385865" lon="14.557693">
				<ele>374.000000</ele>
			</trkpt>
			<trkpt lat="49.385888" lon="14.557468">
				<ele>373.000000</ele>
			</trkpt>
			<trkpt lat="49.385935" lon="14.557208">
				<ele>372.000000</ele>
			</trkpt>
			<trkpt lat="49.385958" lon="14.557028">
				<ele>372.000000</ele>
			</trkpt>
			<trkpt lat="49.385970" lon="14.556849">
				<ele>372.000000</ele>
			</trkpt>
			<trkpt lat="49.385952" lon="14.556688">
				<ele>371.000000</ele>
			</trkpt>
			<trkpt lat="49.385894" lon="14.556489">
				<ele>372.000000</ele>
			</trkpt>
			<trkpt lat="49.385847" lon="14.556283">
				<ele>373.000000</ele>
			</trkpt>
			<trkpt lat="49.385842" lon="14.556103">
				<ele>375.000000</ele>
			</trkpt>
			<trkpt lat="49.385847" lon="14.555915">
				<ele>375.000000</ele>
			</trkpt>
			<trkpt lat="49.385882" lon="14.555591">
				<ele>375.000000</ele>
			</trkpt>
			<trkpt lat="49.385935" lon="14.555169">
				<ele>376.000000</ele>
			</trkpt>
			<trkpt lat="49.386075" lon="14.554451">
				<ele>374.000000</ele>
			</trkpt>
			<trkpt lat="49.386210" lon="14.553776">
				<ele>378.000000</ele>
			</trkpt>
			<trkpt lat="49.386455" lon="14.552726">
				<ele>378.000000</ele>
			</trkpt>
			<trkpt lat="49.386572" lon="14.552187">
				<ele>375.000000</ele>
			</trkpt>
			<trkpt lat="49.386596" lon="14.551988">
				<ele>375.000000</ele>
			</trkpt>
			<trkpt lat="49.386613" lon="14.551827">
				<ele>375.000000</ele>
			</trkpt>
			<trkpt lat="49.386613" lon="14.551648">
				<ele>375.000000</ele>
			</trkpt>
			<trkpt lat="49.386596" lon="14.551414">
				<ele>375.000000</ele>
			</trkpt>
			<trkpt lat="49.386578" lon="14.551279">
				<ele>376.000000</ele>
			</trkpt>
			<trkpt lat="49.386549" lon="14.551153">
				<ele>377.000000</ele>
			</trkpt>
			<trkpt lat="49.386438" lon="14.550812">
				<ele>380.000000</ele>
			</trkpt>
			<trkpt lat="49.386379" lon="14.550642">
				<ele>382.000000</ele>
			</trkpt>
			<trkpt lat="49.386198" lon="14.550229">
				<ele>387.000000</ele>
			</trkpt>
			<trkpt lat="49.386093" lon="14.549941">
				<ele>390.000000</ele>
			</trkpt>
			<trkpt lat="49.386040" lon="14.549698">
				<ele>390.000000</ele>
			</trkpt>
			<trkpt lat="49.386005" lon="14.549420">
				<ele>389.000000</ele>
			</trkpt>
			<trkpt lat="49.385982" lon="14.549034">
				<ele>388.000000</ele>
			</trkpt>
			<trkpt lat="49.385952" lon="14.548566">
				<ele>386.000000</ele>
			</trkpt>
			<trkpt lat="49.385859" lon="14.547659">
				<ele>380.000000</ele>
			</trkpt>
			<trkpt lat="49.385836" lon="14.547193">
				<ele>378.000000</ele>
			</trkpt>
			<trkpt lat="49.385829" lon="14.547021">
				<ele>377.000000</ele>
			</trkpt>
			<trkpt lat="49.385829" lon="14.546904">
				<ele>377.000000</ele>
			</trkpt>
			<trkpt lat="49.385847" lon="14.546761">
				<ele>376.000000</ele>
			</trkpt>
			<trkpt lat="49.385882" lon="14.546598">
				<ele>375.000000</ele>
			</trkpt>
			<trkpt lat="49.385976" lon="14.546222">
				<ele>372.000000</ele>
			</trkpt>
			<trkpt lat="49.385801" lon="14.545952">
				<ele>372.000000</ele>
			</trkpt>
			<trkpt lat="49.385602" lon="14.545585">
				<ele>372.000000</ele>
			</trkpt>
			<trkpt lat="49.385555" lon="14.545495">
				<ele>372.000000</ele>
			</trkpt>
			<trkpt lat="49.385502" lon="14.545432">
				<ele>372.000000</ele>
			</trkpt>
			<trkpt lat="49.385449" lon="14.545377">
				<ele>372.000000</ele>
			</trkpt>
			<trkpt lat="49.385408" lon="14.545342">
				<ele>372.000000</ele>
			</trkpt>
			<trkpt lat="49.385408" lon="14.545342">
				<ele>372.000000</ele>
			</trkpt>
			<trkpt lat="49.385385" lon="14.545323">
				<ele>372.000000</ele>
			</trkpt>
			<trkpt lat="49.385239" lon="14.545243">
				<ele>373.000000</ele>
			</trkpt>
			<trkpt lat="49.385058" lon="14.545117">
				<ele>375.000000</ele>
			</trkpt>
			<trkpt lat="49.384724" lon="14.544874">
				<ele>376.000000</ele>
			</trkpt>
			<trkpt lat="49.384555" lon="14.544749">
				<ele>377.000000</ele>
			</trkpt>
			<trkpt lat="49.384391" lon="14.544667">
				<ele>379.000000</ele>
			</trkpt>
			<trkpt lat="49.384222" lon="14.544631">
				<ele>381.000000</ele>
			</trkpt>
			<trkpt lat="49.384169" lon="14.544461">
				<ele>380.000000</ele>
			</trkpt>
			<trkpt lat="49.384128" lon="14.544300">
				<ele>378.000000</ele>
			</trkpt>
			<trkpt lat="49.384157" lon="14.544201">
				<ele>377.000000</ele>
			</trkpt>
			<trkpt lat="49.384175" lon="14.544093">
				<ele>376.000000</ele>
			</trkpt>
			<trkpt lat="49.384175" lon="14.543751">
				<ele>375.000000</ele>
			</trkpt>
			<trkpt lat="49.384181" lon="14.543321">
				<ele>374.000000</ele>
			</trkpt>
			<trkpt lat="49.384169" lon="14.543168">
				<ele>373.000000</ele>
			</trkpt>
			<trkpt lat="49.384151" lon="14.543006">
				<ele>373.000000</ele>
			</trkpt>
			<trkpt lat="49.384122" lon="14.542853">
				<ele>373.000000</ele>
			</trkpt>
			<trkpt lat="49.384087" lon="14.542727">
				<ele>373.000000</ele>
			</trkpt>
			<trkpt lat="49.383876" lon="14.542099">
				<ele>371.000000</ele>
			</trkpt>
			<trkpt lat="49.383806" lon="14.541901">
				<ele>371.000000</ele>
			</trkpt>
			<trkpt lat="49.383713" lon="14.541694">
				<ele>371.000000</ele>
			</trkpt>
			<trkpt lat="49.383654" lon="14.541560">
				<ele>371.000000</ele>
			</trkpt>
			<trkpt lat="49.383578" lon="14.541451">
				<ele>371.000000</ele>
			</trkpt>
			<trkpt lat="49.383309" lon="14.541155">
				<ele>371.000000</ele>
			</trkpt>
			<trkpt lat="49.383198" lon="14.541002">
				<ele>371.000000</ele>
			</trkpt>
			<trkpt lat="49.383046" lon="14.540769">
				<ele>371.000000</ele>
			</trkpt>
			<trkpt lat="49.382748" lon="14.540248">
				<ele>371.000000</ele>
			</trkpt>
			<trkpt lat="49.382567" lon="14.539969">
				<ele>370.000000</ele>
			</trkpt>
			<trkpt lat="49.382403" lon="14.539780">
				<ele>371.000000</ele>
			</trkpt>
			<trkpt lat="49.382070" lon="14.539440">
				<ele>370.000000</ele>
			</trkpt>
			<trkpt lat="49.381905" lon="14.539233">
				<ele>370.000000</ele>
			</trkpt>
			<trkpt lat="49.381800" lon="14.539053">
				<ele>370.000000</ele>
			</trkpt>
			<trkpt lat="49.381707" lon="14.538910">
				<ele>370.000000</ele>
			</trkpt>
			<trkpt lat="49.381443" lon="14.538361">
				<ele>371.000000</ele>
			</trkpt>
			<trkpt lat="49.381344" lon="14.538218">
				<ele>371.000000</ele>
			</trkpt>
			<trkpt lat="49.381163" lon="14.537795">
				<ele>372.000000</ele>
			</trkpt>
			<trkpt lat="49.381011" lon="14.537436">
				<ele>372.000000</ele>
			</trkpt>
			<trkpt lat="49.380970" lon="14.537220">
				<ele>371.000000</ele>
			</trkpt>
			<trkpt lat="49.380947" lon="14.537140">
				<ele>371.000000</ele>
			</trkpt>
			<trkpt lat="49.380888" lon="14.536996">
				<ele>372.000000</ele>
			</trkpt>
			<trkpt lat="49.380560" lon="14.536061">
				<ele>374.000000</ele>
			</trkpt>
			<trkpt lat="49.380344" lon="14.535352">
				<ele>378.000000</ele>
			</trkpt>
			<trkpt lat="49.380186" lon="14.534786">
				<ele>380.000000</ele>
			</trkpt>
			<trkpt lat="49.379812" lon="14.533348">
				<ele>375.000000</ele>
			</trkpt>
			<trkpt lat="49.379595" lon="14.532532">
				<ele>372.000000</ele>
			</trkpt>
			<trkpt lat="49.379561" lon="14.532396">
				<ele>372.000000</ele>
			</trkpt>
			<trkpt lat="49.379531" lon="14.532352">
				<ele>372.000000</ele>
			</trkpt>
			<trkpt lat="49.379502" lon="14.532298">
				<ele>372.000000</ele>
			</trkpt>
			<trkpt lat="49.379432" lon="14.532235">
				<ele>373.000000</ele>
			</trkpt>
			<trkpt lat="49.379245" lon="14.532109">
				<ele>373.000000</ele>
			</trkpt>
			<trkpt lat="49.378982" lon="14.531975">
				<ele>375.000000</ele>
			</trkpt>
			<trkpt lat="49.378882" lon="14.531920">
				<ele>376.000000</ele>
			</trkpt>
			<trkpt lat="49.378818" lon="14.531849">
				<ele>375.000000</ele>
			</trkpt>
			<trkpt lat="49.378800" lon="14.531822">
				<ele>375.000000</ele>
			</trkpt>
			<trkpt lat="49.378789" lon="14.531767">
				<ele>374.000000</ele>
			</trkpt>
			<trkpt lat="49.378789" lon="14.531706">
				<ele>373.000000</ele>
			</trkpt>
			<trkpt lat="49.378818" lon="14.531507">
				<ele>372.000000</ele>
			</trkpt>
			<trkpt lat="49.378824" lon="14.531400">
				<ele>372.000000</ele>
			</trkpt>
			<trkpt lat="49.378818" lon="14.531229">
				<ele>372.000000</ele>
			</trkpt>
			<trkpt lat="49.378789" lon="14.531094">
				<ele>371.000000</ele>
			</trkpt>
			<trkpt lat="49.378742" lon="14.530968">
				<ele>371.000000</ele>
			</trkpt>
			<trkpt lat="49.378689" lon="14.530851">
				<ele>371.000000</ele>
			</trkpt>
			<trkpt lat="49.378537" lon="14.530574">
				<ele>371.000000</ele>
			</trkpt>
			<trkpt lat="49.378262" lon="14.530151">
				<ele>371.000000</ele>
			</trkpt>
			<trkpt lat="49.378192" lon="14.530043">
				<ele>371.000000</ele>
			</trkpt>
			<trkpt lat="49.378099" lon="14.529926">
				<ele>371.000000</ele>
			</trkpt>
			<trkpt lat="49.378016" lon="14.529845">
				<ele>371.000000</ele>
			</trkpt>
			<trkpt lat="49.377929" lon="14.529782">
				<ele>371.000000</ele>
			</trkpt>
			<trkpt lat="49.377894" lon="14.529765">
				<ele>371.000000</ele>
			</trkpt>
			<trkpt lat="49.377894" lon="14.529765">
				<ele>371.000000</ele>
			</trkpt>
			<trkpt lat="49.377765" lon="14.529683">
				<ele>371.000000</ele>
			</trkpt>
			<trkpt lat="49.377625" lon="14.529629">
				<ele>371.000000</ele>
			</trkpt>
			<trkpt lat="49.377297" lon="14.529540">
				<ele>371.000000</ele>
			</trkpt>
			<trkpt lat="49.377192" lon="14.529522">
				<ele>371.000000</ele>
			</trkpt>
			<trkpt lat="49.377075" lon="14.529540">
				<ele>371.000000</ele>
			</trkpt>
			<trkpt lat="49.376963" lon="14.529585">
				<ele>371.000000</ele>
			</trkpt>
			<trkpt lat="49.376748" lon="14.529683">
				<ele>372.000000</ele>
			</trkpt>
			<trkpt lat="49.376496" lon="14.529765">
				<ele>374.000000</ele>
			</trkpt>
			<trkpt lat="49.376420" lon="14.529782">
				<ele>375.000000</ele>
			</trkpt>
			<trkpt lat="49.376344" lon="14.529765">
				<ele>375.000000</ele>
			</trkpt>
			<trkpt lat="49.375958" lon="14.529675">
				<ele>375.000000</ele>
			</trkpt>
			<trkpt lat="49.375824" lon="14.529675">
				<ele>375.000000</ele>
			</trkpt>
			<trkpt lat="49.375677" lon="14.529702">
				<ele>375.000000</ele>
			</trkpt>
			<trkpt lat="49.375554" lon="14.529765">
				<ele>376.000000</ele>
			</trkpt>
			<trkpt lat="49.375367" lon="14.529863">
				<ele>377.000000</ele>
			</trkpt>
			<trkpt lat="49.375285" lon="14.529899">
				<ele>377.000000</ele>
			</trkpt>
			<trkpt lat="49.375215" lon="14.529891">
				<ele>377.000000</ele>
			</trkpt>
			<trkpt lat="49.375150" lon="14.529863">
				<ele>377.000000</ele>
			</trkpt>
			<trkpt lat="49.375022" lon="14.529765">
				<ele>376.000000</ele>
			</trkpt>
			<trkpt lat="49.374619" lon="14.529477">
				<ele>374.000000</ele>
			</trkpt>
			<trkpt lat="49.374267" lon="14.529253">
				<ele>372.000000</ele>
			</trkpt>
			<trkpt lat="49.373916" lon="14.529046">
				<ele>371.000000</ele>
			</trkpt>
			<trkpt lat="49.373373" lon="14.528777">
				<ele>371.000000</ele>
			</trkpt>
			<trkpt lat="49.373127" lon="14.528660">
				<ele>372.000000</ele>
			</trkpt>
			<trkpt lat="49.372905" lon="14.528516">
				<ele>372.000000</ele>
			</trkpt>
			<trkpt lat="49.372284" lon="14.528130">
				<ele>380.000000</ele>
			</trkpt>
			<trkpt lat="49.372191" lon="14.528058">
				<ele>380.000000</ele>
			</trkpt>
			<trkpt lat="49.372127" lon="14.527977">
				<ele>378.000000</ele>
			</trkpt>
			<trkpt lat="49.372056" lon="14.527897">
				<ele>377.000000</ele>
			</trkpt>
			<trkpt lat="49.371962" lon="14.527744">
				<ele>375.000000</ele>
			</trkpt>
			<trkpt lat="49.371706" lon="14.527268">
				<ele>372.000000</ele>
			</trkpt>
			<trkpt lat="49.371582" lon="14.527033">
				<ele>371.000000</ele>
			</trkpt>
			<trkpt lat="49.371483" lon="14.526800">
				<ele>372.000000</ele>
			</trkpt>
			<trkpt lat="49.371378" lon="14.526513">
				<ele>374.000000</ele>
			</trkpt>
			<trkpt lat="49.371331" lon="14.526342">
				<ele>374.000000</ele>
			</trkpt>
			<trkpt lat="49.371296" lon="14.526190">
				<ele>375.000000</ele>
			</trkpt>
			<trkpt lat="49.371266" lon="14.526046">
				<ele>376.000000</ele>
			</trkpt>
			<trkpt lat="49.371249" lon="14.525874">
				<ele>377.000000</ele>
			</trkpt>
			<trkpt lat="49.371238" lon="14.525695">
				<ele>377.000000</ele>
			</trkpt>
			<trkpt lat="49.371244" lon="14.525534">
				<ele>377.000000</ele>
			</trkpt>
			<trkpt lat="49.371279" lon="14.524941">
				<ele>374.000000</ele>
			</trkpt>
			<trkpt lat="49.371307" lon="14.524582">
				<ele>373.000000</ele>
			</trkpt>
			<trkpt lat="49.371313" lon="14.524375">
				<ele>373.000000</ele>
			</trkpt>
			<trkpt lat="49.371313" lon="14.524169">
				<ele>373.000000</ele>
			</trkpt>
			<trkpt lat="49.371296" lon="14.523962">
				<ele>373.000000</ele>
			</trkpt>
			<trkpt lat="49.371272" lon="14.523656">
				<ele>375.000000</ele>
			</trkpt>
			<trkpt lat="49.371285" lon="14.523396">
				<ele>372.000000</ele>
			</trkpt>
			<trkpt lat="49.371307" lon="14.523180">
				<ele>370.000000</ele>
			</trkpt>
			<trkpt lat="49.371354" lon="14.522911">
				<ele>369.000000</ele>
			</trkpt>
			<trkpt lat="49.371378" lon="14.522704">
				<ele>369.000000</ele>
			</trkpt>
			<trkpt lat="49.371384" lon="14.522542">
				<ele>368.000000</ele>
			</trkpt>
			<trkpt lat="49.371378" lon="14.522417">
				<ele>368.000000</ele>
			</trkpt>
			<trkpt lat="49.371349" lon="14.522291">
				<ele>369.000000</ele>
			</trkpt>
			<trkpt lat="49.371232" lon="14.522066">
				<ele>370.000000</ele>
			</trkpt>
			<trkpt lat="49.371214" lon="14.521995">
				<ele>370.000000</ele>
			</trkpt>
			<trkpt lat="49.371220" lon="14.521922">
				<ele>370.000000</ele>
			</trkpt>
			<trkpt lat="49.371238" lon="14.521842">
				<ele>370.000000</ele>
			</trkpt>
			<trkpt lat="49.371313" lon="14.521635">
				<ele>369.000000</ele>
			</trkpt>
			<trkpt lat="49.371307" lon="14.521553">
				<ele>369.000000</ele>
			</trkpt>
			<trkpt lat="49.371302" lon="14.521482">
				<ele>369.000000</ele>
			</trkpt>
			<trkpt lat="49.371226" lon="14.521276">
				<ele>370.000000</ele>
			</trkpt>
			<trkpt lat="49.371144" lon="14.521087">
				<ele>370.000000</ele>
			</trkpt>
			<trkpt lat="49.371074" lon="14.520916">
				<ele>369.000000</ele>
			</trkpt>
			<trkpt lat="49.370974" lon="14.520754">
				<ele>370.000000</ele>
			</trkpt>
			<trkpt lat="49.370892" lon="14.520620">
				<ele>370.000000</ele>
			</trkpt>
			<trkpt lat="49.370776" lon="14.520467">
				<ele>369.000000</ele>
			</trkpt>
			<trkpt lat="49.370366" lon="14.519937">
				<ele>371.000000</ele>
			</trkpt>
			<trkpt lat="49.370308" lon="14.519865">
				<ele>371.000000</ele>
			</trkpt>
			<trkpt lat="49.370214" lon="14.519758">
				<ele>371.000000</ele>
			</trkpt>
			<trkpt lat="49.369945" lon="14.519434">
				<ele>371.000000</ele>
			</trkpt>
			<trkpt lat="49.369752" lon="14.519173">
				<ele>372.000000</ele>
			</trkpt>
			<trkpt lat="49.369371" lon="14.518706">
				<ele>373.000000</ele>
			</trkpt>
			<trkpt lat="49.369272" lon="14.518580">
				<ele>373.000000</ele>
			</trkpt>
			<trkpt lat="49.369073" lon="14.518419">
				<ele>373.000000</ele>
			</trkpt>
			<trkpt lat="49.369021" lon="14.518374">
				<ele>373.000000</ele>
			</trkpt>
			<trkpt lat="49.368968" lon="14.518347">
				<ele>374.000000</ele>
			</trkpt>
			<trkpt lat="49.368903" lon="14.518356">
				<ele>374.000000</ele>
			</trkpt>
			<trkpt lat="49.368833" lon="14.518366">
				<ele>375.000000</ele>
			</trkpt>
			<trkpt lat="49.368787" lon="14.518383">
				<ele>376.000000</ele>
			</trkpt>
			<trkpt lat="49.368699" lon="14.518419">
				<ele>378.000000</ele>
			</trkpt>
			<trkpt lat="49.368635" lon="14.518230">
				<ele>377.000000</ele>
			</trkpt>
			<trkpt lat="49.368459" lon="14.517790">
				<ele>375.000000</ele>
			</trkpt>
			<trkpt lat="49.368173" lon="14.517117">
				<ele>372.000000</ele>
			</trkpt>
			<trkpt lat="49.368096" lon="14.516955">
				<ele>372.000000</ele>
			</trkpt>
			<trkpt lat="49.368032" lon="14.516847">
				<ele>371.000000</ele>
			</trkpt>
			<trkpt lat="49.367962" lon="14.516739">
				<ele>371.000000</ele>
			</trkpt>
			<trkpt lat="49.367862" lon="14.516641">
				<ele>371.000000</ele>
			</trkpt>
			<trkpt lat="49.367698" lon="14.516505">
				<ele>371.000000</ele>
			</trkpt>
			<trkpt lat="49.367517" lon="14.516371">
				<ele>374.000000</ele>
			</trkpt>
			<trkpt lat="49.367499" lon="14.516272">
				<ele>372.000000</ele>
			</trkpt>
			<trkpt lat="49.367499" lon="14.516272">
				<ele>372.000000</ele>
			</trkpt>
			<trkpt lat="49.367517" lon="14.516371">
				<ele>374.000000</ele>
			</trkpt>
			<trkpt lat="49.367330" lon="14.516218">
				<ele>373.000000</ele>
			</trkpt>
			<trkpt lat="49.367131" lon="14.516066">
				<ele>377.000000</ele>
			</trkpt>
			<trkpt lat="49.367061" lon="14.515985">
				<ele>377.000000</ele>
			</trkpt>
			<trkpt lat="49.367031" lon="14.515930">
				<ele>376.000000</ele>
			</trkpt>
			<trkpt lat="49.367014" lon="14.515895">
				<ele>376.000000</ele>
			</trkpt>
			<trkpt lat="49.367002" lon="14.515832">
				<ele>375.000000</ele>
			</trkpt>
			<trkpt lat="49.367002" lon="14.515777">
				<ele>375.000000</ele>
			</trkpt>
			<trkpt lat="49.367031" lon="14.515661">
				<ele>373.000000</ele>
			</trkpt>
			<trkpt lat="49.367102" lon="14.515391">
				<ele>371.000000</ele>
			</trkpt>
			<trkpt lat="49.367494" lon="14.513918">
				<ele>373.000000</ele>
			</trkpt>
			<trkpt lat="49.367599" lon="14.513658">
				<ele>375.000000</ele>
			</trkpt>
			<trkpt lat="49.367623" lon="14.513613">
				<ele>375.000000</ele>
			</trkpt>
			<trkpt lat="49.367664" lon="14.513586">
				<ele>375.000000</ele>
			</trkpt>
			<trkpt lat="49.367698" lon="14.513586">
				<ele>375.000000</ele>
			</trkpt>
			<trkpt lat="49.367751" lon="14.513595">
				<ele>376.000000</ele>
			</trkpt>
			<trkpt lat="49.367646" lon="14.513542">
				<ele>375.000000</ele>
			</trkpt>
			<trkpt lat="49.367470" lon="14.513433">
				<ele>374.000000</ele>
			</trkpt>
			<trkpt lat="49.367348" lon="14.513316">
				<ele>373.000000</ele>
			</trkpt>
			<trkpt lat="49.367149" lon="14.513083">
				<ele>374.000000</ele>
			</trkpt>
			<trkpt lat="49.367108" lon="14.513056">
				<ele>373.000000</ele>
			</trkpt>
			<trkpt lat="49.367073" lon="14.513056">
				<ele>373.000000</ele>
			</trkpt>
			<trkpt lat="49.367031" lon="14.513066">
				<ele>372.000000</ele>
			</trkpt>
			<trkpt lat="49.366973" lon="14.513110">
				<ele>370.000000</ele>
			</trkpt>
			<trkpt lat="49.366915" lon="14.513137">
				<ele>370.000000</ele>
			</trkpt>
			<trkpt lat="49.366880" lon="14.513137">
				<ele>370.000000</ele>
			</trkpt>
			<trkpt lat="49.366780" lon="14.513074">
				<ele>370.000000</ele>
			</trkpt>
			<trkpt lat="49.366687" lon="14.512976">
				<ele>370.000000</ele>
			</trkpt>
			<trkpt lat="49.366640" lon="14.512894">
				<ele>370.000000</ele>
			</trkpt>
			<trkpt lat="49.366599" lon="14.512850">
				<ele>370.000000</ele>
			</trkpt>
			<trkpt lat="49.366371" lon="14.512679">
				<ele>369.000000</ele>
			</trkpt>
			<trkpt lat="49.366242" lon="14.512561">
				<ele>369.000000</ele>
			</trkpt>
			<trkpt lat="49.366206" lon="14.512526">
				<ele>369.000000</ele>
			</trkpt>
			<trkpt lat="49.366189" lon="14.512454">
				<ele>369.000000</ele>
			</trkpt>
			<trkpt lat="49.366189" lon="14.512374">
				<ele>369.000000</ele>
			</trkpt>
			<trkpt lat="49.366201" lon="14.512247">
				<ele>370.000000</ele>
			</trkpt>
			<trkpt lat="49.366219" lon="14.512167">
				<ele>370.000000</ele>
			</trkpt>
			<trkpt lat="49.366271" lon="14.512014">
				<ele>372.000000</ele>
			</trkpt>
			<trkpt lat="49.366277" lon="14.511934">
				<ele>373.000000</ele>
			</trkpt>
			<trkpt lat="49.366277" lon="14.511879">
				<ele>374.000000</ele>
			</trkpt>
			<trkpt lat="49.366259" lon="14.511825">
				<ele>376.000000</ele>
			</trkpt>
			<trkpt lat="49.366230" lon="14.511762">
				<ele>377.000000</ele>
			</trkpt>
			<trkpt lat="49.366072" lon="14.511628">
				<ele>378.000000</ele>
			</trkpt>
			<trkpt lat="49.366013" lon="14.511601">
				<ele>378.000000</ele>
			</trkpt>
			<trkpt lat="49.365961" lon="14.511592">
				<ele>378.000000</ele>
			</trkpt>
			<trkpt lat="49.365809" lon="14.511592">
				<ele>376.000000</ele>
			</trkpt>
			<trkpt lat="49.365563" lon="14.511637">
				<ele>373.000000</ele>
			</trkpt>
			<trkpt lat="49.365504" lon="14.511637">
				<ele>373.000000</ele>
			</trkpt>
			<trkpt lat="49.365441" lon="14.511618">
				<ele>373.000000</ele>
			</trkpt>
			<trkpt lat="49.365294" lon="14.511582">
				<ele>373.000000</ele>
			</trkpt>
			<trkpt lat="49.365119" lon="14.511555">
				<ele>377.000000</ele>
			</trkpt>
			<trkpt lat="49.364756" lon="14.511574">
				<ele>381.000000</ele>
			</trkpt>
			<trkpt lat="49.364469" lon="14.511618">
				<ele>379.000000</ele>
			</trkpt>
			<trkpt lat="49.364153" lon="14.511691">
				<ele>376.000000</ele>
			</trkpt>
			<trkpt lat="49.363784" lon="14.511817">
				<ele>373.000000</ele>
			</trkpt>
			<trkpt lat="49.363451" lon="14.511960">
				<ele>377.000000</ele>
			</trkpt>
			<trkpt lat="49.363165" lon="14.512113">
				<ele>376.000000</ele>
			</trkpt>
			<trkpt lat="49.362931" lon="14.512265">
				<ele>376.000000</ele>
			</trkpt>
			<trkpt lat="49.362416" lon="14.512643">
				<ele>371.000000</ele>
			</trkpt>
			<trkpt lat="49.362135" lon="14.512840">
				<ele>369.000000</ele>
			</trkpt>
			<trkpt lat="49.361954" lon="14.512966">
				<ele>369.000000</ele>
			</trkpt>
			<trkpt lat="49.361778" lon="14.513100">
				<ele>369.000000</ele>
			</trkpt>
			<trkpt lat="49.361474" lon="14.513370">
				<ele>370.000000</ele>
			</trkpt>
			<trkpt lat="49.361175" lon="14.513676">
				<ele>368.000000</ele>
			</trkpt>
			<trkpt lat="49.360701" lon="14.514232">
				<ele>366.000000</ele>
			</trkpt>
			<trkpt lat="49.360561" lon="14.514385">
				<ele>367.000000</ele>
			</trkpt>
			<trkpt lat="49.360415" lon="14.514494">
				<ele>367.000000</ele>
			</trkpt>
			<trkpt lat="49.360298" lon="14.514584">
				<ele>367.000000</ele>
			</trkpt>
			<trkpt lat="49.359947" lon="14.514771">
				<ele>368.000000</ele>
			</trkpt>
			<trkpt lat="49.359795" lon="14.514834">
				<ele>368.000000</ele>
			</trkpt>
			<trkpt lat="49.359660" lon="14.514844">
				<ele>368.000000</ele>
			</trkpt>
			<trkpt lat="49.359508" lon="14.514861">
				<ele>368.000000</ele>
			</trkpt>
			<trkpt lat="49.359338" lon="14.514853">
				<ele>368.000000</ele>
			</trkpt>
			<trkpt lat="49.358425" lon="14.514735">
				<ele>368.000000</ele>
			</trkpt>
			<trkpt lat="49.357882" lon="14.514655">
				<ele>369.000000</ele>
			</trkpt>
			<trkpt lat="49.357349" lon="14.514555">
				<ele>369.000000</ele>
			</trkpt>
			<trkpt lat="49.356746" lon="14.514412">
				<ele>368.000000</ele>
			</trkpt>
			<trkpt lat="49.356401" lon="14.514305">
				<ele>368.000000</ele>
			</trkpt>
			<trkpt lat="49.356062" lon="14.514169">
				<ele>368.000000</ele>
			</trkpt>
			<trkpt lat="49.355752" lon="14.514018">
				<ele>369.000000</ele>
			</trkpt>
			<trkpt lat="49.355453" lon="14.513855">
				<ele>368.000000</ele>
			</trkpt>
			<trkpt lat="49.355201" lon="14.513676">
				<ele>368.000000</ele>
			</trkpt>
			<trkpt lat="49.354950" lon="14.513479">
				<ele>368.000000</ele>
			</trkpt>
			<trkpt lat="49.354195" lon="14.512840">
				<ele>369.000000</ele>
			</trkpt>
			<trkpt lat="49.353949" lon="14.512561">
				<ele>369.000000</ele>
			</trkpt>
			<trkpt lat="49.353581" lon="14.512194">
				<ele>369.000000</ele>
			</trkpt>
			<trkpt lat="49.353359" lon="14.511987">
				<ele>370.000000</ele>
			</trkpt>
			<trkpt lat="49.353188" lon="14.511825">
				<ele>370.000000</ele>
			</trkpt>
			<trkpt lat="49.352990" lon="14.511664">
				<ele>370.000000</ele>
			</trkpt>
			<trkpt lat="49.352820" lon="14.511538">
				<ele>369.000000</ele>
			</trkpt>
			<trkpt lat="49.352621" lon="14.511429">
				<ele>370.000000</ele>
			</trkpt>
			<trkpt lat="49.352439" lon="14.511340">
				<ele>371.000000</ele>
			</trkpt>
			<trkpt lat="49.352258" lon="14.511268">
				<ele>370.000000</ele>
			</trkpt>
			<trkpt lat="49.352083" lon="14.511215">
				<ele>370.000000</ele>
			</trkpt>
			<trkpt lat="49.352001" lon="14.511205">
				<ele>370.000000</ele>
			</trkpt>
			<trkpt lat="49.351930" lon="14.511223">
				<ele>369.000000</ele>
			</trkpt>
			<trkpt lat="49.351896" lon="14.511259">
				<ele>368.000000</ele>
			</trkpt>
			<trkpt lat="49.351896" lon="14.511259">
				<ele>368.000000</ele>
			</trkpt>
			<trkpt lat="49.351866" lon="14.511286">
				<ele>368.000000</ele>
			</trkpt>
			<trkpt lat="49.351796" lon="14.511403">
				<ele>368.000000</ele>
			</trkpt>
			<trkpt lat="49.351714" lon="14.511529">
				<ele>368.000000</ele>
			</trkpt>
			<trkpt lat="49.351603" lon="14.511637">
				<ele>368.000000</ele>
			</trkpt>
			<trkpt lat="49.351515" lon="14.511718">
				<ele>368.000000</ele>
			</trkpt>
			<trkpt lat="49.351398" lon="14.511789">
				<ele>368.000000</ele>
			</trkpt>
			<trkpt lat="49.351275" lon="14.511834">
				<ele>368.000000</ele>
			</trkpt>
			<trkpt lat="49.351123" lon="14.511879">
				<ele>368.000000</ele>
			</trkpt>
			<trkpt lat="49.350947" lon="14.511888">
				<ele>369.000000</ele>
			</trkpt>
			<trkpt lat="49.350725" lon="14.511888">
				<ele>369.000000</ele>
			</trkpt>
			<trkpt lat="49.350385" lon="14.511879">
				<ele>371.000000</ele>
			</trkpt>
			<trkpt lat="49.350239" lon="14.511852">
				<ele>372.000000</ele>
			</trkpt>
			<trkpt lat="49.350111" lon="14.511817">
				<ele>373.000000</ele>
			</trkpt>
			<trkpt lat="49.349994" lon="14.511762">
				<ele>374.000000</ele>
			</trkpt>
			<trkpt lat="49.349870" lon="14.511691">
				<ele>374.000000</ele>
			</trkpt>
			<trkpt lat="49.349742" lon="14.511601">
				<ele>376.000000</ele>
			</trkpt>
			<trkpt lat="49.349608" lon="14.511492">
				<ele>378.000000</ele>
			</trkpt>
			<trkpt lat="49.349484" lon="14.511395">
				<ele>377.000000</ele>
			</trkpt>
			<trkpt lat="49.349391" lon="14.511340">
				<ele>376.000000</ele>
			</trkpt>
			<trkpt lat="49.349303" lon="14.511313">
				<ele>376.000000</ele>
			</trkpt>
			<trkpt lat="49.349209" lon="14.511305">
				<ele>376.000000</ele>
			</trkpt>
			<trkpt lat="49.349104" lon="14.511305">
				<ele>376.000000</ele>
			</trkpt>
			<trkpt lat="49.348940" lon="14.511305">
				<ele>377.000000</ele>
			</trkpt>
			<trkpt lat="49.348806" lon="14.511295">
				<ele>378.000000</ele>
			</trkpt>
			<trkpt lat="49.348700" lon="14.511242">
				<ele>378.000000</ele>
			</trkpt>
			<trkpt lat="49.348589" lon="14.511142">
				<ele>379.000000</ele>
			</trkpt>
			<trkpt lat="49.348238" lon="14.511259">
				<ele>377.000000</ele>
			</trkpt>
			<trkpt lat="49.348086" lon="14.511286">
				<ele>377.000000</ele>
			</trkpt>
			<trkpt lat="49.347934" lon="14.511286">
				<ele>377.000000</ele>
			</trkpt>
			<trkpt lat="49.347851" lon="14.511259">
				<ele>376.000000</ele>
			</trkpt>
			<trkpt lat="49.347770" lon="14.511223">
				<ele>374.000000</ele>
			</trkpt>
			<trkpt lat="49.347711" lon="14.511179">
				<ele>374.000000</ele>
			</trkpt>
			<trkpt lat="49.347653" lon="14.511125">
				<ele>374.000000</ele>
			</trkpt>
			<trkpt lat="49.347612" lon="14.511043">
				<ele>374.000000</ele>
			</trkpt>
			<trkpt lat="49.347565" lon="14.510936">
				<ele>375.000000</ele>
			</trkpt>
			<trkpt lat="49.347389" lon="14.510450">
				<ele>373.000000</ele>
			</trkpt>
			<trkpt lat="49.347302" lon="14.510190">
				<ele>374.000000</ele>
			</trkpt>
			<trkpt lat="49.347220" lon="14.509903">
				<ele>373.000000</ele>
			</trkpt>
			<trkpt lat="49.347155" lon="14.509597">
				<ele>373.000000</ele>
			</trkpt>
			<trkpt lat="49.347027" lon="14.508808">
				<ele>373.000000</ele>
			</trkpt>
			<trkpt lat="49.346886" lon="14.507900">
				<ele>371.000000</ele>
			</trkpt>
			<trkpt lat="49.346763" lon="14.507001">
				<ele>369.000000</ele>
			</trkpt>
			<trkpt lat="49.346670" lon="14.506202">
				<ele>369.000000</ele>
			</trkpt>
			<trkpt lat="49.346722" lon="14.506166">
				<ele>370.000000</ele>
			</trkpt>
			<trkpt lat="49.346769" lon="14.506139">
				<ele>371.000000</ele>
			</trkpt>
			<trkpt lat="49.346857" lon="14.506013">
				<ele>375.000000</ele>
			</trkpt>
			<trkpt lat="49.346874" lon="14.505968">
				<ele>376.000000</ele>
			</trkpt>
			<trkpt lat="49.346898" lon="14.505915">
				<ele>377.000000</ele>
			</trkpt>
			<trkpt lat="49.346892" lon="14.505861">
				<ele>377.000000</ele>
			</trkpt>
			<trkpt lat="49.346892" lon="14.505779">
				<ele>378.000000</ele>
			</trkpt>
			<trkpt lat="49.346821" lon="14.505087">
				<ele>380.000000</ele>
			</trkpt>
			<trkpt lat="49.346763" lon="14.504693">
				<ele>383.000000</ele>
			</trkpt>
			<trkpt lat="49.346664" lon="14.504225">
				<ele>389.000000</ele>
			</trkpt>
			<trkpt lat="49.346634" lon="14.504073">
				<ele>393.000000</ele>
			</trkpt>
			<trkpt lat="49.346600" lon="14.503947">
				<ele>395.000000</ele>
			</trkpt>
			<trkpt lat="49.346488" lon="14.503678">
				<ele>397.000000</ele>
			</trkpt>
			<trkpt lat="49.346441" lon="14.503552">
				<ele>396.000000</ele>
			</trkpt>
			<trkpt lat="49.346418" lon="14.503444">
				<ele>395.000000</ele>
			</trkpt>
			<trkpt lat="49.346424" lon="14.503345">
				<ele>396.000000</ele>
			</trkpt>
			<trkpt lat="49.346453" lon="14.503265">
				<ele>397.000000</ele>
			</trkpt>
			<trkpt lat="49.346576" lon="14.503013">
				<ele>401.000000</ele>
			</trkpt>
			<trkpt lat="49.346699" lon="14.502680">
				<ele>401.000000</ele>
			</trkpt>
			<trkpt lat="49.346728" lon="14.502582">
				<ele>399.000000</ele>
			</trkpt>
			<trkpt lat="49.346716" lon="14.502500">
				<ele>398.000000</ele>
			</trkpt>
			<trkpt lat="49.346699" lon="14.502420">
				<ele>397.000000</ele>
			</trkpt>
			<trkpt lat="49.346652" lon="14.502321">
				<ele>398.000000</ele>
			</trkpt>
			<trkpt lat="49.346582" lon="14.502231">
				<ele>402.000000</ele>
			</trkpt>
			<trkpt lat="49.346512" lon="14.502160">
				<ele>405.000000</ele>
			</trkpt>
			<trkpt lat="49.346435" lon="14.502133">
				<ele>407.000000</ele>
			</trkpt>
			<trkpt lat="49.346359" lon="14.502150">
				<ele>407.000000</ele>
			</trkpt>
			<trkpt lat="49.346061" lon="14.502286">
				<ele>412.000000</ele>
			</trkpt>
			<trkpt lat="49.345991" lon="14.502303">
				<ele>413.000000</ele>
			</trkpt>
			<trkpt lat="49.345909" lon="14.502321">
				<ele>414.000000</ele>
			</trkpt>
			<trkpt lat="49.345763" lon="14.502321">
				<ele>417.000000</ele>
			</trkpt>
			<trkpt lat="49.345675" lon="14.502303">
				<ele>418.000000</ele>
			</trkpt>
			<trkpt lat="49.345593" lon="14.502267">
				<ele>419.000000</ele>
			</trkpt>
			<trkpt lat="49.345505" lon="14.502213">
				<ele>419.000000</ele>
			</trkpt>
			<trkpt lat="49.345277" lon="14.502034">
				<ele>422.000000</ele>
			</trkpt>
			<trkpt lat="49.345207" lon="14.501953">
				<ele>421.000000</ele>
			</trkpt>
			<trkpt lat="49.345142" lon="14.501871">
				<ele>421.000000</ele>
			</trkpt>
			<trkpt lat="49.344926" lon="14.501557">
				<ele>421.000000</ele>
			</trkpt>
			<trkpt lat="49.344814" lon="14.501395">
				<ele>422.000000</ele>
			</trkpt>
			<trkpt lat="49.344779" lon="14.501351">
				<ele>422.000000</ele>
			</trkpt>
			<trkpt lat="49.344744" lon="14.501324">
				<ele>422.000000</ele>
			</trkpt>
			<trkpt lat="49.344598" lon="14.501271">
				<ele>421.000000</ele>
			</trkpt>
			<trkpt lat="49.343948" lon="14.500875">
				<ele>420.000000</ele>
			</trkpt>
			<trkpt lat="49.343573" lon="14.500678">
				<ele>418.000000</ele>
			</trkpt>
			<trkpt lat="49.343064" lon="14.500416">
				<ele>416.000000</ele>
			</trkpt>
			<trkpt lat="49.342906" lon="14.500336">
				<ele>415.000000</ele>
			</trkpt>
			<trkpt lat="49.342731" lon="14.500282">
				<ele>413.000000</ele>
			</trkpt>
			<trkpt lat="49.342573" lon="14.500246">
				<ele>414.000000</ele>
			</trkpt>
			<trkpt lat="49.342391" lon="14.500202">
				<ele>413.000000</ele>
			</trkpt>
			<trkpt lat="49.342193" lon="14.500192">
				<ele>411.000000</ele>
			</trkpt>
			<trkpt lat="49.342011" lon="14.500192">
				<ele>409.000000</ele>
			</trkpt>
			<trkpt lat="49.341771" lon="14.500210">
				<ele>407.000000</ele>
			</trkpt>
			<trkpt lat="49.341291" lon="14.500282">
				<ele>404.000000</ele>
			</trkpt>
			<trkpt lat="49.341051" lon="14.500300">
				<ele>403.000000</ele>
			</trkpt>
			<trkpt lat="49.340717" lon="14.500246">
				<ele>402.000000</ele>
			</trkpt>
			<trkpt lat="49.340536" lon="14.500255">
				<ele>403.000000</ele>
			</trkpt>
			<trkpt lat="49.340501" lon="14.500237">
				<ele>403.000000</ele>
			</trkpt>
			<trkpt lat="49.340477" lon="14.500192">
				<ele>403.000000</ele>
			</trkpt>
			<trkpt lat="49.340448" lon="14.500139">
				<ele>403.000000</ele>
			</trkpt>
			<trkpt lat="49.340419" lon="14.500030">
				<ele>403.000000</ele>
			</trkpt>
			<trkpt lat="49.340383" lon="14.499905">
				<ele>403.000000</ele>
			</trkpt>
			<trkpt lat="49.340290" lon="14.499644">
				<ele>403.000000</ele>
			</trkpt>
			<trkpt lat="49.340349" lon="14.499554">
				<ele>404.000000</ele>
			</trkpt>
			<trkpt lat="49.340402" lon="14.499456">
				<ele>405.000000</ele>
			</trkpt>
			<trkpt lat="49.340454" lon="14.499330">
				<ele>406.000000</ele>
			</trkpt>
			<trkpt lat="49.340495" lon="14.499194">
				<ele>406.000000</ele>
			</trkpt>
			<trkpt lat="49.340559" lon="14.498898">
				<ele>405.000000</ele>
			</trkpt>
			<trkpt lat="49.340595" lon="14.498818">
				<ele>405.000000</ele>
			</trkpt>
			<trkpt lat="49.340460" lon="14.498710">
				<ele>405.000000</ele>
			</trkpt>
			<trkpt lat="49.340390" lon="14.498665">
				<ele>406.000000</ele>
			</trkpt>
			<trkpt lat="49.340325" lon="14.498655">
				<ele>406.000000</ele>
			</trkpt>
			<trkpt lat="49.340273" lon="14.498674">
				<ele>405.000000</ele>
			</trkpt>
			<trkpt lat="49.340214" lon="14.498710">
				<ele>405.000000</ele>
			</trkpt>
			<trkpt lat="49.340121" lon="14.498863">
				<ele>405.000000</ele>
			</trkpt>
			<trkpt lat="49.340021" lon="14.499007">
				<ele>404.000000</ele>
			</trkpt>
			<trkpt lat="49.339787" lon="14.499464">
				<ele>399.000000</ele>
			</trkpt>
			<trkpt lat="49.339699" lon="14.499500">
				<ele>396.000000</ele>
			</trkpt>
			<trkpt lat="49.339634" lon="14.499546">
				<ele>393.000000</ele>
			</trkpt>
			<trkpt lat="49.339482" lon="14.499734">
				<ele>388.000000</ele>
			</trkpt>
			<trkpt lat="49.339225" lon="14.500139">
				<ele>381.000000</ele>
			</trkpt>
			<trkpt lat="49.339044" lon="14.500345">
				<ele>378.000000</ele>
			</trkpt>
			<trkpt lat="49.338926" lon="14.500389">
				<ele>375.000000</ele>
			</trkpt>
			<trkpt lat="49.338821" lon="14.500462">
				<ele>375.000000</ele>
			</trkpt>
			<trkpt lat="49.338704" lon="14.500561">
				<ele>375.000000</ele>
			</trkpt>
			<trkpt lat="49.338639" lon="14.500596">
				<ele>375.000000</ele>
			</trkpt>
			<trkpt lat="49.338587" lon="14.500615">
				<ele>375.000000</ele>
			</trkpt>
			<trkpt lat="49.338534" lon="14.500615">
				<ele>375.000000</ele>
			</trkpt>
			<trkpt lat="49.338452" lon="14.500794">
				<ele>372.000000</ele>
			</trkpt>
			<trkpt lat="49.338399" lon="14.500947">
				<ele>369.000000</ele>
			</trkpt>
			<trkpt lat="49.338376" lon="14.501099">
				<ele>368.000000</ele>
			</trkpt>
			<trkpt lat="49.338364" lon="14.501225">
				<ele>366.000000</ele>
			</trkpt>
			<trkpt lat="49.337978" lon="14.501171">
				<ele>368.000000</ele>
			</trkpt>
			<trkpt lat="49.337890" lon="14.501162">
				<ele>368.000000</ele>
			</trkpt>
			<trkpt lat="49.337843" lon="14.501162">
				<ele>368.000000</ele>
			</trkpt>
			<trkpt lat="49.337691" lon="14.501198">
				<ele>369.000000</ele>
			</trkpt>
			<trkpt lat="49.337697" lon="14.501225">
				<ele>369.000000</ele>
			</trkpt>
			<trkpt lat="49.337697" lon="14.501225">
				<ele>369.000000</ele>
			</trkpt>
			<trkpt lat="49.337691" lon="14.501198">
				<ele>369.000000</ele>
			</trkpt>
			<trkpt lat="49.337475" lon="14.501234">
				<ele>368.000000</ele>
			</trkpt>
			<trkpt lat="49.337241" lon="14.501279">
				<ele>368.000000</ele>
			</trkpt>
			<trkpt lat="49.336638" lon="14.501431">
				<ele>364.000000</ele>
			</trkpt>
			<trkpt lat="49.336450" lon="14.501477">
				<ele>365.000000</ele>
			</trkpt>
			<trkpt lat="49.336316" lon="14.501494">
				<ele>365.000000</ele>
			</trkpt>
			<trkpt lat="49.336169" lon="14.501494">
				<ele>365.000000</ele>
			</trkpt>
			<trkpt lat="49.336017" lon="14.501477">
				<ele>365.000000</ele>
			</trkpt>
			<trkpt lat="49.335842" lon="14.501468">
				<ele>364.000000</ele>
			</trkpt>
			<trkpt lat="49.335759" lon="14.501431">
				<ele>364.000000</ele>
			</trkpt>
			<trkpt lat="49.335724" lon="14.501405">
				<ele>365.000000</ele>
			</trkpt>
			<trkpt lat="49.335684" lon="14.501342">
				<ele>365.000000</ele>
			</trkpt>
			<trkpt lat="49.335660" lon="14.501279">
				<ele>366.000000</ele>
			</trkpt>
			<trkpt lat="49.335643" lon="14.501225">
				<ele>366.000000</ele>
			</trkpt>
			<trkpt lat="49.335531" lon="14.501181">
				<ele>366.000000</ele>
			</trkpt>
			<trkpt lat="49.335432" lon="14.501181">
				<ele>366.000000</ele>
			</trkpt>
			<trkpt lat="49.335315" lon="14.501181">
				<ele>366.000000</ele>
			</trkpt>
			<trkpt lat="49.335210" lon="14.501171">
				<ele>366.000000</ele>
			</trkpt>
			<trkpt lat="49.334882" lon="14.501055">
				<ele>366.000000</ele>
			</trkpt>
			<trkpt lat="49.334729" lon="14.501028">
				<ele>366.000000</ele>
			</trkpt>
			<trkpt lat="49.334589" lon="14.500982">
				<ele>365.000000</ele>
			</trkpt>
			<trkpt lat="49.334495" lon="14.500947">
				<ele>365.000000</ele>
			</trkpt>
			<trkpt lat="49.334425" lon="14.500875">
				<ele>365.000000</ele>
			</trkpt>
			<trkpt lat="49.334361" lon="14.500768">
				<ele>365.000000</ele>
			</trkpt>
			<trkpt lat="49.334232" lon="14.500498">
				<ele>365.000000</ele>
			</trkpt>
			<trkpt lat="49.334167" lon="14.500318">
				<ele>366.000000</ele>
			</trkpt>
			<trkpt lat="49.333939" lon="14.499573">
				<ele>366.000000</ele>
			</trkpt>
			<trkpt lat="49.333740" lon="14.498863">
				<ele>367.000000</ele>
			</trkpt>
			<trkpt lat="49.333640" lon="14.498449">
				<ele>367.000000</ele>
			</trkpt>
			<trkpt lat="49.333606" lon="14.498315">
				<ele>367.000000</ele>
			</trkpt>
			<trkpt lat="49.333559" lon="14.498171">
				<ele>366.000000</ele>
			</trkpt>
			<trkpt lat="49.333377" lon="14.497739">
				<ele>366.000000</ele>
			</trkpt>
			<trkpt lat="49.333313" lon="14.497515">
				<ele>367.000000</ele>
			</trkpt>
			<trkpt lat="49.333184" lon="14.496986">
				<ele>367.000000</ele>
			</trkpt>
			<trkpt lat="49.333155" lon="14.496814">
				<ele>367.000000</ele>
			</trkpt>
			<trkpt lat="49.333149" lon="14.496634">
				<ele>367.000000</ele>
			</trkpt>
			<trkpt lat="49.333143" lon="14.496401">
				<ele>367.000000</ele>
			</trkpt>
			<trkpt lat="49.333125" lon="14.496194">
				<ele>367.000000</ele>
			</trkpt>
			<trkpt lat="49.333032" lon="14.495332">
				<ele>367.000000</ele>
			</trkpt>
			<trkpt lat="49.333014" lon="14.494928">
				<ele>367.000000</ele>
			</trkpt>
			<trkpt lat="49.333008" lon="14.494273">
				<ele>366.000000</ele>
			</trkpt>
			<trkpt lat="49.333014" lon="14.493418">
				<ele>367.000000</ele>
			</trkpt>
			<trkpt lat="49.333032" lon="14.491353">
				<ele>366.000000</ele>
			</trkpt>
			<trkpt lat="49.333032" lon="14.491244">
				<ele>366.000000</ele>
			</trkpt>
			<trkpt lat="49.333049" lon="14.491092">
				<ele>366.000000</ele>
			</trkpt>
			<trkpt lat="49.333091" lon="14.490391">
				<ele>366.000000</ele>
			</trkpt>
			<trkpt lat="49.333137" lon="14.490032">
				<ele>365.000000</ele>
			</trkpt>
			<trkpt lat="49.333172" lon="14.489835">
				<ele>365.000000</ele>
			</trkpt>
			<trkpt lat="49.333207" lon="14.489673">
				<ele>366.000000</ele>
			</trkpt>
			<trkpt lat="49.333248" lon="14.489502">
				<ele>366.000000</ele>
			</trkpt>
			<trkpt lat="49.333313" lon="14.489313">
				<ele>366.000000</ele>
			</trkpt>
			<trkpt lat="49.333301" lon="14.488981">
				<ele>366.000000</ele>
			</trkpt>
			<trkpt lat="49.333307" lon="14.488487">
				<ele>366.000000</ele>
			</trkpt>
			<trkpt lat="49.333289" lon="14.488361">
				<ele>366.000000</ele>
			</trkpt>
			<trkpt lat="49.333289" lon="14.488091">
				<ele>368.000000</ele>
			</trkpt>
			<trkpt lat="49.333272" lon="14.487975">
				<ele>369.000000</ele>
			</trkpt>
			<trkpt lat="49.333207" lon="14.487732">
				<ele>369.000000</ele>
			</trkpt>
			<trkpt lat="49.333178" lon="14.487562">
				<ele>371.000000</ele>
			</trkpt>
			<trkpt lat="49.333160" lon="14.487418">
				<ele>373.000000</ele>
			</trkpt>
			<trkpt lat="49.333125" lon="14.487275">
				<ele>375.000000</ele>
			</trkpt>
			<trkpt lat="49.333085" lon="14.487166">
				<ele>375.000000</ele>
			</trkpt>
			<trkpt lat="49.333032" lon="14.487041">
				<ele>374.000000</ele>
			</trkpt>
			<trkpt lat="49.332704" lon="14.486386">
				<ele>370.000000</ele>
			</trkpt>
			<trkpt lat="49.332581" lon="14.486151">
				<ele>366.000000</ele>
			</trkpt>
			<trkpt lat="49.332417" lon="14.485909">
				<ele>366.000000</ele>
			</trkpt>
			<trkpt lat="49.332224" lon="14.485694">
				<ele>373.000000</ele>
			</trkpt>
			<trkpt lat="49.331867" lon="14.485281">
				<ele>382.000000</ele>
			</trkpt>
			<trkpt lat="49.331703" lon="14.485118">
				<ele>381.000000</ele>
			</trkpt>
			<trkpt lat="49.331528" lon="14.484984">
				<ele>378.000000</ele>
			</trkpt>
			<trkpt lat="49.331311" lon="14.484849">
				<ele>375.000000</ele>
			</trkpt>
			<trkpt lat="49.330954" lon="14.484660">
				<ele>375.000000</ele>
			</trkpt>
			<trkpt lat="49.330726" lon="14.484562">
				<ele>376.000000</ele>
			</trkpt>
			<trkpt lat="49.330509" lon="14.484508">
				<ele>378.000000</ele>
			</trkpt>
			<trkpt lat="49.330374" lon="14.484499">
				<ele>379.000000</ele>
			</trkpt>
			<trkpt lat="49.330257" lon="14.484516">
				<ele>378.000000</ele>
			</trkpt>
			<trkpt lat="49.329665" lon="14.484535">
				<ele>378.000000</ele>
			</trkpt>
			<trkpt lat="49.328226" lon="14.484786">
				<ele>369.000000</ele>
			</trkpt>
			<trkpt lat="49.327335" lon="14.484975">
				<ele>370.000000</ele>
			</trkpt>
			<trkpt lat="49.327230" lon="14.485002">
				<ele>370.000000</ele>
			</trkpt>
			<trkpt lat="49.327142" lon="14.485038">
				<ele>369.000000</ele>
			</trkpt>
			<trkpt lat="49.326978" lon="14.485136">
				<ele>368.000000</ele>
			</trkpt>
			<trkpt lat="49.326826" lon="14.485262">
				<ele>367.000000</ele>
			</trkpt>
			<trkpt lat="49.326498" lon="14.485631">
				<ele>367.000000</ele>
			</trkpt>
			<trkpt lat="49.326194" lon="14.485971">
				<ele>364.000000</ele>
			</trkpt>
			<trkpt lat="49.326094" lon="14.486070">
				<ele>364.000000</ele>
			</trkpt>
			<trkpt lat="49.325960" lon="14.486170">
				<ele>365.000000</ele>
			</trkpt>
			<trkpt lat="49.325813" lon="14.486241">
				<ele>365.000000</ele>
			</trkpt>
			<trkpt lat="49.325474" lon="14.486367">
				<ele>363.000000</ele>
			</trkpt>
			<trkpt lat="49.325345" lon="14.486420">
				<ele>364.000000</ele>
			</trkpt>
			<trkpt lat="49.325240" lon="14.486493">
				<ele>365.000000</ele>
			</trkpt>
			<trkpt lat="49.325122" lon="14.486573">
				<ele>366.000000</ele>
			</trkpt>
			<trkpt lat="49.325017" lon="14.486673">
				<ele>366.000000</ele>
			</trkpt>
			<trkpt lat="49.324900" lon="14.486799">
				<ele>367.000000</ele>
			</trkpt>
			<trkpt lat="49.324783" lon="14.486942">
				<ele>367.000000</ele>
			</trkpt>
			<trkpt lat="49.324625" lon="14.487175">
				<ele>369.000000</ele>
			</trkpt>
			<trkpt lat="49.324396" lon="14.487544">
				<ele>367.000000</ele>
			</trkpt>
			<trkpt lat="49.324303" lon="14.487715">
				<ele>366.000000</ele>
			</trkpt>
			<trkpt lat="49.324115" lon="14.487894">
				<ele>366.000000</ele>
			</trkpt>
			<trkpt lat="49.323834" lon="14.488173">
				<ele>368.000000</ele>
			</trkpt>
			<trkpt lat="49.323600" lon="14.488424">
				<ele>367.000000</ele>
			</trkpt>
			<trkpt lat="49.322868" lon="14.489197">
				<ele>367.000000</ele>
			</trkpt>
			<trkpt lat="49.322546" lon="14.489502">
				<ele>366.000000</ele>
			</trkpt>
			<trkpt lat="49.322306" lon="14.489745">
				<ele>366.000000</ele>
			</trkpt>
			<trkpt lat="49.322177" lon="14.489871">
				<ele>367.000000</ele>
			</trkpt>
			<trkpt lat="49.322096" lon="14.489969">
				<ele>367.000000</ele>
			</trkpt>
			<trkpt lat="49.321972" lon="14.490149">
				<ele>366.000000</ele>
			</trkpt>
			<trkpt lat="49.321884" lon="14.490275">
				<ele>365.000000</ele>
			</trkpt>
			<trkpt lat="49.321773" lon="14.490382">
				<ele>365.000000</ele>
			</trkpt>
			<trkpt lat="49.321633" lon="14.490535">
				<ele>366.000000</ele>
			</trkpt>
			<trkpt lat="49.321545" lon="14.490607">
				<ele>365.000000</ele>
			</trkpt>
			<trkpt lat="49.321416" lon="14.490670">
				<ele>365.000000</ele>
			</trkpt>
			<trkpt lat="49.321264" lon="14.490795">
				<ele>365.000000</ele>
			</trkpt>
			<trkpt lat="49.321141" lon="14.490885">
				<ele>365.000000</ele>
			</trkpt>
			<trkpt lat="49.321006" lon="14.490931">
				<ele>366.000000</ele>
			</trkpt>
			<trkpt lat="49.320760" lon="14.490994">
				<ele>366.000000</ele>
			</trkpt>
			<trkpt lat="49.320620" lon="14.491065">
				<ele>365.000000</ele>
			</trkpt>
			<trkpt lat="49.320485" lon="14.491164">
				<ele>364.000000</ele>
			</trkpt>
			<trkpt lat="49.320397" lon="14.491263">
				<ele>364.000000</ele>
			</trkpt>
			<trkpt lat="49.320099" lon="14.491596">
				<ele>365.000000</ele>
			</trkpt>
			<trkpt lat="49.319893" lon="14.491802">
				<ele>365.000000</ele>
			</trkpt>
			<trkpt lat="49.319788" lon="14.491900">
				<ele>365.000000</ele>
			</trkpt>
			<trkpt lat="49.319706" lon="14.491946">
				<ele>367.000000</ele>
			</trkpt>
			<trkpt lat="49.319595" lon="14.491946">
				<ele>369.000000</ele>
			</trkpt>
			<trkpt lat="49.319478" lon="14.491936">
				<ele>374.000000</ele>
			</trkpt>
			<trkpt lat="49.319408" lon="14.491946">
				<ele>377.000000</ele>
			</trkpt>
			<trkpt lat="49.319344" lon="14.491973">
				<ele>380.000000</ele>
			</trkpt>
			<trkpt lat="49.319285" lon="14.492036">
				<ele>380.000000</ele>
			</trkpt>
			<trkpt lat="49.319015" lon="14.492296">
				<ele>377.000000</ele>
			</trkpt>
			<trkpt lat="49.318916" lon="14.492368">
				<ele>376.000000</ele>
			</trkpt>
			<trkpt lat="49.318798" lon="14.492422">
				<ele>376.000000</ele>
			</trkpt>
			<trkpt lat="49.318670" lon="14.492449">
				<ele>376.000000</ele>
			</trkpt>
			<trkpt lat="49.318576" lon="14.492439">
				<ele>377.000000</ele>
			</trkpt>
			<trkpt lat="49.318395" lon="14.492413">
				<ele>377.000000</ele>
			</trkpt>
			<trkpt lat="49.318313" lon="14.492413">
				<ele>376.000000</ele>
			</trkpt>
			<trkpt lat="49.318225" lon="14.492439">
				<ele>374.000000</ele>
			</trkpt>
			<trkpt lat="49.318131" lon="14.492512">
				<ele>372.000000</ele>
			</trkpt>
			<trkpt lat="49.318090" lon="14.492565">
				<ele>371.000000</ele>
			</trkpt>
			<trkpt lat="49.318055" lon="14.492638">
				<ele>371.000000</ele>
			</trkpt>
			<trkpt lat="49.317973" lon="14.492925">
				<ele>376.000000</ele>
			</trkpt>
			<trkpt lat="49.317850" lon="14.493257">
				<ele>377.000000</ele>
			</trkpt>
			<trkpt lat="49.317786" lon="14.493410">
				<ele>374.000000</ele>
			</trkpt>
			<trkpt lat="49.317715" lon="14.493535">
				<ele>372.000000</ele>
			</trkpt>
			<trkpt lat="49.317616" lon="14.493670">
				<ele>373.000000</ele>
			</trkpt>
			<trkpt lat="49.317510" lon="14.493787">
				<ele>375.000000</ele>
			</trkpt>
			<trkpt lat="49.317458" lon="14.493877">
				<ele>376.000000</ele>
			</trkpt>
			<trkpt lat="49.317422" lon="14.493976">
				<ele>377.000000</ele>
			</trkpt>
			<trkpt lat="49.317405" lon="14.494084">
				<ele>377.000000</ele>
			</trkpt>
			<trkpt lat="49.317388" lon="14.494263">
				<ele>378.000000</ele>
			</trkpt>
			<trkpt lat="49.317341" lon="14.494416">
				<ele>380.000000</ele>
			</trkpt>
			<trkpt lat="49.317276" lon="14.494560">
				<ele>381.000000</ele>
			</trkpt>
			<trkpt lat="49.317188" lon="14.494695">
				<ele>383.000000</ele>
			</trkpt>
			<trkpt lat="49.317083" lon="14.494847">
				<ele>385.000000</ele>
			</trkpt>
			<trkpt lat="49.316919" lon="14.495179">
				<ele>382.000000</ele>
			</trkpt>
			<trkpt lat="49.316843" lon="14.495305">
				<ele>380.000000</ele>
			</trkpt>
			<trkpt lat="49.316773" lon="14.495386">
				<ele>379.000000</ele>
			</trkpt>
			<trkpt lat="49.316732" lon="14.495468">
				<ele>378.000000</ele>
			</trkpt>
			<trkpt lat="49.316714" lon="14.495539">
				<ele>379.000000</ele>
			</trkpt>
			<trkpt lat="49.316708" lon="14.495611">
				<ele>380.000000</ele>
			</trkpt>
			<trkpt lat="49.316726" lon="14.495692">
				<ele>380.000000</ele>
			</trkpt>
			<trkpt lat="49.316790" lon="14.495925">
				<ele>378.000000</ele>
			</trkpt>
			<trkpt lat="49.316802" lon="14.496015">
				<ele>377.000000</ele>
			</trkpt>
			<trkpt lat="49.316808" lon="14.496087">
				<ele>375.000000</ele>
			</trkpt>
			<trkpt lat="49.316802" lon="14.496158">
				<ele>373.000000</ele>
			</trkpt>
			<trkpt lat="49.316790" lon="14.496213">
				<ele>372.000000</ele>
			</trkpt>
			<trkpt lat="49.316767" lon="14.496267">
				<ele>372.000000</ele>
			</trkpt>
			<trkpt lat="49.316737" lon="14.496320">
				<ele>372.000000</ele>
			</trkpt>
			<trkpt lat="49.316685" lon="14.496365">
				<ele>375.000000</ele>
			</trkpt>
			<trkpt lat="49.316632" lon="14.496392">
				<ele>377.000000</ele>
			</trkpt>
			<trkpt lat="49.316574" lon="14.496410">
				<ele>380.000000</ele>
			</trkpt>
			<trkpt lat="49.316503" lon="14.496410">
				<ele>382.000000</ele>
			</trkpt>
			<trkpt lat="49.316415" lon="14.496410">
				<ele>384.000000</ele>
			</trkpt>
			<trkpt lat="49.316333" lon="14.496447">
				<ele>385.000000</ele>
			</trkpt>
			<trkpt lat="49.316263" lon="14.496518">
				<ele>385.000000</ele>
			</trkpt>
			<trkpt lat="49.316199" lon="14.496634">
				<ele>384.000000</ele>
			</trkpt>
			<trkpt lat="49.316076" lon="14.496868">
				<ele>384.000000</ele>
			</trkpt>
			<trkpt lat="49.316012" lon="14.497047">
				<ele>384.000000</ele>
			</trkpt>
			<trkpt lat="49.315959" lon="14.497173">
				<ele>385.000000</ele>
			</trkpt>
			<trkpt lat="49.315888" lon="14.497263">
				<ele>386.000000</ele>
			</trkpt>
			<trkpt lat="49.315836" lon="14.497290">
				<ele>386.000000</ele>
			</trkpt>
			<trkpt lat="49.315789" lon="14.497263">
				<ele>387.000000</ele>
			</trkpt>
			<trkpt lat="49.315742" lon="14.497227">
				<ele>387.000000</ele>
			</trkpt>
			<trkpt lat="49.315706" lon="14.497156">
				<ele>387.000000</ele>
			</trkpt>
			<trkpt lat="49.315595" lon="14.496716">
				<ele>390.000000</ele>
			</trkpt>
			<trkpt lat="49.315507" lon="14.496401">
				<ele>391.000000</ele>
			</trkpt>
			<trkpt lat="49.315408" lon="14.496114">
				<ele>392.000000</ele>
			</trkpt>
			<trkpt lat="49.315297" lon="14.495799">
				<ele>394.000000</ele>
			</trkpt>
			<trkpt lat="49.315162" lon="14.495485">
				<ele>395.000000</ele>
			</trkpt>
			<trkpt lat="49.315104" lon="14.495323">
				<ele>395.000000</ele>
			</trkpt>
			<trkpt lat="49.315086" lon="14.495152">
				<ele>395.000000</ele>
			</trkpt>
			<trkpt lat="49.315074" lon="14.495063">
				<ele>395.000000</ele>
			</trkpt>
			<trkpt lat="49.315086" lon="14.494963">
				<ele>395.000000</ele>
			</trkpt>
			<trkpt lat="49.315086" lon="14.494812">
				<ele>395.000000</ele>
			</trkpt>
			<trkpt lat="49.315086" lon="14.494703">
				<ele>395.000000</ele>
			</trkpt>
			<trkpt lat="49.315069" lon="14.494569">
				<ele>395.000000</ele>
			</trkpt>
			<trkpt lat="49.315039" lon="14.494426">
				<ele>395.000000</ele>
			</trkpt>
			<trkpt lat="49.315004" lon="14.494362">
				<ele>396.000000</ele>
			</trkpt>
			<trkpt lat="49.314963" lon="14.494307">
				<ele>396.000000</ele>
			</trkpt>
			<trkpt lat="49.314905" lon="14.494290">
				<ele>396.000000</ele>
			</trkpt>
			<trkpt lat="49.314828" lon="14.494307">
				<ele>396.000000</ele>
			</trkpt>
			<trkpt lat="49.314553" lon="14.494416">
				<ele>397.000000</ele>
			</trkpt>
			<trkpt lat="49.314471" lon="14.494434">
				<ele>398.000000</ele>
			</trkpt>
			<trkpt lat="49.314383" lon="14.494452">
				<ele>398.000000</ele>
			</trkpt>
			<trkpt lat="49.314301" lon="14.494434">
				<ele>398.000000</ele>
			</trkpt>
			<trkpt lat="49.314237" lon="14.494407">
				<ele>398.000000</ele>
			</trkpt>
			<trkpt lat="49.314167" lon="14.494371">
				<ele>399.000000</ele>
			</trkpt>
			<trkpt lat="49.314090" lon="14.494299">
				<ele>399.000000</ele>
			</trkpt>
			<trkpt lat="49.314096" lon="14.494173">
				<ele>399.000000</ele>
			</trkpt>
			<trkpt lat="49.314096" lon="14.494173">
				<ele>399.000000</ele>
			</trkpt>
			<trkpt lat="49.314202" lon="14.492673">
				<ele>398.000000</ele>
			</trkpt>
			<trkpt lat="49.314313" lon="14.491244">
				<ele>397.000000</ele>
			</trkpt>
			<trkpt lat="49.314348" lon="14.490661">
				<ele>397.000000</ele>
			</trkpt>
			<trkpt lat="49.314377" lon="14.489898">
				<ele>397.000000</ele>
			</trkpt>
			<trkpt lat="49.313516" lon="14.489835">
				<ele>399.000000</ele>
			</trkpt>
			<trkpt lat="49.312884" lon="14.489772">
				<ele>398.000000</ele>
			</trkpt>
			<trkpt lat="49.312814" lon="14.489762">
				<ele>397.000000</ele>
			</trkpt>
			<trkpt lat="49.312749" lon="14.489772">
				<ele>397.000000</ele>
			</trkpt>
			<trkpt lat="49.312696" lon="14.489789">
				<ele>397.000000</ele>
			</trkpt>
			<trkpt lat="49.312632" lon="14.489816">
				<ele>397.000000</ele>
			</trkpt>
			<trkpt lat="49.312498" lon="14.489898">
				<ele>397.000000</ele>
			</trkpt>
			<trkpt lat="49.312409" lon="14.489942">
				<ele>397.000000</ele>
			</trkpt>
			<trkpt lat="49.312328" lon="14.489969">
				<ele>397.000000</ele>
			</trkpt>
			<trkpt lat="49.312228" lon="14.489960">
				<ele>397.000000</ele>
			</trkpt>
			<trkpt lat="49.310986" lon="14.489835">
				<ele>399.000000</ele>
			</trkpt>
			<trkpt lat="49.310325" lon="14.489726">
				<ele>402.000000</ele>
			</trkpt>
			<trkpt lat="49.309206" lon="14.489592">
				<ele>407.000000</ele>
			</trkpt>
			<trkpt lat="49.308990" lon="14.489547">
				<ele>408.000000</ele>
			</trkpt>
			<trkpt lat="49.308902" lon="14.489520">
				<ele>408.000000</ele>
			</trkpt>
			<trkpt lat="49.308808" lon="14.489493">
				<ele>408.000000</ele>
			</trkpt>
			<trkpt lat="49.308726" lon="14.489430">
				<ele>409.000000</ele>
			</trkpt>
			<trkpt lat="49.308621" lon="14.489332">
				<ele>410.000000</ele>
			</trkpt>
			<trkpt lat="49.308503" lon="14.489223">
				<ele>411.000000</ele>
			</trkpt>
			<trkpt lat="49.308392" lon="14.489143">
				<ele>412.000000</ele>
			</trkpt>
			<trkpt lat="49.308082" lon="14.488973">
				<ele>413.000000</ele>
			</trkpt>
			<trkpt lat="49.308005" lon="14.488918">
				<ele>414.000000</ele>
			</trkpt>
			<trkpt lat="49.307935" lon="14.488847">
				<ele>415.000000</ele>
			</trkpt>
			<trkpt lat="49.307871" lon="14.488766">
				<ele>415.000000</ele>
			</trkpt>
			<trkpt lat="49.307806" lon="14.488657">
				<ele>416.000000</ele>
			</trkpt>
			<trkpt lat="49.307760" lon="14.488487">
				<ele>418.000000</ele>
			</trkpt>
			<trkpt lat="49.307718" lon="14.488344">
				<ele>419.000000</ele>
			</trkpt>
			<trkpt lat="49.307630" lon="14.487876">
				<ele>420.000000</ele>
			</trkpt>
			<trkpt lat="49.307437" lon="14.487804">
				<ele>420.000000</ele>
			</trkpt>
			<trkpt lat="49.307291" lon="14.487778">
				<ele>420.000000</ele>
			</trkpt>
			<trkpt lat="49.307156" lon="14.487768">
				<ele>419.000000</ele>
			</trkpt>
			<trkpt lat="49.307010" lon="14.487795">
				<ele>418.000000</ele>
			</trkpt>
			<trkpt lat="49.306998" lon="14.487957">
				<ele>417.000000</ele>
			</trkpt>
			<trkpt lat="49.306940" lon="14.487965">
				<ele>417.000000</ele>
			</trkpt>
			<trkpt lat="49.306822" lon="14.487939">
				<ele>417.000000</ele>
			</trkpt>
			<trkpt lat="49.306547" lon="14.487894">
				<ele>416.000000</ele>
			</trkpt>
			<trkpt lat="49.305985" lon="14.487849">
				<ele>414.000000</ele>
			</trkpt>
			<trkpt lat="49.305809" lon="14.487822">
				<ele>413.000000</ele>
			</trkpt>
			<trkpt lat="49.305751" lon="14.487841">
				<ele>413.000000</ele>
			</trkpt>
			<trkpt lat="49.305698" lon="14.487868">
				<ele>411.000000</ele>
			</trkpt>
			<trkpt lat="49.305663" lon="14.487904">
				<ele>411.000000</ele>
			</trkpt>
			<trkpt lat="49.305645" lon="14.487965">
				<ele>410.000000</ele>
			</trkpt>
			<trkpt lat="49.305639" lon="14.488028">
				<ele>410.000000</ele>
			</trkpt>
			<trkpt lat="49.305645" lon="14.488128">
				<ele>409.000000</ele>
			</trkpt>
			<trkpt lat="49.305686" lon="14.488433">
				<ele>406.000000</ele>
			</trkpt>
			<trkpt lat="49.305692" lon="14.488703">
				<ele>404.000000</ele>
			</trkpt>
			<trkpt lat="49.305704" lon="14.489143">
				<ele>401.000000</ele>
			</trkpt>
			<trkpt lat="49.305704" lon="14.489457">
				<ele>399.000000</ele>
			</trkpt>
			<trkpt lat="49.305698" lon="14.489691">
				<ele>396.000000</ele>
			</trkpt>
			<trkpt lat="49.305663" lon="14.489942">
				<ele>394.000000</ele>
			</trkpt>
			<trkpt lat="49.305610" lon="14.490194">
				<ele>390.000000</ele>
			</trkpt>
			<trkpt lat="49.305575" lon="14.490347">
				<ele>387.000000</ele>
			</trkpt>
			<trkpt lat="49.305522" lon="14.490481">
				<ele>384.000000</ele>
			</trkpt>
			<trkpt lat="49.305469" lon="14.490589">
				<ele>381.000000</ele>
			</trkpt>
			<trkpt lat="49.305417" lon="14.490688">
				<ele>379.000000</ele>
			</trkpt>
			<trkpt lat="49.305352" lon="14.490760">
				<ele>376.000000</ele>
			</trkpt>
			<trkpt lat="49.305288" lon="14.490814">
				<ele>374.000000</ele>
			</trkpt>
			<trkpt lat="49.305212" lon="14.490841">
				<ele>373.000000</ele>
			</trkpt>
			<trkpt lat="49.305118" lon="14.490868">
				<ele>372.000000</ele>
			</trkpt>
			<trkpt lat="49.304726" lon="14.490940">
				<ele>370.000000</ele>
			</trkpt>
			<trkpt lat="49.303970" lon="14.491155">
				<ele>365.000000</ele>
			</trkpt>
			<trkpt lat="49.303800" lon="14.491181">
				<ele>366.000000</ele>
			</trkpt>
			<trkpt lat="49.303618" lon="14.491200">
				<ele>367.000000</ele>
			</trkpt>
			<trkpt lat="49.303402" lon="14.491200">
				<ele>368.000000</ele>
			</trkpt>
			<trkpt lat="49.303220" lon="14.491191">
				<ele>366.000000</ele>
			</trkpt>
			<trkpt lat="49.302986" lon="14.491128">
				<ele>366.000000</ele>
			</trkpt>
			<trkpt lat="49.302798" lon="14.491047">
				<ele>366.000000</ele>
			</trkpt>
			<trkpt lat="49.302564" lon="14.490921">
				<ele>364.000000</ele>
			</trkpt>
			<trkpt lat="49.302359" lon="14.490787">
				<ele>365.000000</ele>
			</trkpt>
			<trkpt lat="49.301744" lon="14.490328">
				<ele>366.000000</ele>
			</trkpt>
			<trkpt lat="49.301516" lon="14.490167">
				<ele>367.000000</ele>
			</trkpt>
			<trkpt lat="49.301310" lon="14.490041">
				<ele>367.000000</ele>
			</trkpt>
			<trkpt lat="49.301064" lon="14.489925">
				<ele>366.000000</ele>
			</trkpt>
			<trkpt lat="49.300420" lon="14.489745">
				<ele>363.000000</ele>
			</trkpt>
			<trkpt lat="49.300250" lon="14.489663">
				<ele>366.000000</ele>
			</trkpt>
			<trkpt lat="49.300051" lon="14.489573">
				<ele>368.000000</ele>
			</trkpt>
			<trkpt lat="49.299875" lon="14.489449">
				<ele>366.000000</ele>
			</trkpt>
			<trkpt lat="49.299752" lon="14.489412">
				<ele>364.000000</ele>
			</trkpt>
			<trkpt lat="49.299524" lon="14.489359">
				<ele>363.000000</ele>
			</trkpt>
			<trkpt lat="49.299407" lon="14.489305">
				<ele>362.000000</ele>
			</trkpt>
			<trkpt lat="49.299002" lon="14.489062">
				<ele>362.000000</ele>
			</trkpt>
			<trkpt lat="49.298680" lon="14.488900">
				<ele>361.000000</ele>
			</trkpt>
			<trkpt lat="49.298563" lon="14.488847">
				<ele>360.000000</ele>
			</trkpt>
			<trkpt lat="49.298334" lon="14.488793">
				<ele>359.000000</ele>
			</trkpt>
			<trkpt lat="49.298218" lon="14.488739">
				<ele>360.000000</ele>
			</trkpt>
			<trkpt lat="49.298083" lon="14.488586">
				<ele>359.000000</ele>
			</trkpt>
			<trkpt lat="49.297966" lon="14.488415">
				<ele>359.000000</ele>
			</trkpt>
			<trkpt lat="49.297878" lon="14.488244">
				<ele>360.000000</ele>
			</trkpt>
			<trkpt lat="49.297820" lon="14.488074">
				<ele>360.000000</ele>
			</trkpt>
			<trkpt lat="49.297790" lon="14.487876">
				<ele>359.000000</ele>
			</trkpt>
			<trkpt lat="49.297784" lon="14.487634">
				<ele>359.000000</ele>
			</trkpt>
			<trkpt lat="49.297837" lon="14.486107">
				<ele>359.000000</ele>
			</trkpt>
			<trkpt lat="49.297872" lon="14.485289">
				<ele>361.000000</ele>
			</trkpt>
			<trkpt lat="49.297749" lon="14.483556">
				<ele>363.000000</ele>
			</trkpt>
			<trkpt lat="49.297608" lon="14.482944">
				<ele>360.000000</ele>
			</trkpt>
			<trkpt lat="49.297526" lon="14.482217">
				<ele>363.000000</ele>
			</trkpt>
			<trkpt lat="49.297386" lon="14.481759">
				<ele>369.000000</ele>
			</trkpt>
			<trkpt lat="49.297022" lon="14.481049">
				<ele>363.000000</ele>
			</trkpt>
			<trkpt lat="49.296818" lon="14.480627">
				<ele>359.000000</ele>
			</trkpt>
			<trkpt lat="49.296700" lon="14.480321">
				<ele>359.000000</ele>
			</trkpt>
			<trkpt lat="49.296595" lon="14.479998">
				<ele>360.000000</ele>
			</trkpt>
			<trkpt lat="49.296513" lon="14.479585">
				<ele>359.000000</ele>
			</trkpt>
			<trkpt lat="49.296349" lon="14.478938">
				<ele>359.000000</ele>
			</trkpt>
			<trkpt lat="49.296255" lon="14.478470">
				<ele>359.000000</ele>
			</trkpt>
			<trkpt lat="49.296238" lon="14.478363">
				<ele>360.000000</ele>
			</trkpt>
			<trkpt lat="49.296238" lon="14.478264">
				<ele>360.000000</ele>
			</trkpt>
			<trkpt lat="49.296238" lon="14.478174">
				<ele>360.000000</ele>
			</trkpt>
			<trkpt lat="49.296255" lon="14.478084">
				<ele>361.000000</ele>
			</trkpt>
			<trkpt lat="49.296290" lon="14.478076">
				<ele>361.000000</ele>
			</trkpt>
			<trkpt lat="49.296337" lon="14.478103">
				<ele>362.000000</ele>
			</trkpt>
			<trkpt lat="49.296384" lon="14.478138">
				<ele>364.000000</ele>
			</trkpt>
			<trkpt lat="49.296425" lon="14.478193">
				<ele>365.000000</ele>
			</trkpt>
			<trkpt lat="49.296501" lon="14.478040">
				<ele>367.000000</ele>
			</trkpt>
			<trkpt lat="49.296572" lon="14.477950">
				<ele>369.000000</ele>
			</trkpt>
			<trkpt lat="49.296613" lon="14.477887">
				<ele>370.000000</ele>
			</trkpt>
			<trkpt lat="49.296642" lon="14.477807">
				<ele>372.000000</ele>
			</trkpt>
			<trkpt lat="49.296647" lon="14.477717">
				<ele>372.000000</ele>
			</trkpt>
			<trkpt lat="49.296642" lon="14.477537">
				<ele>373.000000</ele>
			</trkpt>
			<trkpt lat="49.296619" lon="14.477186">
				<ele>373.000000</ele>
			</trkpt>
			<trkpt lat="49.296630" lon="14.477069">
				<ele>374.000000</ele>
			</trkpt>
			<trkpt lat="49.296636" lon="14.476944">
				<ele>374.000000</ele>
			</trkpt>
			<trkpt lat="49.296665" lon="14.476765">
				<ele>374.000000</ele>
			</trkpt>
			<trkpt lat="49.296706" lon="14.476638">
				<ele>373.000000</ele>
			</trkpt>
			<trkpt lat="49.296759" lon="14.476512">
				<ele>373.000000</ele>
			</trkpt>
			<trkpt lat="49.296841" lon="14.476386">
				<ele>373.000000</ele>
			</trkpt>
			<trkpt lat="49.297022" lon="14.476153">
				<ele>374.000000</ele>
			</trkpt>
			<trkpt lat="49.297110" lon="14.476019">
				<ele>375.000000</ele>
			</trkpt>
			<trkpt lat="49.297233" lon="14.475812">
				<ele>377.000000</ele>
			</trkpt>
			<trkpt lat="49.297532" lon="14.475354">
				<ele>383.000000</ele>
			</trkpt>
			<trkpt lat="49.297591" lon="14.475254">
				<ele>383.000000</ele>
			</trkpt>
			<trkpt lat="49.297655" lon="14.475201">
				<ele>385.000000</ele>
			</trkpt>
			<trkpt lat="49.297737" lon="14.475174">
				<ele>388.000000</ele>
			</trkpt>
			<trkpt lat="49.297820" lon="14.475165">
				<ele>392.000000</ele>
			</trkpt>
			<trkpt lat="49.297690" lon="14.475444">
				<ele>394.000000</ele>
			</trkpt>
			<trkpt lat="49.297649" lon="14.475570">
				<ele>396.000000</ele>
			</trkpt>
			<trkpt lat="49.297620" lon="14.475677">
				<ele>396.000000</ele>
			</trkpt>
			<trkpt lat="49.297602" lon="14.475803">
				<ele>397.000000</ele>
			</trkpt>
			<trkpt lat="49.297579" lon="14.476000">
				<ele>398.000000</ele>
			</trkpt>
			<trkpt lat="49.297561" lon="14.476288">
				<ele>401.000000</ele>
			</trkpt>
			<trkpt lat="49.297573" lon="14.476476">
				<ele>402.000000</ele>
			</trkpt>
			<trkpt lat="49.297579" lon="14.476575">
				<ele>403.000000</ele>
			</trkpt>
			<trkpt lat="49.297608" lon="14.476675">
				<ele>404.000000</ele>
			</trkpt>
			<trkpt lat="49.297690" lon="14.476899">
				<ele>404.000000</ele>
			</trkpt>
			<trkpt lat="49.297820" lon="14.477824">
				<ele>405.000000</ele>
			</trkpt>
			<trkpt lat="49.297837" lon="14.477986">
				<ele>405.000000</ele>
			</trkpt>
			<trkpt lat="49.297866" lon="14.478067">
				<ele>405.000000</ele>
			</trkpt>
			<trkpt lat="49.297848" lon="14.478291">
				<ele>405.000000</ele>
			</trkpt>
			<trkpt lat="49.297848" lon="14.478552">
				<ele>405.000000</ele>
			</trkpt>
			<trkpt lat="49.297860" lon="14.478704">
				<ele>405.000000</ele>
			</trkpt>
			<trkpt lat="49.297889" lon="14.478866">
				<ele>406.000000</ele>
			</trkpt>
			<trkpt lat="49.297995" lon="14.478866">
				<ele>408.000000</ele>
			</trkpt>
			<trkpt lat="49.298094" lon="14.478920">
				<ele>410.000000</ele>
			</trkpt>
			<trkpt lat="49.298200" lon="14.478759">
				<ele>410.000000</ele>
			</trkpt>
			<trkpt lat="49.298212" lon="14.478740">
				<ele>410.000000</ele>
			</trkpt>
			<trkpt lat="49.298212" lon="14.478740">
				<ele>410.000000</ele>
			</trkpt>
			<trkpt lat="49.298311" lon="14.478560">
				<ele>410.000000</ele>
			</trkpt>
			<trkpt lat="49.298381" lon="14.478587">
				<ele>410.000000</ele>
			</trkpt>
			<trkpt lat="49.298446" lon="14.478596">
				<ele>411.000000</ele>
			</trkpt>
			<trkpt lat="49.298516" lon="14.478570">
				<ele>411.000000</ele>
			</trkpt>
			<trkpt lat="49.298604" lon="14.478533">
				<ele>411.000000</ele>
			</trkpt>
			<trkpt lat="49.298874" lon="14.478346">
				<ele>412.000000</ele>
			</trkpt>
			<trkpt lat="49.299055" lon="14.478193">
				<ele>413.000000</ele>
			</trkpt>
			<trkpt lat="49.299641" lon="14.477375">
				<ele>415.000000</ele>
			</trkpt>
			<trkpt lat="49.299822" lon="14.477275">
				<ele>415.000000</ele>
			</trkpt>
			<trkpt lat="49.299922" lon="14.477214">
				<ele>415.000000</ele>
			</trkpt>
			<trkpt lat="49.299910" lon="14.476908">
				<ele>415.000000</ele>
			</trkpt>
			<trkpt lat="49.299899" lon="14.476719">
				<ele>415.000000</ele>
			</trkpt>
			<trkpt lat="49.299875" lon="14.476549">
				<ele>415.000000</ele>
			</trkpt>
			<trkpt lat="49.299835" lon="14.476396">
				<ele>414.000000</ele>
			</trkpt>
			<trkpt lat="49.299700" lon="14.475902">
				<ele>413.000000</ele>
			</trkpt>
			<trkpt lat="49.299670" lon="14.475767">
				<ele>413.000000</ele>
			</trkpt>
			<trkpt lat="49.299653" lon="14.475633">
				<ele>413.000000</ele>
			</trkpt>
			<trkpt lat="49.299653" lon="14.475497">
				<ele>413.000000</ele>
			</trkpt>
			<trkpt lat="49.299664" lon="14.475371">
				<ele>413.000000</ele>
			</trkpt>
			<trkpt lat="49.299682" lon="14.475273">
				<ele>413.000000</ele>
			</trkpt>
			<trkpt lat="49.299706" lon="14.475165">
				<ele>413.000000</ele>
			</trkpt>
			<trkpt lat="49.299811" lon="14.474778">
				<ele>413.000000</ele>
			</trkpt>
			<trkpt lat="49.299893" lon="14.474419">
				<ele>411.000000</ele>
			</trkpt>
			<trkpt lat="49.299951" lon="14.474042">
				<ele>411.000000</ele>
			</trkpt>
			<trkpt lat="49.299981" lon="14.473836">
				<ele>410.000000</ele>
			</trkpt>
			<trkpt lat="49.299975" lon="14.473629">
				<ele>410.000000</ele>
			</trkpt>
			<trkpt lat="49.299987" lon="14.473522">
				<ele>411.000000</ele>
			</trkpt>
			<trkpt lat="49.299993" lon="14.473440">
				<ele>411.000000</ele>
			</trkpt>
			<trkpt lat="49.300004" lon="14.473359">
				<ele>411.000000</ele>
			</trkpt>
			<trkpt lat="49.300040" lon="14.473279">
				<ele>412.000000</ele>
			</trkpt>
			<trkpt lat="49.300086" lon="14.473180">
				<ele>412.000000</ele>
			</trkpt>
			<trkpt lat="49.299910" lon="14.472956">
				<ele>411.000000</ele>
			</trkpt>
			<trkpt lat="49.299126" lon="14.471949">
				<ele>410.000000</ele>
			</trkpt>
			<trkpt lat="49.298698" lon="14.471392">
				<ele>409.000000</ele>
			</trkpt>
			<trkpt lat="49.298452" lon="14.471059">
				<ele>409.000000</ele>
			</trkpt>
			<trkpt lat="49.297966" lon="14.470404">
				<ele>409.000000</ele>
			</trkpt>
			<trkpt lat="49.297778" lon="14.470090">
				<ele>408.000000</ele>
			</trkpt>
			<trkpt lat="49.297555" lon="14.469694">
				<ele>408.000000</ele>
			</trkpt>
			<trkpt lat="49.297268" lon="14.469146">
				<ele>408.000000</ele>
			</trkpt>
			<trkpt lat="49.297134" lon="14.468859">
				<ele>408.000000</ele>
			</trkpt>
			<trkpt lat="49.297022" lon="14.468742">
				<ele>408.000000</ele>
			</trkpt>
			<trkpt lat="49.296906" lon="14.468670">
				<ele>408.000000</ele>
			</trkpt>
			<trkpt lat="49.296771" lon="14.468635">
				<ele>408.000000</ele>
			</trkpt>
			<trkpt lat="49.296566" lon="14.468608">
				<ele>408.000000</ele>
			</trkpt>
			<trkpt lat="49.295780" lon="14.468589">
				<ele>408.000000</ele>
			</trkpt>
			<trkpt lat="49.295564" lon="14.468589">
				<ele>407.000000</ele>
			</trkpt>
			<trkpt lat="49.295365" lon="14.468580">
				<ele>406.000000</ele>
			</trkpt>
			<trkpt lat="49.295189" lon="14.468572">
				<ele>406.000000</ele>
			</trkpt>
			<trkpt lat="49.294978" lon="14.468526">
				<ele>404.000000</ele>
			</trkpt>
			<trkpt lat="49.294861" lon="14.468490">
				<ele>403.000000</ele>
			</trkpt>
			<trkpt lat="49.294755" lon="14.468419">
				<ele>403.000000</ele>
			</trkpt>
			<trkpt lat="49.294673" lon="14.468338">
				<ele>402.000000</ele>
			</trkpt>
			<trkpt lat="49.294609" lon="14.468248">
				<ele>402.000000</ele>
			</trkpt>
			<trkpt lat="49.294609" lon="14.468248">
				<ele>402.000000</ele>
			</trkpt>
			<trkpt lat="49.294609" lon="14.468248">
				<ele>402.000000</ele>
			</trkpt>
			<trkpt lat="49.294591" lon="14.468185">
				<ele>401.000000</ele>
			</trkpt>
			<trkpt lat="49.294562" lon="14.468122">
				<ele>401.000000</ele>
			</trkpt>
			<trkpt lat="49.294538" lon="14.467943">
				<ele>401.000000</ele>
			</trkpt>
			<trkpt lat="49.294632" lon="14.467269">
				<ele>397.000000</ele>
			</trkpt>
			<trkpt lat="49.294369" lon="14.467090">
				<ele>397.000000</ele>
			</trkpt>
			<trkpt lat="49.294193" lon="14.466981">
				<ele>396.000000</ele>
			</trkpt>
			<trkpt lat="49.294076" lon="14.466918">
				<ele>394.000000</ele>
			</trkpt>
			<trkpt lat="49.293935" lon="14.466874">
				<ele>394.000000</ele>
			</trkpt>
			<trkpt lat="49.293777" lon="14.466874">
				<ele>393.000000</ele>
			</trkpt>
			<trkpt lat="49.293595" lon="14.466882">
				<ele>392.000000</ele>
			</trkpt>
			<trkpt lat="49.293443" lon="14.466864">
				<ele>391.000000</ele>
			</trkpt>
			<trkpt lat="49.293279" lon="14.466828">
				<ele>388.000000</ele>
			</trkpt>
			<trkpt lat="49.293103" lon="14.466748">
				<ele>384.000000</ele>
			</trkpt>
			<trkpt lat="49.293010" lon="14.466704">
				<ele>385.000000</ele>
			</trkpt>
			<trkpt lat="49.292927" lon="14.466712">
				<ele>387.000000</ele>
			</trkpt>
			<trkpt lat="49.292869" lon="14.466712">
				<ele>387.000000</ele>
			</trkpt>
			<trkpt lat="49.292804" lon="14.466738">
				<ele>388.000000</ele>
			</trkpt>
			<trkpt lat="49.292705" lon="14.466811">
				<ele>388.000000</ele>
			</trkpt>
			<trkpt lat="49.292652" lon="14.466847">
				<ele>388.000000</ele>
			</trkpt>
			<trkpt lat="49.292605" lon="14.466918">
				<ele>388.000000</ele>
			</trkpt>
			<trkpt lat="49.292511" lon="14.467098">
				<ele>388.000000</ele>
			</trkpt>
			<trkpt lat="49.292400" lon="14.467304">
				<ele>388.000000</ele>
			</trkpt>
			<trkpt lat="49.292324" lon="14.467430">
				<ele>389.000000</ele>
			</trkpt>
			<trkpt lat="49.292242" lon="14.467530">
				<ele>389.000000</ele>
			</trkpt>
			<trkpt lat="49.292148" lon="14.467566">
				<ele>387.000000</ele>
			</trkpt>
			<trkpt lat="49.291943" lon="14.467637">
				<ele>386.000000</ele>
			</trkpt>
			<trkpt lat="49.291803" lon="14.467656">
				<ele>386.000000</ele>
			</trkpt>
			<trkpt lat="49.291662" lon="14.467673">
				<ele>386.000000</ele>
			</trkpt>
			<trkpt lat="49.291662" lon="14.467673">
				<ele>386.000000</ele>
			</trkpt>
			<trkpt lat="49.291656" lon="14.467673">
				<ele>386.000000</ele>
			</trkpt>
			<trkpt lat="49.291469" lon="14.467646">
				<ele>385.000000</ele>
			</trkpt>
			<trkpt lat="49.291351" lon="14.467628">
				<ele>385.000000</ele>
			</trkpt>
			<trkpt lat="49.291270" lon="14.467610">
				<ele>386.000000</ele>
			</trkpt>
			<trkpt lat="49.291187" lon="14.467566">
				<ele>385.000000</ele>
			</trkpt>
			<trkpt lat="49.291105" lon="14.467530">
				<ele>387.000000</ele>
			</trkpt>
			<trkpt lat="49.291047" lon="14.467457">
				<ele>386.000000</ele>
			</trkpt>
			<trkpt lat="49.290964" lon="14.467359">
				<ele>386.000000</ele>
			</trkpt>
			<trkpt lat="49.290900" lon="14.467269">
				<ele>387.000000</ele>
			</trkpt>
			<trkpt lat="49.290824" lon="14.467125">
				<ele>385.000000</ele>
			</trkpt>
			<trkpt lat="49.290771" lon="14.467044">
				<ele>386.000000</ele>
			</trkpt>
			<trkpt lat="49.290701" lon="14.466981">
				<ele>385.000000</ele>
			</trkpt>
			<trkpt lat="49.290631" lon="14.466937">
				<ele>385.000000</ele>
			</trkpt>
			<trkpt lat="49.290555" lon="14.466954">
				<ele>384.000000</ele>
			</trkpt>
			<trkpt lat="49.290514" lon="14.466981">
				<ele>384.000000</ele>
			</trkpt>
			<trkpt lat="49.290455" lon="14.467027">
				<ele>383.000000</ele>
			</trkpt>
			<trkpt lat="49.290414" lon="14.467090">
				<ele>383.000000</ele>
			</trkpt>
			<trkpt lat="49.290361" lon="14.467180">
				<ele>383.000000</ele>
			</trkpt>
			<trkpt lat="49.290279" lon="14.467188">
				<ele>381.000000</ele>
			</trkpt>
			<trkpt lat="49.290215" lon="14.467241">
				<ele>380.000000</ele>
			</trkpt>
			<trkpt lat="49.290150" lon="14.467314">
				<ele>380.000000</ele>
			</trkpt>
			<trkpt lat="49.290097" lon="14.467440">
				<ele>379.000000</ele>
			</trkpt>
			<trkpt lat="49.290057" lon="14.467511">
				<ele>378.000000</ele>
			</trkpt>
			<trkpt lat="49.290022" lon="14.467547">
				<ele>377.000000</ele>
			</trkpt>
			<trkpt lat="49.289992" lon="14.467574">
				<ele>376.000000</ele>
			</trkpt>
			<trkpt lat="49.289963" lon="14.467547">
				<ele>375.000000</ele>
			</trkpt>
			<trkpt lat="49.289945" lon="14.467493">
				<ele>374.000000</ele>
			</trkpt>
			<trkpt lat="49.289939" lon="14.467457">
				<ele>373.000000</ele>
			</trkpt>
			<trkpt lat="49.289975" lon="14.467278">
				<ele>374.000000</ele>
			</trkpt>
			<trkpt lat="49.290080" lon="14.466765">
				<ele>373.000000</ele>
			</trkpt>
			<trkpt lat="49.290291" lon="14.465868">
				<ele>365.000000</ele>
			</trkpt>
			<trkpt lat="49.290209" lon="14.465832">
				<ele>363.000000</ele>
			</trkpt>
			<trkpt lat="49.290174" lon="14.465840">
				<ele>362.000000</ele>
			</trkpt>
			<trkpt lat="49.290138" lon="14.465868">
				<ele>362.000000</ele>
			</trkpt>
			<trkpt lat="49.290068" lon="14.465939">
				<ele>361.000000</ele>
			</trkpt>
			<trkpt lat="49.290010" lon="14.466012">
				<ele>361.000000</ele>
			</trkpt>
			<trkpt lat="49.289969" lon="14.466083">
				<ele>361.000000</ele>
			</trkpt>
			<trkpt lat="49.289916" lon="14.466191">
				<ele>361.000000</ele>
			</trkpt>
			<trkpt lat="49.289799" lon="14.466442">
				<ele>360.000000</ele>
			</trkpt>
			<trkpt lat="49.289746" lon="14.466577">
				<ele>360.000000</ele>
			</trkpt>
			<trkpt lat="49.289699" lon="14.466712">
				<ele>360.000000</ele>
			</trkpt>
			<trkpt lat="49.289676" lon="14.466882">
				<ele>361.000000</ele>
			</trkpt>
			<trkpt lat="49.289611" lon="14.467278">
				<ele>361.000000</ele>
			</trkpt>
			<trkpt lat="49.289588" lon="14.467566">
				<ele>359.000000</ele>
			</trkpt>
			<trkpt lat="49.289570" lon="14.467870">
				<ele>358.000000</ele>
			</trkpt>
			<trkpt lat="49.289564" lon="14.468239">
				<ele>357.000000</ele>
			</trkpt>
			<trkpt lat="49.289547" lon="14.468419">
				<ele>357.000000</ele>
			</trkpt>
			<trkpt lat="49.289547" lon="14.468428">
				<ele>357.000000</ele>
			</trkpt>
			<trkpt lat="49.289547" lon="14.468428">
				<ele>357.000000</ele>
			</trkpt>
			<trkpt lat="49.289517" lon="14.468535">
				<ele>357.000000</ele>
			</trkpt>
			<trkpt lat="49.289476" lon="14.468652">
				<ele>356.000000</ele>
			</trkpt>
			<trkpt lat="49.289289" lon="14.469029">
				<ele>357.000000</ele>
			</trkpt>
			<trkpt lat="49.289207" lon="14.469164">
				<ele>358.000000</ele>
			</trkpt>
			<trkpt lat="49.289055" lon="14.469415">
				<ele>358.000000</ele>
			</trkpt>
			<trkpt lat="49.288996" lon="14.469497">
				<ele>358.000000</ele>
			</trkpt>
			<trkpt lat="49.288914" lon="14.469568">
				<ele>358.000000</ele>
			</trkpt>
			<trkpt lat="49.288644" lon="14.469793">
				<ele>358.000000</ele>
			</trkpt>
			<trkpt lat="49.288463" lon="14.469901">
				<ele>358.000000</ele>
			</trkpt>
			<trkpt lat="49.288375" lon="14.469946">
				<ele>358.000000</ele>
			</trkpt>
			<trkpt lat="49.288293" lon="14.469964">
				<ele>358.000000</ele>
			</trkpt>
			<trkpt lat="49.288223" lon="14.469964">
				<ele>359.000000</ele>
			</trkpt>
			<trkpt lat="49.288158" lon="14.469946">
				<ele>359.000000</ele>
			</trkpt>
			<trkpt lat="49.287771" lon="14.470027">
				<ele>359.000000</ele>
			</trkpt>
			<trkpt lat="49.287654" lon="14.470036">
				<ele>359.000000</ele>
			</trkpt>
			<trkpt lat="49.287537" lon="14.470036">
				<ele>359.000000</ele>
			</trkpt>
			<trkpt lat="49.287420" lon="14.470027">
				<ele>358.000000</ele>
			</trkpt>
			<trkpt lat="49.287315" lon="14.470000">
				<ele>358.000000</ele>
			</trkpt>
			<trkpt lat="49.287185" lon="14.469964">
				<ele>358.000000</ele>
			</trkpt>
			<trkpt lat="49.287069" lon="14.469910">
				<ele>358.000000</ele>
			</trkpt>
			<trkpt lat="49.286846" lon="14.469757">
				<ele>358.000000</ele>
			</trkpt>
			<trkpt lat="49.286635" lon="14.469578">
				<ele>358.000000</ele>
			</trkpt>
			<trkpt lat="49.286400" lon="14.469281">
				<ele>358.000000</ele>
			</trkpt>
			<trkpt lat="49.286201" lon="14.468985">
				<ele>358.000000</ele>
			</trkpt>
			<trkpt lat="49.285914" lon="14.468526">
				<ele>358.000000</ele>
			</trkpt>
			<trkpt lat="49.285680" lon="14.468185">
				<ele>357.000000</ele>
			</trkpt>
			<trkpt lat="49.285556" lon="14.468014">
				<ele>357.000000</ele>
			</trkpt>
			<trkpt lat="49.285469" lon="14.467835">
				<ele>357.000000</ele>
			</trkpt>
			<trkpt lat="49.285369" lon="14.467610">
				<ele>356.000000</ele>
			</trkpt>
			<trkpt lat="49.285304" lon="14.467421">
				<ele>357.000000</ele>
			</trkpt>
			<trkpt lat="49.285257" lon="14.467260">
				<ele>357.000000</ele>
			</trkpt>
			<trkpt lat="49.285188" lon="14.467054">
				<ele>357.000000</ele>
			</trkpt>
			<trkpt lat="49.284895" lon="14.466352">
				<ele>359.000000</ele>
			</trkpt>
			<trkpt lat="49.284748" lon="14.466056">
				<ele>364.000000</ele>
			</trkpt>
			<trkpt lat="49.284596" lon="14.465796">
				<ele>366.000000</ele>
			</trkpt>
			<trkpt lat="49.284431" lon="14.465589">
				<ele>367.000000</ele>
			</trkpt>
			<trkpt lat="49.284332" lon="14.465482">
				<ele>366.000000</ele>
			</trkpt>
			<trkpt lat="49.284232" lon="14.465383">
				<ele>366.000000</ele>
			</trkpt>
			<trkpt lat="49.284050" lon="14.465239">
				<ele>365.000000</ele>
			</trkpt>
			<trkpt lat="49.283828" lon="14.465086">
				<ele>364.000000</ele>
			</trkpt>
			<trkpt lat="49.282996" lon="14.464646">
				<ele>361.000000</ele>
			</trkpt>
			<trkpt lat="49.282925" lon="14.464591">
				<ele>360.000000</ele>
			</trkpt>
			<trkpt lat="49.282726" lon="14.464412">
				<ele>361.000000</ele>
			</trkpt>
			<trkpt lat="49.282539" lon="14.464205">
				<ele>361.000000</ele>
			</trkpt>
			<trkpt lat="49.282357" lon="14.463964">
				<ele>360.000000</ele>
			</trkpt>
			<trkpt lat="49.282047" lon="14.463522">
				<ele>358.000000</ele>
			</trkpt>
			<trkpt lat="49.281027" lon="14.462077">
				<ele>356.000000</ele>
			</trkpt>
			<trkpt lat="49.280781" lon="14.461708">
				<ele>356.000000</ele>
			</trkpt>
			<trkpt lat="49.280564" lon="14.461367">
				<ele>357.000000</ele>
			</trkpt>
			<trkpt lat="49.280494" lon="14.461277">
				<ele>357.000000</ele>
			</trkpt>
			<trkpt lat="49.280417" lon="14.461178">
				<ele>357.000000</ele>
			</trkpt>
			<trkpt lat="49.280049" lon="14.460765">
				<ele>361.000000</ele>
			</trkpt>
			<trkpt lat="49.279966" lon="14.460675">
				<ele>360.000000</ele>
			</trkpt>
			<trkpt lat="49.279884" lon="14.460549">
				<ele>361.000000</ele>
			</trkpt>
			<trkpt lat="49.279796" lon="14.460388">
				<ele>361.000000</ele>
			</trkpt>
			<trkpt lat="49.279703" lon="14.460209">
				<ele>361.000000</ele>
			</trkpt>
			<trkpt lat="49.279621" lon="14.460029">
				<ele>360.000000</ele>
			</trkpt>
			<trkpt lat="49.279556" lon="14.459857">
				<ele>360.000000</ele>
			</trkpt>
			<trkpt lat="49.279503" lon="14.459660">
				<ele>361.000000</ele>
			</trkpt>
			<trkpt lat="49.279474" lon="14.459570">
				<ele>361.000000</ele>
			</trkpt>
			<trkpt lat="49.279450" lon="14.459364">
				<ele>363.000000</ele>
			</trkpt>
			<trkpt lat="49.279421" lon="14.459247">
				<ele>363.000000</ele>
			</trkpt>
			<trkpt lat="49.279292" lon="14.458870">
				<ele>360.000000</ele>
			</trkpt>
			<trkpt lat="49.279181" lon="14.458465">
				<ele>358.000000</ele>
			</trkpt>
			<trkpt lat="49.279081" lon="14.458043">
				<ele>357.000000</ele>
			</trkpt>
			<trkpt lat="49.278853" lon="14.457073">
				<ele>356.000000</ele>
			</trkpt>
			<trkpt lat="49.278806" lon="14.456876">
				<ele>356.000000</ele>
			</trkpt>
			<trkpt lat="49.278759" lon="14.456660">
				<ele>355.000000</ele>
			</trkpt>
			<trkpt lat="49.278712" lon="14.456435">
				<ele>355.000000</ele>
			</trkpt>
			<trkpt lat="49.278689" lon="14.456220">
				<ele>355.000000</ele>
			</trkpt>
			<trkpt lat="49.278659" lon="14.456014">
				<ele>356.000000</ele>
			</trkpt>
			<trkpt lat="49.278648" lon="14.455806">
				<ele>355.000000</ele>
			</trkpt>
			<trkpt lat="49.278636" lon="14.455618">
				<ele>355.000000</ele>
			</trkpt>
			<trkpt lat="49.278648" lon="14.455411">
				<ele>355.000000</ele>
			</trkpt>
			<trkpt lat="49.278653" lon="14.455213">
				<ele>355.000000</ele>
			</trkpt>
			<trkpt lat="49.278683" lon="14.455025">
				<ele>356.000000</ele>
			</trkpt>
			<trkpt lat="49.278706" lon="14.454827">
				<ele>356.000000</ele>
			</trkpt>
			<trkpt lat="49.278742" lon="14.454639">
				<ele>356.000000</ele>
			</trkpt>
			<trkpt lat="49.278806" lon="14.454377">
				<ele>356.000000</ele>
			</trkpt>
			<trkpt lat="49.278858" lon="14.454180">
				<ele>356.000000</ele>
			</trkpt>
			<trkpt lat="49.278935" lon="14.453920">
				<ele>356.000000</ele>
			</trkpt>
			<trkpt lat="49.279104" lon="14.453435">
				<ele>355.000000</ele>
			</trkpt>
			<trkpt lat="49.279363" lon="14.452896">
				<ele>356.000000</ele>
			</trkpt>
			<trkpt lat="49.279416" lon="14.452735">
				<ele>356.000000</ele>
			</trkpt>
			<trkpt lat="49.279450" lon="14.452599">
				<ele>356.000000</ele>
			</trkpt>
			<trkpt lat="49.279462" lon="14.452446">
				<ele>357.000000</ele>
			</trkpt>
			<trkpt lat="49.279468" lon="14.452267">
				<ele>357.000000</ele>
			</trkpt>
			<trkpt lat="49.279468" lon="14.452096">
				<ele>357.000000</ele>
			</trkpt>
			<trkpt lat="49.279450" lon="14.451907">
				<ele>358.000000</ele>
			</trkpt>
			<trkpt lat="49.279403" lon="14.451593">
				<ele>358.000000</ele>
			</trkpt>
			<trkpt lat="49.279263" lon="14.450838">
				<ele>356.000000</ele>
			</trkpt>
			<trkpt lat="49.279210" lon="14.450506">
				<ele>357.000000</ele>
			</trkpt>
			<trkpt lat="49.279181" lon="14.450272">
				<ele>356.000000</ele>
			</trkpt>
			<trkpt lat="49.279163" lon="14.450058">
				<ele>356.000000</ele>
			</trkpt>
			<trkpt lat="49.279151" lon="14.449653">
				<ele>357.000000</ele>
			</trkpt>
			<trkpt lat="49.279146" lon="14.449330">
				<ele>356.000000</ele>
			</trkpt>
			<trkpt lat="49.279187" lon="14.448458">
				<ele>357.000000</ele>
			</trkpt>
			<trkpt lat="49.279187" lon="14.448188">
				<ele>357.000000</ele>
			</trkpt>
			<trkpt lat="49.279187" lon="14.447892">
				<ele>357.000000</ele>
			</trkpt>
			<trkpt lat="49.279175" lon="14.447676">
				<ele>356.000000</ele>
			</trkpt>
			<trkpt lat="49.279163" lon="14.445377">
				<ele>357.000000</ele>
			</trkpt>
			<trkpt lat="49.279123" lon="14.445171">
				<ele>356.000000</ele>
			</trkpt>
			<trkpt lat="49.279093" lon="14.444999">
				<ele>356.000000</ele>
			</trkpt>
			<trkpt lat="49.279035" lon="14.444389">
				<ele>356.000000</ele>
			</trkpt>
			<trkpt lat="49.279005" lon="14.444156">
				<ele>356.000000</ele>
			</trkpt>
			<trkpt lat="49.278941" lon="14.443716">
				<ele>358.000000</ele>
			</trkpt>
			<trkpt lat="49.278858" lon="14.443347">
				<ele>358.000000</ele>
			</trkpt>
			<trkpt lat="49.278765" lon="14.443050">
				<ele>357.000000</ele>
			</trkpt>
			<trkpt lat="49.278724" lon="14.442817">
				<ele>357.000000</ele>
			</trkpt>
			<trkpt lat="49.278677" lon="14.442584">
				<ele>357.000000</ele>
			</trkpt>
			<trkpt lat="49.278618" lon="14.442224">
				<ele>356.000000</ele>
			</trkpt>
			<trkpt lat="49.278554" lon="14.441729">
				<ele>356.000000</ele>
			</trkpt>
			<trkpt lat="49.278490" lon="14.441263">
				<ele>356.000000</ele>
			</trkpt>
			<trkpt lat="49.278425" lon="14.440840">
				<ele>357.000000</ele>
			</trkpt>
			<trkpt lat="49.278349" lon="14.440481">
				<ele>357.000000</ele>
			</trkpt>
			<trkpt lat="49.278267" lon="14.440140">
				<ele>357.000000</ele>
			</trkpt>
			<trkpt lat="49.278179" lon="14.439781">
				<ele>357.000000</ele>
			</trkpt>
			<trkpt lat="49.278056" lon="14.439412">
				<ele>356.000000</ele>
			</trkpt>
			<trkpt lat="49.277927" lon="14.439026">
				<ele>357.000000</ele>
			</trkpt>
			<trkpt lat="49.277810" lon="14.438819">
				<ele>356.000000</ele>
			</trkpt>
			<trkpt lat="49.277745" lon="14.438684">
				<ele>356.000000</ele>
			</trkpt>
			<trkpt lat="49.277704" lon="14.438523">
				<ele>356.000000</ele>
			</trkpt>
			<trkpt lat="49.277675" lon="14.438334">
				<ele>357.000000</ele>
			</trkpt>
			<trkpt lat="49.277663" lon="14.438154">
				<ele>358.000000</ele>
			</trkpt>
			<trkpt lat="49.277640" lon="14.438056">
				<ele>358.000000</ele>
			</trkpt>
			<trkpt lat="49.277593" lon="14.437903">
				<ele>357.000000</ele>
			</trkpt>
			<trkpt lat="49.277528" lon="14.437741">
				<ele>358.000000</ele>
			</trkpt>
			<trkpt lat="49.277452" lon="14.437580">
				<ele>358.000000</ele>
			</trkpt>
			<trkpt lat="49.277370" lon="14.437427">
				<ele>360.000000</ele>
			</trkpt>
			<trkpt lat="49.277294" lon="14.437292">
				<ele>362.000000</ele>
			</trkpt>
			<trkpt lat="49.277194" lon="14.437139">
				<ele>365.000000</ele>
			</trkpt>
			<trkpt lat="49.277095" lon="14.437014">
				<ele>367.000000</ele>
			</trkpt>
			<trkpt lat="49.276995" lon="14.436924">
				<ele>367.000000</ele>
			</trkpt>
			<trkpt lat="49.276854" lon="14.436771">
				<ele>366.000000</ele>
			</trkpt>
			<trkpt lat="49.276532" lon="14.436420">
				<ele>361.000000</ele>
			</trkpt>
			<trkpt lat="49.276462" lon="14.436340">
				<ele>359.000000</ele>
			</trkpt>
			<trkpt lat="49.276263" lon="14.436034">
				<ele>359.000000</ele>
			</trkpt>
			<trkpt lat="49.276098" lon="14.435774">
				<ele>358.000000</ele>
			</trkpt>
			<trkpt lat="49.275870" lon="14.435496">
				<ele>357.000000</ele>
			</trkpt>
			<trkpt lat="49.275817" lon="14.435406">
				<ele>357.000000</ele>
			</trkpt>
			<trkpt lat="49.275770" lon="14.435324">
				<ele>357.000000</ele>
			</trkpt>
			<trkpt lat="49.275682" lon="14.435082">
				<ele>358.000000</ele>
			</trkpt>
			<trkpt lat="49.275641" lon="14.434984">
				<ele>358.000000</ele>
			</trkpt>
			<trkpt lat="49.275600" lon="14.434902">
				<ele>358.000000</ele>
			</trkpt>
			<trkpt lat="49.275571" lon="14.434858">
				<ele>358.000000</ele>
			</trkpt>
			<trkpt lat="49.275571" lon="14.434858">
				<ele>358.000000</ele>
			</trkpt>
			<trkpt lat="49.275536" lon="14.434804">
				<ele>357.000000</ele>
			</trkpt>
			<trkpt lat="49.275436" lon="14.434714">
				<ele>356.000000</ele>
			</trkpt>
			<trkpt lat="49.275219" lon="14.434561">
				<ele>356.000000</ele>
			</trkpt>
			<trkpt lat="49.275084" lon="14.434454">
				<ele>356.000000</ele>
			</trkpt>
			<trkpt lat="49.274967" lon="14.434336">
				<ele>355.000000</ele>
			</trkpt>
			<trkpt lat="49.274867" lon="14.434192">
				<ele>356.000000</ele>
			</trkpt>
			<trkpt lat="49.274674" lon="14.433869">
				<ele>356.000000</ele>
			</trkpt>
			<trkpt lat="49.274610" lon="14.433789">
				<ele>356.000000</ele>
			</trkpt>
			<trkpt lat="49.274539" lon="14.433708">
				<ele>356.000000</ele>
			</trkpt>
			<trkpt lat="49.274404" lon="14.433573">
				<ele>356.000000</ele>
			</trkpt>
			<trkpt lat="49.274287" lon="14.433474">
				<ele>356.000000</ele>
			</trkpt>
			<trkpt lat="49.274176" lon="14.433393">
				<ele>355.000000</ele>
			</trkpt>
			<trkpt lat="49.274041" lon="14.433322">
				<ele>355.000000</ele>
			</trkpt>
			<trkpt lat="49.273906" lon="14.433259">
				<ele>355.000000</ele>
			</trkpt>
			<trkpt lat="49.273824" lon="14.433204">
				<ele>355.000000</ele>
			</trkpt>
			<trkpt lat="49.273754" lon="14.433133">
				<ele>355.000000</ele>
			</trkpt>
			<trkpt lat="49.273672" lon="14.433043">
				<ele>354.000000</ele>
			</trkpt>
			<trkpt lat="49.273525" lon="14.432810">
				<ele>354.000000</ele>
			</trkpt>
			<trkpt lat="49.273373" lon="14.432548">
				<ele>355.000000</ele>
			</trkpt>
			<trkpt lat="49.273220" lon="14.432252">
				<ele>355.000000</ele>
			</trkpt>
			<trkpt lat="49.273080" lon="14.432019">
				<ele>355.000000</ele>
			</trkpt>
			<trkpt lat="49.272939" lon="14.431785">
				<ele>356.000000</ele>
			</trkpt>
			<trkpt lat="49.272740" lon="14.431498">
				<ele>355.000000</ele>
			</trkpt>
			<trkpt lat="49.272540" lon="14.431255">
				<ele>356.000000</ele>
			</trkpt>
			<trkpt lat="49.272447" lon="14.431156">
				<ele>356.000000</ele>
			</trkpt>
			<trkpt lat="49.272347" lon="14.431066">
				<ele>356.000000</ele>
			</trkpt>
			<trkpt lat="49.272195" lon="14.430959">
				<ele>356.000000</ele>
			</trkpt>
			<trkpt lat="49.271978" lon="14.430806">
				<ele>356.000000</ele>
			</trkpt>
			<trkpt lat="49.271409" lon="14.430464">
				<ele>356.000000</ele>
			</trkpt>
			<trkpt lat="49.271269" lon="14.430357">
				<ele>356.000000</ele>
			</trkpt>
			<trkpt lat="49.271111" lon="14.430213">
				<ele>356.000000</ele>
			</trkpt>
			<trkpt lat="49.270677" lon="14.429764">
				<ele>356.000000</ele>
			</trkpt>
			<trkpt lat="49.270495" lon="14.429558">
				<ele>356.000000</ele>
			</trkpt>
			<trkpt lat="49.270319" lon="14.429315">
				<ele>356.000000</ele>
			</trkpt>
			<trkpt lat="49.270196" lon="14.429135">
				<ele>356.000000</ele>
			</trkpt>
			<trkpt lat="49.270079" lon="14.429009">
				<ele>356.000000</ele>
			</trkpt>
			<trkpt lat="49.269627" lon="14.428605">
				<ele>355.000000</ele>
			</trkpt>
			<trkpt lat="49.269428" lon="14.428426">
				<ele>356.000000</ele>
			</trkpt>
			<trkpt lat="49.269340" lon="14.428372">
				<ele>356.000000</ele>
			</trkpt>
			<trkpt lat="49.269270" lon="14.428336">
				<ele>357.000000</ele>
			</trkpt>
			<trkpt lat="49.269188" lon="14.428300">
				<ele>358.000000</ele>
			</trkpt>
			<trkpt lat="49.269106" lon="14.428282">
				<ele>358.000000</ele>
			</trkpt>
			<trkpt lat="49.268918" lon="14.428273">
				<ele>358.000000</ele>
			</trkpt>
			<trkpt lat="49.268684" lon="14.428273">
				<ele>358.000000</ele>
			</trkpt>
			<trkpt lat="49.268485" lon="14.428273">
				<ele>357.000000</ele>
			</trkpt>
			<trkpt lat="49.268280" lon="14.428237">
				<ele>358.000000</ele>
			</trkpt>
			<trkpt lat="49.267934" lon="14.428183">
				<ele>357.000000</ele>
			</trkpt>
			<trkpt lat="49.267722" lon="14.428129">
				<ele>358.000000</ele>
			</trkpt>
			<trkpt lat="49.267506" lon="14.428084">
				<ele>357.000000</ele>
			</trkpt>
			<trkpt lat="49.266709" lon="14.427806">
				<ele>355.000000</ele>
			</trkpt>
			<trkpt lat="49.266198" lon="14.427626">
				<ele>354.000000</ele>
			</trkpt>
			<trkpt lat="49.265929" lon="14.427563">
				<ele>354.000000</ele>
			</trkpt>
			<trkpt lat="49.265612" lon="14.427500">
				<ele>354.000000</ele>
			</trkpt>
			<trkpt lat="49.265483" lon="14.427456">
				<ele>354.000000</ele>
			</trkpt>
			<trkpt lat="49.265349" lon="14.427393">
				<ele>355.000000</ele>
			</trkpt>
			<trkpt lat="49.265214" lon="14.427284">
				<ele>357.000000</ele>
			</trkpt>
			<trkpt lat="49.265061" lon="14.427187">
				<ele>357.000000</ele>
			</trkpt>
			<trkpt lat="49.264938" lon="14.427124">
				<ele>358.000000</ele>
			</trkpt>
			<trkpt lat="49.264804" lon="14.427097">
				<ele>357.000000</ele>
			</trkpt>
			<trkpt lat="49.264604" lon="14.427097">
				<ele>357.000000</ele>
			</trkpt>
			<trkpt lat="49.264487" lon="14.427087">
				<ele>357.000000</ele>
			</trkpt>
			<trkpt lat="49.264352" lon="14.427060">
				<ele>357.000000</ele>
			</trkpt>
			<trkpt lat="49.264252" lon="14.427034">
				<ele>357.000000</ele>
			</trkpt>
			<trkpt lat="49.264124" lon="14.426980">
				<ele>356.000000</ele>
			</trkpt>
			<trkpt lat="49.264006" lon="14.426917">
				<ele>356.000000</ele>
			</trkpt>
			<trkpt lat="49.263871" lon="14.426835">
				<ele>356.000000</ele>
			</trkpt>
			<trkpt lat="49.263607" lon="14.426629">
				<ele>355.000000</ele>
			</trkpt>
			<trkpt lat="49.263607" lon="14.426629">
				<ele>355.000000</ele>
			</trkpt>
			<trkpt lat="49.263549" lon="14.426584">
				<ele>355.000000</ele>
			</trkpt>
			<trkpt lat="49.263479" lon="14.426629">
				<ele>355.000000</ele>
			</trkpt>
			<trkpt lat="49.263402" lon="14.426682">
				<ele>355.000000</ele>
			</trkpt>
			<trkpt lat="49.263326" lon="14.426710">
				<ele>355.000000</ele>
			</trkpt>
			<trkpt lat="49.263244" lon="14.426728">
				<ele>356.000000</ele>
			</trkpt>
			<trkpt lat="49.263256" lon="14.427007">
				<ele>355.000000</ele>
			</trkpt>
			<trkpt lat="49.263244" lon="14.427187">
				<ele>355.000000</ele>
			</trkpt>
			<trkpt lat="49.263226" lon="14.427303">
				<ele>355.000000</ele>
			</trkpt>
			<trkpt lat="49.263203" lon="14.427401">
				<ele>355.000000</ele>
			</trkpt>
			<trkpt lat="49.263156" lon="14.427474">
				<ele>355.000000</ele>
			</trkpt>
			<trkpt lat="49.263103" lon="14.427546">
				<ele>355.000000</ele>
			</trkpt>
			<trkpt lat="49.262957" lon="14.427653">
				<ele>354.000000</ele>
			</trkpt>
			<trkpt lat="49.262693" lon="14.427913">
				<ele>354.000000</ele>
			</trkpt>
			<trkpt lat="49.262546" lon="14.428057">
				<ele>354.000000</ele>
			</trkpt>
			<trkpt lat="49.262447" lon="14.428129">
				<ele>354.000000</ele>
			</trkpt>
			<trkpt lat="49.262324" lon="14.428166">
				<ele>355.000000</ele>
			</trkpt>
			<trkpt lat="49.262259" lon="14.428202">
				<ele>355.000000</ele>
			</trkpt>
			<trkpt lat="49.262200" lon="14.428237">
				<ele>355.000000</ele>
			</trkpt>
			<trkpt lat="49.262154" lon="14.428290">
				<ele>354.000000</ele>
			</trkpt>
			<trkpt lat="49.262101" lon="14.428390">
				<ele>354.000000</ele>
			</trkpt>
			<trkpt lat="49.262048" lon="14.428498">
				<ele>354.000000</ele>
			</trkpt>
			<trkpt lat="49.262013" lon="14.428560">
				<ele>354.000000</ele>
			</trkpt>
			<trkpt lat="49.261966" lon="14.428588">
				<ele>354.000000</ele>
			</trkpt>
			<trkpt lat="49.261919" lon="14.428596">
				<ele>354.000000</ele>
			</trkpt>
			<trkpt lat="49.261848" lon="14.428569">
				<ele>354.000000</ele>
			</trkpt>
			<trkpt lat="49.261814" lon="14.428560">
				<ele>354.000000</ele>
			</trkpt>
			<trkpt lat="49.261779" lon="14.428516">
				<ele>354.000000</ele>
			</trkpt>
			<trkpt lat="49.261761" lon="14.428462">
				<ele>354.000000</ele>
			</trkpt>
			<trkpt lat="49.261714" lon="14.428345">
				<ele>354.000000</ele>
			</trkpt>
			<trkpt lat="49.261667" lon="14.428255">
				<ele>354.000000</ele>
			</trkpt>
			<trkpt lat="49.261614" lon="14.428202">
				<ele>354.000000</ele>
			</trkpt>
			<trkpt lat="49.261550" lon="14.428192">
				<ele>354.000000</ele>
			</trkpt>
			<trkpt lat="49.261397" lon="14.428166">
				<ele>354.000000</ele>
			</trkpt>
			<trkpt lat="49.261333" lon="14.428166">
				<ele>354.000000</ele>
			</trkpt>
			<trkpt lat="49.261262" lon="14.428156">
				<ele>354.000000</ele>
			</trkpt>
			<trkpt lat="49.261181" lon="14.428112">
				<ele>354.000000</ele>
			</trkpt>
			<trkpt lat="49.261081" lon="14.428049">
				<ele>354.000000</ele>
			</trkpt>
			<trkpt lat="49.260958" lon="14.427967">
				<ele>355.000000</ele>
			</trkpt>
			<trkpt lat="49.260828" lon="14.427896">
				<ele>355.000000</ele>
			</trkpt>
			<trkpt lat="49.260723" lon="14.427869">
				<ele>355.000000</ele>
			</trkpt>
			<trkpt lat="49.260471" lon="14.427814">
				<ele>355.000000</ele>
			</trkpt>
			<trkpt lat="49.260055" lon="14.427752">
				<ele>355.000000</ele>
			</trkpt>
			<trkpt lat="49.259949" lon="14.427724">
				<ele>355.000000</ele>
			</trkpt>
			<trkpt lat="49.259832" lon="14.427663">
				<ele>355.000000</ele>
			</trkpt>
			<trkpt lat="49.259052" lon="14.427231">
				<ele>354.000000</ele>
			</trkpt>
			<trkpt lat="49.258636" lon="14.426988">
				<ele>354.000000</ele>
			</trkpt>
			<trkpt lat="49.258548" lon="14.426917">
				<ele>354.000000</ele>
			</trkpt>
			<trkpt lat="49.258484" lon="14.426835">
				<ele>354.000000</ele>
			</trkpt>
			<trkpt lat="49.258437" lon="14.426755">
				<ele>354.000000</ele>
			</trkpt>
			<trkpt lat="49.258413" lon="14.426629">
				<ele>354.000000</ele>
			</trkpt>
			<trkpt lat="49.258396" lon="14.426548">
				<ele>354.000000</ele>
			</trkpt>
			<trkpt lat="49.258366" lon="14.426495">
				<ele>355.000000</ele>
			</trkpt>
			<trkpt lat="49.258319" lon="14.426441">
				<ele>355.000000</ele>
			</trkpt>
			<trkpt lat="49.258255" lon="14.426386">
				<ele>354.000000</ele>
			</trkpt>
			<trkpt lat="49.258197" lon="14.426332">
				<ele>354.000000</ele>
			</trkpt>
			<trkpt lat="49.258150" lon="14.426279">
				<ele>354.000000</ele>
			</trkpt>
			<trkpt lat="49.258103" lon="14.426206">
				<ele>355.000000</ele>
			</trkpt>
			<trkpt lat="49.258056" lon="14.426099">
				<ele>355.000000</ele>
			</trkpt>
			<trkpt lat="49.257968" lon="14.425812">
				<ele>355.000000</ele>
			</trkpt>
			<trkpt lat="49.257721" lon="14.425695">
				<ele>356.000000</ele>
			</trkpt>
			<trkpt lat="49.257604" lon="14.425650">
				<ele>355.000000</ele>
			</trkpt>
			<trkpt lat="49.257505" lon="14.425596">
				<ele>355.000000</ele>
			</trkpt>
			<trkpt lat="49.257387" lon="14.425489">
				<ele>355.000000</ele>
			</trkpt>
			<trkpt lat="49.257246" lon="14.425344">
				<ele>355.000000</ele>
			</trkpt>
			<trkpt lat="49.257088" lon="14.425137">
				<ele>354.000000</ele>
			</trkpt>
			<trkpt lat="49.256502" lon="14.424267">
				<ele>354.000000</ele>
			</trkpt>
			<trkpt lat="49.256214" lon="14.423854">
				<ele>354.000000</ele>
			</trkpt>
			<trkpt lat="49.255769" lon="14.423296">
				<ele>354.000000</ele>
			</trkpt>
			<trkpt lat="49.255569" lon="14.423026">
				<ele>354.000000</ele>
			</trkpt>
			<trkpt lat="49.255406" lon="14.422793">
				<ele>354.000000</ele>
			</trkpt>
			<trkpt lat="49.255259" lon="14.422560">
				<ele>353.000000</ele>
			</trkpt>
			<trkpt lat="49.255077" lon="14.422263">
				<ele>354.000000</ele>
			</trkpt>
			<trkpt lat="49.254755" lon="14.421644">
				<ele>354.000000</ele>
			</trkpt>
			<trkpt lat="49.254626" lon="14.421410">
				<ele>354.000000</ele>
			</trkpt>
			<trkpt lat="49.254462" lon="14.421141">
				<ele>354.000000</ele>
			</trkpt>
			<trkpt lat="49.254315" lon="14.420925">
				<ele>355.000000</ele>
			</trkpt>
			<trkpt lat="49.254174" lon="14.420736">
				<ele>355.000000</ele>
			</trkpt>
			<trkpt lat="49.254010" lon="14.420529">
				<ele>354.000000</ele>
			</trkpt>
			<trkpt lat="49.253945" lon="14.420430">
				<ele>354.000000</ele>
			</trkpt>
			<trkpt lat="49.253916" lon="14.420323">
				<ele>355.000000</ele>
			</trkpt>
			<trkpt lat="49.253511" lon="14.420099">
				<ele>355.000000</ele>
			</trkpt>
			<trkpt lat="49.253295" lon="14.419990">
				<ele>355.000000</ele>
			</trkpt>
			<trkpt lat="49.253078" lon="14.419892">
				<ele>355.000000</ele>
			</trkpt>
			<trkpt lat="49.252838" lon="14.419829">
				<ele>356.000000</ele>
			</trkpt>
			<trkpt lat="49.252656" lon="14.420925">
				<ele>357.000000</ele>
			</trkpt>
			<trkpt lat="49.252186" lon="14.420772">
				<ele>354.000000</ele>
			</trkpt>
			<trkpt lat="49.251952" lon="14.420673">
				<ele>354.000000</ele>
			</trkpt>
			<trkpt lat="49.251723" lon="14.420566">
				<ele>354.000000</ele>
			</trkpt>
			<trkpt lat="49.251506" lon="14.420422">
				<ele>355.000000</ele>
			</trkpt>
			<trkpt lat="49.251466" lon="14.420395">
				<ele>355.000000</ele>
			</trkpt>
			<trkpt lat="49.251407" lon="14.420376">
				<ele>355.000000</ele>
			</trkpt>
			<trkpt lat="49.251366" lon="14.420376">
				<ele>355.000000</ele>
			</trkpt>
			<trkpt lat="49.251295" lon="14.420395">
				<ele>355.000000</ele>
			</trkpt>
			<trkpt lat="49.251078" lon="14.420449">
				<ele>356.000000</ele>
			</trkpt>
			<trkpt lat="49.250896" lon="14.420485">
				<ele>356.000000</ele>
			</trkpt>
			<trkpt lat="49.250715" lon="14.420493">
				<ele>357.000000</ele>
			</trkpt>
			<trkpt lat="49.250521" lon="14.420502">
				<ele>358.000000</ele>
			</trkpt>
			<trkpt lat="49.249917" lon="14.420493">
				<ele>359.000000</ele>
			</trkpt>
			<trkpt lat="49.249548" lon="14.420485">
				<ele>361.000000</ele>
			</trkpt>
			<trkpt lat="49.249196" lon="14.420430">
				<ele>362.000000</ele>
			</trkpt>
			<trkpt lat="49.248838" lon="14.420386">
				<ele>363.000000</ele>
			</trkpt>
			<trkpt lat="49.248985" lon="14.419954">
				<ele>360.000000</ele>
			</trkpt>
			<trkpt lat="49.249108" lon="14.419434">
				<ele>357.000000</ele>
			</trkpt>
			<trkpt lat="49.248569" lon="14.418760">
				<ele>356.000000</ele>
			</trkpt>
			<trkpt lat="49.248539" lon="14.418724">
				<ele>356.000000</ele>
			</trkpt>
			<trkpt lat="49.248539" lon="14.418671">
				<ele>356.000000</ele>
			</trkpt>
			<trkpt lat="49.248551" lon="14.418589">
				<ele>355.000000</ele>
			</trkpt>
			<trkpt lat="49.248539" lon="14.418535">
				<ele>355.000000</ele>
			</trkpt>
			<trkpt lat="49.248328" lon="14.418194">
				<ele>354.000000</ele>
			</trkpt>
			<trkpt lat="49.248311" lon="14.418194">
				<ele>354.000000</ele>
			</trkpt>
			<trkpt lat="49.248140" lon="14.417780">
				<ele>354.000000</ele>
			</trkpt>
			<trkpt lat="49.248012" lon="14.417449">
				<ele>354.000000</ele>
			</trkpt>
			<trkpt lat="49.247894" lon="14.417152">
				<ele>354.000000</ele>
			</trkpt>
			<trkpt lat="49.247800" lon="14.416936">
				<ele>354.000000</ele>
			</trkpt>
			<trkpt lat="49.247660" lon="14.416631">
				<ele>354.000000</ele>
			</trkpt>
			<trkpt lat="49.247536" lon="14.416344">
				<ele>354.000000</ele>
			</trkpt>
			<trkpt lat="49.247513" lon="14.416308">
				<ele>354.000000</ele>
			</trkpt>
			<trkpt lat="49.247478" lon="14.416290">
				<ele>354.000000</ele>
			</trkpt>
			<trkpt lat="49.247419" lon="14.416308">
				<ele>354.000000</ele>
			</trkpt>
			<trkpt lat="49.247349" lon="14.416344">
				<ele>354.000000</ele>
			</trkpt>
			<trkpt lat="49.247243" lon="14.416442">
				<ele>354.000000</ele>
			</trkpt>
			<trkpt lat="49.247173" lon="14.416514">
				<ele>354.000000</ele>
			</trkpt>
			<trkpt lat="49.247108" lon="14.416613">
				<ele>354.000000</ele>
			</trkpt>
			<trkpt lat="49.247055" lon="14.416721">
				<ele>355.000000</ele>
			</trkpt>
			<trkpt lat="49.247008" lon="14.416801">
				<ele>355.000000</ele>
			</trkpt>
			<trkpt lat="49.246974" lon="14.416856">
				<ele>355.000000</ele>
			</trkpt>
			<trkpt lat="49.246938" lon="14.416900">
				<ele>356.000000</ele>
			</trkpt>
			<trkpt lat="49.246891" lon="14.416900">
				<ele>356.000000</ele>
			</trkpt>
			<trkpt lat="49.246756" lon="14.416900">
				<ele>356.000000</ele>
			</trkpt>
			<trkpt lat="49.246715" lon="14.416927">
				<ele>356.000000</ele>
			</trkpt>
			<trkpt lat="49.246668" lon="14.416946">
				<ele>356.000000</ele>
			</trkpt>
			<trkpt lat="49.246704" lon="14.416784">
				<ele>355.000000</ele>
			</trkpt>
			<trkpt lat="49.246721" lon="14.416631">
				<ele>355.000000</ele>
			</trkpt>
			<trkpt lat="49.246727" lon="14.416487">
				<ele>354.000000</ele>
			</trkpt>
			<trkpt lat="49.246727" lon="14.416344">
				<ele>354.000000</ele>
			</trkpt>
			<trkpt lat="49.246721" lon="14.416038">
				<ele>354.000000</ele>
			</trkpt>
			<trkpt lat="49.246727" lon="14.415957">
				<ele>354.000000</ele>
			</trkpt>
			<trkpt lat="49.246733" lon="14.415858">
				<ele>355.000000</ele>
			</trkpt>
			<trkpt lat="49.246762" lon="14.415786">
				<ele>355.000000</ele>
			</trkpt>
			<trkpt lat="49.246792" lon="14.415732">
				<ele>355.000000</ele>
			</trkpt>
			<trkpt lat="49.246827" lon="14.415679">
				<ele>355.000000</ele>
			</trkpt>
			<trkpt lat="49.246868" lon="14.415652">
				<ele>355.000000</ele>
			</trkpt>
			<trkpt lat="49.246886" lon="14.415606">
				<ele>355.000000</ele>
			</trkpt>
			<trkpt lat="49.246897" lon="14.415579">
				<ele>355.000000</ele>
			</trkpt>
			<trkpt lat="49.246903" lon="14.415526">
				<ele>355.000000</ele>
			</trkpt>
			<trkpt lat="49.246903" lon="14.415472">
				<ele>355.000000</ele>
			</trkpt>
			<trkpt lat="49.246868" lon="14.415365">
				<ele>355.000000</ele>
			</trkpt>
			<trkpt lat="49.246803" lon="14.415229">
				<ele>354.000000</ele>
			</trkpt>
			<trkpt lat="49.246587" lon="14.414889">
				<ele>354.000000</ele>
			</trkpt>
			<trkpt lat="49.246534" lon="14.414789">
				<ele>354.000000</ele>
			</trkpt>
			<trkpt lat="49.246499" lon="14.414654">
				<ele>354.000000</ele>
			</trkpt>
			<trkpt lat="49.246440" lon="14.414403">
				<ele>353.000000</ele>
			</trkpt>
			<trkpt lat="49.246393" lon="14.414170">
				<ele>353.000000</ele>
			</trkpt>
			<trkpt lat="49.246299" lon="14.413460">
				<ele>352.000000</ele>
			</trkpt>
			<trkpt lat="49.246252" lon="14.413172">
				<ele>353.000000</ele>
			</trkpt>
			<trkpt lat="49.246217" lon="14.412965">
				<ele>353.000000</ele>
			</trkpt>
			<trkpt lat="49.246123" lon="14.412633">
				<ele>354.000000</ele>
			</trkpt>
			<trkpt lat="49.246100" lon="14.412489">
				<ele>354.000000</ele>
			</trkpt>
			<trkpt lat="49.246082" lon="14.412336">
				<ele>354.000000</ele>
			</trkpt>
			<trkpt lat="49.246070" lon="14.412139">
				<ele>354.000000</ele>
			</trkpt>
			<trkpt lat="49.245953" lon="14.412149">
				<ele>355.000000</ele>
			</trkpt>
			<trkpt lat="49.245854" lon="14.412094">
				<ele>356.000000</ele>
			</trkpt>
			<trkpt lat="49.245754" lon="14.412023">
				<ele>357.000000</ele>
			</trkpt>
			<trkpt lat="49.245537" lon="14.411816">
				<ele>359.000000</ele>
			</trkpt>
			<trkpt lat="49.245255" lon="14.411591">
				<ele>364.000000</ele>
			</trkpt>
			<trkpt lat="49.245185" lon="14.411537">
				<ele>365.000000</ele>
			</trkpt>
			<trkpt lat="49.245103" lon="14.411493">
				<ele>367.000000</ele>
			</trkpt>
			<trkpt lat="49.245103" lon="14.411376">
				<ele>367.000000</ele>
			</trkpt>
			<trkpt lat="49.245085" lon="14.411258">
				<ele>367.000000</ele>
			</trkpt>
			<trkpt lat="49.245038" lon="14.411178">
				<ele>369.000000</ele>
			</trkpt>
			<trkpt lat="49.244956" lon="14.411088">
				<ele>371.000000</ele>
			</trkpt>
			<trkpt lat="49.244874" lon="14.410990">
				<ele>373.000000</ele>
			</trkpt>
			<trkpt lat="49.244821" lon="14.410891">
				<ele>374.000000</ele>
			</trkpt>
			<trkpt lat="49.244804" lon="14.410837">
				<ele>375.000000</ele>
			</trkpt>
			<trkpt lat="49.244804" lon="14.410782">
				<ele>375.000000</ele>
			</trkpt>
			<trkpt lat="49.244804" lon="14.410729">
				<ele>375.000000</ele>
			</trkpt>
			<trkpt lat="49.244810" lon="14.410675">
				<ele>376.000000</ele>
			</trkpt>
			<trkpt lat="49.245367" lon="14.408510">
				<ele>382.000000</ele>
			</trkpt>
			<trkpt lat="49.245596" lon="14.407639">
				<ele>384.000000</ele>
			</trkpt>
			<trkpt lat="49.245666" lon="14.407405">
				<ele>385.000000</ele>
			</trkpt>
			<trkpt lat="49.245701" lon="14.407325">
				<ele>385.000000</ele>
			</trkpt>
			<trkpt lat="49.245736" lon="14.407270">
				<ele>385.000000</ele>
			</trkpt>
			<trkpt lat="49.245777" lon="14.407216">
				<ele>385.000000</ele>
			</trkpt>
			<trkpt lat="49.245818" lon="14.407189">
				<ele>385.000000</ele>
			</trkpt>
			<trkpt lat="49.245865" lon="14.407172">
				<ele>385.000000</ele>
			</trkpt>
			<trkpt lat="49.245906" lon="14.407189">
				<ele>385.000000</ele>
			</trkpt>
			<trkpt lat="49.246522" lon="14.407415">
				<ele>370.000000</ele>
			</trkpt>
			<trkpt lat="49.246628" lon="14.407450">
				<ele>362.000000</ele>
			</trkpt>
			<trkpt lat="49.246674" lon="14.407468">
				<ele>358.000000</ele>
			</trkpt>
			<trkpt lat="49.246721" lon="14.407450">
				<ele>357.000000</ele>
			</trkpt>
			<trkpt lat="49.246756" lon="14.407405">
				<ele>356.000000</ele>
			</trkpt>
			<trkpt lat="49.246798" lon="14.407325">
				<ele>356.000000</ele>
			</trkpt>
			<trkpt lat="49.246897" lon="14.407189">
				<ele>355.000000</ele>
			</trkpt>
			<trkpt lat="49.246997" lon="14.406866">
				<ele>357.000000</ele>
			</trkpt>
			<trkpt lat="49.247108" lon="14.406497">
				<ele>360.000000</ele>
			</trkpt>
			<trkpt lat="49.247326" lon="14.405914">
				<ele>359.000000</ele>
			</trkpt>
			<trkpt lat="49.247413" lon="14.405644">
				<ele>357.000000</ele>
			</trkpt>
			<trkpt lat="49.247730" lon="14.404746">
				<ele>355.000000</ele>
			</trkpt>
			<trkpt lat="49.247900" lon="14.404260">
				<ele>352.000000</ele>
			</trkpt>
			<trkpt lat="49.247953" lon="14.404082">
				<ele>352.000000</ele>
			</trkpt>
			<trkpt lat="49.248006" lon="14.403866">
				<ele>353.000000</ele>
			</trkpt>
			<trkpt lat="49.248052" lon="14.403641">
				<ele>353.000000</ele>
			</trkpt>
			<trkpt lat="49.248099" lon="14.403174">
				<ele>353.000000</ele>
			</trkpt>
			<trkpt lat="49.248129" lon="14.402725">
				<ele>353.000000</ele>
			</trkpt>
			<trkpt lat="49.248123" lon="14.402132">
				<ele>355.000000</ele>
			</trkpt>
			<trkpt lat="49.248129" lon="14.401962">
				<ele>354.000000</ele>
			</trkpt>
			<trkpt lat="49.248158" lon="14.401818">
				<ele>354.000000</ele>
			</trkpt>
			<trkpt lat="49.248181" lon="14.401575">
				<ele>354.000000</ele>
			</trkpt>
			<trkpt lat="49.248199" lon="14.401386">
				<ele>354.000000</ele>
			</trkpt>
			<trkpt lat="49.248205" lon="14.400811">
				<ele>354.000000</ele>
			</trkpt>
			<trkpt lat="49.248187" lon="14.400650">
				<ele>354.000000</ele>
			</trkpt>
			<trkpt lat="49.248187" lon="14.400650">
				<ele>354.000000</ele>
			</trkpt>
			<trkpt lat="49.248170" lon="14.400470">
				<ele>355.000000</ele>
			</trkpt>
			<trkpt lat="49.248152" lon="14.400354">
				<ele>355.000000</ele>
			</trkpt>
			<trkpt lat="49.248123" lon="14.400264">
				<ele>355.000000</ele>
			</trkpt>
			<trkpt lat="49.248087" lon="14.400182">
				<ele>355.000000</ele>
			</trkpt>
			<trkpt lat="49.248046" lon="14.400128">
				<ele>356.000000</ele>
			</trkpt>
			<trkpt lat="49.248012" lon="14.400084">
				<ele>356.000000</ele>
			</trkpt>
			<trkpt lat="49.247959" lon="14.400075">
				<ele>356.000000</ele>
			</trkpt>
			<trkpt lat="49.247959" lon="14.399949">
				<ele>356.000000</ele>
			</trkpt>
			<trkpt lat="49.247924" lon="14.399796">
				<ele>356.000000</ele>
			</trkpt>
			<trkpt lat="49.247877" lon="14.399635">
				<ele>356.000000</ele>
			</trkpt>
			<trkpt lat="49.247794" lon="14.399436">
				<ele>356.000000</ele>
			</trkpt>
			<trkpt lat="49.247648" lon="14.399086">
				<ele>356.000000</ele>
			</trkpt>
			<trkpt lat="49.247413" lon="14.398386">
				<ele>355.000000</ele>
			</trkpt>
			<trkpt lat="49.247349" lon="14.398224">
				<ele>354.000000</ele>
			</trkpt>
			<trkpt lat="49.247273" lon="14.398098">
				<ele>354.000000</ele>
			</trkpt>
			<trkpt lat="49.247190" lon="14.398018">
				<ele>354.000000</ele>
			</trkpt>
			<trkpt lat="49.247085" lon="14.397928">
				<ele>354.000000</ele>
			</trkpt>
			<trkpt lat="49.246950" lon="14.397847">
				<ele>355.000000</ele>
			</trkpt>
			<trkpt lat="49.246645" lon="14.397739">
				<ele>356.000000</ele>
			</trkpt>
			<trkpt lat="49.246369" lon="14.397587">
				<ele>355.000000</ele>
			</trkpt>
			<trkpt lat="49.245883" lon="14.397371">
				<ele>356.000000</ele>
			</trkpt>
			<trkpt lat="49.245789" lon="14.397317">
				<ele>357.000000</ele>
			</trkpt>
			<trkpt lat="49.245724" lon="14.397262">
				<ele>357.000000</ele>
			</trkpt>
			<trkpt lat="49.245577" lon="14.397245">
				<ele>360.000000</ele>
			</trkpt>
			<trkpt lat="49.245419" lon="14.397191">
				<ele>360.000000</ele>
			</trkpt>
			<trkpt lat="49.245278" lon="14.397138">
				<ele>360.000000</ele>
			</trkpt>
			<trkpt lat="49.244950" lon="14.397056">
				<ele>359.000000</ele>
			</trkpt>
			<trkpt lat="49.244885" lon="14.397048">
				<ele>359.000000</ele>
			</trkpt>
			<trkpt lat="49.244839" lon="14.397048">
				<ele>359.000000</ele>
			</trkpt>
			<trkpt lat="49.244786" lon="14.397075">
				<ele>359.000000</ele>
			</trkpt>
			<trkpt lat="49.244733" lon="14.397128">
				<ele>360.000000</ele>
			</trkpt>
			<trkpt lat="49.244552" lon="14.397389">
				<ele>363.000000</ele>
			</trkpt>
			<trkpt lat="49.244440" lon="14.397541">
				<ele>364.000000</ele>
			</trkpt>
			<trkpt lat="49.244276" lon="14.397667">
				<ele>365.000000</ele>
			</trkpt>
			<trkpt lat="49.244188" lon="14.397712">
				<ele>365.000000</ele>
			</trkpt>
			<trkpt lat="49.244118" lon="14.397739">
				<ele>364.000000</ele>
			</trkpt>
			<trkpt lat="49.244041" lon="14.397739">
				<ele>364.000000</ele>
			</trkpt>
			<trkpt lat="49.243953" lon="14.397712">
				<ele>364.000000</ele>
			</trkpt>
			<trkpt lat="49.243725" lon="14.397541">
				<ele>366.000000</ele>
			</trkpt>
			<trkpt lat="49.243666" lon="14.397515">
				<ele>368.000000</ele>
			</trkpt>
			<trkpt lat="49.243584" lon="14.397515">
				<ele>370.000000</ele>
			</trkpt>
			<trkpt lat="49.243396" lon="14.397515">
				<ele>374.000000</ele>
			</trkpt>
			<trkpt lat="49.243033" lon="14.397497">
				<ele>381.000000</ele>
			</trkpt>
			<trkpt lat="49.242693" lon="14.397478">
				<ele>379.000000</ele>
			</trkpt>
			<trkpt lat="49.242469" lon="14.397488">
				<ele>378.000000</ele>
			</trkpt>
			<trkpt lat="49.242235" lon="14.397515">
				<ele>379.000000</ele>
			</trkpt>
			<trkpt lat="49.241989" lon="14.397560">
				<ele>379.000000</ele>
			</trkpt>
			<trkpt lat="49.241818" lon="14.397587">
				<ele>379.000000</ele>
			</trkpt>
			<trkpt lat="49.241713" lon="14.397604">
				<ele>379.000000</ele>
			</trkpt>
			<trkpt lat="49.241596" lon="14.397604">
				<ele>378.000000</ele>
			</trkpt>
			<trkpt lat="49.241478" lon="14.397578">
				<ele>377.000000</ele>
			</trkpt>
			<trkpt lat="49.240605" lon="14.397389">
				<ele>378.000000</ele>
			</trkpt>
			<trkpt lat="49.240270" lon="14.397317">
				<ele>378.000000</ele>
			</trkpt>
			<trkpt lat="49.239960" lon="14.397245">
				<ele>378.000000</ele>
			</trkpt>
			<trkpt lat="49.238810" lon="14.396895">
				<ele>376.000000</ele>
			</trkpt>
			<trkpt lat="49.238534" lon="14.396859">
				<ele>376.000000</ele>
			</trkpt>
			<trkpt lat="49.238059" lon="14.396849">
				<ele>373.000000</ele>
			</trkpt>
			<trkpt lat="49.238018" lon="14.396868">
				<ele>373.000000</ele>
			</trkpt>
			<trkpt lat="49.237983" lon="14.396876">
				<ele>373.000000</ele>
			</trkpt>
			<trkpt lat="49.237959" lon="14.396939">
				<ele>376.000000</ele>
			</trkpt>
			<trkpt lat="49.237912" lon="14.397021">
				<ele>379.000000</ele>
			</trkpt>
			<trkpt lat="49.237672" lon="14.397021">
				<ele>378.000000</ele>
			</trkpt>
			<trkpt lat="49.237443" lon="14.397012">
				<ele>378.000000</ele>
			</trkpt>
			<trkpt lat="49.237238" lon="14.396985">
				<ele>376.000000</ele>
			</trkpt>
			<trkpt lat="49.237039" lon="14.396949">
				<ele>373.000000</ele>
			</trkpt>
			<trkpt lat="49.236687" lon="14.396868">
				<ele>368.000000</ele>
			</trkpt>
			<trkpt lat="49.235724" lon="14.396589">
				<ele>364.000000</ele>
			</trkpt>
			<trkpt lat="49.235150" lon="14.396446">
				<ele>363.000000</ele>
			</trkpt>
			<trkpt lat="49.234904" lon="14.396383">
				<ele>366.000000</ele>
			</trkpt>
			<trkpt lat="49.234663" lon="14.396266">
				<ele>369.000000</ele>
			</trkpt>
			<trkpt lat="49.234534" lon="14.396186">
				<ele>370.000000</ele>
			</trkpt>
			<trkpt lat="49.234393" lon="14.396086">
				<ele>369.000000</ele>
			</trkpt>
			<trkpt lat="49.234311" lon="14.396033">
				<ele>367.000000</ele>
			</trkpt>
			<trkpt lat="49.234212" lon="14.395979">
				<ele>365.000000</ele>
			</trkpt>
			<trkpt lat="49.234123" lon="14.395943">
				<ele>364.000000</ele>
			</trkpt>
			<trkpt lat="49.234029" lon="14.395916">
				<ele>365.000000</ele>
			</trkpt>
			<trkpt lat="49.233888" lon="14.395897">
				<ele>366.000000</ele>
			</trkpt>
			<trkpt lat="49.233560" lon="14.395889">
				<ele>372.000000</ele>
			</trkpt>
			<trkpt lat="49.233408" lon="14.395880">
				<ele>373.000000</ele>
			</trkpt>
			<trkpt lat="49.233290" lon="14.395853">
				<ele>372.000000</ele>
			</trkpt>
			<trkpt lat="49.233220" lon="14.395853">
				<ele>372.000000</ele>
			</trkpt>
			<trkpt lat="49.233155" lon="14.395880">
				<ele>371.000000</ele>
			</trkpt>
			<trkpt lat="49.233079" lon="14.395933">
				<ele>371.000000</ele>
			</trkpt>
			<trkpt lat="49.232774" lon="14.396203">
				<ele>370.000000</ele>
			</trkpt>
			<trkpt lat="49.232534" lon="14.396383">
				<ele>370.000000</ele>
			</trkpt>
			<trkpt lat="49.232504" lon="14.396194">
				<ele>369.000000</ele>
			</trkpt>
			<trkpt lat="49.232446" lon="14.396042">
				<ele>368.000000</ele>
			</trkpt>
			<trkpt lat="49.232410" lon="14.395943">
				<ele>368.000000</ele>
			</trkpt>
			<trkpt lat="49.232346" lon="14.395862">
				<ele>367.000000</ele>
			</trkpt>
			<trkpt lat="49.232276" lon="14.395781">
				<ele>367.000000</ele>
			</trkpt>
			<trkpt lat="49.232188" lon="14.395718">
				<ele>367.000000</ele>
			</trkpt>
			<trkpt lat="49.232024" lon="14.395637">
				<ele>366.000000</ele>
			</trkpt>
			<trkpt lat="49.231736" lon="14.395530">
				<ele>365.000000</ele>
			</trkpt>
			<trkpt lat="49.231672" lon="14.395484">
				<ele>364.000000</ele>
			</trkpt>
			<trkpt lat="49.231625" lon="14.395448">
				<ele>364.000000</ele>
			</trkpt>
			<trkpt lat="49.231584" lon="14.395394">
				<ele>364.000000</ele>
			</trkpt>
			<trkpt lat="49.231537" lon="14.395314">
				<ele>364.000000</ele>
			</trkpt>
			<trkpt lat="49.231507" lon="14.395233">
				<ele>363.000000</ele>
			</trkpt>
			<trkpt lat="49.231490" lon="14.395134">
				<ele>363.000000</ele>
			</trkpt>
			<trkpt lat="49.231478" lon="14.395035">
				<ele>362.000000</ele>
			</trkpt>
			<trkpt lat="49.231472" lon="14.394928">
				<ele>362.000000</ele>
			</trkpt>
			<trkpt lat="49.231513" lon="14.393949">
				<ele>359.000000</ele>
			</trkpt>
			<trkpt lat="49.231513" lon="14.393886">
				<ele>359.000000</ele>
			</trkpt>
			<trkpt lat="49.231490" lon="14.393786">
				<ele>358.000000</ele>
			</trkpt>
			<trkpt lat="49.231454" lon="14.393688">
				<ele>358.000000</ele>
			</trkpt>
			<trkpt lat="49.231419" lon="14.393607">
				<ele>358.000000</ele>
			</trkpt>
			<trkpt lat="49.230944" lon="14.392628">
				<ele>359.000000</ele>
			</trkpt>
			<trkpt lat="49.230780" lon="14.392260">
				<ele>358.000000</ele>
			</trkpt>
			<trkpt lat="49.230609" lon="14.391865">
				<ele>358.000000</ele>
			</trkpt>
			<trkpt lat="49.230351" lon="14.391065">
				<ele>356.000000</ele>
			</trkpt>
			<trkpt lat="49.230328" lon="14.390903">
				<ele>356.000000</ele>
			</trkpt>
			<trkpt lat="49.230299" lon="14.390750">
				<ele>356.000000</ele>
			</trkpt>
			<trkpt lat="49.230123" lon="14.390167">
				<ele>354.000000</ele>
			</trkpt>
			<trkpt lat="49.230123" lon="14.390167">
				<ele>354.000000</ele>
			</trkpt>
			<trkpt lat="49.230299" lon="14.390750">
				<ele>356.000000</ele>
			</trkpt>
			<trkpt lat="49.230328" lon="14.390903">
				<ele>356.000000</ele>
			</trkpt>
			<trkpt lat="49.230351" lon="14.391065">
				<ele>356.000000</ele>
			</trkpt>
			<trkpt lat="49.230609" lon="14.391865">
				<ele>358.000000</ele>
			</trkpt>
			<trkpt lat="49.230780" lon="14.392260">
				<ele>358.000000</ele>
			</trkpt>
			<trkpt lat="49.230944" lon="14.392628">
				<ele>359.000000</ele>
			</trkpt>
			<trkpt lat="49.231419" lon="14.393607">
				<ele>358.000000</ele>
			</trkpt>
			<trkpt lat="49.231454" lon="14.393688">
				<ele>358.000000</ele>
			</trkpt>
			<trkpt lat="49.231490" lon="14.393786">
				<ele>358.000000</ele>
			</trkpt>
			<trkpt lat="49.231513" lon="14.393886">
				<ele>359.000000</ele>
			</trkpt>
			<trkpt lat="49.231513" lon="14.393949">
				<ele>359.000000</ele>
			</trkpt>
			<trkpt lat="49.231472" lon="14.394928">
				<ele>362.000000</ele>
			</trkpt>
			<trkpt lat="49.231478" lon="14.395035">
				<ele>362.000000</ele>
			</trkpt>
			<trkpt lat="49.231490" lon="14.395134">
				<ele>363.000000</ele>
			</trkpt>
			<trkpt lat="49.231507" lon="14.395233">
				<ele>363.000000</ele>
			</trkpt>
			<trkpt lat="49.231537" lon="14.395314">
				<ele>364.000000</ele>
			</trkpt>
			<trkpt lat="49.231584" lon="14.395394">
				<ele>364.000000</ele>
			</trkpt>
			<trkpt lat="49.231625" lon="14.395448">
				<ele>364.000000</ele>
			</trkpt>
			<trkpt lat="49.231672" lon="14.395484">
				<ele>364.000000</ele>
			</trkpt>
			<trkpt lat="49.231736" lon="14.395530">
				<ele>365.000000</ele>
			</trkpt>
			<trkpt lat="49.232024" lon="14.395637">
				<ele>366.000000</ele>
			</trkpt>
			<trkpt lat="49.232188" lon="14.395718">
				<ele>367.000000</ele>
			</trkpt>
			<trkpt lat="49.232276" lon="14.395781">
				<ele>367.000000</ele>
			</trkpt>
			<trkpt lat="49.232346" lon="14.395862">
				<ele>367.000000</ele>
			</trkpt>
			<trkpt lat="49.232410" lon="14.395943">
				<ele>368.000000</ele>
			</trkpt>
			<trkpt lat="49.232446" lon="14.396042">
				<ele>368.000000</ele>
			</trkpt>
			<trkpt lat="49.232504" lon="14.396194">
				<ele>369.000000</ele>
			</trkpt>
			<trkpt lat="49.232534" lon="14.396383">
				<ele>370.000000</ele>
			</trkpt>
			<trkpt lat="49.232551" lon="14.396715">
				<ele>371.000000</ele>
			</trkpt>
			<trkpt lat="49.232563" lon="14.397155">
				<ele>373.000000</ele>
			</trkpt>
			<trkpt lat="49.232551" lon="14.398063">
				<ele>374.000000</ele>
			</trkpt>
			<trkpt lat="49.232551" lon="14.398296">
				<ele>375.000000</ele>
			</trkpt>
			<trkpt lat="49.232557" lon="14.399230">
				<ele>379.000000</ele>
			</trkpt>
			<trkpt lat="49.232551" lon="14.400407">
				<ele>384.000000</ele>
			</trkpt>
			<trkpt lat="49.232551" lon="14.402096">
				<ele>390.000000</ele>
			</trkpt>
			<trkpt lat="49.232522" lon="14.403516">
				<ele>395.000000</ele>
			</trkpt>
			<trkpt lat="49.232522" lon="14.403839">
				<ele>396.000000</ele>
			</trkpt>
			<trkpt lat="49.232534" lon="14.404216">
				<ele>397.000000</ele>
			</trkpt>
			<trkpt lat="49.232545" lon="14.404765">
				<ele>398.000000</ele>
			</trkpt>
			<trkpt lat="49.232534" lon="14.405392">
				<ele>399.000000</ele>
			</trkpt>
			<trkpt lat="49.232399" lon="14.405482">
				<ele>398.000000</ele>
			</trkpt>
			<trkpt lat="49.232352" lon="14.405492">
				<ele>397.000000</ele>
			</trkpt>
			<trkpt lat="49.232299" lon="14.405492">
				<ele>397.000000</ele>
			</trkpt>
			<trkpt lat="49.232246" lon="14.405797">
				<ele>398.000000</ele>
			</trkpt>
			<trkpt lat="49.232223" lon="14.405897">
				<ele>399.000000</ele>
			</trkpt>
			<trkpt lat="49.232188" lon="14.406004">
				<ele>399.000000</ele>
			</trkpt>
			<trkpt lat="49.232129" lon="14.406084">
				<ele>400.000000</ele>
			</trkpt>
			<trkpt lat="49.232052" lon="14.406166">
				<ele>401.000000</ele>
			</trkpt>
			<trkpt lat="49.232000" lon="14.406237">
				<ele>402.000000</ele>
			</trkpt>
			<trkpt lat="49.231953" lon="14.406310">
				<ele>403.000000</ele>
			</trkpt>
			<trkpt lat="49.231830" lon="14.406560">
				<ele>405.000000</ele>
			</trkpt>
			<trkpt lat="49.231712" lon="14.406821">
				<ele>407.000000</ele>
			</trkpt>
			<trkpt lat="49.231572" lon="14.407216">
				<ele>409.000000</ele>
			</trkpt>
			<trkpt lat="49.231431" lon="14.407648">
				<ele>413.000000</ele>
			</trkpt>
			<trkpt lat="49.231343" lon="14.407935">
				<ele>414.000000</ele>
			</trkpt>
			<trkpt lat="49.231185" lon="14.408636">
				<ele>416.000000</ele>
			</trkpt>
			<trkpt lat="49.231085" lon="14.408960">
				<ele>416.000000</ele>
			</trkpt>
			<trkpt lat="49.230967" lon="14.409319">
				<ele>418.000000</ele>
			</trkpt>
			<trkpt lat="49.230914" lon="14.409453">
				<ele>418.000000</ele>
			</trkpt>
			<trkpt lat="49.230891" lon="14.409579">
				<ele>419.000000</ele>
			</trkpt>
			<trkpt lat="49.230874" lon="14.409686">
				<ele>420.000000</ele>
			</trkpt>
			<trkpt lat="49.230874" lon="14.409813">
				<ele>420.000000</ele>
			</trkpt>
			<trkpt lat="49.230874" lon="14.409813">
				<ele>420.000000</ele>
			</trkpt>
			<trkpt lat="49.230874" lon="14.409813">
				<ele>420.000000</ele>
			</trkpt>
			<trkpt lat="49.230803" lon="14.409920">
				<ele>420.000000</ele>
			</trkpt>
			<trkpt lat="49.230756" lon="14.410046">
				<ele>420.000000</ele>
			</trkpt>
			<trkpt lat="49.230715" lon="14.410181">
				<ele>419.000000</ele>
			</trkpt>
			<trkpt lat="49.230668" lon="14.410378">
				<ele>418.000000</ele>
			</trkpt>
			<trkpt lat="49.230598" lon="14.410405">
				<ele>417.000000</ele>
			</trkpt>
			<trkpt lat="49.230551" lon="14.410432">
				<ele>416.000000</ele>
			</trkpt>
			<trkpt lat="49.230516" lon="14.410486">
				<ele>415.000000</ele>
			</trkpt>
			<trkpt lat="49.230498" lon="14.410531">
				<ele>415.000000</ele>
			</trkpt>
			<trkpt lat="49.230475" lon="14.410657">
				<ele>416.000000</ele>
			</trkpt>
			<trkpt lat="49.230428" lon="14.410774">
				<ele>415.000000</ele>
			</trkpt>
			<trkpt lat="49.230275" lon="14.411107">
				<ele>412.000000</ele>
			</trkpt>
			<trkpt lat="49.230216" lon="14.411258">
				<ele>411.000000</ele>
			</trkpt>
			<trkpt lat="49.230058" lon="14.411673">
				<ele>408.000000</ele>
			</trkpt>
			<trkpt lat="49.229906" lon="14.412023">
				<ele>405.000000</ele>
			</trkpt>
			<trkpt lat="49.229753" lon="14.412355">
				<ele>403.000000</ele>
			</trkpt>
			<trkpt lat="49.229512" lon="14.412822">
				<ele>401.000000</ele>
			</trkpt>
			<trkpt lat="49.229208" lon="14.413397">
				<ele>398.000000</ele>
			</trkpt>
			<trkpt lat="49.229172" lon="14.413252">
				<ele>397.000000</ele>
			</trkpt>
			<trkpt lat="49.229138" lon="14.413145">
				<ele>396.000000</ele>
			</trkpt>
			<trkpt lat="49.229091" lon="14.413046">
				<ele>394.000000</ele>
			</trkpt>
			<trkpt lat="49.229026" lon="14.412948">
				<ele>392.000000</ele>
			</trkpt>
			<trkpt lat="49.228903" lon="14.412805">
				<ele>388.000000</ele>
			</trkpt>
			<trkpt lat="49.228838" lon="14.412660">
				<ele>384.000000</ele>
			</trkpt>
			<trkpt lat="49.228773" lon="14.412526">
				<ele>381.000000</ele>
			</trkpt>
			<trkpt lat="49.228709" lon="14.412436">
				<ele>378.000000</ele>
			</trkpt>
			<trkpt lat="49.228639" lon="14.412336">
				<ele>374.000000</ele>
			</trkpt>
			<trkpt lat="49.228486" lon="14.412149">
				<ele>369.000000</ele>
			</trkpt>
			<trkpt lat="49.228421" lon="14.412067">
				<ele>368.000000</ele>
			</trkpt>
			<trkpt lat="49.228374" lon="14.411996">
				<ele>366.000000</ele>
			</trkpt>
			<trkpt lat="49.228340" lon="14.411914">
				<ele>365.000000</ele>
			</trkpt>
			<trkpt lat="49.228310" lon="14.411834">
				<ele>365.000000</ele>
			</trkpt>
			<trkpt lat="49.228474" lon="14.411654">
				<ele>364.000000</ele>
			</trkpt>
			<trkpt lat="49.228263" lon="14.411348">
				<ele>360.000000</ele>
			</trkpt>
			<trkpt lat="49.228081" lon="14.410981">
				<ele>355.000000</ele>
			</trkpt>
			<trkpt lat="49.227735" lon="14.411357">
				<ele>359.000000</ele>
			</trkpt>
			<trkpt lat="49.227078" lon="14.412229">
				<ele>359.000000</ele>
			</trkpt>
			<trkpt lat="49.227108" lon="14.411699">
				<ele>355.000000</ele>
			</trkpt>
			<trkpt lat="49.227096" lon="14.411636">
				<ele>355.000000</ele>
			</trkpt>
			<trkpt lat="49.227084" lon="14.411583">
				<ele>354.000000</ele>
			</trkpt>
			<trkpt lat="49.227061" lon="14.411547">
				<ele>354.000000</ele>
			</trkpt>
			<trkpt lat="49.227031" lon="14.411501">
				<ele>353.000000</ele>
			</trkpt>
			<trkpt lat="49.226949" lon="14.411447">
				<ele>353.000000</ele>
			</trkpt>
			<trkpt lat="49.226844" lon="14.411421">
				<ele>353.000000</ele>
			</trkpt>
			<trkpt lat="49.226773" lon="14.411421">
				<ele>353.000000</ele>
			</trkpt>
			<trkpt lat="49.226691" lon="14.411457">
				<ele>352.000000</ele>
			</trkpt>
			<trkpt lat="49.226620" lon="14.411493">
				<ele>352.000000</ele>
			</trkpt>
			<trkpt lat="49.226544" lon="14.411556">
				<ele>352.000000</ele>
			</trkpt>
			<trkpt lat="49.226392" lon="14.411708">
				<ele>353.000000</ele>
			</trkpt>
			<trkpt lat="49.226286" lon="14.411824">
				<ele>353.000000</ele>
			</trkpt>
			<trkpt lat="49.225975" lon="14.412220">
				<ele>353.000000</ele>
			</trkpt>
			<trkpt lat="49.225770" lon="14.412526">
				<ele>353.000000</ele>
			</trkpt>
			<trkpt lat="49.225635" lon="14.412759">
				<ele>354.000000</ele>
			</trkpt>
			<trkpt lat="49.225377" lon="14.413218">
				<ele>353.000000</ele>
			</trkpt>
			<trkpt lat="49.225242" lon="14.413432">
				<ele>353.000000</ele>
			</trkpt>
			<trkpt lat="49.225154" lon="14.413550">
				<ele>353.000000</ele>
			</trkpt>
			<trkpt lat="49.224983" lon="14.413738">
				<ele>353.000000</ele>
			</trkpt>
			<trkpt lat="49.224902" lon="14.413864">
				<ele>353.000000</ele>
			</trkpt>
			<trkpt lat="49.224696" lon="14.414197">
				<ele>353.000000</ele>
			</trkpt>
			<trkpt lat="49.224215" lon="14.415023">
				<ele>353.000000</ele>
			</trkpt>
			<trkpt lat="49.224080" lon="14.415229">
				<ele>353.000000</ele>
			</trkpt>
			<trkpt lat="49.224010" lon="14.415355">
				<ele>353.000000</ele>
			</trkpt>
			<trkpt lat="49.223857" lon="14.415634">
				<ele>353.000000</ele>
			</trkpt>
			<trkpt lat="49.223734" lon="14.415868">
				<ele>353.000000</ele>
			</trkpt>
			<trkpt lat="49.223693" lon="14.415984">
				<ele>353.000000</ele>
			</trkpt>
			<trkpt lat="49.223646" lon="14.416101">
				<ele>353.000000</ele>
			</trkpt>
			<trkpt lat="49.223611" lon="14.416254">
				<ele>353.000000</ele>
			</trkpt>
			<trkpt lat="49.223558" lon="14.416505">
				<ele>353.000000</ele>
			</trkpt>
			<trkpt lat="49.223506" lon="14.416793">
				<ele>353.000000</ele>
			</trkpt>
			<trkpt lat="49.223447" lon="14.417071">
				<ele>353.000000</ele>
			</trkpt>
			<trkpt lat="49.223453" lon="14.417187">
				<ele>353.000000</ele>
			</trkpt>
			<trkpt lat="49.223453" lon="14.417277">
				<ele>354.000000</ele>
			</trkpt>
			<trkpt lat="49.223470" lon="14.417332">
				<ele>354.000000</ele>
			</trkpt>
			<trkpt lat="49.223493" lon="14.417367">
				<ele>354.000000</ele>
			</trkpt>
			<trkpt lat="49.223493" lon="14.417394">
				<ele>354.000000</ele>
			</trkpt>
			<trkpt lat="49.223464" lon="14.417476">
				<ele>354.000000</ele>
			</trkpt>
			<trkpt lat="49.223599" lon="14.417529">
				<ele>355.000000</ele>
			</trkpt>
			<trkpt lat="49.224033" lon="14.417925">
				<ele>359.000000</ele>
			</trkpt>
			<trkpt lat="49.223652" lon="14.419388">
				<ele>361.000000</ele>
			</trkpt>
			<trkpt lat="49.223628" lon="14.419523">
				<ele>362.000000</ele>
			</trkpt>
			<trkpt lat="49.223476" lon="14.419910">
				<ele>362.000000</ele>
			</trkpt>
			<trkpt lat="49.223412" lon="14.420063">
				<ele>362.000000</ele>
			</trkpt>
			<trkpt lat="49.223182" lon="14.420556">
				<ele>361.000000</ele>
			</trkpt>
			<trkpt lat="49.223165" lon="14.420763">
				<ele>362.000000</ele>
			</trkpt>
			<trkpt lat="49.223177" lon="14.420763">
				<ele>362.000000</ele>
			</trkpt>
		</trkseg>
	</trk>
</gpx>

